<?xml version="1.0" encoding="UTF-8" standalone="no"?><gpx xmlns="http://www.topografix.com/GPX/1/1" xmlns:gpxtpx="http://www.garmin.com/xmlschemas/TrackPointExtension/v1" xmlns:xsi="http://www.w3.org/2001/XMLSchema-instance" creator="Sports Tracker" version="1.1" xsi:schemaLocation="http://www.topografix.com/GPX/1/1 http://www.topografix.com/GPX/1/1/gpx.xsd http://www.garmin.com/xmlschemas/TrackPointExtension/v1 http://www.garmin.com/xmlschemas/TrackPointExtensionv1.xsd"><metadata><name/><desc/><author><name>Александр</name></author></metadata><trk><name/><trkseg><trkpt lat="58.053805" lon="38.83956"><ele>106.0</ele><time>2024-12-04T09:54:36Z</time><extensions><gpxtpx:TrackPointExtension><gpxtpx:hr>126</gpxtpx:hr></gpxtpx:TrackPointExtension></extensions></trkpt><trkpt lat="58.053805" lon="38.83956"><ele>106.0</ele><time>2024-12-04T09:54:38Z</time><extensions><gpxtpx:TrackPointExtension><gpxtpx:hr>126</gpxtpx:hr></gpxtpx:TrackPointExtension></extensions></trkpt><trkpt lat="58.053955" lon="38.839367"><ele>106.0</ele><time>2024-12-04T09:54:38Z</time><extensions><gpxtpx:TrackPointExtension><gpxtpx:hr>126</gpxtpx:hr></gpxtpx:TrackPointExtension></extensions></trkpt><trkpt lat="58.053955" lon="38.83936"><ele>106.0</ele><time>2024-12-04T09:54:40Z</time><extensions><gpxtpx:TrackPointExtension><gpxtpx:hr>128</gpxtpx:hr></gpxtpx:TrackPointExtension></extensions></trkpt><trkpt lat="58.053962" lon="38.83934"><ele>106.0</ele><time>2024-12-04T09:54:41Z</time><extensions><gpxtpx:TrackPointExtension><gpxtpx:hr>128</gpxtpx:hr></gpxtpx:TrackPointExtension></extensions></trkpt><trkpt lat="58.053973" lon="38.839305"><ele>106.0</ele><time>2024-12-04T09:54:42Z</time><extensions><gpxtpx:TrackPointExtension><gpxtpx:hr>128</gpxtpx:hr></gpxtpx:TrackPointExtension></extensions></trkpt><trkpt lat="58.053985" lon="38.839263"><ele>106.0</ele><time>2024-12-04T09:54:43Z</time><extensions><gpxtpx:TrackPointExtension><gpxtpx:hr>128</gpxtpx:hr></gpxtpx:TrackPointExtension></extensions></trkpt><trkpt lat="58.053997" lon="38.839213"><ele>106.0</ele><time>2024-12-04T09:54:44Z</time><extensions><gpxtpx:TrackPointExtension><gpxtpx:hr>130</gpxtpx:hr></gpxtpx:TrackPointExtension></extensions></trkpt><trkpt lat="58.054012" lon="38.83917"><ele>106.0</ele><time>2024-12-04T09:54:45Z</time><extensions><gpxtpx:TrackPointExtension><gpxtpx:hr>130</gpxtpx:hr></gpxtpx:TrackPointExtension></extensions></trkpt><trkpt lat="58.054027" lon="38.839122"><ele>106.0</ele><time>2024-12-04T09:54:46Z</time><extensions><gpxtpx:TrackPointExtension><gpxtpx:hr>130</gpxtpx:hr></gpxtpx:TrackPointExtension></extensions></trkpt><trkpt lat="58.05404" lon="38.839077"><ele>106.0</ele><time>2024-12-04T09:54:46Z</time><extensions><gpxtpx:TrackPointExtension><gpxtpx:hr>130</gpxtpx:hr></gpxtpx:TrackPointExtension></extensions></trkpt><trkpt lat="58.054053" lon="38.83903"><ele>106.0</ele><time>2024-12-04T09:54:48Z</time><extensions><gpxtpx:TrackPointExtension><gpxtpx:hr>129</gpxtpx:hr></gpxtpx:TrackPointExtension></extensions></trkpt><trkpt lat="58.05407" lon="38.83898"><ele>106.0</ele><time>2024-12-04T09:54:48Z</time><extensions><gpxtpx:TrackPointExtension><gpxtpx:hr>129</gpxtpx:hr></gpxtpx:TrackPointExtension></extensions></trkpt><trkpt lat="58.05408" lon="38.838932"><ele>106.0</ele><time>2024-12-04T09:54:49Z</time><extensions><gpxtpx:TrackPointExtension><gpxtpx:hr>131</gpxtpx:hr></gpxtpx:TrackPointExtension></extensions></trkpt><trkpt lat="58.054095" lon="38.838885"><ele>106.0</ele><time>2024-12-04T09:54:51Z</time><extensions><gpxtpx:TrackPointExtension><gpxtpx:hr>131</gpxtpx:hr></gpxtpx:TrackPointExtension></extensions></trkpt><trkpt lat="58.054107" lon="38.838843"><ele>106.0</ele><time>2024-12-04T09:54:52Z</time><extensions><gpxtpx:TrackPointExtension><gpxtpx:hr>131</gpxtpx:hr></gpxtpx:TrackPointExtension></extensions></trkpt><trkpt lat="58.054122" lon="38.8388"><ele>106.0</ele><time>2024-12-04T09:54:52Z</time><extensions><gpxtpx:TrackPointExtension><gpxtpx:hr>131</gpxtpx:hr></gpxtpx:TrackPointExtension></extensions></trkpt><trkpt lat="58.054133" lon="38.838757"><ele>106.0</ele><time>2024-12-04T09:54:53Z</time><extensions><gpxtpx:TrackPointExtension><gpxtpx:hr>132</gpxtpx:hr></gpxtpx:TrackPointExtension></extensions></trkpt><trkpt lat="58.054152" lon="38.83871"><ele>106.0</ele><time>2024-12-04T09:54:54Z</time><extensions><gpxtpx:TrackPointExtension><gpxtpx:hr>132</gpxtpx:hr></gpxtpx:TrackPointExtension></extensions></trkpt><trkpt lat="58.05417" lon="38.838658"><ele>106.0</ele><time>2024-12-04T09:54:56Z</time><extensions><gpxtpx:TrackPointExtension><gpxtpx:hr>131</gpxtpx:hr></gpxtpx:TrackPointExtension></extensions></trkpt><trkpt lat="58.054187" lon="38.83861"><ele>106.0</ele><time>2024-12-04T09:54:57Z</time><extensions><gpxtpx:TrackPointExtension><gpxtpx:hr>131</gpxtpx:hr></gpxtpx:TrackPointExtension></extensions></trkpt><trkpt lat="58.054207" lon="38.838565"><ele>106.0</ele><time>2024-12-04T09:54:58Z</time><extensions><gpxtpx:TrackPointExtension><gpxtpx:hr>132</gpxtpx:hr></gpxtpx:TrackPointExtension></extensions></trkpt><trkpt lat="58.054225" lon="38.83852"><ele>106.0</ele><time>2024-12-04T09:54:59Z</time><extensions><gpxtpx:TrackPointExtension><gpxtpx:hr>132</gpxtpx:hr></gpxtpx:TrackPointExtension></extensions></trkpt><trkpt lat="58.05425" lon="38.838467"><ele>106.0</ele><time>2024-12-04T09:55:00Z</time><extensions><gpxtpx:TrackPointExtension><gpxtpx:hr>132</gpxtpx:hr></gpxtpx:TrackPointExtension></extensions></trkpt><trkpt lat="58.054263" lon="38.838412"><ele>106.0</ele><time>2024-12-04T09:55:01Z</time><extensions><gpxtpx:TrackPointExtension><gpxtpx:hr>132</gpxtpx:hr></gpxtpx:TrackPointExtension></extensions></trkpt><trkpt lat="58.054282" lon="38.83836"><ele>106.0</ele><time>2024-12-04T09:55:02Z</time><extensions><gpxtpx:TrackPointExtension><gpxtpx:hr>132</gpxtpx:hr></gpxtpx:TrackPointExtension></extensions></trkpt><trkpt lat="58.054302" lon="38.838305"><ele>106.0</ele><time>2024-12-04T09:55:02Z</time><extensions><gpxtpx:TrackPointExtension><gpxtpx:hr>132</gpxtpx:hr></gpxtpx:TrackPointExtension></extensions></trkpt><trkpt lat="58.05432" lon="38.83825"><ele>106.0</ele><time>2024-12-04T09:55:04Z</time><extensions><gpxtpx:TrackPointExtension><gpxtpx:hr>133</gpxtpx:hr></gpxtpx:TrackPointExtension></extensions></trkpt><trkpt lat="58.05434" lon="38.838195"><ele>106.0</ele><time>2024-12-04T09:55:05Z</time><extensions><gpxtpx:TrackPointExtension><gpxtpx:hr>132</gpxtpx:hr></gpxtpx:TrackPointExtension></extensions></trkpt><trkpt lat="58.05436" lon="38.83814"><ele>106.0</ele><time>2024-12-04T09:55:05Z</time><extensions><gpxtpx:TrackPointExtension><gpxtpx:hr>132</gpxtpx:hr></gpxtpx:TrackPointExtension></extensions></trkpt><trkpt lat="58.054375" lon="38.83808"><ele>106.0</ele><time>2024-12-04T09:55:06Z</time><extensions><gpxtpx:TrackPointExtension><gpxtpx:hr>132</gpxtpx:hr></gpxtpx:TrackPointExtension></extensions></trkpt><trkpt lat="58.054393" lon="38.838023"><ele>106.0</ele><time>2024-12-04T09:55:08Z</time><extensions><gpxtpx:TrackPointExtension><gpxtpx:hr>131</gpxtpx:hr></gpxtpx:TrackPointExtension></extensions></trkpt><trkpt lat="58.054412" lon="38.837967"><ele>106.0</ele><time>2024-12-04T09:55:09Z</time><extensions><gpxtpx:TrackPointExtension><gpxtpx:hr>131</gpxtpx:hr></gpxtpx:TrackPointExtension></extensions></trkpt><trkpt lat="58.054432" lon="38.837913"><ele>106.0</ele><time>2024-12-04T09:55:10Z</time><extensions><gpxtpx:TrackPointExtension><gpxtpx:hr>131</gpxtpx:hr></gpxtpx:TrackPointExtension></extensions></trkpt><trkpt lat="58.054447" lon="38.83786"><ele>106.0</ele><time>2024-12-04T09:55:11Z</time><extensions><gpxtpx:TrackPointExtension><gpxtpx:hr>131</gpxtpx:hr></gpxtpx:TrackPointExtension></extensions></trkpt><trkpt lat="58.054465" lon="38.837807"><ele>106.0</ele><time>2024-12-04T09:55:12Z</time><extensions><gpxtpx:TrackPointExtension><gpxtpx:hr>131</gpxtpx:hr></gpxtpx:TrackPointExtension></extensions></trkpt><trkpt lat="58.05448" lon="38.837752"><ele>106.0</ele><time>2024-12-04T09:55:13Z</time><extensions><gpxtpx:TrackPointExtension><gpxtpx:hr>131</gpxtpx:hr></gpxtpx:TrackPointExtension></extensions></trkpt><trkpt lat="58.054497" lon="38.8377"><ele>106.0</ele><time>2024-12-04T09:55:13Z</time><extensions><gpxtpx:TrackPointExtension><gpxtpx:hr>131</gpxtpx:hr></gpxtpx:TrackPointExtension></extensions></trkpt><trkpt lat="58.054512" lon="38.83765"><ele>106.0</ele><time>2024-12-04T09:55:14Z</time><extensions><gpxtpx:TrackPointExtension><gpxtpx:hr>132</gpxtpx:hr></gpxtpx:TrackPointExtension></extensions></trkpt><trkpt lat="58.054527" lon="38.837597"><ele>106.0</ele><time>2024-12-04T09:55:16Z</time><extensions><gpxtpx:TrackPointExtension><gpxtpx:hr>130</gpxtpx:hr></gpxtpx:TrackPointExtension></extensions></trkpt><trkpt lat="58.054542" lon="38.837547"><ele>106.0</ele><time>2024-12-04T09:55:17Z</time><extensions><gpxtpx:TrackPointExtension><gpxtpx:hr>130</gpxtpx:hr></gpxtpx:TrackPointExtension></extensions></trkpt><trkpt lat="58.054557" lon="38.837497"><ele>106.0</ele><time>2024-12-04T09:55:18Z</time><extensions><gpxtpx:TrackPointExtension><gpxtpx:hr>130</gpxtpx:hr></gpxtpx:TrackPointExtension></extensions></trkpt><trkpt lat="58.054572" lon="38.83744"><ele>106.0</ele><time>2024-12-04T09:55:19Z</time><extensions><gpxtpx:TrackPointExtension><gpxtpx:hr>130</gpxtpx:hr></gpxtpx:TrackPointExtension></extensions></trkpt><trkpt lat="58.05459" lon="38.83739"><ele>106.0</ele><time>2024-12-04T09:55:20Z</time><extensions><gpxtpx:TrackPointExtension><gpxtpx:hr>130</gpxtpx:hr></gpxtpx:TrackPointExtension></extensions></trkpt><trkpt lat="58.054607" lon="38.837337"><ele>106.0</ele><time>2024-12-04T09:55:20Z</time><extensions><gpxtpx:TrackPointExtension><gpxtpx:hr>130</gpxtpx:hr></gpxtpx:TrackPointExtension></extensions></trkpt><trkpt lat="58.05462" lon="38.83728"><ele>106.0</ele><time>2024-12-04T09:55:21Z</time><extensions><gpxtpx:TrackPointExtension><gpxtpx:hr>130</gpxtpx:hr></gpxtpx:TrackPointExtension></extensions></trkpt><trkpt lat="58.054633" lon="38.837222"><ele>106.0</ele><time>2024-12-04T09:55:22Z</time><extensions><gpxtpx:TrackPointExtension><gpxtpx:hr>129</gpxtpx:hr></gpxtpx:TrackPointExtension></extensions></trkpt><trkpt lat="58.054645" lon="38.837165"><ele>106.0</ele><time>2024-12-04T09:55:23Z</time><extensions><gpxtpx:TrackPointExtension><gpxtpx:hr>129</gpxtpx:hr></gpxtpx:TrackPointExtension></extensions></trkpt><trkpt lat="58.05466" lon="38.83711"><ele>106.0</ele><time>2024-12-04T09:55:25Z</time><extensions><gpxtpx:TrackPointExtension><gpxtpx:hr>164</gpxtpx:hr></gpxtpx:TrackPointExtension></extensions></trkpt><trkpt lat="58.054678" lon="38.83705"><ele>106.0</ele><time>2024-12-04T09:55:26Z</time><extensions><gpxtpx:TrackPointExtension><gpxtpx:hr>164</gpxtpx:hr></gpxtpx:TrackPointExtension></extensions></trkpt><trkpt lat="58.054695" lon="38.83699"><ele>106.0</ele><time>2024-12-04T09:55:27Z</time><extensions><gpxtpx:TrackPointExtension><gpxtpx:hr>164</gpxtpx:hr></gpxtpx:TrackPointExtension></extensions></trkpt><trkpt lat="58.054713" lon="38.836932"><ele>106.0</ele><time>2024-12-04T09:55:28Z</time><extensions><gpxtpx:TrackPointExtension><gpxtpx:hr>164</gpxtpx:hr></gpxtpx:TrackPointExtension></extensions></trkpt><trkpt lat="58.054732" lon="38.836875"><ele>106.0</ele><time>2024-12-04T09:55:29Z</time><extensions><gpxtpx:TrackPointExtension><gpxtpx:hr>164</gpxtpx:hr></gpxtpx:TrackPointExtension></extensions></trkpt><trkpt lat="58.054748" lon="38.836822"><ele>106.0</ele><time>2024-12-04T09:55:30Z</time><extensions><gpxtpx:TrackPointExtension><gpxtpx:hr>164</gpxtpx:hr></gpxtpx:TrackPointExtension></extensions></trkpt><trkpt lat="58.054767" lon="38.83677"><ele>106.0</ele><time>2024-12-04T09:55:31Z</time><extensions><gpxtpx:TrackPointExtension><gpxtpx:hr>164</gpxtpx:hr></gpxtpx:TrackPointExtension></extensions></trkpt><trkpt lat="58.054782" lon="38.836715"><ele>106.0</ele><time>2024-12-04T09:55:32Z</time><extensions><gpxtpx:TrackPointExtension><gpxtpx:hr>164</gpxtpx:hr></gpxtpx:TrackPointExtension></extensions></trkpt><trkpt lat="58.054802" lon="38.836665"><ele>106.0</ele><time>2024-12-04T09:55:33Z</time><extensions><gpxtpx:TrackPointExtension><gpxtpx:hr>164</gpxtpx:hr></gpxtpx:TrackPointExtension></extensions></trkpt><trkpt lat="58.054817" lon="38.83661"><ele>106.0</ele><time>2024-12-04T09:55:33Z</time><extensions><gpxtpx:TrackPointExtension><gpxtpx:hr>164</gpxtpx:hr></gpxtpx:TrackPointExtension></extensions></trkpt><trkpt lat="58.054835" lon="38.836555"><ele>106.0</ele><time>2024-12-04T09:55:34Z</time><extensions><gpxtpx:TrackPointExtension><gpxtpx:hr>164</gpxtpx:hr></gpxtpx:TrackPointExtension></extensions></trkpt><trkpt lat="58.05486" lon="38.836493"><ele>106.0</ele><time>2024-12-04T09:55:35Z</time><extensions><gpxtpx:TrackPointExtension><gpxtpx:hr>164</gpxtpx:hr></gpxtpx:TrackPointExtension></extensions></trkpt><trkpt lat="58.05488" lon="38.836437"><ele>106.0</ele><time>2024-12-04T09:55:37Z</time><extensions><gpxtpx:TrackPointExtension><gpxtpx:hr>164</gpxtpx:hr></gpxtpx:TrackPointExtension></extensions></trkpt><trkpt lat="58.054897" lon="38.836383"><ele>106.0</ele><time>2024-12-04T09:55:38Z</time><extensions><gpxtpx:TrackPointExtension><gpxtpx:hr>164</gpxtpx:hr></gpxtpx:TrackPointExtension></extensions></trkpt><trkpt lat="58.054915" lon="38.83633"><ele>106.0</ele><time>2024-12-04T09:55:39Z</time><extensions><gpxtpx:TrackPointExtension><gpxtpx:hr>164</gpxtpx:hr></gpxtpx:TrackPointExtension></extensions></trkpt><trkpt lat="58.054935" lon="38.836285"><ele>106.0</ele><time>2024-12-04T09:55:40Z</time><extensions><gpxtpx:TrackPointExtension><gpxtpx:hr>164</gpxtpx:hr></gpxtpx:TrackPointExtension></extensions></trkpt><trkpt lat="58.05495" lon="38.836238"><ele>106.0</ele><time>2024-12-04T09:55:41Z</time><extensions><gpxtpx:TrackPointExtension><gpxtpx:hr>164</gpxtpx:hr></gpxtpx:TrackPointExtension></extensions></trkpt><trkpt lat="58.054965" lon="38.83619"><ele>106.0</ele><time>2024-12-04T09:55:42Z</time><extensions><gpxtpx:TrackPointExtension><gpxtpx:hr>164</gpxtpx:hr></gpxtpx:TrackPointExtension></extensions></trkpt><trkpt lat="58.05498" lon="38.83614"><ele>106.0</ele><time>2024-12-04T09:55:43Z</time><extensions><gpxtpx:TrackPointExtension><gpxtpx:hr>164</gpxtpx:hr></gpxtpx:TrackPointExtension></extensions></trkpt><trkpt lat="58.054995" lon="38.836085"><ele>106.0</ele><time>2024-12-04T09:55:44Z</time><extensions><gpxtpx:TrackPointExtension><gpxtpx:hr>164</gpxtpx:hr></gpxtpx:TrackPointExtension></extensions></trkpt><trkpt lat="58.055007" lon="38.83604"><ele>106.0</ele><time>2024-12-04T09:55:45Z</time><extensions><gpxtpx:TrackPointExtension><gpxtpx:hr>164</gpxtpx:hr></gpxtpx:TrackPointExtension></extensions></trkpt><trkpt lat="58.055022" lon="38.83599"><ele>106.0</ele><time>2024-12-04T09:55:45Z</time><extensions><gpxtpx:TrackPointExtension><gpxtpx:hr>164</gpxtpx:hr></gpxtpx:TrackPointExtension></extensions></trkpt><trkpt lat="58.05504" lon="38.83595"><ele>106.0</ele><time>2024-12-04T09:55:46Z</time><extensions><gpxtpx:TrackPointExtension><gpxtpx:hr>164</gpxtpx:hr></gpxtpx:TrackPointExtension></extensions></trkpt><trkpt lat="58.055053" lon="38.8359"><ele>106.0</ele><time>2024-12-04T09:55:48Z</time><extensions><gpxtpx:TrackPointExtension><gpxtpx:hr>164</gpxtpx:hr></gpxtpx:TrackPointExtension></extensions></trkpt><trkpt lat="58.055065" lon="38.83585"><ele>106.0</ele><time>2024-12-04T09:55:49Z</time><extensions><gpxtpx:TrackPointExtension><gpxtpx:hr>164</gpxtpx:hr></gpxtpx:TrackPointExtension></extensions></trkpt><trkpt lat="58.05508" lon="38.8358"><ele>106.0</ele><time>2024-12-04T09:55:50Z</time><extensions><gpxtpx:TrackPointExtension><gpxtpx:hr>164</gpxtpx:hr></gpxtpx:TrackPointExtension></extensions></trkpt><trkpt lat="58.05509" lon="38.835742"><ele>106.0</ele><time>2024-12-04T09:55:51Z</time><extensions><gpxtpx:TrackPointExtension><gpxtpx:hr>164</gpxtpx:hr></gpxtpx:TrackPointExtension></extensions></trkpt><trkpt lat="58.055107" lon="38.835685"><ele>106.0</ele><time>2024-12-04T09:55:52Z</time><extensions><gpxtpx:TrackPointExtension><gpxtpx:hr>164</gpxtpx:hr></gpxtpx:TrackPointExtension></extensions></trkpt><trkpt lat="58.055122" lon="38.835632"><ele>106.0</ele><time>2024-12-04T09:55:53Z</time><extensions><gpxtpx:TrackPointExtension><gpxtpx:hr>164</gpxtpx:hr></gpxtpx:TrackPointExtension></extensions></trkpt><trkpt lat="58.055137" lon="38.83558"><ele>106.0</ele><time>2024-12-04T09:55:54Z</time><extensions><gpxtpx:TrackPointExtension><gpxtpx:hr>164</gpxtpx:hr></gpxtpx:TrackPointExtension></extensions></trkpt><trkpt lat="58.055152" lon="38.835525"><ele>106.0</ele><time>2024-12-04T09:55:55Z</time><extensions><gpxtpx:TrackPointExtension><gpxtpx:hr>164</gpxtpx:hr></gpxtpx:TrackPointExtension></extensions></trkpt><trkpt lat="58.05517" lon="38.835475"><ele>106.0</ele><time>2024-12-04T09:55:55Z</time><extensions><gpxtpx:TrackPointExtension><gpxtpx:hr>164</gpxtpx:hr></gpxtpx:TrackPointExtension></extensions></trkpt><trkpt lat="58.055187" lon="38.835422"><ele>106.0</ele><time>2024-12-04T09:55:56Z</time><extensions><gpxtpx:TrackPointExtension><gpxtpx:hr>164</gpxtpx:hr></gpxtpx:TrackPointExtension></extensions></trkpt><trkpt lat="58.055202" lon="38.835365"><ele>106.0</ele><time>2024-12-04T09:55:57Z</time><extensions><gpxtpx:TrackPointExtension><gpxtpx:hr>164</gpxtpx:hr></gpxtpx:TrackPointExtension></extensions></trkpt><trkpt lat="58.05522" lon="38.835307"><ele>106.0</ele><time>2024-12-04T09:55:59Z</time><extensions><gpxtpx:TrackPointExtension><gpxtpx:hr>164</gpxtpx:hr></gpxtpx:TrackPointExtension></extensions></trkpt><trkpt lat="58.055237" lon="38.83525"><ele>106.0</ele><time>2024-12-04T09:56:00Z</time><extensions><gpxtpx:TrackPointExtension><gpxtpx:hr>164</gpxtpx:hr></gpxtpx:TrackPointExtension></extensions></trkpt><trkpt lat="58.055255" lon="38.835197"><ele>106.0</ele><time>2024-12-04T09:56:01Z</time><extensions><gpxtpx:TrackPointExtension><gpxtpx:hr>164</gpxtpx:hr></gpxtpx:TrackPointExtension></extensions></trkpt><trkpt lat="58.05527" lon="38.835143"><ele>106.0</ele><time>2024-12-04T09:56:02Z</time><extensions><gpxtpx:TrackPointExtension><gpxtpx:hr>164</gpxtpx:hr></gpxtpx:TrackPointExtension></extensions></trkpt><trkpt lat="58.055282" lon="38.835098"><ele>106.0</ele><time>2024-12-04T09:56:03Z</time><extensions><gpxtpx:TrackPointExtension><gpxtpx:hr>164</gpxtpx:hr></gpxtpx:TrackPointExtension></extensions></trkpt><trkpt lat="58.055297" lon="38.835052"><ele>106.0</ele><time>2024-12-04T09:56:04Z</time><extensions><gpxtpx:TrackPointExtension><gpxtpx:hr>164</gpxtpx:hr></gpxtpx:TrackPointExtension></extensions></trkpt><trkpt lat="58.055312" lon="38.835002"><ele>106.0</ele><time>2024-12-04T09:56:04Z</time><extensions><gpxtpx:TrackPointExtension><gpxtpx:hr>164</gpxtpx:hr></gpxtpx:TrackPointExtension></extensions></trkpt><trkpt lat="58.05533" lon="38.834952"><ele>106.0</ele><time>2024-12-04T09:56:05Z</time><extensions><gpxtpx:TrackPointExtension><gpxtpx:hr>164</gpxtpx:hr></gpxtpx:TrackPointExtension></extensions></trkpt><trkpt lat="58.055343" lon="38.8349"><ele>106.0</ele><time>2024-12-04T09:56:06Z</time><extensions><gpxtpx:TrackPointExtension><gpxtpx:hr>164</gpxtpx:hr></gpxtpx:TrackPointExtension></extensions></trkpt><trkpt lat="58.05536" lon="38.834845"><ele>106.0</ele><time>2024-12-04T09:56:08Z</time><extensions><gpxtpx:TrackPointExtension><gpxtpx:hr>164</gpxtpx:hr></gpxtpx:TrackPointExtension></extensions></trkpt><trkpt lat="58.055373" lon="38.834792"><ele>106.0</ele><time>2024-12-04T09:56:09Z</time><extensions><gpxtpx:TrackPointExtension><gpxtpx:hr>164</gpxtpx:hr></gpxtpx:TrackPointExtension></extensions></trkpt><trkpt lat="58.05539" lon="38.834735"><ele>106.0</ele><time>2024-12-04T09:56:10Z</time><extensions><gpxtpx:TrackPointExtension><gpxtpx:hr>164</gpxtpx:hr></gpxtpx:TrackPointExtension></extensions></trkpt><trkpt lat="58.055405" lon="38.834685"><ele>106.0</ele><time>2024-12-04T09:56:11Z</time><extensions><gpxtpx:TrackPointExtension><gpxtpx:hr>164</gpxtpx:hr></gpxtpx:TrackPointExtension></extensions></trkpt><trkpt lat="58.05542" lon="38.83464"><ele>106.0</ele><time>2024-12-04T09:56:12Z</time><extensions><gpxtpx:TrackPointExtension><gpxtpx:hr>164</gpxtpx:hr></gpxtpx:TrackPointExtension></extensions></trkpt><trkpt lat="58.055442" lon="38.8346"><ele>106.0</ele><time>2024-12-04T09:56:13Z</time><extensions><gpxtpx:TrackPointExtension><gpxtpx:hr>164</gpxtpx:hr></gpxtpx:TrackPointExtension></extensions></trkpt><trkpt lat="58.055465" lon="38.834575"><ele>106.0</ele><time>2024-12-04T09:56:14Z</time><extensions><gpxtpx:TrackPointExtension><gpxtpx:hr>164</gpxtpx:hr></gpxtpx:TrackPointExtension></extensions></trkpt><trkpt lat="58.055492" lon="38.834563"><ele>106.0</ele><time>2024-12-04T09:56:15Z</time><extensions><gpxtpx:TrackPointExtension><gpxtpx:hr>164</gpxtpx:hr></gpxtpx:TrackPointExtension></extensions></trkpt><trkpt lat="58.05552" lon="38.834563"><ele>106.0</ele><time>2024-12-04T09:56:15Z</time><extensions><gpxtpx:TrackPointExtension><gpxtpx:hr>164</gpxtpx:hr></gpxtpx:TrackPointExtension></extensions></trkpt><trkpt lat="58.055545" lon="38.834567"><ele>106.0</ele><time>2024-12-04T09:56:16Z</time><extensions><gpxtpx:TrackPointExtension><gpxtpx:hr>164</gpxtpx:hr></gpxtpx:TrackPointExtension></extensions></trkpt><trkpt lat="58.055575" lon="38.834582"><ele>106.0</ele><time>2024-12-04T09:56:17Z</time><extensions><gpxtpx:TrackPointExtension><gpxtpx:hr>164</gpxtpx:hr></gpxtpx:TrackPointExtension></extensions></trkpt><trkpt lat="58.05561" lon="38.8346"><ele>106.0</ele><time>2024-12-04T09:56:18Z</time><extensions><gpxtpx:TrackPointExtension><gpxtpx:hr>164</gpxtpx:hr></gpxtpx:TrackPointExtension></extensions></trkpt><trkpt lat="58.05564" lon="38.834613"><ele>106.0</ele><time>2024-12-04T09:56:20Z</time><extensions><gpxtpx:TrackPointExtension><gpxtpx:hr>164</gpxtpx:hr></gpxtpx:TrackPointExtension></extensions></trkpt><trkpt lat="58.055675" lon="38.834632"><ele>106.0</ele><time>2024-12-04T09:56:21Z</time><extensions><gpxtpx:TrackPointExtension><gpxtpx:hr>164</gpxtpx:hr></gpxtpx:TrackPointExtension></extensions></trkpt><trkpt lat="58.055705" lon="38.834652"><ele>106.0</ele><time>2024-12-04T09:56:22Z</time><extensions><gpxtpx:TrackPointExtension><gpxtpx:hr>164</gpxtpx:hr></gpxtpx:TrackPointExtension></extensions></trkpt><trkpt lat="58.05574" lon="38.83467"><ele>106.0</ele><time>2024-12-04T09:56:23Z</time><extensions><gpxtpx:TrackPointExtension><gpxtpx:hr>164</gpxtpx:hr></gpxtpx:TrackPointExtension></extensions></trkpt><trkpt lat="58.05577" lon="38.834693"><ele>106.0</ele><time>2024-12-04T09:56:24Z</time><extensions><gpxtpx:TrackPointExtension><gpxtpx:hr>164</gpxtpx:hr></gpxtpx:TrackPointExtension></extensions></trkpt><trkpt lat="58.0558" lon="38.834717"><ele>106.0</ele><time>2024-12-04T09:56:25Z</time><extensions><gpxtpx:TrackPointExtension><gpxtpx:hr>164</gpxtpx:hr></gpxtpx:TrackPointExtension></extensions></trkpt><trkpt lat="58.055832" lon="38.834742"><ele>106.0</ele><time>2024-12-04T09:56:26Z</time><extensions><gpxtpx:TrackPointExtension><gpxtpx:hr>164</gpxtpx:hr></gpxtpx:TrackPointExtension></extensions></trkpt><trkpt lat="58.05586" lon="38.83477"><ele>106.0</ele><time>2024-12-04T09:56:27Z</time><extensions><gpxtpx:TrackPointExtension><gpxtpx:hr>164</gpxtpx:hr></gpxtpx:TrackPointExtension></extensions></trkpt><trkpt lat="58.055885" lon="38.8348"><ele>106.0</ele><time>2024-12-04T09:56:28Z</time><extensions><gpxtpx:TrackPointExtension><gpxtpx:hr>164</gpxtpx:hr></gpxtpx:TrackPointExtension></extensions></trkpt><trkpt lat="58.055903" lon="38.834842"><ele>106.0</ele><time>2024-12-04T09:56:28Z</time><extensions><gpxtpx:TrackPointExtension><gpxtpx:hr>164</gpxtpx:hr></gpxtpx:TrackPointExtension></extensions></trkpt><trkpt lat="58.055915" lon="38.83489"><ele>106.0</ele><time>2024-12-04T09:56:29Z</time><extensions><gpxtpx:TrackPointExtension><gpxtpx:hr>164</gpxtpx:hr></gpxtpx:TrackPointExtension></extensions></trkpt><trkpt lat="58.05592" lon="38.834937"><ele>106.0</ele><time>2024-12-04T09:56:31Z</time><extensions><gpxtpx:TrackPointExtension><gpxtpx:hr>164</gpxtpx:hr></gpxtpx:TrackPointExtension></extensions></trkpt><trkpt lat="58.055915" lon="38.83499"><ele>106.0</ele><time>2024-12-04T09:56:31Z</time><extensions><gpxtpx:TrackPointExtension><gpxtpx:hr>164</gpxtpx:hr></gpxtpx:TrackPointExtension></extensions></trkpt><trkpt lat="58.05591" lon="38.835045"><ele>106.0</ele><time>2024-12-04T09:56:33Z</time><extensions><gpxtpx:TrackPointExtension><gpxtpx:hr>164</gpxtpx:hr></gpxtpx:TrackPointExtension></extensions></trkpt><trkpt lat="58.055897" lon="38.835093"><ele>106.0</ele><time>2024-12-04T09:56:34Z</time><extensions><gpxtpx:TrackPointExtension><gpxtpx:hr>164</gpxtpx:hr></gpxtpx:TrackPointExtension></extensions></trkpt><trkpt lat="58.055885" lon="38.835143"><ele>106.0</ele><time>2024-12-04T09:56:35Z</time><extensions><gpxtpx:TrackPointExtension><gpxtpx:hr>164</gpxtpx:hr></gpxtpx:TrackPointExtension></extensions></trkpt><trkpt lat="58.05587" lon="38.83519"><ele>106.0</ele><time>2024-12-04T09:56:36Z</time><extensions><gpxtpx:TrackPointExtension><gpxtpx:hr>164</gpxtpx:hr></gpxtpx:TrackPointExtension></extensions></trkpt><trkpt lat="58.055855" lon="38.835235"><ele>106.0</ele><time>2024-12-04T09:56:37Z</time><extensions><gpxtpx:TrackPointExtension><gpxtpx:hr>164</gpxtpx:hr></gpxtpx:TrackPointExtension></extensions></trkpt><trkpt lat="58.05584" lon="38.83528"><ele>106.0</ele><time>2024-12-04T09:56:37Z</time><extensions><gpxtpx:TrackPointExtension><gpxtpx:hr>164</gpxtpx:hr></gpxtpx:TrackPointExtension></extensions></trkpt><trkpt lat="58.055823" lon="38.83533"><ele>106.0</ele><time>2024-12-04T09:56:38Z</time><extensions><gpxtpx:TrackPointExtension><gpxtpx:hr>164</gpxtpx:hr></gpxtpx:TrackPointExtension></extensions></trkpt><trkpt lat="58.055805" lon="38.835377"><ele>106.0</ele><time>2024-12-04T09:56:39Z</time><extensions><gpxtpx:TrackPointExtension><gpxtpx:hr>164</gpxtpx:hr></gpxtpx:TrackPointExtension></extensions></trkpt><trkpt lat="58.05579" lon="38.835425"><ele>106.0</ele><time>2024-12-04T09:56:40Z</time><extensions><gpxtpx:TrackPointExtension><gpxtpx:hr>164</gpxtpx:hr></gpxtpx:TrackPointExtension></extensions></trkpt><trkpt lat="58.055775" lon="38.835475"><ele>106.0</ele><time>2024-12-04T09:56:41Z</time><extensions><gpxtpx:TrackPointExtension><gpxtpx:hr>164</gpxtpx:hr></gpxtpx:TrackPointExtension></extensions></trkpt><trkpt lat="58.05576" lon="38.835525"><ele>106.0</ele><time>2024-12-04T09:56:43Z</time><extensions><gpxtpx:TrackPointExtension><gpxtpx:hr>164</gpxtpx:hr></gpxtpx:TrackPointExtension></extensions></trkpt><trkpt lat="58.055743" lon="38.835575"><ele>106.0</ele><time>2024-12-04T09:56:44Z</time><extensions><gpxtpx:TrackPointExtension><gpxtpx:hr>164</gpxtpx:hr></gpxtpx:TrackPointExtension></extensions></trkpt><trkpt lat="58.05573" lon="38.83563"><ele>106.0</ele><time>2024-12-04T09:56:45Z</time><extensions><gpxtpx:TrackPointExtension><gpxtpx:hr>164</gpxtpx:hr></gpxtpx:TrackPointExtension></extensions></trkpt><trkpt lat="58.055713" lon="38.83568"><ele>106.0</ele><time>2024-12-04T09:56:46Z</time><extensions><gpxtpx:TrackPointExtension><gpxtpx:hr>164</gpxtpx:hr></gpxtpx:TrackPointExtension></extensions></trkpt><trkpt lat="58.0557" lon="38.835727"><ele>106.0</ele><time>2024-12-04T09:56:47Z</time><extensions><gpxtpx:TrackPointExtension><gpxtpx:hr>164</gpxtpx:hr></gpxtpx:TrackPointExtension></extensions></trkpt><trkpt lat="58.055682" lon="38.83578"><ele>106.0</ele><time>2024-12-04T09:56:48Z</time><extensions><gpxtpx:TrackPointExtension><gpxtpx:hr>164</gpxtpx:hr></gpxtpx:TrackPointExtension></extensions></trkpt><trkpt lat="58.055663" lon="38.835835"><ele>106.0</ele><time>2024-12-04T09:56:49Z</time><extensions><gpxtpx:TrackPointExtension><gpxtpx:hr>164</gpxtpx:hr></gpxtpx:TrackPointExtension></extensions></trkpt><trkpt lat="58.05565" lon="38.835883"><ele>106.0</ele><time>2024-12-04T09:56:49Z</time><extensions><gpxtpx:TrackPointExtension><gpxtpx:hr>164</gpxtpx:hr></gpxtpx:TrackPointExtension></extensions></trkpt><trkpt lat="58.055633" lon="38.835937"><ele>106.0</ele><time>2024-12-04T09:56:50Z</time><extensions><gpxtpx:TrackPointExtension><gpxtpx:hr>164</gpxtpx:hr></gpxtpx:TrackPointExtension></extensions></trkpt><trkpt lat="58.055613" lon="38.83599"><ele>106.0</ele><time>2024-12-04T09:56:52Z</time><extensions><gpxtpx:TrackPointExtension><gpxtpx:hr>165</gpxtpx:hr></gpxtpx:TrackPointExtension></extensions></trkpt><trkpt lat="58.055593" lon="38.836043"><ele>106.0</ele><time>2024-12-04T09:56:53Z</time><extensions><gpxtpx:TrackPointExtension><gpxtpx:hr>167</gpxtpx:hr></gpxtpx:TrackPointExtension></extensions></trkpt><trkpt lat="58.05558" lon="38.836093"><ele>106.0</ele><time>2024-12-04T09:56:54Z</time><extensions><gpxtpx:TrackPointExtension><gpxtpx:hr>167</gpxtpx:hr></gpxtpx:TrackPointExtension></extensions></trkpt><trkpt lat="58.05556" lon="38.836142"><ele>106.0</ele><time>2024-12-04T09:56:55Z</time><extensions><gpxtpx:TrackPointExtension><gpxtpx:hr>168</gpxtpx:hr></gpxtpx:TrackPointExtension></extensions></trkpt><trkpt lat="58.055545" lon="38.836192"><ele>106.0</ele><time>2024-12-04T09:56:56Z</time><extensions><gpxtpx:TrackPointExtension><gpxtpx:hr>168</gpxtpx:hr></gpxtpx:TrackPointExtension></extensions></trkpt><trkpt lat="58.05553" lon="38.836242"><ele>106.0</ele><time>2024-12-04T09:56:57Z</time><extensions><gpxtpx:TrackPointExtension><gpxtpx:hr>169</gpxtpx:hr></gpxtpx:TrackPointExtension></extensions></trkpt><trkpt lat="58.055515" lon="38.836292"><ele>106.0</ele><time>2024-12-04T09:56:58Z</time><extensions><gpxtpx:TrackPointExtension><gpxtpx:hr>170</gpxtpx:hr></gpxtpx:TrackPointExtension></extensions></trkpt><trkpt lat="58.0555" lon="38.83634"><ele>106.0</ele><time>2024-12-04T09:56:58Z</time><extensions><gpxtpx:TrackPointExtension><gpxtpx:hr>170</gpxtpx:hr></gpxtpx:TrackPointExtension></extensions></trkpt><trkpt lat="58.05549" lon="38.836387"><ele>106.0</ele><time>2024-12-04T09:56:59Z</time><extensions><gpxtpx:TrackPointExtension><gpxtpx:hr>171</gpxtpx:hr></gpxtpx:TrackPointExtension></extensions></trkpt><trkpt lat="58.055477" lon="38.836437"><ele>106.0</ele><time>2024-12-04T09:57:00Z</time><extensions><gpxtpx:TrackPointExtension><gpxtpx:hr>171</gpxtpx:hr></gpxtpx:TrackPointExtension></extensions></trkpt><trkpt lat="58.055465" lon="38.836487"><ele>106.0</ele><time>2024-12-04T09:57:01Z</time><extensions><gpxtpx:TrackPointExtension><gpxtpx:hr>172</gpxtpx:hr></gpxtpx:TrackPointExtension></extensions></trkpt><trkpt lat="58.055453" lon="38.836532"><ele>106.0</ele><time>2024-12-04T09:57:02Z</time><extensions><gpxtpx:TrackPointExtension><gpxtpx:hr>172</gpxtpx:hr></gpxtpx:TrackPointExtension></extensions></trkpt><trkpt lat="58.055442" lon="38.836585"><ele>106.0</ele><time>2024-12-04T09:57:04Z</time><extensions><gpxtpx:TrackPointExtension><gpxtpx:hr>172</gpxtpx:hr></gpxtpx:TrackPointExtension></extensions></trkpt><trkpt lat="58.055427" lon="38.83664"><ele>106.0</ele><time>2024-12-04T09:57:05Z</time><extensions><gpxtpx:TrackPointExtension><gpxtpx:hr>172</gpxtpx:hr></gpxtpx:TrackPointExtension></extensions></trkpt><trkpt lat="58.055415" lon="38.836688"><ele>106.0</ele><time>2024-12-04T09:57:06Z</time><extensions><gpxtpx:TrackPointExtension><gpxtpx:hr>172</gpxtpx:hr></gpxtpx:TrackPointExtension></extensions></trkpt><trkpt lat="58.0554" lon="38.83674"><ele>106.0</ele><time>2024-12-04T09:57:07Z</time><extensions><gpxtpx:TrackPointExtension><gpxtpx:hr>172</gpxtpx:hr></gpxtpx:TrackPointExtension></extensions></trkpt><trkpt lat="58.055385" lon="38.83679"><ele>106.0</ele><time>2024-12-04T09:57:08Z</time><extensions><gpxtpx:TrackPointExtension><gpxtpx:hr>172</gpxtpx:hr></gpxtpx:TrackPointExtension></extensions></trkpt><trkpt lat="58.05537" lon="38.836837"><ele>106.0</ele><time>2024-12-04T09:57:08Z</time><extensions><gpxtpx:TrackPointExtension><gpxtpx:hr>172</gpxtpx:hr></gpxtpx:TrackPointExtension></extensions></trkpt><trkpt lat="58.05536" lon="38.836887"><ele>106.0</ele><time>2024-12-04T09:57:09Z</time><extensions><gpxtpx:TrackPointExtension><gpxtpx:hr>173</gpxtpx:hr></gpxtpx:TrackPointExtension></extensions></trkpt><trkpt lat="58.05534" lon="38.83694"><ele>106.0</ele><time>2024-12-04T09:57:10Z</time><extensions><gpxtpx:TrackPointExtension><gpxtpx:hr>173</gpxtpx:hr></gpxtpx:TrackPointExtension></extensions></trkpt><trkpt lat="58.055325" lon="38.83699"><ele>106.0</ele><time>2024-12-04T09:57:11Z</time><extensions><gpxtpx:TrackPointExtension><gpxtpx:hr>174</gpxtpx:hr></gpxtpx:TrackPointExtension></extensions></trkpt><trkpt lat="58.05531" lon="38.83704"><ele>106.0</ele><time>2024-12-04T09:57:12Z</time><extensions><gpxtpx:TrackPointExtension><gpxtpx:hr>175</gpxtpx:hr></gpxtpx:TrackPointExtension></extensions></trkpt><trkpt lat="58.055293" lon="38.837085"><ele>106.0</ele><time>2024-12-04T09:57:14Z</time><extensions><gpxtpx:TrackPointExtension><gpxtpx:hr>176</gpxtpx:hr></gpxtpx:TrackPointExtension></extensions></trkpt><trkpt lat="58.05528" lon="38.837135"><ele>106.0</ele><time>2024-12-04T09:57:15Z</time><extensions><gpxtpx:TrackPointExtension><gpxtpx:hr>176</gpxtpx:hr></gpxtpx:TrackPointExtension></extensions></trkpt><trkpt lat="58.055263" lon="38.837185"><ele>106.0</ele><time>2024-12-04T09:57:16Z</time><extensions><gpxtpx:TrackPointExtension><gpxtpx:hr>176</gpxtpx:hr></gpxtpx:TrackPointExtension></extensions></trkpt><trkpt lat="58.055243" lon="38.83724"><ele>106.0</ele><time>2024-12-04T09:57:17Z</time><extensions><gpxtpx:TrackPointExtension><gpxtpx:hr>176</gpxtpx:hr></gpxtpx:TrackPointExtension></extensions></trkpt><trkpt lat="58.05523" lon="38.837287"><ele>106.0</ele><time>2024-12-04T09:57:18Z</time><extensions><gpxtpx:TrackPointExtension><gpxtpx:hr>176</gpxtpx:hr></gpxtpx:TrackPointExtension></extensions></trkpt><trkpt lat="58.055213" lon="38.83734"><ele>106.0</ele><time>2024-12-04T09:57:19Z</time><extensions><gpxtpx:TrackPointExtension><gpxtpx:hr>176</gpxtpx:hr></gpxtpx:TrackPointExtension></extensions></trkpt><trkpt lat="58.0552" lon="38.83739"><ele>106.0</ele><time>2024-12-04T09:57:20Z</time><extensions><gpxtpx:TrackPointExtension><gpxtpx:hr>175</gpxtpx:hr></gpxtpx:TrackPointExtension></extensions></trkpt><trkpt lat="58.05518" lon="38.837443"><ele>106.0</ele><time>2024-12-04T09:57:20Z</time><extensions><gpxtpx:TrackPointExtension><gpxtpx:hr>175</gpxtpx:hr></gpxtpx:TrackPointExtension></extensions></trkpt><trkpt lat="58.055163" lon="38.837493"><ele>106.0</ele><time>2024-12-04T09:57:21Z</time><extensions><gpxtpx:TrackPointExtension><gpxtpx:hr>175</gpxtpx:hr></gpxtpx:TrackPointExtension></extensions></trkpt><trkpt lat="58.055145" lon="38.837547"><ele>106.0</ele><time>2024-12-04T09:57:22Z</time><extensions><gpxtpx:TrackPointExtension><gpxtpx:hr>175</gpxtpx:hr></gpxtpx:TrackPointExtension></extensions></trkpt><trkpt lat="58.055128" lon="38.837597"><ele>106.0</ele><time>2024-12-04T09:57:24Z</time><extensions><gpxtpx:TrackPointExtension><gpxtpx:hr>175</gpxtpx:hr></gpxtpx:TrackPointExtension></extensions></trkpt><trkpt lat="58.05511" lon="38.83765"><ele>106.0</ele><time>2024-12-04T09:57:25Z</time><extensions><gpxtpx:TrackPointExtension><gpxtpx:hr>175</gpxtpx:hr></gpxtpx:TrackPointExtension></extensions></trkpt><trkpt lat="58.05509" lon="38.8377"><ele>106.0</ele><time>2024-12-04T09:57:26Z</time><extensions><gpxtpx:TrackPointExtension><gpxtpx:hr>175</gpxtpx:hr></gpxtpx:TrackPointExtension></extensions></trkpt><trkpt lat="58.055077" lon="38.837752"><ele>106.0</ele><time>2024-12-04T09:57:27Z</time><extensions><gpxtpx:TrackPointExtension><gpxtpx:hr>177</gpxtpx:hr></gpxtpx:TrackPointExtension></extensions></trkpt><trkpt lat="58.055058" lon="38.837802"><ele>106.0</ele><time>2024-12-04T09:57:28Z</time><extensions><gpxtpx:TrackPointExtension><gpxtpx:hr>177</gpxtpx:hr></gpxtpx:TrackPointExtension></extensions></trkpt><trkpt lat="58.055042" lon="38.837852"><ele>106.0</ele><time>2024-12-04T09:57:29Z</time><extensions><gpxtpx:TrackPointExtension><gpxtpx:hr>178</gpxtpx:hr></gpxtpx:TrackPointExtension></extensions></trkpt><trkpt lat="58.055027" lon="38.837905"><ele>106.0</ele><time>2024-12-04T09:57:30Z</time><extensions><gpxtpx:TrackPointExtension><gpxtpx:hr>178</gpxtpx:hr></gpxtpx:TrackPointExtension></extensions></trkpt><trkpt lat="58.055007" lon="38.83796"><ele>106.0</ele><time>2024-12-04T09:57:31Z</time><extensions><gpxtpx:TrackPointExtension><gpxtpx:hr>178</gpxtpx:hr></gpxtpx:TrackPointExtension></extensions></trkpt><trkpt lat="58.054988" lon="38.838017"><ele>106.0</ele><time>2024-12-04T09:57:31Z</time><extensions><gpxtpx:TrackPointExtension><gpxtpx:hr>178</gpxtpx:hr></gpxtpx:TrackPointExtension></extensions></trkpt><trkpt lat="58.05497" lon="38.838073"><ele>106.0</ele><time>2024-12-04T09:57:32Z</time><extensions><gpxtpx:TrackPointExtension><gpxtpx:hr>178</gpxtpx:hr></gpxtpx:TrackPointExtension></extensions></trkpt><trkpt lat="58.054947" lon="38.83813"><ele>106.0</ele><time>2024-12-04T09:57:33Z</time><extensions><gpxtpx:TrackPointExtension><gpxtpx:hr>178</gpxtpx:hr></gpxtpx:TrackPointExtension></extensions></trkpt><trkpt lat="58.05493" lon="38.838183"><ele>106.0</ele><time>2024-12-04T09:57:34Z</time><extensions><gpxtpx:TrackPointExtension><gpxtpx:hr>176</gpxtpx:hr></gpxtpx:TrackPointExtension></extensions></trkpt><trkpt lat="58.054912" lon="38.838237"><ele>106.0</ele><time>2024-12-04T09:57:36Z</time><extensions><gpxtpx:TrackPointExtension><gpxtpx:hr>176</gpxtpx:hr></gpxtpx:TrackPointExtension></extensions></trkpt><trkpt lat="58.054892" lon="38.838295"><ele>106.0</ele><time>2024-12-04T09:57:37Z</time><extensions><gpxtpx:TrackPointExtension><gpxtpx:hr>174</gpxtpx:hr></gpxtpx:TrackPointExtension></extensions></trkpt><trkpt lat="58.05488" lon="38.838348"><ele>106.0</ele><time>2024-12-04T09:57:38Z</time><extensions><gpxtpx:TrackPointExtension><gpxtpx:hr>172</gpxtpx:hr></gpxtpx:TrackPointExtension></extensions></trkpt><trkpt lat="58.054862" lon="38.8384"><ele>106.0</ele><time>2024-12-04T09:57:39Z</time><extensions><gpxtpx:TrackPointExtension><gpxtpx:hr>171</gpxtpx:hr></gpxtpx:TrackPointExtension></extensions></trkpt><trkpt lat="58.054843" lon="38.838455"><ele>106.0</ele><time>2024-12-04T09:57:40Z</time><extensions><gpxtpx:TrackPointExtension><gpxtpx:hr>171</gpxtpx:hr></gpxtpx:TrackPointExtension></extensions></trkpt><trkpt lat="58.054825" lon="38.838512"><ele>106.0</ele><time>2024-12-04T09:57:41Z</time><extensions><gpxtpx:TrackPointExtension><gpxtpx:hr>172</gpxtpx:hr></gpxtpx:TrackPointExtension></extensions></trkpt><trkpt lat="58.054805" lon="38.83857"><ele>106.0</ele><time>2024-12-04T09:57:42Z</time><extensions><gpxtpx:TrackPointExtension><gpxtpx:hr>172</gpxtpx:hr></gpxtpx:TrackPointExtension></extensions></trkpt><trkpt lat="58.054787" lon="38.838627"><ele>106.0</ele><time>2024-12-04T09:57:43Z</time><extensions><gpxtpx:TrackPointExtension><gpxtpx:hr>172</gpxtpx:hr></gpxtpx:TrackPointExtension></extensions></trkpt><trkpt lat="58.054767" lon="38.83868"><ele>106.0</ele><time>2024-12-04T09:57:44Z</time><extensions><gpxtpx:TrackPointExtension><gpxtpx:hr>173</gpxtpx:hr></gpxtpx:TrackPointExtension></extensions></trkpt><trkpt lat="58.054748" lon="38.838737"><ele>106.0</ele><time>2024-12-04T09:57:44Z</time><extensions><gpxtpx:TrackPointExtension><gpxtpx:hr>173</gpxtpx:hr></gpxtpx:TrackPointExtension></extensions></trkpt><trkpt lat="58.05473" lon="38.83879"><ele>106.0</ele><time>2024-12-04T09:57:45Z</time><extensions><gpxtpx:TrackPointExtension><gpxtpx:hr>173</gpxtpx:hr></gpxtpx:TrackPointExtension></extensions></trkpt><trkpt lat="58.054707" lon="38.83885"><ele>106.0</ele><time>2024-12-04T09:57:46Z</time><extensions><gpxtpx:TrackPointExtension><gpxtpx:hr>173</gpxtpx:hr></gpxtpx:TrackPointExtension></extensions></trkpt><trkpt lat="58.054687" lon="38.8389"><ele>106.0</ele><time>2024-12-04T09:57:47Z</time><extensions><gpxtpx:TrackPointExtension><gpxtpx:hr>172</gpxtpx:hr></gpxtpx:TrackPointExtension></extensions></trkpt><trkpt lat="58.05467" lon="38.838955"><ele>106.0</ele><time>2024-12-04T09:57:49Z</time><extensions><gpxtpx:TrackPointExtension><gpxtpx:hr>171</gpxtpx:hr></gpxtpx:TrackPointExtension></extensions></trkpt><trkpt lat="58.054652" lon="38.83901"><ele>106.0</ele><time>2024-12-04T09:57:50Z</time><extensions><gpxtpx:TrackPointExtension><gpxtpx:hr>171</gpxtpx:hr></gpxtpx:TrackPointExtension></extensions></trkpt><trkpt lat="58.054633" lon="38.83906"><ele>106.0</ele><time>2024-12-04T09:57:51Z</time><extensions><gpxtpx:TrackPointExtension><gpxtpx:hr>171</gpxtpx:hr></gpxtpx:TrackPointExtension></extensions></trkpt><trkpt lat="58.054615" lon="38.839115"><ele>106.0</ele><time>2024-12-04T09:57:52Z</time><extensions><gpxtpx:TrackPointExtension><gpxtpx:hr>170</gpxtpx:hr></gpxtpx:TrackPointExtension></extensions></trkpt><trkpt lat="58.0546" lon="38.839172"><ele>106.0</ele><time>2024-12-04T09:57:53Z</time><extensions><gpxtpx:TrackPointExtension><gpxtpx:hr>170</gpxtpx:hr></gpxtpx:TrackPointExtension></extensions></trkpt><trkpt lat="58.05458" lon="38.839225"><ele>106.0</ele><time>2024-12-04T09:57:54Z</time><extensions><gpxtpx:TrackPointExtension><gpxtpx:hr>170</gpxtpx:hr></gpxtpx:TrackPointExtension></extensions></trkpt><trkpt lat="58.054565" lon="38.83928"><ele>106.0</ele><time>2024-12-04T09:57:55Z</time><extensions><gpxtpx:TrackPointExtension><gpxtpx:hr>169</gpxtpx:hr></gpxtpx:TrackPointExtension></extensions></trkpt><trkpt lat="58.054545" lon="38.839332"><ele>106.0</ele><time>2024-12-04T09:57:56Z</time><extensions><gpxtpx:TrackPointExtension><gpxtpx:hr>169</gpxtpx:hr></gpxtpx:TrackPointExtension></extensions></trkpt><trkpt lat="58.054527" lon="38.839385"><ele>106.0</ele><time>2024-12-04T09:57:56Z</time><extensions><gpxtpx:TrackPointExtension><gpxtpx:hr>169</gpxtpx:hr></gpxtpx:TrackPointExtension></extensions></trkpt><trkpt lat="58.054512" lon="38.83944"><ele>106.0</ele><time>2024-12-04T09:57:57Z</time><extensions><gpxtpx:TrackPointExtension><gpxtpx:hr>169</gpxtpx:hr></gpxtpx:TrackPointExtension></extensions></trkpt><trkpt lat="58.054492" lon="38.839488"><ele>106.0</ele><time>2024-12-04T09:57:59Z</time><extensions><gpxtpx:TrackPointExtension><gpxtpx:hr>169</gpxtpx:hr></gpxtpx:TrackPointExtension></extensions></trkpt><trkpt lat="58.054477" lon="38.839545"><ele>106.0</ele><time>2024-12-04T09:58:00Z</time><extensions><gpxtpx:TrackPointExtension><gpxtpx:hr>169</gpxtpx:hr></gpxtpx:TrackPointExtension></extensions></trkpt><trkpt lat="58.05446" lon="38.8396"><ele>106.0</ele><time>2024-12-04T09:58:01Z</time><extensions><gpxtpx:TrackPointExtension><gpxtpx:hr>169</gpxtpx:hr></gpxtpx:TrackPointExtension></extensions></trkpt><trkpt lat="58.054442" lon="38.839657"><ele>106.0</ele><time>2024-12-04T09:58:02Z</time><extensions><gpxtpx:TrackPointExtension><gpxtpx:hr>170</gpxtpx:hr></gpxtpx:TrackPointExtension></extensions></trkpt><trkpt lat="58.054423" lon="38.83971"><ele>106.0</ele><time>2024-12-04T09:58:03Z</time><extensions><gpxtpx:TrackPointExtension><gpxtpx:hr>170</gpxtpx:hr></gpxtpx:TrackPointExtension></extensions></trkpt><trkpt lat="58.054405" lon="38.839763"><ele>106.0</ele><time>2024-12-04T09:58:04Z</time><extensions><gpxtpx:TrackPointExtension><gpxtpx:hr>170</gpxtpx:hr></gpxtpx:TrackPointExtension></extensions></trkpt><trkpt lat="58.054385" lon="38.839812"><ele>106.0</ele><time>2024-12-04T09:58:05Z</time><extensions><gpxtpx:TrackPointExtension><gpxtpx:hr>171</gpxtpx:hr></gpxtpx:TrackPointExtension></extensions></trkpt><trkpt lat="58.054362" lon="38.83985"><ele>106.0</ele><time>2024-12-04T09:58:06Z</time><extensions><gpxtpx:TrackPointExtension><gpxtpx:hr>171</gpxtpx:hr></gpxtpx:TrackPointExtension></extensions></trkpt><trkpt lat="58.054337" lon="38.839877"><ele>106.0</ele><time>2024-12-04T09:58:07Z</time><extensions><gpxtpx:TrackPointExtension><gpxtpx:hr>171</gpxtpx:hr></gpxtpx:TrackPointExtension></extensions></trkpt><trkpt lat="58.054313" lon="38.839892"><ele>106.0</ele><time>2024-12-04T09:58:07Z</time><extensions><gpxtpx:TrackPointExtension><gpxtpx:hr>171</gpxtpx:hr></gpxtpx:TrackPointExtension></extensions></trkpt><trkpt lat="58.054287" lon="38.8399"><ele>106.0</ele><time>2024-12-04T09:58:08Z</time><extensions><gpxtpx:TrackPointExtension><gpxtpx:hr>171</gpxtpx:hr></gpxtpx:TrackPointExtension></extensions></trkpt><trkpt lat="58.05426" lon="38.839897"><ele>106.0</ele><time>2024-12-04T09:58:09Z</time><extensions><gpxtpx:TrackPointExtension><gpxtpx:hr>172</gpxtpx:hr></gpxtpx:TrackPointExtension></extensions></trkpt><trkpt lat="58.054233" lon="38.83989"><ele>106.0</ele><time>2024-12-04T09:58:10Z</time><extensions><gpxtpx:TrackPointExtension><gpxtpx:hr>172</gpxtpx:hr></gpxtpx:TrackPointExtension></extensions></trkpt><trkpt lat="58.054207" lon="38.839873"><ele>106.0</ele><time>2024-12-04T09:58:12Z</time><extensions><gpxtpx:TrackPointExtension><gpxtpx:hr>171</gpxtpx:hr></gpxtpx:TrackPointExtension></extensions></trkpt><trkpt lat="58.05418" lon="38.83986"><ele>106.0</ele><time>2024-12-04T09:58:13Z</time><extensions><gpxtpx:TrackPointExtension><gpxtpx:hr>171</gpxtpx:hr></gpxtpx:TrackPointExtension></extensions></trkpt><trkpt lat="58.054152" lon="38.839843"><ele>106.0</ele><time>2024-12-04T09:58:14Z</time><extensions><gpxtpx:TrackPointExtension><gpxtpx:hr>171</gpxtpx:hr></gpxtpx:TrackPointExtension></extensions></trkpt><trkpt lat="58.054127" lon="38.839825"><ele>106.0</ele><time>2024-12-04T09:58:15Z</time><extensions><gpxtpx:TrackPointExtension><gpxtpx:hr>172</gpxtpx:hr></gpxtpx:TrackPointExtension></extensions></trkpt><trkpt lat="58.0541" lon="38.839798"><ele>106.0</ele><time>2024-12-04T09:58:16Z</time><extensions><gpxtpx:TrackPointExtension><gpxtpx:hr>172</gpxtpx:hr></gpxtpx:TrackPointExtension></extensions></trkpt><trkpt lat="58.054077" lon="38.83978"><ele>106.0</ele><time>2024-12-04T09:58:17Z</time><extensions><gpxtpx:TrackPointExtension><gpxtpx:hr>173</gpxtpx:hr></gpxtpx:TrackPointExtension></extensions></trkpt><trkpt lat="58.054053" lon="38.839755"><ele>106.0</ele><time>2024-12-04T09:58:18Z</time><extensions><gpxtpx:TrackPointExtension><gpxtpx:hr>173</gpxtpx:hr></gpxtpx:TrackPointExtension></extensions></trkpt><trkpt lat="58.05403" lon="38.839732"><ele>106.0</ele><time>2024-12-04T09:58:19Z</time><extensions><gpxtpx:TrackPointExtension><gpxtpx:hr>172</gpxtpx:hr></gpxtpx:TrackPointExtension></extensions></trkpt><trkpt lat="58.054012" lon="38.83971"><ele>106.0</ele><time>2024-12-04T09:58:20Z</time><extensions><gpxtpx:TrackPointExtension><gpxtpx:hr>172</gpxtpx:hr></gpxtpx:TrackPointExtension></extensions></trkpt><trkpt lat="58.05399" lon="38.839687"><ele>106.0</ele><time>2024-12-04T09:58:20Z</time><extensions><gpxtpx:TrackPointExtension><gpxtpx:hr>172</gpxtpx:hr></gpxtpx:TrackPointExtension></extensions></trkpt><trkpt lat="58.053977" lon="38.83966"><ele>106.0</ele><time>2024-12-04T09:58:21Z</time><extensions><gpxtpx:TrackPointExtension><gpxtpx:hr>172</gpxtpx:hr></gpxtpx:TrackPointExtension></extensions></trkpt><trkpt lat="58.053967" lon="38.839622"><ele>106.0</ele><time>2024-12-04T09:58:21Z</time><extensions><gpxtpx:TrackPointExtension><gpxtpx:hr>172</gpxtpx:hr></gpxtpx:TrackPointExtension></extensions></trkpt><trkpt lat="58.053962" lon="38.83958"><ele>106.0</ele><time>2024-12-04T09:58:22Z</time><extensions><gpxtpx:TrackPointExtension><gpxtpx:hr>172</gpxtpx:hr></gpxtpx:TrackPointExtension></extensions></trkpt><trkpt lat="58.05396" lon="38.83953"><ele>106.0</ele><time>2024-12-04T09:58:24Z</time><extensions><gpxtpx:TrackPointExtension><gpxtpx:hr>175</gpxtpx:hr></gpxtpx:TrackPointExtension></extensions></trkpt><trkpt lat="58.053967" lon="38.839485"><ele>106.0</ele><time>2024-12-04T09:58:25Z</time><extensions><gpxtpx:TrackPointExtension><gpxtpx:hr>176</gpxtpx:hr></gpxtpx:TrackPointExtension></extensions></trkpt><trkpt lat="58.05397" lon="38.83944"><ele>106.0</ele><time>2024-12-04T09:58:26Z</time><extensions><gpxtpx:TrackPointExtension><gpxtpx:hr>176</gpxtpx:hr></gpxtpx:TrackPointExtension></extensions></trkpt><trkpt lat="58.053977" lon="38.839393"><ele>106.0</ele><time>2024-12-04T09:58:27Z</time><extensions><gpxtpx:TrackPointExtension><gpxtpx:hr>179</gpxtpx:hr></gpxtpx:TrackPointExtension></extensions></trkpt><trkpt lat="58.053985" lon="38.839347"><ele>106.0</ele><time>2024-12-04T09:58:27Z</time><extensions><gpxtpx:TrackPointExtension><gpxtpx:hr>179</gpxtpx:hr></gpxtpx:TrackPointExtension></extensions></trkpt><trkpt lat="58.053997" lon="38.839305"><ele>106.0</ele><time>2024-12-04T09:58:29Z</time><extensions><gpxtpx:TrackPointExtension><gpxtpx:hr>182</gpxtpx:hr></gpxtpx:TrackPointExtension></extensions></trkpt><trkpt lat="58.05401" lon="38.83926"><ele>106.0</ele><time>2024-12-04T09:58:30Z</time><extensions><gpxtpx:TrackPointExtension><gpxtpx:hr>182</gpxtpx:hr></gpxtpx:TrackPointExtension></extensions></trkpt><trkpt lat="58.05402" lon="38.839213"><ele>106.0</ele><time>2024-12-04T09:58:31Z</time><extensions><gpxtpx:TrackPointExtension><gpxtpx:hr>181</gpxtpx:hr></gpxtpx:TrackPointExtension></extensions></trkpt><trkpt lat="58.054027" lon="38.839165"><ele>106.0</ele><time>2024-12-04T09:58:31Z</time><extensions><gpxtpx:TrackPointExtension><gpxtpx:hr>181</gpxtpx:hr></gpxtpx:TrackPointExtension></extensions></trkpt><trkpt lat="58.05404" lon="38.839115"><ele>106.0</ele><time>2024-12-04T09:58:32Z</time><extensions><gpxtpx:TrackPointExtension><gpxtpx:hr>181</gpxtpx:hr></gpxtpx:TrackPointExtension></extensions></trkpt><trkpt lat="58.054053" lon="38.839065"><ele>106.0</ele><time>2024-12-04T09:58:33Z</time><extensions><gpxtpx:TrackPointExtension><gpxtpx:hr>180</gpxtpx:hr></gpxtpx:TrackPointExtension></extensions></trkpt><trkpt lat="58.054065" lon="38.83901"><ele>106.0</ele><time>2024-12-04T09:58:34Z</time><extensions><gpxtpx:TrackPointExtension><gpxtpx:hr>180</gpxtpx:hr></gpxtpx:TrackPointExtension></extensions></trkpt><trkpt lat="58.05408" lon="38.838955"><ele>106.0</ele><time>2024-12-04T09:58:36Z</time><extensions><gpxtpx:TrackPointExtension><gpxtpx:hr>179</gpxtpx:hr></gpxtpx:TrackPointExtension></extensions></trkpt><trkpt lat="58.054092" lon="38.8389"><ele>106.0</ele><time>2024-12-04T09:58:37Z</time><extensions><gpxtpx:TrackPointExtension><gpxtpx:hr>178</gpxtpx:hr></gpxtpx:TrackPointExtension></extensions></trkpt><trkpt lat="58.054107" lon="38.838852"><ele>106.0</ele><time>2024-12-04T09:58:38Z</time><extensions><gpxtpx:TrackPointExtension><gpxtpx:hr>178</gpxtpx:hr></gpxtpx:TrackPointExtension></extensions></trkpt><trkpt lat="58.054122" lon="38.838802"><ele>106.0</ele><time>2024-12-04T09:58:39Z</time><extensions><gpxtpx:TrackPointExtension><gpxtpx:hr>177</gpxtpx:hr></gpxtpx:TrackPointExtension></extensions></trkpt><trkpt lat="58.054142" lon="38.838752"><ele>106.0</ele><time>2024-12-04T09:58:40Z</time><extensions><gpxtpx:TrackPointExtension><gpxtpx:hr>177</gpxtpx:hr></gpxtpx:TrackPointExtension></extensions></trkpt><trkpt lat="58.054157" lon="38.838707"><ele>106.0</ele><time>2024-12-04T09:58:41Z</time><extensions><gpxtpx:TrackPointExtension><gpxtpx:hr>177</gpxtpx:hr></gpxtpx:TrackPointExtension></extensions></trkpt><trkpt lat="58.054172" lon="38.838665"><ele>106.0</ele><time>2024-12-04T09:58:42Z</time><extensions><gpxtpx:TrackPointExtension><gpxtpx:hr>177</gpxtpx:hr></gpxtpx:TrackPointExtension></extensions></trkpt><trkpt lat="58.05419" lon="38.838627"><ele>106.0</ele><time>2024-12-04T09:58:42Z</time><extensions><gpxtpx:TrackPointExtension><gpxtpx:hr>177</gpxtpx:hr></gpxtpx:TrackPointExtension></extensions></trkpt><trkpt lat="58.054207" lon="38.838585"><ele>106.0</ele><time>2024-12-04T09:58:43Z</time><extensions><gpxtpx:TrackPointExtension><gpxtpx:hr>177</gpxtpx:hr></gpxtpx:TrackPointExtension></extensions></trkpt><trkpt lat="58.054222" lon="38.83855"><ele>106.0</ele><time>2024-12-04T09:58:45Z</time><extensions><gpxtpx:TrackPointExtension><gpxtpx:hr>177</gpxtpx:hr></gpxtpx:TrackPointExtension></extensions></trkpt><trkpt lat="58.054237" lon="38.838512"><ele>106.0</ele><time>2024-12-04T09:58:46Z</time><extensions><gpxtpx:TrackPointExtension><gpxtpx:hr>177</gpxtpx:hr></gpxtpx:TrackPointExtension></extensions></trkpt><trkpt lat="58.054252" lon="38.83847"><ele>106.0</ele><time>2024-12-04T09:58:47Z</time><extensions><gpxtpx:TrackPointExtension><gpxtpx:hr>177</gpxtpx:hr></gpxtpx:TrackPointExtension></extensions></trkpt><trkpt lat="58.054267" lon="38.83843"><ele>106.0</ele><time>2024-12-04T09:58:48Z</time><extensions><gpxtpx:TrackPointExtension><gpxtpx:hr>177</gpxtpx:hr></gpxtpx:TrackPointExtension></extensions></trkpt><trkpt lat="58.054287" lon="38.838387"><ele>106.0</ele><time>2024-12-04T09:58:49Z</time><extensions><gpxtpx:TrackPointExtension><gpxtpx:hr>177</gpxtpx:hr></gpxtpx:TrackPointExtension></extensions></trkpt><trkpt lat="58.054302" lon="38.838345"><ele>106.0</ele><time>2024-12-04T09:58:50Z</time><extensions><gpxtpx:TrackPointExtension><gpxtpx:hr>177</gpxtpx:hr></gpxtpx:TrackPointExtension></extensions></trkpt><trkpt lat="58.05432" lon="38.8383"><ele>106.0</ele><time>2024-12-04T09:58:51Z</time><extensions><gpxtpx:TrackPointExtension><gpxtpx:hr>177</gpxtpx:hr></gpxtpx:TrackPointExtension></extensions></trkpt><trkpt lat="58.054337" lon="38.838252"><ele>106.0</ele><time>2024-12-04T09:58:52Z</time><extensions><gpxtpx:TrackPointExtension><gpxtpx:hr>177</gpxtpx:hr></gpxtpx:TrackPointExtension></extensions></trkpt><trkpt lat="58.05435" lon="38.838208"><ele>106.0</ele><time>2024-12-04T09:58:53Z</time><extensions><gpxtpx:TrackPointExtension><gpxtpx:hr>176</gpxtpx:hr></gpxtpx:TrackPointExtension></extensions></trkpt><trkpt lat="58.054367" lon="38.83816"><ele>106.0</ele><time>2024-12-04T09:58:53Z</time><extensions><gpxtpx:TrackPointExtension><gpxtpx:hr>176</gpxtpx:hr></gpxtpx:TrackPointExtension></extensions></trkpt><trkpt lat="58.054382" lon="38.838107"><ele>106.0</ele><time>2024-12-04T09:58:54Z</time><extensions><gpxtpx:TrackPointExtension><gpxtpx:hr>176</gpxtpx:hr></gpxtpx:TrackPointExtension></extensions></trkpt><trkpt lat="58.054397" lon="38.83805"><ele>106.0</ele><time>2024-12-04T09:58:55Z</time><extensions><gpxtpx:TrackPointExtension><gpxtpx:hr>177</gpxtpx:hr></gpxtpx:TrackPointExtension></extensions></trkpt><trkpt lat="58.054412" lon="38.837997"><ele>106.0</ele><time>2024-12-04T09:58:56Z</time><extensions><gpxtpx:TrackPointExtension><gpxtpx:hr>177</gpxtpx:hr></gpxtpx:TrackPointExtension></extensions></trkpt><trkpt lat="58.054432" lon="38.837943"><ele>106.0</ele><time>2024-12-04T09:58:58Z</time><extensions><gpxtpx:TrackPointExtension><gpxtpx:hr>177</gpxtpx:hr></gpxtpx:TrackPointExtension></extensions></trkpt><trkpt lat="58.054447" lon="38.83789"><ele>106.0</ele><time>2024-12-04T09:58:59Z</time><extensions><gpxtpx:TrackPointExtension><gpxtpx:hr>177</gpxtpx:hr></gpxtpx:TrackPointExtension></extensions></trkpt><trkpt lat="58.054465" lon="38.837837"><ele>106.0</ele><time>2024-12-04T09:59:00Z</time><extensions><gpxtpx:TrackPointExtension><gpxtpx:hr>177</gpxtpx:hr></gpxtpx:TrackPointExtension></extensions></trkpt><trkpt lat="58.05448" lon="38.837783"><ele>106.0</ele><time>2024-12-04T09:59:01Z</time><extensions><gpxtpx:TrackPointExtension><gpxtpx:hr>177</gpxtpx:hr></gpxtpx:TrackPointExtension></extensions></trkpt><trkpt lat="58.054497" lon="38.837733"><ele>106.0</ele><time>2024-12-04T09:59:02Z</time><extensions><gpxtpx:TrackPointExtension><gpxtpx:hr>177</gpxtpx:hr></gpxtpx:TrackPointExtension></extensions></trkpt><trkpt lat="58.05451" lon="38.837685"><ele>106.0</ele><time>2024-12-04T09:59:03Z</time><extensions><gpxtpx:TrackPointExtension><gpxtpx:hr>177</gpxtpx:hr></gpxtpx:TrackPointExtension></extensions></trkpt><trkpt lat="58.054522" lon="38.83763"><ele>106.0</ele><time>2024-12-04T09:59:04Z</time><extensions><gpxtpx:TrackPointExtension><gpxtpx:hr>178</gpxtpx:hr></gpxtpx:TrackPointExtension></extensions></trkpt><trkpt lat="58.054542" lon="38.83758"><ele>106.0</ele><time>2024-12-04T09:59:05Z</time><extensions><gpxtpx:TrackPointExtension><gpxtpx:hr>178</gpxtpx:hr></gpxtpx:TrackPointExtension></extensions></trkpt><trkpt lat="58.054557" lon="38.837532"><ele>106.0</ele><time>2024-12-04T09:59:06Z</time><extensions><gpxtpx:TrackPointExtension><gpxtpx:hr>179</gpxtpx:hr></gpxtpx:TrackPointExtension></extensions></trkpt><trkpt lat="58.054572" lon="38.837485"><ele>106.0</ele><time>2024-12-04T09:59:06Z</time><extensions><gpxtpx:TrackPointExtension><gpxtpx:hr>179</gpxtpx:hr></gpxtpx:TrackPointExtension></extensions></trkpt><trkpt lat="58.05459" lon="38.83744"><ele>106.0</ele><time>2024-12-04T09:59:07Z</time><extensions><gpxtpx:TrackPointExtension><gpxtpx:hr>179</gpxtpx:hr></gpxtpx:TrackPointExtension></extensions></trkpt><trkpt lat="58.054603" lon="38.837395"><ele>106.0</ele><time>2024-12-04T09:59:08Z</time><extensions><gpxtpx:TrackPointExtension><gpxtpx:hr>179</gpxtpx:hr></gpxtpx:TrackPointExtension></extensions></trkpt><trkpt lat="58.054615" lon="38.837345"><ele>106.0</ele><time>2024-12-04T09:59:09Z</time><extensions><gpxtpx:TrackPointExtension><gpxtpx:hr>179</gpxtpx:hr></gpxtpx:TrackPointExtension></extensions></trkpt><trkpt lat="58.05463" lon="38.837295"><ele>106.0</ele><time>2024-12-04T09:59:10Z</time><extensions><gpxtpx:TrackPointExtension><gpxtpx:hr>179</gpxtpx:hr></gpxtpx:TrackPointExtension></extensions></trkpt><trkpt lat="58.05464" lon="38.837245"><ele>106.0</ele><time>2024-12-04T09:59:12Z</time><extensions><gpxtpx:TrackPointExtension><gpxtpx:hr>179</gpxtpx:hr></gpxtpx:TrackPointExtension></extensions></trkpt><trkpt lat="58.054657" lon="38.8372"><ele>106.0</ele><time>2024-12-04T09:59:13Z</time><extensions><gpxtpx:TrackPointExtension><gpxtpx:hr>178</gpxtpx:hr></gpxtpx:TrackPointExtension></extensions></trkpt><trkpt lat="58.05467" lon="38.837153"><ele>106.0</ele><time>2024-12-04T09:59:14Z</time><extensions><gpxtpx:TrackPointExtension><gpxtpx:hr>179</gpxtpx:hr></gpxtpx:TrackPointExtension></extensions></trkpt><trkpt lat="58.054683" lon="38.83711"><ele>106.0</ele><time>2024-12-04T09:59:15Z</time><extensions><gpxtpx:TrackPointExtension><gpxtpx:hr>180</gpxtpx:hr></gpxtpx:TrackPointExtension></extensions></trkpt><trkpt lat="58.0547" lon="38.837062"><ele>106.0</ele><time>2024-12-04T09:59:16Z</time><extensions><gpxtpx:TrackPointExtension><gpxtpx:hr>181</gpxtpx:hr></gpxtpx:TrackPointExtension></extensions></trkpt><trkpt lat="58.054713" lon="38.837012"><ele>106.0</ele><time>2024-12-04T09:59:17Z</time><extensions><gpxtpx:TrackPointExtension><gpxtpx:hr>182</gpxtpx:hr></gpxtpx:TrackPointExtension></extensions></trkpt><trkpt lat="58.054732" lon="38.836963"><ele>106.0</ele><time>2024-12-04T09:59:18Z</time><extensions><gpxtpx:TrackPointExtension><gpxtpx:hr>182</gpxtpx:hr></gpxtpx:TrackPointExtension></extensions></trkpt><trkpt lat="58.054752" lon="38.836917"><ele>106.0</ele><time>2024-12-04T09:59:18Z</time><extensions><gpxtpx:TrackPointExtension><gpxtpx:hr>182</gpxtpx:hr></gpxtpx:TrackPointExtension></extensions></trkpt><trkpt lat="58.054767" lon="38.836863"><ele>106.0</ele><time>2024-12-04T09:59:19Z</time><extensions><gpxtpx:TrackPointExtension><gpxtpx:hr>183</gpxtpx:hr></gpxtpx:TrackPointExtension></extensions></trkpt><trkpt lat="58.054782" lon="38.83682"><ele>106.0</ele><time>2024-12-04T09:59:20Z</time><extensions><gpxtpx:TrackPointExtension><gpxtpx:hr>183</gpxtpx:hr></gpxtpx:TrackPointExtension></extensions></trkpt><trkpt lat="58.0548" lon="38.83677"><ele>106.0</ele><time>2024-12-04T09:59:22Z</time><extensions><gpxtpx:TrackPointExtension><gpxtpx:hr>183</gpxtpx:hr></gpxtpx:TrackPointExtension></extensions></trkpt><trkpt lat="58.05481" lon="38.83672"><ele>106.0</ele><time>2024-12-04T09:59:23Z</time><extensions><gpxtpx:TrackPointExtension><gpxtpx:hr>183</gpxtpx:hr></gpxtpx:TrackPointExtension></extensions></trkpt><trkpt lat="58.054825" lon="38.836665"><ele>106.0</ele><time>2024-12-04T09:59:24Z</time><extensions><gpxtpx:TrackPointExtension><gpxtpx:hr>183</gpxtpx:hr></gpxtpx:TrackPointExtension></extensions></trkpt><trkpt lat="58.054835" lon="38.836617"><ele>106.0</ele><time>2024-12-04T09:59:25Z</time><extensions><gpxtpx:TrackPointExtension><gpxtpx:hr>183</gpxtpx:hr></gpxtpx:TrackPointExtension></extensions></trkpt><trkpt lat="58.054847" lon="38.836567"><ele>106.0</ele><time>2024-12-04T09:59:26Z</time><extensions><gpxtpx:TrackPointExtension><gpxtpx:hr>182</gpxtpx:hr></gpxtpx:TrackPointExtension></extensions></trkpt><trkpt lat="58.054862" lon="38.83652"><ele>106.0</ele><time>2024-12-04T09:59:27Z</time><extensions><gpxtpx:TrackPointExtension><gpxtpx:hr>182</gpxtpx:hr></gpxtpx:TrackPointExtension></extensions></trkpt><trkpt lat="58.054873" lon="38.83648"><ele>106.0</ele><time>2024-12-04T09:59:28Z</time><extensions><gpxtpx:TrackPointExtension><gpxtpx:hr>182</gpxtpx:hr></gpxtpx:TrackPointExtension></extensions></trkpt><trkpt lat="58.05489" lon="38.836432"><ele>106.0</ele><time>2024-12-04T09:59:29Z</time><extensions><gpxtpx:TrackPointExtension><gpxtpx:hr>182</gpxtpx:hr></gpxtpx:TrackPointExtension></extensions></trkpt><trkpt lat="58.054903" lon="38.83639"><ele>106.0</ele><time>2024-12-04T09:59:30Z</time><extensions><gpxtpx:TrackPointExtension><gpxtpx:hr>182</gpxtpx:hr></gpxtpx:TrackPointExtension></extensions></trkpt><trkpt lat="58.05492" lon="38.83635"><ele>106.0</ele><time>2024-12-04T09:59:30Z</time><extensions><gpxtpx:TrackPointExtension><gpxtpx:hr>182</gpxtpx:hr></gpxtpx:TrackPointExtension></extensions></trkpt><trkpt lat="58.05493" lon="38.836303"><ele>106.0</ele><time>2024-12-04T09:59:31Z</time><extensions><gpxtpx:TrackPointExtension><gpxtpx:hr>182</gpxtpx:hr></gpxtpx:TrackPointExtension></extensions></trkpt><trkpt lat="58.054947" lon="38.836257"><ele>106.0</ele><time>2024-12-04T09:59:32Z</time><extensions><gpxtpx:TrackPointExtension><gpxtpx:hr>182</gpxtpx:hr></gpxtpx:TrackPointExtension></extensions></trkpt><trkpt lat="58.05496" lon="38.836205"><ele>106.0</ele><time>2024-12-04T09:59:34Z</time><extensions><gpxtpx:TrackPointExtension><gpxtpx:hr>182</gpxtpx:hr></gpxtpx:TrackPointExtension></extensions></trkpt><trkpt lat="58.054973" lon="38.836147"><ele>106.0</ele><time>2024-12-04T09:59:35Z</time><extensions><gpxtpx:TrackPointExtension><gpxtpx:hr>182</gpxtpx:hr></gpxtpx:TrackPointExtension></extensions></trkpt><trkpt lat="58.054988" lon="38.836093"><ele>106.0</ele><time>2024-12-04T09:59:36Z</time><extensions><gpxtpx:TrackPointExtension><gpxtpx:hr>182</gpxtpx:hr></gpxtpx:TrackPointExtension></extensions></trkpt><trkpt lat="58.055003" lon="38.83605"><ele>106.0</ele><time>2024-12-04T09:59:37Z</time><extensions><gpxtpx:TrackPointExtension><gpxtpx:hr>182</gpxtpx:hr></gpxtpx:TrackPointExtension></extensions></trkpt><trkpt lat="58.055015" lon="38.835998"><ele>106.0</ele><time>2024-12-04T09:59:38Z</time><extensions><gpxtpx:TrackPointExtension><gpxtpx:hr>183</gpxtpx:hr></gpxtpx:TrackPointExtension></extensions></trkpt><trkpt lat="58.05503" lon="38.835952"><ele>106.0</ele><time>2024-12-04T09:59:39Z</time><extensions><gpxtpx:TrackPointExtension><gpxtpx:hr>183</gpxtpx:hr></gpxtpx:TrackPointExtension></extensions></trkpt><trkpt lat="58.055045" lon="38.835907"><ele>106.0</ele><time>2024-12-04T09:59:40Z</time><extensions><gpxtpx:TrackPointExtension><gpxtpx:hr>182</gpxtpx:hr></gpxtpx:TrackPointExtension></extensions></trkpt><trkpt lat="58.055057" lon="38.835857"><ele>106.0</ele><time>2024-12-04T09:59:41Z</time><extensions><gpxtpx:TrackPointExtension><gpxtpx:hr>182</gpxtpx:hr></gpxtpx:TrackPointExtension></extensions></trkpt><trkpt lat="58.055072" lon="38.835807"><ele>106.0</ele><time>2024-12-04T09:59:41Z</time><extensions><gpxtpx:TrackPointExtension><gpxtpx:hr>182</gpxtpx:hr></gpxtpx:TrackPointExtension></extensions></trkpt><trkpt lat="58.055087" lon="38.835753"><ele>106.0</ele><time>2024-12-04T09:59:42Z</time><extensions><gpxtpx:TrackPointExtension><gpxtpx:hr>182</gpxtpx:hr></gpxtpx:TrackPointExtension></extensions></trkpt><trkpt lat="58.055102" lon="38.83571"><ele>106.0</ele><time>2024-12-04T09:59:43Z</time><extensions><gpxtpx:TrackPointExtension><gpxtpx:hr>182</gpxtpx:hr></gpxtpx:TrackPointExtension></extensions></trkpt><trkpt lat="58.05512" lon="38.83566"><ele>106.0</ele><time>2024-12-04T09:59:45Z</time><extensions><gpxtpx:TrackPointExtension><gpxtpx:hr>182</gpxtpx:hr></gpxtpx:TrackPointExtension></extensions></trkpt><trkpt lat="58.055133" lon="38.835612"><ele>106.0</ele><time>2024-12-04T09:59:46Z</time><extensions><gpxtpx:TrackPointExtension><gpxtpx:hr>182</gpxtpx:hr></gpxtpx:TrackPointExtension></extensions></trkpt><trkpt lat="58.05515" lon="38.835563"><ele>106.0</ele><time>2024-12-04T09:59:47Z</time><extensions><gpxtpx:TrackPointExtension><gpxtpx:hr>182</gpxtpx:hr></gpxtpx:TrackPointExtension></extensions></trkpt><trkpt lat="58.05516" lon="38.835517"><ele>106.0</ele><time>2024-12-04T09:59:48Z</time><extensions><gpxtpx:TrackPointExtension><gpxtpx:hr>183</gpxtpx:hr></gpxtpx:TrackPointExtension></extensions></trkpt><trkpt lat="58.055175" lon="38.83547"><ele>106.0</ele><time>2024-12-04T09:59:49Z</time><extensions><gpxtpx:TrackPointExtension><gpxtpx:hr>183</gpxtpx:hr></gpxtpx:TrackPointExtension></extensions></trkpt><trkpt lat="58.055187" lon="38.835422"><ele>106.0</ele><time>2024-12-04T09:59:50Z</time><extensions><gpxtpx:TrackPointExtension><gpxtpx:hr>183</gpxtpx:hr></gpxtpx:TrackPointExtension></extensions></trkpt><trkpt lat="58.055202" lon="38.835377"><ele>106.0</ele><time>2024-12-04T09:59:51Z</time><extensions><gpxtpx:TrackPointExtension><gpxtpx:hr>183</gpxtpx:hr></gpxtpx:TrackPointExtension></extensions></trkpt><trkpt lat="58.055213" lon="38.83533"><ele>106.0</ele><time>2024-12-04T09:59:51Z</time><extensions><gpxtpx:TrackPointExtension><gpxtpx:hr>183</gpxtpx:hr></gpxtpx:TrackPointExtension></extensions></trkpt><trkpt lat="58.05523" lon="38.835285"><ele>106.0</ele><time>2024-12-04T09:59:52Z</time><extensions><gpxtpx:TrackPointExtension><gpxtpx:hr>183</gpxtpx:hr></gpxtpx:TrackPointExtension></extensions></trkpt><trkpt lat="58.05524" lon="38.835247"><ele>106.0</ele><time>2024-12-04T09:59:53Z</time><extensions><gpxtpx:TrackPointExtension><gpxtpx:hr>183</gpxtpx:hr></gpxtpx:TrackPointExtension></extensions></trkpt><trkpt lat="58.05525" lon="38.835205"><ele>106.0</ele><time>2024-12-04T09:59:55Z</time><extensions><gpxtpx:TrackPointExtension><gpxtpx:hr>183</gpxtpx:hr></gpxtpx:TrackPointExtension></extensions></trkpt><trkpt lat="58.055263" lon="38.835162"><ele>106.0</ele><time>2024-12-04T09:59:56Z</time><extensions><gpxtpx:TrackPointExtension><gpxtpx:hr>184</gpxtpx:hr></gpxtpx:TrackPointExtension></extensions></trkpt><trkpt lat="58.05527" lon="38.835117"><ele>106.0</ele><time>2024-12-04T09:59:57Z</time><extensions><gpxtpx:TrackPointExtension><gpxtpx:hr>184</gpxtpx:hr></gpxtpx:TrackPointExtension></extensions></trkpt><trkpt lat="58.055285" lon="38.83508"><ele>106.0</ele><time>2024-12-04T09:59:58Z</time><extensions><gpxtpx:TrackPointExtension><gpxtpx:hr>184</gpxtpx:hr></gpxtpx:TrackPointExtension></extensions></trkpt><trkpt lat="58.055297" lon="38.83503"><ele>106.0</ele><time>2024-12-04T09:59:59Z</time><extensions><gpxtpx:TrackPointExtension><gpxtpx:hr>184</gpxtpx:hr></gpxtpx:TrackPointExtension></extensions></trkpt><trkpt lat="58.055317" lon="38.83498"><ele>106.0</ele><time>2024-12-04T10:00:00Z</time><extensions><gpxtpx:TrackPointExtension><gpxtpx:hr>185</gpxtpx:hr></gpxtpx:TrackPointExtension></extensions></trkpt><trkpt lat="58.055332" lon="38.83493"><ele>106.0</ele><time>2024-12-04T10:00:01Z</time><extensions><gpxtpx:TrackPointExtension><gpxtpx:hr>185</gpxtpx:hr></gpxtpx:TrackPointExtension></extensions></trkpt><trkpt lat="58.055347" lon="38.83488"><ele>106.0</ele><time>2024-12-04T10:00:02Z</time><extensions><gpxtpx:TrackPointExtension><gpxtpx:hr>186</gpxtpx:hr></gpxtpx:TrackPointExtension></extensions></trkpt><trkpt lat="58.055367" lon="38.834827"><ele>106.0</ele><time>2024-12-04T10:00:03Z</time><extensions><gpxtpx:TrackPointExtension><gpxtpx:hr>186</gpxtpx:hr></gpxtpx:TrackPointExtension></extensions></trkpt><trkpt lat="58.055377" lon="38.834777"><ele>106.0</ele><time>2024-12-04T10:00:04Z</time><extensions><gpxtpx:TrackPointExtension><gpxtpx:hr>186</gpxtpx:hr></gpxtpx:TrackPointExtension></extensions></trkpt><trkpt lat="58.055392" lon="38.83473"><ele>106.0</ele><time>2024-12-04T10:00:04Z</time><extensions><gpxtpx:TrackPointExtension><gpxtpx:hr>186</gpxtpx:hr></gpxtpx:TrackPointExtension></extensions></trkpt><trkpt lat="58.05541" lon="38.834682"><ele>106.0</ele><time>2024-12-04T10:00:05Z</time><extensions><gpxtpx:TrackPointExtension><gpxtpx:hr>185</gpxtpx:hr></gpxtpx:TrackPointExtension></extensions></trkpt><trkpt lat="58.055423" lon="38.83464"><ele>106.0</ele><time>2024-12-04T10:00:06Z</time><extensions><gpxtpx:TrackPointExtension><gpxtpx:hr>185</gpxtpx:hr></gpxtpx:TrackPointExtension></extensions></trkpt><trkpt lat="58.055442" lon="38.83461"><ele>106.0</ele><time>2024-12-04T10:00:08Z</time><extensions><gpxtpx:TrackPointExtension><gpxtpx:hr>184</gpxtpx:hr></gpxtpx:TrackPointExtension></extensions></trkpt><trkpt lat="58.055465" lon="38.83459"><ele>106.0</ele><time>2024-12-04T10:00:09Z</time><extensions><gpxtpx:TrackPointExtension><gpxtpx:hr>185</gpxtpx:hr></gpxtpx:TrackPointExtension></extensions></trkpt><trkpt lat="58.055485" lon="38.834582"><ele>106.0</ele><time>2024-12-04T10:00:10Z</time><extensions><gpxtpx:TrackPointExtension><gpxtpx:hr>185</gpxtpx:hr></gpxtpx:TrackPointExtension></extensions></trkpt><trkpt lat="58.055507" lon="38.834582"><ele>106.0</ele><time>2024-12-04T10:00:11Z</time><extensions><gpxtpx:TrackPointExtension><gpxtpx:hr>185</gpxtpx:hr></gpxtpx:TrackPointExtension></extensions></trkpt><trkpt lat="58.055533" lon="38.834587"><ele>106.0</ele><time>2024-12-04T10:00:12Z</time><extensions><gpxtpx:TrackPointExtension><gpxtpx:hr>185</gpxtpx:hr></gpxtpx:TrackPointExtension></extensions></trkpt><trkpt lat="58.055557" lon="38.834595"><ele>106.0</ele><time>2024-12-04T10:00:13Z</time><extensions><gpxtpx:TrackPointExtension><gpxtpx:hr>185</gpxtpx:hr></gpxtpx:TrackPointExtension></extensions></trkpt><trkpt lat="58.05558" lon="38.834605"><ele>106.0</ele><time>2024-12-04T10:00:14Z</time><extensions><gpxtpx:TrackPointExtension><gpxtpx:hr>185</gpxtpx:hr></gpxtpx:TrackPointExtension></extensions></trkpt><trkpt lat="58.055607" lon="38.834617"><ele>106.0</ele><time>2024-12-04T10:00:15Z</time><extensions><gpxtpx:TrackPointExtension><gpxtpx:hr>185</gpxtpx:hr></gpxtpx:TrackPointExtension></extensions></trkpt><trkpt lat="58.05563" lon="38.834632"><ele>106.0</ele><time>2024-12-04T10:00:15Z</time><extensions><gpxtpx:TrackPointExtension><gpxtpx:hr>185</gpxtpx:hr></gpxtpx:TrackPointExtension></extensions></trkpt><trkpt lat="58.055655" lon="38.83465"><ele>106.0</ele><time>2024-12-04T10:00:16Z</time><extensions><gpxtpx:TrackPointExtension><gpxtpx:hr>185</gpxtpx:hr></gpxtpx:TrackPointExtension></extensions></trkpt><trkpt lat="58.055682" lon="38.834667"><ele>106.0</ele><time>2024-12-04T10:00:17Z</time><extensions><gpxtpx:TrackPointExtension><gpxtpx:hr>185</gpxtpx:hr></gpxtpx:TrackPointExtension></extensions></trkpt><trkpt lat="58.055705" lon="38.834685"><ele>106.0</ele><time>2024-12-04T10:00:19Z</time><extensions><gpxtpx:TrackPointExtension><gpxtpx:hr>185</gpxtpx:hr></gpxtpx:TrackPointExtension></extensions></trkpt><trkpt lat="58.055732" lon="38.834705"><ele>106.0</ele><time>2024-12-04T10:00:20Z</time><extensions><gpxtpx:TrackPointExtension><gpxtpx:hr>185</gpxtpx:hr></gpxtpx:TrackPointExtension></extensions></trkpt><trkpt lat="58.055762" lon="38.83473"><ele>106.0</ele><time>2024-12-04T10:00:21Z</time><extensions><gpxtpx:TrackPointExtension><gpxtpx:hr>185</gpxtpx:hr></gpxtpx:TrackPointExtension></extensions></trkpt><trkpt lat="58.05579" lon="38.83475"><ele>106.0</ele><time>2024-12-04T10:00:22Z</time><extensions><gpxtpx:TrackPointExtension><gpxtpx:hr>185</gpxtpx:hr></gpxtpx:TrackPointExtension></extensions></trkpt><trkpt lat="58.055817" lon="38.834773"><ele>106.0</ele><time>2024-12-04T10:00:23Z</time><extensions><gpxtpx:TrackPointExtension><gpxtpx:hr>185</gpxtpx:hr></gpxtpx:TrackPointExtension></extensions></trkpt><trkpt lat="58.055842" lon="38.8348"><ele>106.0</ele><time>2024-12-04T10:00:24Z</time><extensions><gpxtpx:TrackPointExtension><gpxtpx:hr>185</gpxtpx:hr></gpxtpx:TrackPointExtension></extensions></trkpt><trkpt lat="58.05587" lon="38.834823"><ele>106.0</ele><time>2024-12-04T10:00:24Z</time><extensions><gpxtpx:TrackPointExtension><gpxtpx:hr>185</gpxtpx:hr></gpxtpx:TrackPointExtension></extensions></trkpt><trkpt lat="58.055888" lon="38.83485"><ele>106.0</ele><time>2024-12-04T10:00:25Z</time><extensions><gpxtpx:TrackPointExtension><gpxtpx:hr>185</gpxtpx:hr></gpxtpx:TrackPointExtension></extensions></trkpt><trkpt lat="58.0559" lon="38.834885"><ele>106.0</ele><time>2024-12-04T10:00:26Z</time><extensions><gpxtpx:TrackPointExtension><gpxtpx:hr>185</gpxtpx:hr></gpxtpx:TrackPointExtension></extensions></trkpt><trkpt lat="58.055903" lon="38.83492"><ele>106.0</ele><time>2024-12-04T10:00:27Z</time><extensions><gpxtpx:TrackPointExtension><gpxtpx:hr>185</gpxtpx:hr></gpxtpx:TrackPointExtension></extensions></trkpt><trkpt lat="58.055903" lon="38.83495"><ele>106.0</ele><time>2024-12-04T10:00:28Z</time><extensions><gpxtpx:TrackPointExtension><gpxtpx:hr>185</gpxtpx:hr></gpxtpx:TrackPointExtension></extensions></trkpt><trkpt lat="58.0559" lon="38.83498"><ele>106.0</ele><time>2024-12-04T10:00:30Z</time><extensions><gpxtpx:TrackPointExtension><gpxtpx:hr>185</gpxtpx:hr></gpxtpx:TrackPointExtension></extensions></trkpt><trkpt lat="58.055892" lon="38.835007"><ele>106.0</ele><time>2024-12-04T10:00:31Z</time><extensions><gpxtpx:TrackPointExtension><gpxtpx:hr>185</gpxtpx:hr></gpxtpx:TrackPointExtension></extensions></trkpt><trkpt lat="58.055885" lon="38.83504"><ele>106.0</ele><time>2024-12-04T10:00:32Z</time><extensions><gpxtpx:TrackPointExtension><gpxtpx:hr>186</gpxtpx:hr></gpxtpx:TrackPointExtension></extensions></trkpt><trkpt lat="58.055877" lon="38.83508"><ele>106.0</ele><time>2024-12-04T10:00:33Z</time><extensions><gpxtpx:TrackPointExtension><gpxtpx:hr>186</gpxtpx:hr></gpxtpx:TrackPointExtension></extensions></trkpt><trkpt lat="58.055865" lon="38.835117"><ele>106.0</ele><time>2024-12-04T10:00:34Z</time><extensions><gpxtpx:TrackPointExtension><gpxtpx:hr>186</gpxtpx:hr></gpxtpx:TrackPointExtension></extensions></trkpt><trkpt lat="58.05586" lon="38.835155"><ele>106.0</ele><time>2024-12-04T10:00:35Z</time><extensions><gpxtpx:TrackPointExtension><gpxtpx:hr>186</gpxtpx:hr></gpxtpx:TrackPointExtension></extensions></trkpt><trkpt lat="58.055847" lon="38.835193"><ele>106.0</ele><time>2024-12-04T10:00:35Z</time><extensions><gpxtpx:TrackPointExtension><gpxtpx:hr>186</gpxtpx:hr></gpxtpx:TrackPointExtension></extensions></trkpt><trkpt lat="58.055835" lon="38.83523"><ele>106.0</ele><time>2024-12-04T10:00:37Z</time><extensions><gpxtpx:TrackPointExtension><gpxtpx:hr>186</gpxtpx:hr></gpxtpx:TrackPointExtension></extensions></trkpt><trkpt lat="58.055823" lon="38.83528"><ele>106.0</ele><time>2024-12-04T10:00:37Z</time><extensions><gpxtpx:TrackPointExtension><gpxtpx:hr>186</gpxtpx:hr></gpxtpx:TrackPointExtension></extensions></trkpt><trkpt lat="58.05581" lon="38.83533"><ele>106.0</ele><time>2024-12-04T10:00:38Z</time><extensions><gpxtpx:TrackPointExtension><gpxtpx:hr>186</gpxtpx:hr></gpxtpx:TrackPointExtension></extensions></trkpt><trkpt lat="58.055793" lon="38.83538"><ele>106.0</ele><time>2024-12-04T10:00:39Z</time><extensions><gpxtpx:TrackPointExtension><gpxtpx:hr>186</gpxtpx:hr></gpxtpx:TrackPointExtension></extensions></trkpt><trkpt lat="58.055775" lon="38.835437"><ele>106.0</ele><time>2024-12-04T10:00:41Z</time><extensions><gpxtpx:TrackPointExtension><gpxtpx:hr>185</gpxtpx:hr></gpxtpx:TrackPointExtension></extensions></trkpt><trkpt lat="58.05576" lon="38.835495"><ele>106.0</ele><time>2024-12-04T10:00:42Z</time><extensions><gpxtpx:TrackPointExtension><gpxtpx:hr>188</gpxtpx:hr></gpxtpx:TrackPointExtension></extensions></trkpt><trkpt lat="58.055743" lon="38.835552"><ele>106.0</ele><time>2024-12-04T10:00:43Z</time><extensions><gpxtpx:TrackPointExtension><gpxtpx:hr>188</gpxtpx:hr></gpxtpx:TrackPointExtension></extensions></trkpt><trkpt lat="58.055725" lon="38.835605"><ele>106.0</ele><time>2024-12-04T10:00:44Z</time><extensions><gpxtpx:TrackPointExtension><gpxtpx:hr>188</gpxtpx:hr></gpxtpx:TrackPointExtension></extensions></trkpt><trkpt lat="58.05571" lon="38.83566"><ele>106.0</ele><time>2024-12-04T10:00:45Z</time><extensions><gpxtpx:TrackPointExtension><gpxtpx:hr>185</gpxtpx:hr></gpxtpx:TrackPointExtension></extensions></trkpt><trkpt lat="58.055695" lon="38.835712"><ele>106.0</ele><time>2024-12-04T10:00:46Z</time><extensions><gpxtpx:TrackPointExtension><gpxtpx:hr>186</gpxtpx:hr></gpxtpx:TrackPointExtension></extensions></trkpt><trkpt lat="58.05568" lon="38.835765"><ele>106.0</ele><time>2024-12-04T10:00:47Z</time><extensions><gpxtpx:TrackPointExtension><gpxtpx:hr>188</gpxtpx:hr></gpxtpx:TrackPointExtension></extensions></trkpt><trkpt lat="58.055663" lon="38.83582"><ele>106.0</ele><time>2024-12-04T10:00:48Z</time><extensions><gpxtpx:TrackPointExtension><gpxtpx:hr>188</gpxtpx:hr></gpxtpx:TrackPointExtension></extensions></trkpt><trkpt lat="58.055645" lon="38.83588"><ele>106.0</ele><time>2024-12-04T10:00:49Z</time><extensions><gpxtpx:TrackPointExtension><gpxtpx:hr>187</gpxtpx:hr></gpxtpx:TrackPointExtension></extensions></trkpt><trkpt lat="58.055622" lon="38.835945"><ele>106.0</ele><time>2024-12-04T10:00:49Z</time><extensions><gpxtpx:TrackPointExtension><gpxtpx:hr>187</gpxtpx:hr></gpxtpx:TrackPointExtension></extensions></trkpt><trkpt lat="58.055602" lon="38.836005"><ele>106.0</ele><time>2024-12-04T10:00:50Z</time><extensions><gpxtpx:TrackPointExtension><gpxtpx:hr>187</gpxtpx:hr></gpxtpx:TrackPointExtension></extensions></trkpt><trkpt lat="58.055583" lon="38.836062"><ele>106.0</ele><time>2024-12-04T10:00:51Z</time><extensions><gpxtpx:TrackPointExtension><gpxtpx:hr>186</gpxtpx:hr></gpxtpx:TrackPointExtension></extensions></trkpt><trkpt lat="58.055565" lon="38.836123"><ele>106.0</ele><time>2024-12-04T10:00:52Z</time><extensions><gpxtpx:TrackPointExtension><gpxtpx:hr>186</gpxtpx:hr></gpxtpx:TrackPointExtension></extensions></trkpt><trkpt lat="58.055545" lon="38.83618"><ele>106.0</ele><time>2024-12-04T10:00:54Z</time><extensions><gpxtpx:TrackPointExtension><gpxtpx:hr>185</gpxtpx:hr></gpxtpx:TrackPointExtension></extensions></trkpt><trkpt lat="58.05553" lon="38.836238"><ele>106.0</ele><time>2024-12-04T10:00:55Z</time><extensions><gpxtpx:TrackPointExtension><gpxtpx:hr>184</gpxtpx:hr></gpxtpx:TrackPointExtension></extensions></trkpt><trkpt lat="58.055508" lon="38.836292"><ele>106.0</ele><time>2024-12-04T10:00:56Z</time><extensions><gpxtpx:TrackPointExtension><gpxtpx:hr>184</gpxtpx:hr></gpxtpx:TrackPointExtension></extensions></trkpt><trkpt lat="58.055495" lon="38.83635"><ele>106.0</ele><time>2024-12-04T10:00:57Z</time><extensions><gpxtpx:TrackPointExtension><gpxtpx:hr>185</gpxtpx:hr></gpxtpx:TrackPointExtension></extensions></trkpt><trkpt lat="58.055477" lon="38.836407"><ele>106.0</ele><time>2024-12-04T10:00:58Z</time><extensions><gpxtpx:TrackPointExtension><gpxtpx:hr>185</gpxtpx:hr></gpxtpx:TrackPointExtension></extensions></trkpt><trkpt lat="58.055457" lon="38.83646"><ele>106.0</ele><time>2024-12-04T10:00:59Z</time><extensions><gpxtpx:TrackPointExtension><gpxtpx:hr>186</gpxtpx:hr></gpxtpx:TrackPointExtension></extensions></trkpt><trkpt lat="58.055442" lon="38.836517"><ele>106.0</ele><time>2024-12-04T10:01:00Z</time><extensions><gpxtpx:TrackPointExtension><gpxtpx:hr>186</gpxtpx:hr></gpxtpx:TrackPointExtension></extensions></trkpt><trkpt lat="58.055423" lon="38.83657"><ele>106.0</ele><time>2024-12-04T10:01:00Z</time><extensions><gpxtpx:TrackPointExtension><gpxtpx:hr>186</gpxtpx:hr></gpxtpx:TrackPointExtension></extensions></trkpt><trkpt lat="58.055412" lon="38.836623"><ele>106.0</ele><time>2024-12-04T10:01:02Z</time><extensions><gpxtpx:TrackPointExtension><gpxtpx:hr>188</gpxtpx:hr></gpxtpx:TrackPointExtension></extensions></trkpt><trkpt lat="58.055397" lon="38.83668"><ele>106.0</ele><time>2024-12-04T10:01:02Z</time><extensions><gpxtpx:TrackPointExtension><gpxtpx:hr>188</gpxtpx:hr></gpxtpx:TrackPointExtension></extensions></trkpt><trkpt lat="58.055385" lon="38.836735"><ele>106.0</ele><time>2024-12-04T10:01:03Z</time><extensions><gpxtpx:TrackPointExtension><gpxtpx:hr>188</gpxtpx:hr></gpxtpx:TrackPointExtension></extensions></trkpt><trkpt lat="58.05537" lon="38.836783"><ele>106.0</ele><time>2024-12-04T10:01:05Z</time><extensions><gpxtpx:TrackPointExtension><gpxtpx:hr>189</gpxtpx:hr></gpxtpx:TrackPointExtension></extensions></trkpt><trkpt lat="58.055355" lon="38.836837"><ele>106.0</ele><time>2024-12-04T10:01:06Z</time><extensions><gpxtpx:TrackPointExtension><gpxtpx:hr>190</gpxtpx:hr></gpxtpx:TrackPointExtension></extensions></trkpt><trkpt lat="58.05534" lon="38.83689"><ele>106.0</ele><time>2024-12-04T10:01:07Z</time><extensions><gpxtpx:TrackPointExtension><gpxtpx:hr>190</gpxtpx:hr></gpxtpx:TrackPointExtension></extensions></trkpt><trkpt lat="58.055325" lon="38.836945"><ele>106.0</ele><time>2024-12-04T10:01:08Z</time><extensions><gpxtpx:TrackPointExtension><gpxtpx:hr>190</gpxtpx:hr></gpxtpx:TrackPointExtension></extensions></trkpt><trkpt lat="58.055305" lon="38.836993"><ele>106.0</ele><time>2024-12-04T10:01:09Z</time><extensions><gpxtpx:TrackPointExtension><gpxtpx:hr>189</gpxtpx:hr></gpxtpx:TrackPointExtension></extensions></trkpt><trkpt lat="58.055285" lon="38.837047"><ele>106.0</ele><time>2024-12-04T10:01:10Z</time><extensions><gpxtpx:TrackPointExtension><gpxtpx:hr>189</gpxtpx:hr></gpxtpx:TrackPointExtension></extensions></trkpt><trkpt lat="58.05527" lon="38.8371"><ele>106.0</ele><time>2024-12-04T10:01:11Z</time><extensions><gpxtpx:TrackPointExtension><gpxtpx:hr>189</gpxtpx:hr></gpxtpx:TrackPointExtension></extensions></trkpt><trkpt lat="58.05525" lon="38.837153"><ele>106.0</ele><time>2024-12-04T10:01:11Z</time><extensions><gpxtpx:TrackPointExtension><gpxtpx:hr>189</gpxtpx:hr></gpxtpx:TrackPointExtension></extensions></trkpt><trkpt lat="58.05523" lon="38.837203"><ele>106.0</ele><time>2024-12-04T10:01:13Z</time><extensions><gpxtpx:TrackPointExtension><gpxtpx:hr>189</gpxtpx:hr></gpxtpx:TrackPointExtension></extensions></trkpt><trkpt lat="58.05521" lon="38.837257"><ele>106.0</ele><time>2024-12-04T10:01:13Z</time><extensions><gpxtpx:TrackPointExtension><gpxtpx:hr>189</gpxtpx:hr></gpxtpx:TrackPointExtension></extensions></trkpt><trkpt lat="58.05519" lon="38.83731"><ele>106.0</ele><time>2024-12-04T10:01:14Z</time><extensions><gpxtpx:TrackPointExtension><gpxtpx:hr>189</gpxtpx:hr></gpxtpx:TrackPointExtension></extensions></trkpt><trkpt lat="58.055172" lon="38.83736"><ele>106.0</ele><time>2024-12-04T10:01:15Z</time><extensions><gpxtpx:TrackPointExtension><gpxtpx:hr>189</gpxtpx:hr></gpxtpx:TrackPointExtension></extensions></trkpt><trkpt lat="58.055157" lon="38.837413"><ele>106.0</ele><time>2024-12-04T10:01:17Z</time><extensions><gpxtpx:TrackPointExtension><gpxtpx:hr>191</gpxtpx:hr></gpxtpx:TrackPointExtension></extensions></trkpt><trkpt lat="58.055137" lon="38.83746"><ele>106.0</ele><time>2024-12-04T10:01:18Z</time><extensions><gpxtpx:TrackPointExtension><gpxtpx:hr>191</gpxtpx:hr></gpxtpx:TrackPointExtension></extensions></trkpt><trkpt lat="58.055122" lon="38.837505"><ele>106.0</ele><time>2024-12-04T10:01:19Z</time><extensions><gpxtpx:TrackPointExtension><gpxtpx:hr>191</gpxtpx:hr></gpxtpx:TrackPointExtension></extensions></trkpt><trkpt lat="58.055102" lon="38.837555"><ele>106.0</ele><time>2024-12-04T10:01:20Z</time><extensions><gpxtpx:TrackPointExtension><gpxtpx:hr>191</gpxtpx:hr></gpxtpx:TrackPointExtension></extensions></trkpt><trkpt lat="58.055087" lon="38.8376"><ele>106.0</ele><time>2024-12-04T10:01:21Z</time><extensions><gpxtpx:TrackPointExtension><gpxtpx:hr>191</gpxtpx:hr></gpxtpx:TrackPointExtension></extensions></trkpt><trkpt lat="58.055072" lon="38.837645"><ele>106.0</ele><time>2024-12-04T10:01:22Z</time><extensions><gpxtpx:TrackPointExtension><gpxtpx:hr>191</gpxtpx:hr></gpxtpx:TrackPointExtension></extensions></trkpt><trkpt lat="58.055057" lon="38.83769"><ele>106.0</ele><time>2024-12-04T10:01:23Z</time><extensions><gpxtpx:TrackPointExtension><gpxtpx:hr>190</gpxtpx:hr></gpxtpx:TrackPointExtension></extensions></trkpt><trkpt lat="58.055042" lon="38.837733"><ele>106.0</ele><time>2024-12-04T10:01:24Z</time><extensions><gpxtpx:TrackPointExtension><gpxtpx:hr>189</gpxtpx:hr></gpxtpx:TrackPointExtension></extensions></trkpt><trkpt lat="58.055027" lon="38.837775"><ele>106.0</ele><time>2024-12-04T10:01:25Z</time><extensions><gpxtpx:TrackPointExtension><gpxtpx:hr>189</gpxtpx:hr></gpxtpx:TrackPointExtension></extensions></trkpt><trkpt lat="58.05501" lon="38.837822"><ele>106.0</ele><time>2024-12-04T10:01:25Z</time><extensions><gpxtpx:TrackPointExtension><gpxtpx:hr>189</gpxtpx:hr></gpxtpx:TrackPointExtension></extensions></trkpt><trkpt lat="58.055" lon="38.837867"><ele>106.0</ele><time>2024-12-04T10:01:26Z</time><extensions><gpxtpx:TrackPointExtension><gpxtpx:hr>188</gpxtpx:hr></gpxtpx:TrackPointExtension></extensions></trkpt><trkpt lat="58.05498" lon="38.837913"><ele>106.0</ele><time>2024-12-04T10:01:27Z</time><extensions><gpxtpx:TrackPointExtension><gpxtpx:hr>188</gpxtpx:hr></gpxtpx:TrackPointExtension></extensions></trkpt><trkpt lat="58.054965" lon="38.83796"><ele>106.0</ele><time>2024-12-04T10:01:28Z</time><extensions><gpxtpx:TrackPointExtension><gpxtpx:hr>186</gpxtpx:hr></gpxtpx:TrackPointExtension></extensions></trkpt><trkpt lat="58.05495" lon="38.83801"><ele>106.0</ele><time>2024-12-04T10:01:30Z</time><extensions><gpxtpx:TrackPointExtension><gpxtpx:hr>188</gpxtpx:hr></gpxtpx:TrackPointExtension></extensions></trkpt><trkpt lat="58.05493" lon="38.83806"><ele>106.0</ele><time>2024-12-04T10:01:31Z</time><extensions><gpxtpx:TrackPointExtension><gpxtpx:hr>188</gpxtpx:hr></gpxtpx:TrackPointExtension></extensions></trkpt><trkpt lat="58.054915" lon="38.838103"><ele>106.0</ele><time>2024-12-04T10:01:32Z</time><extensions><gpxtpx:TrackPointExtension><gpxtpx:hr>186</gpxtpx:hr></gpxtpx:TrackPointExtension></extensions></trkpt><trkpt lat="58.0549" lon="38.838153"><ele>106.0</ele><time>2024-12-04T10:01:32Z</time><extensions><gpxtpx:TrackPointExtension><gpxtpx:hr>186</gpxtpx:hr></gpxtpx:TrackPointExtension></extensions></trkpt><trkpt lat="58.054882" lon="38.838202"><ele>106.0</ele><time>2024-12-04T10:01:34Z</time><extensions><gpxtpx:TrackPointExtension><gpxtpx:hr>185</gpxtpx:hr></gpxtpx:TrackPointExtension></extensions></trkpt><trkpt lat="58.054867" lon="38.838257"><ele>106.0</ele><time>2024-12-04T10:01:35Z</time><extensions><gpxtpx:TrackPointExtension><gpxtpx:hr>185</gpxtpx:hr></gpxtpx:TrackPointExtension></extensions></trkpt><trkpt lat="58.05485" lon="38.838305"><ele>106.0</ele><time>2024-12-04T10:01:35Z</time><extensions><gpxtpx:TrackPointExtension><gpxtpx:hr>185</gpxtpx:hr></gpxtpx:TrackPointExtension></extensions></trkpt><trkpt lat="58.054835" lon="38.838355"><ele>106.0</ele><time>2024-12-04T10:01:36Z</time><extensions><gpxtpx:TrackPointExtension><gpxtpx:hr>185</gpxtpx:hr></gpxtpx:TrackPointExtension></extensions></trkpt><trkpt lat="58.05482" lon="38.83841"><ele>106.0</ele><time>2024-12-04T10:01:37Z</time><extensions><gpxtpx:TrackPointExtension><gpxtpx:hr>185</gpxtpx:hr></gpxtpx:TrackPointExtension></extensions></trkpt><trkpt lat="58.054802" lon="38.838455"><ele>106.0</ele><time>2024-12-04T10:01:39Z</time><extensions><gpxtpx:TrackPointExtension><gpxtpx:hr>184</gpxtpx:hr></gpxtpx:TrackPointExtension></extensions></trkpt><trkpt lat="58.054787" lon="38.838503"><ele>106.0</ele><time>2024-12-04T10:01:40Z</time><extensions><gpxtpx:TrackPointExtension><gpxtpx:hr>184</gpxtpx:hr></gpxtpx:TrackPointExtension></extensions></trkpt><trkpt lat="58.05477" lon="38.838553"><ele>106.0</ele><time>2024-12-04T10:01:41Z</time><extensions><gpxtpx:TrackPointExtension><gpxtpx:hr>184</gpxtpx:hr></gpxtpx:TrackPointExtension></extensions></trkpt><trkpt lat="58.054755" lon="38.838603"><ele>106.0</ele><time>2024-12-04T10:01:42Z</time><extensions><gpxtpx:TrackPointExtension><gpxtpx:hr>184</gpxtpx:hr></gpxtpx:TrackPointExtension></extensions></trkpt><trkpt lat="58.05474" lon="38.838657"><ele>106.0</ele><time>2024-12-04T10:01:43Z</time><extensions><gpxtpx:TrackPointExtension><gpxtpx:hr>185</gpxtpx:hr></gpxtpx:TrackPointExtension></extensions></trkpt><trkpt lat="58.054725" lon="38.838707"><ele>106.0</ele><time>2024-12-04T10:01:44Z</time><extensions><gpxtpx:TrackPointExtension><gpxtpx:hr>185</gpxtpx:hr></gpxtpx:TrackPointExtension></extensions></trkpt><trkpt lat="58.05471" lon="38.838757"><ele>106.0</ele><time>2024-12-04T10:01:45Z</time><extensions><gpxtpx:TrackPointExtension><gpxtpx:hr>185</gpxtpx:hr></gpxtpx:TrackPointExtension></extensions></trkpt><trkpt lat="58.054695" lon="38.838805"><ele>106.0</ele><time>2024-12-04T10:01:45Z</time><extensions><gpxtpx:TrackPointExtension><gpxtpx:hr>185</gpxtpx:hr></gpxtpx:TrackPointExtension></extensions></trkpt><trkpt lat="58.054678" lon="38.83886"><ele>106.0</ele><time>2024-12-04T10:01:46Z</time><extensions><gpxtpx:TrackPointExtension><gpxtpx:hr>185</gpxtpx:hr></gpxtpx:TrackPointExtension></extensions></trkpt><trkpt lat="58.054665" lon="38.83891"><ele>106.0</ele><time>2024-12-04T10:01:48Z</time><extensions><gpxtpx:TrackPointExtension><gpxtpx:hr>186</gpxtpx:hr></gpxtpx:TrackPointExtension></extensions></trkpt><trkpt lat="58.05465" lon="38.83896"><ele>106.0</ele><time>2024-12-04T10:01:49Z</time><extensions><gpxtpx:TrackPointExtension><gpxtpx:hr>188</gpxtpx:hr></gpxtpx:TrackPointExtension></extensions></trkpt><trkpt lat="58.05463" lon="38.83901"><ele>106.0</ele><time>2024-12-04T10:01:50Z</time><extensions><gpxtpx:TrackPointExtension><gpxtpx:hr>188</gpxtpx:hr></gpxtpx:TrackPointExtension></extensions></trkpt><trkpt lat="58.054615" lon="38.839053"><ele>106.0</ele><time>2024-12-04T10:01:51Z</time><extensions><gpxtpx:TrackPointExtension><gpxtpx:hr>187</gpxtpx:hr></gpxtpx:TrackPointExtension></extensions></trkpt><trkpt lat="58.0546" lon="38.839103"><ele>106.0</ele><time>2024-12-04T10:01:52Z</time><extensions><gpxtpx:TrackPointExtension><gpxtpx:hr>187</gpxtpx:hr></gpxtpx:TrackPointExtension></extensions></trkpt><trkpt lat="58.054585" lon="38.839152"><ele>106.0</ele><time>2024-12-04T10:01:53Z</time><extensions><gpxtpx:TrackPointExtension><gpxtpx:hr>186</gpxtpx:hr></gpxtpx:TrackPointExtension></extensions></trkpt><trkpt lat="58.05457" lon="38.839202"><ele>106.0</ele><time>2024-12-04T10:01:54Z</time><extensions><gpxtpx:TrackPointExtension><gpxtpx:hr>186</gpxtpx:hr></gpxtpx:TrackPointExtension></extensions></trkpt><trkpt lat="58.054553" lon="38.83925"><ele>106.0</ele><time>2024-12-04T10:01:55Z</time><extensions><gpxtpx:TrackPointExtension><gpxtpx:hr>188</gpxtpx:hr></gpxtpx:TrackPointExtension></extensions></trkpt><trkpt lat="58.05454" lon="38.839293"><ele>106.0</ele><time>2024-12-04T10:01:55Z</time><extensions><gpxtpx:TrackPointExtension><gpxtpx:hr>188</gpxtpx:hr></gpxtpx:TrackPointExtension></extensions></trkpt><trkpt lat="58.054522" lon="38.83934"><ele>106.0</ele><time>2024-12-04T10:01:56Z</time><extensions><gpxtpx:TrackPointExtension><gpxtpx:hr>188</gpxtpx:hr></gpxtpx:TrackPointExtension></extensions></trkpt><trkpt lat="58.054503" lon="38.83939"><ele>106.0</ele><time>2024-12-04T10:01:57Z</time><extensions><gpxtpx:TrackPointExtension><gpxtpx:hr>188</gpxtpx:hr></gpxtpx:TrackPointExtension></extensions></trkpt><trkpt lat="58.05449" lon="38.83944"><ele>106.0</ele><time>2024-12-04T10:01:59Z</time><extensions><gpxtpx:TrackPointExtension><gpxtpx:hr>188</gpxtpx:hr></gpxtpx:TrackPointExtension></extensions></trkpt><trkpt lat="58.054473" lon="38.839485"><ele>106.0</ele><time>2024-12-04T10:02:00Z</time><extensions><gpxtpx:TrackPointExtension><gpxtpx:hr>188</gpxtpx:hr></gpxtpx:TrackPointExtension></extensions></trkpt><trkpt lat="58.05446" lon="38.839535"><ele>106.0</ele><time>2024-12-04T10:02:01Z</time><extensions><gpxtpx:TrackPointExtension><gpxtpx:hr>188</gpxtpx:hr></gpxtpx:TrackPointExtension></extensions></trkpt><trkpt lat="58.054442" lon="38.839583"><ele>106.0</ele><time>2024-12-04T10:02:02Z</time><extensions><gpxtpx:TrackPointExtension><gpxtpx:hr>188</gpxtpx:hr></gpxtpx:TrackPointExtension></extensions></trkpt><trkpt lat="58.054423" lon="38.839633"><ele>106.0</ele><time>2024-12-04T10:02:03Z</time><extensions><gpxtpx:TrackPointExtension><gpxtpx:hr>188</gpxtpx:hr></gpxtpx:TrackPointExtension></extensions></trkpt><trkpt lat="58.05441" lon="38.83968"><ele>106.0</ele><time>2024-12-04T10:02:04Z</time><extensions><gpxtpx:TrackPointExtension><gpxtpx:hr>188</gpxtpx:hr></gpxtpx:TrackPointExtension></extensions></trkpt><trkpt lat="58.054393" lon="38.839725"><ele>106.0</ele><time>2024-12-04T10:02:05Z</time><extensions><gpxtpx:TrackPointExtension><gpxtpx:hr>188</gpxtpx:hr></gpxtpx:TrackPointExtension></extensions></trkpt><trkpt lat="58.054382" lon="38.83977"><ele>106.0</ele><time>2024-12-04T10:02:05Z</time><extensions><gpxtpx:TrackPointExtension><gpxtpx:hr>188</gpxtpx:hr></gpxtpx:TrackPointExtension></extensions></trkpt><trkpt lat="58.054367" lon="38.83981"><ele>106.0</ele><time>2024-12-04T10:02:06Z</time><extensions><gpxtpx:TrackPointExtension><gpxtpx:hr>188</gpxtpx:hr></gpxtpx:TrackPointExtension></extensions></trkpt><trkpt lat="58.05435" lon="38.839835"><ele>106.0</ele><time>2024-12-04T10:02:07Z</time><extensions><gpxtpx:TrackPointExtension><gpxtpx:hr>188</gpxtpx:hr></gpxtpx:TrackPointExtension></extensions></trkpt><trkpt lat="58.054332" lon="38.83985"><ele>106.0</ele><time>2024-12-04T10:02:08Z</time><extensions><gpxtpx:TrackPointExtension><gpxtpx:hr>188</gpxtpx:hr></gpxtpx:TrackPointExtension></extensions></trkpt><trkpt lat="58.05431" lon="38.839855"><ele>106.0</ele><time>2024-12-04T10:02:10Z</time><extensions><gpxtpx:TrackPointExtension><gpxtpx:hr>188</gpxtpx:hr></gpxtpx:TrackPointExtension></extensions></trkpt><trkpt lat="58.05429" lon="38.839855"><ele>106.0</ele><time>2024-12-04T10:02:11Z</time><extensions><gpxtpx:TrackPointExtension><gpxtpx:hr>188</gpxtpx:hr></gpxtpx:TrackPointExtension></extensions></trkpt><trkpt lat="58.054267" lon="38.839843"><ele>106.0</ele><time>2024-12-04T10:02:12Z</time><extensions><gpxtpx:TrackPointExtension><gpxtpx:hr>188</gpxtpx:hr></gpxtpx:TrackPointExtension></extensions></trkpt><trkpt lat="58.05424" lon="38.839832"><ele>106.0</ele><time>2024-12-04T10:02:13Z</time><extensions><gpxtpx:TrackPointExtension><gpxtpx:hr>188</gpxtpx:hr></gpxtpx:TrackPointExtension></extensions></trkpt><trkpt lat="58.05422" lon="38.839817"><ele>106.0</ele><time>2024-12-04T10:02:14Z</time><extensions><gpxtpx:TrackPointExtension><gpxtpx:hr>186</gpxtpx:hr></gpxtpx:TrackPointExtension></extensions></trkpt><trkpt lat="58.054195" lon="38.839798"><ele>106.0</ele><time>2024-12-04T10:02:14Z</time><extensions><gpxtpx:TrackPointExtension><gpxtpx:hr>186</gpxtpx:hr></gpxtpx:TrackPointExtension></extensions></trkpt><trkpt lat="58.054172" lon="38.839787"><ele>106.0</ele><time>2024-12-04T10:02:15Z</time><extensions><gpxtpx:TrackPointExtension><gpxtpx:hr>186</gpxtpx:hr></gpxtpx:TrackPointExtension></extensions></trkpt><trkpt lat="58.05415" lon="38.839767"><ele>106.0</ele><time>2024-12-04T10:02:16Z</time><extensions><gpxtpx:TrackPointExtension><gpxtpx:hr>186</gpxtpx:hr></gpxtpx:TrackPointExtension></extensions></trkpt><trkpt lat="58.054127" lon="38.839752"><ele>106.0</ele><time>2024-12-04T10:02:17Z</time><extensions><gpxtpx:TrackPointExtension><gpxtpx:hr>186</gpxtpx:hr></gpxtpx:TrackPointExtension></extensions></trkpt><trkpt lat="58.0541" lon="38.83973"><ele>106.0</ele><time>2024-12-04T10:02:18Z</time><extensions><gpxtpx:TrackPointExtension><gpxtpx:hr>186</gpxtpx:hr></gpxtpx:TrackPointExtension></extensions></trkpt><trkpt lat="58.054077" lon="38.839705"><ele>106.0</ele><time>2024-12-04T10:02:20Z</time><extensions><gpxtpx:TrackPointExtension><gpxtpx:hr>186</gpxtpx:hr></gpxtpx:TrackPointExtension></extensions></trkpt><trkpt lat="58.054053" lon="38.839683"><ele>106.0</ele><time>2024-12-04T10:02:21Z</time><extensions><gpxtpx:TrackPointExtension><gpxtpx:hr>188</gpxtpx:hr></gpxtpx:TrackPointExtension></extensions></trkpt><trkpt lat="58.05403" lon="38.83966"><ele>106.0</ele><time>2024-12-04T10:02:22Z</time><extensions><gpxtpx:TrackPointExtension><gpxtpx:hr>189</gpxtpx:hr></gpxtpx:TrackPointExtension></extensions></trkpt><trkpt lat="58.05401" lon="38.839637"><ele>106.0</ele><time>2024-12-04T10:02:23Z</time><extensions><gpxtpx:TrackPointExtension><gpxtpx:hr>189</gpxtpx:hr></gpxtpx:TrackPointExtension></extensions></trkpt><trkpt lat="58.05399" lon="38.83961"><ele>106.0</ele><time>2024-12-04T10:02:24Z</time><extensions><gpxtpx:TrackPointExtension><gpxtpx:hr>190</gpxtpx:hr></gpxtpx:TrackPointExtension></extensions></trkpt><trkpt lat="58.05398" lon="38.839577"><ele>106.0</ele><time>2024-12-04T10:02:25Z</time><extensions><gpxtpx:TrackPointExtension><gpxtpx:hr>190</gpxtpx:hr></gpxtpx:TrackPointExtension></extensions></trkpt><trkpt lat="58.053977" lon="38.839542"><ele>106.0</ele><time>2024-12-04T10:02:26Z</time><extensions><gpxtpx:TrackPointExtension><gpxtpx:hr>190</gpxtpx:hr></gpxtpx:TrackPointExtension></extensions></trkpt><trkpt lat="58.05398" lon="38.839503"><ele>106.0</ele><time>2024-12-04T10:02:27Z</time><extensions><gpxtpx:TrackPointExtension><gpxtpx:hr>191</gpxtpx:hr></gpxtpx:TrackPointExtension></extensions></trkpt><trkpt lat="58.05399" lon="38.839465"><ele>106.0</ele><time>2024-12-04T10:02:27Z</time><extensions><gpxtpx:TrackPointExtension><gpxtpx:hr>191</gpxtpx:hr></gpxtpx:TrackPointExtension></extensions></trkpt><trkpt lat="58.053997" lon="38.83943"><ele>106.0</ele><time>2024-12-04T10:02:28Z</time><extensions><gpxtpx:TrackPointExtension><gpxtpx:hr>190</gpxtpx:hr></gpxtpx:TrackPointExtension></extensions></trkpt><trkpt lat="58.05401" lon="38.839397"><ele>106.0</ele><time>2024-12-04T10:02:29Z</time><extensions><gpxtpx:TrackPointExtension><gpxtpx:hr>190</gpxtpx:hr></gpxtpx:TrackPointExtension></extensions></trkpt><trkpt lat="58.054015" lon="38.83936"><ele>106.0</ele><time>2024-12-04T10:02:31Z</time><extensions><gpxtpx:TrackPointExtension><gpxtpx:hr>189</gpxtpx:hr></gpxtpx:TrackPointExtension></extensions></trkpt><trkpt lat="58.054023" lon="38.839317"><ele>106.0</ele><time>2024-12-04T10:02:31Z</time><extensions><gpxtpx:TrackPointExtension><gpxtpx:hr>189</gpxtpx:hr></gpxtpx:TrackPointExtension></extensions></trkpt><trkpt lat="58.054035" lon="38.839275"><ele>106.0</ele><time>2024-12-04T10:02:33Z</time><extensions><gpxtpx:TrackPointExtension><gpxtpx:hr>189</gpxtpx:hr></gpxtpx:TrackPointExtension></extensions></trkpt><trkpt lat="58.054042" lon="38.839232"><ele>106.0</ele><time>2024-12-04T10:02:34Z</time><extensions><gpxtpx:TrackPointExtension><gpxtpx:hr>186</gpxtpx:hr></gpxtpx:TrackPointExtension></extensions></trkpt><trkpt lat="58.054053" lon="38.83919"><ele>106.0</ele><time>2024-12-04T10:02:35Z</time><extensions><gpxtpx:TrackPointExtension><gpxtpx:hr>186</gpxtpx:hr></gpxtpx:TrackPointExtension></extensions></trkpt><trkpt lat="58.05406" lon="38.83915"><ele>106.0</ele><time>2024-12-04T10:02:36Z</time><extensions><gpxtpx:TrackPointExtension><gpxtpx:hr>184</gpxtpx:hr></gpxtpx:TrackPointExtension></extensions></trkpt><trkpt lat="58.054072" lon="38.839103"><ele>106.0</ele><time>2024-12-04T10:02:36Z</time><extensions><gpxtpx:TrackPointExtension><gpxtpx:hr>184</gpxtpx:hr></gpxtpx:TrackPointExtension></extensions></trkpt><trkpt lat="58.054085" lon="38.839057"><ele>106.0</ele><time>2024-12-04T10:02:36Z</time><extensions><gpxtpx:TrackPointExtension><gpxtpx:hr>184</gpxtpx:hr></gpxtpx:TrackPointExtension></extensions></trkpt><trkpt lat="58.054092" lon="38.839015"><ele>106.0</ele><time>2024-12-04T10:02:37Z</time><extensions><gpxtpx:TrackPointExtension><gpxtpx:hr>184</gpxtpx:hr></gpxtpx:TrackPointExtension></extensions></trkpt><trkpt lat="58.054103" lon="38.83897"><ele>106.0</ele><time>2024-12-04T10:02:38Z</time><extensions><gpxtpx:TrackPointExtension><gpxtpx:hr>183</gpxtpx:hr></gpxtpx:TrackPointExtension></extensions></trkpt><trkpt lat="58.054115" lon="38.838923"><ele>106.0</ele><time>2024-12-04T10:02:39Z</time><extensions><gpxtpx:TrackPointExtension><gpxtpx:hr>183</gpxtpx:hr></gpxtpx:TrackPointExtension></extensions></trkpt><trkpt lat="58.05413" lon="38.83888"><ele>106.0</ele><time>2024-12-04T10:02:41Z</time><extensions><gpxtpx:TrackPointExtension><gpxtpx:hr>183</gpxtpx:hr></gpxtpx:TrackPointExtension></extensions></trkpt><trkpt lat="58.054142" lon="38.838832"><ele>106.0</ele><time>2024-12-04T10:02:42Z</time><extensions><gpxtpx:TrackPointExtension><gpxtpx:hr>183</gpxtpx:hr></gpxtpx:TrackPointExtension></extensions></trkpt><trkpt lat="58.054157" lon="38.83879"><ele>106.0</ele><time>2024-12-04T10:02:43Z</time><extensions><gpxtpx:TrackPointExtension><gpxtpx:hr>183</gpxtpx:hr></gpxtpx:TrackPointExtension></extensions></trkpt><trkpt lat="58.054172" lon="38.838745"><ele>106.0</ele><time>2024-12-04T10:02:44Z</time><extensions><gpxtpx:TrackPointExtension><gpxtpx:hr>183</gpxtpx:hr></gpxtpx:TrackPointExtension></extensions></trkpt><trkpt lat="58.054187" lon="38.838702"><ele>106.0</ele><time>2024-12-04T10:02:44Z</time><extensions><gpxtpx:TrackPointExtension><gpxtpx:hr>183</gpxtpx:hr></gpxtpx:TrackPointExtension></extensions></trkpt><trkpt lat="58.054202" lon="38.838657"><ele>106.0</ele><time>2024-12-04T10:02:46Z</time><extensions><gpxtpx:TrackPointExtension><gpxtpx:hr>184</gpxtpx:hr></gpxtpx:TrackPointExtension></extensions></trkpt><trkpt lat="58.054213" lon="38.83861"><ele>106.0</ele><time>2024-12-04T10:02:47Z</time><extensions><gpxtpx:TrackPointExtension><gpxtpx:hr>184</gpxtpx:hr></gpxtpx:TrackPointExtension></extensions></trkpt><trkpt lat="58.054228" lon="38.838562"><ele>106.0</ele><time>2024-12-04T10:02:47Z</time><extensions><gpxtpx:TrackPointExtension><gpxtpx:hr>184</gpxtpx:hr></gpxtpx:TrackPointExtension></extensions></trkpt><trkpt lat="58.05424" lon="38.838515"><ele>106.0</ele><time>2024-12-04T10:02:48Z</time><extensions><gpxtpx:TrackPointExtension><gpxtpx:hr>184</gpxtpx:hr></gpxtpx:TrackPointExtension></extensions></trkpt><trkpt lat="58.054252" lon="38.838473"><ele>106.0</ele><time>2024-12-04T10:02:49Z</time><extensions><gpxtpx:TrackPointExtension><gpxtpx:hr>185</gpxtpx:hr></gpxtpx:TrackPointExtension></extensions></trkpt><trkpt lat="58.054267" lon="38.838425"><ele>106.0</ele><time>2024-12-04T10:02:51Z</time><extensions><gpxtpx:TrackPointExtension><gpxtpx:hr>186</gpxtpx:hr></gpxtpx:TrackPointExtension></extensions></trkpt><trkpt lat="58.05428" lon="38.83838"><ele>106.0</ele><time>2024-12-04T10:02:52Z</time><extensions><gpxtpx:TrackPointExtension><gpxtpx:hr>188</gpxtpx:hr></gpxtpx:TrackPointExtension></extensions></trkpt><trkpt lat="58.054295" lon="38.838332"><ele>106.0</ele><time>2024-12-04T10:02:53Z</time><extensions><gpxtpx:TrackPointExtension><gpxtpx:hr>188</gpxtpx:hr></gpxtpx:TrackPointExtension></extensions></trkpt><trkpt lat="58.05431" lon="38.83829"><ele>106.0</ele><time>2024-12-04T10:02:54Z</time><extensions><gpxtpx:TrackPointExtension><gpxtpx:hr>188</gpxtpx:hr></gpxtpx:TrackPointExtension></extensions></trkpt><trkpt lat="58.05432" lon="38.838245"><ele>106.0</ele><time>2024-12-04T10:02:55Z</time><extensions><gpxtpx:TrackPointExtension><gpxtpx:hr>188</gpxtpx:hr></gpxtpx:TrackPointExtension></extensions></trkpt><trkpt lat="58.054337" lon="38.838195"><ele>106.0</ele><time>2024-12-04T10:02:56Z</time><extensions><gpxtpx:TrackPointExtension><gpxtpx:hr>191</gpxtpx:hr></gpxtpx:TrackPointExtension></extensions></trkpt><trkpt lat="58.05435" lon="38.838145"><ele>106.0</ele><time>2024-12-04T10:02:57Z</time><extensions><gpxtpx:TrackPointExtension><gpxtpx:hr>193</gpxtpx:hr></gpxtpx:TrackPointExtension></extensions></trkpt><trkpt lat="58.054367" lon="38.8381"><ele>106.0</ele><time>2024-12-04T10:02:58Z</time><extensions><gpxtpx:TrackPointExtension><gpxtpx:hr>193</gpxtpx:hr></gpxtpx:TrackPointExtension></extensions></trkpt><trkpt lat="58.054382" lon="38.838053"><ele>106.0</ele><time>2024-12-04T10:02:59Z</time><extensions><gpxtpx:TrackPointExtension><gpxtpx:hr>192</gpxtpx:hr></gpxtpx:TrackPointExtension></extensions></trkpt><trkpt lat="58.054397" lon="38.838"><ele>106.0</ele><time>2024-12-04T10:02:59Z</time><extensions><gpxtpx:TrackPointExtension><gpxtpx:hr>192</gpxtpx:hr></gpxtpx:TrackPointExtension></extensions></trkpt><trkpt lat="58.054417" lon="38.83795"><ele>106.0</ele><time>2024-12-04T10:03:00Z</time><extensions><gpxtpx:TrackPointExtension><gpxtpx:hr>193</gpxtpx:hr></gpxtpx:TrackPointExtension></extensions></trkpt><trkpt lat="58.054432" lon="38.837902"><ele>106.0</ele><time>2024-12-04T10:03:01Z</time><extensions><gpxtpx:TrackPointExtension><gpxtpx:hr>193</gpxtpx:hr></gpxtpx:TrackPointExtension></extensions></trkpt><trkpt lat="58.054442" lon="38.83785"><ele>106.0</ele><time>2024-12-04T10:03:02Z</time><extensions><gpxtpx:TrackPointExtension><gpxtpx:hr>192</gpxtpx:hr></gpxtpx:TrackPointExtension></extensions></trkpt><trkpt lat="58.054453" lon="38.8378"><ele>106.0</ele><time>2024-12-04T10:03:04Z</time><extensions><gpxtpx:TrackPointExtension><gpxtpx:hr>192</gpxtpx:hr></gpxtpx:TrackPointExtension></extensions></trkpt><trkpt lat="58.054465" lon="38.837752"><ele>106.0</ele><time>2024-12-04T10:03:05Z</time><extensions><gpxtpx:TrackPointExtension><gpxtpx:hr>192</gpxtpx:hr></gpxtpx:TrackPointExtension></extensions></trkpt><trkpt lat="58.05448" lon="38.837703"><ele>106.0</ele><time>2024-12-04T10:03:06Z</time><extensions><gpxtpx:TrackPointExtension><gpxtpx:hr>192</gpxtpx:hr></gpxtpx:TrackPointExtension></extensions></trkpt><trkpt lat="58.054492" lon="38.837653"><ele>106.0</ele><time>2024-12-04T10:03:07Z</time><extensions><gpxtpx:TrackPointExtension><gpxtpx:hr>193</gpxtpx:hr></gpxtpx:TrackPointExtension></extensions></trkpt><trkpt lat="58.05451" lon="38.837605"><ele>106.0</ele><time>2024-12-04T10:03:08Z</time><extensions><gpxtpx:TrackPointExtension><gpxtpx:hr>193</gpxtpx:hr></gpxtpx:TrackPointExtension></extensions></trkpt><trkpt lat="58.05452" lon="38.837555"><ele>106.0</ele><time>2024-12-04T10:03:09Z</time><extensions><gpxtpx:TrackPointExtension><gpxtpx:hr>192</gpxtpx:hr></gpxtpx:TrackPointExtension></extensions></trkpt><trkpt lat="58.054535" lon="38.83751"><ele>106.0</ele><time>2024-12-04T10:03:10Z</time><extensions><gpxtpx:TrackPointExtension><gpxtpx:hr>192</gpxtpx:hr></gpxtpx:TrackPointExtension></extensions></trkpt><trkpt lat="58.05455" lon="38.83746"><ele>106.0</ele><time>2024-12-04T10:03:11Z</time><extensions><gpxtpx:TrackPointExtension><gpxtpx:hr>192</gpxtpx:hr></gpxtpx:TrackPointExtension></extensions></trkpt><trkpt lat="58.054565" lon="38.837413"><ele>106.0</ele><time>2024-12-04T10:03:11Z</time><extensions><gpxtpx:TrackPointExtension><gpxtpx:hr>192</gpxtpx:hr></gpxtpx:TrackPointExtension></extensions></trkpt><trkpt lat="58.054577" lon="38.837367"><ele>106.0</ele><time>2024-12-04T10:03:12Z</time><extensions><gpxtpx:TrackPointExtension><gpxtpx:hr>192</gpxtpx:hr></gpxtpx:TrackPointExtension></extensions></trkpt><trkpt lat="58.054595" lon="38.837322"><ele>106.0</ele><time>2024-12-04T10:03:14Z</time><extensions><gpxtpx:TrackPointExtension><gpxtpx:hr>192</gpxtpx:hr></gpxtpx:TrackPointExtension></extensions></trkpt><trkpt lat="58.054608" lon="38.837275"><ele>106.0</ele><time>2024-12-04T10:03:15Z</time><extensions><gpxtpx:TrackPointExtension><gpxtpx:hr>192</gpxtpx:hr></gpxtpx:TrackPointExtension></extensions></trkpt><trkpt lat="58.054625" lon="38.83723"><ele>106.0</ele><time>2024-12-04T10:03:16Z</time><extensions><gpxtpx:TrackPointExtension><gpxtpx:hr>191</gpxtpx:hr></gpxtpx:TrackPointExtension></extensions></trkpt><trkpt lat="58.05464" lon="38.83718"><ele>106.0</ele><time>2024-12-04T10:03:17Z</time><extensions><gpxtpx:TrackPointExtension><gpxtpx:hr>191</gpxtpx:hr></gpxtpx:TrackPointExtension></extensions></trkpt><trkpt lat="58.054657" lon="38.837135"><ele>106.0</ele><time>2024-12-04T10:03:18Z</time><extensions><gpxtpx:TrackPointExtension><gpxtpx:hr>190</gpxtpx:hr></gpxtpx:TrackPointExtension></extensions></trkpt><trkpt lat="58.054672" lon="38.83709"><ele>106.0</ele><time>2024-12-04T10:03:19Z</time><extensions><gpxtpx:TrackPointExtension><gpxtpx:hr>190</gpxtpx:hr></gpxtpx:TrackPointExtension></extensions></trkpt><trkpt lat="58.05469" lon="38.837043"><ele>106.0</ele><time>2024-12-04T10:03:20Z</time><extensions><gpxtpx:TrackPointExtension><gpxtpx:hr>189</gpxtpx:hr></gpxtpx:TrackPointExtension></extensions></trkpt><trkpt lat="58.054707" lon="38.836997"><ele>106.0</ele><time>2024-12-04T10:03:21Z</time><extensions><gpxtpx:TrackPointExtension><gpxtpx:hr>189</gpxtpx:hr></gpxtpx:TrackPointExtension></extensions></trkpt><trkpt lat="58.05472" lon="38.836945"><ele>106.0</ele><time>2024-12-04T10:03:21Z</time><extensions><gpxtpx:TrackPointExtension><gpxtpx:hr>189</gpxtpx:hr></gpxtpx:TrackPointExtension></extensions></trkpt><trkpt lat="58.05474" lon="38.836895"><ele>106.0</ele><time>2024-12-04T10:03:23Z</time><extensions><gpxtpx:TrackPointExtension><gpxtpx:hr>189</gpxtpx:hr></gpxtpx:TrackPointExtension></extensions></trkpt><trkpt lat="58.05476" lon="38.836843"><ele>106.0</ele><time>2024-12-04T10:03:23Z</time><extensions><gpxtpx:TrackPointExtension><gpxtpx:hr>189</gpxtpx:hr></gpxtpx:TrackPointExtension></extensions></trkpt><trkpt lat="58.05478" lon="38.836795"><ele>106.0</ele><time>2024-12-04T10:03:25Z</time><extensions><gpxtpx:TrackPointExtension><gpxtpx:hr>189</gpxtpx:hr></gpxtpx:TrackPointExtension></extensions></trkpt><trkpt lat="58.054793" lon="38.836742"><ele>106.0</ele><time>2024-12-04T10:03:26Z</time><extensions><gpxtpx:TrackPointExtension><gpxtpx:hr>188</gpxtpx:hr></gpxtpx:TrackPointExtension></extensions></trkpt><trkpt lat="58.05481" lon="38.836692"><ele>106.0</ele><time>2024-12-04T10:03:27Z</time><extensions><gpxtpx:TrackPointExtension><gpxtpx:hr>188</gpxtpx:hr></gpxtpx:TrackPointExtension></extensions></trkpt><trkpt lat="58.054825" lon="38.836642"><ele>106.0</ele><time>2024-12-04T10:03:28Z</time><extensions><gpxtpx:TrackPointExtension><gpxtpx:hr>189</gpxtpx:hr></gpxtpx:TrackPointExtension></extensions></trkpt><trkpt lat="58.05484" lon="38.836593"><ele>106.0</ele><time>2024-12-04T10:03:29Z</time><extensions><gpxtpx:TrackPointExtension><gpxtpx:hr>190</gpxtpx:hr></gpxtpx:TrackPointExtension></extensions></trkpt><trkpt lat="58.054855" lon="38.836543"><ele>106.0</ele><time>2024-12-04T10:03:30Z</time><extensions><gpxtpx:TrackPointExtension><gpxtpx:hr>190</gpxtpx:hr></gpxtpx:TrackPointExtension></extensions></trkpt><trkpt lat="58.05487" lon="38.836493"><ele>106.0</ele><time>2024-12-04T10:03:31Z</time><extensions><gpxtpx:TrackPointExtension><gpxtpx:hr>190</gpxtpx:hr></gpxtpx:TrackPointExtension></extensions></trkpt><trkpt lat="58.054885" lon="38.83644"><ele>106.0</ele><time>2024-12-04T10:03:32Z</time><extensions><gpxtpx:TrackPointExtension><gpxtpx:hr>190</gpxtpx:hr></gpxtpx:TrackPointExtension></extensions></trkpt><trkpt lat="58.0549" lon="38.836395"><ele>106.0</ele><time>2024-12-04T10:03:32Z</time><extensions><gpxtpx:TrackPointExtension><gpxtpx:hr>190</gpxtpx:hr></gpxtpx:TrackPointExtension></extensions></trkpt><trkpt lat="58.05492" lon="38.83635"><ele>106.0</ele><time>2024-12-04T10:03:33Z</time><extensions><gpxtpx:TrackPointExtension><gpxtpx:hr>190</gpxtpx:hr></gpxtpx:TrackPointExtension></extensions></trkpt><trkpt lat="58.054935" lon="38.8363"><ele>106.0</ele><time>2024-12-04T10:03:34Z</time><extensions><gpxtpx:TrackPointExtension><gpxtpx:hr>190</gpxtpx:hr></gpxtpx:TrackPointExtension></extensions></trkpt><trkpt lat="58.05495" lon="38.83625"><ele>106.0</ele><time>2024-12-04T10:03:36Z</time><extensions><gpxtpx:TrackPointExtension><gpxtpx:hr>190</gpxtpx:hr></gpxtpx:TrackPointExtension></extensions></trkpt><trkpt lat="58.054965" lon="38.8362"><ele>106.0</ele><time>2024-12-04T10:03:37Z</time><extensions><gpxtpx:TrackPointExtension><gpxtpx:hr>190</gpxtpx:hr></gpxtpx:TrackPointExtension></extensions></trkpt><trkpt lat="58.054977" lon="38.836153"><ele>106.0</ele><time>2024-12-04T10:03:38Z</time><extensions><gpxtpx:TrackPointExtension><gpxtpx:hr>190</gpxtpx:hr></gpxtpx:TrackPointExtension></extensions></trkpt><trkpt lat="58.054992" lon="38.8361"><ele>106.0</ele><time>2024-12-04T10:03:39Z</time><extensions><gpxtpx:TrackPointExtension><gpxtpx:hr>190</gpxtpx:hr></gpxtpx:TrackPointExtension></extensions></trkpt><trkpt lat="58.055007" lon="38.836052"><ele>106.0</ele><time>2024-12-04T10:03:40Z</time><extensions><gpxtpx:TrackPointExtension><gpxtpx:hr>189</gpxtpx:hr></gpxtpx:TrackPointExtension></extensions></trkpt><trkpt lat="58.055022" lon="38.835998"><ele>106.0</ele><time>2024-12-04T10:03:41Z</time><extensions><gpxtpx:TrackPointExtension><gpxtpx:hr>188</gpxtpx:hr></gpxtpx:TrackPointExtension></extensions></trkpt><trkpt lat="58.055035" lon="38.83595"><ele>106.0</ele><time>2024-12-04T10:03:42Z</time><extensions><gpxtpx:TrackPointExtension><gpxtpx:hr>189</gpxtpx:hr></gpxtpx:TrackPointExtension></extensions></trkpt><trkpt lat="58.05505" lon="38.835895"><ele>106.0</ele><time>2024-12-04T10:03:43Z</time><extensions><gpxtpx:TrackPointExtension><gpxtpx:hr>191</gpxtpx:hr></gpxtpx:TrackPointExtension></extensions></trkpt><trkpt lat="58.055065" lon="38.835842"><ele>106.0</ele><time>2024-12-04T10:03:43Z</time><extensions><gpxtpx:TrackPointExtension><gpxtpx:hr>191</gpxtpx:hr></gpxtpx:TrackPointExtension></extensions></trkpt><trkpt lat="58.05508" lon="38.835792"><ele>106.0</ele><time>2024-12-04T10:03:44Z</time><extensions><gpxtpx:TrackPointExtension><gpxtpx:hr>191</gpxtpx:hr></gpxtpx:TrackPointExtension></extensions></trkpt><trkpt lat="58.055095" lon="38.835742"><ele>106.0</ele><time>2024-12-04T10:03:45Z</time><extensions><gpxtpx:TrackPointExtension><gpxtpx:hr>192</gpxtpx:hr></gpxtpx:TrackPointExtension></extensions></trkpt><trkpt lat="58.055107" lon="38.83569"><ele>106.0</ele><time>2024-12-04T10:03:46Z</time><extensions><gpxtpx:TrackPointExtension><gpxtpx:hr>193</gpxtpx:hr></gpxtpx:TrackPointExtension></extensions></trkpt><trkpt lat="58.055122" lon="38.83564"><ele>106.0</ele><time>2024-12-04T10:03:48Z</time><extensions><gpxtpx:TrackPointExtension><gpxtpx:hr>193</gpxtpx:hr></gpxtpx:TrackPointExtension></extensions></trkpt><trkpt lat="58.055137" lon="38.83559"><ele>106.0</ele><time>2024-12-04T10:03:49Z</time><extensions><gpxtpx:TrackPointExtension><gpxtpx:hr>193</gpxtpx:hr></gpxtpx:TrackPointExtension></extensions></trkpt><trkpt lat="58.055152" lon="38.835545"><ele>106.0</ele><time>2024-12-04T10:03:50Z</time><extensions><gpxtpx:TrackPointExtension><gpxtpx:hr>193</gpxtpx:hr></gpxtpx:TrackPointExtension></extensions></trkpt><trkpt lat="58.05517" lon="38.835495"><ele>106.0</ele><time>2024-12-04T10:03:51Z</time><extensions><gpxtpx:TrackPointExtension><gpxtpx:hr>193</gpxtpx:hr></gpxtpx:TrackPointExtension></extensions></trkpt><trkpt lat="58.05518" lon="38.835445"><ele>106.0</ele><time>2024-12-04T10:03:52Z</time><extensions><gpxtpx:TrackPointExtension><gpxtpx:hr>193</gpxtpx:hr></gpxtpx:TrackPointExtension></extensions></trkpt><trkpt lat="58.055195" lon="38.835395"><ele>106.0</ele><time>2024-12-04T10:03:53Z</time><extensions><gpxtpx:TrackPointExtension><gpxtpx:hr>193</gpxtpx:hr></gpxtpx:TrackPointExtension></extensions></trkpt><trkpt lat="58.055205" lon="38.83535"><ele>106.0</ele><time>2024-12-04T10:03:54Z</time><extensions><gpxtpx:TrackPointExtension><gpxtpx:hr>193</gpxtpx:hr></gpxtpx:TrackPointExtension></extensions></trkpt><trkpt lat="58.05522" lon="38.835297"><ele>106.0</ele><time>2024-12-04T10:03:54Z</time><extensions><gpxtpx:TrackPointExtension><gpxtpx:hr>193</gpxtpx:hr></gpxtpx:TrackPointExtension></extensions></trkpt><trkpt lat="58.055237" lon="38.835242"><ele>106.0</ele><time>2024-12-04T10:03:55Z</time><extensions><gpxtpx:TrackPointExtension><gpxtpx:hr>193</gpxtpx:hr></gpxtpx:TrackPointExtension></extensions></trkpt><trkpt lat="58.055252" lon="38.835193"><ele>106.0</ele><time>2024-12-04T10:03:56Z</time><extensions><gpxtpx:TrackPointExtension><gpxtpx:hr>193</gpxtpx:hr></gpxtpx:TrackPointExtension></extensions></trkpt><trkpt lat="58.055267" lon="38.83514"><ele>106.0</ele><time>2024-12-04T10:03:58Z</time><extensions><gpxtpx:TrackPointExtension><gpxtpx:hr>194</gpxtpx:hr></gpxtpx:TrackPointExtension></extensions></trkpt><trkpt lat="58.055282" lon="38.835093"><ele>106.0</ele><time>2024-12-04T10:03:59Z</time><extensions><gpxtpx:TrackPointExtension><gpxtpx:hr>194</gpxtpx:hr></gpxtpx:TrackPointExtension></extensions></trkpt><trkpt lat="58.055297" lon="38.835045"><ele>106.0</ele><time>2024-12-04T10:04:00Z</time><extensions><gpxtpx:TrackPointExtension><gpxtpx:hr>192</gpxtpx:hr></gpxtpx:TrackPointExtension></extensions></trkpt><trkpt lat="58.055312" lon="38.834995"><ele>106.0</ele><time>2024-12-04T10:04:01Z</time><extensions><gpxtpx:TrackPointExtension><gpxtpx:hr>192</gpxtpx:hr></gpxtpx:TrackPointExtension></extensions></trkpt><trkpt lat="58.055325" lon="38.834945"><ele>106.0</ele><time>2024-12-04T10:04:02Z</time><extensions><gpxtpx:TrackPointExtension><gpxtpx:hr>192</gpxtpx:hr></gpxtpx:TrackPointExtension></extensions></trkpt><trkpt lat="58.05534" lon="38.8349"><ele>106.0</ele><time>2024-12-04T10:04:03Z</time><extensions><gpxtpx:TrackPointExtension><gpxtpx:hr>192</gpxtpx:hr></gpxtpx:TrackPointExtension></extensions></trkpt><trkpt lat="58.05535" lon="38.83485"><ele>106.0</ele><time>2024-12-04T10:04:04Z</time><extensions><gpxtpx:TrackPointExtension><gpxtpx:hr>192</gpxtpx:hr></gpxtpx:TrackPointExtension></extensions></trkpt><trkpt lat="58.055367" lon="38.834805"><ele>106.0</ele><time>2024-12-04T10:04:05Z</time><extensions><gpxtpx:TrackPointExtension><gpxtpx:hr>191</gpxtpx:hr></gpxtpx:TrackPointExtension></extensions></trkpt><trkpt lat="58.055377" lon="38.83476"><ele>106.0</ele><time>2024-12-04T10:04:06Z</time><extensions><gpxtpx:TrackPointExtension><gpxtpx:hr>191</gpxtpx:hr></gpxtpx:TrackPointExtension></extensions></trkpt><trkpt lat="58.055392" lon="38.834717"><ele>106.0</ele><time>2024-12-04T10:04:06Z</time><extensions><gpxtpx:TrackPointExtension><gpxtpx:hr>191</gpxtpx:hr></gpxtpx:TrackPointExtension></extensions></trkpt><trkpt lat="58.05541" lon="38.83468"><ele>106.0</ele><time>2024-12-04T10:04:07Z</time><extensions><gpxtpx:TrackPointExtension><gpxtpx:hr>190</gpxtpx:hr></gpxtpx:TrackPointExtension></extensions></trkpt><trkpt lat="58.055423" lon="38.834643"><ele>106.0</ele><time>2024-12-04T10:04:08Z</time><extensions><gpxtpx:TrackPointExtension><gpxtpx:hr>190</gpxtpx:hr></gpxtpx:TrackPointExtension></extensions></trkpt><trkpt lat="58.055442" lon="38.834625"><ele>106.0</ele><time>2024-12-04T10:04:09Z</time><extensions><gpxtpx:TrackPointExtension><gpxtpx:hr>190</gpxtpx:hr></gpxtpx:TrackPointExtension></extensions></trkpt><trkpt lat="58.05546" lon="38.83461"><ele>106.0</ele><time>2024-12-04T10:04:10Z</time><extensions><gpxtpx:TrackPointExtension><gpxtpx:hr>189</gpxtpx:hr></gpxtpx:TrackPointExtension></extensions></trkpt><trkpt lat="58.05548" lon="38.834605"><ele>106.0</ele><time>2024-12-04T10:04:12Z</time><extensions><gpxtpx:TrackPointExtension><gpxtpx:hr>189</gpxtpx:hr></gpxtpx:TrackPointExtension></extensions></trkpt><trkpt lat="58.055503" lon="38.834605"><ele>106.0</ele><time>2024-12-04T10:04:13Z</time><extensions><gpxtpx:TrackPointExtension><gpxtpx:hr>189</gpxtpx:hr></gpxtpx:TrackPointExtension></extensions></trkpt><trkpt lat="58.055527" lon="38.83461"><ele>106.0</ele><time>2024-12-04T10:04:14Z</time><extensions><gpxtpx:TrackPointExtension><gpxtpx:hr>190</gpxtpx:hr></gpxtpx:TrackPointExtension></extensions></trkpt><trkpt lat="58.05555" lon="38.834613"><ele>106.0</ele><time>2024-12-04T10:04:15Z</time><extensions><gpxtpx:TrackPointExtension><gpxtpx:hr>190</gpxtpx:hr></gpxtpx:TrackPointExtension></extensions></trkpt><trkpt lat="58.055575" lon="38.83462"><ele>106.0</ele><time>2024-12-04T10:04:16Z</time><extensions><gpxtpx:TrackPointExtension><gpxtpx:hr>190</gpxtpx:hr></gpxtpx:TrackPointExtension></extensions></trkpt><trkpt lat="58.0556" lon="38.834632"><ele>106.0</ele><time>2024-12-04T10:04:17Z</time><extensions><gpxtpx:TrackPointExtension><gpxtpx:hr>190</gpxtpx:hr></gpxtpx:TrackPointExtension></extensions></trkpt><trkpt lat="58.055625" lon="38.834643"><ele>106.0</ele><time>2024-12-04T10:04:17Z</time><extensions><gpxtpx:TrackPointExtension><gpxtpx:hr>190</gpxtpx:hr></gpxtpx:TrackPointExtension></extensions></trkpt><trkpt lat="58.055655" lon="38.83466"><ele>106.0</ele><time>2024-12-04T10:04:18Z</time><extensions><gpxtpx:TrackPointExtension><gpxtpx:hr>190</gpxtpx:hr></gpxtpx:TrackPointExtension></extensions></trkpt><trkpt lat="58.05568" lon="38.834675"><ele>106.0</ele><time>2024-12-04T10:04:19Z</time><extensions><gpxtpx:TrackPointExtension><gpxtpx:hr>190</gpxtpx:hr></gpxtpx:TrackPointExtension></extensions></trkpt><trkpt lat="58.05571" lon="38.83469"><ele>106.0</ele><time>2024-12-04T10:04:21Z</time><extensions><gpxtpx:TrackPointExtension><gpxtpx:hr>190</gpxtpx:hr></gpxtpx:TrackPointExtension></extensions></trkpt><trkpt lat="58.055737" lon="38.834712"><ele>106.0</ele><time>2024-12-04T10:04:22Z</time><extensions><gpxtpx:TrackPointExtension><gpxtpx:hr>190</gpxtpx:hr></gpxtpx:TrackPointExtension></extensions></trkpt><trkpt lat="58.05576" lon="38.834732"><ele>106.0</ele><time>2024-12-04T10:04:23Z</time><extensions><gpxtpx:TrackPointExtension><gpxtpx:hr>192</gpxtpx:hr></gpxtpx:TrackPointExtension></extensions></trkpt><trkpt lat="58.05579" lon="38.834755"><ele>106.0</ele><time>2024-12-04T10:04:24Z</time><extensions><gpxtpx:TrackPointExtension><gpxtpx:hr>192</gpxtpx:hr></gpxtpx:TrackPointExtension></extensions></trkpt><trkpt lat="58.055817" lon="38.834773"><ele>106.0</ele><time>2024-12-04T10:04:25Z</time><extensions><gpxtpx:TrackPointExtension><gpxtpx:hr>192</gpxtpx:hr></gpxtpx:TrackPointExtension></extensions></trkpt><trkpt lat="58.055847" lon="38.8348"><ele>106.0</ele><time>2024-12-04T10:04:26Z</time><extensions><gpxtpx:TrackPointExtension><gpxtpx:hr>192</gpxtpx:hr></gpxtpx:TrackPointExtension></extensions></trkpt><trkpt lat="58.05587" lon="38.834827"><ele>106.0</ele><time>2024-12-04T10:04:27Z</time><extensions><gpxtpx:TrackPointExtension><gpxtpx:hr>192</gpxtpx:hr></gpxtpx:TrackPointExtension></extensions></trkpt><trkpt lat="58.055888" lon="38.834857"><ele>106.0</ele><time>2024-12-04T10:04:28Z</time><extensions><gpxtpx:TrackPointExtension><gpxtpx:hr>192</gpxtpx:hr></gpxtpx:TrackPointExtension></extensions></trkpt><trkpt lat="58.0559" lon="38.8349"><ele>106.0</ele><time>2024-12-04T10:04:29Z</time><extensions><gpxtpx:TrackPointExtension><gpxtpx:hr>192</gpxtpx:hr></gpxtpx:TrackPointExtension></extensions></trkpt><trkpt lat="58.055903" lon="38.83494"><ele>106.0</ele><time>2024-12-04T10:04:29Z</time><extensions><gpxtpx:TrackPointExtension><gpxtpx:hr>192</gpxtpx:hr></gpxtpx:TrackPointExtension></extensions></trkpt><trkpt lat="58.0559" lon="38.83498"><ele>106.0</ele><time>2024-12-04T10:04:30Z</time><extensions><gpxtpx:TrackPointExtension><gpxtpx:hr>192</gpxtpx:hr></gpxtpx:TrackPointExtension></extensions></trkpt><trkpt lat="58.055897" lon="38.835013"><ele>106.0</ele><time>2024-12-04T10:04:31Z</time><extensions><gpxtpx:TrackPointExtension><gpxtpx:hr>191</gpxtpx:hr></gpxtpx:TrackPointExtension></extensions></trkpt><trkpt lat="58.055888" lon="38.835052"><ele>106.0</ele><time>2024-12-04T10:04:33Z</time><extensions><gpxtpx:TrackPointExtension><gpxtpx:hr>191</gpxtpx:hr></gpxtpx:TrackPointExtension></extensions></trkpt><trkpt lat="58.05588" lon="38.83509"><ele>106.0</ele><time>2024-12-04T10:04:34Z</time><extensions><gpxtpx:TrackPointExtension><gpxtpx:hr>190</gpxtpx:hr></gpxtpx:TrackPointExtension></extensions></trkpt><trkpt lat="58.05587" lon="38.835132"><ele>106.0</ele><time>2024-12-04T10:04:35Z</time><extensions><gpxtpx:TrackPointExtension><gpxtpx:hr>190</gpxtpx:hr></gpxtpx:TrackPointExtension></extensions></trkpt><trkpt lat="58.05586" lon="38.835175"><ele>106.0</ele><time>2024-12-04T10:04:36Z</time><extensions><gpxtpx:TrackPointExtension><gpxtpx:hr>190</gpxtpx:hr></gpxtpx:TrackPointExtension></extensions></trkpt><trkpt lat="58.05585" lon="38.835212"><ele>106.0</ele><time>2024-12-04T10:04:37Z</time><extensions><gpxtpx:TrackPointExtension><gpxtpx:hr>189</gpxtpx:hr></gpxtpx:TrackPointExtension></extensions></trkpt><trkpt lat="58.05584" lon="38.83525"><ele>106.0</ele><time>2024-12-04T10:04:38Z</time><extensions><gpxtpx:TrackPointExtension><gpxtpx:hr>189</gpxtpx:hr></gpxtpx:TrackPointExtension></extensions></trkpt><trkpt lat="58.05583" lon="38.83529"><ele>106.0</ele><time>2024-12-04T10:04:39Z</time><extensions><gpxtpx:TrackPointExtension><gpxtpx:hr>189</gpxtpx:hr></gpxtpx:TrackPointExtension></extensions></trkpt><trkpt lat="58.055817" lon="38.835335"><ele>106.0</ele><time>2024-12-04T10:04:39Z</time><extensions><gpxtpx:TrackPointExtension><gpxtpx:hr>189</gpxtpx:hr></gpxtpx:TrackPointExtension></extensions></trkpt><trkpt lat="58.055805" lon="38.835377"><ele>106.0</ele><time>2024-12-04T10:04:40Z</time><extensions><gpxtpx:TrackPointExtension><gpxtpx:hr>189</gpxtpx:hr></gpxtpx:TrackPointExtension></extensions></trkpt><trkpt lat="58.05579" lon="38.835415"><ele>106.0</ele><time>2024-12-04T10:04:41Z</time><extensions><gpxtpx:TrackPointExtension><gpxtpx:hr>189</gpxtpx:hr></gpxtpx:TrackPointExtension></extensions></trkpt><trkpt lat="58.05578" lon="38.835457"><ele>106.0</ele><time>2024-12-04T10:04:42Z</time><extensions><gpxtpx:TrackPointExtension><gpxtpx:hr>189</gpxtpx:hr></gpxtpx:TrackPointExtension></extensions></trkpt><trkpt lat="58.055767" lon="38.835495"><ele>106.0</ele><time>2024-12-04T10:04:44Z</time><extensions><gpxtpx:TrackPointExtension><gpxtpx:hr>189</gpxtpx:hr></gpxtpx:TrackPointExtension></extensions></trkpt><trkpt lat="58.055755" lon="38.835537"><ele>106.0</ele><time>2024-12-04T10:04:45Z</time><extensions><gpxtpx:TrackPointExtension><gpxtpx:hr>189</gpxtpx:hr></gpxtpx:TrackPointExtension></extensions></trkpt><trkpt lat="58.05574" lon="38.83558"><ele>106.0</ele><time>2024-12-04T10:04:46Z</time><extensions><gpxtpx:TrackPointExtension><gpxtpx:hr>189</gpxtpx:hr></gpxtpx:TrackPointExtension></extensions></trkpt><trkpt lat="58.05573" lon="38.83562"><ele>106.0</ele><time>2024-12-04T10:04:47Z</time><extensions><gpxtpx:TrackPointExtension><gpxtpx:hr>189</gpxtpx:hr></gpxtpx:TrackPointExtension></extensions></trkpt><trkpt lat="58.055713" lon="38.835662"><ele>106.0</ele><time>2024-12-04T10:04:48Z</time><extensions><gpxtpx:TrackPointExtension><gpxtpx:hr>189</gpxtpx:hr></gpxtpx:TrackPointExtension></extensions></trkpt><trkpt lat="58.0557" lon="38.83571"><ele>106.0</ele><time>2024-12-04T10:04:49Z</time><extensions><gpxtpx:TrackPointExtension><gpxtpx:hr>190</gpxtpx:hr></gpxtpx:TrackPointExtension></extensions></trkpt><trkpt lat="58.055682" lon="38.83575"><ele>106.0</ele><time>2024-12-04T10:04:50Z</time><extensions><gpxtpx:TrackPointExtension><gpxtpx:hr>190</gpxtpx:hr></gpxtpx:TrackPointExtension></extensions></trkpt><trkpt lat="58.055667" lon="38.835795"><ele>106.0</ele><time>2024-12-04T10:04:50Z</time><extensions><gpxtpx:TrackPointExtension><gpxtpx:hr>190</gpxtpx:hr></gpxtpx:TrackPointExtension></extensions></trkpt><trkpt lat="58.055652" lon="38.83584"><ele>106.0</ele><time>2024-12-04T10:04:51Z</time><extensions><gpxtpx:TrackPointExtension><gpxtpx:hr>190</gpxtpx:hr></gpxtpx:TrackPointExtension></extensions></trkpt><trkpt lat="58.055637" lon="38.835883"><ele>106.0</ele><time>2024-12-04T10:04:53Z</time><extensions><gpxtpx:TrackPointExtension><gpxtpx:hr>189</gpxtpx:hr></gpxtpx:TrackPointExtension></extensions></trkpt><trkpt lat="58.055622" lon="38.835928"><ele>106.0</ele><time>2024-12-04T10:04:54Z</time><extensions><gpxtpx:TrackPointExtension><gpxtpx:hr>188</gpxtpx:hr></gpxtpx:TrackPointExtension></extensions></trkpt><trkpt lat="58.05561" lon="38.83598"><ele>106.0</ele><time>2024-12-04T10:04:55Z</time><extensions><gpxtpx:TrackPointExtension><gpxtpx:hr>188</gpxtpx:hr></gpxtpx:TrackPointExtension></extensions></trkpt><trkpt lat="58.055593" lon="38.836025"><ele>106.0</ele><time>2024-12-04T10:04:56Z</time><extensions><gpxtpx:TrackPointExtension><gpxtpx:hr>186</gpxtpx:hr></gpxtpx:TrackPointExtension></extensions></trkpt><trkpt lat="58.05558" lon="38.836075"><ele>106.0</ele><time>2024-12-04T10:04:57Z</time><extensions><gpxtpx:TrackPointExtension><gpxtpx:hr>186</gpxtpx:hr></gpxtpx:TrackPointExtension></extensions></trkpt><trkpt lat="58.055565" lon="38.83612"><ele>106.0</ele><time>2024-12-04T10:04:58Z</time><extensions><gpxtpx:TrackPointExtension><gpxtpx:hr>186</gpxtpx:hr></gpxtpx:TrackPointExtension></extensions></trkpt><trkpt lat="58.05555" lon="38.836165"><ele>106.0</ele><time>2024-12-04T10:04:59Z</time><extensions><gpxtpx:TrackPointExtension><gpxtpx:hr>186</gpxtpx:hr></gpxtpx:TrackPointExtension></extensions></trkpt><trkpt lat="58.05553" lon="38.836212"><ele>106.0</ele><time>2024-12-04T10:04:59Z</time><extensions><gpxtpx:TrackPointExtension><gpxtpx:hr>186</gpxtpx:hr></gpxtpx:TrackPointExtension></extensions></trkpt><trkpt lat="58.055515" lon="38.836257"><ele>106.0</ele><time>2024-12-04T10:05:00Z</time><extensions><gpxtpx:TrackPointExtension><gpxtpx:hr>186</gpxtpx:hr></gpxtpx:TrackPointExtension></extensions></trkpt><trkpt lat="58.0555" lon="38.836303"><ele>106.0</ele><time>2024-12-04T10:05:01Z</time><extensions><gpxtpx:TrackPointExtension><gpxtpx:hr>186</gpxtpx:hr></gpxtpx:TrackPointExtension></extensions></trkpt><trkpt lat="58.05549" lon="38.836345"><ele>106.0</ele><time>2024-12-04T10:05:02Z</time><extensions><gpxtpx:TrackPointExtension><gpxtpx:hr>186</gpxtpx:hr></gpxtpx:TrackPointExtension></extensions></trkpt><trkpt lat="58.055472" lon="38.8364"><ele>106.0</ele><time>2024-12-04T10:05:04Z</time><extensions><gpxtpx:TrackPointExtension><gpxtpx:hr>188</gpxtpx:hr></gpxtpx:TrackPointExtension></extensions></trkpt><trkpt lat="58.055457" lon="38.83645"><ele>106.0</ele><time>2024-12-04T10:05:05Z</time><extensions><gpxtpx:TrackPointExtension><gpxtpx:hr>189</gpxtpx:hr></gpxtpx:TrackPointExtension></extensions></trkpt><trkpt lat="58.055447" lon="38.836493"><ele>106.0</ele><time>2024-12-04T10:05:06Z</time><extensions><gpxtpx:TrackPointExtension><gpxtpx:hr>190</gpxtpx:hr></gpxtpx:TrackPointExtension></extensions></trkpt><trkpt lat="58.05543" lon="38.836547"><ele>106.0</ele><time>2024-12-04T10:05:07Z</time><extensions><gpxtpx:TrackPointExtension><gpxtpx:hr>191</gpxtpx:hr></gpxtpx:TrackPointExtension></extensions></trkpt><trkpt lat="58.055415" lon="38.8366"><ele>106.0</ele><time>2024-12-04T10:05:08Z</time><extensions><gpxtpx:TrackPointExtension><gpxtpx:hr>192</gpxtpx:hr></gpxtpx:TrackPointExtension></extensions></trkpt><trkpt lat="58.0554" lon="38.83665"><ele>106.0</ele><time>2024-12-04T10:05:09Z</time><extensions><gpxtpx:TrackPointExtension><gpxtpx:hr>191</gpxtpx:hr></gpxtpx:TrackPointExtension></extensions></trkpt><trkpt lat="58.05538" lon="38.8367"><ele>106.0</ele><time>2024-12-04T10:05:10Z</time><extensions><gpxtpx:TrackPointExtension><gpxtpx:hr>191</gpxtpx:hr></gpxtpx:TrackPointExtension></extensions></trkpt><trkpt lat="58.055367" lon="38.836753"><ele>106.0</ele><time>2024-12-04T10:05:10Z</time><extensions><gpxtpx:TrackPointExtension><gpxtpx:hr>191</gpxtpx:hr></gpxtpx:TrackPointExtension></extensions></trkpt><trkpt lat="58.055347" lon="38.836807"><ele>106.0</ele><time>2024-12-04T10:05:11Z</time><extensions><gpxtpx:TrackPointExtension><gpxtpx:hr>191</gpxtpx:hr></gpxtpx:TrackPointExtension></extensions></trkpt><trkpt lat="58.05533" lon="38.83686"><ele>106.0</ele><time>2024-12-04T10:05:12Z</time><extensions><gpxtpx:TrackPointExtension><gpxtpx:hr>191</gpxtpx:hr></gpxtpx:TrackPointExtension></extensions></trkpt><trkpt lat="58.055312" lon="38.83691"><ele>106.0</ele><time>2024-12-04T10:05:14Z</time><extensions><gpxtpx:TrackPointExtension><gpxtpx:hr>191</gpxtpx:hr></gpxtpx:TrackPointExtension></extensions></trkpt><trkpt lat="58.05529" lon="38.836963"><ele>106.0</ele><time>2024-12-04T10:05:15Z</time><extensions><gpxtpx:TrackPointExtension><gpxtpx:hr>191</gpxtpx:hr></gpxtpx:TrackPointExtension></extensions></trkpt><trkpt lat="58.05527" lon="38.83702"><ele>106.0</ele><time>2024-12-04T10:05:16Z</time><extensions><gpxtpx:TrackPointExtension><gpxtpx:hr>190</gpxtpx:hr></gpxtpx:TrackPointExtension></extensions></trkpt><trkpt lat="58.055252" lon="38.837073"><ele>106.0</ele><time>2024-12-04T10:05:17Z</time><extensions><gpxtpx:TrackPointExtension><gpxtpx:hr>190</gpxtpx:hr></gpxtpx:TrackPointExtension></extensions></trkpt><trkpt lat="58.055232" lon="38.837127"><ele>106.0</ele><time>2024-12-04T10:05:18Z</time><extensions><gpxtpx:TrackPointExtension><gpxtpx:hr>190</gpxtpx:hr></gpxtpx:TrackPointExtension></extensions></trkpt><trkpt lat="58.055217" lon="38.83718"><ele>106.0</ele><time>2024-12-04T10:05:19Z</time><extensions><gpxtpx:TrackPointExtension><gpxtpx:hr>190</gpxtpx:hr></gpxtpx:TrackPointExtension></extensions></trkpt><trkpt lat="58.0552" lon="38.83724"><ele>106.0</ele><time>2024-12-04T10:05:20Z</time><extensions><gpxtpx:TrackPointExtension><gpxtpx:hr>190</gpxtpx:hr></gpxtpx:TrackPointExtension></extensions></trkpt><trkpt lat="58.055182" lon="38.837295"><ele>106.0</ele><time>2024-12-04T10:05:21Z</time><extensions><gpxtpx:TrackPointExtension><gpxtpx:hr>190</gpxtpx:hr></gpxtpx:TrackPointExtension></extensions></trkpt><trkpt lat="58.055163" lon="38.837352"><ele>106.0</ele><time>2024-12-04T10:05:21Z</time><extensions><gpxtpx:TrackPointExtension><gpxtpx:hr>190</gpxtpx:hr></gpxtpx:TrackPointExtension></extensions></trkpt><trkpt lat="58.055145" lon="38.837405"><ele>106.0</ele><time>2024-12-04T10:05:22Z</time><extensions><gpxtpx:TrackPointExtension><gpxtpx:hr>190</gpxtpx:hr></gpxtpx:TrackPointExtension></extensions></trkpt><trkpt lat="58.055125" lon="38.83746"><ele>106.0</ele><time>2024-12-04T10:05:23Z</time><extensions><gpxtpx:TrackPointExtension><gpxtpx:hr>190</gpxtpx:hr></gpxtpx:TrackPointExtension></extensions></trkpt><trkpt lat="58.055107" lon="38.837517"><ele>106.0</ele><time>2024-12-04T10:05:25Z</time><extensions><gpxtpx:TrackPointExtension><gpxtpx:hr>190</gpxtpx:hr></gpxtpx:TrackPointExtension></extensions></trkpt><trkpt lat="58.05509" lon="38.837573"><ele>106.0</ele><time>2024-12-04T10:05:26Z</time><extensions><gpxtpx:TrackPointExtension><gpxtpx:hr>191</gpxtpx:hr></gpxtpx:TrackPointExtension></extensions></trkpt><trkpt lat="58.055077" lon="38.837627"><ele>106.0</ele><time>2024-12-04T10:05:27Z</time><extensions><gpxtpx:TrackPointExtension><gpxtpx:hr>191</gpxtpx:hr></gpxtpx:TrackPointExtension></extensions></trkpt><trkpt lat="58.055058" lon="38.83768"><ele>106.0</ele><time>2024-12-04T10:05:28Z</time><extensions><gpxtpx:TrackPointExtension><gpxtpx:hr>191</gpxtpx:hr></gpxtpx:TrackPointExtension></extensions></trkpt><trkpt lat="58.055042" lon="38.837733"><ele>106.0</ele><time>2024-12-04T10:05:29Z</time><extensions><gpxtpx:TrackPointExtension><gpxtpx:hr>191</gpxtpx:hr></gpxtpx:TrackPointExtension></extensions></trkpt><trkpt lat="58.055022" lon="38.837787"><ele>106.0</ele><time>2024-12-04T10:05:30Z</time><extensions><gpxtpx:TrackPointExtension><gpxtpx:hr>191</gpxtpx:hr></gpxtpx:TrackPointExtension></extensions></trkpt><trkpt lat="58.055007" lon="38.83784"><ele>106.0</ele><time>2024-12-04T10:05:31Z</time><extensions><gpxtpx:TrackPointExtension><gpxtpx:hr>191</gpxtpx:hr></gpxtpx:TrackPointExtension></extensions></trkpt><trkpt lat="58.054988" lon="38.837893"><ele>106.0</ele><time>2024-12-04T10:05:31Z</time><extensions><gpxtpx:TrackPointExtension><gpxtpx:hr>191</gpxtpx:hr></gpxtpx:TrackPointExtension></extensions></trkpt><trkpt lat="58.05497" lon="38.837955"><ele>106.0</ele><time>2024-12-04T10:05:32Z</time><extensions><gpxtpx:TrackPointExtension><gpxtpx:hr>191</gpxtpx:hr></gpxtpx:TrackPointExtension></extensions></trkpt><trkpt lat="58.05495" lon="38.838012"><ele>106.0</ele><time>2024-12-04T10:05:33Z</time><extensions><gpxtpx:TrackPointExtension><gpxtpx:hr>191</gpxtpx:hr></gpxtpx:TrackPointExtension></extensions></trkpt><trkpt lat="58.054935" lon="38.83807"><ele>106.0</ele><time>2024-12-04T10:05:35Z</time><extensions><gpxtpx:TrackPointExtension><gpxtpx:hr>192</gpxtpx:hr></gpxtpx:TrackPointExtension></extensions></trkpt><trkpt lat="58.054915" lon="38.83813"><ele>106.0</ele><time>2024-12-04T10:05:36Z</time><extensions><gpxtpx:TrackPointExtension><gpxtpx:hr>192</gpxtpx:hr></gpxtpx:TrackPointExtension></extensions></trkpt><trkpt lat="58.0549" lon="38.838183"><ele>106.0</ele><time>2024-12-04T10:05:37Z</time><extensions><gpxtpx:TrackPointExtension><gpxtpx:hr>192</gpxtpx:hr></gpxtpx:TrackPointExtension></extensions></trkpt><trkpt lat="58.054882" lon="38.83824"><ele>106.0</ele><time>2024-12-04T10:05:38Z</time><extensions><gpxtpx:TrackPointExtension><gpxtpx:hr>192</gpxtpx:hr></gpxtpx:TrackPointExtension></extensions></trkpt><trkpt lat="58.054867" lon="38.8383"><ele>106.0</ele><time>2024-12-04T10:05:39Z</time><extensions><gpxtpx:TrackPointExtension><gpxtpx:hr>192</gpxtpx:hr></gpxtpx:TrackPointExtension></extensions></trkpt><trkpt lat="58.05485" lon="38.83836"><ele>106.0</ele><time>2024-12-04T10:05:40Z</time><extensions><gpxtpx:TrackPointExtension><gpxtpx:hr>192</gpxtpx:hr></gpxtpx:TrackPointExtension></extensions></trkpt><trkpt lat="58.054832" lon="38.838417"><ele>106.0</ele><time>2024-12-04T10:05:41Z</time><extensions><gpxtpx:TrackPointExtension><gpxtpx:hr>192</gpxtpx:hr></gpxtpx:TrackPointExtension></extensions></trkpt><trkpt lat="58.054812" lon="38.838473"><ele>106.0</ele><time>2024-12-04T10:05:42Z</time><extensions><gpxtpx:TrackPointExtension><gpxtpx:hr>192</gpxtpx:hr></gpxtpx:TrackPointExtension></extensions></trkpt><trkpt lat="58.054793" lon="38.838527"><ele>106.0</ele><time>2024-12-04T10:05:42Z</time><extensions><gpxtpx:TrackPointExtension><gpxtpx:hr>192</gpxtpx:hr></gpxtpx:TrackPointExtension></extensions></trkpt><trkpt lat="58.054775" lon="38.838585"><ele>106.0</ele><time>2024-12-04T10:05:43Z</time><extensions><gpxtpx:TrackPointExtension><gpxtpx:hr>192</gpxtpx:hr></gpxtpx:TrackPointExtension></extensions></trkpt><trkpt lat="58.05476" lon="38.838642"><ele>106.0</ele><time>2024-12-04T10:05:45Z</time><extensions><gpxtpx:TrackPointExtension><gpxtpx:hr>192</gpxtpx:hr></gpxtpx:TrackPointExtension></extensions></trkpt><trkpt lat="58.05474" lon="38.838695"><ele>106.0</ele><time>2024-12-04T10:05:46Z</time><extensions><gpxtpx:TrackPointExtension><gpxtpx:hr>192</gpxtpx:hr></gpxtpx:TrackPointExtension></extensions></trkpt><trkpt lat="58.05472" lon="38.83875"><ele>106.0</ele><time>2024-12-04T10:05:47Z</time><extensions><gpxtpx:TrackPointExtension><gpxtpx:hr>193</gpxtpx:hr></gpxtpx:TrackPointExtension></extensions></trkpt><trkpt lat="58.054702" lon="38.838802"><ele>106.0</ele><time>2024-12-04T10:05:48Z</time><extensions><gpxtpx:TrackPointExtension><gpxtpx:hr>193</gpxtpx:hr></gpxtpx:TrackPointExtension></extensions></trkpt><trkpt lat="58.054687" lon="38.838855"><ele>106.0</ele><time>2024-12-04T10:05:49Z</time><extensions><gpxtpx:TrackPointExtension><gpxtpx:hr>193</gpxtpx:hr></gpxtpx:TrackPointExtension></extensions></trkpt><trkpt lat="58.05467" lon="38.838912"><ele>106.0</ele><time>2024-12-04T10:05:50Z</time><extensions><gpxtpx:TrackPointExtension><gpxtpx:hr>194</gpxtpx:hr></gpxtpx:TrackPointExtension></extensions></trkpt><trkpt lat="58.05465" lon="38.838965"><ele>106.0</ele><time>2024-12-04T10:05:51Z</time><extensions><gpxtpx:TrackPointExtension><gpxtpx:hr>194</gpxtpx:hr></gpxtpx:TrackPointExtension></extensions></trkpt><trkpt lat="58.05463" lon="38.83902"><ele>106.0</ele><time>2024-12-04T10:05:52Z</time><extensions><gpxtpx:TrackPointExtension><gpxtpx:hr>194</gpxtpx:hr></gpxtpx:TrackPointExtension></extensions></trkpt><trkpt lat="58.054608" lon="38.839072"><ele>106.0</ele><time>2024-12-04T10:05:53Z</time><extensions><gpxtpx:TrackPointExtension><gpxtpx:hr>194</gpxtpx:hr></gpxtpx:TrackPointExtension></extensions></trkpt><trkpt lat="58.054592" lon="38.839127"><ele>106.0</ele><time>2024-12-04T10:05:53Z</time><extensions><gpxtpx:TrackPointExtension><gpxtpx:hr>194</gpxtpx:hr></gpxtpx:TrackPointExtension></extensions></trkpt><trkpt lat="58.054572" lon="38.83918"><ele>106.0</ele><time>2024-12-04T10:05:54Z</time><extensions><gpxtpx:TrackPointExtension><gpxtpx:hr>193</gpxtpx:hr></gpxtpx:TrackPointExtension></extensions></trkpt><trkpt lat="58.054553" lon="38.839232"><ele>106.0</ele><time>2024-12-04T10:05:55Z</time><extensions><gpxtpx:TrackPointExtension><gpxtpx:hr>193</gpxtpx:hr></gpxtpx:TrackPointExtension></extensions></trkpt><trkpt lat="58.05453" lon="38.83929"><ele>106.0</ele><time>2024-12-04T10:05:56Z</time><extensions><gpxtpx:TrackPointExtension><gpxtpx:hr>193</gpxtpx:hr></gpxtpx:TrackPointExtension></extensions></trkpt><trkpt lat="58.054512" lon="38.839343"><ele>106.0</ele><time>2024-12-04T10:05:58Z</time><extensions><gpxtpx:TrackPointExtension><gpxtpx:hr>193</gpxtpx:hr></gpxtpx:TrackPointExtension></extensions></trkpt><trkpt lat="58.054492" lon="38.839397"><ele>106.0</ele><time>2024-12-04T10:05:59Z</time><extensions><gpxtpx:TrackPointExtension><gpxtpx:hr>193</gpxtpx:hr></gpxtpx:TrackPointExtension></extensions></trkpt><trkpt lat="58.054477" lon="38.83945"><ele>106.0</ele><time>2024-12-04T10:06:00Z</time><extensions><gpxtpx:TrackPointExtension><gpxtpx:hr>193</gpxtpx:hr></gpxtpx:TrackPointExtension></extensions></trkpt><trkpt lat="58.05446" lon="38.839503"><ele>106.0</ele><time>2024-12-04T10:06:01Z</time><extensions><gpxtpx:TrackPointExtension><gpxtpx:hr>194</gpxtpx:hr></gpxtpx:TrackPointExtension></extensions></trkpt><trkpt lat="58.05444" lon="38.839557"><ele>106.0</ele><time>2024-12-04T10:06:02Z</time><extensions><gpxtpx:TrackPointExtension><gpxtpx:hr>194</gpxtpx:hr></gpxtpx:TrackPointExtension></extensions></trkpt><trkpt lat="58.05442" lon="38.839607"><ele>106.0</ele><time>2024-12-04T10:06:03Z</time><extensions><gpxtpx:TrackPointExtension><gpxtpx:hr>194</gpxtpx:hr></gpxtpx:TrackPointExtension></extensions></trkpt><trkpt lat="58.0544" lon="38.83966"><ele>106.0</ele><time>2024-12-04T10:06:04Z</time><extensions><gpxtpx:TrackPointExtension><gpxtpx:hr>194</gpxtpx:hr></gpxtpx:TrackPointExtension></extensions></trkpt><trkpt lat="58.054382" lon="38.83971"><ele>106.0</ele><time>2024-12-04T10:06:05Z</time><extensions><gpxtpx:TrackPointExtension><gpxtpx:hr>194</gpxtpx:hr></gpxtpx:TrackPointExtension></extensions></trkpt><trkpt lat="58.054362" lon="38.83976"><ele>106.0</ele><time>2024-12-04T10:06:05Z</time><extensions><gpxtpx:TrackPointExtension><gpxtpx:hr>194</gpxtpx:hr></gpxtpx:TrackPointExtension></extensions></trkpt><trkpt lat="58.054343" lon="38.839797"><ele>106.0</ele><time>2024-12-04T10:06:06Z</time><extensions><gpxtpx:TrackPointExtension><gpxtpx:hr>195</gpxtpx:hr></gpxtpx:TrackPointExtension></extensions></trkpt><trkpt lat="58.054317" lon="38.839817"><ele>106.0</ele><time>2024-12-04T10:06:08Z</time><extensions><gpxtpx:TrackPointExtension><gpxtpx:hr>195</gpxtpx:hr></gpxtpx:TrackPointExtension></extensions></trkpt><trkpt lat="58.054295" lon="38.83982"><ele>106.0</ele><time>2024-12-04T10:06:09Z</time><extensions><gpxtpx:TrackPointExtension><gpxtpx:hr>195</gpxtpx:hr></gpxtpx:TrackPointExtension></extensions></trkpt><trkpt lat="58.05427" lon="38.839817"><ele>106.0</ele><time>2024-12-04T10:06:10Z</time><extensions><gpxtpx:TrackPointExtension><gpxtpx:hr>196</gpxtpx:hr></gpxtpx:TrackPointExtension></extensions></trkpt><trkpt lat="58.05425" lon="38.839805"><ele>106.0</ele><time>2024-12-04T10:06:11Z</time><extensions><gpxtpx:TrackPointExtension><gpxtpx:hr>197</gpxtpx:hr></gpxtpx:TrackPointExtension></extensions></trkpt><trkpt lat="58.054222" lon="38.839793"><ele>106.0</ele><time>2024-12-04T10:06:12Z</time><extensions><gpxtpx:TrackPointExtension><gpxtpx:hr>197</gpxtpx:hr></gpxtpx:TrackPointExtension></extensions></trkpt><trkpt lat="58.054195" lon="38.83978"><ele>106.0</ele><time>2024-12-04T10:06:13Z</time><extensions><gpxtpx:TrackPointExtension><gpxtpx:hr>197</gpxtpx:hr></gpxtpx:TrackPointExtension></extensions></trkpt><trkpt lat="58.05417" lon="38.83976"><ele>106.0</ele><time>2024-12-04T10:06:14Z</time><extensions><gpxtpx:TrackPointExtension><gpxtpx:hr>197</gpxtpx:hr></gpxtpx:TrackPointExtension></extensions></trkpt><trkpt lat="58.054142" lon="38.83974"><ele>106.0</ele><time>2024-12-04T10:06:15Z</time><extensions><gpxtpx:TrackPointExtension><gpxtpx:hr>197</gpxtpx:hr></gpxtpx:TrackPointExtension></extensions></trkpt><trkpt lat="58.054115" lon="38.83972"><ele>106.0</ele><time>2024-12-04T10:06:16Z</time><extensions><gpxtpx:TrackPointExtension><gpxtpx:hr>197</gpxtpx:hr></gpxtpx:TrackPointExtension></extensions></trkpt><trkpt lat="58.054092" lon="38.839702"><ele>106.0</ele><time>2024-12-04T10:06:16Z</time><extensions><gpxtpx:TrackPointExtension><gpxtpx:hr>197</gpxtpx:hr></gpxtpx:TrackPointExtension></extensions></trkpt><trkpt lat="58.05407" lon="38.839683"><ele>106.0</ele><time>2024-12-04T10:06:17Z</time><extensions><gpxtpx:TrackPointExtension><gpxtpx:hr>197</gpxtpx:hr></gpxtpx:TrackPointExtension></extensions></trkpt><trkpt lat="58.054047" lon="38.839663"><ele>106.0</ele><time>2024-12-04T10:06:18Z</time><extensions><gpxtpx:TrackPointExtension><gpxtpx:hr>198</gpxtpx:hr></gpxtpx:TrackPointExtension></extensions></trkpt><trkpt lat="58.054023" lon="38.839643"><ele>106.0</ele><time>2024-12-04T10:06:19Z</time><extensions><gpxtpx:TrackPointExtension><gpxtpx:hr>198</gpxtpx:hr></gpxtpx:TrackPointExtension></extensions></trkpt><trkpt lat="58.054" lon="38.839622"><ele>106.0</ele><time>2024-12-04T10:06:21Z</time><extensions><gpxtpx:TrackPointExtension><gpxtpx:hr>198</gpxtpx:hr></gpxtpx:TrackPointExtension></extensions></trkpt><trkpt lat="58.05398" lon="38.8396"><ele>106.0</ele><time>2024-12-04T10:06:22Z</time><extensions><gpxtpx:TrackPointExtension><gpxtpx:hr>198</gpxtpx:hr></gpxtpx:TrackPointExtension></extensions></trkpt><trkpt lat="58.05397" lon="38.83957"><ele>106.0</ele><time>2024-12-04T10:06:23Z</time><extensions><gpxtpx:TrackPointExtension><gpxtpx:hr>197</gpxtpx:hr></gpxtpx:TrackPointExtension></extensions></trkpt><trkpt lat="58.053962" lon="38.83954"><ele>106.0</ele><time>2024-12-04T10:06:24Z</time><extensions><gpxtpx:TrackPointExtension><gpxtpx:hr>197</gpxtpx:hr></gpxtpx:TrackPointExtension></extensions></trkpt><trkpt lat="58.053962" lon="38.839503"><ele>106.0</ele><time>2024-12-04T10:06:25Z</time><extensions><gpxtpx:TrackPointExtension><gpxtpx:hr>197</gpxtpx:hr></gpxtpx:TrackPointExtension></extensions></trkpt><trkpt lat="58.053967" lon="38.83947"><ele>106.0</ele><time>2024-12-04T10:06:26Z</time><extensions><gpxtpx:TrackPointExtension><gpxtpx:hr>197</gpxtpx:hr></gpxtpx:TrackPointExtension></extensions></trkpt><trkpt lat="58.053973" lon="38.839435"><ele>106.0</ele><time>2024-12-04T10:06:27Z</time><extensions><gpxtpx:TrackPointExtension><gpxtpx:hr>196</gpxtpx:hr></gpxtpx:TrackPointExtension></extensions></trkpt><trkpt lat="58.053985" lon="38.839393"><ele>106.0</ele><time>2024-12-04T10:06:28Z</time><extensions><gpxtpx:TrackPointExtension><gpxtpx:hr>196</gpxtpx:hr></gpxtpx:TrackPointExtension></extensions></trkpt><trkpt lat="58.053997" lon="38.839355"><ele>106.0</ele><time>2024-12-04T10:06:29Z</time><extensions><gpxtpx:TrackPointExtension><gpxtpx:hr>196</gpxtpx:hr></gpxtpx:TrackPointExtension></extensions></trkpt><trkpt lat="58.05401" lon="38.839317"><ele>106.0</ele><time>2024-12-04T10:06:29Z</time><extensions><gpxtpx:TrackPointExtension><gpxtpx:hr>196</gpxtpx:hr></gpxtpx:TrackPointExtension></extensions></trkpt><trkpt lat="58.05402" lon="38.839275"><ele>106.0</ele><time>2024-12-04T10:06:30Z</time><extensions><gpxtpx:TrackPointExtension><gpxtpx:hr>195</gpxtpx:hr></gpxtpx:TrackPointExtension></extensions></trkpt><trkpt lat="58.05403" lon="38.839225"><ele>106.0</ele><time>2024-12-04T10:06:32Z</time><extensions><gpxtpx:TrackPointExtension><gpxtpx:hr>195</gpxtpx:hr></gpxtpx:TrackPointExtension></extensions></trkpt><trkpt lat="58.054047" lon="38.839175"><ele>106.0</ele><time>2024-12-04T10:06:33Z</time><extensions><gpxtpx:TrackPointExtension><gpxtpx:hr>195</gpxtpx:hr></gpxtpx:TrackPointExtension></extensions></trkpt><trkpt lat="58.054057" lon="38.83913"><ele>106.0</ele><time>2024-12-04T10:06:34Z</time><extensions><gpxtpx:TrackPointExtension><gpxtpx:hr>195</gpxtpx:hr></gpxtpx:TrackPointExtension></extensions></trkpt><trkpt lat="58.05407" lon="38.839085"><ele>106.0</ele><time>2024-12-04T10:06:35Z</time><extensions><gpxtpx:TrackPointExtension><gpxtpx:hr>195</gpxtpx:hr></gpxtpx:TrackPointExtension></extensions></trkpt><trkpt lat="58.05408" lon="38.839035"><ele>106.0</ele><time>2024-12-04T10:06:36Z</time><extensions><gpxtpx:TrackPointExtension><gpxtpx:hr>195</gpxtpx:hr></gpxtpx:TrackPointExtension></extensions></trkpt><trkpt lat="58.05409" lon="38.838985"><ele>106.0</ele><time>2024-12-04T10:06:37Z</time><extensions><gpxtpx:TrackPointExtension><gpxtpx:hr>195</gpxtpx:hr></gpxtpx:TrackPointExtension></extensions></trkpt><trkpt lat="58.0541" lon="38.83894"><ele>106.0</ele><time>2024-12-04T10:06:38Z</time><extensions><gpxtpx:TrackPointExtension><gpxtpx:hr>195</gpxtpx:hr></gpxtpx:TrackPointExtension></extensions></trkpt><trkpt lat="58.05411" lon="38.83889"><ele>106.0</ele><time>2024-12-04T10:06:38Z</time><extensions><gpxtpx:TrackPointExtension><gpxtpx:hr>195</gpxtpx:hr></gpxtpx:TrackPointExtension></extensions></trkpt><trkpt lat="58.054122" lon="38.838837"><ele>106.0</ele><time>2024-12-04T10:06:39Z</time><extensions><gpxtpx:TrackPointExtension><gpxtpx:hr>195</gpxtpx:hr></gpxtpx:TrackPointExtension></extensions></trkpt><trkpt lat="58.05414" lon="38.838787"><ele>106.0</ele><time>2024-12-04T10:06:40Z</time><extensions><gpxtpx:TrackPointExtension><gpxtpx:hr>195</gpxtpx:hr></gpxtpx:TrackPointExtension></extensions></trkpt><trkpt lat="58.054152" lon="38.83874"><ele>106.0</ele><time>2024-12-04T10:06:41Z</time><extensions><gpxtpx:TrackPointExtension><gpxtpx:hr>195</gpxtpx:hr></gpxtpx:TrackPointExtension></extensions></trkpt><trkpt lat="58.05417" lon="38.838695"><ele>106.0</ele><time>2024-12-04T10:06:43Z</time><extensions><gpxtpx:TrackPointExtension><gpxtpx:hr>195</gpxtpx:hr></gpxtpx:TrackPointExtension></extensions></trkpt><trkpt lat="58.054183" lon="38.838645"><ele>106.0</ele><time>2024-12-04T10:06:44Z</time><extensions><gpxtpx:TrackPointExtension><gpxtpx:hr>195</gpxtpx:hr></gpxtpx:TrackPointExtension></extensions></trkpt><trkpt lat="58.0542" lon="38.838595"><ele>106.0</ele><time>2024-12-04T10:06:45Z</time><extensions><gpxtpx:TrackPointExtension><gpxtpx:hr>195</gpxtpx:hr></gpxtpx:TrackPointExtension></extensions></trkpt><trkpt lat="58.05421" lon="38.838547"><ele>106.0</ele><time>2024-12-04T10:06:46Z</time><extensions><gpxtpx:TrackPointExtension><gpxtpx:hr>195</gpxtpx:hr></gpxtpx:TrackPointExtension></extensions></trkpt><trkpt lat="58.054225" lon="38.838497"><ele>106.0</ele><time>2024-12-04T10:06:47Z</time><extensions><gpxtpx:TrackPointExtension><gpxtpx:hr>195</gpxtpx:hr></gpxtpx:TrackPointExtension></extensions></trkpt><trkpt lat="58.054237" lon="38.838447"><ele>106.0</ele><time>2024-12-04T10:06:48Z</time><extensions><gpxtpx:TrackPointExtension><gpxtpx:hr>195</gpxtpx:hr></gpxtpx:TrackPointExtension></extensions></trkpt><trkpt lat="58.054252" lon="38.838397"><ele>106.0</ele><time>2024-12-04T10:06:49Z</time><extensions><gpxtpx:TrackPointExtension><gpxtpx:hr>195</gpxtpx:hr></gpxtpx:TrackPointExtension></extensions></trkpt><trkpt lat="58.054267" lon="38.838345"><ele>106.0</ele><time>2024-12-04T10:06:50Z</time><extensions><gpxtpx:TrackPointExtension><gpxtpx:hr>195</gpxtpx:hr></gpxtpx:TrackPointExtension></extensions></trkpt><trkpt lat="58.054282" lon="38.838295"><ele>106.0</ele><time>2024-12-04T10:06:51Z</time><extensions><gpxtpx:TrackPointExtension><gpxtpx:hr>195</gpxtpx:hr></gpxtpx:TrackPointExtension></extensions></trkpt><trkpt lat="58.054298" lon="38.838245"><ele>106.0</ele><time>2024-12-04T10:06:51Z</time><extensions><gpxtpx:TrackPointExtension><gpxtpx:hr>195</gpxtpx:hr></gpxtpx:TrackPointExtension></extensions></trkpt><trkpt lat="58.054313" lon="38.838192"><ele>106.0</ele><time>2024-12-04T10:06:51Z</time><extensions><gpxtpx:TrackPointExtension><gpxtpx:hr>195</gpxtpx:hr></gpxtpx:TrackPointExtension></extensions></trkpt><trkpt lat="58.05433" lon="38.838142"><ele>106.0</ele><time>2024-12-04T10:06:52Z</time><extensions><gpxtpx:TrackPointExtension><gpxtpx:hr>195</gpxtpx:hr></gpxtpx:TrackPointExtension></extensions></trkpt><trkpt lat="58.054343" lon="38.838097"><ele>106.0</ele><time>2024-12-04T10:06:53Z</time><extensions><gpxtpx:TrackPointExtension><gpxtpx:hr>194</gpxtpx:hr></gpxtpx:TrackPointExtension></extensions></trkpt><trkpt lat="58.05436" lon="38.838047"><ele>106.0</ele><time>2024-12-04T10:06:54Z</time><extensions><gpxtpx:TrackPointExtension><gpxtpx:hr>193</gpxtpx:hr></gpxtpx:TrackPointExtension></extensions></trkpt><trkpt lat="58.05437" lon="38.837997"><ele>106.0</ele><time>2024-12-04T10:06:56Z</time><extensions><gpxtpx:TrackPointExtension><gpxtpx:hr>193</gpxtpx:hr></gpxtpx:TrackPointExtension></extensions></trkpt><trkpt lat="58.054385" lon="38.837943"><ele>106.0</ele><time>2024-12-04T10:06:57Z</time><extensions><gpxtpx:TrackPointExtension><gpxtpx:hr>193</gpxtpx:hr></gpxtpx:TrackPointExtension></extensions></trkpt><trkpt lat="58.054397" lon="38.83789"><ele>106.0</ele><time>2024-12-04T10:06:58Z</time><extensions><gpxtpx:TrackPointExtension><gpxtpx:hr>193</gpxtpx:hr></gpxtpx:TrackPointExtension></extensions></trkpt><trkpt lat="58.054412" lon="38.83784"><ele>106.0</ele><time>2024-12-04T10:06:59Z</time><extensions><gpxtpx:TrackPointExtension><gpxtpx:hr>193</gpxtpx:hr></gpxtpx:TrackPointExtension></extensions></trkpt><trkpt lat="58.05443" lon="38.837783"><ele>106.0</ele><time>2024-12-04T10:07:00Z</time><extensions><gpxtpx:TrackPointExtension><gpxtpx:hr>192</gpxtpx:hr></gpxtpx:TrackPointExtension></extensions></trkpt><trkpt lat="58.054442" lon="38.837727"><ele>106.0</ele><time>2024-12-04T10:07:01Z</time><extensions><gpxtpx:TrackPointExtension><gpxtpx:hr>191</gpxtpx:hr></gpxtpx:TrackPointExtension></extensions></trkpt><trkpt lat="58.05446" lon="38.83767"><ele>106.0</ele><time>2024-12-04T10:07:02Z</time><extensions><gpxtpx:TrackPointExtension><gpxtpx:hr>191</gpxtpx:hr></gpxtpx:TrackPointExtension></extensions></trkpt><trkpt lat="58.05447" lon="38.837612"><ele>106.0</ele><time>2024-12-04T10:07:03Z</time><extensions><gpxtpx:TrackPointExtension><gpxtpx:hr>190</gpxtpx:hr></gpxtpx:TrackPointExtension></extensions></trkpt><trkpt lat="58.054485" lon="38.837555"><ele>106.0</ele><time>2024-12-04T10:07:03Z</time><extensions><gpxtpx:TrackPointExtension><gpxtpx:hr>190</gpxtpx:hr></gpxtpx:TrackPointExtension></extensions></trkpt><trkpt lat="58.054503" lon="38.8375"><ele>106.0</ele><time>2024-12-04T10:07:04Z</time><extensions><gpxtpx:TrackPointExtension><gpxtpx:hr>190</gpxtpx:hr></gpxtpx:TrackPointExtension></extensions></trkpt><trkpt lat="58.05452" lon="38.837443"><ele>106.0</ele><time>2024-12-04T10:07:05Z</time><extensions><gpxtpx:TrackPointExtension><gpxtpx:hr>190</gpxtpx:hr></gpxtpx:TrackPointExtension></extensions></trkpt><trkpt lat="58.05454" lon="38.83739"><ele>106.0</ele><time>2024-12-04T10:07:07Z</time><extensions><gpxtpx:TrackPointExtension><gpxtpx:hr>191</gpxtpx:hr></gpxtpx:TrackPointExtension></extensions></trkpt><trkpt lat="58.054553" lon="38.837337"><ele>106.0</ele><time>2024-12-04T10:07:08Z</time><extensions><gpxtpx:TrackPointExtension><gpxtpx:hr>191</gpxtpx:hr></gpxtpx:TrackPointExtension></extensions></trkpt><trkpt lat="58.05457" lon="38.837287"><ele>106.0</ele><time>2024-12-04T10:07:09Z</time><extensions><gpxtpx:TrackPointExtension><gpxtpx:hr>192</gpxtpx:hr></gpxtpx:TrackPointExtension></extensions></trkpt><trkpt lat="58.054585" lon="38.837233"><ele>106.0</ele><time>2024-12-04T10:07:10Z</time><extensions><gpxtpx:TrackPointExtension><gpxtpx:hr>193</gpxtpx:hr></gpxtpx:TrackPointExtension></extensions></trkpt><trkpt lat="58.0546" lon="38.837185"><ele>106.0</ele><time>2024-12-04T10:07:11Z</time><extensions><gpxtpx:TrackPointExtension><gpxtpx:hr>193</gpxtpx:hr></gpxtpx:TrackPointExtension></extensions></trkpt><trkpt lat="58.054615" lon="38.837135"><ele>106.0</ele><time>2024-12-04T10:07:12Z</time><extensions><gpxtpx:TrackPointExtension><gpxtpx:hr>192</gpxtpx:hr></gpxtpx:TrackPointExtension></extensions></trkpt><trkpt lat="58.05463" lon="38.837085"><ele>106.0</ele><time>2024-12-04T10:07:13Z</time><extensions><gpxtpx:TrackPointExtension><gpxtpx:hr>192</gpxtpx:hr></gpxtpx:TrackPointExtension></extensions></trkpt><trkpt lat="58.054645" lon="38.837035"><ele>106.0</ele><time>2024-12-04T10:07:14Z</time><extensions><gpxtpx:TrackPointExtension><gpxtpx:hr>192</gpxtpx:hr></gpxtpx:TrackPointExtension></extensions></trkpt><trkpt lat="58.054665" lon="38.836987"><ele>106.0</ele><time>2024-12-04T10:07:14Z</time><extensions><gpxtpx:TrackPointExtension><gpxtpx:hr>192</gpxtpx:hr></gpxtpx:TrackPointExtension></extensions></trkpt><trkpt lat="58.054683" lon="38.836932"><ele>106.0</ele><time>2024-12-04T10:07:15Z</time><extensions><gpxtpx:TrackPointExtension><gpxtpx:hr>190</gpxtpx:hr></gpxtpx:TrackPointExtension></extensions></trkpt><trkpt lat="58.054707" lon="38.83688"><ele>106.0</ele><time>2024-12-04T10:07:16Z</time><extensions><gpxtpx:TrackPointExtension><gpxtpx:hr>189</gpxtpx:hr></gpxtpx:TrackPointExtension></extensions></trkpt><trkpt lat="58.05473" lon="38.836822"><ele>106.0</ele><time>2024-12-04T10:07:17Z</time><extensions><gpxtpx:TrackPointExtension><gpxtpx:hr>189</gpxtpx:hr></gpxtpx:TrackPointExtension></extensions></trkpt><trkpt lat="58.054748" lon="38.83677"><ele>106.0</ele><time>2024-12-04T10:07:19Z</time><extensions><gpxtpx:TrackPointExtension><gpxtpx:hr>190</gpxtpx:hr></gpxtpx:TrackPointExtension></extensions></trkpt><trkpt lat="58.054763" lon="38.836715"><ele>106.0</ele><time>2024-12-04T10:07:20Z</time><extensions><gpxtpx:TrackPointExtension><gpxtpx:hr>190</gpxtpx:hr></gpxtpx:TrackPointExtension></extensions></trkpt><trkpt lat="58.054782" lon="38.836662"><ele>106.0</ele><time>2024-12-04T10:07:21Z</time><extensions><gpxtpx:TrackPointExtension><gpxtpx:hr>190</gpxtpx:hr></gpxtpx:TrackPointExtension></extensions></trkpt><trkpt lat="58.054802" lon="38.83661"><ele>106.0</ele><time>2024-12-04T10:07:21Z</time><extensions><gpxtpx:TrackPointExtension><gpxtpx:hr>190</gpxtpx:hr></gpxtpx:TrackPointExtension></extensions></trkpt><trkpt lat="58.05482" lon="38.836555"><ele>106.0</ele><time>2024-12-04T10:07:23Z</time><extensions><gpxtpx:TrackPointExtension><gpxtpx:hr>189</gpxtpx:hr></gpxtpx:TrackPointExtension></extensions></trkpt><trkpt lat="58.054835" lon="38.836505"><ele>106.0</ele><time>2024-12-04T10:07:24Z</time><extensions><gpxtpx:TrackPointExtension><gpxtpx:hr>189</gpxtpx:hr></gpxtpx:TrackPointExtension></extensions></trkpt><trkpt lat="58.054855" lon="38.836455"><ele>106.0</ele><time>2024-12-04T10:07:25Z</time><extensions><gpxtpx:TrackPointExtension><gpxtpx:hr>189</gpxtpx:hr></gpxtpx:TrackPointExtension></extensions></trkpt><trkpt lat="58.054873" lon="38.836413"><ele>106.0</ele><time>2024-12-04T10:07:26Z</time><extensions><gpxtpx:TrackPointExtension><gpxtpx:hr>189</gpxtpx:hr></gpxtpx:TrackPointExtension></extensions></trkpt><trkpt lat="58.054892" lon="38.83637"><ele>106.0</ele><time>2024-12-04T10:07:26Z</time><extensions><gpxtpx:TrackPointExtension><gpxtpx:hr>189</gpxtpx:hr></gpxtpx:TrackPointExtension></extensions></trkpt><trkpt lat="58.05491" lon="38.83633"><ele>106.0</ele><time>2024-12-04T10:07:27Z</time><extensions><gpxtpx:TrackPointExtension><gpxtpx:hr>189</gpxtpx:hr></gpxtpx:TrackPointExtension></extensions></trkpt><trkpt lat="58.054923" lon="38.836303"><ele>106.0</ele><time>2024-12-04T10:07:28Z</time><extensions><gpxtpx:TrackPointExtension><gpxtpx:hr>190</gpxtpx:hr></gpxtpx:TrackPointExtension></extensions></trkpt><trkpt lat="58.05493" lon="38.836272"><ele>106.0</ele><time>2024-12-04T10:07:29Z</time><extensions><gpxtpx:TrackPointExtension><gpxtpx:hr>190</gpxtpx:hr></gpxtpx:TrackPointExtension></extensions></trkpt><trkpt lat="58.054942" lon="38.836235"><ele>106.0</ele><time>2024-12-04T10:07:31Z</time><extensions><gpxtpx:TrackPointExtension><gpxtpx:hr>189</gpxtpx:hr></gpxtpx:TrackPointExtension></extensions></trkpt><trkpt lat="58.05495" lon="38.836192"><ele>106.0</ele><time>2024-12-04T10:07:32Z</time><extensions><gpxtpx:TrackPointExtension><gpxtpx:hr>188</gpxtpx:hr></gpxtpx:TrackPointExtension></extensions></trkpt><trkpt lat="58.054962" lon="38.836147"><ele>106.0</ele><time>2024-12-04T10:07:33Z</time><extensions><gpxtpx:TrackPointExtension><gpxtpx:hr>188</gpxtpx:hr></gpxtpx:TrackPointExtension></extensions></trkpt><trkpt lat="58.05497" lon="38.836105"><ele>106.0</ele><time>2024-12-04T10:07:33Z</time><extensions><gpxtpx:TrackPointExtension><gpxtpx:hr>188</gpxtpx:hr></gpxtpx:TrackPointExtension></extensions></trkpt><trkpt lat="58.05498" lon="38.83606"><ele>106.0</ele><time>2024-12-04T10:07:35Z</time><extensions><gpxtpx:TrackPointExtension><gpxtpx:hr>189</gpxtpx:hr></gpxtpx:TrackPointExtension></extensions></trkpt><trkpt lat="58.054995" lon="38.83601"><ele>106.0</ele><time>2024-12-04T10:07:36Z</time><extensions><gpxtpx:TrackPointExtension><gpxtpx:hr>190</gpxtpx:hr></gpxtpx:TrackPointExtension></extensions></trkpt><trkpt lat="58.055007" lon="38.835967"><ele>106.0</ele><time>2024-12-04T10:07:36Z</time><extensions><gpxtpx:TrackPointExtension><gpxtpx:hr>190</gpxtpx:hr></gpxtpx:TrackPointExtension></extensions></trkpt><trkpt lat="58.05502" lon="38.835922"><ele>106.0</ele><time>2024-12-04T10:07:37Z</time><extensions><gpxtpx:TrackPointExtension><gpxtpx:hr>190</gpxtpx:hr></gpxtpx:TrackPointExtension></extensions></trkpt><trkpt lat="58.05503" lon="38.835883"><ele>106.0</ele><time>2024-12-04T10:07:38Z</time><extensions><gpxtpx:TrackPointExtension><gpxtpx:hr>191</gpxtpx:hr></gpxtpx:TrackPointExtension></extensions></trkpt><trkpt lat="58.055042" lon="38.835845"><ele>106.0</ele><time>2024-12-04T10:07:39Z</time><extensions><gpxtpx:TrackPointExtension><gpxtpx:hr>191</gpxtpx:hr></gpxtpx:TrackPointExtension></extensions></trkpt><trkpt lat="58.055053" lon="38.83581"><ele>106.0</ele><time>2024-12-04T10:07:41Z</time><extensions><gpxtpx:TrackPointExtension><gpxtpx:hr>194</gpxtpx:hr></gpxtpx:TrackPointExtension></extensions></trkpt><trkpt lat="58.05507" lon="38.835772"><ele>106.0</ele><time>2024-12-04T10:07:42Z</time><extensions><gpxtpx:TrackPointExtension><gpxtpx:hr>194</gpxtpx:hr></gpxtpx:TrackPointExtension></extensions></trkpt><trkpt lat="58.055083" lon="38.835735"><ele>106.0</ele><time>2024-12-04T10:07:43Z</time><extensions><gpxtpx:TrackPointExtension><gpxtpx:hr>194</gpxtpx:hr></gpxtpx:TrackPointExtension></extensions></trkpt><trkpt lat="58.0551" lon="38.835692"><ele>106.0</ele><time>2024-12-04T10:07:44Z</time><extensions><gpxtpx:TrackPointExtension><gpxtpx:hr>194</gpxtpx:hr></gpxtpx:TrackPointExtension></extensions></trkpt><trkpt lat="58.055115" lon="38.835647"><ele>106.0</ele><time>2024-12-04T10:07:45Z</time><extensions><gpxtpx:TrackPointExtension><gpxtpx:hr>194</gpxtpx:hr></gpxtpx:TrackPointExtension></extensions></trkpt><trkpt lat="58.055133" lon="38.835597"><ele>106.0</ele><time>2024-12-04T10:07:46Z</time><extensions><gpxtpx:TrackPointExtension><gpxtpx:hr>194</gpxtpx:hr></gpxtpx:TrackPointExtension></extensions></trkpt><trkpt lat="58.05515" lon="38.835545"><ele>106.0</ele><time>2024-12-04T10:07:47Z</time><extensions><gpxtpx:TrackPointExtension><gpxtpx:hr>193</gpxtpx:hr></gpxtpx:TrackPointExtension></extensions></trkpt><trkpt lat="58.05516" lon="38.83549"><ele>106.0</ele><time>2024-12-04T10:07:47Z</time><extensions><gpxtpx:TrackPointExtension><gpxtpx:hr>193</gpxtpx:hr></gpxtpx:TrackPointExtension></extensions></trkpt><trkpt lat="58.05518" lon="38.835425"><ele>106.0</ele><time>2024-12-04T10:07:49Z</time><extensions><gpxtpx:TrackPointExtension><gpxtpx:hr>192</gpxtpx:hr></gpxtpx:TrackPointExtension></extensions></trkpt><trkpt lat="58.055195" lon="38.835365"><ele>106.0</ele><time>2024-12-04T10:07:50Z</time><extensions><gpxtpx:TrackPointExtension><gpxtpx:hr>192</gpxtpx:hr></gpxtpx:TrackPointExtension></extensions></trkpt><trkpt lat="58.05521" lon="38.835307"><ele>106.0</ele><time>2024-12-04T10:07:51Z</time><extensions><gpxtpx:TrackPointExtension><gpxtpx:hr>192</gpxtpx:hr></gpxtpx:TrackPointExtension></extensions></trkpt><trkpt lat="58.05522" lon="38.835247"><ele>106.0</ele><time>2024-12-04T10:07:52Z</time><extensions><gpxtpx:TrackPointExtension><gpxtpx:hr>192</gpxtpx:hr></gpxtpx:TrackPointExtension></extensions></trkpt><trkpt lat="58.05524" lon="38.83519"><ele>106.0</ele><time>2024-12-04T10:07:53Z</time><extensions><gpxtpx:TrackPointExtension><gpxtpx:hr>191</gpxtpx:hr></gpxtpx:TrackPointExtension></extensions></trkpt><trkpt lat="58.055255" lon="38.835135"><ele>106.0</ele><time>2024-12-04T10:07:54Z</time><extensions><gpxtpx:TrackPointExtension><gpxtpx:hr>191</gpxtpx:hr></gpxtpx:TrackPointExtension></extensions></trkpt><trkpt lat="58.05527" lon="38.835087"><ele>106.0</ele><time>2024-12-04T10:07:55Z</time><extensions><gpxtpx:TrackPointExtension><gpxtpx:hr>192</gpxtpx:hr></gpxtpx:TrackPointExtension></extensions></trkpt><trkpt lat="58.05529" lon="38.835037"><ele>106.0</ele><time>2024-12-04T10:07:56Z</time><extensions><gpxtpx:TrackPointExtension><gpxtpx:hr>192</gpxtpx:hr></gpxtpx:TrackPointExtension></extensions></trkpt><trkpt lat="58.055305" lon="38.834987"><ele>106.0</ele><time>2024-12-04T10:07:57Z</time><extensions><gpxtpx:TrackPointExtension><gpxtpx:hr>192</gpxtpx:hr></gpxtpx:TrackPointExtension></extensions></trkpt><trkpt lat="58.055317" lon="38.834933"><ele>106.0</ele><time>2024-12-04T10:07:57Z</time><extensions><gpxtpx:TrackPointExtension><gpxtpx:hr>192</gpxtpx:hr></gpxtpx:TrackPointExtension></extensions></trkpt><trkpt lat="58.055332" lon="38.834885"><ele>106.0</ele><time>2024-12-04T10:07:58Z</time><extensions><gpxtpx:TrackPointExtension><gpxtpx:hr>192</gpxtpx:hr></gpxtpx:TrackPointExtension></extensions></trkpt><trkpt lat="58.055347" lon="38.834835"><ele>106.0</ele><time>2024-12-04T10:08:00Z</time><extensions><gpxtpx:TrackPointExtension><gpxtpx:hr>190</gpxtpx:hr></gpxtpx:TrackPointExtension></extensions></trkpt><trkpt lat="58.05536" lon="38.834788"><ele>106.0</ele><time>2024-12-04T10:08:01Z</time><extensions><gpxtpx:TrackPointExtension><gpxtpx:hr>188</gpxtpx:hr></gpxtpx:TrackPointExtension></extensions></trkpt><trkpt lat="58.05537" lon="38.834742"><ele>106.0</ele><time>2024-12-04T10:08:02Z</time><extensions><gpxtpx:TrackPointExtension><gpxtpx:hr>188</gpxtpx:hr></gpxtpx:TrackPointExtension></extensions></trkpt><trkpt lat="58.055385" lon="38.834697"><ele>106.0</ele><time>2024-12-04T10:08:03Z</time><extensions><gpxtpx:TrackPointExtension><gpxtpx:hr>189</gpxtpx:hr></gpxtpx:TrackPointExtension></extensions></trkpt><trkpt lat="58.055405" lon="38.834667"><ele>106.0</ele><time>2024-12-04T10:08:04Z</time><extensions><gpxtpx:TrackPointExtension><gpxtpx:hr>189</gpxtpx:hr></gpxtpx:TrackPointExtension></extensions></trkpt><trkpt lat="58.055423" lon="38.83465"><ele>106.0</ele><time>2024-12-04T10:08:05Z</time><extensions><gpxtpx:TrackPointExtension><gpxtpx:hr>190</gpxtpx:hr></gpxtpx:TrackPointExtension></extensions></trkpt><trkpt lat="58.055447" lon="38.834643"><ele>106.0</ele><time>2024-12-04T10:08:06Z</time><extensions><gpxtpx:TrackPointExtension><gpxtpx:hr>193</gpxtpx:hr></gpxtpx:TrackPointExtension></extensions></trkpt><trkpt lat="58.05547" lon="38.834643"><ele>106.0</ele><time>2024-12-04T10:08:06Z</time><extensions><gpxtpx:TrackPointExtension><gpxtpx:hr>193</gpxtpx:hr></gpxtpx:TrackPointExtension></extensions></trkpt><trkpt lat="58.055495" lon="38.834652"><ele>106.0</ele><time>2024-12-04T10:08:07Z</time><extensions><gpxtpx:TrackPointExtension><gpxtpx:hr>194</gpxtpx:hr></gpxtpx:TrackPointExtension></extensions></trkpt><trkpt lat="58.055522" lon="38.83466"><ele>106.0</ele><time>2024-12-04T10:08:09Z</time><extensions><gpxtpx:TrackPointExtension><gpxtpx:hr>194</gpxtpx:hr></gpxtpx:TrackPointExtension></extensions></trkpt><trkpt lat="58.05555" lon="38.83467"><ele>106.0</ele><time>2024-12-04T10:08:10Z</time><extensions><gpxtpx:TrackPointExtension><gpxtpx:hr>194</gpxtpx:hr></gpxtpx:TrackPointExtension></extensions></trkpt><trkpt lat="58.055575" lon="38.834685"><ele>106.0</ele><time>2024-12-04T10:08:11Z</time><extensions><gpxtpx:TrackPointExtension><gpxtpx:hr>194</gpxtpx:hr></gpxtpx:TrackPointExtension></extensions></trkpt><trkpt lat="58.05561" lon="38.8347"><ele>106.0</ele><time>2024-12-04T10:08:12Z</time><extensions><gpxtpx:TrackPointExtension><gpxtpx:hr>194</gpxtpx:hr></gpxtpx:TrackPointExtension></extensions></trkpt><trkpt lat="58.05564" lon="38.834718"><ele>106.0</ele><time>2024-12-04T10:08:13Z</time><extensions><gpxtpx:TrackPointExtension><gpxtpx:hr>194</gpxtpx:hr></gpxtpx:TrackPointExtension></extensions></trkpt><trkpt lat="58.05567" lon="38.83474"><ele>106.0</ele><time>2024-12-04T10:08:14Z</time><extensions><gpxtpx:TrackPointExtension><gpxtpx:hr>193</gpxtpx:hr></gpxtpx:TrackPointExtension></extensions></trkpt><trkpt lat="58.055705" lon="38.834755"><ele>106.0</ele><time>2024-12-04T10:08:15Z</time><extensions><gpxtpx:TrackPointExtension><gpxtpx:hr>193</gpxtpx:hr></gpxtpx:TrackPointExtension></extensions></trkpt><trkpt lat="58.05574" lon="38.834773"><ele>106.0</ele><time>2024-12-04T10:08:16Z</time><extensions><gpxtpx:TrackPointExtension><gpxtpx:hr>193</gpxtpx:hr></gpxtpx:TrackPointExtension></extensions></trkpt><trkpt lat="58.05577" lon="38.834792"><ele>106.0</ele><time>2024-12-04T10:08:16Z</time><extensions><gpxtpx:TrackPointExtension><gpxtpx:hr>193</gpxtpx:hr></gpxtpx:TrackPointExtension></extensions></trkpt><trkpt lat="58.0558" lon="38.834812"><ele>106.0</ele><time>2024-12-04T10:08:17Z</time><extensions><gpxtpx:TrackPointExtension><gpxtpx:hr>193</gpxtpx:hr></gpxtpx:TrackPointExtension></extensions></trkpt><trkpt lat="58.055832" lon="38.83483"><ele>106.0</ele><time>2024-12-04T10:08:18Z</time><extensions><gpxtpx:TrackPointExtension><gpxtpx:hr>193</gpxtpx:hr></gpxtpx:TrackPointExtension></extensions></trkpt><trkpt lat="58.055862" lon="38.834853"><ele>106.0</ele><time>2024-12-04T10:08:19Z</time><extensions><gpxtpx:TrackPointExtension><gpxtpx:hr>194</gpxtpx:hr></gpxtpx:TrackPointExtension></extensions></trkpt><trkpt lat="58.05588" lon="38.834885"><ele>106.0</ele><time>2024-12-04T10:08:20Z</time><extensions><gpxtpx:TrackPointExtension><gpxtpx:hr>194</gpxtpx:hr></gpxtpx:TrackPointExtension></extensions></trkpt><trkpt lat="58.055897" lon="38.834915"><ele>106.0</ele><time>2024-12-04T10:08:22Z</time><extensions><gpxtpx:TrackPointExtension><gpxtpx:hr>194</gpxtpx:hr></gpxtpx:TrackPointExtension></extensions></trkpt><trkpt lat="58.055903" lon="38.834952"><ele>106.0</ele><time>2024-12-04T10:08:23Z</time><extensions><gpxtpx:TrackPointExtension><gpxtpx:hr>194</gpxtpx:hr></gpxtpx:TrackPointExtension></extensions></trkpt><trkpt lat="58.0559" lon="38.834987"><ele>106.0</ele><time>2024-12-04T10:08:24Z</time><extensions><gpxtpx:TrackPointExtension><gpxtpx:hr>194</gpxtpx:hr></gpxtpx:TrackPointExtension></extensions></trkpt><trkpt lat="58.055897" lon="38.835022"><ele>106.0</ele><time>2024-12-04T10:08:25Z</time><extensions><gpxtpx:TrackPointExtension><gpxtpx:hr>194</gpxtpx:hr></gpxtpx:TrackPointExtension></extensions></trkpt><trkpt lat="58.055892" lon="38.83506"><ele>106.0</ele><time>2024-12-04T10:08:26Z</time><extensions><gpxtpx:TrackPointExtension><gpxtpx:hr>194</gpxtpx:hr></gpxtpx:TrackPointExtension></extensions></trkpt><trkpt lat="58.05588" lon="38.835105"><ele>106.0</ele><time>2024-12-04T10:08:27Z</time><extensions><gpxtpx:TrackPointExtension><gpxtpx:hr>193</gpxtpx:hr></gpxtpx:TrackPointExtension></extensions></trkpt><trkpt lat="58.05587" lon="38.835155"><ele>106.0</ele><time>2024-12-04T10:08:28Z</time><extensions><gpxtpx:TrackPointExtension><gpxtpx:hr>193</gpxtpx:hr></gpxtpx:TrackPointExtension></extensions></trkpt><trkpt lat="58.055855" lon="38.835205"><ele>106.0</ele><time>2024-12-04T10:08:29Z</time><extensions><gpxtpx:TrackPointExtension><gpxtpx:hr>193</gpxtpx:hr></gpxtpx:TrackPointExtension></extensions></trkpt><trkpt lat="58.05584" lon="38.835253"><ele>106.0</ele><time>2024-12-04T10:08:29Z</time><extensions><gpxtpx:TrackPointExtension><gpxtpx:hr>193</gpxtpx:hr></gpxtpx:TrackPointExtension></extensions></trkpt><trkpt lat="58.055818" lon="38.835303"><ele>106.0</ele><time>2024-12-04T10:08:30Z</time><extensions><gpxtpx:TrackPointExtension><gpxtpx:hr>193</gpxtpx:hr></gpxtpx:TrackPointExtension></extensions></trkpt><trkpt lat="58.055805" lon="38.835353"><ele>106.0</ele><time>2024-12-04T10:08:31Z</time><extensions><gpxtpx:TrackPointExtension><gpxtpx:hr>193</gpxtpx:hr></gpxtpx:TrackPointExtension></extensions></trkpt><trkpt lat="58.055785" lon="38.835402"><ele>106.0</ele><time>2024-12-04T10:08:32Z</time><extensions><gpxtpx:TrackPointExtension><gpxtpx:hr>193</gpxtpx:hr></gpxtpx:TrackPointExtension></extensions></trkpt><trkpt lat="58.055767" lon="38.835452"><ele>106.0</ele><time>2024-12-04T10:08:33Z</time><extensions><gpxtpx:TrackPointExtension><gpxtpx:hr>193</gpxtpx:hr></gpxtpx:TrackPointExtension></extensions></trkpt><trkpt lat="58.055747" lon="38.8355"><ele>106.0</ele><time>2024-12-04T10:08:35Z</time><extensions><gpxtpx:TrackPointExtension><gpxtpx:hr>192</gpxtpx:hr></gpxtpx:TrackPointExtension></extensions></trkpt><trkpt lat="58.055732" lon="38.835548"><ele>106.0</ele><time>2024-12-04T10:08:36Z</time><extensions><gpxtpx:TrackPointExtension><gpxtpx:hr>191</gpxtpx:hr></gpxtpx:TrackPointExtension></extensions></trkpt><trkpt lat="58.055717" lon="38.835597"><ele>106.0</ele><time>2024-12-04T10:08:37Z</time><extensions><gpxtpx:TrackPointExtension><gpxtpx:hr>191</gpxtpx:hr></gpxtpx:TrackPointExtension></extensions></trkpt><trkpt lat="58.055702" lon="38.835647"><ele>106.0</ele><time>2024-12-04T10:08:38Z</time><extensions><gpxtpx:TrackPointExtension><gpxtpx:hr>190</gpxtpx:hr></gpxtpx:TrackPointExtension></extensions></trkpt><trkpt lat="58.055687" lon="38.835697"><ele>106.0</ele><time>2024-12-04T10:08:39Z</time><extensions><gpxtpx:TrackPointExtension><gpxtpx:hr>190</gpxtpx:hr></gpxtpx:TrackPointExtension></extensions></trkpt><trkpt lat="58.05567" lon="38.835747"><ele>106.0</ele><time>2024-12-04T10:08:40Z</time><extensions><gpxtpx:TrackPointExtension><gpxtpx:hr>190</gpxtpx:hr></gpxtpx:TrackPointExtension></extensions></trkpt><trkpt lat="58.055652" lon="38.835795"><ele>106.0</ele><time>2024-12-04T10:08:41Z</time><extensions><gpxtpx:TrackPointExtension><gpxtpx:hr>190</gpxtpx:hr></gpxtpx:TrackPointExtension></extensions></trkpt><trkpt lat="58.055633" lon="38.835845"><ele>106.0</ele><time>2024-12-04T10:08:42Z</time><extensions><gpxtpx:TrackPointExtension><gpxtpx:hr>190</gpxtpx:hr></gpxtpx:TrackPointExtension></extensions></trkpt><trkpt lat="58.055613" lon="38.8359"><ele>106.0</ele><time>2024-12-04T10:08:42Z</time><extensions><gpxtpx:TrackPointExtension><gpxtpx:hr>190</gpxtpx:hr></gpxtpx:TrackPointExtension></extensions></trkpt><trkpt lat="58.0556" lon="38.83595"><ele>106.0</ele><time>2024-12-04T10:08:43Z</time><extensions><gpxtpx:TrackPointExtension><gpxtpx:hr>191</gpxtpx:hr></gpxtpx:TrackPointExtension></extensions></trkpt><trkpt lat="58.055583" lon="38.835998"><ele>106.0</ele><time>2024-12-04T10:08:44Z</time><extensions><gpxtpx:TrackPointExtension><gpxtpx:hr>191</gpxtpx:hr></gpxtpx:TrackPointExtension></extensions></trkpt><trkpt lat="58.05557" lon="38.83605"><ele>106.0</ele><time>2024-12-04T10:08:46Z</time><extensions><gpxtpx:TrackPointExtension><gpxtpx:hr>193</gpxtpx:hr></gpxtpx:TrackPointExtension></extensions></trkpt><trkpt lat="58.05555" lon="38.836097"><ele>106.0</ele><time>2024-12-04T10:08:47Z</time><extensions><gpxtpx:TrackPointExtension><gpxtpx:hr>193</gpxtpx:hr></gpxtpx:TrackPointExtension></extensions></trkpt><trkpt lat="58.055533" lon="38.83615"><ele>106.0</ele><time>2024-12-04T10:08:48Z</time><extensions><gpxtpx:TrackPointExtension><gpxtpx:hr>194</gpxtpx:hr></gpxtpx:TrackPointExtension></extensions></trkpt><trkpt lat="58.05552" lon="38.836197"><ele>106.0</ele><time>2024-12-04T10:08:49Z</time><extensions><gpxtpx:TrackPointExtension><gpxtpx:hr>194</gpxtpx:hr></gpxtpx:TrackPointExtension></extensions></trkpt><trkpt lat="58.055503" lon="38.836245"><ele>106.0</ele><time>2024-12-04T10:08:50Z</time><extensions><gpxtpx:TrackPointExtension><gpxtpx:hr>194</gpxtpx:hr></gpxtpx:TrackPointExtension></extensions></trkpt><trkpt lat="58.05549" lon="38.8363"><ele>106.0</ele><time>2024-12-04T10:08:51Z</time><extensions><gpxtpx:TrackPointExtension><gpxtpx:hr>194</gpxtpx:hr></gpxtpx:TrackPointExtension></extensions></trkpt><trkpt lat="58.05547" lon="38.83635"><ele>106.0</ele><time>2024-12-04T10:08:52Z</time><extensions><gpxtpx:TrackPointExtension><gpxtpx:hr>194</gpxtpx:hr></gpxtpx:TrackPointExtension></extensions></trkpt><trkpt lat="58.055453" lon="38.8364"><ele>106.0</ele><time>2024-12-04T10:08:53Z</time><extensions><gpxtpx:TrackPointExtension><gpxtpx:hr>193</gpxtpx:hr></gpxtpx:TrackPointExtension></extensions></trkpt><trkpt lat="58.055438" lon="38.83645"><ele>106.0</ele><time>2024-12-04T10:08:54Z</time><extensions><gpxtpx:TrackPointExtension><gpxtpx:hr>193</gpxtpx:hr></gpxtpx:TrackPointExtension></extensions></trkpt><trkpt lat="58.055423" lon="38.836502"><ele>106.0</ele><time>2024-12-04T10:08:55Z</time><extensions><gpxtpx:TrackPointExtension><gpxtpx:hr>192</gpxtpx:hr></gpxtpx:TrackPointExtension></extensions></trkpt><trkpt lat="58.05541" lon="38.836555"><ele>106.0</ele><time>2024-12-04T10:08:55Z</time><extensions><gpxtpx:TrackPointExtension><gpxtpx:hr>192</gpxtpx:hr></gpxtpx:TrackPointExtension></extensions></trkpt><trkpt lat="58.055397" lon="38.83661"><ele>106.0</ele><time>2024-12-04T10:08:56Z</time><extensions><gpxtpx:TrackPointExtension><gpxtpx:hr>192</gpxtpx:hr></gpxtpx:TrackPointExtension></extensions></trkpt><trkpt lat="58.05538" lon="38.83666"><ele>106.0</ele><time>2024-12-04T10:08:57Z</time><extensions><gpxtpx:TrackPointExtension><gpxtpx:hr>192</gpxtpx:hr></gpxtpx:TrackPointExtension></extensions></trkpt><trkpt lat="58.055367" lon="38.83671"><ele>106.0</ele><time>2024-12-04T10:08:59Z</time><extensions><gpxtpx:TrackPointExtension><gpxtpx:hr>191</gpxtpx:hr></gpxtpx:TrackPointExtension></extensions></trkpt><trkpt lat="58.05535" lon="38.836758"><ele>106.0</ele><time>2024-12-04T10:09:00Z</time><extensions><gpxtpx:TrackPointExtension><gpxtpx:hr>192</gpxtpx:hr></gpxtpx:TrackPointExtension></extensions></trkpt><trkpt lat="58.055335" lon="38.83681"><ele>106.0</ele><time>2024-12-04T10:09:01Z</time><extensions><gpxtpx:TrackPointExtension><gpxtpx:hr>192</gpxtpx:hr></gpxtpx:TrackPointExtension></extensions></trkpt><trkpt lat="58.05532" lon="38.83686"><ele>106.0</ele><time>2024-12-04T10:09:02Z</time><extensions><gpxtpx:TrackPointExtension><gpxtpx:hr>192</gpxtpx:hr></gpxtpx:TrackPointExtension></extensions></trkpt><trkpt lat="58.055305" lon="38.83691"><ele>106.0</ele><time>2024-12-04T10:09:03Z</time><extensions><gpxtpx:TrackPointExtension><gpxtpx:hr>192</gpxtpx:hr></gpxtpx:TrackPointExtension></extensions></trkpt><trkpt lat="58.05529" lon="38.83696"><ele>106.0</ele><time>2024-12-04T10:09:04Z</time><extensions><gpxtpx:TrackPointExtension><gpxtpx:hr>191</gpxtpx:hr></gpxtpx:TrackPointExtension></extensions></trkpt><trkpt lat="58.05527" lon="38.837012"><ele>106.0</ele><time>2024-12-04T10:09:05Z</time><extensions><gpxtpx:TrackPointExtension><gpxtpx:hr>191</gpxtpx:hr></gpxtpx:TrackPointExtension></extensions></trkpt><trkpt lat="58.055255" lon="38.837062"><ele>106.0</ele><time>2024-12-04T10:09:06Z</time><extensions><gpxtpx:TrackPointExtension><gpxtpx:hr>189</gpxtpx:hr></gpxtpx:TrackPointExtension></extensions></trkpt><trkpt lat="58.05524" lon="38.837112"><ele>106.0</ele><time>2024-12-04T10:09:07Z</time><extensions><gpxtpx:TrackPointExtension><gpxtpx:hr>188</gpxtpx:hr></gpxtpx:TrackPointExtension></extensions></trkpt><trkpt lat="58.055225" lon="38.83716"><ele>106.0</ele><time>2024-12-04T10:09:08Z</time><extensions><gpxtpx:TrackPointExtension><gpxtpx:hr>188</gpxtpx:hr></gpxtpx:TrackPointExtension></extensions></trkpt><trkpt lat="58.05521" lon="38.837207"><ele>106.0</ele><time>2024-12-04T10:09:08Z</time><extensions><gpxtpx:TrackPointExtension><gpxtpx:hr>188</gpxtpx:hr></gpxtpx:TrackPointExtension></extensions></trkpt><trkpt lat="58.055195" lon="38.837253"><ele>106.0</ele><time>2024-12-04T10:09:09Z</time><extensions><gpxtpx:TrackPointExtension><gpxtpx:hr>186</gpxtpx:hr></gpxtpx:TrackPointExtension></extensions></trkpt><trkpt lat="58.055175" lon="38.837302"><ele>106.0</ele><time>2024-12-04T10:09:10Z</time><extensions><gpxtpx:TrackPointExtension><gpxtpx:hr>186</gpxtpx:hr></gpxtpx:TrackPointExtension></extensions></trkpt><trkpt lat="58.05516" lon="38.837357"><ele>106.0</ele><time>2024-12-04T10:09:12Z</time><extensions><gpxtpx:TrackPointExtension><gpxtpx:hr>185</gpxtpx:hr></gpxtpx:TrackPointExtension></extensions></trkpt><trkpt lat="58.05514" lon="38.83741"><ele>106.0</ele><time>2024-12-04T10:09:13Z</time><extensions><gpxtpx:TrackPointExtension><gpxtpx:hr>185</gpxtpx:hr></gpxtpx:TrackPointExtension></extensions></trkpt><trkpt lat="58.055122" lon="38.837462"><ele>106.0</ele><time>2024-12-04T10:09:14Z</time><extensions><gpxtpx:TrackPointExtension><gpxtpx:hr>184</gpxtpx:hr></gpxtpx:TrackPointExtension></extensions></trkpt><trkpt lat="58.055107" lon="38.837517"><ele>106.0</ele><time>2024-12-04T10:09:15Z</time><extensions><gpxtpx:TrackPointExtension><gpxtpx:hr>184</gpxtpx:hr></gpxtpx:TrackPointExtension></extensions></trkpt><trkpt lat="58.055087" lon="38.837573"><ele>106.0</ele><time>2024-12-04T10:09:16Z</time><extensions><gpxtpx:TrackPointExtension><gpxtpx:hr>187</gpxtpx:hr></gpxtpx:TrackPointExtension></extensions></trkpt><trkpt lat="58.055072" lon="38.837627"><ele>106.0</ele><time>2024-12-04T10:09:17Z</time><extensions><gpxtpx:TrackPointExtension><gpxtpx:hr>187</gpxtpx:hr></gpxtpx:TrackPointExtension></extensions></trkpt><trkpt lat="58.055057" lon="38.83768"><ele>106.0</ele><time>2024-12-04T10:09:18Z</time><extensions><gpxtpx:TrackPointExtension><gpxtpx:hr>187</gpxtpx:hr></gpxtpx:TrackPointExtension></extensions></trkpt><trkpt lat="58.05504" lon="38.83773"><ele>106.0</ele><time>2024-12-04T10:09:18Z</time><extensions><gpxtpx:TrackPointExtension><gpxtpx:hr>187</gpxtpx:hr></gpxtpx:TrackPointExtension></extensions></trkpt><trkpt lat="58.055022" lon="38.837783"><ele>106.0</ele><time>2024-12-04T10:09:19Z</time><extensions><gpxtpx:TrackPointExtension><gpxtpx:hr>187</gpxtpx:hr></gpxtpx:TrackPointExtension></extensions></trkpt><trkpt lat="58.055007" lon="38.83784"><ele>106.0</ele><time>2024-12-04T10:09:20Z</time><extensions><gpxtpx:TrackPointExtension><gpxtpx:hr>187</gpxtpx:hr></gpxtpx:TrackPointExtension></extensions></trkpt><trkpt lat="58.054988" lon="38.837893"><ele>106.0</ele><time>2024-12-04T10:09:21Z</time><extensions><gpxtpx:TrackPointExtension><gpxtpx:hr>197</gpxtpx:hr></gpxtpx:TrackPointExtension></extensions></trkpt><trkpt lat="58.054973" lon="38.837947"><ele>106.0</ele><time>2024-12-04T10:09:23Z</time><extensions><gpxtpx:TrackPointExtension><gpxtpx:hr>199</gpxtpx:hr></gpxtpx:TrackPointExtension></extensions></trkpt><trkpt lat="58.05496" lon="38.838"><ele>106.0</ele><time>2024-12-04T10:09:24Z</time><extensions><gpxtpx:TrackPointExtension><gpxtpx:hr>200</gpxtpx:hr></gpxtpx:TrackPointExtension></extensions></trkpt><trkpt lat="58.05494" lon="38.838053"><ele>106.0</ele><time>2024-12-04T10:09:25Z</time><extensions><gpxtpx:TrackPointExtension><gpxtpx:hr>200</gpxtpx:hr></gpxtpx:TrackPointExtension></extensions></trkpt><trkpt lat="58.054923" lon="38.83811"><ele>106.0</ele><time>2024-12-04T10:09:26Z</time><extensions><gpxtpx:TrackPointExtension><gpxtpx:hr>199</gpxtpx:hr></gpxtpx:TrackPointExtension></extensions></trkpt><trkpt lat="58.054903" lon="38.838165"><ele>106.0</ele><time>2024-12-04T10:09:27Z</time><extensions><gpxtpx:TrackPointExtension><gpxtpx:hr>199</gpxtpx:hr></gpxtpx:TrackPointExtension></extensions></trkpt><trkpt lat="58.054885" lon="38.838215"><ele>106.0</ele><time>2024-12-04T10:09:28Z</time><extensions><gpxtpx:TrackPointExtension><gpxtpx:hr>199</gpxtpx:hr></gpxtpx:TrackPointExtension></extensions></trkpt><trkpt lat="58.05487" lon="38.83827"><ele>106.0</ele><time>2024-12-04T10:09:29Z</time><extensions><gpxtpx:TrackPointExtension><gpxtpx:hr>199</gpxtpx:hr></gpxtpx:TrackPointExtension></extensions></trkpt><trkpt lat="58.05485" lon="38.838317"><ele>106.0</ele><time>2024-12-04T10:09:29Z</time><extensions><gpxtpx:TrackPointExtension><gpxtpx:hr>199</gpxtpx:hr></gpxtpx:TrackPointExtension></extensions></trkpt><trkpt lat="58.054832" lon="38.83837"><ele>106.0</ele><time>2024-12-04T10:09:30Z</time><extensions><gpxtpx:TrackPointExtension><gpxtpx:hr>200</gpxtpx:hr></gpxtpx:TrackPointExtension></extensions></trkpt><trkpt lat="58.054817" lon="38.83842"><ele>106.0</ele><time>2024-12-04T10:09:31Z</time><extensions><gpxtpx:TrackPointExtension><gpxtpx:hr>200</gpxtpx:hr></gpxtpx:TrackPointExtension></extensions></trkpt><trkpt lat="58.0548" lon="38.838473"><ele>106.0</ele><time>2024-12-04T10:09:33Z</time><extensions><gpxtpx:TrackPointExtension><gpxtpx:hr>200</gpxtpx:hr></gpxtpx:TrackPointExtension></extensions></trkpt><trkpt lat="58.05478" lon="38.838523"><ele>106.0</ele><time>2024-12-04T10:09:34Z</time><extensions><gpxtpx:TrackPointExtension><gpxtpx:hr>199</gpxtpx:hr></gpxtpx:TrackPointExtension></extensions></trkpt><trkpt lat="58.054763" lon="38.838577"><ele>106.0</ele><time>2024-12-04T10:09:35Z</time><extensions><gpxtpx:TrackPointExtension><gpxtpx:hr>199</gpxtpx:hr></gpxtpx:TrackPointExtension></extensions></trkpt><trkpt lat="58.054745" lon="38.83863"><ele>106.0</ele><time>2024-12-04T10:09:36Z</time><extensions><gpxtpx:TrackPointExtension><gpxtpx:hr>199</gpxtpx:hr></gpxtpx:TrackPointExtension></extensions></trkpt><trkpt lat="58.05473" lon="38.838683"><ele>106.0</ele><time>2024-12-04T10:09:37Z</time><extensions><gpxtpx:TrackPointExtension><gpxtpx:hr>199</gpxtpx:hr></gpxtpx:TrackPointExtension></extensions></trkpt><trkpt lat="58.05471" lon="38.838737"><ele>106.0</ele><time>2024-12-04T10:09:38Z</time><extensions><gpxtpx:TrackPointExtension><gpxtpx:hr>199</gpxtpx:hr></gpxtpx:TrackPointExtension></extensions></trkpt><trkpt lat="58.05469" lon="38.838787"><ele>106.0</ele><time>2024-12-04T10:09:39Z</time><extensions><gpxtpx:TrackPointExtension><gpxtpx:hr>199</gpxtpx:hr></gpxtpx:TrackPointExtension></extensions></trkpt><trkpt lat="58.054672" lon="38.83884"><ele>106.0</ele><time>2024-12-04T10:09:40Z</time><extensions><gpxtpx:TrackPointExtension><gpxtpx:hr>199</gpxtpx:hr></gpxtpx:TrackPointExtension></extensions></trkpt><trkpt lat="58.054652" lon="38.838893"><ele>106.0</ele><time>2024-12-04T10:09:40Z</time><extensions><gpxtpx:TrackPointExtension><gpxtpx:hr>199</gpxtpx:hr></gpxtpx:TrackPointExtension></extensions></trkpt><trkpt lat="58.054633" lon="38.838947"><ele>106.0</ele><time>2024-12-04T10:09:41Z</time><extensions><gpxtpx:TrackPointExtension><gpxtpx:hr>198</gpxtpx:hr></gpxtpx:TrackPointExtension></extensions></trkpt><trkpt lat="58.054615" lon="38.839"><ele>106.0</ele><time>2024-12-04T10:09:42Z</time><extensions><gpxtpx:TrackPointExtension><gpxtpx:hr>198</gpxtpx:hr></gpxtpx:TrackPointExtension></extensions></trkpt><trkpt lat="58.0546" lon="38.839057"><ele>106.0</ele><time>2024-12-04T10:09:44Z</time><extensions><gpxtpx:TrackPointExtension><gpxtpx:hr>199</gpxtpx:hr></gpxtpx:TrackPointExtension></extensions></trkpt><trkpt lat="58.05458" lon="38.839108"><ele>106.0</ele><time>2024-12-04T10:09:45Z</time><extensions><gpxtpx:TrackPointExtension><gpxtpx:hr>199</gpxtpx:hr></gpxtpx:TrackPointExtension></extensions></trkpt><trkpt lat="58.054565" lon="38.83917"><ele>106.0</ele><time>2024-12-04T10:09:46Z</time><extensions><gpxtpx:TrackPointExtension><gpxtpx:hr>199</gpxtpx:hr></gpxtpx:TrackPointExtension></extensions></trkpt><trkpt lat="58.054545" lon="38.839222"><ele>106.0</ele><time>2024-12-04T10:09:47Z</time><extensions><gpxtpx:TrackPointExtension><gpxtpx:hr>198</gpxtpx:hr></gpxtpx:TrackPointExtension></extensions></trkpt><trkpt lat="58.054527" lon="38.839275"><ele>106.0</ele><time>2024-12-04T10:09:48Z</time><extensions><gpxtpx:TrackPointExtension><gpxtpx:hr>198</gpxtpx:hr></gpxtpx:TrackPointExtension></extensions></trkpt><trkpt lat="58.054512" lon="38.83932"><ele>106.0</ele><time>2024-12-04T10:09:49Z</time><extensions><gpxtpx:TrackPointExtension><gpxtpx:hr>198</gpxtpx:hr></gpxtpx:TrackPointExtension></extensions></trkpt><trkpt lat="58.054492" lon="38.83937"><ele>106.0</ele><time>2024-12-04T10:09:50Z</time><extensions><gpxtpx:TrackPointExtension><gpxtpx:hr>198</gpxtpx:hr></gpxtpx:TrackPointExtension></extensions></trkpt><trkpt lat="58.054473" lon="38.839418"><ele>106.0</ele><time>2024-12-04T10:09:51Z</time><extensions><gpxtpx:TrackPointExtension><gpxtpx:hr>197</gpxtpx:hr></gpxtpx:TrackPointExtension></extensions></trkpt><trkpt lat="58.05446" lon="38.83947"><ele>106.0</ele><time>2024-12-04T10:09:51Z</time><extensions><gpxtpx:TrackPointExtension><gpxtpx:hr>197</gpxtpx:hr></gpxtpx:TrackPointExtension></extensions></trkpt><trkpt lat="58.05444" lon="38.83952"><ele>106.0</ele><time>2024-12-04T10:09:52Z</time><extensions><gpxtpx:TrackPointExtension><gpxtpx:hr>197</gpxtpx:hr></gpxtpx:TrackPointExtension></extensions></trkpt><trkpt lat="58.05442" lon="38.83957"><ele>106.0</ele><time>2024-12-04T10:09:53Z</time><extensions><gpxtpx:TrackPointExtension><gpxtpx:hr>197</gpxtpx:hr></gpxtpx:TrackPointExtension></extensions></trkpt><trkpt lat="58.054405" lon="38.83962"><ele>106.0</ele><time>2024-12-04T10:09:55Z</time><extensions><gpxtpx:TrackPointExtension><gpxtpx:hr>197</gpxtpx:hr></gpxtpx:TrackPointExtension></extensions></trkpt><trkpt lat="58.054385" lon="38.839663"><ele>106.0</ele><time>2024-12-04T10:09:56Z</time><extensions><gpxtpx:TrackPointExtension><gpxtpx:hr>196</gpxtpx:hr></gpxtpx:TrackPointExtension></extensions></trkpt><trkpt lat="58.05437" lon="38.839713"><ele>106.0</ele><time>2024-12-04T10:09:57Z</time><extensions><gpxtpx:TrackPointExtension><gpxtpx:hr>196</gpxtpx:hr></gpxtpx:TrackPointExtension></extensions></trkpt><trkpt lat="58.05435" lon="38.83976"><ele>106.0</ele><time>2024-12-04T10:09:58Z</time><extensions><gpxtpx:TrackPointExtension><gpxtpx:hr>196</gpxtpx:hr></gpxtpx:TrackPointExtension></extensions></trkpt><trkpt lat="58.054332" lon="38.839793"><ele>106.0</ele><time>2024-12-04T10:09:59Z</time><extensions><gpxtpx:TrackPointExtension><gpxtpx:hr>196</gpxtpx:hr></gpxtpx:TrackPointExtension></extensions></trkpt><trkpt lat="58.05431" lon="38.839812"><ele>106.0</ele><time>2024-12-04T10:10:00Z</time><extensions><gpxtpx:TrackPointExtension><gpxtpx:hr>196</gpxtpx:hr></gpxtpx:TrackPointExtension></extensions></trkpt><trkpt lat="58.054287" lon="38.83982"><ele>106.0</ele><time>2024-12-04T10:10:01Z</time><extensions><gpxtpx:TrackPointExtension><gpxtpx:hr>196</gpxtpx:hr></gpxtpx:TrackPointExtension></extensions></trkpt><trkpt lat="58.054263" lon="38.83982"><ele>106.0</ele><time>2024-12-04T10:10:02Z</time><extensions><gpxtpx:TrackPointExtension><gpxtpx:hr>196</gpxtpx:hr></gpxtpx:TrackPointExtension></extensions></trkpt><trkpt lat="58.05424" lon="38.83981"><ele>106.0</ele><time>2024-12-04T10:10:02Z</time><extensions><gpxtpx:TrackPointExtension><gpxtpx:hr>196</gpxtpx:hr></gpxtpx:TrackPointExtension></extensions></trkpt><trkpt lat="58.05422" lon="38.839797"><ele>106.0</ele><time>2024-12-04T10:10:03Z</time><extensions><gpxtpx:TrackPointExtension><gpxtpx:hr>196</gpxtpx:hr></gpxtpx:TrackPointExtension></extensions></trkpt><trkpt lat="58.054195" lon="38.839787"><ele>106.0</ele><time>2024-12-04T10:10:04Z</time><extensions><gpxtpx:TrackPointExtension><gpxtpx:hr>196</gpxtpx:hr></gpxtpx:TrackPointExtension></extensions></trkpt><trkpt lat="58.054172" lon="38.839775"><ele>106.0</ele><time>2024-12-04T10:10:05Z</time><extensions><gpxtpx:TrackPointExtension><gpxtpx:hr>196</gpxtpx:hr></gpxtpx:TrackPointExtension></extensions></trkpt><trkpt lat="58.05415" lon="38.83976"><ele>106.0</ele><time>2024-12-04T10:10:07Z</time><extensions><gpxtpx:TrackPointExtension><gpxtpx:hr>195</gpxtpx:hr></gpxtpx:TrackPointExtension></extensions></trkpt><trkpt lat="58.054127" lon="38.839745"><ele>106.0</ele><time>2024-12-04T10:10:08Z</time><extensions><gpxtpx:TrackPointExtension><gpxtpx:hr>195</gpxtpx:hr></gpxtpx:TrackPointExtension></extensions></trkpt><trkpt lat="58.054103" lon="38.839732"><ele>106.0</ele><time>2024-12-04T10:10:09Z</time><extensions><gpxtpx:TrackPointExtension><gpxtpx:hr>195</gpxtpx:hr></gpxtpx:TrackPointExtension></extensions></trkpt><trkpt lat="58.05408" lon="38.839717"><ele>106.0</ele><time>2024-12-04T10:10:10Z</time><extensions><gpxtpx:TrackPointExtension><gpxtpx:hr>195</gpxtpx:hr></gpxtpx:TrackPointExtension></extensions></trkpt><trkpt lat="58.05406" lon="38.83971"><ele>106.0</ele><time>2024-12-04T10:10:11Z</time><extensions><gpxtpx:TrackPointExtension><gpxtpx:hr>195</gpxtpx:hr></gpxtpx:TrackPointExtension></extensions></trkpt><trkpt lat="58.05404" lon="38.839695"><ele>106.0</ele><time>2024-12-04T10:10:12Z</time><extensions><gpxtpx:TrackPointExtension><gpxtpx:hr>195</gpxtpx:hr></gpxtpx:TrackPointExtension></extensions></trkpt><trkpt lat="58.05402" lon="38.83968"><ele>106.0</ele><time>2024-12-04T10:10:13Z</time><extensions><gpxtpx:TrackPointExtension><gpxtpx:hr>195</gpxtpx:hr></gpxtpx:TrackPointExtension></extensions></trkpt><trkpt lat="58.054003" lon="38.839657"><ele>106.0</ele><time>2024-12-04T10:10:14Z</time><extensions><gpxtpx:TrackPointExtension><gpxtpx:hr>195</gpxtpx:hr></gpxtpx:TrackPointExtension></extensions></trkpt><trkpt lat="58.053992" lon="38.839633"><ele>106.0</ele><time>2024-12-04T10:10:15Z</time><extensions><gpxtpx:TrackPointExtension><gpxtpx:hr>196</gpxtpx:hr></gpxtpx:TrackPointExtension></extensions></trkpt><trkpt lat="58.053985" lon="38.839602"><ele>106.0</ele><time>2024-12-04T10:10:15Z</time><extensions><gpxtpx:TrackPointExtension><gpxtpx:hr>196</gpxtpx:hr></gpxtpx:TrackPointExtension></extensions></trkpt><trkpt lat="58.05398" lon="38.83957"><ele>106.0</ele><time>2024-12-04T10:10:16Z</time><extensions><gpxtpx:TrackPointExtension><gpxtpx:hr>196</gpxtpx:hr></gpxtpx:TrackPointExtension></extensions></trkpt><trkpt lat="58.053985" lon="38.83953"><ele>106.0</ele><time>2024-12-04T10:10:17Z</time><extensions><gpxtpx:TrackPointExtension><gpxtpx:hr>197</gpxtpx:hr></gpxtpx:TrackPointExtension></extensions></trkpt><trkpt lat="58.05399" lon="38.839497"><ele>106.0</ele><time>2024-12-04T10:10:19Z</time><extensions><gpxtpx:TrackPointExtension><gpxtpx:hr>197</gpxtpx:hr></gpxtpx:TrackPointExtension></extensions></trkpt><trkpt lat="58.053997" lon="38.839455"><ele>106.0</ele><time>2024-12-04T10:10:20Z</time><extensions><gpxtpx:TrackPointExtension><gpxtpx:hr>197</gpxtpx:hr></gpxtpx:TrackPointExtension></extensions></trkpt><trkpt lat="58.054003" lon="38.83941"><ele>106.0</ele><time>2024-12-04T10:10:21Z</time><extensions><gpxtpx:TrackPointExtension><gpxtpx:hr>197</gpxtpx:hr></gpxtpx:TrackPointExtension></extensions></trkpt><trkpt lat="58.054012" lon="38.839362"><ele>106.0</ele><time>2024-12-04T10:10:22Z</time><extensions><gpxtpx:TrackPointExtension><gpxtpx:hr>197</gpxtpx:hr></gpxtpx:TrackPointExtension></extensions></trkpt><trkpt lat="58.054023" lon="38.83931"><ele>106.0</ele><time>2024-12-04T10:10:23Z</time><extensions><gpxtpx:TrackPointExtension><gpxtpx:hr>197</gpxtpx:hr></gpxtpx:TrackPointExtension></extensions></trkpt><trkpt lat="58.054035" lon="38.83926"><ele>106.0</ele><time>2024-12-04T10:10:24Z</time><extensions><gpxtpx:TrackPointExtension><gpxtpx:hr>196</gpxtpx:hr></gpxtpx:TrackPointExtension></extensions></trkpt><trkpt lat="58.054047" lon="38.83921"><ele>106.0</ele><time>2024-12-04T10:10:25Z</time><extensions><gpxtpx:TrackPointExtension><gpxtpx:hr>196</gpxtpx:hr></gpxtpx:TrackPointExtension></extensions></trkpt><trkpt lat="58.054053" lon="38.839165"><ele>106.0</ele><time>2024-12-04T10:10:25Z</time><extensions><gpxtpx:TrackPointExtension><gpxtpx:hr>196</gpxtpx:hr></gpxtpx:TrackPointExtension></extensions></trkpt><trkpt lat="58.054065" lon="38.83912"><ele>106.0</ele><time>2024-12-04T10:10:26Z</time><extensions><gpxtpx:TrackPointExtension><gpxtpx:hr>196</gpxtpx:hr></gpxtpx:TrackPointExtension></extensions></trkpt><trkpt lat="58.05408" lon="38.839072"><ele>106.0</ele><time>2024-12-04T10:10:28Z</time><extensions><gpxtpx:TrackPointExtension><gpxtpx:hr>196</gpxtpx:hr></gpxtpx:TrackPointExtension></extensions></trkpt><trkpt lat="58.054092" lon="38.839027"><ele>106.0</ele><time>2024-12-04T10:10:29Z</time><extensions><gpxtpx:TrackPointExtension><gpxtpx:hr>196</gpxtpx:hr></gpxtpx:TrackPointExtension></extensions></trkpt><trkpt lat="58.054103" lon="38.83898"><ele>106.0</ele><time>2024-12-04T10:10:30Z</time><extensions><gpxtpx:TrackPointExtension><gpxtpx:hr>196</gpxtpx:hr></gpxtpx:TrackPointExtension></extensions></trkpt><trkpt lat="58.05412" lon="38.838935"><ele>106.0</ele><time>2024-12-04T10:10:31Z</time><extensions><gpxtpx:TrackPointExtension><gpxtpx:hr>197</gpxtpx:hr></gpxtpx:TrackPointExtension></extensions></trkpt><trkpt lat="58.05413" lon="38.83889"><ele>106.0</ele><time>2024-12-04T10:10:32Z</time><extensions><gpxtpx:TrackPointExtension><gpxtpx:hr>196</gpxtpx:hr></gpxtpx:TrackPointExtension></extensions></trkpt><trkpt lat="58.054142" lon="38.83884"><ele>106.0</ele><time>2024-12-04T10:10:33Z</time><extensions><gpxtpx:TrackPointExtension><gpxtpx:hr>195</gpxtpx:hr></gpxtpx:TrackPointExtension></extensions></trkpt><trkpt lat="58.054157" lon="38.838795"><ele>106.0</ele><time>2024-12-04T10:10:34Z</time><extensions><gpxtpx:TrackPointExtension><gpxtpx:hr>195</gpxtpx:hr></gpxtpx:TrackPointExtension></extensions></trkpt><trkpt lat="58.054172" lon="38.83874"><ele>106.0</ele><time>2024-12-04T10:10:34Z</time><extensions><gpxtpx:TrackPointExtension><gpxtpx:hr>195</gpxtpx:hr></gpxtpx:TrackPointExtension></extensions></trkpt><trkpt lat="58.054187" lon="38.838687"><ele>106.0</ele><time>2024-12-04T10:10:36Z</time><extensions><gpxtpx:TrackPointExtension><gpxtpx:hr>197</gpxtpx:hr></gpxtpx:TrackPointExtension></extensions></trkpt><trkpt lat="58.054207" lon="38.83863"><ele>106.0</ele><time>2024-12-04T10:10:36Z</time><extensions><gpxtpx:TrackPointExtension><gpxtpx:hr>197</gpxtpx:hr></gpxtpx:TrackPointExtension></extensions></trkpt><trkpt lat="58.054225" lon="38.83857"><ele>106.0</ele><time>2024-12-04T10:10:37Z</time><extensions><gpxtpx:TrackPointExtension><gpxtpx:hr>197</gpxtpx:hr></gpxtpx:TrackPointExtension></extensions></trkpt><trkpt lat="58.054245" lon="38.838512"><ele>106.0</ele><time>2024-12-04T10:10:38Z</time><extensions><gpxtpx:TrackPointExtension><gpxtpx:hr>198</gpxtpx:hr></gpxtpx:TrackPointExtension></extensions></trkpt><trkpt lat="58.05426" lon="38.83846"><ele>106.0</ele><time>2024-12-04T10:10:39Z</time><extensions><gpxtpx:TrackPointExtension><gpxtpx:hr>198</gpxtpx:hr></gpxtpx:TrackPointExtension></extensions></trkpt><trkpt lat="58.05428" lon="38.838405"><ele>106.0</ele><time>2024-12-04T10:10:41Z</time><extensions><gpxtpx:TrackPointExtension><gpxtpx:hr>197</gpxtpx:hr></gpxtpx:TrackPointExtension></extensions></trkpt><trkpt lat="58.05429" lon="38.838352"><ele>106.0</ele><time>2024-12-04T10:10:42Z</time><extensions><gpxtpx:TrackPointExtension><gpxtpx:hr>197</gpxtpx:hr></gpxtpx:TrackPointExtension></extensions></trkpt><trkpt lat="58.05431" lon="38.8383"><ele>106.0</ele><time>2024-12-04T10:10:43Z</time><extensions><gpxtpx:TrackPointExtension><gpxtpx:hr>197</gpxtpx:hr></gpxtpx:TrackPointExtension></extensions></trkpt><trkpt lat="58.05432" lon="38.83825"><ele>106.0</ele><time>2024-12-04T10:10:44Z</time><extensions><gpxtpx:TrackPointExtension><gpxtpx:hr>196</gpxtpx:hr></gpxtpx:TrackPointExtension></extensions></trkpt><trkpt lat="58.054337" lon="38.838195"><ele>106.0</ele><time>2024-12-04T10:10:45Z</time><extensions><gpxtpx:TrackPointExtension><gpxtpx:hr>196</gpxtpx:hr></gpxtpx:TrackPointExtension></extensions></trkpt><trkpt lat="58.05435" lon="38.838145"><ele>106.0</ele><time>2024-12-04T10:10:46Z</time><extensions><gpxtpx:TrackPointExtension><gpxtpx:hr>196</gpxtpx:hr></gpxtpx:TrackPointExtension></extensions></trkpt><trkpt lat="58.054367" lon="38.838097"><ele>106.0</ele><time>2024-12-04T10:10:47Z</time><extensions><gpxtpx:TrackPointExtension><gpxtpx:hr>196</gpxtpx:hr></gpxtpx:TrackPointExtension></extensions></trkpt><trkpt lat="58.054382" lon="38.838047"><ele>106.0</ele><time>2024-12-04T10:10:48Z</time><extensions><gpxtpx:TrackPointExtension><gpxtpx:hr>196</gpxtpx:hr></gpxtpx:TrackPointExtension></extensions></trkpt><trkpt lat="58.054393" lon="38.837997"><ele>106.0</ele><time>2024-12-04T10:10:49Z</time><extensions><gpxtpx:TrackPointExtension><gpxtpx:hr>195</gpxtpx:hr></gpxtpx:TrackPointExtension></extensions></trkpt><trkpt lat="58.054405" lon="38.837947"><ele>106.0</ele><time>2024-12-04T10:10:49Z</time><extensions><gpxtpx:TrackPointExtension><gpxtpx:hr>195</gpxtpx:hr></gpxtpx:TrackPointExtension></extensions></trkpt><trkpt lat="58.05442" lon="38.837898"><ele>106.0</ele><time>2024-12-04T10:10:50Z</time><extensions><gpxtpx:TrackPointExtension><gpxtpx:hr>195</gpxtpx:hr></gpxtpx:TrackPointExtension></extensions></trkpt><trkpt lat="58.054435" lon="38.83785"><ele>106.0</ele><time>2024-12-04T10:10:52Z</time><extensions><gpxtpx:TrackPointExtension><gpxtpx:hr>195</gpxtpx:hr></gpxtpx:TrackPointExtension></extensions></trkpt><trkpt lat="58.05445" lon="38.837802"><ele>106.0</ele><time>2024-12-04T10:10:53Z</time><extensions><gpxtpx:TrackPointExtension><gpxtpx:hr>194</gpxtpx:hr></gpxtpx:TrackPointExtension></extensions></trkpt><trkpt lat="58.054462" lon="38.83775"><ele>106.0</ele><time>2024-12-04T10:10:54Z</time><extensions><gpxtpx:TrackPointExtension><gpxtpx:hr>194</gpxtpx:hr></gpxtpx:TrackPointExtension></extensions></trkpt><trkpt lat="58.054477" lon="38.8377"><ele>106.0</ele><time>2024-12-04T10:10:55Z</time><extensions><gpxtpx:TrackPointExtension><gpxtpx:hr>194</gpxtpx:hr></gpxtpx:TrackPointExtension></extensions></trkpt><trkpt lat="58.054492" lon="38.837653"><ele>106.0</ele><time>2024-12-04T10:10:56Z</time><extensions><gpxtpx:TrackPointExtension><gpxtpx:hr>194</gpxtpx:hr></gpxtpx:TrackPointExtension></extensions></trkpt><trkpt lat="58.05451" lon="38.8376"><ele>106.0</ele><time>2024-12-04T10:10:57Z</time><extensions><gpxtpx:TrackPointExtension><gpxtpx:hr>193</gpxtpx:hr></gpxtpx:TrackPointExtension></extensions></trkpt><trkpt lat="58.05452" lon="38.83755"><ele>106.0</ele><time>2024-12-04T10:10:57Z</time><extensions><gpxtpx:TrackPointExtension><gpxtpx:hr>193</gpxtpx:hr></gpxtpx:TrackPointExtension></extensions></trkpt><trkpt lat="58.05454" lon="38.8375"><ele>106.0</ele><time>2024-12-04T10:10:58Z</time><extensions><gpxtpx:TrackPointExtension><gpxtpx:hr>193</gpxtpx:hr></gpxtpx:TrackPointExtension></extensions></trkpt><trkpt lat="58.054553" lon="38.837452"><ele>106.0</ele><time>2024-12-04T10:10:59Z</time><extensions><gpxtpx:TrackPointExtension><gpxtpx:hr>194</gpxtpx:hr></gpxtpx:TrackPointExtension></extensions></trkpt><trkpt lat="58.05457" lon="38.837405"><ele>106.0</ele><time>2024-12-04T10:11:01Z</time><extensions><gpxtpx:TrackPointExtension><gpxtpx:hr>195</gpxtpx:hr></gpxtpx:TrackPointExtension></extensions></trkpt><trkpt lat="58.054585" lon="38.83736"><ele>106.0</ele><time>2024-12-04T10:11:02Z</time><extensions><gpxtpx:TrackPointExtension><gpxtpx:hr>195</gpxtpx:hr></gpxtpx:TrackPointExtension></extensions></trkpt><trkpt lat="58.0546" lon="38.83731"><ele>106.0</ele><time>2024-12-04T10:11:03Z</time><extensions><gpxtpx:TrackPointExtension><gpxtpx:hr>196</gpxtpx:hr></gpxtpx:TrackPointExtension></extensions></trkpt><trkpt lat="58.054608" lon="38.83726"><ele>106.0</ele><time>2024-12-04T10:11:04Z</time><extensions><gpxtpx:TrackPointExtension><gpxtpx:hr>196</gpxtpx:hr></gpxtpx:TrackPointExtension></extensions></trkpt><trkpt lat="58.054622" lon="38.837215"><ele>106.0</ele><time>2024-12-04T10:11:05Z</time><extensions><gpxtpx:TrackPointExtension><gpxtpx:hr>197</gpxtpx:hr></gpxtpx:TrackPointExtension></extensions></trkpt><trkpt lat="58.054633" lon="38.837165"><ele>106.0</ele><time>2024-12-04T10:11:06Z</time><extensions><gpxtpx:TrackPointExtension><gpxtpx:hr>198</gpxtpx:hr></gpxtpx:TrackPointExtension></extensions></trkpt><trkpt lat="58.054645" lon="38.83712"><ele>106.0</ele><time>2024-12-04T10:11:06Z</time><extensions><gpxtpx:TrackPointExtension><gpxtpx:hr>198</gpxtpx:hr></gpxtpx:TrackPointExtension></extensions></trkpt><trkpt lat="58.05466" lon="38.837068"><ele>106.0</ele><time>2024-12-04T10:11:06Z</time><extensions><gpxtpx:TrackPointExtension><gpxtpx:hr>198</gpxtpx:hr></gpxtpx:TrackPointExtension></extensions></trkpt><trkpt lat="58.054675" lon="38.837025"><ele>106.0</ele><time>2024-12-04T10:11:07Z</time><extensions><gpxtpx:TrackPointExtension><gpxtpx:hr>198</gpxtpx:hr></gpxtpx:TrackPointExtension></extensions></trkpt><trkpt lat="58.05469" lon="38.83698"><ele>106.0</ele><time>2024-12-04T10:11:08Z</time><extensions><gpxtpx:TrackPointExtension><gpxtpx:hr>198</gpxtpx:hr></gpxtpx:TrackPointExtension></extensions></trkpt><trkpt lat="58.054707" lon="38.83693"><ele>106.0</ele><time>2024-12-04T10:11:09Z</time><extensions><gpxtpx:TrackPointExtension><gpxtpx:hr>198</gpxtpx:hr></gpxtpx:TrackPointExtension></extensions></trkpt><trkpt lat="58.05472" lon="38.83688"><ele>106.0</ele><time>2024-12-04T10:11:11Z</time><extensions><gpxtpx:TrackPointExtension><gpxtpx:hr>197</gpxtpx:hr></gpxtpx:TrackPointExtension></extensions></trkpt><trkpt lat="58.054737" lon="38.836833"><ele>106.0</ele><time>2024-12-04T10:11:12Z</time><extensions><gpxtpx:TrackPointExtension><gpxtpx:hr>197</gpxtpx:hr></gpxtpx:TrackPointExtension></extensions></trkpt><trkpt lat="58.054752" lon="38.83679"><ele>106.0</ele><time>2024-12-04T10:11:13Z</time><extensions><gpxtpx:TrackPointExtension><gpxtpx:hr>197</gpxtpx:hr></gpxtpx:TrackPointExtension></extensions></trkpt><trkpt lat="58.054763" lon="38.836742"><ele>106.0</ele><time>2024-12-04T10:11:14Z</time><extensions><gpxtpx:TrackPointExtension><gpxtpx:hr>197</gpxtpx:hr></gpxtpx:TrackPointExtension></extensions></trkpt><trkpt lat="58.05478" lon="38.836692"><ele>106.0</ele><time>2024-12-04T10:11:15Z</time><extensions><gpxtpx:TrackPointExtension><gpxtpx:hr>197</gpxtpx:hr></gpxtpx:TrackPointExtension></extensions></trkpt><trkpt lat="58.054793" lon="38.836647"><ele>106.0</ele><time>2024-12-04T10:11:16Z</time><extensions><gpxtpx:TrackPointExtension><gpxtpx:hr>197</gpxtpx:hr></gpxtpx:TrackPointExtension></extensions></trkpt><trkpt lat="58.054812" lon="38.836605"><ele>106.0</ele><time>2024-12-04T10:11:17Z</time><extensions><gpxtpx:TrackPointExtension><gpxtpx:hr>197</gpxtpx:hr></gpxtpx:TrackPointExtension></extensions></trkpt><trkpt lat="58.05483" lon="38.83656"><ele>106.0</ele><time>2024-12-04T10:11:18Z</time><extensions><gpxtpx:TrackPointExtension><gpxtpx:hr>197</gpxtpx:hr></gpxtpx:TrackPointExtension></extensions></trkpt><trkpt lat="58.054843" lon="38.83651"><ele>106.0</ele><time>2024-12-04T10:11:18Z</time><extensions><gpxtpx:TrackPointExtension><gpxtpx:hr>197</gpxtpx:hr></gpxtpx:TrackPointExtension></extensions></trkpt><trkpt lat="58.054862" lon="38.83646"><ele>106.0</ele><time>2024-12-04T10:11:19Z</time><extensions><gpxtpx:TrackPointExtension><gpxtpx:hr>197</gpxtpx:hr></gpxtpx:TrackPointExtension></extensions></trkpt><trkpt lat="58.05488" lon="38.83641"><ele>106.0</ele><time>2024-12-04T10:11:21Z</time><extensions><gpxtpx:TrackPointExtension><gpxtpx:hr>197</gpxtpx:hr></gpxtpx:TrackPointExtension></extensions></trkpt><trkpt lat="58.054897" lon="38.836365"><ele>106.0</ele><time>2024-12-04T10:11:22Z</time><extensions><gpxtpx:TrackPointExtension><gpxtpx:hr>197</gpxtpx:hr></gpxtpx:TrackPointExtension></extensions></trkpt><trkpt lat="58.054915" lon="38.836315"><ele>106.0</ele><time>2024-12-04T10:11:23Z</time><extensions><gpxtpx:TrackPointExtension><gpxtpx:hr>198</gpxtpx:hr></gpxtpx:TrackPointExtension></extensions></trkpt><trkpt lat="58.054935" lon="38.836265"><ele>106.0</ele><time>2024-12-04T10:11:24Z</time><extensions><gpxtpx:TrackPointExtension><gpxtpx:hr>198</gpxtpx:hr></gpxtpx:TrackPointExtension></extensions></trkpt><trkpt lat="58.05495" lon="38.836215"><ele>106.0</ele><time>2024-12-04T10:11:25Z</time><extensions><gpxtpx:TrackPointExtension><gpxtpx:hr>198</gpxtpx:hr></gpxtpx:TrackPointExtension></extensions></trkpt><trkpt lat="58.054965" lon="38.836165"><ele>106.0</ele><time>2024-12-04T10:11:26Z</time><extensions><gpxtpx:TrackPointExtension><gpxtpx:hr>198</gpxtpx:hr></gpxtpx:TrackPointExtension></extensions></trkpt><trkpt lat="58.054977" lon="38.836117"><ele>106.0</ele><time>2024-12-04T10:11:27Z</time><extensions><gpxtpx:TrackPointExtension><gpxtpx:hr>198</gpxtpx:hr></gpxtpx:TrackPointExtension></extensions></trkpt><trkpt lat="58.054988" lon="38.836075"><ele>106.0</ele><time>2024-12-04T10:11:27Z</time><extensions><gpxtpx:TrackPointExtension><gpxtpx:hr>198</gpxtpx:hr></gpxtpx:TrackPointExtension></extensions></trkpt><trkpt lat="58.055" lon="38.83603"><ele>106.0</ele><time>2024-12-04T10:11:28Z</time><extensions><gpxtpx:TrackPointExtension><gpxtpx:hr>198</gpxtpx:hr></gpxtpx:TrackPointExtension></extensions></trkpt><trkpt lat="58.055015" lon="38.835987"><ele>106.0</ele><time>2024-12-04T10:11:29Z</time><extensions><gpxtpx:TrackPointExtension><gpxtpx:hr>198</gpxtpx:hr></gpxtpx:TrackPointExtension></extensions></trkpt><trkpt lat="58.05503" lon="38.83595"><ele>106.0</ele><time>2024-12-04T10:11:31Z</time><extensions><gpxtpx:TrackPointExtension><gpxtpx:hr>198</gpxtpx:hr></gpxtpx:TrackPointExtension></extensions></trkpt><trkpt lat="58.055042" lon="38.835907"><ele>106.0</ele><time>2024-12-04T10:11:32Z</time><extensions><gpxtpx:TrackPointExtension><gpxtpx:hr>197</gpxtpx:hr></gpxtpx:TrackPointExtension></extensions></trkpt><trkpt lat="58.055057" lon="38.835865"><ele>106.0</ele><time>2024-12-04T10:11:33Z</time><extensions><gpxtpx:TrackPointExtension><gpxtpx:hr>197</gpxtpx:hr></gpxtpx:TrackPointExtension></extensions></trkpt><trkpt lat="58.05507" lon="38.835827"><ele>106.0</ele><time>2024-12-04T10:11:34Z</time><extensions><gpxtpx:TrackPointExtension><gpxtpx:hr>196</gpxtpx:hr></gpxtpx:TrackPointExtension></extensions></trkpt><trkpt lat="58.055083" lon="38.835785"><ele>106.0</ele><time>2024-12-04T10:11:35Z</time><extensions><gpxtpx:TrackPointExtension><gpxtpx:hr>195</gpxtpx:hr></gpxtpx:TrackPointExtension></extensions></trkpt><trkpt lat="58.055095" lon="38.835747"><ele>106.0</ele><time>2024-12-04T10:11:36Z</time><extensions><gpxtpx:TrackPointExtension><gpxtpx:hr>195</gpxtpx:hr></gpxtpx:TrackPointExtension></extensions></trkpt><trkpt lat="58.055107" lon="38.83571"><ele>106.0</ele><time>2024-12-04T10:11:37Z</time><extensions><gpxtpx:TrackPointExtension><gpxtpx:hr>196</gpxtpx:hr></gpxtpx:TrackPointExtension></extensions></trkpt><trkpt lat="58.055122" lon="38.83567"><ele>106.0</ele><time>2024-12-04T10:11:37Z</time><extensions><gpxtpx:TrackPointExtension><gpxtpx:hr>196</gpxtpx:hr></gpxtpx:TrackPointExtension></extensions></trkpt><trkpt lat="58.055133" lon="38.83563"><ele>106.0</ele><time>2024-12-04T10:11:38Z</time><extensions><gpxtpx:TrackPointExtension><gpxtpx:hr>196</gpxtpx:hr></gpxtpx:TrackPointExtension></extensions></trkpt><trkpt lat="58.055145" lon="38.83559"><ele>106.0</ele><time>2024-12-04T10:11:39Z</time><extensions><gpxtpx:TrackPointExtension><gpxtpx:hr>196</gpxtpx:hr></gpxtpx:TrackPointExtension></extensions></trkpt><trkpt lat="58.055157" lon="38.835552"><ele>106.0</ele><time>2024-12-04T10:11:41Z</time><extensions><gpxtpx:TrackPointExtension><gpxtpx:hr>197</gpxtpx:hr></gpxtpx:TrackPointExtension></extensions></trkpt><trkpt lat="58.055172" lon="38.83551"><ele>106.0</ele><time>2024-12-04T10:11:41Z</time><extensions><gpxtpx:TrackPointExtension><gpxtpx:hr>197</gpxtpx:hr></gpxtpx:TrackPointExtension></extensions></trkpt><trkpt lat="58.055182" lon="38.835463"><ele>106.0</ele><time>2024-12-04T10:11:43Z</time><extensions><gpxtpx:TrackPointExtension><gpxtpx:hr>196</gpxtpx:hr></gpxtpx:TrackPointExtension></extensions></trkpt><trkpt lat="58.055195" lon="38.83542"><ele>106.0</ele><time>2024-12-04T10:11:44Z</time><extensions><gpxtpx:TrackPointExtension><gpxtpx:hr>195</gpxtpx:hr></gpxtpx:TrackPointExtension></extensions></trkpt><trkpt lat="58.055205" lon="38.835377"><ele>106.0</ele><time>2024-12-04T10:11:45Z</time><extensions><gpxtpx:TrackPointExtension><gpxtpx:hr>195</gpxtpx:hr></gpxtpx:TrackPointExtension></extensions></trkpt><trkpt lat="58.055217" lon="38.83533"><ele>106.0</ele><time>2024-12-04T10:11:46Z</time><extensions><gpxtpx:TrackPointExtension><gpxtpx:hr>195</gpxtpx:hr></gpxtpx:TrackPointExtension></extensions></trkpt><trkpt lat="58.05523" lon="38.83529"><ele>106.0</ele><time>2024-12-04T10:11:47Z</time><extensions><gpxtpx:TrackPointExtension><gpxtpx:hr>193</gpxtpx:hr></gpxtpx:TrackPointExtension></extensions></trkpt><trkpt lat="58.05524" lon="38.835247"><ele>106.0</ele><time>2024-12-04T10:11:48Z</time><extensions><gpxtpx:TrackPointExtension><gpxtpx:hr>193</gpxtpx:hr></gpxtpx:TrackPointExtension></extensions></trkpt><trkpt lat="58.055252" lon="38.8352"><ele>106.0</ele><time>2024-12-04T10:11:49Z</time><extensions><gpxtpx:TrackPointExtension><gpxtpx:hr>193</gpxtpx:hr></gpxtpx:TrackPointExtension></extensions></trkpt><trkpt lat="58.055267" lon="38.83515"><ele>106.0</ele><time>2024-12-04T10:11:50Z</time><extensions><gpxtpx:TrackPointExtension><gpxtpx:hr>193</gpxtpx:hr></gpxtpx:TrackPointExtension></extensions></trkpt><trkpt lat="58.055282" lon="38.835105"><ele>106.0</ele><time>2024-12-04T10:11:50Z</time><extensions><gpxtpx:TrackPointExtension><gpxtpx:hr>193</gpxtpx:hr></gpxtpx:TrackPointExtension></extensions></trkpt><trkpt lat="58.055293" lon="38.83506"><ele>106.0</ele><time>2024-12-04T10:11:51Z</time><extensions><gpxtpx:TrackPointExtension><gpxtpx:hr>192</gpxtpx:hr></gpxtpx:TrackPointExtension></extensions></trkpt><trkpt lat="58.05531" lon="38.83501"><ele>106.0</ele><time>2024-12-04T10:11:52Z</time><extensions><gpxtpx:TrackPointExtension><gpxtpx:hr>192</gpxtpx:hr></gpxtpx:TrackPointExtension></extensions></trkpt><trkpt lat="58.055325" lon="38.83496"><ele>106.0</ele><time>2024-12-04T10:11:54Z</time><extensions><gpxtpx:TrackPointExtension><gpxtpx:hr>191</gpxtpx:hr></gpxtpx:TrackPointExtension></extensions></trkpt><trkpt lat="58.05534" lon="38.83491"><ele>106.0</ele><time>2024-12-04T10:11:55Z</time><extensions><gpxtpx:TrackPointExtension><gpxtpx:hr>192</gpxtpx:hr></gpxtpx:TrackPointExtension></extensions></trkpt><trkpt lat="58.055355" lon="38.834857"><ele>106.0</ele><time>2024-12-04T10:11:56Z</time><extensions><gpxtpx:TrackPointExtension><gpxtpx:hr>195</gpxtpx:hr></gpxtpx:TrackPointExtension></extensions></trkpt><trkpt lat="58.055373" lon="38.834805"><ele>106.0</ele><time>2024-12-04T10:11:57Z</time><extensions><gpxtpx:TrackPointExtension><gpxtpx:hr>197</gpxtpx:hr></gpxtpx:TrackPointExtension></extensions></trkpt><trkpt lat="58.05539" lon="38.83475"><ele>106.0</ele><time>2024-12-04T10:11:58Z</time><extensions><gpxtpx:TrackPointExtension><gpxtpx:hr>197</gpxtpx:hr></gpxtpx:TrackPointExtension></extensions></trkpt><trkpt lat="58.05541" lon="38.83471"><ele>106.0</ele><time>2024-12-04T10:11:59Z</time><extensions><gpxtpx:TrackPointExtension><gpxtpx:hr>197</gpxtpx:hr></gpxtpx:TrackPointExtension></extensions></trkpt><trkpt lat="58.055427" lon="38.83468"><ele>106.0</ele><time>2024-12-04T10:12:00Z</time><extensions><gpxtpx:TrackPointExtension><gpxtpx:hr>197</gpxtpx:hr></gpxtpx:TrackPointExtension></extensions></trkpt><trkpt lat="58.055447" lon="38.83466"><ele>106.0</ele><time>2024-12-04T10:12:01Z</time><extensions><gpxtpx:TrackPointExtension><gpxtpx:hr>197</gpxtpx:hr></gpxtpx:TrackPointExtension></extensions></trkpt><trkpt lat="58.05547" lon="38.834652"><ele>106.0</ele><time>2024-12-04T10:12:02Z</time><extensions><gpxtpx:TrackPointExtension><gpxtpx:hr>197</gpxtpx:hr></gpxtpx:TrackPointExtension></extensions></trkpt><trkpt lat="58.055492" lon="38.83465"><ele>106.0</ele><time>2024-12-04T10:12:03Z</time><extensions><gpxtpx:TrackPointExtension><gpxtpx:hr>197</gpxtpx:hr></gpxtpx:TrackPointExtension></extensions></trkpt><trkpt lat="58.05552" lon="38.834652"><ele>106.0</ele><time>2024-12-04T10:12:03Z</time><extensions><gpxtpx:TrackPointExtension><gpxtpx:hr>197</gpxtpx:hr></gpxtpx:TrackPointExtension></extensions></trkpt><trkpt lat="58.055545" lon="38.83466"><ele>106.0</ele><time>2024-12-04T10:12:04Z</time><extensions><gpxtpx:TrackPointExtension><gpxtpx:hr>198</gpxtpx:hr></gpxtpx:TrackPointExtension></extensions></trkpt><trkpt lat="58.055572" lon="38.83467"><ele>106.0</ele><time>2024-12-04T10:12:06Z</time><extensions><gpxtpx:TrackPointExtension><gpxtpx:hr>197</gpxtpx:hr></gpxtpx:TrackPointExtension></extensions></trkpt><trkpt lat="58.055602" lon="38.834682"><ele>106.0</ele><time>2024-12-04T10:12:07Z</time><extensions><gpxtpx:TrackPointExtension><gpxtpx:hr>197</gpxtpx:hr></gpxtpx:TrackPointExtension></extensions></trkpt><trkpt lat="58.05563" lon="38.834697"><ele>106.0</ele><time>2024-12-04T10:12:08Z</time><extensions><gpxtpx:TrackPointExtension><gpxtpx:hr>197</gpxtpx:hr></gpxtpx:TrackPointExtension></extensions></trkpt><trkpt lat="58.055655" lon="38.834712"><ele>106.0</ele><time>2024-12-04T10:12:09Z</time><extensions><gpxtpx:TrackPointExtension><gpxtpx:hr>197</gpxtpx:hr></gpxtpx:TrackPointExtension></extensions></trkpt><trkpt lat="58.055682" lon="38.83473"><ele>106.0</ele><time>2024-12-04T10:12:10Z</time><extensions><gpxtpx:TrackPointExtension><gpxtpx:hr>197</gpxtpx:hr></gpxtpx:TrackPointExtension></extensions></trkpt><trkpt lat="58.05571" lon="38.834747"><ele>106.0</ele><time>2024-12-04T10:12:11Z</time><extensions><gpxtpx:TrackPointExtension><gpxtpx:hr>197</gpxtpx:hr></gpxtpx:TrackPointExtension></extensions></trkpt><trkpt lat="58.05574" lon="38.834762"><ele>106.0</ele><time>2024-12-04T10:12:12Z</time><extensions><gpxtpx:TrackPointExtension><gpxtpx:hr>196</gpxtpx:hr></gpxtpx:TrackPointExtension></extensions></trkpt><trkpt lat="58.05577" lon="38.83478"><ele>106.0</ele><time>2024-12-04T10:12:13Z</time><extensions><gpxtpx:TrackPointExtension><gpxtpx:hr>196</gpxtpx:hr></gpxtpx:TrackPointExtension></extensions></trkpt><trkpt lat="58.0558" lon="38.8348"><ele>106.0</ele><time>2024-12-04T10:12:14Z</time><extensions><gpxtpx:TrackPointExtension><gpxtpx:hr>196</gpxtpx:hr></gpxtpx:TrackPointExtension></extensions></trkpt><trkpt lat="58.055832" lon="38.834823"><ele>106.0</ele><time>2024-12-04T10:12:14Z</time><extensions><gpxtpx:TrackPointExtension><gpxtpx:hr>196</gpxtpx:hr></gpxtpx:TrackPointExtension></extensions></trkpt><trkpt lat="58.05586" lon="38.834845"><ele>106.0</ele><time>2024-12-04T10:12:16Z</time><extensions><gpxtpx:TrackPointExtension><gpxtpx:hr>196</gpxtpx:hr></gpxtpx:TrackPointExtension></extensions></trkpt><trkpt lat="58.055885" lon="38.83487"><ele>106.0</ele><time>2024-12-04T10:12:17Z</time><extensions><gpxtpx:TrackPointExtension><gpxtpx:hr>196</gpxtpx:hr></gpxtpx:TrackPointExtension></extensions></trkpt><trkpt lat="58.055903" lon="38.8349"><ele>106.0</ele><time>2024-12-04T10:12:18Z</time><extensions><gpxtpx:TrackPointExtension><gpxtpx:hr>196</gpxtpx:hr></gpxtpx:TrackPointExtension></extensions></trkpt><trkpt lat="58.055915" lon="38.834933"><ele>106.0</ele><time>2024-12-04T10:12:19Z</time><extensions><gpxtpx:TrackPointExtension><gpxtpx:hr>195</gpxtpx:hr></gpxtpx:TrackPointExtension></extensions></trkpt><trkpt lat="58.05592" lon="38.83497"><ele>106.0</ele><time>2024-12-04T10:12:20Z</time><extensions><gpxtpx:TrackPointExtension><gpxtpx:hr>195</gpxtpx:hr></gpxtpx:TrackPointExtension></extensions></trkpt><trkpt lat="58.05592" lon="38.835002"><ele>106.0</ele><time>2024-12-04T10:12:21Z</time><extensions><gpxtpx:TrackPointExtension><gpxtpx:hr>195</gpxtpx:hr></gpxtpx:TrackPointExtension></extensions></trkpt><trkpt lat="58.055915" lon="38.835045"><ele>106.0</ele><time>2024-12-04T10:12:22Z</time><extensions><gpxtpx:TrackPointExtension><gpxtpx:hr>195</gpxtpx:hr></gpxtpx:TrackPointExtension></extensions></trkpt><trkpt lat="58.055912" lon="38.83508"><ele>106.0</ele><time>2024-12-04T10:12:22Z</time><extensions><gpxtpx:TrackPointExtension><gpxtpx:hr>195</gpxtpx:hr></gpxtpx:TrackPointExtension></extensions></trkpt><trkpt lat="58.0559" lon="38.83512"><ele>106.0</ele><time>2024-12-04T10:12:23Z</time><extensions><gpxtpx:TrackPointExtension><gpxtpx:hr>195</gpxtpx:hr></gpxtpx:TrackPointExtension></extensions></trkpt><trkpt lat="58.055888" lon="38.83516"><ele>106.0</ele><time>2024-12-04T10:12:24Z</time><extensions><gpxtpx:TrackPointExtension><gpxtpx:hr>196</gpxtpx:hr></gpxtpx:TrackPointExtension></extensions></trkpt><trkpt lat="58.055877" lon="38.8352"><ele>106.0</ele><time>2024-12-04T10:12:26Z</time><extensions><gpxtpx:TrackPointExtension><gpxtpx:hr>195</gpxtpx:hr></gpxtpx:TrackPointExtension></extensions></trkpt><trkpt lat="58.055862" lon="38.835247"><ele>106.0</ele><time>2024-12-04T10:12:27Z</time><extensions><gpxtpx:TrackPointExtension><gpxtpx:hr>195</gpxtpx:hr></gpxtpx:TrackPointExtension></extensions></trkpt><trkpt lat="58.055847" lon="38.83529"><ele>106.0</ele><time>2024-12-04T10:12:28Z</time><extensions><gpxtpx:TrackPointExtension><gpxtpx:hr>195</gpxtpx:hr></gpxtpx:TrackPointExtension></extensions></trkpt><trkpt lat="58.055832" lon="38.835335"><ele>106.0</ele><time>2024-12-04T10:12:29Z</time><extensions><gpxtpx:TrackPointExtension><gpxtpx:hr>196</gpxtpx:hr></gpxtpx:TrackPointExtension></extensions></trkpt><trkpt lat="58.055817" lon="38.83538"><ele>106.0</ele><time>2024-12-04T10:12:30Z</time><extensions><gpxtpx:TrackPointExtension><gpxtpx:hr>196</gpxtpx:hr></gpxtpx:TrackPointExtension></extensions></trkpt><trkpt lat="58.055797" lon="38.835425"><ele>106.0</ele><time>2024-12-04T10:12:31Z</time><extensions><gpxtpx:TrackPointExtension><gpxtpx:hr>196</gpxtpx:hr></gpxtpx:TrackPointExtension></extensions></trkpt><trkpt lat="58.055782" lon="38.835472"><ele>106.0</ele><time>2024-12-04T10:12:31Z</time><extensions><gpxtpx:TrackPointExtension><gpxtpx:hr>196</gpxtpx:hr></gpxtpx:TrackPointExtension></extensions></trkpt><trkpt lat="58.055762" lon="38.835517"><ele>106.0</ele><time>2024-12-04T10:12:32Z</time><extensions><gpxtpx:TrackPointExtension><gpxtpx:hr>195</gpxtpx:hr></gpxtpx:TrackPointExtension></extensions></trkpt><trkpt lat="58.055743" lon="38.835563"><ele>106.0</ele><time>2024-12-04T10:12:33Z</time><extensions><gpxtpx:TrackPointExtension><gpxtpx:hr>195</gpxtpx:hr></gpxtpx:TrackPointExtension></extensions></trkpt><trkpt lat="58.05573" lon="38.83561"><ele>106.0</ele><time>2024-12-04T10:12:34Z</time><extensions><gpxtpx:TrackPointExtension><gpxtpx:hr>195</gpxtpx:hr></gpxtpx:TrackPointExtension></extensions></trkpt><trkpt lat="58.05571" lon="38.83566"><ele>106.0</ele><time>2024-12-04T10:12:35Z</time><extensions><gpxtpx:TrackPointExtension><gpxtpx:hr>195</gpxtpx:hr></gpxtpx:TrackPointExtension></extensions></trkpt><trkpt lat="58.055695" lon="38.83571"><ele>106.0</ele><time>2024-12-04T10:12:37Z</time><extensions><gpxtpx:TrackPointExtension><gpxtpx:hr>196</gpxtpx:hr></gpxtpx:TrackPointExtension></extensions></trkpt><trkpt lat="58.05568" lon="38.83576"><ele>106.0</ele><time>2024-12-04T10:12:38Z</time><extensions><gpxtpx:TrackPointExtension><gpxtpx:hr>196</gpxtpx:hr></gpxtpx:TrackPointExtension></extensions></trkpt><trkpt lat="58.05566" lon="38.83581"><ele>106.0</ele><time>2024-12-04T10:12:39Z</time><extensions><gpxtpx:TrackPointExtension><gpxtpx:hr>196</gpxtpx:hr></gpxtpx:TrackPointExtension></extensions></trkpt><trkpt lat="58.055645" lon="38.835865"><ele>106.0</ele><time>2024-12-04T10:12:40Z</time><extensions><gpxtpx:TrackPointExtension><gpxtpx:hr>196</gpxtpx:hr></gpxtpx:TrackPointExtension></extensions></trkpt><trkpt lat="58.055625" lon="38.83592"><ele>106.0</ele><time>2024-12-04T10:12:41Z</time><extensions><gpxtpx:TrackPointExtension><gpxtpx:hr>197</gpxtpx:hr></gpxtpx:TrackPointExtension></extensions></trkpt><trkpt lat="58.05561" lon="38.83597"><ele>106.0</ele><time>2024-12-04T10:12:42Z</time><extensions><gpxtpx:TrackPointExtension><gpxtpx:hr>197</gpxtpx:hr></gpxtpx:TrackPointExtension></extensions></trkpt><trkpt lat="58.055593" lon="38.836025"><ele>106.0</ele><time>2024-12-04T10:12:43Z</time><extensions><gpxtpx:TrackPointExtension><gpxtpx:hr>197</gpxtpx:hr></gpxtpx:TrackPointExtension></extensions></trkpt><trkpt lat="58.05558" lon="38.83608"><ele>106.0</ele><time>2024-12-04T10:12:44Z</time><extensions><gpxtpx:TrackPointExtension><gpxtpx:hr>197</gpxtpx:hr></gpxtpx:TrackPointExtension></extensions></trkpt><trkpt lat="58.05556" lon="38.83613"><ele>106.0</ele><time>2024-12-04T10:12:44Z</time><extensions><gpxtpx:TrackPointExtension><gpxtpx:hr>197</gpxtpx:hr></gpxtpx:TrackPointExtension></extensions></trkpt><trkpt lat="58.055545" lon="38.836177"><ele>106.0</ele><time>2024-12-04T10:12:45Z</time><extensions><gpxtpx:TrackPointExtension><gpxtpx:hr>197</gpxtpx:hr></gpxtpx:TrackPointExtension></extensions></trkpt><trkpt lat="58.055527" lon="38.83623"><ele>106.0</ele><time>2024-12-04T10:12:47Z</time><extensions><gpxtpx:TrackPointExtension><gpxtpx:hr>196</gpxtpx:hr></gpxtpx:TrackPointExtension></extensions></trkpt><trkpt lat="58.055508" lon="38.836285"><ele>106.0</ele><time>2024-12-04T10:12:48Z</time><extensions><gpxtpx:TrackPointExtension><gpxtpx:hr>196</gpxtpx:hr></gpxtpx:TrackPointExtension></extensions></trkpt><trkpt lat="58.055492" lon="38.836337"><ele>106.0</ele><time>2024-12-04T10:12:48Z</time><extensions><gpxtpx:TrackPointExtension><gpxtpx:hr>196</gpxtpx:hr></gpxtpx:TrackPointExtension></extensions></trkpt><trkpt lat="58.055477" lon="38.836387"><ele>106.0</ele><time>2024-12-04T10:12:50Z</time><extensions><gpxtpx:TrackPointExtension><gpxtpx:hr>196</gpxtpx:hr></gpxtpx:TrackPointExtension></extensions></trkpt><trkpt lat="58.05546" lon="38.83644"><ele>106.0</ele><time>2024-12-04T10:12:51Z</time><extensions><gpxtpx:TrackPointExtension><gpxtpx:hr>196</gpxtpx:hr></gpxtpx:TrackPointExtension></extensions></trkpt><trkpt lat="58.05545" lon="38.8365"><ele>106.0</ele><time>2024-12-04T10:12:52Z</time><extensions><gpxtpx:TrackPointExtension><gpxtpx:hr>196</gpxtpx:hr></gpxtpx:TrackPointExtension></extensions></trkpt><trkpt lat="58.055435" lon="38.836555"><ele>106.0</ele><time>2024-12-04T10:12:53Z</time><extensions><gpxtpx:TrackPointExtension><gpxtpx:hr>196</gpxtpx:hr></gpxtpx:TrackPointExtension></extensions></trkpt><trkpt lat="58.05542" lon="38.836612"><ele>106.0</ele><time>2024-12-04T10:12:54Z</time><extensions><gpxtpx:TrackPointExtension><gpxtpx:hr>196</gpxtpx:hr></gpxtpx:TrackPointExtension></extensions></trkpt><trkpt lat="58.055405" lon="38.836665"><ele>106.0</ele><time>2024-12-04T10:12:54Z</time><extensions><gpxtpx:TrackPointExtension><gpxtpx:hr>196</gpxtpx:hr></gpxtpx:TrackPointExtension></extensions></trkpt><trkpt lat="58.05539" lon="38.83672"><ele>106.0</ele><time>2024-12-04T10:12:55Z</time><extensions><gpxtpx:TrackPointExtension><gpxtpx:hr>196</gpxtpx:hr></gpxtpx:TrackPointExtension></extensions></trkpt><trkpt lat="58.055373" lon="38.836772"><ele>106.0</ele><time>2024-12-04T10:12:57Z</time><extensions><gpxtpx:TrackPointExtension><gpxtpx:hr>195</gpxtpx:hr></gpxtpx:TrackPointExtension></extensions></trkpt><trkpt lat="58.05536" lon="38.836825"><ele>106.0</ele><time>2024-12-04T10:12:58Z</time><extensions><gpxtpx:TrackPointExtension><gpxtpx:hr>194</gpxtpx:hr></gpxtpx:TrackPointExtension></extensions></trkpt><trkpt lat="58.055343" lon="38.836875"><ele>106.0</ele><time>2024-12-04T10:12:59Z</time><extensions><gpxtpx:TrackPointExtension><gpxtpx:hr>194</gpxtpx:hr></gpxtpx:TrackPointExtension></extensions></trkpt><trkpt lat="58.05533" lon="38.836925"><ele>106.0</ele><time>2024-12-04T10:13:00Z</time><extensions><gpxtpx:TrackPointExtension><gpxtpx:hr>193</gpxtpx:hr></gpxtpx:TrackPointExtension></extensions></trkpt><trkpt lat="58.05531" lon="38.836975"><ele>106.0</ele><time>2024-12-04T10:13:01Z</time><extensions><gpxtpx:TrackPointExtension><gpxtpx:hr>193</gpxtpx:hr></gpxtpx:TrackPointExtension></extensions></trkpt><trkpt lat="58.055293" lon="38.837025"><ele>106.0</ele><time>2024-12-04T10:13:02Z</time><extensions><gpxtpx:TrackPointExtension><gpxtpx:hr>193</gpxtpx:hr></gpxtpx:TrackPointExtension></extensions></trkpt><trkpt lat="58.055275" lon="38.837073"><ele>106.0</ele><time>2024-12-04T10:13:03Z</time><extensions><gpxtpx:TrackPointExtension><gpxtpx:hr>193</gpxtpx:hr></gpxtpx:TrackPointExtension></extensions></trkpt><trkpt lat="58.055255" lon="38.83712"><ele>106.0</ele><time>2024-12-04T10:13:04Z</time><extensions><gpxtpx:TrackPointExtension><gpxtpx:hr>193</gpxtpx:hr></gpxtpx:TrackPointExtension></extensions></trkpt><trkpt lat="58.05524" lon="38.83717"><ele>106.0</ele><time>2024-12-04T10:13:05Z</time><extensions><gpxtpx:TrackPointExtension><gpxtpx:hr>193</gpxtpx:hr></gpxtpx:TrackPointExtension></extensions></trkpt><trkpt lat="58.05522" lon="38.83722"><ele>106.0</ele><time>2024-12-04T10:13:05Z</time><extensions><gpxtpx:TrackPointExtension><gpxtpx:hr>193</gpxtpx:hr></gpxtpx:TrackPointExtension></extensions></trkpt><trkpt lat="58.055205" lon="38.83727"><ele>106.0</ele><time>2024-12-04T10:13:06Z</time><extensions><gpxtpx:TrackPointExtension><gpxtpx:hr>193</gpxtpx:hr></gpxtpx:TrackPointExtension></extensions></trkpt><trkpt lat="58.055187" lon="38.837322"><ele>106.0</ele><time>2024-12-04T10:13:07Z</time><extensions><gpxtpx:TrackPointExtension><gpxtpx:hr>193</gpxtpx:hr></gpxtpx:TrackPointExtension></extensions></trkpt><trkpt lat="58.055172" lon="38.83737"><ele>106.0</ele><time>2024-12-04T10:13:08Z</time><extensions><gpxtpx:TrackPointExtension><gpxtpx:hr>193</gpxtpx:hr></gpxtpx:TrackPointExtension></extensions></trkpt><trkpt lat="58.055157" lon="38.837425"><ele>106.0</ele><time>2024-12-04T10:13:10Z</time><extensions><gpxtpx:TrackPointExtension><gpxtpx:hr>193</gpxtpx:hr></gpxtpx:TrackPointExtension></extensions></trkpt><trkpt lat="58.05514" lon="38.83748"><ele>106.0</ele><time>2024-12-04T10:13:11Z</time><extensions><gpxtpx:TrackPointExtension><gpxtpx:hr>193</gpxtpx:hr></gpxtpx:TrackPointExtension></extensions></trkpt><trkpt lat="58.055122" lon="38.837532"><ele>106.0</ele><time>2024-12-04T10:13:12Z</time><extensions><gpxtpx:TrackPointExtension><gpxtpx:hr>193</gpxtpx:hr></gpxtpx:TrackPointExtension></extensions></trkpt><trkpt lat="58.055107" lon="38.837585"><ele>106.0</ele><time>2024-12-04T10:13:13Z</time><extensions><gpxtpx:TrackPointExtension><gpxtpx:hr>193</gpxtpx:hr></gpxtpx:TrackPointExtension></extensions></trkpt><trkpt lat="58.055087" lon="38.837642"><ele>106.0</ele><time>2024-12-04T10:13:14Z</time><extensions><gpxtpx:TrackPointExtension><gpxtpx:hr>193</gpxtpx:hr></gpxtpx:TrackPointExtension></extensions></trkpt><trkpt lat="58.055072" lon="38.8377"><ele>106.0</ele><time>2024-12-04T10:13:15Z</time><extensions><gpxtpx:TrackPointExtension><gpxtpx:hr>193</gpxtpx:hr></gpxtpx:TrackPointExtension></extensions></trkpt><trkpt lat="58.055053" lon="38.837752"><ele>106.0</ele><time>2024-12-04T10:13:16Z</time><extensions><gpxtpx:TrackPointExtension><gpxtpx:hr>193</gpxtpx:hr></gpxtpx:TrackPointExtension></extensions></trkpt><trkpt lat="58.05504" lon="38.83781"><ele>106.0</ele><time>2024-12-04T10:13:17Z</time><extensions><gpxtpx:TrackPointExtension><gpxtpx:hr>193</gpxtpx:hr></gpxtpx:TrackPointExtension></extensions></trkpt><trkpt lat="58.05502" lon="38.837863"><ele>106.0</ele><time>2024-12-04T10:13:17Z</time><extensions><gpxtpx:TrackPointExtension><gpxtpx:hr>193</gpxtpx:hr></gpxtpx:TrackPointExtension></extensions></trkpt><trkpt lat="58.055" lon="38.837917"><ele>106.0</ele><time>2024-12-04T10:13:18Z</time><extensions><gpxtpx:TrackPointExtension><gpxtpx:hr>193</gpxtpx:hr></gpxtpx:TrackPointExtension></extensions></trkpt><trkpt lat="58.05498" lon="38.837975"><ele>106.0</ele><time>2024-12-04T10:13:19Z</time><extensions><gpxtpx:TrackPointExtension><gpxtpx:hr>193</gpxtpx:hr></gpxtpx:TrackPointExtension></extensions></trkpt><trkpt lat="58.054962" lon="38.83803"><ele>106.0</ele><time>2024-12-04T10:13:20Z</time><extensions><gpxtpx:TrackPointExtension><gpxtpx:hr>193</gpxtpx:hr></gpxtpx:TrackPointExtension></extensions></trkpt><trkpt lat="58.054942" lon="38.838085"><ele>106.0</ele><time>2024-12-04T10:13:22Z</time><extensions><gpxtpx:TrackPointExtension><gpxtpx:hr>193</gpxtpx:hr></gpxtpx:TrackPointExtension></extensions></trkpt><trkpt lat="58.054923" lon="38.838142"><ele>106.0</ele><time>2024-12-04T10:13:23Z</time><extensions><gpxtpx:TrackPointExtension><gpxtpx:hr>193</gpxtpx:hr></gpxtpx:TrackPointExtension></extensions></trkpt><trkpt lat="58.054903" lon="38.838195"><ele>106.0</ele><time>2024-12-04T10:13:24Z</time><extensions><gpxtpx:TrackPointExtension><gpxtpx:hr>194</gpxtpx:hr></gpxtpx:TrackPointExtension></extensions></trkpt><trkpt lat="58.054882" lon="38.83825"><ele>106.0</ele><time>2024-12-04T10:13:25Z</time><extensions><gpxtpx:TrackPointExtension><gpxtpx:hr>194</gpxtpx:hr></gpxtpx:TrackPointExtension></extensions></trkpt><trkpt lat="58.054862" lon="38.838305"><ele>106.0</ele><time>2024-12-04T10:13:26Z</time><extensions><gpxtpx:TrackPointExtension><gpxtpx:hr>195</gpxtpx:hr></gpxtpx:TrackPointExtension></extensions></trkpt><trkpt lat="58.054843" lon="38.83836"><ele>106.0</ele><time>2024-12-04T10:13:26Z</time><extensions><gpxtpx:TrackPointExtension><gpxtpx:hr>195</gpxtpx:hr></gpxtpx:TrackPointExtension></extensions></trkpt><trkpt lat="58.054825" lon="38.838412"><ele>106.0</ele><time>2024-12-04T10:13:27Z</time><extensions><gpxtpx:TrackPointExtension><gpxtpx:hr>196</gpxtpx:hr></gpxtpx:TrackPointExtension></extensions></trkpt><trkpt lat="58.054805" lon="38.838467"><ele>106.0</ele><time>2024-12-04T10:13:28Z</time><extensions><gpxtpx:TrackPointExtension><gpxtpx:hr>197</gpxtpx:hr></gpxtpx:TrackPointExtension></extensions></trkpt><trkpt lat="58.054787" lon="38.83852"><ele>106.0</ele><time>2024-12-04T10:13:29Z</time><extensions><gpxtpx:TrackPointExtension><gpxtpx:hr>197</gpxtpx:hr></gpxtpx:TrackPointExtension></extensions></trkpt><trkpt lat="58.054767" lon="38.838572"><ele>106.0</ele><time>2024-12-04T10:13:31Z</time><extensions><gpxtpx:TrackPointExtension><gpxtpx:hr>196</gpxtpx:hr></gpxtpx:TrackPointExtension></extensions></trkpt><trkpt lat="58.054748" lon="38.838627"><ele>106.0</ele><time>2024-12-04T10:13:32Z</time><extensions><gpxtpx:TrackPointExtension><gpxtpx:hr>196</gpxtpx:hr></gpxtpx:TrackPointExtension></extensions></trkpt><trkpt lat="58.054732" lon="38.83868"><ele>106.0</ele><time>2024-12-04T10:13:33Z</time><extensions><gpxtpx:TrackPointExtension><gpxtpx:hr>196</gpxtpx:hr></gpxtpx:TrackPointExtension></extensions></trkpt><trkpt lat="58.054713" lon="38.838733"><ele>106.0</ele><time>2024-12-04T10:13:34Z</time><extensions><gpxtpx:TrackPointExtension><gpxtpx:hr>196</gpxtpx:hr></gpxtpx:TrackPointExtension></extensions></trkpt><trkpt lat="58.0547" lon="38.838782"><ele>106.0</ele><time>2024-12-04T10:13:35Z</time><extensions><gpxtpx:TrackPointExtension><gpxtpx:hr>196</gpxtpx:hr></gpxtpx:TrackPointExtension></extensions></trkpt><trkpt lat="58.054678" lon="38.838837"><ele>106.0</ele><time>2024-12-04T10:13:36Z</time><extensions><gpxtpx:TrackPointExtension><gpxtpx:hr>196</gpxtpx:hr></gpxtpx:TrackPointExtension></extensions></trkpt><trkpt lat="58.05466" lon="38.83889"><ele>106.0</ele><time>2024-12-04T10:13:37Z</time><extensions><gpxtpx:TrackPointExtension><gpxtpx:hr>197</gpxtpx:hr></gpxtpx:TrackPointExtension></extensions></trkpt><trkpt lat="58.054637" lon="38.838942"><ele>106.0</ele><time>2024-12-04T10:13:38Z</time><extensions><gpxtpx:TrackPointExtension><gpxtpx:hr>197</gpxtpx:hr></gpxtpx:TrackPointExtension></extensions></trkpt><trkpt lat="58.054622" lon="38.838997"><ele>106.0</ele><time>2024-12-04T10:13:38Z</time><extensions><gpxtpx:TrackPointExtension><gpxtpx:hr>197</gpxtpx:hr></gpxtpx:TrackPointExtension></extensions></trkpt><trkpt lat="58.054603" lon="38.83905"><ele>106.0</ele><time>2024-12-04T10:13:39Z</time><extensions><gpxtpx:TrackPointExtension><gpxtpx:hr>197</gpxtpx:hr></gpxtpx:TrackPointExtension></extensions></trkpt><trkpt lat="58.05459" lon="38.839103"><ele>106.0</ele><time>2024-12-04T10:13:40Z</time><extensions><gpxtpx:TrackPointExtension><gpxtpx:hr>197</gpxtpx:hr></gpxtpx:TrackPointExtension></extensions></trkpt><trkpt lat="58.05457" lon="38.839152"><ele>106.0</ele><time>2024-12-04T10:13:42Z</time><extensions><gpxtpx:TrackPointExtension><gpxtpx:hr>197</gpxtpx:hr></gpxtpx:TrackPointExtension></extensions></trkpt><trkpt lat="58.054553" lon="38.839207"><ele>106.0</ele><time>2024-12-04T10:13:43Z</time><extensions><gpxtpx:TrackPointExtension><gpxtpx:hr>197</gpxtpx:hr></gpxtpx:TrackPointExtension></extensions></trkpt><trkpt lat="58.054535" lon="38.83926"><ele>106.0</ele><time>2024-12-04T10:13:44Z</time><extensions><gpxtpx:TrackPointExtension><gpxtpx:hr>197</gpxtpx:hr></gpxtpx:TrackPointExtension></extensions></trkpt><trkpt lat="58.05452" lon="38.839313"><ele>106.0</ele><time>2024-12-04T10:13:45Z</time><extensions><gpxtpx:TrackPointExtension><gpxtpx:hr>197</gpxtpx:hr></gpxtpx:TrackPointExtension></extensions></trkpt><trkpt lat="58.054503" lon="38.839367"><ele>106.0</ele><time>2024-12-04T10:13:46Z</time><extensions><gpxtpx:TrackPointExtension><gpxtpx:hr>197</gpxtpx:hr></gpxtpx:TrackPointExtension></extensions></trkpt><trkpt lat="58.05449" lon="38.839417"><ele>106.0</ele><time>2024-12-04T10:13:47Z</time><extensions><gpxtpx:TrackPointExtension><gpxtpx:hr>197</gpxtpx:hr></gpxtpx:TrackPointExtension></extensions></trkpt><trkpt lat="58.054473" lon="38.839465"><ele>106.0</ele><time>2024-12-04T10:13:48Z</time><extensions><gpxtpx:TrackPointExtension><gpxtpx:hr>197</gpxtpx:hr></gpxtpx:TrackPointExtension></extensions></trkpt><trkpt lat="58.054453" lon="38.839515"><ele>106.0</ele><time>2024-12-04T10:13:49Z</time><extensions><gpxtpx:TrackPointExtension><gpxtpx:hr>198</gpxtpx:hr></gpxtpx:TrackPointExtension></extensions></trkpt><trkpt lat="58.054435" lon="38.839565"><ele>106.0</ele><time>2024-12-04T10:13:50Z</time><extensions><gpxtpx:TrackPointExtension><gpxtpx:hr>198</gpxtpx:hr></gpxtpx:TrackPointExtension></extensions></trkpt><trkpt lat="58.05442" lon="38.839615"><ele>106.0</ele><time>2024-12-04T10:13:50Z</time><extensions><gpxtpx:TrackPointExtension><gpxtpx:hr>198</gpxtpx:hr></gpxtpx:TrackPointExtension></extensions></trkpt><trkpt lat="58.0544" lon="38.83967"><ele>106.0</ele><time>2024-12-04T10:13:51Z</time><extensions><gpxtpx:TrackPointExtension><gpxtpx:hr>198</gpxtpx:hr></gpxtpx:TrackPointExtension></extensions></trkpt><trkpt lat="58.054382" lon="38.839717"><ele>106.0</ele><time>2024-12-04T10:13:52Z</time><extensions><gpxtpx:TrackPointExtension><gpxtpx:hr>198</gpxtpx:hr></gpxtpx:TrackPointExtension></extensions></trkpt><trkpt lat="58.054367" lon="38.839767"><ele>106.0</ele><time>2024-12-04T10:13:53Z</time><extensions><gpxtpx:TrackPointExtension><gpxtpx:hr>198</gpxtpx:hr></gpxtpx:TrackPointExtension></extensions></trkpt><trkpt lat="58.054347" lon="38.839798"><ele>106.0</ele><time>2024-12-04T10:13:55Z</time><extensions><gpxtpx:TrackPointExtension><gpxtpx:hr>198</gpxtpx:hr></gpxtpx:TrackPointExtension></extensions></trkpt><trkpt lat="58.054325" lon="38.839825"><ele>106.0</ele><time>2024-12-04T10:13:56Z</time><extensions><gpxtpx:TrackPointExtension><gpxtpx:hr>198</gpxtpx:hr></gpxtpx:TrackPointExtension></extensions></trkpt><trkpt lat="58.054305" lon="38.839835"><ele>106.0</ele><time>2024-12-04T10:13:57Z</time><extensions><gpxtpx:TrackPointExtension><gpxtpx:hr>198</gpxtpx:hr></gpxtpx:TrackPointExtension></extensions></trkpt><trkpt lat="58.054282" lon="38.839835"><ele>106.0</ele><time>2024-12-04T10:13:58Z</time><extensions><gpxtpx:TrackPointExtension><gpxtpx:hr>198</gpxtpx:hr></gpxtpx:TrackPointExtension></extensions></trkpt><trkpt lat="58.05426" lon="38.83983"><ele>106.0</ele><time>2024-12-04T10:13:59Z</time><extensions><gpxtpx:TrackPointExtension><gpxtpx:hr>198</gpxtpx:hr></gpxtpx:TrackPointExtension></extensions></trkpt><trkpt lat="58.054237" lon="38.839825"><ele>106.0</ele><time>2024-12-04T10:14:00Z</time><extensions><gpxtpx:TrackPointExtension><gpxtpx:hr>198</gpxtpx:hr></gpxtpx:TrackPointExtension></extensions></trkpt><trkpt lat="58.054213" lon="38.839812"><ele>106.0</ele><time>2024-12-04T10:14:01Z</time><extensions><gpxtpx:TrackPointExtension><gpxtpx:hr>198</gpxtpx:hr></gpxtpx:TrackPointExtension></extensions></trkpt><trkpt lat="58.054187" lon="38.839797"><ele>106.0</ele><time>2024-12-04T10:14:02Z</time><extensions><gpxtpx:TrackPointExtension><gpxtpx:hr>197</gpxtpx:hr></gpxtpx:TrackPointExtension></extensions></trkpt><trkpt lat="58.054165" lon="38.839782"><ele>106.0</ele><time>2024-12-04T10:14:03Z</time><extensions><gpxtpx:TrackPointExtension><gpxtpx:hr>197</gpxtpx:hr></gpxtpx:TrackPointExtension></extensions></trkpt><trkpt lat="58.05414" lon="38.83976"><ele>106.0</ele><time>2024-12-04T10:14:03Z</time><extensions><gpxtpx:TrackPointExtension><gpxtpx:hr>197</gpxtpx:hr></gpxtpx:TrackPointExtension></extensions></trkpt><trkpt lat="58.054115" lon="38.83974"><ele>106.0</ele><time>2024-12-04T10:14:04Z</time><extensions><gpxtpx:TrackPointExtension><gpxtpx:hr>197</gpxtpx:hr></gpxtpx:TrackPointExtension></extensions></trkpt><trkpt lat="58.054092" lon="38.83972"><ele>106.0</ele><time>2024-12-04T10:14:05Z</time><extensions><gpxtpx:TrackPointExtension><gpxtpx:hr>196</gpxtpx:hr></gpxtpx:TrackPointExtension></extensions></trkpt><trkpt lat="58.054065" lon="38.8397"><ele>106.0</ele><time>2024-12-04T10:14:07Z</time><extensions><gpxtpx:TrackPointExtension><gpxtpx:hr>196</gpxtpx:hr></gpxtpx:TrackPointExtension></extensions></trkpt><trkpt lat="58.054042" lon="38.83968"><ele>106.0</ele><time>2024-12-04T10:14:08Z</time><extensions><gpxtpx:TrackPointExtension><gpxtpx:hr>196</gpxtpx:hr></gpxtpx:TrackPointExtension></extensions></trkpt><trkpt lat="58.05402" lon="38.83966"><ele>106.0</ele><time>2024-12-04T10:14:09Z</time><extensions><gpxtpx:TrackPointExtension><gpxtpx:hr>196</gpxtpx:hr></gpxtpx:TrackPointExtension></extensions></trkpt><trkpt lat="58.053997" lon="38.839637"><ele>106.0</ele><time>2024-12-04T10:14:10Z</time><extensions><gpxtpx:TrackPointExtension><gpxtpx:hr>196</gpxtpx:hr></gpxtpx:TrackPointExtension></extensions></trkpt><trkpt lat="58.053977" lon="38.839615"><ele>106.0</ele><time>2024-12-04T10:14:11Z</time><extensions><gpxtpx:TrackPointExtension><gpxtpx:hr>196</gpxtpx:hr></gpxtpx:TrackPointExtension></extensions></trkpt><trkpt lat="58.053962" lon="38.839583"><ele>106.0</ele><time>2024-12-04T10:14:12Z</time><extensions><gpxtpx:TrackPointExtension><gpxtpx:hr>196</gpxtpx:hr></gpxtpx:TrackPointExtension></extensions></trkpt><trkpt lat="58.053955" lon="38.83955"><ele>106.0</ele><time>2024-12-04T10:14:13Z</time><extensions><gpxtpx:TrackPointExtension><gpxtpx:hr>196</gpxtpx:hr></gpxtpx:TrackPointExtension></extensions></trkpt><trkpt lat="58.053955" lon="38.839515"><ele>106.0</ele><time>2024-12-04T10:14:14Z</time><extensions><gpxtpx:TrackPointExtension><gpxtpx:hr>196</gpxtpx:hr></gpxtpx:TrackPointExtension></extensions></trkpt><trkpt lat="58.05396" lon="38.839477"><ele>106.0</ele><time>2024-12-04T10:14:15Z</time><extensions><gpxtpx:TrackPointExtension><gpxtpx:hr>197</gpxtpx:hr></gpxtpx:TrackPointExtension></extensions></trkpt><trkpt lat="58.053967" lon="38.83944"><ele>106.0</ele><time>2024-12-04T10:14:15Z</time><extensions><gpxtpx:TrackPointExtension><gpxtpx:hr>197</gpxtpx:hr></gpxtpx:TrackPointExtension></extensions></trkpt><trkpt lat="58.053973" lon="38.839397"><ele>106.0</ele><time>2024-12-04T10:14:16Z</time><extensions><gpxtpx:TrackPointExtension><gpxtpx:hr>197</gpxtpx:hr></gpxtpx:TrackPointExtension></extensions></trkpt><trkpt lat="58.05398" lon="38.839355"><ele>106.0</ele><time>2024-12-04T10:14:17Z</time><extensions><gpxtpx:TrackPointExtension><gpxtpx:hr>197</gpxtpx:hr></gpxtpx:TrackPointExtension></extensions></trkpt><trkpt lat="58.053992" lon="38.839317"><ele>106.0</ele><time>2024-12-04T10:14:18Z</time><extensions><gpxtpx:TrackPointExtension><gpxtpx:hr>198</gpxtpx:hr></gpxtpx:TrackPointExtension></extensions></trkpt><trkpt lat="58.054" lon="38.83928"><ele>106.0</ele><time>2024-12-04T10:14:20Z</time><extensions><gpxtpx:TrackPointExtension><gpxtpx:hr>198</gpxtpx:hr></gpxtpx:TrackPointExtension></extensions></trkpt><trkpt lat="58.054012" lon="38.839237"><ele>106.0</ele><time>2024-12-04T10:14:21Z</time><extensions><gpxtpx:TrackPointExtension><gpxtpx:hr>197</gpxtpx:hr></gpxtpx:TrackPointExtension></extensions></trkpt><trkpt lat="58.054027" lon="38.839193"><ele>106.0</ele><time>2024-12-04T10:14:22Z</time><extensions><gpxtpx:TrackPointExtension><gpxtpx:hr>197</gpxtpx:hr></gpxtpx:TrackPointExtension></extensions></trkpt><trkpt lat="58.054042" lon="38.839157"><ele>106.0</ele><time>2024-12-04T10:14:23Z</time><extensions><gpxtpx:TrackPointExtension><gpxtpx:hr>197</gpxtpx:hr></gpxtpx:TrackPointExtension></extensions></trkpt><trkpt lat="58.054057" lon="38.839108"><ele>106.0</ele><time>2024-12-04T10:14:24Z</time><extensions><gpxtpx:TrackPointExtension><gpxtpx:hr>197</gpxtpx:hr></gpxtpx:TrackPointExtension></extensions></trkpt><trkpt lat="58.05407" lon="38.83907"><ele>106.0</ele><time>2024-12-04T10:14:25Z</time><extensions><gpxtpx:TrackPointExtension><gpxtpx:hr>197</gpxtpx:hr></gpxtpx:TrackPointExtension></extensions></trkpt><trkpt lat="58.054085" lon="38.83902"><ele>106.0</ele><time>2024-12-04T10:14:26Z</time><extensions><gpxtpx:TrackPointExtension><gpxtpx:hr>197</gpxtpx:hr></gpxtpx:TrackPointExtension></extensions></trkpt><trkpt lat="58.0541" lon="38.83897"><ele>106.0</ele><time>2024-12-04T10:14:27Z</time><extensions><gpxtpx:TrackPointExtension><gpxtpx:hr>197</gpxtpx:hr></gpxtpx:TrackPointExtension></extensions></trkpt><trkpt lat="58.054115" lon="38.83892"><ele>106.0</ele><time>2024-12-04T10:14:28Z</time><extensions><gpxtpx:TrackPointExtension><gpxtpx:hr>197</gpxtpx:hr></gpxtpx:TrackPointExtension></extensions></trkpt><trkpt lat="58.054133" lon="38.838862"><ele>106.0</ele><time>2024-12-04T10:14:28Z</time><extensions><gpxtpx:TrackPointExtension><gpxtpx:hr>197</gpxtpx:hr></gpxtpx:TrackPointExtension></extensions></trkpt><trkpt lat="58.054152" lon="38.838805"><ele>106.0</ele><time>2024-12-04T10:14:29Z</time><extensions><gpxtpx:TrackPointExtension><gpxtpx:hr>197</gpxtpx:hr></gpxtpx:TrackPointExtension></extensions></trkpt><trkpt lat="58.054172" lon="38.83875"><ele>106.0</ele><time>2024-12-04T10:14:31Z</time><extensions><gpxtpx:TrackPointExtension><gpxtpx:hr>197</gpxtpx:hr></gpxtpx:TrackPointExtension></extensions></trkpt><trkpt lat="58.054187" lon="38.838695"><ele>106.0</ele><time>2024-12-04T10:14:32Z</time><extensions><gpxtpx:TrackPointExtension><gpxtpx:hr>197</gpxtpx:hr></gpxtpx:TrackPointExtension></extensions></trkpt><trkpt lat="58.054207" lon="38.83865"><ele>106.0</ele><time>2024-12-04T10:14:33Z</time><extensions><gpxtpx:TrackPointExtension><gpxtpx:hr>198</gpxtpx:hr></gpxtpx:TrackPointExtension></extensions></trkpt><trkpt lat="58.054222" lon="38.838595"><ele>106.0</ele><time>2024-12-04T10:14:34Z</time><extensions><gpxtpx:TrackPointExtension><gpxtpx:hr>198</gpxtpx:hr></gpxtpx:TrackPointExtension></extensions></trkpt><trkpt lat="58.05424" lon="38.838547"><ele>106.0</ele><time>2024-12-04T10:14:35Z</time><extensions><gpxtpx:TrackPointExtension><gpxtpx:hr>198</gpxtpx:hr></gpxtpx:TrackPointExtension></extensions></trkpt><trkpt lat="58.05426" lon="38.8385"><ele>106.0</ele><time>2024-12-04T10:14:36Z</time><extensions><gpxtpx:TrackPointExtension><gpxtpx:hr>198</gpxtpx:hr></gpxtpx:TrackPointExtension></extensions></trkpt><trkpt lat="58.054275" lon="38.83845"><ele>106.0</ele><time>2024-12-04T10:14:37Z</time><extensions><gpxtpx:TrackPointExtension><gpxtpx:hr>199</gpxtpx:hr></gpxtpx:TrackPointExtension></extensions></trkpt><trkpt lat="58.054295" lon="38.838405"><ele>106.0</ele><time>2024-12-04T10:14:38Z</time><extensions><gpxtpx:TrackPointExtension><gpxtpx:hr>199</gpxtpx:hr></gpxtpx:TrackPointExtension></extensions></trkpt><trkpt lat="58.05431" lon="38.838352"><ele>106.0</ele><time>2024-12-04T10:14:39Z</time><extensions><gpxtpx:TrackPointExtension><gpxtpx:hr>200</gpxtpx:hr></gpxtpx:TrackPointExtension></extensions></trkpt><trkpt lat="58.054325" lon="38.8383"><ele>106.0</ele><time>2024-12-04T10:14:40Z</time><extensions><gpxtpx:TrackPointExtension><gpxtpx:hr>200</gpxtpx:hr></gpxtpx:TrackPointExtension></extensions></trkpt><trkpt lat="58.05434" lon="38.83824"><ele>106.0</ele><time>2024-12-04T10:14:40Z</time><extensions><gpxtpx:TrackPointExtension><gpxtpx:hr>200</gpxtpx:hr></gpxtpx:TrackPointExtension></extensions></trkpt><trkpt lat="58.054355" lon="38.838183"><ele>106.0</ele><time>2024-12-04T10:14:41Z</time><extensions><gpxtpx:TrackPointExtension><gpxtpx:hr>200</gpxtpx:hr></gpxtpx:TrackPointExtension></extensions></trkpt><trkpt lat="58.05437" lon="38.83813"><ele>106.0</ele><time>2024-12-04T10:14:43Z</time><extensions><gpxtpx:TrackPointExtension><gpxtpx:hr>200</gpxtpx:hr></gpxtpx:TrackPointExtension></extensions></trkpt><trkpt lat="58.054385" lon="38.838073"><ele>106.0</ele><time>2024-12-04T10:14:44Z</time><extensions><gpxtpx:TrackPointExtension><gpxtpx:hr>200</gpxtpx:hr></gpxtpx:TrackPointExtension></extensions></trkpt><trkpt lat="58.0544" lon="38.838017"><ele>106.0</ele><time>2024-12-04T10:14:45Z</time><extensions><gpxtpx:TrackPointExtension><gpxtpx:hr>200</gpxtpx:hr></gpxtpx:TrackPointExtension></extensions></trkpt><trkpt lat="58.054417" lon="38.83796"><ele>106.0</ele><time>2024-12-04T10:14:46Z</time><extensions><gpxtpx:TrackPointExtension><gpxtpx:hr>200</gpxtpx:hr></gpxtpx:TrackPointExtension></extensions></trkpt><trkpt lat="58.054432" lon="38.837902"><ele>106.0</ele><time>2024-12-04T10:14:47Z</time><extensions><gpxtpx:TrackPointExtension><gpxtpx:hr>200</gpxtpx:hr></gpxtpx:TrackPointExtension></extensions></trkpt><trkpt lat="58.054447" lon="38.837845"><ele>106.0</ele><time>2024-12-04T10:14:48Z</time><extensions><gpxtpx:TrackPointExtension><gpxtpx:hr>200</gpxtpx:hr></gpxtpx:TrackPointExtension></extensions></trkpt><trkpt lat="58.05446" lon="38.837783"><ele>106.0</ele><time>2024-12-04T10:14:49Z</time><extensions><gpxtpx:TrackPointExtension><gpxtpx:hr>200</gpxtpx:hr></gpxtpx:TrackPointExtension></extensions></trkpt><trkpt lat="58.054473" lon="38.837722"><ele>106.0</ele><time>2024-12-04T10:14:49Z</time><extensions><gpxtpx:TrackPointExtension><gpxtpx:hr>200</gpxtpx:hr></gpxtpx:TrackPointExtension></extensions></trkpt><trkpt lat="58.054492" lon="38.83766"><ele>106.0</ele><time>2024-12-04T10:14:50Z</time><extensions><gpxtpx:TrackPointExtension><gpxtpx:hr>200</gpxtpx:hr></gpxtpx:TrackPointExtension></extensions></trkpt><trkpt lat="58.05451" lon="38.8376"><ele>106.0</ele><time>2024-12-04T10:14:52Z</time><extensions><gpxtpx:TrackPointExtension><gpxtpx:hr>200</gpxtpx:hr></gpxtpx:TrackPointExtension></extensions></trkpt><trkpt lat="58.054527" lon="38.837542"><ele>106.0</ele><time>2024-12-04T10:14:53Z</time><extensions><gpxtpx:TrackPointExtension><gpxtpx:hr>200</gpxtpx:hr></gpxtpx:TrackPointExtension></extensions></trkpt><trkpt lat="58.054545" lon="38.837485"><ele>106.0</ele><time>2024-12-04T10:14:54Z</time><extensions><gpxtpx:TrackPointExtension><gpxtpx:hr>199</gpxtpx:hr></gpxtpx:TrackPointExtension></extensions></trkpt><trkpt lat="58.05456" lon="38.83743"><ele>106.0</ele><time>2024-12-04T10:14:55Z</time><extensions><gpxtpx:TrackPointExtension><gpxtpx:hr>199</gpxtpx:hr></gpxtpx:TrackPointExtension></extensions></trkpt><trkpt lat="58.054585" lon="38.83737"><ele>106.0</ele><time>2024-12-04T10:14:56Z</time><extensions><gpxtpx:TrackPointExtension><gpxtpx:hr>199</gpxtpx:hr></gpxtpx:TrackPointExtension></extensions></trkpt><trkpt lat="58.0546" lon="38.83731"><ele>106.0</ele><time>2024-12-04T10:14:57Z</time><extensions><gpxtpx:TrackPointExtension><gpxtpx:hr>199</gpxtpx:hr></gpxtpx:TrackPointExtension></extensions></trkpt><trkpt lat="58.05462" lon="38.837253"><ele>106.0</ele><time>2024-12-04T10:14:57Z</time><extensions><gpxtpx:TrackPointExtension><gpxtpx:hr>199</gpxtpx:hr></gpxtpx:TrackPointExtension></extensions></trkpt><trkpt lat="58.054637" lon="38.837192"><ele>106.0</ele><time>2024-12-04T10:14:59Z</time><extensions><gpxtpx:TrackPointExtension><gpxtpx:hr>198</gpxtpx:hr></gpxtpx:TrackPointExtension></extensions></trkpt><trkpt lat="58.054652" lon="38.837135"><ele>106.0</ele><time>2024-12-04T10:14:59Z</time><extensions><gpxtpx:TrackPointExtension><gpxtpx:hr>198</gpxtpx:hr></gpxtpx:TrackPointExtension></extensions></trkpt><trkpt lat="58.05467" lon="38.837082"><ele>106.0</ele><time>2024-12-04T10:15:00Z</time><extensions><gpxtpx:TrackPointExtension><gpxtpx:hr>198</gpxtpx:hr></gpxtpx:TrackPointExtension></extensions></trkpt><trkpt lat="58.054683" lon="38.837025"><ele>106.0</ele><time>2024-12-04T10:15:02Z</time><extensions><gpxtpx:TrackPointExtension><gpxtpx:hr>198</gpxtpx:hr></gpxtpx:TrackPointExtension></extensions></trkpt><trkpt lat="58.0547" lon="38.83697"><ele>106.0</ele><time>2024-12-04T10:15:03Z</time><extensions><gpxtpx:TrackPointExtension><gpxtpx:hr>198</gpxtpx:hr></gpxtpx:TrackPointExtension></extensions></trkpt><trkpt lat="58.054717" lon="38.836917"><ele>106.0</ele><time>2024-12-04T10:15:04Z</time><extensions><gpxtpx:TrackPointExtension><gpxtpx:hr>198</gpxtpx:hr></gpxtpx:TrackPointExtension></extensions></trkpt><trkpt lat="58.054737" lon="38.836863"><ele>106.0</ele><time>2024-12-04T10:15:05Z</time><extensions><gpxtpx:TrackPointExtension><gpxtpx:hr>198</gpxtpx:hr></gpxtpx:TrackPointExtension></extensions></trkpt><trkpt lat="58.054752" lon="38.83681"><ele>106.0</ele><time>2024-12-04T10:15:06Z</time><extensions><gpxtpx:TrackPointExtension><gpxtpx:hr>199</gpxtpx:hr></gpxtpx:TrackPointExtension></extensions></trkpt><trkpt lat="58.05477" lon="38.836758"><ele>106.0</ele><time>2024-12-04T10:15:07Z</time><extensions><gpxtpx:TrackPointExtension><gpxtpx:hr>199</gpxtpx:hr></gpxtpx:TrackPointExtension></extensions></trkpt><trkpt lat="58.054787" lon="38.836707"><ele>106.0</ele><time>2024-12-04T10:15:08Z</time><extensions><gpxtpx:TrackPointExtension><gpxtpx:hr>200</gpxtpx:hr></gpxtpx:TrackPointExtension></extensions></trkpt><trkpt lat="58.054802" lon="38.83665"><ele>106.0</ele><time>2024-12-04T10:15:09Z</time><extensions><gpxtpx:TrackPointExtension><gpxtpx:hr>200</gpxtpx:hr></gpxtpx:TrackPointExtension></extensions></trkpt><trkpt lat="58.054817" lon="38.836597"><ele>106.0</ele><time>2024-12-04T10:15:09Z</time><extensions><gpxtpx:TrackPointExtension><gpxtpx:hr>200</gpxtpx:hr></gpxtpx:TrackPointExtension></extensions></trkpt><trkpt lat="58.054835" lon="38.83655"><ele>106.0</ele><time>2024-12-04T10:15:10Z</time><extensions><gpxtpx:TrackPointExtension><gpxtpx:hr>200</gpxtpx:hr></gpxtpx:TrackPointExtension></extensions></trkpt><trkpt lat="58.054855" lon="38.836502"><ele>106.0</ele><time>2024-12-04T10:15:11Z</time><extensions><gpxtpx:TrackPointExtension><gpxtpx:hr>200</gpxtpx:hr></gpxtpx:TrackPointExtension></extensions></trkpt><trkpt lat="58.05487" lon="38.83646"><ele>106.0</ele><time>2024-12-04T10:15:13Z</time><extensions><gpxtpx:TrackPointExtension><gpxtpx:hr>200</gpxtpx:hr></gpxtpx:TrackPointExtension></extensions></trkpt><trkpt lat="58.05489" lon="38.83642"><ele>106.0</ele><time>2024-12-04T10:15:14Z</time><extensions><gpxtpx:TrackPointExtension><gpxtpx:hr>200</gpxtpx:hr></gpxtpx:TrackPointExtension></extensions></trkpt><trkpt lat="58.05491" lon="38.836387"><ele>106.0</ele><time>2024-12-04T10:15:15Z</time><extensions><gpxtpx:TrackPointExtension><gpxtpx:hr>201</gpxtpx:hr></gpxtpx:TrackPointExtension></extensions></trkpt><trkpt lat="58.05493" lon="38.836365"><ele>106.0</ele><time>2024-12-04T10:15:16Z</time><extensions><gpxtpx:TrackPointExtension><gpxtpx:hr>201</gpxtpx:hr></gpxtpx:TrackPointExtension></extensions></trkpt><trkpt lat="58.054955" lon="38.83635"><ele>106.0</ele><time>2024-12-04T10:15:17Z</time><extensions><gpxtpx:TrackPointExtension><gpxtpx:hr>201</gpxtpx:hr></gpxtpx:TrackPointExtension></extensions></trkpt><trkpt lat="58.054977" lon="38.836337"><ele>106.0</ele><time>2024-12-04T10:15:18Z</time><extensions><gpxtpx:TrackPointExtension><gpxtpx:hr>202</gpxtpx:hr></gpxtpx:TrackPointExtension></extensions></trkpt><trkpt lat="58.055" lon="38.836337"><ele>106.0</ele><time>2024-12-04T10:15:19Z</time><extensions><gpxtpx:TrackPointExtension><gpxtpx:hr>202</gpxtpx:hr></gpxtpx:TrackPointExtension></extensions></trkpt><trkpt lat="58.055027" lon="38.83634"><ele>106.0</ele><time>2024-12-04T10:15:20Z</time><extensions><gpxtpx:TrackPointExtension><gpxtpx:hr>202</gpxtpx:hr></gpxtpx:TrackPointExtension></extensions></trkpt><trkpt lat="58.055053" lon="38.836352"><ele>106.0</ele><time>2024-12-04T10:15:20Z</time><extensions><gpxtpx:TrackPointExtension><gpxtpx:hr>202</gpxtpx:hr></gpxtpx:TrackPointExtension></extensions></trkpt><trkpt lat="58.05508" lon="38.83636"><ele>106.0</ele><time>2024-12-04T10:15:21Z</time><extensions><gpxtpx:TrackPointExtension><gpxtpx:hr>201</gpxtpx:hr></gpxtpx:TrackPointExtension></extensions></trkpt><trkpt lat="58.055107" lon="38.836375"><ele>106.0</ele><time>2024-12-04T10:15:21Z</time><extensions><gpxtpx:TrackPointExtension><gpxtpx:hr>201</gpxtpx:hr></gpxtpx:TrackPointExtension></extensions></trkpt><trkpt lat="58.055137" lon="38.836395"><ele>106.0</ele><time>2024-12-04T10:15:22Z</time><extensions><gpxtpx:TrackPointExtension><gpxtpx:hr>201</gpxtpx:hr></gpxtpx:TrackPointExtension></extensions></trkpt><trkpt lat="58.055163" lon="38.836413"><ele>106.0</ele><time>2024-12-04T10:15:24Z</time><extensions><gpxtpx:TrackPointExtension><gpxtpx:hr>201</gpxtpx:hr></gpxtpx:TrackPointExtension></extensions></trkpt><trkpt lat="58.055195" lon="38.836432"><ele>106.0</ele><time>2024-12-04T10:15:25Z</time><extensions><gpxtpx:TrackPointExtension><gpxtpx:hr>201</gpxtpx:hr></gpxtpx:TrackPointExtension></extensions></trkpt><trkpt lat="58.05522" lon="38.836452"><ele>106.0</ele><time>2024-12-04T10:15:26Z</time><extensions><gpxtpx:TrackPointExtension><gpxtpx:hr>201</gpxtpx:hr></gpxtpx:TrackPointExtension></extensions></trkpt><trkpt lat="58.05525" lon="38.83647"><ele>106.0</ele><time>2024-12-04T10:15:27Z</time><extensions><gpxtpx:TrackPointExtension><gpxtpx:hr>201</gpxtpx:hr></gpxtpx:TrackPointExtension></extensions></trkpt><trkpt lat="58.05528" lon="38.83649"><ele>106.0</ele><time>2024-12-04T10:15:28Z</time><extensions><gpxtpx:TrackPointExtension><gpxtpx:hr>201</gpxtpx:hr></gpxtpx:TrackPointExtension></extensions></trkpt><trkpt lat="58.055305" lon="38.83651"><ele>106.0</ele><time>2024-12-04T10:15:29Z</time><extensions><gpxtpx:TrackPointExtension><gpxtpx:hr>201</gpxtpx:hr></gpxtpx:TrackPointExtension></extensions></trkpt><trkpt lat="58.05533" lon="38.836535"><ele>106.0</ele><time>2024-12-04T10:15:30Z</time><extensions><gpxtpx:TrackPointExtension><gpxtpx:hr>201</gpxtpx:hr></gpxtpx:TrackPointExtension></extensions></trkpt><trkpt lat="58.05535" lon="38.836567"><ele>106.0</ele><time>2024-12-04T10:15:31Z</time><extensions><gpxtpx:TrackPointExtension><gpxtpx:hr>201</gpxtpx:hr></gpxtpx:TrackPointExtension></extensions></trkpt><trkpt lat="58.055367" lon="38.836597"><ele>106.0</ele><time>2024-12-04T10:15:32Z</time><extensions><gpxtpx:TrackPointExtension><gpxtpx:hr>200</gpxtpx:hr></gpxtpx:TrackPointExtension></extensions></trkpt><trkpt lat="58.055373" lon="38.836627"><ele>106.0</ele><time>2024-12-04T10:15:33Z</time><extensions><gpxtpx:TrackPointExtension><gpxtpx:hr>199</gpxtpx:hr></gpxtpx:TrackPointExtension></extensions></trkpt><trkpt lat="58.055377" lon="38.83666"><ele>106.0</ele><time>2024-12-04T10:15:33Z</time><extensions><gpxtpx:TrackPointExtension><gpxtpx:hr>199</gpxtpx:hr></gpxtpx:TrackPointExtension></extensions></trkpt><trkpt lat="58.055377" lon="38.836697"><ele>106.0</ele><time>2024-12-04T10:15:34Z</time><extensions><gpxtpx:TrackPointExtension><gpxtpx:hr>199</gpxtpx:hr></gpxtpx:TrackPointExtension></extensions></trkpt><trkpt lat="58.05537" lon="38.83674"><ele>106.0</ele><time>2024-12-04T10:15:35Z</time><extensions><gpxtpx:TrackPointExtension><gpxtpx:hr>198</gpxtpx:hr></gpxtpx:TrackPointExtension></extensions></trkpt><trkpt lat="58.055362" lon="38.836783"><ele>106.0</ele><time>2024-12-04T10:15:37Z</time><extensions><gpxtpx:TrackPointExtension><gpxtpx:hr>198</gpxtpx:hr></gpxtpx:TrackPointExtension></extensions></trkpt><trkpt lat="58.05536" lon="38.836833"><ele>106.0</ele><time>2024-12-04T10:15:38Z</time><extensions><gpxtpx:TrackPointExtension><gpxtpx:hr>198</gpxtpx:hr></gpxtpx:TrackPointExtension></extensions></trkpt><trkpt lat="58.055347" lon="38.836883"><ele>106.0</ele><time>2024-12-04T10:15:39Z</time><extensions><gpxtpx:TrackPointExtension><gpxtpx:hr>199</gpxtpx:hr></gpxtpx:TrackPointExtension></extensions></trkpt><trkpt lat="58.055335" lon="38.836932"><ele>106.0</ele><time>2024-12-04T10:15:40Z</time><extensions><gpxtpx:TrackPointExtension><gpxtpx:hr>199</gpxtpx:hr></gpxtpx:TrackPointExtension></extensions></trkpt><trkpt lat="58.05532" lon="38.836982"><ele>106.0</ele><time>2024-12-04T10:15:41Z</time><extensions><gpxtpx:TrackPointExtension><gpxtpx:hr>199</gpxtpx:hr></gpxtpx:TrackPointExtension></extensions></trkpt><trkpt lat="58.05531" lon="38.83703"><ele>106.0</ele><time>2024-12-04T10:15:42Z</time><extensions><gpxtpx:TrackPointExtension><gpxtpx:hr>199</gpxtpx:hr></gpxtpx:TrackPointExtension></extensions></trkpt><trkpt lat="58.05529" lon="38.837073"><ele>106.0</ele><time>2024-12-04T10:15:43Z</time><extensions><gpxtpx:TrackPointExtension><gpxtpx:hr>200</gpxtpx:hr></gpxtpx:TrackPointExtension></extensions></trkpt><trkpt lat="58.055275" lon="38.837115"><ele>106.0</ele><time>2024-12-04T10:15:43Z</time><extensions><gpxtpx:TrackPointExtension><gpxtpx:hr>200</gpxtpx:hr></gpxtpx:TrackPointExtension></extensions></trkpt><trkpt lat="58.05526" lon="38.837162"><ele>106.0</ele><time>2024-12-04T10:15:44Z</time><extensions><gpxtpx:TrackPointExtension><gpxtpx:hr>200</gpxtpx:hr></gpxtpx:TrackPointExtension></extensions></trkpt><trkpt lat="58.05524" lon="38.837215"><ele>106.0</ele><time>2024-12-04T10:15:45Z</time><extensions><gpxtpx:TrackPointExtension><gpxtpx:hr>200</gpxtpx:hr></gpxtpx:TrackPointExtension></extensions></trkpt><trkpt lat="58.05522" lon="38.83727"><ele>106.0</ele><time>2024-12-04T10:15:46Z</time><extensions><gpxtpx:TrackPointExtension><gpxtpx:hr>199</gpxtpx:hr></gpxtpx:TrackPointExtension></extensions></trkpt><trkpt lat="58.055202" lon="38.837322"><ele>106.0</ele><time>2024-12-04T10:15:47Z</time><extensions><gpxtpx:TrackPointExtension><gpxtpx:hr>199</gpxtpx:hr></gpxtpx:TrackPointExtension></extensions></trkpt><trkpt lat="58.055182" lon="38.837375"><ele>106.0</ele><time>2024-12-04T10:15:49Z</time><extensions><gpxtpx:TrackPointExtension><gpxtpx:hr>198</gpxtpx:hr></gpxtpx:TrackPointExtension></extensions></trkpt><trkpt lat="58.055163" lon="38.83743"><ele>106.0</ele><time>2024-12-04T10:15:50Z</time><extensions><gpxtpx:TrackPointExtension><gpxtpx:hr>198</gpxtpx:hr></gpxtpx:TrackPointExtension></extensions></trkpt><trkpt lat="58.05514" lon="38.837485"><ele>106.0</ele><time>2024-12-04T10:15:51Z</time><extensions><gpxtpx:TrackPointExtension><gpxtpx:hr>198</gpxtpx:hr></gpxtpx:TrackPointExtension></extensions></trkpt><trkpt lat="58.055122" lon="38.837542"><ele>106.0</ele><time>2024-12-04T10:15:52Z</time><extensions><gpxtpx:TrackPointExtension><gpxtpx:hr>198</gpxtpx:hr></gpxtpx:TrackPointExtension></extensions></trkpt><trkpt lat="58.055102" lon="38.8376"><ele>106.0</ele><time>2024-12-04T10:15:53Z</time><extensions><gpxtpx:TrackPointExtension><gpxtpx:hr>198</gpxtpx:hr></gpxtpx:TrackPointExtension></extensions></trkpt><trkpt lat="58.05508" lon="38.837657"><ele>106.0</ele><time>2024-12-04T10:15:54Z</time><extensions><gpxtpx:TrackPointExtension><gpxtpx:hr>198</gpxtpx:hr></gpxtpx:TrackPointExtension></extensions></trkpt><trkpt lat="58.055058" lon="38.837715"><ele>106.0</ele><time>2024-12-04T10:15:55Z</time><extensions><gpxtpx:TrackPointExtension><gpxtpx:hr>197</gpxtpx:hr></gpxtpx:TrackPointExtension></extensions></trkpt><trkpt lat="58.055042" lon="38.837772"><ele>106.0</ele><time>2024-12-04T10:15:56Z</time><extensions><gpxtpx:TrackPointExtension><gpxtpx:hr>197</gpxtpx:hr></gpxtpx:TrackPointExtension></extensions></trkpt><trkpt lat="58.055022" lon="38.837825"><ele>106.0</ele><time>2024-12-04T10:15:57Z</time><extensions><gpxtpx:TrackPointExtension><gpxtpx:hr>197</gpxtpx:hr></gpxtpx:TrackPointExtension></extensions></trkpt><trkpt lat="58.055003" lon="38.837882"><ele>106.0</ele><time>2024-12-04T10:15:57Z</time><extensions><gpxtpx:TrackPointExtension><gpxtpx:hr>197</gpxtpx:hr></gpxtpx:TrackPointExtension></extensions></trkpt><trkpt lat="58.054985" lon="38.83794"><ele>106.0</ele><time>2024-12-04T10:15:58Z</time><extensions><gpxtpx:TrackPointExtension><gpxtpx:hr>197</gpxtpx:hr></gpxtpx:TrackPointExtension></extensions></trkpt><trkpt lat="58.054965" lon="38.837997"><ele>106.0</ele><time>2024-12-04T10:16:00Z</time><extensions><gpxtpx:TrackPointExtension><gpxtpx:hr>197</gpxtpx:hr></gpxtpx:TrackPointExtension></extensions></trkpt><trkpt lat="58.054942" lon="38.83806"><ele>106.0</ele><time>2024-12-04T10:16:01Z</time><extensions><gpxtpx:TrackPointExtension><gpxtpx:hr>197</gpxtpx:hr></gpxtpx:TrackPointExtension></extensions></trkpt><trkpt lat="58.054923" lon="38.838115"><ele>106.0</ele><time>2024-12-04T10:16:02Z</time><extensions><gpxtpx:TrackPointExtension><gpxtpx:hr>196</gpxtpx:hr></gpxtpx:TrackPointExtension></extensions></trkpt><trkpt lat="58.054903" lon="38.838172"><ele>106.0</ele><time>2024-12-04T10:16:03Z</time><extensions><gpxtpx:TrackPointExtension><gpxtpx:hr>196</gpxtpx:hr></gpxtpx:TrackPointExtension></extensions></trkpt><trkpt lat="58.054885" lon="38.83823"><ele>106.0</ele><time>2024-12-04T10:16:04Z</time><extensions><gpxtpx:TrackPointExtension><gpxtpx:hr>196</gpxtpx:hr></gpxtpx:TrackPointExtension></extensions></trkpt><trkpt lat="58.05487" lon="38.83829"><ele>106.0</ele><time>2024-12-04T10:16:05Z</time><extensions><gpxtpx:TrackPointExtension><gpxtpx:hr>196</gpxtpx:hr></gpxtpx:TrackPointExtension></extensions></trkpt><trkpt lat="58.05485" lon="38.838348"><ele>106.0</ele><time>2024-12-04T10:16:05Z</time><extensions><gpxtpx:TrackPointExtension><gpxtpx:hr>196</gpxtpx:hr></gpxtpx:TrackPointExtension></extensions></trkpt><trkpt lat="58.054832" lon="38.838405"><ele>106.0</ele><time>2024-12-04T10:16:06Z</time><extensions><gpxtpx:TrackPointExtension><gpxtpx:hr>197</gpxtpx:hr></gpxtpx:TrackPointExtension></extensions></trkpt><trkpt lat="58.054812" lon="38.838462"><ele>106.0</ele><time>2024-12-04T10:16:07Z</time><extensions><gpxtpx:TrackPointExtension><gpxtpx:hr>197</gpxtpx:hr></gpxtpx:TrackPointExtension></extensions></trkpt><trkpt lat="58.054793" lon="38.83852"><ele>106.0</ele><time>2024-12-04T10:16:08Z</time><extensions><gpxtpx:TrackPointExtension><gpxtpx:hr>197</gpxtpx:hr></gpxtpx:TrackPointExtension></extensions></trkpt><trkpt lat="58.054775" lon="38.838577"><ele>106.0</ele><time>2024-12-04T10:16:10Z</time><extensions><gpxtpx:TrackPointExtension><gpxtpx:hr>197</gpxtpx:hr></gpxtpx:TrackPointExtension></extensions></trkpt><trkpt lat="58.054752" lon="38.838633"><ele>106.0</ele><time>2024-12-04T10:16:11Z</time><extensions><gpxtpx:TrackPointExtension><gpxtpx:hr>198</gpxtpx:hr></gpxtpx:TrackPointExtension></extensions></trkpt><trkpt lat="58.054732" lon="38.838687"><ele>106.0</ele><time>2024-12-04T10:16:12Z</time><extensions><gpxtpx:TrackPointExtension><gpxtpx:hr>198</gpxtpx:hr></gpxtpx:TrackPointExtension></extensions></trkpt><trkpt lat="58.05471" lon="38.838745"><ele>106.0</ele><time>2024-12-04T10:16:13Z</time><extensions><gpxtpx:TrackPointExtension><gpxtpx:hr>198</gpxtpx:hr></gpxtpx:TrackPointExtension></extensions></trkpt><trkpt lat="58.054687" lon="38.838805"><ele>106.0</ele><time>2024-12-04T10:16:14Z</time><extensions><gpxtpx:TrackPointExtension><gpxtpx:hr>199</gpxtpx:hr></gpxtpx:TrackPointExtension></extensions></trkpt><trkpt lat="58.054665" lon="38.83887"><ele>106.0</ele><time>2024-12-04T10:16:15Z</time><extensions><gpxtpx:TrackPointExtension><gpxtpx:hr>199</gpxtpx:hr></gpxtpx:TrackPointExtension></extensions></trkpt><trkpt lat="58.05464" lon="38.838932"><ele>106.0</ele><time>2024-12-04T10:16:16Z</time><extensions><gpxtpx:TrackPointExtension><gpxtpx:hr>199</gpxtpx:hr></gpxtpx:TrackPointExtension></extensions></trkpt><trkpt lat="58.054622" lon="38.83899"><ele>106.0</ele><time>2024-12-04T10:16:17Z</time><extensions><gpxtpx:TrackPointExtension><gpxtpx:hr>200</gpxtpx:hr></gpxtpx:TrackPointExtension></extensions></trkpt><trkpt lat="58.0546" lon="38.83905"><ele>106.0</ele><time>2024-12-04T10:16:18Z</time><extensions><gpxtpx:TrackPointExtension><gpxtpx:hr>201</gpxtpx:hr></gpxtpx:TrackPointExtension></extensions></trkpt><trkpt lat="58.05458" lon="38.839107"><ele>106.0</ele><time>2024-12-04T10:16:19Z</time><extensions><gpxtpx:TrackPointExtension><gpxtpx:hr>201</gpxtpx:hr></gpxtpx:TrackPointExtension></extensions></trkpt><trkpt lat="58.054557" lon="38.83917"><ele>106.0</ele><time>2024-12-04T10:16:20Z</time><extensions><gpxtpx:TrackPointExtension><gpxtpx:hr>200</gpxtpx:hr></gpxtpx:TrackPointExtension></extensions></trkpt><trkpt lat="58.05454" lon="38.83923"><ele>106.0</ele><time>2024-12-04T10:16:20Z</time><extensions><gpxtpx:TrackPointExtension><gpxtpx:hr>200</gpxtpx:hr></gpxtpx:TrackPointExtension></extensions></trkpt><trkpt lat="58.05452" lon="38.83929"><ele>106.0</ele><time>2024-12-04T10:16:21Z</time><extensions><gpxtpx:TrackPointExtension><gpxtpx:hr>200</gpxtpx:hr></gpxtpx:TrackPointExtension></extensions></trkpt><trkpt lat="58.054497" lon="38.839355"><ele>106.0</ele><time>2024-12-04T10:16:23Z</time><extensions><gpxtpx:TrackPointExtension><gpxtpx:hr>200</gpxtpx:hr></gpxtpx:TrackPointExtension></extensions></trkpt><trkpt lat="58.054477" lon="38.839417"><ele>106.0</ele><time>2024-12-04T10:16:24Z</time><extensions><gpxtpx:TrackPointExtension><gpxtpx:hr>200</gpxtpx:hr></gpxtpx:TrackPointExtension></extensions></trkpt><trkpt lat="58.05446" lon="38.839473"><ele>106.0</ele><time>2024-12-04T10:16:25Z</time><extensions><gpxtpx:TrackPointExtension><gpxtpx:hr>200</gpxtpx:hr></gpxtpx:TrackPointExtension></extensions></trkpt><trkpt lat="58.054435" lon="38.83953"><ele>106.0</ele><time>2024-12-04T10:16:26Z</time><extensions><gpxtpx:TrackPointExtension><gpxtpx:hr>200</gpxtpx:hr></gpxtpx:TrackPointExtension></extensions></trkpt><trkpt lat="58.054417" lon="38.83959"><ele>106.0</ele><time>2024-12-04T10:16:27Z</time><extensions><gpxtpx:TrackPointExtension><gpxtpx:hr>201</gpxtpx:hr></gpxtpx:TrackPointExtension></extensions></trkpt><trkpt lat="58.054397" lon="38.839643"><ele>106.0</ele><time>2024-12-04T10:16:28Z</time><extensions><gpxtpx:TrackPointExtension><gpxtpx:hr>201</gpxtpx:hr></gpxtpx:TrackPointExtension></extensions></trkpt><trkpt lat="58.05438" lon="38.8397"><ele>106.0</ele><time>2024-12-04T10:16:29Z</time><extensions><gpxtpx:TrackPointExtension><gpxtpx:hr>201</gpxtpx:hr></gpxtpx:TrackPointExtension></extensions></trkpt><trkpt lat="58.05436" lon="38.839752"><ele>106.0</ele><time>2024-12-04T10:16:30Z</time><extensions><gpxtpx:TrackPointExtension><gpxtpx:hr>201</gpxtpx:hr></gpxtpx:TrackPointExtension></extensions></trkpt><trkpt lat="58.054337" lon="38.839797"><ele>106.0</ele><time>2024-12-04T10:16:30Z</time><extensions><gpxtpx:TrackPointExtension><gpxtpx:hr>201</gpxtpx:hr></gpxtpx:TrackPointExtension></extensions></trkpt><trkpt lat="58.054313" lon="38.83983"><ele>106.0</ele><time>2024-12-04T10:16:31Z</time><extensions><gpxtpx:TrackPointExtension><gpxtpx:hr>201</gpxtpx:hr></gpxtpx:TrackPointExtension></extensions></trkpt><trkpt lat="58.054287" lon="38.839843"><ele>106.0</ele><time>2024-12-04T10:16:32Z</time><extensions><gpxtpx:TrackPointExtension><gpxtpx:hr>201</gpxtpx:hr></gpxtpx:TrackPointExtension></extensions></trkpt><trkpt lat="58.054263" lon="38.839847"><ele>106.0</ele><time>2024-12-04T10:16:33Z</time><extensions><gpxtpx:TrackPointExtension><gpxtpx:hr>201</gpxtpx:hr></gpxtpx:TrackPointExtension></extensions></trkpt><trkpt lat="58.054237" lon="38.839843"><ele>106.0</ele><time>2024-12-04T10:16:34Z</time><extensions><gpxtpx:TrackPointExtension><gpxtpx:hr>200</gpxtpx:hr></gpxtpx:TrackPointExtension></extensions></trkpt><trkpt lat="58.054213" lon="38.839835"><ele>106.0</ele><time>2024-12-04T10:16:36Z</time><extensions><gpxtpx:TrackPointExtension><gpxtpx:hr>199</gpxtpx:hr></gpxtpx:TrackPointExtension></extensions></trkpt><trkpt lat="58.054187" lon="38.83982"><ele>106.0</ele><time>2024-12-04T10:16:37Z</time><extensions><gpxtpx:TrackPointExtension><gpxtpx:hr>200</gpxtpx:hr></gpxtpx:TrackPointExtension></extensions></trkpt><trkpt lat="58.054165" lon="38.839805"><ele>106.0</ele><time>2024-12-04T10:16:38Z</time><extensions><gpxtpx:TrackPointExtension><gpxtpx:hr>200</gpxtpx:hr></gpxtpx:TrackPointExtension></extensions></trkpt><trkpt lat="58.05414" lon="38.839787"><ele>106.0</ele><time>2024-12-04T10:16:39Z</time><extensions><gpxtpx:TrackPointExtension><gpxtpx:hr>201</gpxtpx:hr></gpxtpx:TrackPointExtension></extensions></trkpt><trkpt lat="58.05412" lon="38.83977"><ele>106.0</ele><time>2024-12-04T10:16:40Z</time><extensions><gpxtpx:TrackPointExtension><gpxtpx:hr>201</gpxtpx:hr></gpxtpx:TrackPointExtension></extensions></trkpt><trkpt lat="58.054095" lon="38.839755"><ele>106.0</ele><time>2024-12-04T10:16:41Z</time><extensions><gpxtpx:TrackPointExtension><gpxtpx:hr>202</gpxtpx:hr></gpxtpx:TrackPointExtension></extensions></trkpt></trkseg></trk></gpx>