<?xml version="1.0" encoding="UTF-8" standalone="no"?><gpx xmlns="http://www.topografix.com/GPX/1/1" xmlns:gpxtpx="http://www.garmin.com/xmlschemas/TrackPointExtension/v1" xmlns:xsi="http://www.w3.org/2001/XMLSchema-instance" creator="Sports Tracker" version="1.1" xsi:schemaLocation="http://www.topografix.com/GPX/1/1 http://www.topografix.com/GPX/1/1/gpx.xsd http://www.garmin.com/xmlschemas/TrackPointExtension/v1 http://www.garmin.com/xmlschemas/TrackPointExtensionv1.xsd"><metadata><name/><desc>+1</desc><author><name>Александр</name></author></metadata><trk><name/><trkseg><trkpt lat="58.059777" lon="38.819932"><ele>96.5</ele><time>2022-08-06T13:27:23Z</time></trkpt><trkpt lat="58.059767" lon="38.820087"><ele>96.0</ele><time>2022-08-06T13:27:26Z</time></trkpt><trkpt lat="58.059758" lon="38.820227"><ele>96.0</ele><time>2022-08-06T13:27:29Z</time></trkpt><trkpt lat="58.059745" lon="38.820403"><ele>96.0</ele><time>2022-08-06T13:27:33Z</time></trkpt><trkpt lat="58.059743" lon="38.820565"><ele>96.3</ele><time>2022-08-06T13:27:37Z</time></trkpt><trkpt lat="58.059743" lon="38.820728"><ele>96.4</ele><time>2022-08-06T13:27:42Z</time></trkpt><trkpt lat="58.059742" lon="38.820883"><ele>96.4</ele><time>2022-08-06T13:27:46Z</time></trkpt><trkpt lat="58.059738" lon="38.821052"><ele>96.1</ele><time>2022-08-06T13:27:50Z</time></trkpt><trkpt lat="58.059732" lon="38.821208"><ele>96.4</ele><time>2022-08-06T13:27:54Z</time></trkpt><trkpt lat="58.059715" lon="38.821342"><ele>96.0</ele><time>2022-08-06T13:28:23Z</time></trkpt><trkpt lat="58.05969" lon="38.82149"><ele>96.4</ele><time>2022-08-06T13:28:29Z</time></trkpt><trkpt lat="58.059682" lon="38.821632"><ele>96.3</ele><time>2022-08-06T13:28:36Z</time></trkpt><trkpt lat="58.05966" lon="38.821777"><ele>95.6</ele><time>2022-08-06T13:28:41Z</time></trkpt><trkpt lat="58.05967" lon="38.821938"><ele>95.5</ele><time>2022-08-06T13:28:47Z</time></trkpt><trkpt lat="58.05969" lon="38.822075"><ele>96.0</ele><time>2022-08-06T13:28:50Z</time></trkpt><trkpt lat="58.059687" lon="38.822232"><ele>96.4</ele><time>2022-08-06T13:28:53Z</time></trkpt><trkpt lat="58.059675" lon="38.822407"><ele>96.9</ele><time>2022-08-06T13:28:57Z</time></trkpt><trkpt lat="58.05966" lon="38.822578"><ele>96.3</ele><time>2022-08-06T13:29:01Z</time></trkpt><trkpt lat="58.05965" lon="38.822745"><ele>96.4</ele><time>2022-08-06T13:29:05Z</time></trkpt><trkpt lat="58.05964" lon="38.822897"><ele>96.0</ele><time>2022-08-06T13:29:08Z</time></trkpt><trkpt lat="58.059628" lon="38.823057"><ele>95.7</ele><time>2022-08-06T13:29:11Z</time></trkpt><trkpt lat="58.059603" lon="38.823213"><ele>95.7</ele><time>2022-08-06T13:29:14Z</time></trkpt><trkpt lat="58.05957" lon="38.82334"><ele>95.7</ele><time>2022-08-06T13:29:17Z</time></trkpt><trkpt lat="58.059525" lon="38.823495"><ele>96.0</ele><time>2022-08-06T13:29:21Z</time></trkpt><trkpt lat="58.059482" lon="38.823625"><ele>96.0</ele><time>2022-08-06T13:29:24Z</time></trkpt><trkpt lat="58.059425" lon="38.823752"><ele>96.1</ele><time>2022-08-06T13:29:27Z</time></trkpt><trkpt lat="58.059363" lon="38.823867"><ele>96.0</ele><time>2022-08-06T13:29:30Z</time></trkpt><trkpt lat="58.059307" lon="38.823975"><ele>96.0</ele><time>2022-08-06T13:29:33Z</time></trkpt><trkpt lat="58.059245" lon="38.824098"><ele>95.8</ele><time>2022-08-06T13:29:36Z</time></trkpt><trkpt lat="58.05919" lon="38.824217"><ele>95.7</ele><time>2022-08-06T13:29:39Z</time></trkpt><trkpt lat="58.059135" lon="38.82433"><ele>95.4</ele><time>2022-08-06T13:29:42Z</time></trkpt><trkpt lat="58.059082" lon="38.824437"><ele>95.2</ele><time>2022-08-06T13:29:45Z</time></trkpt><trkpt lat="58.059018" lon="38.824538"><ele>94.9</ele><time>2022-08-06T13:29:49Z</time></trkpt><trkpt lat="58.058957" lon="38.824652"><ele>95.2</ele><time>2022-08-06T13:29:54Z</time></trkpt><trkpt lat="58.058897" lon="38.824772"><ele>95.2</ele><time>2022-08-06T13:29:58Z</time></trkpt><trkpt lat="58.058833" lon="38.824897"><ele>95.2</ele><time>2022-08-06T13:30:02Z</time></trkpt><trkpt lat="58.058775" lon="38.825007"><ele>95.9</ele><time>2022-08-06T13:30:06Z</time></trkpt><trkpt lat="58.058722" lon="38.825122"><ele>95.4</ele><time>2022-08-06T13:30:10Z</time></trkpt><trkpt lat="58.058662" lon="38.825243"><ele>95.8</ele><time>2022-08-06T13:30:15Z</time></trkpt><trkpt lat="58.058622" lon="38.825357"><ele>96.4</ele><time>2022-08-06T13:30:20Z</time></trkpt><trkpt lat="58.058567" lon="38.825467"><ele>96.5</ele><time>2022-08-06T13:30:27Z</time></trkpt><trkpt lat="58.058632" lon="38.825377"><ele>96.5</ele><time>2022-08-06T13:30:31Z</time></trkpt><trkpt lat="58.058708" lon="38.82544"><ele>96.7</ele><time>2022-08-06T13:30:33Z</time></trkpt><trkpt lat="58.058792" lon="38.825555"><ele>97.4</ele><time>2022-08-06T13:30:36Z</time></trkpt><trkpt lat="58.058857" lon="38.82567"><ele>98.8</ele><time>2022-08-06T13:30:39Z</time></trkpt><trkpt lat="58.05892" lon="38.825743"><ele>98.6</ele><time>2022-08-06T13:30:42Z</time></trkpt><trkpt lat="58.058998" lon="38.82579"><ele>98.4</ele><time>2022-08-06T13:30:46Z</time></trkpt><trkpt lat="58.05906" lon="38.825893"><ele>98.8</ele><time>2022-08-06T13:30:51Z</time></trkpt><trkpt lat="58.059118" lon="38.82599"><ele>99.6</ele><time>2022-08-06T13:30:56Z</time></trkpt><trkpt lat="58.059175" lon="38.826088"><ele>98.6</ele><time>2022-08-06T13:31:04Z</time></trkpt><trkpt lat="58.059213" lon="38.826212"><ele>101.2</ele><time>2022-08-06T13:38:33Z</time></trkpt><trkpt lat="58.059305" lon="38.826193"><ele>101.0</ele><time>2022-08-06T13:40:06Z</time></trkpt><trkpt lat="58.059385" lon="38.826273"><ele>101.0</ele><time>2022-08-06T13:40:09Z</time></trkpt><trkpt lat="58.05946" lon="38.826315"><ele>100.7</ele><time>2022-08-06T13:40:12Z</time></trkpt><trkpt lat="58.059502" lon="38.826437"><ele>100.4</ele><time>2022-08-06T13:40:16Z</time></trkpt><trkpt lat="58.05945" lon="38.826565"><ele>100.5</ele><time>2022-08-06T13:40:20Z</time></trkpt><trkpt lat="58.059392" lon="38.826647"><ele>100.3</ele><time>2022-08-06T13:40:23Z</time></trkpt><trkpt lat="58.059332" lon="38.826748"><ele>99.9</ele><time>2022-08-06T13:40:27Z</time></trkpt><trkpt lat="58.059283" lon="38.82685"><ele>100.2</ele><time>2022-08-06T13:40:30Z</time></trkpt><trkpt lat="58.059237" lon="38.826972"><ele>100.5</ele><time>2022-08-06T13:40:33Z</time></trkpt><trkpt lat="58.059193" lon="38.827095"><ele>100.8</ele><time>2022-08-06T13:40:36Z</time></trkpt><trkpt lat="58.059147" lon="38.82721"><ele>100.9</ele><time>2022-08-06T13:40:39Z</time></trkpt><trkpt lat="58.059097" lon="38.827332"><ele>100.8</ele><time>2022-08-06T13:40:42Z</time></trkpt><trkpt lat="58.059048" lon="38.82746"><ele>100.7</ele><time>2022-08-06T13:40:45Z</time></trkpt><trkpt lat="58.059005" lon="38.827585"><ele>101.0</ele><time>2022-08-06T13:40:48Z</time></trkpt><trkpt lat="58.058963" lon="38.8277"><ele>101.1</ele><time>2022-08-06T13:40:51Z</time></trkpt><trkpt lat="58.05892" lon="38.827827"><ele>101.3</ele><time>2022-08-06T13:40:54Z</time></trkpt><trkpt lat="58.058883" lon="38.827955"><ele>100.8</ele><time>2022-08-06T13:40:57Z</time></trkpt><trkpt lat="58.058847" lon="38.828078"><ele>100.3</ele><time>2022-08-06T13:41:00Z</time></trkpt><trkpt lat="58.058797" lon="38.828208"><ele>100.0</ele><time>2022-08-06T13:41:04Z</time></trkpt><trkpt lat="58.058758" lon="38.828328"><ele>99.8</ele><time>2022-08-06T13:41:08Z</time></trkpt><trkpt lat="58.058727" lon="38.828458"><ele>99.3</ele><time>2022-08-06T13:41:11Z</time></trkpt><trkpt lat="58.058677" lon="38.828643"><ele>98.9</ele><time>2022-08-06T13:41:14Z</time></trkpt><trkpt lat="58.058623" lon="38.828813"><ele>98.3</ele><time>2022-08-06T13:41:17Z</time></trkpt><trkpt lat="58.058565" lon="38.828987"><ele>97.7</ele><time>2022-08-06T13:41:20Z</time></trkpt><trkpt lat="58.058518" lon="38.829103"><ele>97.7</ele><time>2022-08-06T13:41:22Z</time></trkpt><trkpt lat="58.058437" lon="38.82922"><ele>96.8</ele><time>2022-08-06T13:41:25Z</time></trkpt><trkpt lat="58.058358" lon="38.829303"><ele>96.7</ele><time>2022-08-06T13:41:28Z</time></trkpt><trkpt lat="58.058293" lon="38.829385"><ele>97.3</ele><time>2022-08-06T13:41:31Z</time></trkpt><trkpt lat="58.058232" lon="38.829483"><ele>96.9</ele><time>2022-08-06T13:41:34Z</time></trkpt><trkpt lat="58.058165" lon="38.829597"><ele>96.9</ele><time>2022-08-06T13:41:37Z</time></trkpt><trkpt lat="58.058103" lon="38.829705"><ele>96.1</ele><time>2022-08-06T13:41:40Z</time></trkpt><trkpt lat="58.058043" lon="38.829823"><ele>95.5</ele><time>2022-08-06T13:41:43Z</time></trkpt><trkpt lat="58.05799" lon="38.829925"><ele>96.3</ele><time>2022-08-06T13:41:46Z</time></trkpt><trkpt lat="58.057922" lon="38.830048"><ele>96.2</ele><time>2022-08-06T13:41:50Z</time></trkpt><trkpt lat="58.057862" lon="38.830192"><ele>95.0</ele><time>2022-08-06T13:42:06Z</time></trkpt><trkpt lat="58.057805" lon="38.830338"><ele>95.4</ele><time>2022-08-06T13:42:09Z</time></trkpt><trkpt lat="58.057743" lon="38.830438"><ele>94.8</ele><time>2022-08-06T13:42:12Z</time></trkpt><trkpt lat="58.057675" lon="38.830485"><ele>93.8</ele><time>2022-08-06T13:42:16Z</time></trkpt><trkpt lat="58.0576" lon="38.830512"><ele>95.7</ele><time>2022-08-06T13:42:27Z</time></trkpt><trkpt lat="58.057532" lon="38.830628"><ele>96.1</ele><time>2022-08-06T13:42:31Z</time></trkpt><trkpt lat="58.057468" lon="38.830768"><ele>96.1</ele><time>2022-08-06T13:42:34Z</time></trkpt><trkpt lat="58.057408" lon="38.83086"><ele>95.3</ele><time>2022-08-06T13:42:37Z</time></trkpt><trkpt lat="58.057335" lon="38.830977"><ele>95.2</ele><time>2022-08-06T13:42:41Z</time></trkpt><trkpt lat="58.057272" lon="38.831053"><ele>94.9</ele><time>2022-08-06T13:42:44Z</time></trkpt><trkpt lat="58.057205" lon="38.831122"><ele>95.5</ele><time>2022-08-06T13:42:47Z</time></trkpt><trkpt lat="58.057138" lon="38.831197"><ele>94.8</ele><time>2022-08-06T13:42:50Z</time></trkpt><trkpt lat="58.057067" lon="38.831273"><ele>95.0</ele><time>2022-08-06T13:42:53Z</time></trkpt><trkpt lat="58.057012" lon="38.83136"><ele>95.7</ele><time>2022-08-06T13:42:57Z</time></trkpt><trkpt lat="58.05696" lon="38.83152"><ele>95.9</ele><time>2022-08-06T13:43:01Z</time></trkpt><trkpt lat="58.056913" lon="38.831648"><ele>96.0</ele><time>2022-08-06T13:43:04Z</time></trkpt><trkpt lat="58.056853" lon="38.831792"><ele>96.1</ele><time>2022-08-06T13:43:08Z</time></trkpt><trkpt lat="58.056802" lon="38.831928"><ele>95.7</ele><time>2022-08-06T13:43:11Z</time></trkpt><trkpt lat="58.056743" lon="38.832072"><ele>95.7</ele><time>2022-08-06T13:43:14Z</time></trkpt><trkpt lat="58.056687" lon="38.832217"><ele>96.9</ele><time>2022-08-06T13:43:17Z</time></trkpt><trkpt lat="58.056633" lon="38.832357"><ele>96.9</ele><time>2022-08-06T13:43:20Z</time></trkpt><trkpt lat="58.056575" lon="38.832503"><ele>96.5</ele><time>2022-08-06T13:43:23Z</time></trkpt><trkpt lat="58.056535" lon="38.832623"><ele>95.9</ele><time>2022-08-06T13:43:25Z</time></trkpt><trkpt lat="58.056507" lon="38.83275"><ele>95.3</ele><time>2022-08-06T13:43:27Z</time></trkpt><trkpt lat="58.05646" lon="38.832917"><ele>94.9</ele><time>2022-08-06T13:43:30Z</time></trkpt><trkpt lat="58.056408" lon="38.833083"><ele>94.8</ele><time>2022-08-06T13:43:33Z</time></trkpt><trkpt lat="58.056375" lon="38.833207"><ele>95.2</ele><time>2022-08-06T13:43:35Z</time></trkpt><trkpt lat="58.056335" lon="38.833383"><ele>95.1</ele><time>2022-08-06T13:43:38Z</time></trkpt><trkpt lat="58.056298" lon="38.833532"><ele>95.4</ele><time>2022-08-06T13:43:41Z</time></trkpt><trkpt lat="58.056243" lon="38.8337"><ele>95.8</ele><time>2022-08-06T13:43:44Z</time></trkpt><trkpt lat="58.056195" lon="38.833863"><ele>96.1</ele><time>2022-08-06T13:43:47Z</time></trkpt><trkpt lat="58.056153" lon="38.834"><ele>96.1</ele><time>2022-08-06T13:43:50Z</time></trkpt><trkpt lat="58.056102" lon="38.834153"><ele>95.6</ele><time>2022-08-06T13:43:54Z</time></trkpt><trkpt lat="58.05605" lon="38.834295"><ele>95.0</ele><time>2022-08-06T13:43:57Z</time></trkpt><trkpt lat="58.055998" lon="38.834443"><ele>94.6</ele><time>2022-08-06T13:44:00Z</time></trkpt><trkpt lat="58.055958" lon="38.834573"><ele>94.5</ele><time>2022-08-06T13:44:03Z</time></trkpt><trkpt lat="58.055907" lon="38.834717"><ele>93.9</ele><time>2022-08-06T13:44:06Z</time></trkpt><trkpt lat="58.05586" lon="38.834865"><ele>94.2</ele><time>2022-08-06T13:44:09Z</time></trkpt><trkpt lat="58.055822" lon="38.835023"><ele>95.0</ele><time>2022-08-06T13:44:12Z</time></trkpt><trkpt lat="58.055765" lon="38.835182"><ele>94.3</ele><time>2022-08-06T13:44:15Z</time></trkpt><trkpt lat="58.05571" lon="38.835323"><ele>94.3</ele><time>2022-08-06T13:44:18Z</time></trkpt><trkpt lat="58.055675" lon="38.835455"><ele>94.8</ele><time>2022-08-06T13:44:21Z</time></trkpt><trkpt lat="58.055623" lon="38.835615"><ele>94.6</ele><time>2022-08-06T13:44:24Z</time></trkpt><trkpt lat="58.055587" lon="38.835737"><ele>94.6</ele><time>2022-08-06T13:44:26Z</time></trkpt><trkpt lat="58.055548" lon="38.835895"><ele>94.4</ele><time>2022-08-06T13:44:29Z</time></trkpt><trkpt lat="58.055512" lon="38.836038"><ele>94.8</ele><time>2022-08-06T13:44:32Z</time></trkpt><trkpt lat="58.055465" lon="38.836173"><ele>94.0</ele><time>2022-08-06T13:44:35Z</time></trkpt><trkpt lat="58.055417" lon="38.836292"><ele>93.7</ele><time>2022-08-06T13:44:38Z</time></trkpt><trkpt lat="58.055367" lon="38.836398"><ele>93.4</ele><time>2022-08-06T13:44:41Z</time></trkpt><trkpt lat="58.055348" lon="38.836532"><ele>92.3</ele><time>2022-08-06T13:44:49Z</time></trkpt><trkpt lat="58.05531" lon="38.836667"><ele>93.0</ele><time>2022-08-06T13:44:59Z</time></trkpt><trkpt lat="58.055255" lon="38.83681"><ele>92.6</ele><time>2022-08-06T13:45:04Z</time></trkpt><trkpt lat="58.055215" lon="38.836963"><ele>93.4</ele><time>2022-08-06T13:45:08Z</time></trkpt><trkpt lat="58.055182" lon="38.837127"><ele>94.1</ele><time>2022-08-06T13:45:12Z</time></trkpt><trkpt lat="58.055143" lon="38.837258"><ele>94.6</ele><time>2022-08-06T13:45:26Z</time></trkpt><trkpt lat="58.055088" lon="38.83742"><ele>95.0</ele><time>2022-08-06T13:45:30Z</time></trkpt><trkpt lat="58.055035" lon="38.837573"><ele>95.6</ele><time>2022-08-06T13:45:33Z</time></trkpt><trkpt lat="58.054988" lon="38.83772"><ele>96.0</ele><time>2022-08-06T13:45:36Z</time></trkpt><trkpt lat="58.054948" lon="38.83786"><ele>95.7</ele><time>2022-08-06T13:45:39Z</time></trkpt><trkpt lat="58.054895" lon="38.838027"><ele>95.5</ele><time>2022-08-06T13:45:42Z</time></trkpt><trkpt lat="58.05486" lon="38.838147"><ele>95.8</ele><time>2022-08-06T13:45:44Z</time></trkpt><trkpt lat="58.054805" lon="38.838315"><ele>95.6</ele><time>2022-08-06T13:45:47Z</time></trkpt><trkpt lat="58.054757" lon="38.83843"><ele>95.5</ele><time>2022-08-06T13:45:49Z</time></trkpt><trkpt lat="58.054708" lon="38.838552"><ele>95.4</ele><time>2022-08-06T13:45:51Z</time></trkpt><trkpt lat="58.054675" lon="38.838673"><ele>95.4</ele><time>2022-08-06T13:45:53Z</time></trkpt><trkpt lat="58.054627" lon="38.83883"><ele>94.6</ele><time>2022-08-06T13:45:56Z</time></trkpt><trkpt lat="58.054572" lon="38.83897"><ele>94.4</ele><time>2022-08-06T13:45:59Z</time></trkpt><trkpt lat="58.05451" lon="38.83911"><ele>93.9</ele><time>2022-08-06T13:46:02Z</time></trkpt><trkpt lat="58.054452" lon="38.839252"><ele>93.6</ele><time>2022-08-06T13:46:05Z</time></trkpt><trkpt lat="58.0544" lon="38.839377"><ele>94.3</ele><time>2022-08-06T13:46:08Z</time></trkpt><trkpt lat="58.05435" lon="38.839508"><ele>94.8</ele><time>2022-08-06T13:46:11Z</time></trkpt><trkpt lat="58.054293" lon="38.839643"><ele>94.7</ele><time>2022-08-06T13:46:14Z</time></trkpt><trkpt lat="58.054248" lon="38.839777"><ele>95.6</ele><time>2022-08-06T13:46:17Z</time></trkpt><trkpt lat="58.054208" lon="38.839905"><ele>95.5</ele><time>2022-08-06T13:46:20Z</time></trkpt><trkpt lat="58.054135" lon="38.840045"><ele>95.2</ele><time>2022-08-06T13:46:23Z</time></trkpt><trkpt lat="58.054083" lon="38.840155"><ele>95.9</ele><time>2022-08-06T13:46:25Z</time></trkpt><trkpt lat="58.054058" lon="38.840288"><ele>95.6</ele><time>2022-08-06T13:46:27Z</time></trkpt><trkpt lat="58.054028" lon="38.840418"><ele>96.0</ele><time>2022-08-06T13:46:29Z</time></trkpt><trkpt lat="58.053968" lon="38.840583"><ele>95.9</ele><time>2022-08-06T13:46:32Z</time></trkpt><trkpt lat="58.053928" lon="38.840697"><ele>95.9</ele><time>2022-08-06T13:46:34Z</time></trkpt><trkpt lat="58.053888" lon="38.840815"><ele>95.3</ele><time>2022-08-06T13:46:36Z</time></trkpt><trkpt lat="58.05382" lon="38.840967"><ele>95.4</ele><time>2022-08-06T13:46:39Z</time></trkpt><trkpt lat="58.053775" lon="38.841082"><ele>95.3</ele><time>2022-08-06T13:46:41Z</time></trkpt><trkpt lat="58.053718" lon="38.841245"><ele>95.9</ele><time>2022-08-06T13:46:44Z</time></trkpt><trkpt lat="58.053663" lon="38.841397"><ele>96.3</ele><time>2022-08-06T13:46:47Z</time></trkpt><trkpt lat="58.053613" lon="38.841547"><ele>96.8</ele><time>2022-08-06T13:46:50Z</time></trkpt><trkpt lat="58.053562" lon="38.841707"><ele>96.6</ele><time>2022-08-06T13:46:53Z</time></trkpt><trkpt lat="58.053523" lon="38.841827"><ele>96.1</ele><time>2022-08-06T13:46:55Z</time></trkpt><trkpt lat="58.053473" lon="38.841993"><ele>95.0</ele><time>2022-08-06T13:46:58Z</time></trkpt><trkpt lat="58.053437" lon="38.84214"><ele>94.2</ele><time>2022-08-06T13:47:01Z</time></trkpt><trkpt lat="58.053398" lon="38.842298"><ele>95.0</ele><time>2022-08-06T13:47:04Z</time></trkpt><trkpt lat="58.053347" lon="38.842462"><ele>94.1</ele><time>2022-08-06T13:47:07Z</time></trkpt><trkpt lat="58.053308" lon="38.84258"><ele>94.3</ele><time>2022-08-06T13:47:09Z</time></trkpt><trkpt lat="58.05327" lon="38.842705"><ele>94.0</ele><time>2022-08-06T13:47:11Z</time></trkpt><trkpt lat="58.053233" lon="38.842828"><ele>93.6</ele><time>2022-08-06T13:47:13Z</time></trkpt><trkpt lat="58.053192" lon="38.842948"><ele>93.6</ele><time>2022-08-06T13:47:15Z</time></trkpt><trkpt lat="58.053132" lon="38.843113"><ele>94.3</ele><time>2022-08-06T13:47:18Z</time></trkpt><trkpt lat="58.053077" lon="38.843275"><ele>94.8</ele><time>2022-08-06T13:47:21Z</time></trkpt><trkpt lat="58.05302" lon="38.843427"><ele>94.3</ele><time>2022-08-06T13:47:24Z</time></trkpt><trkpt lat="58.052963" lon="38.843568"><ele>94.3</ele><time>2022-08-06T13:47:27Z</time></trkpt><trkpt lat="58.052912" lon="38.843723"><ele>94.6</ele><time>2022-08-06T13:47:30Z</time></trkpt><trkpt lat="58.052857" lon="38.84388"><ele>94.7</ele><time>2022-08-06T13:47:33Z</time></trkpt><trkpt lat="58.0528" lon="38.844037"><ele>94.5</ele><time>2022-08-06T13:47:36Z</time></trkpt><trkpt lat="58.052747" lon="38.844197"><ele>94.7</ele><time>2022-08-06T13:47:39Z</time></trkpt><trkpt lat="58.0527" lon="38.844327"><ele>94.4</ele><time>2022-08-06T13:47:42Z</time></trkpt><trkpt lat="58.052642" lon="38.84448"><ele>94.1</ele><time>2022-08-06T13:47:46Z</time></trkpt><trkpt lat="58.052587" lon="38.844628"><ele>94.4</ele><time>2022-08-06T13:47:49Z</time></trkpt><trkpt lat="58.052543" lon="38.844782"><ele>94.4</ele><time>2022-08-06T13:47:52Z</time></trkpt><trkpt lat="58.0525" lon="38.844925"><ele>94.5</ele><time>2022-08-06T13:47:55Z</time></trkpt><trkpt lat="58.052468" lon="38.845053"><ele>95.3</ele><time>2022-08-06T13:47:58Z</time></trkpt><trkpt lat="58.052437" lon="38.845238"><ele>94.3</ele><time>2022-08-06T13:48:01Z</time></trkpt><trkpt lat="58.05241" lon="38.845383"><ele>93.7</ele><time>2022-08-06T13:48:03Z</time></trkpt><trkpt lat="58.052383" lon="38.845543"><ele>93.8</ele><time>2022-08-06T13:48:05Z</time></trkpt><trkpt lat="58.052368" lon="38.84573"><ele>93.8</ele><time>2022-08-06T13:48:07Z</time></trkpt><trkpt lat="58.052342" lon="38.845897"><ele>93.3</ele><time>2022-08-06T13:48:09Z</time></trkpt><trkpt lat="58.052313" lon="38.846048"><ele>94.1</ele><time>2022-08-06T13:48:11Z</time></trkpt><trkpt lat="58.052258" lon="38.846205"><ele>94.3</ele><time>2022-08-06T13:48:14Z</time></trkpt><trkpt lat="58.052215" lon="38.846357"><ele>93.7</ele><time>2022-08-06T13:48:17Z</time></trkpt><trkpt lat="58.05219" lon="38.846507"><ele>93.3</ele><time>2022-08-06T13:48:20Z</time></trkpt><trkpt lat="58.052147" lon="38.846667"><ele>93.8</ele><time>2022-08-06T13:48:23Z</time></trkpt><trkpt lat="58.052098" lon="38.846842"><ele>93.2</ele><time>2022-08-06T13:48:26Z</time></trkpt><trkpt lat="58.052048" lon="38.847002"><ele>93.6</ele><time>2022-08-06T13:48:29Z</time></trkpt><trkpt lat="58.052007" lon="38.847173"><ele>93.6</ele><time>2022-08-06T13:48:32Z</time></trkpt><trkpt lat="58.051968" lon="38.847353"><ele>93.3</ele><time>2022-08-06T13:48:35Z</time></trkpt><trkpt lat="58.051928" lon="38.847513"><ele>92.8</ele><time>2022-08-06T13:48:38Z</time></trkpt><trkpt lat="58.051895" lon="38.847692"><ele>93.2</ele><time>2022-08-06T13:48:41Z</time></trkpt><trkpt lat="58.051863" lon="38.847868"><ele>93.0</ele><time>2022-08-06T13:48:44Z</time></trkpt><trkpt lat="58.051838" lon="38.84802"><ele>93.5</ele><time>2022-08-06T13:48:47Z</time></trkpt><trkpt lat="58.05182" lon="38.848162"><ele>94.2</ele><time>2022-08-06T13:48:50Z</time></trkpt><trkpt lat="58.051797" lon="38.84834"><ele>93.7</ele><time>2022-08-06T13:48:54Z</time></trkpt><trkpt lat="58.051772" lon="38.84848"><ele>94.6</ele><time>2022-08-06T13:48:57Z</time></trkpt><trkpt lat="58.051758" lon="38.848628"><ele>94.1</ele><time>2022-08-06T13:49:00Z</time></trkpt><trkpt lat="58.051738" lon="38.848785"><ele>93.0</ele><time>2022-08-06T13:49:03Z</time></trkpt><trkpt lat="58.051683" lon="38.848952"><ele>93.3</ele><time>2022-08-06T13:49:06Z</time></trkpt><trkpt lat="58.051642" lon="38.84912"><ele>93.5</ele><time>2022-08-06T13:49:09Z</time></trkpt><trkpt lat="58.051603" lon="38.849288"><ele>92.9</ele><time>2022-08-06T13:49:12Z</time></trkpt><trkpt lat="58.051548" lon="38.849445"><ele>93.3</ele><time>2022-08-06T13:49:15Z</time></trkpt><trkpt lat="58.051465" lon="38.849565"><ele>93.7</ele><time>2022-08-06T13:49:18Z</time></trkpt><trkpt lat="58.051405" lon="38.84972"><ele>94.2</ele><time>2022-08-06T13:49:21Z</time></trkpt><trkpt lat="58.051355" lon="38.849897"><ele>94.3</ele><time>2022-08-06T13:49:24Z</time></trkpt><trkpt lat="58.051322" lon="38.850022"><ele>94.1</ele><time>2022-08-06T13:49:26Z</time></trkpt><trkpt lat="58.051288" lon="38.8502"><ele>94.1</ele><time>2022-08-06T13:49:29Z</time></trkpt><trkpt lat="58.051257" lon="38.850353"><ele>93.7</ele><time>2022-08-06T13:49:32Z</time></trkpt><trkpt lat="58.051207" lon="38.850485"><ele>94.0</ele><time>2022-08-06T13:49:35Z</time></trkpt><trkpt lat="58.051148" lon="38.850627"><ele>94.5</ele><time>2022-08-06T13:49:38Z</time></trkpt><trkpt lat="58.051085" lon="38.850763"><ele>94.9</ele><time>2022-08-06T13:49:41Z</time></trkpt><trkpt lat="58.051035" lon="38.850898"><ele>95.2</ele><time>2022-08-06T13:49:44Z</time></trkpt><trkpt lat="58.051003" lon="38.851035"><ele>95.2</ele><time>2022-08-06T13:49:47Z</time></trkpt><trkpt lat="58.050963" lon="38.851188"><ele>94.9</ele><time>2022-08-06T13:49:50Z</time></trkpt><trkpt lat="58.050928" lon="38.851317"><ele>95.1</ele><time>2022-08-06T13:49:53Z</time></trkpt><trkpt lat="58.050877" lon="38.851437"><ele>95.1</ele><time>2022-08-06T13:49:56Z</time></trkpt><trkpt lat="58.050805" lon="38.851585"><ele>95.2</ele><time>2022-08-06T13:49:59Z</time></trkpt><trkpt lat="58.050742" lon="38.85175"><ele>95.5</ele><time>2022-08-06T13:50:02Z</time></trkpt><trkpt lat="58.050702" lon="38.851872"><ele>96.5</ele><time>2022-08-06T13:50:04Z</time></trkpt><trkpt lat="58.050667" lon="38.851992"><ele>96.4</ele><time>2022-08-06T13:50:06Z</time></trkpt><trkpt lat="58.050608" lon="38.852157"><ele>96.8</ele><time>2022-08-06T13:50:09Z</time></trkpt><trkpt lat="58.050565" lon="38.852317"><ele>97.2</ele><time>2022-08-06T13:50:12Z</time></trkpt><trkpt lat="58.050528" lon="38.852433"><ele>97.9</ele><time>2022-08-06T13:50:15Z</time></trkpt><trkpt lat="58.050475" lon="38.852565"><ele>99.1</ele><time>2022-08-06T13:50:19Z</time></trkpt><trkpt lat="58.050435" lon="38.852692"><ele>100.1</ele><time>2022-08-06T13:50:22Z</time></trkpt><trkpt lat="58.050385" lon="38.85283"><ele>99.7</ele><time>2022-08-06T13:50:25Z</time></trkpt><trkpt lat="58.050327" lon="38.852935"><ele>100.4</ele><time>2022-08-06T13:50:28Z</time></trkpt><trkpt lat="58.0503" lon="38.853062"><ele>99.6</ele><time>2022-08-06T13:50:31Z</time></trkpt><trkpt lat="58.050278" lon="38.8532"><ele>99.2</ele><time>2022-08-06T13:50:34Z</time></trkpt><trkpt lat="58.050238" lon="38.853327"><ele>99.0</ele><time>2022-08-06T13:50:37Z</time></trkpt><trkpt lat="58.050215" lon="38.853455"><ele>99.2</ele><time>2022-08-06T13:50:40Z</time></trkpt><trkpt lat="58.050203" lon="38.853602"><ele>98.5</ele><time>2022-08-06T13:50:44Z</time></trkpt><trkpt lat="58.050173" lon="38.853753"><ele>98.7</ele><time>2022-08-06T13:50:49Z</time></trkpt><trkpt lat="58.05015" lon="38.85389"><ele>98.4</ele><time>2022-08-06T13:50:53Z</time></trkpt><trkpt lat="58.050108" lon="38.854028"><ele>98.4</ele><time>2022-08-06T13:50:57Z</time></trkpt><trkpt lat="58.050063" lon="38.854175"><ele>97.7</ele><time>2022-08-06T13:51:02Z</time></trkpt><trkpt lat="58.050042" lon="38.854338"><ele>98.6</ele><time>2022-08-06T13:51:05Z</time></trkpt><trkpt lat="58.050035" lon="38.854493"><ele>98.4</ele><time>2022-08-06T13:51:08Z</time></trkpt><trkpt lat="58.050018" lon="38.854673"><ele>99.0</ele><time>2022-08-06T13:51:12Z</time></trkpt><trkpt lat="58.049998" lon="38.85485"><ele>98.8</ele><time>2022-08-06T13:51:15Z</time></trkpt><trkpt lat="58.050007" lon="38.855027"><ele>98.8</ele><time>2022-08-06T13:51:18Z</time></trkpt><trkpt lat="58.049988" lon="38.85522"><ele>97.9</ele><time>2022-08-06T13:51:21Z</time></trkpt><trkpt lat="58.049942" lon="38.855375"><ele>96.9</ele><time>2022-08-06T13:51:24Z</time></trkpt><trkpt lat="58.049897" lon="38.855528"><ele>97.0</ele><time>2022-08-06T13:51:27Z</time></trkpt><trkpt lat="58.049855" lon="38.855675"><ele>96.6</ele><time>2022-08-06T13:51:30Z</time></trkpt><trkpt lat="58.049808" lon="38.855818"><ele>96.7</ele><time>2022-08-06T13:51:33Z</time></trkpt><trkpt lat="58.049777" lon="38.856005"><ele>96.9</ele><time>2022-08-06T13:51:36Z</time></trkpt><trkpt lat="58.04976" lon="38.856138"><ele>96.1</ele><time>2022-08-06T13:51:38Z</time></trkpt><trkpt lat="58.049737" lon="38.856318"><ele>95.7</ele><time>2022-08-06T13:51:41Z</time></trkpt><trkpt lat="58.0497" lon="38.85649"><ele>94.6</ele><time>2022-08-06T13:51:44Z</time></trkpt><trkpt lat="58.049672" lon="38.856647"><ele>94.1</ele><time>2022-08-06T13:51:47Z</time></trkpt><trkpt lat="58.049637" lon="38.856802"><ele>94.6</ele><time>2022-08-06T13:51:50Z</time></trkpt><trkpt lat="58.049605" lon="38.856953"><ele>95.7</ele><time>2022-08-06T13:51:53Z</time></trkpt><trkpt lat="58.049595" lon="38.857122"><ele>96.6</ele><time>2022-08-06T13:51:56Z</time></trkpt><trkpt lat="58.049537" lon="38.85726"><ele>97.8</ele><time>2022-08-06T13:51:59Z</time></trkpt><trkpt lat="58.049492" lon="38.85737"><ele>98.5</ele><time>2022-08-06T13:52:01Z</time></trkpt><trkpt lat="58.04943" lon="38.857503"><ele>98.6</ele><time>2022-08-06T13:52:03Z</time></trkpt><trkpt lat="58.049375" lon="38.857627"><ele>99.4</ele><time>2022-08-06T13:52:05Z</time></trkpt><trkpt lat="58.049332" lon="38.857747"><ele>99.7</ele><time>2022-08-06T13:52:07Z</time></trkpt><trkpt lat="58.049282" lon="38.8579"><ele>100.0</ele><time>2022-08-06T13:52:10Z</time></trkpt><trkpt lat="58.049237" lon="38.858018"><ele>100.4</ele><time>2022-08-06T13:52:12Z</time></trkpt><trkpt lat="58.049178" lon="38.858197"><ele>101.3</ele><time>2022-08-06T13:52:15Z</time></trkpt><trkpt lat="58.04914" lon="38.85832"><ele>101.2</ele><time>2022-08-06T13:52:17Z</time></trkpt><trkpt lat="58.049107" lon="38.85846"><ele>101.8</ele><time>2022-08-06T13:52:19Z</time></trkpt><trkpt lat="58.049058" lon="38.858582"><ele>102.1</ele><time>2022-08-06T13:52:21Z</time></trkpt><trkpt lat="58.048993" lon="38.858673"><ele>101.7</ele><time>2022-08-06T13:52:25Z</time></trkpt><trkpt lat="58.048948" lon="38.858778"><ele>102.3</ele><time>2022-08-06T13:52:33Z</time></trkpt><trkpt lat="58.048925" lon="38.858925"><ele>101.5</ele><time>2022-08-06T13:52:36Z</time></trkpt><trkpt lat="58.048907" lon="38.859077"><ele>101.3</ele><time>2022-08-06T13:52:39Z</time></trkpt><trkpt lat="58.048875" lon="38.859245"><ele>100.2</ele><time>2022-08-06T13:52:43Z</time></trkpt><trkpt lat="58.048845" lon="38.859377"><ele>100.2</ele><time>2022-08-06T13:52:46Z</time></trkpt><trkpt lat="58.048807" lon="38.859522"><ele>100.4</ele><time>2022-08-06T13:52:49Z</time></trkpt><trkpt lat="58.048755" lon="38.859685"><ele>100.1</ele><time>2022-08-06T13:52:52Z</time></trkpt><trkpt lat="58.048717" lon="38.859852"><ele>99.8</ele><time>2022-08-06T13:52:55Z</time></trkpt><trkpt lat="58.04869" lon="38.860012"><ele>100.6</ele><time>2022-08-06T13:52:59Z</time></trkpt><trkpt lat="58.048632" lon="38.860128"><ele>100.2</ele><time>2022-08-06T13:53:04Z</time></trkpt><trkpt lat="58.048558" lon="38.860073"><ele>100.9</ele><time>2022-08-06T13:53:08Z</time></trkpt><trkpt lat="58.048495" lon="38.859998"><ele>102.0</ele><time>2022-08-06T13:53:12Z</time></trkpt><trkpt lat="58.048432" lon="38.859922"><ele>102.4</ele><time>2022-08-06T13:53:19Z</time></trkpt><trkpt lat="58.048387" lon="38.8598"><ele>101.8</ele><time>2022-08-06T13:53:23Z</time></trkpt><trkpt lat="58.048337" lon="38.85966"><ele>102.6</ele><time>2022-08-06T13:53:27Z</time></trkpt><trkpt lat="58.048275" lon="38.859553"><ele>102.3</ele><time>2022-08-06T13:53:32Z</time></trkpt><trkpt lat="58.048215" lon="38.859458"><ele>102.2</ele><time>2022-08-06T13:53:36Z</time></trkpt><trkpt lat="58.048152" lon="38.859352"><ele>102.2</ele><time>2022-08-06T13:53:40Z</time></trkpt><trkpt lat="58.048125" lon="38.859222"><ele>102.2</ele><time>2022-08-06T13:53:43Z</time></trkpt><trkpt lat="58.048102" lon="38.859088"><ele>102.2</ele><time>2022-08-06T13:53:46Z</time></trkpt><trkpt lat="58.048027" lon="38.859062"><ele>102.1</ele><time>2022-08-06T13:53:50Z</time></trkpt><trkpt lat="58.047975" lon="38.859172"><ele>102.4</ele><time>2022-08-06T13:53:53Z</time></trkpt><trkpt lat="58.047945" lon="38.85934"><ele>102.7</ele><time>2022-08-06T13:53:56Z</time></trkpt><trkpt lat="58.047927" lon="38.85949"><ele>102.3</ele><time>2022-08-06T13:53:59Z</time></trkpt><trkpt lat="58.047947" lon="38.85966"><ele>102.7</ele><time>2022-08-06T13:54:03Z</time></trkpt><trkpt lat="58.048017" lon="38.85977"><ele>102.6</ele><time>2022-08-06T13:54:07Z</time></trkpt><trkpt lat="58.048122" lon="38.859828"><ele>103.0</ele><time>2022-08-06T13:54:10Z</time></trkpt><trkpt lat="58.048218" lon="38.859897"><ele>103.1</ele><time>2022-08-06T13:54:13Z</time></trkpt><trkpt lat="58.0483" lon="38.859965"><ele>103.2</ele><time>2022-08-06T13:54:16Z</time></trkpt><trkpt lat="58.04838" lon="38.860002"><ele>103.3</ele><time>2022-08-06T13:54:19Z</time></trkpt><trkpt lat="58.048455" lon="38.860038"><ele>103.3</ele><time>2022-08-06T13:54:22Z</time></trkpt><trkpt lat="58.048527" lon="38.860113"><ele>103.8</ele><time>2022-08-06T13:54:25Z</time></trkpt><trkpt lat="58.04861" lon="38.860178"><ele>104.1</ele><time>2022-08-06T13:54:28Z</time></trkpt><trkpt lat="58.048695" lon="38.860222"><ele>105.1</ele><time>2022-08-06T13:54:31Z</time></trkpt><trkpt lat="58.048768" lon="38.860268"><ele>104.5</ele><time>2022-08-06T13:54:34Z</time></trkpt><trkpt lat="58.048852" lon="38.860325"><ele>105.2</ele><time>2022-08-06T13:54:40Z</time></trkpt><trkpt lat="58.048925" lon="38.860378"><ele>105.8</ele><time>2022-08-06T13:54:43Z</time></trkpt><trkpt lat="58.049007" lon="38.860445"><ele>105.0</ele><time>2022-08-06T13:54:47Z</time></trkpt><trkpt lat="58.049078" lon="38.860497"><ele>105.5</ele><time>2022-08-06T13:54:50Z</time></trkpt><trkpt lat="58.049163" lon="38.860558"><ele>105.4</ele><time>2022-08-06T13:54:54Z</time></trkpt><trkpt lat="58.049248" lon="38.860608"><ele>106.6</ele><time>2022-08-06T13:54:57Z</time></trkpt><trkpt lat="58.049335" lon="38.860663"><ele>107.0</ele><time>2022-08-06T13:55:00Z</time></trkpt><trkpt lat="58.04941" lon="38.860718"><ele>107.1</ele><time>2022-08-06T13:55:03Z</time></trkpt><trkpt lat="58.049478" lon="38.860765"><ele>107.2</ele><time>2022-08-06T13:55:06Z</time></trkpt><trkpt lat="58.049568" lon="38.860815"><ele>105.4</ele><time>2022-08-06T13:55:10Z</time></trkpt><trkpt lat="58.049638" lon="38.860863"><ele>102.6</ele><time>2022-08-06T13:55:13Z</time></trkpt><trkpt lat="58.049722" lon="38.860928"><ele>103.9</ele><time>2022-08-06T13:55:17Z</time></trkpt><trkpt lat="58.04981" lon="38.860953"><ele>103.6</ele><time>2022-08-06T13:55:21Z</time></trkpt><trkpt lat="58.049883" lon="38.861"><ele>103.9</ele><time>2022-08-06T13:55:24Z</time></trkpt><trkpt lat="58.049957" lon="38.861058"><ele>103.6</ele><time>2022-08-06T13:55:27Z</time></trkpt><trkpt lat="58.050037" lon="38.861108"><ele>102.8</ele><time>2022-08-06T13:55:31Z</time></trkpt><trkpt lat="58.050118" lon="38.861157"><ele>101.6</ele><time>2022-08-06T13:55:35Z</time></trkpt><trkpt lat="58.050197" lon="38.86121"><ele>100.5</ele><time>2022-08-06T13:55:39Z</time></trkpt><trkpt lat="58.050278" lon="38.861277"><ele>103.7</ele><time>2022-08-06T13:55:43Z</time></trkpt><trkpt lat="58.050347" lon="38.86133"><ele>103.7</ele><time>2022-08-06T13:55:46Z</time></trkpt><trkpt lat="58.050423" lon="38.861378"><ele>102.5</ele><time>2022-08-06T13:55:49Z</time></trkpt><trkpt lat="58.050515" lon="38.861428"><ele>102.8</ele><time>2022-08-06T13:55:52Z</time></trkpt><trkpt lat="58.050605" lon="38.861488"><ele>102.9</ele><time>2022-08-06T13:55:55Z</time></trkpt><trkpt lat="58.0507" lon="38.86155"><ele>104.1</ele><time>2022-08-06T13:55:58Z</time></trkpt><trkpt lat="58.050802" lon="38.861613"><ele>104.5</ele><time>2022-08-06T13:56:01Z</time></trkpt><trkpt lat="58.050892" lon="38.861682"><ele>103.9</ele><time>2022-08-06T13:56:04Z</time></trkpt><trkpt lat="58.050975" lon="38.861732"><ele>102.3</ele><time>2022-08-06T13:56:07Z</time></trkpt><trkpt lat="58.051058" lon="38.861797"><ele>101.9</ele><time>2022-08-06T13:56:10Z</time></trkpt><trkpt lat="58.051145" lon="38.86185"><ele>101.5</ele><time>2022-08-06T13:56:13Z</time></trkpt><trkpt lat="58.051218" lon="38.8619"><ele>102.2</ele><time>2022-08-06T13:56:16Z</time></trkpt><trkpt lat="58.051288" lon="38.861948"><ele>101.0</ele><time>2022-08-06T13:56:19Z</time></trkpt><trkpt lat="58.051368" lon="38.862005"><ele>100.8</ele><time>2022-08-06T13:56:22Z</time></trkpt><trkpt lat="58.051463" lon="38.862062"><ele>101.0</ele><time>2022-08-06T13:56:25Z</time></trkpt><trkpt lat="58.051555" lon="38.862112"><ele>99.2</ele><time>2022-08-06T13:56:28Z</time></trkpt><trkpt lat="58.051633" lon="38.862175"><ele>100.2</ele><time>2022-08-06T13:56:31Z</time></trkpt><trkpt lat="58.051712" lon="38.86224"><ele>102.4</ele><time>2022-08-06T13:56:35Z</time></trkpt><trkpt lat="58.051788" lon="38.862293"><ele>102.3</ele><time>2022-08-06T13:56:39Z</time></trkpt><trkpt lat="58.051862" lon="38.862345"><ele>103.5</ele><time>2022-08-06T13:56:42Z</time></trkpt><trkpt lat="58.051937" lon="38.862403"><ele>103.0</ele><time>2022-08-06T13:56:45Z</time></trkpt><trkpt lat="58.052017" lon="38.86247"><ele>104.5</ele><time>2022-08-06T13:56:48Z</time></trkpt><trkpt lat="58.052095" lon="38.862527"><ele>106.0</ele><time>2022-08-06T13:56:51Z</time></trkpt><trkpt lat="58.052177" lon="38.862563"><ele>104.8</ele><time>2022-08-06T13:56:54Z</time></trkpt><trkpt lat="58.052258" lon="38.862613"><ele>105.0</ele><time>2022-08-06T13:56:57Z</time></trkpt><trkpt lat="58.052342" lon="38.862667"><ele>104.2</ele><time>2022-08-06T13:57:00Z</time></trkpt><trkpt lat="58.052425" lon="38.862723"><ele>102.7</ele><time>2022-08-06T13:57:03Z</time></trkpt><trkpt lat="58.052522" lon="38.862797"><ele>103.1</ele><time>2022-08-06T13:57:06Z</time></trkpt><trkpt lat="58.052623" lon="38.862865"><ele>103.0</ele><time>2022-08-06T13:57:09Z</time></trkpt><trkpt lat="58.052718" lon="38.862923"><ele>103.4</ele><time>2022-08-06T13:57:12Z</time></trkpt><trkpt lat="58.052793" lon="38.862975"><ele>101.0</ele><time>2022-08-06T13:57:15Z</time></trkpt><trkpt lat="58.052873" lon="38.86302"><ele>100.9</ele><time>2022-08-06T13:57:18Z</time></trkpt><trkpt lat="58.052952" lon="38.863075"><ele>100.1</ele><time>2022-08-06T13:57:21Z</time></trkpt><trkpt lat="58.053033" lon="38.863128"><ele>100.5</ele><time>2022-08-06T13:57:24Z</time></trkpt><trkpt lat="58.053103" lon="38.863173"><ele>101.6</ele><time>2022-08-06T13:57:28Z</time></trkpt><trkpt lat="58.05317" lon="38.863222"><ele>103.2</ele><time>2022-08-06T13:57:36Z</time></trkpt><trkpt lat="58.053258" lon="38.863285"><ele>102.6</ele><time>2022-08-06T13:57:40Z</time></trkpt><trkpt lat="58.053352" lon="38.863345"><ele>102.8</ele><time>2022-08-06T13:57:43Z</time></trkpt><trkpt lat="58.053445" lon="38.863412"><ele>102.8</ele><time>2022-08-06T13:57:46Z</time></trkpt><trkpt lat="58.053528" lon="38.863472"><ele>102.2</ele><time>2022-08-06T13:57:49Z</time></trkpt><trkpt lat="58.053618" lon="38.863517"><ele>101.2</ele><time>2022-08-06T13:57:53Z</time></trkpt><trkpt lat="58.053707" lon="38.863577"><ele>99.8</ele><time>2022-08-06T13:57:57Z</time></trkpt><trkpt lat="58.053797" lon="38.863635"><ele>100.6</ele><time>2022-08-06T13:58:00Z</time></trkpt><trkpt lat="58.053892" lon="38.863695"><ele>101.4</ele><time>2022-08-06T13:58:03Z</time></trkpt><trkpt lat="58.053982" lon="38.86376"><ele>101.4</ele><time>2022-08-06T13:58:06Z</time></trkpt><trkpt lat="58.05405" lon="38.8638"><ele>102.6</ele><time>2022-08-06T13:58:08Z</time></trkpt><trkpt lat="58.054118" lon="38.863848"><ele>101.8</ele><time>2022-08-06T13:58:10Z</time></trkpt><trkpt lat="58.054187" lon="38.863893"><ele>102.5</ele><time>2022-08-06T13:58:12Z</time></trkpt><trkpt lat="58.054288" lon="38.863943"><ele>103.3</ele><time>2022-08-06T13:58:15Z</time></trkpt><trkpt lat="58.054377" lon="38.863983"><ele>101.8</ele><time>2022-08-06T13:58:18Z</time></trkpt><trkpt lat="58.054445" lon="38.864035"><ele>101.2</ele><time>2022-08-06T13:58:21Z</time></trkpt><trkpt lat="58.054522" lon="38.864117"><ele>101.5</ele><time>2022-08-06T13:58:24Z</time></trkpt><trkpt lat="58.054598" lon="38.86416"><ele>102.5</ele><time>2022-08-06T13:58:27Z</time></trkpt><trkpt lat="58.05468" lon="38.864228"><ele>102.5</ele><time>2022-08-06T13:58:30Z</time></trkpt><trkpt lat="58.054753" lon="38.864263"><ele>102.8</ele><time>2022-08-06T13:58:32Z</time></trkpt><trkpt lat="58.054837" lon="38.864298"><ele>102.1</ele><time>2022-08-06T13:58:34Z</time></trkpt><trkpt lat="58.05492" lon="38.864343"><ele>101.8</ele><time>2022-08-06T13:58:36Z</time></trkpt><trkpt lat="58.054997" lon="38.864392"><ele>101.1</ele><time>2022-08-06T13:58:38Z</time></trkpt><trkpt lat="58.055072" lon="38.864438"><ele>101.1</ele><time>2022-08-06T13:58:40Z</time></trkpt><trkpt lat="58.055143" lon="38.864488"><ele>101.4</ele><time>2022-08-06T13:58:42Z</time></trkpt><trkpt lat="58.055213" lon="38.864535"><ele>100.1</ele><time>2022-08-06T13:58:44Z</time></trkpt><trkpt lat="58.055287" lon="38.864582"><ele>100.7</ele><time>2022-08-06T13:58:46Z</time></trkpt><trkpt lat="58.055358" lon="38.86463"><ele>101.0</ele><time>2022-08-06T13:58:48Z</time></trkpt><trkpt lat="58.055453" lon="38.864697"><ele>100.8</ele><time>2022-08-06T13:58:51Z</time></trkpt><trkpt lat="58.05553" lon="38.86476"><ele>100.2</ele><time>2022-08-06T13:58:54Z</time></trkpt><trkpt lat="58.055603" lon="38.864795"><ele>100.2</ele><time>2022-08-06T13:58:57Z</time></trkpt><trkpt lat="58.055685" lon="38.864852"><ele>101.4</ele><time>2022-08-06T13:59:18Z</time></trkpt><trkpt lat="58.05577" lon="38.864972"><ele>102.6</ele><time>2022-08-06T13:59:21Z</time></trkpt><trkpt lat="58.055838" lon="38.865102"><ele>102.2</ele><time>2022-08-06T13:59:24Z</time></trkpt><trkpt lat="58.055853" lon="38.865253"><ele>100.8</ele><time>2022-08-06T13:59:30Z</time></trkpt><trkpt lat="58.055833" lon="38.865385"><ele>100.3</ele><time>2022-08-06T13:59:35Z</time></trkpt><trkpt lat="58.055833" lon="38.865533"><ele>101.2</ele><time>2022-08-06T14:00:08Z</time></trkpt><trkpt lat="58.055815" lon="38.865682"><ele>102.0</ele><time>2022-08-06T14:00:14Z</time></trkpt><trkpt lat="58.055795" lon="38.86583"><ele>102.3</ele><time>2022-08-06T14:00:20Z</time></trkpt><trkpt lat="58.055845" lon="38.865943"><ele>101.4</ele><time>2022-08-06T14:00:27Z</time></trkpt><trkpt lat="58.055892" lon="38.866065"><ele>101.9</ele><time>2022-08-06T14:00:34Z</time></trkpt><trkpt lat="58.055947" lon="38.866163"><ele>102.7</ele><time>2022-08-06T14:00:40Z</time></trkpt><trkpt lat="58.055988" lon="38.866278"><ele>103.4</ele><time>2022-08-06T14:00:47Z</time></trkpt><trkpt lat="58.05604" lon="38.866398"><ele>103.7</ele><time>2022-08-06T14:00:54Z</time></trkpt><trkpt lat="58.056077" lon="38.866517"><ele>104.4</ele><time>2022-08-06T14:01:00Z</time></trkpt><trkpt lat="58.056077" lon="38.866672"><ele>105.2</ele><time>2022-08-06T14:02:38Z</time></trkpt><trkpt lat="58.056013" lon="38.86658"><ele>104.2</ele><time>2022-08-06T14:02:47Z</time></trkpt><trkpt lat="58.056047" lon="38.866445"><ele>100.4</ele><time>2022-08-06T14:03:14Z</time></trkpt><trkpt lat="58.056163" lon="38.866263"><ele>99.9</ele><time>2022-08-06T14:03:34Z</time></trkpt><trkpt lat="58.056012" lon="38.866482"><ele>102.6</ele><time>2022-08-06T14:03:44Z</time></trkpt><trkpt lat="58.056075" lon="38.86663"><ele>100.7</ele><time>2022-08-06T14:03:57Z</time></trkpt><trkpt lat="58.05601" lon="38.866495"><ele>99.8</ele><time>2022-08-06T14:04:43Z</time></trkpt><trkpt lat="58.056075" lon="38.866623"><ele>99.6</ele><time>2022-08-06T14:04:56Z</time></trkpt><trkpt lat="58.056023" lon="38.866487"><ele>99.7</ele><time>2022-08-06T14:06:53Z</time></trkpt><trkpt lat="58.056063" lon="38.866598"><ele>99.6</ele><time>2022-08-06T14:06:59Z</time></trkpt><trkpt lat="58.056365" lon="38.86707"><ele>99.7</ele><time>2022-08-06T14:09:59Z</time></trkpt><trkpt lat="58.056047" lon="38.866592"><ele>99.7</ele><time>2022-08-06T14:10:03Z</time></trkpt><trkpt lat="58.056007" lon="38.86644"><ele>102.4</ele><time>2022-08-06T14:11:21Z</time></trkpt><trkpt lat="58.055958" lon="38.866318"><ele>102.0</ele><time>2022-08-06T14:11:24Z</time></trkpt><trkpt lat="58.055917" lon="38.866203"><ele>101.5</ele><time>2022-08-06T14:11:27Z</time></trkpt><trkpt lat="58.05586" lon="38.866068"><ele>101.2</ele><time>2022-08-06T14:11:33Z</time></trkpt><trkpt lat="58.055808" lon="38.865953"><ele>100.9</ele><time>2022-08-06T14:11:37Z</time></trkpt><trkpt lat="58.055772" lon="38.865822"><ele>101.0</ele><time>2022-08-06T14:11:41Z</time></trkpt><trkpt lat="58.055713" lon="38.865727"><ele>101.2</ele><time>2022-08-06T14:11:45Z</time></trkpt><trkpt lat="58.055633" lon="38.865838"><ele>100.6</ele><time>2022-08-06T14:11:50Z</time></trkpt><trkpt lat="58.055588" lon="38.865983"><ele>100.3</ele><time>2022-08-06T14:11:53Z</time></trkpt><trkpt lat="58.055555" lon="38.866135"><ele>100.3</ele><time>2022-08-06T14:11:56Z</time></trkpt><trkpt lat="58.055523" lon="38.86627"><ele>100.2</ele><time>2022-08-06T14:11:59Z</time></trkpt><trkpt lat="58.05549" lon="38.866428"><ele>100.3</ele><time>2022-08-06T14:12:03Z</time></trkpt><trkpt lat="58.055442" lon="38.866532"><ele>99.5</ele><time>2022-08-06T14:12:08Z</time></trkpt><trkpt lat="58.055368" lon="38.866428"><ele>99.2</ele><time>2022-08-06T14:12:11Z</time></trkpt><trkpt lat="58.055322" lon="38.866273"><ele>99.5</ele><time>2022-08-06T14:12:14Z</time></trkpt><trkpt lat="58.055262" lon="38.8662"><ele>99.4</ele><time>2022-08-06T14:12:16Z</time></trkpt><trkpt lat="58.055185" lon="38.866142"><ele>98.9</ele><time>2022-08-06T14:12:18Z</time></trkpt><trkpt lat="58.055113" lon="38.86609"><ele>99.0</ele><time>2022-08-06T14:12:20Z</time></trkpt><trkpt lat="58.055037" lon="38.866015"><ele>98.3</ele><time>2022-08-06T14:12:36Z</time></trkpt><trkpt lat="58.054967" lon="38.865937"><ele>99.0</ele><time>2022-08-06T14:12:39Z</time></trkpt><trkpt lat="58.054898" lon="38.865877"><ele>99.9</ele><time>2022-08-06T14:12:41Z</time></trkpt><trkpt lat="58.05483" lon="38.865815"><ele>98.8</ele><time>2022-08-06T14:12:43Z</time></trkpt><trkpt lat="58.054755" lon="38.865738"><ele>97.9</ele><time>2022-08-06T14:12:46Z</time></trkpt><trkpt lat="58.054683" lon="38.865668"><ele>97.3</ele><time>2022-08-06T14:12:49Z</time></trkpt><trkpt lat="58.05461" lon="38.865588"><ele>97.2</ele><time>2022-08-06T14:12:52Z</time></trkpt><trkpt lat="58.05452" lon="38.865527"><ele>97.2</ele><time>2022-08-06T14:12:55Z</time></trkpt><trkpt lat="58.054428" lon="38.865463"><ele>98.1</ele><time>2022-08-06T14:12:58Z</time></trkpt><trkpt lat="58.05435" lon="38.8654"><ele>97.7</ele><time>2022-08-06T14:13:01Z</time></trkpt><trkpt lat="58.054277" lon="38.865345"><ele>97.9</ele><time>2022-08-06T14:13:04Z</time></trkpt><trkpt lat="58.054202" lon="38.865265"><ele>97.7</ele><time>2022-08-06T14:13:07Z</time></trkpt><trkpt lat="58.054128" lon="38.865198"><ele>98.0</ele><time>2022-08-06T14:13:10Z</time></trkpt><trkpt lat="58.054055" lon="38.865145"><ele>97.9</ele><time>2022-08-06T14:13:13Z</time></trkpt><trkpt lat="58.05398" lon="38.86509"><ele>97.9</ele><time>2022-08-06T14:13:17Z</time></trkpt><trkpt lat="58.053977" lon="38.864918"><ele>99.5</ele><time>2022-08-06T14:13:24Z</time></trkpt><trkpt lat="58.054017" lon="38.864768"><ele>99.6</ele><time>2022-08-06T14:13:27Z</time></trkpt><trkpt lat="58.054055" lon="38.864615"><ele>99.0</ele><time>2022-08-06T14:13:30Z</time></trkpt><trkpt lat="58.054087" lon="38.864487"><ele>99.2</ele><time>2022-08-06T14:13:33Z</time></trkpt><trkpt lat="58.054115" lon="38.864357"><ele>98.6</ele><time>2022-08-06T14:13:36Z</time></trkpt><trkpt lat="58.05408" lon="38.864227"><ele>99.9</ele><time>2022-08-06T14:13:48Z</time></trkpt><trkpt lat="58.054012" lon="38.864153"><ele>99.6</ele><time>2022-08-06T14:13:51Z</time></trkpt><trkpt lat="58.053932" lon="38.864087"><ele>99.0</ele><time>2022-08-06T14:13:54Z</time></trkpt><trkpt lat="58.05386" lon="38.86403"><ele>99.0</ele><time>2022-08-06T14:13:57Z</time></trkpt><trkpt lat="58.053785" lon="38.863983"><ele>97.9</ele><time>2022-08-06T14:14:02Z</time></trkpt><trkpt lat="58.053862" lon="38.864025"><ele>97.6</ele><time>2022-08-06T14:14:16Z</time></trkpt><trkpt lat="58.053928" lon="38.864093"><ele>97.9</ele><time>2022-08-06T14:14:24Z</time></trkpt><trkpt lat="58.053872" lon="38.864182"><ele>98.1</ele><time>2022-08-06T14:14:38Z</time></trkpt><trkpt lat="58.053797" lon="38.864158"><ele>98.1</ele><time>2022-08-06T14:14:46Z</time></trkpt><trkpt lat="58.053735" lon="38.86408"><ele>97.1</ele><time>2022-08-06T14:14:56Z</time></trkpt><trkpt lat="58.053678" lon="38.863983"><ele>96.1</ele><time>2022-08-06T14:15:05Z</time></trkpt><trkpt lat="58.053607" lon="38.864035"><ele>95.6</ele><time>2022-08-06T14:17:13Z</time></trkpt><trkpt lat="58.053562" lon="38.863915"><ele>93.0</ele><time>2022-08-06T14:17:22Z</time></trkpt><trkpt lat="58.053523" lon="38.863797"><ele>91.7</ele><time>2022-08-06T14:17:32Z</time></trkpt><trkpt lat="58.0536" lon="38.863765"><ele>90.9</ele><time>2022-08-06T14:42:03Z</time></trkpt><trkpt lat="58.053668" lon="38.863703"><ele>91.5</ele><time>2022-08-06T14:42:07Z</time></trkpt><trkpt lat="58.053608" lon="38.863783"><ele>91.4</ele><time>2022-08-06T14:42:21Z</time></trkpt><trkpt lat="58.053532" lon="38.863802"><ele>90.1</ele><time>2022-08-06T14:42:27Z</time></trkpt><trkpt lat="58.05346" lon="38.863798"><ele>90.2</ele><time>2022-08-06T14:42:34Z</time></trkpt><trkpt lat="58.053528" lon="38.86384"><ele>92.2</ele><time>2022-08-06T14:45:20Z</time></trkpt><trkpt lat="58.053602" lon="38.863892"><ele>92.8</ele><time>2022-08-06T14:45:37Z</time></trkpt><trkpt lat="58.053663" lon="38.86403"><ele>93.6</ele><time>2022-08-06T14:46:23Z</time></trkpt><trkpt lat="58.053737" lon="38.864067"><ele>95.5</ele><time>2022-08-06T14:49:16Z</time></trkpt><trkpt lat="58.053807" lon="38.864115"><ele>98.1</ele><time>2022-08-06T14:49:29Z</time></trkpt><trkpt lat="58.053883" lon="38.864117"><ele>98.7</ele><time>2022-08-06T14:49:52Z</time></trkpt><trkpt lat="58.05396" lon="38.864107"><ele>98.8</ele><time>2022-08-06T14:49:59Z</time></trkpt><trkpt lat="58.054032" lon="38.864135"><ele>99.7</ele><time>2022-08-06T14:50:07Z</time></trkpt><trkpt lat="58.054087" lon="38.864"><ele>101.1</ele><time>2022-08-06T14:50:28Z</time></trkpt><trkpt lat="58.054122" lon="38.863878"><ele>101.1</ele><time>2022-08-06T14:50:30Z</time></trkpt><trkpt lat="58.054185" lon="38.863765"><ele>101.1</ele><time>2022-08-06T14:50:33Z</time></trkpt><trkpt lat="58.054282" lon="38.863732"><ele>101.1</ele><time>2022-08-06T14:50:36Z</time></trkpt><trkpt lat="58.054353" lon="38.863697"><ele>100.9</ele><time>2022-08-06T14:50:39Z</time></trkpt><trkpt lat="58.054407" lon="38.863563"><ele>100.5</ele><time>2022-08-06T14:50:43Z</time></trkpt><trkpt lat="58.054462" lon="38.863693"><ele>99.7</ele><time>2022-08-06T14:50:54Z</time></trkpt><trkpt lat="58.054543" lon="38.863688"><ele>99.6</ele><time>2022-08-06T14:50:57Z</time></trkpt><trkpt lat="58.054628" lon="38.863685"><ele>99.7</ele><time>2022-08-06T14:51:00Z</time></trkpt><trkpt lat="58.054718" lon="38.863698"><ele>99.8</ele><time>2022-08-06T14:51:03Z</time></trkpt><trkpt lat="58.054812" lon="38.863643"><ele>99.9</ele><time>2022-08-06T14:51:07Z</time></trkpt><trkpt lat="58.054912" lon="38.863678"><ele>99.5</ele><time>2022-08-06T14:51:10Z</time></trkpt><trkpt lat="58.05498" lon="38.863735"><ele>99.8</ele><time>2022-08-06T14:51:12Z</time></trkpt><trkpt lat="58.055053" lon="38.863842"><ele>99.8</ele><time>2022-08-06T14:51:15Z</time></trkpt><trkpt lat="58.055037" lon="38.864007"><ele>99.6</ele><time>2022-08-06T14:51:18Z</time></trkpt><trkpt lat="58.054993" lon="38.864152"><ele>99.8</ele><time>2022-08-06T14:51:21Z</time></trkpt><trkpt lat="58.055017" lon="38.864018"><ele>98.4</ele><time>2022-08-06T14:51:43Z</time></trkpt><trkpt lat="58.054992" lon="38.864152"><ele>96.9</ele><time>2022-08-06T14:52:41Z</time></trkpt><trkpt lat="58.055057" lon="38.864065"><ele>96.2</ele><time>2022-08-06T14:52:59Z</time></trkpt><trkpt lat="58.054983" lon="38.864118"><ele>97.4</ele><time>2022-08-06T14:54:13Z</time></trkpt><trkpt lat="58.054957" lon="38.863978"><ele>96.6</ele><time>2022-08-06T14:54:49Z</time></trkpt><trkpt lat="58.05497" lon="38.863843"><ele>97.1</ele><time>2022-08-06T14:54:57Z</time></trkpt><trkpt lat="58.054943" lon="38.863707"><ele>96.9</ele><time>2022-08-06T14:55:04Z</time></trkpt><trkpt lat="58.054885" lon="38.863622"><ele>97.2</ele><time>2022-08-06T14:55:12Z</time></trkpt><trkpt lat="58.054813" lon="38.863565"><ele>98.0</ele><time>2022-08-06T14:55:18Z</time></trkpt><trkpt lat="58.054737" lon="38.863628"><ele>97.9</ele><time>2022-08-06T14:55:26Z</time></trkpt><trkpt lat="58.054663" lon="38.863672"><ele>97.7</ele><time>2022-08-06T14:55:34Z</time></trkpt><trkpt lat="58.054587" lon="38.863718"><ele>98.4</ele><time>2022-08-06T14:55:42Z</time></trkpt><trkpt lat="58.054513" lon="38.863723"><ele>98.5</ele><time>2022-08-06T14:55:48Z</time></trkpt><trkpt lat="58.054438" lon="38.863738"><ele>98.4</ele><time>2022-08-06T14:55:56Z</time></trkpt><trkpt lat="58.05443" lon="38.863588"><ele>98.4</ele><time>2022-08-06T14:56:05Z</time></trkpt><trkpt lat="58.054437" lon="38.863442"><ele>98.9</ele><time>2022-08-06T14:56:41Z</time></trkpt><trkpt lat="58.054382" lon="38.863563"><ele>98.7</ele><time>2022-08-06T14:56:57Z</time></trkpt><trkpt lat="58.054487" lon="38.86352"><ele>98.6</ele><time>2022-08-06T14:57:01Z</time></trkpt><trkpt lat="58.054405" lon="38.863503"><ele>98.2</ele><time>2022-08-06T14:57:14Z</time></trkpt><trkpt lat="58.054355" lon="38.863608"><ele>98.4</ele><time>2022-08-06T14:59:56Z</time></trkpt><trkpt lat="58.054308" lon="38.863715"><ele>97.7</ele><time>2022-08-06T15:00:03Z</time></trkpt><trkpt lat="58.05424" lon="38.863668"><ele>97.3</ele><time>2022-08-06T15:00:11Z</time></trkpt><trkpt lat="58.05417" lon="38.86371"><ele>97.2</ele><time>2022-08-06T15:00:15Z</time></trkpt><trkpt lat="58.054122" lon="38.863818"><ele>97.7</ele><time>2022-08-06T15:00:20Z</time></trkpt><trkpt lat="58.054203" lon="38.863883"><ele>97.3</ele><time>2022-08-06T15:01:08Z</time></trkpt><trkpt lat="58.05427" lon="38.863778"><ele>97.5</ele><time>2022-08-06T15:01:49Z</time></trkpt><trkpt lat="58.054322" lon="38.863643"><ele>97.6</ele><time>2022-08-06T15:01:54Z</time></trkpt><trkpt lat="58.054363" lon="38.863527"><ele>97.9</ele><time>2022-08-06T15:01:59Z</time></trkpt><trkpt lat="58.0544" lon="38.863407"><ele>98.1</ele><time>2022-08-06T15:04:24Z</time></trkpt><trkpt lat="58.054455" lon="38.863268"><ele>97.9</ele><time>2022-08-06T15:04:32Z</time></trkpt><trkpt lat="58.054503" lon="38.863153"><ele>98.3</ele><time>2022-08-06T15:04:35Z</time></trkpt><trkpt lat="58.05455" lon="38.863015"><ele>98.2</ele><time>2022-08-06T15:04:38Z</time></trkpt><trkpt lat="58.054587" lon="38.862877"><ele>98.2</ele><time>2022-08-06T15:04:41Z</time></trkpt><trkpt lat="58.054657" lon="38.862783"><ele>98.9</ele><time>2022-08-06T15:04:45Z</time></trkpt><trkpt lat="58.054705" lon="38.862668"><ele>99.0</ele><time>2022-08-06T15:04:48Z</time></trkpt><trkpt lat="58.054743" lon="38.862543"><ele>99.1</ele><time>2022-08-06T15:04:52Z</time></trkpt><trkpt lat="58.054807" lon="38.862453"><ele>98.0</ele><time>2022-08-06T15:04:57Z</time></trkpt><trkpt lat="58.054873" lon="38.862513"><ele>97.6</ele><time>2022-08-06T15:05:00Z</time></trkpt><trkpt lat="58.054947" lon="38.862638"><ele>97.6</ele><time>2022-08-06T15:05:04Z</time></trkpt><trkpt lat="58.055002" lon="38.862768"><ele>97.6</ele><time>2022-08-06T15:05:07Z</time></trkpt><trkpt lat="58.055063" lon="38.862888"><ele>97.8</ele><time>2022-08-06T15:05:10Z</time></trkpt><trkpt lat="58.055132" lon="38.863005"><ele>97.7</ele><time>2022-08-06T15:05:13Z</time></trkpt><trkpt lat="58.055197" lon="38.863112"><ele>97.7</ele><time>2022-08-06T15:05:16Z</time></trkpt><trkpt lat="58.055262" lon="38.863202"><ele>97.8</ele><time>2022-08-06T15:05:19Z</time></trkpt><trkpt lat="58.055325" lon="38.863303"><ele>97.8</ele><time>2022-08-06T15:05:22Z</time></trkpt><trkpt lat="58.055378" lon="38.863405"><ele>97.3</ele><time>2022-08-06T15:05:25Z</time></trkpt><trkpt lat="58.055437" lon="38.86353"><ele>98.3</ele><time>2022-08-06T15:05:29Z</time></trkpt><trkpt lat="58.055497" lon="38.86367"><ele>97.9</ele><time>2022-08-06T15:05:33Z</time></trkpt><trkpt lat="58.055557" lon="38.863772"><ele>98.0</ele><time>2022-08-06T15:05:37Z</time></trkpt><trkpt lat="58.055623" lon="38.86388"><ele>98.2</ele><time>2022-08-06T15:05:41Z</time></trkpt><trkpt lat="58.055677" lon="38.864015"><ele>98.1</ele><time>2022-08-06T15:05:44Z</time></trkpt><trkpt lat="58.055715" lon="38.864172"><ele>98.1</ele><time>2022-08-06T15:05:47Z</time></trkpt><trkpt lat="58.055753" lon="38.864322"><ele>97.6</ele><time>2022-08-06T15:05:50Z</time></trkpt><trkpt lat="58.055773" lon="38.864482"><ele>97.9</ele><time>2022-08-06T15:05:53Z</time></trkpt><trkpt lat="58.05575" lon="38.86464"><ele>98.2</ele><time>2022-08-06T15:05:56Z</time></trkpt><trkpt lat="58.055692" lon="38.864783"><ele>99.1</ele><time>2022-08-06T15:05:59Z</time></trkpt><trkpt lat="58.055602" lon="38.864845"><ele>99.1</ele><time>2022-08-06T15:06:02Z</time></trkpt><trkpt lat="58.055528" lon="38.864828"><ele>99.4</ele><time>2022-08-06T15:06:04Z</time></trkpt><trkpt lat="58.055455" lon="38.864773"><ele>98.9</ele><time>2022-08-06T15:06:06Z</time></trkpt><trkpt lat="58.055385" lon="38.864698"><ele>98.7</ele><time>2022-08-06T15:06:08Z</time></trkpt><trkpt lat="58.05532" lon="38.864633"><ele>98.7</ele><time>2022-08-06T15:06:10Z</time></trkpt><trkpt lat="58.055228" lon="38.86457"><ele>98.6</ele><time>2022-08-06T15:06:13Z</time></trkpt><trkpt lat="58.055145" lon="38.864527"><ele>98.5</ele><time>2022-08-06T15:06:16Z</time></trkpt><trkpt lat="58.055068" lon="38.864468"><ele>99.0</ele><time>2022-08-06T15:06:19Z</time></trkpt><trkpt lat="58.054997" lon="38.8644"><ele>98.5</ele><time>2022-08-06T15:06:22Z</time></trkpt><trkpt lat="58.054928" lon="38.864343"><ele>98.5</ele><time>2022-08-06T15:06:25Z</time></trkpt><trkpt lat="58.054857" lon="38.864293"><ele>99.0</ele><time>2022-08-06T15:06:29Z</time></trkpt><trkpt lat="58.054772" lon="38.864223"><ele>101.2</ele><time>2022-08-06T15:06:33Z</time></trkpt><trkpt lat="58.054685" lon="38.864147"><ele>102.1</ele><time>2022-08-06T15:06:37Z</time></trkpt><trkpt lat="58.054592" lon="38.86411"><ele>103.9</ele><time>2022-08-06T15:06:41Z</time></trkpt><trkpt lat="58.054518" lon="38.8641"><ele>104.7</ele><time>2022-08-06T15:06:44Z</time></trkpt><trkpt lat="58.054423" lon="38.864058"><ele>103.9</ele><time>2022-08-06T15:06:48Z</time></trkpt><trkpt lat="58.054348" lon="38.86401"><ele>102.9</ele><time>2022-08-06T15:06:51Z</time></trkpt><trkpt lat="58.054257" lon="38.863963"><ele>103.4</ele><time>2022-08-06T15:06:55Z</time></trkpt><trkpt lat="58.054173" lon="38.863905"><ele>102.5</ele><time>2022-08-06T15:06:59Z</time></trkpt><trkpt lat="58.054095" lon="38.863847"><ele>102.7</ele><time>2022-08-06T15:07:03Z</time></trkpt><trkpt lat="58.054007" lon="38.863778"><ele>104.2</ele><time>2022-08-06T15:07:07Z</time></trkpt><trkpt lat="58.053928" lon="38.863717"><ele>104.5</ele><time>2022-08-06T15:07:10Z</time></trkpt><trkpt lat="58.053847" lon="38.863665"><ele>104.0</ele><time>2022-08-06T15:07:13Z</time></trkpt><trkpt lat="58.05377" lon="38.86362"><ele>102.9</ele><time>2022-08-06T15:07:16Z</time></trkpt><trkpt lat="58.053697" lon="38.863578"><ele>103.4</ele><time>2022-08-06T15:07:19Z</time></trkpt><trkpt lat="58.05362" lon="38.863527"><ele>103.1</ele><time>2022-08-06T15:07:22Z</time></trkpt><trkpt lat="58.053547" lon="38.863473"><ele>101.7</ele><time>2022-08-06T15:07:25Z</time></trkpt><trkpt lat="58.05346" lon="38.863415"><ele>100.6</ele><time>2022-08-06T15:07:29Z</time></trkpt><trkpt lat="58.05339" lon="38.863365"><ele>99.7</ele><time>2022-08-06T15:07:32Z</time></trkpt><trkpt lat="58.053315" lon="38.86331"><ele>99.6</ele><time>2022-08-06T15:07:35Z</time></trkpt><trkpt lat="58.053242" lon="38.863243"><ele>97.6</ele><time>2022-08-06T15:07:38Z</time></trkpt><trkpt lat="58.053155" lon="38.863188"><ele>98.2</ele><time>2022-08-06T15:07:42Z</time></trkpt><trkpt lat="58.053067" lon="38.863132"><ele>97.8</ele><time>2022-08-06T15:07:46Z</time></trkpt><trkpt lat="58.052997" lon="38.86308"><ele>98.0</ele><time>2022-08-06T15:07:49Z</time></trkpt><trkpt lat="58.052928" lon="38.86303"><ele>98.9</ele><time>2022-08-06T15:07:52Z</time></trkpt><trkpt lat="58.052857" lon="38.862968"><ele>100.2</ele><time>2022-08-06T15:07:56Z</time></trkpt><trkpt lat="58.05277" lon="38.862925"><ele>100.9</ele><time>2022-08-06T15:08:00Z</time></trkpt><trkpt lat="58.052678" lon="38.86289"><ele>100.1</ele><time>2022-08-06T15:08:04Z</time></trkpt><trkpt lat="58.052607" lon="38.862848"><ele>99.7</ele><time>2022-08-06T15:08:07Z</time></trkpt><trkpt lat="58.052532" lon="38.862785"><ele>99.3</ele><time>2022-08-06T15:08:10Z</time></trkpt><trkpt lat="58.052453" lon="38.862737"><ele>101.3</ele><time>2022-08-06T15:08:14Z</time></trkpt><trkpt lat="58.052383" lon="38.862693"><ele>101.2</ele><time>2022-08-06T15:08:17Z</time></trkpt><trkpt lat="58.052315" lon="38.862647"><ele>101.3</ele><time>2022-08-06T15:08:20Z</time></trkpt><trkpt lat="58.052243" lon="38.8626"><ele>100.0</ele><time>2022-08-06T15:08:23Z</time></trkpt><trkpt lat="58.052175" lon="38.862547"><ele>99.6</ele><time>2022-08-06T15:08:26Z</time></trkpt><trkpt lat="58.052092" lon="38.862508"><ele>100.5</ele><time>2022-08-06T15:08:30Z</time></trkpt><trkpt lat="58.052015" lon="38.862448"><ele>99.8</ele><time>2022-08-06T15:08:33Z</time></trkpt><trkpt lat="58.051932" lon="38.862383"><ele>101.2</ele><time>2022-08-06T15:08:36Z</time></trkpt><trkpt lat="58.051852" lon="38.86234"><ele>101.7</ele><time>2022-08-06T15:08:39Z</time></trkpt><trkpt lat="58.051772" lon="38.86232"><ele>102.6</ele><time>2022-08-06T15:08:42Z</time></trkpt><trkpt lat="58.051688" lon="38.862273"><ele>101.7</ele><time>2022-08-06T15:08:45Z</time></trkpt><trkpt lat="58.051608" lon="38.862203"><ele>101.5</ele><time>2022-08-06T15:08:48Z</time></trkpt><trkpt lat="58.051523" lon="38.862133"><ele>101.2</ele><time>2022-08-06T15:08:51Z</time></trkpt><trkpt lat="58.051448" lon="38.86209"><ele>100.6</ele><time>2022-08-06T15:08:54Z</time></trkpt><trkpt lat="58.05136" lon="38.862013"><ele>100.3</ele><time>2022-08-06T15:08:58Z</time></trkpt><trkpt lat="58.051282" lon="38.86195"><ele>98.0</ele><time>2022-08-06T15:09:01Z</time></trkpt><trkpt lat="58.051198" lon="38.861902"><ele>98.4</ele><time>2022-08-06T15:09:04Z</time></trkpt><trkpt lat="58.051113" lon="38.861843"><ele>98.0</ele><time>2022-08-06T15:09:07Z</time></trkpt><trkpt lat="58.051037" lon="38.86179"><ele>97.2</ele><time>2022-08-06T15:09:10Z</time></trkpt><trkpt lat="58.050965" lon="38.861735"><ele>98.9</ele><time>2022-08-06T15:09:13Z</time></trkpt><trkpt lat="58.050893" lon="38.86168"><ele>99.1</ele><time>2022-08-06T15:09:16Z</time></trkpt><trkpt lat="58.05081" lon="38.861622"><ele>99.1</ele><time>2022-08-06T15:09:19Z</time></trkpt><trkpt lat="58.050722" lon="38.861568"><ele>98.2</ele><time>2022-08-06T15:09:22Z</time></trkpt><trkpt lat="58.050632" lon="38.861522"><ele>100.0</ele><time>2022-08-06T15:09:25Z</time></trkpt><trkpt lat="58.050547" lon="38.861465"><ele>102.5</ele><time>2022-08-06T15:09:28Z</time></trkpt><trkpt lat="58.050467" lon="38.861398"><ele>101.8</ele><time>2022-08-06T15:09:31Z</time></trkpt><trkpt lat="58.05039" lon="38.861348"><ele>100.5</ele><time>2022-08-06T15:09:34Z</time></trkpt><trkpt lat="58.05032" lon="38.861303"><ele>100.9</ele><time>2022-08-06T15:09:37Z</time></trkpt><trkpt lat="58.05025" lon="38.861262"><ele>100.5</ele><time>2022-08-06T15:09:40Z</time></trkpt><trkpt lat="58.05017" lon="38.86122"><ele>99.4</ele><time>2022-08-06T15:09:43Z</time></trkpt><trkpt lat="58.050093" lon="38.861162"><ele>100.1</ele><time>2022-08-06T15:09:46Z</time></trkpt><trkpt lat="58.050008" lon="38.8611"><ele>99.4</ele><time>2022-08-06T15:09:50Z</time></trkpt><trkpt lat="58.049943" lon="38.861042"><ele>99.6</ele><time>2022-08-06T15:09:55Z</time></trkpt><trkpt lat="58.04986" lon="38.860993"><ele>97.8</ele><time>2022-08-06T15:10:03Z</time></trkpt><trkpt lat="58.049785" lon="38.860943"><ele>99.6</ele><time>2022-08-06T15:10:06Z</time></trkpt><trkpt lat="58.049713" lon="38.86091"><ele>100.6</ele><time>2022-08-06T15:10:09Z</time></trkpt><trkpt lat="58.049638" lon="38.860867"><ele>98.7</ele><time>2022-08-06T15:10:13Z</time></trkpt><trkpt lat="58.04956" lon="38.86084"><ele>100.9</ele><time>2022-08-06T15:10:17Z</time></trkpt><trkpt lat="58.049477" lon="38.860797"><ele>100.3</ele><time>2022-08-06T15:10:20Z</time></trkpt><trkpt lat="58.049393" lon="38.860745"><ele>99.0</ele><time>2022-08-06T15:10:23Z</time></trkpt><trkpt lat="58.049313" lon="38.860692"><ele>98.1</ele><time>2022-08-06T15:10:26Z</time></trkpt><trkpt lat="58.049242" lon="38.860658"><ele>97.9</ele><time>2022-08-06T15:10:30Z</time></trkpt><trkpt lat="58.049147" lon="38.860595"><ele>98.2</ele><time>2022-08-06T15:10:34Z</time></trkpt><trkpt lat="58.049068" lon="38.860543"><ele>98.1</ele><time>2022-08-06T15:10:37Z</time></trkpt><trkpt lat="58.048992" lon="38.860477"><ele>99.2</ele><time>2022-08-06T15:10:40Z</time></trkpt><trkpt lat="58.048918" lon="38.860415"><ele>99.8</ele><time>2022-08-06T15:10:43Z</time></trkpt><trkpt lat="58.048847" lon="38.860367"><ele>100.9</ele><time>2022-08-06T15:10:46Z</time></trkpt><trkpt lat="58.048768" lon="38.860308"><ele>101.5</ele><time>2022-08-06T15:10:49Z</time></trkpt><trkpt lat="58.048703" lon="38.860253"><ele>100.4</ele><time>2022-08-06T15:10:52Z</time></trkpt><trkpt lat="58.048622" lon="38.860188"><ele>99.8</ele><time>2022-08-06T15:10:55Z</time></trkpt><trkpt lat="58.048528" lon="38.860125"><ele>100.9</ele><time>2022-08-06T15:10:58Z</time></trkpt><trkpt lat="58.048448" lon="38.860075"><ele>100.9</ele><time>2022-08-06T15:11:01Z</time></trkpt><trkpt lat="58.048363" lon="38.860018"><ele>102.2</ele><time>2022-08-06T15:11:05Z</time></trkpt><trkpt lat="58.04829" lon="38.859972"><ele>101.9</ele><time>2022-08-06T15:11:08Z</time></trkpt><trkpt lat="58.048215" lon="38.85991"><ele>101.3</ele><time>2022-08-06T15:11:11Z</time></trkpt><trkpt lat="58.048145" lon="38.859855"><ele>101.3</ele><time>2022-08-06T15:11:14Z</time></trkpt><trkpt lat="58.048073" lon="38.85982"><ele>101.1</ele><time>2022-08-06T15:11:17Z</time></trkpt><trkpt lat="58.047993" lon="38.859755"><ele>101.2</ele><time>2022-08-06T15:11:21Z</time></trkpt><trkpt lat="58.047928" lon="38.859678"><ele>101.4</ele><time>2022-08-06T15:11:26Z</time></trkpt><trkpt lat="58.047932" lon="38.859517"><ele>99.9</ele><time>2022-08-06T15:11:30Z</time></trkpt><trkpt lat="58.047933" lon="38.859377"><ele>99.4</ele><time>2022-08-06T15:11:33Z</time></trkpt><trkpt lat="58.04796" lon="38.859245"><ele>99.8</ele><time>2022-08-06T15:11:36Z</time></trkpt><trkpt lat="58.048003" lon="38.859108"><ele>100.0</ele><time>2022-08-06T15:11:40Z</time></trkpt><trkpt lat="58.048038" lon="38.858955"><ele>100.1</ele><time>2022-08-06T15:11:44Z</time></trkpt><trkpt lat="58.048082" lon="38.85881"><ele>100.3</ele><time>2022-08-06T15:11:48Z</time></trkpt><trkpt lat="58.048123" lon="38.85869"><ele>100.6</ele><time>2022-08-06T15:11:52Z</time></trkpt><trkpt lat="58.048147" lon="38.858557"><ele>100.6</ele><time>2022-08-06T15:11:55Z</time></trkpt><trkpt lat="58.048173" lon="38.858388"><ele>99.9</ele><time>2022-08-06T15:11:59Z</time></trkpt><trkpt lat="58.048205" lon="38.858227"><ele>99.1</ele><time>2022-08-06T15:12:03Z</time></trkpt><trkpt lat="58.048253" lon="38.85808"><ele>98.8</ele><time>2022-08-06T15:12:07Z</time></trkpt><trkpt lat="58.048313" lon="38.858005"><ele>99.0</ele><time>2022-08-06T15:12:11Z</time></trkpt><trkpt lat="58.048385" lon="38.857948"><ele>98.9</ele><time>2022-08-06T15:12:15Z</time></trkpt><trkpt lat="58.048457" lon="38.857885"><ele>98.5</ele><time>2022-08-06T15:12:19Z</time></trkpt><trkpt lat="58.048548" lon="38.857847"><ele>98.3</ele><time>2022-08-06T15:12:23Z</time></trkpt><trkpt lat="58.048635" lon="38.857832"><ele>98.9</ele><time>2022-08-06T15:12:26Z</time></trkpt><trkpt lat="58.048727" lon="38.857785"><ele>98.2</ele><time>2022-08-06T15:12:29Z</time></trkpt><trkpt lat="58.048808" lon="38.857778"><ele>98.7</ele><time>2022-08-06T15:12:32Z</time></trkpt><trkpt lat="58.048873" lon="38.857858"><ele>98.2</ele><time>2022-08-06T15:12:38Z</time></trkpt><trkpt lat="58.048943" lon="38.857973"><ele>98.5</ele><time>2022-08-06T15:12:43Z</time></trkpt><trkpt lat="58.049022" lon="38.858015"><ele>99.2</ele><time>2022-08-06T15:12:46Z</time></trkpt><trkpt lat="58.049072" lon="38.857865"><ele>98.9</ele><time>2022-08-06T15:12:50Z</time></trkpt><trkpt lat="58.049122" lon="38.857727"><ele>98.9</ele><time>2022-08-06T15:12:54Z</time></trkpt><trkpt lat="58.049175" lon="38.857833"><ele>97.7</ele><time>2022-08-06T15:12:57Z</time></trkpt><trkpt lat="58.049155" lon="38.858"><ele>97.2</ele><time>2022-08-06T15:13:00Z</time></trkpt><trkpt lat="58.049122" lon="38.85815"><ele>97.2</ele><time>2022-08-06T15:13:04Z</time></trkpt><trkpt lat="58.04908" lon="38.858272"><ele>96.7</ele><time>2022-08-06T15:13:08Z</time></trkpt><trkpt lat="58.049037" lon="38.858417"><ele>96.3</ele><time>2022-08-06T15:13:12Z</time></trkpt><trkpt lat="58.048995" lon="38.858532"><ele>98.1</ele><time>2022-08-06T15:13:17Z</time></trkpt><trkpt lat="58.049067" lon="38.858498"><ele>98.2</ele><time>2022-08-06T15:13:26Z</time></trkpt><trkpt lat="58.049127" lon="38.85836"><ele>97.6</ele><time>2022-08-06T15:13:29Z</time></trkpt><trkpt lat="58.04917" lon="38.858247"><ele>97.0</ele><time>2022-08-06T15:13:31Z</time></trkpt><trkpt lat="58.04924" lon="38.858093"><ele>96.0</ele><time>2022-08-06T15:13:33Z</time></trkpt><trkpt lat="58.049298" lon="38.857932"><ele>95.7</ele><time>2022-08-06T15:13:35Z</time></trkpt><trkpt lat="58.049367" lon="38.857735"><ele>94.7</ele><time>2022-08-06T15:13:37Z</time></trkpt><trkpt lat="58.049448" lon="38.857498"><ele>94.1</ele><time>2022-08-06T15:13:39Z</time></trkpt><trkpt lat="58.049533" lon="38.857277"><ele>94.1</ele><time>2022-08-06T15:13:41Z</time></trkpt><trkpt lat="58.049577" lon="38.857165"><ele>94.1</ele><time>2022-08-06T15:13:42Z</time></trkpt><trkpt lat="58.049632" lon="38.856967"><ele>93.3</ele><time>2022-08-06T15:13:44Z</time></trkpt><trkpt lat="58.049668" lon="38.856772"><ele>92.7</ele><time>2022-08-06T15:13:46Z</time></trkpt><trkpt lat="58.049683" lon="38.856568"><ele>92.8</ele><time>2022-08-06T15:13:48Z</time></trkpt><trkpt lat="58.049717" lon="38.856377"><ele>92.4</ele><time>2022-08-06T15:13:50Z</time></trkpt><trkpt lat="58.049753" lon="38.856202"><ele>92.4</ele><time>2022-08-06T15:13:52Z</time></trkpt><trkpt lat="58.049792" lon="38.856062"><ele>92.6</ele><time>2022-08-06T15:13:54Z</time></trkpt><trkpt lat="58.049843" lon="38.85587"><ele>92.8</ele><time>2022-08-06T15:13:56Z</time></trkpt><trkpt lat="58.049847" lon="38.855735"><ele>92.4</ele><time>2022-08-06T15:13:58Z</time></trkpt><trkpt lat="58.049872" lon="38.855597"><ele>92.3</ele><time>2022-08-06T15:14:00Z</time></trkpt><trkpt lat="58.049913" lon="38.855418"><ele>92.2</ele><time>2022-08-06T15:14:03Z</time></trkpt><trkpt lat="58.049948" lon="38.85525"><ele>91.2</ele><time>2022-08-06T15:14:06Z</time></trkpt><trkpt lat="58.049982" lon="38.855085"><ele>90.7</ele><time>2022-08-06T15:14:09Z</time></trkpt><trkpt lat="58.049988" lon="38.854915"><ele>91.2</ele><time>2022-08-06T15:14:12Z</time></trkpt><trkpt lat="58.049982" lon="38.85474"><ele>91.8</ele><time>2022-08-06T15:14:15Z</time></trkpt><trkpt lat="58.049993" lon="38.854588"><ele>92.6</ele><time>2022-08-06T15:14:18Z</time></trkpt><trkpt lat="58.050028" lon="38.85443"><ele>93.2</ele><time>2022-08-06T15:14:22Z</time></trkpt><trkpt lat="58.050063" lon="38.854293"><ele>91.7</ele><time>2022-08-06T15:14:28Z</time></trkpt><trkpt lat="58.050082" lon="38.854132"><ele>91.7</ele><time>2022-08-06T15:14:32Z</time></trkpt><trkpt lat="58.050118" lon="38.854"><ele>91.9</ele><time>2022-08-06T15:14:35Z</time></trkpt><trkpt lat="58.050145" lon="38.853845"><ele>92.2</ele><time>2022-08-06T15:14:39Z</time></trkpt><trkpt lat="58.050183" lon="38.853687"><ele>92.1</ele><time>2022-08-06T15:14:44Z</time></trkpt><trkpt lat="58.050197" lon="38.853522"><ele>91.8</ele><time>2022-08-06T15:14:47Z</time></trkpt><trkpt lat="58.050202" lon="38.85337"><ele>92.1</ele><time>2022-08-06T15:14:50Z</time></trkpt><trkpt lat="58.05023" lon="38.853222"><ele>92.2</ele><time>2022-08-06T15:14:54Z</time></trkpt><trkpt lat="58.050262" lon="38.853087"><ele>92.0</ele><time>2022-08-06T15:14:58Z</time></trkpt><trkpt lat="58.050303" lon="38.852943"><ele>91.4</ele><time>2022-08-06T15:15:03Z</time></trkpt><trkpt lat="58.050375" lon="38.852828"><ele>92.0</ele><time>2022-08-06T15:15:07Z</time></trkpt><trkpt lat="58.050425" lon="38.85271"><ele>92.3</ele><time>2022-08-06T15:15:11Z</time></trkpt><trkpt lat="58.050477" lon="38.852588"><ele>92.4</ele><time>2022-08-06T15:15:14Z</time></trkpt><trkpt lat="58.050528" lon="38.85248"><ele>92.1</ele><time>2022-08-06T15:15:17Z</time></trkpt><trkpt lat="58.050577" lon="38.852328"><ele>91.8</ele><time>2022-08-06T15:15:21Z</time></trkpt><trkpt lat="58.050605" lon="38.852197"><ele>91.0</ele><time>2022-08-06T15:15:26Z</time></trkpt><trkpt lat="58.050643" lon="38.852057"><ele>90.9</ele><time>2022-08-06T15:15:30Z</time></trkpt><trkpt lat="58.050703" lon="38.851915"><ele>90.6</ele><time>2022-08-06T15:15:33Z</time></trkpt><trkpt lat="58.050762" lon="38.851762"><ele>90.7</ele><time>2022-08-06T15:15:36Z</time></trkpt><trkpt lat="58.050813" lon="38.851588"><ele>90.8</ele><time>2022-08-06T15:15:39Z</time></trkpt><trkpt lat="58.050885" lon="38.851453"><ele>91.7</ele><time>2022-08-06T15:15:42Z</time></trkpt><trkpt lat="58.050938" lon="38.851293"><ele>91.9</ele><time>2022-08-06T15:15:45Z</time></trkpt><trkpt lat="58.050968" lon="38.85114"><ele>92.9</ele><time>2022-08-06T15:15:48Z</time></trkpt><trkpt lat="58.051033" lon="38.851007"><ele>92.9</ele><time>2022-08-06T15:15:51Z</time></trkpt><trkpt lat="58.051097" lon="38.850875"><ele>92.9</ele><time>2022-08-06T15:15:54Z</time></trkpt><trkpt lat="58.051152" lon="38.850735"><ele>92.5</ele><time>2022-08-06T15:15:57Z</time></trkpt><trkpt lat="58.0512" lon="38.850597"><ele>91.4</ele><time>2022-08-06T15:16:00Z</time></trkpt><trkpt lat="58.051252" lon="38.850425"><ele>91.4</ele><time>2022-08-06T15:16:03Z</time></trkpt><trkpt lat="58.051312" lon="38.850255"><ele>91.4</ele><time>2022-08-06T15:16:06Z</time></trkpt><trkpt lat="58.051367" lon="38.850082"><ele>91.1</ele><time>2022-08-06T15:16:09Z</time></trkpt><trkpt lat="58.051403" lon="38.84995"><ele>91.2</ele><time>2022-08-06T15:16:11Z</time></trkpt><trkpt lat="58.051438" lon="38.849815"><ele>91.2</ele><time>2022-08-06T15:16:13Z</time></trkpt><trkpt lat="58.051473" lon="38.849687"><ele>90.8</ele><time>2022-08-06T15:16:15Z</time></trkpt><trkpt lat="58.051515" lon="38.849507"><ele>90.3</ele><time>2022-08-06T15:16:18Z</time></trkpt><trkpt lat="58.051567" lon="38.849358"><ele>90.7</ele><time>2022-08-06T15:16:21Z</time></trkpt><trkpt lat="58.051612" lon="38.849232"><ele>90.9</ele><time>2022-08-06T15:16:24Z</time></trkpt><trkpt lat="58.051645" lon="38.849095"><ele>89.9</ele><time>2022-08-06T15:16:27Z</time></trkpt><trkpt lat="58.051687" lon="38.848933"><ele>90.0</ele><time>2022-08-06T15:16:30Z</time></trkpt><trkpt lat="58.05173" lon="38.84877"><ele>89.4</ele><time>2022-08-06T15:16:33Z</time></trkpt><trkpt lat="58.05178" lon="38.848602"><ele>89.9</ele><time>2022-08-06T15:16:36Z</time></trkpt><trkpt lat="58.051808" lon="38.848413"><ele>90.0</ele><time>2022-08-06T15:16:39Z</time></trkpt><trkpt lat="58.05184" lon="38.848223"><ele>89.6</ele><time>2022-08-06T15:16:42Z</time></trkpt><trkpt lat="58.051865" lon="38.848095"><ele>90.3</ele><time>2022-08-06T15:16:44Z</time></trkpt><trkpt lat="58.0519" lon="38.847905"><ele>90.6</ele><time>2022-08-06T15:16:47Z</time></trkpt><trkpt lat="58.05193" lon="38.847735"><ele>91.3</ele><time>2022-08-06T15:16:50Z</time></trkpt><trkpt lat="58.051952" lon="38.847585"><ele>90.7</ele><time>2022-08-06T15:16:53Z</time></trkpt><trkpt lat="58.051982" lon="38.847425"><ele>90.2</ele><time>2022-08-06T15:16:57Z</time></trkpt><trkpt lat="58.051997" lon="38.847272"><ele>89.9</ele><time>2022-08-06T15:17:00Z</time></trkpt><trkpt lat="58.052017" lon="38.847102"><ele>90.5</ele><time>2022-08-06T15:17:04Z</time></trkpt><trkpt lat="58.052038" lon="38.846972"><ele>90.0</ele><time>2022-08-06T15:17:07Z</time></trkpt><trkpt lat="58.052088" lon="38.846865"><ele>89.8</ele><time>2022-08-06T15:17:10Z</time></trkpt><trkpt lat="58.05214" lon="38.846708"><ele>89.9</ele><time>2022-08-06T15:17:13Z</time></trkpt><trkpt lat="58.052185" lon="38.84653"><ele>89.7</ele><time>2022-08-06T15:17:16Z</time></trkpt><trkpt lat="58.052228" lon="38.846397"><ele>90.0</ele><time>2022-08-06T15:17:19Z</time></trkpt><trkpt lat="58.052267" lon="38.846272"><ele>90.4</ele><time>2022-08-06T15:17:22Z</time></trkpt><trkpt lat="58.052322" lon="38.846133"><ele>90.0</ele><time>2022-08-06T15:17:25Z</time></trkpt><trkpt lat="58.05237" lon="38.84598"><ele>89.8</ele><time>2022-08-06T15:17:28Z</time></trkpt><trkpt lat="58.05239" lon="38.845808"><ele>90.7</ele><time>2022-08-06T15:17:31Z</time></trkpt><trkpt lat="58.052407" lon="38.845648"><ele>91.4</ele><time>2022-08-06T15:17:34Z</time></trkpt><trkpt lat="58.052437" lon="38.84549"><ele>90.7</ele><time>2022-08-06T15:17:37Z</time></trkpt><trkpt lat="58.052463" lon="38.845342"><ele>91.1</ele><time>2022-08-06T15:17:40Z</time></trkpt><trkpt lat="58.052492" lon="38.845177"><ele>90.9</ele><time>2022-08-06T15:17:43Z</time></trkpt><trkpt lat="58.052513" lon="38.845033"><ele>92.3</ele><time>2022-08-06T15:17:46Z</time></trkpt><trkpt lat="58.052568" lon="38.844875"><ele>93.9</ele><time>2022-08-06T15:17:50Z</time></trkpt><trkpt lat="58.052627" lon="38.844708"><ele>93.1</ele><time>2022-08-06T15:17:53Z</time></trkpt><trkpt lat="58.052678" lon="38.844537"><ele>92.2</ele><time>2022-08-06T15:17:56Z</time></trkpt><trkpt lat="58.052718" lon="38.844393"><ele>91.7</ele><time>2022-08-06T15:17:59Z</time></trkpt><trkpt lat="58.052762" lon="38.844258"><ele>91.9</ele><time>2022-08-06T15:18:02Z</time></trkpt><trkpt lat="58.052813" lon="38.844135"><ele>91.3</ele><time>2022-08-06T15:18:05Z</time></trkpt><trkpt lat="58.052863" lon="38.843987"><ele>91.1</ele><time>2022-08-06T15:18:08Z</time></trkpt><trkpt lat="58.052897" lon="38.843818"><ele>90.3</ele><time>2022-08-06T15:18:11Z</time></trkpt><trkpt lat="58.05295" lon="38.843645"><ele>90.0</ele><time>2022-08-06T15:18:14Z</time></trkpt><trkpt lat="58.053012" lon="38.843473"><ele>89.6</ele><time>2022-08-06T15:18:17Z</time></trkpt><trkpt lat="58.053067" lon="38.843325"><ele>89.7</ele><time>2022-08-06T15:18:20Z</time></trkpt><trkpt lat="58.053115" lon="38.84318"><ele>89.4</ele><time>2022-08-06T15:18:23Z</time></trkpt><trkpt lat="58.05317" lon="38.843048"><ele>90.9</ele><time>2022-08-06T15:18:26Z</time></trkpt><trkpt lat="58.05321" lon="38.84291"><ele>90.8</ele><time>2022-08-06T15:18:29Z</time></trkpt><trkpt lat="58.05325" lon="38.84277"><ele>90.3</ele><time>2022-08-06T15:18:33Z</time></trkpt><trkpt lat="58.053292" lon="38.842642"><ele>90.0</ele><time>2022-08-06T15:18:36Z</time></trkpt><trkpt lat="58.053325" lon="38.842515"><ele>89.4</ele><time>2022-08-06T15:18:39Z</time></trkpt><trkpt lat="58.053372" lon="38.842375"><ele>90.0</ele><time>2022-08-06T15:18:42Z</time></trkpt><trkpt lat="58.05342" lon="38.842233"><ele>90.3</ele><time>2022-08-06T15:18:45Z</time></trkpt><trkpt lat="58.053467" lon="38.842103"><ele>91.3</ele><time>2022-08-06T15:18:48Z</time></trkpt><trkpt lat="58.053532" lon="38.841947"><ele>91.4</ele><time>2022-08-06T15:18:51Z</time></trkpt><trkpt lat="58.05359" lon="38.841782"><ele>90.6</ele><time>2022-08-06T15:18:54Z</time></trkpt><trkpt lat="58.053648" lon="38.841625"><ele>92.1</ele><time>2022-08-06T15:18:57Z</time></trkpt><trkpt lat="58.053703" lon="38.841483"><ele>92.9</ele><time>2022-08-06T15:19:00Z</time></trkpt><trkpt lat="58.053733" lon="38.841358"><ele>91.5</ele><time>2022-08-06T15:19:03Z</time></trkpt><trkpt lat="58.05377" lon="38.841238"><ele>93.5</ele><time>2022-08-06T15:19:06Z</time></trkpt><trkpt lat="58.053808" lon="38.841062"><ele>93.0</ele><time>2022-08-06T15:19:09Z</time></trkpt><trkpt lat="58.053833" lon="38.840935"><ele>92.3</ele><time>2022-08-06T15:19:11Z</time></trkpt><trkpt lat="58.053888" lon="38.840775"><ele>92.3</ele><time>2022-08-06T15:19:14Z</time></trkpt><trkpt lat="58.05394" lon="38.84067"><ele>91.9</ele><time>2022-08-06T15:19:16Z</time></trkpt><trkpt lat="58.05399" lon="38.840563"><ele>92.1</ele><time>2022-08-06T15:19:18Z</time></trkpt><trkpt lat="58.054018" lon="38.840427"><ele>91.7</ele><time>2022-08-06T15:19:22Z</time></trkpt><trkpt lat="58.054067" lon="38.84032"><ele>91.9</ele><time>2022-08-06T15:19:27Z</time></trkpt><trkpt lat="58.054118" lon="38.840148"><ele>91.7</ele><time>2022-08-06T15:19:30Z</time></trkpt><trkpt lat="58.054182" lon="38.839987"><ele>92.0</ele><time>2022-08-06T15:19:33Z</time></trkpt><trkpt lat="58.054237" lon="38.839883"><ele>92.0</ele><time>2022-08-06T15:19:35Z</time></trkpt><trkpt lat="58.05429" lon="38.83978"><ele>91.8</ele><time>2022-08-06T15:19:37Z</time></trkpt><trkpt lat="58.054355" lon="38.839623"><ele>92.4</ele><time>2022-08-06T15:19:40Z</time></trkpt><trkpt lat="58.054395" lon="38.839505"><ele>92.8</ele><time>2022-08-06T15:19:42Z</time></trkpt><trkpt lat="58.05443" lon="38.839383"><ele>92.2</ele><time>2022-08-06T15:19:44Z</time></trkpt><trkpt lat="58.054493" lon="38.83923"><ele>92.2</ele><time>2022-08-06T15:19:47Z</time></trkpt><trkpt lat="58.05454" lon="38.839125"><ele>92.6</ele><time>2022-08-06T15:19:51Z</time></trkpt><trkpt lat="58.054575" lon="38.839002"><ele>92.6</ele><time>2022-08-06T15:19:55Z</time></trkpt><trkpt lat="58.054612" lon="38.838873"><ele>91.8</ele><time>2022-08-06T15:19:58Z</time></trkpt><trkpt lat="58.054665" lon="38.838743"><ele>92.1</ele><time>2022-08-06T15:20:01Z</time></trkpt><trkpt lat="58.054712" lon="38.838607"><ele>92.1</ele><time>2022-08-06T15:20:05Z</time></trkpt><trkpt lat="58.05476" lon="38.838485"><ele>92.7</ele><time>2022-08-06T15:20:08Z</time></trkpt><trkpt lat="58.054812" lon="38.838335"><ele>92.6</ele><time>2022-08-06T15:20:11Z</time></trkpt><trkpt lat="58.054853" lon="38.838218"><ele>92.6</ele><time>2022-08-06T15:20:13Z</time></trkpt><trkpt lat="58.054907" lon="38.838062"><ele>92.6</ele><time>2022-08-06T15:20:16Z</time></trkpt><trkpt lat="58.054942" lon="38.837912"><ele>91.4</ele><time>2022-08-06T15:20:19Z</time></trkpt><trkpt lat="58.05498" lon="38.837735"><ele>91.1</ele><time>2022-08-06T15:20:21Z</time></trkpt><trkpt lat="58.055027" lon="38.83761"><ele>90.1</ele><time>2022-08-06T15:20:23Z</time></trkpt><trkpt lat="58.055062" lon="38.837485"><ele>89.5</ele><time>2022-08-06T15:20:29Z</time></trkpt><trkpt lat="58.055108" lon="38.837333"><ele>89.6</ele><time>2022-08-06T15:20:32Z</time></trkpt><trkpt lat="58.05515" lon="38.837218"><ele>89.4</ele><time>2022-08-06T15:20:34Z</time></trkpt><trkpt lat="58.055193" lon="38.837102"><ele>89.7</ele><time>2022-08-06T15:20:36Z</time></trkpt><trkpt lat="58.055253" lon="38.836945"><ele>89.8</ele><time>2022-08-06T15:20:39Z</time></trkpt><trkpt lat="58.05531" lon="38.83678"><ele>89.7</ele><time>2022-08-06T15:20:42Z</time></trkpt><trkpt lat="58.055352" lon="38.83664"><ele>90.2</ele><time>2022-08-06T15:20:47Z</time></trkpt><trkpt lat="58.055398" lon="38.836503"><ele>90.3</ele><time>2022-08-06T15:20:51Z</time></trkpt><trkpt lat="58.05543" lon="38.836353"><ele>90.2</ele><time>2022-08-06T15:20:58Z</time></trkpt><trkpt lat="58.055462" lon="38.836213"><ele>93.4</ele><time>2022-08-06T15:22:07Z</time></trkpt><trkpt lat="58.055508" lon="38.83606"><ele>92.7</ele><time>2022-08-06T15:22:12Z</time></trkpt><trkpt lat="58.055548" lon="38.835932"><ele>92.9</ele><time>2022-08-06T15:22:15Z</time></trkpt><trkpt lat="58.055582" lon="38.835812"><ele>93.4</ele><time>2022-08-06T15:22:18Z</time></trkpt><trkpt lat="58.055627" lon="38.835675"><ele>93.7</ele><time>2022-08-06T15:22:22Z</time></trkpt><trkpt lat="58.055677" lon="38.835565"><ele>94.3</ele><time>2022-08-06T15:22:25Z</time></trkpt><trkpt lat="58.05572" lon="38.835448"><ele>94.7</ele><time>2022-08-06T15:22:28Z</time></trkpt><trkpt lat="58.055762" lon="38.835325"><ele>94.7</ele><time>2022-08-06T15:22:31Z</time></trkpt><trkpt lat="58.055798" lon="38.83519"><ele>94.7</ele><time>2022-08-06T15:22:34Z</time></trkpt><trkpt lat="58.055838" lon="38.835065"><ele>94.2</ele><time>2022-08-06T15:22:37Z</time></trkpt><trkpt lat="58.055877" lon="38.83494"><ele>94.0</ele><time>2022-08-06T15:22:40Z</time></trkpt><trkpt lat="58.055922" lon="38.8348"><ele>94.2</ele><time>2022-08-06T15:22:43Z</time></trkpt><trkpt lat="58.05597" lon="38.834655"><ele>94.2</ele><time>2022-08-06T15:22:46Z</time></trkpt><trkpt lat="58.056005" lon="38.834537"><ele>94.3</ele><time>2022-08-06T15:22:49Z</time></trkpt><trkpt lat="58.056043" lon="38.8344"><ele>94.6</ele><time>2022-08-06T15:22:52Z</time></trkpt><trkpt lat="58.056093" lon="38.834252"><ele>94.7</ele><time>2022-08-06T15:22:55Z</time></trkpt><trkpt lat="58.056143" lon="38.834115"><ele>94.9</ele><time>2022-08-06T15:22:58Z</time></trkpt><trkpt lat="58.056193" lon="38.833977"><ele>94.7</ele><time>2022-08-06T15:23:01Z</time></trkpt><trkpt lat="58.056237" lon="38.83384"><ele>94.7</ele><time>2022-08-06T15:23:04Z</time></trkpt><trkpt lat="58.056277" lon="38.83372"><ele>94.6</ele><time>2022-08-06T15:23:07Z</time></trkpt><trkpt lat="58.056323" lon="38.833582"><ele>95.4</ele><time>2022-08-06T15:23:10Z</time></trkpt><trkpt lat="58.056378" lon="38.833448"><ele>96.2</ele><time>2022-08-06T15:23:14Z</time></trkpt><trkpt lat="58.056422" lon="38.83333"><ele>95.9</ele><time>2022-08-06T15:23:17Z</time></trkpt><trkpt lat="58.056465" lon="38.83318"><ele>95.4</ele><time>2022-08-06T15:23:21Z</time></trkpt><trkpt lat="58.056503" lon="38.833057"><ele>95.6</ele><time>2022-08-06T15:23:24Z</time></trkpt><trkpt lat="58.05654" lon="38.832938"><ele>95.3</ele><time>2022-08-06T15:23:27Z</time></trkpt><trkpt lat="58.05658" lon="38.832822"><ele>96.0</ele><time>2022-08-06T15:23:30Z</time></trkpt><trkpt lat="58.056623" lon="38.832673"><ele>96.2</ele><time>2022-08-06T15:23:34Z</time></trkpt><trkpt lat="58.056672" lon="38.832523"><ele>95.4</ele><time>2022-08-06T15:23:38Z</time></trkpt><trkpt lat="58.056712" lon="38.832412"><ele>95.8</ele><time>2022-08-06T15:23:41Z</time></trkpt><trkpt lat="58.056755" lon="38.832285"><ele>96.0</ele><time>2022-08-06T15:23:45Z</time></trkpt><trkpt lat="58.056795" lon="38.832127"><ele>96.1</ele><time>2022-08-06T15:23:49Z</time></trkpt><trkpt lat="58.056842" lon="38.831968"><ele>95.8</ele><time>2022-08-06T15:23:53Z</time></trkpt><trkpt lat="58.056877" lon="38.831848"><ele>95.8</ele><time>2022-08-06T15:23:56Z</time></trkpt><trkpt lat="58.056917" lon="38.831733"><ele>96.2</ele><time>2022-08-06T15:23:59Z</time></trkpt><trkpt lat="58.05696" lon="38.831612"><ele>95.0</ele><time>2022-08-06T15:24:03Z</time></trkpt><trkpt lat="58.057" lon="38.83148"><ele>95.2</ele><time>2022-08-06T15:24:06Z</time></trkpt><trkpt lat="58.05705" lon="38.831332"><ele>93.9</ele><time>2022-08-06T15:24:09Z</time></trkpt><trkpt lat="58.057083" lon="38.831203"><ele>94.0</ele><time>2022-08-06T15:24:12Z</time></trkpt><trkpt lat="58.057047" lon="38.831072"><ele>93.9</ele><time>2022-08-06T15:24:15Z</time></trkpt><trkpt lat="58.056995" lon="38.830923"><ele>94.3</ele><time>2022-08-06T15:24:18Z</time></trkpt><trkpt lat="58.056947" lon="38.830798"><ele>94.7</ele><time>2022-08-06T15:24:21Z</time></trkpt><trkpt lat="58.056893" lon="38.830703"><ele>94.9</ele><time>2022-08-06T15:24:24Z</time></trkpt><trkpt lat="58.056843" lon="38.830587"><ele>95.5</ele><time>2022-08-06T15:24:27Z</time></trkpt><trkpt lat="58.056798" lon="38.830477"><ele>96.0</ele><time>2022-08-06T15:24:30Z</time></trkpt><trkpt lat="58.056745" lon="38.830375"><ele>96.1</ele><time>2022-08-06T15:24:35Z</time></trkpt><trkpt lat="58.0567" lon="38.830253"><ele>94.9</ele><time>2022-08-06T15:24:51Z</time></trkpt><trkpt lat="58.056733" lon="38.830112"><ele>95.1</ele><time>2022-08-06T15:24:59Z</time></trkpt><trkpt lat="58.0568" lon="38.830042"><ele>94.0</ele><time>2022-08-06T15:25:09Z</time></trkpt><trkpt lat="58.056875" lon="38.83002"><ele>94.2</ele><time>2022-08-06T15:25:17Z</time></trkpt><trkpt lat="58.056953" lon="38.829965"><ele>94.2</ele><time>2022-08-06T15:25:23Z</time></trkpt><trkpt lat="58.05701" lon="38.829867"><ele>94.3</ele><time>2022-08-06T15:25:28Z</time></trkpt><trkpt lat="58.057072" lon="38.829765"><ele>94.3</ele><time>2022-08-06T15:25:34Z</time></trkpt><trkpt lat="58.057147" lon="38.829752"><ele>94.2</ele><time>2022-08-06T15:25:40Z</time></trkpt><trkpt lat="58.05722" lon="38.82979"><ele>94.3</ele><time>2022-08-06T15:25:46Z</time></trkpt><trkpt lat="58.057283" lon="38.829855"><ele>94.4</ele><time>2022-08-06T15:25:52Z</time></trkpt><trkpt lat="58.057362" lon="38.829878"><ele>94.9</ele><time>2022-08-06T15:25:59Z</time></trkpt><trkpt lat="58.05743" lon="38.829815"><ele>94.3</ele><time>2022-08-06T15:26:06Z</time></trkpt><trkpt lat="58.057498" lon="38.829767"><ele>94.5</ele><time>2022-08-06T15:26:12Z</time></trkpt><trkpt lat="58.057575" lon="38.82979"><ele>94.8</ele><time>2022-08-06T15:26:18Z</time></trkpt><trkpt lat="58.057653" lon="38.82985"><ele>95.1</ele><time>2022-08-06T15:26:24Z</time></trkpt><trkpt lat="58.057723" lon="38.829935"><ele>95.0</ele><time>2022-08-06T15:26:32Z</time></trkpt><trkpt lat="58.057782" lon="38.830027"><ele>94.3</ele><time>2022-08-06T15:26:38Z</time></trkpt><trkpt lat="58.057855" lon="38.83005"><ele>94.4</ele><time>2022-08-06T15:26:43Z</time></trkpt><trkpt lat="58.057932" lon="38.830025"><ele>93.9</ele><time>2022-08-06T15:26:46Z</time></trkpt><trkpt lat="58.057987" lon="38.829898"><ele>93.5</ele><time>2022-08-06T15:26:50Z</time></trkpt><trkpt lat="58.05805" lon="38.829782"><ele>93.3</ele><time>2022-08-06T15:26:54Z</time></trkpt><trkpt lat="58.058107" lon="38.829685"><ele>93.2</ele><time>2022-08-06T15:26:57Z</time></trkpt><trkpt lat="58.058163" lon="38.82959"><ele>93.2</ele><time>2022-08-06T15:27:00Z</time></trkpt><trkpt lat="58.058232" lon="38.829465"><ele>93.1</ele><time>2022-08-06T15:27:04Z</time></trkpt><trkpt lat="58.058292" lon="38.829363"><ele>93.4</ele><time>2022-08-06T15:27:07Z</time></trkpt><trkpt lat="58.058355" lon="38.829262"><ele>93.5</ele><time>2022-08-06T15:27:10Z</time></trkpt><trkpt lat="58.058417" lon="38.829178"><ele>93.6</ele><time>2022-08-06T15:27:13Z</time></trkpt><trkpt lat="58.058492" lon="38.829078"><ele>93.6</ele><time>2022-08-06T15:27:17Z</time></trkpt><trkpt lat="58.058557" lon="38.828975"><ele>93.6</ele><time>2022-08-06T15:27:20Z</time></trkpt><trkpt lat="58.058605" lon="38.828838"><ele>93.8</ele><time>2022-08-06T15:27:23Z</time></trkpt><trkpt lat="58.058645" lon="38.828685"><ele>94.1</ele><time>2022-08-06T15:27:26Z</time></trkpt><trkpt lat="58.058672" lon="38.82855"><ele>94.4</ele><time>2022-08-06T15:27:29Z</time></trkpt><trkpt lat="58.058697" lon="38.828418"><ele>94.3</ele><time>2022-08-06T15:27:33Z</time></trkpt><trkpt lat="58.058748" lon="38.828277"><ele>94.5</ele><time>2022-08-06T15:27:37Z</time></trkpt><trkpt lat="58.05879" lon="38.82816"><ele>94.8</ele><time>2022-08-06T15:27:40Z</time></trkpt><trkpt lat="58.058732" lon="38.828035"><ele>95.3</ele><time>2022-08-06T15:27:47Z</time></trkpt><trkpt lat="58.058648" lon="38.828017"><ele>96.5</ele><time>2022-08-06T15:27:52Z</time></trkpt><trkpt lat="58.058573" lon="38.82797"><ele>97.2</ele><time>2022-08-06T15:27:57Z</time></trkpt><trkpt lat="58.058502" lon="38.82793"><ele>97.2</ele><time>2022-08-06T15:28:03Z</time></trkpt><trkpt lat="58.058418" lon="38.827887"><ele>97.8</ele><time>2022-08-06T15:28:57Z</time></trkpt><trkpt lat="58.05835" lon="38.82781"><ele>97.8</ele><time>2022-08-06T15:29:01Z</time></trkpt><trkpt lat="58.058273" lon="38.82777"><ele>98.4</ele><time>2022-08-06T15:29:05Z</time></trkpt><trkpt lat="58.058197" lon="38.827733"><ele>98.6</ele><time>2022-08-06T15:29:09Z</time></trkpt><trkpt lat="58.058143" lon="38.827633"><ele>98.0</ele><time>2022-08-06T15:29:13Z</time></trkpt><trkpt lat="58.058087" lon="38.827535"><ele>98.0</ele><time>2022-08-06T15:29:17Z</time></trkpt><trkpt lat="58.058027" lon="38.827403"><ele>98.7</ele><time>2022-08-06T15:29:21Z</time></trkpt><trkpt lat="58.057997" lon="38.827265"><ele>98.9</ele><time>2022-08-06T15:29:25Z</time></trkpt><trkpt lat="58.057993" lon="38.827097"><ele>98.9</ele><time>2022-08-06T15:29:29Z</time></trkpt><trkpt lat="58.058028" lon="38.826948"><ele>98.9</ele><time>2022-08-06T15:29:32Z</time></trkpt><trkpt lat="58.058075" lon="38.826833"><ele>98.8</ele><time>2022-08-06T15:29:34Z</time></trkpt><trkpt lat="58.058128" lon="38.826703"><ele>98.5</ele><time>2022-08-06T15:29:36Z</time></trkpt><trkpt lat="58.05819" lon="38.826583"><ele>97.7</ele><time>2022-08-06T15:29:38Z</time></trkpt><trkpt lat="58.058252" lon="38.826452"><ele>97.4</ele><time>2022-08-06T15:29:40Z</time></trkpt><trkpt lat="58.058307" lon="38.826305"><ele>97.7</ele><time>2022-08-06T15:29:42Z</time></trkpt><trkpt lat="58.058357" lon="38.826155"><ele>98.0</ele><time>2022-08-06T15:29:44Z</time></trkpt><trkpt lat="58.058397" lon="38.826"><ele>98.2</ele><time>2022-08-06T15:29:46Z</time></trkpt><trkpt lat="58.058445" lon="38.825835"><ele>98.4</ele><time>2022-08-06T15:29:48Z</time></trkpt><trkpt lat="58.0585" lon="38.825688"><ele>98.6</ele><time>2022-08-06T15:29:50Z</time></trkpt><trkpt lat="58.058547" lon="38.825538"><ele>98.3</ele><time>2022-08-06T15:29:52Z</time></trkpt><trkpt lat="58.058602" lon="38.82543"><ele>97.6</ele><time>2022-08-06T15:29:54Z</time></trkpt><trkpt lat="58.058683" lon="38.825415"><ele>97.6</ele><time>2022-08-06T15:29:56Z</time></trkpt><trkpt lat="58.058748" lon="38.82548"><ele>98.1</ele><time>2022-08-06T15:29:58Z</time></trkpt><trkpt lat="58.058807" lon="38.825617"><ele>98.6</ele><time>2022-08-06T15:30:01Z</time></trkpt><trkpt lat="58.058877" lon="38.825655"><ele>98.2</ele><time>2022-08-06T15:30:19Z</time></trkpt><trkpt lat="58.058943" lon="38.82574"><ele>98.2</ele><time>2022-08-06T15:30:23Z</time></trkpt><trkpt lat="58.059005" lon="38.825838"><ele>100.2</ele><time>2022-08-06T15:30:29Z</time></trkpt><trkpt lat="58.05907" lon="38.82593"><ele>100.8</ele><time>2022-08-06T15:30:36Z</time></trkpt><trkpt lat="58.05914" lon="38.825973"><ele>100.3</ele><time>2022-08-06T15:57:56Z</time></trkpt><trkpt lat="58.05918" lon="38.82609"><ele>98.1</ele><time>2022-08-06T15:58:51Z</time></trkpt><trkpt lat="58.059133" lon="38.82598"><ele>97.4</ele><time>2022-08-06T16:00:13Z</time></trkpt><trkpt lat="58.059065" lon="38.825905"><ele>97.8</ele><time>2022-08-06T16:00:44Z</time></trkpt><trkpt lat="58.058997" lon="38.825817"><ele>98.0</ele><time>2022-08-06T16:00:49Z</time></trkpt><trkpt lat="58.058923" lon="38.825742"><ele>98.3</ele><time>2022-08-06T16:00:53Z</time></trkpt><trkpt lat="58.058843" lon="38.825657"><ele>98.5</ele><time>2022-08-06T16:00:58Z</time></trkpt><trkpt lat="58.058773" lon="38.825585"><ele>98.3</ele><time>2022-08-06T16:01:02Z</time></trkpt><trkpt lat="58.058693" lon="38.825498"><ele>98.1</ele><time>2022-08-06T16:01:06Z</time></trkpt><trkpt lat="58.05861" lon="38.825405"><ele>97.9</ele><time>2022-08-06T16:01:09Z</time></trkpt><trkpt lat="58.058537" lon="38.825293"><ele>98.2</ele><time>2022-08-06T16:01:12Z</time></trkpt><trkpt lat="58.05846" lon="38.82522"><ele>97.6</ele><time>2022-08-06T16:01:16Z</time></trkpt><trkpt lat="58.058387" lon="38.825237"><ele>97.7</ele><time>2022-08-06T16:01:20Z</time></trkpt><trkpt lat="58.058368" lon="38.825093"><ele>97.4</ele><time>2022-08-06T16:01:24Z</time></trkpt><trkpt lat="58.058317" lon="38.824988"><ele>97.1</ele><time>2022-08-06T16:01:27Z</time></trkpt><trkpt lat="58.058247" lon="38.824875"><ele>96.9</ele><time>2022-08-06T16:01:30Z</time></trkpt><trkpt lat="58.058182" lon="38.82476"><ele>96.8</ele><time>2022-08-06T16:01:33Z</time></trkpt><trkpt lat="58.058133" lon="38.82465"><ele>96.8</ele><time>2022-08-06T16:01:36Z</time></trkpt><trkpt lat="58.05808" lon="38.82453"><ele>96.9</ele><time>2022-08-06T16:01:40Z</time></trkpt><trkpt lat="58.05801" lon="38.824495"><ele>96.8</ele><time>2022-08-06T16:01:50Z</time></trkpt><trkpt lat="58.057935" lon="38.824487"><ele>97.4</ele><time>2022-08-06T16:02:01Z</time></trkpt><trkpt lat="58.057857" lon="38.824485"><ele>98.6</ele><time>2022-08-06T16:02:15Z</time></trkpt><trkpt lat="58.057797" lon="38.824392"><ele>98.5</ele><time>2022-08-06T16:02:20Z</time></trkpt><trkpt lat="58.057737" lon="38.824305"><ele>98.4</ele><time>2022-08-06T16:02:25Z</time></trkpt><trkpt lat="58.05769" lon="38.824195"><ele>98.1</ele><time>2022-08-06T16:02:29Z</time></trkpt><trkpt lat="58.057637" lon="38.824063"><ele>98.0</ele><time>2022-08-06T16:02:33Z</time></trkpt><trkpt lat="58.057585" lon="38.823943"><ele>97.8</ele><time>2022-08-06T16:02:36Z</time></trkpt><trkpt lat="58.057517" lon="38.823882"><ele>97.9</ele><time>2022-08-06T16:02:39Z</time></trkpt><trkpt lat="58.057462" lon="38.823762"><ele>97.5</ele><time>2022-08-06T16:02:42Z</time></trkpt><trkpt lat="58.057405" lon="38.823655"><ele>97.7</ele><time>2022-08-06T16:02:45Z</time></trkpt><trkpt lat="58.057342" lon="38.823567"><ele>97.8</ele><time>2022-08-06T16:02:49Z</time></trkpt><trkpt lat="58.057283" lon="38.823448"><ele>97.7</ele><time>2022-08-06T16:02:54Z</time></trkpt><trkpt lat="58.057223" lon="38.823342"><ele>97.3</ele><time>2022-08-06T16:02:58Z</time></trkpt><trkpt lat="58.057157" lon="38.823268"><ele>96.8</ele><time>2022-08-06T16:03:03Z</time></trkpt><trkpt lat="58.057095" lon="38.823137"><ele>96.3</ele><time>2022-08-06T16:03:07Z</time></trkpt><trkpt lat="58.057032" lon="38.823035"><ele>96.5</ele><time>2022-08-06T16:03:11Z</time></trkpt><trkpt lat="58.056968" lon="38.82297"><ele>96.5</ele><time>2022-08-06T16:03:15Z</time></trkpt><trkpt lat="58.056913" lon="38.822878"><ele>96.7</ele><time>2022-08-06T16:03:19Z</time></trkpt><trkpt lat="58.056848" lon="38.822768"><ele>96.9</ele><time>2022-08-06T16:03:23Z</time></trkpt><trkpt lat="58.05678" lon="38.822672"><ele>97.0</ele><time>2022-08-06T16:03:27Z</time></trkpt><trkpt lat="58.056728" lon="38.822547"><ele>97.3</ele><time>2022-08-06T16:03:31Z</time></trkpt><trkpt lat="58.05666" lon="38.822465"><ele>97.1</ele><time>2022-08-06T16:03:36Z</time></trkpt><trkpt lat="58.056603" lon="38.822343"><ele>97.4</ele><time>2022-08-06T16:03:41Z</time></trkpt><trkpt lat="58.056565" lon="38.822227"><ele>97.5</ele><time>2022-08-06T16:03:54Z</time></trkpt><trkpt lat="58.056568" lon="38.82207"><ele>97.0</ele><time>2022-08-06T16:03:58Z</time></trkpt><trkpt lat="58.056575" lon="38.821908"><ele>96.9</ele><time>2022-08-06T16:04:03Z</time></trkpt><trkpt lat="58.056578" lon="38.821742"><ele>97.3</ele><time>2022-08-06T16:04:08Z</time></trkpt><trkpt lat="58.056582" lon="38.821603"><ele>97.6</ele><time>2022-08-06T16:04:12Z</time></trkpt><trkpt lat="58.056588" lon="38.82146"><ele>97.7</ele><time>2022-08-06T16:04:16Z</time></trkpt><trkpt lat="58.056605" lon="38.821303"><ele>97.2</ele><time>2022-08-06T16:04:20Z</time></trkpt><trkpt lat="58.056618" lon="38.821128"><ele>97.2</ele><time>2022-08-06T16:04:24Z</time></trkpt><trkpt lat="58.056613" lon="38.820972"><ele>97.4</ele><time>2022-08-06T16:04:28Z</time></trkpt><trkpt lat="58.056552" lon="38.82087"><ele>97.6</ele><time>2022-08-06T16:04:33Z</time></trkpt><trkpt lat="58.056475" lon="38.820847"><ele>97.7</ele><time>2022-08-06T16:04:36Z</time></trkpt><trkpt lat="58.056393" lon="38.820838"><ele>98.1</ele><time>2022-08-06T16:04:39Z</time></trkpt><trkpt lat="58.056313" lon="38.820833"><ele>98.2</ele><time>2022-08-06T16:04:42Z</time></trkpt><trkpt lat="58.056237" lon="38.820823"><ele>98.5</ele><time>2022-08-06T16:04:45Z</time></trkpt><trkpt lat="58.056145" lon="38.820818"><ele>98.1</ele><time>2022-08-06T16:04:49Z</time></trkpt><trkpt lat="58.05607" lon="38.820802"><ele>98.1</ele><time>2022-08-06T16:04:53Z</time></trkpt><trkpt lat="58.055982" lon="38.820777"><ele>98.2</ele><time>2022-08-06T16:04:57Z</time></trkpt><trkpt lat="58.0559" lon="38.820763"><ele>98.5</ele><time>2022-08-06T16:05:01Z</time></trkpt><trkpt lat="58.055827" lon="38.820782"><ele>98.3</ele><time>2022-08-06T16:05:05Z</time></trkpt><trkpt lat="58.055752" lon="38.820852"><ele>97.9</ele><time>2022-08-06T16:05:10Z</time></trkpt><trkpt lat="58.055668" lon="38.820863"><ele>97.9</ele><time>2022-08-06T16:05:15Z</time></trkpt><trkpt lat="58.055587" lon="38.82083"><ele>97.7</ele><time>2022-08-06T16:05:19Z</time></trkpt><trkpt lat="58.05551" lon="38.82082"><ele>97.8</ele><time>2022-08-06T16:05:23Z</time></trkpt><trkpt lat="58.055432" lon="38.820775"><ele>98.1</ele><time>2022-08-06T16:05:27Z</time></trkpt><trkpt lat="58.055348" lon="38.820787"><ele>97.9</ele><time>2022-08-06T16:05:31Z</time></trkpt><trkpt lat="58.05528" lon="38.820835"><ele>97.9</ele><time>2022-08-06T16:05:34Z</time></trkpt><trkpt lat="58.055222" lon="38.820957"><ele>98.0</ele><time>2022-08-06T16:05:38Z</time></trkpt><trkpt lat="58.055205" lon="38.821115"><ele>98.2</ele><time>2022-08-06T16:05:42Z</time></trkpt><trkpt lat="58.055198" lon="38.821258"><ele>97.5</ele><time>2022-08-06T16:05:46Z</time></trkpt><trkpt lat="58.055188" lon="38.82141"><ele>97.8</ele><time>2022-08-06T16:05:50Z</time></trkpt><trkpt lat="58.055165" lon="38.821572"><ele>98.0</ele><time>2022-08-06T16:05:55Z</time></trkpt><trkpt lat="58.055155" lon="38.821717"><ele>98.3</ele><time>2022-08-06T16:06:00Z</time></trkpt><trkpt lat="58.055113" lon="38.821867"><ele>98.0</ele><time>2022-08-06T16:06:04Z</time></trkpt><trkpt lat="58.055038" lon="38.821943"><ele>98.3</ele><time>2022-08-06T16:06:08Z</time></trkpt><trkpt lat="58.054948" lon="38.821973"><ele>98.1</ele><time>2022-08-06T16:06:12Z</time></trkpt><trkpt lat="58.05486" lon="38.821958"><ele>98.1</ele><time>2022-08-06T16:06:16Z</time></trkpt><trkpt lat="58.054778" lon="38.821948"><ele>98.6</ele><time>2022-08-06T16:06:21Z</time></trkpt><trkpt lat="58.054708" lon="38.821892"><ele>98.2</ele><time>2022-08-06T16:06:27Z</time></trkpt><trkpt lat="58.054635" lon="38.821845"><ele>98.9</ele><time>2022-08-06T16:06:31Z</time></trkpt><trkpt lat="58.054632" lon="38.821685"><ele>99.1</ele><time>2022-08-06T16:06:39Z</time></trkpt><trkpt lat="58.054653" lon="38.821543"><ele>99.0</ele><time>2022-08-06T16:06:43Z</time></trkpt><trkpt lat="58.054662" lon="38.821372"><ele>98.8</ele><time>2022-08-06T16:06:47Z</time></trkpt><trkpt lat="58.05467" lon="38.821223"><ele>98.7</ele><time>2022-08-06T16:06:50Z</time></trkpt><trkpt lat="58.054678" lon="38.821052"><ele>98.8</ele><time>2022-08-06T16:06:53Z</time></trkpt><trkpt lat="58.054688" lon="38.820903"><ele>98.9</ele><time>2022-08-06T16:06:59Z</time></trkpt><trkpt lat="58.054692" lon="38.820753"><ele>98.9</ele><time>2022-08-06T16:07:02Z</time></trkpt><trkpt lat="58.054703" lon="38.820597"><ele>99.3</ele><time>2022-08-06T16:07:05Z</time></trkpt><trkpt lat="58.05472" lon="38.820463"><ele>99.2</ele><time>2022-08-06T16:07:08Z</time></trkpt><trkpt lat="58.054732" lon="38.820293"><ele>99.3</ele><time>2022-08-06T16:07:12Z</time></trkpt><trkpt lat="58.05474" lon="38.820153"><ele>99.4</ele><time>2022-08-06T16:07:15Z</time></trkpt><trkpt lat="58.054748" lon="38.820012"><ele>99.5</ele><time>2022-08-06T16:07:18Z</time></trkpt><trkpt lat="58.054753" lon="38.819867"><ele>99.7</ele><time>2022-08-06T16:07:21Z</time></trkpt><trkpt lat="58.054758" lon="38.81972"><ele>99.7</ele><time>2022-08-06T16:07:24Z</time></trkpt><trkpt lat="58.05477" lon="38.819578"><ele>100.1</ele><time>2022-08-06T16:07:28Z</time></trkpt><trkpt lat="58.054777" lon="38.819417"><ele>100.3</ele><time>2022-08-06T16:07:34Z</time></trkpt><trkpt lat="58.054772" lon="38.819255"><ele>100.2</ele><time>2022-08-06T16:07:38Z</time></trkpt><trkpt lat="58.054788" lon="38.819082"><ele>100.3</ele><time>2022-08-06T16:07:42Z</time></trkpt><trkpt lat="58.054792" lon="38.818893"><ele>100.4</ele><time>2022-08-06T16:07:46Z</time></trkpt><trkpt lat="58.054812" lon="38.818723"><ele>100.4</ele><time>2022-08-06T16:07:49Z</time></trkpt><trkpt lat="58.054747" lon="38.818668"><ele>101.2</ele><time>2022-08-06T16:09:59Z</time></trkpt><trkpt lat="58.054717" lon="38.818807"><ele>100.4</ele><time>2022-08-06T16:10:21Z</time></trkpt><trkpt lat="58.05481" lon="38.818795"><ele>100.4</ele><time>2022-08-06T16:10:26Z</time></trkpt><trkpt lat="58.054623" lon="38.81868"><ele>100.4</ele><time>2022-08-06T16:11:20Z</time></trkpt><trkpt lat="58.054688" lon="38.818738"><ele>98.9</ele><time>2022-08-06T16:20:33Z</time></trkpt><trkpt lat="58.054763" lon="38.818738"><ele>100.1</ele><time>2022-08-06T16:27:00Z</time></trkpt><trkpt lat="58.054787" lon="38.818895"><ele>100.7</ele><time>2022-08-06T16:27:08Z</time></trkpt><trkpt lat="58.054808" lon="38.819043"><ele>100.3</ele><time>2022-08-06T16:27:12Z</time></trkpt><trkpt lat="58.054805" lon="38.819183"><ele>100.3</ele><time>2022-08-06T16:27:17Z</time></trkpt><trkpt lat="58.05479" lon="38.819357"><ele>100.3</ele><time>2022-08-06T16:27:22Z</time></trkpt><trkpt lat="58.054772" lon="38.8195"><ele>100.0</ele><time>2022-08-06T16:27:25Z</time></trkpt><trkpt lat="58.054755" lon="38.819652"><ele>100.4</ele><time>2022-08-06T16:27:29Z</time></trkpt><trkpt lat="58.05476" lon="38.819832"><ele>100.7</ele><time>2022-08-06T16:27:34Z</time></trkpt><trkpt lat="58.054752" lon="38.819977"><ele>101.0</ele><time>2022-08-06T16:27:37Z</time></trkpt><trkpt lat="58.054735" lon="38.82013"><ele>100.7</ele><time>2022-08-06T16:27:41Z</time></trkpt><trkpt lat="58.054725" lon="38.820268"><ele>100.1</ele><time>2022-08-06T16:27:45Z</time></trkpt><trkpt lat="58.054725" lon="38.82042"><ele>99.7</ele><time>2022-08-06T16:27:49Z</time></trkpt><trkpt lat="58.05472" lon="38.820557"><ele>99.6</ele><time>2022-08-06T16:27:52Z</time></trkpt><trkpt lat="58.054705" lon="38.820725"><ele>99.7</ele><time>2022-08-06T16:27:56Z</time></trkpt><trkpt lat="58.054685" lon="38.820868"><ele>99.5</ele><time>2022-08-06T16:27:59Z</time></trkpt><trkpt lat="58.05466" lon="38.821012"><ele>99.2</ele><time>2022-08-06T16:28:02Z</time></trkpt><trkpt lat="58.05466" lon="38.821175"><ele>99.5</ele><time>2022-08-06T16:28:06Z</time></trkpt><trkpt lat="58.054658" lon="38.821328"><ele>99.4</ele><time>2022-08-06T16:28:10Z</time></trkpt><trkpt lat="58.054645" lon="38.821463"><ele>99.4</ele><time>2022-08-06T16:28:13Z</time></trkpt><trkpt lat="58.054637" lon="38.821607"><ele>99.3</ele><time>2022-08-06T16:28:16Z</time></trkpt><trkpt lat="58.054617" lon="38.821777"><ele>99.5</ele><time>2022-08-06T16:28:20Z</time></trkpt><trkpt lat="58.054585" lon="38.821942"><ele>99.4</ele><time>2022-08-06T16:28:24Z</time></trkpt><trkpt lat="58.054562" lon="38.822113"><ele>98.9</ele><time>2022-08-06T16:28:27Z</time></trkpt><trkpt lat="58.054533" lon="38.822252"><ele>98.4</ele><time>2022-08-06T16:28:30Z</time></trkpt><trkpt lat="58.05449" lon="38.82242"><ele>98.7</ele><time>2022-08-06T16:28:34Z</time></trkpt><trkpt lat="58.054445" lon="38.822562"><ele>98.9</ele><time>2022-08-06T16:28:37Z</time></trkpt><trkpt lat="58.05441" lon="38.82271"><ele>99.3</ele><time>2022-08-06T16:28:40Z</time></trkpt><trkpt lat="58.054382" lon="38.822878"><ele>99.4</ele><time>2022-08-06T16:28:43Z</time></trkpt><trkpt lat="58.054353" lon="38.823043"><ele>99.9</ele><time>2022-08-06T16:28:46Z</time></trkpt><trkpt lat="58.054328" lon="38.823197"><ele>99.7</ele><time>2022-08-06T16:28:49Z</time></trkpt><trkpt lat="58.0543" lon="38.823347"><ele>99.5</ele><time>2022-08-06T16:28:52Z</time></trkpt><trkpt lat="58.054257" lon="38.823488"><ele>99.6</ele><time>2022-08-06T16:28:55Z</time></trkpt><trkpt lat="58.054203" lon="38.823622"><ele>99.1</ele><time>2022-08-06T16:29:23Z</time></trkpt><trkpt lat="58.054165" lon="38.823765"><ele>99.0</ele><time>2022-08-06T16:29:27Z</time></trkpt><trkpt lat="58.054112" lon="38.823903"><ele>99.8</ele><time>2022-08-06T16:29:31Z</time></trkpt><trkpt lat="58.054102" lon="38.824045"><ele>99.9</ele><time>2022-08-06T16:29:35Z</time></trkpt><trkpt lat="58.054133" lon="38.824192"><ele>100.4</ele><time>2022-08-06T16:29:39Z</time></trkpt><trkpt lat="58.05415" lon="38.82436"><ele>100.4</ele><time>2022-08-06T16:29:43Z</time></trkpt><trkpt lat="58.054142" lon="38.824535"><ele>100.7</ele><time>2022-08-06T16:29:47Z</time></trkpt><trkpt lat="58.054108" lon="38.824662"><ele>100.5</ele><time>2022-08-06T16:29:50Z</time></trkpt><trkpt lat="58.054078" lon="38.824785"><ele>100.3</ele><time>2022-08-06T16:29:53Z</time></trkpt><trkpt lat="58.054057" lon="38.824923"><ele>100.5</ele><time>2022-08-06T16:29:57Z</time></trkpt><trkpt lat="58.054028" lon="38.825065"><ele>100.4</ele><time>2022-08-06T16:30:01Z</time></trkpt><trkpt lat="58.053997" lon="38.825218"><ele>100.4</ele><time>2022-08-06T16:30:05Z</time></trkpt><trkpt lat="58.053952" lon="38.825367"><ele>100.6</ele><time>2022-08-06T16:30:09Z</time></trkpt><trkpt lat="58.053917" lon="38.825515"><ele>100.6</ele><time>2022-08-06T16:30:12Z</time></trkpt><trkpt lat="58.053897" lon="38.825675"><ele>100.6</ele><time>2022-08-06T16:30:16Z</time></trkpt><trkpt lat="58.05389" lon="38.825833"><ele>100.6</ele><time>2022-08-06T16:30:19Z</time></trkpt><trkpt lat="58.053852" lon="38.825968"><ele>100.5</ele><time>2022-08-06T16:30:22Z</time></trkpt><trkpt lat="58.053822" lon="38.8261"><ele>100.1</ele><time>2022-08-06T16:30:25Z</time></trkpt><trkpt lat="58.053758" lon="38.82619"><ele>99.4</ele><time>2022-08-06T16:30:29Z</time></trkpt><trkpt lat="58.053702" lon="38.82631"><ele>98.8</ele><time>2022-08-06T16:30:33Z</time></trkpt><trkpt lat="58.05369" lon="38.826513"><ele>98.6</ele><time>2022-08-06T16:30:36Z</time></trkpt><trkpt lat="58.053642" lon="38.826682"><ele>98.5</ele><time>2022-08-06T16:30:39Z</time></trkpt><trkpt lat="58.053595" lon="38.826797"><ele>98.4</ele><time>2022-08-06T16:30:42Z</time></trkpt><trkpt lat="58.053527" lon="38.826877"><ele>98.3</ele><time>2022-08-06T16:30:49Z</time></trkpt><trkpt lat="58.053492" lon="38.827008"><ele>98.3</ele><time>2022-08-06T16:30:53Z</time></trkpt><trkpt lat="58.053473" lon="38.827145"><ele>98.5</ele><time>2022-08-06T16:30:59Z</time></trkpt><trkpt lat="58.053463" lon="38.827295"><ele>98.6</ele><time>2022-08-06T16:31:39Z</time></trkpt><trkpt lat="58.053458" lon="38.82745"><ele>98.1</ele><time>2022-08-06T16:31:45Z</time></trkpt><trkpt lat="58.053443" lon="38.827613"><ele>97.8</ele><time>2022-08-06T16:31:50Z</time></trkpt><trkpt lat="58.053435" lon="38.827757"><ele>97.8</ele><time>2022-08-06T16:31:54Z</time></trkpt><trkpt lat="58.053407" lon="38.827882"><ele>97.9</ele><time>2022-08-06T16:31:58Z</time></trkpt><trkpt lat="58.053372" lon="38.82803"><ele>97.8</ele><time>2022-08-06T16:32:03Z</time></trkpt><trkpt lat="58.053352" lon="38.82816"><ele>98.2</ele><time>2022-08-06T16:32:07Z</time></trkpt><trkpt lat="58.053313" lon="38.828295"><ele>98.1</ele><time>2022-08-06T16:32:11Z</time></trkpt><trkpt lat="58.053295" lon="38.828452"><ele>98.3</ele><time>2022-08-06T16:32:15Z</time></trkpt><trkpt lat="58.05331" lon="38.828597"><ele>98.6</ele><time>2022-08-06T16:32:19Z</time></trkpt><trkpt lat="58.053302" lon="38.828733"><ele>98.7</ele><time>2022-08-06T16:32:22Z</time></trkpt><trkpt lat="58.053277" lon="38.82886"><ele>98.5</ele><time>2022-08-06T16:32:26Z</time></trkpt><trkpt lat="58.05328" lon="38.829002"><ele>99.0</ele><time>2022-08-06T16:32:33Z</time></trkpt><trkpt lat="58.053305" lon="38.829148"><ele>98.9</ele><time>2022-08-06T16:32:36Z</time></trkpt><trkpt lat="58.053297" lon="38.829342"><ele>98.9</ele><time>2022-08-06T16:32:39Z</time></trkpt><trkpt lat="58.053275" lon="38.829508"><ele>99.1</ele><time>2022-08-06T16:32:42Z</time></trkpt><trkpt lat="58.053253" lon="38.829667"><ele>99.3</ele><time>2022-08-06T16:32:45Z</time></trkpt><trkpt lat="58.053223" lon="38.82982"><ele>99.4</ele><time>2022-08-06T16:32:49Z</time></trkpt><trkpt lat="58.053195" lon="38.829948"><ele>99.5</ele><time>2022-08-06T16:32:55Z</time></trkpt><trkpt lat="58.053173" lon="38.830092"><ele>100.0</ele><time>2022-08-06T16:33:01Z</time></trkpt><trkpt lat="58.053135" lon="38.830228"><ele>100.4</ele><time>2022-08-06T16:33:08Z</time></trkpt><trkpt lat="58.0531" lon="38.830373"><ele>98.8</ele><time>2022-08-06T16:33:38Z</time></trkpt><trkpt lat="58.05308" lon="38.830503"><ele>99.0</ele><time>2022-08-06T16:33:41Z</time></trkpt><trkpt lat="58.053043" lon="38.830658"><ele>99.3</ele><time>2022-08-06T16:33:45Z</time></trkpt><trkpt lat="58.053008" lon="38.830798"><ele>99.5</ele><time>2022-08-06T16:33:50Z</time></trkpt><trkpt lat="58.052972" lon="38.830937"><ele>100.2</ele><time>2022-08-06T16:33:55Z</time></trkpt><trkpt lat="58.052928" lon="38.831078"><ele>99.4</ele><time>2022-08-06T16:34:00Z</time></trkpt><trkpt lat="58.052925" lon="38.831223"><ele>100.3</ele><time>2022-08-06T16:34:11Z</time></trkpt><trkpt lat="58.052938" lon="38.831367"><ele>100.1</ele><time>2022-08-06T16:34:43Z</time></trkpt><trkpt lat="58.052897" lon="38.831503"><ele>99.6</ele><time>2022-08-06T16:35:11Z</time></trkpt><trkpt lat="58.052853" lon="38.83165"><ele>98.7</ele><time>2022-08-06T16:35:17Z</time></trkpt><trkpt lat="58.052833" lon="38.831792"><ele>99.6</ele><time>2022-08-06T16:35:21Z</time></trkpt><trkpt lat="58.052822" lon="38.831937"><ele>99.3</ele><time>2022-08-06T16:35:25Z</time></trkpt><trkpt lat="58.052805" lon="38.832107"><ele>99.4</ele><time>2022-08-06T16:35:29Z</time></trkpt><trkpt lat="58.052785" lon="38.83224"><ele>100.0</ele><time>2022-08-06T16:35:32Z</time></trkpt><trkpt lat="58.052755" lon="38.83238"><ele>100.0</ele><time>2022-08-06T16:35:36Z</time></trkpt><trkpt lat="58.052713" lon="38.83252"><ele>99.7</ele><time>2022-08-06T16:35:40Z</time></trkpt><trkpt lat="58.052682" lon="38.832675"><ele>99.9</ele><time>2022-08-06T16:35:44Z</time></trkpt><trkpt lat="58.052653" lon="38.832833"><ele>99.9</ele><time>2022-08-06T16:35:49Z</time></trkpt><trkpt lat="58.052625" lon="38.83299"><ele>100.3</ele><time>2022-08-06T16:35:54Z</time></trkpt><trkpt lat="58.052585" lon="38.83312"><ele>100.7</ele><time>2022-08-06T16:35:59Z</time></trkpt><trkpt lat="58.052597" lon="38.83298"><ele>102.3</ele><time>2022-08-06T16:47:21Z</time></trkpt><trkpt lat="58.052602" lon="38.832827"><ele>101.9</ele><time>2022-08-06T16:47:29Z</time></trkpt><trkpt lat="58.05263" lon="38.832668"><ele>101.6</ele><time>2022-08-06T16:47:34Z</time></trkpt><trkpt lat="58.052655" lon="38.832515"><ele>102.8</ele><time>2022-08-06T16:47:39Z</time></trkpt><trkpt lat="58.0527" lon="38.832405"><ele>101.0</ele><time>2022-08-06T16:51:16Z</time></trkpt><trkpt lat="58.052738" lon="38.832267"><ele>101.1</ele><time>2022-08-06T16:51:20Z</time></trkpt><trkpt lat="58.052777" lon="38.83212"><ele>100.8</ele><time>2022-08-06T16:51:24Z</time></trkpt><trkpt lat="58.05281" lon="38.831978"><ele>100.7</ele><time>2022-08-06T16:51:28Z</time></trkpt><trkpt lat="58.052842" lon="38.83181"><ele>100.5</ele><time>2022-08-06T16:51:32Z</time></trkpt><trkpt lat="58.05287" lon="38.831648"><ele>101.5</ele><time>2022-08-06T16:51:36Z</time></trkpt><trkpt lat="58.05289" lon="38.831517"><ele>101.4</ele><time>2022-08-06T16:51:39Z</time></trkpt><trkpt lat="58.052917" lon="38.831388"><ele>101.5</ele><time>2022-08-06T16:51:42Z</time></trkpt><trkpt lat="58.052945" lon="38.831223"><ele>101.7</ele><time>2022-08-06T16:51:46Z</time></trkpt><trkpt lat="58.052978" lon="38.831055"><ele>101.4</ele><time>2022-08-06T16:51:50Z</time></trkpt><trkpt lat="58.053003" lon="38.830922"><ele>101.8</ele><time>2022-08-06T16:51:53Z</time></trkpt><trkpt lat="58.053027" lon="38.830782"><ele>102.4</ele><time>2022-08-06T16:51:56Z</time></trkpt><trkpt lat="58.053047" lon="38.83065"><ele>104.2</ele><time>2022-08-06T16:52:00Z</time></trkpt><trkpt lat="58.053075" lon="38.830485"><ele>102.2</ele><time>2022-08-06T16:52:05Z</time></trkpt><trkpt lat="58.053102" lon="38.830322"><ele>102.3</ele><time>2022-08-06T16:52:09Z</time></trkpt><trkpt lat="58.053128" lon="38.830185"><ele>103.8</ele><time>2022-08-06T16:52:13Z</time></trkpt><trkpt lat="58.05314" lon="38.830042"><ele>102.1</ele><time>2022-08-06T16:52:18Z</time></trkpt><trkpt lat="58.053085" lon="38.83015"><ele>100.8</ele><time>2022-08-06T16:52:21Z</time></trkpt><trkpt lat="58.053055" lon="38.830385"><ele>100.8</ele><time>2022-08-06T16:52:23Z</time></trkpt><trkpt lat="58.053015" lon="38.830593"><ele>100.3</ele><time>2022-08-06T16:52:25Z</time></trkpt><trkpt lat="58.052983" lon="38.830742"><ele>100.1</ele><time>2022-08-06T16:52:27Z</time></trkpt><trkpt lat="58.05305" lon="38.830652"><ele>100.0</ele><time>2022-08-06T16:52:35Z</time></trkpt><trkpt lat="58.053075" lon="38.830463"><ele>99.6</ele><time>2022-08-06T16:52:38Z</time></trkpt><trkpt lat="58.053132" lon="38.830322"><ele>99.1</ele><time>2022-08-06T16:52:41Z</time></trkpt><trkpt lat="58.053065" lon="38.830378"><ele>99.1</ele><time>2022-08-06T16:52:47Z</time></trkpt><trkpt lat="58.053143" lon="38.830335"><ele>99.3</ele><time>2022-08-06T16:52:56Z</time></trkpt><trkpt lat="58.053172" lon="38.830192"><ele>99.6</ele><time>2022-08-06T16:53:00Z</time></trkpt><trkpt lat="58.053202" lon="38.830062"><ele>99.6</ele><time>2022-08-06T16:53:04Z</time></trkpt><trkpt lat="58.053228" lon="38.829928"><ele>99.4</ele><time>2022-08-06T16:53:08Z</time></trkpt><trkpt lat="58.053258" lon="38.829775"><ele>99.2</ele><time>2022-08-06T16:53:12Z</time></trkpt><trkpt lat="58.053287" lon="38.829615"><ele>99.4</ele><time>2022-08-06T16:53:16Z</time></trkpt><trkpt lat="58.053312" lon="38.829453"><ele>100.0</ele><time>2022-08-06T16:53:20Z</time></trkpt><trkpt lat="58.053335" lon="38.829303"><ele>98.9</ele><time>2022-08-06T16:53:25Z</time></trkpt><trkpt lat="58.053343" lon="38.829152"><ele>99.1</ele><time>2022-08-06T16:53:29Z</time></trkpt><trkpt lat="58.053347" lon="38.829008"><ele>98.6</ele><time>2022-08-06T16:53:32Z</time></trkpt><trkpt lat="58.053352" lon="38.82887"><ele>98.1</ele><time>2022-08-06T16:53:35Z</time></trkpt><trkpt lat="58.05337" lon="38.8287"><ele>97.6</ele><time>2022-08-06T16:53:39Z</time></trkpt><trkpt lat="58.053383" lon="38.828525"><ele>97.4</ele><time>2022-08-06T16:53:43Z</time></trkpt><trkpt lat="58.053403" lon="38.828352"><ele>97.3</ele><time>2022-08-06T16:53:47Z</time></trkpt><trkpt lat="58.053433" lon="38.828203"><ele>97.9</ele><time>2022-08-06T16:54:41Z</time></trkpt><trkpt lat="58.053498" lon="38.828093"><ele>98.0</ele><time>2022-08-06T16:54:45Z</time></trkpt><trkpt lat="58.053557" lon="38.82799"><ele>98.0</ele><time>2022-08-06T16:54:49Z</time></trkpt><trkpt lat="58.053602" lon="38.827838"><ele>97.2</ele><time>2022-08-06T16:54:53Z</time></trkpt><trkpt lat="58.053637" lon="38.827707"><ele>97.1</ele><time>2022-08-06T16:54:56Z</time></trkpt><trkpt lat="58.053655" lon="38.827547"><ele>97.1</ele><time>2022-08-06T16:54:59Z</time></trkpt><trkpt lat="58.05368" lon="38.827393"><ele>97.1</ele><time>2022-08-06T16:55:02Z</time></trkpt><trkpt lat="58.05371" lon="38.82726"><ele>97.0</ele><time>2022-08-06T16:55:05Z</time></trkpt><trkpt lat="58.053738" lon="38.827095"><ele>97.1</ele><time>2022-08-06T16:55:09Z</time></trkpt><trkpt lat="58.053762" lon="38.826963"><ele>97.6</ele><time>2022-08-06T16:55:13Z</time></trkpt><trkpt lat="58.053795" lon="38.826835"><ele>97.4</ele><time>2022-08-06T16:55:17Z</time></trkpt><trkpt lat="58.053847" lon="38.826937"><ele>97.9</ele><time>2022-08-06T16:56:01Z</time></trkpt><trkpt lat="58.053885" lon="38.827058"><ele>97.7</ele><time>2022-08-06T16:56:04Z</time></trkpt><trkpt lat="58.053948" lon="38.827168"><ele>97.4</ele><time>2022-08-06T16:56:08Z</time></trkpt><trkpt lat="58.05402" lon="38.827215"><ele>97.1</ele><time>2022-08-06T16:56:11Z</time></trkpt><trkpt lat="58.054102" lon="38.827262"><ele>97.1</ele><time>2022-08-06T16:56:14Z</time></trkpt><trkpt lat="58.054173" lon="38.827305"><ele>97.0</ele><time>2022-08-06T16:56:17Z</time></trkpt><trkpt lat="58.05426" lon="38.827363"><ele>96.8</ele><time>2022-08-06T16:56:20Z</time></trkpt><trkpt lat="58.05436" lon="38.827402"><ele>96.0</ele><time>2022-08-06T16:56:23Z</time></trkpt><trkpt lat="58.05445" lon="38.827467"><ele>96.0</ele><time>2022-08-06T16:56:26Z</time></trkpt><trkpt lat="58.054527" lon="38.827563"><ele>95.3</ele><time>2022-08-06T16:56:29Z</time></trkpt><trkpt lat="58.05461" lon="38.827625"><ele>95.7</ele><time>2022-08-06T16:56:32Z</time></trkpt><trkpt lat="58.054695" lon="38.827705"><ele>95.7</ele><time>2022-08-06T16:56:35Z</time></trkpt><trkpt lat="58.054782" lon="38.827752"><ele>95.9</ele><time>2022-08-06T16:56:38Z</time></trkpt><trkpt lat="58.05488" lon="38.827805"><ele>95.6</ele><time>2022-08-06T16:56:41Z</time></trkpt><trkpt lat="58.05497" lon="38.827883"><ele>96.4</ele><time>2022-08-06T16:56:44Z</time></trkpt><trkpt lat="58.05506" lon="38.827922"><ele>96.4</ele><time>2022-08-06T16:56:47Z</time></trkpt><trkpt lat="58.055137" lon="38.827958"><ele>95.6</ele><time>2022-08-06T16:56:50Z</time></trkpt><trkpt lat="58.055208" lon="38.828023"><ele>95.5</ele><time>2022-08-06T16:56:53Z</time></trkpt><trkpt lat="58.055278" lon="38.828093"><ele>94.7</ele><time>2022-08-06T16:56:56Z</time></trkpt><trkpt lat="58.055362" lon="38.828153"><ele>94.8</ele><time>2022-08-06T16:56:59Z</time></trkpt><trkpt lat="58.055438" lon="38.828238"><ele>95.1</ele><time>2022-08-06T16:57:02Z</time></trkpt><trkpt lat="58.055487" lon="38.828358"><ele>94.6</ele><time>2022-08-06T16:57:05Z</time></trkpt><trkpt lat="58.055525" lon="38.828492"><ele>95.0</ele><time>2022-08-06T16:57:09Z</time></trkpt><trkpt lat="58.055582" lon="38.828582"><ele>95.2</ele><time>2022-08-06T16:57:15Z</time></trkpt><trkpt lat="58.055648" lon="38.828628"><ele>95.6</ele><time>2022-08-06T16:57:21Z</time></trkpt><trkpt lat="58.055725" lon="38.828662"><ele>93.9</ele><time>2022-08-06T16:57:28Z</time></trkpt><trkpt lat="58.0558" lon="38.82872"><ele>94.7</ele><time>2022-08-06T16:57:34Z</time></trkpt><trkpt lat="58.055882" lon="38.828802"><ele>95.6</ele><time>2022-08-06T16:57:38Z</time></trkpt><trkpt lat="58.055958" lon="38.828862"><ele>94.5</ele><time>2022-08-06T16:57:41Z</time></trkpt><trkpt lat="58.056035" lon="38.828925"><ele>95.0</ele><time>2022-08-06T16:57:45Z</time></trkpt><trkpt lat="58.056097" lon="38.828995"><ele>95.2</ele><time>2022-08-06T16:57:50Z</time></trkpt><trkpt lat="58.056168" lon="38.829047"><ele>94.9</ele><time>2022-08-06T16:57:56Z</time></trkpt><trkpt lat="58.056238" lon="38.829093"><ele>95.0</ele><time>2022-08-06T16:58:03Z</time></trkpt><trkpt lat="58.056315" lon="38.82914"><ele>95.6</ele><time>2022-08-06T16:58:10Z</time></trkpt><trkpt lat="58.05639" lon="38.829188"><ele>95.3</ele><time>2022-08-06T16:58:17Z</time></trkpt><trkpt lat="58.056472" lon="38.829212"><ele>94.7</ele><time>2022-08-06T16:58:24Z</time></trkpt><trkpt lat="58.056535" lon="38.82929"><ele>94.6</ele><time>2022-08-06T16:58:28Z</time></trkpt><trkpt lat="58.05661" lon="38.829365"><ele>93.9</ele><time>2022-08-06T16:58:33Z</time></trkpt><trkpt lat="58.056685" lon="38.829418"><ele>93.7</ele><time>2022-08-06T16:58:38Z</time></trkpt><trkpt lat="58.05676" lon="38.829455"><ele>93.6</ele><time>2022-08-06T16:58:41Z</time></trkpt><trkpt lat="58.056833" lon="38.829417"><ele>94.8</ele><time>2022-08-06T16:58:44Z</time></trkpt><trkpt lat="58.056915" lon="38.829473"><ele>95.6</ele><time>2022-08-06T16:58:48Z</time></trkpt><trkpt lat="58.056987" lon="38.82958"><ele>96.0</ele><time>2022-08-06T16:58:52Z</time></trkpt><trkpt lat="58.057057" lon="38.829678"><ele>95.1</ele><time>2022-08-06T16:58:56Z</time></trkpt><trkpt lat="58.057118" lon="38.82976"><ele>94.3</ele><time>2022-08-06T16:59:00Z</time></trkpt><trkpt lat="58.057185" lon="38.829845"><ele>94.0</ele><time>2022-08-06T16:59:05Z</time></trkpt><trkpt lat="58.057255" lon="38.829907"><ele>93.6</ele><time>2022-08-06T16:59:09Z</time></trkpt><trkpt lat="58.057308" lon="38.83"><ele>93.7</ele><time>2022-08-06T16:59:14Z</time></trkpt><trkpt lat="58.05733" lon="38.830135"><ele>94.0</ele><time>2022-08-06T16:59:17Z</time></trkpt><trkpt lat="58.057395" lon="38.83026"><ele>95.2</ele><time>2022-08-06T16:59:20Z</time></trkpt><trkpt lat="58.057462" lon="38.830365"><ele>94.6</ele><time>2022-08-06T16:59:23Z</time></trkpt><trkpt lat="58.057537" lon="38.83041"><ele>94.5</ele><time>2022-08-06T16:59:26Z</time></trkpt><trkpt lat="58.05761" lon="38.830445"><ele>93.8</ele><time>2022-08-06T16:59:29Z</time></trkpt><trkpt lat="58.057577" lon="38.830585"><ele>93.1</ele><time>2022-08-06T16:59:33Z</time></trkpt><trkpt lat="58.057512" lon="38.83068"><ele>93.1</ele><time>2022-08-06T16:59:36Z</time></trkpt><trkpt lat="58.05747" lon="38.8308"><ele>93.0</ele><time>2022-08-06T16:59:39Z</time></trkpt><trkpt lat="58.057413" lon="38.830912"><ele>93.4</ele><time>2022-08-06T16:59:42Z</time></trkpt><trkpt lat="58.057347" lon="38.831012"><ele>92.7</ele><time>2022-08-06T16:59:45Z</time></trkpt><trkpt lat="58.057263" lon="38.831092"><ele>93.3</ele><time>2022-08-06T16:59:48Z</time></trkpt><trkpt lat="58.057177" lon="38.831188"><ele>94.0</ele><time>2022-08-06T16:59:51Z</time></trkpt><trkpt lat="58.057103" lon="38.831285"><ele>93.5</ele><time>2022-08-06T16:59:54Z</time></trkpt><trkpt lat="58.057025" lon="38.831375"><ele>93.1</ele><time>2022-08-06T16:59:58Z</time></trkpt><trkpt lat="58.056967" lon="38.831523"><ele>93.1</ele><time>2022-08-06T17:00:02Z</time></trkpt><trkpt lat="58.056918" lon="38.831667"><ele>93.4</ele><time>2022-08-06T17:00:05Z</time></trkpt><trkpt lat="58.05686" lon="38.831837"><ele>93.6</ele><time>2022-08-06T17:00:08Z</time></trkpt><trkpt lat="58.05682" lon="38.831958"><ele>93.5</ele><time>2022-08-06T17:00:10Z</time></trkpt><trkpt lat="58.056778" lon="38.832077"><ele>93.8</ele><time>2022-08-06T17:00:12Z</time></trkpt><trkpt lat="58.056738" lon="38.832197"><ele>93.5</ele><time>2022-08-06T17:00:14Z</time></trkpt><trkpt lat="58.056682" lon="38.83236"><ele>94.5</ele><time>2022-08-06T17:00:17Z</time></trkpt><trkpt lat="58.056628" lon="38.832518"><ele>94.2</ele><time>2022-08-06T17:00:20Z</time></trkpt><trkpt lat="58.056575" lon="38.832675"><ele>94.2</ele><time>2022-08-06T17:00:23Z</time></trkpt><trkpt lat="58.056528" lon="38.832838"><ele>93.6</ele><time>2022-08-06T17:00:26Z</time></trkpt><trkpt lat="58.056497" lon="38.832975"><ele>94.1</ele><time>2022-08-06T17:00:29Z</time></trkpt><trkpt lat="58.05646" lon="38.8331"><ele>93.8</ele><time>2022-08-06T17:00:32Z</time></trkpt><trkpt lat="58.056422" lon="38.833248"><ele>95.1</ele><time>2022-08-06T17:00:35Z</time></trkpt><trkpt lat="58.05637" lon="38.833427"><ele>95.0</ele><time>2022-08-06T17:00:38Z</time></trkpt><trkpt lat="58.056335" lon="38.83355"><ele>95.5</ele><time>2022-08-06T17:00:40Z</time></trkpt><trkpt lat="58.05628" lon="38.833708"><ele>95.6</ele><time>2022-08-06T17:00:43Z</time></trkpt><trkpt lat="58.056228" lon="38.83385"><ele>95.8</ele><time>2022-08-06T17:00:46Z</time></trkpt><trkpt lat="58.056187" lon="38.834018"><ele>95.8</ele><time>2022-08-06T17:00:49Z</time></trkpt><trkpt lat="58.05613" lon="38.83417"><ele>96.1</ele><time>2022-08-06T17:00:52Z</time></trkpt><trkpt lat="58.056088" lon="38.834297"><ele>96.7</ele><time>2022-08-06T17:00:55Z</time></trkpt><trkpt lat="58.05605" lon="38.83442"><ele>96.2</ele><time>2022-08-06T17:00:59Z</time></trkpt><trkpt lat="58.055997" lon="38.834575"><ele>96.6</ele><time>2022-08-06T17:01:05Z</time></trkpt><trkpt lat="58.055958" lon="38.834712"><ele>96.0</ele><time>2022-08-06T17:01:08Z</time></trkpt><trkpt lat="58.055928" lon="38.834835"><ele>96.4</ele><time>2022-08-06T17:01:12Z</time></trkpt><trkpt lat="58.055882" lon="38.834992"><ele>96.0</ele><time>2022-08-06T17:01:16Z</time></trkpt><trkpt lat="58.05584" lon="38.835123"><ele>95.7</ele><time>2022-08-06T17:01:19Z</time></trkpt><trkpt lat="58.055805" lon="38.835242"><ele>95.9</ele><time>2022-08-06T17:01:23Z</time></trkpt><trkpt lat="58.055765" lon="38.835365"><ele>95.8</ele><time>2022-08-06T17:01:30Z</time></trkpt><trkpt lat="58.055733" lon="38.83549"><ele>95.7</ele><time>2022-08-06T17:01:34Z</time></trkpt><trkpt lat="58.055692" lon="38.835645"><ele>94.8</ele><time>2022-08-06T17:01:39Z</time></trkpt><trkpt lat="58.055652" lon="38.835785"><ele>95.4</ele><time>2022-08-06T17:01:42Z</time></trkpt><trkpt lat="58.055597" lon="38.835908"><ele>96.0</ele><time>2022-08-06T17:01:46Z</time></trkpt><trkpt lat="58.055548" lon="38.836062"><ele>96.2</ele><time>2022-08-06T17:01:50Z</time></trkpt><trkpt lat="58.055507" lon="38.836178"><ele>95.8</ele><time>2022-08-06T17:01:53Z</time></trkpt><trkpt lat="58.055432" lon="38.836192"><ele>92.6</ele><time>2022-08-06T17:02:06Z</time></trkpt><trkpt lat="58.055358" lon="38.836202"><ele>92.9</ele><time>2022-08-06T17:02:11Z</time></trkpt><trkpt lat="58.055295" lon="38.836287"><ele>93.1</ele><time>2022-08-06T17:02:20Z</time></trkpt><trkpt lat="58.055253" lon="38.836402"><ele>93.0</ele><time>2022-08-06T17:02:28Z</time></trkpt><trkpt lat="58.055202" lon="38.83651"><ele>93.3</ele><time>2022-08-06T17:02:32Z</time></trkpt><trkpt lat="58.05516" lon="38.83663"><ele>93.3</ele><time>2022-08-06T17:02:35Z</time></trkpt><trkpt lat="58.055103" lon="38.836755"><ele>93.3</ele><time>2022-08-06T17:02:38Z</time></trkpt><trkpt lat="58.055043" lon="38.836867"><ele>93.9</ele><time>2022-08-06T17:02:41Z</time></trkpt><trkpt lat="58.054965" lon="38.836978"><ele>92.5</ele><time>2022-08-06T17:02:44Z</time></trkpt><trkpt lat="58.054913" lon="38.8371"><ele>93.9</ele><time>2022-08-06T17:02:47Z</time></trkpt><trkpt lat="58.054887" lon="38.837268"><ele>93.3</ele><time>2022-08-06T17:02:50Z</time></trkpt><trkpt lat="58.054845" lon="38.837405"><ele>91.9</ele><time>2022-08-06T17:02:53Z</time></trkpt><trkpt lat="58.054807" lon="38.837545"><ele>91.6</ele><time>2022-08-06T17:02:56Z</time></trkpt><trkpt lat="58.054775" lon="38.837683"><ele>92.0</ele><time>2022-08-06T17:02:59Z</time></trkpt><trkpt lat="58.054733" lon="38.837813"><ele>91.4</ele><time>2022-08-06T17:03:02Z</time></trkpt><trkpt lat="58.054677" lon="38.837933"><ele>91.9</ele><time>2022-08-06T17:03:05Z</time></trkpt><trkpt lat="58.054623" lon="38.838045"><ele>92.8</ele><time>2022-08-06T17:03:08Z</time></trkpt><trkpt lat="58.054578" lon="38.838193"><ele>93.8</ele><time>2022-08-06T17:03:12Z</time></trkpt><trkpt lat="58.05455" lon="38.838342"><ele>94.3</ele><time>2022-08-06T17:03:15Z</time></trkpt><trkpt lat="58.05452" lon="38.838475"><ele>94.1</ele><time>2022-08-06T17:03:18Z</time></trkpt><trkpt lat="58.054485" lon="38.838612"><ele>94.4</ele><time>2022-08-06T17:03:21Z</time></trkpt><trkpt lat="58.054445" lon="38.838757"><ele>94.1</ele><time>2022-08-06T17:03:24Z</time></trkpt><trkpt lat="58.054408" lon="38.83891"><ele>93.4</ele><time>2022-08-06T17:03:27Z</time></trkpt><trkpt lat="58.054357" lon="38.839052"><ele>93.2</ele><time>2022-08-06T17:03:30Z</time></trkpt><trkpt lat="58.054285" lon="38.839175"><ele>93.3</ele><time>2022-08-06T17:03:33Z</time></trkpt><trkpt lat="58.054208" lon="38.839262"><ele>93.3</ele><time>2022-08-06T17:03:36Z</time></trkpt><trkpt lat="58.054137" lon="38.839362"><ele>92.8</ele><time>2022-08-06T17:03:39Z</time></trkpt><trkpt lat="58.054075" lon="38.839502"><ele>94.2</ele><time>2022-08-06T17:03:42Z</time></trkpt><trkpt lat="58.054022" lon="38.839635"><ele>93.7</ele><time>2022-08-06T17:03:46Z</time></trkpt><trkpt lat="58.054055" lon="38.839762"><ele>95.8</ele><time>2022-08-06T17:04:15Z</time></trkpt><trkpt lat="58.054092" lon="38.83991"><ele>97.9</ele><time>2022-08-06T17:04:20Z</time></trkpt><trkpt lat="58.054112" lon="38.840053"><ele>97.1</ele><time>2022-08-06T17:04:24Z</time></trkpt><trkpt lat="58.054145" lon="38.840182"><ele>97.0</ele><time>2022-08-06T17:04:28Z</time></trkpt><trkpt lat="58.054163" lon="38.84034"><ele>96.1</ele><time>2022-08-06T17:04:32Z</time></trkpt><trkpt lat="58.05411" lon="38.840483"><ele>95.8</ele><time>2022-08-06T17:04:35Z</time></trkpt><trkpt lat="58.054048" lon="38.840593"><ele>96.0</ele><time>2022-08-06T17:04:38Z</time></trkpt><trkpt lat="58.054" lon="38.840703"><ele>95.9</ele><time>2022-08-06T17:04:41Z</time></trkpt><trkpt lat="58.053957" lon="38.840835"><ele>96.8</ele><time>2022-08-06T17:04:44Z</time></trkpt><trkpt lat="58.053907" lon="38.840975"><ele>96.5</ele><time>2022-08-06T17:04:47Z</time></trkpt><trkpt lat="58.05386" lon="38.84111"><ele>95.9</ele><time>2022-08-06T17:04:50Z</time></trkpt><trkpt lat="58.053813" lon="38.841245"><ele>96.6</ele><time>2022-08-06T17:04:54Z</time></trkpt><trkpt lat="58.053763" lon="38.841358"><ele>96.5</ele><time>2022-08-06T17:04:58Z</time></trkpt><trkpt lat="58.053713" lon="38.8415"><ele>96.8</ele><time>2022-08-06T17:05:02Z</time></trkpt><trkpt lat="58.05367" lon="38.841618"><ele>97.5</ele><time>2022-08-06T17:05:05Z</time></trkpt><trkpt lat="58.053623" lon="38.841748"><ele>98.5</ele><time>2022-08-06T17:05:08Z</time></trkpt><trkpt lat="58.05358" lon="38.841918"><ele>97.6</ele><time>2022-08-06T17:05:11Z</time></trkpt><trkpt lat="58.053533" lon="38.842083"><ele>96.5</ele><time>2022-08-06T17:05:14Z</time></trkpt><trkpt lat="58.053482" lon="38.842212"><ele>96.4</ele><time>2022-08-06T17:05:17Z</time></trkpt><trkpt lat="58.053433" lon="38.842337"><ele>95.6</ele><time>2022-08-06T17:05:20Z</time></trkpt><trkpt lat="58.053383" lon="38.842473"><ele>95.3</ele><time>2022-08-06T17:05:24Z</time></trkpt><trkpt lat="58.053342" lon="38.842622"><ele>95.6</ele><time>2022-08-06T17:05:29Z</time></trkpt><trkpt lat="58.05329" lon="38.84277"><ele>95.5</ele><time>2022-08-06T17:05:33Z</time></trkpt><trkpt lat="58.053237" lon="38.842925"><ele>95.2</ele><time>2022-08-06T17:05:37Z</time></trkpt><trkpt lat="58.053193" lon="38.843058"><ele>95.3</ele><time>2022-08-06T17:05:40Z</time></trkpt><trkpt lat="58.053148" lon="38.843202"><ele>95.8</ele><time>2022-08-06T17:05:43Z</time></trkpt><trkpt lat="58.053102" lon="38.843327"><ele>95.6</ele><time>2022-08-06T17:05:46Z</time></trkpt><trkpt lat="58.053053" lon="38.843442"><ele>95.6</ele><time>2022-08-06T17:05:49Z</time></trkpt><trkpt lat="58.053005" lon="38.843587"><ele>94.0</ele><time>2022-08-06T17:05:53Z</time></trkpt><trkpt lat="58.052965" lon="38.843707"><ele>94.8</ele><time>2022-08-06T17:05:56Z</time></trkpt><trkpt lat="58.052923" lon="38.843835"><ele>94.5</ele><time>2022-08-06T17:05:59Z</time></trkpt><trkpt lat="58.05288" lon="38.84396"><ele>94.6</ele><time>2022-08-06T17:06:02Z</time></trkpt><trkpt lat="58.052835" lon="38.844072"><ele>92.7</ele><time>2022-08-06T17:06:05Z</time></trkpt><trkpt lat="58.0528" lon="38.844198"><ele>93.9</ele><time>2022-08-06T17:06:09Z</time></trkpt><trkpt lat="58.052748" lon="38.844328"><ele>94.3</ele><time>2022-08-06T17:06:13Z</time></trkpt><trkpt lat="58.052698" lon="38.844455"><ele>93.9</ele><time>2022-08-06T17:06:16Z</time></trkpt><trkpt lat="58.052648" lon="38.844593"><ele>93.0</ele><time>2022-08-06T17:06:19Z</time></trkpt><trkpt lat="58.052595" lon="38.844743"><ele>93.4</ele><time>2022-08-06T17:06:22Z</time></trkpt><trkpt lat="58.052548" lon="38.844892"><ele>93.6</ele><time>2022-08-06T17:06:25Z</time></trkpt><trkpt lat="58.052507" lon="38.845027"><ele>94.9</ele><time>2022-08-06T17:06:28Z</time></trkpt><trkpt lat="58.05248" lon="38.845157"><ele>95.2</ele><time>2022-08-06T17:06:31Z</time></trkpt><trkpt lat="58.052452" lon="38.845298"><ele>95.2</ele><time>2022-08-06T17:06:36Z</time></trkpt><trkpt lat="58.05243" lon="38.845468"><ele>94.8</ele><time>2022-08-06T17:06:41Z</time></trkpt><trkpt lat="58.0524" lon="38.845652"><ele>94.4</ele><time>2022-08-06T17:06:44Z</time></trkpt><trkpt lat="58.05238" lon="38.845795"><ele>94.1</ele><time>2022-08-06T17:06:47Z</time></trkpt><trkpt lat="58.052362" lon="38.845932"><ele>94.2</ele><time>2022-08-06T17:06:50Z</time></trkpt><trkpt lat="58.052312" lon="38.846073"><ele>93.7</ele><time>2022-08-06T17:06:53Z</time></trkpt><trkpt lat="58.052272" lon="38.846195"><ele>94.0</ele><time>2022-08-06T17:06:56Z</time></trkpt><trkpt lat="58.052232" lon="38.846325"><ele>94.0</ele><time>2022-08-06T17:07:00Z</time></trkpt><trkpt lat="58.052163" lon="38.84638"><ele>93.1</ele><time>2022-08-06T17:07:18Z</time></trkpt><trkpt lat="58.05222" lon="38.846285"><ele>92.0</ele><time>2022-08-06T18:28:24Z</time></trkpt><trkpt lat="58.05227" lon="38.846153"><ele>91.8</ele><time>2022-08-06T18:28:32Z</time></trkpt><trkpt lat="58.052312" lon="38.846035"><ele>92.0</ele><time>2022-08-06T18:28:36Z</time></trkpt><trkpt lat="58.052345" lon="38.845915"><ele>92.1</ele><time>2022-08-06T18:28:40Z</time></trkpt><trkpt lat="58.052388" lon="38.845795"><ele>92.0</ele><time>2022-08-06T18:28:44Z</time></trkpt><trkpt lat="58.052373" lon="38.845658"><ele>92.1</ele><time>2022-08-06T18:28:47Z</time></trkpt><trkpt lat="58.05239" lon="38.845515"><ele>92.3</ele><time>2022-08-06T18:28:50Z</time></trkpt><trkpt lat="58.052412" lon="38.845373"><ele>92.3</ele><time>2022-08-06T18:28:53Z</time></trkpt><trkpt lat="58.052428" lon="38.84523"><ele>92.8</ele><time>2022-08-06T18:28:56Z</time></trkpt><trkpt lat="58.05243" lon="38.845065"><ele>93.2</ele><time>2022-08-06T18:29:00Z</time></trkpt><trkpt lat="58.052468" lon="38.844928"><ele>93.8</ele><time>2022-08-06T18:29:04Z</time></trkpt><trkpt lat="58.052523" lon="38.844788"><ele>93.1</ele><time>2022-08-06T18:29:08Z</time></trkpt><trkpt lat="58.052573" lon="38.844658"><ele>92.5</ele><time>2022-08-06T18:29:12Z</time></trkpt><trkpt lat="58.052615" lon="38.844543"><ele>92.7</ele><time>2022-08-06T18:29:15Z</time></trkpt><trkpt lat="58.052663" lon="38.844425"><ele>92.5</ele><time>2022-08-06T18:29:19Z</time></trkpt><trkpt lat="58.052712" lon="38.844312"><ele>92.6</ele><time>2022-08-06T18:29:23Z</time></trkpt><trkpt lat="58.052747" lon="38.844172"><ele>92.8</ele><time>2022-08-06T18:29:32Z</time></trkpt><trkpt lat="58.052765" lon="38.844022"><ele>92.7</ele><time>2022-08-06T18:29:35Z</time></trkpt><trkpt lat="58.052827" lon="38.843867"><ele>92.4</ele><time>2022-08-06T18:29:38Z</time></trkpt><trkpt lat="58.052875" lon="38.843763"><ele>91.8</ele><time>2022-08-06T18:29:41Z</time></trkpt><trkpt lat="58.052922" lon="38.843655"><ele>91.8</ele><time>2022-08-06T18:29:44Z</time></trkpt><trkpt lat="58.052977" lon="38.843495"><ele>92.2</ele><time>2022-08-06T18:29:47Z</time></trkpt><trkpt lat="58.05302" lon="38.843367"><ele>91.8</ele><time>2022-08-06T18:29:50Z</time></trkpt><trkpt lat="58.053077" lon="38.843223"><ele>91.9</ele><time>2022-08-06T18:29:54Z</time></trkpt><trkpt lat="58.053137" lon="38.843087"><ele>92.4</ele><time>2022-08-06T18:29:58Z</time></trkpt><trkpt lat="58.05319" lon="38.842962"><ele>92.3</ele><time>2022-08-06T18:30:01Z</time></trkpt><trkpt lat="58.053238" lon="38.842858"><ele>91.6</ele><time>2022-08-06T18:30:04Z</time></trkpt><trkpt lat="58.053282" lon="38.842717"><ele>90.5</ele><time>2022-08-06T18:30:08Z</time></trkpt><trkpt lat="58.05332" lon="38.84259"><ele>90.6</ele><time>2022-08-06T18:30:11Z</time></trkpt><trkpt lat="58.053363" lon="38.84245"><ele>90.3</ele><time>2022-08-06T18:30:14Z</time></trkpt><trkpt lat="58.05332" lon="38.84234"><ele>90.1</ele><time>2022-08-06T18:30:20Z</time></trkpt><trkpt lat="58.053287" lon="38.842217"><ele>92.4</ele><time>2022-08-06T18:31:02Z</time></trkpt><trkpt lat="58.053208" lon="38.842197"><ele>92.8</ele><time>2022-08-06T18:31:09Z</time></trkpt><trkpt lat="58.053145" lon="38.84229"><ele>92.8</ele><time>2022-08-06T18:31:15Z</time></trkpt><trkpt lat="58.053063" lon="38.842347"><ele>92.6</ele><time>2022-08-06T18:31:20Z</time></trkpt><trkpt lat="58.052982" lon="38.842355"><ele>93.3</ele><time>2022-08-06T18:31:25Z</time></trkpt><trkpt lat="58.0529" lon="38.842318"><ele>93.0</ele><time>2022-08-06T18:31:31Z</time></trkpt><trkpt lat="58.05283" lon="38.842265"><ele>93.1</ele><time>2022-08-06T18:32:21Z</time></trkpt><trkpt lat="58.052752" lon="38.842237"><ele>92.5</ele><time>2022-08-06T18:32:31Z</time></trkpt><trkpt lat="58.052682" lon="38.842178"><ele>92.7</ele><time>2022-08-06T18:32:35Z</time></trkpt><trkpt lat="58.052655" lon="38.842032"><ele>93.8</ele><time>2022-08-06T18:32:49Z</time></trkpt><trkpt lat="58.052657" lon="38.841892"><ele>93.7</ele><time>2022-08-06T18:32:59Z</time></trkpt><trkpt lat="58.052673" lon="38.841738"><ele>93.2</ele><time>2022-08-06T18:33:06Z</time></trkpt><trkpt lat="58.052712" lon="38.84162"><ele>92.6</ele><time>2022-08-06T18:33:14Z</time></trkpt><trkpt lat="58.052743" lon="38.841497"><ele>92.0</ele><time>2022-08-06T18:33:23Z</time></trkpt><trkpt lat="58.052803" lon="38.841398"><ele>91.1</ele><time>2022-08-06T18:33:31Z</time></trkpt><trkpt lat="58.052832" lon="38.841272"><ele>90.7</ele><time>2022-08-06T18:33:41Z</time></trkpt><trkpt lat="58.052865" lon="38.841137"><ele>90.4</ele><time>2022-08-06T18:33:50Z</time></trkpt><trkpt lat="58.0529" lon="38.840997"><ele>90.4</ele><time>2022-08-06T18:33:58Z</time></trkpt><trkpt lat="58.052918" lon="38.840858"><ele>90.1</ele><time>2022-08-06T18:34:04Z</time></trkpt><trkpt lat="58.05294" lon="38.840712"><ele>90.0</ele><time>2022-08-06T18:34:10Z</time></trkpt><trkpt lat="58.052977" lon="38.840588"><ele>90.3</ele><time>2022-08-06T18:34:16Z</time></trkpt><trkpt lat="58.052975" lon="38.840422"><ele>90.3</ele><time>2022-08-06T18:34:22Z</time></trkpt><trkpt lat="58.052995" lon="38.840283"><ele>91.0</ele><time>2022-08-06T18:34:28Z</time></trkpt><trkpt lat="58.053017" lon="38.840152"><ele>91.7</ele><time>2022-08-06T18:34:34Z</time></trkpt><trkpt lat="58.053015" lon="38.840007"><ele>93.1</ele><time>2022-08-06T18:34:40Z</time></trkpt><trkpt lat="58.053027" lon="38.839858"><ele>92.8</ele><time>2022-08-06T18:34:47Z</time></trkpt><trkpt lat="58.053065" lon="38.839737"><ele>92.6</ele><time>2022-08-06T18:34:54Z</time></trkpt><trkpt lat="58.053108" lon="38.839617"><ele>92.4</ele><time>2022-08-06T18:35:01Z</time></trkpt><trkpt lat="58.053153" lon="38.839482"><ele>92.5</ele><time>2022-08-06T18:35:08Z</time></trkpt><trkpt lat="58.053228" lon="38.839483"><ele>93.0</ele><time>2022-08-06T18:35:16Z</time></trkpt><trkpt lat="58.053297" lon="38.839528"><ele>93.4</ele><time>2022-08-06T18:35:22Z</time></trkpt><trkpt lat="58.053372" lon="38.839555"><ele>94.0</ele><time>2022-08-06T18:35:28Z</time></trkpt><trkpt lat="58.05345" lon="38.839533"><ele>94.2</ele><time>2022-08-06T18:35:34Z</time></trkpt><trkpt lat="58.053527" lon="38.839552"><ele>94.6</ele><time>2022-08-06T18:35:40Z</time></trkpt><trkpt lat="58.053598" lon="38.839595"><ele>94.5</ele><time>2022-08-06T18:35:46Z</time></trkpt><trkpt lat="58.053668" lon="38.839638"><ele>93.7</ele><time>2022-08-06T18:35:52Z</time></trkpt><trkpt lat="58.053737" lon="38.839732"><ele>92.7</ele><time>2022-08-06T18:35:58Z</time></trkpt><trkpt lat="58.053805" lon="38.839787"><ele>93.0</ele><time>2022-08-06T18:36:04Z</time></trkpt><trkpt lat="58.053867" lon="38.839862"><ele>91.9</ele><time>2022-08-06T18:36:10Z</time></trkpt><trkpt lat="58.053935" lon="38.839922"><ele>91.5</ele><time>2022-08-06T18:36:16Z</time></trkpt><trkpt lat="58.054008" lon="38.83999"><ele>91.1</ele><time>2022-08-06T18:36:23Z</time></trkpt><trkpt lat="58.054073" lon="38.840055"><ele>90.7</ele><time>2022-08-06T18:36:29Z</time></trkpt><trkpt lat="58.05415" lon="38.840045"><ele>90.5</ele><time>2022-08-06T18:36:37Z</time></trkpt><trkpt lat="58.054215" lon="38.83995"><ele>90.2</ele><time>2022-08-06T18:36:45Z</time></trkpt><trkpt lat="58.05425" lon="38.839832"><ele>89.6</ele><time>2022-08-06T18:36:52Z</time></trkpt><trkpt lat="58.054288" lon="38.839698"><ele>90.1</ele><time>2022-08-06T18:36:56Z</time></trkpt><trkpt lat="58.05433" lon="38.83958"><ele>90.4</ele><time>2022-08-06T18:36:59Z</time></trkpt><trkpt lat="58.054377" lon="38.83946"><ele>91.2</ele><time>2022-08-06T18:37:03Z</time></trkpt><trkpt lat="58.054417" lon="38.839332"><ele>91.1</ele><time>2022-08-06T18:37:08Z</time></trkpt><trkpt lat="58.054462" lon="38.839193"><ele>91.0</ele><time>2022-08-06T18:37:13Z</time></trkpt><trkpt lat="58.054513" lon="38.839078"><ele>90.9</ele><time>2022-08-06T18:37:17Z</time></trkpt><trkpt lat="58.054572" lon="38.83893"><ele>90.9</ele><time>2022-08-06T18:37:21Z</time></trkpt><trkpt lat="58.054613" lon="38.838805"><ele>90.9</ele><time>2022-08-06T18:37:24Z</time></trkpt><trkpt lat="58.054657" lon="38.83868"><ele>91.2</ele><time>2022-08-06T18:37:27Z</time></trkpt><trkpt lat="58.054698" lon="38.838567"><ele>90.9</ele><time>2022-08-06T18:37:30Z</time></trkpt><trkpt lat="58.054743" lon="38.838448"><ele>90.7</ele><time>2022-08-06T18:37:33Z</time></trkpt><trkpt lat="58.054795" lon="38.838332"><ele>90.8</ele><time>2022-08-06T18:37:36Z</time></trkpt><trkpt lat="58.05484" lon="38.838187"><ele>90.7</ele><time>2022-08-06T18:37:39Z</time></trkpt><trkpt lat="58.05488" lon="38.838042"><ele>91.3</ele><time>2022-08-06T18:37:42Z</time></trkpt><trkpt lat="58.054927" lon="38.8379"><ele>91.1</ele><time>2022-08-06T18:37:45Z</time></trkpt><trkpt lat="58.054985" lon="38.83776"><ele>90.7</ele><time>2022-08-06T18:37:48Z</time></trkpt><trkpt lat="58.055027" lon="38.837628"><ele>90.4</ele><time>2022-08-06T18:37:51Z</time></trkpt><trkpt lat="58.05505" lon="38.83749"><ele>90.1</ele><time>2022-08-06T18:37:54Z</time></trkpt><trkpt lat="58.055092" lon="38.837378"><ele>90.3</ele><time>2022-08-06T18:37:57Z</time></trkpt><trkpt lat="58.055135" lon="38.837235"><ele>90.3</ele><time>2022-08-06T18:38:00Z</time></trkpt><trkpt lat="58.05518" lon="38.83709"><ele>90.3</ele><time>2022-08-06T18:38:03Z</time></trkpt><trkpt lat="58.055222" lon="38.83696"><ele>90.4</ele><time>2022-08-06T18:38:07Z</time></trkpt><trkpt lat="58.05525" lon="38.83681"><ele>89.5</ele><time>2022-08-06T18:38:12Z</time></trkpt><trkpt lat="58.055285" lon="38.836682"><ele>90.7</ele><time>2022-08-06T18:38:19Z</time></trkpt><trkpt lat="58.055332" lon="38.836558"><ele>91.5</ele><time>2022-08-06T18:38:25Z</time></trkpt><trkpt lat="58.05537" lon="38.83644"><ele>91.9</ele><time>2022-08-06T18:38:31Z</time></trkpt><trkpt lat="58.055405" lon="38.836298"><ele>92.4</ele><time>2022-08-06T18:38:37Z</time></trkpt><trkpt lat="58.055452" lon="38.836162"><ele>92.6</ele><time>2022-08-06T18:38:41Z</time></trkpt><trkpt lat="58.055498" lon="38.836028"><ele>92.8</ele><time>2022-08-06T18:38:44Z</time></trkpt><trkpt lat="58.055545" lon="38.835905"><ele>93.0</ele><time>2022-08-06T18:38:47Z</time></trkpt><trkpt lat="58.055597" lon="38.83578"><ele>92.9</ele><time>2022-08-06T18:38:50Z</time></trkpt><trkpt lat="58.055637" lon="38.835625"><ele>93.3</ele><time>2022-08-06T18:38:53Z</time></trkpt><trkpt lat="58.055673" lon="38.835477"><ele>92.6</ele><time>2022-08-06T18:38:56Z</time></trkpt><trkpt lat="58.055713" lon="38.835357"><ele>92.3</ele><time>2022-08-06T18:39:00Z</time></trkpt><trkpt lat="58.055762" lon="38.83521"><ele>91.9</ele><time>2022-08-06T18:39:04Z</time></trkpt><trkpt lat="58.055802" lon="38.835095"><ele>91.7</ele><time>2022-08-06T18:39:08Z</time></trkpt><trkpt lat="58.055862" lon="38.834955"><ele>91.3</ele><time>2022-08-06T18:39:12Z</time></trkpt><trkpt lat="58.05591" lon="38.834805"><ele>91.0</ele><time>2022-08-06T18:39:15Z</time></trkpt><trkpt lat="58.055965" lon="38.834652"><ele>90.8</ele><time>2022-08-06T18:39:18Z</time></trkpt><trkpt lat="58.056003" lon="38.834527"><ele>91.2</ele><time>2022-08-06T18:39:21Z</time></trkpt><trkpt lat="58.056057" lon="38.834372"><ele>91.3</ele><time>2022-08-06T18:39:24Z</time></trkpt><trkpt lat="58.056107" lon="38.834202"><ele>91.2</ele><time>2022-08-06T18:39:27Z</time></trkpt><trkpt lat="58.056152" lon="38.834038"><ele>91.4</ele><time>2022-08-06T18:39:30Z</time></trkpt><trkpt lat="58.056192" lon="38.83389"><ele>91.3</ele><time>2022-08-06T18:39:33Z</time></trkpt><trkpt lat="58.056218" lon="38.833748"><ele>90.9</ele><time>2022-08-06T18:39:36Z</time></trkpt><trkpt lat="58.05626" lon="38.833605"><ele>90.9</ele><time>2022-08-06T18:39:39Z</time></trkpt><trkpt lat="58.056297" lon="38.833437"><ele>90.5</ele><time>2022-08-06T18:39:42Z</time></trkpt><trkpt lat="58.056342" lon="38.833287"><ele>90.4</ele><time>2022-08-06T18:39:45Z</time></trkpt><trkpt lat="58.056378" lon="38.833145"><ele>90.9</ele><time>2022-08-06T18:39:49Z</time></trkpt><trkpt lat="58.05642" lon="38.833018"><ele>92.3</ele><time>2022-08-06T18:39:52Z</time></trkpt><trkpt lat="58.056472" lon="38.832878"><ele>91.3</ele><time>2022-08-06T18:39:56Z</time></trkpt><trkpt lat="58.056505" lon="38.832747"><ele>91.4</ele><time>2022-08-06T18:40:00Z</time></trkpt><trkpt lat="58.056548" lon="38.832595"><ele>91.8</ele><time>2022-08-06T18:40:04Z</time></trkpt><trkpt lat="58.056603" lon="38.832452"><ele>92.8</ele><time>2022-08-06T18:40:10Z</time></trkpt><trkpt lat="58.056645" lon="38.83231"><ele>93.0</ele><time>2022-08-06T18:40:13Z</time></trkpt><trkpt lat="58.056692" lon="38.832183"><ele>93.5</ele><time>2022-08-06T18:40:17Z</time></trkpt><trkpt lat="58.056742" lon="38.83207"><ele>92.5</ele><time>2022-08-06T18:40:21Z</time></trkpt><trkpt lat="58.056802" lon="38.831937"><ele>92.4</ele><time>2022-08-06T18:40:24Z</time></trkpt><trkpt lat="58.056857" lon="38.831782"><ele>91.8</ele><time>2022-08-06T18:40:27Z</time></trkpt><trkpt lat="58.056898" lon="38.831662"><ele>91.4</ele><time>2022-08-06T18:40:29Z</time></trkpt><trkpt lat="58.056948" lon="38.831502"><ele>90.9</ele><time>2022-08-06T18:40:32Z</time></trkpt><trkpt lat="58.056998" lon="38.831353"><ele>90.7</ele><time>2022-08-06T18:40:36Z</time></trkpt><trkpt lat="58.057052" lon="38.831227"><ele>90.3</ele><time>2022-08-06T18:40:40Z</time></trkpt><trkpt lat="58.057122" lon="38.831175"><ele>90.6</ele><time>2022-08-06T18:40:46Z</time></trkpt><trkpt lat="58.0572" lon="38.831122"><ele>90.7</ele><time>2022-08-06T18:40:51Z</time></trkpt><trkpt lat="58.057272" lon="38.831067"><ele>91.1</ele><time>2022-08-06T18:40:55Z</time></trkpt><trkpt lat="58.057345" lon="38.830973"><ele>90.7</ele><time>2022-08-06T18:40:59Z</time></trkpt><trkpt lat="58.057402" lon="38.830848"><ele>90.4</ele><time>2022-08-06T18:41:04Z</time></trkpt><trkpt lat="58.057333" lon="38.830778"><ele>91.8</ele><time>2022-08-06T18:41:30Z</time></trkpt><trkpt lat="58.057263" lon="38.830713"><ele>93.5</ele><time>2022-08-06T18:41:48Z</time></trkpt><trkpt lat="58.057325" lon="38.830792"><ele>92.6</ele><time>2022-08-06T18:43:25Z</time></trkpt><trkpt lat="58.05735" lon="38.830925"><ele>93.0</ele><time>2022-08-06T18:43:33Z</time></trkpt><trkpt lat="58.057363" lon="38.831062"><ele>92.7</ele><time>2022-08-06T18:43:48Z</time></trkpt><trkpt lat="58.057295" lon="38.831112"><ele>91.8</ele><time>2022-08-06T18:44:01Z</time></trkpt><trkpt lat="58.05728" lon="38.831248"><ele>92.2</ele><time>2022-08-06T18:50:49Z</time></trkpt><trkpt lat="58.057208" lon="38.831333"><ele>92.1</ele><time>2022-08-06T18:50:58Z</time></trkpt><trkpt lat="58.057142" lon="38.831427"><ele>92.4</ele><time>2022-08-06T18:51:06Z</time></trkpt><trkpt lat="58.057077" lon="38.831515"><ele>92.5</ele><time>2022-08-06T18:51:15Z</time></trkpt><trkpt lat="58.057035" lon="38.831638"><ele>93.3</ele><time>2022-08-06T18:51:23Z</time></trkpt><trkpt lat="58.056995" lon="38.831762"><ele>93.5</ele><time>2022-08-06T18:51:31Z</time></trkpt><trkpt lat="58.056963" lon="38.831887"><ele>93.5</ele><time>2022-08-06T18:51:37Z</time></trkpt><trkpt lat="58.057037" lon="38.831848"><ele>91.8</ele><time>2022-08-06T18:52:30Z</time></trkpt><trkpt lat="58.057097" lon="38.831767"><ele>92.0</ele><time>2022-08-06T18:52:36Z</time></trkpt><trkpt lat="58.057158" lon="38.831683"><ele>92.3</ele><time>2022-08-06T18:52:43Z</time></trkpt><trkpt lat="58.057223" lon="38.831613"><ele>91.6</ele><time>2022-08-06T18:52:51Z</time></trkpt><trkpt lat="58.057282" lon="38.83153"><ele>91.2</ele><time>2022-08-06T18:52:59Z</time></trkpt><trkpt lat="58.057343" lon="38.831458"><ele>91.0</ele><time>2022-08-06T18:53:08Z</time></trkpt><trkpt lat="58.057403" lon="38.831373"><ele>91.1</ele><time>2022-08-06T18:53:16Z</time></trkpt><trkpt lat="58.05746" lon="38.831287"><ele>90.4</ele><time>2022-08-06T18:53:23Z</time></trkpt><trkpt lat="58.057522" lon="38.83121"><ele>90.7</ele><time>2022-08-06T18:53:30Z</time></trkpt><trkpt lat="58.057578" lon="38.831117"><ele>90.2</ele><time>2022-08-06T18:53:38Z</time></trkpt><trkpt lat="58.057618" lon="38.830988"><ele>89.7</ele><time>2022-08-06T18:53:48Z</time></trkpt><trkpt lat="58.057662" lon="38.830863"><ele>88.6</ele><time>2022-08-06T18:53:58Z</time></trkpt><trkpt lat="58.057717" lon="38.830778"><ele>88.1</ele><time>2022-08-06T18:54:05Z</time></trkpt><trkpt lat="58.057668" lon="38.830885"><ele>87.6</ele><time>2022-08-06T18:54:46Z</time></trkpt><trkpt lat="58.05761" lon="38.83098"><ele>88.6</ele><time>2022-08-06T18:54:54Z</time></trkpt><trkpt lat="58.05756" lon="38.831083"><ele>88.7</ele><time>2022-08-06T18:55:10Z</time></trkpt><trkpt lat="58.057493" lon="38.831163"><ele>89.0</ele><time>2022-08-06T18:55:20Z</time></trkpt><trkpt lat="58.057442" lon="38.831273"><ele>89.7</ele><time>2022-08-06T18:55:29Z</time></trkpt><trkpt lat="58.057372" lon="38.831202"><ele>90.4</ele><time>2022-08-06T19:07:17Z</time></trkpt><trkpt lat="58.057298" lon="38.831147"><ele>92.5</ele><time>2022-08-06T19:07:58Z</time></trkpt><trkpt lat="58.05723" lon="38.831092"><ele>93.9</ele><time>2022-08-06T19:18:41Z</time></trkpt><trkpt lat="58.05719" lon="38.830977"><ele>95.0</ele><time>2022-08-06T19:18:48Z</time></trkpt><trkpt lat="58.057197" lon="38.830827"><ele>95.3</ele><time>2022-08-06T19:18:55Z</time></trkpt><trkpt lat="58.05721" lon="38.830678"><ele>95.4</ele><time>2022-08-06T19:19:03Z</time></trkpt><trkpt lat="58.057172" lon="38.830543"><ele>95.4</ele><time>2022-08-06T19:19:11Z</time></trkpt><trkpt lat="58.057165" lon="38.830398"><ele>95.7</ele><time>2022-08-06T19:19:19Z</time></trkpt><trkpt lat="58.057235" lon="38.83033"><ele>95.4</ele><time>2022-08-06T19:19:25Z</time></trkpt><trkpt lat="58.057297" lon="38.830232"><ele>95.1</ele><time>2022-08-06T19:19:44Z</time></trkpt><trkpt lat="58.057323" lon="38.830098"><ele>95.4</ele><time>2022-08-06T19:19:52Z</time></trkpt><trkpt lat="58.057335" lon="38.82995"><ele>95.1</ele><time>2022-08-06T19:19:59Z</time></trkpt><trkpt lat="58.057258" lon="38.829868"><ele>95.4</ele><time>2022-08-06T19:20:06Z</time></trkpt><trkpt lat="58.057175" lon="38.829818"><ele>95.5</ele><time>2022-08-06T19:20:10Z</time></trkpt><trkpt lat="58.057107" lon="38.82976"><ele>95.2</ele><time>2022-08-06T19:20:13Z</time></trkpt><trkpt lat="58.057042" lon="38.829683"><ele>95.4</ele><time>2022-08-06T19:20:16Z</time></trkpt><trkpt lat="58.056957" lon="38.829637"><ele>95.4</ele><time>2022-08-06T19:20:20Z</time></trkpt><trkpt lat="58.056882" lon="38.829575"><ele>95.3</ele><time>2022-08-06T19:20:24Z</time></trkpt><trkpt lat="58.056808" lon="38.82953"><ele>95.4</ele><time>2022-08-06T19:20:28Z</time></trkpt><trkpt lat="58.056733" lon="38.829505"><ele>95.8</ele><time>2022-08-06T19:20:32Z</time></trkpt><trkpt lat="58.05666" lon="38.829447"><ele>96.6</ele><time>2022-08-06T19:20:37Z</time></trkpt><trkpt lat="58.056578" lon="38.82941"><ele>96.4</ele><time>2022-08-06T19:20:42Z</time></trkpt><trkpt lat="58.056498" lon="38.829377"><ele>96.7</ele><time>2022-08-06T19:20:48Z</time></trkpt><trkpt lat="58.056428" lon="38.829317"><ele>96.9</ele><time>2022-08-06T19:20:55Z</time></trkpt><trkpt lat="58.056358" lon="38.829267"><ele>96.6</ele><time>2022-08-06T19:21:08Z</time></trkpt><trkpt lat="58.056283" lon="38.829262"><ele>97.0</ele><time>2022-08-06T19:21:15Z</time></trkpt><trkpt lat="58.056205" lon="38.829252"><ele>96.6</ele><time>2022-08-06T19:21:22Z</time></trkpt><trkpt lat="58.056135" lon="38.829202"><ele>97.0</ele><time>2022-08-06T19:21:29Z</time></trkpt><trkpt lat="58.056072" lon="38.829135"><ele>96.9</ele><time>2022-08-06T19:21:35Z</time></trkpt><trkpt lat="58.056008" lon="38.829072"><ele>96.9</ele><time>2022-08-06T19:21:41Z</time></trkpt><trkpt lat="58.055937" lon="38.829017"><ele>96.9</ele><time>2022-08-06T19:21:48Z</time></trkpt><trkpt lat="58.055862" lon="38.82899"><ele>97.2</ele><time>2022-08-06T19:21:55Z</time></trkpt><trkpt lat="58.055795" lon="38.828933"><ele>97.0</ele><time>2022-08-06T19:22:02Z</time></trkpt><trkpt lat="58.055728" lon="38.828875"><ele>96.8</ele><time>2022-08-06T19:22:09Z</time></trkpt><trkpt lat="58.055655" lon="38.828787"><ele>98.2</ele><time>2022-08-06T19:22:16Z</time></trkpt><trkpt lat="58.05558" lon="38.82874"><ele>98.2</ele><time>2022-08-06T19:22:23Z</time></trkpt><trkpt lat="58.055517" lon="38.82867"><ele>98.6</ele><time>2022-08-06T19:22:30Z</time></trkpt><trkpt lat="58.055443" lon="38.828622"><ele>98.4</ele><time>2022-08-06T19:22:40Z</time></trkpt><trkpt lat="58.055368" lon="38.828587"><ele>98.6</ele><time>2022-08-06T19:22:48Z</time></trkpt><trkpt lat="58.055295" lon="38.828545"><ele>98.8</ele><time>2022-08-06T19:22:55Z</time></trkpt><trkpt lat="58.055223" lon="38.828503"><ele>99.0</ele><time>2022-08-06T19:23:03Z</time></trkpt><trkpt lat="58.055152" lon="38.828453"><ele>100.0</ele><time>2022-08-06T19:23:10Z</time></trkpt><trkpt lat="58.055077" lon="38.828398"><ele>100.0</ele><time>2022-08-06T19:23:16Z</time></trkpt><trkpt lat="58.055003" lon="38.82837"><ele>99.7</ele><time>2022-08-06T19:23:23Z</time></trkpt><trkpt lat="58.054935" lon="38.828298"><ele>99.7</ele><time>2022-08-06T19:23:30Z</time></trkpt><trkpt lat="58.054868" lon="38.82824"><ele>99.2</ele><time>2022-08-06T19:23:36Z</time></trkpt><trkpt lat="58.054795" lon="38.828178"><ele>98.8</ele><time>2022-08-06T19:23:42Z</time></trkpt><trkpt lat="58.054725" lon="38.828118"><ele>98.4</ele><time>2022-08-06T19:23:49Z</time></trkpt><trkpt lat="58.05465" lon="38.828102"><ele>97.7</ele><time>2022-08-06T19:23:56Z</time></trkpt><trkpt lat="58.054573" lon="38.828032"><ele>97.7</ele><time>2022-08-06T19:24:02Z</time></trkpt><trkpt lat="58.054507" lon="38.827973"><ele>97.4</ele><time>2022-08-06T19:24:08Z</time></trkpt><trkpt lat="58.054432" lon="38.82791"><ele>97.4</ele><time>2022-08-06T19:24:15Z</time></trkpt><trkpt lat="58.054353" lon="38.827857"><ele>98.3</ele><time>2022-08-06T19:24:22Z</time></trkpt><trkpt lat="58.054282" lon="38.827812"><ele>98.8</ele><time>2022-08-06T19:24:28Z</time></trkpt><trkpt lat="58.054213" lon="38.827737"><ele>98.6</ele><time>2022-08-06T19:24:34Z</time></trkpt><trkpt lat="58.054158" lon="38.827635"><ele>98.9</ele><time>2022-08-06T19:24:40Z</time></trkpt><trkpt lat="58.054105" lon="38.827517"><ele>98.5</ele><time>2022-08-06T19:24:46Z</time></trkpt><trkpt lat="58.054048" lon="38.827402"><ele>98.9</ele><time>2022-08-06T19:24:53Z</time></trkpt><trkpt lat="58.053983" lon="38.827337"><ele>98.8</ele><time>2022-08-06T19:24:59Z</time></trkpt><trkpt lat="58.053917" lon="38.82725"><ele>99.0</ele><time>2022-08-06T19:25:06Z</time></trkpt><trkpt lat="58.05386" lon="38.827158"><ele>98.7</ele><time>2022-08-06T19:25:13Z</time></trkpt><trkpt lat="58.05386" lon="38.82702"><ele>99.2</ele><time>2022-08-06T19:25:20Z</time></trkpt><trkpt lat="58.053888" lon="38.826893"><ele>99.9</ele><time>2022-08-06T19:25:26Z</time></trkpt><trkpt lat="58.053925" lon="38.826767"><ele>99.9</ele><time>2022-08-06T19:25:33Z</time></trkpt><trkpt lat="58.053942" lon="38.826628"><ele>99.6</ele><time>2022-08-06T19:26:13Z</time></trkpt><trkpt lat="58.053967" lon="38.826497"><ele>99.6</ele><time>2022-08-06T19:26:21Z</time></trkpt><trkpt lat="58.053995" lon="38.826358"><ele>100.4</ele><time>2022-08-06T19:26:29Z</time></trkpt><trkpt lat="58.054025" lon="38.826223"><ele>100.3</ele><time>2022-08-06T19:26:32Z</time></trkpt><trkpt lat="58.054048" lon="38.826067"><ele>100.3</ele><time>2022-08-06T19:26:36Z</time></trkpt><trkpt lat="58.054075" lon="38.8259"><ele>100.4</ele><time>2022-08-06T19:26:40Z</time></trkpt><trkpt lat="58.054098" lon="38.82577"><ele>100.6</ele><time>2022-08-06T19:26:44Z</time></trkpt><trkpt lat="58.054115" lon="38.825633"><ele>100.8</ele><time>2022-08-06T19:26:47Z</time></trkpt><trkpt lat="58.05413" lon="38.825493"><ele>100.6</ele><time>2022-08-06T19:26:50Z</time></trkpt><trkpt lat="58.054155" lon="38.82534"><ele>100.3</ele><time>2022-08-06T19:26:54Z</time></trkpt><trkpt lat="58.054163" lon="38.825202"><ele>100.2</ele><time>2022-08-06T19:26:57Z</time></trkpt><trkpt lat="58.05419" lon="38.825072"><ele>100.1</ele><time>2022-08-06T19:27:00Z</time></trkpt><trkpt lat="58.054218" lon="38.824942"><ele>100.2</ele><time>2022-08-06T19:27:03Z</time></trkpt><trkpt lat="58.054248" lon="38.824815"><ele>100.0</ele><time>2022-08-06T19:27:06Z</time></trkpt><trkpt lat="58.054275" lon="38.824683"><ele>100.1</ele><time>2022-08-06T19:27:09Z</time></trkpt><trkpt lat="58.05431" lon="38.824525"><ele>99.6</ele><time>2022-08-06T19:27:13Z</time></trkpt><trkpt lat="58.054348" lon="38.824377"><ele>99.1</ele><time>2022-08-06T19:27:17Z</time></trkpt><trkpt lat="58.054392" lon="38.824238"><ele>99.0</ele><time>2022-08-06T19:27:21Z</time></trkpt><trkpt lat="58.054433" lon="38.824123"><ele>99.3</ele><time>2022-08-06T19:27:25Z</time></trkpt><trkpt lat="58.054458" lon="38.823983"><ele>99.0</ele><time>2022-08-06T19:27:36Z</time></trkpt><trkpt lat="58.054467" lon="38.823827"><ele>99.0</ele><time>2022-08-06T19:27:42Z</time></trkpt><trkpt lat="58.054495" lon="38.82367"><ele>99.1</ele><time>2022-08-06T19:27:50Z</time></trkpt><trkpt lat="58.054545" lon="38.823573"><ele>98.6</ele><time>2022-08-06T19:27:54Z</time></trkpt><trkpt lat="58.054557" lon="38.82343"><ele>98.8</ele><time>2022-08-06T19:27:57Z</time></trkpt><trkpt lat="58.054573" lon="38.823278"><ele>98.8</ele><time>2022-08-06T19:28:00Z</time></trkpt><trkpt lat="58.054592" lon="38.823145"><ele>99.3</ele><time>2022-08-06T19:28:03Z</time></trkpt><trkpt lat="58.05462" lon="38.82299"><ele>99.5</ele><time>2022-08-06T19:28:06Z</time></trkpt><trkpt lat="58.054658" lon="38.822838"><ele>99.5</ele><time>2022-08-06T19:28:09Z</time></trkpt><trkpt lat="58.054693" lon="38.822705"><ele>99.5</ele><time>2022-08-06T19:28:12Z</time></trkpt><trkpt lat="58.054707" lon="38.822562"><ele>99.4</ele><time>2022-08-06T19:28:15Z</time></trkpt><trkpt lat="58.054725" lon="38.82243"><ele>99.5</ele><time>2022-08-06T19:28:18Z</time></trkpt><trkpt lat="58.054758" lon="38.822283"><ele>99.3</ele><time>2022-08-06T19:28:22Z</time></trkpt><trkpt lat="58.054768" lon="38.822143"><ele>99.2</ele><time>2022-08-06T19:28:25Z</time></trkpt><trkpt lat="58.054793" lon="38.822005"><ele>99.1</ele><time>2022-08-06T19:28:28Z</time></trkpt><trkpt lat="58.05483" lon="38.821855"><ele>99.1</ele><time>2022-08-06T19:28:32Z</time></trkpt><trkpt lat="58.054832" lon="38.821693"><ele>99.2</ele><time>2022-08-06T19:28:35Z</time></trkpt><trkpt lat="58.054843" lon="38.821525"><ele>99.3</ele><time>2022-08-06T19:28:38Z</time></trkpt><trkpt lat="58.054855" lon="38.821363"><ele>99.2</ele><time>2022-08-06T19:28:41Z</time></trkpt><trkpt lat="58.05487" lon="38.82123"><ele>98.6</ele><time>2022-08-06T19:28:44Z</time></trkpt><trkpt lat="58.054905" lon="38.821073"><ele>98.9</ele><time>2022-08-06T19:28:48Z</time></trkpt><trkpt lat="58.054918" lon="38.820895"><ele>98.6</ele><time>2022-08-06T19:28:52Z</time></trkpt><trkpt lat="58.054942" lon="38.820767"><ele>98.8</ele><time>2022-08-06T19:28:55Z</time></trkpt><trkpt lat="58.054947" lon="38.820605"><ele>99.5</ele><time>2022-08-06T19:28:59Z</time></trkpt><trkpt lat="58.054968" lon="38.82047"><ele>99.2</ele><time>2022-08-06T19:29:05Z</time></trkpt><trkpt lat="58.054993" lon="38.820338"><ele>99.5</ele><time>2022-08-06T19:29:12Z</time></trkpt><trkpt lat="58.05502" lon="38.820195"><ele>99.9</ele><time>2022-08-06T19:29:18Z</time></trkpt><trkpt lat="58.055057" lon="38.820045"><ele>99.9</ele><time>2022-08-06T19:29:24Z</time></trkpt><trkpt lat="58.055077" lon="38.819905"><ele>99.5</ele><time>2022-08-06T19:29:27Z</time></trkpt><trkpt lat="58.055087" lon="38.819767"><ele>99.3</ele><time>2022-08-06T19:29:30Z</time></trkpt><trkpt lat="58.055105" lon="38.819625"><ele>99.8</ele><time>2022-08-06T19:29:35Z</time></trkpt><trkpt lat="58.055158" lon="38.819483"><ele>99.8</ele><time>2022-08-06T19:29:39Z</time></trkpt><trkpt lat="58.055207" lon="38.819362"><ele>99.9</ele><time>2022-08-06T19:29:42Z</time></trkpt><trkpt lat="58.055255" lon="38.819255"><ele>99.7</ele><time>2022-08-06T19:29:45Z</time></trkpt><trkpt lat="58.055305" lon="38.81915"><ele>99.4</ele><time>2022-08-06T19:29:49Z</time></trkpt><trkpt lat="58.055358" lon="38.819028"><ele>99.4</ele><time>2022-08-06T19:29:54Z</time></trkpt><trkpt lat="58.05541" lon="38.818883"><ele>98.6</ele><time>2022-08-06T19:29:59Z</time></trkpt><trkpt lat="58.05546" lon="38.818747"><ele>98.2</ele><time>2022-08-06T19:30:03Z</time></trkpt><trkpt lat="58.055498" lon="38.81862"><ele>97.9</ele><time>2022-08-06T19:30:07Z</time></trkpt><trkpt lat="58.055542" lon="38.818483"><ele>98.3</ele><time>2022-08-06T19:30:12Z</time></trkpt><trkpt lat="58.05558" lon="38.818352"><ele>99.0</ele><time>2022-08-06T19:30:16Z</time></trkpt><trkpt lat="58.055625" lon="38.818203"><ele>99.4</ele><time>2022-08-06T19:30:20Z</time></trkpt><trkpt lat="58.055675" lon="38.818105"><ele>99.2</ele><time>2022-08-06T19:30:23Z</time></trkpt><trkpt lat="58.055748" lon="38.818008"><ele>100.6</ele><time>2022-08-06T19:31:21Z</time></trkpt><trkpt lat="58.055808" lon="38.817908"><ele>101.2</ele><time>2022-08-06T19:31:25Z</time></trkpt><trkpt lat="58.055867" lon="38.817792"><ele>100.8</ele><time>2022-08-06T19:31:29Z</time></trkpt><trkpt lat="58.055915" lon="38.817683"><ele>100.8</ele><time>2022-08-06T19:31:32Z</time></trkpt><trkpt lat="58.055958" lon="38.817567"><ele>100.8</ele><time>2022-08-06T19:31:35Z</time></trkpt><trkpt lat="58.056008" lon="38.817465"><ele>100.9</ele><time>2022-08-06T19:31:39Z</time></trkpt><trkpt lat="58.05606" lon="38.817332"><ele>102.2</ele><time>2022-08-06T19:31:43Z</time></trkpt><trkpt lat="58.056113" lon="38.817202"><ele>102.8</ele><time>2022-08-06T19:31:48Z</time></trkpt><trkpt lat="58.056173" lon="38.817063"><ele>103.3</ele><time>2022-08-06T19:31:52Z</time></trkpt><trkpt lat="58.056215" lon="38.816947"><ele>103.7</ele><time>2022-08-06T19:31:55Z</time></trkpt><trkpt lat="58.056265" lon="38.816823"><ele>103.5</ele><time>2022-08-06T19:32:00Z</time></trkpt><trkpt lat="58.05634" lon="38.816818"><ele>103.2</ele><time>2022-08-06T19:32:06Z</time></trkpt><trkpt lat="58.05641" lon="38.816857"><ele>103.5</ele><time>2022-08-06T19:32:13Z</time></trkpt><trkpt lat="58.056498" lon="38.81687"><ele>103.3</ele><time>2022-08-06T19:32:16Z</time></trkpt><trkpt lat="58.056577" lon="38.816863"><ele>103.2</ele><time>2022-08-06T19:32:19Z</time></trkpt><trkpt lat="58.056652" lon="38.816827"><ele>103.2</ele><time>2022-08-06T19:32:23Z</time></trkpt><trkpt lat="58.05675" lon="38.816838"><ele>103.6</ele><time>2022-08-06T19:32:27Z</time></trkpt><trkpt lat="58.056828" lon="38.816858"><ele>103.0</ele><time>2022-08-06T19:32:30Z</time></trkpt><trkpt lat="58.056912" lon="38.816888"><ele>103.2</ele><time>2022-08-06T19:32:33Z</time></trkpt><trkpt lat="58.056988" lon="38.8169"><ele>103.0</ele><time>2022-08-06T19:32:36Z</time></trkpt><trkpt lat="58.057073" lon="38.816905"><ele>102.9</ele><time>2022-08-06T19:32:40Z</time></trkpt><trkpt lat="58.057167" lon="38.816943"><ele>102.8</ele><time>2022-08-06T19:32:44Z</time></trkpt><trkpt lat="58.057245" lon="38.817"><ele>103.0</ele><time>2022-08-06T19:32:48Z</time></trkpt><trkpt lat="58.057328" lon="38.817015"><ele>102.8</ele><time>2022-08-06T19:32:53Z</time></trkpt><trkpt lat="58.057423" lon="38.817033"><ele>103.1</ele><time>2022-08-06T19:32:57Z</time></trkpt><trkpt lat="58.05751" lon="38.817053"><ele>103.0</ele><time>2022-08-06T19:33:01Z</time></trkpt><trkpt lat="58.057603" lon="38.817073"><ele>102.9</ele><time>2022-08-06T19:33:05Z</time></trkpt><trkpt lat="58.05769" lon="38.817087"><ele>102.9</ele><time>2022-08-06T19:33:09Z</time></trkpt><trkpt lat="58.057765" lon="38.817097"><ele>102.8</ele><time>2022-08-06T19:33:12Z</time></trkpt><trkpt lat="58.057842" lon="38.8171"><ele>102.6</ele><time>2022-08-06T19:33:15Z</time></trkpt><trkpt lat="58.057915" lon="38.817102"><ele>102.7</ele><time>2022-08-06T19:33:18Z</time></trkpt><trkpt lat="58.057998" lon="38.817112"><ele>102.8</ele><time>2022-08-06T19:33:21Z</time></trkpt><trkpt lat="58.058097" lon="38.817132"><ele>102.4</ele><time>2022-08-06T19:33:24Z</time></trkpt><trkpt lat="58.058185" lon="38.81716"><ele>102.5</ele><time>2022-08-06T19:33:27Z</time></trkpt><trkpt lat="58.058263" lon="38.817173"><ele>102.9</ele><time>2022-08-06T19:33:31Z</time></trkpt><trkpt lat="58.058295" lon="38.817025"><ele>103.4</ele><time>2022-08-06T19:33:42Z</time></trkpt><trkpt lat="58.058295" lon="38.816867"><ele>103.7</ele><time>2022-08-06T19:33:47Z</time></trkpt><trkpt lat="58.058373" lon="38.816812"><ele>103.8</ele><time>2022-08-06T19:33:53Z</time></trkpt><trkpt lat="58.058447" lon="38.816845"><ele>103.9</ele><time>2022-08-06T19:33:59Z</time></trkpt><trkpt lat="58.058452" lon="38.816708"><ele>104.0</ele><time>2022-08-06T19:34:08Z</time></trkpt><trkpt lat="58.058468" lon="38.81653"><ele>104.0</ele><time>2022-08-06T19:34:12Z</time></trkpt><trkpt lat="58.058472" lon="38.81637"><ele>104.1</ele><time>2022-08-06T19:34:16Z</time></trkpt><trkpt lat="58.058483" lon="38.816207"><ele>104.3</ele><time>2022-08-06T19:34:21Z</time></trkpt><trkpt lat="58.058492" lon="38.816052"><ele>104.8</ele><time>2022-08-06T19:34:25Z</time></trkpt><trkpt lat="58.058502" lon="38.815875"><ele>104.6</ele><time>2022-08-06T19:34:29Z</time></trkpt><trkpt lat="58.058513" lon="38.815715"><ele>104.2</ele><time>2022-08-06T19:34:33Z</time></trkpt><trkpt lat="58.058527" lon="38.815555"><ele>104.0</ele><time>2022-08-06T19:34:37Z</time></trkpt><trkpt lat="58.05854" lon="38.815398"><ele>103.7</ele><time>2022-08-06T19:34:41Z</time></trkpt><trkpt lat="58.058553" lon="38.815242"><ele>103.9</ele><time>2022-08-06T19:34:45Z</time></trkpt><trkpt lat="58.058568" lon="38.815075"><ele>103.9</ele><time>2022-08-06T19:34:49Z</time></trkpt><trkpt lat="58.05857" lon="38.814932"><ele>103.9</ele><time>2022-08-06T19:34:52Z</time></trkpt><trkpt lat="58.058573" lon="38.814787"><ele>104.3</ele><time>2022-08-06T19:34:55Z</time></trkpt><trkpt lat="58.058585" lon="38.81463"><ele>103.7</ele><time>2022-08-06T19:34:59Z</time></trkpt><trkpt lat="58.058598" lon="38.814455"><ele>104.0</ele><time>2022-08-06T19:35:03Z</time></trkpt><trkpt lat="58.058617" lon="38.814292"><ele>104.0</ele><time>2022-08-06T19:35:07Z</time></trkpt><trkpt lat="58.058642" lon="38.814147"><ele>104.1</ele><time>2022-08-06T19:35:11Z</time></trkpt><trkpt lat="58.058652" lon="38.813968"><ele>103.7</ele><time>2022-08-06T19:35:15Z</time></trkpt><trkpt lat="58.05866" lon="38.81382"><ele>104.2</ele><time>2022-08-06T19:35:18Z</time></trkpt><trkpt lat="58.058665" lon="38.813682"><ele>104.1</ele><time>2022-08-06T19:35:21Z</time></trkpt><trkpt lat="58.058672" lon="38.81354"><ele>104.0</ele><time>2022-08-06T19:35:24Z</time></trkpt><trkpt lat="58.05868" lon="38.813383"><ele>103.9</ele><time>2022-08-06T19:35:27Z</time></trkpt><trkpt lat="58.058687" lon="38.813232"><ele>104.3</ele><time>2022-08-06T19:35:30Z</time></trkpt><trkpt lat="58.058692" lon="38.813057"><ele>104.1</ele><time>2022-08-06T19:35:34Z</time></trkpt><trkpt lat="58.058695" lon="38.81289"><ele>104.6</ele><time>2022-08-06T19:35:38Z</time></trkpt><trkpt lat="58.058702" lon="38.812732"><ele>104.6</ele><time>2022-08-06T19:35:42Z</time></trkpt><trkpt lat="58.058715" lon="38.812582"><ele>104.6</ele><time>2022-08-06T19:35:46Z</time></trkpt><trkpt lat="58.058728" lon="38.812413"><ele>104.7</ele><time>2022-08-06T19:35:50Z</time></trkpt><trkpt lat="58.058738" lon="38.812253"><ele>104.5</ele><time>2022-08-06T19:35:54Z</time></trkpt><trkpt lat="58.058747" lon="38.812077"><ele>104.9</ele><time>2022-08-06T19:35:58Z</time></trkpt><trkpt lat="58.05876" lon="38.811898"><ele>105.1</ele><time>2022-08-06T19:36:02Z</time></trkpt><trkpt lat="58.058768" lon="38.811725"><ele>105.4</ele><time>2022-08-06T19:36:06Z</time></trkpt><trkpt lat="58.058773" lon="38.811572"><ele>105.8</ele><time>2022-08-06T19:36:09Z</time></trkpt><trkpt lat="58.058777" lon="38.81142"><ele>105.9</ele><time>2022-08-06T19:36:12Z</time></trkpt><trkpt lat="58.05878" lon="38.811252"><ele>106.2</ele><time>2022-08-06T19:36:16Z</time></trkpt><trkpt lat="58.058792" lon="38.811117"><ele>105.7</ele><time>2022-08-06T19:36:24Z</time></trkpt><trkpt lat="58.058807" lon="38.810975"><ele>105.6</ele><time>2022-08-06T19:36:30Z</time></trkpt><trkpt lat="58.058735" lon="38.810928"><ele>105.5</ele><time>2022-08-06T19:36:38Z</time></trkpt><trkpt lat="58.058672" lon="38.810997"><ele>105.5</ele><time>2022-08-06T19:36:44Z</time></trkpt><trkpt lat="58.058587" lon="38.811008"><ele>105.5</ele><time>2022-08-06T19:36:50Z</time></trkpt><trkpt lat="58.058497" lon="38.811002"><ele>105.6</ele><time>2022-08-06T19:36:53Z</time></trkpt><trkpt lat="58.058407" lon="38.810995"><ele>105.7</ele><time>2022-08-06T19:36:56Z</time></trkpt><trkpt lat="58.058322" lon="38.810995"><ele>105.6</ele><time>2022-08-06T19:36:59Z</time></trkpt><trkpt lat="58.058217" lon="38.810977"><ele>105.5</ele><time>2022-08-06T19:37:02Z</time></trkpt><trkpt lat="58.058118" lon="38.810948"><ele>105.7</ele><time>2022-08-06T19:37:05Z</time></trkpt><trkpt lat="58.058042" lon="38.810937"><ele>105.9</ele><time>2022-08-06T19:37:08Z</time></trkpt><trkpt lat="58.057955" lon="38.810928"><ele>106.2</ele><time>2022-08-06T19:37:11Z</time></trkpt><trkpt lat="58.057853" lon="38.810892"><ele>106.3</ele><time>2022-08-06T19:37:14Z</time></trkpt><trkpt lat="58.05776" lon="38.810855"><ele>106.4</ele><time>2022-08-06T19:37:17Z</time></trkpt><trkpt lat="58.057658" lon="38.810852"><ele>106.4</ele><time>2022-08-06T19:37:20Z</time></trkpt><trkpt lat="58.057558" lon="38.81083"><ele>106.4</ele><time>2022-08-06T19:37:23Z</time></trkpt><trkpt lat="58.057487" lon="38.81082"><ele>107.1</ele><time>2022-08-06T19:37:25Z</time></trkpt><trkpt lat="58.057387" lon="38.810817"><ele>106.9</ele><time>2022-08-06T19:37:28Z</time></trkpt><trkpt lat="58.057302" lon="38.810792"><ele>107.3</ele><time>2022-08-06T19:37:31Z</time></trkpt><trkpt lat="58.057217" lon="38.810795"><ele>107.5</ele><time>2022-08-06T19:37:34Z</time></trkpt><trkpt lat="58.057137" lon="38.810798"><ele>107.6</ele><time>2022-08-06T19:37:37Z</time></trkpt><trkpt lat="58.057057" lon="38.810765"><ele>107.0</ele><time>2022-08-06T19:37:40Z</time></trkpt><trkpt lat="58.056958" lon="38.81073"><ele>106.2</ele><time>2022-08-06T19:37:43Z</time></trkpt><trkpt lat="58.056888" lon="38.810697"><ele>104.8</ele><time>2022-08-06T19:37:46Z</time></trkpt><trkpt lat="58.056808" lon="38.81065"><ele>104.9</ele><time>2022-08-06T19:37:49Z</time></trkpt><trkpt lat="58.05673" lon="38.810608"><ele>105.7</ele><time>2022-08-06T19:37:53Z</time></trkpt><trkpt lat="58.056653" lon="38.810552"><ele>105.6</ele><time>2022-08-06T19:38:05Z</time></trkpt><trkpt lat="58.056565" lon="38.810522"><ele>105.4</ele><time>2022-08-06T19:38:08Z</time></trkpt><trkpt lat="58.056478" lon="38.810505"><ele>105.0</ele><time>2022-08-06T19:38:11Z</time></trkpt><trkpt lat="58.056393" lon="38.810475"><ele>104.2</ele><time>2022-08-06T19:38:14Z</time></trkpt><trkpt lat="58.056308" lon="38.810447"><ele>104.0</ele><time>2022-08-06T19:38:17Z</time></trkpt><trkpt lat="58.056228" lon="38.810422"><ele>104.2</ele><time>2022-08-06T19:38:20Z</time></trkpt><trkpt lat="58.056135" lon="38.810405"><ele>105.5</ele><time>2022-08-06T19:38:24Z</time></trkpt><trkpt lat="58.056055" lon="38.810377"><ele>105.9</ele><time>2022-08-06T19:38:27Z</time></trkpt><trkpt lat="58.055985" lon="38.810347"><ele>106.2</ele><time>2022-08-06T19:38:30Z</time></trkpt><trkpt lat="58.055907" lon="38.81033"><ele>106.3</ele><time>2022-08-06T19:38:33Z</time></trkpt><trkpt lat="58.055835" lon="38.810317"><ele>106.5</ele><time>2022-08-06T19:38:36Z</time></trkpt><trkpt lat="58.05576" lon="38.810298"><ele>106.9</ele><time>2022-08-06T19:38:39Z</time></trkpt><trkpt lat="58.055677" lon="38.81026"><ele>106.3</ele><time>2022-08-06T19:38:43Z</time></trkpt><trkpt lat="58.055605" lon="38.810227"><ele>107.0</ele><time>2022-08-06T19:39:34Z</time></trkpt><trkpt lat="58.055532" lon="38.810197"><ele>107.4</ele><time>2022-08-06T19:39:39Z</time></trkpt><trkpt lat="58.055453" lon="38.810187"><ele>107.2</ele><time>2022-08-06T19:39:45Z</time></trkpt><trkpt lat="58.055382" lon="38.810143"><ele>107.0</ele><time>2022-08-06T19:39:53Z</time></trkpt><trkpt lat="58.055387" lon="38.809968"><ele>106.7</ele><time>2022-08-06T19:40:00Z</time></trkpt><trkpt lat="58.055398" lon="38.809802"><ele>106.4</ele><time>2022-08-06T19:40:04Z</time></trkpt><trkpt lat="58.055408" lon="38.809658"><ele>106.6</ele><time>2022-08-06T19:40:07Z</time></trkpt><trkpt lat="58.055415" lon="38.809508"><ele>107.0</ele><time>2022-08-06T19:40:10Z</time></trkpt><trkpt lat="58.05543" lon="38.809342"><ele>107.5</ele><time>2022-08-06T19:40:13Z</time></trkpt><trkpt lat="58.055453" lon="38.80918"><ele>107.5</ele><time>2022-08-06T19:40:16Z</time></trkpt><trkpt lat="58.055453" lon="38.809027"><ele>107.6</ele><time>2022-08-06T19:40:19Z</time></trkpt><trkpt lat="58.05544" lon="38.808865"><ele>107.8</ele><time>2022-08-06T19:40:22Z</time></trkpt><trkpt lat="58.055453" lon="38.808715"><ele>107.7</ele><time>2022-08-06T19:40:25Z</time></trkpt><trkpt lat="58.055462" lon="38.808545"><ele>107.6</ele><time>2022-08-06T19:40:29Z</time></trkpt><trkpt lat="58.055477" lon="38.808368"><ele>107.4</ele><time>2022-08-06T19:40:33Z</time></trkpt><trkpt lat="58.055488" lon="38.80821"><ele>107.7</ele><time>2022-08-06T19:40:36Z</time></trkpt><trkpt lat="58.055505" lon="38.808062"><ele>107.3</ele><time>2022-08-06T19:40:39Z</time></trkpt><trkpt lat="58.05552" lon="38.807907"><ele>107.8</ele><time>2022-08-06T19:40:42Z</time></trkpt><trkpt lat="58.055538" lon="38.80775"><ele>107.9</ele><time>2022-08-06T19:40:45Z</time></trkpt><trkpt lat="58.055558" lon="38.807592"><ele>108.0</ele><time>2022-08-06T19:40:48Z</time></trkpt><trkpt lat="58.055567" lon="38.80745"><ele>108.0</ele><time>2022-08-06T19:40:51Z</time></trkpt><trkpt lat="58.055577" lon="38.807302"><ele>107.9</ele><time>2022-08-06T19:40:54Z</time></trkpt><trkpt lat="58.055597" lon="38.807153"><ele>108.1</ele><time>2022-08-06T19:40:58Z</time></trkpt><trkpt lat="58.055602" lon="38.806992"><ele>108.7</ele><time>2022-08-06T19:41:02Z</time></trkpt><trkpt lat="58.055612" lon="38.806818"><ele>108.9</ele><time>2022-08-06T19:41:08Z</time></trkpt><trkpt lat="58.055625" lon="38.806672"><ele>109.0</ele><time>2022-08-06T19:41:11Z</time></trkpt><trkpt lat="58.055652" lon="38.80652"><ele>108.8</ele><time>2022-08-06T19:41:15Z</time></trkpt><trkpt lat="58.05565" lon="38.806363"><ele>108.8</ele><time>2022-08-06T19:41:18Z</time></trkpt><trkpt lat="58.05566" lon="38.806222"><ele>108.7</ele><time>2022-08-06T19:41:21Z</time></trkpt><trkpt lat="58.055667" lon="38.80607"><ele>109.1</ele><time>2022-08-06T19:41:24Z</time></trkpt><trkpt lat="58.055682" lon="38.80591"><ele>109.2</ele><time>2022-08-06T19:41:27Z</time></trkpt><trkpt lat="58.055697" lon="38.805753"><ele>109.0</ele><time>2022-08-06T19:41:30Z</time></trkpt><trkpt lat="58.055708" lon="38.805605"><ele>108.8</ele><time>2022-08-06T19:41:33Z</time></trkpt><trkpt lat="58.055722" lon="38.80544"><ele>108.3</ele><time>2022-08-06T19:41:36Z</time></trkpt><trkpt lat="58.055725" lon="38.805255"><ele>108.2</ele><time>2022-08-06T19:41:39Z</time></trkpt><trkpt lat="58.05573" lon="38.805095"><ele>108.3</ele><time>2022-08-06T19:41:42Z</time></trkpt><trkpt lat="58.055752" lon="38.804942"><ele>108.4</ele><time>2022-08-06T19:41:46Z</time></trkpt><trkpt lat="58.055757" lon="38.804777"><ele>108.5</ele><time>2022-08-06T19:41:50Z</time></trkpt><trkpt lat="58.055725" lon="38.804603"><ele>108.5</ele><time>2022-08-06T19:41:53Z</time></trkpt><trkpt lat="58.055723" lon="38.804448"><ele>108.4</ele><time>2022-08-06T19:41:55Z</time></trkpt><trkpt lat="58.055735" lon="38.80428"><ele>108.5</ele><time>2022-08-06T19:41:57Z</time></trkpt><trkpt lat="58.055748" lon="38.80412"><ele>108.8</ele><time>2022-08-06T19:41:59Z</time></trkpt><trkpt lat="58.055748" lon="38.80396"><ele>108.9</ele><time>2022-08-06T19:42:01Z</time></trkpt><trkpt lat="58.055755" lon="38.803812"><ele>109.1</ele><time>2022-08-06T19:42:03Z</time></trkpt><trkpt lat="58.055765" lon="38.803633"><ele>108.7</ele><time>2022-08-06T19:42:06Z</time></trkpt><trkpt lat="58.055773" lon="38.803477"><ele>108.5</ele><time>2022-08-06T19:42:09Z</time></trkpt><trkpt lat="58.055792" lon="38.803332"><ele>108.4</ele><time>2022-08-06T19:42:12Z</time></trkpt><trkpt lat="58.055822" lon="38.803203"><ele>108.5</ele><time>2022-08-06T19:42:15Z</time></trkpt><trkpt lat="58.055847" lon="38.803072"><ele>108.3</ele><time>2022-08-06T19:42:19Z</time></trkpt><trkpt lat="58.055873" lon="38.80291"><ele>109.0</ele><time>2022-08-06T19:42:23Z</time></trkpt><trkpt lat="58.055885" lon="38.802767"><ele>108.9</ele><time>2022-08-06T19:42:26Z</time></trkpt><trkpt lat="58.055893" lon="38.802607"><ele>108.9</ele><time>2022-08-06T19:42:29Z</time></trkpt><trkpt lat="58.05591" lon="38.802445"><ele>108.9</ele><time>2022-08-06T19:42:32Z</time></trkpt><trkpt lat="58.055922" lon="38.802292"><ele>109.3</ele><time>2022-08-06T19:42:35Z</time></trkpt><trkpt lat="58.055932" lon="38.802112"><ele>109.6</ele><time>2022-08-06T19:42:38Z</time></trkpt><trkpt lat="58.055943" lon="38.801938"><ele>109.4</ele><time>2022-08-06T19:42:41Z</time></trkpt><trkpt lat="58.055965" lon="38.801782"><ele>109.2</ele><time>2022-08-06T19:42:44Z</time></trkpt><trkpt lat="58.05599" lon="38.801592"><ele>109.0</ele><time>2022-08-06T19:42:47Z</time></trkpt><trkpt lat="58.056005" lon="38.801415"><ele>108.6</ele><time>2022-08-06T19:42:50Z</time></trkpt><trkpt lat="58.056015" lon="38.801233"><ele>108.1</ele><time>2022-08-06T19:42:53Z</time></trkpt><trkpt lat="58.056022" lon="38.801035"><ele>108.0</ele><time>2022-08-06T19:42:56Z</time></trkpt><trkpt lat="58.056028" lon="38.800867"><ele>108.0</ele><time>2022-08-06T19:42:59Z</time></trkpt><trkpt lat="58.056042" lon="38.800705"><ele>108.4</ele><time>2022-08-06T19:43:02Z</time></trkpt><trkpt lat="58.056055" lon="38.800538"><ele>108.2</ele><time>2022-08-06T19:43:05Z</time></trkpt><trkpt lat="58.056062" lon="38.800357"><ele>108.1</ele><time>2022-08-06T19:43:08Z</time></trkpt><trkpt lat="58.056065" lon="38.800195"><ele>108.2</ele><time>2022-08-06T19:43:11Z</time></trkpt><trkpt lat="58.056072" lon="38.800058"><ele>108.2</ele><time>2022-08-06T19:43:14Z</time></trkpt><trkpt lat="58.056077" lon="38.799897"><ele>109.0</ele><time>2022-08-06T19:43:17Z</time></trkpt><trkpt lat="58.056085" lon="38.799755"><ele>110.4</ele><time>2022-08-06T19:43:21Z</time></trkpt><trkpt lat="58.056092" lon="38.79957"><ele>109.8</ele><time>2022-08-06T19:43:26Z</time></trkpt><trkpt lat="58.056112" lon="38.799417"><ele>109.7</ele><time>2022-08-06T19:43:29Z</time></trkpt><trkpt lat="58.056122" lon="38.799262"><ele>110.0</ele><time>2022-08-06T19:43:32Z</time></trkpt><trkpt lat="58.056128" lon="38.79911"><ele>110.3</ele><time>2022-08-06T19:43:35Z</time></trkpt><trkpt lat="58.056138" lon="38.798948"><ele>110.3</ele><time>2022-08-06T19:43:38Z</time></trkpt><trkpt lat="58.056145" lon="38.798805"><ele>110.1</ele><time>2022-08-06T19:43:41Z</time></trkpt><trkpt lat="58.056157" lon="38.79865"><ele>109.8</ele><time>2022-08-06T19:43:44Z</time></trkpt><trkpt lat="58.05617" lon="38.798492"><ele>109.7</ele><time>2022-08-06T19:43:47Z</time></trkpt><trkpt lat="58.056187" lon="38.798338"><ele>109.7</ele><time>2022-08-06T19:43:50Z</time></trkpt><trkpt lat="58.056198" lon="38.798175"><ele>109.4</ele><time>2022-08-06T19:43:53Z</time></trkpt><trkpt lat="58.056208" lon="38.79799"><ele>109.8</ele><time>2022-08-06T19:43:56Z</time></trkpt><trkpt lat="58.056218" lon="38.797807"><ele>109.2</ele><time>2022-08-06T19:43:59Z</time></trkpt><trkpt lat="58.05623" lon="38.797623"><ele>109.5</ele><time>2022-08-06T19:44:02Z</time></trkpt><trkpt lat="58.056245" lon="38.797435"><ele>109.5</ele><time>2022-08-06T19:44:05Z</time></trkpt><trkpt lat="58.056262" lon="38.797242"><ele>109.6</ele><time>2022-08-06T19:44:08Z</time></trkpt><trkpt lat="58.056268" lon="38.797053"><ele>109.4</ele><time>2022-08-06T19:44:11Z</time></trkpt><trkpt lat="58.056277" lon="38.796885"><ele>109.5</ele><time>2022-08-06T19:44:14Z</time></trkpt><trkpt lat="58.05629" lon="38.796712"><ele>109.8</ele><time>2022-08-06T19:44:17Z</time></trkpt><trkpt lat="58.056303" lon="38.796528"><ele>109.3</ele><time>2022-08-06T19:44:20Z</time></trkpt><trkpt lat="58.056318" lon="38.796342"><ele>110.6</ele><time>2022-08-06T19:44:23Z</time></trkpt><trkpt lat="58.056325" lon="38.796185"><ele>110.8</ele><time>2022-08-06T19:44:26Z</time></trkpt><trkpt lat="58.05633" lon="38.796047"><ele>110.6</ele><time>2022-08-06T19:44:29Z</time></trkpt><trkpt lat="58.056333" lon="38.79591"><ele>109.9</ele><time>2022-08-06T19:44:32Z</time></trkpt><trkpt lat="58.056328" lon="38.795752"><ele>110.1</ele><time>2022-08-06T19:44:35Z</time></trkpt><trkpt lat="58.056342" lon="38.795577"><ele>111.2</ele><time>2022-08-06T19:44:38Z</time></trkpt><trkpt lat="58.056377" lon="38.795408"><ele>112.2</ele><time>2022-08-06T19:44:41Z</time></trkpt><trkpt lat="58.056398" lon="38.795253"><ele>111.5</ele><time>2022-08-06T19:44:44Z</time></trkpt><trkpt lat="58.056405" lon="38.795103"><ele>110.3</ele><time>2022-08-06T19:44:47Z</time></trkpt><trkpt lat="58.05641" lon="38.794965"><ele>110.4</ele><time>2022-08-06T19:44:50Z</time></trkpt><trkpt lat="58.056415" lon="38.794808"><ele>109.7</ele><time>2022-08-06T19:44:54Z</time></trkpt><trkpt lat="58.056423" lon="38.79467"><ele>110.3</ele><time>2022-08-06T19:44:57Z</time></trkpt><trkpt lat="58.056427" lon="38.794523"><ele>111.3</ele><time>2022-08-06T19:45:00Z</time></trkpt><trkpt lat="58.056455" lon="38.7944"><ele>111.8</ele><time>2022-08-06T19:45:03Z</time></trkpt><trkpt lat="58.056467" lon="38.79422"><ele>111.0</ele><time>2022-08-06T19:45:06Z</time></trkpt><trkpt lat="58.056478" lon="38.794087"><ele>111.3</ele><time>2022-08-06T19:45:08Z</time></trkpt><trkpt lat="58.056483" lon="38.793908"><ele>109.9</ele><time>2022-08-06T19:45:11Z</time></trkpt><trkpt lat="58.05648" lon="38.793722"><ele>109.1</ele><time>2022-08-06T19:45:14Z</time></trkpt><trkpt lat="58.056477" lon="38.793558"><ele>106.4</ele><time>2022-08-06T19:45:17Z</time></trkpt><trkpt lat="58.056482" lon="38.793407"><ele>104.7</ele><time>2022-08-06T19:45:20Z</time></trkpt><trkpt lat="58.056488" lon="38.793255"><ele>104.4</ele><time>2022-08-06T19:45:23Z</time></trkpt><trkpt lat="58.056493" lon="38.793118"><ele>105.4</ele><time>2022-08-06T19:45:26Z</time></trkpt><trkpt lat="58.056512" lon="38.79297"><ele>105.6</ele><time>2022-08-06T19:45:31Z</time></trkpt><trkpt lat="58.056523" lon="38.792812"><ele>106.5</ele><time>2022-08-06T19:45:35Z</time></trkpt><trkpt lat="58.056532" lon="38.792627"><ele>106.9</ele><time>2022-08-06T19:45:39Z</time></trkpt><trkpt lat="58.05655" lon="38.792458"><ele>107.4</ele><time>2022-08-06T19:45:42Z</time></trkpt><trkpt lat="58.056568" lon="38.792305"><ele>106.8</ele><time>2022-08-06T19:45:45Z</time></trkpt><trkpt lat="58.056568" lon="38.792162"><ele>107.5</ele><time>2022-08-06T19:45:48Z</time></trkpt><trkpt lat="58.05657" lon="38.791998"><ele>106.5</ele><time>2022-08-06T19:45:52Z</time></trkpt><trkpt lat="58.056575" lon="38.791863"><ele>107.2</ele><time>2022-08-06T19:45:55Z</time></trkpt><trkpt lat="58.056595" lon="38.791695"><ele>107.2</ele><time>2022-08-06T19:45:59Z</time></trkpt><trkpt lat="58.0566" lon="38.791553"><ele>108.2</ele><time>2022-08-06T19:46:02Z</time></trkpt><trkpt lat="58.05661" lon="38.791395"><ele>107.9</ele><time>2022-08-06T19:46:05Z</time></trkpt><trkpt lat="58.056622" lon="38.791243"><ele>107.8</ele><time>2022-08-06T19:46:08Z</time></trkpt><trkpt lat="58.056632" lon="38.791102"><ele>107.2</ele><time>2022-08-06T19:46:11Z</time></trkpt><trkpt lat="58.056643" lon="38.790967"><ele>107.4</ele><time>2022-08-06T19:46:14Z</time></trkpt><trkpt lat="58.056653" lon="38.790832"><ele>107.7</ele><time>2022-08-06T19:46:17Z</time></trkpt><trkpt lat="58.056665" lon="38.790653"><ele>108.5</ele><time>2022-08-06T19:46:21Z</time></trkpt><trkpt lat="58.05668" lon="38.790473"><ele>108.7</ele><time>2022-08-06T19:46:25Z</time></trkpt><trkpt lat="58.056678" lon="38.790323"><ele>108.9</ele><time>2022-08-06T19:46:28Z</time></trkpt><trkpt lat="58.056693" lon="38.790158"><ele>109.1</ele><time>2022-08-06T19:46:32Z</time></trkpt><trkpt lat="58.056697" lon="38.78999"><ele>107.4</ele><time>2022-08-06T19:46:36Z</time></trkpt><trkpt lat="58.0567" lon="38.789853"><ele>107.3</ele><time>2022-08-06T19:46:39Z</time></trkpt><trkpt lat="58.0567" lon="38.789707"><ele>106.0</ele><time>2022-08-06T19:46:42Z</time></trkpt><trkpt lat="58.05671" lon="38.789562"><ele>106.5</ele><time>2022-08-06T19:46:45Z</time></trkpt><trkpt lat="58.056725" lon="38.789405"><ele>106.3</ele><time>2022-08-06T19:46:48Z</time></trkpt><trkpt lat="58.056735" lon="38.789253"><ele>106.0</ele><time>2022-08-06T19:46:51Z</time></trkpt><trkpt lat="58.056747" lon="38.789105"><ele>105.9</ele><time>2022-08-06T19:46:54Z</time></trkpt><trkpt lat="58.056752" lon="38.788953"><ele>106.5</ele><time>2022-08-06T19:46:57Z</time></trkpt><trkpt lat="58.056763" lon="38.788788"><ele>110.2</ele><time>2022-08-06T19:47:00Z</time></trkpt><trkpt lat="58.056793" lon="38.788653"><ele>110.0</ele><time>2022-08-06T19:47:03Z</time></trkpt><trkpt lat="58.056828" lon="38.788515"><ele>109.2</ele><time>2022-08-06T19:47:07Z</time></trkpt><trkpt lat="58.056847" lon="38.788323"><ele>109.8</ele><time>2022-08-06T19:47:10Z</time></trkpt><trkpt lat="58.056863" lon="38.788143"><ele>109.5</ele><time>2022-08-06T19:47:13Z</time></trkpt><trkpt lat="58.056875" lon="38.788003"><ele>109.9</ele><time>2022-08-06T19:47:16Z</time></trkpt><trkpt lat="58.056875" lon="38.787855"><ele>110.3</ele><time>2022-08-06T19:47:19Z</time></trkpt><trkpt lat="58.05688" lon="38.787717"><ele>110.4</ele><time>2022-08-06T19:47:22Z</time></trkpt><trkpt lat="58.056895" lon="38.787535"><ele>111.0</ele><time>2022-08-06T19:47:25Z</time></trkpt><trkpt lat="58.056913" lon="38.787372"><ele>112.2</ele><time>2022-08-06T19:47:28Z</time></trkpt><trkpt lat="58.05693" lon="38.78718"><ele>111.5</ele><time>2022-08-06T19:47:31Z</time></trkpt><trkpt lat="58.05695" lon="38.786985"><ele>111.6</ele><time>2022-08-06T19:47:34Z</time></trkpt><trkpt lat="58.056955" lon="38.786822"><ele>111.3</ele><time>2022-08-06T19:47:37Z</time></trkpt><trkpt lat="58.056967" lon="38.78665"><ele>110.6</ele><time>2022-08-06T19:47:40Z</time></trkpt><trkpt lat="58.056965" lon="38.78648"><ele>109.2</ele><time>2022-08-06T19:47:43Z</time></trkpt><trkpt lat="58.056963" lon="38.78631"><ele>109.4</ele><time>2022-08-06T19:47:46Z</time></trkpt><trkpt lat="58.056973" lon="38.786128"><ele>108.9</ele><time>2022-08-06T19:47:49Z</time></trkpt><trkpt lat="58.056992" lon="38.78593"><ele>109.1</ele><time>2022-08-06T19:47:52Z</time></trkpt><trkpt lat="58.057023" lon="38.785737"><ele>110.3</ele><time>2022-08-06T19:47:55Z</time></trkpt><trkpt lat="58.05704" lon="38.785603"><ele>110.4</ele><time>2022-08-06T19:47:57Z</time></trkpt><trkpt lat="58.05706" lon="38.785437"><ele>110.3</ele><time>2022-08-06T19:48:00Z</time></trkpt><trkpt lat="58.057038" lon="38.785253"><ele>107.8</ele><time>2022-08-06T19:48:03Z</time></trkpt><trkpt lat="58.057012" lon="38.785098"><ele>105.9</ele><time>2022-08-06T19:48:06Z</time></trkpt><trkpt lat="58.05705" lon="38.784942"><ele>105.3</ele><time>2022-08-06T19:48:11Z</time></trkpt><trkpt lat="58.057063" lon="38.784803"><ele>104.3</ele><time>2022-08-06T19:48:14Z</time></trkpt><trkpt lat="58.057098" lon="38.78468"><ele>103.6</ele><time>2022-08-06T19:48:17Z</time></trkpt><trkpt lat="58.057142" lon="38.784563"><ele>103.4</ele><time>2022-08-06T19:48:21Z</time></trkpt><trkpt lat="58.057205" lon="38.784445"><ele>103.4</ele><time>2022-08-06T19:48:24Z</time></trkpt><trkpt lat="58.057263" lon="38.784283"><ele>103.7</ele><time>2022-08-06T19:48:27Z</time></trkpt><trkpt lat="58.057302" lon="38.784167"><ele>103.8</ele><time>2022-08-06T19:48:29Z</time></trkpt><trkpt lat="58.057355" lon="38.783998"><ele>104.4</ele><time>2022-08-06T19:48:32Z</time></trkpt><trkpt lat="58.057408" lon="38.783838"><ele>104.6</ele><time>2022-08-06T19:48:35Z</time></trkpt><trkpt lat="58.057467" lon="38.783667"><ele>105.4</ele><time>2022-08-06T19:48:38Z</time></trkpt><trkpt lat="58.057522" lon="38.783515"><ele>105.6</ele><time>2022-08-06T19:48:41Z</time></trkpt><trkpt lat="58.057572" lon="38.783372"><ele>106.2</ele><time>2022-08-06T19:48:44Z</time></trkpt><trkpt lat="58.057618" lon="38.783235"><ele>106.5</ele><time>2022-08-06T19:48:47Z</time></trkpt><trkpt lat="58.057672" lon="38.783093"><ele>106.5</ele><time>2022-08-06T19:48:50Z</time></trkpt><trkpt lat="58.057718" lon="38.782945"><ele>106.5</ele><time>2022-08-06T19:48:53Z</time></trkpt><trkpt lat="58.057765" lon="38.782795"><ele>106.7</ele><time>2022-08-06T19:48:56Z</time></trkpt><trkpt lat="58.057813" lon="38.78265"><ele>107.3</ele><time>2022-08-06T19:48:59Z</time></trkpt><trkpt lat="58.05786" lon="38.782513"><ele>106.7</ele><time>2022-08-06T19:49:02Z</time></trkpt><trkpt lat="58.057915" lon="38.782355"><ele>107.9</ele><time>2022-08-06T19:49:05Z</time></trkpt><trkpt lat="58.05797" lon="38.782203"><ele>107.5</ele><time>2022-08-06T19:49:08Z</time></trkpt><trkpt lat="58.058012" lon="38.782058"><ele>108.3</ele><time>2022-08-06T19:49:11Z</time></trkpt><trkpt lat="58.058058" lon="38.781907"><ele>108.2</ele><time>2022-08-06T19:49:14Z</time></trkpt><trkpt lat="58.058103" lon="38.781753"><ele>109.3</ele><time>2022-08-06T19:49:18Z</time></trkpt><trkpt lat="58.05815" lon="38.781632"><ele>109.0</ele><time>2022-08-06T19:49:21Z</time></trkpt><trkpt lat="58.05819" lon="38.781513"><ele>109.2</ele><time>2022-08-06T19:49:24Z</time></trkpt><trkpt lat="58.058202" lon="38.781372"><ele>108.6</ele><time>2022-08-06T19:49:28Z</time></trkpt><trkpt lat="58.058185" lon="38.781217"><ele>108.0</ele><time>2022-08-06T19:49:32Z</time></trkpt><trkpt lat="58.058165" lon="38.781063"><ele>107.7</ele><time>2022-08-06T19:49:36Z</time></trkpt><trkpt lat="58.058148" lon="38.780893"><ele>107.2</ele><time>2022-08-06T19:49:40Z</time></trkpt><trkpt lat="58.058115" lon="38.780755"><ele>109.2</ele><time>2022-08-06T19:49:44Z</time></trkpt><trkpt lat="58.058053" lon="38.780642"><ele>109.7</ele><time>2022-08-06T19:49:48Z</time></trkpt><trkpt lat="58.058083" lon="38.780507"><ele>108.5</ele><time>2022-08-06T19:49:51Z</time></trkpt><trkpt lat="58.058125" lon="38.78036"><ele>108.1</ele><time>2022-08-06T19:49:54Z</time></trkpt><trkpt lat="58.058173" lon="38.780213"><ele>108.5</ele><time>2022-08-06T19:49:57Z</time></trkpt><trkpt lat="58.058227" lon="38.780068"><ele>108.7</ele><time>2022-08-06T19:50:00Z</time></trkpt><trkpt lat="58.058282" lon="38.77992"><ele>109.9</ele><time>2022-08-06T19:50:03Z</time></trkpt><trkpt lat="58.058342" lon="38.779763"><ele>110.0</ele><time>2022-08-06T19:50:06Z</time></trkpt><trkpt lat="58.058393" lon="38.77961"><ele>111.3</ele><time>2022-08-06T19:50:09Z</time></trkpt><trkpt lat="58.058432" lon="38.779473"><ele>110.1</ele><time>2022-08-06T19:50:12Z</time></trkpt><trkpt lat="58.058462" lon="38.779345"><ele>109.3</ele><time>2022-08-06T19:50:15Z</time></trkpt><trkpt lat="58.05851" lon="38.779232"><ele>108.6</ele><time>2022-08-06T19:50:18Z</time></trkpt><trkpt lat="58.058558" lon="38.779098"><ele>108.9</ele><time>2022-08-06T19:50:22Z</time></trkpt><trkpt lat="58.058598" lon="38.77896"><ele>108.8</ele><time>2022-08-06T19:50:26Z</time></trkpt><trkpt lat="58.058652" lon="38.778807"><ele>108.8</ele><time>2022-08-06T19:50:29Z</time></trkpt><trkpt lat="58.058707" lon="38.778667"><ele>108.8</ele><time>2022-08-06T19:50:32Z</time></trkpt><trkpt lat="58.058765" lon="38.778538"><ele>108.2</ele><time>2022-08-06T19:50:35Z</time></trkpt><trkpt lat="58.058812" lon="38.778395"><ele>108.2</ele><time>2022-08-06T19:50:38Z</time></trkpt><trkpt lat="58.058867" lon="38.778247"><ele>108.5</ele><time>2022-08-06T19:50:41Z</time></trkpt><trkpt lat="58.058912" lon="38.778113"><ele>108.1</ele><time>2022-08-06T19:50:44Z</time></trkpt><trkpt lat="58.058962" lon="38.777972"><ele>108.3</ele><time>2022-08-06T19:50:47Z</time></trkpt><trkpt lat="58.059017" lon="38.777843"><ele>109.7</ele><time>2022-08-06T19:50:50Z</time></trkpt><trkpt lat="58.058972" lon="38.777737"><ele>114.1</ele><time>2022-08-06T19:51:36Z</time></trkpt><trkpt lat="58.058898" lon="38.777698"><ele>108.9</ele><time>2022-08-06T19:51:53Z</time></trkpt><trkpt lat="58.05896" lon="38.777807"><ele>108.4</ele><time>2022-08-06T19:52:11Z</time></trkpt><trkpt lat="58.058923" lon="38.777505"><ele>108.4</ele><time>2022-08-06T19:52:22Z</time></trkpt><trkpt lat="58.058967" lon="38.777617"><ele>107.2</ele><time>2022-08-06T19:53:43Z</time></trkpt><trkpt lat="58.058993" lon="38.777762"><ele>107.5</ele><time>2022-08-06T19:54:46Z</time></trkpt><trkpt lat="58.058942" lon="38.777635"><ele>108.0</ele><time>2022-08-06T19:54:48Z</time></trkpt><trkpt lat="58.058982" lon="38.777768"><ele>107.8</ele><time>2022-08-06T19:54:54Z</time></trkpt><trkpt lat="58.058942" lon="38.777638"><ele>108.1</ele><time>2022-08-06T19:54:55Z</time></trkpt><trkpt lat="58.058893" lon="38.777918"><ele>107.8</ele><time>2022-08-06T19:55:02Z</time></trkpt><trkpt lat="58.058743" lon="38.777948"><ele>107.8</ele><time>2022-08-06T20:09:33Z</time></trkpt><trkpt lat="58.05886" lon="38.778002"><ele>108.2</ele><time>2022-08-06T20:09:42Z</time></trkpt><trkpt lat="58.058907" lon="38.777842"><ele>107.8</ele><time>2022-08-06T20:10:34Z</time></trkpt><trkpt lat="58.059252" lon="38.778158"><ele>107.5</ele><time>2022-08-06T20:21:04Z</time></trkpt><trkpt lat="58.059017" lon="38.777917"><ele>108.0</ele><time>2022-08-06T20:21:05Z</time></trkpt><trkpt lat="58.05909" lon="38.777782"><ele>108.4</ele><time>2022-08-06T20:29:33Z</time></trkpt><trkpt lat="58.05901" lon="38.777848"><ele>107.4</ele><time>2022-08-06T20:29:37Z</time></trkpt><trkpt lat="58.058893" lon="38.777918"><ele>107.4</ele><time>2022-08-06T20:31:09Z</time></trkpt><trkpt lat="58.058968" lon="38.777893"><ele>109.8</ele><time>2022-08-06T20:31:11Z</time></trkpt><trkpt lat="58.05891" lon="38.778152"><ele>107.0</ele><time>2022-08-06T20:32:58Z</time></trkpt><trkpt lat="58.058947" lon="38.777977"><ele>107.3</ele><time>2022-08-06T20:32:59Z</time></trkpt><trkpt lat="58.0589" lon="38.777873"><ele>113.5</ele><time>2022-08-06T21:30:35Z</time></trkpt><trkpt lat="58.058848" lon="38.777767"><ele>112.1</ele><time>2022-08-06T21:30:43Z</time></trkpt><trkpt lat="58.05884" lon="38.777907"><ele>112.1</ele><time>2022-08-06T21:30:58Z</time></trkpt><trkpt lat="58.058917" lon="38.777977"><ele>122.3</ele><time>2022-08-06T21:31:16Z</time></trkpt><trkpt lat="58.058883" lon="38.778102"><ele>124.7</ele><time>2022-08-06T21:35:57Z</time></trkpt><trkpt lat="58.058955" lon="38.77812"><ele>121.1</ele><time>2022-08-06T21:36:08Z</time></trkpt><trkpt lat="58.059038" lon="38.77814"><ele>115.0</ele><time>2022-08-06T21:36:12Z</time></trkpt><trkpt lat="58.059013" lon="38.778008"><ele>108.3</ele><time>2022-08-06T21:36:18Z</time></trkpt><trkpt lat="58.058937" lon="38.777998"><ele>110.8</ele><time>2022-08-06T21:36:22Z</time></trkpt><trkpt lat="58.058888" lon="38.777855"><ele>111.2</ele><time>2022-08-06T21:36:28Z</time></trkpt><trkpt lat="58.058943" lon="38.777732"><ele>108.7</ele><time>2022-08-06T21:39:32Z</time></trkpt><trkpt lat="58.059028" lon="38.777668"><ele>108.1</ele><time>2022-08-06T21:39:36Z</time></trkpt><trkpt lat="58.058893" lon="38.777918"><ele>107.9</ele><time>2022-08-06T21:39:46Z</time></trkpt><trkpt lat="58.058507" lon="38.779963"><ele>106.7</ele><time>2022-08-06T21:42:36Z</time></trkpt><trkpt lat="58.058968" lon="38.777805"><ele>106.9</ele><time>2022-08-06T21:42:40Z</time></trkpt><trkpt lat="58.05901" lon="38.77793"><ele>115.2</ele><time>2022-08-06T21:42:44Z</time></trkpt><trkpt lat="58.058952" lon="38.778052"><ele>118.5</ele><time>2022-08-06T21:42:48Z</time></trkpt><trkpt lat="58.05891" lon="38.778187"><ele>118.3</ele><time>2022-08-06T21:42:52Z</time></trkpt><trkpt lat="58.058862" lon="38.778302"><ele>116.9</ele><time>2022-08-06T21:43:02Z</time></trkpt><trkpt lat="58.0588" lon="38.778433"><ele>118.6</ele><time>2022-08-06T21:43:06Z</time></trkpt><trkpt lat="58.058767" lon="38.778557"><ele>118.8</ele><time>2022-08-06T21:43:08Z</time></trkpt><trkpt lat="58.058732" lon="38.778675"><ele>118.3</ele><time>2022-08-06T21:43:10Z</time></trkpt><trkpt lat="58.058672" lon="38.778845"><ele>118.9</ele><time>2022-08-06T21:43:13Z</time></trkpt><trkpt lat="58.058628" lon="38.77898"><ele>118.9</ele><time>2022-08-06T21:43:15Z</time></trkpt><trkpt lat="58.05857" lon="38.779112"><ele>117.7</ele><time>2022-08-06T21:43:18Z</time></trkpt><trkpt lat="58.0585" lon="38.779237"><ele>116.5</ele><time>2022-08-06T21:43:21Z</time></trkpt><trkpt lat="58.058458" lon="38.779367"><ele>116.6</ele><time>2022-08-06T21:43:24Z</time></trkpt><trkpt lat="58.058513" lon="38.77953"><ele>116.8</ele><time>2022-08-06T21:43:27Z</time></trkpt><trkpt lat="58.058577" lon="38.779617"><ele>117.0</ele><time>2022-08-06T21:43:29Z</time></trkpt><trkpt lat="58.058652" lon="38.7797"><ele>117.0</ele><time>2022-08-06T21:43:31Z</time></trkpt><trkpt lat="58.058722" lon="38.779768"><ele>117.0</ele><time>2022-08-06T21:43:33Z</time></trkpt><trkpt lat="58.058792" lon="38.779825"><ele>117.0</ele><time>2022-08-06T21:43:35Z</time></trkpt><trkpt lat="58.058838" lon="38.779943"><ele>116.9</ele><time>2022-08-06T21:43:39Z</time></trkpt><trkpt lat="58.058768" lon="38.779992"><ele>118.3</ele><time>2022-08-06T21:43:52Z</time></trkpt><trkpt lat="58.058705" lon="38.780147"><ele>118.8</ele><time>2022-08-06T21:43:56Z</time></trkpt><trkpt lat="58.058658" lon="38.780275"><ele>119.1</ele><time>2022-08-06T21:43:58Z</time></trkpt><trkpt lat="58.058607" lon="38.780418"><ele>119.4</ele><time>2022-08-06T21:44:00Z</time></trkpt><trkpt lat="58.058555" lon="38.780568"><ele>119.6</ele><time>2022-08-06T21:44:02Z</time></trkpt><trkpt lat="58.05851" lon="38.780718"><ele>119.6</ele><time>2022-08-06T21:44:04Z</time></trkpt><trkpt lat="58.058472" lon="38.78086"><ele>119.3</ele><time>2022-08-06T21:44:06Z</time></trkpt><trkpt lat="58.058435" lon="38.780997"><ele>119.5</ele><time>2022-08-06T21:44:08Z</time></trkpt><trkpt lat="58.058398" lon="38.781132"><ele>120.1</ele><time>2022-08-06T21:44:10Z</time></trkpt><trkpt lat="58.05836" lon="38.781265"><ele>119.6</ele><time>2022-08-06T21:44:12Z</time></trkpt><trkpt lat="58.058313" lon="38.781383"><ele>118.0</ele><time>2022-08-06T21:44:14Z</time></trkpt><trkpt lat="58.058263" lon="38.781503"><ele>116.7</ele><time>2022-08-06T21:44:16Z</time></trkpt><trkpt lat="58.058217" lon="38.781622"><ele>115.5</ele><time>2022-08-06T21:44:18Z</time></trkpt><trkpt lat="58.058178" lon="38.781747"><ele>115.4</ele><time>2022-08-06T21:44:20Z</time></trkpt><trkpt lat="58.058125" lon="38.781913"><ele>115.6</ele><time>2022-08-06T21:44:23Z</time></trkpt><trkpt lat="58.058083" lon="38.782032"><ele>115.8</ele><time>2022-08-06T21:44:25Z</time></trkpt><trkpt lat="58.058043" lon="38.782153"><ele>116.2</ele><time>2022-08-06T21:44:27Z</time></trkpt><trkpt lat="58.058007" lon="38.78228"><ele>116.9</ele><time>2022-08-06T21:44:29Z</time></trkpt><trkpt lat="58.057972" lon="38.782402"><ele>117.1</ele><time>2022-08-06T21:44:31Z</time></trkpt><trkpt lat="58.057933" lon="38.78252"><ele>116.1</ele><time>2022-08-06T21:44:33Z</time></trkpt><trkpt lat="58.05789" lon="38.782647"><ele>115.9</ele><time>2022-08-06T21:44:35Z</time></trkpt><trkpt lat="58.057842" lon="38.782768"><ele>115.8</ele><time>2022-08-06T21:44:37Z</time></trkpt><trkpt lat="58.057797" lon="38.782885"><ele>115.3</ele><time>2022-08-06T21:44:39Z</time></trkpt><trkpt lat="58.057753" lon="38.783008"><ele>114.7</ele><time>2022-08-06T21:44:41Z</time></trkpt><trkpt lat="58.057705" lon="38.78314"><ele>115.0</ele><time>2022-08-06T21:44:43Z</time></trkpt><trkpt lat="58.057657" lon="38.783267"><ele>115.7</ele><time>2022-08-06T21:44:45Z</time></trkpt><trkpt lat="58.057612" lon="38.783388"><ele>115.6</ele><time>2022-08-06T21:44:47Z</time></trkpt><trkpt lat="58.057565" lon="38.78351"><ele>115.1</ele><time>2022-08-06T21:44:49Z</time></trkpt><trkpt lat="58.057518" lon="38.78363"><ele>114.7</ele><time>2022-08-06T21:44:51Z</time></trkpt><trkpt lat="58.057475" lon="38.783752"><ele>114.9</ele><time>2022-08-06T21:44:53Z</time></trkpt><trkpt lat="58.057428" lon="38.783875"><ele>115.0</ele><time>2022-08-06T21:44:55Z</time></trkpt><trkpt lat="58.057385" lon="38.784005"><ele>115.0</ele><time>2022-08-06T21:44:57Z</time></trkpt><trkpt lat="58.057345" lon="38.784137"><ele>114.7</ele><time>2022-08-06T21:44:59Z</time></trkpt><trkpt lat="58.057303" lon="38.784267"><ele>115.4</ele><time>2022-08-06T21:45:01Z</time></trkpt><trkpt lat="58.057253" lon="38.784407"><ele>114.7</ele><time>2022-08-06T21:45:04Z</time></trkpt><trkpt lat="58.057202" lon="38.784543"><ele>114.1</ele><time>2022-08-06T21:45:09Z</time></trkpt><trkpt lat="58.057147" lon="38.784638"><ele>113.5</ele><time>2022-08-06T21:45:15Z</time></trkpt><trkpt lat="58.057108" lon="38.784793"><ele>113.2</ele><time>2022-08-06T21:45:18Z</time></trkpt><trkpt lat="58.057073" lon="38.784917"><ele>114.0</ele><time>2022-08-06T21:45:20Z</time></trkpt><trkpt lat="58.057027" lon="38.785073"><ele>113.7</ele><time>2022-08-06T21:45:23Z</time></trkpt><trkpt lat="58.057028" lon="38.785265"><ele>111.8</ele><time>2022-08-06T21:45:26Z</time></trkpt><trkpt lat="58.057032" lon="38.785438"><ele>111.4</ele><time>2022-08-06T21:45:28Z</time></trkpt><trkpt lat="58.056998" lon="38.785662"><ele>111.8</ele><time>2022-08-06T21:45:30Z</time></trkpt><trkpt lat="58.056972" lon="38.785838"><ele>112.5</ele><time>2022-08-06T21:45:32Z</time></trkpt><trkpt lat="58.056977" lon="38.786008"><ele>111.0</ele><time>2022-08-06T21:45:34Z</time></trkpt><trkpt lat="58.056977" lon="38.786187"><ele>111.7</ele><time>2022-08-06T21:45:36Z</time></trkpt><trkpt lat="58.056973" lon="38.786343"><ele>111.9</ele><time>2022-08-06T21:45:38Z</time></trkpt><trkpt lat="58.056987" lon="38.786497"><ele>112.2</ele><time>2022-08-06T21:45:40Z</time></trkpt><trkpt lat="58.056965" lon="38.786667"><ele>113.8</ele><time>2022-08-06T21:45:42Z</time></trkpt><trkpt lat="58.056945" lon="38.78683"><ele>112.7</ele><time>2022-08-06T21:45:44Z</time></trkpt><trkpt lat="58.056925" lon="38.786977"><ele>112.2</ele><time>2022-08-06T21:45:46Z</time></trkpt><trkpt lat="58.056918" lon="38.78714"><ele>111.8</ele><time>2022-08-06T21:45:48Z</time></trkpt><trkpt lat="58.056913" lon="38.787315"><ele>110.9</ele><time>2022-08-06T21:45:50Z</time></trkpt><trkpt lat="58.056893" lon="38.787492"><ele>110.1</ele><time>2022-08-06T21:45:52Z</time></trkpt><trkpt lat="58.056888" lon="38.787673"><ele>109.7</ele><time>2022-08-06T21:45:54Z</time></trkpt><trkpt lat="58.056873" lon="38.787855"><ele>110.1</ele><time>2022-08-06T21:45:56Z</time></trkpt><trkpt lat="58.056868" lon="38.788042"><ele>110.8</ele><time>2022-08-06T21:45:58Z</time></trkpt><trkpt lat="58.056865" lon="38.78822"><ele>110.8</ele><time>2022-08-06T21:46:01Z</time></trkpt><trkpt lat="58.056872" lon="38.788388"><ele>111.3</ele><time>2022-08-06T21:46:04Z</time></trkpt><trkpt lat="58.056865" lon="38.788545"><ele>111.8</ele><time>2022-08-06T21:46:08Z</time></trkpt><trkpt lat="58.056865" lon="38.78873"><ele>112.6</ele><time>2022-08-06T21:46:16Z</time></trkpt><trkpt lat="58.056853" lon="38.788873"><ele>111.9</ele><time>2022-08-06T21:46:18Z</time></trkpt><trkpt lat="58.056825" lon="38.789005"><ele>112.0</ele><time>2022-08-06T21:46:20Z</time></trkpt><trkpt lat="58.056778" lon="38.789118"><ele>110.9</ele><time>2022-08-06T21:46:24Z</time></trkpt><trkpt lat="58.056763" lon="38.789258"><ele>111.8</ele><time>2022-08-06T21:46:27Z</time></trkpt><trkpt lat="58.05676" lon="38.789397"><ele>111.8</ele><time>2022-08-06T21:46:29Z</time></trkpt><trkpt lat="58.056755" lon="38.789542"><ele>112.0</ele><time>2022-08-06T21:46:31Z</time></trkpt><trkpt lat="58.05675" lon="38.789683"><ele>112.0</ele><time>2022-08-06T21:46:33Z</time></trkpt><trkpt lat="58.056738" lon="38.789882"><ele>111.6</ele><time>2022-08-06T21:46:35Z</time></trkpt><trkpt lat="58.056727" lon="38.79009"><ele>113.0</ele><time>2022-08-06T21:46:37Z</time></trkpt><trkpt lat="58.05672" lon="38.790317"><ele>113.5</ele><time>2022-08-06T21:46:39Z</time></trkpt><trkpt lat="58.056703" lon="38.79055"><ele>113.2</ele><time>2022-08-06T21:46:41Z</time></trkpt><trkpt lat="58.056687" lon="38.790747"><ele>113.2</ele><time>2022-08-06T21:46:43Z</time></trkpt><trkpt lat="58.056677" lon="38.79093"><ele>113.0</ele><time>2022-08-06T21:46:45Z</time></trkpt><trkpt lat="58.056662" lon="38.791097"><ele>112.4</ele><time>2022-08-06T21:46:47Z</time></trkpt><trkpt lat="58.056635" lon="38.791282"><ele>112.2</ele><time>2022-08-06T21:46:49Z</time></trkpt><trkpt lat="58.056607" lon="38.791458"><ele>111.2</ele><time>2022-08-06T21:46:51Z</time></trkpt><trkpt lat="58.056597" lon="38.791663"><ele>109.1</ele><time>2022-08-06T21:46:53Z</time></trkpt><trkpt lat="58.056585" lon="38.791865"><ele>111.3</ele><time>2022-08-06T21:46:55Z</time></trkpt><trkpt lat="58.056568" lon="38.792125"><ele>110.9</ele><time>2022-08-06T21:46:57Z</time></trkpt><trkpt lat="58.05655" lon="38.792335"><ele>111.9</ele><time>2022-08-06T21:46:59Z</time></trkpt><trkpt lat="58.05653" lon="38.792552"><ele>110.7</ele><time>2022-08-06T21:47:01Z</time></trkpt><trkpt lat="58.056513" lon="38.792762"><ele>109.3</ele><time>2022-08-06T21:47:03Z</time></trkpt><trkpt lat="58.0565" lon="38.79295"><ele>107.9</ele><time>2022-08-06T21:47:05Z</time></trkpt><trkpt lat="58.056477" lon="38.793137"><ele>106.3</ele><time>2022-08-06T21:47:07Z</time></trkpt><trkpt lat="58.056465" lon="38.79333"><ele>106.6</ele><time>2022-08-06T21:47:09Z</time></trkpt><trkpt lat="58.056448" lon="38.793527"><ele>105.2</ele><time>2022-08-06T21:47:11Z</time></trkpt><trkpt lat="58.056453" lon="38.793752"><ele>105.1</ele><time>2022-08-06T21:47:13Z</time></trkpt><trkpt lat="58.056443" lon="38.793973"><ele>106.9</ele><time>2022-08-06T21:47:15Z</time></trkpt><trkpt lat="58.056407" lon="38.794193"><ele>108.8</ele><time>2022-08-06T21:47:17Z</time></trkpt><trkpt lat="58.056393" lon="38.794388"><ele>108.8</ele><time>2022-08-06T21:47:19Z</time></trkpt><trkpt lat="58.056388" lon="38.794572"><ele>109.7</ele><time>2022-08-06T21:47:21Z</time></trkpt><trkpt lat="58.056378" lon="38.794755"><ele>109.9</ele><time>2022-08-06T21:47:23Z</time></trkpt><trkpt lat="58.056373" lon="38.794937"><ele>110.2</ele><time>2022-08-06T21:47:25Z</time></trkpt><trkpt lat="58.056387" lon="38.795123"><ele>110.7</ele><time>2022-08-06T21:47:27Z</time></trkpt><trkpt lat="58.056387" lon="38.7953"><ele>111.7</ele><time>2022-08-06T21:47:29Z</time></trkpt><trkpt lat="58.056387" lon="38.795477"><ele>111.8</ele><time>2022-08-06T21:47:31Z</time></trkpt><trkpt lat="58.056385" lon="38.79564"><ele>111.6</ele><time>2022-08-06T21:47:33Z</time></trkpt><trkpt lat="58.056363" lon="38.795843"><ele>111.5</ele><time>2022-08-06T21:47:36Z</time></trkpt><trkpt lat="58.05637" lon="38.795985"><ele>111.5</ele><time>2022-08-06T21:47:38Z</time></trkpt><trkpt lat="58.05636" lon="38.796145"><ele>112.2</ele><time>2022-08-06T21:47:40Z</time></trkpt><trkpt lat="58.056338" lon="38.796287"><ele>112.3</ele><time>2022-08-06T21:47:42Z</time></trkpt><trkpt lat="58.056332" lon="38.796427"><ele>112.7</ele><time>2022-08-06T21:47:44Z</time></trkpt><trkpt lat="58.05634" lon="38.796605"><ele>114.3</ele><time>2022-08-06T21:47:46Z</time></trkpt><trkpt lat="58.056353" lon="38.79678"><ele>114.1</ele><time>2022-08-06T21:47:48Z</time></trkpt><trkpt lat="58.056328" lon="38.796987"><ele>113.7</ele><time>2022-08-06T21:47:50Z</time></trkpt><trkpt lat="58.056315" lon="38.797163"><ele>112.5</ele><time>2022-08-06T21:47:52Z</time></trkpt><trkpt lat="58.056312" lon="38.797343"><ele>112.3</ele><time>2022-08-06T21:47:54Z</time></trkpt><trkpt lat="58.056315" lon="38.797508"><ele>112.7</ele><time>2022-08-06T21:47:56Z</time></trkpt><trkpt lat="58.056302" lon="38.7977"><ele>112.2</ele><time>2022-08-06T21:47:58Z</time></trkpt><trkpt lat="58.056285" lon="38.797903"><ele>113.4</ele><time>2022-08-06T21:48:00Z</time></trkpt><trkpt lat="58.056255" lon="38.798112"><ele>113.4</ele><time>2022-08-06T21:48:02Z</time></trkpt><trkpt lat="58.056235" lon="38.79831"><ele>112.6</ele><time>2022-08-06T21:48:04Z</time></trkpt><trkpt lat="58.056223" lon="38.798493"><ele>112.1</ele><time>2022-08-06T21:48:06Z</time></trkpt><trkpt lat="58.056197" lon="38.798658"><ele>111.9</ele><time>2022-08-06T21:48:08Z</time></trkpt><trkpt lat="58.056178" lon="38.798818"><ele>113.6</ele><time>2022-08-06T21:48:10Z</time></trkpt><trkpt lat="58.056172" lon="38.799018"><ele>113.6</ele><time>2022-08-06T21:48:13Z</time></trkpt><trkpt lat="58.056152" lon="38.799202"><ele>115.2</ele><time>2022-08-06T21:48:16Z</time></trkpt><trkpt lat="58.056123" lon="38.799397"><ele>116.1</ele><time>2022-08-06T21:48:19Z</time></trkpt><trkpt lat="58.056107" lon="38.7996"><ele>115.5</ele><time>2022-08-06T21:48:22Z</time></trkpt><trkpt lat="58.056108" lon="38.7998"><ele>116.6</ele><time>2022-08-06T21:48:25Z</time></trkpt><trkpt lat="58.056115" lon="38.799957"><ele>117.2</ele><time>2022-08-06T21:48:27Z</time></trkpt><trkpt lat="58.05611" lon="38.800132"><ele>117.0</ele><time>2022-08-06T21:48:29Z</time></trkpt><trkpt lat="58.056095" lon="38.8003"><ele>114.0</ele><time>2022-08-06T21:48:31Z</time></trkpt><trkpt lat="58.056068" lon="38.800485"><ele>114.1</ele><time>2022-08-06T21:48:33Z</time></trkpt><trkpt lat="58.05605" lon="38.800643"><ele>114.2</ele><time>2022-08-06T21:48:35Z</time></trkpt><trkpt lat="58.056043" lon="38.800822"><ele>114.1</ele><time>2022-08-06T21:48:38Z</time></trkpt><trkpt lat="58.056023" lon="38.801008"><ele>112.5</ele><time>2022-08-06T21:48:40Z</time></trkpt><trkpt lat="58.056015" lon="38.801178"><ele>111.8</ele><time>2022-08-06T21:48:42Z</time></trkpt><trkpt lat="58.055982" lon="38.801357"><ele>111.5</ele><time>2022-08-06T21:48:44Z</time></trkpt><trkpt lat="58.05597" lon="38.801525"><ele>110.1</ele><time>2022-08-06T21:48:46Z</time></trkpt><trkpt lat="58.055962" lon="38.801692"><ele>109.5</ele><time>2022-08-06T21:48:48Z</time></trkpt><trkpt lat="58.055943" lon="38.801868"><ele>108.5</ele><time>2022-08-06T21:48:50Z</time></trkpt><trkpt lat="58.055937" lon="38.802003"><ele>108.1</ele><time>2022-08-06T21:48:52Z</time></trkpt><trkpt lat="58.055903" lon="38.802127"><ele>108.1</ele><time>2022-08-06T21:49:15Z</time></trkpt><trkpt lat="58.055913" lon="38.802288"><ele>111.1</ele><time>2022-08-06T21:54:28Z</time></trkpt><trkpt lat="58.055912" lon="38.802453"><ele>110.3</ele><time>2022-08-06T21:54:31Z</time></trkpt><trkpt lat="58.0559" lon="38.802653"><ele>109.6</ele><time>2022-08-06T21:54:34Z</time></trkpt><trkpt lat="58.055895" lon="38.802808"><ele>110.0</ele><time>2022-08-06T21:54:36Z</time></trkpt><trkpt lat="58.055878" lon="38.802995"><ele>109.3</ele><time>2022-08-06T21:54:39Z</time></trkpt><trkpt lat="58.055875" lon="38.803145"><ele>108.5</ele><time>2022-08-06T21:54:42Z</time></trkpt><trkpt lat="58.05587" lon="38.803325"><ele>108.9</ele><time>2022-08-06T21:54:46Z</time></trkpt><trkpt lat="58.055858" lon="38.803487"><ele>109.0</ele><time>2022-08-06T21:54:49Z</time></trkpt><trkpt lat="58.055845" lon="38.80366"><ele>109.1</ele><time>2022-08-06T21:54:52Z</time></trkpt><trkpt lat="58.055832" lon="38.803842"><ele>109.0</ele><time>2022-08-06T21:54:55Z</time></trkpt><trkpt lat="58.055827" lon="38.803993"><ele>109.1</ele><time>2022-08-06T21:54:58Z</time></trkpt><trkpt lat="58.055843" lon="38.804133"><ele>108.8</ele><time>2022-08-06T21:55:03Z</time></trkpt><trkpt lat="58.055883" lon="38.804257"><ele>108.4</ele><time>2022-08-06T21:55:07Z</time></trkpt><trkpt lat="58.055873" lon="38.804398"><ele>108.3</ele><time>2022-08-06T21:55:09Z</time></trkpt><trkpt lat="58.055852" lon="38.804602"><ele>108.1</ele><time>2022-08-06T21:55:11Z</time></trkpt><trkpt lat="58.055835" lon="38.804813"><ele>108.3</ele><time>2022-08-06T21:55:13Z</time></trkpt><trkpt lat="58.05582" lon="38.805048"><ele>108.5</ele><time>2022-08-06T21:55:15Z</time></trkpt><trkpt lat="58.055803" lon="38.805283"><ele>108.4</ele><time>2022-08-06T21:55:17Z</time></trkpt><trkpt lat="58.055787" lon="38.805518"><ele>108.3</ele><time>2022-08-06T21:55:19Z</time></trkpt><trkpt lat="58.05578" lon="38.80572"><ele>109.0</ele><time>2022-08-06T21:55:21Z</time></trkpt><trkpt lat="58.055755" lon="38.80591"><ele>109.0</ele><time>2022-08-06T21:55:23Z</time></trkpt><trkpt lat="58.055738" lon="38.806122"><ele>109.1</ele><time>2022-08-06T21:55:25Z</time></trkpt><trkpt lat="58.055725" lon="38.806348"><ele>108.8</ele><time>2022-08-06T21:55:27Z</time></trkpt><trkpt lat="58.055733" lon="38.806582"><ele>109.0</ele><time>2022-08-06T21:55:29Z</time></trkpt><trkpt lat="58.055715" lon="38.806802"><ele>108.9</ele><time>2022-08-06T21:55:31Z</time></trkpt><trkpt lat="58.055725" lon="38.807045"><ele>109.1</ele><time>2022-08-06T21:55:33Z</time></trkpt><trkpt lat="58.055723" lon="38.807268"><ele>108.7</ele><time>2022-08-06T21:55:35Z</time></trkpt><trkpt lat="58.055687" lon="38.807467"><ele>108.4</ele><time>2022-08-06T21:55:37Z</time></trkpt><trkpt lat="58.055677" lon="38.807687"><ele>107.6</ele><time>2022-08-06T21:55:39Z</time></trkpt><trkpt lat="58.05565" lon="38.807883"><ele>107.1</ele><time>2022-08-06T21:55:41Z</time></trkpt><trkpt lat="58.055633" lon="38.808093"><ele>107.3</ele><time>2022-08-06T21:55:43Z</time></trkpt><trkpt lat="58.055618" lon="38.80832"><ele>107.8</ele><time>2022-08-06T21:55:45Z</time></trkpt><trkpt lat="58.055607" lon="38.808545"><ele>107.7</ele><time>2022-08-06T21:55:47Z</time></trkpt><trkpt lat="58.055582" lon="38.80876"><ele>107.3</ele><time>2022-08-06T21:55:49Z</time></trkpt><trkpt lat="58.055568" lon="38.808982"><ele>107.8</ele><time>2022-08-06T21:55:51Z</time></trkpt><trkpt lat="58.055548" lon="38.809193"><ele>108.0</ele><time>2022-08-06T21:55:53Z</time></trkpt><trkpt lat="58.05553" lon="38.809397"><ele>107.9</ele><time>2022-08-06T21:55:55Z</time></trkpt><trkpt lat="58.055497" lon="38.809592"><ele>108.1</ele><time>2022-08-06T21:55:57Z</time></trkpt><trkpt lat="58.055482" lon="38.80977"><ele>108.3</ele><time>2022-08-06T21:55:59Z</time></trkpt><trkpt lat="58.055465" lon="38.809972"><ele>107.1</ele><time>2022-08-06T21:56:01Z</time></trkpt><trkpt lat="58.055455" lon="38.810162"><ele>107.1</ele><time>2022-08-06T21:56:03Z</time></trkpt><trkpt lat="58.055435" lon="38.810355"><ele>106.6</ele><time>2022-08-06T21:56:05Z</time></trkpt><trkpt lat="58.055425" lon="38.81055"><ele>106.1</ele><time>2022-08-06T21:56:07Z</time></trkpt><trkpt lat="58.055413" lon="38.810733"><ele>105.8</ele><time>2022-08-06T21:56:09Z</time></trkpt><trkpt lat="58.055407" lon="38.81094"><ele>105.6</ele><time>2022-08-06T21:56:11Z</time></trkpt><trkpt lat="58.055397" lon="38.811172"><ele>106.1</ele><time>2022-08-06T21:56:13Z</time></trkpt><trkpt lat="58.05538" lon="38.811388"><ele>105.6</ele><time>2022-08-06T21:56:15Z</time></trkpt><trkpt lat="58.055367" lon="38.811622"><ele>105.2</ele><time>2022-08-06T21:56:17Z</time></trkpt><trkpt lat="58.055358" lon="38.81188"><ele>105.3</ele><time>2022-08-06T21:56:19Z</time></trkpt><trkpt lat="58.05534" lon="38.812115"><ele>105.8</ele><time>2022-08-06T21:56:21Z</time></trkpt><trkpt lat="58.05533" lon="38.81234"><ele>106.3</ele><time>2022-08-06T21:56:23Z</time></trkpt><trkpt lat="58.055313" lon="38.812552"><ele>106.1</ele><time>2022-08-06T21:56:25Z</time></trkpt><trkpt lat="58.055293" lon="38.812768"><ele>105.5</ele><time>2022-08-06T21:56:27Z</time></trkpt><trkpt lat="58.05528" lon="38.812967"><ele>105.1</ele><time>2022-08-06T21:56:29Z</time></trkpt><trkpt lat="58.055267" lon="38.813153"><ele>105.3</ele><time>2022-08-06T21:56:31Z</time></trkpt><trkpt lat="58.055255" lon="38.813325"><ele>105.0</ele><time>2022-08-06T21:56:33Z</time></trkpt><trkpt lat="58.055242" lon="38.813487"><ele>104.5</ele><time>2022-08-06T21:56:35Z</time></trkpt><trkpt lat="58.055215" lon="38.813655"><ele>105.2</ele><time>2022-08-06T21:56:38Z</time></trkpt><trkpt lat="58.055157" lon="38.813742"><ele>105.4</ele><time>2022-08-06T21:56:43Z</time></trkpt><trkpt lat="58.055177" lon="38.813892"><ele>105.6</ele><time>2022-08-06T21:59:45Z</time></trkpt><trkpt lat="58.055175" lon="38.81406"><ele>105.9</ele><time>2022-08-06T21:59:49Z</time></trkpt><trkpt lat="58.055165" lon="38.814222"><ele>107.1</ele><time>2022-08-06T21:59:55Z</time></trkpt><trkpt lat="58.055155" lon="38.814357"><ele>107.0</ele><time>2022-08-06T21:59:58Z</time></trkpt><trkpt lat="58.055143" lon="38.814507"><ele>106.6</ele><time>2022-08-06T22:00:01Z</time></trkpt><trkpt lat="58.055135" lon="38.814667"><ele>106.9</ele><time>2022-08-06T22:00:04Z</time></trkpt><trkpt lat="58.055122" lon="38.814853"><ele>106.4</ele><time>2022-08-06T22:00:07Z</time></trkpt><trkpt lat="58.055115" lon="38.81499"><ele>106.8</ele><time>2022-08-06T22:00:09Z</time></trkpt><trkpt lat="58.055107" lon="38.815125"><ele>106.6</ele><time>2022-08-06T22:00:11Z</time></trkpt><trkpt lat="58.055098" lon="38.815268"><ele>106.5</ele><time>2022-08-06T22:00:13Z</time></trkpt><trkpt lat="58.055087" lon="38.81541"><ele>106.1</ele><time>2022-08-06T22:00:15Z</time></trkpt><trkpt lat="58.05507" lon="38.815583"><ele>105.3</ele><time>2022-08-06T22:00:18Z</time></trkpt><trkpt lat="58.05506" lon="38.815732"><ele>105.4</ele><time>2022-08-06T22:00:21Z</time></trkpt><trkpt lat="58.055062" lon="38.815927"><ele>104.7</ele><time>2022-08-06T22:00:24Z</time></trkpt><trkpt lat="58.055045" lon="38.816083"><ele>104.1</ele><time>2022-08-06T22:00:27Z</time></trkpt><trkpt lat="58.055025" lon="38.816223"><ele>103.6</ele><time>2022-08-06T22:00:33Z</time></trkpt><trkpt lat="58.05511" lon="38.81625"><ele>103.8</ele><time>2022-08-06T22:00:48Z</time></trkpt><trkpt lat="58.055185" lon="38.81627"><ele>103.9</ele><time>2022-08-06T22:00:51Z</time></trkpt><trkpt lat="58.05527" lon="38.816275"><ele>103.4</ele><time>2022-08-06T22:00:57Z</time></trkpt><trkpt lat="58.055345" lon="38.816265"><ele>103.6</ele><time>2022-08-06T22:01:00Z</time></trkpt><trkpt lat="58.055455" lon="38.81629"><ele>104.2</ele><time>2022-08-06T22:01:03Z</time></trkpt><trkpt lat="58.055542" lon="38.816315"><ele>103.6</ele><time>2022-08-06T22:01:05Z</time></trkpt><trkpt lat="58.055632" lon="38.816328"><ele>103.0</ele><time>2022-08-06T22:01:07Z</time></trkpt><trkpt lat="58.055712" lon="38.816398"><ele>102.9</ele><time>2022-08-06T22:01:10Z</time></trkpt><trkpt lat="58.05581" lon="38.81645"><ele>102.9</ele><time>2022-08-06T22:01:13Z</time></trkpt><trkpt lat="58.055888" lon="38.816487"><ele>103.4</ele><time>2022-08-06T22:01:15Z</time></trkpt><trkpt lat="58.055972" lon="38.816503"><ele>102.9</ele><time>2022-08-06T22:01:17Z</time></trkpt><trkpt lat="58.056067" lon="38.81653"><ele>102.8</ele><time>2022-08-06T22:01:19Z</time></trkpt><trkpt lat="58.056148" lon="38.816563"><ele>103.2</ele><time>2022-08-06T22:01:21Z</time></trkpt><trkpt lat="58.05623" lon="38.816593"><ele>102.9</ele><time>2022-08-06T22:01:23Z</time></trkpt><trkpt lat="58.056308" lon="38.81658"><ele>102.7</ele><time>2022-08-06T22:01:25Z</time></trkpt><trkpt lat="58.056397" lon="38.816587"><ele>102.4</ele><time>2022-08-06T22:01:27Z</time></trkpt><trkpt lat="58.056475" lon="38.816603"><ele>102.2</ele><time>2022-08-06T22:01:29Z</time></trkpt><trkpt lat="58.056572" lon="38.81662"><ele>103.0</ele><time>2022-08-06T22:01:32Z</time></trkpt><trkpt lat="58.056662" lon="38.816622"><ele>102.9</ele><time>2022-08-06T22:01:35Z</time></trkpt><trkpt lat="58.056772" lon="38.816652"><ele>102.8</ele><time>2022-08-06T22:01:37Z</time></trkpt><trkpt lat="58.056878" lon="38.816657"><ele>102.7</ele><time>2022-08-06T22:01:39Z</time></trkpt><trkpt lat="58.056948" lon="38.816607"><ele>103.0</ele><time>2022-08-06T22:01:42Z</time></trkpt><trkpt lat="58.057025" lon="38.816603"><ele>102.8</ele><time>2022-08-06T22:01:50Z</time></trkpt><trkpt lat="58.057107" lon="38.81664"><ele>103.3</ele><time>2022-08-06T22:01:54Z</time></trkpt><trkpt lat="58.05719" lon="38.816652"><ele>103.7</ele><time>2022-08-06T22:01:58Z</time></trkpt><trkpt lat="58.057293" lon="38.816657"><ele>102.5</ele><time>2022-08-06T22:02:01Z</time></trkpt><trkpt lat="58.057373" lon="38.816695"><ele>102.5</ele><time>2022-08-06T22:02:04Z</time></trkpt><trkpt lat="58.057452" lon="38.816727"><ele>102.1</ele><time>2022-08-06T22:02:08Z</time></trkpt><trkpt lat="58.057543" lon="38.816727"><ele>103.4</ele><time>2022-08-06T22:02:12Z</time></trkpt><trkpt lat="58.05763" lon="38.816725"><ele>103.0</ele><time>2022-08-06T22:02:15Z</time></trkpt><trkpt lat="58.057703" lon="38.816725"><ele>102.7</ele><time>2022-08-06T22:02:17Z</time></trkpt><trkpt lat="58.057775" lon="38.816735"><ele>102.9</ele><time>2022-08-06T22:02:19Z</time></trkpt><trkpt lat="58.057868" lon="38.816753"><ele>103.6</ele><time>2022-08-06T22:02:22Z</time></trkpt><trkpt lat="58.057948" lon="38.816825"><ele>105.0</ele><time>2022-08-06T22:02:26Z</time></trkpt><trkpt lat="58.058008" lon="38.816908"><ele>105.7</ele><time>2022-08-06T22:02:29Z</time></trkpt><trkpt lat="58.058082" lon="38.816855"><ele>105.9</ele><time>2022-08-06T22:02:35Z</time></trkpt><trkpt lat="58.058157" lon="38.816857"><ele>105.6</ele><time>2022-08-06T22:02:38Z</time></trkpt><trkpt lat="58.05824" lon="38.816867"><ele>104.4</ele><time>2022-08-06T22:02:41Z</time></trkpt><trkpt lat="58.058312" lon="38.816888"><ele>104.2</ele><time>2022-08-06T22:02:44Z</time></trkpt><trkpt lat="58.058398" lon="38.816922"><ele>104.3</ele><time>2022-08-06T22:02:47Z</time></trkpt><trkpt lat="58.058487" lon="38.81695"><ele>104.6</ele><time>2022-08-06T22:02:50Z</time></trkpt><trkpt lat="58.058572" lon="38.816985"><ele>105.2</ele><time>2022-08-06T22:02:54Z</time></trkpt><trkpt lat="58.058647" lon="38.816982"><ele>105.2</ele><time>2022-08-06T22:02:59Z</time></trkpt><trkpt lat="58.058695" lon="38.816873"><ele>105.7</ele><time>2022-08-06T22:03:03Z</time></trkpt><trkpt lat="58.05873" lon="38.816753"><ele>105.3</ele><time>2022-08-06T22:03:37Z</time></trkpt><trkpt lat="58.058373" lon="38.816792"><ele>105.2</ele><time>2022-08-06T22:04:55Z</time></trkpt><trkpt lat="58.058485" lon="38.816707"><ele>105.6</ele><time>2022-08-06T22:04:56Z</time></trkpt><trkpt lat="58.058363" lon="38.816792"><ele>105.1</ele><time>2022-08-06T22:05:03Z</time></trkpt><trkpt lat="58.058485" lon="38.816708"><ele>104.8</ele><time>2022-08-06T22:05:04Z</time></trkpt><trkpt lat="58.058512" lon="38.816837"><ele>104.7</ele><time>2022-08-06T22:05:10Z</time></trkpt><trkpt lat="58.058382" lon="38.816795"><ele>104.5</ele><time>2022-08-06T22:05:26Z</time></trkpt><trkpt lat="58.0586" lon="38.81685"><ele>104.5</ele><time>2022-08-06T22:05:27Z</time></trkpt><trkpt lat="58.0586" lon="38.817022"><ele>104.4</ele><time>2022-08-06T22:05:33Z</time></trkpt><trkpt lat="58.058442" lon="38.816902"><ele>104.0</ele><time>2022-08-06T22:05:40Z</time></trkpt><trkpt lat="58.058503" lon="38.81683"><ele>104.2</ele><time>2022-08-06T22:05:41Z</time></trkpt><trkpt lat="58.05854" lon="38.817017"><ele>104.3</ele><time>2022-08-06T22:05:47Z</time></trkpt><trkpt lat="58.058615" lon="38.817002"><ele>104.2</ele><time>2022-08-06T22:05:49Z</time></trkpt><trkpt lat="58.058535" lon="38.816785"><ele>104.0</ele><time>2022-08-06T22:06:06Z</time></trkpt><trkpt lat="58.058477" lon="38.81654"><ele>105.4</ele><time>2022-08-06T22:07:03Z</time></trkpt><trkpt lat="58.058563" lon="38.816657"><ele>105.9</ele><time>2022-08-06T22:07:04Z</time></trkpt><trkpt lat="58.058705" lon="38.817385"><ele>105.4</ele><time>2022-08-06T22:07:11Z</time></trkpt><trkpt lat="58.058848" lon="38.816667"><ele>104.1</ele><time>2022-08-06T22:07:13Z</time></trkpt><trkpt lat="58.058923" lon="38.816635"><ele>106.1</ele><time>2022-08-06T22:07:18Z</time></trkpt><trkpt lat="58.058877" lon="38.816497"><ele>107.1</ele><time>2022-08-06T22:07:22Z</time></trkpt><trkpt lat="58.05884" lon="38.816368"><ele>108.3</ele><time>2022-08-06T22:07:28Z</time></trkpt><trkpt lat="58.058842" lon="38.816223"><ele>108.6</ele><time>2022-08-06T22:07:33Z</time></trkpt><trkpt lat="58.058843" lon="38.816067"><ele>110.0</ele><time>2022-08-06T22:07:41Z</time></trkpt><trkpt lat="58.058835" lon="38.81592"><ele>110.7</ele><time>2022-08-06T22:07:46Z</time></trkpt><trkpt lat="58.058855" lon="38.815783"><ele>112.1</ele><time>2022-08-06T22:07:52Z</time></trkpt></trkseg></trk></gpx>