<?xml version="1.0" encoding="UTF-8" standalone="no"?><gpx xmlns="http://www.topografix.com/GPX/1/1" xmlns:gpxtpx="http://www.garmin.com/xmlschemas/TrackPointExtension/v1" xmlns:xsi="http://www.w3.org/2001/XMLSchema-instance" creator="Sports Tracker" version="1.1" xsi:schemaLocation="http://www.topografix.com/GPX/1/1 http://www.topografix.com/GPX/1/1/gpx.xsd http://www.garmin.com/xmlschemas/TrackPointExtension/v1 http://www.garmin.com/xmlschemas/TrackPointExtensionv1.xsd"><metadata><name/><desc/><author><name>Александр</name></author></metadata><trk><name/><trkseg><trkpt lat="58.058975" lon="38.808907"><ele>118.0</ele><time>2025-03-26T16:19:19Z</time><extensions><gpxtpx:TrackPointExtension><gpxtpx:hr>109</gpxtpx:hr></gpxtpx:TrackPointExtension></extensions></trkpt><trkpt lat="58.058975" lon="38.808917"><ele>118.0</ele><time>2025-03-26T16:19:20Z</time><extensions><gpxtpx:TrackPointExtension><gpxtpx:hr>110</gpxtpx:hr></gpxtpx:TrackPointExtension></extensions></trkpt><trkpt lat="58.05897" lon="38.808945"><ele>118.0</ele><time>2025-03-26T16:19:21Z</time><extensions><gpxtpx:TrackPointExtension><gpxtpx:hr>112</gpxtpx:hr></gpxtpx:TrackPointExtension></extensions></trkpt><trkpt lat="58.05897" lon="38.80898"><ele>118.0</ele><time>2025-03-26T16:19:22Z</time><extensions><gpxtpx:TrackPointExtension><gpxtpx:hr>117</gpxtpx:hr></gpxtpx:TrackPointExtension></extensions></trkpt><trkpt lat="58.058967" lon="38.809017"><ele>118.0</ele><time>2025-03-26T16:19:23Z</time><extensions><gpxtpx:TrackPointExtension><gpxtpx:hr>124</gpxtpx:hr></gpxtpx:TrackPointExtension></extensions></trkpt><trkpt lat="58.058963" lon="38.809062"><ele>118.0</ele><time>2025-03-26T16:19:24Z</time><extensions><gpxtpx:TrackPointExtension><gpxtpx:hr>128</gpxtpx:hr></gpxtpx:TrackPointExtension></extensions></trkpt><trkpt lat="58.05896" lon="38.809108"><ele>118.0</ele><time>2025-03-26T16:19:25Z</time><extensions><gpxtpx:TrackPointExtension><gpxtpx:hr>130</gpxtpx:hr></gpxtpx:TrackPointExtension></extensions></trkpt><trkpt lat="58.058955" lon="38.80916"><ele>118.0</ele><time>2025-03-26T16:19:26Z</time><extensions><gpxtpx:TrackPointExtension><gpxtpx:hr>131</gpxtpx:hr></gpxtpx:TrackPointExtension></extensions></trkpt><trkpt lat="58.058955" lon="38.809203"><ele>118.0</ele><time>2025-03-26T16:19:27Z</time><extensions><gpxtpx:TrackPointExtension><gpxtpx:hr>132</gpxtpx:hr></gpxtpx:TrackPointExtension></extensions></trkpt><trkpt lat="58.058952" lon="38.80925"><ele>118.0</ele><time>2025-03-26T16:19:28Z</time><extensions><gpxtpx:TrackPointExtension><gpxtpx:hr>135</gpxtpx:hr></gpxtpx:TrackPointExtension></extensions></trkpt><trkpt lat="58.05895" lon="38.809295"><ele>118.0</ele><time>2025-03-26T16:19:29Z</time><extensions><gpxtpx:TrackPointExtension><gpxtpx:hr>137</gpxtpx:hr></gpxtpx:TrackPointExtension></extensions></trkpt><trkpt lat="58.058945" lon="38.80934"><ele>118.0</ele><time>2025-03-26T16:19:30Z</time><extensions><gpxtpx:TrackPointExtension><gpxtpx:hr>139</gpxtpx:hr></gpxtpx:TrackPointExtension></extensions></trkpt><trkpt lat="58.05894" lon="38.809387"><ele>118.0</ele><time>2025-03-26T16:19:31Z</time><extensions><gpxtpx:TrackPointExtension><gpxtpx:hr>140</gpxtpx:hr></gpxtpx:TrackPointExtension></extensions></trkpt><trkpt lat="58.058937" lon="38.809432"><ele>118.0</ele><time>2025-03-26T16:19:32Z</time><extensions><gpxtpx:TrackPointExtension><gpxtpx:hr>140</gpxtpx:hr></gpxtpx:TrackPointExtension></extensions></trkpt><trkpt lat="58.058932" lon="38.80948"><ele>118.0</ele><time>2025-03-26T16:19:33Z</time><extensions><gpxtpx:TrackPointExtension><gpxtpx:hr>141</gpxtpx:hr></gpxtpx:TrackPointExtension></extensions></trkpt><trkpt lat="58.058928" lon="38.809525"><ele>118.0</ele><time>2025-03-26T16:19:34Z</time><extensions><gpxtpx:TrackPointExtension><gpxtpx:hr>141</gpxtpx:hr></gpxtpx:TrackPointExtension></extensions></trkpt><trkpt lat="58.058925" lon="38.80957"><ele>118.0</ele><time>2025-03-26T16:19:35Z</time><extensions><gpxtpx:TrackPointExtension><gpxtpx:hr>141</gpxtpx:hr></gpxtpx:TrackPointExtension></extensions></trkpt><trkpt lat="58.058925" lon="38.809615"><ele>118.0</ele><time>2025-03-26T16:19:36Z</time><extensions><gpxtpx:TrackPointExtension><gpxtpx:hr>142</gpxtpx:hr></gpxtpx:TrackPointExtension></extensions></trkpt><trkpt lat="58.05892" lon="38.80966"><ele>118.0</ele><time>2025-03-26T16:19:36Z</time><extensions><gpxtpx:TrackPointExtension><gpxtpx:hr>142</gpxtpx:hr></gpxtpx:TrackPointExtension></extensions></trkpt><trkpt lat="58.058917" lon="38.809707"><ele>118.0</ele><time>2025-03-26T16:19:38Z</time><extensions><gpxtpx:TrackPointExtension><gpxtpx:hr>144</gpxtpx:hr></gpxtpx:TrackPointExtension></extensions></trkpt><trkpt lat="58.058913" lon="38.809752"><ele>118.0</ele><time>2025-03-26T16:19:39Z</time><extensions><gpxtpx:TrackPointExtension><gpxtpx:hr>144</gpxtpx:hr></gpxtpx:TrackPointExtension></extensions></trkpt><trkpt lat="58.058913" lon="38.8098"><ele>118.0</ele><time>2025-03-26T16:19:40Z</time><extensions><gpxtpx:TrackPointExtension><gpxtpx:hr>146</gpxtpx:hr></gpxtpx:TrackPointExtension></extensions></trkpt><trkpt lat="58.05891" lon="38.809845"><ele>118.0</ele><time>2025-03-26T16:19:41Z</time><extensions><gpxtpx:TrackPointExtension><gpxtpx:hr>146</gpxtpx:hr></gpxtpx:TrackPointExtension></extensions></trkpt><trkpt lat="58.058907" lon="38.80989"><ele>118.0</ele><time>2025-03-26T16:19:42Z</time><extensions><gpxtpx:TrackPointExtension><gpxtpx:hr>146</gpxtpx:hr></gpxtpx:TrackPointExtension></extensions></trkpt><trkpt lat="58.058902" lon="38.809937"><ele>118.0</ele><time>2025-03-26T16:19:43Z</time><extensions><gpxtpx:TrackPointExtension><gpxtpx:hr>146</gpxtpx:hr></gpxtpx:TrackPointExtension></extensions></trkpt><trkpt lat="58.0589" lon="38.809982"><ele>118.0</ele><time>2025-03-26T16:19:44Z</time><extensions><gpxtpx:TrackPointExtension><gpxtpx:hr>146</gpxtpx:hr></gpxtpx:TrackPointExtension></extensions></trkpt><trkpt lat="58.058895" lon="38.810027"><ele>118.0</ele><time>2025-03-26T16:19:45Z</time><extensions><gpxtpx:TrackPointExtension><gpxtpx:hr>146</gpxtpx:hr></gpxtpx:TrackPointExtension></extensions></trkpt><trkpt lat="58.05889" lon="38.81007"><ele>118.0</ele><time>2025-03-26T16:19:46Z</time><extensions><gpxtpx:TrackPointExtension><gpxtpx:hr>146</gpxtpx:hr></gpxtpx:TrackPointExtension></extensions></trkpt><trkpt lat="58.05889" lon="38.81012"><ele>118.0</ele><time>2025-03-26T16:19:47Z</time><extensions><gpxtpx:TrackPointExtension><gpxtpx:hr>147</gpxtpx:hr></gpxtpx:TrackPointExtension></extensions></trkpt><trkpt lat="58.058887" lon="38.810163"><ele>118.0</ele><time>2025-03-26T16:19:48Z</time><extensions><gpxtpx:TrackPointExtension><gpxtpx:hr>147</gpxtpx:hr></gpxtpx:TrackPointExtension></extensions></trkpt><trkpt lat="58.058887" lon="38.81021"><ele>118.0</ele><time>2025-03-26T16:19:49Z</time><extensions><gpxtpx:TrackPointExtension><gpxtpx:hr>147</gpxtpx:hr></gpxtpx:TrackPointExtension></extensions></trkpt><trkpt lat="58.058883" lon="38.810257"><ele>118.0</ele><time>2025-03-26T16:19:50Z</time><extensions><gpxtpx:TrackPointExtension><gpxtpx:hr>147</gpxtpx:hr></gpxtpx:TrackPointExtension></extensions></trkpt><trkpt lat="58.05888" lon="38.810307"><ele>118.0</ele><time>2025-03-26T16:19:51Z</time><extensions><gpxtpx:TrackPointExtension><gpxtpx:hr>147</gpxtpx:hr></gpxtpx:TrackPointExtension></extensions></trkpt><trkpt lat="58.058875" lon="38.810352"><ele>118.0</ele><time>2025-03-26T16:19:52Z</time><extensions><gpxtpx:TrackPointExtension><gpxtpx:hr>147</gpxtpx:hr></gpxtpx:TrackPointExtension></extensions></trkpt><trkpt lat="58.058872" lon="38.810402"><ele>118.0</ele><time>2025-03-26T16:19:53Z</time><extensions><gpxtpx:TrackPointExtension><gpxtpx:hr>148</gpxtpx:hr></gpxtpx:TrackPointExtension></extensions></trkpt><trkpt lat="58.05887" lon="38.810447"><ele>118.0</ele><time>2025-03-26T16:19:54Z</time><extensions><gpxtpx:TrackPointExtension><gpxtpx:hr>148</gpxtpx:hr></gpxtpx:TrackPointExtension></extensions></trkpt><trkpt lat="58.05887" lon="38.810492"><ele>118.0</ele><time>2025-03-26T16:19:55Z</time><extensions><gpxtpx:TrackPointExtension><gpxtpx:hr>149</gpxtpx:hr></gpxtpx:TrackPointExtension></extensions></trkpt><trkpt lat="58.058865" lon="38.81054"><ele>118.0</ele><time>2025-03-26T16:19:56Z</time><extensions><gpxtpx:TrackPointExtension><gpxtpx:hr>149</gpxtpx:hr></gpxtpx:TrackPointExtension></extensions></trkpt><trkpt lat="58.05886" lon="38.81059"><ele>118.0</ele><time>2025-03-26T16:19:57Z</time><extensions><gpxtpx:TrackPointExtension><gpxtpx:hr>149</gpxtpx:hr></gpxtpx:TrackPointExtension></extensions></trkpt><trkpt lat="58.05886" lon="38.81064"><ele>118.0</ele><time>2025-03-26T16:19:58Z</time><extensions><gpxtpx:TrackPointExtension><gpxtpx:hr>149</gpxtpx:hr></gpxtpx:TrackPointExtension></extensions></trkpt><trkpt lat="58.058857" lon="38.810687"><ele>118.0</ele><time>2025-03-26T16:19:59Z</time><extensions><gpxtpx:TrackPointExtension><gpxtpx:hr>149</gpxtpx:hr></gpxtpx:TrackPointExtension></extensions></trkpt><trkpt lat="58.058857" lon="38.810733"><ele>118.0</ele><time>2025-03-26T16:20:00Z</time><extensions><gpxtpx:TrackPointExtension><gpxtpx:hr>150</gpxtpx:hr></gpxtpx:TrackPointExtension></extensions></trkpt><trkpt lat="58.058857" lon="38.81078"><ele>118.0</ele><time>2025-03-26T16:20:01Z</time><extensions><gpxtpx:TrackPointExtension><gpxtpx:hr>150</gpxtpx:hr></gpxtpx:TrackPointExtension></extensions></trkpt><trkpt lat="58.058852" lon="38.81083"><ele>118.0</ele><time>2025-03-26T16:20:02Z</time><extensions><gpxtpx:TrackPointExtension><gpxtpx:hr>150</gpxtpx:hr></gpxtpx:TrackPointExtension></extensions></trkpt><trkpt lat="58.058852" lon="38.81088"><ele>118.0</ele><time>2025-03-26T16:20:03Z</time><extensions><gpxtpx:TrackPointExtension><gpxtpx:hr>150</gpxtpx:hr></gpxtpx:TrackPointExtension></extensions></trkpt><trkpt lat="58.05885" lon="38.81093"><ele>118.0</ele><time>2025-03-26T16:20:04Z</time><extensions><gpxtpx:TrackPointExtension><gpxtpx:hr>150</gpxtpx:hr></gpxtpx:TrackPointExtension></extensions></trkpt><trkpt lat="58.058845" lon="38.810977"><ele>118.0</ele><time>2025-03-26T16:20:05Z</time><extensions><gpxtpx:TrackPointExtension><gpxtpx:hr>150</gpxtpx:hr></gpxtpx:TrackPointExtension></extensions></trkpt><trkpt lat="58.05884" lon="38.811027"><ele>118.0</ele><time>2025-03-26T16:20:06Z</time><extensions><gpxtpx:TrackPointExtension><gpxtpx:hr>151</gpxtpx:hr></gpxtpx:TrackPointExtension></extensions></trkpt><trkpt lat="58.058837" lon="38.811072"><ele>118.0</ele><time>2025-03-26T16:20:07Z</time><extensions><gpxtpx:TrackPointExtension><gpxtpx:hr>151</gpxtpx:hr></gpxtpx:TrackPointExtension></extensions></trkpt><trkpt lat="58.058833" lon="38.811122"><ele>118.0</ele><time>2025-03-26T16:20:08Z</time><extensions><gpxtpx:TrackPointExtension><gpxtpx:hr>152</gpxtpx:hr></gpxtpx:TrackPointExtension></extensions></trkpt><trkpt lat="58.058825" lon="38.81117"><ele>118.0</ele><time>2025-03-26T16:20:09Z</time><extensions><gpxtpx:TrackPointExtension><gpxtpx:hr>152</gpxtpx:hr></gpxtpx:TrackPointExtension></extensions></trkpt><trkpt lat="58.058822" lon="38.811213"><ele>118.0</ele><time>2025-03-26T16:20:10Z</time><extensions><gpxtpx:TrackPointExtension><gpxtpx:hr>152</gpxtpx:hr></gpxtpx:TrackPointExtension></extensions></trkpt><trkpt lat="58.058815" lon="38.81126"><ele>118.0</ele><time>2025-03-26T16:20:11Z</time><extensions><gpxtpx:TrackPointExtension><gpxtpx:hr>152</gpxtpx:hr></gpxtpx:TrackPointExtension></extensions></trkpt><trkpt lat="58.05881" lon="38.811305"><ele>118.0</ele><time>2025-03-26T16:20:12Z</time><extensions><gpxtpx:TrackPointExtension><gpxtpx:hr>153</gpxtpx:hr></gpxtpx:TrackPointExtension></extensions></trkpt><trkpt lat="58.058807" lon="38.811355"><ele>118.0</ele><time>2025-03-26T16:20:13Z</time><extensions><gpxtpx:TrackPointExtension><gpxtpx:hr>153</gpxtpx:hr></gpxtpx:TrackPointExtension></extensions></trkpt><trkpt lat="58.058803" lon="38.811405"><ele>118.0</ele><time>2025-03-26T16:20:14Z</time><extensions><gpxtpx:TrackPointExtension><gpxtpx:hr>152</gpxtpx:hr></gpxtpx:TrackPointExtension></extensions></trkpt><trkpt lat="58.0588" lon="38.81145"><ele>118.0</ele><time>2025-03-26T16:20:15Z</time><extensions><gpxtpx:TrackPointExtension><gpxtpx:hr>152</gpxtpx:hr></gpxtpx:TrackPointExtension></extensions></trkpt><trkpt lat="58.058795" lon="38.8115"><ele>118.0</ele><time>2025-03-26T16:20:16Z</time><extensions><gpxtpx:TrackPointExtension><gpxtpx:hr>153</gpxtpx:hr></gpxtpx:TrackPointExtension></extensions></trkpt><trkpt lat="58.058792" lon="38.811545"><ele>118.0</ele><time>2025-03-26T16:20:17Z</time><extensions><gpxtpx:TrackPointExtension><gpxtpx:hr>153</gpxtpx:hr></gpxtpx:TrackPointExtension></extensions></trkpt><trkpt lat="58.05879" lon="38.81159"><ele>118.0</ele><time>2025-03-26T16:20:18Z</time><extensions><gpxtpx:TrackPointExtension><gpxtpx:hr>154</gpxtpx:hr></gpxtpx:TrackPointExtension></extensions></trkpt><trkpt lat="58.05879" lon="38.811633"><ele>118.0</ele><time>2025-03-26T16:20:19Z</time><extensions><gpxtpx:TrackPointExtension><gpxtpx:hr>154</gpxtpx:hr></gpxtpx:TrackPointExtension></extensions></trkpt><trkpt lat="58.058783" lon="38.811675"><ele>118.0</ele><time>2025-03-26T16:20:20Z</time><extensions><gpxtpx:TrackPointExtension><gpxtpx:hr>154</gpxtpx:hr></gpxtpx:TrackPointExtension></extensions></trkpt><trkpt lat="58.05878" lon="38.81172"><ele>118.0</ele><time>2025-03-26T16:20:21Z</time><extensions><gpxtpx:TrackPointExtension><gpxtpx:hr>154</gpxtpx:hr></gpxtpx:TrackPointExtension></extensions></trkpt><trkpt lat="58.05878" lon="38.811763"><ele>118.0</ele><time>2025-03-26T16:20:22Z</time><extensions><gpxtpx:TrackPointExtension><gpxtpx:hr>154</gpxtpx:hr></gpxtpx:TrackPointExtension></extensions></trkpt><trkpt lat="58.058777" lon="38.811805"><ele>118.0</ele><time>2025-03-26T16:20:22Z</time><extensions><gpxtpx:TrackPointExtension><gpxtpx:hr>154</gpxtpx:hr></gpxtpx:TrackPointExtension></extensions></trkpt><trkpt lat="58.058777" lon="38.811847"><ele>118.0</ele><time>2025-03-26T16:20:23Z</time><extensions><gpxtpx:TrackPointExtension><gpxtpx:hr>155</gpxtpx:hr></gpxtpx:TrackPointExtension></extensions></trkpt><trkpt lat="58.058777" lon="38.811892"><ele>118.0</ele><time>2025-03-26T16:20:24Z</time><extensions><gpxtpx:TrackPointExtension><gpxtpx:hr>157</gpxtpx:hr></gpxtpx:TrackPointExtension></extensions></trkpt><trkpt lat="58.058777" lon="38.811935"><ele>118.0</ele><time>2025-03-26T16:20:26Z</time><extensions><gpxtpx:TrackPointExtension><gpxtpx:hr>158</gpxtpx:hr></gpxtpx:TrackPointExtension></extensions></trkpt><trkpt lat="58.058772" lon="38.811977"><ele>118.0</ele><time>2025-03-26T16:20:26Z</time><extensions><gpxtpx:TrackPointExtension><gpxtpx:hr>158</gpxtpx:hr></gpxtpx:TrackPointExtension></extensions></trkpt><trkpt lat="58.058772" lon="38.812022"><ele>118.0</ele><time>2025-03-26T16:20:28Z</time><extensions><gpxtpx:TrackPointExtension><gpxtpx:hr>160</gpxtpx:hr></gpxtpx:TrackPointExtension></extensions></trkpt><trkpt lat="58.05877" lon="38.81207"><ele>118.0</ele><time>2025-03-26T16:20:29Z</time><extensions><gpxtpx:TrackPointExtension><gpxtpx:hr>160</gpxtpx:hr></gpxtpx:TrackPointExtension></extensions></trkpt><trkpt lat="58.058765" lon="38.81211"><ele>118.0</ele><time>2025-03-26T16:20:30Z</time><extensions><gpxtpx:TrackPointExtension><gpxtpx:hr>160</gpxtpx:hr></gpxtpx:TrackPointExtension></extensions></trkpt><trkpt lat="58.05876" lon="38.812157"><ele>118.0</ele><time>2025-03-26T16:20:31Z</time><extensions><gpxtpx:TrackPointExtension><gpxtpx:hr>160</gpxtpx:hr></gpxtpx:TrackPointExtension></extensions></trkpt><trkpt lat="58.058757" lon="38.8122"><ele>118.0</ele><time>2025-03-26T16:20:32Z</time><extensions><gpxtpx:TrackPointExtension><gpxtpx:hr>160</gpxtpx:hr></gpxtpx:TrackPointExtension></extensions></trkpt><trkpt lat="58.058753" lon="38.81224"><ele>118.0</ele><time>2025-03-26T16:20:33Z</time><extensions><gpxtpx:TrackPointExtension><gpxtpx:hr>160</gpxtpx:hr></gpxtpx:TrackPointExtension></extensions></trkpt><trkpt lat="58.058753" lon="38.812285"><ele>118.0</ele><time>2025-03-26T16:20:34Z</time><extensions><gpxtpx:TrackPointExtension><gpxtpx:hr>160</gpxtpx:hr></gpxtpx:TrackPointExtension></extensions></trkpt><trkpt lat="58.05875" lon="38.81233"><ele>118.0</ele><time>2025-03-26T16:20:35Z</time><extensions><gpxtpx:TrackPointExtension><gpxtpx:hr>160</gpxtpx:hr></gpxtpx:TrackPointExtension></extensions></trkpt><trkpt lat="58.058745" lon="38.81237"><ele>118.0</ele><time>2025-03-26T16:20:36Z</time><extensions><gpxtpx:TrackPointExtension><gpxtpx:hr>160</gpxtpx:hr></gpxtpx:TrackPointExtension></extensions></trkpt><trkpt lat="58.058742" lon="38.812415"><ele>118.0</ele><time>2025-03-26T16:20:37Z</time><extensions><gpxtpx:TrackPointExtension><gpxtpx:hr>160</gpxtpx:hr></gpxtpx:TrackPointExtension></extensions></trkpt><trkpt lat="58.05874" lon="38.812453"><ele>118.0</ele><time>2025-03-26T16:20:38Z</time><extensions><gpxtpx:TrackPointExtension><gpxtpx:hr>160</gpxtpx:hr></gpxtpx:TrackPointExtension></extensions></trkpt><trkpt lat="58.058735" lon="38.812495"><ele>118.0</ele><time>2025-03-26T16:20:39Z</time><extensions><gpxtpx:TrackPointExtension><gpxtpx:hr>162</gpxtpx:hr></gpxtpx:TrackPointExtension></extensions></trkpt><trkpt lat="58.05873" lon="38.81254"><ele>118.0</ele><time>2025-03-26T16:20:40Z</time><extensions><gpxtpx:TrackPointExtension><gpxtpx:hr>162</gpxtpx:hr></gpxtpx:TrackPointExtension></extensions></trkpt><trkpt lat="58.05873" lon="38.81258"><ele>118.0</ele><time>2025-03-26T16:20:41Z</time><extensions><gpxtpx:TrackPointExtension><gpxtpx:hr>160</gpxtpx:hr></gpxtpx:TrackPointExtension></extensions></trkpt><trkpt lat="58.058727" lon="38.812622"><ele>118.0</ele><time>2025-03-26T16:20:42Z</time><extensions><gpxtpx:TrackPointExtension><gpxtpx:hr>160</gpxtpx:hr></gpxtpx:TrackPointExtension></extensions></trkpt><trkpt lat="58.058722" lon="38.812663"><ele>118.0</ele><time>2025-03-26T16:20:43Z</time><extensions><gpxtpx:TrackPointExtension><gpxtpx:hr>160</gpxtpx:hr></gpxtpx:TrackPointExtension></extensions></trkpt><trkpt lat="58.058722" lon="38.81271"><ele>118.0</ele><time>2025-03-26T16:20:44Z</time><extensions><gpxtpx:TrackPointExtension><gpxtpx:hr>160</gpxtpx:hr></gpxtpx:TrackPointExtension></extensions></trkpt><trkpt lat="58.05872" lon="38.812755"><ele>118.0</ele><time>2025-03-26T16:20:45Z</time><extensions><gpxtpx:TrackPointExtension><gpxtpx:hr>160</gpxtpx:hr></gpxtpx:TrackPointExtension></extensions></trkpt><trkpt lat="58.058715" lon="38.812797"><ele>118.0</ele><time>2025-03-26T16:20:46Z</time><extensions><gpxtpx:TrackPointExtension><gpxtpx:hr>160</gpxtpx:hr></gpxtpx:TrackPointExtension></extensions></trkpt><trkpt lat="58.058715" lon="38.812842"><ele>118.0</ele><time>2025-03-26T16:20:47Z</time><extensions><gpxtpx:TrackPointExtension><gpxtpx:hr>160</gpxtpx:hr></gpxtpx:TrackPointExtension></extensions></trkpt><trkpt lat="58.058712" lon="38.81289"><ele>118.0</ele><time>2025-03-26T16:20:48Z</time><extensions><gpxtpx:TrackPointExtension><gpxtpx:hr>160</gpxtpx:hr></gpxtpx:TrackPointExtension></extensions></trkpt><trkpt lat="58.058712" lon="38.812935"><ele>118.0</ele><time>2025-03-26T16:20:49Z</time><extensions><gpxtpx:TrackPointExtension><gpxtpx:hr>161</gpxtpx:hr></gpxtpx:TrackPointExtension></extensions></trkpt><trkpt lat="58.05871" lon="38.812977"><ele>118.0</ele><time>2025-03-26T16:20:50Z</time><extensions><gpxtpx:TrackPointExtension><gpxtpx:hr>161</gpxtpx:hr></gpxtpx:TrackPointExtension></extensions></trkpt><trkpt lat="58.05871" lon="38.813022"><ele>118.0</ele><time>2025-03-26T16:20:51Z</time><extensions><gpxtpx:TrackPointExtension><gpxtpx:hr>161</gpxtpx:hr></gpxtpx:TrackPointExtension></extensions></trkpt><trkpt lat="58.058703" lon="38.813065"><ele>118.0</ele><time>2025-03-26T16:20:52Z</time><extensions><gpxtpx:TrackPointExtension><gpxtpx:hr>161</gpxtpx:hr></gpxtpx:TrackPointExtension></extensions></trkpt><trkpt lat="58.0587" lon="38.81311"><ele>118.0</ele><time>2025-03-26T16:20:53Z</time><extensions><gpxtpx:TrackPointExtension><gpxtpx:hr>161</gpxtpx:hr></gpxtpx:TrackPointExtension></extensions></trkpt><trkpt lat="58.058697" lon="38.813155"><ele>118.0</ele><time>2025-03-26T16:20:54Z</time><extensions><gpxtpx:TrackPointExtension><gpxtpx:hr>160</gpxtpx:hr></gpxtpx:TrackPointExtension></extensions></trkpt><trkpt lat="58.058692" lon="38.813197"><ele>118.0</ele><time>2025-03-26T16:20:55Z</time><extensions><gpxtpx:TrackPointExtension><gpxtpx:hr>160</gpxtpx:hr></gpxtpx:TrackPointExtension></extensions></trkpt><trkpt lat="58.05869" lon="38.813243"><ele>118.0</ele><time>2025-03-26T16:20:56Z</time><extensions><gpxtpx:TrackPointExtension><gpxtpx:hr>160</gpxtpx:hr></gpxtpx:TrackPointExtension></extensions></trkpt><trkpt lat="58.058685" lon="38.81329"><ele>118.0</ele><time>2025-03-26T16:20:57Z</time><extensions><gpxtpx:TrackPointExtension><gpxtpx:hr>160</gpxtpx:hr></gpxtpx:TrackPointExtension></extensions></trkpt><trkpt lat="58.05868" lon="38.81333"><ele>118.0</ele><time>2025-03-26T16:20:58Z</time><extensions><gpxtpx:TrackPointExtension><gpxtpx:hr>160</gpxtpx:hr></gpxtpx:TrackPointExtension></extensions></trkpt><trkpt lat="58.058677" lon="38.813377"><ele>118.0</ele><time>2025-03-26T16:20:59Z</time><extensions><gpxtpx:TrackPointExtension><gpxtpx:hr>161</gpxtpx:hr></gpxtpx:TrackPointExtension></extensions></trkpt><trkpt lat="58.058673" lon="38.813422"><ele>118.0</ele><time>2025-03-26T16:21:00Z</time><extensions><gpxtpx:TrackPointExtension><gpxtpx:hr>161</gpxtpx:hr></gpxtpx:TrackPointExtension></extensions></trkpt><trkpt lat="58.05867" lon="38.81347"><ele>118.0</ele><time>2025-03-26T16:21:01Z</time><extensions><gpxtpx:TrackPointExtension><gpxtpx:hr>161</gpxtpx:hr></gpxtpx:TrackPointExtension></extensions></trkpt><trkpt lat="58.05867" lon="38.813515"><ele>118.0</ele><time>2025-03-26T16:21:02Z</time><extensions><gpxtpx:TrackPointExtension><gpxtpx:hr>161</gpxtpx:hr></gpxtpx:TrackPointExtension></extensions></trkpt><trkpt lat="58.058665" lon="38.81356"><ele>118.0</ele><time>2025-03-26T16:21:03Z</time><extensions><gpxtpx:TrackPointExtension><gpxtpx:hr>163</gpxtpx:hr></gpxtpx:TrackPointExtension></extensions></trkpt><trkpt lat="58.058662" lon="38.813605"><ele>118.0</ele><time>2025-03-26T16:21:04Z</time><extensions><gpxtpx:TrackPointExtension><gpxtpx:hr>163</gpxtpx:hr></gpxtpx:TrackPointExtension></extensions></trkpt><trkpt lat="58.058662" lon="38.813652"><ele>118.0</ele><time>2025-03-26T16:21:05Z</time><extensions><gpxtpx:TrackPointExtension><gpxtpx:hr>163</gpxtpx:hr></gpxtpx:TrackPointExtension></extensions></trkpt><trkpt lat="58.05866" lon="38.813693"><ele>118.0</ele><time>2025-03-26T16:21:06Z</time><extensions><gpxtpx:TrackPointExtension><gpxtpx:hr>163</gpxtpx:hr></gpxtpx:TrackPointExtension></extensions></trkpt><trkpt lat="58.058655" lon="38.813743"><ele>118.0</ele><time>2025-03-26T16:21:07Z</time><extensions><gpxtpx:TrackPointExtension><gpxtpx:hr>163</gpxtpx:hr></gpxtpx:TrackPointExtension></extensions></trkpt><trkpt lat="58.05865" lon="38.813785"><ele>118.0</ele><time>2025-03-26T16:21:08Z</time><extensions><gpxtpx:TrackPointExtension><gpxtpx:hr>163</gpxtpx:hr></gpxtpx:TrackPointExtension></extensions></trkpt><trkpt lat="58.058647" lon="38.813835"><ele>118.0</ele><time>2025-03-26T16:21:09Z</time><extensions><gpxtpx:TrackPointExtension><gpxtpx:hr>163</gpxtpx:hr></gpxtpx:TrackPointExtension></extensions></trkpt><trkpt lat="58.058642" lon="38.813878"><ele>118.0</ele><time>2025-03-26T16:21:10Z</time><extensions><gpxtpx:TrackPointExtension><gpxtpx:hr>163</gpxtpx:hr></gpxtpx:TrackPointExtension></extensions></trkpt><trkpt lat="58.05864" lon="38.81393"><ele>118.0</ele><time>2025-03-26T16:21:11Z</time><extensions><gpxtpx:TrackPointExtension><gpxtpx:hr>161</gpxtpx:hr></gpxtpx:TrackPointExtension></extensions></trkpt><trkpt lat="58.058635" lon="38.81398"><ele>118.0</ele><time>2025-03-26T16:21:12Z</time><extensions><gpxtpx:TrackPointExtension><gpxtpx:hr>161</gpxtpx:hr></gpxtpx:TrackPointExtension></extensions></trkpt><trkpt lat="58.05863" lon="38.814025"><ele>118.0</ele><time>2025-03-26T16:21:13Z</time><extensions><gpxtpx:TrackPointExtension><gpxtpx:hr>161</gpxtpx:hr></gpxtpx:TrackPointExtension></extensions></trkpt><trkpt lat="58.05863" lon="38.81407"><ele>118.0</ele><time>2025-03-26T16:21:14Z</time><extensions><gpxtpx:TrackPointExtension><gpxtpx:hr>161</gpxtpx:hr></gpxtpx:TrackPointExtension></extensions></trkpt><trkpt lat="58.058627" lon="38.814117"><ele>118.0</ele><time>2025-03-26T16:21:15Z</time><extensions><gpxtpx:TrackPointExtension><gpxtpx:hr>160</gpxtpx:hr></gpxtpx:TrackPointExtension></extensions></trkpt><trkpt lat="58.058627" lon="38.814167"><ele>118.0</ele><time>2025-03-26T16:21:16Z</time><extensions><gpxtpx:TrackPointExtension><gpxtpx:hr>160</gpxtpx:hr></gpxtpx:TrackPointExtension></extensions></trkpt><trkpt lat="58.058623" lon="38.814212"><ele>118.0</ele><time>2025-03-26T16:21:16Z</time><extensions><gpxtpx:TrackPointExtension><gpxtpx:hr>160</gpxtpx:hr></gpxtpx:TrackPointExtension></extensions></trkpt><trkpt lat="58.058618" lon="38.814255"><ele>118.0</ele><time>2025-03-26T16:21:18Z</time><extensions><gpxtpx:TrackPointExtension><gpxtpx:hr>161</gpxtpx:hr></gpxtpx:TrackPointExtension></extensions></trkpt><trkpt lat="58.058617" lon="38.8143"><ele>118.0</ele><time>2025-03-26T16:21:19Z</time><extensions><gpxtpx:TrackPointExtension><gpxtpx:hr>160</gpxtpx:hr></gpxtpx:TrackPointExtension></extensions></trkpt><trkpt lat="58.058612" lon="38.814345"><ele>118.0</ele><time>2025-03-26T16:21:20Z</time><extensions><gpxtpx:TrackPointExtension><gpxtpx:hr>160</gpxtpx:hr></gpxtpx:TrackPointExtension></extensions></trkpt><trkpt lat="58.05861" lon="38.81439"><ele>118.0</ele><time>2025-03-26T16:21:21Z</time><extensions><gpxtpx:TrackPointExtension><gpxtpx:hr>160</gpxtpx:hr></gpxtpx:TrackPointExtension></extensions></trkpt><trkpt lat="58.058605" lon="38.81443"><ele>118.0</ele><time>2025-03-26T16:21:22Z</time><extensions><gpxtpx:TrackPointExtension><gpxtpx:hr>160</gpxtpx:hr></gpxtpx:TrackPointExtension></extensions></trkpt><trkpt lat="58.0586" lon="38.814472"><ele>118.0</ele><time>2025-03-26T16:21:23Z</time><extensions><gpxtpx:TrackPointExtension><gpxtpx:hr>160</gpxtpx:hr></gpxtpx:TrackPointExtension></extensions></trkpt><trkpt lat="58.0586" lon="38.814517"><ele>118.0</ele><time>2025-03-26T16:21:24Z</time><extensions><gpxtpx:TrackPointExtension><gpxtpx:hr>160</gpxtpx:hr></gpxtpx:TrackPointExtension></extensions></trkpt><trkpt lat="58.058597" lon="38.81456"><ele>118.0</ele><time>2025-03-26T16:21:25Z</time><extensions><gpxtpx:TrackPointExtension><gpxtpx:hr>160</gpxtpx:hr></gpxtpx:TrackPointExtension></extensions></trkpt><trkpt lat="58.058597" lon="38.814605"><ele>118.0</ele><time>2025-03-26T16:21:26Z</time><extensions><gpxtpx:TrackPointExtension><gpxtpx:hr>160</gpxtpx:hr></gpxtpx:TrackPointExtension></extensions></trkpt><trkpt lat="58.058593" lon="38.81465"><ele>118.0</ele><time>2025-03-26T16:21:27Z</time><extensions><gpxtpx:TrackPointExtension><gpxtpx:hr>160</gpxtpx:hr></gpxtpx:TrackPointExtension></extensions></trkpt><trkpt lat="58.058593" lon="38.814697"><ele>118.0</ele><time>2025-03-26T16:21:28Z</time><extensions><gpxtpx:TrackPointExtension><gpxtpx:hr>160</gpxtpx:hr></gpxtpx:TrackPointExtension></extensions></trkpt><trkpt lat="58.05859" lon="38.814742"><ele>118.0</ele><time>2025-03-26T16:21:29Z</time><extensions><gpxtpx:TrackPointExtension><gpxtpx:hr>160</gpxtpx:hr></gpxtpx:TrackPointExtension></extensions></trkpt><trkpt lat="58.058585" lon="38.814785"><ele>118.0</ele><time>2025-03-26T16:21:30Z</time><extensions><gpxtpx:TrackPointExtension><gpxtpx:hr>160</gpxtpx:hr></gpxtpx:TrackPointExtension></extensions></trkpt><trkpt lat="58.058582" lon="38.81483"><ele>118.0</ele><time>2025-03-26T16:21:31Z</time><extensions><gpxtpx:TrackPointExtension><gpxtpx:hr>160</gpxtpx:hr></gpxtpx:TrackPointExtension></extensions></trkpt><trkpt lat="58.058582" lon="38.814877"><ele>118.0</ele><time>2025-03-26T16:21:32Z</time><extensions><gpxtpx:TrackPointExtension><gpxtpx:hr>160</gpxtpx:hr></gpxtpx:TrackPointExtension></extensions></trkpt><trkpt lat="58.05858" lon="38.814922"><ele>118.0</ele><time>2025-03-26T16:21:33Z</time><extensions><gpxtpx:TrackPointExtension><gpxtpx:hr>160</gpxtpx:hr></gpxtpx:TrackPointExtension></extensions></trkpt><trkpt lat="58.058575" lon="38.81497"><ele>118.0</ele><time>2025-03-26T16:21:34Z</time><extensions><gpxtpx:TrackPointExtension><gpxtpx:hr>160</gpxtpx:hr></gpxtpx:TrackPointExtension></extensions></trkpt><trkpt lat="58.05857" lon="38.815013"><ele>118.0</ele><time>2025-03-26T16:21:35Z</time><extensions><gpxtpx:TrackPointExtension><gpxtpx:hr>160</gpxtpx:hr></gpxtpx:TrackPointExtension></extensions></trkpt><trkpt lat="58.05857" lon="38.81506"><ele>118.0</ele><time>2025-03-26T16:21:36Z</time><extensions><gpxtpx:TrackPointExtension><gpxtpx:hr>160</gpxtpx:hr></gpxtpx:TrackPointExtension></extensions></trkpt><trkpt lat="58.058567" lon="38.815105"><ele>118.0</ele><time>2025-03-26T16:21:37Z</time><extensions><gpxtpx:TrackPointExtension><gpxtpx:hr>160</gpxtpx:hr></gpxtpx:TrackPointExtension></extensions></trkpt><trkpt lat="58.058562" lon="38.815147"><ele>118.0</ele><time>2025-03-26T16:21:38Z</time><extensions><gpxtpx:TrackPointExtension><gpxtpx:hr>160</gpxtpx:hr></gpxtpx:TrackPointExtension></extensions></trkpt><trkpt lat="58.05856" lon="38.815192"><ele>118.0</ele><time>2025-03-26T16:21:39Z</time><extensions><gpxtpx:TrackPointExtension><gpxtpx:hr>160</gpxtpx:hr></gpxtpx:TrackPointExtension></extensions></trkpt><trkpt lat="58.058555" lon="38.815235"><ele>118.0</ele><time>2025-03-26T16:21:40Z</time><extensions><gpxtpx:TrackPointExtension><gpxtpx:hr>160</gpxtpx:hr></gpxtpx:TrackPointExtension></extensions></trkpt><trkpt lat="58.058555" lon="38.81528"><ele>118.0</ele><time>2025-03-26T16:21:41Z</time><extensions><gpxtpx:TrackPointExtension><gpxtpx:hr>161</gpxtpx:hr></gpxtpx:TrackPointExtension></extensions></trkpt><trkpt lat="58.058548" lon="38.815327"><ele>118.0</ele><time>2025-03-26T16:21:42Z</time><extensions><gpxtpx:TrackPointExtension><gpxtpx:hr>161</gpxtpx:hr></gpxtpx:TrackPointExtension></extensions></trkpt><trkpt lat="58.058548" lon="38.815372"><ele>118.0</ele><time>2025-03-26T16:21:43Z</time><extensions><gpxtpx:TrackPointExtension><gpxtpx:hr>161</gpxtpx:hr></gpxtpx:TrackPointExtension></extensions></trkpt><trkpt lat="58.058547" lon="38.81542"><ele>118.0</ele><time>2025-03-26T16:21:44Z</time><extensions><gpxtpx:TrackPointExtension><gpxtpx:hr>160</gpxtpx:hr></gpxtpx:TrackPointExtension></extensions></trkpt><trkpt lat="58.058543" lon="38.815463"><ele>118.0</ele><time>2025-03-26T16:21:45Z</time><extensions><gpxtpx:TrackPointExtension><gpxtpx:hr>160</gpxtpx:hr></gpxtpx:TrackPointExtension></extensions></trkpt><trkpt lat="58.05854" lon="38.81551"><ele>118.0</ele><time>2025-03-26T16:21:46Z</time><extensions><gpxtpx:TrackPointExtension><gpxtpx:hr>160</gpxtpx:hr></gpxtpx:TrackPointExtension></extensions></trkpt><trkpt lat="58.058537" lon="38.81555"><ele>118.0</ele><time>2025-03-26T16:21:47Z</time><extensions><gpxtpx:TrackPointExtension><gpxtpx:hr>160</gpxtpx:hr></gpxtpx:TrackPointExtension></extensions></trkpt><trkpt lat="58.058532" lon="38.815597"><ele>118.0</ele><time>2025-03-26T16:21:48Z</time><extensions><gpxtpx:TrackPointExtension><gpxtpx:hr>161</gpxtpx:hr></gpxtpx:TrackPointExtension></extensions></trkpt><trkpt lat="58.05853" lon="38.815642"><ele>118.0</ele><time>2025-03-26T16:21:48Z</time><extensions><gpxtpx:TrackPointExtension><gpxtpx:hr>161</gpxtpx:hr></gpxtpx:TrackPointExtension></extensions></trkpt><trkpt lat="58.058525" lon="38.81569"><ele>118.0</ele><time>2025-03-26T16:21:50Z</time><extensions><gpxtpx:TrackPointExtension><gpxtpx:hr>160</gpxtpx:hr></gpxtpx:TrackPointExtension></extensions></trkpt><trkpt lat="58.05852" lon="38.81573"><ele>118.0</ele><time>2025-03-26T16:21:51Z</time><extensions><gpxtpx:TrackPointExtension><gpxtpx:hr>160</gpxtpx:hr></gpxtpx:TrackPointExtension></extensions></trkpt><trkpt lat="58.058517" lon="38.815777"><ele>118.0</ele><time>2025-03-26T16:21:52Z</time><extensions><gpxtpx:TrackPointExtension><gpxtpx:hr>161</gpxtpx:hr></gpxtpx:TrackPointExtension></extensions></trkpt><trkpt lat="58.058513" lon="38.815822"><ele>118.0</ele><time>2025-03-26T16:21:53Z</time><extensions><gpxtpx:TrackPointExtension><gpxtpx:hr>161</gpxtpx:hr></gpxtpx:TrackPointExtension></extensions></trkpt><trkpt lat="58.05851" lon="38.81587"><ele>118.0</ele><time>2025-03-26T16:21:53Z</time><extensions><gpxtpx:TrackPointExtension><gpxtpx:hr>161</gpxtpx:hr></gpxtpx:TrackPointExtension></extensions></trkpt><trkpt lat="58.058505" lon="38.815913"><ele>118.0</ele><time>2025-03-26T16:21:55Z</time><extensions><gpxtpx:TrackPointExtension><gpxtpx:hr>161</gpxtpx:hr></gpxtpx:TrackPointExtension></extensions></trkpt><trkpt lat="58.058502" lon="38.81596"><ele>118.0</ele><time>2025-03-26T16:21:56Z</time><extensions><gpxtpx:TrackPointExtension><gpxtpx:hr>161</gpxtpx:hr></gpxtpx:TrackPointExtension></extensions></trkpt><trkpt lat="58.0585" lon="38.816005"><ele>118.0</ele><time>2025-03-26T16:21:57Z</time><extensions><gpxtpx:TrackPointExtension><gpxtpx:hr>161</gpxtpx:hr></gpxtpx:TrackPointExtension></extensions></trkpt><trkpt lat="58.058495" lon="38.816047"><ele>118.0</ele><time>2025-03-26T16:21:58Z</time><extensions><gpxtpx:TrackPointExtension><gpxtpx:hr>161</gpxtpx:hr></gpxtpx:TrackPointExtension></extensions></trkpt><trkpt lat="58.05849" lon="38.81609"><ele>118.0</ele><time>2025-03-26T16:21:59Z</time><extensions><gpxtpx:TrackPointExtension><gpxtpx:hr>161</gpxtpx:hr></gpxtpx:TrackPointExtension></extensions></trkpt><trkpt lat="58.058487" lon="38.816135"><ele>118.0</ele><time>2025-03-26T16:22:00Z</time><extensions><gpxtpx:TrackPointExtension><gpxtpx:hr>161</gpxtpx:hr></gpxtpx:TrackPointExtension></extensions></trkpt><trkpt lat="58.058482" lon="38.816177"><ele>118.0</ele><time>2025-03-26T16:22:01Z</time><extensions><gpxtpx:TrackPointExtension><gpxtpx:hr>161</gpxtpx:hr></gpxtpx:TrackPointExtension></extensions></trkpt><trkpt lat="58.05848" lon="38.816222"><ele>118.0</ele><time>2025-03-26T16:22:02Z</time><extensions><gpxtpx:TrackPointExtension><gpxtpx:hr>161</gpxtpx:hr></gpxtpx:TrackPointExtension></extensions></trkpt><trkpt lat="58.05848" lon="38.81627"><ele>118.0</ele><time>2025-03-26T16:22:02Z</time><extensions><gpxtpx:TrackPointExtension><gpxtpx:hr>161</gpxtpx:hr></gpxtpx:TrackPointExtension></extensions></trkpt><trkpt lat="58.058475" lon="38.816315"><ele>118.0</ele><time>2025-03-26T16:22:04Z</time><extensions><gpxtpx:TrackPointExtension><gpxtpx:hr>163</gpxtpx:hr></gpxtpx:TrackPointExtension></extensions></trkpt><trkpt lat="58.05847" lon="38.816357"><ele>118.0</ele><time>2025-03-26T16:22:05Z</time><extensions><gpxtpx:TrackPointExtension><gpxtpx:hr>162</gpxtpx:hr></gpxtpx:TrackPointExtension></extensions></trkpt><trkpt lat="58.058467" lon="38.816402"><ele>118.0</ele><time>2025-03-26T16:22:06Z</time><extensions><gpxtpx:TrackPointExtension><gpxtpx:hr>161</gpxtpx:hr></gpxtpx:TrackPointExtension></extensions></trkpt><trkpt lat="58.058467" lon="38.81645"><ele>118.0</ele><time>2025-03-26T16:22:07Z</time><extensions><gpxtpx:TrackPointExtension><gpxtpx:hr>161</gpxtpx:hr></gpxtpx:TrackPointExtension></extensions></trkpt><trkpt lat="58.058463" lon="38.816493"><ele>118.0</ele><time>2025-03-26T16:22:08Z</time><extensions><gpxtpx:TrackPointExtension><gpxtpx:hr>160</gpxtpx:hr></gpxtpx:TrackPointExtension></extensions></trkpt><trkpt lat="58.058463" lon="38.81654"><ele>118.0</ele><time>2025-03-26T16:22:09Z</time><extensions><gpxtpx:TrackPointExtension><gpxtpx:hr>160</gpxtpx:hr></gpxtpx:TrackPointExtension></extensions></trkpt><trkpt lat="58.05846" lon="38.816585"><ele>118.0</ele><time>2025-03-26T16:22:10Z</time><extensions><gpxtpx:TrackPointExtension><gpxtpx:hr>160</gpxtpx:hr></gpxtpx:TrackPointExtension></extensions></trkpt><trkpt lat="58.05846" lon="38.81663"><ele>118.0</ele><time>2025-03-26T16:22:11Z</time><extensions><gpxtpx:TrackPointExtension><gpxtpx:hr>160</gpxtpx:hr></gpxtpx:TrackPointExtension></extensions></trkpt><trkpt lat="58.05846" lon="38.816672"><ele>118.0</ele><time>2025-03-26T16:22:12Z</time><extensions><gpxtpx:TrackPointExtension><gpxtpx:hr>160</gpxtpx:hr></gpxtpx:TrackPointExtension></extensions></trkpt><trkpt lat="58.058455" lon="38.81672"><ele>118.0</ele><time>2025-03-26T16:22:13Z</time><extensions><gpxtpx:TrackPointExtension><gpxtpx:hr>160</gpxtpx:hr></gpxtpx:TrackPointExtension></extensions></trkpt><trkpt lat="58.058455" lon="38.816763"><ele>118.0</ele><time>2025-03-26T16:22:14Z</time><extensions><gpxtpx:TrackPointExtension><gpxtpx:hr>160</gpxtpx:hr></gpxtpx:TrackPointExtension></extensions></trkpt><trkpt lat="58.05846" lon="38.81681"><ele>118.0</ele><time>2025-03-26T16:22:15Z</time><extensions><gpxtpx:TrackPointExtension><gpxtpx:hr>160</gpxtpx:hr></gpxtpx:TrackPointExtension></extensions></trkpt><trkpt lat="58.058467" lon="38.816852"><ele>118.0</ele><time>2025-03-26T16:22:16Z</time><extensions><gpxtpx:TrackPointExtension><gpxtpx:hr>160</gpxtpx:hr></gpxtpx:TrackPointExtension></extensions></trkpt><trkpt lat="58.058482" lon="38.816887"><ele>118.0</ele><time>2025-03-26T16:22:17Z</time><extensions><gpxtpx:TrackPointExtension><gpxtpx:hr>160</gpxtpx:hr></gpxtpx:TrackPointExtension></extensions></trkpt><trkpt lat="58.058505" lon="38.816913"><ele>118.0</ele><time>2025-03-26T16:22:18Z</time><extensions><gpxtpx:TrackPointExtension><gpxtpx:hr>160</gpxtpx:hr></gpxtpx:TrackPointExtension></extensions></trkpt><trkpt lat="58.05853" lon="38.816935"><ele>118.0</ele><time>2025-03-26T16:22:19Z</time><extensions><gpxtpx:TrackPointExtension><gpxtpx:hr>160</gpxtpx:hr></gpxtpx:TrackPointExtension></extensions></trkpt><trkpt lat="58.058548" lon="38.81695"><ele>118.0</ele><time>2025-03-26T16:22:20Z</time><extensions><gpxtpx:TrackPointExtension><gpxtpx:hr>160</gpxtpx:hr></gpxtpx:TrackPointExtension></extensions></trkpt><trkpt lat="58.05858" lon="38.816962"><ele>118.0</ele><time>2025-03-26T16:22:21Z</time><extensions><gpxtpx:TrackPointExtension><gpxtpx:hr>159</gpxtpx:hr></gpxtpx:TrackPointExtension></extensions></trkpt><trkpt lat="58.0586" lon="38.816967"><ele>118.0</ele><time>2025-03-26T16:22:22Z</time><extensions><gpxtpx:TrackPointExtension><gpxtpx:hr>159</gpxtpx:hr></gpxtpx:TrackPointExtension></extensions></trkpt><trkpt lat="58.058627" lon="38.816967"><ele>118.0</ele><time>2025-03-26T16:22:23Z</time><extensions><gpxtpx:TrackPointExtension><gpxtpx:hr>158</gpxtpx:hr></gpxtpx:TrackPointExtension></extensions></trkpt><trkpt lat="58.05865" lon="38.816962"><ele>118.0</ele><time>2025-03-26T16:22:24Z</time><extensions><gpxtpx:TrackPointExtension><gpxtpx:hr>158</gpxtpx:hr></gpxtpx:TrackPointExtension></extensions></trkpt><trkpt lat="58.058673" lon="38.81696"><ele>118.0</ele><time>2025-03-26T16:22:25Z</time><extensions><gpxtpx:TrackPointExtension><gpxtpx:hr>158</gpxtpx:hr></gpxtpx:TrackPointExtension></extensions></trkpt><trkpt lat="58.058697" lon="38.81695"><ele>118.0</ele><time>2025-03-26T16:22:26Z</time><extensions><gpxtpx:TrackPointExtension><gpxtpx:hr>158</gpxtpx:hr></gpxtpx:TrackPointExtension></extensions></trkpt><trkpt lat="58.058722" lon="38.816943"><ele>118.0</ele><time>2025-03-26T16:22:27Z</time><extensions><gpxtpx:TrackPointExtension><gpxtpx:hr>158</gpxtpx:hr></gpxtpx:TrackPointExtension></extensions></trkpt><trkpt lat="58.058745" lon="38.816935"><ele>118.0</ele><time>2025-03-26T16:22:28Z</time><extensions><gpxtpx:TrackPointExtension><gpxtpx:hr>158</gpxtpx:hr></gpxtpx:TrackPointExtension></extensions></trkpt><trkpt lat="58.058772" lon="38.816925"><ele>118.0</ele><time>2025-03-26T16:22:29Z</time><extensions><gpxtpx:TrackPointExtension><gpxtpx:hr>158</gpxtpx:hr></gpxtpx:TrackPointExtension></extensions></trkpt><trkpt lat="58.0588" lon="38.816917"><ele>118.0</ele><time>2025-03-26T16:22:30Z</time><extensions><gpxtpx:TrackPointExtension><gpxtpx:hr>158</gpxtpx:hr></gpxtpx:TrackPointExtension></extensions></trkpt><trkpt lat="58.058825" lon="38.816905"><ele>118.0</ele><time>2025-03-26T16:22:31Z</time><extensions><gpxtpx:TrackPointExtension><gpxtpx:hr>158</gpxtpx:hr></gpxtpx:TrackPointExtension></extensions></trkpt><trkpt lat="58.05885" lon="38.8169"><ele>118.0</ele><time>2025-03-26T16:22:32Z</time><extensions><gpxtpx:TrackPointExtension><gpxtpx:hr>158</gpxtpx:hr></gpxtpx:TrackPointExtension></extensions></trkpt><trkpt lat="58.058875" lon="38.816895"><ele>118.0</ele><time>2025-03-26T16:22:33Z</time><extensions><gpxtpx:TrackPointExtension><gpxtpx:hr>158</gpxtpx:hr></gpxtpx:TrackPointExtension></extensions></trkpt><trkpt lat="58.0589" lon="38.81689"><ele>118.0</ele><time>2025-03-26T16:22:34Z</time><extensions><gpxtpx:TrackPointExtension><gpxtpx:hr>158</gpxtpx:hr></gpxtpx:TrackPointExtension></extensions></trkpt><trkpt lat="58.058925" lon="38.816887"><ele>118.0</ele><time>2025-03-26T16:22:35Z</time><extensions><gpxtpx:TrackPointExtension><gpxtpx:hr>159</gpxtpx:hr></gpxtpx:TrackPointExtension></extensions></trkpt><trkpt lat="58.05895" lon="38.81689"><ele>118.0</ele><time>2025-03-26T16:22:36Z</time><extensions><gpxtpx:TrackPointExtension><gpxtpx:hr>159</gpxtpx:hr></gpxtpx:TrackPointExtension></extensions></trkpt><trkpt lat="58.05897" lon="38.816895"><ele>118.0</ele><time>2025-03-26T16:22:37Z</time><extensions><gpxtpx:TrackPointExtension><gpxtpx:hr>159</gpxtpx:hr></gpxtpx:TrackPointExtension></extensions></trkpt><trkpt lat="58.05899" lon="38.816905"><ele>118.0</ele><time>2025-03-26T16:22:38Z</time><extensions><gpxtpx:TrackPointExtension><gpxtpx:hr>159</gpxtpx:hr></gpxtpx:TrackPointExtension></extensions></trkpt><trkpt lat="58.05901" lon="38.816925"><ele>118.0</ele><time>2025-03-26T16:22:39Z</time><extensions><gpxtpx:TrackPointExtension><gpxtpx:hr>159</gpxtpx:hr></gpxtpx:TrackPointExtension></extensions></trkpt><trkpt lat="58.059025" lon="38.81695"><ele>118.0</ele><time>2025-03-26T16:22:40Z</time><extensions><gpxtpx:TrackPointExtension><gpxtpx:hr>159</gpxtpx:hr></gpxtpx:TrackPointExtension></extensions></trkpt><trkpt lat="58.059043" lon="38.816982"><ele>118.0</ele><time>2025-03-26T16:22:41Z</time><extensions><gpxtpx:TrackPointExtension><gpxtpx:hr>159</gpxtpx:hr></gpxtpx:TrackPointExtension></extensions></trkpt><trkpt lat="58.05906" lon="38.81702"><ele>118.0</ele><time>2025-03-26T16:22:42Z</time><extensions><gpxtpx:TrackPointExtension><gpxtpx:hr>159</gpxtpx:hr></gpxtpx:TrackPointExtension></extensions></trkpt><trkpt lat="58.059073" lon="38.817055"><ele>118.0</ele><time>2025-03-26T16:22:43Z</time><extensions><gpxtpx:TrackPointExtension><gpxtpx:hr>159</gpxtpx:hr></gpxtpx:TrackPointExtension></extensions></trkpt><trkpt lat="58.059092" lon="38.817085"><ele>118.0</ele><time>2025-03-26T16:22:44Z</time><extensions><gpxtpx:TrackPointExtension><gpxtpx:hr>159</gpxtpx:hr></gpxtpx:TrackPointExtension></extensions></trkpt><trkpt lat="58.059112" lon="38.817115"><ele>118.0</ele><time>2025-03-26T16:22:45Z</time><extensions><gpxtpx:TrackPointExtension><gpxtpx:hr>159</gpxtpx:hr></gpxtpx:TrackPointExtension></extensions></trkpt><trkpt lat="58.059127" lon="38.817145"><ele>118.0</ele><time>2025-03-26T16:22:46Z</time><extensions><gpxtpx:TrackPointExtension><gpxtpx:hr>160</gpxtpx:hr></gpxtpx:TrackPointExtension></extensions></trkpt><trkpt lat="58.059142" lon="38.817177"><ele>118.0</ele><time>2025-03-26T16:22:47Z</time><extensions><gpxtpx:TrackPointExtension><gpxtpx:hr>161</gpxtpx:hr></gpxtpx:TrackPointExtension></extensions></trkpt><trkpt lat="58.05916" lon="38.817203"><ele>118.0</ele><time>2025-03-26T16:22:48Z</time><extensions><gpxtpx:TrackPointExtension><gpxtpx:hr>161</gpxtpx:hr></gpxtpx:TrackPointExtension></extensions></trkpt><trkpt lat="58.05917" lon="38.817225"><ele>118.0</ele><time>2025-03-26T16:22:49Z</time><extensions><gpxtpx:TrackPointExtension><gpxtpx:hr>162</gpxtpx:hr></gpxtpx:TrackPointExtension></extensions></trkpt><trkpt lat="58.059185" lon="38.817245"><ele>118.0</ele><time>2025-03-26T16:22:50Z</time><extensions><gpxtpx:TrackPointExtension><gpxtpx:hr>162</gpxtpx:hr></gpxtpx:TrackPointExtension></extensions></trkpt><trkpt lat="58.059203" lon="38.817257"><ele>118.0</ele><time>2025-03-26T16:22:51Z</time><extensions><gpxtpx:TrackPointExtension><gpxtpx:hr>162</gpxtpx:hr></gpxtpx:TrackPointExtension></extensions></trkpt><trkpt lat="58.059222" lon="38.817265"><ele>118.0</ele><time>2025-03-26T16:22:52Z</time><extensions><gpxtpx:TrackPointExtension><gpxtpx:hr>163</gpxtpx:hr></gpxtpx:TrackPointExtension></extensions></trkpt><trkpt lat="58.059245" lon="38.817272"><ele>118.0</ele><time>2025-03-26T16:22:53Z</time><extensions><gpxtpx:TrackPointExtension><gpxtpx:hr>163</gpxtpx:hr></gpxtpx:TrackPointExtension></extensions></trkpt><trkpt lat="58.059272" lon="38.81728"><ele>118.0</ele><time>2025-03-26T16:22:54Z</time><extensions><gpxtpx:TrackPointExtension><gpxtpx:hr>164</gpxtpx:hr></gpxtpx:TrackPointExtension></extensions></trkpt><trkpt lat="58.059295" lon="38.81729"><ele>118.0</ele><time>2025-03-26T16:22:55Z</time><extensions><gpxtpx:TrackPointExtension><gpxtpx:hr>164</gpxtpx:hr></gpxtpx:TrackPointExtension></extensions></trkpt><trkpt lat="58.059322" lon="38.8173"><ele>118.0</ele><time>2025-03-26T16:22:56Z</time><extensions><gpxtpx:TrackPointExtension><gpxtpx:hr>164</gpxtpx:hr></gpxtpx:TrackPointExtension></extensions></trkpt><trkpt lat="58.05935" lon="38.81731"><ele>118.0</ele><time>2025-03-26T16:22:57Z</time><extensions><gpxtpx:TrackPointExtension><gpxtpx:hr>165</gpxtpx:hr></gpxtpx:TrackPointExtension></extensions></trkpt><trkpt lat="58.059375" lon="38.817317"><ele>118.0</ele><time>2025-03-26T16:22:58Z</time><extensions><gpxtpx:TrackPointExtension><gpxtpx:hr>165</gpxtpx:hr></gpxtpx:TrackPointExtension></extensions></trkpt><trkpt lat="58.059402" lon="38.817332"><ele>118.0</ele><time>2025-03-26T16:22:59Z</time><extensions><gpxtpx:TrackPointExtension><gpxtpx:hr>166</gpxtpx:hr></gpxtpx:TrackPointExtension></extensions></trkpt><trkpt lat="58.059432" lon="38.81735"><ele>118.0</ele><time>2025-03-26T16:23:00Z</time><extensions><gpxtpx:TrackPointExtension><gpxtpx:hr>166</gpxtpx:hr></gpxtpx:TrackPointExtension></extensions></trkpt><trkpt lat="58.059455" lon="38.81736"><ele>118.0</ele><time>2025-03-26T16:23:01Z</time><extensions><gpxtpx:TrackPointExtension><gpxtpx:hr>166</gpxtpx:hr></gpxtpx:TrackPointExtension></extensions></trkpt><trkpt lat="58.059485" lon="38.817367"><ele>118.0</ele><time>2025-03-26T16:23:02Z</time><extensions><gpxtpx:TrackPointExtension><gpxtpx:hr>166</gpxtpx:hr></gpxtpx:TrackPointExtension></extensions></trkpt><trkpt lat="58.059512" lon="38.817375"><ele>118.0</ele><time>2025-03-26T16:23:03Z</time><extensions><gpxtpx:TrackPointExtension><gpxtpx:hr>168</gpxtpx:hr></gpxtpx:TrackPointExtension></extensions></trkpt><trkpt lat="58.05954" lon="38.817382"><ele>118.0</ele><time>2025-03-26T16:23:03Z</time><extensions><gpxtpx:TrackPointExtension><gpxtpx:hr>168</gpxtpx:hr></gpxtpx:TrackPointExtension></extensions></trkpt><trkpt lat="58.059562" lon="38.817393"><ele>118.0</ele><time>2025-03-26T16:23:05Z</time><extensions><gpxtpx:TrackPointExtension><gpxtpx:hr>169</gpxtpx:hr></gpxtpx:TrackPointExtension></extensions></trkpt><trkpt lat="58.059585" lon="38.817397"><ele>118.0</ele><time>2025-03-26T16:23:06Z</time><extensions><gpxtpx:TrackPointExtension><gpxtpx:hr>170</gpxtpx:hr></gpxtpx:TrackPointExtension></extensions></trkpt><trkpt lat="58.059603" lon="38.8174"><ele>118.0</ele><time>2025-03-26T16:23:07Z</time><extensions><gpxtpx:TrackPointExtension><gpxtpx:hr>170</gpxtpx:hr></gpxtpx:TrackPointExtension></extensions></trkpt><trkpt lat="58.059627" lon="38.8174"><ele>118.0</ele><time>2025-03-26T16:23:07Z</time><extensions><gpxtpx:TrackPointExtension><gpxtpx:hr>170</gpxtpx:hr></gpxtpx:TrackPointExtension></extensions></trkpt><trkpt lat="58.059647" lon="38.817405"><ele>118.0</ele><time>2025-03-26T16:23:09Z</time><extensions><gpxtpx:TrackPointExtension><gpxtpx:hr>170</gpxtpx:hr></gpxtpx:TrackPointExtension></extensions></trkpt><trkpt lat="58.059665" lon="38.817412"><ele>118.0</ele><time>2025-03-26T16:23:10Z</time><extensions><gpxtpx:TrackPointExtension><gpxtpx:hr>169</gpxtpx:hr></gpxtpx:TrackPointExtension></extensions></trkpt><trkpt lat="58.05969" lon="38.81743"><ele>118.0</ele><time>2025-03-26T16:23:11Z</time><extensions><gpxtpx:TrackPointExtension><gpxtpx:hr>169</gpxtpx:hr></gpxtpx:TrackPointExtension></extensions></trkpt><trkpt lat="58.059707" lon="38.817443"><ele>118.0</ele><time>2025-03-26T16:23:12Z</time><extensions><gpxtpx:TrackPointExtension><gpxtpx:hr>168</gpxtpx:hr></gpxtpx:TrackPointExtension></extensions></trkpt><trkpt lat="58.059722" lon="38.817467"><ele>118.0</ele><time>2025-03-26T16:23:13Z</time><extensions><gpxtpx:TrackPointExtension><gpxtpx:hr>168</gpxtpx:hr></gpxtpx:TrackPointExtension></extensions></trkpt><trkpt lat="58.059733" lon="38.8175"><ele>118.0</ele><time>2025-03-26T16:23:14Z</time><extensions><gpxtpx:TrackPointExtension><gpxtpx:hr>168</gpxtpx:hr></gpxtpx:TrackPointExtension></extensions></trkpt><trkpt lat="58.059742" lon="38.817535"><ele>118.0</ele><time>2025-03-26T16:23:15Z</time><extensions><gpxtpx:TrackPointExtension><gpxtpx:hr>168</gpxtpx:hr></gpxtpx:TrackPointExtension></extensions></trkpt><trkpt lat="58.059745" lon="38.817573"><ele>118.0</ele><time>2025-03-26T16:23:16Z</time><extensions><gpxtpx:TrackPointExtension><gpxtpx:hr>169</gpxtpx:hr></gpxtpx:TrackPointExtension></extensions></trkpt><trkpt lat="58.05975" lon="38.817615"><ele>118.0</ele><time>2025-03-26T16:23:17Z</time><extensions><gpxtpx:TrackPointExtension><gpxtpx:hr>169</gpxtpx:hr></gpxtpx:TrackPointExtension></extensions></trkpt><trkpt lat="58.05975" lon="38.817663"><ele>118.0</ele><time>2025-03-26T16:23:18Z</time><extensions><gpxtpx:TrackPointExtension><gpxtpx:hr>169</gpxtpx:hr></gpxtpx:TrackPointExtension></extensions></trkpt><trkpt lat="58.05975" lon="38.81772"><ele>118.0</ele><time>2025-03-26T16:23:19Z</time><extensions><gpxtpx:TrackPointExtension><gpxtpx:hr>168</gpxtpx:hr></gpxtpx:TrackPointExtension></extensions></trkpt><trkpt lat="58.05975" lon="38.817772"><ele>118.0</ele><time>2025-03-26T16:23:20Z</time><extensions><gpxtpx:TrackPointExtension><gpxtpx:hr>168</gpxtpx:hr></gpxtpx:TrackPointExtension></extensions></trkpt><trkpt lat="58.059745" lon="38.817825"><ele>118.0</ele><time>2025-03-26T16:23:21Z</time><extensions><gpxtpx:TrackPointExtension><gpxtpx:hr>167</gpxtpx:hr></gpxtpx:TrackPointExtension></extensions></trkpt><trkpt lat="58.059745" lon="38.81788"><ele>118.0</ele><time>2025-03-26T16:23:22Z</time><extensions><gpxtpx:TrackPointExtension><gpxtpx:hr>167</gpxtpx:hr></gpxtpx:TrackPointExtension></extensions></trkpt><trkpt lat="58.05974" lon="38.81793"><ele>118.0</ele><time>2025-03-26T16:23:22Z</time><extensions><gpxtpx:TrackPointExtension><gpxtpx:hr>167</gpxtpx:hr></gpxtpx:TrackPointExtension></extensions></trkpt><trkpt lat="58.059733" lon="38.817977"><ele>118.0</ele><time>2025-03-26T16:23:24Z</time><extensions><gpxtpx:TrackPointExtension><gpxtpx:hr>167</gpxtpx:hr></gpxtpx:TrackPointExtension></extensions></trkpt><trkpt lat="58.059727" lon="38.818023"><ele>118.0</ele><time>2025-03-26T16:23:25Z</time><extensions><gpxtpx:TrackPointExtension><gpxtpx:hr>167</gpxtpx:hr></gpxtpx:TrackPointExtension></extensions></trkpt><trkpt lat="58.05972" lon="38.81807"><ele>118.0</ele><time>2025-03-26T16:23:26Z</time><extensions><gpxtpx:TrackPointExtension><gpxtpx:hr>167</gpxtpx:hr></gpxtpx:TrackPointExtension></extensions></trkpt><trkpt lat="58.059715" lon="38.81812"><ele>118.0</ele><time>2025-03-26T16:23:27Z</time><extensions><gpxtpx:TrackPointExtension><gpxtpx:hr>167</gpxtpx:hr></gpxtpx:TrackPointExtension></extensions></trkpt><trkpt lat="58.05971" lon="38.818165"><ele>118.0</ele><time>2025-03-26T16:23:28Z</time><extensions><gpxtpx:TrackPointExtension><gpxtpx:hr>167</gpxtpx:hr></gpxtpx:TrackPointExtension></extensions></trkpt><trkpt lat="58.059703" lon="38.818213"><ele>118.0</ele><time>2025-03-26T16:23:29Z</time><extensions><gpxtpx:TrackPointExtension><gpxtpx:hr>167</gpxtpx:hr></gpxtpx:TrackPointExtension></extensions></trkpt><trkpt lat="58.0597" lon="38.818263"><ele>118.0</ele><time>2025-03-26T16:23:30Z</time><extensions><gpxtpx:TrackPointExtension><gpxtpx:hr>167</gpxtpx:hr></gpxtpx:TrackPointExtension></extensions></trkpt><trkpt lat="58.059695" lon="38.818313"><ele>118.0</ele><time>2025-03-26T16:23:31Z</time><extensions><gpxtpx:TrackPointExtension><gpxtpx:hr>166</gpxtpx:hr></gpxtpx:TrackPointExtension></extensions></trkpt><trkpt lat="58.059692" lon="38.818362"><ele>118.0</ele><time>2025-03-26T16:23:32Z</time><extensions><gpxtpx:TrackPointExtension><gpxtpx:hr>166</gpxtpx:hr></gpxtpx:TrackPointExtension></extensions></trkpt><trkpt lat="58.05969" lon="38.818412"><ele>118.0</ele><time>2025-03-26T16:23:32Z</time><extensions><gpxtpx:TrackPointExtension><gpxtpx:hr>166</gpxtpx:hr></gpxtpx:TrackPointExtension></extensions></trkpt><trkpt lat="58.059685" lon="38.818462"><ele>118.0</ele><time>2025-03-26T16:23:33Z</time><extensions><gpxtpx:TrackPointExtension><gpxtpx:hr>166</gpxtpx:hr></gpxtpx:TrackPointExtension></extensions></trkpt><trkpt lat="58.05968" lon="38.818512"><ele>118.0</ele><time>2025-03-26T16:23:34Z</time><extensions><gpxtpx:TrackPointExtension><gpxtpx:hr>167</gpxtpx:hr></gpxtpx:TrackPointExtension></extensions></trkpt><trkpt lat="58.059677" lon="38.818557"><ele>118.0</ele><time>2025-03-26T16:23:35Z</time><extensions><gpxtpx:TrackPointExtension><gpxtpx:hr>167</gpxtpx:hr></gpxtpx:TrackPointExtension></extensions></trkpt><trkpt lat="58.059672" lon="38.818607"><ele>118.0</ele><time>2025-03-26T16:23:36Z</time><extensions><gpxtpx:TrackPointExtension><gpxtpx:hr>167</gpxtpx:hr></gpxtpx:TrackPointExtension></extensions></trkpt><trkpt lat="58.059672" lon="38.818652"><ele>118.0</ele><time>2025-03-26T16:23:37Z</time><extensions><gpxtpx:TrackPointExtension><gpxtpx:hr>168</gpxtpx:hr></gpxtpx:TrackPointExtension></extensions></trkpt><trkpt lat="58.059672" lon="38.8187"><ele>118.0</ele><time>2025-03-26T16:23:38Z</time><extensions><gpxtpx:TrackPointExtension><gpxtpx:hr>168</gpxtpx:hr></gpxtpx:TrackPointExtension></extensions></trkpt><trkpt lat="58.059672" lon="38.818745"><ele>118.0</ele><time>2025-03-26T16:23:39Z</time><extensions><gpxtpx:TrackPointExtension><gpxtpx:hr>168</gpxtpx:hr></gpxtpx:TrackPointExtension></extensions></trkpt><trkpt lat="58.059677" lon="38.81879"><ele>118.0</ele><time>2025-03-26T16:23:40Z</time><extensions><gpxtpx:TrackPointExtension><gpxtpx:hr>168</gpxtpx:hr></gpxtpx:TrackPointExtension></extensions></trkpt><trkpt lat="58.059677" lon="38.818835"><ele>118.0</ele><time>2025-03-26T16:23:41Z</time><extensions><gpxtpx:TrackPointExtension><gpxtpx:hr>168</gpxtpx:hr></gpxtpx:TrackPointExtension></extensions></trkpt><trkpt lat="58.059677" lon="38.818882"><ele>118.0</ele><time>2025-03-26T16:23:42Z</time><extensions><gpxtpx:TrackPointExtension><gpxtpx:hr>168</gpxtpx:hr></gpxtpx:TrackPointExtension></extensions></trkpt><trkpt lat="58.059677" lon="38.818927"><ele>118.0</ele><time>2025-03-26T16:23:43Z</time><extensions><gpxtpx:TrackPointExtension><gpxtpx:hr>168</gpxtpx:hr></gpxtpx:TrackPointExtension></extensions></trkpt><trkpt lat="58.059672" lon="38.818973"><ele>118.0</ele><time>2025-03-26T16:23:44Z</time><extensions><gpxtpx:TrackPointExtension><gpxtpx:hr>168</gpxtpx:hr></gpxtpx:TrackPointExtension></extensions></trkpt><trkpt lat="58.05967" lon="38.81902"><ele>118.0</ele><time>2025-03-26T16:23:45Z</time><extensions><gpxtpx:TrackPointExtension><gpxtpx:hr>168</gpxtpx:hr></gpxtpx:TrackPointExtension></extensions></trkpt><trkpt lat="58.059665" lon="38.819065"><ele>118.0</ele><time>2025-03-26T16:23:46Z</time><extensions><gpxtpx:TrackPointExtension><gpxtpx:hr>168</gpxtpx:hr></gpxtpx:TrackPointExtension></extensions></trkpt><trkpt lat="58.05966" lon="38.819107"><ele>118.0</ele><time>2025-03-26T16:23:47Z</time><extensions><gpxtpx:TrackPointExtension><gpxtpx:hr>168</gpxtpx:hr></gpxtpx:TrackPointExtension></extensions></trkpt><trkpt lat="58.059657" lon="38.819157"><ele>118.0</ele><time>2025-03-26T16:23:48Z</time><extensions><gpxtpx:TrackPointExtension><gpxtpx:hr>169</gpxtpx:hr></gpxtpx:TrackPointExtension></extensions></trkpt><trkpt lat="58.059653" lon="38.819202"><ele>118.0</ele><time>2025-03-26T16:23:49Z</time><extensions><gpxtpx:TrackPointExtension><gpxtpx:hr>169</gpxtpx:hr></gpxtpx:TrackPointExtension></extensions></trkpt><trkpt lat="58.05965" lon="38.81925"><ele>118.0</ele><time>2025-03-26T16:23:50Z</time><extensions><gpxtpx:TrackPointExtension><gpxtpx:hr>170</gpxtpx:hr></gpxtpx:TrackPointExtension></extensions></trkpt><trkpt lat="58.059647" lon="38.81929"><ele>118.0</ele><time>2025-03-26T16:23:51Z</time><extensions><gpxtpx:TrackPointExtension><gpxtpx:hr>170</gpxtpx:hr></gpxtpx:TrackPointExtension></extensions></trkpt><trkpt lat="58.059642" lon="38.819335"><ele>118.0</ele><time>2025-03-26T16:23:52Z</time><extensions><gpxtpx:TrackPointExtension><gpxtpx:hr>170</gpxtpx:hr></gpxtpx:TrackPointExtension></extensions></trkpt><trkpt lat="58.05964" lon="38.81939"><ele>118.0</ele><time>2025-03-26T16:23:52Z</time><extensions><gpxtpx:TrackPointExtension><gpxtpx:hr>170</gpxtpx:hr></gpxtpx:TrackPointExtension></extensions></trkpt><trkpt lat="58.059635" lon="38.81944"><ele>118.0</ele><time>2025-03-26T16:23:54Z</time><extensions><gpxtpx:TrackPointExtension><gpxtpx:hr>171</gpxtpx:hr></gpxtpx:TrackPointExtension></extensions></trkpt><trkpt lat="58.05963" lon="38.81949"><ele>118.0</ele><time>2025-03-26T16:23:55Z</time><extensions><gpxtpx:TrackPointExtension><gpxtpx:hr>171</gpxtpx:hr></gpxtpx:TrackPointExtension></extensions></trkpt><trkpt lat="58.05963" lon="38.819542"><ele>118.0</ele><time>2025-03-26T16:23:56Z</time><extensions><gpxtpx:TrackPointExtension><gpxtpx:hr>171</gpxtpx:hr></gpxtpx:TrackPointExtension></extensions></trkpt><trkpt lat="58.05963" lon="38.819595"><ele>118.0</ele><time>2025-03-26T16:23:57Z</time><extensions><gpxtpx:TrackPointExtension><gpxtpx:hr>172</gpxtpx:hr></gpxtpx:TrackPointExtension></extensions></trkpt><trkpt lat="58.059627" lon="38.81965"><ele>118.0</ele><time>2025-03-26T16:23:58Z</time><extensions><gpxtpx:TrackPointExtension><gpxtpx:hr>172</gpxtpx:hr></gpxtpx:TrackPointExtension></extensions></trkpt><trkpt lat="58.059627" lon="38.819705"><ele>118.0</ele><time>2025-03-26T16:23:59Z</time><extensions><gpxtpx:TrackPointExtension><gpxtpx:hr>172</gpxtpx:hr></gpxtpx:TrackPointExtension></extensions></trkpt><trkpt lat="58.059623" lon="38.819755"><ele>118.0</ele><time>2025-03-26T16:24:00Z</time><extensions><gpxtpx:TrackPointExtension><gpxtpx:hr>172</gpxtpx:hr></gpxtpx:TrackPointExtension></extensions></trkpt><trkpt lat="58.059615" lon="38.81981"><ele>118.0</ele><time>2025-03-26T16:24:01Z</time><extensions><gpxtpx:TrackPointExtension><gpxtpx:hr>172</gpxtpx:hr></gpxtpx:TrackPointExtension></extensions></trkpt><trkpt lat="58.05961" lon="38.819858"><ele>118.0</ele><time>2025-03-26T16:24:02Z</time><extensions><gpxtpx:TrackPointExtension><gpxtpx:hr>172</gpxtpx:hr></gpxtpx:TrackPointExtension></extensions></trkpt><trkpt lat="58.059603" lon="38.81991"><ele>118.0</ele><time>2025-03-26T16:24:03Z</time><extensions><gpxtpx:TrackPointExtension><gpxtpx:hr>172</gpxtpx:hr></gpxtpx:TrackPointExtension></extensions></trkpt><trkpt lat="58.059597" lon="38.819957"><ele>118.0</ele><time>2025-03-26T16:24:04Z</time><extensions><gpxtpx:TrackPointExtension><gpxtpx:hr>172</gpxtpx:hr></gpxtpx:TrackPointExtension></extensions></trkpt><trkpt lat="58.059592" lon="38.820003"><ele>118.0</ele><time>2025-03-26T16:24:05Z</time><extensions><gpxtpx:TrackPointExtension><gpxtpx:hr>172</gpxtpx:hr></gpxtpx:TrackPointExtension></extensions></trkpt><trkpt lat="58.059592" lon="38.820052"><ele>118.0</ele><time>2025-03-26T16:24:06Z</time><extensions><gpxtpx:TrackPointExtension><gpxtpx:hr>172</gpxtpx:hr></gpxtpx:TrackPointExtension></extensions></trkpt><trkpt lat="58.05959" lon="38.820102"><ele>118.0</ele><time>2025-03-26T16:24:07Z</time><extensions><gpxtpx:TrackPointExtension><gpxtpx:hr>172</gpxtpx:hr></gpxtpx:TrackPointExtension></extensions></trkpt><trkpt lat="58.05959" lon="38.82015"><ele>118.0</ele><time>2025-03-26T16:24:08Z</time><extensions><gpxtpx:TrackPointExtension><gpxtpx:hr>172</gpxtpx:hr></gpxtpx:TrackPointExtension></extensions></trkpt><trkpt lat="58.05959" lon="38.820197"><ele>118.0</ele><time>2025-03-26T16:24:09Z</time><extensions><gpxtpx:TrackPointExtension><gpxtpx:hr>172</gpxtpx:hr></gpxtpx:TrackPointExtension></extensions></trkpt><trkpt lat="58.05959" lon="38.820247"><ele>118.0</ele><time>2025-03-26T16:24:10Z</time><extensions><gpxtpx:TrackPointExtension><gpxtpx:hr>172</gpxtpx:hr></gpxtpx:TrackPointExtension></extensions></trkpt><trkpt lat="58.05959" lon="38.820297"><ele>118.0</ele><time>2025-03-26T16:24:11Z</time><extensions><gpxtpx:TrackPointExtension><gpxtpx:hr>173</gpxtpx:hr></gpxtpx:TrackPointExtension></extensions></trkpt><trkpt lat="58.05959" lon="38.820347"><ele>118.0</ele><time>2025-03-26T16:24:12Z</time><extensions><gpxtpx:TrackPointExtension><gpxtpx:hr>173</gpxtpx:hr></gpxtpx:TrackPointExtension></extensions></trkpt><trkpt lat="58.059585" lon="38.820392"><ele>118.0</ele><time>2025-03-26T16:24:13Z</time><extensions><gpxtpx:TrackPointExtension><gpxtpx:hr>173</gpxtpx:hr></gpxtpx:TrackPointExtension></extensions></trkpt><trkpt lat="58.059585" lon="38.82044"><ele>118.0</ele><time>2025-03-26T16:24:13Z</time><extensions><gpxtpx:TrackPointExtension><gpxtpx:hr>173</gpxtpx:hr></gpxtpx:TrackPointExtension></extensions></trkpt><trkpt lat="58.059585" lon="38.82048"><ele>118.0</ele><time>2025-03-26T16:24:15Z</time><extensions><gpxtpx:TrackPointExtension><gpxtpx:hr>174</gpxtpx:hr></gpxtpx:TrackPointExtension></extensions></trkpt><trkpt lat="58.059585" lon="38.820522"><ele>118.0</ele><time>2025-03-26T16:24:16Z</time><extensions><gpxtpx:TrackPointExtension><gpxtpx:hr>175</gpxtpx:hr></gpxtpx:TrackPointExtension></extensions></trkpt><trkpt lat="58.059585" lon="38.820563"><ele>118.0</ele><time>2025-03-26T16:24:17Z</time><extensions><gpxtpx:TrackPointExtension><gpxtpx:hr>175</gpxtpx:hr></gpxtpx:TrackPointExtension></extensions></trkpt><trkpt lat="58.059585" lon="38.820602"><ele>118.0</ele><time>2025-03-26T16:24:18Z</time><extensions><gpxtpx:TrackPointExtension><gpxtpx:hr>175</gpxtpx:hr></gpxtpx:TrackPointExtension></extensions></trkpt><trkpt lat="58.05958" lon="38.820643"><ele>118.0</ele><time>2025-03-26T16:24:19Z</time><extensions><gpxtpx:TrackPointExtension><gpxtpx:hr>175</gpxtpx:hr></gpxtpx:TrackPointExtension></extensions></trkpt><trkpt lat="58.05958" lon="38.82068"><ele>118.0</ele><time>2025-03-26T16:24:20Z</time><extensions><gpxtpx:TrackPointExtension><gpxtpx:hr>175</gpxtpx:hr></gpxtpx:TrackPointExtension></extensions></trkpt><trkpt lat="58.05958" lon="38.820717"><ele>118.0</ele><time>2025-03-26T16:24:21Z</time><extensions><gpxtpx:TrackPointExtension><gpxtpx:hr>175</gpxtpx:hr></gpxtpx:TrackPointExtension></extensions></trkpt><trkpt lat="58.05958" lon="38.82075"><ele>118.0</ele><time>2025-03-26T16:24:22Z</time><extensions><gpxtpx:TrackPointExtension><gpxtpx:hr>176</gpxtpx:hr></gpxtpx:TrackPointExtension></extensions></trkpt><trkpt lat="58.05958" lon="38.820785"><ele>118.0</ele><time>2025-03-26T16:24:23Z</time><extensions><gpxtpx:TrackPointExtension><gpxtpx:hr>176</gpxtpx:hr></gpxtpx:TrackPointExtension></extensions></trkpt><trkpt lat="58.059585" lon="38.820815"><ele>118.0</ele><time>2025-03-26T16:24:24Z</time><extensions><gpxtpx:TrackPointExtension><gpxtpx:hr>175</gpxtpx:hr></gpxtpx:TrackPointExtension></extensions></trkpt><trkpt lat="58.05959" lon="38.82085"><ele>118.0</ele><time>2025-03-26T16:24:25Z</time><extensions><gpxtpx:TrackPointExtension><gpxtpx:hr>174</gpxtpx:hr></gpxtpx:TrackPointExtension></extensions></trkpt><trkpt lat="58.05959" lon="38.82089"><ele>118.0</ele><time>2025-03-26T16:24:26Z</time><extensions><gpxtpx:TrackPointExtension><gpxtpx:hr>174</gpxtpx:hr></gpxtpx:TrackPointExtension></extensions></trkpt><trkpt lat="58.059592" lon="38.820927"><ele>118.0</ele><time>2025-03-26T16:24:27Z</time><extensions><gpxtpx:TrackPointExtension><gpxtpx:hr>174</gpxtpx:hr></gpxtpx:TrackPointExtension></extensions></trkpt><trkpt lat="58.0596" lon="38.820965"><ele>118.0</ele><time>2025-03-26T16:24:28Z</time><extensions><gpxtpx:TrackPointExtension><gpxtpx:hr>174</gpxtpx:hr></gpxtpx:TrackPointExtension></extensions></trkpt><trkpt lat="58.05961" lon="38.820998"><ele>118.0</ele><time>2025-03-26T16:24:29Z</time><extensions><gpxtpx:TrackPointExtension><gpxtpx:hr>174</gpxtpx:hr></gpxtpx:TrackPointExtension></extensions></trkpt><trkpt lat="58.05962" lon="38.821025"><ele>118.0</ele><time>2025-03-26T16:24:30Z</time><extensions><gpxtpx:TrackPointExtension><gpxtpx:hr>174</gpxtpx:hr></gpxtpx:TrackPointExtension></extensions></trkpt><trkpt lat="58.059635" lon="38.82105"><ele>118.0</ele><time>2025-03-26T16:24:31Z</time><extensions><gpxtpx:TrackPointExtension><gpxtpx:hr>174</gpxtpx:hr></gpxtpx:TrackPointExtension></extensions></trkpt><trkpt lat="58.05965" lon="38.821067"><ele>118.0</ele><time>2025-03-26T16:24:31Z</time><extensions><gpxtpx:TrackPointExtension><gpxtpx:hr>174</gpxtpx:hr></gpxtpx:TrackPointExtension></extensions></trkpt><trkpt lat="58.05967" lon="38.82109"><ele>118.0</ele><time>2025-03-26T16:24:33Z</time><extensions><gpxtpx:TrackPointExtension><gpxtpx:hr>175</gpxtpx:hr></gpxtpx:TrackPointExtension></extensions></trkpt><trkpt lat="58.05969" lon="38.82111"><ele>118.0</ele><time>2025-03-26T16:24:34Z</time><extensions><gpxtpx:TrackPointExtension><gpxtpx:hr>175</gpxtpx:hr></gpxtpx:TrackPointExtension></extensions></trkpt><trkpt lat="58.059707" lon="38.821132"><ele>118.0</ele><time>2025-03-26T16:24:35Z</time><extensions><gpxtpx:TrackPointExtension><gpxtpx:hr>174</gpxtpx:hr></gpxtpx:TrackPointExtension></extensions></trkpt><trkpt lat="58.059727" lon="38.82116"><ele>118.0</ele><time>2025-03-26T16:24:36Z</time><extensions><gpxtpx:TrackPointExtension><gpxtpx:hr>174</gpxtpx:hr></gpxtpx:TrackPointExtension></extensions></trkpt><trkpt lat="58.059742" lon="38.82119"><ele>118.0</ele><time>2025-03-26T16:24:37Z</time><extensions><gpxtpx:TrackPointExtension><gpxtpx:hr>173</gpxtpx:hr></gpxtpx:TrackPointExtension></extensions></trkpt><trkpt lat="58.059757" lon="38.821217"><ele>118.0</ele><time>2025-03-26T16:24:38Z</time><extensions><gpxtpx:TrackPointExtension><gpxtpx:hr>173</gpxtpx:hr></gpxtpx:TrackPointExtension></extensions></trkpt><trkpt lat="58.05977" lon="38.82125"><ele>118.0</ele><time>2025-03-26T16:24:39Z</time><extensions><gpxtpx:TrackPointExtension><gpxtpx:hr>173</gpxtpx:hr></gpxtpx:TrackPointExtension></extensions></trkpt><trkpt lat="58.059772" lon="38.82129"><ele>118.0</ele><time>2025-03-26T16:24:40Z</time><extensions><gpxtpx:TrackPointExtension><gpxtpx:hr>172</gpxtpx:hr></gpxtpx:TrackPointExtension></extensions></trkpt><trkpt lat="58.059775" lon="38.821327"><ele>118.0</ele><time>2025-03-26T16:24:41Z</time><extensions><gpxtpx:TrackPointExtension><gpxtpx:hr>172</gpxtpx:hr></gpxtpx:TrackPointExtension></extensions></trkpt><trkpt lat="58.059775" lon="38.821372"><ele>118.0</ele><time>2025-03-26T16:24:42Z</time><extensions><gpxtpx:TrackPointExtension><gpxtpx:hr>172</gpxtpx:hr></gpxtpx:TrackPointExtension></extensions></trkpt><trkpt lat="58.059775" lon="38.821415"><ele>118.0</ele><time>2025-03-26T16:24:43Z</time><extensions><gpxtpx:TrackPointExtension><gpxtpx:hr>172</gpxtpx:hr></gpxtpx:TrackPointExtension></extensions></trkpt><trkpt lat="58.059775" lon="38.821465"><ele>118.0</ele><time>2025-03-26T16:24:43Z</time><extensions><gpxtpx:TrackPointExtension><gpxtpx:hr>172</gpxtpx:hr></gpxtpx:TrackPointExtension></extensions></trkpt><trkpt lat="58.059772" lon="38.821517"><ele>118.0</ele><time>2025-03-26T16:24:45Z</time><extensions><gpxtpx:TrackPointExtension><gpxtpx:hr>172</gpxtpx:hr></gpxtpx:TrackPointExtension></extensions></trkpt><trkpt lat="58.05977" lon="38.821567"><ele>118.0</ele><time>2025-03-26T16:24:46Z</time><extensions><gpxtpx:TrackPointExtension><gpxtpx:hr>172</gpxtpx:hr></gpxtpx:TrackPointExtension></extensions></trkpt><trkpt lat="58.059758" lon="38.82162"><ele>118.0</ele><time>2025-03-26T16:24:47Z</time><extensions><gpxtpx:TrackPointExtension><gpxtpx:hr>172</gpxtpx:hr></gpxtpx:TrackPointExtension></extensions></trkpt><trkpt lat="58.059757" lon="38.82167"><ele>118.0</ele><time>2025-03-26T16:24:48Z</time><extensions><gpxtpx:TrackPointExtension><gpxtpx:hr>171</gpxtpx:hr></gpxtpx:TrackPointExtension></extensions></trkpt><trkpt lat="58.05975" lon="38.821715"><ele>118.0</ele><time>2025-03-26T16:24:49Z</time><extensions><gpxtpx:TrackPointExtension><gpxtpx:hr>171</gpxtpx:hr></gpxtpx:TrackPointExtension></extensions></trkpt><trkpt lat="58.059745" lon="38.821762"><ele>118.0</ele><time>2025-03-26T16:24:50Z</time><extensions><gpxtpx:TrackPointExtension><gpxtpx:hr>171</gpxtpx:hr></gpxtpx:TrackPointExtension></extensions></trkpt><trkpt lat="58.05974" lon="38.82181"><ele>118.0</ele><time>2025-03-26T16:24:51Z</time><extensions><gpxtpx:TrackPointExtension><gpxtpx:hr>171</gpxtpx:hr></gpxtpx:TrackPointExtension></extensions></trkpt><trkpt lat="58.059733" lon="38.821857"><ele>118.0</ele><time>2025-03-26T16:24:52Z</time><extensions><gpxtpx:TrackPointExtension><gpxtpx:hr>171</gpxtpx:hr></gpxtpx:TrackPointExtension></extensions></trkpt><trkpt lat="58.05973" lon="38.821907"><ele>118.0</ele><time>2025-03-26T16:24:53Z</time><extensions><gpxtpx:TrackPointExtension><gpxtpx:hr>171</gpxtpx:hr></gpxtpx:TrackPointExtension></extensions></trkpt><trkpt lat="58.059722" lon="38.821957"><ele>118.0</ele><time>2025-03-26T16:24:54Z</time><extensions><gpxtpx:TrackPointExtension><gpxtpx:hr>171</gpxtpx:hr></gpxtpx:TrackPointExtension></extensions></trkpt><trkpt lat="58.05972" lon="38.822005"><ele>118.0</ele><time>2025-03-26T16:24:55Z</time><extensions><gpxtpx:TrackPointExtension><gpxtpx:hr>170</gpxtpx:hr></gpxtpx:TrackPointExtension></extensions></trkpt><trkpt lat="58.059715" lon="38.82206"><ele>118.0</ele><time>2025-03-26T16:24:56Z</time><extensions><gpxtpx:TrackPointExtension><gpxtpx:hr>170</gpxtpx:hr></gpxtpx:TrackPointExtension></extensions></trkpt><trkpt lat="58.059707" lon="38.82211"><ele>118.0</ele><time>2025-03-26T16:24:57Z</time><extensions><gpxtpx:TrackPointExtension><gpxtpx:hr>170</gpxtpx:hr></gpxtpx:TrackPointExtension></extensions></trkpt><trkpt lat="58.059703" lon="38.822155"><ele>118.0</ele><time>2025-03-26T16:24:58Z</time><extensions><gpxtpx:TrackPointExtension><gpxtpx:hr>170</gpxtpx:hr></gpxtpx:TrackPointExtension></extensions></trkpt><trkpt lat="58.0597" lon="38.822208"><ele>118.0</ele><time>2025-03-26T16:24:59Z</time><extensions><gpxtpx:TrackPointExtension><gpxtpx:hr>170</gpxtpx:hr></gpxtpx:TrackPointExtension></extensions></trkpt><trkpt lat="58.059695" lon="38.822257"><ele>118.0</ele><time>2025-03-26T16:25:00Z</time><extensions><gpxtpx:TrackPointExtension><gpxtpx:hr>170</gpxtpx:hr></gpxtpx:TrackPointExtension></extensions></trkpt><trkpt lat="58.05969" lon="38.82231"><ele>118.0</ele><time>2025-03-26T16:25:01Z</time><extensions><gpxtpx:TrackPointExtension><gpxtpx:hr>169</gpxtpx:hr></gpxtpx:TrackPointExtension></extensions></trkpt><trkpt lat="58.059685" lon="38.82236"><ele>118.0</ele><time>2025-03-26T16:25:02Z</time><extensions><gpxtpx:TrackPointExtension><gpxtpx:hr>169</gpxtpx:hr></gpxtpx:TrackPointExtension></extensions></trkpt><trkpt lat="58.05968" lon="38.82241"><ele>118.0</ele><time>2025-03-26T16:25:03Z</time><extensions><gpxtpx:TrackPointExtension><gpxtpx:hr>168</gpxtpx:hr></gpxtpx:TrackPointExtension></extensions></trkpt><trkpt lat="58.059677" lon="38.822463"><ele>118.0</ele><time>2025-03-26T16:25:04Z</time><extensions><gpxtpx:TrackPointExtension><gpxtpx:hr>166</gpxtpx:hr></gpxtpx:TrackPointExtension></extensions></trkpt><trkpt lat="58.059677" lon="38.822513"><ele>118.0</ele><time>2025-03-26T16:25:05Z</time><extensions><gpxtpx:TrackPointExtension><gpxtpx:hr>166</gpxtpx:hr></gpxtpx:TrackPointExtension></extensions></trkpt><trkpt lat="58.05967" lon="38.822562"><ele>118.0</ele><time>2025-03-26T16:25:06Z</time><extensions><gpxtpx:TrackPointExtension><gpxtpx:hr>166</gpxtpx:hr></gpxtpx:TrackPointExtension></extensions></trkpt><trkpt lat="58.05967" lon="38.822617"><ele>118.0</ele><time>2025-03-26T16:25:07Z</time><extensions><gpxtpx:TrackPointExtension><gpxtpx:hr>166</gpxtpx:hr></gpxtpx:TrackPointExtension></extensions></trkpt><trkpt lat="58.05967" lon="38.822665"><ele>118.0</ele><time>2025-03-26T16:25:08Z</time><extensions><gpxtpx:TrackPointExtension><gpxtpx:hr>166</gpxtpx:hr></gpxtpx:TrackPointExtension></extensions></trkpt><trkpt lat="58.05967" lon="38.822715"><ele>118.0</ele><time>2025-03-26T16:25:09Z</time><extensions><gpxtpx:TrackPointExtension><gpxtpx:hr>166</gpxtpx:hr></gpxtpx:TrackPointExtension></extensions></trkpt><trkpt lat="58.05966" lon="38.82276"><ele>118.0</ele><time>2025-03-26T16:25:10Z</time><extensions><gpxtpx:TrackPointExtension><gpxtpx:hr>166</gpxtpx:hr></gpxtpx:TrackPointExtension></extensions></trkpt><trkpt lat="58.059657" lon="38.822802"><ele>118.0</ele><time>2025-03-26T16:25:11Z</time><extensions><gpxtpx:TrackPointExtension><gpxtpx:hr>165</gpxtpx:hr></gpxtpx:TrackPointExtension></extensions></trkpt><trkpt lat="58.05965" lon="38.82285"><ele>118.0</ele><time>2025-03-26T16:25:12Z</time><extensions><gpxtpx:TrackPointExtension><gpxtpx:hr>165</gpxtpx:hr></gpxtpx:TrackPointExtension></extensions></trkpt><trkpt lat="58.059642" lon="38.822895"><ele>118.0</ele><time>2025-03-26T16:25:13Z</time><extensions><gpxtpx:TrackPointExtension><gpxtpx:hr>165</gpxtpx:hr></gpxtpx:TrackPointExtension></extensions></trkpt><trkpt lat="58.059635" lon="38.82294"><ele>118.0</ele><time>2025-03-26T16:25:14Z</time><extensions><gpxtpx:TrackPointExtension><gpxtpx:hr>164</gpxtpx:hr></gpxtpx:TrackPointExtension></extensions></trkpt><trkpt lat="58.059623" lon="38.822982"><ele>118.0</ele><time>2025-03-26T16:25:15Z</time><extensions><gpxtpx:TrackPointExtension><gpxtpx:hr>164</gpxtpx:hr></gpxtpx:TrackPointExtension></extensions></trkpt><trkpt lat="58.059615" lon="38.823025"><ele>118.0</ele><time>2025-03-26T16:25:16Z</time><extensions><gpxtpx:TrackPointExtension><gpxtpx:hr>164</gpxtpx:hr></gpxtpx:TrackPointExtension></extensions></trkpt><trkpt lat="58.059603" lon="38.82307"><ele>118.0</ele><time>2025-03-26T16:25:17Z</time><extensions><gpxtpx:TrackPointExtension><gpxtpx:hr>163</gpxtpx:hr></gpxtpx:TrackPointExtension></extensions></trkpt><trkpt lat="58.059592" lon="38.823112"><ele>118.0</ele><time>2025-03-26T16:25:18Z</time><extensions><gpxtpx:TrackPointExtension><gpxtpx:hr>163</gpxtpx:hr></gpxtpx:TrackPointExtension></extensions></trkpt><trkpt lat="58.059577" lon="38.823153"><ele>118.0</ele><time>2025-03-26T16:25:19Z</time><extensions><gpxtpx:TrackPointExtension><gpxtpx:hr>161</gpxtpx:hr></gpxtpx:TrackPointExtension></extensions></trkpt><trkpt lat="58.059565" lon="38.8232"><ele>118.0</ele><time>2025-03-26T16:25:20Z</time><extensions><gpxtpx:TrackPointExtension><gpxtpx:hr>161</gpxtpx:hr></gpxtpx:TrackPointExtension></extensions></trkpt><trkpt lat="58.059555" lon="38.823242"><ele>118.0</ele><time>2025-03-26T16:25:21Z</time><extensions><gpxtpx:TrackPointExtension><gpxtpx:hr>162</gpxtpx:hr></gpxtpx:TrackPointExtension></extensions></trkpt><trkpt lat="58.059543" lon="38.823283"><ele>118.0</ele><time>2025-03-26T16:25:22Z</time><extensions><gpxtpx:TrackPointExtension><gpxtpx:hr>163</gpxtpx:hr></gpxtpx:TrackPointExtension></extensions></trkpt><trkpt lat="58.05953" lon="38.823322"><ele>118.0</ele><time>2025-03-26T16:25:23Z</time><extensions><gpxtpx:TrackPointExtension><gpxtpx:hr>163</gpxtpx:hr></gpxtpx:TrackPointExtension></extensions></trkpt><trkpt lat="58.059517" lon="38.823357"><ele>118.0</ele><time>2025-03-26T16:25:24Z</time><extensions><gpxtpx:TrackPointExtension><gpxtpx:hr>163</gpxtpx:hr></gpxtpx:TrackPointExtension></extensions></trkpt><trkpt lat="58.0595" lon="38.823387"><ele>118.0</ele><time>2025-03-26T16:25:25Z</time><extensions><gpxtpx:TrackPointExtension><gpxtpx:hr>163</gpxtpx:hr></gpxtpx:TrackPointExtension></extensions></trkpt><trkpt lat="58.05949" lon="38.823417"><ele>118.0</ele><time>2025-03-26T16:25:26Z</time><extensions><gpxtpx:TrackPointExtension><gpxtpx:hr>163</gpxtpx:hr></gpxtpx:TrackPointExtension></extensions></trkpt><trkpt lat="58.059475" lon="38.823452"><ele>118.0</ele><time>2025-03-26T16:25:27Z</time><extensions><gpxtpx:TrackPointExtension><gpxtpx:hr>163</gpxtpx:hr></gpxtpx:TrackPointExtension></extensions></trkpt><trkpt lat="58.05946" lon="38.823485"><ele>118.0</ele><time>2025-03-26T16:25:28Z</time><extensions><gpxtpx:TrackPointExtension><gpxtpx:hr>163</gpxtpx:hr></gpxtpx:TrackPointExtension></extensions></trkpt><trkpt lat="58.059443" lon="38.823517"><ele>118.0</ele><time>2025-03-26T16:25:29Z</time><extensions><gpxtpx:TrackPointExtension><gpxtpx:hr>165</gpxtpx:hr></gpxtpx:TrackPointExtension></extensions></trkpt><trkpt lat="58.05943" lon="38.82355"><ele>118.0</ele><time>2025-03-26T16:25:30Z</time><extensions><gpxtpx:TrackPointExtension><gpxtpx:hr>165</gpxtpx:hr></gpxtpx:TrackPointExtension></extensions></trkpt><trkpt lat="58.05941" lon="38.823585"><ele>118.0</ele><time>2025-03-26T16:25:31Z</time><extensions><gpxtpx:TrackPointExtension><gpxtpx:hr>165</gpxtpx:hr></gpxtpx:TrackPointExtension></extensions></trkpt><trkpt lat="58.05939" lon="38.823615"><ele>118.0</ele><time>2025-03-26T16:25:32Z</time><extensions><gpxtpx:TrackPointExtension><gpxtpx:hr>165</gpxtpx:hr></gpxtpx:TrackPointExtension></extensions></trkpt><trkpt lat="58.059375" lon="38.823647"><ele>118.0</ele><time>2025-03-26T16:25:33Z</time><extensions><gpxtpx:TrackPointExtension><gpxtpx:hr>166</gpxtpx:hr></gpxtpx:TrackPointExtension></extensions></trkpt><trkpt lat="58.05936" lon="38.82368"><ele>118.0</ele><time>2025-03-26T16:25:34Z</time><extensions><gpxtpx:TrackPointExtension><gpxtpx:hr>167</gpxtpx:hr></gpxtpx:TrackPointExtension></extensions></trkpt><trkpt lat="58.05934" lon="38.82371"><ele>118.0</ele><time>2025-03-26T16:25:35Z</time><extensions><gpxtpx:TrackPointExtension><gpxtpx:hr>168</gpxtpx:hr></gpxtpx:TrackPointExtension></extensions></trkpt><trkpt lat="58.059325" lon="38.823745"><ele>118.0</ele><time>2025-03-26T16:25:36Z</time><extensions><gpxtpx:TrackPointExtension><gpxtpx:hr>169</gpxtpx:hr></gpxtpx:TrackPointExtension></extensions></trkpt><trkpt lat="58.05931" lon="38.823775"><ele>118.0</ele><time>2025-03-26T16:25:37Z</time><extensions><gpxtpx:TrackPointExtension><gpxtpx:hr>169</gpxtpx:hr></gpxtpx:TrackPointExtension></extensions></trkpt><trkpt lat="58.05929" lon="38.82381"><ele>118.0</ele><time>2025-03-26T16:25:38Z</time><extensions><gpxtpx:TrackPointExtension><gpxtpx:hr>170</gpxtpx:hr></gpxtpx:TrackPointExtension></extensions></trkpt><trkpt lat="58.059277" lon="38.82384"><ele>118.0</ele><time>2025-03-26T16:25:39Z</time><extensions><gpxtpx:TrackPointExtension><gpxtpx:hr>170</gpxtpx:hr></gpxtpx:TrackPointExtension></extensions></trkpt><trkpt lat="58.059257" lon="38.82387"><ele>118.0</ele><time>2025-03-26T16:25:40Z</time><extensions><gpxtpx:TrackPointExtension><gpxtpx:hr>170</gpxtpx:hr></gpxtpx:TrackPointExtension></extensions></trkpt><trkpt lat="58.059242" lon="38.823905"><ele>118.0</ele><time>2025-03-26T16:25:41Z</time><extensions><gpxtpx:TrackPointExtension><gpxtpx:hr>171</gpxtpx:hr></gpxtpx:TrackPointExtension></extensions></trkpt><trkpt lat="58.059227" lon="38.82394"><ele>118.0</ele><time>2025-03-26T16:25:42Z</time><extensions><gpxtpx:TrackPointExtension><gpxtpx:hr>171</gpxtpx:hr></gpxtpx:TrackPointExtension></extensions></trkpt><trkpt lat="58.059207" lon="38.823975"><ele>118.0</ele><time>2025-03-26T16:25:43Z</time><extensions><gpxtpx:TrackPointExtension><gpxtpx:hr>171</gpxtpx:hr></gpxtpx:TrackPointExtension></extensions></trkpt><trkpt lat="58.05919" lon="38.824005"><ele>118.0</ele><time>2025-03-26T16:25:44Z</time><extensions><gpxtpx:TrackPointExtension><gpxtpx:hr>172</gpxtpx:hr></gpxtpx:TrackPointExtension></extensions></trkpt><trkpt lat="58.059173" lon="38.824038"><ele>118.0</ele><time>2025-03-26T16:25:44Z</time><extensions><gpxtpx:TrackPointExtension><gpxtpx:hr>172</gpxtpx:hr></gpxtpx:TrackPointExtension></extensions></trkpt><trkpt lat="58.059153" lon="38.824073"><ele>118.0</ele><time>2025-03-26T16:25:46Z</time><extensions><gpxtpx:TrackPointExtension><gpxtpx:hr>173</gpxtpx:hr></gpxtpx:TrackPointExtension></extensions></trkpt><trkpt lat="58.05914" lon="38.824103"><ele>118.0</ele><time>2025-03-26T16:25:47Z</time><extensions><gpxtpx:TrackPointExtension><gpxtpx:hr>174</gpxtpx:hr></gpxtpx:TrackPointExtension></extensions></trkpt><trkpt lat="58.05912" lon="38.82414"><ele>118.0</ele><time>2025-03-26T16:25:48Z</time><extensions><gpxtpx:TrackPointExtension><gpxtpx:hr>174</gpxtpx:hr></gpxtpx:TrackPointExtension></extensions></trkpt><trkpt lat="58.0591" lon="38.82417"><ele>118.0</ele><time>2025-03-26T16:25:49Z</time><extensions><gpxtpx:TrackPointExtension><gpxtpx:hr>174</gpxtpx:hr></gpxtpx:TrackPointExtension></extensions></trkpt><trkpt lat="58.059085" lon="38.8242"><ele>118.0</ele><time>2025-03-26T16:25:50Z</time><extensions><gpxtpx:TrackPointExtension><gpxtpx:hr>175</gpxtpx:hr></gpxtpx:TrackPointExtension></extensions></trkpt><trkpt lat="58.059067" lon="38.824233"><ele>118.0</ele><time>2025-03-26T16:25:51Z</time><extensions><gpxtpx:TrackPointExtension><gpxtpx:hr>175</gpxtpx:hr></gpxtpx:TrackPointExtension></extensions></trkpt><trkpt lat="58.059047" lon="38.82427"><ele>118.0</ele><time>2025-03-26T16:25:52Z</time><extensions><gpxtpx:TrackPointExtension><gpxtpx:hr>175</gpxtpx:hr></gpxtpx:TrackPointExtension></extensions></trkpt><trkpt lat="58.059032" lon="38.824302"><ele>118.0</ele><time>2025-03-26T16:25:53Z</time><extensions><gpxtpx:TrackPointExtension><gpxtpx:hr>175</gpxtpx:hr></gpxtpx:TrackPointExtension></extensions></trkpt><trkpt lat="58.059012" lon="38.824337"><ele>118.0</ele><time>2025-03-26T16:25:54Z</time><extensions><gpxtpx:TrackPointExtension><gpxtpx:hr>175</gpxtpx:hr></gpxtpx:TrackPointExtension></extensions></trkpt><trkpt lat="58.058998" lon="38.82437"><ele>118.0</ele><time>2025-03-26T16:25:55Z</time><extensions><gpxtpx:TrackPointExtension><gpxtpx:hr>175</gpxtpx:hr></gpxtpx:TrackPointExtension></extensions></trkpt><trkpt lat="58.05898" lon="38.824405"><ele>118.0</ele><time>2025-03-26T16:25:56Z</time><extensions><gpxtpx:TrackPointExtension><gpxtpx:hr>175</gpxtpx:hr></gpxtpx:TrackPointExtension></extensions></trkpt><trkpt lat="58.058963" lon="38.82444"><ele>118.0</ele><time>2025-03-26T16:25:57Z</time><extensions><gpxtpx:TrackPointExtension><gpxtpx:hr>175</gpxtpx:hr></gpxtpx:TrackPointExtension></extensions></trkpt><trkpt lat="58.058945" lon="38.82447"><ele>118.0</ele><time>2025-03-26T16:25:58Z</time><extensions><gpxtpx:TrackPointExtension><gpxtpx:hr>175</gpxtpx:hr></gpxtpx:TrackPointExtension></extensions></trkpt><trkpt lat="58.058928" lon="38.824505"><ele>118.0</ele><time>2025-03-26T16:25:59Z</time><extensions><gpxtpx:TrackPointExtension><gpxtpx:hr>175</gpxtpx:hr></gpxtpx:TrackPointExtension></extensions></trkpt><trkpt lat="58.05891" lon="38.824535"><ele>118.0</ele><time>2025-03-26T16:26:00Z</time><extensions><gpxtpx:TrackPointExtension><gpxtpx:hr>175</gpxtpx:hr></gpxtpx:TrackPointExtension></extensions></trkpt><trkpt lat="58.058895" lon="38.82457"><ele>118.0</ele><time>2025-03-26T16:26:01Z</time><extensions><gpxtpx:TrackPointExtension><gpxtpx:hr>174</gpxtpx:hr></gpxtpx:TrackPointExtension></extensions></trkpt><trkpt lat="58.058875" lon="38.824603"><ele>118.0</ele><time>2025-03-26T16:26:02Z</time><extensions><gpxtpx:TrackPointExtension><gpxtpx:hr>174</gpxtpx:hr></gpxtpx:TrackPointExtension></extensions></trkpt><trkpt lat="58.05886" lon="38.824642"><ele>118.0</ele><time>2025-03-26T16:26:03Z</time><extensions><gpxtpx:TrackPointExtension><gpxtpx:hr>174</gpxtpx:hr></gpxtpx:TrackPointExtension></extensions></trkpt><trkpt lat="58.05884" lon="38.824677"><ele>118.0</ele><time>2025-03-26T16:26:04Z</time><extensions><gpxtpx:TrackPointExtension><gpxtpx:hr>174</gpxtpx:hr></gpxtpx:TrackPointExtension></extensions></trkpt><trkpt lat="58.058825" lon="38.824713"><ele>118.0</ele><time>2025-03-26T16:26:05Z</time><extensions><gpxtpx:TrackPointExtension><gpxtpx:hr>174</gpxtpx:hr></gpxtpx:TrackPointExtension></extensions></trkpt><trkpt lat="58.058807" lon="38.82475"><ele>118.0</ele><time>2025-03-26T16:26:06Z</time><extensions><gpxtpx:TrackPointExtension><gpxtpx:hr>174</gpxtpx:hr></gpxtpx:TrackPointExtension></extensions></trkpt><trkpt lat="58.05879" lon="38.824782"><ele>118.0</ele><time>2025-03-26T16:26:07Z</time><extensions><gpxtpx:TrackPointExtension><gpxtpx:hr>174</gpxtpx:hr></gpxtpx:TrackPointExtension></extensions></trkpt><trkpt lat="58.058772" lon="38.824817"><ele>118.0</ele><time>2025-03-26T16:26:08Z</time><extensions><gpxtpx:TrackPointExtension><gpxtpx:hr>174</gpxtpx:hr></gpxtpx:TrackPointExtension></extensions></trkpt><trkpt lat="58.058757" lon="38.824852"><ele>118.0</ele><time>2025-03-26T16:26:09Z</time><extensions><gpxtpx:TrackPointExtension><gpxtpx:hr>174</gpxtpx:hr></gpxtpx:TrackPointExtension></extensions></trkpt><trkpt lat="58.058742" lon="38.824885"><ele>118.0</ele><time>2025-03-26T16:26:10Z</time><extensions><gpxtpx:TrackPointExtension><gpxtpx:hr>174</gpxtpx:hr></gpxtpx:TrackPointExtension></extensions></trkpt><trkpt lat="58.058722" lon="38.824923"><ele>118.0</ele><time>2025-03-26T16:26:11Z</time><extensions><gpxtpx:TrackPointExtension><gpxtpx:hr>174</gpxtpx:hr></gpxtpx:TrackPointExtension></extensions></trkpt><trkpt lat="58.05871" lon="38.82496"><ele>118.0</ele><time>2025-03-26T16:26:12Z</time><extensions><gpxtpx:TrackPointExtension><gpxtpx:hr>174</gpxtpx:hr></gpxtpx:TrackPointExtension></extensions></trkpt><trkpt lat="58.058692" lon="38.824992"><ele>118.0</ele><time>2025-03-26T16:26:13Z</time><extensions><gpxtpx:TrackPointExtension><gpxtpx:hr>174</gpxtpx:hr></gpxtpx:TrackPointExtension></extensions></trkpt><trkpt lat="58.058677" lon="38.82503"><ele>118.0</ele><time>2025-03-26T16:26:14Z</time><extensions><gpxtpx:TrackPointExtension><gpxtpx:hr>174</gpxtpx:hr></gpxtpx:TrackPointExtension></extensions></trkpt><trkpt lat="58.058662" lon="38.82507"><ele>118.0</ele><time>2025-03-26T16:26:15Z</time><extensions><gpxtpx:TrackPointExtension><gpxtpx:hr>174</gpxtpx:hr></gpxtpx:TrackPointExtension></extensions></trkpt><trkpt lat="58.05865" lon="38.825107"><ele>118.0</ele><time>2025-03-26T16:26:16Z</time><extensions><gpxtpx:TrackPointExtension><gpxtpx:hr>174</gpxtpx:hr></gpxtpx:TrackPointExtension></extensions></trkpt><trkpt lat="58.058635" lon="38.825145"><ele>118.0</ele><time>2025-03-26T16:26:17Z</time><extensions><gpxtpx:TrackPointExtension><gpxtpx:hr>174</gpxtpx:hr></gpxtpx:TrackPointExtension></extensions></trkpt><trkpt lat="58.058618" lon="38.825183"><ele>118.0</ele><time>2025-03-26T16:26:18Z</time><extensions><gpxtpx:TrackPointExtension><gpxtpx:hr>175</gpxtpx:hr></gpxtpx:TrackPointExtension></extensions></trkpt><trkpt lat="58.058605" lon="38.825222"><ele>118.0</ele><time>2025-03-26T16:26:19Z</time><extensions><gpxtpx:TrackPointExtension><gpxtpx:hr>175</gpxtpx:hr></gpxtpx:TrackPointExtension></extensions></trkpt><trkpt lat="58.058593" lon="38.82526"><ele>118.0</ele><time>2025-03-26T16:26:20Z</time><extensions><gpxtpx:TrackPointExtension><gpxtpx:hr>175</gpxtpx:hr></gpxtpx:TrackPointExtension></extensions></trkpt><trkpt lat="58.058582" lon="38.8253"><ele>118.0</ele><time>2025-03-26T16:26:21Z</time><extensions><gpxtpx:TrackPointExtension><gpxtpx:hr>175</gpxtpx:hr></gpxtpx:TrackPointExtension></extensions></trkpt><trkpt lat="58.058567" lon="38.825335"><ele>118.0</ele><time>2025-03-26T16:26:22Z</time><extensions><gpxtpx:TrackPointExtension><gpxtpx:hr>175</gpxtpx:hr></gpxtpx:TrackPointExtension></extensions></trkpt><trkpt lat="58.058555" lon="38.82538"><ele>118.0</ele><time>2025-03-26T16:26:23Z</time><extensions><gpxtpx:TrackPointExtension><gpxtpx:hr>175</gpxtpx:hr></gpxtpx:TrackPointExtension></extensions></trkpt><trkpt lat="58.058543" lon="38.825417"><ele>118.0</ele><time>2025-03-26T16:26:24Z</time><extensions><gpxtpx:TrackPointExtension><gpxtpx:hr>175</gpxtpx:hr></gpxtpx:TrackPointExtension></extensions></trkpt><trkpt lat="58.058532" lon="38.825455"><ele>118.0</ele><time>2025-03-26T16:26:25Z</time><extensions><gpxtpx:TrackPointExtension><gpxtpx:hr>175</gpxtpx:hr></gpxtpx:TrackPointExtension></extensions></trkpt><trkpt lat="58.058517" lon="38.825492"><ele>118.0</ele><time>2025-03-26T16:26:26Z</time><extensions><gpxtpx:TrackPointExtension><gpxtpx:hr>176</gpxtpx:hr></gpxtpx:TrackPointExtension></extensions></trkpt><trkpt lat="58.05851" lon="38.82553"><ele>118.0</ele><time>2025-03-26T16:26:27Z</time><extensions><gpxtpx:TrackPointExtension><gpxtpx:hr>176</gpxtpx:hr></gpxtpx:TrackPointExtension></extensions></trkpt><trkpt lat="58.058495" lon="38.825572"><ele>118.0</ele><time>2025-03-26T16:26:28Z</time><extensions><gpxtpx:TrackPointExtension><gpxtpx:hr>176</gpxtpx:hr></gpxtpx:TrackPointExtension></extensions></trkpt><trkpt lat="58.058487" lon="38.825615"><ele>118.0</ele><time>2025-03-26T16:26:29Z</time><extensions><gpxtpx:TrackPointExtension><gpxtpx:hr>176</gpxtpx:hr></gpxtpx:TrackPointExtension></extensions></trkpt><trkpt lat="58.058475" lon="38.825657"><ele>118.0</ele><time>2025-03-26T16:26:30Z</time><extensions><gpxtpx:TrackPointExtension><gpxtpx:hr>176</gpxtpx:hr></gpxtpx:TrackPointExtension></extensions></trkpt><trkpt lat="58.05846" lon="38.825698"><ele>118.0</ele><time>2025-03-26T16:26:31Z</time><extensions><gpxtpx:TrackPointExtension><gpxtpx:hr>176</gpxtpx:hr></gpxtpx:TrackPointExtension></extensions></trkpt><trkpt lat="58.05845" lon="38.825737"><ele>118.0</ele><time>2025-03-26T16:26:32Z</time><extensions><gpxtpx:TrackPointExtension><gpxtpx:hr>176</gpxtpx:hr></gpxtpx:TrackPointExtension></extensions></trkpt><trkpt lat="58.058437" lon="38.82578"><ele>118.0</ele><time>2025-03-26T16:26:33Z</time><extensions><gpxtpx:TrackPointExtension><gpxtpx:hr>177</gpxtpx:hr></gpxtpx:TrackPointExtension></extensions></trkpt><trkpt lat="58.058425" lon="38.825825"><ele>118.0</ele><time>2025-03-26T16:26:34Z</time><extensions><gpxtpx:TrackPointExtension><gpxtpx:hr>176</gpxtpx:hr></gpxtpx:TrackPointExtension></extensions></trkpt><trkpt lat="58.058413" lon="38.825867"><ele>118.0</ele><time>2025-03-26T16:26:35Z</time><extensions><gpxtpx:TrackPointExtension><gpxtpx:hr>176</gpxtpx:hr></gpxtpx:TrackPointExtension></extensions></trkpt><trkpt lat="58.058407" lon="38.82591"><ele>118.0</ele><time>2025-03-26T16:26:36Z</time><extensions><gpxtpx:TrackPointExtension><gpxtpx:hr>175</gpxtpx:hr></gpxtpx:TrackPointExtension></extensions></trkpt><trkpt lat="58.058393" lon="38.825953"><ele>118.0</ele><time>2025-03-26T16:26:37Z</time><extensions><gpxtpx:TrackPointExtension><gpxtpx:hr>175</gpxtpx:hr></gpxtpx:TrackPointExtension></extensions></trkpt><trkpt lat="58.058383" lon="38.825995"><ele>118.0</ele><time>2025-03-26T16:26:38Z</time><extensions><gpxtpx:TrackPointExtension><gpxtpx:hr>175</gpxtpx:hr></gpxtpx:TrackPointExtension></extensions></trkpt><trkpt lat="58.058375" lon="38.82604"><ele>118.0</ele><time>2025-03-26T16:26:39Z</time><extensions><gpxtpx:TrackPointExtension><gpxtpx:hr>174</gpxtpx:hr></gpxtpx:TrackPointExtension></extensions></trkpt><trkpt lat="58.058365" lon="38.826077"><ele>118.0</ele><time>2025-03-26T16:26:40Z</time><extensions><gpxtpx:TrackPointExtension><gpxtpx:hr>174</gpxtpx:hr></gpxtpx:TrackPointExtension></extensions></trkpt><trkpt lat="58.058352" lon="38.82612"><ele>118.0</ele><time>2025-03-26T16:26:41Z</time><extensions><gpxtpx:TrackPointExtension><gpxtpx:hr>174</gpxtpx:hr></gpxtpx:TrackPointExtension></extensions></trkpt><trkpt lat="58.058342" lon="38.82616"><ele>118.0</ele><time>2025-03-26T16:26:42Z</time><extensions><gpxtpx:TrackPointExtension><gpxtpx:hr>174</gpxtpx:hr></gpxtpx:TrackPointExtension></extensions></trkpt><trkpt lat="58.058333" lon="38.8262"><ele>118.0</ele><time>2025-03-26T16:26:43Z</time><extensions><gpxtpx:TrackPointExtension><gpxtpx:hr>174</gpxtpx:hr></gpxtpx:TrackPointExtension></extensions></trkpt><trkpt lat="58.05832" lon="38.82624"><ele>118.0</ele><time>2025-03-26T16:26:44Z</time><extensions><gpxtpx:TrackPointExtension><gpxtpx:hr>174</gpxtpx:hr></gpxtpx:TrackPointExtension></extensions></trkpt><trkpt lat="58.058307" lon="38.82628"><ele>118.0</ele><time>2025-03-26T16:26:45Z</time><extensions><gpxtpx:TrackPointExtension><gpxtpx:hr>174</gpxtpx:hr></gpxtpx:TrackPointExtension></extensions></trkpt><trkpt lat="58.058292" lon="38.82632"><ele>118.0</ele><time>2025-03-26T16:26:46Z</time><extensions><gpxtpx:TrackPointExtension><gpxtpx:hr>174</gpxtpx:hr></gpxtpx:TrackPointExtension></extensions></trkpt><trkpt lat="58.05828" lon="38.826362"><ele>118.0</ele><time>2025-03-26T16:26:47Z</time><extensions><gpxtpx:TrackPointExtension><gpxtpx:hr>174</gpxtpx:hr></gpxtpx:TrackPointExtension></extensions></trkpt><trkpt lat="58.058265" lon="38.8264"><ele>118.0</ele><time>2025-03-26T16:26:48Z</time><extensions><gpxtpx:TrackPointExtension><gpxtpx:hr>174</gpxtpx:hr></gpxtpx:TrackPointExtension></extensions></trkpt><trkpt lat="58.05825" lon="38.826442"><ele>118.0</ele><time>2025-03-26T16:26:49Z</time><extensions><gpxtpx:TrackPointExtension><gpxtpx:hr>175</gpxtpx:hr></gpxtpx:TrackPointExtension></extensions></trkpt><trkpt lat="58.058235" lon="38.826485"><ele>118.0</ele><time>2025-03-26T16:26:50Z</time><extensions><gpxtpx:TrackPointExtension><gpxtpx:hr>175</gpxtpx:hr></gpxtpx:TrackPointExtension></extensions></trkpt><trkpt lat="58.058223" lon="38.826527"><ele>118.0</ele><time>2025-03-26T16:26:51Z</time><extensions><gpxtpx:TrackPointExtension><gpxtpx:hr>176</gpxtpx:hr></gpxtpx:TrackPointExtension></extensions></trkpt><trkpt lat="58.05821" lon="38.82657"><ele>118.0</ele><time>2025-03-26T16:26:52Z</time><extensions><gpxtpx:TrackPointExtension><gpxtpx:hr>176</gpxtpx:hr></gpxtpx:TrackPointExtension></extensions></trkpt><trkpt lat="58.058192" lon="38.82661"><ele>118.0</ele><time>2025-03-26T16:26:53Z</time><extensions><gpxtpx:TrackPointExtension><gpxtpx:hr>176</gpxtpx:hr></gpxtpx:TrackPointExtension></extensions></trkpt><trkpt lat="58.05818" lon="38.826652"><ele>118.0</ele><time>2025-03-26T16:26:54Z</time><extensions><gpxtpx:TrackPointExtension><gpxtpx:hr>176</gpxtpx:hr></gpxtpx:TrackPointExtension></extensions></trkpt><trkpt lat="58.058167" lon="38.826693"><ele>118.0</ele><time>2025-03-26T16:26:55Z</time><extensions><gpxtpx:TrackPointExtension><gpxtpx:hr>176</gpxtpx:hr></gpxtpx:TrackPointExtension></extensions></trkpt><trkpt lat="58.058155" lon="38.826735"><ele>118.0</ele><time>2025-03-26T16:26:56Z</time><extensions><gpxtpx:TrackPointExtension><gpxtpx:hr>176</gpxtpx:hr></gpxtpx:TrackPointExtension></extensions></trkpt><trkpt lat="58.05814" lon="38.826775"><ele>118.0</ele><time>2025-03-26T16:26:57Z</time><extensions><gpxtpx:TrackPointExtension><gpxtpx:hr>176</gpxtpx:hr></gpxtpx:TrackPointExtension></extensions></trkpt><trkpt lat="58.058125" lon="38.826812"><ele>118.0</ele><time>2025-03-26T16:26:58Z</time><extensions><gpxtpx:TrackPointExtension><gpxtpx:hr>177</gpxtpx:hr></gpxtpx:TrackPointExtension></extensions></trkpt><trkpt lat="58.058105" lon="38.82685"><ele>118.0</ele><time>2025-03-26T16:26:59Z</time><extensions><gpxtpx:TrackPointExtension><gpxtpx:hr>177</gpxtpx:hr></gpxtpx:TrackPointExtension></extensions></trkpt><trkpt lat="58.05809" lon="38.826885"><ele>118.0</ele><time>2025-03-26T16:27:00Z</time><extensions><gpxtpx:TrackPointExtension><gpxtpx:hr>177</gpxtpx:hr></gpxtpx:TrackPointExtension></extensions></trkpt><trkpt lat="58.05807" lon="38.82692"><ele>118.0</ele><time>2025-03-26T16:27:01Z</time><extensions><gpxtpx:TrackPointExtension><gpxtpx:hr>177</gpxtpx:hr></gpxtpx:TrackPointExtension></extensions></trkpt><trkpt lat="58.058055" lon="38.826957"><ele>118.0</ele><time>2025-03-26T16:27:02Z</time><extensions><gpxtpx:TrackPointExtension><gpxtpx:hr>178</gpxtpx:hr></gpxtpx:TrackPointExtension></extensions></trkpt><trkpt lat="58.058043" lon="38.826995"><ele>118.0</ele><time>2025-03-26T16:27:03Z</time><extensions><gpxtpx:TrackPointExtension><gpxtpx:hr>178</gpxtpx:hr></gpxtpx:TrackPointExtension></extensions></trkpt><trkpt lat="58.058037" lon="38.827037"><ele>118.0</ele><time>2025-03-26T16:27:04Z</time><extensions><gpxtpx:TrackPointExtension><gpxtpx:hr>178</gpxtpx:hr></gpxtpx:TrackPointExtension></extensions></trkpt><trkpt lat="58.058032" lon="38.827083"><ele>118.0</ele><time>2025-03-26T16:27:05Z</time><extensions><gpxtpx:TrackPointExtension><gpxtpx:hr>178</gpxtpx:hr></gpxtpx:TrackPointExtension></extensions></trkpt><trkpt lat="58.05803" lon="38.827125"><ele>118.0</ele><time>2025-03-26T16:27:06Z</time><extensions><gpxtpx:TrackPointExtension><gpxtpx:hr>178</gpxtpx:hr></gpxtpx:TrackPointExtension></extensions></trkpt><trkpt lat="58.05803" lon="38.82717"><ele>118.0</ele><time>2025-03-26T16:27:07Z</time><extensions><gpxtpx:TrackPointExtension><gpxtpx:hr>178</gpxtpx:hr></gpxtpx:TrackPointExtension></extensions></trkpt><trkpt lat="58.058032" lon="38.827212"><ele>118.0</ele><time>2025-03-26T16:27:08Z</time><extensions><gpxtpx:TrackPointExtension><gpxtpx:hr>178</gpxtpx:hr></gpxtpx:TrackPointExtension></extensions></trkpt><trkpt lat="58.058037" lon="38.82726"><ele>118.0</ele><time>2025-03-26T16:27:09Z</time><extensions><gpxtpx:TrackPointExtension><gpxtpx:hr>178</gpxtpx:hr></gpxtpx:TrackPointExtension></extensions></trkpt><trkpt lat="58.05804" lon="38.827305"><ele>118.0</ele><time>2025-03-26T16:27:10Z</time><extensions><gpxtpx:TrackPointExtension><gpxtpx:hr>177</gpxtpx:hr></gpxtpx:TrackPointExtension></extensions></trkpt><trkpt lat="58.058043" lon="38.82735"><ele>118.0</ele><time>2025-03-26T16:27:11Z</time><extensions><gpxtpx:TrackPointExtension><gpxtpx:hr>177</gpxtpx:hr></gpxtpx:TrackPointExtension></extensions></trkpt><trkpt lat="58.058043" lon="38.827392"><ele>118.0</ele><time>2025-03-26T16:27:12Z</time><extensions><gpxtpx:TrackPointExtension><gpxtpx:hr>177</gpxtpx:hr></gpxtpx:TrackPointExtension></extensions></trkpt><trkpt lat="58.05805" lon="38.827442"><ele>118.0</ele><time>2025-03-26T16:27:13Z</time><extensions><gpxtpx:TrackPointExtension><gpxtpx:hr>177</gpxtpx:hr></gpxtpx:TrackPointExtension></extensions></trkpt><trkpt lat="58.058052" lon="38.827487"><ele>118.0</ele><time>2025-03-26T16:27:14Z</time><extensions><gpxtpx:TrackPointExtension><gpxtpx:hr>177</gpxtpx:hr></gpxtpx:TrackPointExtension></extensions></trkpt><trkpt lat="58.058055" lon="38.827533"><ele>118.0</ele><time>2025-03-26T16:27:15Z</time><extensions><gpxtpx:TrackPointExtension><gpxtpx:hr>177</gpxtpx:hr></gpxtpx:TrackPointExtension></extensions></trkpt><trkpt lat="58.058055" lon="38.82758"><ele>118.0</ele><time>2025-03-26T16:27:16Z</time><extensions><gpxtpx:TrackPointExtension><gpxtpx:hr>177</gpxtpx:hr></gpxtpx:TrackPointExtension></extensions></trkpt><trkpt lat="58.05806" lon="38.827625"><ele>118.0</ele><time>2025-03-26T16:27:17Z</time><extensions><gpxtpx:TrackPointExtension><gpxtpx:hr>177</gpxtpx:hr></gpxtpx:TrackPointExtension></extensions></trkpt><trkpt lat="58.058063" lon="38.827668"><ele>118.0</ele><time>2025-03-26T16:27:18Z</time><extensions><gpxtpx:TrackPointExtension><gpxtpx:hr>177</gpxtpx:hr></gpxtpx:TrackPointExtension></extensions></trkpt><trkpt lat="58.058067" lon="38.827717"><ele>118.0</ele><time>2025-03-26T16:27:19Z</time><extensions><gpxtpx:TrackPointExtension><gpxtpx:hr>177</gpxtpx:hr></gpxtpx:TrackPointExtension></extensions></trkpt><trkpt lat="58.05807" lon="38.827762"><ele>118.0</ele><time>2025-03-26T16:27:20Z</time><extensions><gpxtpx:TrackPointExtension><gpxtpx:hr>177</gpxtpx:hr></gpxtpx:TrackPointExtension></extensions></trkpt><trkpt lat="58.058075" lon="38.82781"><ele>118.0</ele><time>2025-03-26T16:27:21Z</time><extensions><gpxtpx:TrackPointExtension><gpxtpx:hr>177</gpxtpx:hr></gpxtpx:TrackPointExtension></extensions></trkpt><trkpt lat="58.058075" lon="38.827853"><ele>118.0</ele><time>2025-03-26T16:27:22Z</time><extensions><gpxtpx:TrackPointExtension><gpxtpx:hr>177</gpxtpx:hr></gpxtpx:TrackPointExtension></extensions></trkpt><trkpt lat="58.058075" lon="38.8279"><ele>118.0</ele><time>2025-03-26T16:27:23Z</time><extensions><gpxtpx:TrackPointExtension><gpxtpx:hr>177</gpxtpx:hr></gpxtpx:TrackPointExtension></extensions></trkpt><trkpt lat="58.05807" lon="38.827945"><ele>118.0</ele><time>2025-03-26T16:27:24Z</time><extensions><gpxtpx:TrackPointExtension><gpxtpx:hr>177</gpxtpx:hr></gpxtpx:TrackPointExtension></extensions></trkpt><trkpt lat="58.058067" lon="38.82799"><ele>118.0</ele><time>2025-03-26T16:27:25Z</time><extensions><gpxtpx:TrackPointExtension><gpxtpx:hr>177</gpxtpx:hr></gpxtpx:TrackPointExtension></extensions></trkpt><trkpt lat="58.058063" lon="38.828037"><ele>118.0</ele><time>2025-03-26T16:27:26Z</time><extensions><gpxtpx:TrackPointExtension><gpxtpx:hr>177</gpxtpx:hr></gpxtpx:TrackPointExtension></extensions></trkpt><trkpt lat="58.05806" lon="38.828082"><ele>118.0</ele><time>2025-03-26T16:27:27Z</time><extensions><gpxtpx:TrackPointExtension><gpxtpx:hr>177</gpxtpx:hr></gpxtpx:TrackPointExtension></extensions></trkpt><trkpt lat="58.058055" lon="38.82813"><ele>118.0</ele><time>2025-03-26T16:27:28Z</time><extensions><gpxtpx:TrackPointExtension><gpxtpx:hr>178</gpxtpx:hr></gpxtpx:TrackPointExtension></extensions></trkpt><trkpt lat="58.058052" lon="38.828175"><ele>118.0</ele><time>2025-03-26T16:27:29Z</time><extensions><gpxtpx:TrackPointExtension><gpxtpx:hr>178</gpxtpx:hr></gpxtpx:TrackPointExtension></extensions></trkpt><trkpt lat="58.058043" lon="38.82822"><ele>118.0</ele><time>2025-03-26T16:27:30Z</time><extensions><gpxtpx:TrackPointExtension><gpxtpx:hr>178</gpxtpx:hr></gpxtpx:TrackPointExtension></extensions></trkpt><trkpt lat="58.05804" lon="38.828265"><ele>118.0</ele><time>2025-03-26T16:27:31Z</time><extensions><gpxtpx:TrackPointExtension><gpxtpx:hr>178</gpxtpx:hr></gpxtpx:TrackPointExtension></extensions></trkpt><trkpt lat="58.058032" lon="38.828312"><ele>118.0</ele><time>2025-03-26T16:27:32Z</time><extensions><gpxtpx:TrackPointExtension><gpxtpx:hr>178</gpxtpx:hr></gpxtpx:TrackPointExtension></extensions></trkpt><trkpt lat="58.05803" lon="38.828357"><ele>118.0</ele><time>2025-03-26T16:27:33Z</time><extensions><gpxtpx:TrackPointExtension><gpxtpx:hr>177</gpxtpx:hr></gpxtpx:TrackPointExtension></extensions></trkpt><trkpt lat="58.058017" lon="38.8284"><ele>118.0</ele><time>2025-03-26T16:27:34Z</time><extensions><gpxtpx:TrackPointExtension><gpxtpx:hr>177</gpxtpx:hr></gpxtpx:TrackPointExtension></extensions></trkpt><trkpt lat="58.05801" lon="38.828445"><ele>118.0</ele><time>2025-03-26T16:27:35Z</time><extensions><gpxtpx:TrackPointExtension><gpxtpx:hr>177</gpxtpx:hr></gpxtpx:TrackPointExtension></extensions></trkpt><trkpt lat="58.058002" lon="38.828487"><ele>118.0</ele><time>2025-03-26T16:27:36Z</time><extensions><gpxtpx:TrackPointExtension><gpxtpx:hr>176</gpxtpx:hr></gpxtpx:TrackPointExtension></extensions></trkpt><trkpt lat="58.05799" lon="38.828532"><ele>118.0</ele><time>2025-03-26T16:27:37Z</time><extensions><gpxtpx:TrackPointExtension><gpxtpx:hr>176</gpxtpx:hr></gpxtpx:TrackPointExtension></extensions></trkpt><trkpt lat="58.057982" lon="38.82858"><ele>118.0</ele><time>2025-03-26T16:27:38Z</time><extensions><gpxtpx:TrackPointExtension><gpxtpx:hr>176</gpxtpx:hr></gpxtpx:TrackPointExtension></extensions></trkpt><trkpt lat="58.057975" lon="38.828625"><ele>118.0</ele><time>2025-03-26T16:27:39Z</time><extensions><gpxtpx:TrackPointExtension><gpxtpx:hr>176</gpxtpx:hr></gpxtpx:TrackPointExtension></extensions></trkpt><trkpt lat="58.057963" lon="38.828667"><ele>118.0</ele><time>2025-03-26T16:27:40Z</time><extensions><gpxtpx:TrackPointExtension><gpxtpx:hr>175</gpxtpx:hr></gpxtpx:TrackPointExtension></extensions></trkpt><trkpt lat="58.057952" lon="38.82871"><ele>118.0</ele><time>2025-03-26T16:27:41Z</time><extensions><gpxtpx:TrackPointExtension><gpxtpx:hr>175</gpxtpx:hr></gpxtpx:TrackPointExtension></extensions></trkpt><trkpt lat="58.05794" lon="38.82875"><ele>118.0</ele><time>2025-03-26T16:27:42Z</time><extensions><gpxtpx:TrackPointExtension><gpxtpx:hr>174</gpxtpx:hr></gpxtpx:TrackPointExtension></extensions></trkpt><trkpt lat="58.05793" lon="38.828792"><ele>118.0</ele><time>2025-03-26T16:27:43Z</time><extensions><gpxtpx:TrackPointExtension><gpxtpx:hr>174</gpxtpx:hr></gpxtpx:TrackPointExtension></extensions></trkpt><trkpt lat="58.05792" lon="38.828835"><ele>118.0</ele><time>2025-03-26T16:27:44Z</time><extensions><gpxtpx:TrackPointExtension><gpxtpx:hr>174</gpxtpx:hr></gpxtpx:TrackPointExtension></extensions></trkpt><trkpt lat="58.05791" lon="38.828878"><ele>118.0</ele><time>2025-03-26T16:27:45Z</time><extensions><gpxtpx:TrackPointExtension><gpxtpx:hr>175</gpxtpx:hr></gpxtpx:TrackPointExtension></extensions></trkpt><trkpt lat="58.0579" lon="38.82892"><ele>118.0</ele><time>2025-03-26T16:27:46Z</time><extensions><gpxtpx:TrackPointExtension><gpxtpx:hr>175</gpxtpx:hr></gpxtpx:TrackPointExtension></extensions></trkpt><trkpt lat="58.057883" lon="38.82896"><ele>118.0</ele><time>2025-03-26T16:27:47Z</time><extensions><gpxtpx:TrackPointExtension><gpxtpx:hr>175</gpxtpx:hr></gpxtpx:TrackPointExtension></extensions></trkpt><trkpt lat="58.057872" lon="38.829002"><ele>118.0</ele><time>2025-03-26T16:27:47Z</time><extensions><gpxtpx:TrackPointExtension><gpxtpx:hr>175</gpxtpx:hr></gpxtpx:TrackPointExtension></extensions></trkpt><trkpt lat="58.057858" lon="38.82904"><ele>118.0</ele><time>2025-03-26T16:27:48Z</time><extensions><gpxtpx:TrackPointExtension><gpxtpx:hr>174</gpxtpx:hr></gpxtpx:TrackPointExtension></extensions></trkpt><trkpt lat="58.057845" lon="38.829082"><ele>118.0</ele><time>2025-03-26T16:27:49Z</time><extensions><gpxtpx:TrackPointExtension><gpxtpx:hr>173</gpxtpx:hr></gpxtpx:TrackPointExtension></extensions></trkpt><trkpt lat="58.057835" lon="38.82912"><ele>118.0</ele><time>2025-03-26T16:27:50Z</time><extensions><gpxtpx:TrackPointExtension><gpxtpx:hr>173</gpxtpx:hr></gpxtpx:TrackPointExtension></extensions></trkpt><trkpt lat="58.057822" lon="38.829162"><ele>118.0</ele><time>2025-03-26T16:27:51Z</time><extensions><gpxtpx:TrackPointExtension><gpxtpx:hr>173</gpxtpx:hr></gpxtpx:TrackPointExtension></extensions></trkpt><trkpt lat="58.057807" lon="38.8292"><ele>118.0</ele><time>2025-03-26T16:27:52Z</time><extensions><gpxtpx:TrackPointExtension><gpxtpx:hr>173</gpxtpx:hr></gpxtpx:TrackPointExtension></extensions></trkpt><trkpt lat="58.057795" lon="38.829242"><ele>118.0</ele><time>2025-03-26T16:27:53Z</time><extensions><gpxtpx:TrackPointExtension><gpxtpx:hr>173</gpxtpx:hr></gpxtpx:TrackPointExtension></extensions></trkpt><trkpt lat="58.057785" lon="38.829285"><ele>118.0</ele><time>2025-03-26T16:27:54Z</time><extensions><gpxtpx:TrackPointExtension><gpxtpx:hr>173</gpxtpx:hr></gpxtpx:TrackPointExtension></extensions></trkpt><trkpt lat="58.057777" lon="38.82933"><ele>118.0</ele><time>2025-03-26T16:27:55Z</time><extensions><gpxtpx:TrackPointExtension><gpxtpx:hr>172</gpxtpx:hr></gpxtpx:TrackPointExtension></extensions></trkpt><trkpt lat="58.057765" lon="38.829372"><ele>118.0</ele><time>2025-03-26T16:27:56Z</time><extensions><gpxtpx:TrackPointExtension><gpxtpx:hr>172</gpxtpx:hr></gpxtpx:TrackPointExtension></extensions></trkpt><trkpt lat="58.057755" lon="38.829413"><ele>118.0</ele><time>2025-03-26T16:27:57Z</time><extensions><gpxtpx:TrackPointExtension><gpxtpx:hr>171</gpxtpx:hr></gpxtpx:TrackPointExtension></extensions></trkpt><trkpt lat="58.057747" lon="38.82946"><ele>118.0</ele><time>2025-03-26T16:27:58Z</time><extensions><gpxtpx:TrackPointExtension><gpxtpx:hr>171</gpxtpx:hr></gpxtpx:TrackPointExtension></extensions></trkpt><trkpt lat="58.05774" lon="38.829505"><ele>118.0</ele><time>2025-03-26T16:27:59Z</time><extensions><gpxtpx:TrackPointExtension><gpxtpx:hr>171</gpxtpx:hr></gpxtpx:TrackPointExtension></extensions></trkpt><trkpt lat="58.057735" lon="38.82955"><ele>118.0</ele><time>2025-03-26T16:28:00Z</time><extensions><gpxtpx:TrackPointExtension><gpxtpx:hr>171</gpxtpx:hr></gpxtpx:TrackPointExtension></extensions></trkpt><trkpt lat="58.05773" lon="38.829597"><ele>118.0</ele><time>2025-03-26T16:28:01Z</time><extensions><gpxtpx:TrackPointExtension><gpxtpx:hr>172</gpxtpx:hr></gpxtpx:TrackPointExtension></extensions></trkpt><trkpt lat="58.05773" lon="38.829642"><ele>118.0</ele><time>2025-03-26T16:28:02Z</time><extensions><gpxtpx:TrackPointExtension><gpxtpx:hr>172</gpxtpx:hr></gpxtpx:TrackPointExtension></extensions></trkpt><trkpt lat="58.05773" lon="38.82969"><ele>118.0</ele><time>2025-03-26T16:28:03Z</time><extensions><gpxtpx:TrackPointExtension><gpxtpx:hr>173</gpxtpx:hr></gpxtpx:TrackPointExtension></extensions></trkpt><trkpt lat="58.05773" lon="38.829735"><ele>118.0</ele><time>2025-03-26T16:28:04Z</time><extensions><gpxtpx:TrackPointExtension><gpxtpx:hr>173</gpxtpx:hr></gpxtpx:TrackPointExtension></extensions></trkpt><trkpt lat="58.05773" lon="38.829783"><ele>118.0</ele><time>2025-03-26T16:28:05Z</time><extensions><gpxtpx:TrackPointExtension><gpxtpx:hr>173</gpxtpx:hr></gpxtpx:TrackPointExtension></extensions></trkpt><trkpt lat="58.057727" lon="38.82983"><ele>118.0</ele><time>2025-03-26T16:28:06Z</time><extensions><gpxtpx:TrackPointExtension><gpxtpx:hr>173</gpxtpx:hr></gpxtpx:TrackPointExtension></extensions></trkpt><trkpt lat="58.057727" lon="38.829875"><ele>118.0</ele><time>2025-03-26T16:28:07Z</time><extensions><gpxtpx:TrackPointExtension><gpxtpx:hr>173</gpxtpx:hr></gpxtpx:TrackPointExtension></extensions></trkpt><trkpt lat="58.057727" lon="38.829925"><ele>118.0</ele><time>2025-03-26T16:28:08Z</time><extensions><gpxtpx:TrackPointExtension><gpxtpx:hr>173</gpxtpx:hr></gpxtpx:TrackPointExtension></extensions></trkpt><trkpt lat="58.057723" lon="38.82997"><ele>118.0</ele><time>2025-03-26T16:28:09Z</time><extensions><gpxtpx:TrackPointExtension><gpxtpx:hr>174</gpxtpx:hr></gpxtpx:TrackPointExtension></extensions></trkpt><trkpt lat="58.057723" lon="38.830017"><ele>118.0</ele><time>2025-03-26T16:28:10Z</time><extensions><gpxtpx:TrackPointExtension><gpxtpx:hr>175</gpxtpx:hr></gpxtpx:TrackPointExtension></extensions></trkpt><trkpt lat="58.057723" lon="38.830062"><ele>118.0</ele><time>2025-03-26T16:28:11Z</time><extensions><gpxtpx:TrackPointExtension><gpxtpx:hr>175</gpxtpx:hr></gpxtpx:TrackPointExtension></extensions></trkpt><trkpt lat="58.05772" lon="38.830112"><ele>118.0</ele><time>2025-03-26T16:28:12Z</time><extensions><gpxtpx:TrackPointExtension><gpxtpx:hr>175</gpxtpx:hr></gpxtpx:TrackPointExtension></extensions></trkpt><trkpt lat="58.05772" lon="38.83016"><ele>118.0</ele><time>2025-03-26T16:28:13Z</time><extensions><gpxtpx:TrackPointExtension><gpxtpx:hr>175</gpxtpx:hr></gpxtpx:TrackPointExtension></extensions></trkpt><trkpt lat="58.05772" lon="38.830207"><ele>118.0</ele><time>2025-03-26T16:28:14Z</time><extensions><gpxtpx:TrackPointExtension><gpxtpx:hr>175</gpxtpx:hr></gpxtpx:TrackPointExtension></extensions></trkpt><trkpt lat="58.05772" lon="38.830253"><ele>118.0</ele><time>2025-03-26T16:28:15Z</time><extensions><gpxtpx:TrackPointExtension><gpxtpx:hr>175</gpxtpx:hr></gpxtpx:TrackPointExtension></extensions></trkpt><trkpt lat="58.057715" lon="38.830302"><ele>118.0</ele><time>2025-03-26T16:28:16Z</time><extensions><gpxtpx:TrackPointExtension><gpxtpx:hr>175</gpxtpx:hr></gpxtpx:TrackPointExtension></extensions></trkpt><trkpt lat="58.057715" lon="38.83035"><ele>118.0</ele><time>2025-03-26T16:28:17Z</time><extensions><gpxtpx:TrackPointExtension><gpxtpx:hr>176</gpxtpx:hr></gpxtpx:TrackPointExtension></extensions></trkpt><trkpt lat="58.057712" lon="38.830398"><ele>118.0</ele><time>2025-03-26T16:28:18Z</time><extensions><gpxtpx:TrackPointExtension><gpxtpx:hr>176</gpxtpx:hr></gpxtpx:TrackPointExtension></extensions></trkpt><trkpt lat="58.05771" lon="38.83044"><ele>118.0</ele><time>2025-03-26T16:28:19Z</time><extensions><gpxtpx:TrackPointExtension><gpxtpx:hr>176</gpxtpx:hr></gpxtpx:TrackPointExtension></extensions></trkpt><trkpt lat="58.057705" lon="38.83048"><ele>118.0</ele><time>2025-03-26T16:28:20Z</time><extensions><gpxtpx:TrackPointExtension><gpxtpx:hr>176</gpxtpx:hr></gpxtpx:TrackPointExtension></extensions></trkpt><trkpt lat="58.057692" lon="38.830517"><ele>118.0</ele><time>2025-03-26T16:28:21Z</time><extensions><gpxtpx:TrackPointExtension><gpxtpx:hr>176</gpxtpx:hr></gpxtpx:TrackPointExtension></extensions></trkpt><trkpt lat="58.057682" lon="38.830547"><ele>118.0</ele><time>2025-03-26T16:28:22Z</time><extensions><gpxtpx:TrackPointExtension><gpxtpx:hr>176</gpxtpx:hr></gpxtpx:TrackPointExtension></extensions></trkpt><trkpt lat="58.05767" lon="38.830577"><ele>118.0</ele><time>2025-03-26T16:28:23Z</time><extensions><gpxtpx:TrackPointExtension><gpxtpx:hr>176</gpxtpx:hr></gpxtpx:TrackPointExtension></extensions></trkpt><trkpt lat="58.05766" lon="38.83061"><ele>118.0</ele><time>2025-03-26T16:28:24Z</time><extensions><gpxtpx:TrackPointExtension><gpxtpx:hr>176</gpxtpx:hr></gpxtpx:TrackPointExtension></extensions></trkpt><trkpt lat="58.057643" lon="38.830635"><ele>118.0</ele><time>2025-03-26T16:28:25Z</time><extensions><gpxtpx:TrackPointExtension><gpxtpx:hr>176</gpxtpx:hr></gpxtpx:TrackPointExtension></extensions></trkpt><trkpt lat="58.05763" lon="38.830665"><ele>118.0</ele><time>2025-03-26T16:28:26Z</time><extensions><gpxtpx:TrackPointExtension><gpxtpx:hr>176</gpxtpx:hr></gpxtpx:TrackPointExtension></extensions></trkpt><trkpt lat="58.057617" lon="38.830695"><ele>118.0</ele><time>2025-03-26T16:28:27Z</time><extensions><gpxtpx:TrackPointExtension><gpxtpx:hr>176</gpxtpx:hr></gpxtpx:TrackPointExtension></extensions></trkpt><trkpt lat="58.057602" lon="38.830727"><ele>118.0</ele><time>2025-03-26T16:28:28Z</time><extensions><gpxtpx:TrackPointExtension><gpxtpx:hr>175</gpxtpx:hr></gpxtpx:TrackPointExtension></extensions></trkpt><trkpt lat="58.057582" lon="38.830757"><ele>118.0</ele><time>2025-03-26T16:28:29Z</time><extensions><gpxtpx:TrackPointExtension><gpxtpx:hr>174</gpxtpx:hr></gpxtpx:TrackPointExtension></extensions></trkpt><trkpt lat="58.057567" lon="38.830787"><ele>118.0</ele><time>2025-03-26T16:28:30Z</time><extensions><gpxtpx:TrackPointExtension><gpxtpx:hr>172</gpxtpx:hr></gpxtpx:TrackPointExtension></extensions></trkpt><trkpt lat="58.05755" lon="38.830822"><ele>118.0</ele><time>2025-03-26T16:28:31Z</time><extensions><gpxtpx:TrackPointExtension><gpxtpx:hr>171</gpxtpx:hr></gpxtpx:TrackPointExtension></extensions></trkpt><trkpt lat="58.057532" lon="38.830848"><ele>118.0</ele><time>2025-03-26T16:28:32Z</time><extensions><gpxtpx:TrackPointExtension><gpxtpx:hr>171</gpxtpx:hr></gpxtpx:TrackPointExtension></extensions></trkpt><trkpt lat="58.057513" lon="38.83088"><ele>118.0</ele><time>2025-03-26T16:28:33Z</time><extensions><gpxtpx:TrackPointExtension><gpxtpx:hr>171</gpxtpx:hr></gpxtpx:TrackPointExtension></extensions></trkpt><trkpt lat="58.057495" lon="38.83091"><ele>118.0</ele><time>2025-03-26T16:28:34Z</time><extensions><gpxtpx:TrackPointExtension><gpxtpx:hr>171</gpxtpx:hr></gpxtpx:TrackPointExtension></extensions></trkpt><trkpt lat="58.057475" lon="38.83094"><ele>118.0</ele><time>2025-03-26T16:28:35Z</time><extensions><gpxtpx:TrackPointExtension><gpxtpx:hr>171</gpxtpx:hr></gpxtpx:TrackPointExtension></extensions></trkpt><trkpt lat="58.057457" lon="38.83097"><ele>118.0</ele><time>2025-03-26T16:28:36Z</time><extensions><gpxtpx:TrackPointExtension><gpxtpx:hr>171</gpxtpx:hr></gpxtpx:TrackPointExtension></extensions></trkpt><trkpt lat="58.057437" lon="38.830997"><ele>118.0</ele><time>2025-03-26T16:28:37Z</time><extensions><gpxtpx:TrackPointExtension><gpxtpx:hr>171</gpxtpx:hr></gpxtpx:TrackPointExtension></extensions></trkpt><trkpt lat="58.057415" lon="38.831027"><ele>118.0</ele><time>2025-03-26T16:28:38Z</time><extensions><gpxtpx:TrackPointExtension><gpxtpx:hr>171</gpxtpx:hr></gpxtpx:TrackPointExtension></extensions></trkpt><trkpt lat="58.057392" lon="38.831055"><ele>118.0</ele><time>2025-03-26T16:28:39Z</time><extensions><gpxtpx:TrackPointExtension><gpxtpx:hr>171</gpxtpx:hr></gpxtpx:TrackPointExtension></extensions></trkpt><trkpt lat="58.05737" lon="38.83108"><ele>118.0</ele><time>2025-03-26T16:28:40Z</time><extensions><gpxtpx:TrackPointExtension><gpxtpx:hr>171</gpxtpx:hr></gpxtpx:TrackPointExtension></extensions></trkpt><trkpt lat="58.057345" lon="38.83111"><ele>118.0</ele><time>2025-03-26T16:28:41Z</time><extensions><gpxtpx:TrackPointExtension><gpxtpx:hr>171</gpxtpx:hr></gpxtpx:TrackPointExtension></extensions></trkpt><trkpt lat="58.057322" lon="38.831135"><ele>118.0</ele><time>2025-03-26T16:28:42Z</time><extensions><gpxtpx:TrackPointExtension><gpxtpx:hr>171</gpxtpx:hr></gpxtpx:TrackPointExtension></extensions></trkpt><trkpt lat="58.057303" lon="38.831157"><ele>118.0</ele><time>2025-03-26T16:28:43Z</time><extensions><gpxtpx:TrackPointExtension><gpxtpx:hr>171</gpxtpx:hr></gpxtpx:TrackPointExtension></extensions></trkpt><trkpt lat="58.05728" lon="38.831183"><ele>118.0</ele><time>2025-03-26T16:28:44Z</time><extensions><gpxtpx:TrackPointExtension><gpxtpx:hr>171</gpxtpx:hr></gpxtpx:TrackPointExtension></extensions></trkpt><trkpt lat="58.057262" lon="38.83121"><ele>118.0</ele><time>2025-03-26T16:28:45Z</time><extensions><gpxtpx:TrackPointExtension><gpxtpx:hr>171</gpxtpx:hr></gpxtpx:TrackPointExtension></extensions></trkpt><trkpt lat="58.05724" lon="38.831233"><ele>118.0</ele><time>2025-03-26T16:28:46Z</time><extensions><gpxtpx:TrackPointExtension><gpxtpx:hr>171</gpxtpx:hr></gpxtpx:TrackPointExtension></extensions></trkpt><trkpt lat="58.05722" lon="38.83126"><ele>118.0</ele><time>2025-03-26T16:28:47Z</time><extensions><gpxtpx:TrackPointExtension><gpxtpx:hr>171</gpxtpx:hr></gpxtpx:TrackPointExtension></extensions></trkpt><trkpt lat="58.057197" lon="38.831283"><ele>118.0</ele><time>2025-03-26T16:28:48Z</time><extensions><gpxtpx:TrackPointExtension><gpxtpx:hr>171</gpxtpx:hr></gpxtpx:TrackPointExtension></extensions></trkpt><trkpt lat="58.05718" lon="38.83131"><ele>118.0</ele><time>2025-03-26T16:28:49Z</time><extensions><gpxtpx:TrackPointExtension><gpxtpx:hr>171</gpxtpx:hr></gpxtpx:TrackPointExtension></extensions></trkpt><trkpt lat="58.05716" lon="38.831337"><ele>118.0</ele><time>2025-03-26T16:28:50Z</time><extensions><gpxtpx:TrackPointExtension><gpxtpx:hr>171</gpxtpx:hr></gpxtpx:TrackPointExtension></extensions></trkpt><trkpt lat="58.057143" lon="38.831367"><ele>118.0</ele><time>2025-03-26T16:28:51Z</time><extensions><gpxtpx:TrackPointExtension><gpxtpx:hr>171</gpxtpx:hr></gpxtpx:TrackPointExtension></extensions></trkpt><trkpt lat="58.057125" lon="38.831397"><ele>118.0</ele><time>2025-03-26T16:28:52Z</time><extensions><gpxtpx:TrackPointExtension><gpxtpx:hr>171</gpxtpx:hr></gpxtpx:TrackPointExtension></extensions></trkpt><trkpt lat="58.05711" lon="38.831432"><ele>118.0</ele><time>2025-03-26T16:28:53Z</time><extensions><gpxtpx:TrackPointExtension><gpxtpx:hr>171</gpxtpx:hr></gpxtpx:TrackPointExtension></extensions></trkpt><trkpt lat="58.057095" lon="38.831467"><ele>118.0</ele><time>2025-03-26T16:28:54Z</time><extensions><gpxtpx:TrackPointExtension><gpxtpx:hr>171</gpxtpx:hr></gpxtpx:TrackPointExtension></extensions></trkpt><trkpt lat="58.057082" lon="38.831505"><ele>118.0</ele><time>2025-03-26T16:28:55Z</time><extensions><gpxtpx:TrackPointExtension><gpxtpx:hr>171</gpxtpx:hr></gpxtpx:TrackPointExtension></extensions></trkpt><trkpt lat="58.057067" lon="38.831538"><ele>118.0</ele><time>2025-03-26T16:28:56Z</time><extensions><gpxtpx:TrackPointExtension><gpxtpx:hr>171</gpxtpx:hr></gpxtpx:TrackPointExtension></extensions></trkpt><trkpt lat="58.057052" lon="38.831577"><ele>118.0</ele><time>2025-03-26T16:28:57Z</time><extensions><gpxtpx:TrackPointExtension><gpxtpx:hr>171</gpxtpx:hr></gpxtpx:TrackPointExtension></extensions></trkpt><trkpt lat="58.05704" lon="38.831615"><ele>118.0</ele><time>2025-03-26T16:28:58Z</time><extensions><gpxtpx:TrackPointExtension><gpxtpx:hr>171</gpxtpx:hr></gpxtpx:TrackPointExtension></extensions></trkpt><trkpt lat="58.057025" lon="38.83165"><ele>118.0</ele><time>2025-03-26T16:28:59Z</time><extensions><gpxtpx:TrackPointExtension><gpxtpx:hr>171</gpxtpx:hr></gpxtpx:TrackPointExtension></extensions></trkpt><trkpt lat="58.05701" lon="38.831687"><ele>118.0</ele><time>2025-03-26T16:29:00Z</time><extensions><gpxtpx:TrackPointExtension><gpxtpx:hr>171</gpxtpx:hr></gpxtpx:TrackPointExtension></extensions></trkpt><trkpt lat="58.057" lon="38.831725"><ele>118.0</ele><time>2025-03-26T16:29:01Z</time><extensions><gpxtpx:TrackPointExtension><gpxtpx:hr>171</gpxtpx:hr></gpxtpx:TrackPointExtension></extensions></trkpt><trkpt lat="58.056983" lon="38.831763"><ele>118.0</ele><time>2025-03-26T16:29:02Z</time><extensions><gpxtpx:TrackPointExtension><gpxtpx:hr>171</gpxtpx:hr></gpxtpx:TrackPointExtension></extensions></trkpt><trkpt lat="58.056972" lon="38.831805"><ele>118.0</ele><time>2025-03-26T16:29:03Z</time><extensions><gpxtpx:TrackPointExtension><gpxtpx:hr>171</gpxtpx:hr></gpxtpx:TrackPointExtension></extensions></trkpt><trkpt lat="58.056958" lon="38.831843"><ele>118.0</ele><time>2025-03-26T16:29:04Z</time><extensions><gpxtpx:TrackPointExtension><gpxtpx:hr>171</gpxtpx:hr></gpxtpx:TrackPointExtension></extensions></trkpt><trkpt lat="58.056945" lon="38.831885"><ele>118.0</ele><time>2025-03-26T16:29:05Z</time><extensions><gpxtpx:TrackPointExtension><gpxtpx:hr>171</gpxtpx:hr></gpxtpx:TrackPointExtension></extensions></trkpt><trkpt lat="58.056933" lon="38.83193"><ele>118.0</ele><time>2025-03-26T16:29:06Z</time><extensions><gpxtpx:TrackPointExtension><gpxtpx:hr>171</gpxtpx:hr></gpxtpx:TrackPointExtension></extensions></trkpt><trkpt lat="58.05692" lon="38.831965"><ele>118.0</ele><time>2025-03-26T16:29:07Z</time><extensions><gpxtpx:TrackPointExtension><gpxtpx:hr>171</gpxtpx:hr></gpxtpx:TrackPointExtension></extensions></trkpt><trkpt lat="58.056903" lon="38.832005"><ele>118.0</ele><time>2025-03-26T16:29:08Z</time><extensions><gpxtpx:TrackPointExtension><gpxtpx:hr>171</gpxtpx:hr></gpxtpx:TrackPointExtension></extensions></trkpt><trkpt lat="58.05689" lon="38.832042"><ele>118.0</ele><time>2025-03-26T16:29:09Z</time><extensions><gpxtpx:TrackPointExtension><gpxtpx:hr>172</gpxtpx:hr></gpxtpx:TrackPointExtension></extensions></trkpt><trkpt lat="58.056872" lon="38.83208"><ele>118.0</ele><time>2025-03-26T16:29:10Z</time><extensions><gpxtpx:TrackPointExtension><gpxtpx:hr>172</gpxtpx:hr></gpxtpx:TrackPointExtension></extensions></trkpt><trkpt lat="58.056857" lon="38.832115"><ele>118.0</ele><time>2025-03-26T16:29:11Z</time><extensions><gpxtpx:TrackPointExtension><gpxtpx:hr>172</gpxtpx:hr></gpxtpx:TrackPointExtension></extensions></trkpt><trkpt lat="58.056847" lon="38.832152"><ele>118.0</ele><time>2025-03-26T16:29:12Z</time><extensions><gpxtpx:TrackPointExtension><gpxtpx:hr>172</gpxtpx:hr></gpxtpx:TrackPointExtension></extensions></trkpt><trkpt lat="58.05683" lon="38.83219"><ele>118.0</ele><time>2025-03-26T16:29:13Z</time><extensions><gpxtpx:TrackPointExtension><gpxtpx:hr>173</gpxtpx:hr></gpxtpx:TrackPointExtension></extensions></trkpt><trkpt lat="58.05682" lon="38.83223"><ele>118.0</ele><time>2025-03-26T16:29:14Z</time><extensions><gpxtpx:TrackPointExtension><gpxtpx:hr>173</gpxtpx:hr></gpxtpx:TrackPointExtension></extensions></trkpt><trkpt lat="58.05681" lon="38.832267"><ele>118.0</ele><time>2025-03-26T16:29:15Z</time><extensions><gpxtpx:TrackPointExtension><gpxtpx:hr>173</gpxtpx:hr></gpxtpx:TrackPointExtension></extensions></trkpt><trkpt lat="58.056797" lon="38.832305"><ele>118.0</ele><time>2025-03-26T16:29:16Z</time><extensions><gpxtpx:TrackPointExtension><gpxtpx:hr>173</gpxtpx:hr></gpxtpx:TrackPointExtension></extensions></trkpt><trkpt lat="58.056785" lon="38.832343"><ele>118.0</ele><time>2025-03-26T16:29:17Z</time><extensions><gpxtpx:TrackPointExtension><gpxtpx:hr>173</gpxtpx:hr></gpxtpx:TrackPointExtension></extensions></trkpt><trkpt lat="58.056773" lon="38.832382"><ele>118.0</ele><time>2025-03-26T16:29:18Z</time><extensions><gpxtpx:TrackPointExtension><gpxtpx:hr>173</gpxtpx:hr></gpxtpx:TrackPointExtension></extensions></trkpt><trkpt lat="58.05676" lon="38.83242"><ele>118.0</ele><time>2025-03-26T16:29:19Z</time><extensions><gpxtpx:TrackPointExtension><gpxtpx:hr>173</gpxtpx:hr></gpxtpx:TrackPointExtension></extensions></trkpt><trkpt lat="58.056747" lon="38.83246"><ele>118.0</ele><time>2025-03-26T16:29:20Z</time><extensions><gpxtpx:TrackPointExtension><gpxtpx:hr>172</gpxtpx:hr></gpxtpx:TrackPointExtension></extensions></trkpt><trkpt lat="58.056735" lon="38.832497"><ele>118.0</ele><time>2025-03-26T16:29:21Z</time><extensions><gpxtpx:TrackPointExtension><gpxtpx:hr>172</gpxtpx:hr></gpxtpx:TrackPointExtension></extensions></trkpt><trkpt lat="58.05672" lon="38.832535"><ele>118.0</ele><time>2025-03-26T16:29:22Z</time><extensions><gpxtpx:TrackPointExtension><gpxtpx:hr>172</gpxtpx:hr></gpxtpx:TrackPointExtension></extensions></trkpt><trkpt lat="58.05671" lon="38.832572"><ele>118.0</ele><time>2025-03-26T16:29:23Z</time><extensions><gpxtpx:TrackPointExtension><gpxtpx:hr>172</gpxtpx:hr></gpxtpx:TrackPointExtension></extensions></trkpt><trkpt lat="58.056693" lon="38.83261"><ele>118.0</ele><time>2025-03-26T16:29:24Z</time><extensions><gpxtpx:TrackPointExtension><gpxtpx:hr>172</gpxtpx:hr></gpxtpx:TrackPointExtension></extensions></trkpt><trkpt lat="58.056682" lon="38.83265"><ele>118.0</ele><time>2025-03-26T16:29:25Z</time><extensions><gpxtpx:TrackPointExtension><gpxtpx:hr>172</gpxtpx:hr></gpxtpx:TrackPointExtension></extensions></trkpt><trkpt lat="58.05667" lon="38.83269"><ele>118.0</ele><time>2025-03-26T16:29:26Z</time><extensions><gpxtpx:TrackPointExtension><gpxtpx:hr>172</gpxtpx:hr></gpxtpx:TrackPointExtension></extensions></trkpt><trkpt lat="58.05666" lon="38.83273"><ele>118.0</ele><time>2025-03-26T16:29:27Z</time><extensions><gpxtpx:TrackPointExtension><gpxtpx:hr>171</gpxtpx:hr></gpxtpx:TrackPointExtension></extensions></trkpt><trkpt lat="58.056648" lon="38.83277"><ele>118.0</ele><time>2025-03-26T16:29:28Z</time><extensions><gpxtpx:TrackPointExtension><gpxtpx:hr>171</gpxtpx:hr></gpxtpx:TrackPointExtension></extensions></trkpt><trkpt lat="58.056632" lon="38.832812"><ele>118.0</ele><time>2025-03-26T16:29:29Z</time><extensions><gpxtpx:TrackPointExtension><gpxtpx:hr>171</gpxtpx:hr></gpxtpx:TrackPointExtension></extensions></trkpt><trkpt lat="58.05662" lon="38.832855"><ele>118.0</ele><time>2025-03-26T16:29:30Z</time><extensions><gpxtpx:TrackPointExtension><gpxtpx:hr>172</gpxtpx:hr></gpxtpx:TrackPointExtension></extensions></trkpt><trkpt lat="58.05661" lon="38.832892"><ele>118.0</ele><time>2025-03-26T16:29:31Z</time><extensions><gpxtpx:TrackPointExtension><gpxtpx:hr>173</gpxtpx:hr></gpxtpx:TrackPointExtension></extensions></trkpt><trkpt lat="58.056595" lon="38.832935"><ele>118.0</ele><time>2025-03-26T16:29:32Z</time><extensions><gpxtpx:TrackPointExtension><gpxtpx:hr>173</gpxtpx:hr></gpxtpx:TrackPointExtension></extensions></trkpt><trkpt lat="58.056582" lon="38.832977"><ele>118.0</ele><time>2025-03-26T16:29:33Z</time><extensions><gpxtpx:TrackPointExtension><gpxtpx:hr>172</gpxtpx:hr></gpxtpx:TrackPointExtension></extensions></trkpt><trkpt lat="58.056572" lon="38.833015"><ele>118.0</ele><time>2025-03-26T16:29:34Z</time><extensions><gpxtpx:TrackPointExtension><gpxtpx:hr>172</gpxtpx:hr></gpxtpx:TrackPointExtension></extensions></trkpt><trkpt lat="58.056557" lon="38.833057"><ele>118.0</ele><time>2025-03-26T16:29:35Z</time><extensions><gpxtpx:TrackPointExtension><gpxtpx:hr>172</gpxtpx:hr></gpxtpx:TrackPointExtension></extensions></trkpt><trkpt lat="58.05654" lon="38.833102"><ele>118.0</ele><time>2025-03-26T16:29:36Z</time><extensions><gpxtpx:TrackPointExtension><gpxtpx:hr>171</gpxtpx:hr></gpxtpx:TrackPointExtension></extensions></trkpt><trkpt lat="58.05653" lon="38.83315"><ele>118.0</ele><time>2025-03-26T16:29:37Z</time><extensions><gpxtpx:TrackPointExtension><gpxtpx:hr>171</gpxtpx:hr></gpxtpx:TrackPointExtension></extensions></trkpt><trkpt lat="58.056515" lon="38.833195"><ele>118.0</ele><time>2025-03-26T16:29:38Z</time><extensions><gpxtpx:TrackPointExtension><gpxtpx:hr>172</gpxtpx:hr></gpxtpx:TrackPointExtension></extensions></trkpt><trkpt lat="58.0565" lon="38.833237"><ele>118.0</ele><time>2025-03-26T16:29:39Z</time><extensions><gpxtpx:TrackPointExtension><gpxtpx:hr>172</gpxtpx:hr></gpxtpx:TrackPointExtension></extensions></trkpt><trkpt lat="58.056483" lon="38.83328"><ele>118.0</ele><time>2025-03-26T16:29:40Z</time><extensions><gpxtpx:TrackPointExtension><gpxtpx:hr>172</gpxtpx:hr></gpxtpx:TrackPointExtension></extensions></trkpt><trkpt lat="58.05647" lon="38.833323"><ele>118.0</ele><time>2025-03-26T16:29:41Z</time><extensions><gpxtpx:TrackPointExtension><gpxtpx:hr>172</gpxtpx:hr></gpxtpx:TrackPointExtension></extensions></trkpt><trkpt lat="58.056453" lon="38.833365"><ele>118.0</ele><time>2025-03-26T16:29:42Z</time><extensions><gpxtpx:TrackPointExtension><gpxtpx:hr>172</gpxtpx:hr></gpxtpx:TrackPointExtension></extensions></trkpt><trkpt lat="58.056442" lon="38.83341"><ele>118.0</ele><time>2025-03-26T16:29:43Z</time><extensions><gpxtpx:TrackPointExtension><gpxtpx:hr>172</gpxtpx:hr></gpxtpx:TrackPointExtension></extensions></trkpt><trkpt lat="58.05643" lon="38.83345"><ele>118.0</ele><time>2025-03-26T16:29:44Z</time><extensions><gpxtpx:TrackPointExtension><gpxtpx:hr>172</gpxtpx:hr></gpxtpx:TrackPointExtension></extensions></trkpt><trkpt lat="58.05642" lon="38.833492"><ele>118.0</ele><time>2025-03-26T16:29:45Z</time><extensions><gpxtpx:TrackPointExtension><gpxtpx:hr>172</gpxtpx:hr></gpxtpx:TrackPointExtension></extensions></trkpt><trkpt lat="58.056407" lon="38.833537"><ele>118.0</ele><time>2025-03-26T16:29:46Z</time><extensions><gpxtpx:TrackPointExtension><gpxtpx:hr>172</gpxtpx:hr></gpxtpx:TrackPointExtension></extensions></trkpt><trkpt lat="58.056395" lon="38.833578"><ele>118.0</ele><time>2025-03-26T16:29:47Z</time><extensions><gpxtpx:TrackPointExtension><gpxtpx:hr>172</gpxtpx:hr></gpxtpx:TrackPointExtension></extensions></trkpt><trkpt lat="58.056385" lon="38.833622"><ele>118.0</ele><time>2025-03-26T16:29:48Z</time><extensions><gpxtpx:TrackPointExtension><gpxtpx:hr>172</gpxtpx:hr></gpxtpx:TrackPointExtension></extensions></trkpt><trkpt lat="58.05637" lon="38.833663"><ele>118.0</ele><time>2025-03-26T16:29:49Z</time><extensions><gpxtpx:TrackPointExtension><gpxtpx:hr>172</gpxtpx:hr></gpxtpx:TrackPointExtension></extensions></trkpt><trkpt lat="58.05636" lon="38.833702"><ele>118.0</ele><time>2025-03-26T16:29:50Z</time><extensions><gpxtpx:TrackPointExtension><gpxtpx:hr>172</gpxtpx:hr></gpxtpx:TrackPointExtension></extensions></trkpt><trkpt lat="58.056347" lon="38.833743"><ele>118.0</ele><time>2025-03-26T16:29:51Z</time><extensions><gpxtpx:TrackPointExtension><gpxtpx:hr>172</gpxtpx:hr></gpxtpx:TrackPointExtension></extensions></trkpt><trkpt lat="58.05633" lon="38.833782"><ele>118.0</ele><time>2025-03-26T16:29:52Z</time><extensions><gpxtpx:TrackPointExtension><gpxtpx:hr>172</gpxtpx:hr></gpxtpx:TrackPointExtension></extensions></trkpt><trkpt lat="58.056323" lon="38.833823"><ele>118.0</ele><time>2025-03-26T16:29:53Z</time><extensions><gpxtpx:TrackPointExtension><gpxtpx:hr>172</gpxtpx:hr></gpxtpx:TrackPointExtension></extensions></trkpt><trkpt lat="58.05631" lon="38.833865"><ele>118.0</ele><time>2025-03-26T16:29:54Z</time><extensions><gpxtpx:TrackPointExtension><gpxtpx:hr>172</gpxtpx:hr></gpxtpx:TrackPointExtension></extensions></trkpt><trkpt lat="58.056297" lon="38.833907"><ele>118.0</ele><time>2025-03-26T16:29:55Z</time><extensions><gpxtpx:TrackPointExtension><gpxtpx:hr>171</gpxtpx:hr></gpxtpx:TrackPointExtension></extensions></trkpt><trkpt lat="58.056285" lon="38.83395"><ele>118.0</ele><time>2025-03-26T16:29:56Z</time><extensions><gpxtpx:TrackPointExtension><gpxtpx:hr>171</gpxtpx:hr></gpxtpx:TrackPointExtension></extensions></trkpt><trkpt lat="58.056273" lon="38.833992"><ele>118.0</ele><time>2025-03-26T16:29:57Z</time><extensions><gpxtpx:TrackPointExtension><gpxtpx:hr>172</gpxtpx:hr></gpxtpx:TrackPointExtension></extensions></trkpt><trkpt lat="58.05626" lon="38.834028"><ele>118.0</ele><time>2025-03-26T16:29:58Z</time><extensions><gpxtpx:TrackPointExtension><gpxtpx:hr>173</gpxtpx:hr></gpxtpx:TrackPointExtension></extensions></trkpt><trkpt lat="58.056247" lon="38.83407"><ele>118.0</ele><time>2025-03-26T16:29:59Z</time><extensions><gpxtpx:TrackPointExtension><gpxtpx:hr>173</gpxtpx:hr></gpxtpx:TrackPointExtension></extensions></trkpt><trkpt lat="58.056232" lon="38.834105"><ele>118.0</ele><time>2025-03-26T16:30:00Z</time><extensions><gpxtpx:TrackPointExtension><gpxtpx:hr>174</gpxtpx:hr></gpxtpx:TrackPointExtension></extensions></trkpt><trkpt lat="58.05622" lon="38.834145"><ele>118.0</ele><time>2025-03-26T16:30:01Z</time><extensions><gpxtpx:TrackPointExtension><gpxtpx:hr>174</gpxtpx:hr></gpxtpx:TrackPointExtension></extensions></trkpt><trkpt lat="58.05621" lon="38.834182"><ele>118.0</ele><time>2025-03-26T16:30:02Z</time><extensions><gpxtpx:TrackPointExtension><gpxtpx:hr>174</gpxtpx:hr></gpxtpx:TrackPointExtension></extensions></trkpt><trkpt lat="58.056198" lon="38.83422"><ele>118.0</ele><time>2025-03-26T16:30:03Z</time><extensions><gpxtpx:TrackPointExtension><gpxtpx:hr>174</gpxtpx:hr></gpxtpx:TrackPointExtension></extensions></trkpt><trkpt lat="58.056182" lon="38.83426"><ele>118.0</ele><time>2025-03-26T16:30:04Z</time><extensions><gpxtpx:TrackPointExtension><gpxtpx:hr>174</gpxtpx:hr></gpxtpx:TrackPointExtension></extensions></trkpt><trkpt lat="58.05617" lon="38.834297"><ele>118.0</ele><time>2025-03-26T16:30:05Z</time><extensions><gpxtpx:TrackPointExtension><gpxtpx:hr>174</gpxtpx:hr></gpxtpx:TrackPointExtension></extensions></trkpt><trkpt lat="58.05616" lon="38.834335"><ele>118.0</ele><time>2025-03-26T16:30:06Z</time><extensions><gpxtpx:TrackPointExtension><gpxtpx:hr>174</gpxtpx:hr></gpxtpx:TrackPointExtension></extensions></trkpt><trkpt lat="58.05615" lon="38.834372"><ele>118.0</ele><time>2025-03-26T16:30:07Z</time><extensions><gpxtpx:TrackPointExtension><gpxtpx:hr>174</gpxtpx:hr></gpxtpx:TrackPointExtension></extensions></trkpt><trkpt lat="58.056132" lon="38.834415"><ele>118.0</ele><time>2025-03-26T16:30:08Z</time><extensions><gpxtpx:TrackPointExtension><gpxtpx:hr>175</gpxtpx:hr></gpxtpx:TrackPointExtension></extensions></trkpt><trkpt lat="58.05612" lon="38.834453"><ele>118.0</ele><time>2025-03-26T16:30:09Z</time><extensions><gpxtpx:TrackPointExtension><gpxtpx:hr>176</gpxtpx:hr></gpxtpx:TrackPointExtension></extensions></trkpt><trkpt lat="58.05611" lon="38.83449"><ele>118.0</ele><time>2025-03-26T16:30:10Z</time><extensions><gpxtpx:TrackPointExtension><gpxtpx:hr>176</gpxtpx:hr></gpxtpx:TrackPointExtension></extensions></trkpt><trkpt lat="58.056095" lon="38.834533"><ele>118.0</ele><time>2025-03-26T16:30:11Z</time><extensions><gpxtpx:TrackPointExtension><gpxtpx:hr>177</gpxtpx:hr></gpxtpx:TrackPointExtension></extensions></trkpt><trkpt lat="58.056083" lon="38.83457"><ele>118.0</ele><time>2025-03-26T16:30:12Z</time><extensions><gpxtpx:TrackPointExtension><gpxtpx:hr>177</gpxtpx:hr></gpxtpx:TrackPointExtension></extensions></trkpt><trkpt lat="58.056072" lon="38.83461"><ele>118.0</ele><time>2025-03-26T16:30:13Z</time><extensions><gpxtpx:TrackPointExtension><gpxtpx:hr>177</gpxtpx:hr></gpxtpx:TrackPointExtension></extensions></trkpt><trkpt lat="58.056057" lon="38.834652"><ele>118.0</ele><time>2025-03-26T16:30:14Z</time><extensions><gpxtpx:TrackPointExtension><gpxtpx:hr>176</gpxtpx:hr></gpxtpx:TrackPointExtension></extensions></trkpt><trkpt lat="58.056045" lon="38.83469"><ele>118.0</ele><time>2025-03-26T16:30:15Z</time><extensions><gpxtpx:TrackPointExtension><gpxtpx:hr>176</gpxtpx:hr></gpxtpx:TrackPointExtension></extensions></trkpt><trkpt lat="58.05603" lon="38.83473"><ele>118.0</ele><time>2025-03-26T16:30:16Z</time><extensions><gpxtpx:TrackPointExtension><gpxtpx:hr>176</gpxtpx:hr></gpxtpx:TrackPointExtension></extensions></trkpt><trkpt lat="58.05602" lon="38.83477"><ele>118.0</ele><time>2025-03-26T16:30:17Z</time><extensions><gpxtpx:TrackPointExtension><gpxtpx:hr>176</gpxtpx:hr></gpxtpx:TrackPointExtension></extensions></trkpt><trkpt lat="58.05601" lon="38.83481"><ele>118.0</ele><time>2025-03-26T16:30:18Z</time><extensions><gpxtpx:TrackPointExtension><gpxtpx:hr>176</gpxtpx:hr></gpxtpx:TrackPointExtension></extensions></trkpt><trkpt lat="58.055995" lon="38.83485"><ele>118.0</ele><time>2025-03-26T16:30:19Z</time><extensions><gpxtpx:TrackPointExtension><gpxtpx:hr>176</gpxtpx:hr></gpxtpx:TrackPointExtension></extensions></trkpt><trkpt lat="58.055983" lon="38.83489"><ele>118.0</ele><time>2025-03-26T16:30:20Z</time><extensions><gpxtpx:TrackPointExtension><gpxtpx:hr>176</gpxtpx:hr></gpxtpx:TrackPointExtension></extensions></trkpt><trkpt lat="58.055972" lon="38.83493"><ele>118.0</ele><time>2025-03-26T16:30:21Z</time><extensions><gpxtpx:TrackPointExtension><gpxtpx:hr>176</gpxtpx:hr></gpxtpx:TrackPointExtension></extensions></trkpt><trkpt lat="58.05596" lon="38.83497"><ele>118.0</ele><time>2025-03-26T16:30:22Z</time><extensions><gpxtpx:TrackPointExtension><gpxtpx:hr>176</gpxtpx:hr></gpxtpx:TrackPointExtension></extensions></trkpt><trkpt lat="58.055945" lon="38.83501"><ele>118.0</ele><time>2025-03-26T16:30:23Z</time><extensions><gpxtpx:TrackPointExtension><gpxtpx:hr>175</gpxtpx:hr></gpxtpx:TrackPointExtension></extensions></trkpt><trkpt lat="58.055935" lon="38.835052"><ele>118.0</ele><time>2025-03-26T16:30:24Z</time><extensions><gpxtpx:TrackPointExtension><gpxtpx:hr>175</gpxtpx:hr></gpxtpx:TrackPointExtension></extensions></trkpt><trkpt lat="58.05592" lon="38.83509"><ele>118.0</ele><time>2025-03-26T16:30:25Z</time><extensions><gpxtpx:TrackPointExtension><gpxtpx:hr>175</gpxtpx:hr></gpxtpx:TrackPointExtension></extensions></trkpt><trkpt lat="58.05591" lon="38.835132"><ele>118.0</ele><time>2025-03-26T16:30:26Z</time><extensions><gpxtpx:TrackPointExtension><gpxtpx:hr>175</gpxtpx:hr></gpxtpx:TrackPointExtension></extensions></trkpt><trkpt lat="58.055897" lon="38.835168"><ele>118.0</ele><time>2025-03-26T16:30:27Z</time><extensions><gpxtpx:TrackPointExtension><gpxtpx:hr>175</gpxtpx:hr></gpxtpx:TrackPointExtension></extensions></trkpt><trkpt lat="58.05588" lon="38.83521"><ele>118.0</ele><time>2025-03-26T16:30:28Z</time><extensions><gpxtpx:TrackPointExtension><gpxtpx:hr>174</gpxtpx:hr></gpxtpx:TrackPointExtension></extensions></trkpt><trkpt lat="58.05587" lon="38.83525"><ele>118.0</ele><time>2025-03-26T16:30:29Z</time><extensions><gpxtpx:TrackPointExtension><gpxtpx:hr>174</gpxtpx:hr></gpxtpx:TrackPointExtension></extensions></trkpt><trkpt lat="58.05586" lon="38.83529"><ele>118.0</ele><time>2025-03-26T16:30:30Z</time><extensions><gpxtpx:TrackPointExtension><gpxtpx:hr>174</gpxtpx:hr></gpxtpx:TrackPointExtension></extensions></trkpt><trkpt lat="58.055842" lon="38.835327"><ele>118.0</ele><time>2025-03-26T16:30:31Z</time><extensions><gpxtpx:TrackPointExtension><gpxtpx:hr>174</gpxtpx:hr></gpxtpx:TrackPointExtension></extensions></trkpt><trkpt lat="58.055832" lon="38.835365"><ele>118.0</ele><time>2025-03-26T16:30:32Z</time><extensions><gpxtpx:TrackPointExtension><gpxtpx:hr>174</gpxtpx:hr></gpxtpx:TrackPointExtension></extensions></trkpt><trkpt lat="58.055818" lon="38.835407"><ele>118.0</ele><time>2025-03-26T16:30:33Z</time><extensions><gpxtpx:TrackPointExtension><gpxtpx:hr>173</gpxtpx:hr></gpxtpx:TrackPointExtension></extensions></trkpt><trkpt lat="58.05581" lon="38.83545"><ele>118.0</ele><time>2025-03-26T16:30:34Z</time><extensions><gpxtpx:TrackPointExtension><gpxtpx:hr>173</gpxtpx:hr></gpxtpx:TrackPointExtension></extensions></trkpt><trkpt lat="58.055797" lon="38.835487"><ele>118.0</ele><time>2025-03-26T16:30:35Z</time><extensions><gpxtpx:TrackPointExtension><gpxtpx:hr>174</gpxtpx:hr></gpxtpx:TrackPointExtension></extensions></trkpt><trkpt lat="58.055782" lon="38.83553"><ele>118.0</ele><time>2025-03-26T16:30:36Z</time><extensions><gpxtpx:TrackPointExtension><gpxtpx:hr>174</gpxtpx:hr></gpxtpx:TrackPointExtension></extensions></trkpt><trkpt lat="58.05577" lon="38.835567"><ele>118.0</ele><time>2025-03-26T16:30:37Z</time><extensions><gpxtpx:TrackPointExtension><gpxtpx:hr>174</gpxtpx:hr></gpxtpx:TrackPointExtension></extensions></trkpt><trkpt lat="58.05576" lon="38.83561"><ele>118.0</ele><time>2025-03-26T16:30:38Z</time><extensions><gpxtpx:TrackPointExtension><gpxtpx:hr>175</gpxtpx:hr></gpxtpx:TrackPointExtension></extensions></trkpt><trkpt lat="58.055743" lon="38.835647"><ele>118.0</ele><time>2025-03-26T16:30:39Z</time><extensions><gpxtpx:TrackPointExtension><gpxtpx:hr>175</gpxtpx:hr></gpxtpx:TrackPointExtension></extensions></trkpt><trkpt lat="58.055732" lon="38.835685"><ele>118.0</ele><time>2025-03-26T16:30:40Z</time><extensions><gpxtpx:TrackPointExtension><gpxtpx:hr>176</gpxtpx:hr></gpxtpx:TrackPointExtension></extensions></trkpt><trkpt lat="58.05572" lon="38.835723"><ele>118.0</ele><time>2025-03-26T16:30:41Z</time><extensions><gpxtpx:TrackPointExtension><gpxtpx:hr>176</gpxtpx:hr></gpxtpx:TrackPointExtension></extensions></trkpt><trkpt lat="58.055705" lon="38.835765"><ele>118.0</ele><time>2025-03-26T16:30:42Z</time><extensions><gpxtpx:TrackPointExtension><gpxtpx:hr>176</gpxtpx:hr></gpxtpx:TrackPointExtension></extensions></trkpt><trkpt lat="58.055695" lon="38.835803"><ele>118.0</ele><time>2025-03-26T16:30:43Z</time><extensions><gpxtpx:TrackPointExtension><gpxtpx:hr>176</gpxtpx:hr></gpxtpx:TrackPointExtension></extensions></trkpt><trkpt lat="58.055682" lon="38.835845"><ele>118.0</ele><time>2025-03-26T16:30:44Z</time><extensions><gpxtpx:TrackPointExtension><gpxtpx:hr>175</gpxtpx:hr></gpxtpx:TrackPointExtension></extensions></trkpt><trkpt lat="58.05567" lon="38.835883"><ele>118.0</ele><time>2025-03-26T16:30:45Z</time><extensions><gpxtpx:TrackPointExtension><gpxtpx:hr>174</gpxtpx:hr></gpxtpx:TrackPointExtension></extensions></trkpt><trkpt lat="58.05566" lon="38.835922"><ele>118.0</ele><time>2025-03-26T16:30:46Z</time><extensions><gpxtpx:TrackPointExtension><gpxtpx:hr>174</gpxtpx:hr></gpxtpx:TrackPointExtension></extensions></trkpt><trkpt lat="58.05565" lon="38.83596"><ele>118.0</ele><time>2025-03-26T16:30:47Z</time><extensions><gpxtpx:TrackPointExtension><gpxtpx:hr>173</gpxtpx:hr></gpxtpx:TrackPointExtension></extensions></trkpt><trkpt lat="58.055633" lon="38.835998"><ele>118.0</ele><time>2025-03-26T16:30:48Z</time><extensions><gpxtpx:TrackPointExtension><gpxtpx:hr>173</gpxtpx:hr></gpxtpx:TrackPointExtension></extensions></trkpt><trkpt lat="58.055622" lon="38.836037"><ele>118.0</ele><time>2025-03-26T16:30:49Z</time><extensions><gpxtpx:TrackPointExtension><gpxtpx:hr>173</gpxtpx:hr></gpxtpx:TrackPointExtension></extensions></trkpt><trkpt lat="58.055607" lon="38.836075"><ele>118.0</ele><time>2025-03-26T16:30:50Z</time><extensions><gpxtpx:TrackPointExtension><gpxtpx:hr>173</gpxtpx:hr></gpxtpx:TrackPointExtension></extensions></trkpt><trkpt lat="58.05559" lon="38.836112"><ele>118.0</ele><time>2025-03-26T16:30:51Z</time><extensions><gpxtpx:TrackPointExtension><gpxtpx:hr>174</gpxtpx:hr></gpxtpx:TrackPointExtension></extensions></trkpt><trkpt lat="58.055575" lon="38.836153"><ele>118.0</ele><time>2025-03-26T16:30:52Z</time><extensions><gpxtpx:TrackPointExtension><gpxtpx:hr>174</gpxtpx:hr></gpxtpx:TrackPointExtension></extensions></trkpt><trkpt lat="58.05556" lon="38.836192"><ele>118.0</ele><time>2025-03-26T16:30:53Z</time><extensions><gpxtpx:TrackPointExtension><gpxtpx:hr>173</gpxtpx:hr></gpxtpx:TrackPointExtension></extensions></trkpt><trkpt lat="58.05555" lon="38.836235"><ele>118.0</ele><time>2025-03-26T16:30:54Z</time><extensions><gpxtpx:TrackPointExtension><gpxtpx:hr>173</gpxtpx:hr></gpxtpx:TrackPointExtension></extensions></trkpt><trkpt lat="58.055533" lon="38.836277"><ele>118.0</ele><time>2025-03-26T16:30:55Z</time><extensions><gpxtpx:TrackPointExtension><gpxtpx:hr>173</gpxtpx:hr></gpxtpx:TrackPointExtension></extensions></trkpt><trkpt lat="58.055522" lon="38.836315"><ele>118.0</ele><time>2025-03-26T16:30:56Z</time><extensions><gpxtpx:TrackPointExtension><gpxtpx:hr>173</gpxtpx:hr></gpxtpx:TrackPointExtension></extensions></trkpt><trkpt lat="58.055507" lon="38.836357"><ele>118.0</ele><time>2025-03-26T16:30:57Z</time><extensions><gpxtpx:TrackPointExtension><gpxtpx:hr>173</gpxtpx:hr></gpxtpx:TrackPointExtension></extensions></trkpt><trkpt lat="58.055492" lon="38.8364"><ele>118.0</ele><time>2025-03-26T16:30:58Z</time><extensions><gpxtpx:TrackPointExtension><gpxtpx:hr>173</gpxtpx:hr></gpxtpx:TrackPointExtension></extensions></trkpt><trkpt lat="58.05548" lon="38.83644"><ele>118.0</ele><time>2025-03-26T16:30:59Z</time><extensions><gpxtpx:TrackPointExtension><gpxtpx:hr>173</gpxtpx:hr></gpxtpx:TrackPointExtension></extensions></trkpt><trkpt lat="58.05547" lon="38.836482"><ele>118.0</ele><time>2025-03-26T16:31:00Z</time><extensions><gpxtpx:TrackPointExtension><gpxtpx:hr>173</gpxtpx:hr></gpxtpx:TrackPointExtension></extensions></trkpt><trkpt lat="58.05546" lon="38.83653"><ele>118.0</ele><time>2025-03-26T16:31:01Z</time><extensions><gpxtpx:TrackPointExtension><gpxtpx:hr>173</gpxtpx:hr></gpxtpx:TrackPointExtension></extensions></trkpt><trkpt lat="58.05545" lon="38.836575"><ele>118.0</ele><time>2025-03-26T16:31:02Z</time><extensions><gpxtpx:TrackPointExtension><gpxtpx:hr>173</gpxtpx:hr></gpxtpx:TrackPointExtension></extensions></trkpt><trkpt lat="58.055442" lon="38.83662"><ele>118.0</ele><time>2025-03-26T16:31:03Z</time><extensions><gpxtpx:TrackPointExtension><gpxtpx:hr>173</gpxtpx:hr></gpxtpx:TrackPointExtension></extensions></trkpt><trkpt lat="58.055427" lon="38.836662"><ele>118.0</ele><time>2025-03-26T16:31:04Z</time><extensions><gpxtpx:TrackPointExtension><gpxtpx:hr>173</gpxtpx:hr></gpxtpx:TrackPointExtension></extensions></trkpt><trkpt lat="58.055415" lon="38.836707"><ele>118.0</ele><time>2025-03-26T16:31:05Z</time><extensions><gpxtpx:TrackPointExtension><gpxtpx:hr>173</gpxtpx:hr></gpxtpx:TrackPointExtension></extensions></trkpt><trkpt lat="58.0554" lon="38.836753"><ele>118.0</ele><time>2025-03-26T16:31:06Z</time><extensions><gpxtpx:TrackPointExtension><gpxtpx:hr>173</gpxtpx:hr></gpxtpx:TrackPointExtension></extensions></trkpt><trkpt lat="58.05539" lon="38.836795"><ele>118.0</ele><time>2025-03-26T16:31:07Z</time><extensions><gpxtpx:TrackPointExtension><gpxtpx:hr>173</gpxtpx:hr></gpxtpx:TrackPointExtension></extensions></trkpt><trkpt lat="58.055373" lon="38.836837"><ele>118.0</ele><time>2025-03-26T16:31:08Z</time><extensions><gpxtpx:TrackPointExtension><gpxtpx:hr>173</gpxtpx:hr></gpxtpx:TrackPointExtension></extensions></trkpt><trkpt lat="58.055362" lon="38.836875"><ele>118.0</ele><time>2025-03-26T16:31:09Z</time><extensions><gpxtpx:TrackPointExtension><gpxtpx:hr>173</gpxtpx:hr></gpxtpx:TrackPointExtension></extensions></trkpt><trkpt lat="58.055347" lon="38.836917"><ele>118.0</ele><time>2025-03-26T16:31:10Z</time><extensions><gpxtpx:TrackPointExtension><gpxtpx:hr>173</gpxtpx:hr></gpxtpx:TrackPointExtension></extensions></trkpt><trkpt lat="58.055332" lon="38.836955"><ele>118.0</ele><time>2025-03-26T16:31:11Z</time><extensions><gpxtpx:TrackPointExtension><gpxtpx:hr>173</gpxtpx:hr></gpxtpx:TrackPointExtension></extensions></trkpt><trkpt lat="58.055317" lon="38.836993"><ele>118.0</ele><time>2025-03-26T16:31:12Z</time><extensions><gpxtpx:TrackPointExtension><gpxtpx:hr>172</gpxtpx:hr></gpxtpx:TrackPointExtension></extensions></trkpt><trkpt lat="58.055305" lon="38.837035"><ele>118.0</ele><time>2025-03-26T16:31:13Z</time><extensions><gpxtpx:TrackPointExtension><gpxtpx:hr>172</gpxtpx:hr></gpxtpx:TrackPointExtension></extensions></trkpt><trkpt lat="58.055293" lon="38.83708"><ele>118.0</ele><time>2025-03-26T16:31:14Z</time><extensions><gpxtpx:TrackPointExtension><gpxtpx:hr>172</gpxtpx:hr></gpxtpx:TrackPointExtension></extensions></trkpt><trkpt lat="58.05528" lon="38.837115"><ele>118.0</ele><time>2025-03-26T16:31:15Z</time><extensions><gpxtpx:TrackPointExtension><gpxtpx:hr>172</gpxtpx:hr></gpxtpx:TrackPointExtension></extensions></trkpt><trkpt lat="58.055267" lon="38.83716"><ele>118.0</ele><time>2025-03-26T16:31:16Z</time><extensions><gpxtpx:TrackPointExtension><gpxtpx:hr>172</gpxtpx:hr></gpxtpx:TrackPointExtension></extensions></trkpt><trkpt lat="58.055252" lon="38.837195"><ele>118.0</ele><time>2025-03-26T16:31:17Z</time><extensions><gpxtpx:TrackPointExtension><gpxtpx:hr>172</gpxtpx:hr></gpxtpx:TrackPointExtension></extensions></trkpt><trkpt lat="58.055237" lon="38.837233"><ele>118.0</ele><time>2025-03-26T16:31:18Z</time><extensions><gpxtpx:TrackPointExtension><gpxtpx:hr>173</gpxtpx:hr></gpxtpx:TrackPointExtension></extensions></trkpt><trkpt lat="58.05522" lon="38.837275"><ele>118.0</ele><time>2025-03-26T16:31:19Z</time><extensions><gpxtpx:TrackPointExtension><gpxtpx:hr>173</gpxtpx:hr></gpxtpx:TrackPointExtension></extensions></trkpt><trkpt lat="58.05521" lon="38.837315"><ele>118.0</ele><time>2025-03-26T16:31:20Z</time><extensions><gpxtpx:TrackPointExtension><gpxtpx:hr>173</gpxtpx:hr></gpxtpx:TrackPointExtension></extensions></trkpt><trkpt lat="58.055195" lon="38.837357"><ele>118.0</ele><time>2025-03-26T16:31:21Z</time><extensions><gpxtpx:TrackPointExtension><gpxtpx:hr>173</gpxtpx:hr></gpxtpx:TrackPointExtension></extensions></trkpt><trkpt lat="58.05518" lon="38.8374"><ele>118.0</ele><time>2025-03-26T16:31:22Z</time><extensions><gpxtpx:TrackPointExtension><gpxtpx:hr>173</gpxtpx:hr></gpxtpx:TrackPointExtension></extensions></trkpt><trkpt lat="58.05517" lon="38.83744"><ele>118.0</ele><time>2025-03-26T16:31:23Z</time><extensions><gpxtpx:TrackPointExtension><gpxtpx:hr>173</gpxtpx:hr></gpxtpx:TrackPointExtension></extensions></trkpt><trkpt lat="58.055152" lon="38.837482"><ele>118.0</ele><time>2025-03-26T16:31:24Z</time><extensions><gpxtpx:TrackPointExtension><gpxtpx:hr>173</gpxtpx:hr></gpxtpx:TrackPointExtension></extensions></trkpt><trkpt lat="58.05514" lon="38.837523"><ele>118.0</ele><time>2025-03-26T16:31:25Z</time><extensions><gpxtpx:TrackPointExtension><gpxtpx:hr>173</gpxtpx:hr></gpxtpx:TrackPointExtension></extensions></trkpt><trkpt lat="58.055128" lon="38.83757"><ele>118.0</ele><time>2025-03-26T16:31:26Z</time><extensions><gpxtpx:TrackPointExtension><gpxtpx:hr>173</gpxtpx:hr></gpxtpx:TrackPointExtension></extensions></trkpt><trkpt lat="58.05512" lon="38.837612"><ele>118.0</ele><time>2025-03-26T16:31:27Z</time><extensions><gpxtpx:TrackPointExtension><gpxtpx:hr>173</gpxtpx:hr></gpxtpx:TrackPointExtension></extensions></trkpt><trkpt lat="58.055102" lon="38.837653"><ele>118.0</ele><time>2025-03-26T16:31:28Z</time><extensions><gpxtpx:TrackPointExtension><gpxtpx:hr>173</gpxtpx:hr></gpxtpx:TrackPointExtension></extensions></trkpt><trkpt lat="58.055087" lon="38.837695"><ele>118.0</ele><time>2025-03-26T16:31:29Z</time><extensions><gpxtpx:TrackPointExtension><gpxtpx:hr>173</gpxtpx:hr></gpxtpx:TrackPointExtension></extensions></trkpt><trkpt lat="58.055072" lon="38.837737"><ele>118.0</ele><time>2025-03-26T16:31:30Z</time><extensions><gpxtpx:TrackPointExtension><gpxtpx:hr>173</gpxtpx:hr></gpxtpx:TrackPointExtension></extensions></trkpt><trkpt lat="58.055058" lon="38.83778"><ele>118.0</ele><time>2025-03-26T16:31:31Z</time><extensions><gpxtpx:TrackPointExtension><gpxtpx:hr>173</gpxtpx:hr></gpxtpx:TrackPointExtension></extensions></trkpt><trkpt lat="58.055045" lon="38.837822"><ele>118.0</ele><time>2025-03-26T16:31:32Z</time><extensions><gpxtpx:TrackPointExtension><gpxtpx:hr>173</gpxtpx:hr></gpxtpx:TrackPointExtension></extensions></trkpt><trkpt lat="58.05503" lon="38.837863"><ele>118.0</ele><time>2025-03-26T16:31:33Z</time><extensions><gpxtpx:TrackPointExtension><gpxtpx:hr>173</gpxtpx:hr></gpxtpx:TrackPointExtension></extensions></trkpt><trkpt lat="58.055015" lon="38.837905"><ele>118.0</ele><time>2025-03-26T16:31:34Z</time><extensions><gpxtpx:TrackPointExtension><gpxtpx:hr>173</gpxtpx:hr></gpxtpx:TrackPointExtension></extensions></trkpt><trkpt lat="58.055" lon="38.837943"><ele>118.0</ele><time>2025-03-26T16:31:35Z</time><extensions><gpxtpx:TrackPointExtension><gpxtpx:hr>175</gpxtpx:hr></gpxtpx:TrackPointExtension></extensions></trkpt><trkpt lat="58.054988" lon="38.837985"><ele>118.0</ele><time>2025-03-26T16:31:36Z</time><extensions><gpxtpx:TrackPointExtension><gpxtpx:hr>175</gpxtpx:hr></gpxtpx:TrackPointExtension></extensions></trkpt><trkpt lat="58.054973" lon="38.838027"><ele>118.0</ele><time>2025-03-26T16:31:37Z</time><extensions><gpxtpx:TrackPointExtension><gpxtpx:hr>174</gpxtpx:hr></gpxtpx:TrackPointExtension></extensions></trkpt><trkpt lat="58.054962" lon="38.83807"><ele>118.0</ele><time>2025-03-26T16:31:38Z</time><extensions><gpxtpx:TrackPointExtension><gpxtpx:hr>174</gpxtpx:hr></gpxtpx:TrackPointExtension></extensions></trkpt><trkpt lat="58.05495" lon="38.83811"><ele>118.0</ele><time>2025-03-26T16:31:39Z</time><extensions><gpxtpx:TrackPointExtension><gpxtpx:hr>174</gpxtpx:hr></gpxtpx:TrackPointExtension></extensions></trkpt><trkpt lat="58.05494" lon="38.838157"><ele>118.0</ele><time>2025-03-26T16:31:40Z</time><extensions><gpxtpx:TrackPointExtension><gpxtpx:hr>174</gpxtpx:hr></gpxtpx:TrackPointExtension></extensions></trkpt><trkpt lat="58.054923" lon="38.8382"><ele>118.0</ele><time>2025-03-26T16:31:41Z</time><extensions><gpxtpx:TrackPointExtension><gpxtpx:hr>174</gpxtpx:hr></gpxtpx:TrackPointExtension></extensions></trkpt><trkpt lat="58.054912" lon="38.83824"><ele>118.0</ele><time>2025-03-26T16:31:42Z</time><extensions><gpxtpx:TrackPointExtension><gpxtpx:hr>174</gpxtpx:hr></gpxtpx:TrackPointExtension></extensions></trkpt><trkpt lat="58.054897" lon="38.838283"><ele>118.0</ele><time>2025-03-26T16:31:43Z</time><extensions><gpxtpx:TrackPointExtension><gpxtpx:hr>174</gpxtpx:hr></gpxtpx:TrackPointExtension></extensions></trkpt><trkpt lat="58.054885" lon="38.83832"><ele>118.0</ele><time>2025-03-26T16:31:44Z</time><extensions><gpxtpx:TrackPointExtension><gpxtpx:hr>174</gpxtpx:hr></gpxtpx:TrackPointExtension></extensions></trkpt><trkpt lat="58.05487" lon="38.838363"><ele>118.0</ele><time>2025-03-26T16:31:45Z</time><extensions><gpxtpx:TrackPointExtension><gpxtpx:hr>174</gpxtpx:hr></gpxtpx:TrackPointExtension></extensions></trkpt><trkpt lat="58.054855" lon="38.838405"><ele>118.0</ele><time>2025-03-26T16:31:46Z</time><extensions><gpxtpx:TrackPointExtension><gpxtpx:hr>174</gpxtpx:hr></gpxtpx:TrackPointExtension></extensions></trkpt><trkpt lat="58.054843" lon="38.838447"><ele>118.0</ele><time>2025-03-26T16:31:47Z</time><extensions><gpxtpx:TrackPointExtension><gpxtpx:hr>174</gpxtpx:hr></gpxtpx:TrackPointExtension></extensions></trkpt><trkpt lat="58.05483" lon="38.83849"><ele>118.0</ele><time>2025-03-26T16:31:48Z</time><extensions><gpxtpx:TrackPointExtension><gpxtpx:hr>173</gpxtpx:hr></gpxtpx:TrackPointExtension></extensions></trkpt><trkpt lat="58.054817" lon="38.838527"><ele>118.0</ele><time>2025-03-26T16:31:49Z</time><extensions><gpxtpx:TrackPointExtension><gpxtpx:hr>173</gpxtpx:hr></gpxtpx:TrackPointExtension></extensions></trkpt><trkpt lat="58.054805" lon="38.83857"><ele>118.0</ele><time>2025-03-26T16:31:50Z</time><extensions><gpxtpx:TrackPointExtension><gpxtpx:hr>173</gpxtpx:hr></gpxtpx:TrackPointExtension></extensions></trkpt><trkpt lat="58.05479" lon="38.838607"><ele>118.0</ele><time>2025-03-26T16:31:51Z</time><extensions><gpxtpx:TrackPointExtension><gpxtpx:hr>173</gpxtpx:hr></gpxtpx:TrackPointExtension></extensions></trkpt><trkpt lat="58.05478" lon="38.83865"><ele>118.0</ele><time>2025-03-26T16:31:52Z</time><extensions><gpxtpx:TrackPointExtension><gpxtpx:hr>173</gpxtpx:hr></gpxtpx:TrackPointExtension></extensions></trkpt><trkpt lat="58.054767" lon="38.838687"><ele>118.0</ele><time>2025-03-26T16:31:53Z</time><extensions><gpxtpx:TrackPointExtension><gpxtpx:hr>173</gpxtpx:hr></gpxtpx:TrackPointExtension></extensions></trkpt><trkpt lat="58.054752" lon="38.838728"><ele>118.0</ele><time>2025-03-26T16:31:54Z</time><extensions><gpxtpx:TrackPointExtension><gpxtpx:hr>174</gpxtpx:hr></gpxtpx:TrackPointExtension></extensions></trkpt><trkpt lat="58.05474" lon="38.83877"><ele>118.0</ele><time>2025-03-26T16:31:55Z</time><extensions><gpxtpx:TrackPointExtension><gpxtpx:hr>174</gpxtpx:hr></gpxtpx:TrackPointExtension></extensions></trkpt><trkpt lat="58.054725" lon="38.83881"><ele>118.0</ele><time>2025-03-26T16:31:56Z</time><extensions><gpxtpx:TrackPointExtension><gpxtpx:hr>175</gpxtpx:hr></gpxtpx:TrackPointExtension></extensions></trkpt><trkpt lat="58.054713" lon="38.838852"><ele>118.0</ele><time>2025-03-26T16:31:57Z</time><extensions><gpxtpx:TrackPointExtension><gpxtpx:hr>175</gpxtpx:hr></gpxtpx:TrackPointExtension></extensions></trkpt><trkpt lat="58.054702" lon="38.83889"><ele>118.0</ele><time>2025-03-26T16:31:58Z</time><extensions><gpxtpx:TrackPointExtension><gpxtpx:hr>175</gpxtpx:hr></gpxtpx:TrackPointExtension></extensions></trkpt><trkpt lat="58.054687" lon="38.838932"><ele>118.0</ele><time>2025-03-26T16:31:59Z</time><extensions><gpxtpx:TrackPointExtension><gpxtpx:hr>176</gpxtpx:hr></gpxtpx:TrackPointExtension></extensions></trkpt><trkpt lat="58.054675" lon="38.838973"><ele>118.0</ele><time>2025-03-26T16:32:00Z</time><extensions><gpxtpx:TrackPointExtension><gpxtpx:hr>176</gpxtpx:hr></gpxtpx:TrackPointExtension></extensions></trkpt><trkpt lat="58.054665" lon="38.839012"><ele>118.0</ele><time>2025-03-26T16:32:01Z</time><extensions><gpxtpx:TrackPointExtension><gpxtpx:hr>176</gpxtpx:hr></gpxtpx:TrackPointExtension></extensions></trkpt><trkpt lat="58.054652" lon="38.839053"><ele>118.0</ele><time>2025-03-26T16:32:02Z</time><extensions><gpxtpx:TrackPointExtension><gpxtpx:hr>176</gpxtpx:hr></gpxtpx:TrackPointExtension></extensions></trkpt><trkpt lat="58.054637" lon="38.839092"><ele>118.0</ele><time>2025-03-26T16:32:02Z</time><extensions><gpxtpx:TrackPointExtension><gpxtpx:hr>176</gpxtpx:hr></gpxtpx:TrackPointExtension></extensions></trkpt><trkpt lat="58.054625" lon="38.83913"><ele>118.0</ele><time>2025-03-26T16:32:03Z</time><extensions><gpxtpx:TrackPointExtension><gpxtpx:hr>176</gpxtpx:hr></gpxtpx:TrackPointExtension></extensions></trkpt><trkpt lat="58.054608" lon="38.839172"><ele>118.0</ele><time>2025-03-26T16:32:04Z</time><extensions><gpxtpx:TrackPointExtension><gpxtpx:hr>176</gpxtpx:hr></gpxtpx:TrackPointExtension></extensions></trkpt><trkpt lat="58.0546" lon="38.83921"><ele>118.0</ele><time>2025-03-26T16:32:05Z</time><extensions><gpxtpx:TrackPointExtension><gpxtpx:hr>175</gpxtpx:hr></gpxtpx:TrackPointExtension></extensions></trkpt><trkpt lat="58.054585" lon="38.83925"><ele>118.0</ele><time>2025-03-26T16:32:06Z</time><extensions><gpxtpx:TrackPointExtension><gpxtpx:hr>176</gpxtpx:hr></gpxtpx:TrackPointExtension></extensions></trkpt><trkpt lat="58.054572" lon="38.839287"><ele>118.0</ele><time>2025-03-26T16:32:07Z</time><extensions><gpxtpx:TrackPointExtension><gpxtpx:hr>176</gpxtpx:hr></gpxtpx:TrackPointExtension></extensions></trkpt><trkpt lat="58.054557" lon="38.839325"><ele>118.0</ele><time>2025-03-26T16:32:08Z</time><extensions><gpxtpx:TrackPointExtension><gpxtpx:hr>177</gpxtpx:hr></gpxtpx:TrackPointExtension></extensions></trkpt><trkpt lat="58.054545" lon="38.839362"><ele>118.0</ele><time>2025-03-26T16:32:09Z</time><extensions><gpxtpx:TrackPointExtension><gpxtpx:hr>177</gpxtpx:hr></gpxtpx:TrackPointExtension></extensions></trkpt><trkpt lat="58.05453" lon="38.839405"><ele>118.0</ele><time>2025-03-26T16:32:10Z</time><extensions><gpxtpx:TrackPointExtension><gpxtpx:hr>177</gpxtpx:hr></gpxtpx:TrackPointExtension></extensions></trkpt><trkpt lat="58.05452" lon="38.839442"><ele>118.0</ele><time>2025-03-26T16:32:11Z</time><extensions><gpxtpx:TrackPointExtension><gpxtpx:hr>177</gpxtpx:hr></gpxtpx:TrackPointExtension></extensions></trkpt><trkpt lat="58.054503" lon="38.83948"><ele>118.0</ele><time>2025-03-26T16:32:12Z</time><extensions><gpxtpx:TrackPointExtension><gpxtpx:hr>176</gpxtpx:hr></gpxtpx:TrackPointExtension></extensions></trkpt><trkpt lat="58.054492" lon="38.839515"><ele>118.0</ele><time>2025-03-26T16:32:13Z</time><extensions><gpxtpx:TrackPointExtension><gpxtpx:hr>176</gpxtpx:hr></gpxtpx:TrackPointExtension></extensions></trkpt><trkpt lat="58.054477" lon="38.839553"><ele>118.0</ele><time>2025-03-26T16:32:14Z</time><extensions><gpxtpx:TrackPointExtension><gpxtpx:hr>175</gpxtpx:hr></gpxtpx:TrackPointExtension></extensions></trkpt><trkpt lat="58.054465" lon="38.839592"><ele>118.0</ele><time>2025-03-26T16:32:15Z</time><extensions><gpxtpx:TrackPointExtension><gpxtpx:hr>175</gpxtpx:hr></gpxtpx:TrackPointExtension></extensions></trkpt><trkpt lat="58.05445" lon="38.839625"><ele>118.0</ele><time>2025-03-26T16:32:16Z</time><extensions><gpxtpx:TrackPointExtension><gpxtpx:hr>175</gpxtpx:hr></gpxtpx:TrackPointExtension></extensions></trkpt><trkpt lat="58.054435" lon="38.839663"><ele>118.0</ele><time>2025-03-26T16:32:17Z</time><extensions><gpxtpx:TrackPointExtension><gpxtpx:hr>175</gpxtpx:hr></gpxtpx:TrackPointExtension></extensions></trkpt><trkpt lat="58.05442" lon="38.839702"><ele>118.0</ele><time>2025-03-26T16:32:18Z</time><extensions><gpxtpx:TrackPointExtension><gpxtpx:hr>175</gpxtpx:hr></gpxtpx:TrackPointExtension></extensions></trkpt><trkpt lat="58.054405" lon="38.839737"><ele>118.0</ele><time>2025-03-26T16:32:19Z</time><extensions><gpxtpx:TrackPointExtension><gpxtpx:hr>175</gpxtpx:hr></gpxtpx:TrackPointExtension></extensions></trkpt><trkpt lat="58.05439" lon="38.839775"><ele>118.0</ele><time>2025-03-26T16:32:20Z</time><extensions><gpxtpx:TrackPointExtension><gpxtpx:hr>175</gpxtpx:hr></gpxtpx:TrackPointExtension></extensions></trkpt><trkpt lat="58.054375" lon="38.839812"><ele>118.0</ele><time>2025-03-26T16:32:21Z</time><extensions><gpxtpx:TrackPointExtension><gpxtpx:hr>174</gpxtpx:hr></gpxtpx:TrackPointExtension></extensions></trkpt><trkpt lat="58.05436" lon="38.839847"><ele>118.0</ele><time>2025-03-26T16:32:22Z</time><extensions><gpxtpx:TrackPointExtension><gpxtpx:hr>174</gpxtpx:hr></gpxtpx:TrackPointExtension></extensions></trkpt><trkpt lat="58.054343" lon="38.839885"><ele>118.0</ele><time>2025-03-26T16:32:23Z</time><extensions><gpxtpx:TrackPointExtension><gpxtpx:hr>173</gpxtpx:hr></gpxtpx:TrackPointExtension></extensions></trkpt><trkpt lat="58.05433" lon="38.83992"><ele>118.0</ele><time>2025-03-26T16:32:24Z</time><extensions><gpxtpx:TrackPointExtension><gpxtpx:hr>173</gpxtpx:hr></gpxtpx:TrackPointExtension></extensions></trkpt><trkpt lat="58.054317" lon="38.83996"><ele>118.0</ele><time>2025-03-26T16:32:25Z</time><extensions><gpxtpx:TrackPointExtension><gpxtpx:hr>173</gpxtpx:hr></gpxtpx:TrackPointExtension></extensions></trkpt><trkpt lat="58.054302" lon="38.839995"><ele>118.0</ele><time>2025-03-26T16:32:26Z</time><extensions><gpxtpx:TrackPointExtension><gpxtpx:hr>173</gpxtpx:hr></gpxtpx:TrackPointExtension></extensions></trkpt><trkpt lat="58.054287" lon="38.84003"><ele>118.0</ele><time>2025-03-26T16:32:27Z</time><extensions><gpxtpx:TrackPointExtension><gpxtpx:hr>172</gpxtpx:hr></gpxtpx:TrackPointExtension></extensions></trkpt><trkpt lat="58.05427" lon="38.84007"><ele>118.0</ele><time>2025-03-26T16:32:28Z</time><extensions><gpxtpx:TrackPointExtension><gpxtpx:hr>171</gpxtpx:hr></gpxtpx:TrackPointExtension></extensions></trkpt><trkpt lat="58.05426" lon="38.840107"><ele>118.0</ele><time>2025-03-26T16:32:29Z</time><extensions><gpxtpx:TrackPointExtension><gpxtpx:hr>171</gpxtpx:hr></gpxtpx:TrackPointExtension></extensions></trkpt><trkpt lat="58.054245" lon="38.84014"><ele>118.0</ele><time>2025-03-26T16:32:30Z</time><extensions><gpxtpx:TrackPointExtension><gpxtpx:hr>171</gpxtpx:hr></gpxtpx:TrackPointExtension></extensions></trkpt><trkpt lat="58.054233" lon="38.840178"><ele>118.0</ele><time>2025-03-26T16:32:31Z</time><extensions><gpxtpx:TrackPointExtension><gpxtpx:hr>171</gpxtpx:hr></gpxtpx:TrackPointExtension></extensions></trkpt><trkpt lat="58.05422" lon="38.840217"><ele>118.0</ele><time>2025-03-26T16:32:32Z</time><extensions><gpxtpx:TrackPointExtension><gpxtpx:hr>171</gpxtpx:hr></gpxtpx:TrackPointExtension></extensions></trkpt><trkpt lat="58.054202" lon="38.840252"><ele>118.0</ele><time>2025-03-26T16:32:33Z</time><extensions><gpxtpx:TrackPointExtension><gpxtpx:hr>171</gpxtpx:hr></gpxtpx:TrackPointExtension></extensions></trkpt><trkpt lat="58.054187" lon="38.84029"><ele>118.0</ele><time>2025-03-26T16:32:34Z</time><extensions><gpxtpx:TrackPointExtension><gpxtpx:hr>171</gpxtpx:hr></gpxtpx:TrackPointExtension></extensions></trkpt><trkpt lat="58.054172" lon="38.84033"><ele>118.0</ele><time>2025-03-26T16:32:35Z</time><extensions><gpxtpx:TrackPointExtension><gpxtpx:hr>171</gpxtpx:hr></gpxtpx:TrackPointExtension></extensions></trkpt><trkpt lat="58.054157" lon="38.840362"><ele>118.0</ele><time>2025-03-26T16:32:36Z</time><extensions><gpxtpx:TrackPointExtension><gpxtpx:hr>171</gpxtpx:hr></gpxtpx:TrackPointExtension></extensions></trkpt><trkpt lat="58.054142" lon="38.840397"><ele>118.0</ele><time>2025-03-26T16:32:37Z</time><extensions><gpxtpx:TrackPointExtension><gpxtpx:hr>171</gpxtpx:hr></gpxtpx:TrackPointExtension></extensions></trkpt><trkpt lat="58.054127" lon="38.840435"><ele>118.0</ele><time>2025-03-26T16:32:38Z</time><extensions><gpxtpx:TrackPointExtension><gpxtpx:hr>171</gpxtpx:hr></gpxtpx:TrackPointExtension></extensions></trkpt><trkpt lat="58.054115" lon="38.840472"><ele>118.0</ele><time>2025-03-26T16:32:39Z</time><extensions><gpxtpx:TrackPointExtension><gpxtpx:hr>171</gpxtpx:hr></gpxtpx:TrackPointExtension></extensions></trkpt><trkpt lat="58.054103" lon="38.840515"><ele>118.0</ele><time>2025-03-26T16:32:40Z</time><extensions><gpxtpx:TrackPointExtension><gpxtpx:hr>171</gpxtpx:hr></gpxtpx:TrackPointExtension></extensions></trkpt><trkpt lat="58.054092" lon="38.840557"><ele>118.0</ele><time>2025-03-26T16:32:41Z</time><extensions><gpxtpx:TrackPointExtension><gpxtpx:hr>171</gpxtpx:hr></gpxtpx:TrackPointExtension></extensions></trkpt><trkpt lat="58.054085" lon="38.8406"><ele>118.0</ele><time>2025-03-26T16:32:42Z</time><extensions><gpxtpx:TrackPointExtension><gpxtpx:hr>171</gpxtpx:hr></gpxtpx:TrackPointExtension></extensions></trkpt><trkpt lat="58.05407" lon="38.840637"><ele>118.0</ele><time>2025-03-26T16:32:43Z</time><extensions><gpxtpx:TrackPointExtension><gpxtpx:hr>171</gpxtpx:hr></gpxtpx:TrackPointExtension></extensions></trkpt><trkpt lat="58.054057" lon="38.840675"><ele>118.0</ele><time>2025-03-26T16:32:44Z</time><extensions><gpxtpx:TrackPointExtension><gpxtpx:hr>171</gpxtpx:hr></gpxtpx:TrackPointExtension></extensions></trkpt><trkpt lat="58.054042" lon="38.840717"><ele>118.0</ele><time>2025-03-26T16:32:45Z</time><extensions><gpxtpx:TrackPointExtension><gpxtpx:hr>172</gpxtpx:hr></gpxtpx:TrackPointExtension></extensions></trkpt><trkpt lat="58.05403" lon="38.840755"><ele>118.0</ele><time>2025-03-26T16:32:46Z</time><extensions><gpxtpx:TrackPointExtension><gpxtpx:hr>172</gpxtpx:hr></gpxtpx:TrackPointExtension></extensions></trkpt><trkpt lat="58.054015" lon="38.840793"><ele>118.0</ele><time>2025-03-26T16:32:47Z</time><extensions><gpxtpx:TrackPointExtension><gpxtpx:hr>171</gpxtpx:hr></gpxtpx:TrackPointExtension></extensions></trkpt><trkpt lat="58.054003" lon="38.84083"><ele>118.0</ele><time>2025-03-26T16:32:48Z</time><extensions><gpxtpx:TrackPointExtension><gpxtpx:hr>171</gpxtpx:hr></gpxtpx:TrackPointExtension></extensions></trkpt><trkpt lat="58.05399" lon="38.84087"><ele>118.0</ele><time>2025-03-26T16:32:49Z</time><extensions><gpxtpx:TrackPointExtension><gpxtpx:hr>171</gpxtpx:hr></gpxtpx:TrackPointExtension></extensions></trkpt><trkpt lat="58.053973" lon="38.840907"><ele>118.0</ele><time>2025-03-26T16:32:50Z</time><extensions><gpxtpx:TrackPointExtension><gpxtpx:hr>171</gpxtpx:hr></gpxtpx:TrackPointExtension></extensions></trkpt><trkpt lat="58.053962" lon="38.840945"><ele>118.0</ele><time>2025-03-26T16:32:51Z</time><extensions><gpxtpx:TrackPointExtension><gpxtpx:hr>171</gpxtpx:hr></gpxtpx:TrackPointExtension></extensions></trkpt><trkpt lat="58.05395" lon="38.840983"><ele>118.0</ele><time>2025-03-26T16:32:52Z</time><extensions><gpxtpx:TrackPointExtension><gpxtpx:hr>171</gpxtpx:hr></gpxtpx:TrackPointExtension></extensions></trkpt><trkpt lat="58.053935" lon="38.841022"><ele>118.0</ele><time>2025-03-26T16:32:53Z</time><extensions><gpxtpx:TrackPointExtension><gpxtpx:hr>171</gpxtpx:hr></gpxtpx:TrackPointExtension></extensions></trkpt><trkpt lat="58.053925" lon="38.841063"><ele>118.0</ele><time>2025-03-26T16:32:54Z</time><extensions><gpxtpx:TrackPointExtension><gpxtpx:hr>171</gpxtpx:hr></gpxtpx:TrackPointExtension></extensions></trkpt><trkpt lat="58.05391" lon="38.841102"><ele>118.0</ele><time>2025-03-26T16:32:55Z</time><extensions><gpxtpx:TrackPointExtension><gpxtpx:hr>171</gpxtpx:hr></gpxtpx:TrackPointExtension></extensions></trkpt><trkpt lat="58.053893" lon="38.84114"><ele>118.0</ele><time>2025-03-26T16:32:56Z</time><extensions><gpxtpx:TrackPointExtension><gpxtpx:hr>171</gpxtpx:hr></gpxtpx:TrackPointExtension></extensions></trkpt><trkpt lat="58.053882" lon="38.84118"><ele>118.0</ele><time>2025-03-26T16:32:57Z</time><extensions><gpxtpx:TrackPointExtension><gpxtpx:hr>171</gpxtpx:hr></gpxtpx:TrackPointExtension></extensions></trkpt><trkpt lat="58.053867" lon="38.841217"><ele>118.0</ele><time>2025-03-26T16:32:58Z</time><extensions><gpxtpx:TrackPointExtension><gpxtpx:hr>171</gpxtpx:hr></gpxtpx:TrackPointExtension></extensions></trkpt><trkpt lat="58.053855" lon="38.84126"><ele>118.0</ele><time>2025-03-26T16:32:59Z</time><extensions><gpxtpx:TrackPointExtension><gpxtpx:hr>171</gpxtpx:hr></gpxtpx:TrackPointExtension></extensions></trkpt><trkpt lat="58.05384" lon="38.841297"><ele>118.0</ele><time>2025-03-26T16:33:00Z</time><extensions><gpxtpx:TrackPointExtension><gpxtpx:hr>172</gpxtpx:hr></gpxtpx:TrackPointExtension></extensions></trkpt><trkpt lat="58.05383" lon="38.84134"><ele>118.0</ele><time>2025-03-26T16:33:01Z</time><extensions><gpxtpx:TrackPointExtension><gpxtpx:hr>172</gpxtpx:hr></gpxtpx:TrackPointExtension></extensions></trkpt><trkpt lat="58.053817" lon="38.84138"><ele>118.0</ele><time>2025-03-26T16:33:02Z</time><extensions><gpxtpx:TrackPointExtension><gpxtpx:hr>173</gpxtpx:hr></gpxtpx:TrackPointExtension></extensions></trkpt><trkpt lat="58.053802" lon="38.841422"><ele>118.0</ele><time>2025-03-26T16:33:03Z</time><extensions><gpxtpx:TrackPointExtension><gpxtpx:hr>173</gpxtpx:hr></gpxtpx:TrackPointExtension></extensions></trkpt><trkpt lat="58.05379" lon="38.841465"><ele>118.0</ele><time>2025-03-26T16:33:04Z</time><extensions><gpxtpx:TrackPointExtension><gpxtpx:hr>173</gpxtpx:hr></gpxtpx:TrackPointExtension></extensions></trkpt><trkpt lat="58.053775" lon="38.841502"><ele>118.0</ele><time>2025-03-26T16:33:05Z</time><extensions><gpxtpx:TrackPointExtension><gpxtpx:hr>173</gpxtpx:hr></gpxtpx:TrackPointExtension></extensions></trkpt><trkpt lat="58.05376" lon="38.84154"><ele>118.0</ele><time>2025-03-26T16:33:06Z</time><extensions><gpxtpx:TrackPointExtension><gpxtpx:hr>173</gpxtpx:hr></gpxtpx:TrackPointExtension></extensions></trkpt><trkpt lat="58.053745" lon="38.841582"><ele>118.0</ele><time>2025-03-26T16:33:07Z</time><extensions><gpxtpx:TrackPointExtension><gpxtpx:hr>173</gpxtpx:hr></gpxtpx:TrackPointExtension></extensions></trkpt><trkpt lat="58.05373" lon="38.84162"><ele>118.0</ele><time>2025-03-26T16:33:08Z</time><extensions><gpxtpx:TrackPointExtension><gpxtpx:hr>173</gpxtpx:hr></gpxtpx:TrackPointExtension></extensions></trkpt><trkpt lat="58.05372" lon="38.841662"><ele>118.0</ele><time>2025-03-26T16:33:09Z</time><extensions><gpxtpx:TrackPointExtension><gpxtpx:hr>172</gpxtpx:hr></gpxtpx:TrackPointExtension></extensions></trkpt><trkpt lat="58.053702" lon="38.841705"><ele>118.0</ele><time>2025-03-26T16:33:10Z</time><extensions><gpxtpx:TrackPointExtension><gpxtpx:hr>172</gpxtpx:hr></gpxtpx:TrackPointExtension></extensions></trkpt><trkpt lat="58.05369" lon="38.841742"><ele>118.0</ele><time>2025-03-26T16:33:11Z</time><extensions><gpxtpx:TrackPointExtension><gpxtpx:hr>173</gpxtpx:hr></gpxtpx:TrackPointExtension></extensions></trkpt><trkpt lat="58.053677" lon="38.841785"><ele>118.0</ele><time>2025-03-26T16:33:12Z</time><extensions><gpxtpx:TrackPointExtension><gpxtpx:hr>174</gpxtpx:hr></gpxtpx:TrackPointExtension></extensions></trkpt><trkpt lat="58.053665" lon="38.841827"><ele>118.0</ele><time>2025-03-26T16:33:13Z</time><extensions><gpxtpx:TrackPointExtension><gpxtpx:hr>174</gpxtpx:hr></gpxtpx:TrackPointExtension></extensions></trkpt><trkpt lat="58.05365" lon="38.841865"><ele>118.0</ele><time>2025-03-26T16:33:14Z</time><extensions><gpxtpx:TrackPointExtension><gpxtpx:hr>175</gpxtpx:hr></gpxtpx:TrackPointExtension></extensions></trkpt><trkpt lat="58.05364" lon="38.841907"><ele>118.0</ele><time>2025-03-26T16:33:15Z</time><extensions><gpxtpx:TrackPointExtension><gpxtpx:hr>175</gpxtpx:hr></gpxtpx:TrackPointExtension></extensions></trkpt><trkpt lat="58.053627" lon="38.84195"><ele>118.0</ele><time>2025-03-26T16:33:16Z</time><extensions><gpxtpx:TrackPointExtension><gpxtpx:hr>175</gpxtpx:hr></gpxtpx:TrackPointExtension></extensions></trkpt><trkpt lat="58.053615" lon="38.84199"><ele>118.0</ele><time>2025-03-26T16:33:17Z</time><extensions><gpxtpx:TrackPointExtension><gpxtpx:hr>175</gpxtpx:hr></gpxtpx:TrackPointExtension></extensions></trkpt><trkpt lat="58.053603" lon="38.842032"><ele>118.0</ele><time>2025-03-26T16:33:18Z</time><extensions><gpxtpx:TrackPointExtension><gpxtpx:hr>175</gpxtpx:hr></gpxtpx:TrackPointExtension></extensions></trkpt><trkpt lat="58.053592" lon="38.84208"><ele>118.0</ele><time>2025-03-26T16:33:19Z</time><extensions><gpxtpx:TrackPointExtension><gpxtpx:hr>175</gpxtpx:hr></gpxtpx:TrackPointExtension></extensions></trkpt><trkpt lat="58.053577" lon="38.84212"><ele>118.0</ele><time>2025-03-26T16:33:20Z</time><extensions><gpxtpx:TrackPointExtension><gpxtpx:hr>175</gpxtpx:hr></gpxtpx:TrackPointExtension></extensions></trkpt><trkpt lat="58.053565" lon="38.842167"><ele>118.0</ele><time>2025-03-26T16:33:21Z</time><extensions><gpxtpx:TrackPointExtension><gpxtpx:hr>175</gpxtpx:hr></gpxtpx:TrackPointExtension></extensions></trkpt><trkpt lat="58.05355" lon="38.84221"><ele>118.0</ele><time>2025-03-26T16:33:22Z</time><extensions><gpxtpx:TrackPointExtension><gpxtpx:hr>175</gpxtpx:hr></gpxtpx:TrackPointExtension></extensions></trkpt><trkpt lat="58.053538" lon="38.84225"><ele>118.0</ele><time>2025-03-26T16:33:23Z</time><extensions><gpxtpx:TrackPointExtension><gpxtpx:hr>175</gpxtpx:hr></gpxtpx:TrackPointExtension></extensions></trkpt><trkpt lat="58.053523" lon="38.842292"><ele>118.0</ele><time>2025-03-26T16:33:24Z</time><extensions><gpxtpx:TrackPointExtension><gpxtpx:hr>175</gpxtpx:hr></gpxtpx:TrackPointExtension></extensions></trkpt><trkpt lat="58.05351" lon="38.842335"><ele>118.0</ele><time>2025-03-26T16:33:25Z</time><extensions><gpxtpx:TrackPointExtension><gpxtpx:hr>175</gpxtpx:hr></gpxtpx:TrackPointExtension></extensions></trkpt><trkpt lat="58.053492" lon="38.842377"><ele>118.0</ele><time>2025-03-26T16:33:26Z</time><extensions><gpxtpx:TrackPointExtension><gpxtpx:hr>175</gpxtpx:hr></gpxtpx:TrackPointExtension></extensions></trkpt><trkpt lat="58.05348" lon="38.84242"><ele>118.0</ele><time>2025-03-26T16:33:27Z</time><extensions><gpxtpx:TrackPointExtension><gpxtpx:hr>175</gpxtpx:hr></gpxtpx:TrackPointExtension></extensions></trkpt><trkpt lat="58.053462" lon="38.84246"><ele>118.0</ele><time>2025-03-26T16:33:28Z</time><extensions><gpxtpx:TrackPointExtension><gpxtpx:hr>175</gpxtpx:hr></gpxtpx:TrackPointExtension></extensions></trkpt><trkpt lat="58.05345" lon="38.842502"><ele>118.0</ele><time>2025-03-26T16:33:29Z</time><extensions><gpxtpx:TrackPointExtension><gpxtpx:hr>175</gpxtpx:hr></gpxtpx:TrackPointExtension></extensions></trkpt><trkpt lat="58.053435" lon="38.842545"><ele>118.0</ele><time>2025-03-26T16:33:30Z</time><extensions><gpxtpx:TrackPointExtension><gpxtpx:hr>175</gpxtpx:hr></gpxtpx:TrackPointExtension></extensions></trkpt><trkpt lat="58.05342" lon="38.842587"><ele>118.0</ele><time>2025-03-26T16:33:31Z</time><extensions><gpxtpx:TrackPointExtension><gpxtpx:hr>175</gpxtpx:hr></gpxtpx:TrackPointExtension></extensions></trkpt><trkpt lat="58.053405" lon="38.84263"><ele>118.0</ele><time>2025-03-26T16:33:32Z</time><extensions><gpxtpx:TrackPointExtension><gpxtpx:hr>175</gpxtpx:hr></gpxtpx:TrackPointExtension></extensions></trkpt><trkpt lat="58.053393" lon="38.842668"><ele>118.0</ele><time>2025-03-26T16:33:33Z</time><extensions><gpxtpx:TrackPointExtension><gpxtpx:hr>175</gpxtpx:hr></gpxtpx:TrackPointExtension></extensions></trkpt><trkpt lat="58.05338" lon="38.842712"><ele>118.0</ele><time>2025-03-26T16:33:34Z</time><extensions><gpxtpx:TrackPointExtension><gpxtpx:hr>175</gpxtpx:hr></gpxtpx:TrackPointExtension></extensions></trkpt><trkpt lat="58.053363" lon="38.842753"><ele>118.0</ele><time>2025-03-26T16:33:35Z</time><extensions><gpxtpx:TrackPointExtension><gpxtpx:hr>175</gpxtpx:hr></gpxtpx:TrackPointExtension></extensions></trkpt><trkpt lat="58.05335" lon="38.8428"><ele>118.0</ele><time>2025-03-26T16:33:36Z</time><extensions><gpxtpx:TrackPointExtension><gpxtpx:hr>175</gpxtpx:hr></gpxtpx:TrackPointExtension></extensions></trkpt><trkpt lat="58.053337" lon="38.842842"><ele>118.0</ele><time>2025-03-26T16:33:37Z</time><extensions><gpxtpx:TrackPointExtension><gpxtpx:hr>175</gpxtpx:hr></gpxtpx:TrackPointExtension></extensions></trkpt><trkpt lat="58.05332" lon="38.842887"><ele>118.0</ele><time>2025-03-26T16:33:38Z</time><extensions><gpxtpx:TrackPointExtension><gpxtpx:hr>175</gpxtpx:hr></gpxtpx:TrackPointExtension></extensions></trkpt><trkpt lat="58.053307" lon="38.84293"><ele>118.0</ele><time>2025-03-26T16:33:39Z</time><extensions><gpxtpx:TrackPointExtension><gpxtpx:hr>175</gpxtpx:hr></gpxtpx:TrackPointExtension></extensions></trkpt><trkpt lat="58.053295" lon="38.842975"><ele>118.0</ele><time>2025-03-26T16:33:40Z</time><extensions><gpxtpx:TrackPointExtension><gpxtpx:hr>175</gpxtpx:hr></gpxtpx:TrackPointExtension></extensions></trkpt><trkpt lat="58.05328" lon="38.843017"><ele>118.0</ele><time>2025-03-26T16:33:41Z</time><extensions><gpxtpx:TrackPointExtension><gpxtpx:hr>175</gpxtpx:hr></gpxtpx:TrackPointExtension></extensions></trkpt><trkpt lat="58.053265" lon="38.843055"><ele>118.0</ele><time>2025-03-26T16:33:42Z</time><extensions><gpxtpx:TrackPointExtension><gpxtpx:hr>175</gpxtpx:hr></gpxtpx:TrackPointExtension></extensions></trkpt><trkpt lat="58.05325" lon="38.843097"><ele>118.0</ele><time>2025-03-26T16:33:43Z</time><extensions><gpxtpx:TrackPointExtension><gpxtpx:hr>175</gpxtpx:hr></gpxtpx:TrackPointExtension></extensions></trkpt><trkpt lat="58.053233" lon="38.843135"><ele>118.0</ele><time>2025-03-26T16:33:44Z</time><extensions><gpxtpx:TrackPointExtension><gpxtpx:hr>175</gpxtpx:hr></gpxtpx:TrackPointExtension></extensions></trkpt><trkpt lat="58.05322" lon="38.843177"><ele>118.0</ele><time>2025-03-26T16:33:45Z</time><extensions><gpxtpx:TrackPointExtension><gpxtpx:hr>176</gpxtpx:hr></gpxtpx:TrackPointExtension></extensions></trkpt><trkpt lat="58.053203" lon="38.843215"><ele>118.0</ele><time>2025-03-26T16:33:46Z</time><extensions><gpxtpx:TrackPointExtension><gpxtpx:hr>176</gpxtpx:hr></gpxtpx:TrackPointExtension></extensions></trkpt><trkpt lat="58.05319" lon="38.843253"><ele>118.0</ele><time>2025-03-26T16:33:47Z</time><extensions><gpxtpx:TrackPointExtension><gpxtpx:hr>177</gpxtpx:hr></gpxtpx:TrackPointExtension></extensions></trkpt><trkpt lat="58.053172" lon="38.843295"><ele>118.0</ele><time>2025-03-26T16:33:48Z</time><extensions><gpxtpx:TrackPointExtension><gpxtpx:hr>177</gpxtpx:hr></gpxtpx:TrackPointExtension></extensions></trkpt><trkpt lat="58.053157" lon="38.843333"><ele>118.0</ele><time>2025-03-26T16:33:49Z</time><extensions><gpxtpx:TrackPointExtension><gpxtpx:hr>176</gpxtpx:hr></gpxtpx:TrackPointExtension></extensions></trkpt><trkpt lat="58.053145" lon="38.843375"><ele>118.0</ele><time>2025-03-26T16:33:50Z</time><extensions><gpxtpx:TrackPointExtension><gpxtpx:hr>176</gpxtpx:hr></gpxtpx:TrackPointExtension></extensions></trkpt><trkpt lat="58.05313" lon="38.843413"><ele>118.0</ele><time>2025-03-26T16:33:51Z</time><extensions><gpxtpx:TrackPointExtension><gpxtpx:hr>176</gpxtpx:hr></gpxtpx:TrackPointExtension></extensions></trkpt><trkpt lat="58.05312" lon="38.843455"><ele>118.0</ele><time>2025-03-26T16:33:52Z</time><extensions><gpxtpx:TrackPointExtension><gpxtpx:hr>176</gpxtpx:hr></gpxtpx:TrackPointExtension></extensions></trkpt><trkpt lat="58.05311" lon="38.843493"><ele>118.0</ele><time>2025-03-26T16:33:53Z</time><extensions><gpxtpx:TrackPointExtension><gpxtpx:hr>177</gpxtpx:hr></gpxtpx:TrackPointExtension></extensions></trkpt><trkpt lat="58.053092" lon="38.843532"><ele>118.0</ele><time>2025-03-26T16:33:54Z</time><extensions><gpxtpx:TrackPointExtension><gpxtpx:hr>177</gpxtpx:hr></gpxtpx:TrackPointExtension></extensions></trkpt><trkpt lat="58.05308" lon="38.843575"><ele>118.0</ele><time>2025-03-26T16:33:55Z</time><extensions><gpxtpx:TrackPointExtension><gpxtpx:hr>177</gpxtpx:hr></gpxtpx:TrackPointExtension></extensions></trkpt><trkpt lat="58.05307" lon="38.843612"><ele>118.0</ele><time>2025-03-26T16:33:56Z</time><extensions><gpxtpx:TrackPointExtension><gpxtpx:hr>177</gpxtpx:hr></gpxtpx:TrackPointExtension></extensions></trkpt><trkpt lat="58.05306" lon="38.84365"><ele>118.0</ele><time>2025-03-26T16:33:57Z</time><extensions><gpxtpx:TrackPointExtension><gpxtpx:hr>176</gpxtpx:hr></gpxtpx:TrackPointExtension></extensions></trkpt><trkpt lat="58.053047" lon="38.843692"><ele>118.0</ele><time>2025-03-26T16:33:58Z</time><extensions><gpxtpx:TrackPointExtension><gpxtpx:hr>176</gpxtpx:hr></gpxtpx:TrackPointExtension></extensions></trkpt><trkpt lat="58.053032" lon="38.84373"><ele>118.0</ele><time>2025-03-26T16:33:59Z</time><extensions><gpxtpx:TrackPointExtension><gpxtpx:hr>176</gpxtpx:hr></gpxtpx:TrackPointExtension></extensions></trkpt><trkpt lat="58.053018" lon="38.84377"><ele>118.0</ele><time>2025-03-26T16:34:00Z</time><extensions><gpxtpx:TrackPointExtension><gpxtpx:hr>175</gpxtpx:hr></gpxtpx:TrackPointExtension></extensions></trkpt><trkpt lat="58.053005" lon="38.843807"><ele>118.0</ele><time>2025-03-26T16:34:01Z</time><extensions><gpxtpx:TrackPointExtension><gpxtpx:hr>175</gpxtpx:hr></gpxtpx:TrackPointExtension></extensions></trkpt><trkpt lat="58.05299" lon="38.84385"><ele>118.0</ele><time>2025-03-26T16:34:02Z</time><extensions><gpxtpx:TrackPointExtension><gpxtpx:hr>175</gpxtpx:hr></gpxtpx:TrackPointExtension></extensions></trkpt><trkpt lat="58.05298" lon="38.843887"><ele>118.0</ele><time>2025-03-26T16:34:03Z</time><extensions><gpxtpx:TrackPointExtension><gpxtpx:hr>175</gpxtpx:hr></gpxtpx:TrackPointExtension></extensions></trkpt><trkpt lat="58.052962" lon="38.843925"><ele>118.0</ele><time>2025-03-26T16:34:04Z</time><extensions><gpxtpx:TrackPointExtension><gpxtpx:hr>175</gpxtpx:hr></gpxtpx:TrackPointExtension></extensions></trkpt><trkpt lat="58.052947" lon="38.843963"><ele>118.0</ele><time>2025-03-26T16:34:05Z</time><extensions><gpxtpx:TrackPointExtension><gpxtpx:hr>174</gpxtpx:hr></gpxtpx:TrackPointExtension></extensions></trkpt><trkpt lat="58.052937" lon="38.844"><ele>118.0</ele><time>2025-03-26T16:34:06Z</time><extensions><gpxtpx:TrackPointExtension><gpxtpx:hr>174</gpxtpx:hr></gpxtpx:TrackPointExtension></extensions></trkpt><trkpt lat="58.05292" lon="38.84404"><ele>118.0</ele><time>2025-03-26T16:34:07Z</time><extensions><gpxtpx:TrackPointExtension><gpxtpx:hr>175</gpxtpx:hr></gpxtpx:TrackPointExtension></extensions></trkpt><trkpt lat="58.052905" lon="38.844077"><ele>118.0</ele><time>2025-03-26T16:34:08Z</time><extensions><gpxtpx:TrackPointExtension><gpxtpx:hr>175</gpxtpx:hr></gpxtpx:TrackPointExtension></extensions></trkpt><trkpt lat="58.05289" lon="38.844112"><ele>118.0</ele><time>2025-03-26T16:34:09Z</time><extensions><gpxtpx:TrackPointExtension><gpxtpx:hr>175</gpxtpx:hr></gpxtpx:TrackPointExtension></extensions></trkpt><trkpt lat="58.05288" lon="38.84415"><ele>118.0</ele><time>2025-03-26T16:34:10Z</time><extensions><gpxtpx:TrackPointExtension><gpxtpx:hr>175</gpxtpx:hr></gpxtpx:TrackPointExtension></extensions></trkpt><trkpt lat="58.052863" lon="38.844188"><ele>118.0</ele><time>2025-03-26T16:34:11Z</time><extensions><gpxtpx:TrackPointExtension><gpxtpx:hr>175</gpxtpx:hr></gpxtpx:TrackPointExtension></extensions></trkpt><trkpt lat="58.052852" lon="38.844222"><ele>118.0</ele><time>2025-03-26T16:34:12Z</time><extensions><gpxtpx:TrackPointExtension><gpxtpx:hr>175</gpxtpx:hr></gpxtpx:TrackPointExtension></extensions></trkpt><trkpt lat="58.052837" lon="38.844258"><ele>118.0</ele><time>2025-03-26T16:34:13Z</time><extensions><gpxtpx:TrackPointExtension><gpxtpx:hr>175</gpxtpx:hr></gpxtpx:TrackPointExtension></extensions></trkpt><trkpt lat="58.052822" lon="38.844295"><ele>118.0</ele><time>2025-03-26T16:34:14Z</time><extensions><gpxtpx:TrackPointExtension><gpxtpx:hr>175</gpxtpx:hr></gpxtpx:TrackPointExtension></extensions></trkpt><trkpt lat="58.05281" lon="38.844333"><ele>118.0</ele><time>2025-03-26T16:34:15Z</time><extensions><gpxtpx:TrackPointExtension><gpxtpx:hr>175</gpxtpx:hr></gpxtpx:TrackPointExtension></extensions></trkpt><trkpt lat="58.052795" lon="38.84437"><ele>118.0</ele><time>2025-03-26T16:34:16Z</time><extensions><gpxtpx:TrackPointExtension><gpxtpx:hr>175</gpxtpx:hr></gpxtpx:TrackPointExtension></extensions></trkpt><trkpt lat="58.052783" lon="38.84441"><ele>118.0</ele><time>2025-03-26T16:34:17Z</time><extensions><gpxtpx:TrackPointExtension><gpxtpx:hr>175</gpxtpx:hr></gpxtpx:TrackPointExtension></extensions></trkpt><trkpt lat="58.05277" lon="38.844447"><ele>118.0</ele><time>2025-03-26T16:34:18Z</time><extensions><gpxtpx:TrackPointExtension><gpxtpx:hr>175</gpxtpx:hr></gpxtpx:TrackPointExtension></extensions></trkpt><trkpt lat="58.052757" lon="38.844485"><ele>118.0</ele><time>2025-03-26T16:34:19Z</time><extensions><gpxtpx:TrackPointExtension><gpxtpx:hr>175</gpxtpx:hr></gpxtpx:TrackPointExtension></extensions></trkpt><trkpt lat="58.052745" lon="38.84453"><ele>118.0</ele><time>2025-03-26T16:34:20Z</time><extensions><gpxtpx:TrackPointExtension><gpxtpx:hr>175</gpxtpx:hr></gpxtpx:TrackPointExtension></extensions></trkpt><trkpt lat="58.05274" lon="38.844565"><ele>118.0</ele><time>2025-03-26T16:34:21Z</time><extensions><gpxtpx:TrackPointExtension><gpxtpx:hr>174</gpxtpx:hr></gpxtpx:TrackPointExtension></extensions></trkpt><trkpt lat="58.052727" lon="38.84461"><ele>118.0</ele><time>2025-03-26T16:34:22Z</time><extensions><gpxtpx:TrackPointExtension><gpxtpx:hr>174</gpxtpx:hr></gpxtpx:TrackPointExtension></extensions></trkpt><trkpt lat="58.052715" lon="38.844645"><ele>118.0</ele><time>2025-03-26T16:34:23Z</time><extensions><gpxtpx:TrackPointExtension><gpxtpx:hr>174</gpxtpx:hr></gpxtpx:TrackPointExtension></extensions></trkpt><trkpt lat="58.052703" lon="38.844685"><ele>118.0</ele><time>2025-03-26T16:34:24Z</time><extensions><gpxtpx:TrackPointExtension><gpxtpx:hr>174</gpxtpx:hr></gpxtpx:TrackPointExtension></extensions></trkpt><trkpt lat="58.052692" lon="38.844722"><ele>118.0</ele><time>2025-03-26T16:34:25Z</time><extensions><gpxtpx:TrackPointExtension><gpxtpx:hr>174</gpxtpx:hr></gpxtpx:TrackPointExtension></extensions></trkpt><trkpt lat="58.052677" lon="38.844757"><ele>118.0</ele><time>2025-03-26T16:34:26Z</time><extensions><gpxtpx:TrackPointExtension><gpxtpx:hr>173</gpxtpx:hr></gpxtpx:TrackPointExtension></extensions></trkpt><trkpt lat="58.052665" lon="38.844793"><ele>118.0</ele><time>2025-03-26T16:34:27Z</time><extensions><gpxtpx:TrackPointExtension><gpxtpx:hr>173</gpxtpx:hr></gpxtpx:TrackPointExtension></extensions></trkpt><trkpt lat="58.05265" lon="38.844832"><ele>118.0</ele><time>2025-03-26T16:34:28Z</time><extensions><gpxtpx:TrackPointExtension><gpxtpx:hr>173</gpxtpx:hr></gpxtpx:TrackPointExtension></extensions></trkpt><trkpt lat="58.052638" lon="38.844867"><ele>118.0</ele><time>2025-03-26T16:34:29Z</time><extensions><gpxtpx:TrackPointExtension><gpxtpx:hr>173</gpxtpx:hr></gpxtpx:TrackPointExtension></extensions></trkpt><trkpt lat="58.052623" lon="38.844902"><ele>118.0</ele><time>2025-03-26T16:34:30Z</time><extensions><gpxtpx:TrackPointExtension><gpxtpx:hr>173</gpxtpx:hr></gpxtpx:TrackPointExtension></extensions></trkpt><trkpt lat="58.05261" lon="38.844935"><ele>118.0</ele><time>2025-03-26T16:34:31Z</time><extensions><gpxtpx:TrackPointExtension><gpxtpx:hr>173</gpxtpx:hr></gpxtpx:TrackPointExtension></extensions></trkpt><trkpt lat="58.05259" lon="38.84497"><ele>118.0</ele><time>2025-03-26T16:34:32Z</time><extensions><gpxtpx:TrackPointExtension><gpxtpx:hr>173</gpxtpx:hr></gpxtpx:TrackPointExtension></extensions></trkpt><trkpt lat="58.052573" lon="38.845005"><ele>118.0</ele><time>2025-03-26T16:34:33Z</time><extensions><gpxtpx:TrackPointExtension><gpxtpx:hr>173</gpxtpx:hr></gpxtpx:TrackPointExtension></extensions></trkpt><trkpt lat="58.05256" lon="38.845035"><ele>118.0</ele><time>2025-03-26T16:34:34Z</time><extensions><gpxtpx:TrackPointExtension><gpxtpx:hr>173</gpxtpx:hr></gpxtpx:TrackPointExtension></extensions></trkpt><trkpt lat="58.052543" lon="38.84507"><ele>118.0</ele><time>2025-03-26T16:34:35Z</time><extensions><gpxtpx:TrackPointExtension><gpxtpx:hr>173</gpxtpx:hr></gpxtpx:TrackPointExtension></extensions></trkpt><trkpt lat="58.05253" lon="38.8451"><ele>118.0</ele><time>2025-03-26T16:34:36Z</time><extensions><gpxtpx:TrackPointExtension><gpxtpx:hr>173</gpxtpx:hr></gpxtpx:TrackPointExtension></extensions></trkpt><trkpt lat="58.052517" lon="38.84514"><ele>118.0</ele><time>2025-03-26T16:34:37Z</time><extensions><gpxtpx:TrackPointExtension><gpxtpx:hr>173</gpxtpx:hr></gpxtpx:TrackPointExtension></extensions></trkpt><trkpt lat="58.05251" lon="38.845177"><ele>118.0</ele><time>2025-03-26T16:34:38Z</time><extensions><gpxtpx:TrackPointExtension><gpxtpx:hr>173</gpxtpx:hr></gpxtpx:TrackPointExtension></extensions></trkpt><trkpt lat="58.052497" lon="38.84522"><ele>118.0</ele><time>2025-03-26T16:34:39Z</time><extensions><gpxtpx:TrackPointExtension><gpxtpx:hr>174</gpxtpx:hr></gpxtpx:TrackPointExtension></extensions></trkpt><trkpt lat="58.05249" lon="38.845257"><ele>118.0</ele><time>2025-03-26T16:34:40Z</time><extensions><gpxtpx:TrackPointExtension><gpxtpx:hr>174</gpxtpx:hr></gpxtpx:TrackPointExtension></extensions></trkpt><trkpt lat="58.052482" lon="38.8453"><ele>118.0</ele><time>2025-03-26T16:34:41Z</time><extensions><gpxtpx:TrackPointExtension><gpxtpx:hr>174</gpxtpx:hr></gpxtpx:TrackPointExtension></extensions></trkpt><trkpt lat="58.052475" lon="38.84534"><ele>118.0</ele><time>2025-03-26T16:34:42Z</time><extensions><gpxtpx:TrackPointExtension><gpxtpx:hr>173</gpxtpx:hr></gpxtpx:TrackPointExtension></extensions></trkpt><trkpt lat="58.052467" lon="38.845382"><ele>118.0</ele><time>2025-03-26T16:34:43Z</time><extensions><gpxtpx:TrackPointExtension><gpxtpx:hr>173</gpxtpx:hr></gpxtpx:TrackPointExtension></extensions></trkpt><trkpt lat="58.05246" lon="38.84543"><ele>118.0</ele><time>2025-03-26T16:34:44Z</time><extensions><gpxtpx:TrackPointExtension><gpxtpx:hr>173</gpxtpx:hr></gpxtpx:TrackPointExtension></extensions></trkpt><trkpt lat="58.052452" lon="38.84547"><ele>118.0</ele><time>2025-03-26T16:34:45Z</time><extensions><gpxtpx:TrackPointExtension><gpxtpx:hr>173</gpxtpx:hr></gpxtpx:TrackPointExtension></extensions></trkpt><trkpt lat="58.052443" lon="38.845512"><ele>118.0</ele><time>2025-03-26T16:34:46Z</time><extensions><gpxtpx:TrackPointExtension><gpxtpx:hr>173</gpxtpx:hr></gpxtpx:TrackPointExtension></extensions></trkpt><trkpt lat="58.052437" lon="38.845553"><ele>118.0</ele><time>2025-03-26T16:34:47Z</time><extensions><gpxtpx:TrackPointExtension><gpxtpx:hr>173</gpxtpx:hr></gpxtpx:TrackPointExtension></extensions></trkpt><trkpt lat="58.05243" lon="38.845595"><ele>118.0</ele><time>2025-03-26T16:34:48Z</time><extensions><gpxtpx:TrackPointExtension><gpxtpx:hr>172</gpxtpx:hr></gpxtpx:TrackPointExtension></extensions></trkpt><trkpt lat="58.05242" lon="38.845642"><ele>118.0</ele><time>2025-03-26T16:34:48Z</time><extensions><gpxtpx:TrackPointExtension><gpxtpx:hr>172</gpxtpx:hr></gpxtpx:TrackPointExtension></extensions></trkpt><trkpt lat="58.052417" lon="38.845687"><ele>118.0</ele><time>2025-03-26T16:34:50Z</time><extensions><gpxtpx:TrackPointExtension><gpxtpx:hr>173</gpxtpx:hr></gpxtpx:TrackPointExtension></extensions></trkpt><trkpt lat="58.052413" lon="38.84573"><ele>118.0</ele><time>2025-03-26T16:34:51Z</time><extensions><gpxtpx:TrackPointExtension><gpxtpx:hr>173</gpxtpx:hr></gpxtpx:TrackPointExtension></extensions></trkpt><trkpt lat="58.052405" lon="38.845775"><ele>118.0</ele><time>2025-03-26T16:34:52Z</time><extensions><gpxtpx:TrackPointExtension><gpxtpx:hr>173</gpxtpx:hr></gpxtpx:TrackPointExtension></extensions></trkpt><trkpt lat="58.0524" lon="38.84582"><ele>118.0</ele><time>2025-03-26T16:34:53Z</time><extensions><gpxtpx:TrackPointExtension><gpxtpx:hr>173</gpxtpx:hr></gpxtpx:TrackPointExtension></extensions></trkpt><trkpt lat="58.05239" lon="38.845867"><ele>118.0</ele><time>2025-03-26T16:34:54Z</time><extensions><gpxtpx:TrackPointExtension><gpxtpx:hr>173</gpxtpx:hr></gpxtpx:TrackPointExtension></extensions></trkpt><trkpt lat="58.052382" lon="38.84591"><ele>118.0</ele><time>2025-03-26T16:34:55Z</time><extensions><gpxtpx:TrackPointExtension><gpxtpx:hr>173</gpxtpx:hr></gpxtpx:TrackPointExtension></extensions></trkpt><trkpt lat="58.052372" lon="38.84595"><ele>118.0</ele><time>2025-03-26T16:34:56Z</time><extensions><gpxtpx:TrackPointExtension><gpxtpx:hr>173</gpxtpx:hr></gpxtpx:TrackPointExtension></extensions></trkpt><trkpt lat="58.05236" lon="38.845997"><ele>118.0</ele><time>2025-03-26T16:34:57Z</time><extensions><gpxtpx:TrackPointExtension><gpxtpx:hr>173</gpxtpx:hr></gpxtpx:TrackPointExtension></extensions></trkpt><trkpt lat="58.05235" lon="38.84604"><ele>118.0</ele><time>2025-03-26T16:34:58Z</time><extensions><gpxtpx:TrackPointExtension><gpxtpx:hr>173</gpxtpx:hr></gpxtpx:TrackPointExtension></extensions></trkpt><trkpt lat="58.052337" lon="38.846085"><ele>118.0</ele><time>2025-03-26T16:34:59Z</time><extensions><gpxtpx:TrackPointExtension><gpxtpx:hr>173</gpxtpx:hr></gpxtpx:TrackPointExtension></extensions></trkpt><trkpt lat="58.052328" lon="38.846127"><ele>118.0</ele><time>2025-03-26T16:35:00Z</time><extensions><gpxtpx:TrackPointExtension><gpxtpx:hr>173</gpxtpx:hr></gpxtpx:TrackPointExtension></extensions></trkpt><trkpt lat="58.05232" lon="38.846172"><ele>118.0</ele><time>2025-03-26T16:35:01Z</time><extensions><gpxtpx:TrackPointExtension><gpxtpx:hr>173</gpxtpx:hr></gpxtpx:TrackPointExtension></extensions></trkpt><trkpt lat="58.052307" lon="38.846213"><ele>118.0</ele><time>2025-03-26T16:35:02Z</time><extensions><gpxtpx:TrackPointExtension><gpxtpx:hr>173</gpxtpx:hr></gpxtpx:TrackPointExtension></extensions></trkpt><trkpt lat="58.052295" lon="38.84626"><ele>118.0</ele><time>2025-03-26T16:35:03Z</time><extensions><gpxtpx:TrackPointExtension><gpxtpx:hr>173</gpxtpx:hr></gpxtpx:TrackPointExtension></extensions></trkpt><trkpt lat="58.052287" lon="38.846305"><ele>118.0</ele><time>2025-03-26T16:35:04Z</time><extensions><gpxtpx:TrackPointExtension><gpxtpx:hr>173</gpxtpx:hr></gpxtpx:TrackPointExtension></extensions></trkpt><trkpt lat="58.052277" lon="38.846347"><ele>118.0</ele><time>2025-03-26T16:35:05Z</time><extensions><gpxtpx:TrackPointExtension><gpxtpx:hr>173</gpxtpx:hr></gpxtpx:TrackPointExtension></extensions></trkpt><trkpt lat="58.052265" lon="38.84639"><ele>118.0</ele><time>2025-03-26T16:35:06Z</time><extensions><gpxtpx:TrackPointExtension><gpxtpx:hr>173</gpxtpx:hr></gpxtpx:TrackPointExtension></extensions></trkpt><trkpt lat="58.052253" lon="38.846427"><ele>118.0</ele><time>2025-03-26T16:35:07Z</time><extensions><gpxtpx:TrackPointExtension><gpxtpx:hr>173</gpxtpx:hr></gpxtpx:TrackPointExtension></extensions></trkpt><trkpt lat="58.052242" lon="38.846465"><ele>118.0</ele><time>2025-03-26T16:35:08Z</time><extensions><gpxtpx:TrackPointExtension><gpxtpx:hr>173</gpxtpx:hr></gpxtpx:TrackPointExtension></extensions></trkpt><trkpt lat="58.052227" lon="38.846507"><ele>118.0</ele><time>2025-03-26T16:35:09Z</time><extensions><gpxtpx:TrackPointExtension><gpxtpx:hr>173</gpxtpx:hr></gpxtpx:TrackPointExtension></extensions></trkpt><trkpt lat="58.052215" lon="38.846545"><ele>118.0</ele><time>2025-03-26T16:35:10Z</time><extensions><gpxtpx:TrackPointExtension><gpxtpx:hr>172</gpxtpx:hr></gpxtpx:TrackPointExtension></extensions></trkpt><trkpt lat="58.052203" lon="38.846583"><ele>118.0</ele><time>2025-03-26T16:35:11Z</time><extensions><gpxtpx:TrackPointExtension><gpxtpx:hr>172</gpxtpx:hr></gpxtpx:TrackPointExtension></extensions></trkpt><trkpt lat="58.052192" lon="38.846625"><ele>118.0</ele><time>2025-03-26T16:35:12Z</time><extensions><gpxtpx:TrackPointExtension><gpxtpx:hr>172</gpxtpx:hr></gpxtpx:TrackPointExtension></extensions></trkpt><trkpt lat="58.052177" lon="38.846663"><ele>118.0</ele><time>2025-03-26T16:35:13Z</time><extensions><gpxtpx:TrackPointExtension><gpxtpx:hr>172</gpxtpx:hr></gpxtpx:TrackPointExtension></extensions></trkpt><trkpt lat="58.052165" lon="38.846702"><ele>118.0</ele><time>2025-03-26T16:35:14Z</time><extensions><gpxtpx:TrackPointExtension><gpxtpx:hr>172</gpxtpx:hr></gpxtpx:TrackPointExtension></extensions></trkpt><trkpt lat="58.05215" lon="38.846745"><ele>118.0</ele><time>2025-03-26T16:35:15Z</time><extensions><gpxtpx:TrackPointExtension><gpxtpx:hr>172</gpxtpx:hr></gpxtpx:TrackPointExtension></extensions></trkpt><trkpt lat="58.052142" lon="38.846785"><ele>118.0</ele><time>2025-03-26T16:35:16Z</time><extensions><gpxtpx:TrackPointExtension><gpxtpx:hr>172</gpxtpx:hr></gpxtpx:TrackPointExtension></extensions></trkpt><trkpt lat="58.05213" lon="38.84683"><ele>118.0</ele><time>2025-03-26T16:35:17Z</time><extensions><gpxtpx:TrackPointExtension><gpxtpx:hr>172</gpxtpx:hr></gpxtpx:TrackPointExtension></extensions></trkpt><trkpt lat="58.05212" lon="38.84687"><ele>118.0</ele><time>2025-03-26T16:35:18Z</time><extensions><gpxtpx:TrackPointExtension><gpxtpx:hr>172</gpxtpx:hr></gpxtpx:TrackPointExtension></extensions></trkpt><trkpt lat="58.052112" lon="38.846912"><ele>118.0</ele><time>2025-03-26T16:35:19Z</time><extensions><gpxtpx:TrackPointExtension><gpxtpx:hr>172</gpxtpx:hr></gpxtpx:TrackPointExtension></extensions></trkpt><trkpt lat="58.0521" lon="38.846953"><ele>118.0</ele><time>2025-03-26T16:35:20Z</time><extensions><gpxtpx:TrackPointExtension><gpxtpx:hr>172</gpxtpx:hr></gpxtpx:TrackPointExtension></extensions></trkpt><trkpt lat="58.05209" lon="38.846995"><ele>118.0</ele><time>2025-03-26T16:35:21Z</time><extensions><gpxtpx:TrackPointExtension><gpxtpx:hr>172</gpxtpx:hr></gpxtpx:TrackPointExtension></extensions></trkpt><trkpt lat="58.05208" lon="38.847042"><ele>118.0</ele><time>2025-03-26T16:35:22Z</time><extensions><gpxtpx:TrackPointExtension><gpxtpx:hr>172</gpxtpx:hr></gpxtpx:TrackPointExtension></extensions></trkpt><trkpt lat="58.05207" lon="38.847083"><ele>118.0</ele><time>2025-03-26T16:35:23Z</time><extensions><gpxtpx:TrackPointExtension><gpxtpx:hr>172</gpxtpx:hr></gpxtpx:TrackPointExtension></extensions></trkpt><trkpt lat="58.05206" lon="38.84713"><ele>118.0</ele><time>2025-03-26T16:35:24Z</time><extensions><gpxtpx:TrackPointExtension><gpxtpx:hr>172</gpxtpx:hr></gpxtpx:TrackPointExtension></extensions></trkpt><trkpt lat="58.05205" lon="38.847175"><ele>118.0</ele><time>2025-03-26T16:35:25Z</time><extensions><gpxtpx:TrackPointExtension><gpxtpx:hr>172</gpxtpx:hr></gpxtpx:TrackPointExtension></extensions></trkpt><trkpt lat="58.052043" lon="38.847217"><ele>118.0</ele><time>2025-03-26T16:35:26Z</time><extensions><gpxtpx:TrackPointExtension><gpxtpx:hr>172</gpxtpx:hr></gpxtpx:TrackPointExtension></extensions></trkpt><trkpt lat="58.052035" lon="38.847262"><ele>118.0</ele><time>2025-03-26T16:35:27Z</time><extensions><gpxtpx:TrackPointExtension><gpxtpx:hr>172</gpxtpx:hr></gpxtpx:TrackPointExtension></extensions></trkpt><trkpt lat="58.052025" lon="38.847305"><ele>118.0</ele><time>2025-03-26T16:35:28Z</time><extensions><gpxtpx:TrackPointExtension><gpxtpx:hr>173</gpxtpx:hr></gpxtpx:TrackPointExtension></extensions></trkpt><trkpt lat="58.052017" lon="38.84735"><ele>118.0</ele><time>2025-03-26T16:35:29Z</time><extensions><gpxtpx:TrackPointExtension><gpxtpx:hr>173</gpxtpx:hr></gpxtpx:TrackPointExtension></extensions></trkpt><trkpt lat="58.05201" lon="38.847392"><ele>118.0</ele><time>2025-03-26T16:35:30Z</time><extensions><gpxtpx:TrackPointExtension><gpxtpx:hr>173</gpxtpx:hr></gpxtpx:TrackPointExtension></extensions></trkpt><trkpt lat="58.052" lon="38.84744"><ele>118.0</ele><time>2025-03-26T16:35:31Z</time><extensions><gpxtpx:TrackPointExtension><gpxtpx:hr>173</gpxtpx:hr></gpxtpx:TrackPointExtension></extensions></trkpt><trkpt lat="58.05199" lon="38.847485"><ele>118.0</ele><time>2025-03-26T16:35:32Z</time><extensions><gpxtpx:TrackPointExtension><gpxtpx:hr>172</gpxtpx:hr></gpxtpx:TrackPointExtension></extensions></trkpt><trkpt lat="58.051982" lon="38.84753"><ele>118.0</ele><time>2025-03-26T16:35:33Z</time><extensions><gpxtpx:TrackPointExtension><gpxtpx:hr>172</gpxtpx:hr></gpxtpx:TrackPointExtension></extensions></trkpt><trkpt lat="58.051975" lon="38.847572"><ele>118.0</ele><time>2025-03-26T16:35:34Z</time><extensions><gpxtpx:TrackPointExtension><gpxtpx:hr>172</gpxtpx:hr></gpxtpx:TrackPointExtension></extensions></trkpt><trkpt lat="58.051967" lon="38.84762"><ele>118.0</ele><time>2025-03-26T16:35:35Z</time><extensions><gpxtpx:TrackPointExtension><gpxtpx:hr>172</gpxtpx:hr></gpxtpx:TrackPointExtension></extensions></trkpt><trkpt lat="58.05196" lon="38.847663"><ele>118.0</ele><time>2025-03-26T16:35:36Z</time><extensions><gpxtpx:TrackPointExtension><gpxtpx:hr>172</gpxtpx:hr></gpxtpx:TrackPointExtension></extensions></trkpt><trkpt lat="58.051955" lon="38.84771"><ele>118.0</ele><time>2025-03-26T16:35:37Z</time><extensions><gpxtpx:TrackPointExtension><gpxtpx:hr>172</gpxtpx:hr></gpxtpx:TrackPointExtension></extensions></trkpt><trkpt lat="58.051948" lon="38.847748"><ele>118.0</ele><time>2025-03-26T16:35:38Z</time><extensions><gpxtpx:TrackPointExtension><gpxtpx:hr>172</gpxtpx:hr></gpxtpx:TrackPointExtension></extensions></trkpt><trkpt lat="58.05194" lon="38.847797"><ele>118.0</ele><time>2025-03-26T16:35:39Z</time><extensions><gpxtpx:TrackPointExtension><gpxtpx:hr>172</gpxtpx:hr></gpxtpx:TrackPointExtension></extensions></trkpt><trkpt lat="58.05193" lon="38.847842"><ele>118.0</ele><time>2025-03-26T16:35:40Z</time><extensions><gpxtpx:TrackPointExtension><gpxtpx:hr>172</gpxtpx:hr></gpxtpx:TrackPointExtension></extensions></trkpt><trkpt lat="58.05192" lon="38.847885"><ele>118.0</ele><time>2025-03-26T16:35:41Z</time><extensions><gpxtpx:TrackPointExtension><gpxtpx:hr>172</gpxtpx:hr></gpxtpx:TrackPointExtension></extensions></trkpt><trkpt lat="58.05191" lon="38.84793"><ele>118.0</ele><time>2025-03-26T16:35:42Z</time><extensions><gpxtpx:TrackPointExtension><gpxtpx:hr>172</gpxtpx:hr></gpxtpx:TrackPointExtension></extensions></trkpt><trkpt lat="58.051902" lon="38.847972"><ele>118.0</ele><time>2025-03-26T16:35:43Z</time><extensions><gpxtpx:TrackPointExtension><gpxtpx:hr>172</gpxtpx:hr></gpxtpx:TrackPointExtension></extensions></trkpt><trkpt lat="58.05189" lon="38.84802"><ele>118.0</ele><time>2025-03-26T16:35:44Z</time><extensions><gpxtpx:TrackPointExtension><gpxtpx:hr>172</gpxtpx:hr></gpxtpx:TrackPointExtension></extensions></trkpt><trkpt lat="58.051883" lon="38.848063"><ele>118.0</ele><time>2025-03-26T16:35:45Z</time><extensions><gpxtpx:TrackPointExtension><gpxtpx:hr>172</gpxtpx:hr></gpxtpx:TrackPointExtension></extensions></trkpt><trkpt lat="58.051875" lon="38.84811"><ele>118.0</ele><time>2025-03-26T16:35:46Z</time><extensions><gpxtpx:TrackPointExtension><gpxtpx:hr>171</gpxtpx:hr></gpxtpx:TrackPointExtension></extensions></trkpt><trkpt lat="58.05187" lon="38.848152"><ele>118.0</ele><time>2025-03-26T16:35:47Z</time><extensions><gpxtpx:TrackPointExtension><gpxtpx:hr>171</gpxtpx:hr></gpxtpx:TrackPointExtension></extensions></trkpt><trkpt lat="58.05186" lon="38.848197"><ele>118.0</ele><time>2025-03-26T16:35:48Z</time><extensions><gpxtpx:TrackPointExtension><gpxtpx:hr>171</gpxtpx:hr></gpxtpx:TrackPointExtension></extensions></trkpt><trkpt lat="58.051852" lon="38.84824"><ele>118.0</ele><time>2025-03-26T16:35:49Z</time><extensions><gpxtpx:TrackPointExtension><gpxtpx:hr>171</gpxtpx:hr></gpxtpx:TrackPointExtension></extensions></trkpt><trkpt lat="58.05184" lon="38.84828"><ele>118.0</ele><time>2025-03-26T16:35:50Z</time><extensions><gpxtpx:TrackPointExtension><gpxtpx:hr>171</gpxtpx:hr></gpxtpx:TrackPointExtension></extensions></trkpt><trkpt lat="58.051833" lon="38.848327"><ele>118.0</ele><time>2025-03-26T16:35:51Z</time><extensions><gpxtpx:TrackPointExtension><gpxtpx:hr>172</gpxtpx:hr></gpxtpx:TrackPointExtension></extensions></trkpt><trkpt lat="58.051825" lon="38.84837"><ele>118.0</ele><time>2025-03-26T16:35:52Z</time><extensions><gpxtpx:TrackPointExtension><gpxtpx:hr>172</gpxtpx:hr></gpxtpx:TrackPointExtension></extensions></trkpt><trkpt lat="58.05182" lon="38.84841"><ele>118.0</ele><time>2025-03-26T16:35:53Z</time><extensions><gpxtpx:TrackPointExtension><gpxtpx:hr>172</gpxtpx:hr></gpxtpx:TrackPointExtension></extensions></trkpt><trkpt lat="58.05181" lon="38.848457"><ele>118.0</ele><time>2025-03-26T16:35:54Z</time><extensions><gpxtpx:TrackPointExtension><gpxtpx:hr>172</gpxtpx:hr></gpxtpx:TrackPointExtension></extensions></trkpt><trkpt lat="58.051803" lon="38.8485"><ele>118.0</ele><time>2025-03-26T16:35:55Z</time><extensions><gpxtpx:TrackPointExtension><gpxtpx:hr>172</gpxtpx:hr></gpxtpx:TrackPointExtension></extensions></trkpt><trkpt lat="58.051795" lon="38.84854"><ele>118.0</ele><time>2025-03-26T16:35:56Z</time><extensions><gpxtpx:TrackPointExtension><gpxtpx:hr>172</gpxtpx:hr></gpxtpx:TrackPointExtension></extensions></trkpt><trkpt lat="58.05179" lon="38.848582"><ele>118.0</ele><time>2025-03-26T16:35:57Z</time><extensions><gpxtpx:TrackPointExtension><gpxtpx:hr>172</gpxtpx:hr></gpxtpx:TrackPointExtension></extensions></trkpt><trkpt lat="58.05178" lon="38.848625"><ele>118.0</ele><time>2025-03-26T16:35:58Z</time><extensions><gpxtpx:TrackPointExtension><gpxtpx:hr>172</gpxtpx:hr></gpxtpx:TrackPointExtension></extensions></trkpt><trkpt lat="58.051772" lon="38.848667"><ele>118.0</ele><time>2025-03-26T16:35:59Z</time><extensions><gpxtpx:TrackPointExtension><gpxtpx:hr>172</gpxtpx:hr></gpxtpx:TrackPointExtension></extensions></trkpt><trkpt lat="58.05176" lon="38.84871"><ele>118.0</ele><time>2025-03-26T16:36:00Z</time><extensions><gpxtpx:TrackPointExtension><gpxtpx:hr>173</gpxtpx:hr></gpxtpx:TrackPointExtension></extensions></trkpt><trkpt lat="58.051753" lon="38.84875"><ele>118.0</ele><time>2025-03-26T16:36:01Z</time><extensions><gpxtpx:TrackPointExtension><gpxtpx:hr>173</gpxtpx:hr></gpxtpx:TrackPointExtension></extensions></trkpt><trkpt lat="58.051742" lon="38.84879"><ele>118.0</ele><time>2025-03-26T16:36:02Z</time><extensions><gpxtpx:TrackPointExtension><gpxtpx:hr>173</gpxtpx:hr></gpxtpx:TrackPointExtension></extensions></trkpt><trkpt lat="58.05173" lon="38.848827"><ele>118.0</ele><time>2025-03-26T16:36:03Z</time><extensions><gpxtpx:TrackPointExtension><gpxtpx:hr>173</gpxtpx:hr></gpxtpx:TrackPointExtension></extensions></trkpt><trkpt lat="58.05172" lon="38.848865"><ele>118.0</ele><time>2025-03-26T16:36:04Z</time><extensions><gpxtpx:TrackPointExtension><gpxtpx:hr>173</gpxtpx:hr></gpxtpx:TrackPointExtension></extensions></trkpt><trkpt lat="58.05171" lon="38.848903"><ele>118.0</ele><time>2025-03-26T16:36:05Z</time><extensions><gpxtpx:TrackPointExtension><gpxtpx:hr>173</gpxtpx:hr></gpxtpx:TrackPointExtension></extensions></trkpt><trkpt lat="58.051692" lon="38.84894"><ele>118.0</ele><time>2025-03-26T16:36:06Z</time><extensions><gpxtpx:TrackPointExtension><gpxtpx:hr>174</gpxtpx:hr></gpxtpx:TrackPointExtension></extensions></trkpt><trkpt lat="58.051677" lon="38.84898"><ele>118.0</ele><time>2025-03-26T16:36:07Z</time><extensions><gpxtpx:TrackPointExtension><gpxtpx:hr>174</gpxtpx:hr></gpxtpx:TrackPointExtension></extensions></trkpt><trkpt lat="58.051665" lon="38.84902"><ele>118.0</ele><time>2025-03-26T16:36:08Z</time><extensions><gpxtpx:TrackPointExtension><gpxtpx:hr>173</gpxtpx:hr></gpxtpx:TrackPointExtension></extensions></trkpt><trkpt lat="58.051653" lon="38.84906"><ele>118.0</ele><time>2025-03-26T16:36:09Z</time><extensions><gpxtpx:TrackPointExtension><gpxtpx:hr>173</gpxtpx:hr></gpxtpx:TrackPointExtension></extensions></trkpt><trkpt lat="58.051642" lon="38.8491"><ele>118.0</ele><time>2025-03-26T16:36:10Z</time><extensions><gpxtpx:TrackPointExtension><gpxtpx:hr>173</gpxtpx:hr></gpxtpx:TrackPointExtension></extensions></trkpt><trkpt lat="58.051632" lon="38.84914"><ele>118.0</ele><time>2025-03-26T16:36:11Z</time><extensions><gpxtpx:TrackPointExtension><gpxtpx:hr>173</gpxtpx:hr></gpxtpx:TrackPointExtension></extensions></trkpt><trkpt lat="58.05162" lon="38.84918"><ele>118.0</ele><time>2025-03-26T16:36:12Z</time><extensions><gpxtpx:TrackPointExtension><gpxtpx:hr>173</gpxtpx:hr></gpxtpx:TrackPointExtension></extensions></trkpt><trkpt lat="58.051605" lon="38.849215"><ele>118.0</ele><time>2025-03-26T16:36:13Z</time><extensions><gpxtpx:TrackPointExtension><gpxtpx:hr>173</gpxtpx:hr></gpxtpx:TrackPointExtension></extensions></trkpt><trkpt lat="58.05159" lon="38.84926"><ele>118.0</ele><time>2025-03-26T16:36:14Z</time><extensions><gpxtpx:TrackPointExtension><gpxtpx:hr>173</gpxtpx:hr></gpxtpx:TrackPointExtension></extensions></trkpt><trkpt lat="58.05158" lon="38.849297"><ele>118.0</ele><time>2025-03-26T16:36:15Z</time><extensions><gpxtpx:TrackPointExtension><gpxtpx:hr>173</gpxtpx:hr></gpxtpx:TrackPointExtension></extensions></trkpt><trkpt lat="58.051562" lon="38.849335"><ele>118.0</ele><time>2025-03-26T16:36:16Z</time><extensions><gpxtpx:TrackPointExtension><gpxtpx:hr>173</gpxtpx:hr></gpxtpx:TrackPointExtension></extensions></trkpt><trkpt lat="58.05155" lon="38.849372"><ele>118.0</ele><time>2025-03-26T16:36:17Z</time><extensions><gpxtpx:TrackPointExtension><gpxtpx:hr>173</gpxtpx:hr></gpxtpx:TrackPointExtension></extensions></trkpt><trkpt lat="58.05154" lon="38.84941"><ele>118.0</ele><time>2025-03-26T16:36:17Z</time><extensions><gpxtpx:TrackPointExtension><gpxtpx:hr>173</gpxtpx:hr></gpxtpx:TrackPointExtension></extensions></trkpt><trkpt lat="58.051525" lon="38.84945"><ele>118.0</ele><time>2025-03-26T16:36:18Z</time><extensions><gpxtpx:TrackPointExtension><gpxtpx:hr>173</gpxtpx:hr></gpxtpx:TrackPointExtension></extensions></trkpt><trkpt lat="58.051513" lon="38.849487"><ele>118.0</ele><time>2025-03-26T16:36:19Z</time><extensions><gpxtpx:TrackPointExtension><gpxtpx:hr>174</gpxtpx:hr></gpxtpx:TrackPointExtension></extensions></trkpt><trkpt lat="58.051502" lon="38.849525"><ele>118.0</ele><time>2025-03-26T16:36:20Z</time><extensions><gpxtpx:TrackPointExtension><gpxtpx:hr>175</gpxtpx:hr></gpxtpx:TrackPointExtension></extensions></trkpt><trkpt lat="58.05149" lon="38.849563"><ele>118.0</ele><time>2025-03-26T16:36:21Z</time><extensions><gpxtpx:TrackPointExtension><gpxtpx:hr>175</gpxtpx:hr></gpxtpx:TrackPointExtension></extensions></trkpt><trkpt lat="58.05148" lon="38.8496"><ele>118.0</ele><time>2025-03-26T16:36:22Z</time><extensions><gpxtpx:TrackPointExtension><gpxtpx:hr>175</gpxtpx:hr></gpxtpx:TrackPointExtension></extensions></trkpt><trkpt lat="58.051467" lon="38.84964"><ele>118.0</ele><time>2025-03-26T16:36:23Z</time><extensions><gpxtpx:TrackPointExtension><gpxtpx:hr>175</gpxtpx:hr></gpxtpx:TrackPointExtension></extensions></trkpt><trkpt lat="58.051452" lon="38.849677"><ele>118.0</ele><time>2025-03-26T16:36:24Z</time><extensions><gpxtpx:TrackPointExtension><gpxtpx:hr>175</gpxtpx:hr></gpxtpx:TrackPointExtension></extensions></trkpt><trkpt lat="58.05144" lon="38.849715"><ele>118.0</ele><time>2025-03-26T16:36:25Z</time><extensions><gpxtpx:TrackPointExtension><gpxtpx:hr>175</gpxtpx:hr></gpxtpx:TrackPointExtension></extensions></trkpt><trkpt lat="58.05143" lon="38.849753"><ele>118.0</ele><time>2025-03-26T16:36:26Z</time><extensions><gpxtpx:TrackPointExtension><gpxtpx:hr>175</gpxtpx:hr></gpxtpx:TrackPointExtension></extensions></trkpt><trkpt lat="58.05142" lon="38.849795"><ele>118.0</ele><time>2025-03-26T16:36:27Z</time><extensions><gpxtpx:TrackPointExtension><gpxtpx:hr>174</gpxtpx:hr></gpxtpx:TrackPointExtension></extensions></trkpt><trkpt lat="58.051407" lon="38.849833"><ele>118.0</ele><time>2025-03-26T16:36:28Z</time><extensions><gpxtpx:TrackPointExtension><gpxtpx:hr>174</gpxtpx:hr></gpxtpx:TrackPointExtension></extensions></trkpt><trkpt lat="58.051395" lon="38.849872"><ele>118.0</ele><time>2025-03-26T16:36:29Z</time><extensions><gpxtpx:TrackPointExtension><gpxtpx:hr>174</gpxtpx:hr></gpxtpx:TrackPointExtension></extensions></trkpt><trkpt lat="58.051383" lon="38.84991"><ele>118.0</ele><time>2025-03-26T16:36:30Z</time><extensions><gpxtpx:TrackPointExtension><gpxtpx:hr>174</gpxtpx:hr></gpxtpx:TrackPointExtension></extensions></trkpt><trkpt lat="58.051372" lon="38.849952"><ele>118.0</ele><time>2025-03-26T16:36:31Z</time><extensions><gpxtpx:TrackPointExtension><gpxtpx:hr>174</gpxtpx:hr></gpxtpx:TrackPointExtension></extensions></trkpt><trkpt lat="58.05136" lon="38.84999"><ele>118.0</ele><time>2025-03-26T16:36:32Z</time><extensions><gpxtpx:TrackPointExtension><gpxtpx:hr>174</gpxtpx:hr></gpxtpx:TrackPointExtension></extensions></trkpt><trkpt lat="58.05135" lon="38.850028"><ele>118.0</ele><time>2025-03-26T16:36:33Z</time><extensions><gpxtpx:TrackPointExtension><gpxtpx:hr>174</gpxtpx:hr></gpxtpx:TrackPointExtension></extensions></trkpt><trkpt lat="58.05134" lon="38.85007"><ele>118.0</ele><time>2025-03-26T16:36:34Z</time><extensions><gpxtpx:TrackPointExtension><gpxtpx:hr>174</gpxtpx:hr></gpxtpx:TrackPointExtension></extensions></trkpt><trkpt lat="58.051327" lon="38.85011"><ele>118.0</ele><time>2025-03-26T16:36:35Z</time><extensions><gpxtpx:TrackPointExtension><gpxtpx:hr>174</gpxtpx:hr></gpxtpx:TrackPointExtension></extensions></trkpt><trkpt lat="58.051315" lon="38.85015"><ele>118.0</ele><time>2025-03-26T16:36:36Z</time><extensions><gpxtpx:TrackPointExtension><gpxtpx:hr>174</gpxtpx:hr></gpxtpx:TrackPointExtension></extensions></trkpt><trkpt lat="58.0513" lon="38.85019"><ele>118.0</ele><time>2025-03-26T16:36:37Z</time><extensions><gpxtpx:TrackPointExtension><gpxtpx:hr>174</gpxtpx:hr></gpxtpx:TrackPointExtension></extensions></trkpt><trkpt lat="58.05129" lon="38.85023"><ele>118.0</ele><time>2025-03-26T16:36:38Z</time><extensions><gpxtpx:TrackPointExtension><gpxtpx:hr>174</gpxtpx:hr></gpxtpx:TrackPointExtension></extensions></trkpt><trkpt lat="58.051277" lon="38.85027"><ele>118.0</ele><time>2025-03-26T16:36:39Z</time><extensions><gpxtpx:TrackPointExtension><gpxtpx:hr>174</gpxtpx:hr></gpxtpx:TrackPointExtension></extensions></trkpt><trkpt lat="58.05126" lon="38.85031"><ele>118.0</ele><time>2025-03-26T16:36:40Z</time><extensions><gpxtpx:TrackPointExtension><gpxtpx:hr>173</gpxtpx:hr></gpxtpx:TrackPointExtension></extensions></trkpt><trkpt lat="58.05125" lon="38.85035"><ele>118.0</ele><time>2025-03-26T16:36:41Z</time><extensions><gpxtpx:TrackPointExtension><gpxtpx:hr>173</gpxtpx:hr></gpxtpx:TrackPointExtension></extensions></trkpt><trkpt lat="58.051235" lon="38.850387"><ele>118.0</ele><time>2025-03-26T16:36:42Z</time><extensions><gpxtpx:TrackPointExtension><gpxtpx:hr>174</gpxtpx:hr></gpxtpx:TrackPointExtension></extensions></trkpt><trkpt lat="58.051223" lon="38.850425"><ele>118.0</ele><time>2025-03-26T16:36:43Z</time><extensions><gpxtpx:TrackPointExtension><gpxtpx:hr>173</gpxtpx:hr></gpxtpx:TrackPointExtension></extensions></trkpt><trkpt lat="58.05121" lon="38.850463"><ele>118.0</ele><time>2025-03-26T16:36:44Z</time><extensions><gpxtpx:TrackPointExtension><gpxtpx:hr>173</gpxtpx:hr></gpxtpx:TrackPointExtension></extensions></trkpt><trkpt lat="58.051197" lon="38.850505"><ele>118.0</ele><time>2025-03-26T16:36:45Z</time><extensions><gpxtpx:TrackPointExtension><gpxtpx:hr>173</gpxtpx:hr></gpxtpx:TrackPointExtension></extensions></trkpt><trkpt lat="58.05118" lon="38.850547"><ele>118.0</ele><time>2025-03-26T16:36:46Z</time><extensions><gpxtpx:TrackPointExtension><gpxtpx:hr>173</gpxtpx:hr></gpxtpx:TrackPointExtension></extensions></trkpt><trkpt lat="58.051167" lon="38.850585"><ele>118.0</ele><time>2025-03-26T16:36:47Z</time><extensions><gpxtpx:TrackPointExtension><gpxtpx:hr>173</gpxtpx:hr></gpxtpx:TrackPointExtension></extensions></trkpt><trkpt lat="58.05115" lon="38.850627"><ele>118.0</ele><time>2025-03-26T16:36:48Z</time><extensions><gpxtpx:TrackPointExtension><gpxtpx:hr>173</gpxtpx:hr></gpxtpx:TrackPointExtension></extensions></trkpt><trkpt lat="58.05114" lon="38.850665"><ele>118.0</ele><time>2025-03-26T16:36:49Z</time><extensions><gpxtpx:TrackPointExtension><gpxtpx:hr>173</gpxtpx:hr></gpxtpx:TrackPointExtension></extensions></trkpt><trkpt lat="58.051125" lon="38.850707"><ele>118.0</ele><time>2025-03-26T16:36:50Z</time><extensions><gpxtpx:TrackPointExtension><gpxtpx:hr>171</gpxtpx:hr></gpxtpx:TrackPointExtension></extensions></trkpt><trkpt lat="58.05111" lon="38.850745"><ele>118.0</ele><time>2025-03-26T16:36:51Z</time><extensions><gpxtpx:TrackPointExtension><gpxtpx:hr>171</gpxtpx:hr></gpxtpx:TrackPointExtension></extensions></trkpt><trkpt lat="58.051097" lon="38.85079"><ele>118.0</ele><time>2025-03-26T16:36:52Z</time><extensions><gpxtpx:TrackPointExtension><gpxtpx:hr>171</gpxtpx:hr></gpxtpx:TrackPointExtension></extensions></trkpt><trkpt lat="58.051082" lon="38.850825"><ele>118.0</ele><time>2025-03-26T16:36:53Z</time><extensions><gpxtpx:TrackPointExtension><gpxtpx:hr>171</gpxtpx:hr></gpxtpx:TrackPointExtension></extensions></trkpt><trkpt lat="58.05107" lon="38.850863"><ele>118.0</ele><time>2025-03-26T16:36:54Z</time><extensions><gpxtpx:TrackPointExtension><gpxtpx:hr>170</gpxtpx:hr></gpxtpx:TrackPointExtension></extensions></trkpt><trkpt lat="58.05106" lon="38.850905"><ele>118.0</ele><time>2025-03-26T16:36:55Z</time><extensions><gpxtpx:TrackPointExtension><gpxtpx:hr>170</gpxtpx:hr></gpxtpx:TrackPointExtension></extensions></trkpt><trkpt lat="58.051043" lon="38.850945"><ele>118.0</ele><time>2025-03-26T16:36:56Z</time><extensions><gpxtpx:TrackPointExtension><gpxtpx:hr>170</gpxtpx:hr></gpxtpx:TrackPointExtension></extensions></trkpt><trkpt lat="58.05103" lon="38.850982"><ele>118.0</ele><time>2025-03-26T16:36:57Z</time><extensions><gpxtpx:TrackPointExtension><gpxtpx:hr>170</gpxtpx:hr></gpxtpx:TrackPointExtension></extensions></trkpt><trkpt lat="58.051013" lon="38.851025"><ele>118.0</ele><time>2025-03-26T16:36:58Z</time><extensions><gpxtpx:TrackPointExtension><gpxtpx:hr>170</gpxtpx:hr></gpxtpx:TrackPointExtension></extensions></trkpt><trkpt lat="58.051002" lon="38.851062"><ele>118.0</ele><time>2025-03-26T16:36:59Z</time><extensions><gpxtpx:TrackPointExtension><gpxtpx:hr>170</gpxtpx:hr></gpxtpx:TrackPointExtension></extensions></trkpt><trkpt lat="58.050987" lon="38.8511"><ele>118.0</ele><time>2025-03-26T16:37:00Z</time><extensions><gpxtpx:TrackPointExtension><gpxtpx:hr>170</gpxtpx:hr></gpxtpx:TrackPointExtension></extensions></trkpt><trkpt lat="58.050972" lon="38.851142"><ele>118.0</ele><time>2025-03-26T16:37:01Z</time><extensions><gpxtpx:TrackPointExtension><gpxtpx:hr>171</gpxtpx:hr></gpxtpx:TrackPointExtension></extensions></trkpt><trkpt lat="58.05096" lon="38.85118"><ele>118.0</ele><time>2025-03-26T16:37:02Z</time><extensions><gpxtpx:TrackPointExtension><gpxtpx:hr>171</gpxtpx:hr></gpxtpx:TrackPointExtension></extensions></trkpt><trkpt lat="58.05095" lon="38.85122"><ele>118.0</ele><time>2025-03-26T16:37:03Z</time><extensions><gpxtpx:TrackPointExtension><gpxtpx:hr>171</gpxtpx:hr></gpxtpx:TrackPointExtension></extensions></trkpt><trkpt lat="58.050933" lon="38.85126"><ele>118.0</ele><time>2025-03-26T16:37:04Z</time><extensions><gpxtpx:TrackPointExtension><gpxtpx:hr>171</gpxtpx:hr></gpxtpx:TrackPointExtension></extensions></trkpt><trkpt lat="58.050922" lon="38.8513"><ele>118.0</ele><time>2025-03-26T16:37:05Z</time><extensions><gpxtpx:TrackPointExtension><gpxtpx:hr>171</gpxtpx:hr></gpxtpx:TrackPointExtension></extensions></trkpt><trkpt lat="58.05091" lon="38.85134"><ele>118.0</ele><time>2025-03-26T16:37:06Z</time><extensions><gpxtpx:TrackPointExtension><gpxtpx:hr>171</gpxtpx:hr></gpxtpx:TrackPointExtension></extensions></trkpt><trkpt lat="58.050895" lon="38.85138"><ele>118.0</ele><time>2025-03-26T16:37:07Z</time><extensions><gpxtpx:TrackPointExtension><gpxtpx:hr>171</gpxtpx:hr></gpxtpx:TrackPointExtension></extensions></trkpt><trkpt lat="58.050883" lon="38.851417"><ele>118.0</ele><time>2025-03-26T16:37:08Z</time><extensions><gpxtpx:TrackPointExtension><gpxtpx:hr>171</gpxtpx:hr></gpxtpx:TrackPointExtension></extensions></trkpt><trkpt lat="58.050872" lon="38.851455"><ele>118.0</ele><time>2025-03-26T16:37:09Z</time><extensions><gpxtpx:TrackPointExtension><gpxtpx:hr>171</gpxtpx:hr></gpxtpx:TrackPointExtension></extensions></trkpt><trkpt lat="58.050857" lon="38.851497"><ele>118.0</ele><time>2025-03-26T16:37:10Z</time><extensions><gpxtpx:TrackPointExtension><gpxtpx:hr>171</gpxtpx:hr></gpxtpx:TrackPointExtension></extensions></trkpt><trkpt lat="58.050845" lon="38.851532"><ele>118.0</ele><time>2025-03-26T16:37:11Z</time><extensions><gpxtpx:TrackPointExtension><gpxtpx:hr>171</gpxtpx:hr></gpxtpx:TrackPointExtension></extensions></trkpt><trkpt lat="58.05083" lon="38.851573"><ele>118.0</ele><time>2025-03-26T16:37:12Z</time><extensions><gpxtpx:TrackPointExtension><gpxtpx:hr>171</gpxtpx:hr></gpxtpx:TrackPointExtension></extensions></trkpt><trkpt lat="58.050815" lon="38.851612"><ele>118.0</ele><time>2025-03-26T16:37:13Z</time><extensions><gpxtpx:TrackPointExtension><gpxtpx:hr>171</gpxtpx:hr></gpxtpx:TrackPointExtension></extensions></trkpt><trkpt lat="58.050803" lon="38.851645"><ele>118.0</ele><time>2025-03-26T16:37:14Z</time><extensions><gpxtpx:TrackPointExtension><gpxtpx:hr>171</gpxtpx:hr></gpxtpx:TrackPointExtension></extensions></trkpt><trkpt lat="58.050792" lon="38.851685"><ele>118.0</ele><time>2025-03-26T16:37:15Z</time><extensions><gpxtpx:TrackPointExtension><gpxtpx:hr>171</gpxtpx:hr></gpxtpx:TrackPointExtension></extensions></trkpt><trkpt lat="58.05078" lon="38.851727"><ele>118.0</ele><time>2025-03-26T16:37:16Z</time><extensions><gpxtpx:TrackPointExtension><gpxtpx:hr>171</gpxtpx:hr></gpxtpx:TrackPointExtension></extensions></trkpt><trkpt lat="58.05077" lon="38.851765"><ele>118.0</ele><time>2025-03-26T16:37:17Z</time><extensions><gpxtpx:TrackPointExtension><gpxtpx:hr>172</gpxtpx:hr></gpxtpx:TrackPointExtension></extensions></trkpt><trkpt lat="58.05076" lon="38.851802"><ele>118.0</ele><time>2025-03-26T16:37:18Z</time><extensions><gpxtpx:TrackPointExtension><gpxtpx:hr>172</gpxtpx:hr></gpxtpx:TrackPointExtension></extensions></trkpt><trkpt lat="58.050742" lon="38.851837"><ele>118.0</ele><time>2025-03-26T16:37:19Z</time><extensions><gpxtpx:TrackPointExtension><gpxtpx:hr>172</gpxtpx:hr></gpxtpx:TrackPointExtension></extensions></trkpt><trkpt lat="58.05073" lon="38.851875"><ele>118.0</ele><time>2025-03-26T16:37:20Z</time><extensions><gpxtpx:TrackPointExtension><gpxtpx:hr>172</gpxtpx:hr></gpxtpx:TrackPointExtension></extensions></trkpt><trkpt lat="58.050715" lon="38.85191"><ele>118.0</ele><time>2025-03-26T16:37:21Z</time><extensions><gpxtpx:TrackPointExtension><gpxtpx:hr>171</gpxtpx:hr></gpxtpx:TrackPointExtension></extensions></trkpt><trkpt lat="58.0507" lon="38.851943"><ele>118.0</ele><time>2025-03-26T16:37:22Z</time><extensions><gpxtpx:TrackPointExtension><gpxtpx:hr>171</gpxtpx:hr></gpxtpx:TrackPointExtension></extensions></trkpt><trkpt lat="58.05069" lon="38.85198"><ele>118.0</ele><time>2025-03-26T16:37:23Z</time><extensions><gpxtpx:TrackPointExtension><gpxtpx:hr>172</gpxtpx:hr></gpxtpx:TrackPointExtension></extensions></trkpt><trkpt lat="58.05068" lon="38.852015"><ele>118.0</ele><time>2025-03-26T16:37:24Z</time><extensions><gpxtpx:TrackPointExtension><gpxtpx:hr>172</gpxtpx:hr></gpxtpx:TrackPointExtension></extensions></trkpt><trkpt lat="58.050667" lon="38.852055"><ele>118.0</ele><time>2025-03-26T16:37:25Z</time><extensions><gpxtpx:TrackPointExtension><gpxtpx:hr>173</gpxtpx:hr></gpxtpx:TrackPointExtension></extensions></trkpt><trkpt lat="58.05065" lon="38.85209"><ele>118.0</ele><time>2025-03-26T16:37:26Z</time><extensions><gpxtpx:TrackPointExtension><gpxtpx:hr>173</gpxtpx:hr></gpxtpx:TrackPointExtension></extensions></trkpt><trkpt lat="58.05064" lon="38.852122"><ele>118.0</ele><time>2025-03-26T16:37:27Z</time><extensions><gpxtpx:TrackPointExtension><gpxtpx:hr>174</gpxtpx:hr></gpxtpx:TrackPointExtension></extensions></trkpt><trkpt lat="58.05063" lon="38.85216"><ele>118.0</ele><time>2025-03-26T16:37:28Z</time><extensions><gpxtpx:TrackPointExtension><gpxtpx:hr>174</gpxtpx:hr></gpxtpx:TrackPointExtension></extensions></trkpt><trkpt lat="58.050617" lon="38.852195"><ele>118.0</ele><time>2025-03-26T16:37:29Z</time><extensions><gpxtpx:TrackPointExtension><gpxtpx:hr>174</gpxtpx:hr></gpxtpx:TrackPointExtension></extensions></trkpt><trkpt lat="58.050602" lon="38.85223"><ele>118.0</ele><time>2025-03-26T16:37:30Z</time><extensions><gpxtpx:TrackPointExtension><gpxtpx:hr>174</gpxtpx:hr></gpxtpx:TrackPointExtension></extensions></trkpt><trkpt lat="58.05059" lon="38.852263"><ele>118.0</ele><time>2025-03-26T16:37:31Z</time><extensions><gpxtpx:TrackPointExtension><gpxtpx:hr>174</gpxtpx:hr></gpxtpx:TrackPointExtension></extensions></trkpt><trkpt lat="58.050575" lon="38.8523"><ele>118.0</ele><time>2025-03-26T16:37:32Z</time><extensions><gpxtpx:TrackPointExtension><gpxtpx:hr>174</gpxtpx:hr></gpxtpx:TrackPointExtension></extensions></trkpt><trkpt lat="58.05056" lon="38.852337"><ele>118.0</ele><time>2025-03-26T16:37:33Z</time><extensions><gpxtpx:TrackPointExtension><gpxtpx:hr>174</gpxtpx:hr></gpxtpx:TrackPointExtension></extensions></trkpt><trkpt lat="58.05055" lon="38.852375"><ele>118.0</ele><time>2025-03-26T16:37:34Z</time><extensions><gpxtpx:TrackPointExtension><gpxtpx:hr>174</gpxtpx:hr></gpxtpx:TrackPointExtension></extensions></trkpt><trkpt lat="58.050532" lon="38.85241"><ele>118.0</ele><time>2025-03-26T16:37:35Z</time><extensions><gpxtpx:TrackPointExtension><gpxtpx:hr>175</gpxtpx:hr></gpxtpx:TrackPointExtension></extensions></trkpt><trkpt lat="58.05052" lon="38.852447"><ele>118.0</ele><time>2025-03-26T16:37:36Z</time><extensions><gpxtpx:TrackPointExtension><gpxtpx:hr>175</gpxtpx:hr></gpxtpx:TrackPointExtension></extensions></trkpt><trkpt lat="58.050507" lon="38.852485"><ele>118.0</ele><time>2025-03-26T16:37:37Z</time><extensions><gpxtpx:TrackPointExtension><gpxtpx:hr>175</gpxtpx:hr></gpxtpx:TrackPointExtension></extensions></trkpt><trkpt lat="58.050495" lon="38.852518"><ele>118.0</ele><time>2025-03-26T16:37:38Z</time><extensions><gpxtpx:TrackPointExtension><gpxtpx:hr>175</gpxtpx:hr></gpxtpx:TrackPointExtension></extensions></trkpt><trkpt lat="58.050483" lon="38.85256"><ele>118.0</ele><time>2025-03-26T16:37:39Z</time><extensions><gpxtpx:TrackPointExtension><gpxtpx:hr>175</gpxtpx:hr></gpxtpx:TrackPointExtension></extensions></trkpt><trkpt lat="58.05047" lon="38.852595"><ele>118.0</ele><time>2025-03-26T16:37:40Z</time><extensions><gpxtpx:TrackPointExtension><gpxtpx:hr>175</gpxtpx:hr></gpxtpx:TrackPointExtension></extensions></trkpt><trkpt lat="58.050457" lon="38.85263"><ele>118.0</ele><time>2025-03-26T16:37:41Z</time><extensions><gpxtpx:TrackPointExtension><gpxtpx:hr>175</gpxtpx:hr></gpxtpx:TrackPointExtension></extensions></trkpt><trkpt lat="58.050445" lon="38.85266"><ele>118.0</ele><time>2025-03-26T16:37:42Z</time><extensions><gpxtpx:TrackPointExtension><gpxtpx:hr>175</gpxtpx:hr></gpxtpx:TrackPointExtension></extensions></trkpt><trkpt lat="58.05043" lon="38.852695"><ele>118.0</ele><time>2025-03-26T16:37:43Z</time><extensions><gpxtpx:TrackPointExtension><gpxtpx:hr>175</gpxtpx:hr></gpxtpx:TrackPointExtension></extensions></trkpt><trkpt lat="58.05042" lon="38.85273"><ele>118.0</ele><time>2025-03-26T16:37:44Z</time><extensions><gpxtpx:TrackPointExtension><gpxtpx:hr>175</gpxtpx:hr></gpxtpx:TrackPointExtension></extensions></trkpt><trkpt lat="58.050403" lon="38.852763"><ele>118.0</ele><time>2025-03-26T16:37:45Z</time><extensions><gpxtpx:TrackPointExtension><gpxtpx:hr>175</gpxtpx:hr></gpxtpx:TrackPointExtension></extensions></trkpt><trkpt lat="58.050392" lon="38.8528"><ele>118.0</ele><time>2025-03-26T16:37:46Z</time><extensions><gpxtpx:TrackPointExtension><gpxtpx:hr>176</gpxtpx:hr></gpxtpx:TrackPointExtension></extensions></trkpt><trkpt lat="58.05038" lon="38.852832"><ele>118.0</ele><time>2025-03-26T16:37:47Z</time><extensions><gpxtpx:TrackPointExtension><gpxtpx:hr>176</gpxtpx:hr></gpxtpx:TrackPointExtension></extensions></trkpt><trkpt lat="58.05037" lon="38.85287"><ele>118.0</ele><time>2025-03-26T16:37:48Z</time><extensions><gpxtpx:TrackPointExtension><gpxtpx:hr>176</gpxtpx:hr></gpxtpx:TrackPointExtension></extensions></trkpt><trkpt lat="58.050357" lon="38.85291"><ele>118.0</ele><time>2025-03-26T16:37:49Z</time><extensions><gpxtpx:TrackPointExtension><gpxtpx:hr>176</gpxtpx:hr></gpxtpx:TrackPointExtension></extensions></trkpt><trkpt lat="58.05035" lon="38.852947"><ele>118.0</ele><time>2025-03-26T16:37:50Z</time><extensions><gpxtpx:TrackPointExtension><gpxtpx:hr>177</gpxtpx:hr></gpxtpx:TrackPointExtension></extensions></trkpt><trkpt lat="58.05034" lon="38.85299"><ele>118.0</ele><time>2025-03-26T16:37:51Z</time><extensions><gpxtpx:TrackPointExtension><gpxtpx:hr>177</gpxtpx:hr></gpxtpx:TrackPointExtension></extensions></trkpt><trkpt lat="58.050327" lon="38.853027"><ele>118.0</ele><time>2025-03-26T16:37:52Z</time><extensions><gpxtpx:TrackPointExtension><gpxtpx:hr>177</gpxtpx:hr></gpxtpx:TrackPointExtension></extensions></trkpt><trkpt lat="58.050315" lon="38.853065"><ele>118.0</ele><time>2025-03-26T16:37:53Z</time><extensions><gpxtpx:TrackPointExtension><gpxtpx:hr>177</gpxtpx:hr></gpxtpx:TrackPointExtension></extensions></trkpt><trkpt lat="58.05031" lon="38.853107"><ele>118.0</ele><time>2025-03-26T16:37:54Z</time><extensions><gpxtpx:TrackPointExtension><gpxtpx:hr>177</gpxtpx:hr></gpxtpx:TrackPointExtension></extensions></trkpt><trkpt lat="58.050297" lon="38.85315"><ele>118.0</ele><time>2025-03-26T16:37:55Z</time><extensions><gpxtpx:TrackPointExtension><gpxtpx:hr>177</gpxtpx:hr></gpxtpx:TrackPointExtension></extensions></trkpt><trkpt lat="58.050288" lon="38.85319"><ele>118.0</ele><time>2025-03-26T16:37:56Z</time><extensions><gpxtpx:TrackPointExtension><gpxtpx:hr>177</gpxtpx:hr></gpxtpx:TrackPointExtension></extensions></trkpt><trkpt lat="58.05028" lon="38.853232"><ele>118.0</ele><time>2025-03-26T16:37:57Z</time><extensions><gpxtpx:TrackPointExtension><gpxtpx:hr>177</gpxtpx:hr></gpxtpx:TrackPointExtension></extensions></trkpt><trkpt lat="58.05027" lon="38.853275"><ele>118.0</ele><time>2025-03-26T16:37:58Z</time><extensions><gpxtpx:TrackPointExtension><gpxtpx:hr>177</gpxtpx:hr></gpxtpx:TrackPointExtension></extensions></trkpt><trkpt lat="58.050265" lon="38.853317"><ele>118.0</ele><time>2025-03-26T16:37:59Z</time><extensions><gpxtpx:TrackPointExtension><gpxtpx:hr>177</gpxtpx:hr></gpxtpx:TrackPointExtension></extensions></trkpt><trkpt lat="58.05026" lon="38.85336"><ele>118.0</ele><time>2025-03-26T16:38:00Z</time><extensions><gpxtpx:TrackPointExtension><gpxtpx:hr>178</gpxtpx:hr></gpxtpx:TrackPointExtension></extensions></trkpt><trkpt lat="58.05025" lon="38.8534"><ele>118.0</ele><time>2025-03-26T16:38:01Z</time><extensions><gpxtpx:TrackPointExtension><gpxtpx:hr>178</gpxtpx:hr></gpxtpx:TrackPointExtension></extensions></trkpt><trkpt lat="58.050247" lon="38.853447"><ele>118.0</ele><time>2025-03-26T16:38:02Z</time><extensions><gpxtpx:TrackPointExtension><gpxtpx:hr>178</gpxtpx:hr></gpxtpx:TrackPointExtension></extensions></trkpt><trkpt lat="58.050242" lon="38.853492"><ele>118.0</ele><time>2025-03-26T16:38:03Z</time><extensions><gpxtpx:TrackPointExtension><gpxtpx:hr>178</gpxtpx:hr></gpxtpx:TrackPointExtension></extensions></trkpt><trkpt lat="58.050235" lon="38.853535"><ele>118.0</ele><time>2025-03-26T16:38:04Z</time><extensions><gpxtpx:TrackPointExtension><gpxtpx:hr>179</gpxtpx:hr></gpxtpx:TrackPointExtension></extensions></trkpt><trkpt lat="58.05023" lon="38.85358"><ele>118.0</ele><time>2025-03-26T16:38:05Z</time><extensions><gpxtpx:TrackPointExtension><gpxtpx:hr>179</gpxtpx:hr></gpxtpx:TrackPointExtension></extensions></trkpt><trkpt lat="58.050223" lon="38.853622"><ele>118.0</ele><time>2025-03-26T16:38:06Z</time><extensions><gpxtpx:TrackPointExtension><gpxtpx:hr>178</gpxtpx:hr></gpxtpx:TrackPointExtension></extensions></trkpt><trkpt lat="58.050217" lon="38.85367"><ele>118.0</ele><time>2025-03-26T16:38:07Z</time><extensions><gpxtpx:TrackPointExtension><gpxtpx:hr>178</gpxtpx:hr></gpxtpx:TrackPointExtension></extensions></trkpt><trkpt lat="58.05021" lon="38.85371"><ele>118.0</ele><time>2025-03-26T16:38:08Z</time><extensions><gpxtpx:TrackPointExtension><gpxtpx:hr>177</gpxtpx:hr></gpxtpx:TrackPointExtension></extensions></trkpt><trkpt lat="58.050197" lon="38.853752"><ele>118.0</ele><time>2025-03-26T16:38:09Z</time><extensions><gpxtpx:TrackPointExtension><gpxtpx:hr>177</gpxtpx:hr></gpxtpx:TrackPointExtension></extensions></trkpt><trkpt lat="58.05019" lon="38.85379"><ele>118.0</ele><time>2025-03-26T16:38:10Z</time><extensions><gpxtpx:TrackPointExtension><gpxtpx:hr>176</gpxtpx:hr></gpxtpx:TrackPointExtension></extensions></trkpt><trkpt lat="58.05018" lon="38.85383"><ele>118.0</ele><time>2025-03-26T16:38:11Z</time><extensions><gpxtpx:TrackPointExtension><gpxtpx:hr>176</gpxtpx:hr></gpxtpx:TrackPointExtension></extensions></trkpt><trkpt lat="58.050167" lon="38.853867"><ele>118.0</ele><time>2025-03-26T16:38:12Z</time><extensions><gpxtpx:TrackPointExtension><gpxtpx:hr>175</gpxtpx:hr></gpxtpx:TrackPointExtension></extensions></trkpt><trkpt lat="58.050155" lon="38.85391"><ele>118.0</ele><time>2025-03-26T16:38:13Z</time><extensions><gpxtpx:TrackPointExtension><gpxtpx:hr>175</gpxtpx:hr></gpxtpx:TrackPointExtension></extensions></trkpt><trkpt lat="58.050147" lon="38.85395"><ele>118.0</ele><time>2025-03-26T16:38:14Z</time><extensions><gpxtpx:TrackPointExtension><gpxtpx:hr>175</gpxtpx:hr></gpxtpx:TrackPointExtension></extensions></trkpt><trkpt lat="58.05014" lon="38.853992"><ele>118.0</ele><time>2025-03-26T16:38:15Z</time><extensions><gpxtpx:TrackPointExtension><gpxtpx:hr>175</gpxtpx:hr></gpxtpx:TrackPointExtension></extensions></trkpt><trkpt lat="58.050132" lon="38.85403"><ele>118.0</ele><time>2025-03-26T16:38:16Z</time><extensions><gpxtpx:TrackPointExtension><gpxtpx:hr>176</gpxtpx:hr></gpxtpx:TrackPointExtension></extensions></trkpt><trkpt lat="58.05012" lon="38.854072"><ele>118.0</ele><time>2025-03-26T16:38:17Z</time><extensions><gpxtpx:TrackPointExtension><gpxtpx:hr>176</gpxtpx:hr></gpxtpx:TrackPointExtension></extensions></trkpt><trkpt lat="58.050113" lon="38.854115"><ele>118.0</ele><time>2025-03-26T16:38:18Z</time><extensions><gpxtpx:TrackPointExtension><gpxtpx:hr>176</gpxtpx:hr></gpxtpx:TrackPointExtension></extensions></trkpt><trkpt lat="58.050105" lon="38.854152"><ele>118.0</ele><time>2025-03-26T16:38:19Z</time><extensions><gpxtpx:TrackPointExtension><gpxtpx:hr>176</gpxtpx:hr></gpxtpx:TrackPointExtension></extensions></trkpt><trkpt lat="58.0501" lon="38.854193"><ele>118.0</ele><time>2025-03-26T16:38:20Z</time><extensions><gpxtpx:TrackPointExtension><gpxtpx:hr>176</gpxtpx:hr></gpxtpx:TrackPointExtension></extensions></trkpt><trkpt lat="58.05009" lon="38.85424"><ele>118.0</ele><time>2025-03-26T16:38:21Z</time><extensions><gpxtpx:TrackPointExtension><gpxtpx:hr>175</gpxtpx:hr></gpxtpx:TrackPointExtension></extensions></trkpt><trkpt lat="58.050082" lon="38.854282"><ele>118.0</ele><time>2025-03-26T16:38:22Z</time><extensions><gpxtpx:TrackPointExtension><gpxtpx:hr>175</gpxtpx:hr></gpxtpx:TrackPointExtension></extensions></trkpt><trkpt lat="58.050075" lon="38.854323"><ele>118.0</ele><time>2025-03-26T16:38:23Z</time><extensions><gpxtpx:TrackPointExtension><gpxtpx:hr>175</gpxtpx:hr></gpxtpx:TrackPointExtension></extensions></trkpt><trkpt lat="58.050067" lon="38.85437"><ele>118.0</ele><time>2025-03-26T16:38:24Z</time><extensions><gpxtpx:TrackPointExtension><gpxtpx:hr>175</gpxtpx:hr></gpxtpx:TrackPointExtension></extensions></trkpt><trkpt lat="58.05006" lon="38.854412"><ele>118.0</ele><time>2025-03-26T16:38:25Z</time><extensions><gpxtpx:TrackPointExtension><gpxtpx:hr>175</gpxtpx:hr></gpxtpx:TrackPointExtension></extensions></trkpt><trkpt lat="58.050052" lon="38.854457"><ele>118.0</ele><time>2025-03-26T16:38:26Z</time><extensions><gpxtpx:TrackPointExtension><gpxtpx:hr>174</gpxtpx:hr></gpxtpx:TrackPointExtension></extensions></trkpt><trkpt lat="58.050045" lon="38.8545"><ele>118.0</ele><time>2025-03-26T16:38:27Z</time><extensions><gpxtpx:TrackPointExtension><gpxtpx:hr>174</gpxtpx:hr></gpxtpx:TrackPointExtension></extensions></trkpt><trkpt lat="58.050037" lon="38.854545"><ele>118.0</ele><time>2025-03-26T16:38:28Z</time><extensions><gpxtpx:TrackPointExtension><gpxtpx:hr>174</gpxtpx:hr></gpxtpx:TrackPointExtension></extensions></trkpt><trkpt lat="58.050033" lon="38.85459"><ele>118.0</ele><time>2025-03-26T16:38:29Z</time><extensions><gpxtpx:TrackPointExtension><gpxtpx:hr>173</gpxtpx:hr></gpxtpx:TrackPointExtension></extensions></trkpt><trkpt lat="58.050025" lon="38.854637"><ele>118.0</ele><time>2025-03-26T16:38:30Z</time><extensions><gpxtpx:TrackPointExtension><gpxtpx:hr>172</gpxtpx:hr></gpxtpx:TrackPointExtension></extensions></trkpt><trkpt lat="58.050022" lon="38.854682"><ele>118.0</ele><time>2025-03-26T16:38:31Z</time><extensions><gpxtpx:TrackPointExtension><gpxtpx:hr>172</gpxtpx:hr></gpxtpx:TrackPointExtension></extensions></trkpt><trkpt lat="58.050013" lon="38.854725"><ele>118.0</ele><time>2025-03-26T16:38:32Z</time><extensions><gpxtpx:TrackPointExtension><gpxtpx:hr>172</gpxtpx:hr></gpxtpx:TrackPointExtension></extensions></trkpt><trkpt lat="58.05001" lon="38.85477"><ele>118.0</ele><time>2025-03-26T16:38:33Z</time><extensions><gpxtpx:TrackPointExtension><gpxtpx:hr>172</gpxtpx:hr></gpxtpx:TrackPointExtension></extensions></trkpt><trkpt lat="58.050007" lon="38.854815"><ele>118.0</ele><time>2025-03-26T16:38:34Z</time><extensions><gpxtpx:TrackPointExtension><gpxtpx:hr>172</gpxtpx:hr></gpxtpx:TrackPointExtension></extensions></trkpt><trkpt lat="58.05" lon="38.854862"><ele>118.0</ele><time>2025-03-26T16:38:35Z</time><extensions><gpxtpx:TrackPointExtension><gpxtpx:hr>172</gpxtpx:hr></gpxtpx:TrackPointExtension></extensions></trkpt><trkpt lat="58.049995" lon="38.854903"><ele>118.0</ele><time>2025-03-26T16:38:36Z</time><extensions><gpxtpx:TrackPointExtension><gpxtpx:hr>172</gpxtpx:hr></gpxtpx:TrackPointExtension></extensions></trkpt><trkpt lat="58.049987" lon="38.85495"><ele>118.0</ele><time>2025-03-26T16:38:37Z</time><extensions><gpxtpx:TrackPointExtension><gpxtpx:hr>171</gpxtpx:hr></gpxtpx:TrackPointExtension></extensions></trkpt><trkpt lat="58.049978" lon="38.854995"><ele>118.0</ele><time>2025-03-26T16:38:38Z</time><extensions><gpxtpx:TrackPointExtension><gpxtpx:hr>171</gpxtpx:hr></gpxtpx:TrackPointExtension></extensions></trkpt><trkpt lat="58.049975" lon="38.855037"><ele>118.0</ele><time>2025-03-26T16:38:39Z</time><extensions><gpxtpx:TrackPointExtension><gpxtpx:hr>171</gpxtpx:hr></gpxtpx:TrackPointExtension></extensions></trkpt><trkpt lat="58.04997" lon="38.855082"><ele>118.0</ele><time>2025-03-26T16:38:40Z</time><extensions><gpxtpx:TrackPointExtension><gpxtpx:hr>171</gpxtpx:hr></gpxtpx:TrackPointExtension></extensions></trkpt><trkpt lat="58.049965" lon="38.855125"><ele>118.0</ele><time>2025-03-26T16:38:41Z</time><extensions><gpxtpx:TrackPointExtension><gpxtpx:hr>171</gpxtpx:hr></gpxtpx:TrackPointExtension></extensions></trkpt><trkpt lat="58.049957" lon="38.85517"><ele>118.0</ele><time>2025-03-26T16:38:42Z</time><extensions><gpxtpx:TrackPointExtension><gpxtpx:hr>171</gpxtpx:hr></gpxtpx:TrackPointExtension></extensions></trkpt><trkpt lat="58.04995" lon="38.855212"><ele>118.0</ele><time>2025-03-26T16:38:43Z</time><extensions><gpxtpx:TrackPointExtension><gpxtpx:hr>171</gpxtpx:hr></gpxtpx:TrackPointExtension></extensions></trkpt><trkpt lat="58.049945" lon="38.855255"><ele>118.0</ele><time>2025-03-26T16:38:44Z</time><extensions><gpxtpx:TrackPointExtension><gpxtpx:hr>171</gpxtpx:hr></gpxtpx:TrackPointExtension></extensions></trkpt><trkpt lat="58.04994" lon="38.8553"><ele>118.0</ele><time>2025-03-26T16:38:45Z</time><extensions><gpxtpx:TrackPointExtension><gpxtpx:hr>171</gpxtpx:hr></gpxtpx:TrackPointExtension></extensions></trkpt><trkpt lat="58.04993" lon="38.855342"><ele>118.0</ele><time>2025-03-26T16:38:46Z</time><extensions><gpxtpx:TrackPointExtension><gpxtpx:hr>171</gpxtpx:hr></gpxtpx:TrackPointExtension></extensions></trkpt><trkpt lat="58.049927" lon="38.85539"><ele>118.0</ele><time>2025-03-26T16:38:47Z</time><extensions><gpxtpx:TrackPointExtension><gpxtpx:hr>171</gpxtpx:hr></gpxtpx:TrackPointExtension></extensions></trkpt><trkpt lat="58.04992" lon="38.85543"><ele>118.0</ele><time>2025-03-26T16:38:48Z</time><extensions><gpxtpx:TrackPointExtension><gpxtpx:hr>171</gpxtpx:hr></gpxtpx:TrackPointExtension></extensions></trkpt><trkpt lat="58.049908" lon="38.855475"><ele>118.0</ele><time>2025-03-26T16:38:49Z</time><extensions><gpxtpx:TrackPointExtension><gpxtpx:hr>171</gpxtpx:hr></gpxtpx:TrackPointExtension></extensions></trkpt><trkpt lat="58.049907" lon="38.855522"><ele>118.0</ele><time>2025-03-26T16:38:50Z</time><extensions><gpxtpx:TrackPointExtension><gpxtpx:hr>171</gpxtpx:hr></gpxtpx:TrackPointExtension></extensions></trkpt><trkpt lat="58.0499" lon="38.855563"><ele>118.0</ele><time>2025-03-26T16:38:51Z</time><extensions><gpxtpx:TrackPointExtension><gpxtpx:hr>171</gpxtpx:hr></gpxtpx:TrackPointExtension></extensions></trkpt><trkpt lat="58.049892" lon="38.85561"><ele>118.0</ele><time>2025-03-26T16:38:52Z</time><extensions><gpxtpx:TrackPointExtension><gpxtpx:hr>171</gpxtpx:hr></gpxtpx:TrackPointExtension></extensions></trkpt><trkpt lat="58.049885" lon="38.855655"><ele>118.0</ele><time>2025-03-26T16:38:53Z</time><extensions><gpxtpx:TrackPointExtension><gpxtpx:hr>171</gpxtpx:hr></gpxtpx:TrackPointExtension></extensions></trkpt><trkpt lat="58.049877" lon="38.855697"><ele>118.0</ele><time>2025-03-26T16:38:54Z</time><extensions><gpxtpx:TrackPointExtension><gpxtpx:hr>171</gpxtpx:hr></gpxtpx:TrackPointExtension></extensions></trkpt><trkpt lat="58.04987" lon="38.855742"><ele>118.0</ele><time>2025-03-26T16:38:55Z</time><extensions><gpxtpx:TrackPointExtension><gpxtpx:hr>171</gpxtpx:hr></gpxtpx:TrackPointExtension></extensions></trkpt><trkpt lat="58.049862" lon="38.855783"><ele>118.0</ele><time>2025-03-26T16:38:56Z</time><extensions><gpxtpx:TrackPointExtension><gpxtpx:hr>171</gpxtpx:hr></gpxtpx:TrackPointExtension></extensions></trkpt><trkpt lat="58.04985" lon="38.855827"><ele>118.0</ele><time>2025-03-26T16:38:57Z</time><extensions><gpxtpx:TrackPointExtension><gpxtpx:hr>171</gpxtpx:hr></gpxtpx:TrackPointExtension></extensions></trkpt><trkpt lat="58.049842" lon="38.85587"><ele>118.0</ele><time>2025-03-26T16:38:58Z</time><extensions><gpxtpx:TrackPointExtension><gpxtpx:hr>170</gpxtpx:hr></gpxtpx:TrackPointExtension></extensions></trkpt><trkpt lat="58.04983" lon="38.855915"><ele>118.0</ele><time>2025-03-26T16:38:59Z</time><extensions><gpxtpx:TrackPointExtension><gpxtpx:hr>170</gpxtpx:hr></gpxtpx:TrackPointExtension></extensions></trkpt><trkpt lat="58.04982" lon="38.855957"><ele>118.0</ele><time>2025-03-26T16:39:00Z</time><extensions><gpxtpx:TrackPointExtension><gpxtpx:hr>169</gpxtpx:hr></gpxtpx:TrackPointExtension></extensions></trkpt><trkpt lat="58.049812" lon="38.856"><ele>118.0</ele><time>2025-03-26T16:39:01Z</time><extensions><gpxtpx:TrackPointExtension><gpxtpx:hr>169</gpxtpx:hr></gpxtpx:TrackPointExtension></extensions></trkpt><trkpt lat="58.049805" lon="38.85604"><ele>118.0</ele><time>2025-03-26T16:39:02Z</time><extensions><gpxtpx:TrackPointExtension><gpxtpx:hr>169</gpxtpx:hr></gpxtpx:TrackPointExtension></extensions></trkpt><trkpt lat="58.049792" lon="38.856087"><ele>118.0</ele><time>2025-03-26T16:39:03Z</time><extensions><gpxtpx:TrackPointExtension><gpxtpx:hr>169</gpxtpx:hr></gpxtpx:TrackPointExtension></extensions></trkpt><trkpt lat="58.049785" lon="38.85613"><ele>118.0</ele><time>2025-03-26T16:39:04Z</time><extensions><gpxtpx:TrackPointExtension><gpxtpx:hr>169</gpxtpx:hr></gpxtpx:TrackPointExtension></extensions></trkpt><trkpt lat="58.049777" lon="38.856173"><ele>118.0</ele><time>2025-03-26T16:39:05Z</time><extensions><gpxtpx:TrackPointExtension><gpxtpx:hr>169</gpxtpx:hr></gpxtpx:TrackPointExtension></extensions></trkpt><trkpt lat="58.04977" lon="38.85622"><ele>118.0</ele><time>2025-03-26T16:39:06Z</time><extensions><gpxtpx:TrackPointExtension><gpxtpx:hr>169</gpxtpx:hr></gpxtpx:TrackPointExtension></extensions></trkpt><trkpt lat="58.049762" lon="38.856265"><ele>118.0</ele><time>2025-03-26T16:39:07Z</time><extensions><gpxtpx:TrackPointExtension><gpxtpx:hr>169</gpxtpx:hr></gpxtpx:TrackPointExtension></extensions></trkpt><trkpt lat="58.049753" lon="38.856307"><ele>118.0</ele><time>2025-03-26T16:39:08Z</time><extensions><gpxtpx:TrackPointExtension><gpxtpx:hr>169</gpxtpx:hr></gpxtpx:TrackPointExtension></extensions></trkpt><trkpt lat="58.049743" lon="38.856353"><ele>118.0</ele><time>2025-03-26T16:39:09Z</time><extensions><gpxtpx:TrackPointExtension><gpxtpx:hr>169</gpxtpx:hr></gpxtpx:TrackPointExtension></extensions></trkpt><trkpt lat="58.049735" lon="38.8564"><ele>118.0</ele><time>2025-03-26T16:39:10Z</time><extensions><gpxtpx:TrackPointExtension><gpxtpx:hr>169</gpxtpx:hr></gpxtpx:TrackPointExtension></extensions></trkpt><trkpt lat="58.049725" lon="38.856445"><ele>118.0</ele><time>2025-03-26T16:39:11Z</time><extensions><gpxtpx:TrackPointExtension><gpxtpx:hr>169</gpxtpx:hr></gpxtpx:TrackPointExtension></extensions></trkpt><trkpt lat="58.049717" lon="38.856487"><ele>118.0</ele><time>2025-03-26T16:39:12Z</time><extensions><gpxtpx:TrackPointExtension><gpxtpx:hr>169</gpxtpx:hr></gpxtpx:TrackPointExtension></extensions></trkpt><trkpt lat="58.04971" lon="38.856532"><ele>118.0</ele><time>2025-03-26T16:39:13Z</time><extensions><gpxtpx:TrackPointExtension><gpxtpx:hr>169</gpxtpx:hr></gpxtpx:TrackPointExtension></extensions></trkpt><trkpt lat="58.0497" lon="38.856575"><ele>118.0</ele><time>2025-03-26T16:39:14Z</time><extensions><gpxtpx:TrackPointExtension><gpxtpx:hr>170</gpxtpx:hr></gpxtpx:TrackPointExtension></extensions></trkpt><trkpt lat="58.049697" lon="38.856617"><ele>118.0</ele><time>2025-03-26T16:39:15Z</time><extensions><gpxtpx:TrackPointExtension><gpxtpx:hr>171</gpxtpx:hr></gpxtpx:TrackPointExtension></extensions></trkpt><trkpt lat="58.04969" lon="38.856662"><ele>118.0</ele><time>2025-03-26T16:39:16Z</time><extensions><gpxtpx:TrackPointExtension><gpxtpx:hr>171</gpxtpx:hr></gpxtpx:TrackPointExtension></extensions></trkpt><trkpt lat="58.049682" lon="38.856705"><ele>118.0</ele><time>2025-03-26T16:39:17Z</time><extensions><gpxtpx:TrackPointExtension><gpxtpx:hr>172</gpxtpx:hr></gpxtpx:TrackPointExtension></extensions></trkpt><trkpt lat="58.04968" lon="38.85675"><ele>118.0</ele><time>2025-03-26T16:39:18Z</time><extensions><gpxtpx:TrackPointExtension><gpxtpx:hr>172</gpxtpx:hr></gpxtpx:TrackPointExtension></extensions></trkpt><trkpt lat="58.04967" lon="38.856792"><ele>118.0</ele><time>2025-03-26T16:39:19Z</time><extensions><gpxtpx:TrackPointExtension><gpxtpx:hr>172</gpxtpx:hr></gpxtpx:TrackPointExtension></extensions></trkpt><trkpt lat="58.049663" lon="38.856838"><ele>118.0</ele><time>2025-03-26T16:39:20Z</time><extensions><gpxtpx:TrackPointExtension><gpxtpx:hr>172</gpxtpx:hr></gpxtpx:TrackPointExtension></extensions></trkpt><trkpt lat="58.049655" lon="38.85688"><ele>118.0</ele><time>2025-03-26T16:39:21Z</time><extensions><gpxtpx:TrackPointExtension><gpxtpx:hr>173</gpxtpx:hr></gpxtpx:TrackPointExtension></extensions></trkpt><trkpt lat="58.04965" lon="38.856922"><ele>118.0</ele><time>2025-03-26T16:39:22Z</time><extensions><gpxtpx:TrackPointExtension><gpxtpx:hr>173</gpxtpx:hr></gpxtpx:TrackPointExtension></extensions></trkpt><trkpt lat="58.04964" lon="38.85696"><ele>118.0</ele><time>2025-03-26T16:39:23Z</time><extensions><gpxtpx:TrackPointExtension><gpxtpx:hr>173</gpxtpx:hr></gpxtpx:TrackPointExtension></extensions></trkpt><trkpt lat="58.049632" lon="38.857002"><ele>118.0</ele><time>2025-03-26T16:39:24Z</time><extensions><gpxtpx:TrackPointExtension><gpxtpx:hr>173</gpxtpx:hr></gpxtpx:TrackPointExtension></extensions></trkpt><trkpt lat="58.04962" lon="38.857043"><ele>118.0</ele><time>2025-03-26T16:39:25Z</time><extensions><gpxtpx:TrackPointExtension><gpxtpx:hr>173</gpxtpx:hr></gpxtpx:TrackPointExtension></extensions></trkpt><trkpt lat="58.049613" lon="38.857082"><ele>118.0</ele><time>2025-03-26T16:39:26Z</time><extensions><gpxtpx:TrackPointExtension><gpxtpx:hr>173</gpxtpx:hr></gpxtpx:TrackPointExtension></extensions></trkpt><trkpt lat="58.049605" lon="38.85713"><ele>118.0</ele><time>2025-03-26T16:39:27Z</time><extensions><gpxtpx:TrackPointExtension><gpxtpx:hr>173</gpxtpx:hr></gpxtpx:TrackPointExtension></extensions></trkpt><trkpt lat="58.049598" lon="38.85717"><ele>118.0</ele><time>2025-03-26T16:39:28Z</time><extensions><gpxtpx:TrackPointExtension><gpxtpx:hr>172</gpxtpx:hr></gpxtpx:TrackPointExtension></extensions></trkpt><trkpt lat="58.049595" lon="38.857212"><ele>118.0</ele><time>2025-03-26T16:39:29Z</time><extensions><gpxtpx:TrackPointExtension><gpxtpx:hr>172</gpxtpx:hr></gpxtpx:TrackPointExtension></extensions></trkpt><trkpt lat="58.049587" lon="38.857253"><ele>118.0</ele><time>2025-03-26T16:39:30Z</time><extensions><gpxtpx:TrackPointExtension><gpxtpx:hr>172</gpxtpx:hr></gpxtpx:TrackPointExtension></extensions></trkpt><trkpt lat="58.049582" lon="38.857295"><ele>118.0</ele><time>2025-03-26T16:39:31Z</time><extensions><gpxtpx:TrackPointExtension><gpxtpx:hr>172</gpxtpx:hr></gpxtpx:TrackPointExtension></extensions></trkpt><trkpt lat="58.049575" lon="38.85734"><ele>118.0</ele><time>2025-03-26T16:39:32Z</time><extensions><gpxtpx:TrackPointExtension><gpxtpx:hr>172</gpxtpx:hr></gpxtpx:TrackPointExtension></extensions></trkpt><trkpt lat="58.04957" lon="38.857383"><ele>118.0</ele><time>2025-03-26T16:39:33Z</time><extensions><gpxtpx:TrackPointExtension><gpxtpx:hr>172</gpxtpx:hr></gpxtpx:TrackPointExtension></extensions></trkpt><trkpt lat="58.049563" lon="38.85743"><ele>118.0</ele><time>2025-03-26T16:39:34Z</time><extensions><gpxtpx:TrackPointExtension><gpxtpx:hr>172</gpxtpx:hr></gpxtpx:TrackPointExtension></extensions></trkpt><trkpt lat="58.049557" lon="38.85747"><ele>118.0</ele><time>2025-03-26T16:39:35Z</time><extensions><gpxtpx:TrackPointExtension><gpxtpx:hr>172</gpxtpx:hr></gpxtpx:TrackPointExtension></extensions></trkpt><trkpt lat="58.04955" lon="38.857512"><ele>118.0</ele><time>2025-03-26T16:39:36Z</time><extensions><gpxtpx:TrackPointExtension><gpxtpx:hr>172</gpxtpx:hr></gpxtpx:TrackPointExtension></extensions></trkpt><trkpt lat="58.04954" lon="38.85755"><ele>118.0</ele><time>2025-03-26T16:39:37Z</time><extensions><gpxtpx:TrackPointExtension><gpxtpx:hr>172</gpxtpx:hr></gpxtpx:TrackPointExtension></extensions></trkpt><trkpt lat="58.049533" lon="38.857593"><ele>118.0</ele><time>2025-03-26T16:39:38Z</time><extensions><gpxtpx:TrackPointExtension><gpxtpx:hr>172</gpxtpx:hr></gpxtpx:TrackPointExtension></extensions></trkpt><trkpt lat="58.049525" lon="38.857635"><ele>118.0</ele><time>2025-03-26T16:39:39Z</time><extensions><gpxtpx:TrackPointExtension><gpxtpx:hr>172</gpxtpx:hr></gpxtpx:TrackPointExtension></extensions></trkpt><trkpt lat="58.04952" lon="38.857673"><ele>118.0</ele><time>2025-03-26T16:39:40Z</time><extensions><gpxtpx:TrackPointExtension><gpxtpx:hr>172</gpxtpx:hr></gpxtpx:TrackPointExtension></extensions></trkpt><trkpt lat="58.049507" lon="38.857715"><ele>118.0</ele><time>2025-03-26T16:39:41Z</time><extensions><gpxtpx:TrackPointExtension><gpxtpx:hr>172</gpxtpx:hr></gpxtpx:TrackPointExtension></extensions></trkpt><trkpt lat="58.0495" lon="38.857753"><ele>118.0</ele><time>2025-03-26T16:39:42Z</time><extensions><gpxtpx:TrackPointExtension><gpxtpx:hr>172</gpxtpx:hr></gpxtpx:TrackPointExtension></extensions></trkpt><trkpt lat="58.04949" lon="38.857795"><ele>118.0</ele><time>2025-03-26T16:39:43Z</time><extensions><gpxtpx:TrackPointExtension><gpxtpx:hr>172</gpxtpx:hr></gpxtpx:TrackPointExtension></extensions></trkpt><trkpt lat="58.04948" lon="38.857837"><ele>118.0</ele><time>2025-03-26T16:39:44Z</time><extensions><gpxtpx:TrackPointExtension><gpxtpx:hr>172</gpxtpx:hr></gpxtpx:TrackPointExtension></extensions></trkpt><trkpt lat="58.049472" lon="38.85788"><ele>118.0</ele><time>2025-03-26T16:39:45Z</time><extensions><gpxtpx:TrackPointExtension><gpxtpx:hr>172</gpxtpx:hr></gpxtpx:TrackPointExtension></extensions></trkpt><trkpt lat="58.049465" lon="38.85792"><ele>118.0</ele><time>2025-03-26T16:39:46Z</time><extensions><gpxtpx:TrackPointExtension><gpxtpx:hr>171</gpxtpx:hr></gpxtpx:TrackPointExtension></extensions></trkpt><trkpt lat="58.049453" lon="38.85796"><ele>118.0</ele><time>2025-03-26T16:39:47Z</time><extensions><gpxtpx:TrackPointExtension><gpxtpx:hr>170</gpxtpx:hr></gpxtpx:TrackPointExtension></extensions></trkpt><trkpt lat="58.049445" lon="38.858"><ele>118.0</ele><time>2025-03-26T16:39:48Z</time><extensions><gpxtpx:TrackPointExtension><gpxtpx:hr>170</gpxtpx:hr></gpxtpx:TrackPointExtension></extensions></trkpt><trkpt lat="58.049435" lon="38.85804"><ele>118.0</ele><time>2025-03-26T16:39:49Z</time><extensions><gpxtpx:TrackPointExtension><gpxtpx:hr>169</gpxtpx:hr></gpxtpx:TrackPointExtension></extensions></trkpt><trkpt lat="58.049427" lon="38.85808"><ele>118.0</ele><time>2025-03-26T16:39:50Z</time><extensions><gpxtpx:TrackPointExtension><gpxtpx:hr>169</gpxtpx:hr></gpxtpx:TrackPointExtension></extensions></trkpt><trkpt lat="58.04942" lon="38.85812"><ele>118.0</ele><time>2025-03-26T16:39:51Z</time><extensions><gpxtpx:TrackPointExtension><gpxtpx:hr>167</gpxtpx:hr></gpxtpx:TrackPointExtension></extensions></trkpt><trkpt lat="58.04941" lon="38.858162"><ele>118.0</ele><time>2025-03-26T16:39:52Z</time><extensions><gpxtpx:TrackPointExtension><gpxtpx:hr>167</gpxtpx:hr></gpxtpx:TrackPointExtension></extensions></trkpt><trkpt lat="58.049403" lon="38.858203"><ele>118.0</ele><time>2025-03-26T16:39:53Z</time><extensions><gpxtpx:TrackPointExtension><gpxtpx:hr>168</gpxtpx:hr></gpxtpx:TrackPointExtension></extensions></trkpt><trkpt lat="58.049392" lon="38.858245"><ele>118.0</ele><time>2025-03-26T16:39:54Z</time><extensions><gpxtpx:TrackPointExtension><gpxtpx:hr>168</gpxtpx:hr></gpxtpx:TrackPointExtension></extensions></trkpt><trkpt lat="58.049385" lon="38.858287"><ele>118.0</ele><time>2025-03-26T16:39:55Z</time><extensions><gpxtpx:TrackPointExtension><gpxtpx:hr>169</gpxtpx:hr></gpxtpx:TrackPointExtension></extensions></trkpt><trkpt lat="58.049377" lon="38.85833"><ele>118.0</ele><time>2025-03-26T16:39:56Z</time><extensions><gpxtpx:TrackPointExtension><gpxtpx:hr>169</gpxtpx:hr></gpxtpx:TrackPointExtension></extensions></trkpt><trkpt lat="58.04937" lon="38.85837"><ele>118.0</ele><time>2025-03-26T16:39:57Z</time><extensions><gpxtpx:TrackPointExtension><gpxtpx:hr>170</gpxtpx:hr></gpxtpx:TrackPointExtension></extensions></trkpt><trkpt lat="58.049362" lon="38.858413"><ele>118.0</ele><time>2025-03-26T16:39:58Z</time><extensions><gpxtpx:TrackPointExtension><gpxtpx:hr>170</gpxtpx:hr></gpxtpx:TrackPointExtension></extensions></trkpt><trkpt lat="58.049355" lon="38.858455"><ele>118.0</ele><time>2025-03-26T16:39:59Z</time><extensions><gpxtpx:TrackPointExtension><gpxtpx:hr>170</gpxtpx:hr></gpxtpx:TrackPointExtension></extensions></trkpt><trkpt lat="58.049347" lon="38.8585"><ele>118.0</ele><time>2025-03-26T16:40:00Z</time><extensions><gpxtpx:TrackPointExtension><gpxtpx:hr>170</gpxtpx:hr></gpxtpx:TrackPointExtension></extensions></trkpt><trkpt lat="58.049342" lon="38.858542"><ele>118.0</ele><time>2025-03-26T16:40:01Z</time><extensions><gpxtpx:TrackPointExtension><gpxtpx:hr>170</gpxtpx:hr></gpxtpx:TrackPointExtension></extensions></trkpt><trkpt lat="58.049335" lon="38.85858"><ele>118.0</ele><time>2025-03-26T16:40:02Z</time><extensions><gpxtpx:TrackPointExtension><gpxtpx:hr>169</gpxtpx:hr></gpxtpx:TrackPointExtension></extensions></trkpt><trkpt lat="58.049327" lon="38.858623"><ele>118.0</ele><time>2025-03-26T16:40:03Z</time><extensions><gpxtpx:TrackPointExtension><gpxtpx:hr>169</gpxtpx:hr></gpxtpx:TrackPointExtension></extensions></trkpt><trkpt lat="58.049323" lon="38.858668"><ele>118.0</ele><time>2025-03-26T16:40:04Z</time><extensions><gpxtpx:TrackPointExtension><gpxtpx:hr>169</gpxtpx:hr></gpxtpx:TrackPointExtension></extensions></trkpt><trkpt lat="58.04931" lon="38.858703"><ele>118.0</ele><time>2025-03-26T16:40:05Z</time><extensions><gpxtpx:TrackPointExtension><gpxtpx:hr>169</gpxtpx:hr></gpxtpx:TrackPointExtension></extensions></trkpt><trkpt lat="58.049297" lon="38.858737"><ele>118.0</ele><time>2025-03-26T16:40:06Z</time><extensions><gpxtpx:TrackPointExtension><gpxtpx:hr>169</gpxtpx:hr></gpxtpx:TrackPointExtension></extensions></trkpt><trkpt lat="58.049285" lon="38.858772"><ele>118.0</ele><time>2025-03-26T16:40:07Z</time><extensions><gpxtpx:TrackPointExtension><gpxtpx:hr>169</gpxtpx:hr></gpxtpx:TrackPointExtension></extensions></trkpt><trkpt lat="58.049273" lon="38.858807"><ele>118.0</ele><time>2025-03-26T16:40:08Z</time><extensions><gpxtpx:TrackPointExtension><gpxtpx:hr>169</gpxtpx:hr></gpxtpx:TrackPointExtension></extensions></trkpt><trkpt lat="58.04927" lon="38.85882"><ele>118.0</ele><time>2025-03-26T16:40:09Z</time><extensions><gpxtpx:TrackPointExtension><gpxtpx:hr>169</gpxtpx:hr></gpxtpx:TrackPointExtension></extensions></trkpt><trkpt lat="58.049267" lon="38.85882"><ele>118.0</ele><time>2025-03-26T16:40:10Z</time><extensions><gpxtpx:TrackPointExtension><gpxtpx:hr>169</gpxtpx:hr></gpxtpx:TrackPointExtension></extensions></trkpt><trkpt lat="58.049267" lon="38.858808"><ele>118.0</ele><time>2025-03-26T16:40:11Z</time><extensions><gpxtpx:TrackPointExtension><gpxtpx:hr>169</gpxtpx:hr></gpxtpx:TrackPointExtension></extensions></trkpt><trkpt lat="58.049273" lon="38.858787"><ele>118.0</ele><time>2025-03-26T16:40:12Z</time><extensions><gpxtpx:TrackPointExtension><gpxtpx:hr>170</gpxtpx:hr></gpxtpx:TrackPointExtension></extensions></trkpt><trkpt lat="58.04928" lon="38.85876"><ele>118.0</ele><time>2025-03-26T16:40:13Z</time><extensions><gpxtpx:TrackPointExtension><gpxtpx:hr>170</gpxtpx:hr></gpxtpx:TrackPointExtension></extensions></trkpt><trkpt lat="58.049285" lon="38.85873"><ele>118.0</ele><time>2025-03-26T16:40:14Z</time><extensions><gpxtpx:TrackPointExtension><gpxtpx:hr>170</gpxtpx:hr></gpxtpx:TrackPointExtension></extensions></trkpt><trkpt lat="58.049293" lon="38.858695"><ele>118.0</ele><time>2025-03-26T16:40:15Z</time><extensions><gpxtpx:TrackPointExtension><gpxtpx:hr>170</gpxtpx:hr></gpxtpx:TrackPointExtension></extensions></trkpt><trkpt lat="58.0493" lon="38.85866"><ele>118.0</ele><time>2025-03-26T16:40:16Z</time><extensions><gpxtpx:TrackPointExtension><gpxtpx:hr>171</gpxtpx:hr></gpxtpx:TrackPointExtension></extensions></trkpt><trkpt lat="58.049303" lon="38.858627"><ele>118.0</ele><time>2025-03-26T16:40:17Z</time><extensions><gpxtpx:TrackPointExtension><gpxtpx:hr>171</gpxtpx:hr></gpxtpx:TrackPointExtension></extensions></trkpt><trkpt lat="58.049312" lon="38.858592"><ele>118.0</ele><time>2025-03-26T16:40:18Z</time><extensions><gpxtpx:TrackPointExtension><gpxtpx:hr>171</gpxtpx:hr></gpxtpx:TrackPointExtension></extensions></trkpt><trkpt lat="58.04932" lon="38.85856"><ele>118.0</ele><time>2025-03-26T16:40:19Z</time><extensions><gpxtpx:TrackPointExtension><gpxtpx:hr>171</gpxtpx:hr></gpxtpx:TrackPointExtension></extensions></trkpt><trkpt lat="58.049327" lon="38.85852"><ele>118.0</ele><time>2025-03-26T16:40:20Z</time><extensions><gpxtpx:TrackPointExtension><gpxtpx:hr>170</gpxtpx:hr></gpxtpx:TrackPointExtension></extensions></trkpt><trkpt lat="58.04933" lon="38.858485"><ele>118.0</ele><time>2025-03-26T16:40:21Z</time><extensions><gpxtpx:TrackPointExtension><gpxtpx:hr>170</gpxtpx:hr></gpxtpx:TrackPointExtension></extensions></trkpt><trkpt lat="58.04934" lon="38.85845"><ele>118.0</ele><time>2025-03-26T16:40:22Z</time><extensions><gpxtpx:TrackPointExtension><gpxtpx:hr>170</gpxtpx:hr></gpxtpx:TrackPointExtension></extensions></trkpt><trkpt lat="58.049342" lon="38.858413"><ele>118.0</ele><time>2025-03-26T16:40:23Z</time><extensions><gpxtpx:TrackPointExtension><gpxtpx:hr>170</gpxtpx:hr></gpxtpx:TrackPointExtension></extensions></trkpt><trkpt lat="58.04935" lon="38.858375"><ele>118.0</ele><time>2025-03-26T16:40:24Z</time><extensions><gpxtpx:TrackPointExtension><gpxtpx:hr>171</gpxtpx:hr></gpxtpx:TrackPointExtension></extensions></trkpt><trkpt lat="58.049355" lon="38.858333"><ele>118.0</ele><time>2025-03-26T16:40:25Z</time><extensions><gpxtpx:TrackPointExtension><gpxtpx:hr>171</gpxtpx:hr></gpxtpx:TrackPointExtension></extensions></trkpt><trkpt lat="58.049362" lon="38.858288"><ele>118.0</ele><time>2025-03-26T16:40:26Z</time><extensions><gpxtpx:TrackPointExtension><gpxtpx:hr>171</gpxtpx:hr></gpxtpx:TrackPointExtension></extensions></trkpt><trkpt lat="58.049365" lon="38.85825"><ele>118.0</ele><time>2025-03-26T16:40:27Z</time><extensions><gpxtpx:TrackPointExtension><gpxtpx:hr>171</gpxtpx:hr></gpxtpx:TrackPointExtension></extensions></trkpt><trkpt lat="58.04937" lon="38.858207"><ele>118.0</ele><time>2025-03-26T16:40:28Z</time><extensions><gpxtpx:TrackPointExtension><gpxtpx:hr>172</gpxtpx:hr></gpxtpx:TrackPointExtension></extensions></trkpt><trkpt lat="58.049373" lon="38.858165"><ele>118.0</ele><time>2025-03-26T16:40:29Z</time><extensions><gpxtpx:TrackPointExtension><gpxtpx:hr>172</gpxtpx:hr></gpxtpx:TrackPointExtension></extensions></trkpt><trkpt lat="58.04938" lon="38.858123"><ele>118.0</ele><time>2025-03-26T16:40:30Z</time><extensions><gpxtpx:TrackPointExtension><gpxtpx:hr>172</gpxtpx:hr></gpxtpx:TrackPointExtension></extensions></trkpt><trkpt lat="58.049385" lon="38.85808"><ele>118.0</ele><time>2025-03-26T16:40:31Z</time><extensions><gpxtpx:TrackPointExtension><gpxtpx:hr>172</gpxtpx:hr></gpxtpx:TrackPointExtension></extensions></trkpt><trkpt lat="58.049392" lon="38.85804"><ele>118.0</ele><time>2025-03-26T16:40:32Z</time><extensions><gpxtpx:TrackPointExtension><gpxtpx:hr>172</gpxtpx:hr></gpxtpx:TrackPointExtension></extensions></trkpt><trkpt lat="58.049397" lon="38.857997"><ele>118.0</ele><time>2025-03-26T16:40:32Z</time><extensions><gpxtpx:TrackPointExtension><gpxtpx:hr>172</gpxtpx:hr></gpxtpx:TrackPointExtension></extensions></trkpt><trkpt lat="58.049403" lon="38.857955"><ele>118.0</ele><time>2025-03-26T16:40:33Z</time><extensions><gpxtpx:TrackPointExtension><gpxtpx:hr>172</gpxtpx:hr></gpxtpx:TrackPointExtension></extensions></trkpt><trkpt lat="58.04941" lon="38.857917"><ele>118.0</ele><time>2025-03-26T16:40:34Z</time><extensions><gpxtpx:TrackPointExtension><gpxtpx:hr>173</gpxtpx:hr></gpxtpx:TrackPointExtension></extensions></trkpt><trkpt lat="58.049415" lon="38.857875"><ele>118.0</ele><time>2025-03-26T16:40:35Z</time><extensions><gpxtpx:TrackPointExtension><gpxtpx:hr>173</gpxtpx:hr></gpxtpx:TrackPointExtension></extensions></trkpt><trkpt lat="58.049422" lon="38.857833"><ele>118.0</ele><time>2025-03-26T16:40:36Z</time><extensions><gpxtpx:TrackPointExtension><gpxtpx:hr>174</gpxtpx:hr></gpxtpx:TrackPointExtension></extensions></trkpt><trkpt lat="58.04943" lon="38.85779"><ele>118.0</ele><time>2025-03-26T16:40:37Z</time><extensions><gpxtpx:TrackPointExtension><gpxtpx:hr>174</gpxtpx:hr></gpxtpx:TrackPointExtension></extensions></trkpt><trkpt lat="58.04944" lon="38.85775"><ele>118.0</ele><time>2025-03-26T16:40:38Z</time><extensions><gpxtpx:TrackPointExtension><gpxtpx:hr>174</gpxtpx:hr></gpxtpx:TrackPointExtension></extensions></trkpt><trkpt lat="58.049442" lon="38.857707"><ele>118.0</ele><time>2025-03-26T16:40:39Z</time><extensions><gpxtpx:TrackPointExtension><gpxtpx:hr>174</gpxtpx:hr></gpxtpx:TrackPointExtension></extensions></trkpt><trkpt lat="58.04945" lon="38.857662"><ele>118.0</ele><time>2025-03-26T16:40:40Z</time><extensions><gpxtpx:TrackPointExtension><gpxtpx:hr>174</gpxtpx:hr></gpxtpx:TrackPointExtension></extensions></trkpt><trkpt lat="58.049457" lon="38.857615"><ele>118.0</ele><time>2025-03-26T16:40:41Z</time><extensions><gpxtpx:TrackPointExtension><gpxtpx:hr>174</gpxtpx:hr></gpxtpx:TrackPointExtension></extensions></trkpt><trkpt lat="58.049465" lon="38.857573"><ele>118.0</ele><time>2025-03-26T16:40:42Z</time><extensions><gpxtpx:TrackPointExtension><gpxtpx:hr>174</gpxtpx:hr></gpxtpx:TrackPointExtension></extensions></trkpt><trkpt lat="58.049472" lon="38.857532"><ele>118.0</ele><time>2025-03-26T16:40:43Z</time><extensions><gpxtpx:TrackPointExtension><gpxtpx:hr>175</gpxtpx:hr></gpxtpx:TrackPointExtension></extensions></trkpt><trkpt lat="58.04948" lon="38.85749"><ele>118.0</ele><time>2025-03-26T16:40:44Z</time><extensions><gpxtpx:TrackPointExtension><gpxtpx:hr>176</gpxtpx:hr></gpxtpx:TrackPointExtension></extensions></trkpt><trkpt lat="58.049487" lon="38.85745"><ele>118.0</ele><time>2025-03-26T16:40:45Z</time><extensions><gpxtpx:TrackPointExtension><gpxtpx:hr>174</gpxtpx:hr></gpxtpx:TrackPointExtension></extensions></trkpt><trkpt lat="58.049495" lon="38.857407"><ele>118.0</ele><time>2025-03-26T16:40:46Z</time><extensions><gpxtpx:TrackPointExtension><gpxtpx:hr>173</gpxtpx:hr></gpxtpx:TrackPointExtension></extensions></trkpt><trkpt lat="58.049502" lon="38.857365"><ele>118.0</ele><time>2025-03-26T16:40:47Z</time><extensions><gpxtpx:TrackPointExtension><gpxtpx:hr>173</gpxtpx:hr></gpxtpx:TrackPointExtension></extensions></trkpt><trkpt lat="58.04951" lon="38.85732"><ele>118.0</ele><time>2025-03-26T16:40:48Z</time><extensions><gpxtpx:TrackPointExtension><gpxtpx:hr>173</gpxtpx:hr></gpxtpx:TrackPointExtension></extensions></trkpt><trkpt lat="58.04952" lon="38.857277"><ele>118.0</ele><time>2025-03-26T16:40:49Z</time><extensions><gpxtpx:TrackPointExtension><gpxtpx:hr>173</gpxtpx:hr></gpxtpx:TrackPointExtension></extensions></trkpt><trkpt lat="58.049528" lon="38.85723"><ele>118.0</ele><time>2025-03-26T16:40:50Z</time><extensions><gpxtpx:TrackPointExtension><gpxtpx:hr>173</gpxtpx:hr></gpxtpx:TrackPointExtension></extensions></trkpt><trkpt lat="58.049537" lon="38.85719"><ele>118.0</ele><time>2025-03-26T16:40:51Z</time><extensions><gpxtpx:TrackPointExtension><gpxtpx:hr>173</gpxtpx:hr></gpxtpx:TrackPointExtension></extensions></trkpt><trkpt lat="58.04955" lon="38.857147"><ele>118.0</ele><time>2025-03-26T16:40:52Z</time><extensions><gpxtpx:TrackPointExtension><gpxtpx:hr>173</gpxtpx:hr></gpxtpx:TrackPointExtension></extensions></trkpt><trkpt lat="58.04956" lon="38.857105"><ele>118.0</ele><time>2025-03-26T16:40:53Z</time><extensions><gpxtpx:TrackPointExtension><gpxtpx:hr>174</gpxtpx:hr></gpxtpx:TrackPointExtension></extensions></trkpt><trkpt lat="58.049572" lon="38.857062"><ele>118.0</ele><time>2025-03-26T16:40:54Z</time><extensions><gpxtpx:TrackPointExtension><gpxtpx:hr>175</gpxtpx:hr></gpxtpx:TrackPointExtension></extensions></trkpt><trkpt lat="58.04958" lon="38.85702"><ele>118.0</ele><time>2025-03-26T16:40:55Z</time><extensions><gpxtpx:TrackPointExtension><gpxtpx:hr>175</gpxtpx:hr></gpxtpx:TrackPointExtension></extensions></trkpt><trkpt lat="58.04959" lon="38.85698"><ele>118.0</ele><time>2025-03-26T16:40:56Z</time><extensions><gpxtpx:TrackPointExtension><gpxtpx:hr>175</gpxtpx:hr></gpxtpx:TrackPointExtension></extensions></trkpt><trkpt lat="58.049602" lon="38.856937"><ele>118.0</ele><time>2025-03-26T16:40:57Z</time><extensions><gpxtpx:TrackPointExtension><gpxtpx:hr>175</gpxtpx:hr></gpxtpx:TrackPointExtension></extensions></trkpt><trkpt lat="58.04961" lon="38.856895"><ele>118.0</ele><time>2025-03-26T16:40:58Z</time><extensions><gpxtpx:TrackPointExtension><gpxtpx:hr>175</gpxtpx:hr></gpxtpx:TrackPointExtension></extensions></trkpt><trkpt lat="58.049617" lon="38.856857"><ele>118.0</ele><time>2025-03-26T16:40:59Z</time><extensions><gpxtpx:TrackPointExtension><gpxtpx:hr>175</gpxtpx:hr></gpxtpx:TrackPointExtension></extensions></trkpt><trkpt lat="58.04963" lon="38.856815"><ele>118.0</ele><time>2025-03-26T16:41:00Z</time><extensions><gpxtpx:TrackPointExtension><gpxtpx:hr>174</gpxtpx:hr></gpxtpx:TrackPointExtension></extensions></trkpt><trkpt lat="58.049637" lon="38.856772"><ele>118.0</ele><time>2025-03-26T16:41:01Z</time><extensions><gpxtpx:TrackPointExtension><gpxtpx:hr>174</gpxtpx:hr></gpxtpx:TrackPointExtension></extensions></trkpt><trkpt lat="58.049643" lon="38.85673"><ele>118.0</ele><time>2025-03-26T16:41:02Z</time><extensions><gpxtpx:TrackPointExtension><gpxtpx:hr>174</gpxtpx:hr></gpxtpx:TrackPointExtension></extensions></trkpt><trkpt lat="58.049652" lon="38.85669"><ele>118.0</ele><time>2025-03-26T16:41:03Z</time><extensions><gpxtpx:TrackPointExtension><gpxtpx:hr>174</gpxtpx:hr></gpxtpx:TrackPointExtension></extensions></trkpt><trkpt lat="58.04966" lon="38.856647"><ele>118.0</ele><time>2025-03-26T16:41:04Z</time><extensions><gpxtpx:TrackPointExtension><gpxtpx:hr>174</gpxtpx:hr></gpxtpx:TrackPointExtension></extensions></trkpt><trkpt lat="58.049667" lon="38.856605"><ele>118.0</ele><time>2025-03-26T16:41:05Z</time><extensions><gpxtpx:TrackPointExtension><gpxtpx:hr>174</gpxtpx:hr></gpxtpx:TrackPointExtension></extensions></trkpt><trkpt lat="58.049675" lon="38.85656"><ele>118.0</ele><time>2025-03-26T16:41:06Z</time><extensions><gpxtpx:TrackPointExtension><gpxtpx:hr>174</gpxtpx:hr></gpxtpx:TrackPointExtension></extensions></trkpt><trkpt lat="58.049682" lon="38.856517"><ele>118.0</ele><time>2025-03-26T16:41:07Z</time><extensions><gpxtpx:TrackPointExtension><gpxtpx:hr>175</gpxtpx:hr></gpxtpx:TrackPointExtension></extensions></trkpt><trkpt lat="58.04969" lon="38.856475"><ele>118.0</ele><time>2025-03-26T16:41:08Z</time><extensions><gpxtpx:TrackPointExtension><gpxtpx:hr>174</gpxtpx:hr></gpxtpx:TrackPointExtension></extensions></trkpt><trkpt lat="58.0497" lon="38.85643"><ele>118.0</ele><time>2025-03-26T16:41:09Z</time><extensions><gpxtpx:TrackPointExtension><gpxtpx:hr>174</gpxtpx:hr></gpxtpx:TrackPointExtension></extensions></trkpt><trkpt lat="58.04971" lon="38.856387"><ele>118.0</ele><time>2025-03-26T16:41:10Z</time><extensions><gpxtpx:TrackPointExtension><gpxtpx:hr>174</gpxtpx:hr></gpxtpx:TrackPointExtension></extensions></trkpt><trkpt lat="58.049717" lon="38.856345"><ele>118.0</ele><time>2025-03-26T16:41:11Z</time><extensions><gpxtpx:TrackPointExtension><gpxtpx:hr>174</gpxtpx:hr></gpxtpx:TrackPointExtension></extensions></trkpt><trkpt lat="58.04973" lon="38.856303"><ele>118.0</ele><time>2025-03-26T16:41:12Z</time><extensions><gpxtpx:TrackPointExtension><gpxtpx:hr>174</gpxtpx:hr></gpxtpx:TrackPointExtension></extensions></trkpt><trkpt lat="58.049735" lon="38.856262"><ele>118.0</ele><time>2025-03-26T16:41:13Z</time><extensions><gpxtpx:TrackPointExtension><gpxtpx:hr>174</gpxtpx:hr></gpxtpx:TrackPointExtension></extensions></trkpt><trkpt lat="58.049747" lon="38.85622"><ele>118.0</ele><time>2025-03-26T16:41:14Z</time><extensions><gpxtpx:TrackPointExtension><gpxtpx:hr>174</gpxtpx:hr></gpxtpx:TrackPointExtension></extensions></trkpt><trkpt lat="58.049753" lon="38.856182"><ele>118.0</ele><time>2025-03-26T16:41:15Z</time><extensions><gpxtpx:TrackPointExtension><gpxtpx:hr>174</gpxtpx:hr></gpxtpx:TrackPointExtension></extensions></trkpt><trkpt lat="58.049762" lon="38.856135"><ele>118.0</ele><time>2025-03-26T16:41:16Z</time><extensions><gpxtpx:TrackPointExtension><gpxtpx:hr>173</gpxtpx:hr></gpxtpx:TrackPointExtension></extensions></trkpt><trkpt lat="58.04977" lon="38.856093"><ele>118.0</ele><time>2025-03-26T16:41:17Z</time><extensions><gpxtpx:TrackPointExtension><gpxtpx:hr>173</gpxtpx:hr></gpxtpx:TrackPointExtension></extensions></trkpt><trkpt lat="58.04978" lon="38.856052"><ele>118.0</ele><time>2025-03-26T16:41:18Z</time><extensions><gpxtpx:TrackPointExtension><gpxtpx:hr>173</gpxtpx:hr></gpxtpx:TrackPointExtension></extensions></trkpt><trkpt lat="58.04979" lon="38.856007"><ele>118.0</ele><time>2025-03-26T16:41:19Z</time><extensions><gpxtpx:TrackPointExtension><gpxtpx:hr>173</gpxtpx:hr></gpxtpx:TrackPointExtension></extensions></trkpt><trkpt lat="58.049797" lon="38.855965"><ele>118.0</ele><time>2025-03-26T16:41:20Z</time><extensions><gpxtpx:TrackPointExtension><gpxtpx:hr>173</gpxtpx:hr></gpxtpx:TrackPointExtension></extensions></trkpt><trkpt lat="58.04981" lon="38.855922"><ele>118.0</ele><time>2025-03-26T16:41:21Z</time><extensions><gpxtpx:TrackPointExtension><gpxtpx:hr>173</gpxtpx:hr></gpxtpx:TrackPointExtension></extensions></trkpt><trkpt lat="58.049815" lon="38.855877"><ele>118.0</ele><time>2025-03-26T16:41:22Z</time><extensions><gpxtpx:TrackPointExtension><gpxtpx:hr>173</gpxtpx:hr></gpxtpx:TrackPointExtension></extensions></trkpt><trkpt lat="58.049823" lon="38.855835"><ele>118.0</ele><time>2025-03-26T16:41:23Z</time><extensions><gpxtpx:TrackPointExtension><gpxtpx:hr>173</gpxtpx:hr></gpxtpx:TrackPointExtension></extensions></trkpt><trkpt lat="58.04983" lon="38.855792"><ele>118.0</ele><time>2025-03-26T16:41:24Z</time><extensions><gpxtpx:TrackPointExtension><gpxtpx:hr>173</gpxtpx:hr></gpxtpx:TrackPointExtension></extensions></trkpt><trkpt lat="58.049842" lon="38.85575"><ele>118.0</ele><time>2025-03-26T16:41:25Z</time><extensions><gpxtpx:TrackPointExtension><gpxtpx:hr>173</gpxtpx:hr></gpxtpx:TrackPointExtension></extensions></trkpt><trkpt lat="58.04985" lon="38.85571"><ele>118.0</ele><time>2025-03-26T16:41:26Z</time><extensions><gpxtpx:TrackPointExtension><gpxtpx:hr>173</gpxtpx:hr></gpxtpx:TrackPointExtension></extensions></trkpt><trkpt lat="58.04986" lon="38.855667"><ele>118.0</ele><time>2025-03-26T16:41:27Z</time><extensions><gpxtpx:TrackPointExtension><gpxtpx:hr>173</gpxtpx:hr></gpxtpx:TrackPointExtension></extensions></trkpt><trkpt lat="58.049865" lon="38.855625"><ele>118.0</ele><time>2025-03-26T16:41:28Z</time><extensions><gpxtpx:TrackPointExtension><gpxtpx:hr>173</gpxtpx:hr></gpxtpx:TrackPointExtension></extensions></trkpt><trkpt lat="58.049872" lon="38.85558"><ele>118.0</ele><time>2025-03-26T16:41:29Z</time><extensions><gpxtpx:TrackPointExtension><gpxtpx:hr>173</gpxtpx:hr></gpxtpx:TrackPointExtension></extensions></trkpt><trkpt lat="58.04988" lon="38.855537"><ele>118.0</ele><time>2025-03-26T16:41:30Z</time><extensions><gpxtpx:TrackPointExtension><gpxtpx:hr>173</gpxtpx:hr></gpxtpx:TrackPointExtension></extensions></trkpt><trkpt lat="58.049885" lon="38.85549"><ele>118.0</ele><time>2025-03-26T16:41:31Z</time><extensions><gpxtpx:TrackPointExtension><gpxtpx:hr>172</gpxtpx:hr></gpxtpx:TrackPointExtension></extensions></trkpt><trkpt lat="58.049892" lon="38.855445"><ele>118.0</ele><time>2025-03-26T16:41:32Z</time><extensions><gpxtpx:TrackPointExtension><gpxtpx:hr>172</gpxtpx:hr></gpxtpx:TrackPointExtension></extensions></trkpt><trkpt lat="58.0499" lon="38.855403"><ele>118.0</ele><time>2025-03-26T16:41:33Z</time><extensions><gpxtpx:TrackPointExtension><gpxtpx:hr>172</gpxtpx:hr></gpxtpx:TrackPointExtension></extensions></trkpt><trkpt lat="58.049907" lon="38.85536"><ele>118.0</ele><time>2025-03-26T16:41:34Z</time><extensions><gpxtpx:TrackPointExtension><gpxtpx:hr>172</gpxtpx:hr></gpxtpx:TrackPointExtension></extensions></trkpt><trkpt lat="58.049915" lon="38.855312"><ele>118.0</ele><time>2025-03-26T16:41:35Z</time><extensions><gpxtpx:TrackPointExtension><gpxtpx:hr>172</gpxtpx:hr></gpxtpx:TrackPointExtension></extensions></trkpt><trkpt lat="58.049922" lon="38.855262"><ele>118.0</ele><time>2025-03-26T16:41:36Z</time><extensions><gpxtpx:TrackPointExtension><gpxtpx:hr>172</gpxtpx:hr></gpxtpx:TrackPointExtension></extensions></trkpt><trkpt lat="58.04993" lon="38.855217"><ele>118.0</ele><time>2025-03-26T16:41:37Z</time><extensions><gpxtpx:TrackPointExtension><gpxtpx:hr>172</gpxtpx:hr></gpxtpx:TrackPointExtension></extensions></trkpt><trkpt lat="58.049933" lon="38.85517"><ele>118.0</ele><time>2025-03-26T16:41:38Z</time><extensions><gpxtpx:TrackPointExtension><gpxtpx:hr>173</gpxtpx:hr></gpxtpx:TrackPointExtension></extensions></trkpt><trkpt lat="58.049942" lon="38.855125"><ele>118.0</ele><time>2025-03-26T16:41:39Z</time><extensions><gpxtpx:TrackPointExtension><gpxtpx:hr>173</gpxtpx:hr></gpxtpx:TrackPointExtension></extensions></trkpt><trkpt lat="58.049945" lon="38.855075"><ele>118.0</ele><time>2025-03-26T16:41:40Z</time><extensions><gpxtpx:TrackPointExtension><gpxtpx:hr>173</gpxtpx:hr></gpxtpx:TrackPointExtension></extensions></trkpt><trkpt lat="58.04995" lon="38.85503"><ele>118.0</ele><time>2025-03-26T16:41:41Z</time><extensions><gpxtpx:TrackPointExtension><gpxtpx:hr>173</gpxtpx:hr></gpxtpx:TrackPointExtension></extensions></trkpt><trkpt lat="58.049952" lon="38.854983"><ele>118.0</ele><time>2025-03-26T16:41:42Z</time><extensions><gpxtpx:TrackPointExtension><gpxtpx:hr>173</gpxtpx:hr></gpxtpx:TrackPointExtension></extensions></trkpt><trkpt lat="58.049957" lon="38.854935"><ele>118.0</ele><time>2025-03-26T16:41:43Z</time><extensions><gpxtpx:TrackPointExtension><gpxtpx:hr>173</gpxtpx:hr></gpxtpx:TrackPointExtension></extensions></trkpt><trkpt lat="58.04996" lon="38.85489"><ele>118.0</ele><time>2025-03-26T16:41:44Z</time><extensions><gpxtpx:TrackPointExtension><gpxtpx:hr>173</gpxtpx:hr></gpxtpx:TrackPointExtension></extensions></trkpt><trkpt lat="58.04997" lon="38.85484"><ele>118.0</ele><time>2025-03-26T16:41:45Z</time><extensions><gpxtpx:TrackPointExtension><gpxtpx:hr>172</gpxtpx:hr></gpxtpx:TrackPointExtension></extensions></trkpt><trkpt lat="58.049972" lon="38.854793"><ele>118.0</ele><time>2025-03-26T16:41:46Z</time><extensions><gpxtpx:TrackPointExtension><gpxtpx:hr>172</gpxtpx:hr></gpxtpx:TrackPointExtension></extensions></trkpt><trkpt lat="58.049978" lon="38.854743"><ele>118.0</ele><time>2025-03-26T16:41:47Z</time><extensions><gpxtpx:TrackPointExtension><gpxtpx:hr>172</gpxtpx:hr></gpxtpx:TrackPointExtension></extensions></trkpt><trkpt lat="58.04999" lon="38.8547"><ele>118.0</ele><time>2025-03-26T16:41:48Z</time><extensions><gpxtpx:TrackPointExtension><gpxtpx:hr>172</gpxtpx:hr></gpxtpx:TrackPointExtension></extensions></trkpt><trkpt lat="58.05" lon="38.854652"><ele>118.0</ele><time>2025-03-26T16:41:49Z</time><extensions><gpxtpx:TrackPointExtension><gpxtpx:hr>172</gpxtpx:hr></gpxtpx:TrackPointExtension></extensions></trkpt><trkpt lat="58.050007" lon="38.854607"><ele>118.0</ele><time>2025-03-26T16:41:50Z</time><extensions><gpxtpx:TrackPointExtension><gpxtpx:hr>174</gpxtpx:hr></gpxtpx:TrackPointExtension></extensions></trkpt><trkpt lat="58.05002" lon="38.85456"><ele>118.0</ele><time>2025-03-26T16:41:51Z</time><extensions><gpxtpx:TrackPointExtension><gpxtpx:hr>174</gpxtpx:hr></gpxtpx:TrackPointExtension></extensions></trkpt><trkpt lat="58.050025" lon="38.854515"><ele>118.0</ele><time>2025-03-26T16:41:52Z</time><extensions><gpxtpx:TrackPointExtension><gpxtpx:hr>173</gpxtpx:hr></gpxtpx:TrackPointExtension></extensions></trkpt><trkpt lat="58.050033" lon="38.85447"><ele>118.0</ele><time>2025-03-26T16:41:53Z</time><extensions><gpxtpx:TrackPointExtension><gpxtpx:hr>172</gpxtpx:hr></gpxtpx:TrackPointExtension></extensions></trkpt><trkpt lat="58.05004" lon="38.854423"><ele>118.0</ele><time>2025-03-26T16:41:54Z</time><extensions><gpxtpx:TrackPointExtension><gpxtpx:hr>172</gpxtpx:hr></gpxtpx:TrackPointExtension></extensions></trkpt><trkpt lat="58.05005" lon="38.85438"><ele>118.0</ele><time>2025-03-26T16:41:55Z</time><extensions><gpxtpx:TrackPointExtension><gpxtpx:hr>172</gpxtpx:hr></gpxtpx:TrackPointExtension></extensions></trkpt><trkpt lat="58.050055" lon="38.854335"><ele>118.0</ele><time>2025-03-26T16:41:56Z</time><extensions><gpxtpx:TrackPointExtension><gpxtpx:hr>172</gpxtpx:hr></gpxtpx:TrackPointExtension></extensions></trkpt><trkpt lat="58.050063" lon="38.85429"><ele>118.0</ele><time>2025-03-26T16:41:57Z</time><extensions><gpxtpx:TrackPointExtension><gpxtpx:hr>172</gpxtpx:hr></gpxtpx:TrackPointExtension></extensions></trkpt><trkpt lat="58.05007" lon="38.854247"><ele>118.0</ele><time>2025-03-26T16:41:58Z</time><extensions><gpxtpx:TrackPointExtension><gpxtpx:hr>172</gpxtpx:hr></gpxtpx:TrackPointExtension></extensions></trkpt><trkpt lat="58.05008" lon="38.854202"><ele>118.0</ele><time>2025-03-26T16:41:59Z</time><extensions><gpxtpx:TrackPointExtension><gpxtpx:hr>171</gpxtpx:hr></gpxtpx:TrackPointExtension></extensions></trkpt><trkpt lat="58.050087" lon="38.854155"><ele>118.0</ele><time>2025-03-26T16:42:00Z</time><extensions><gpxtpx:TrackPointExtension><gpxtpx:hr>171</gpxtpx:hr></gpxtpx:TrackPointExtension></extensions></trkpt><trkpt lat="58.050095" lon="38.85411"><ele>118.0</ele><time>2025-03-26T16:42:01Z</time><extensions><gpxtpx:TrackPointExtension><gpxtpx:hr>171</gpxtpx:hr></gpxtpx:TrackPointExtension></extensions></trkpt><trkpt lat="58.050102" lon="38.85407"><ele>118.0</ele><time>2025-03-26T16:42:02Z</time><extensions><gpxtpx:TrackPointExtension><gpxtpx:hr>171</gpxtpx:hr></gpxtpx:TrackPointExtension></extensions></trkpt><trkpt lat="58.050113" lon="38.854022"><ele>118.0</ele><time>2025-03-26T16:42:03Z</time><extensions><gpxtpx:TrackPointExtension><gpxtpx:hr>171</gpxtpx:hr></gpxtpx:TrackPointExtension></extensions></trkpt><trkpt lat="58.050117" lon="38.853977"><ele>118.0</ele><time>2025-03-26T16:42:04Z</time><extensions><gpxtpx:TrackPointExtension><gpxtpx:hr>171</gpxtpx:hr></gpxtpx:TrackPointExtension></extensions></trkpt><trkpt lat="58.050125" lon="38.853935"><ele>118.0</ele><time>2025-03-26T16:42:05Z</time><extensions><gpxtpx:TrackPointExtension><gpxtpx:hr>171</gpxtpx:hr></gpxtpx:TrackPointExtension></extensions></trkpt><trkpt lat="58.050132" lon="38.85389"><ele>118.0</ele><time>2025-03-26T16:42:06Z</time><extensions><gpxtpx:TrackPointExtension><gpxtpx:hr>171</gpxtpx:hr></gpxtpx:TrackPointExtension></extensions></trkpt><trkpt lat="58.050143" lon="38.853847"><ele>118.0</ele><time>2025-03-26T16:42:07Z</time><extensions><gpxtpx:TrackPointExtension><gpxtpx:hr>171</gpxtpx:hr></gpxtpx:TrackPointExtension></extensions></trkpt><trkpt lat="58.05015" lon="38.8538"><ele>118.0</ele><time>2025-03-26T16:42:08Z</time><extensions><gpxtpx:TrackPointExtension><gpxtpx:hr>171</gpxtpx:hr></gpxtpx:TrackPointExtension></extensions></trkpt><trkpt lat="58.050155" lon="38.853755"><ele>118.0</ele><time>2025-03-26T16:42:09Z</time><extensions><gpxtpx:TrackPointExtension><gpxtpx:hr>171</gpxtpx:hr></gpxtpx:TrackPointExtension></extensions></trkpt><trkpt lat="58.050162" lon="38.85371"><ele>118.0</ele><time>2025-03-26T16:42:10Z</time><extensions><gpxtpx:TrackPointExtension><gpxtpx:hr>172</gpxtpx:hr></gpxtpx:TrackPointExtension></extensions></trkpt><trkpt lat="58.05017" lon="38.853663"><ele>118.0</ele><time>2025-03-26T16:42:11Z</time><extensions><gpxtpx:TrackPointExtension><gpxtpx:hr>172</gpxtpx:hr></gpxtpx:TrackPointExtension></extensions></trkpt><trkpt lat="58.050182" lon="38.853622"><ele>118.0</ele><time>2025-03-26T16:42:12Z</time><extensions><gpxtpx:TrackPointExtension><gpxtpx:hr>173</gpxtpx:hr></gpxtpx:TrackPointExtension></extensions></trkpt><trkpt lat="58.05019" lon="38.853577"><ele>118.0</ele><time>2025-03-26T16:42:13Z</time><extensions><gpxtpx:TrackPointExtension><gpxtpx:hr>173</gpxtpx:hr></gpxtpx:TrackPointExtension></extensions></trkpt><trkpt lat="58.0502" lon="38.85353"><ele>118.0</ele><time>2025-03-26T16:42:14Z</time><extensions><gpxtpx:TrackPointExtension><gpxtpx:hr>173</gpxtpx:hr></gpxtpx:TrackPointExtension></extensions></trkpt><trkpt lat="58.050212" lon="38.853485"><ele>118.0</ele><time>2025-03-26T16:42:15Z</time><extensions><gpxtpx:TrackPointExtension><gpxtpx:hr>173</gpxtpx:hr></gpxtpx:TrackPointExtension></extensions></trkpt><trkpt lat="58.05022" lon="38.853442"><ele>118.0</ele><time>2025-03-26T16:42:16Z</time><extensions><gpxtpx:TrackPointExtension><gpxtpx:hr>173</gpxtpx:hr></gpxtpx:TrackPointExtension></extensions></trkpt><trkpt lat="58.050232" lon="38.853397"><ele>118.0</ele><time>2025-03-26T16:42:17Z</time><extensions><gpxtpx:TrackPointExtension><gpxtpx:hr>173</gpxtpx:hr></gpxtpx:TrackPointExtension></extensions></trkpt><trkpt lat="58.050242" lon="38.85335"><ele>118.0</ele><time>2025-03-26T16:42:18Z</time><extensions><gpxtpx:TrackPointExtension><gpxtpx:hr>173</gpxtpx:hr></gpxtpx:TrackPointExtension></extensions></trkpt><trkpt lat="58.05025" lon="38.853305"><ele>118.0</ele><time>2025-03-26T16:42:19Z</time><extensions><gpxtpx:TrackPointExtension><gpxtpx:hr>173</gpxtpx:hr></gpxtpx:TrackPointExtension></extensions></trkpt><trkpt lat="58.05026" lon="38.85326"><ele>118.0</ele><time>2025-03-26T16:42:20Z</time><extensions><gpxtpx:TrackPointExtension><gpxtpx:hr>173</gpxtpx:hr></gpxtpx:TrackPointExtension></extensions></trkpt><trkpt lat="58.050265" lon="38.853213"><ele>118.0</ele><time>2025-03-26T16:42:21Z</time><extensions><gpxtpx:TrackPointExtension><gpxtpx:hr>174</gpxtpx:hr></gpxtpx:TrackPointExtension></extensions></trkpt><trkpt lat="58.050273" lon="38.853172"><ele>118.0</ele><time>2025-03-26T16:42:22Z</time><extensions><gpxtpx:TrackPointExtension><gpxtpx:hr>175</gpxtpx:hr></gpxtpx:TrackPointExtension></extensions></trkpt><trkpt lat="58.050285" lon="38.853127"><ele>118.0</ele><time>2025-03-26T16:42:23Z</time><extensions><gpxtpx:TrackPointExtension><gpxtpx:hr>175</gpxtpx:hr></gpxtpx:TrackPointExtension></extensions></trkpt><trkpt lat="58.050292" lon="38.853085"><ele>118.0</ele><time>2025-03-26T16:42:24Z</time><extensions><gpxtpx:TrackPointExtension><gpxtpx:hr>176</gpxtpx:hr></gpxtpx:TrackPointExtension></extensions></trkpt><trkpt lat="58.050303" lon="38.853042"><ele>118.0</ele><time>2025-03-26T16:42:25Z</time><extensions><gpxtpx:TrackPointExtension><gpxtpx:hr>176</gpxtpx:hr></gpxtpx:TrackPointExtension></extensions></trkpt><trkpt lat="58.050315" lon="38.853"><ele>118.0</ele><time>2025-03-26T16:42:26Z</time><extensions><gpxtpx:TrackPointExtension><gpxtpx:hr>176</gpxtpx:hr></gpxtpx:TrackPointExtension></extensions></trkpt><trkpt lat="58.050327" lon="38.85296"><ele>118.0</ele><time>2025-03-26T16:42:27Z</time><extensions><gpxtpx:TrackPointExtension><gpxtpx:hr>176</gpxtpx:hr></gpxtpx:TrackPointExtension></extensions></trkpt><trkpt lat="58.050335" lon="38.852912"><ele>118.0</ele><time>2025-03-26T16:42:28Z</time><extensions><gpxtpx:TrackPointExtension><gpxtpx:hr>176</gpxtpx:hr></gpxtpx:TrackPointExtension></extensions></trkpt><trkpt lat="58.050342" lon="38.85287"><ele>118.0</ele><time>2025-03-26T16:42:29Z</time><extensions><gpxtpx:TrackPointExtension><gpxtpx:hr>176</gpxtpx:hr></gpxtpx:TrackPointExtension></extensions></trkpt><trkpt lat="58.05035" lon="38.852825"><ele>118.0</ele><time>2025-03-26T16:42:30Z</time><extensions><gpxtpx:TrackPointExtension><gpxtpx:hr>177</gpxtpx:hr></gpxtpx:TrackPointExtension></extensions></trkpt><trkpt lat="58.050358" lon="38.85278"><ele>118.0</ele><time>2025-03-26T16:42:31Z</time><extensions><gpxtpx:TrackPointExtension><gpxtpx:hr>177</gpxtpx:hr></gpxtpx:TrackPointExtension></extensions></trkpt><trkpt lat="58.050377" lon="38.852737"><ele>118.0</ele><time>2025-03-26T16:42:32Z</time><extensions><gpxtpx:TrackPointExtension><gpxtpx:hr>177</gpxtpx:hr></gpxtpx:TrackPointExtension></extensions></trkpt><trkpt lat="58.050392" lon="38.852695"><ele>118.0</ele><time>2025-03-26T16:42:33Z</time><extensions><gpxtpx:TrackPointExtension><gpxtpx:hr>177</gpxtpx:hr></gpxtpx:TrackPointExtension></extensions></trkpt><trkpt lat="58.050407" lon="38.852653"><ele>118.0</ele><time>2025-03-26T16:42:34Z</time><extensions><gpxtpx:TrackPointExtension><gpxtpx:hr>177</gpxtpx:hr></gpxtpx:TrackPointExtension></extensions></trkpt><trkpt lat="58.050422" lon="38.85261"><ele>118.0</ele><time>2025-03-26T16:42:35Z</time><extensions><gpxtpx:TrackPointExtension><gpxtpx:hr>177</gpxtpx:hr></gpxtpx:TrackPointExtension></extensions></trkpt><trkpt lat="58.050437" lon="38.85257"><ele>118.0</ele><time>2025-03-26T16:42:36Z</time><extensions><gpxtpx:TrackPointExtension><gpxtpx:hr>178</gpxtpx:hr></gpxtpx:TrackPointExtension></extensions></trkpt><trkpt lat="58.050452" lon="38.852527"><ele>118.0</ele><time>2025-03-26T16:42:37Z</time><extensions><gpxtpx:TrackPointExtension><gpxtpx:hr>178</gpxtpx:hr></gpxtpx:TrackPointExtension></extensions></trkpt><trkpt lat="58.050465" lon="38.852485"><ele>118.0</ele><time>2025-03-26T16:42:38Z</time><extensions><gpxtpx:TrackPointExtension><gpxtpx:hr>179</gpxtpx:hr></gpxtpx:TrackPointExtension></extensions></trkpt><trkpt lat="58.05048" lon="38.852443"><ele>118.0</ele><time>2025-03-26T16:42:39Z</time><extensions><gpxtpx:TrackPointExtension><gpxtpx:hr>179</gpxtpx:hr></gpxtpx:TrackPointExtension></extensions></trkpt><trkpt lat="58.05049" lon="38.8524"><ele>118.0</ele><time>2025-03-26T16:42:40Z</time><extensions><gpxtpx:TrackPointExtension><gpxtpx:hr>179</gpxtpx:hr></gpxtpx:TrackPointExtension></extensions></trkpt><trkpt lat="58.050507" lon="38.85236"><ele>118.0</ele><time>2025-03-26T16:42:41Z</time><extensions><gpxtpx:TrackPointExtension><gpxtpx:hr>179</gpxtpx:hr></gpxtpx:TrackPointExtension></extensions></trkpt><trkpt lat="58.050517" lon="38.852317"><ele>118.0</ele><time>2025-03-26T16:42:42Z</time><extensions><gpxtpx:TrackPointExtension><gpxtpx:hr>179</gpxtpx:hr></gpxtpx:TrackPointExtension></extensions></trkpt><trkpt lat="58.050532" lon="38.852275"><ele>118.0</ele><time>2025-03-26T16:42:43Z</time><extensions><gpxtpx:TrackPointExtension><gpxtpx:hr>179</gpxtpx:hr></gpxtpx:TrackPointExtension></extensions></trkpt><trkpt lat="58.05055" lon="38.852237"><ele>118.0</ele><time>2025-03-26T16:42:44Z</time><extensions><gpxtpx:TrackPointExtension><gpxtpx:hr>179</gpxtpx:hr></gpxtpx:TrackPointExtension></extensions></trkpt><trkpt lat="58.05056" lon="38.852192"><ele>118.0</ele><time>2025-03-26T16:42:45Z</time><extensions><gpxtpx:TrackPointExtension><gpxtpx:hr>179</gpxtpx:hr></gpxtpx:TrackPointExtension></extensions></trkpt><trkpt lat="58.05058" lon="38.852145"><ele>118.0</ele><time>2025-03-26T16:42:46Z</time><extensions><gpxtpx:TrackPointExtension><gpxtpx:hr>179</gpxtpx:hr></gpxtpx:TrackPointExtension></extensions></trkpt><trkpt lat="58.0506" lon="38.8521"><ele>118.0</ele><time>2025-03-26T16:42:47Z</time><extensions><gpxtpx:TrackPointExtension><gpxtpx:hr>178</gpxtpx:hr></gpxtpx:TrackPointExtension></extensions></trkpt><trkpt lat="58.050617" lon="38.85205"><ele>118.0</ele><time>2025-03-26T16:42:48Z</time><extensions><gpxtpx:TrackPointExtension><gpxtpx:hr>177</gpxtpx:hr></gpxtpx:TrackPointExtension></extensions></trkpt><trkpt lat="58.050635" lon="38.852005"><ele>118.0</ele><time>2025-03-26T16:42:49Z</time><extensions><gpxtpx:TrackPointExtension><gpxtpx:hr>177</gpxtpx:hr></gpxtpx:TrackPointExtension></extensions></trkpt><trkpt lat="58.050655" lon="38.851962"><ele>118.0</ele><time>2025-03-26T16:42:50Z</time><extensions><gpxtpx:TrackPointExtension><gpxtpx:hr>177</gpxtpx:hr></gpxtpx:TrackPointExtension></extensions></trkpt><trkpt lat="58.050668" lon="38.85192"><ele>118.0</ele><time>2025-03-26T16:42:51Z</time><extensions><gpxtpx:TrackPointExtension><gpxtpx:hr>177</gpxtpx:hr></gpxtpx:TrackPointExtension></extensions></trkpt><trkpt lat="58.05069" lon="38.85188"><ele>118.0</ele><time>2025-03-26T16:42:52Z</time><extensions><gpxtpx:TrackPointExtension><gpxtpx:hr>177</gpxtpx:hr></gpxtpx:TrackPointExtension></extensions></trkpt><trkpt lat="58.050705" lon="38.851837"><ele>118.0</ele><time>2025-03-26T16:42:53Z</time><extensions><gpxtpx:TrackPointExtension><gpxtpx:hr>177</gpxtpx:hr></gpxtpx:TrackPointExtension></extensions></trkpt><trkpt lat="58.050723" lon="38.851795"><ele>118.0</ele><time>2025-03-26T16:42:54Z</time><extensions><gpxtpx:TrackPointExtension><gpxtpx:hr>177</gpxtpx:hr></gpxtpx:TrackPointExtension></extensions></trkpt><trkpt lat="58.050738" lon="38.851752"><ele>118.0</ele><time>2025-03-26T16:42:55Z</time><extensions><gpxtpx:TrackPointExtension><gpxtpx:hr>177</gpxtpx:hr></gpxtpx:TrackPointExtension></extensions></trkpt><trkpt lat="58.050755" lon="38.85171"><ele>118.0</ele><time>2025-03-26T16:42:56Z</time><extensions><gpxtpx:TrackPointExtension><gpxtpx:hr>177</gpxtpx:hr></gpxtpx:TrackPointExtension></extensions></trkpt><trkpt lat="58.05077" lon="38.851665"><ele>118.0</ele><time>2025-03-26T16:42:57Z</time><extensions><gpxtpx:TrackPointExtension><gpxtpx:hr>177</gpxtpx:hr></gpxtpx:TrackPointExtension></extensions></trkpt><trkpt lat="58.050785" lon="38.851623"><ele>118.0</ele><time>2025-03-26T16:42:58Z</time><extensions><gpxtpx:TrackPointExtension><gpxtpx:hr>177</gpxtpx:hr></gpxtpx:TrackPointExtension></extensions></trkpt><trkpt lat="58.0508" lon="38.85158"><ele>118.0</ele><time>2025-03-26T16:42:59Z</time><extensions><gpxtpx:TrackPointExtension><gpxtpx:hr>178</gpxtpx:hr></gpxtpx:TrackPointExtension></extensions></trkpt><trkpt lat="58.050815" lon="38.85154"><ele>118.0</ele><time>2025-03-26T16:43:00Z</time><extensions><gpxtpx:TrackPointExtension><gpxtpx:hr>178</gpxtpx:hr></gpxtpx:TrackPointExtension></extensions></trkpt><trkpt lat="58.05083" lon="38.8515"><ele>118.0</ele><time>2025-03-26T16:43:01Z</time><extensions><gpxtpx:TrackPointExtension><gpxtpx:hr>178</gpxtpx:hr></gpxtpx:TrackPointExtension></extensions></trkpt><trkpt lat="58.05085" lon="38.85146"><ele>118.0</ele><time>2025-03-26T16:43:02Z</time><extensions><gpxtpx:TrackPointExtension><gpxtpx:hr>178</gpxtpx:hr></gpxtpx:TrackPointExtension></extensions></trkpt><trkpt lat="58.050865" lon="38.85142"><ele>118.0</ele><time>2025-03-26T16:43:03Z</time><extensions><gpxtpx:TrackPointExtension><gpxtpx:hr>178</gpxtpx:hr></gpxtpx:TrackPointExtension></extensions></trkpt><trkpt lat="58.05088" lon="38.85138"><ele>118.0</ele><time>2025-03-26T16:43:04Z</time><extensions><gpxtpx:TrackPointExtension><gpxtpx:hr>178</gpxtpx:hr></gpxtpx:TrackPointExtension></extensions></trkpt><trkpt lat="58.050895" lon="38.85134"><ele>118.0</ele><time>2025-03-26T16:43:05Z</time><extensions><gpxtpx:TrackPointExtension><gpxtpx:hr>178</gpxtpx:hr></gpxtpx:TrackPointExtension></extensions></trkpt><trkpt lat="58.050915" lon="38.851302"><ele>118.0</ele><time>2025-03-26T16:43:06Z</time><extensions><gpxtpx:TrackPointExtension><gpxtpx:hr>179</gpxtpx:hr></gpxtpx:TrackPointExtension></extensions></trkpt><trkpt lat="58.05093" lon="38.851265"><ele>118.0</ele><time>2025-03-26T16:43:07Z</time><extensions><gpxtpx:TrackPointExtension><gpxtpx:hr>179</gpxtpx:hr></gpxtpx:TrackPointExtension></extensions></trkpt><trkpt lat="58.05095" lon="38.851222"><ele>118.0</ele><time>2025-03-26T16:43:08Z</time><extensions><gpxtpx:TrackPointExtension><gpxtpx:hr>179</gpxtpx:hr></gpxtpx:TrackPointExtension></extensions></trkpt><trkpt lat="58.050963" lon="38.851185"><ele>118.0</ele><time>2025-03-26T16:43:09Z</time><extensions><gpxtpx:TrackPointExtension><gpxtpx:hr>179</gpxtpx:hr></gpxtpx:TrackPointExtension></extensions></trkpt><trkpt lat="58.05098" lon="38.851142"><ele>118.0</ele><time>2025-03-26T16:43:10Z</time><extensions><gpxtpx:TrackPointExtension><gpxtpx:hr>179</gpxtpx:hr></gpxtpx:TrackPointExtension></extensions></trkpt><trkpt lat="58.050995" lon="38.8511"><ele>118.0</ele><time>2025-03-26T16:43:11Z</time><extensions><gpxtpx:TrackPointExtension><gpxtpx:hr>179</gpxtpx:hr></gpxtpx:TrackPointExtension></extensions></trkpt><trkpt lat="58.05101" lon="38.851062"><ele>118.0</ele><time>2025-03-26T16:43:12Z</time><extensions><gpxtpx:TrackPointExtension><gpxtpx:hr>179</gpxtpx:hr></gpxtpx:TrackPointExtension></extensions></trkpt><trkpt lat="58.05102" lon="38.85102"><ele>118.0</ele><time>2025-03-26T16:43:13Z</time><extensions><gpxtpx:TrackPointExtension><gpxtpx:hr>180</gpxtpx:hr></gpxtpx:TrackPointExtension></extensions></trkpt><trkpt lat="58.051037" lon="38.85098"><ele>118.0</ele><time>2025-03-26T16:43:14Z</time><extensions><gpxtpx:TrackPointExtension><gpxtpx:hr>180</gpxtpx:hr></gpxtpx:TrackPointExtension></extensions></trkpt><trkpt lat="58.051052" lon="38.85094"><ele>118.0</ele><time>2025-03-26T16:43:15Z</time><extensions><gpxtpx:TrackPointExtension><gpxtpx:hr>180</gpxtpx:hr></gpxtpx:TrackPointExtension></extensions></trkpt><trkpt lat="58.051067" lon="38.8509"><ele>118.0</ele><time>2025-03-26T16:43:16Z</time><extensions><gpxtpx:TrackPointExtension><gpxtpx:hr>180</gpxtpx:hr></gpxtpx:TrackPointExtension></extensions></trkpt><trkpt lat="58.051082" lon="38.850857"><ele>118.0</ele><time>2025-03-26T16:43:17Z</time><extensions><gpxtpx:TrackPointExtension><gpxtpx:hr>180</gpxtpx:hr></gpxtpx:TrackPointExtension></extensions></trkpt><trkpt lat="58.051093" lon="38.850815"><ele>118.0</ele><time>2025-03-26T16:43:18Z</time><extensions><gpxtpx:TrackPointExtension><gpxtpx:hr>180</gpxtpx:hr></gpxtpx:TrackPointExtension></extensions></trkpt><trkpt lat="58.05111" lon="38.850777"><ele>118.0</ele><time>2025-03-26T16:43:19Z</time><extensions><gpxtpx:TrackPointExtension><gpxtpx:hr>180</gpxtpx:hr></gpxtpx:TrackPointExtension></extensions></trkpt><trkpt lat="58.051125" lon="38.850735"><ele>118.0</ele><time>2025-03-26T16:43:20Z</time><extensions><gpxtpx:TrackPointExtension><gpxtpx:hr>180</gpxtpx:hr></gpxtpx:TrackPointExtension></extensions></trkpt><trkpt lat="58.05114" lon="38.850697"><ele>118.0</ele><time>2025-03-26T16:43:21Z</time><extensions><gpxtpx:TrackPointExtension><gpxtpx:hr>181</gpxtpx:hr></gpxtpx:TrackPointExtension></extensions></trkpt><trkpt lat="58.05115" lon="38.850655"><ele>118.0</ele><time>2025-03-26T16:43:22Z</time><extensions><gpxtpx:TrackPointExtension><gpxtpx:hr>181</gpxtpx:hr></gpxtpx:TrackPointExtension></extensions></trkpt><trkpt lat="58.051162" lon="38.850612"><ele>118.0</ele><time>2025-03-26T16:43:23Z</time><extensions><gpxtpx:TrackPointExtension><gpxtpx:hr>180</gpxtpx:hr></gpxtpx:TrackPointExtension></extensions></trkpt><trkpt lat="58.051173" lon="38.850573"><ele>118.0</ele><time>2025-03-26T16:43:24Z</time><extensions><gpxtpx:TrackPointExtension><gpxtpx:hr>180</gpxtpx:hr></gpxtpx:TrackPointExtension></extensions></trkpt><trkpt lat="58.051188" lon="38.850532"><ele>118.0</ele><time>2025-03-26T16:43:25Z</time><extensions><gpxtpx:TrackPointExtension><gpxtpx:hr>179</gpxtpx:hr></gpxtpx:TrackPointExtension></extensions></trkpt><trkpt lat="58.0512" lon="38.850493"><ele>118.0</ele><time>2025-03-26T16:43:26Z</time><extensions><gpxtpx:TrackPointExtension><gpxtpx:hr>179</gpxtpx:hr></gpxtpx:TrackPointExtension></extensions></trkpt><trkpt lat="58.051215" lon="38.850452"><ele>118.0</ele><time>2025-03-26T16:43:27Z</time><extensions><gpxtpx:TrackPointExtension><gpxtpx:hr>179</gpxtpx:hr></gpxtpx:TrackPointExtension></extensions></trkpt><trkpt lat="58.051227" lon="38.850413"><ele>118.0</ele><time>2025-03-26T16:43:28Z</time><extensions><gpxtpx:TrackPointExtension><gpxtpx:hr>179</gpxtpx:hr></gpxtpx:TrackPointExtension></extensions></trkpt><trkpt lat="58.05124" lon="38.850372"><ele>118.0</ele><time>2025-03-26T16:43:29Z</time><extensions><gpxtpx:TrackPointExtension><gpxtpx:hr>179</gpxtpx:hr></gpxtpx:TrackPointExtension></extensions></trkpt><trkpt lat="58.051253" lon="38.85033"><ele>118.0</ele><time>2025-03-26T16:43:30Z</time><extensions><gpxtpx:TrackPointExtension><gpxtpx:hr>180</gpxtpx:hr></gpxtpx:TrackPointExtension></extensions></trkpt><trkpt lat="58.051265" lon="38.850292"><ele>118.0</ele><time>2025-03-26T16:43:31Z</time><extensions><gpxtpx:TrackPointExtension><gpxtpx:hr>180</gpxtpx:hr></gpxtpx:TrackPointExtension></extensions></trkpt><trkpt lat="58.051277" lon="38.85025"><ele>118.0</ele><time>2025-03-26T16:43:32Z</time><extensions><gpxtpx:TrackPointExtension><gpxtpx:hr>180</gpxtpx:hr></gpxtpx:TrackPointExtension></extensions></trkpt><trkpt lat="58.05129" lon="38.85021"><ele>118.0</ele><time>2025-03-26T16:43:33Z</time><extensions><gpxtpx:TrackPointExtension><gpxtpx:hr>180</gpxtpx:hr></gpxtpx:TrackPointExtension></extensions></trkpt><trkpt lat="58.051303" lon="38.850165"><ele>118.0</ele><time>2025-03-26T16:43:34Z</time><extensions><gpxtpx:TrackPointExtension><gpxtpx:hr>180</gpxtpx:hr></gpxtpx:TrackPointExtension></extensions></trkpt><trkpt lat="58.051315" lon="38.850123"><ele>118.0</ele><time>2025-03-26T16:43:35Z</time><extensions><gpxtpx:TrackPointExtension><gpxtpx:hr>180</gpxtpx:hr></gpxtpx:TrackPointExtension></extensions></trkpt><trkpt lat="58.051327" lon="38.850082"><ele>118.0</ele><time>2025-03-26T16:43:36Z</time><extensions><gpxtpx:TrackPointExtension><gpxtpx:hr>180</gpxtpx:hr></gpxtpx:TrackPointExtension></extensions></trkpt><trkpt lat="58.05134" lon="38.85004"><ele>118.0</ele><time>2025-03-26T16:43:37Z</time><extensions><gpxtpx:TrackPointExtension><gpxtpx:hr>180</gpxtpx:hr></gpxtpx:TrackPointExtension></extensions></trkpt><trkpt lat="58.05135" lon="38.85"><ele>118.0</ele><time>2025-03-26T16:43:38Z</time><extensions><gpxtpx:TrackPointExtension><gpxtpx:hr>180</gpxtpx:hr></gpxtpx:TrackPointExtension></extensions></trkpt><trkpt lat="58.05136" lon="38.84996"><ele>118.0</ele><time>2025-03-26T16:43:39Z</time><extensions><gpxtpx:TrackPointExtension><gpxtpx:hr>180</gpxtpx:hr></gpxtpx:TrackPointExtension></extensions></trkpt><trkpt lat="58.051372" lon="38.84992"><ele>118.0</ele><time>2025-03-26T16:43:40Z</time><extensions><gpxtpx:TrackPointExtension><gpxtpx:hr>180</gpxtpx:hr></gpxtpx:TrackPointExtension></extensions></trkpt><trkpt lat="58.051387" lon="38.849875"><ele>118.0</ele><time>2025-03-26T16:43:41Z</time><extensions><gpxtpx:TrackPointExtension><gpxtpx:hr>180</gpxtpx:hr></gpxtpx:TrackPointExtension></extensions></trkpt><trkpt lat="58.0514" lon="38.849833"><ele>118.0</ele><time>2025-03-26T16:43:42Z</time><extensions><gpxtpx:TrackPointExtension><gpxtpx:hr>180</gpxtpx:hr></gpxtpx:TrackPointExtension></extensions></trkpt><trkpt lat="58.05141" lon="38.849792"><ele>118.0</ele><time>2025-03-26T16:43:43Z</time><extensions><gpxtpx:TrackPointExtension><gpxtpx:hr>180</gpxtpx:hr></gpxtpx:TrackPointExtension></extensions></trkpt><trkpt lat="58.051422" lon="38.84975"><ele>118.0</ele><time>2025-03-26T16:43:44Z</time><extensions><gpxtpx:TrackPointExtension><gpxtpx:hr>180</gpxtpx:hr></gpxtpx:TrackPointExtension></extensions></trkpt><trkpt lat="58.051433" lon="38.84971"><ele>118.0</ele><time>2025-03-26T16:43:45Z</time><extensions><gpxtpx:TrackPointExtension><gpxtpx:hr>180</gpxtpx:hr></gpxtpx:TrackPointExtension></extensions></trkpt><trkpt lat="58.051445" lon="38.849667"><ele>118.0</ele><time>2025-03-26T16:43:46Z</time><extensions><gpxtpx:TrackPointExtension><gpxtpx:hr>180</gpxtpx:hr></gpxtpx:TrackPointExtension></extensions></trkpt><trkpt lat="58.05146" lon="38.849625"><ele>118.0</ele><time>2025-03-26T16:43:47Z</time><extensions><gpxtpx:TrackPointExtension><gpxtpx:hr>180</gpxtpx:hr></gpxtpx:TrackPointExtension></extensions></trkpt><trkpt lat="58.05147" lon="38.849582"><ele>118.0</ele><time>2025-03-26T16:43:48Z</time><extensions><gpxtpx:TrackPointExtension><gpxtpx:hr>180</gpxtpx:hr></gpxtpx:TrackPointExtension></extensions></trkpt><trkpt lat="58.051482" lon="38.849537"><ele>118.0</ele><time>2025-03-26T16:43:49Z</time><extensions><gpxtpx:TrackPointExtension><gpxtpx:hr>180</gpxtpx:hr></gpxtpx:TrackPointExtension></extensions></trkpt><trkpt lat="58.051495" lon="38.849493"><ele>118.0</ele><time>2025-03-26T16:43:50Z</time><extensions><gpxtpx:TrackPointExtension><gpxtpx:hr>180</gpxtpx:hr></gpxtpx:TrackPointExtension></extensions></trkpt><trkpt lat="58.051505" lon="38.849452"><ele>118.0</ele><time>2025-03-26T16:43:51Z</time><extensions><gpxtpx:TrackPointExtension><gpxtpx:hr>180</gpxtpx:hr></gpxtpx:TrackPointExtension></extensions></trkpt><trkpt lat="58.051517" lon="38.84941"><ele>118.0</ele><time>2025-03-26T16:43:52Z</time><extensions><gpxtpx:TrackPointExtension><gpxtpx:hr>180</gpxtpx:hr></gpxtpx:TrackPointExtension></extensions></trkpt><trkpt lat="58.05153" lon="38.84937"><ele>118.0</ele><time>2025-03-26T16:43:53Z</time><extensions><gpxtpx:TrackPointExtension><gpxtpx:hr>180</gpxtpx:hr></gpxtpx:TrackPointExtension></extensions></trkpt><trkpt lat="58.051543" lon="38.84933"><ele>118.0</ele><time>2025-03-26T16:43:54Z</time><extensions><gpxtpx:TrackPointExtension><gpxtpx:hr>180</gpxtpx:hr></gpxtpx:TrackPointExtension></extensions></trkpt><trkpt lat="58.051555" lon="38.84929"><ele>118.0</ele><time>2025-03-26T16:43:55Z</time><extensions><gpxtpx:TrackPointExtension><gpxtpx:hr>180</gpxtpx:hr></gpxtpx:TrackPointExtension></extensions></trkpt><trkpt lat="58.051568" lon="38.84925"><ele>118.0</ele><time>2025-03-26T16:43:56Z</time><extensions><gpxtpx:TrackPointExtension><gpxtpx:hr>181</gpxtpx:hr></gpxtpx:TrackPointExtension></extensions></trkpt><trkpt lat="58.051582" lon="38.84921"><ele>118.0</ele><time>2025-03-26T16:43:57Z</time><extensions><gpxtpx:TrackPointExtension><gpxtpx:hr>181</gpxtpx:hr></gpxtpx:TrackPointExtension></extensions></trkpt><trkpt lat="58.051597" lon="38.849167"><ele>118.0</ele><time>2025-03-26T16:43:58Z</time><extensions><gpxtpx:TrackPointExtension><gpxtpx:hr>181</gpxtpx:hr></gpxtpx:TrackPointExtension></extensions></trkpt><trkpt lat="58.051612" lon="38.84913"><ele>118.0</ele><time>2025-03-26T16:43:59Z</time><extensions><gpxtpx:TrackPointExtension><gpxtpx:hr>181</gpxtpx:hr></gpxtpx:TrackPointExtension></extensions></trkpt><trkpt lat="58.051623" lon="38.84909"><ele>118.0</ele><time>2025-03-26T16:44:00Z</time><extensions><gpxtpx:TrackPointExtension><gpxtpx:hr>181</gpxtpx:hr></gpxtpx:TrackPointExtension></extensions></trkpt><trkpt lat="58.05164" lon="38.84905"><ele>118.0</ele><time>2025-03-26T16:44:01Z</time><extensions><gpxtpx:TrackPointExtension><gpxtpx:hr>181</gpxtpx:hr></gpxtpx:TrackPointExtension></extensions></trkpt><trkpt lat="58.051653" lon="38.84901"><ele>118.0</ele><time>2025-03-26T16:44:02Z</time><extensions><gpxtpx:TrackPointExtension><gpxtpx:hr>181</gpxtpx:hr></gpxtpx:TrackPointExtension></extensions></trkpt><trkpt lat="58.051665" lon="38.848972"><ele>118.0</ele><time>2025-03-26T16:44:03Z</time><extensions><gpxtpx:TrackPointExtension><gpxtpx:hr>181</gpxtpx:hr></gpxtpx:TrackPointExtension></extensions></trkpt><trkpt lat="58.051677" lon="38.848933"><ele>118.0</ele><time>2025-03-26T16:44:04Z</time><extensions><gpxtpx:TrackPointExtension><gpxtpx:hr>180</gpxtpx:hr></gpxtpx:TrackPointExtension></extensions></trkpt><trkpt lat="58.05169" lon="38.848892"><ele>118.0</ele><time>2025-03-26T16:44:05Z</time><extensions><gpxtpx:TrackPointExtension><gpxtpx:hr>180</gpxtpx:hr></gpxtpx:TrackPointExtension></extensions></trkpt><trkpt lat="58.0517" lon="38.84885"><ele>118.0</ele><time>2025-03-26T16:44:06Z</time><extensions><gpxtpx:TrackPointExtension><gpxtpx:hr>180</gpxtpx:hr></gpxtpx:TrackPointExtension></extensions></trkpt><trkpt lat="58.05171" lon="38.84881"><ele>118.0</ele><time>2025-03-26T16:44:07Z</time><extensions><gpxtpx:TrackPointExtension><gpxtpx:hr>180</gpxtpx:hr></gpxtpx:TrackPointExtension></extensions></trkpt><trkpt lat="58.05172" lon="38.848765"><ele>118.0</ele><time>2025-03-26T16:44:08Z</time><extensions><gpxtpx:TrackPointExtension><gpxtpx:hr>180</gpxtpx:hr></gpxtpx:TrackPointExtension></extensions></trkpt><trkpt lat="58.051727" lon="38.848723"><ele>118.0</ele><time>2025-03-26T16:44:09Z</time><extensions><gpxtpx:TrackPointExtension><gpxtpx:hr>180</gpxtpx:hr></gpxtpx:TrackPointExtension></extensions></trkpt><trkpt lat="58.05174" lon="38.84868"><ele>118.0</ele><time>2025-03-26T16:44:10Z</time><extensions><gpxtpx:TrackPointExtension><gpxtpx:hr>180</gpxtpx:hr></gpxtpx:TrackPointExtension></extensions></trkpt><trkpt lat="58.051745" lon="38.848637"><ele>118.0</ele><time>2025-03-26T16:44:11Z</time><extensions><gpxtpx:TrackPointExtension><gpxtpx:hr>180</gpxtpx:hr></gpxtpx:TrackPointExtension></extensions></trkpt><trkpt lat="58.051757" lon="38.84859"><ele>118.0</ele><time>2025-03-26T16:44:12Z</time><extensions><gpxtpx:TrackPointExtension><gpxtpx:hr>180</gpxtpx:hr></gpxtpx:TrackPointExtension></extensions></trkpt><trkpt lat="58.05177" lon="38.84855"><ele>118.0</ele><time>2025-03-26T16:44:13Z</time><extensions><gpxtpx:TrackPointExtension><gpxtpx:hr>180</gpxtpx:hr></gpxtpx:TrackPointExtension></extensions></trkpt><trkpt lat="58.051777" lon="38.848507"><ele>118.0</ele><time>2025-03-26T16:44:14Z</time><extensions><gpxtpx:TrackPointExtension><gpxtpx:hr>180</gpxtpx:hr></gpxtpx:TrackPointExtension></extensions></trkpt><trkpt lat="58.05179" lon="38.84846"><ele>118.0</ele><time>2025-03-26T16:44:15Z</time><extensions><gpxtpx:TrackPointExtension><gpxtpx:hr>180</gpxtpx:hr></gpxtpx:TrackPointExtension></extensions></trkpt><trkpt lat="58.051795" lon="38.84842"><ele>118.0</ele><time>2025-03-26T16:44:16Z</time><extensions><gpxtpx:TrackPointExtension><gpxtpx:hr>179</gpxtpx:hr></gpxtpx:TrackPointExtension></extensions></trkpt><trkpt lat="58.051803" lon="38.848372"><ele>118.0</ele><time>2025-03-26T16:44:17Z</time><extensions><gpxtpx:TrackPointExtension><gpxtpx:hr>179</gpxtpx:hr></gpxtpx:TrackPointExtension></extensions></trkpt><trkpt lat="58.051815" lon="38.84833"><ele>118.0</ele><time>2025-03-26T16:44:18Z</time><extensions><gpxtpx:TrackPointExtension><gpxtpx:hr>179</gpxtpx:hr></gpxtpx:TrackPointExtension></extensions></trkpt><trkpt lat="58.051822" lon="38.848285"><ele>118.0</ele><time>2025-03-26T16:44:19Z</time><extensions><gpxtpx:TrackPointExtension><gpxtpx:hr>179</gpxtpx:hr></gpxtpx:TrackPointExtension></extensions></trkpt><trkpt lat="58.05183" lon="38.84824"><ele>118.0</ele><time>2025-03-26T16:44:20Z</time><extensions><gpxtpx:TrackPointExtension><gpxtpx:hr>179</gpxtpx:hr></gpxtpx:TrackPointExtension></extensions></trkpt><trkpt lat="58.051837" lon="38.848197"><ele>118.0</ele><time>2025-03-26T16:44:21Z</time><extensions><gpxtpx:TrackPointExtension><gpxtpx:hr>179</gpxtpx:hr></gpxtpx:TrackPointExtension></extensions></trkpt><trkpt lat="58.051845" lon="38.848152"><ele>118.0</ele><time>2025-03-26T16:44:22Z</time><extensions><gpxtpx:TrackPointExtension><gpxtpx:hr>179</gpxtpx:hr></gpxtpx:TrackPointExtension></extensions></trkpt><trkpt lat="58.051852" lon="38.848105"><ele>118.0</ele><time>2025-03-26T16:44:23Z</time><extensions><gpxtpx:TrackPointExtension><gpxtpx:hr>178</gpxtpx:hr></gpxtpx:TrackPointExtension></extensions></trkpt><trkpt lat="58.05186" lon="38.848063"><ele>118.0</ele><time>2025-03-26T16:44:24Z</time><extensions><gpxtpx:TrackPointExtension><gpxtpx:hr>178</gpxtpx:hr></gpxtpx:TrackPointExtension></extensions></trkpt><trkpt lat="58.05187" lon="38.848022"><ele>118.0</ele><time>2025-03-26T16:44:25Z</time><extensions><gpxtpx:TrackPointExtension><gpxtpx:hr>178</gpxtpx:hr></gpxtpx:TrackPointExtension></extensions></trkpt><trkpt lat="58.051875" lon="38.847977"><ele>118.0</ele><time>2025-03-26T16:44:26Z</time><extensions><gpxtpx:TrackPointExtension><gpxtpx:hr>177</gpxtpx:hr></gpxtpx:TrackPointExtension></extensions></trkpt><trkpt lat="58.051887" lon="38.847935"><ele>118.0</ele><time>2025-03-26T16:44:27Z</time><extensions><gpxtpx:TrackPointExtension><gpxtpx:hr>177</gpxtpx:hr></gpxtpx:TrackPointExtension></extensions></trkpt><trkpt lat="58.051895" lon="38.847892"><ele>118.0</ele><time>2025-03-26T16:44:28Z</time><extensions><gpxtpx:TrackPointExtension><gpxtpx:hr>177</gpxtpx:hr></gpxtpx:TrackPointExtension></extensions></trkpt><trkpt lat="58.051902" lon="38.847847"><ele>118.0</ele><time>2025-03-26T16:44:29Z</time><extensions><gpxtpx:TrackPointExtension><gpxtpx:hr>177</gpxtpx:hr></gpxtpx:TrackPointExtension></extensions></trkpt><trkpt lat="58.05191" lon="38.8478"><ele>118.0</ele><time>2025-03-26T16:44:30Z</time><extensions><gpxtpx:TrackPointExtension><gpxtpx:hr>177</gpxtpx:hr></gpxtpx:TrackPointExtension></extensions></trkpt><trkpt lat="58.051917" lon="38.84776"><ele>118.0</ele><time>2025-03-26T16:44:31Z</time><extensions><gpxtpx:TrackPointExtension><gpxtpx:hr>177</gpxtpx:hr></gpxtpx:TrackPointExtension></extensions></trkpt><trkpt lat="58.051925" lon="38.847717"><ele>118.0</ele><time>2025-03-26T16:44:32Z</time><extensions><gpxtpx:TrackPointExtension><gpxtpx:hr>177</gpxtpx:hr></gpxtpx:TrackPointExtension></extensions></trkpt><trkpt lat="58.051932" lon="38.847675"><ele>118.0</ele><time>2025-03-26T16:44:33Z</time><extensions><gpxtpx:TrackPointExtension><gpxtpx:hr>177</gpxtpx:hr></gpxtpx:TrackPointExtension></extensions></trkpt><trkpt lat="58.05194" lon="38.847632"><ele>118.0</ele><time>2025-03-26T16:44:34Z</time><extensions><gpxtpx:TrackPointExtension><gpxtpx:hr>177</gpxtpx:hr></gpxtpx:TrackPointExtension></extensions></trkpt><trkpt lat="58.051948" lon="38.84759"><ele>118.0</ele><time>2025-03-26T16:44:35Z</time><extensions><gpxtpx:TrackPointExtension><gpxtpx:hr>177</gpxtpx:hr></gpxtpx:TrackPointExtension></extensions></trkpt><trkpt lat="58.051955" lon="38.847552"><ele>118.0</ele><time>2025-03-26T16:44:36Z</time><extensions><gpxtpx:TrackPointExtension><gpxtpx:hr>176</gpxtpx:hr></gpxtpx:TrackPointExtension></extensions></trkpt><trkpt lat="58.051963" lon="38.84751"><ele>118.0</ele><time>2025-03-26T16:44:37Z</time><extensions><gpxtpx:TrackPointExtension><gpxtpx:hr>176</gpxtpx:hr></gpxtpx:TrackPointExtension></extensions></trkpt><trkpt lat="58.05197" lon="38.84747"><ele>118.0</ele><time>2025-03-26T16:44:38Z</time><extensions><gpxtpx:TrackPointExtension><gpxtpx:hr>176</gpxtpx:hr></gpxtpx:TrackPointExtension></extensions></trkpt><trkpt lat="58.05198" lon="38.847427"><ele>118.0</ele><time>2025-03-26T16:44:39Z</time><extensions><gpxtpx:TrackPointExtension><gpxtpx:hr>176</gpxtpx:hr></gpxtpx:TrackPointExtension></extensions></trkpt><trkpt lat="58.051987" lon="38.84739"><ele>118.0</ele><time>2025-03-26T16:44:40Z</time><extensions><gpxtpx:TrackPointExtension><gpxtpx:hr>176</gpxtpx:hr></gpxtpx:TrackPointExtension></extensions></trkpt><trkpt lat="58.052" lon="38.847347"><ele>118.0</ele><time>2025-03-26T16:44:41Z</time><extensions><gpxtpx:TrackPointExtension><gpxtpx:hr>176</gpxtpx:hr></gpxtpx:TrackPointExtension></extensions></trkpt><trkpt lat="58.052005" lon="38.847298"><ele>118.0</ele><time>2025-03-26T16:44:42Z</time><extensions><gpxtpx:TrackPointExtension><gpxtpx:hr>176</gpxtpx:hr></gpxtpx:TrackPointExtension></extensions></trkpt><trkpt lat="58.052012" lon="38.84726"><ele>118.0</ele><time>2025-03-26T16:44:43Z</time><extensions><gpxtpx:TrackPointExtension><gpxtpx:hr>176</gpxtpx:hr></gpxtpx:TrackPointExtension></extensions></trkpt><trkpt lat="58.052025" lon="38.847213"><ele>118.0</ele><time>2025-03-26T16:44:44Z</time><extensions><gpxtpx:TrackPointExtension><gpxtpx:hr>176</gpxtpx:hr></gpxtpx:TrackPointExtension></extensions></trkpt><trkpt lat="58.052035" lon="38.847175"><ele>118.0</ele><time>2025-03-26T16:44:45Z</time><extensions><gpxtpx:TrackPointExtension><gpxtpx:hr>176</gpxtpx:hr></gpxtpx:TrackPointExtension></extensions></trkpt><trkpt lat="58.052047" lon="38.847137"><ele>118.0</ele><time>2025-03-26T16:44:46Z</time><extensions><gpxtpx:TrackPointExtension><gpxtpx:hr>176</gpxtpx:hr></gpxtpx:TrackPointExtension></extensions></trkpt><trkpt lat="58.052062" lon="38.847102"><ele>118.0</ele><time>2025-03-26T16:44:47Z</time><extensions><gpxtpx:TrackPointExtension><gpxtpx:hr>176</gpxtpx:hr></gpxtpx:TrackPointExtension></extensions></trkpt><trkpt lat="58.05208" lon="38.84707"><ele>118.0</ele><time>2025-03-26T16:44:47Z</time><extensions><gpxtpx:TrackPointExtension><gpxtpx:hr>176</gpxtpx:hr></gpxtpx:TrackPointExtension></extensions></trkpt><trkpt lat="58.05209" lon="38.84703"><ele>118.0</ele><time>2025-03-26T16:44:48Z</time><extensions><gpxtpx:TrackPointExtension><gpxtpx:hr>176</gpxtpx:hr></gpxtpx:TrackPointExtension></extensions></trkpt><trkpt lat="58.052103" lon="38.846992"><ele>118.0</ele><time>2025-03-26T16:44:49Z</time><extensions><gpxtpx:TrackPointExtension><gpxtpx:hr>176</gpxtpx:hr></gpxtpx:TrackPointExtension></extensions></trkpt><trkpt lat="58.052115" lon="38.846953"><ele>118.0</ele><time>2025-03-26T16:44:50Z</time><extensions><gpxtpx:TrackPointExtension><gpxtpx:hr>176</gpxtpx:hr></gpxtpx:TrackPointExtension></extensions></trkpt><trkpt lat="58.052127" lon="38.846915"><ele>118.0</ele><time>2025-03-26T16:44:51Z</time><extensions><gpxtpx:TrackPointExtension><gpxtpx:hr>176</gpxtpx:hr></gpxtpx:TrackPointExtension></extensions></trkpt><trkpt lat="58.05214" lon="38.846873"><ele>118.0</ele><time>2025-03-26T16:44:52Z</time><extensions><gpxtpx:TrackPointExtension><gpxtpx:hr>176</gpxtpx:hr></gpxtpx:TrackPointExtension></extensions></trkpt><trkpt lat="58.05215" lon="38.846835"><ele>118.0</ele><time>2025-03-26T16:44:53Z</time><extensions><gpxtpx:TrackPointExtension><gpxtpx:hr>176</gpxtpx:hr></gpxtpx:TrackPointExtension></extensions></trkpt><trkpt lat="58.052162" lon="38.846797"><ele>118.0</ele><time>2025-03-26T16:44:54Z</time><extensions><gpxtpx:TrackPointExtension><gpxtpx:hr>176</gpxtpx:hr></gpxtpx:TrackPointExtension></extensions></trkpt><trkpt lat="58.052173" lon="38.84676"><ele>118.0</ele><time>2025-03-26T16:44:55Z</time><extensions><gpxtpx:TrackPointExtension><gpxtpx:hr>176</gpxtpx:hr></gpxtpx:TrackPointExtension></extensions></trkpt><trkpt lat="58.05219" lon="38.846725"><ele>118.0</ele><time>2025-03-26T16:44:56Z</time><extensions><gpxtpx:TrackPointExtension><gpxtpx:hr>175</gpxtpx:hr></gpxtpx:TrackPointExtension></extensions></trkpt><trkpt lat="58.052203" lon="38.846687"><ele>118.0</ele><time>2025-03-26T16:44:57Z</time><extensions><gpxtpx:TrackPointExtension><gpxtpx:hr>175</gpxtpx:hr></gpxtpx:TrackPointExtension></extensions></trkpt><trkpt lat="58.052215" lon="38.84665"><ele>118.0</ele><time>2025-03-26T16:44:58Z</time><extensions><gpxtpx:TrackPointExtension><gpxtpx:hr>175</gpxtpx:hr></gpxtpx:TrackPointExtension></extensions></trkpt><trkpt lat="58.05223" lon="38.846608"><ele>118.0</ele><time>2025-03-26T16:44:59Z</time><extensions><gpxtpx:TrackPointExtension><gpxtpx:hr>175</gpxtpx:hr></gpxtpx:TrackPointExtension></extensions></trkpt><trkpt lat="58.052245" lon="38.846577"><ele>118.0</ele><time>2025-03-26T16:45:00Z</time><extensions><gpxtpx:TrackPointExtension><gpxtpx:hr>175</gpxtpx:hr></gpxtpx:TrackPointExtension></extensions></trkpt><trkpt lat="58.052257" lon="38.846535"><ele>118.0</ele><time>2025-03-26T16:45:01Z</time><extensions><gpxtpx:TrackPointExtension><gpxtpx:hr>175</gpxtpx:hr></gpxtpx:TrackPointExtension></extensions></trkpt><trkpt lat="58.05227" lon="38.846497"><ele>118.0</ele><time>2025-03-26T16:45:02Z</time><extensions><gpxtpx:TrackPointExtension><gpxtpx:hr>175</gpxtpx:hr></gpxtpx:TrackPointExtension></extensions></trkpt><trkpt lat="58.05228" lon="38.846455"><ele>118.0</ele><time>2025-03-26T16:45:03Z</time><extensions><gpxtpx:TrackPointExtension><gpxtpx:hr>175</gpxtpx:hr></gpxtpx:TrackPointExtension></extensions></trkpt><trkpt lat="58.05229" lon="38.846412"><ele>118.0</ele><time>2025-03-26T16:45:04Z</time><extensions><gpxtpx:TrackPointExtension><gpxtpx:hr>175</gpxtpx:hr></gpxtpx:TrackPointExtension></extensions></trkpt><trkpt lat="58.0523" lon="38.84637"><ele>118.0</ele><time>2025-03-26T16:45:05Z</time><extensions><gpxtpx:TrackPointExtension><gpxtpx:hr>175</gpxtpx:hr></gpxtpx:TrackPointExtension></extensions></trkpt><trkpt lat="58.052307" lon="38.84633"><ele>118.0</ele><time>2025-03-26T16:45:06Z</time><extensions><gpxtpx:TrackPointExtension><gpxtpx:hr>175</gpxtpx:hr></gpxtpx:TrackPointExtension></extensions></trkpt><trkpt lat="58.05232" lon="38.846287"><ele>118.0</ele><time>2025-03-26T16:45:07Z</time><extensions><gpxtpx:TrackPointExtension><gpxtpx:hr>176</gpxtpx:hr></gpxtpx:TrackPointExtension></extensions></trkpt><trkpt lat="58.052325" lon="38.846245"><ele>118.0</ele><time>2025-03-26T16:45:08Z</time><extensions><gpxtpx:TrackPointExtension><gpxtpx:hr>175</gpxtpx:hr></gpxtpx:TrackPointExtension></extensions></trkpt><trkpt lat="58.052333" lon="38.846202"><ele>118.0</ele><time>2025-03-26T16:45:09Z</time><extensions><gpxtpx:TrackPointExtension><gpxtpx:hr>175</gpxtpx:hr></gpxtpx:TrackPointExtension></extensions></trkpt><trkpt lat="58.05234" lon="38.846158"><ele>118.0</ele><time>2025-03-26T16:45:10Z</time><extensions><gpxtpx:TrackPointExtension><gpxtpx:hr>175</gpxtpx:hr></gpxtpx:TrackPointExtension></extensions></trkpt><trkpt lat="58.052352" lon="38.84612"><ele>118.0</ele><time>2025-03-26T16:45:11Z</time><extensions><gpxtpx:TrackPointExtension><gpxtpx:hr>175</gpxtpx:hr></gpxtpx:TrackPointExtension></extensions></trkpt><trkpt lat="58.05236" lon="38.846077"><ele>118.0</ele><time>2025-03-26T16:45:12Z</time><extensions><gpxtpx:TrackPointExtension><gpxtpx:hr>175</gpxtpx:hr></gpxtpx:TrackPointExtension></extensions></trkpt><trkpt lat="58.05237" lon="38.846035"><ele>118.0</ele><time>2025-03-26T16:45:13Z</time><extensions><gpxtpx:TrackPointExtension><gpxtpx:hr>175</gpxtpx:hr></gpxtpx:TrackPointExtension></extensions></trkpt><trkpt lat="58.052372" lon="38.84599"><ele>118.0</ele><time>2025-03-26T16:45:14Z</time><extensions><gpxtpx:TrackPointExtension><gpxtpx:hr>175</gpxtpx:hr></gpxtpx:TrackPointExtension></extensions></trkpt><trkpt lat="58.052375" lon="38.845947"><ele>118.0</ele><time>2025-03-26T16:45:15Z</time><extensions><gpxtpx:TrackPointExtension><gpxtpx:hr>175</gpxtpx:hr></gpxtpx:TrackPointExtension></extensions></trkpt><trkpt lat="58.05238" lon="38.8459"><ele>118.0</ele><time>2025-03-26T16:45:16Z</time><extensions><gpxtpx:TrackPointExtension><gpxtpx:hr>175</gpxtpx:hr></gpxtpx:TrackPointExtension></extensions></trkpt><trkpt lat="58.05238" lon="38.845855"><ele>118.0</ele><time>2025-03-26T16:45:17Z</time><extensions><gpxtpx:TrackPointExtension><gpxtpx:hr>175</gpxtpx:hr></gpxtpx:TrackPointExtension></extensions></trkpt><trkpt lat="58.05238" lon="38.845813"><ele>118.0</ele><time>2025-03-26T16:45:18Z</time><extensions><gpxtpx:TrackPointExtension><gpxtpx:hr>175</gpxtpx:hr></gpxtpx:TrackPointExtension></extensions></trkpt><trkpt lat="58.05238" lon="38.84577"><ele>118.0</ele><time>2025-03-26T16:45:19Z</time><extensions><gpxtpx:TrackPointExtension><gpxtpx:hr>175</gpxtpx:hr></gpxtpx:TrackPointExtension></extensions></trkpt><trkpt lat="58.052382" lon="38.84573"><ele>118.0</ele><time>2025-03-26T16:45:20Z</time><extensions><gpxtpx:TrackPointExtension><gpxtpx:hr>175</gpxtpx:hr></gpxtpx:TrackPointExtension></extensions></trkpt><trkpt lat="58.052382" lon="38.845687"><ele>118.0</ele><time>2025-03-26T16:45:21Z</time><extensions><gpxtpx:TrackPointExtension><gpxtpx:hr>175</gpxtpx:hr></gpxtpx:TrackPointExtension></extensions></trkpt><trkpt lat="58.052387" lon="38.845645"><ele>118.0</ele><time>2025-03-26T16:45:22Z</time><extensions><gpxtpx:TrackPointExtension><gpxtpx:hr>175</gpxtpx:hr></gpxtpx:TrackPointExtension></extensions></trkpt><trkpt lat="58.05239" lon="38.845603"><ele>118.0</ele><time>2025-03-26T16:45:23Z</time><extensions><gpxtpx:TrackPointExtension><gpxtpx:hr>175</gpxtpx:hr></gpxtpx:TrackPointExtension></extensions></trkpt><trkpt lat="58.05239" lon="38.845562"><ele>118.0</ele><time>2025-03-26T16:45:24Z</time><extensions><gpxtpx:TrackPointExtension><gpxtpx:hr>175</gpxtpx:hr></gpxtpx:TrackPointExtension></extensions></trkpt><trkpt lat="58.052395" lon="38.845515"><ele>118.0</ele><time>2025-03-26T16:45:25Z</time><extensions><gpxtpx:TrackPointExtension><gpxtpx:hr>174</gpxtpx:hr></gpxtpx:TrackPointExtension></extensions></trkpt><trkpt lat="58.052402" lon="38.845473"><ele>118.0</ele><time>2025-03-26T16:45:26Z</time><extensions><gpxtpx:TrackPointExtension><gpxtpx:hr>174</gpxtpx:hr></gpxtpx:TrackPointExtension></extensions></trkpt><trkpt lat="58.052405" lon="38.84543"><ele>118.0</ele><time>2025-03-26T16:45:27Z</time><extensions><gpxtpx:TrackPointExtension><gpxtpx:hr>174</gpxtpx:hr></gpxtpx:TrackPointExtension></extensions></trkpt><trkpt lat="58.05241" lon="38.845382"><ele>118.0</ele><time>2025-03-26T16:45:28Z</time><extensions><gpxtpx:TrackPointExtension><gpxtpx:hr>174</gpxtpx:hr></gpxtpx:TrackPointExtension></extensions></trkpt><trkpt lat="58.052413" lon="38.84534"><ele>118.0</ele><time>2025-03-26T16:45:29Z</time><extensions><gpxtpx:TrackPointExtension><gpxtpx:hr>174</gpxtpx:hr></gpxtpx:TrackPointExtension></extensions></trkpt><trkpt lat="58.05242" lon="38.845295"><ele>118.0</ele><time>2025-03-26T16:45:30Z</time><extensions><gpxtpx:TrackPointExtension><gpxtpx:hr>174</gpxtpx:hr></gpxtpx:TrackPointExtension></extensions></trkpt><trkpt lat="58.05243" lon="38.845252"><ele>118.0</ele><time>2025-03-26T16:45:31Z</time><extensions><gpxtpx:TrackPointExtension><gpxtpx:hr>174</gpxtpx:hr></gpxtpx:TrackPointExtension></extensions></trkpt><trkpt lat="58.052437" lon="38.845215"><ele>118.0</ele><time>2025-03-26T16:45:32Z</time><extensions><gpxtpx:TrackPointExtension><gpxtpx:hr>174</gpxtpx:hr></gpxtpx:TrackPointExtension></extensions></trkpt><trkpt lat="58.05245" lon="38.845172"><ele>118.0</ele><time>2025-03-26T16:45:33Z</time><extensions><gpxtpx:TrackPointExtension><gpxtpx:hr>174</gpxtpx:hr></gpxtpx:TrackPointExtension></extensions></trkpt><trkpt lat="58.052463" lon="38.84514"><ele>118.0</ele><time>2025-03-26T16:45:34Z</time><extensions><gpxtpx:TrackPointExtension><gpxtpx:hr>174</gpxtpx:hr></gpxtpx:TrackPointExtension></extensions></trkpt><trkpt lat="58.052475" lon="38.845103"><ele>118.0</ele><time>2025-03-26T16:45:35Z</time><extensions><gpxtpx:TrackPointExtension><gpxtpx:hr>174</gpxtpx:hr></gpxtpx:TrackPointExtension></extensions></trkpt><trkpt lat="58.05249" lon="38.84507"><ele>118.0</ele><time>2025-03-26T16:45:36Z</time><extensions><gpxtpx:TrackPointExtension><gpxtpx:hr>174</gpxtpx:hr></gpxtpx:TrackPointExtension></extensions></trkpt><trkpt lat="58.052505" lon="38.84503"><ele>118.0</ele><time>2025-03-26T16:45:37Z</time><extensions><gpxtpx:TrackPointExtension><gpxtpx:hr>175</gpxtpx:hr></gpxtpx:TrackPointExtension></extensions></trkpt><trkpt lat="58.052517" lon="38.844997"><ele>118.0</ele><time>2025-03-26T16:45:38Z</time><extensions><gpxtpx:TrackPointExtension><gpxtpx:hr>175</gpxtpx:hr></gpxtpx:TrackPointExtension></extensions></trkpt><trkpt lat="58.05253" lon="38.84496"><ele>118.0</ele><time>2025-03-26T16:45:39Z</time><extensions><gpxtpx:TrackPointExtension><gpxtpx:hr>175</gpxtpx:hr></gpxtpx:TrackPointExtension></extensions></trkpt><trkpt lat="58.052543" lon="38.844917"><ele>118.0</ele><time>2025-03-26T16:45:40Z</time><extensions><gpxtpx:TrackPointExtension><gpxtpx:hr>175</gpxtpx:hr></gpxtpx:TrackPointExtension></extensions></trkpt><trkpt lat="58.052553" lon="38.84488"><ele>118.0</ele><time>2025-03-26T16:45:41Z</time><extensions><gpxtpx:TrackPointExtension><gpxtpx:hr>176</gpxtpx:hr></gpxtpx:TrackPointExtension></extensions></trkpt><trkpt lat="58.05257" lon="38.84484"><ele>118.0</ele><time>2025-03-26T16:45:42Z</time><extensions><gpxtpx:TrackPointExtension><gpxtpx:hr>176</gpxtpx:hr></gpxtpx:TrackPointExtension></extensions></trkpt><trkpt lat="58.05258" lon="38.844807"><ele>118.0</ele><time>2025-03-26T16:45:43Z</time><extensions><gpxtpx:TrackPointExtension><gpxtpx:hr>176</gpxtpx:hr></gpxtpx:TrackPointExtension></extensions></trkpt><trkpt lat="58.052597" lon="38.84477"><ele>118.0</ele><time>2025-03-26T16:45:44Z</time><extensions><gpxtpx:TrackPointExtension><gpxtpx:hr>177</gpxtpx:hr></gpxtpx:TrackPointExtension></extensions></trkpt><trkpt lat="58.052612" lon="38.844733"><ele>118.0</ele><time>2025-03-26T16:45:45Z</time><extensions><gpxtpx:TrackPointExtension><gpxtpx:hr>177</gpxtpx:hr></gpxtpx:TrackPointExtension></extensions></trkpt><trkpt lat="58.052627" lon="38.844695"><ele>118.0</ele><time>2025-03-26T16:45:46Z</time><extensions><gpxtpx:TrackPointExtension><gpxtpx:hr>177</gpxtpx:hr></gpxtpx:TrackPointExtension></extensions></trkpt><trkpt lat="58.052642" lon="38.844657"><ele>118.0</ele><time>2025-03-26T16:45:47Z</time><extensions><gpxtpx:TrackPointExtension><gpxtpx:hr>178</gpxtpx:hr></gpxtpx:TrackPointExtension></extensions></trkpt><trkpt lat="58.052653" lon="38.84462"><ele>118.0</ele><time>2025-03-26T16:45:48Z</time><extensions><gpxtpx:TrackPointExtension><gpxtpx:hr>178</gpxtpx:hr></gpxtpx:TrackPointExtension></extensions></trkpt><trkpt lat="58.05267" lon="38.84458"><ele>118.0</ele><time>2025-03-26T16:45:49Z</time><extensions><gpxtpx:TrackPointExtension><gpxtpx:hr>178</gpxtpx:hr></gpxtpx:TrackPointExtension></extensions></trkpt><trkpt lat="58.05268" lon="38.844547"><ele>118.0</ele><time>2025-03-26T16:45:50Z</time><extensions><gpxtpx:TrackPointExtension><gpxtpx:hr>178</gpxtpx:hr></gpxtpx:TrackPointExtension></extensions></trkpt><trkpt lat="58.052695" lon="38.84451"><ele>118.0</ele><time>2025-03-26T16:45:51Z</time><extensions><gpxtpx:TrackPointExtension><gpxtpx:hr>178</gpxtpx:hr></gpxtpx:TrackPointExtension></extensions></trkpt><trkpt lat="58.052708" lon="38.84447"><ele>118.0</ele><time>2025-03-26T16:45:52Z</time><extensions><gpxtpx:TrackPointExtension><gpxtpx:hr>177</gpxtpx:hr></gpxtpx:TrackPointExtension></extensions></trkpt><trkpt lat="58.052727" lon="38.844437"><ele>118.0</ele><time>2025-03-26T16:45:53Z</time><extensions><gpxtpx:TrackPointExtension><gpxtpx:hr>177</gpxtpx:hr></gpxtpx:TrackPointExtension></extensions></trkpt><trkpt lat="58.05274" lon="38.8444"><ele>118.0</ele><time>2025-03-26T16:45:54Z</time><extensions><gpxtpx:TrackPointExtension><gpxtpx:hr>176</gpxtpx:hr></gpxtpx:TrackPointExtension></extensions></trkpt><trkpt lat="58.052752" lon="38.84436"><ele>118.0</ele><time>2025-03-26T16:45:55Z</time><extensions><gpxtpx:TrackPointExtension><gpxtpx:hr>176</gpxtpx:hr></gpxtpx:TrackPointExtension></extensions></trkpt><trkpt lat="58.052772" lon="38.844325"><ele>118.0</ele><time>2025-03-26T16:45:56Z</time><extensions><gpxtpx:TrackPointExtension><gpxtpx:hr>175</gpxtpx:hr></gpxtpx:TrackPointExtension></extensions></trkpt><trkpt lat="58.052787" lon="38.84429"><ele>118.0</ele><time>2025-03-26T16:45:57Z</time><extensions><gpxtpx:TrackPointExtension><gpxtpx:hr>175</gpxtpx:hr></gpxtpx:TrackPointExtension></extensions></trkpt><trkpt lat="58.0528" lon="38.844253"><ele>118.0</ele><time>2025-03-26T16:45:58Z</time><extensions><gpxtpx:TrackPointExtension><gpxtpx:hr>175</gpxtpx:hr></gpxtpx:TrackPointExtension></extensions></trkpt><trkpt lat="58.052813" lon="38.844215"><ele>118.0</ele><time>2025-03-26T16:45:59Z</time><extensions><gpxtpx:TrackPointExtension><gpxtpx:hr>175</gpxtpx:hr></gpxtpx:TrackPointExtension></extensions></trkpt><trkpt lat="58.05283" lon="38.84418"><ele>118.0</ele><time>2025-03-26T16:46:00Z</time><extensions><gpxtpx:TrackPointExtension><gpxtpx:hr>175</gpxtpx:hr></gpxtpx:TrackPointExtension></extensions></trkpt><trkpt lat="58.052845" lon="38.844142"><ele>118.0</ele><time>2025-03-26T16:46:01Z</time><extensions><gpxtpx:TrackPointExtension><gpxtpx:hr>175</gpxtpx:hr></gpxtpx:TrackPointExtension></extensions></trkpt><trkpt lat="58.05286" lon="38.844105"><ele>118.0</ele><time>2025-03-26T16:46:02Z</time><extensions><gpxtpx:TrackPointExtension><gpxtpx:hr>175</gpxtpx:hr></gpxtpx:TrackPointExtension></extensions></trkpt><trkpt lat="58.052875" lon="38.84407"><ele>118.0</ele><time>2025-03-26T16:46:03Z</time><extensions><gpxtpx:TrackPointExtension><gpxtpx:hr>176</gpxtpx:hr></gpxtpx:TrackPointExtension></extensions></trkpt><trkpt lat="58.052887" lon="38.844032"><ele>118.0</ele><time>2025-03-26T16:46:04Z</time><extensions><gpxtpx:TrackPointExtension><gpxtpx:hr>177</gpxtpx:hr></gpxtpx:TrackPointExtension></extensions></trkpt><trkpt lat="58.052902" lon="38.843993"><ele>118.0</ele><time>2025-03-26T16:46:05Z</time><extensions><gpxtpx:TrackPointExtension><gpxtpx:hr>177</gpxtpx:hr></gpxtpx:TrackPointExtension></extensions></trkpt><trkpt lat="58.052917" lon="38.843955"><ele>118.0</ele><time>2025-03-26T16:46:06Z</time><extensions><gpxtpx:TrackPointExtension><gpxtpx:hr>176</gpxtpx:hr></gpxtpx:TrackPointExtension></extensions></trkpt><trkpt lat="58.052932" lon="38.843917"><ele>118.0</ele><time>2025-03-26T16:46:07Z</time><extensions><gpxtpx:TrackPointExtension><gpxtpx:hr>176</gpxtpx:hr></gpxtpx:TrackPointExtension></extensions></trkpt><trkpt lat="58.052943" lon="38.84388"><ele>118.0</ele><time>2025-03-26T16:46:08Z</time><extensions><gpxtpx:TrackPointExtension><gpxtpx:hr>176</gpxtpx:hr></gpxtpx:TrackPointExtension></extensions></trkpt><trkpt lat="58.05296" lon="38.84384"><ele>118.0</ele><time>2025-03-26T16:46:09Z</time><extensions><gpxtpx:TrackPointExtension><gpxtpx:hr>176</gpxtpx:hr></gpxtpx:TrackPointExtension></extensions></trkpt><trkpt lat="58.05297" lon="38.843802"><ele>118.0</ele><time>2025-03-26T16:46:10Z</time><extensions><gpxtpx:TrackPointExtension><gpxtpx:hr>176</gpxtpx:hr></gpxtpx:TrackPointExtension></extensions></trkpt><trkpt lat="58.052985" lon="38.843765"><ele>118.0</ele><time>2025-03-26T16:46:11Z</time><extensions><gpxtpx:TrackPointExtension><gpxtpx:hr>176</gpxtpx:hr></gpxtpx:TrackPointExtension></extensions></trkpt><trkpt lat="58.052997" lon="38.843727"><ele>118.0</ele><time>2025-03-26T16:46:12Z</time><extensions><gpxtpx:TrackPointExtension><gpxtpx:hr>176</gpxtpx:hr></gpxtpx:TrackPointExtension></extensions></trkpt><trkpt lat="58.053012" lon="38.84369"><ele>118.0</ele><time>2025-03-26T16:46:13Z</time><extensions><gpxtpx:TrackPointExtension><gpxtpx:hr>176</gpxtpx:hr></gpxtpx:TrackPointExtension></extensions></trkpt><trkpt lat="58.053023" lon="38.843647"><ele>118.0</ele><time>2025-03-26T16:46:14Z</time><extensions><gpxtpx:TrackPointExtension><gpxtpx:hr>176</gpxtpx:hr></gpxtpx:TrackPointExtension></extensions></trkpt><trkpt lat="58.053035" lon="38.84361"><ele>118.0</ele><time>2025-03-26T16:46:15Z</time><extensions><gpxtpx:TrackPointExtension><gpxtpx:hr>176</gpxtpx:hr></gpxtpx:TrackPointExtension></extensions></trkpt><trkpt lat="58.05305" lon="38.84357"><ele>118.0</ele><time>2025-03-26T16:46:16Z</time><extensions><gpxtpx:TrackPointExtension><gpxtpx:hr>176</gpxtpx:hr></gpxtpx:TrackPointExtension></extensions></trkpt><trkpt lat="58.053065" lon="38.843535"><ele>118.0</ele><time>2025-03-26T16:46:17Z</time><extensions><gpxtpx:TrackPointExtension><gpxtpx:hr>176</gpxtpx:hr></gpxtpx:TrackPointExtension></extensions></trkpt><trkpt lat="58.053077" lon="38.8435"><ele>118.0</ele><time>2025-03-26T16:46:18Z</time><extensions><gpxtpx:TrackPointExtension><gpxtpx:hr>176</gpxtpx:hr></gpxtpx:TrackPointExtension></extensions></trkpt><trkpt lat="58.053088" lon="38.84346"><ele>118.0</ele><time>2025-03-26T16:46:19Z</time><extensions><gpxtpx:TrackPointExtension><gpxtpx:hr>176</gpxtpx:hr></gpxtpx:TrackPointExtension></extensions></trkpt><trkpt lat="58.053103" lon="38.843425"><ele>118.0</ele><time>2025-03-26T16:46:20Z</time><extensions><gpxtpx:TrackPointExtension><gpxtpx:hr>176</gpxtpx:hr></gpxtpx:TrackPointExtension></extensions></trkpt><trkpt lat="58.05312" lon="38.843387"><ele>118.0</ele><time>2025-03-26T16:46:21Z</time><extensions><gpxtpx:TrackPointExtension><gpxtpx:hr>176</gpxtpx:hr></gpxtpx:TrackPointExtension></extensions></trkpt><trkpt lat="58.05313" lon="38.843352"><ele>118.0</ele><time>2025-03-26T16:46:22Z</time><extensions><gpxtpx:TrackPointExtension><gpxtpx:hr>176</gpxtpx:hr></gpxtpx:TrackPointExtension></extensions></trkpt><trkpt lat="58.053145" lon="38.843315"><ele>118.0</ele><time>2025-03-26T16:46:23Z</time><extensions><gpxtpx:TrackPointExtension><gpxtpx:hr>176</gpxtpx:hr></gpxtpx:TrackPointExtension></extensions></trkpt><trkpt lat="58.053157" lon="38.843277"><ele>118.0</ele><time>2025-03-26T16:46:24Z</time><extensions><gpxtpx:TrackPointExtension><gpxtpx:hr>176</gpxtpx:hr></gpxtpx:TrackPointExtension></extensions></trkpt><trkpt lat="58.05317" lon="38.84324"><ele>118.0</ele><time>2025-03-26T16:46:25Z</time><extensions><gpxtpx:TrackPointExtension><gpxtpx:hr>176</gpxtpx:hr></gpxtpx:TrackPointExtension></extensions></trkpt><trkpt lat="58.053185" lon="38.8432"><ele>118.0</ele><time>2025-03-26T16:46:26Z</time><extensions><gpxtpx:TrackPointExtension><gpxtpx:hr>176</gpxtpx:hr></gpxtpx:TrackPointExtension></extensions></trkpt><trkpt lat="58.053195" lon="38.843162"><ele>118.0</ele><time>2025-03-26T16:46:27Z</time><extensions><gpxtpx:TrackPointExtension><gpxtpx:hr>176</gpxtpx:hr></gpxtpx:TrackPointExtension></extensions></trkpt><trkpt lat="58.053207" lon="38.843123"><ele>118.0</ele><time>2025-03-26T16:46:28Z</time><extensions><gpxtpx:TrackPointExtension><gpxtpx:hr>176</gpxtpx:hr></gpxtpx:TrackPointExtension></extensions></trkpt><trkpt lat="58.053222" lon="38.843085"><ele>118.0</ele><time>2025-03-26T16:46:29Z</time><extensions><gpxtpx:TrackPointExtension><gpxtpx:hr>176</gpxtpx:hr></gpxtpx:TrackPointExtension></extensions></trkpt><trkpt lat="58.053233" lon="38.843043"><ele>118.0</ele><time>2025-03-26T16:46:30Z</time><extensions><gpxtpx:TrackPointExtension><gpxtpx:hr>176</gpxtpx:hr></gpxtpx:TrackPointExtension></extensions></trkpt><trkpt lat="58.05325" lon="38.843005"><ele>118.0</ele><time>2025-03-26T16:46:31Z</time><extensions><gpxtpx:TrackPointExtension><gpxtpx:hr>177</gpxtpx:hr></gpxtpx:TrackPointExtension></extensions></trkpt><trkpt lat="58.05326" lon="38.842967"><ele>118.0</ele><time>2025-03-26T16:46:32Z</time><extensions><gpxtpx:TrackPointExtension><gpxtpx:hr>177</gpxtpx:hr></gpxtpx:TrackPointExtension></extensions></trkpt><trkpt lat="58.053272" lon="38.84293"><ele>118.0</ele><time>2025-03-26T16:46:33Z</time><extensions><gpxtpx:TrackPointExtension><gpxtpx:hr>177</gpxtpx:hr></gpxtpx:TrackPointExtension></extensions></trkpt><trkpt lat="58.053287" lon="38.84289"><ele>118.0</ele><time>2025-03-26T16:46:34Z</time><extensions><gpxtpx:TrackPointExtension><gpxtpx:hr>177</gpxtpx:hr></gpxtpx:TrackPointExtension></extensions></trkpt><trkpt lat="58.0533" lon="38.842853"><ele>118.0</ele><time>2025-03-26T16:46:35Z</time><extensions><gpxtpx:TrackPointExtension><gpxtpx:hr>177</gpxtpx:hr></gpxtpx:TrackPointExtension></extensions></trkpt><trkpt lat="58.053313" lon="38.842815"><ele>118.0</ele><time>2025-03-26T16:46:36Z</time><extensions><gpxtpx:TrackPointExtension><gpxtpx:hr>177</gpxtpx:hr></gpxtpx:TrackPointExtension></extensions></trkpt><trkpt lat="58.053325" lon="38.842772"><ele>118.0</ele><time>2025-03-26T16:46:37Z</time><extensions><gpxtpx:TrackPointExtension><gpxtpx:hr>177</gpxtpx:hr></gpxtpx:TrackPointExtension></extensions></trkpt><trkpt lat="58.053337" lon="38.842735"><ele>118.0</ele><time>2025-03-26T16:46:38Z</time><extensions><gpxtpx:TrackPointExtension><gpxtpx:hr>177</gpxtpx:hr></gpxtpx:TrackPointExtension></extensions></trkpt><trkpt lat="58.05335" lon="38.842697"><ele>118.0</ele><time>2025-03-26T16:46:39Z</time><extensions><gpxtpx:TrackPointExtension><gpxtpx:hr>177</gpxtpx:hr></gpxtpx:TrackPointExtension></extensions></trkpt><trkpt lat="58.053363" lon="38.842655"><ele>118.0</ele><time>2025-03-26T16:46:40Z</time><extensions><gpxtpx:TrackPointExtension><gpxtpx:hr>177</gpxtpx:hr></gpxtpx:TrackPointExtension></extensions></trkpt><trkpt lat="58.053375" lon="38.842612"><ele>118.0</ele><time>2025-03-26T16:46:41Z</time><extensions><gpxtpx:TrackPointExtension><gpxtpx:hr>176</gpxtpx:hr></gpxtpx:TrackPointExtension></extensions></trkpt><trkpt lat="58.053387" lon="38.842575"><ele>118.0</ele><time>2025-03-26T16:46:42Z</time><extensions><gpxtpx:TrackPointExtension><gpxtpx:hr>176</gpxtpx:hr></gpxtpx:TrackPointExtension></extensions></trkpt><trkpt lat="58.0534" lon="38.842532"><ele>118.0</ele><time>2025-03-26T16:46:43Z</time><extensions><gpxtpx:TrackPointExtension><gpxtpx:hr>176</gpxtpx:hr></gpxtpx:TrackPointExtension></extensions></trkpt><trkpt lat="58.05341" lon="38.84249"><ele>118.0</ele><time>2025-03-26T16:46:44Z</time><extensions><gpxtpx:TrackPointExtension><gpxtpx:hr>176</gpxtpx:hr></gpxtpx:TrackPointExtension></extensions></trkpt><trkpt lat="58.053425" lon="38.842452"><ele>118.0</ele><time>2025-03-26T16:46:45Z</time><extensions><gpxtpx:TrackPointExtension><gpxtpx:hr>176</gpxtpx:hr></gpxtpx:TrackPointExtension></extensions></trkpt><trkpt lat="58.053435" lon="38.84241"><ele>118.0</ele><time>2025-03-26T16:46:46Z</time><extensions><gpxtpx:TrackPointExtension><gpxtpx:hr>176</gpxtpx:hr></gpxtpx:TrackPointExtension></extensions></trkpt><trkpt lat="58.053447" lon="38.84237"><ele>118.0</ele><time>2025-03-26T16:46:47Z</time><extensions><gpxtpx:TrackPointExtension><gpxtpx:hr>176</gpxtpx:hr></gpxtpx:TrackPointExtension></extensions></trkpt><trkpt lat="58.05346" lon="38.842327"><ele>118.0</ele><time>2025-03-26T16:46:48Z</time><extensions><gpxtpx:TrackPointExtension><gpxtpx:hr>176</gpxtpx:hr></gpxtpx:TrackPointExtension></extensions></trkpt><trkpt lat="58.053473" lon="38.842285"><ele>118.0</ele><time>2025-03-26T16:46:49Z</time><extensions><gpxtpx:TrackPointExtension><gpxtpx:hr>176</gpxtpx:hr></gpxtpx:TrackPointExtension></extensions></trkpt><trkpt lat="58.053485" lon="38.842242"><ele>118.0</ele><time>2025-03-26T16:46:50Z</time><extensions><gpxtpx:TrackPointExtension><gpxtpx:hr>175</gpxtpx:hr></gpxtpx:TrackPointExtension></extensions></trkpt><trkpt lat="58.053497" lon="38.8422"><ele>118.0</ele><time>2025-03-26T16:46:51Z</time><extensions><gpxtpx:TrackPointExtension><gpxtpx:hr>175</gpxtpx:hr></gpxtpx:TrackPointExtension></extensions></trkpt><trkpt lat="58.05351" lon="38.84216"><ele>118.0</ele><time>2025-03-26T16:46:52Z</time><extensions><gpxtpx:TrackPointExtension><gpxtpx:hr>176</gpxtpx:hr></gpxtpx:TrackPointExtension></extensions></trkpt><trkpt lat="58.05352" lon="38.84212"><ele>118.0</ele><time>2025-03-26T16:46:53Z</time><extensions><gpxtpx:TrackPointExtension><gpxtpx:hr>176</gpxtpx:hr></gpxtpx:TrackPointExtension></extensions></trkpt><trkpt lat="58.05353" lon="38.84208"><ele>118.0</ele><time>2025-03-26T16:46:54Z</time><extensions><gpxtpx:TrackPointExtension><gpxtpx:hr>176</gpxtpx:hr></gpxtpx:TrackPointExtension></extensions></trkpt><trkpt lat="58.053542" lon="38.842037"><ele>118.0</ele><time>2025-03-26T16:46:55Z</time><extensions><gpxtpx:TrackPointExtension><gpxtpx:hr>176</gpxtpx:hr></gpxtpx:TrackPointExtension></extensions></trkpt><trkpt lat="58.053555" lon="38.842"><ele>118.0</ele><time>2025-03-26T16:46:56Z</time><extensions><gpxtpx:TrackPointExtension><gpxtpx:hr>175</gpxtpx:hr></gpxtpx:TrackPointExtension></extensions></trkpt><trkpt lat="58.05357" lon="38.841957"><ele>118.0</ele><time>2025-03-26T16:46:57Z</time><extensions><gpxtpx:TrackPointExtension><gpxtpx:hr>175</gpxtpx:hr></gpxtpx:TrackPointExtension></extensions></trkpt><trkpt lat="58.05358" lon="38.84192"><ele>118.0</ele><time>2025-03-26T16:46:58Z</time><extensions><gpxtpx:TrackPointExtension><gpxtpx:hr>175</gpxtpx:hr></gpxtpx:TrackPointExtension></extensions></trkpt><trkpt lat="58.053595" lon="38.841877"><ele>118.0</ele><time>2025-03-26T16:46:59Z</time><extensions><gpxtpx:TrackPointExtension><gpxtpx:hr>175</gpxtpx:hr></gpxtpx:TrackPointExtension></extensions></trkpt><trkpt lat="58.053607" lon="38.841838"><ele>118.0</ele><time>2025-03-26T16:47:00Z</time><extensions><gpxtpx:TrackPointExtension><gpxtpx:hr>175</gpxtpx:hr></gpxtpx:TrackPointExtension></extensions></trkpt><trkpt lat="58.053627" lon="38.841805"><ele>118.0</ele><time>2025-03-26T16:47:01Z</time><extensions><gpxtpx:TrackPointExtension><gpxtpx:hr>175</gpxtpx:hr></gpxtpx:TrackPointExtension></extensions></trkpt><trkpt lat="58.053642" lon="38.841765"><ele>118.0</ele><time>2025-03-26T16:47:02Z</time><extensions><gpxtpx:TrackPointExtension><gpxtpx:hr>175</gpxtpx:hr></gpxtpx:TrackPointExtension></extensions></trkpt><trkpt lat="58.053653" lon="38.84173"><ele>118.0</ele><time>2025-03-26T16:47:03Z</time><extensions><gpxtpx:TrackPointExtension><gpxtpx:hr>175</gpxtpx:hr></gpxtpx:TrackPointExtension></extensions></trkpt><trkpt lat="58.053665" lon="38.84169"><ele>118.0</ele><time>2025-03-26T16:47:04Z</time><extensions><gpxtpx:TrackPointExtension><gpxtpx:hr>175</gpxtpx:hr></gpxtpx:TrackPointExtension></extensions></trkpt><trkpt lat="58.05368" lon="38.84165"><ele>118.0</ele><time>2025-03-26T16:47:05Z</time><extensions><gpxtpx:TrackPointExtension><gpxtpx:hr>175</gpxtpx:hr></gpxtpx:TrackPointExtension></extensions></trkpt><trkpt lat="58.05369" lon="38.841605"><ele>118.0</ele><time>2025-03-26T16:47:06Z</time><extensions><gpxtpx:TrackPointExtension><gpxtpx:hr>176</gpxtpx:hr></gpxtpx:TrackPointExtension></extensions></trkpt><trkpt lat="58.053702" lon="38.841567"><ele>118.0</ele><time>2025-03-26T16:47:07Z</time><extensions><gpxtpx:TrackPointExtension><gpxtpx:hr>176</gpxtpx:hr></gpxtpx:TrackPointExtension></extensions></trkpt><trkpt lat="58.05372" lon="38.84153"><ele>118.0</ele><time>2025-03-26T16:47:08Z</time><extensions><gpxtpx:TrackPointExtension><gpxtpx:hr>176</gpxtpx:hr></gpxtpx:TrackPointExtension></extensions></trkpt><trkpt lat="58.05373" lon="38.84149"><ele>118.0</ele><time>2025-03-26T16:47:09Z</time><extensions><gpxtpx:TrackPointExtension><gpxtpx:hr>176</gpxtpx:hr></gpxtpx:TrackPointExtension></extensions></trkpt><trkpt lat="58.053745" lon="38.84145"><ele>118.0</ele><time>2025-03-26T16:47:10Z</time><extensions><gpxtpx:TrackPointExtension><gpxtpx:hr>177</gpxtpx:hr></gpxtpx:TrackPointExtension></extensions></trkpt><trkpt lat="58.05376" lon="38.84141"><ele>118.0</ele><time>2025-03-26T16:47:11Z</time><extensions><gpxtpx:TrackPointExtension><gpxtpx:hr>177</gpxtpx:hr></gpxtpx:TrackPointExtension></extensions></trkpt><trkpt lat="58.053775" lon="38.841372"><ele>118.0</ele><time>2025-03-26T16:47:12Z</time><extensions><gpxtpx:TrackPointExtension><gpxtpx:hr>177</gpxtpx:hr></gpxtpx:TrackPointExtension></extensions></trkpt><trkpt lat="58.053787" lon="38.84133"><ele>118.0</ele><time>2025-03-26T16:47:13Z</time><extensions><gpxtpx:TrackPointExtension><gpxtpx:hr>177</gpxtpx:hr></gpxtpx:TrackPointExtension></extensions></trkpt><trkpt lat="58.053802" lon="38.841292"><ele>118.0</ele><time>2025-03-26T16:47:14Z</time><extensions><gpxtpx:TrackPointExtension><gpxtpx:hr>177</gpxtpx:hr></gpxtpx:TrackPointExtension></extensions></trkpt><trkpt lat="58.053813" lon="38.84125"><ele>118.0</ele><time>2025-03-26T16:47:15Z</time><extensions><gpxtpx:TrackPointExtension><gpxtpx:hr>177</gpxtpx:hr></gpxtpx:TrackPointExtension></extensions></trkpt><trkpt lat="58.05383" lon="38.84121"><ele>118.0</ele><time>2025-03-26T16:47:16Z</time><extensions><gpxtpx:TrackPointExtension><gpxtpx:hr>177</gpxtpx:hr></gpxtpx:TrackPointExtension></extensions></trkpt><trkpt lat="58.05384" lon="38.84117"><ele>118.0</ele><time>2025-03-26T16:47:17Z</time><extensions><gpxtpx:TrackPointExtension><gpxtpx:hr>177</gpxtpx:hr></gpxtpx:TrackPointExtension></extensions></trkpt><trkpt lat="58.053855" lon="38.84113"><ele>118.0</ele><time>2025-03-26T16:47:18Z</time><extensions><gpxtpx:TrackPointExtension><gpxtpx:hr>177</gpxtpx:hr></gpxtpx:TrackPointExtension></extensions></trkpt><trkpt lat="58.053867" lon="38.84109"><ele>118.0</ele><time>2025-03-26T16:47:19Z</time><extensions><gpxtpx:TrackPointExtension><gpxtpx:hr>177</gpxtpx:hr></gpxtpx:TrackPointExtension></extensions></trkpt><trkpt lat="58.053882" lon="38.84105"><ele>118.0</ele><time>2025-03-26T16:47:20Z</time><extensions><gpxtpx:TrackPointExtension><gpxtpx:hr>177</gpxtpx:hr></gpxtpx:TrackPointExtension></extensions></trkpt><trkpt lat="58.053893" lon="38.841007"><ele>118.0</ele><time>2025-03-26T16:47:21Z</time><extensions><gpxtpx:TrackPointExtension><gpxtpx:hr>177</gpxtpx:hr></gpxtpx:TrackPointExtension></extensions></trkpt><trkpt lat="58.053905" lon="38.840965"><ele>118.0</ele><time>2025-03-26T16:47:22Z</time><extensions><gpxtpx:TrackPointExtension><gpxtpx:hr>178</gpxtpx:hr></gpxtpx:TrackPointExtension></extensions></trkpt><trkpt lat="58.053917" lon="38.840922"><ele>118.0</ele><time>2025-03-26T16:47:23Z</time><extensions><gpxtpx:TrackPointExtension><gpxtpx:hr>178</gpxtpx:hr></gpxtpx:TrackPointExtension></extensions></trkpt><trkpt lat="58.05393" lon="38.84088"><ele>118.0</ele><time>2025-03-26T16:47:24Z</time><extensions><gpxtpx:TrackPointExtension><gpxtpx:hr>178</gpxtpx:hr></gpxtpx:TrackPointExtension></extensions></trkpt><trkpt lat="58.053943" lon="38.84084"><ele>118.0</ele><time>2025-03-26T16:47:25Z</time><extensions><gpxtpx:TrackPointExtension><gpxtpx:hr>178</gpxtpx:hr></gpxtpx:TrackPointExtension></extensions></trkpt><trkpt lat="58.05396" lon="38.8408"><ele>118.0</ele><time>2025-03-26T16:47:26Z</time><extensions><gpxtpx:TrackPointExtension><gpxtpx:hr>177</gpxtpx:hr></gpxtpx:TrackPointExtension></extensions></trkpt><trkpt lat="58.053973" lon="38.84076"><ele>118.0</ele><time>2025-03-26T16:47:27Z</time><extensions><gpxtpx:TrackPointExtension><gpxtpx:hr>177</gpxtpx:hr></gpxtpx:TrackPointExtension></extensions></trkpt><trkpt lat="58.05399" lon="38.84072"><ele>118.0</ele><time>2025-03-26T16:47:28Z</time><extensions><gpxtpx:TrackPointExtension><gpxtpx:hr>177</gpxtpx:hr></gpxtpx:TrackPointExtension></extensions></trkpt><trkpt lat="58.054" lon="38.84068"><ele>118.0</ele><time>2025-03-26T16:47:29Z</time><extensions><gpxtpx:TrackPointExtension><gpxtpx:hr>177</gpxtpx:hr></gpxtpx:TrackPointExtension></extensions></trkpt><trkpt lat="58.054015" lon="38.840637"><ele>118.0</ele><time>2025-03-26T16:47:30Z</time><extensions><gpxtpx:TrackPointExtension><gpxtpx:hr>177</gpxtpx:hr></gpxtpx:TrackPointExtension></extensions></trkpt><trkpt lat="58.05403" lon="38.840595"><ele>118.0</ele><time>2025-03-26T16:47:31Z</time><extensions><gpxtpx:TrackPointExtension><gpxtpx:hr>177</gpxtpx:hr></gpxtpx:TrackPointExtension></extensions></trkpt><trkpt lat="58.054047" lon="38.840552"><ele>118.0</ele><time>2025-03-26T16:47:32Z</time><extensions><gpxtpx:TrackPointExtension><gpxtpx:hr>177</gpxtpx:hr></gpxtpx:TrackPointExtension></extensions></trkpt><trkpt lat="58.05406" lon="38.840515"><ele>118.0</ele><time>2025-03-26T16:47:33Z</time><extensions><gpxtpx:TrackPointExtension><gpxtpx:hr>177</gpxtpx:hr></gpxtpx:TrackPointExtension></extensions></trkpt><trkpt lat="58.054072" lon="38.840477"><ele>118.0</ele><time>2025-03-26T16:47:34Z</time><extensions><gpxtpx:TrackPointExtension><gpxtpx:hr>177</gpxtpx:hr></gpxtpx:TrackPointExtension></extensions></trkpt><trkpt lat="58.05409" lon="38.840435"><ele>118.0</ele><time>2025-03-26T16:47:35Z</time><extensions><gpxtpx:TrackPointExtension><gpxtpx:hr>177</gpxtpx:hr></gpxtpx:TrackPointExtension></extensions></trkpt><trkpt lat="58.0541" lon="38.840392"><ele>118.0</ele><time>2025-03-26T16:47:36Z</time><extensions><gpxtpx:TrackPointExtension><gpxtpx:hr>177</gpxtpx:hr></gpxtpx:TrackPointExtension></extensions></trkpt><trkpt lat="58.054115" lon="38.84035"><ele>118.0</ele><time>2025-03-26T16:47:37Z</time><extensions><gpxtpx:TrackPointExtension><gpxtpx:hr>177</gpxtpx:hr></gpxtpx:TrackPointExtension></extensions></trkpt><trkpt lat="58.054127" lon="38.84031"><ele>118.0</ele><time>2025-03-26T16:47:38Z</time><extensions><gpxtpx:TrackPointExtension><gpxtpx:hr>177</gpxtpx:hr></gpxtpx:TrackPointExtension></extensions></trkpt><trkpt lat="58.054142" lon="38.840267"><ele>118.0</ele><time>2025-03-26T16:47:39Z</time><extensions><gpxtpx:TrackPointExtension><gpxtpx:hr>177</gpxtpx:hr></gpxtpx:TrackPointExtension></extensions></trkpt><trkpt lat="58.054152" lon="38.840225"><ele>118.0</ele><time>2025-03-26T16:47:40Z</time><extensions><gpxtpx:TrackPointExtension><gpxtpx:hr>177</gpxtpx:hr></gpxtpx:TrackPointExtension></extensions></trkpt><trkpt lat="58.05417" lon="38.840178"><ele>118.0</ele><time>2025-03-26T16:47:41Z</time><extensions><gpxtpx:TrackPointExtension><gpxtpx:hr>177</gpxtpx:hr></gpxtpx:TrackPointExtension></extensions></trkpt><trkpt lat="58.05418" lon="38.84014"><ele>118.0</ele><time>2025-03-26T16:47:42Z</time><extensions><gpxtpx:TrackPointExtension><gpxtpx:hr>177</gpxtpx:hr></gpxtpx:TrackPointExtension></extensions></trkpt><trkpt lat="58.054195" lon="38.8401"><ele>118.0</ele><time>2025-03-26T16:47:43Z</time><extensions><gpxtpx:TrackPointExtension><gpxtpx:hr>178</gpxtpx:hr></gpxtpx:TrackPointExtension></extensions></trkpt><trkpt lat="58.05421" lon="38.840057"><ele>118.0</ele><time>2025-03-26T16:47:44Z</time><extensions><gpxtpx:TrackPointExtension><gpxtpx:hr>178</gpxtpx:hr></gpxtpx:TrackPointExtension></extensions></trkpt><trkpt lat="58.054222" lon="38.84002"><ele>118.0</ele><time>2025-03-26T16:47:45Z</time><extensions><gpxtpx:TrackPointExtension><gpxtpx:hr>178</gpxtpx:hr></gpxtpx:TrackPointExtension></extensions></trkpt><trkpt lat="58.054237" lon="38.839977"><ele>118.0</ele><time>2025-03-26T16:47:46Z</time><extensions><gpxtpx:TrackPointExtension><gpxtpx:hr>178</gpxtpx:hr></gpxtpx:TrackPointExtension></extensions></trkpt><trkpt lat="58.054252" lon="38.839942"><ele>118.0</ele><time>2025-03-26T16:47:47Z</time><extensions><gpxtpx:TrackPointExtension><gpxtpx:hr>178</gpxtpx:hr></gpxtpx:TrackPointExtension></extensions></trkpt><trkpt lat="58.054267" lon="38.839905"><ele>118.0</ele><time>2025-03-26T16:47:48Z</time><extensions><gpxtpx:TrackPointExtension><gpxtpx:hr>178</gpxtpx:hr></gpxtpx:TrackPointExtension></extensions></trkpt><trkpt lat="58.054282" lon="38.839868"><ele>118.0</ele><time>2025-03-26T16:47:49Z</time><extensions><gpxtpx:TrackPointExtension><gpxtpx:hr>178</gpxtpx:hr></gpxtpx:TrackPointExtension></extensions></trkpt><trkpt lat="58.054302" lon="38.839832"><ele>118.0</ele><time>2025-03-26T16:47:50Z</time><extensions><gpxtpx:TrackPointExtension><gpxtpx:hr>179</gpxtpx:hr></gpxtpx:TrackPointExtension></extensions></trkpt><trkpt lat="58.054317" lon="38.839793"><ele>118.0</ele><time>2025-03-26T16:47:51Z</time><extensions><gpxtpx:TrackPointExtension><gpxtpx:hr>179</gpxtpx:hr></gpxtpx:TrackPointExtension></extensions></trkpt><trkpt lat="58.054332" lon="38.839755"><ele>118.0</ele><time>2025-03-26T16:47:52Z</time><extensions><gpxtpx:TrackPointExtension><gpxtpx:hr>179</gpxtpx:hr></gpxtpx:TrackPointExtension></extensions></trkpt><trkpt lat="58.05435" lon="38.83972"><ele>118.0</ele><time>2025-03-26T16:47:53Z</time><extensions><gpxtpx:TrackPointExtension><gpxtpx:hr>179</gpxtpx:hr></gpxtpx:TrackPointExtension></extensions></trkpt><trkpt lat="58.054367" lon="38.839683"><ele>118.0</ele><time>2025-03-26T16:47:54Z</time><extensions><gpxtpx:TrackPointExtension><gpxtpx:hr>179</gpxtpx:hr></gpxtpx:TrackPointExtension></extensions></trkpt><trkpt lat="58.054382" lon="38.839643"><ele>118.0</ele><time>2025-03-26T16:47:55Z</time><extensions><gpxtpx:TrackPointExtension><gpxtpx:hr>179</gpxtpx:hr></gpxtpx:TrackPointExtension></extensions></trkpt><trkpt lat="58.054397" lon="38.839602"><ele>118.0</ele><time>2025-03-26T16:47:56Z</time><extensions><gpxtpx:TrackPointExtension><gpxtpx:hr>179</gpxtpx:hr></gpxtpx:TrackPointExtension></extensions></trkpt><trkpt lat="58.05441" lon="38.839565"><ele>118.0</ele><time>2025-03-26T16:47:57Z</time><extensions><gpxtpx:TrackPointExtension><gpxtpx:hr>179</gpxtpx:hr></gpxtpx:TrackPointExtension></extensions></trkpt><trkpt lat="58.054423" lon="38.839522"><ele>118.0</ele><time>2025-03-26T16:47:58Z</time><extensions><gpxtpx:TrackPointExtension><gpxtpx:hr>179</gpxtpx:hr></gpxtpx:TrackPointExtension></extensions></trkpt><trkpt lat="58.054435" lon="38.83948"><ele>118.0</ele><time>2025-03-26T16:47:59Z</time><extensions><gpxtpx:TrackPointExtension><gpxtpx:hr>179</gpxtpx:hr></gpxtpx:TrackPointExtension></extensions></trkpt><trkpt lat="58.05445" lon="38.83944"><ele>118.0</ele><time>2025-03-26T16:48:00Z</time><extensions><gpxtpx:TrackPointExtension><gpxtpx:hr>179</gpxtpx:hr></gpxtpx:TrackPointExtension></extensions></trkpt><trkpt lat="58.054465" lon="38.8394"><ele>118.0</ele><time>2025-03-26T16:48:01Z</time><extensions><gpxtpx:TrackPointExtension><gpxtpx:hr>179</gpxtpx:hr></gpxtpx:TrackPointExtension></extensions></trkpt><trkpt lat="58.05448" lon="38.83936"><ele>118.0</ele><time>2025-03-26T16:48:02Z</time><extensions><gpxtpx:TrackPointExtension><gpxtpx:hr>180</gpxtpx:hr></gpxtpx:TrackPointExtension></extensions></trkpt><trkpt lat="58.054492" lon="38.839317"><ele>118.0</ele><time>2025-03-26T16:48:03Z</time><extensions><gpxtpx:TrackPointExtension><gpxtpx:hr>180</gpxtpx:hr></gpxtpx:TrackPointExtension></extensions></trkpt><trkpt lat="58.05451" lon="38.83928"><ele>118.0</ele><time>2025-03-26T16:48:04Z</time><extensions><gpxtpx:TrackPointExtension><gpxtpx:hr>180</gpxtpx:hr></gpxtpx:TrackPointExtension></extensions></trkpt><trkpt lat="58.05452" lon="38.839237"><ele>118.0</ele><time>2025-03-26T16:48:05Z</time><extensions><gpxtpx:TrackPointExtension><gpxtpx:hr>180</gpxtpx:hr></gpxtpx:TrackPointExtension></extensions></trkpt><trkpt lat="58.054535" lon="38.839193"><ele>118.0</ele><time>2025-03-26T16:48:06Z</time><extensions><gpxtpx:TrackPointExtension><gpxtpx:hr>180</gpxtpx:hr></gpxtpx:TrackPointExtension></extensions></trkpt><trkpt lat="58.054545" lon="38.839152"><ele>118.0</ele><time>2025-03-26T16:48:07Z</time><extensions><gpxtpx:TrackPointExtension><gpxtpx:hr>180</gpxtpx:hr></gpxtpx:TrackPointExtension></extensions></trkpt><trkpt lat="58.054557" lon="38.839115"><ele>118.0</ele><time>2025-03-26T16:48:08Z</time><extensions><gpxtpx:TrackPointExtension><gpxtpx:hr>180</gpxtpx:hr></gpxtpx:TrackPointExtension></extensions></trkpt><trkpt lat="58.05457" lon="38.83907"><ele>118.0</ele><time>2025-03-26T16:48:09Z</time><extensions><gpxtpx:TrackPointExtension><gpxtpx:hr>181</gpxtpx:hr></gpxtpx:TrackPointExtension></extensions></trkpt><trkpt lat="58.05458" lon="38.839027"><ele>118.0</ele><time>2025-03-26T16:48:10Z</time><extensions><gpxtpx:TrackPointExtension><gpxtpx:hr>181</gpxtpx:hr></gpxtpx:TrackPointExtension></extensions></trkpt><trkpt lat="58.054592" lon="38.83898"><ele>118.0</ele><time>2025-03-26T16:48:11Z</time><extensions><gpxtpx:TrackPointExtension><gpxtpx:hr>181</gpxtpx:hr></gpxtpx:TrackPointExtension></extensions></trkpt><trkpt lat="58.0546" lon="38.838935"><ele>118.0</ele><time>2025-03-26T16:48:12Z</time><extensions><gpxtpx:TrackPointExtension><gpxtpx:hr>181</gpxtpx:hr></gpxtpx:TrackPointExtension></extensions></trkpt><trkpt lat="58.054608" lon="38.83889"><ele>118.0</ele><time>2025-03-26T16:48:13Z</time><extensions><gpxtpx:TrackPointExtension><gpxtpx:hr>181</gpxtpx:hr></gpxtpx:TrackPointExtension></extensions></trkpt><trkpt lat="58.054625" lon="38.838843"><ele>118.0</ele><time>2025-03-26T16:48:14Z</time><extensions><gpxtpx:TrackPointExtension><gpxtpx:hr>181</gpxtpx:hr></gpxtpx:TrackPointExtension></extensions></trkpt><trkpt lat="58.054637" lon="38.838802"><ele>118.0</ele><time>2025-03-26T16:48:15Z</time><extensions><gpxtpx:TrackPointExtension><gpxtpx:hr>181</gpxtpx:hr></gpxtpx:TrackPointExtension></extensions></trkpt><trkpt lat="58.054652" lon="38.83876"><ele>118.0</ele><time>2025-03-26T16:48:16Z</time><extensions><gpxtpx:TrackPointExtension><gpxtpx:hr>181</gpxtpx:hr></gpxtpx:TrackPointExtension></extensions></trkpt><trkpt lat="58.05467" lon="38.83872"><ele>118.0</ele><time>2025-03-26T16:48:17Z</time><extensions><gpxtpx:TrackPointExtension><gpxtpx:hr>181</gpxtpx:hr></gpxtpx:TrackPointExtension></extensions></trkpt><trkpt lat="58.054678" lon="38.838672"><ele>118.0</ele><time>2025-03-26T16:48:18Z</time><extensions><gpxtpx:TrackPointExtension><gpxtpx:hr>182</gpxtpx:hr></gpxtpx:TrackPointExtension></extensions></trkpt><trkpt lat="58.054695" lon="38.83863"><ele>118.0</ele><time>2025-03-26T16:48:19Z</time><extensions><gpxtpx:TrackPointExtension><gpxtpx:hr>181</gpxtpx:hr></gpxtpx:TrackPointExtension></extensions></trkpt><trkpt lat="58.05471" lon="38.83859"><ele>118.0</ele><time>2025-03-26T16:48:20Z</time><extensions><gpxtpx:TrackPointExtension><gpxtpx:hr>181</gpxtpx:hr></gpxtpx:TrackPointExtension></extensions></trkpt><trkpt lat="58.05472" lon="38.838547"><ele>118.0</ele><time>2025-03-26T16:48:21Z</time><extensions><gpxtpx:TrackPointExtension><gpxtpx:hr>182</gpxtpx:hr></gpxtpx:TrackPointExtension></extensions></trkpt><trkpt lat="58.054737" lon="38.838503"><ele>118.0</ele><time>2025-03-26T16:48:22Z</time><extensions><gpxtpx:TrackPointExtension><gpxtpx:hr>182</gpxtpx:hr></gpxtpx:TrackPointExtension></extensions></trkpt><trkpt lat="58.054752" lon="38.83846"><ele>118.0</ele><time>2025-03-26T16:48:23Z</time><extensions><gpxtpx:TrackPointExtension><gpxtpx:hr>181</gpxtpx:hr></gpxtpx:TrackPointExtension></extensions></trkpt><trkpt lat="58.054767" lon="38.838417"><ele>118.0</ele><time>2025-03-26T16:48:24Z</time><extensions><gpxtpx:TrackPointExtension><gpxtpx:hr>181</gpxtpx:hr></gpxtpx:TrackPointExtension></extensions></trkpt><trkpt lat="58.05478" lon="38.838375"><ele>118.0</ele><time>2025-03-26T16:48:25Z</time><extensions><gpxtpx:TrackPointExtension><gpxtpx:hr>181</gpxtpx:hr></gpxtpx:TrackPointExtension></extensions></trkpt><trkpt lat="58.05479" lon="38.83833"><ele>118.0</ele><time>2025-03-26T16:48:26Z</time><extensions><gpxtpx:TrackPointExtension><gpxtpx:hr>181</gpxtpx:hr></gpxtpx:TrackPointExtension></extensions></trkpt><trkpt lat="58.054805" lon="38.838287"><ele>118.0</ele><time>2025-03-26T16:48:27Z</time><extensions><gpxtpx:TrackPointExtension><gpxtpx:hr>181</gpxtpx:hr></gpxtpx:TrackPointExtension></extensions></trkpt><trkpt lat="58.054817" lon="38.83824"><ele>118.0</ele><time>2025-03-26T16:48:28Z</time><extensions><gpxtpx:TrackPointExtension><gpxtpx:hr>181</gpxtpx:hr></gpxtpx:TrackPointExtension></extensions></trkpt><trkpt lat="58.054832" lon="38.8382"><ele>118.0</ele><time>2025-03-26T16:48:29Z</time><extensions><gpxtpx:TrackPointExtension><gpxtpx:hr>181</gpxtpx:hr></gpxtpx:TrackPointExtension></extensions></trkpt><trkpt lat="58.054843" lon="38.838157"><ele>118.0</ele><time>2025-03-26T16:48:30Z</time><extensions><gpxtpx:TrackPointExtension><gpxtpx:hr>181</gpxtpx:hr></gpxtpx:TrackPointExtension></extensions></trkpt><trkpt lat="58.05486" lon="38.838115"><ele>118.0</ele><time>2025-03-26T16:48:31Z</time><extensions><gpxtpx:TrackPointExtension><gpxtpx:hr>181</gpxtpx:hr></gpxtpx:TrackPointExtension></extensions></trkpt><trkpt lat="58.054873" lon="38.838077"><ele>118.0</ele><time>2025-03-26T16:48:32Z</time><extensions><gpxtpx:TrackPointExtension><gpxtpx:hr>181</gpxtpx:hr></gpxtpx:TrackPointExtension></extensions></trkpt><trkpt lat="58.054885" lon="38.838035"><ele>118.0</ele><time>2025-03-26T16:48:33Z</time><extensions><gpxtpx:TrackPointExtension><gpxtpx:hr>181</gpxtpx:hr></gpxtpx:TrackPointExtension></extensions></trkpt><trkpt lat="58.0549" lon="38.837993"><ele>118.0</ele><time>2025-03-26T16:48:34Z</time><extensions><gpxtpx:TrackPointExtension><gpxtpx:hr>181</gpxtpx:hr></gpxtpx:TrackPointExtension></extensions></trkpt><trkpt lat="58.054915" lon="38.83795"><ele>118.0</ele><time>2025-03-26T16:48:35Z</time><extensions><gpxtpx:TrackPointExtension><gpxtpx:hr>181</gpxtpx:hr></gpxtpx:TrackPointExtension></extensions></trkpt><trkpt lat="58.05493" lon="38.83791"><ele>118.0</ele><time>2025-03-26T16:48:36Z</time><extensions><gpxtpx:TrackPointExtension><gpxtpx:hr>181</gpxtpx:hr></gpxtpx:TrackPointExtension></extensions></trkpt><trkpt lat="58.054947" lon="38.83787"><ele>118.0</ele><time>2025-03-26T16:48:37Z</time><extensions><gpxtpx:TrackPointExtension><gpxtpx:hr>182</gpxtpx:hr></gpxtpx:TrackPointExtension></extensions></trkpt><trkpt lat="58.05496" lon="38.837828"><ele>118.0</ele><time>2025-03-26T16:48:38Z</time><extensions><gpxtpx:TrackPointExtension><gpxtpx:hr>182</gpxtpx:hr></gpxtpx:TrackPointExtension></extensions></trkpt><trkpt lat="58.054973" lon="38.83779"><ele>118.0</ele><time>2025-03-26T16:48:39Z</time><extensions><gpxtpx:TrackPointExtension><gpxtpx:hr>182</gpxtpx:hr></gpxtpx:TrackPointExtension></extensions></trkpt><trkpt lat="58.054985" lon="38.83775"><ele>118.0</ele><time>2025-03-26T16:48:40Z</time><extensions><gpxtpx:TrackPointExtension><gpxtpx:hr>182</gpxtpx:hr></gpxtpx:TrackPointExtension></extensions></trkpt><trkpt lat="58.055" lon="38.837707"><ele>118.0</ele><time>2025-03-26T16:48:41Z</time><extensions><gpxtpx:TrackPointExtension><gpxtpx:hr>182</gpxtpx:hr></gpxtpx:TrackPointExtension></extensions></trkpt><trkpt lat="58.05501" lon="38.837665"><ele>118.0</ele><time>2025-03-26T16:48:42Z</time><extensions><gpxtpx:TrackPointExtension><gpxtpx:hr>182</gpxtpx:hr></gpxtpx:TrackPointExtension></extensions></trkpt><trkpt lat="58.055027" lon="38.837627"><ele>118.0</ele><time>2025-03-26T16:48:43Z</time><extensions><gpxtpx:TrackPointExtension><gpxtpx:hr>182</gpxtpx:hr></gpxtpx:TrackPointExtension></extensions></trkpt><trkpt lat="58.055042" lon="38.837585"><ele>118.0</ele><time>2025-03-26T16:48:44Z</time><extensions><gpxtpx:TrackPointExtension><gpxtpx:hr>183</gpxtpx:hr></gpxtpx:TrackPointExtension></extensions></trkpt><trkpt lat="58.055053" lon="38.837542"><ele>118.0</ele><time>2025-03-26T16:48:45Z</time><extensions><gpxtpx:TrackPointExtension><gpxtpx:hr>183</gpxtpx:hr></gpxtpx:TrackPointExtension></extensions></trkpt><trkpt lat="58.05507" lon="38.837497"><ele>118.0</ele><time>2025-03-26T16:48:46Z</time><extensions><gpxtpx:TrackPointExtension><gpxtpx:hr>183</gpxtpx:hr></gpxtpx:TrackPointExtension></extensions></trkpt><trkpt lat="58.05508" lon="38.837455"><ele>118.0</ele><time>2025-03-26T16:48:47Z</time><extensions><gpxtpx:TrackPointExtension><gpxtpx:hr>183</gpxtpx:hr></gpxtpx:TrackPointExtension></extensions></trkpt><trkpt lat="58.05509" lon="38.837413"><ele>118.0</ele><time>2025-03-26T16:48:48Z</time><extensions><gpxtpx:TrackPointExtension><gpxtpx:hr>183</gpxtpx:hr></gpxtpx:TrackPointExtension></extensions></trkpt><trkpt lat="58.055107" lon="38.837375"><ele>118.0</ele><time>2025-03-26T16:48:49Z</time><extensions><gpxtpx:TrackPointExtension><gpxtpx:hr>183</gpxtpx:hr></gpxtpx:TrackPointExtension></extensions></trkpt><trkpt lat="58.055125" lon="38.837333"><ele>118.0</ele><time>2025-03-26T16:48:50Z</time><extensions><gpxtpx:TrackPointExtension><gpxtpx:hr>183</gpxtpx:hr></gpxtpx:TrackPointExtension></extensions></trkpt><trkpt lat="58.055145" lon="38.83729"><ele>118.0</ele><time>2025-03-26T16:48:51Z</time><extensions><gpxtpx:TrackPointExtension><gpxtpx:hr>182</gpxtpx:hr></gpxtpx:TrackPointExtension></extensions></trkpt><trkpt lat="58.055163" lon="38.83725"><ele>118.0</ele><time>2025-03-26T16:48:52Z</time><extensions><gpxtpx:TrackPointExtension><gpxtpx:hr>182</gpxtpx:hr></gpxtpx:TrackPointExtension></extensions></trkpt><trkpt lat="58.055182" lon="38.837203"><ele>118.0</ele><time>2025-03-26T16:48:53Z</time><extensions><gpxtpx:TrackPointExtension><gpxtpx:hr>182</gpxtpx:hr></gpxtpx:TrackPointExtension></extensions></trkpt><trkpt lat="58.0552" lon="38.837162"><ele>118.0</ele><time>2025-03-26T16:48:54Z</time><extensions><gpxtpx:TrackPointExtension><gpxtpx:hr>182</gpxtpx:hr></gpxtpx:TrackPointExtension></extensions></trkpt><trkpt lat="58.055213" lon="38.837123"><ele>118.0</ele><time>2025-03-26T16:48:55Z</time><extensions><gpxtpx:TrackPointExtension><gpxtpx:hr>182</gpxtpx:hr></gpxtpx:TrackPointExtension></extensions></trkpt><trkpt lat="58.05523" lon="38.837082"><ele>118.0</ele><time>2025-03-26T16:48:56Z</time><extensions><gpxtpx:TrackPointExtension><gpxtpx:hr>182</gpxtpx:hr></gpxtpx:TrackPointExtension></extensions></trkpt><trkpt lat="58.05525" lon="38.83704"><ele>118.0</ele><time>2025-03-26T16:48:57Z</time><extensions><gpxtpx:TrackPointExtension><gpxtpx:hr>182</gpxtpx:hr></gpxtpx:TrackPointExtension></extensions></trkpt><trkpt lat="58.055263" lon="38.836997"><ele>118.0</ele><time>2025-03-26T16:48:58Z</time><extensions><gpxtpx:TrackPointExtension><gpxtpx:hr>182</gpxtpx:hr></gpxtpx:TrackPointExtension></extensions></trkpt><trkpt lat="58.05528" lon="38.836955"><ele>118.0</ele><time>2025-03-26T16:48:59Z</time><extensions><gpxtpx:TrackPointExtension><gpxtpx:hr>182</gpxtpx:hr></gpxtpx:TrackPointExtension></extensions></trkpt><trkpt lat="58.055293" lon="38.836913"><ele>118.0</ele><time>2025-03-26T16:49:00Z</time><extensions><gpxtpx:TrackPointExtension><gpxtpx:hr>182</gpxtpx:hr></gpxtpx:TrackPointExtension></extensions></trkpt><trkpt lat="58.055305" lon="38.836875"><ele>118.0</ele><time>2025-03-26T16:49:01Z</time><extensions><gpxtpx:TrackPointExtension><gpxtpx:hr>182</gpxtpx:hr></gpxtpx:TrackPointExtension></extensions></trkpt><trkpt lat="58.05532" lon="38.836833"><ele>118.0</ele><time>2025-03-26T16:49:02Z</time><extensions><gpxtpx:TrackPointExtension><gpxtpx:hr>182</gpxtpx:hr></gpxtpx:TrackPointExtension></extensions></trkpt><trkpt lat="58.055335" lon="38.836795"><ele>118.0</ele><time>2025-03-26T16:49:02Z</time><extensions><gpxtpx:TrackPointExtension><gpxtpx:hr>182</gpxtpx:hr></gpxtpx:TrackPointExtension></extensions></trkpt><trkpt lat="58.055347" lon="38.836753"><ele>118.0</ele><time>2025-03-26T16:49:03Z</time><extensions><gpxtpx:TrackPointExtension><gpxtpx:hr>182</gpxtpx:hr></gpxtpx:TrackPointExtension></extensions></trkpt><trkpt lat="58.05536" lon="38.836715"><ele>118.0</ele><time>2025-03-26T16:49:04Z</time><extensions><gpxtpx:TrackPointExtension><gpxtpx:hr>180</gpxtpx:hr></gpxtpx:TrackPointExtension></extensions></trkpt><trkpt lat="58.05537" lon="38.836677"><ele>118.0</ele><time>2025-03-26T16:49:05Z</time><extensions><gpxtpx:TrackPointExtension><gpxtpx:hr>180</gpxtpx:hr></gpxtpx:TrackPointExtension></extensions></trkpt><trkpt lat="58.05538" lon="38.836635"><ele>118.0</ele><time>2025-03-26T16:49:06Z</time><extensions><gpxtpx:TrackPointExtension><gpxtpx:hr>180</gpxtpx:hr></gpxtpx:TrackPointExtension></extensions></trkpt><trkpt lat="58.055392" lon="38.836593"><ele>118.0</ele><time>2025-03-26T16:49:07Z</time><extensions><gpxtpx:TrackPointExtension><gpxtpx:hr>180</gpxtpx:hr></gpxtpx:TrackPointExtension></extensions></trkpt><trkpt lat="58.0554" lon="38.83655"><ele>118.0</ele><time>2025-03-26T16:49:08Z</time><extensions><gpxtpx:TrackPointExtension><gpxtpx:hr>180</gpxtpx:hr></gpxtpx:TrackPointExtension></extensions></trkpt><trkpt lat="58.055412" lon="38.83651"><ele>118.0</ele><time>2025-03-26T16:49:09Z</time><extensions><gpxtpx:TrackPointExtension><gpxtpx:hr>180</gpxtpx:hr></gpxtpx:TrackPointExtension></extensions></trkpt><trkpt lat="58.055423" lon="38.836467"><ele>118.0</ele><time>2025-03-26T16:49:10Z</time><extensions><gpxtpx:TrackPointExtension><gpxtpx:hr>180</gpxtpx:hr></gpxtpx:TrackPointExtension></extensions></trkpt><trkpt lat="58.055438" lon="38.836425"><ele>118.0</ele><time>2025-03-26T16:49:11Z</time><extensions><gpxtpx:TrackPointExtension><gpxtpx:hr>180</gpxtpx:hr></gpxtpx:TrackPointExtension></extensions></trkpt><trkpt lat="58.05545" lon="38.836383"><ele>118.0</ele><time>2025-03-26T16:49:12Z</time><extensions><gpxtpx:TrackPointExtension><gpxtpx:hr>179</gpxtpx:hr></gpxtpx:TrackPointExtension></extensions></trkpt><trkpt lat="58.05546" lon="38.836345"><ele>118.0</ele><time>2025-03-26T16:49:13Z</time><extensions><gpxtpx:TrackPointExtension><gpxtpx:hr>179</gpxtpx:hr></gpxtpx:TrackPointExtension></extensions></trkpt><trkpt lat="58.055472" lon="38.836303"><ele>118.0</ele><time>2025-03-26T16:49:14Z</time><extensions><gpxtpx:TrackPointExtension><gpxtpx:hr>179</gpxtpx:hr></gpxtpx:TrackPointExtension></extensions></trkpt><trkpt lat="58.05549" lon="38.836265"><ele>118.0</ele><time>2025-03-26T16:49:15Z</time><extensions><gpxtpx:TrackPointExtension><gpxtpx:hr>179</gpxtpx:hr></gpxtpx:TrackPointExtension></extensions></trkpt><trkpt lat="58.055503" lon="38.836227"><ele>118.0</ele><time>2025-03-26T16:49:16Z</time><extensions><gpxtpx:TrackPointExtension><gpxtpx:hr>179</gpxtpx:hr></gpxtpx:TrackPointExtension></extensions></trkpt><trkpt lat="58.05552" lon="38.83619"><ele>118.0</ele><time>2025-03-26T16:49:17Z</time><extensions><gpxtpx:TrackPointExtension><gpxtpx:hr>179</gpxtpx:hr></gpxtpx:TrackPointExtension></extensions></trkpt><trkpt lat="58.05553" lon="38.836147"><ele>118.0</ele><time>2025-03-26T16:49:18Z</time><extensions><gpxtpx:TrackPointExtension><gpxtpx:hr>179</gpxtpx:hr></gpxtpx:TrackPointExtension></extensions></trkpt><trkpt lat="58.055545" lon="38.83611"><ele>118.0</ele><time>2025-03-26T16:49:19Z</time><extensions><gpxtpx:TrackPointExtension><gpxtpx:hr>179</gpxtpx:hr></gpxtpx:TrackPointExtension></extensions></trkpt><trkpt lat="58.055557" lon="38.83607"><ele>118.0</ele><time>2025-03-26T16:49:20Z</time><extensions><gpxtpx:TrackPointExtension><gpxtpx:hr>179</gpxtpx:hr></gpxtpx:TrackPointExtension></extensions></trkpt><trkpt lat="58.05557" lon="38.83603"><ele>118.0</ele><time>2025-03-26T16:49:21Z</time><extensions><gpxtpx:TrackPointExtension><gpxtpx:hr>179</gpxtpx:hr></gpxtpx:TrackPointExtension></extensions></trkpt><trkpt lat="58.05558" lon="38.83599"><ele>118.0</ele><time>2025-03-26T16:49:22Z</time><extensions><gpxtpx:TrackPointExtension><gpxtpx:hr>179</gpxtpx:hr></gpxtpx:TrackPointExtension></extensions></trkpt><trkpt lat="58.055593" lon="38.83595"><ele>118.0</ele><time>2025-03-26T16:49:23Z</time><extensions><gpxtpx:TrackPointExtension><gpxtpx:hr>179</gpxtpx:hr></gpxtpx:TrackPointExtension></extensions></trkpt><trkpt lat="58.055607" lon="38.83591"><ele>118.0</ele><time>2025-03-26T16:49:24Z</time><extensions><gpxtpx:TrackPointExtension><gpxtpx:hr>179</gpxtpx:hr></gpxtpx:TrackPointExtension></extensions></trkpt><trkpt lat="58.05562" lon="38.83587"><ele>118.0</ele><time>2025-03-26T16:49:25Z</time><extensions><gpxtpx:TrackPointExtension><gpxtpx:hr>179</gpxtpx:hr></gpxtpx:TrackPointExtension></extensions></trkpt><trkpt lat="58.055633" lon="38.83583"><ele>118.0</ele><time>2025-03-26T16:49:26Z</time><extensions><gpxtpx:TrackPointExtension><gpxtpx:hr>179</gpxtpx:hr></gpxtpx:TrackPointExtension></extensions></trkpt><trkpt lat="58.055645" lon="38.83579"><ele>118.0</ele><time>2025-03-26T16:49:27Z</time><extensions><gpxtpx:TrackPointExtension><gpxtpx:hr>179</gpxtpx:hr></gpxtpx:TrackPointExtension></extensions></trkpt><trkpt lat="58.055655" lon="38.835747"><ele>118.0</ele><time>2025-03-26T16:49:28Z</time><extensions><gpxtpx:TrackPointExtension><gpxtpx:hr>179</gpxtpx:hr></gpxtpx:TrackPointExtension></extensions></trkpt><trkpt lat="58.055667" lon="38.83571"><ele>118.0</ele><time>2025-03-26T16:49:29Z</time><extensions><gpxtpx:TrackPointExtension><gpxtpx:hr>180</gpxtpx:hr></gpxtpx:TrackPointExtension></extensions></trkpt><trkpt lat="58.055682" lon="38.83567"><ele>118.0</ele><time>2025-03-26T16:49:30Z</time><extensions><gpxtpx:TrackPointExtension><gpxtpx:hr>180</gpxtpx:hr></gpxtpx:TrackPointExtension></extensions></trkpt><trkpt lat="58.055695" lon="38.83563"><ele>118.0</ele><time>2025-03-26T16:49:31Z</time><extensions><gpxtpx:TrackPointExtension><gpxtpx:hr>180</gpxtpx:hr></gpxtpx:TrackPointExtension></extensions></trkpt><trkpt lat="58.05571" lon="38.835587"><ele>118.0</ele><time>2025-03-26T16:49:32Z</time><extensions><gpxtpx:TrackPointExtension><gpxtpx:hr>180</gpxtpx:hr></gpxtpx:TrackPointExtension></extensions></trkpt><trkpt lat="58.05572" lon="38.835548"><ele>118.0</ele><time>2025-03-26T16:49:33Z</time><extensions><gpxtpx:TrackPointExtension><gpxtpx:hr>179</gpxtpx:hr></gpxtpx:TrackPointExtension></extensions></trkpt><trkpt lat="58.055737" lon="38.835505"><ele>118.0</ele><time>2025-03-26T16:49:34Z</time><extensions><gpxtpx:TrackPointExtension><gpxtpx:hr>179</gpxtpx:hr></gpxtpx:TrackPointExtension></extensions></trkpt><trkpt lat="58.05575" lon="38.835463"><ele>118.0</ele><time>2025-03-26T16:49:35Z</time><extensions><gpxtpx:TrackPointExtension><gpxtpx:hr>178</gpxtpx:hr></gpxtpx:TrackPointExtension></extensions></trkpt><trkpt lat="58.055762" lon="38.835425"><ele>118.0</ele><time>2025-03-26T16:49:36Z</time><extensions><gpxtpx:TrackPointExtension><gpxtpx:hr>178</gpxtpx:hr></gpxtpx:TrackPointExtension></extensions></trkpt><trkpt lat="58.05578" lon="38.835383"><ele>118.0</ele><time>2025-03-26T16:49:37Z</time><extensions><gpxtpx:TrackPointExtension><gpxtpx:hr>178</gpxtpx:hr></gpxtpx:TrackPointExtension></extensions></trkpt><trkpt lat="58.055793" lon="38.835342"><ele>118.0</ele><time>2025-03-26T16:49:38Z</time><extensions><gpxtpx:TrackPointExtension><gpxtpx:hr>178</gpxtpx:hr></gpxtpx:TrackPointExtension></extensions></trkpt><trkpt lat="58.055805" lon="38.8353"><ele>118.0</ele><time>2025-03-26T16:49:39Z</time><extensions><gpxtpx:TrackPointExtension><gpxtpx:hr>178</gpxtpx:hr></gpxtpx:TrackPointExtension></extensions></trkpt><trkpt lat="58.055818" lon="38.835262"><ele>118.0</ele><time>2025-03-26T16:49:40Z</time><extensions><gpxtpx:TrackPointExtension><gpxtpx:hr>178</gpxtpx:hr></gpxtpx:TrackPointExtension></extensions></trkpt><trkpt lat="58.055832" lon="38.835223"><ele>118.0</ele><time>2025-03-26T16:49:41Z</time><extensions><gpxtpx:TrackPointExtension><gpxtpx:hr>178</gpxtpx:hr></gpxtpx:TrackPointExtension></extensions></trkpt><trkpt lat="58.055847" lon="38.835185"><ele>118.0</ele><time>2025-03-26T16:49:42Z</time><extensions><gpxtpx:TrackPointExtension><gpxtpx:hr>178</gpxtpx:hr></gpxtpx:TrackPointExtension></extensions></trkpt><trkpt lat="58.055862" lon="38.835147"><ele>118.0</ele><time>2025-03-26T16:49:43Z</time><extensions><gpxtpx:TrackPointExtension><gpxtpx:hr>178</gpxtpx:hr></gpxtpx:TrackPointExtension></extensions></trkpt><trkpt lat="58.055873" lon="38.83511"><ele>118.0</ele><time>2025-03-26T16:49:44Z</time><extensions><gpxtpx:TrackPointExtension><gpxtpx:hr>178</gpxtpx:hr></gpxtpx:TrackPointExtension></extensions></trkpt><trkpt lat="58.055888" lon="38.835067"><ele>118.0</ele><time>2025-03-26T16:49:45Z</time><extensions><gpxtpx:TrackPointExtension><gpxtpx:hr>178</gpxtpx:hr></gpxtpx:TrackPointExtension></extensions></trkpt><trkpt lat="58.0559" lon="38.83503"><ele>118.0</ele><time>2025-03-26T16:49:46Z</time><extensions><gpxtpx:TrackPointExtension><gpxtpx:hr>178</gpxtpx:hr></gpxtpx:TrackPointExtension></extensions></trkpt><trkpt lat="58.055912" lon="38.83499"><ele>118.0</ele><time>2025-03-26T16:49:47Z</time><extensions><gpxtpx:TrackPointExtension><gpxtpx:hr>178</gpxtpx:hr></gpxtpx:TrackPointExtension></extensions></trkpt><trkpt lat="58.055927" lon="38.83495"><ele>118.0</ele><time>2025-03-26T16:49:48Z</time><extensions><gpxtpx:TrackPointExtension><gpxtpx:hr>178</gpxtpx:hr></gpxtpx:TrackPointExtension></extensions></trkpt><trkpt lat="58.055942" lon="38.83491"><ele>118.0</ele><time>2025-03-26T16:49:49Z</time><extensions><gpxtpx:TrackPointExtension><gpxtpx:hr>178</gpxtpx:hr></gpxtpx:TrackPointExtension></extensions></trkpt><trkpt lat="58.055965" lon="38.83487"><ele>118.0</ele><time>2025-03-26T16:49:50Z</time><extensions><gpxtpx:TrackPointExtension><gpxtpx:hr>178</gpxtpx:hr></gpxtpx:TrackPointExtension></extensions></trkpt><trkpt lat="58.055983" lon="38.834827"><ele>118.0</ele><time>2025-03-26T16:49:51Z</time><extensions><gpxtpx:TrackPointExtension><gpxtpx:hr>178</gpxtpx:hr></gpxtpx:TrackPointExtension></extensions></trkpt><trkpt lat="58.056003" lon="38.834785"><ele>118.0</ele><time>2025-03-26T16:49:52Z</time><extensions><gpxtpx:TrackPointExtension><gpxtpx:hr>178</gpxtpx:hr></gpxtpx:TrackPointExtension></extensions></trkpt><trkpt lat="58.05602" lon="38.834742"><ele>118.0</ele><time>2025-03-26T16:49:53Z</time><extensions><gpxtpx:TrackPointExtension><gpxtpx:hr>178</gpxtpx:hr></gpxtpx:TrackPointExtension></extensions></trkpt><trkpt lat="58.056033" lon="38.8347"><ele>118.0</ele><time>2025-03-26T16:49:54Z</time><extensions><gpxtpx:TrackPointExtension><gpxtpx:hr>178</gpxtpx:hr></gpxtpx:TrackPointExtension></extensions></trkpt><trkpt lat="58.05605" lon="38.834662"><ele>118.0</ele><time>2025-03-26T16:49:55Z</time><extensions><gpxtpx:TrackPointExtension><gpxtpx:hr>178</gpxtpx:hr></gpxtpx:TrackPointExtension></extensions></trkpt><trkpt lat="58.05606" lon="38.83462"><ele>118.0</ele><time>2025-03-26T16:49:56Z</time><extensions><gpxtpx:TrackPointExtension><gpxtpx:hr>178</gpxtpx:hr></gpxtpx:TrackPointExtension></extensions></trkpt><trkpt lat="58.056075" lon="38.834582"><ele>118.0</ele><time>2025-03-26T16:49:57Z</time><extensions><gpxtpx:TrackPointExtension><gpxtpx:hr>178</gpxtpx:hr></gpxtpx:TrackPointExtension></extensions></trkpt><trkpt lat="58.056087" lon="38.834537"><ele>118.0</ele><time>2025-03-26T16:49:58Z</time><extensions><gpxtpx:TrackPointExtension><gpxtpx:hr>178</gpxtpx:hr></gpxtpx:TrackPointExtension></extensions></trkpt><trkpt lat="58.0561" lon="38.834495"><ele>118.0</ele><time>2025-03-26T16:49:59Z</time><extensions><gpxtpx:TrackPointExtension><gpxtpx:hr>178</gpxtpx:hr></gpxtpx:TrackPointExtension></extensions></trkpt><trkpt lat="58.05611" lon="38.834453"><ele>118.0</ele><time>2025-03-26T16:50:00Z</time><extensions><gpxtpx:TrackPointExtension><gpxtpx:hr>178</gpxtpx:hr></gpxtpx:TrackPointExtension></extensions></trkpt><trkpt lat="58.056125" lon="38.834415"><ele>118.0</ele><time>2025-03-26T16:50:01Z</time><extensions><gpxtpx:TrackPointExtension><gpxtpx:hr>178</gpxtpx:hr></gpxtpx:TrackPointExtension></extensions></trkpt><trkpt lat="58.056137" lon="38.834372"><ele>118.0</ele><time>2025-03-26T16:50:02Z</time><extensions><gpxtpx:TrackPointExtension><gpxtpx:hr>179</gpxtpx:hr></gpxtpx:TrackPointExtension></extensions></trkpt><trkpt lat="58.05615" lon="38.83433"><ele>118.0</ele><time>2025-03-26T16:50:03Z</time><extensions><gpxtpx:TrackPointExtension><gpxtpx:hr>179</gpxtpx:hr></gpxtpx:TrackPointExtension></extensions></trkpt><trkpt lat="58.05616" lon="38.83429"><ele>118.0</ele><time>2025-03-26T16:50:04Z</time><extensions><gpxtpx:TrackPointExtension><gpxtpx:hr>179</gpxtpx:hr></gpxtpx:TrackPointExtension></extensions></trkpt><trkpt lat="58.05617" lon="38.834247"><ele>118.0</ele><time>2025-03-26T16:50:05Z</time><extensions><gpxtpx:TrackPointExtension><gpxtpx:hr>179</gpxtpx:hr></gpxtpx:TrackPointExtension></extensions></trkpt><trkpt lat="58.056182" lon="38.83421"><ele>118.0</ele><time>2025-03-26T16:50:06Z</time><extensions><gpxtpx:TrackPointExtension><gpxtpx:hr>179</gpxtpx:hr></gpxtpx:TrackPointExtension></extensions></trkpt><trkpt lat="58.056198" lon="38.834167"><ele>118.0</ele><time>2025-03-26T16:50:07Z</time><extensions><gpxtpx:TrackPointExtension><gpxtpx:hr>179</gpxtpx:hr></gpxtpx:TrackPointExtension></extensions></trkpt><trkpt lat="58.05621" lon="38.83413"><ele>118.0</ele><time>2025-03-26T16:50:08Z</time><extensions><gpxtpx:TrackPointExtension><gpxtpx:hr>179</gpxtpx:hr></gpxtpx:TrackPointExtension></extensions></trkpt><trkpt lat="58.05622" lon="38.834087"><ele>118.0</ele><time>2025-03-26T16:50:09Z</time><extensions><gpxtpx:TrackPointExtension><gpxtpx:hr>179</gpxtpx:hr></gpxtpx:TrackPointExtension></extensions></trkpt><trkpt lat="58.056235" lon="38.83405"><ele>118.0</ele><time>2025-03-26T16:50:10Z</time><extensions><gpxtpx:TrackPointExtension><gpxtpx:hr>178</gpxtpx:hr></gpxtpx:TrackPointExtension></extensions></trkpt><trkpt lat="58.056247" lon="38.834007"><ele>118.0</ele><time>2025-03-26T16:50:11Z</time><extensions><gpxtpx:TrackPointExtension><gpxtpx:hr>178</gpxtpx:hr></gpxtpx:TrackPointExtension></extensions></trkpt><trkpt lat="58.05626" lon="38.833958"><ele>118.0</ele><time>2025-03-26T16:50:12Z</time><extensions><gpxtpx:TrackPointExtension><gpxtpx:hr>179</gpxtpx:hr></gpxtpx:TrackPointExtension></extensions></trkpt><trkpt lat="58.056268" lon="38.83392"><ele>118.0</ele><time>2025-03-26T16:50:13Z</time><extensions><gpxtpx:TrackPointExtension><gpxtpx:hr>179</gpxtpx:hr></gpxtpx:TrackPointExtension></extensions></trkpt><trkpt lat="58.056282" lon="38.833877"><ele>118.0</ele><time>2025-03-26T16:50:14Z</time><extensions><gpxtpx:TrackPointExtension><gpxtpx:hr>179</gpxtpx:hr></gpxtpx:TrackPointExtension></extensions></trkpt><trkpt lat="58.056292" lon="38.833835"><ele>118.0</ele><time>2025-03-26T16:50:15Z</time><extensions><gpxtpx:TrackPointExtension><gpxtpx:hr>179</gpxtpx:hr></gpxtpx:TrackPointExtension></extensions></trkpt><trkpt lat="58.056305" lon="38.833793"><ele>118.0</ele><time>2025-03-26T16:50:16Z</time><extensions><gpxtpx:TrackPointExtension><gpxtpx:hr>179</gpxtpx:hr></gpxtpx:TrackPointExtension></extensions></trkpt><trkpt lat="58.05632" lon="38.83375"><ele>118.0</ele><time>2025-03-26T16:50:17Z</time><extensions><gpxtpx:TrackPointExtension><gpxtpx:hr>179</gpxtpx:hr></gpxtpx:TrackPointExtension></extensions></trkpt><trkpt lat="58.05633" lon="38.83371"><ele>118.0</ele><time>2025-03-26T16:50:18Z</time><extensions><gpxtpx:TrackPointExtension><gpxtpx:hr>179</gpxtpx:hr></gpxtpx:TrackPointExtension></extensions></trkpt><trkpt lat="58.056347" lon="38.833667"><ele>118.0</ele><time>2025-03-26T16:50:19Z</time><extensions><gpxtpx:TrackPointExtension><gpxtpx:hr>179</gpxtpx:hr></gpxtpx:TrackPointExtension></extensions></trkpt><trkpt lat="58.05636" lon="38.833625"><ele>118.0</ele><time>2025-03-26T16:50:20Z</time><extensions><gpxtpx:TrackPointExtension><gpxtpx:hr>179</gpxtpx:hr></gpxtpx:TrackPointExtension></extensions></trkpt><trkpt lat="58.05637" lon="38.833578"><ele>118.0</ele><time>2025-03-26T16:50:21Z</time><extensions><gpxtpx:TrackPointExtension><gpxtpx:hr>179</gpxtpx:hr></gpxtpx:TrackPointExtension></extensions></trkpt><trkpt lat="58.05638" lon="38.833537"><ele>118.0</ele><time>2025-03-26T16:50:22Z</time><extensions><gpxtpx:TrackPointExtension><gpxtpx:hr>179</gpxtpx:hr></gpxtpx:TrackPointExtension></extensions></trkpt><trkpt lat="58.056392" lon="38.833492"><ele>118.0</ele><time>2025-03-26T16:50:23Z</time><extensions><gpxtpx:TrackPointExtension><gpxtpx:hr>179</gpxtpx:hr></gpxtpx:TrackPointExtension></extensions></trkpt><trkpt lat="58.056403" lon="38.83345"><ele>118.0</ele><time>2025-03-26T16:50:24Z</time><extensions><gpxtpx:TrackPointExtension><gpxtpx:hr>179</gpxtpx:hr></gpxtpx:TrackPointExtension></extensions></trkpt><trkpt lat="58.056415" lon="38.83341"><ele>118.0</ele><time>2025-03-26T16:50:25Z</time><extensions><gpxtpx:TrackPointExtension><gpxtpx:hr>179</gpxtpx:hr></gpxtpx:TrackPointExtension></extensions></trkpt><trkpt lat="58.056427" lon="38.833365"><ele>118.0</ele><time>2025-03-26T16:50:26Z</time><extensions><gpxtpx:TrackPointExtension><gpxtpx:hr>178</gpxtpx:hr></gpxtpx:TrackPointExtension></extensions></trkpt><trkpt lat="58.05644" lon="38.833323"><ele>118.0</ele><time>2025-03-26T16:50:27Z</time><extensions><gpxtpx:TrackPointExtension><gpxtpx:hr>178</gpxtpx:hr></gpxtpx:TrackPointExtension></extensions></trkpt><trkpt lat="58.05645" lon="38.833282"><ele>118.0</ele><time>2025-03-26T16:50:28Z</time><extensions><gpxtpx:TrackPointExtension><gpxtpx:hr>178</gpxtpx:hr></gpxtpx:TrackPointExtension></extensions></trkpt><trkpt lat="58.05646" lon="38.83324"><ele>118.0</ele><time>2025-03-26T16:50:29Z</time><extensions><gpxtpx:TrackPointExtension><gpxtpx:hr>178</gpxtpx:hr></gpxtpx:TrackPointExtension></extensions></trkpt><trkpt lat="58.056477" lon="38.833202"><ele>118.0</ele><time>2025-03-26T16:50:30Z</time><extensions><gpxtpx:TrackPointExtension><gpxtpx:hr>178</gpxtpx:hr></gpxtpx:TrackPointExtension></extensions></trkpt><trkpt lat="58.05649" lon="38.833163"><ele>118.0</ele><time>2025-03-26T16:50:31Z</time><extensions><gpxtpx:TrackPointExtension><gpxtpx:hr>178</gpxtpx:hr></gpxtpx:TrackPointExtension></extensions></trkpt><trkpt lat="58.056502" lon="38.833122"><ele>118.0</ele><time>2025-03-26T16:50:32Z</time><extensions><gpxtpx:TrackPointExtension><gpxtpx:hr>178</gpxtpx:hr></gpxtpx:TrackPointExtension></extensions></trkpt><trkpt lat="58.05652" lon="38.833083"><ele>118.0</ele><time>2025-03-26T16:50:33Z</time><extensions><gpxtpx:TrackPointExtension><gpxtpx:hr>178</gpxtpx:hr></gpxtpx:TrackPointExtension></extensions></trkpt><trkpt lat="58.05653" lon="38.833042"><ele>118.0</ele><time>2025-03-26T16:50:34Z</time><extensions><gpxtpx:TrackPointExtension><gpxtpx:hr>178</gpxtpx:hr></gpxtpx:TrackPointExtension></extensions></trkpt><trkpt lat="58.05654" lon="38.833"><ele>118.0</ele><time>2025-03-26T16:50:35Z</time><extensions><gpxtpx:TrackPointExtension><gpxtpx:hr>178</gpxtpx:hr></gpxtpx:TrackPointExtension></extensions></trkpt><trkpt lat="58.056557" lon="38.83296"><ele>118.0</ele><time>2025-03-26T16:50:36Z</time><extensions><gpxtpx:TrackPointExtension><gpxtpx:hr>178</gpxtpx:hr></gpxtpx:TrackPointExtension></extensions></trkpt><trkpt lat="58.05657" lon="38.832915"><ele>118.0</ele><time>2025-03-26T16:50:37Z</time><extensions><gpxtpx:TrackPointExtension><gpxtpx:hr>179</gpxtpx:hr></gpxtpx:TrackPointExtension></extensions></trkpt><trkpt lat="58.056578" lon="38.832873"><ele>118.0</ele><time>2025-03-26T16:50:38Z</time><extensions><gpxtpx:TrackPointExtension><gpxtpx:hr>179</gpxtpx:hr></gpxtpx:TrackPointExtension></extensions></trkpt><trkpt lat="58.056595" lon="38.832832"><ele>118.0</ele><time>2025-03-26T16:50:39Z</time><extensions><gpxtpx:TrackPointExtension><gpxtpx:hr>179</gpxtpx:hr></gpxtpx:TrackPointExtension></extensions></trkpt><trkpt lat="58.056605" lon="38.832793"><ele>118.0</ele><time>2025-03-26T16:50:40Z</time><extensions><gpxtpx:TrackPointExtension><gpxtpx:hr>179</gpxtpx:hr></gpxtpx:TrackPointExtension></extensions></trkpt><trkpt lat="58.05662" lon="38.832755"><ele>118.0</ele><time>2025-03-26T16:50:41Z</time><extensions><gpxtpx:TrackPointExtension><gpxtpx:hr>179</gpxtpx:hr></gpxtpx:TrackPointExtension></extensions></trkpt><trkpt lat="58.056637" lon="38.832713"><ele>118.0</ele><time>2025-03-26T16:50:42Z</time><extensions><gpxtpx:TrackPointExtension><gpxtpx:hr>179</gpxtpx:hr></gpxtpx:TrackPointExtension></extensions></trkpt><trkpt lat="58.056652" lon="38.832672"><ele>118.0</ele><time>2025-03-26T16:50:43Z</time><extensions><gpxtpx:TrackPointExtension><gpxtpx:hr>179</gpxtpx:hr></gpxtpx:TrackPointExtension></extensions></trkpt><trkpt lat="58.056663" lon="38.832633"><ele>118.0</ele><time>2025-03-26T16:50:44Z</time><extensions><gpxtpx:TrackPointExtension><gpxtpx:hr>179</gpxtpx:hr></gpxtpx:TrackPointExtension></extensions></trkpt><trkpt lat="58.05668" lon="38.832592"><ele>118.0</ele><time>2025-03-26T16:50:45Z</time><extensions><gpxtpx:TrackPointExtension><gpxtpx:hr>179</gpxtpx:hr></gpxtpx:TrackPointExtension></extensions></trkpt><trkpt lat="58.05669" lon="38.832553"><ele>118.0</ele><time>2025-03-26T16:50:46Z</time><extensions><gpxtpx:TrackPointExtension><gpxtpx:hr>179</gpxtpx:hr></gpxtpx:TrackPointExtension></extensions></trkpt><trkpt lat="58.056705" lon="38.832515"><ele>118.0</ele><time>2025-03-26T16:50:47Z</time><extensions><gpxtpx:TrackPointExtension><gpxtpx:hr>179</gpxtpx:hr></gpxtpx:TrackPointExtension></extensions></trkpt><trkpt lat="58.056717" lon="38.832473"><ele>118.0</ele><time>2025-03-26T16:50:48Z</time><extensions><gpxtpx:TrackPointExtension><gpxtpx:hr>180</gpxtpx:hr></gpxtpx:TrackPointExtension></extensions></trkpt><trkpt lat="58.05673" lon="38.83243"><ele>118.0</ele><time>2025-03-26T16:50:49Z</time><extensions><gpxtpx:TrackPointExtension><gpxtpx:hr>180</gpxtpx:hr></gpxtpx:TrackPointExtension></extensions></trkpt><trkpt lat="58.05674" lon="38.832385"><ele>118.0</ele><time>2025-03-26T16:50:50Z</time><extensions><gpxtpx:TrackPointExtension><gpxtpx:hr>180</gpxtpx:hr></gpxtpx:TrackPointExtension></extensions></trkpt><trkpt lat="58.05675" lon="38.832343"><ele>118.0</ele><time>2025-03-26T16:50:51Z</time><extensions><gpxtpx:TrackPointExtension><gpxtpx:hr>180</gpxtpx:hr></gpxtpx:TrackPointExtension></extensions></trkpt><trkpt lat="58.056762" lon="38.832298"><ele>118.0</ele><time>2025-03-26T16:50:52Z</time><extensions><gpxtpx:TrackPointExtension><gpxtpx:hr>180</gpxtpx:hr></gpxtpx:TrackPointExtension></extensions></trkpt><trkpt lat="58.056777" lon="38.83226"><ele>118.0</ele><time>2025-03-26T16:50:53Z</time><extensions><gpxtpx:TrackPointExtension><gpxtpx:hr>180</gpxtpx:hr></gpxtpx:TrackPointExtension></extensions></trkpt><trkpt lat="58.056792" lon="38.83222"><ele>118.0</ele><time>2025-03-26T16:50:54Z</time><extensions><gpxtpx:TrackPointExtension><gpxtpx:hr>180</gpxtpx:hr></gpxtpx:TrackPointExtension></extensions></trkpt><trkpt lat="58.056803" lon="38.832172"><ele>118.0</ele><time>2025-03-26T16:50:55Z</time><extensions><gpxtpx:TrackPointExtension><gpxtpx:hr>180</gpxtpx:hr></gpxtpx:TrackPointExtension></extensions></trkpt><trkpt lat="58.05682" lon="38.832133"><ele>118.0</ele><time>2025-03-26T16:50:56Z</time><extensions><gpxtpx:TrackPointExtension><gpxtpx:hr>180</gpxtpx:hr></gpxtpx:TrackPointExtension></extensions></trkpt><trkpt lat="58.056835" lon="38.832092"><ele>118.0</ele><time>2025-03-26T16:50:57Z</time><extensions><gpxtpx:TrackPointExtension><gpxtpx:hr>180</gpxtpx:hr></gpxtpx:TrackPointExtension></extensions></trkpt><trkpt lat="58.05685" lon="38.83205"><ele>118.0</ele><time>2025-03-26T16:50:58Z</time><extensions><gpxtpx:TrackPointExtension><gpxtpx:hr>180</gpxtpx:hr></gpxtpx:TrackPointExtension></extensions></trkpt><trkpt lat="58.056865" lon="38.83201"><ele>118.0</ele><time>2025-03-26T16:50:59Z</time><extensions><gpxtpx:TrackPointExtension><gpxtpx:hr>180</gpxtpx:hr></gpxtpx:TrackPointExtension></extensions></trkpt><trkpt lat="58.05688" lon="38.831965"><ele>118.0</ele><time>2025-03-26T16:51:00Z</time><extensions><gpxtpx:TrackPointExtension><gpxtpx:hr>179</gpxtpx:hr></gpxtpx:TrackPointExtension></extensions></trkpt><trkpt lat="58.056892" lon="38.831923"><ele>118.0</ele><time>2025-03-26T16:51:01Z</time><extensions><gpxtpx:TrackPointExtension><gpxtpx:hr>179</gpxtpx:hr></gpxtpx:TrackPointExtension></extensions></trkpt><trkpt lat="58.056907" lon="38.831882"><ele>118.0</ele><time>2025-03-26T16:51:02Z</time><extensions><gpxtpx:TrackPointExtension><gpxtpx:hr>179</gpxtpx:hr></gpxtpx:TrackPointExtension></extensions></trkpt><trkpt lat="58.056922" lon="38.831843"><ele>118.0</ele><time>2025-03-26T16:51:03Z</time><extensions><gpxtpx:TrackPointExtension><gpxtpx:hr>179</gpxtpx:hr></gpxtpx:TrackPointExtension></extensions></trkpt><trkpt lat="58.05694" lon="38.831802"><ele>118.0</ele><time>2025-03-26T16:51:04Z</time><extensions><gpxtpx:TrackPointExtension><gpxtpx:hr>179</gpxtpx:hr></gpxtpx:TrackPointExtension></extensions></trkpt><trkpt lat="58.05695" lon="38.83176"><ele>118.0</ele><time>2025-03-26T16:51:05Z</time><extensions><gpxtpx:TrackPointExtension><gpxtpx:hr>179</gpxtpx:hr></gpxtpx:TrackPointExtension></extensions></trkpt><trkpt lat="58.056958" lon="38.831722"><ele>118.0</ele><time>2025-03-26T16:51:06Z</time><extensions><gpxtpx:TrackPointExtension><gpxtpx:hr>179</gpxtpx:hr></gpxtpx:TrackPointExtension></extensions></trkpt><trkpt lat="58.056975" lon="38.83168"><ele>118.0</ele><time>2025-03-26T16:51:07Z</time><extensions><gpxtpx:TrackPointExtension><gpxtpx:hr>179</gpxtpx:hr></gpxtpx:TrackPointExtension></extensions></trkpt><trkpt lat="58.056987" lon="38.831642"><ele>118.0</ele><time>2025-03-26T16:51:08Z</time><extensions><gpxtpx:TrackPointExtension><gpxtpx:hr>179</gpxtpx:hr></gpxtpx:TrackPointExtension></extensions></trkpt><trkpt lat="58.057" lon="38.8316"><ele>118.0</ele><time>2025-03-26T16:51:09Z</time><extensions><gpxtpx:TrackPointExtension><gpxtpx:hr>179</gpxtpx:hr></gpxtpx:TrackPointExtension></extensions></trkpt><trkpt lat="58.057013" lon="38.831565"><ele>118.0</ele><time>2025-03-26T16:51:10Z</time><extensions><gpxtpx:TrackPointExtension><gpxtpx:hr>179</gpxtpx:hr></gpxtpx:TrackPointExtension></extensions></trkpt><trkpt lat="58.057028" lon="38.831527"><ele>118.0</ele><time>2025-03-26T16:51:11Z</time><extensions><gpxtpx:TrackPointExtension><gpxtpx:hr>179</gpxtpx:hr></gpxtpx:TrackPointExtension></extensions></trkpt><trkpt lat="58.057045" lon="38.83149"><ele>118.0</ele><time>2025-03-26T16:51:12Z</time><extensions><gpxtpx:TrackPointExtension><gpxtpx:hr>179</gpxtpx:hr></gpxtpx:TrackPointExtension></extensions></trkpt><trkpt lat="58.05706" lon="38.83146"><ele>118.0</ele><time>2025-03-26T16:51:13Z</time><extensions><gpxtpx:TrackPointExtension><gpxtpx:hr>179</gpxtpx:hr></gpxtpx:TrackPointExtension></extensions></trkpt><trkpt lat="58.05708" lon="38.83143"><ele>118.0</ele><time>2025-03-26T16:51:14Z</time><extensions><gpxtpx:TrackPointExtension><gpxtpx:hr>179</gpxtpx:hr></gpxtpx:TrackPointExtension></extensions></trkpt><trkpt lat="58.057102" lon="38.831397"><ele>118.0</ele><time>2025-03-26T16:51:15Z</time><extensions><gpxtpx:TrackPointExtension><gpxtpx:hr>179</gpxtpx:hr></gpxtpx:TrackPointExtension></extensions></trkpt><trkpt lat="58.05712" lon="38.83137"><ele>118.0</ele><time>2025-03-26T16:51:16Z</time><extensions><gpxtpx:TrackPointExtension><gpxtpx:hr>179</gpxtpx:hr></gpxtpx:TrackPointExtension></extensions></trkpt><trkpt lat="58.057143" lon="38.831345"><ele>118.0</ele><time>2025-03-26T16:51:17Z</time><extensions><gpxtpx:TrackPointExtension><gpxtpx:hr>179</gpxtpx:hr></gpxtpx:TrackPointExtension></extensions></trkpt><trkpt lat="58.057167" lon="38.831317"><ele>118.0</ele><time>2025-03-26T16:51:18Z</time><extensions><gpxtpx:TrackPointExtension><gpxtpx:hr>179</gpxtpx:hr></gpxtpx:TrackPointExtension></extensions></trkpt><trkpt lat="58.05719" lon="38.831295"><ele>118.0</ele><time>2025-03-26T16:51:19Z</time><extensions><gpxtpx:TrackPointExtension><gpxtpx:hr>179</gpxtpx:hr></gpxtpx:TrackPointExtension></extensions></trkpt><trkpt lat="58.057217" lon="38.83127"><ele>118.0</ele><time>2025-03-26T16:51:20Z</time><extensions><gpxtpx:TrackPointExtension><gpxtpx:hr>179</gpxtpx:hr></gpxtpx:TrackPointExtension></extensions></trkpt><trkpt lat="58.05724" lon="38.831245"><ele>118.0</ele><time>2025-03-26T16:51:21Z</time><extensions><gpxtpx:TrackPointExtension><gpxtpx:hr>179</gpxtpx:hr></gpxtpx:TrackPointExtension></extensions></trkpt><trkpt lat="58.057262" lon="38.83122"><ele>118.0</ele><time>2025-03-26T16:51:22Z</time><extensions><gpxtpx:TrackPointExtension><gpxtpx:hr>179</gpxtpx:hr></gpxtpx:TrackPointExtension></extensions></trkpt><trkpt lat="58.057285" lon="38.831195"><ele>118.0</ele><time>2025-03-26T16:51:23Z</time><extensions><gpxtpx:TrackPointExtension><gpxtpx:hr>179</gpxtpx:hr></gpxtpx:TrackPointExtension></extensions></trkpt><trkpt lat="58.057303" lon="38.83117"><ele>118.0</ele><time>2025-03-26T16:51:24Z</time><extensions><gpxtpx:TrackPointExtension><gpxtpx:hr>179</gpxtpx:hr></gpxtpx:TrackPointExtension></extensions></trkpt><trkpt lat="58.057327" lon="38.831145"><ele>118.0</ele><time>2025-03-26T16:51:25Z</time><extensions><gpxtpx:TrackPointExtension><gpxtpx:hr>179</gpxtpx:hr></gpxtpx:TrackPointExtension></extensions></trkpt><trkpt lat="58.05735" lon="38.83112"><ele>118.0</ele><time>2025-03-26T16:51:26Z</time><extensions><gpxtpx:TrackPointExtension><gpxtpx:hr>179</gpxtpx:hr></gpxtpx:TrackPointExtension></extensions></trkpt><trkpt lat="58.057372" lon="38.831092"><ele>118.0</ele><time>2025-03-26T16:51:27Z</time><extensions><gpxtpx:TrackPointExtension><gpxtpx:hr>179</gpxtpx:hr></gpxtpx:TrackPointExtension></extensions></trkpt><trkpt lat="58.057395" lon="38.831065"><ele>118.0</ele><time>2025-03-26T16:51:28Z</time><extensions><gpxtpx:TrackPointExtension><gpxtpx:hr>179</gpxtpx:hr></gpxtpx:TrackPointExtension></extensions></trkpt><trkpt lat="58.057415" lon="38.83104"><ele>118.0</ele><time>2025-03-26T16:51:29Z</time><extensions><gpxtpx:TrackPointExtension><gpxtpx:hr>179</gpxtpx:hr></gpxtpx:TrackPointExtension></extensions></trkpt><trkpt lat="58.057437" lon="38.83101"><ele>118.0</ele><time>2025-03-26T16:51:30Z</time><extensions><gpxtpx:TrackPointExtension><gpxtpx:hr>179</gpxtpx:hr></gpxtpx:TrackPointExtension></extensions></trkpt><trkpt lat="58.057457" lon="38.83098"><ele>118.0</ele><time>2025-03-26T16:51:31Z</time><extensions><gpxtpx:TrackPointExtension><gpxtpx:hr>179</gpxtpx:hr></gpxtpx:TrackPointExtension></extensions></trkpt><trkpt lat="58.057475" lon="38.830947"><ele>118.0</ele><time>2025-03-26T16:51:32Z</time><extensions><gpxtpx:TrackPointExtension><gpxtpx:hr>179</gpxtpx:hr></gpxtpx:TrackPointExtension></extensions></trkpt><trkpt lat="58.057495" lon="38.830917"><ele>118.0</ele><time>2025-03-26T16:51:33Z</time><extensions><gpxtpx:TrackPointExtension><gpxtpx:hr>179</gpxtpx:hr></gpxtpx:TrackPointExtension></extensions></trkpt><trkpt lat="58.05751" lon="38.830882"><ele>118.0</ele><time>2025-03-26T16:51:34Z</time><extensions><gpxtpx:TrackPointExtension><gpxtpx:hr>179</gpxtpx:hr></gpxtpx:TrackPointExtension></extensions></trkpt><trkpt lat="58.05753" lon="38.830852"><ele>118.0</ele><time>2025-03-26T16:51:35Z</time><extensions><gpxtpx:TrackPointExtension><gpxtpx:hr>179</gpxtpx:hr></gpxtpx:TrackPointExtension></extensions></trkpt><trkpt lat="58.05755" lon="38.83082"><ele>118.0</ele><time>2025-03-26T16:51:36Z</time><extensions><gpxtpx:TrackPointExtension><gpxtpx:hr>179</gpxtpx:hr></gpxtpx:TrackPointExtension></extensions></trkpt><trkpt lat="58.05757" lon="38.830787"><ele>118.0</ele><time>2025-03-26T16:51:37Z</time><extensions><gpxtpx:TrackPointExtension><gpxtpx:hr>179</gpxtpx:hr></gpxtpx:TrackPointExtension></extensions></trkpt><trkpt lat="58.05759" lon="38.830752"><ele>118.0</ele><time>2025-03-26T16:51:38Z</time><extensions><gpxtpx:TrackPointExtension><gpxtpx:hr>179</gpxtpx:hr></gpxtpx:TrackPointExtension></extensions></trkpt><trkpt lat="58.057605" lon="38.83072"><ele>118.0</ele><time>2025-03-26T16:51:39Z</time><extensions><gpxtpx:TrackPointExtension><gpxtpx:hr>178</gpxtpx:hr></gpxtpx:TrackPointExtension></extensions></trkpt><trkpt lat="58.057625" lon="38.83069"><ele>118.0</ele><time>2025-03-26T16:51:40Z</time><extensions><gpxtpx:TrackPointExtension><gpxtpx:hr>178</gpxtpx:hr></gpxtpx:TrackPointExtension></extensions></trkpt><trkpt lat="58.057643" lon="38.830653"><ele>118.0</ele><time>2025-03-26T16:51:41Z</time><extensions><gpxtpx:TrackPointExtension><gpxtpx:hr>178</gpxtpx:hr></gpxtpx:TrackPointExtension></extensions></trkpt><trkpt lat="58.057662" lon="38.83062"><ele>118.0</ele><time>2025-03-26T16:51:42Z</time><extensions><gpxtpx:TrackPointExtension><gpxtpx:hr>178</gpxtpx:hr></gpxtpx:TrackPointExtension></extensions></trkpt><trkpt lat="58.05768" lon="38.830585"><ele>118.0</ele><time>2025-03-26T16:51:43Z</time><extensions><gpxtpx:TrackPointExtension><gpxtpx:hr>178</gpxtpx:hr></gpxtpx:TrackPointExtension></extensions></trkpt><trkpt lat="58.057692" lon="38.830547"><ele>118.0</ele><time>2025-03-26T16:51:44Z</time><extensions><gpxtpx:TrackPointExtension><gpxtpx:hr>178</gpxtpx:hr></gpxtpx:TrackPointExtension></extensions></trkpt><trkpt lat="58.057712" lon="38.830517"><ele>118.0</ele><time>2025-03-26T16:51:45Z</time><extensions><gpxtpx:TrackPointExtension><gpxtpx:hr>178</gpxtpx:hr></gpxtpx:TrackPointExtension></extensions></trkpt><trkpt lat="58.057727" lon="38.830485"><ele>118.0</ele><time>2025-03-26T16:51:46Z</time><extensions><gpxtpx:TrackPointExtension><gpxtpx:hr>178</gpxtpx:hr></gpxtpx:TrackPointExtension></extensions></trkpt><trkpt lat="58.057747" lon="38.830452"><ele>118.0</ele><time>2025-03-26T16:51:47Z</time><extensions><gpxtpx:TrackPointExtension><gpxtpx:hr>178</gpxtpx:hr></gpxtpx:TrackPointExtension></extensions></trkpt><trkpt lat="58.057762" lon="38.830417"><ele>118.0</ele><time>2025-03-26T16:51:48Z</time><extensions><gpxtpx:TrackPointExtension><gpxtpx:hr>177</gpxtpx:hr></gpxtpx:TrackPointExtension></extensions></trkpt><trkpt lat="58.05778" lon="38.830382"><ele>118.0</ele><time>2025-03-26T16:51:49Z</time><extensions><gpxtpx:TrackPointExtension><gpxtpx:hr>177</gpxtpx:hr></gpxtpx:TrackPointExtension></extensions></trkpt><trkpt lat="58.057795" lon="38.83035"><ele>118.0</ele><time>2025-03-26T16:51:50Z</time><extensions><gpxtpx:TrackPointExtension><gpxtpx:hr>177</gpxtpx:hr></gpxtpx:TrackPointExtension></extensions></trkpt><trkpt lat="58.05781" lon="38.830315"><ele>118.0</ele><time>2025-03-26T16:51:51Z</time><extensions><gpxtpx:TrackPointExtension><gpxtpx:hr>177</gpxtpx:hr></gpxtpx:TrackPointExtension></extensions></trkpt><trkpt lat="58.057827" lon="38.830283"><ele>118.0</ele><time>2025-03-26T16:51:52Z</time><extensions><gpxtpx:TrackPointExtension><gpxtpx:hr>177</gpxtpx:hr></gpxtpx:TrackPointExtension></extensions></trkpt><trkpt lat="58.057842" lon="38.83025"><ele>118.0</ele><time>2025-03-26T16:51:53Z</time><extensions><gpxtpx:TrackPointExtension><gpxtpx:hr>177</gpxtpx:hr></gpxtpx:TrackPointExtension></extensions></trkpt><trkpt lat="58.057857" lon="38.83022"><ele>118.0</ele><time>2025-03-26T16:51:54Z</time><extensions><gpxtpx:TrackPointExtension><gpxtpx:hr>177</gpxtpx:hr></gpxtpx:TrackPointExtension></extensions></trkpt><trkpt lat="58.057877" lon="38.830192"><ele>118.0</ele><time>2025-03-26T16:51:55Z</time><extensions><gpxtpx:TrackPointExtension><gpxtpx:hr>177</gpxtpx:hr></gpxtpx:TrackPointExtension></extensions></trkpt><trkpt lat="58.05789" lon="38.830162"><ele>118.0</ele><time>2025-03-26T16:51:56Z</time><extensions><gpxtpx:TrackPointExtension><gpxtpx:hr>177</gpxtpx:hr></gpxtpx:TrackPointExtension></extensions></trkpt><trkpt lat="58.05791" lon="38.83013"><ele>118.0</ele><time>2025-03-26T16:51:57Z</time><extensions><gpxtpx:TrackPointExtension><gpxtpx:hr>177</gpxtpx:hr></gpxtpx:TrackPointExtension></extensions></trkpt><trkpt lat="58.057925" lon="38.8301"><ele>118.0</ele><time>2025-03-26T16:51:58Z</time><extensions><gpxtpx:TrackPointExtension><gpxtpx:hr>177</gpxtpx:hr></gpxtpx:TrackPointExtension></extensions></trkpt><trkpt lat="58.057943" lon="38.830067"><ele>118.0</ele><time>2025-03-26T16:51:59Z</time><extensions><gpxtpx:TrackPointExtension><gpxtpx:hr>177</gpxtpx:hr></gpxtpx:TrackPointExtension></extensions></trkpt><trkpt lat="58.05796" lon="38.83004"><ele>118.0</ele><time>2025-03-26T16:52:00Z</time><extensions><gpxtpx:TrackPointExtension><gpxtpx:hr>177</gpxtpx:hr></gpxtpx:TrackPointExtension></extensions></trkpt><trkpt lat="58.05798" lon="38.83001"><ele>118.0</ele><time>2025-03-26T16:52:01Z</time><extensions><gpxtpx:TrackPointExtension><gpxtpx:hr>177</gpxtpx:hr></gpxtpx:TrackPointExtension></extensions></trkpt><trkpt lat="58.057995" lon="38.82998"><ele>118.0</ele><time>2025-03-26T16:52:02Z</time><extensions><gpxtpx:TrackPointExtension><gpxtpx:hr>177</gpxtpx:hr></gpxtpx:TrackPointExtension></extensions></trkpt><trkpt lat="58.058013" lon="38.829952"><ele>118.0</ele><time>2025-03-26T16:52:03Z</time><extensions><gpxtpx:TrackPointExtension><gpxtpx:hr>177</gpxtpx:hr></gpxtpx:TrackPointExtension></extensions></trkpt><trkpt lat="58.058025" lon="38.82992"><ele>118.0</ele><time>2025-03-26T16:52:04Z</time><extensions><gpxtpx:TrackPointExtension><gpxtpx:hr>177</gpxtpx:hr></gpxtpx:TrackPointExtension></extensions></trkpt><trkpt lat="58.05804" lon="38.82989"><ele>118.0</ele><time>2025-03-26T16:52:05Z</time><extensions><gpxtpx:TrackPointExtension><gpxtpx:hr>177</gpxtpx:hr></gpxtpx:TrackPointExtension></extensions></trkpt><trkpt lat="58.058055" lon="38.829863"><ele>118.0</ele><time>2025-03-26T16:52:06Z</time><extensions><gpxtpx:TrackPointExtension><gpxtpx:hr>177</gpxtpx:hr></gpxtpx:TrackPointExtension></extensions></trkpt><trkpt lat="58.058075" lon="38.829833"><ele>118.0</ele><time>2025-03-26T16:52:07Z</time><extensions><gpxtpx:TrackPointExtension><gpxtpx:hr>176</gpxtpx:hr></gpxtpx:TrackPointExtension></extensions></trkpt><trkpt lat="58.05809" lon="38.829802"><ele>118.0</ele><time>2025-03-26T16:52:08Z</time><extensions><gpxtpx:TrackPointExtension><gpxtpx:hr>176</gpxtpx:hr></gpxtpx:TrackPointExtension></extensions></trkpt><trkpt lat="58.058105" lon="38.82977"><ele>118.0</ele><time>2025-03-26T16:52:09Z</time><extensions><gpxtpx:TrackPointExtension><gpxtpx:hr>176</gpxtpx:hr></gpxtpx:TrackPointExtension></extensions></trkpt><trkpt lat="58.05812" lon="38.82974"><ele>118.0</ele><time>2025-03-26T16:52:10Z</time><extensions><gpxtpx:TrackPointExtension><gpxtpx:hr>176</gpxtpx:hr></gpxtpx:TrackPointExtension></extensions></trkpt><trkpt lat="58.058135" lon="38.829703"><ele>118.0</ele><time>2025-03-26T16:52:11Z</time><extensions><gpxtpx:TrackPointExtension><gpxtpx:hr>176</gpxtpx:hr></gpxtpx:TrackPointExtension></extensions></trkpt><trkpt lat="58.058155" lon="38.829673"><ele>118.0</ele><time>2025-03-26T16:52:12Z</time><extensions><gpxtpx:TrackPointExtension><gpxtpx:hr>176</gpxtpx:hr></gpxtpx:TrackPointExtension></extensions></trkpt><trkpt lat="58.058168" lon="38.829638"><ele>118.0</ele><time>2025-03-26T16:52:13Z</time><extensions><gpxtpx:TrackPointExtension><gpxtpx:hr>176</gpxtpx:hr></gpxtpx:TrackPointExtension></extensions></trkpt><trkpt lat="58.05819" lon="38.82961"><ele>118.0</ele><time>2025-03-26T16:52:14Z</time><extensions><gpxtpx:TrackPointExtension><gpxtpx:hr>176</gpxtpx:hr></gpxtpx:TrackPointExtension></extensions></trkpt><trkpt lat="58.05821" lon="38.82958"><ele>118.0</ele><time>2025-03-26T16:52:15Z</time><extensions><gpxtpx:TrackPointExtension><gpxtpx:hr>176</gpxtpx:hr></gpxtpx:TrackPointExtension></extensions></trkpt><trkpt lat="58.058223" lon="38.829547"><ele>118.0</ele><time>2025-03-26T16:52:16Z</time><extensions><gpxtpx:TrackPointExtension><gpxtpx:hr>176</gpxtpx:hr></gpxtpx:TrackPointExtension></extensions></trkpt><trkpt lat="58.058242" lon="38.829517"><ele>118.0</ele><time>2025-03-26T16:52:17Z</time><extensions><gpxtpx:TrackPointExtension><gpxtpx:hr>175</gpxtpx:hr></gpxtpx:TrackPointExtension></extensions></trkpt><trkpt lat="58.05826" lon="38.829487"><ele>118.0</ele><time>2025-03-26T16:52:18Z</time><extensions><gpxtpx:TrackPointExtension><gpxtpx:hr>175</gpxtpx:hr></gpxtpx:TrackPointExtension></extensions></trkpt><trkpt lat="58.058277" lon="38.829455"><ele>118.0</ele><time>2025-03-26T16:52:19Z</time><extensions><gpxtpx:TrackPointExtension><gpxtpx:hr>176</gpxtpx:hr></gpxtpx:TrackPointExtension></extensions></trkpt><trkpt lat="58.058295" lon="38.829422"><ele>118.0</ele><time>2025-03-26T16:52:20Z</time><extensions><gpxtpx:TrackPointExtension><gpxtpx:hr>176</gpxtpx:hr></gpxtpx:TrackPointExtension></extensions></trkpt><trkpt lat="58.058315" lon="38.829387"><ele>118.0</ele><time>2025-03-26T16:52:21Z</time><extensions><gpxtpx:TrackPointExtension><gpxtpx:hr>176</gpxtpx:hr></gpxtpx:TrackPointExtension></extensions></trkpt><trkpt lat="58.05833" lon="38.829352"><ele>118.0</ele><time>2025-03-26T16:52:22Z</time><extensions><gpxtpx:TrackPointExtension><gpxtpx:hr>175</gpxtpx:hr></gpxtpx:TrackPointExtension></extensions></trkpt><trkpt lat="58.05835" lon="38.829322"><ele>118.0</ele><time>2025-03-26T16:52:23Z</time><extensions><gpxtpx:TrackPointExtension><gpxtpx:hr>175</gpxtpx:hr></gpxtpx:TrackPointExtension></extensions></trkpt><trkpt lat="58.05837" lon="38.829292"><ele>118.0</ele><time>2025-03-26T16:52:24Z</time><extensions><gpxtpx:TrackPointExtension><gpxtpx:hr>175</gpxtpx:hr></gpxtpx:TrackPointExtension></extensions></trkpt><trkpt lat="58.058387" lon="38.829258"><ele>118.0</ele><time>2025-03-26T16:52:25Z</time><extensions><gpxtpx:TrackPointExtension><gpxtpx:hr>175</gpxtpx:hr></gpxtpx:TrackPointExtension></extensions></trkpt><trkpt lat="58.058407" lon="38.82923"><ele>118.0</ele><time>2025-03-26T16:52:26Z</time><extensions><gpxtpx:TrackPointExtension><gpxtpx:hr>175</gpxtpx:hr></gpxtpx:TrackPointExtension></extensions></trkpt><trkpt lat="58.058425" lon="38.8292"><ele>118.0</ele><time>2025-03-26T16:52:27Z</time><extensions><gpxtpx:TrackPointExtension><gpxtpx:hr>175</gpxtpx:hr></gpxtpx:TrackPointExtension></extensions></trkpt><trkpt lat="58.058445" lon="38.82917"><ele>118.0</ele><time>2025-03-26T16:52:28Z</time><extensions><gpxtpx:TrackPointExtension><gpxtpx:hr>175</gpxtpx:hr></gpxtpx:TrackPointExtension></extensions></trkpt><trkpt lat="58.058463" lon="38.82914"><ele>118.0</ele><time>2025-03-26T16:52:29Z</time><extensions><gpxtpx:TrackPointExtension><gpxtpx:hr>176</gpxtpx:hr></gpxtpx:TrackPointExtension></extensions></trkpt><trkpt lat="58.058482" lon="38.82911"><ele>118.0</ele><time>2025-03-26T16:52:30Z</time><extensions><gpxtpx:TrackPointExtension><gpxtpx:hr>176</gpxtpx:hr></gpxtpx:TrackPointExtension></extensions></trkpt><trkpt lat="58.058502" lon="38.829075"><ele>118.0</ele><time>2025-03-26T16:52:31Z</time><extensions><gpxtpx:TrackPointExtension><gpxtpx:hr>177</gpxtpx:hr></gpxtpx:TrackPointExtension></extensions></trkpt><trkpt lat="58.058517" lon="38.829043"><ele>118.0</ele><time>2025-03-26T16:52:32Z</time><extensions><gpxtpx:TrackPointExtension><gpxtpx:hr>177</gpxtpx:hr></gpxtpx:TrackPointExtension></extensions></trkpt><trkpt lat="58.058537" lon="38.829013"><ele>118.0</ele><time>2025-03-26T16:52:33Z</time><extensions><gpxtpx:TrackPointExtension><gpxtpx:hr>177</gpxtpx:hr></gpxtpx:TrackPointExtension></extensions></trkpt><trkpt lat="58.058548" lon="38.828975"><ele>118.0</ele><time>2025-03-26T16:52:34Z</time><extensions><gpxtpx:TrackPointExtension><gpxtpx:hr>177</gpxtpx:hr></gpxtpx:TrackPointExtension></extensions></trkpt><trkpt lat="58.058567" lon="38.828937"><ele>118.0</ele><time>2025-03-26T16:52:35Z</time><extensions><gpxtpx:TrackPointExtension><gpxtpx:hr>177</gpxtpx:hr></gpxtpx:TrackPointExtension></extensions></trkpt><trkpt lat="58.05858" lon="38.8289"><ele>118.0</ele><time>2025-03-26T16:52:36Z</time><extensions><gpxtpx:TrackPointExtension><gpxtpx:hr>177</gpxtpx:hr></gpxtpx:TrackPointExtension></extensions></trkpt><trkpt lat="58.058593" lon="38.828857"><ele>118.0</ele><time>2025-03-26T16:52:37Z</time><extensions><gpxtpx:TrackPointExtension><gpxtpx:hr>177</gpxtpx:hr></gpxtpx:TrackPointExtension></extensions></trkpt><trkpt lat="58.058605" lon="38.82882"><ele>118.0</ele><time>2025-03-26T16:52:38Z</time><extensions><gpxtpx:TrackPointExtension><gpxtpx:hr>177</gpxtpx:hr></gpxtpx:TrackPointExtension></extensions></trkpt><trkpt lat="58.058617" lon="38.828777"><ele>118.0</ele><time>2025-03-26T16:52:39Z</time><extensions><gpxtpx:TrackPointExtension><gpxtpx:hr>177</gpxtpx:hr></gpxtpx:TrackPointExtension></extensions></trkpt><trkpt lat="58.058627" lon="38.828735"><ele>118.0</ele><time>2025-03-26T16:52:40Z</time><extensions><gpxtpx:TrackPointExtension><gpxtpx:hr>178</gpxtpx:hr></gpxtpx:TrackPointExtension></extensions></trkpt><trkpt lat="58.05864" lon="38.828697"><ele>118.0</ele><time>2025-03-26T16:52:41Z</time><extensions><gpxtpx:TrackPointExtension><gpxtpx:hr>178</gpxtpx:hr></gpxtpx:TrackPointExtension></extensions></trkpt><trkpt lat="58.05865" lon="38.82866"><ele>118.0</ele><time>2025-03-26T16:52:42Z</time><extensions><gpxtpx:TrackPointExtension><gpxtpx:hr>179</gpxtpx:hr></gpxtpx:TrackPointExtension></extensions></trkpt><trkpt lat="58.058662" lon="38.82862"><ele>118.0</ele><time>2025-03-26T16:52:43Z</time><extensions><gpxtpx:TrackPointExtension><gpxtpx:hr>179</gpxtpx:hr></gpxtpx:TrackPointExtension></extensions></trkpt><trkpt lat="58.058673" lon="38.828582"><ele>118.0</ele><time>2025-03-26T16:52:44Z</time><extensions><gpxtpx:TrackPointExtension><gpxtpx:hr>179</gpxtpx:hr></gpxtpx:TrackPointExtension></extensions></trkpt><trkpt lat="58.058685" lon="38.828545"><ele>118.0</ele><time>2025-03-26T16:52:45Z</time><extensions><gpxtpx:TrackPointExtension><gpxtpx:hr>180</gpxtpx:hr></gpxtpx:TrackPointExtension></extensions></trkpt><trkpt lat="58.058697" lon="38.828505"><ele>118.0</ele><time>2025-03-26T16:52:46Z</time><extensions><gpxtpx:TrackPointExtension><gpxtpx:hr>180</gpxtpx:hr></gpxtpx:TrackPointExtension></extensions></trkpt><trkpt lat="58.05871" lon="38.82847"><ele>118.0</ele><time>2025-03-26T16:52:47Z</time><extensions><gpxtpx:TrackPointExtension><gpxtpx:hr>180</gpxtpx:hr></gpxtpx:TrackPointExtension></extensions></trkpt><trkpt lat="58.05872" lon="38.828428"><ele>118.0</ele><time>2025-03-26T16:52:48Z</time><extensions><gpxtpx:TrackPointExtension><gpxtpx:hr>180</gpxtpx:hr></gpxtpx:TrackPointExtension></extensions></trkpt><trkpt lat="58.05873" lon="38.82839"><ele>118.0</ele><time>2025-03-26T16:52:49Z</time><extensions><gpxtpx:TrackPointExtension><gpxtpx:hr>180</gpxtpx:hr></gpxtpx:TrackPointExtension></extensions></trkpt><trkpt lat="58.05874" lon="38.82835"><ele>118.0</ele><time>2025-03-26T16:52:50Z</time><extensions><gpxtpx:TrackPointExtension><gpxtpx:hr>180</gpxtpx:hr></gpxtpx:TrackPointExtension></extensions></trkpt><trkpt lat="58.05875" lon="38.828312"><ele>118.0</ele><time>2025-03-26T16:52:51Z</time><extensions><gpxtpx:TrackPointExtension><gpxtpx:hr>180</gpxtpx:hr></gpxtpx:TrackPointExtension></extensions></trkpt><trkpt lat="58.05876" lon="38.82827"><ele>118.0</ele><time>2025-03-26T16:52:52Z</time><extensions><gpxtpx:TrackPointExtension><gpxtpx:hr>180</gpxtpx:hr></gpxtpx:TrackPointExtension></extensions></trkpt><trkpt lat="58.058772" lon="38.828227"><ele>118.0</ele><time>2025-03-26T16:52:53Z</time><extensions><gpxtpx:TrackPointExtension><gpxtpx:hr>180</gpxtpx:hr></gpxtpx:TrackPointExtension></extensions></trkpt><trkpt lat="58.058783" lon="38.82819"><ele>118.0</ele><time>2025-03-26T16:52:54Z</time><extensions><gpxtpx:TrackPointExtension><gpxtpx:hr>180</gpxtpx:hr></gpxtpx:TrackPointExtension></extensions></trkpt><trkpt lat="58.058795" lon="38.82815"><ele>118.0</ele><time>2025-03-26T16:52:55Z</time><extensions><gpxtpx:TrackPointExtension><gpxtpx:hr>180</gpxtpx:hr></gpxtpx:TrackPointExtension></extensions></trkpt><trkpt lat="58.058807" lon="38.82811"><ele>118.0</ele><time>2025-03-26T16:52:56Z</time><extensions><gpxtpx:TrackPointExtension><gpxtpx:hr>181</gpxtpx:hr></gpxtpx:TrackPointExtension></extensions></trkpt><trkpt lat="58.05882" lon="38.82807"><ele>118.0</ele><time>2025-03-26T16:52:57Z</time><extensions><gpxtpx:TrackPointExtension><gpxtpx:hr>183</gpxtpx:hr></gpxtpx:TrackPointExtension></extensions></trkpt><trkpt lat="58.058833" lon="38.828032"><ele>118.0</ele><time>2025-03-26T16:52:58Z</time><extensions><gpxtpx:TrackPointExtension><gpxtpx:hr>183</gpxtpx:hr></gpxtpx:TrackPointExtension></extensions></trkpt><trkpt lat="58.058845" lon="38.82799"><ele>118.0</ele><time>2025-03-26T16:52:59Z</time><extensions><gpxtpx:TrackPointExtension><gpxtpx:hr>184</gpxtpx:hr></gpxtpx:TrackPointExtension></extensions></trkpt><trkpt lat="58.058857" lon="38.827952"><ele>118.0</ele><time>2025-03-26T16:53:00Z</time><extensions><gpxtpx:TrackPointExtension><gpxtpx:hr>184</gpxtpx:hr></gpxtpx:TrackPointExtension></extensions></trkpt><trkpt lat="58.05887" lon="38.82791"><ele>118.0</ele><time>2025-03-26T16:53:01Z</time><extensions><gpxtpx:TrackPointExtension><gpxtpx:hr>184</gpxtpx:hr></gpxtpx:TrackPointExtension></extensions></trkpt><trkpt lat="58.058875" lon="38.82787"><ele>118.0</ele><time>2025-03-26T16:53:02Z</time><extensions><gpxtpx:TrackPointExtension><gpxtpx:hr>185</gpxtpx:hr></gpxtpx:TrackPointExtension></extensions></trkpt><trkpt lat="58.058887" lon="38.827827"><ele>118.0</ele><time>2025-03-26T16:53:03Z</time><extensions><gpxtpx:TrackPointExtension><gpxtpx:hr>185</gpxtpx:hr></gpxtpx:TrackPointExtension></extensions></trkpt><trkpt lat="58.0589" lon="38.82779"><ele>118.0</ele><time>2025-03-26T16:53:04Z</time><extensions><gpxtpx:TrackPointExtension><gpxtpx:hr>185</gpxtpx:hr></gpxtpx:TrackPointExtension></extensions></trkpt><trkpt lat="58.05891" lon="38.827747"><ele>118.0</ele><time>2025-03-26T16:53:05Z</time><extensions><gpxtpx:TrackPointExtension><gpxtpx:hr>185</gpxtpx:hr></gpxtpx:TrackPointExtension></extensions></trkpt><trkpt lat="58.058917" lon="38.82771"><ele>118.0</ele><time>2025-03-26T16:53:06Z</time><extensions><gpxtpx:TrackPointExtension><gpxtpx:hr>185</gpxtpx:hr></gpxtpx:TrackPointExtension></extensions></trkpt><trkpt lat="58.058928" lon="38.827667"><ele>118.0</ele><time>2025-03-26T16:53:07Z</time><extensions><gpxtpx:TrackPointExtension><gpxtpx:hr>185</gpxtpx:hr></gpxtpx:TrackPointExtension></extensions></trkpt><trkpt lat="58.058945" lon="38.82763"><ele>118.0</ele><time>2025-03-26T16:53:08Z</time><extensions><gpxtpx:TrackPointExtension><gpxtpx:hr>185</gpxtpx:hr></gpxtpx:TrackPointExtension></extensions></trkpt><trkpt lat="58.058955" lon="38.827587"><ele>118.0</ele><time>2025-03-26T16:53:09Z</time><extensions><gpxtpx:TrackPointExtension><gpxtpx:hr>185</gpxtpx:hr></gpxtpx:TrackPointExtension></extensions></trkpt><trkpt lat="58.058967" lon="38.82755"><ele>118.0</ele><time>2025-03-26T16:53:10Z</time><extensions><gpxtpx:TrackPointExtension><gpxtpx:hr>185</gpxtpx:hr></gpxtpx:TrackPointExtension></extensions></trkpt><trkpt lat="58.05898" lon="38.82751"><ele>118.0</ele><time>2025-03-26T16:53:11Z</time><extensions><gpxtpx:TrackPointExtension><gpxtpx:hr>185</gpxtpx:hr></gpxtpx:TrackPointExtension></extensions></trkpt><trkpt lat="58.05899" lon="38.827472"><ele>118.0</ele><time>2025-03-26T16:53:12Z</time><extensions><gpxtpx:TrackPointExtension><gpxtpx:hr>185</gpxtpx:hr></gpxtpx:TrackPointExtension></extensions></trkpt><trkpt lat="58.059005" lon="38.82743"><ele>118.0</ele><time>2025-03-26T16:53:13Z</time><extensions><gpxtpx:TrackPointExtension><gpxtpx:hr>185</gpxtpx:hr></gpxtpx:TrackPointExtension></extensions></trkpt><trkpt lat="58.059017" lon="38.827392"><ele>118.0</ele><time>2025-03-26T16:53:14Z</time><extensions><gpxtpx:TrackPointExtension><gpxtpx:hr>184</gpxtpx:hr></gpxtpx:TrackPointExtension></extensions></trkpt><trkpt lat="58.059032" lon="38.827353"><ele>118.0</ele><time>2025-03-26T16:53:15Z</time><extensions><gpxtpx:TrackPointExtension><gpxtpx:hr>184</gpxtpx:hr></gpxtpx:TrackPointExtension></extensions></trkpt><trkpt lat="58.059043" lon="38.827315"><ele>118.0</ele><time>2025-03-26T16:53:16Z</time><extensions><gpxtpx:TrackPointExtension><gpxtpx:hr>184</gpxtpx:hr></gpxtpx:TrackPointExtension></extensions></trkpt><trkpt lat="58.059055" lon="38.827273"><ele>118.0</ele><time>2025-03-26T16:53:17Z</time><extensions><gpxtpx:TrackPointExtension><gpxtpx:hr>184</gpxtpx:hr></gpxtpx:TrackPointExtension></extensions></trkpt><trkpt lat="58.059068" lon="38.82724"><ele>118.0</ele><time>2025-03-26T16:53:17Z</time><extensions><gpxtpx:TrackPointExtension><gpxtpx:hr>184</gpxtpx:hr></gpxtpx:TrackPointExtension></extensions></trkpt><trkpt lat="58.059082" lon="38.827197"><ele>118.0</ele><time>2025-03-26T16:53:18Z</time><extensions><gpxtpx:TrackPointExtension><gpxtpx:hr>183</gpxtpx:hr></gpxtpx:TrackPointExtension></extensions></trkpt><trkpt lat="58.059092" lon="38.82716"><ele>118.0</ele><time>2025-03-26T16:53:19Z</time><extensions><gpxtpx:TrackPointExtension><gpxtpx:hr>183</gpxtpx:hr></gpxtpx:TrackPointExtension></extensions></trkpt><trkpt lat="58.059105" lon="38.827117"><ele>118.0</ele><time>2025-03-26T16:53:20Z</time><extensions><gpxtpx:TrackPointExtension><gpxtpx:hr>182</gpxtpx:hr></gpxtpx:TrackPointExtension></extensions></trkpt><trkpt lat="58.059115" lon="38.82708"><ele>118.0</ele><time>2025-03-26T16:53:21Z</time><extensions><gpxtpx:TrackPointExtension><gpxtpx:hr>182</gpxtpx:hr></gpxtpx:TrackPointExtension></extensions></trkpt><trkpt lat="58.05913" lon="38.82704"><ele>118.0</ele><time>2025-03-26T16:53:22Z</time><extensions><gpxtpx:TrackPointExtension><gpxtpx:hr>182</gpxtpx:hr></gpxtpx:TrackPointExtension></extensions></trkpt><trkpt lat="58.059142" lon="38.827002"><ele>118.0</ele><time>2025-03-26T16:53:23Z</time><extensions><gpxtpx:TrackPointExtension><gpxtpx:hr>181</gpxtpx:hr></gpxtpx:TrackPointExtension></extensions></trkpt><trkpt lat="58.05916" lon="38.826965"><ele>118.0</ele><time>2025-03-26T16:53:24Z</time><extensions><gpxtpx:TrackPointExtension><gpxtpx:hr>181</gpxtpx:hr></gpxtpx:TrackPointExtension></extensions></trkpt><trkpt lat="58.05917" lon="38.826927"><ele>118.0</ele><time>2025-03-26T16:53:25Z</time><extensions><gpxtpx:TrackPointExtension><gpxtpx:hr>181</gpxtpx:hr></gpxtpx:TrackPointExtension></extensions></trkpt><trkpt lat="58.059185" lon="38.826885"><ele>118.0</ele><time>2025-03-26T16:53:26Z</time><extensions><gpxtpx:TrackPointExtension><gpxtpx:hr>180</gpxtpx:hr></gpxtpx:TrackPointExtension></extensions></trkpt><trkpt lat="58.0592" lon="38.826847"><ele>118.0</ele><time>2025-03-26T16:53:27Z</time><extensions><gpxtpx:TrackPointExtension><gpxtpx:hr>180</gpxtpx:hr></gpxtpx:TrackPointExtension></extensions></trkpt><trkpt lat="58.059215" lon="38.826812"><ele>118.0</ele><time>2025-03-26T16:53:28Z</time><extensions><gpxtpx:TrackPointExtension><gpxtpx:hr>180</gpxtpx:hr></gpxtpx:TrackPointExtension></extensions></trkpt><trkpt lat="58.05923" lon="38.826775"><ele>118.0</ele><time>2025-03-26T16:53:29Z</time><extensions><gpxtpx:TrackPointExtension><gpxtpx:hr>180</gpxtpx:hr></gpxtpx:TrackPointExtension></extensions></trkpt><trkpt lat="58.059245" lon="38.826735"><ele>118.0</ele><time>2025-03-26T16:53:30Z</time><extensions><gpxtpx:TrackPointExtension><gpxtpx:hr>180</gpxtpx:hr></gpxtpx:TrackPointExtension></extensions></trkpt><trkpt lat="58.05926" lon="38.826702"><ele>118.0</ele><time>2025-03-26T16:53:31Z</time><extensions><gpxtpx:TrackPointExtension><gpxtpx:hr>180</gpxtpx:hr></gpxtpx:TrackPointExtension></extensions></trkpt><trkpt lat="58.059277" lon="38.82667"><ele>118.0</ele><time>2025-03-26T16:53:32Z</time><extensions><gpxtpx:TrackPointExtension><gpxtpx:hr>180</gpxtpx:hr></gpxtpx:TrackPointExtension></extensions></trkpt><trkpt lat="58.059295" lon="38.826637"><ele>118.0</ele><time>2025-03-26T16:53:33Z</time><extensions><gpxtpx:TrackPointExtension><gpxtpx:hr>180</gpxtpx:hr></gpxtpx:TrackPointExtension></extensions></trkpt><trkpt lat="58.05931" lon="38.826602"><ele>118.0</ele><time>2025-03-26T16:53:34Z</time><extensions><gpxtpx:TrackPointExtension><gpxtpx:hr>180</gpxtpx:hr></gpxtpx:TrackPointExtension></extensions></trkpt><trkpt lat="58.059325" lon="38.826572"><ele>118.0</ele><time>2025-03-26T16:53:35Z</time><extensions><gpxtpx:TrackPointExtension><gpxtpx:hr>180</gpxtpx:hr></gpxtpx:TrackPointExtension></extensions></trkpt><trkpt lat="58.059345" lon="38.82654"><ele>118.0</ele><time>2025-03-26T16:53:36Z</time><extensions><gpxtpx:TrackPointExtension><gpxtpx:hr>180</gpxtpx:hr></gpxtpx:TrackPointExtension></extensions></trkpt><trkpt lat="58.05936" lon="38.82651"><ele>118.0</ele><time>2025-03-26T16:53:37Z</time><extensions><gpxtpx:TrackPointExtension><gpxtpx:hr>179</gpxtpx:hr></gpxtpx:TrackPointExtension></extensions></trkpt><trkpt lat="58.059378" lon="38.82648"><ele>118.0</ele><time>2025-03-26T16:53:38Z</time><extensions><gpxtpx:TrackPointExtension><gpxtpx:hr>178</gpxtpx:hr></gpxtpx:TrackPointExtension></extensions></trkpt><trkpt lat="58.0594" lon="38.82645"><ele>118.0</ele><time>2025-03-26T16:53:39Z</time><extensions><gpxtpx:TrackPointExtension><gpxtpx:hr>178</gpxtpx:hr></gpxtpx:TrackPointExtension></extensions></trkpt><trkpt lat="58.059413" lon="38.826415"><ele>118.0</ele><time>2025-03-26T16:53:40Z</time><extensions><gpxtpx:TrackPointExtension><gpxtpx:hr>177</gpxtpx:hr></gpxtpx:TrackPointExtension></extensions></trkpt><trkpt lat="58.05942" lon="38.82638"><ele>118.0</ele><time>2025-03-26T16:53:41Z</time><extensions><gpxtpx:TrackPointExtension><gpxtpx:hr>177</gpxtpx:hr></gpxtpx:TrackPointExtension></extensions></trkpt><trkpt lat="58.05943" lon="38.82635"><ele>118.0</ele><time>2025-03-26T16:53:42Z</time><extensions><gpxtpx:TrackPointExtension><gpxtpx:hr>177</gpxtpx:hr></gpxtpx:TrackPointExtension></extensions></trkpt><trkpt lat="58.05943" lon="38.82632"><ele>118.0</ele><time>2025-03-26T16:53:43Z</time><extensions><gpxtpx:TrackPointExtension><gpxtpx:hr>177</gpxtpx:hr></gpxtpx:TrackPointExtension></extensions></trkpt><trkpt lat="58.05943" lon="38.826293"><ele>118.0</ele><time>2025-03-26T16:53:44Z</time><extensions><gpxtpx:TrackPointExtension><gpxtpx:hr>177</gpxtpx:hr></gpxtpx:TrackPointExtension></extensions></trkpt><trkpt lat="58.05943" lon="38.826262"><ele>118.0</ele><time>2025-03-26T16:53:45Z</time><extensions><gpxtpx:TrackPointExtension><gpxtpx:hr>177</gpxtpx:hr></gpxtpx:TrackPointExtension></extensions></trkpt><trkpt lat="58.059425" lon="38.826232"><ele>118.0</ele><time>2025-03-26T16:53:46Z</time><extensions><gpxtpx:TrackPointExtension><gpxtpx:hr>178</gpxtpx:hr></gpxtpx:TrackPointExtension></extensions></trkpt><trkpt lat="58.059417" lon="38.826205"><ele>118.0</ele><time>2025-03-26T16:53:47Z</time><extensions><gpxtpx:TrackPointExtension><gpxtpx:hr>178</gpxtpx:hr></gpxtpx:TrackPointExtension></extensions></trkpt><trkpt lat="58.05941" lon="38.82618"><ele>118.0</ele><time>2025-03-26T16:53:48Z</time><extensions><gpxtpx:TrackPointExtension><gpxtpx:hr>178</gpxtpx:hr></gpxtpx:TrackPointExtension></extensions></trkpt><trkpt lat="58.059402" lon="38.82616"><ele>118.0</ele><time>2025-03-26T16:53:49Z</time><extensions><gpxtpx:TrackPointExtension><gpxtpx:hr>178</gpxtpx:hr></gpxtpx:TrackPointExtension></extensions></trkpt><trkpt lat="58.05939" lon="38.826137"><ele>118.0</ele><time>2025-03-26T16:53:50Z</time><extensions><gpxtpx:TrackPointExtension><gpxtpx:hr>178</gpxtpx:hr></gpxtpx:TrackPointExtension></extensions></trkpt><trkpt lat="58.059378" lon="38.82612"><ele>118.0</ele><time>2025-03-26T16:53:51Z</time><extensions><gpxtpx:TrackPointExtension><gpxtpx:hr>178</gpxtpx:hr></gpxtpx:TrackPointExtension></extensions></trkpt><trkpt lat="58.059363" lon="38.826095"><ele>118.0</ele><time>2025-03-26T16:53:52Z</time><extensions><gpxtpx:TrackPointExtension><gpxtpx:hr>178</gpxtpx:hr></gpxtpx:TrackPointExtension></extensions></trkpt><trkpt lat="58.059352" lon="38.826072"><ele>118.0</ele><time>2025-03-26T16:53:53Z</time><extensions><gpxtpx:TrackPointExtension><gpxtpx:hr>178</gpxtpx:hr></gpxtpx:TrackPointExtension></extensions></trkpt><trkpt lat="58.05934" lon="38.826045"><ele>118.0</ele><time>2025-03-26T16:53:54Z</time><extensions><gpxtpx:TrackPointExtension><gpxtpx:hr>178</gpxtpx:hr></gpxtpx:TrackPointExtension></extensions></trkpt><trkpt lat="58.059325" lon="38.826022"><ele>118.0</ele><time>2025-03-26T16:53:55Z</time><extensions><gpxtpx:TrackPointExtension><gpxtpx:hr>178</gpxtpx:hr></gpxtpx:TrackPointExtension></extensions></trkpt><trkpt lat="58.05931" lon="38.825995"><ele>118.0</ele><time>2025-03-26T16:53:56Z</time><extensions><gpxtpx:TrackPointExtension><gpxtpx:hr>178</gpxtpx:hr></gpxtpx:TrackPointExtension></extensions></trkpt><trkpt lat="58.0593" lon="38.825973"><ele>118.0</ele><time>2025-03-26T16:53:57Z</time><extensions><gpxtpx:TrackPointExtension><gpxtpx:hr>178</gpxtpx:hr></gpxtpx:TrackPointExtension></extensions></trkpt><trkpt lat="58.059283" lon="38.82595"><ele>118.0</ele><time>2025-03-26T16:53:58Z</time><extensions><gpxtpx:TrackPointExtension><gpxtpx:hr>179</gpxtpx:hr></gpxtpx:TrackPointExtension></extensions></trkpt><trkpt lat="58.05927" lon="38.825927"><ele>118.0</ele><time>2025-03-26T16:53:59Z</time><extensions><gpxtpx:TrackPointExtension><gpxtpx:hr>179</gpxtpx:hr></gpxtpx:TrackPointExtension></extensions></trkpt><trkpt lat="58.05925" lon="38.82591"><ele>118.0</ele><time>2025-03-26T16:54:00Z</time><extensions><gpxtpx:TrackPointExtension><gpxtpx:hr>179</gpxtpx:hr></gpxtpx:TrackPointExtension></extensions></trkpt><trkpt lat="58.059235" lon="38.825885"><ele>118.0</ele><time>2025-03-26T16:54:01Z</time><extensions><gpxtpx:TrackPointExtension><gpxtpx:hr>179</gpxtpx:hr></gpxtpx:TrackPointExtension></extensions></trkpt><trkpt lat="58.059215" lon="38.825862"><ele>118.0</ele><time>2025-03-26T16:54:02Z</time><extensions><gpxtpx:TrackPointExtension><gpxtpx:hr>179</gpxtpx:hr></gpxtpx:TrackPointExtension></extensions></trkpt><trkpt lat="58.0592" lon="38.82584"><ele>118.0</ele><time>2025-03-26T16:54:03Z</time><extensions><gpxtpx:TrackPointExtension><gpxtpx:hr>179</gpxtpx:hr></gpxtpx:TrackPointExtension></extensions></trkpt><trkpt lat="58.05918" lon="38.825812"><ele>118.0</ele><time>2025-03-26T16:54:04Z</time><extensions><gpxtpx:TrackPointExtension><gpxtpx:hr>179</gpxtpx:hr></gpxtpx:TrackPointExtension></extensions></trkpt><trkpt lat="58.059165" lon="38.82579"><ele>118.0</ele><time>2025-03-26T16:54:05Z</time><extensions><gpxtpx:TrackPointExtension><gpxtpx:hr>178</gpxtpx:hr></gpxtpx:TrackPointExtension></extensions></trkpt><trkpt lat="58.059147" lon="38.825763"><ele>118.0</ele><time>2025-03-26T16:54:06Z</time><extensions><gpxtpx:TrackPointExtension><gpxtpx:hr>178</gpxtpx:hr></gpxtpx:TrackPointExtension></extensions></trkpt><trkpt lat="58.059127" lon="38.825737"><ele>118.0</ele><time>2025-03-26T16:54:07Z</time><extensions><gpxtpx:TrackPointExtension><gpxtpx:hr>178</gpxtpx:hr></gpxtpx:TrackPointExtension></extensions></trkpt><trkpt lat="58.059112" lon="38.82571"><ele>118.0</ele><time>2025-03-26T16:54:08Z</time><extensions><gpxtpx:TrackPointExtension><gpxtpx:hr>177</gpxtpx:hr></gpxtpx:TrackPointExtension></extensions></trkpt><trkpt lat="58.059092" lon="38.825683"><ele>118.0</ele><time>2025-03-26T16:54:09Z</time><extensions><gpxtpx:TrackPointExtension><gpxtpx:hr>177</gpxtpx:hr></gpxtpx:TrackPointExtension></extensions></trkpt><trkpt lat="58.059073" lon="38.825652"><ele>118.0</ele><time>2025-03-26T16:54:10Z</time><extensions><gpxtpx:TrackPointExtension><gpxtpx:hr>177</gpxtpx:hr></gpxtpx:TrackPointExtension></extensions></trkpt><trkpt lat="58.059055" lon="38.825628"><ele>118.0</ele><time>2025-03-26T16:54:11Z</time><extensions><gpxtpx:TrackPointExtension><gpxtpx:hr>177</gpxtpx:hr></gpxtpx:TrackPointExtension></extensions></trkpt><trkpt lat="58.059035" lon="38.825602"><ele>118.0</ele><time>2025-03-26T16:54:12Z</time><extensions><gpxtpx:TrackPointExtension><gpxtpx:hr>177</gpxtpx:hr></gpxtpx:TrackPointExtension></extensions></trkpt><trkpt lat="58.059017" lon="38.825577"><ele>118.0</ele><time>2025-03-26T16:54:13Z</time><extensions><gpxtpx:TrackPointExtension><gpxtpx:hr>177</gpxtpx:hr></gpxtpx:TrackPointExtension></extensions></trkpt><trkpt lat="58.058998" lon="38.825553"><ele>118.0</ele><time>2025-03-26T16:54:14Z</time><extensions><gpxtpx:TrackPointExtension><gpxtpx:hr>177</gpxtpx:hr></gpxtpx:TrackPointExtension></extensions></trkpt><trkpt lat="58.058975" lon="38.82553"><ele>118.0</ele><time>2025-03-26T16:54:15Z</time><extensions><gpxtpx:TrackPointExtension><gpxtpx:hr>177</gpxtpx:hr></gpxtpx:TrackPointExtension></extensions></trkpt><trkpt lat="58.058955" lon="38.825503"><ele>118.0</ele><time>2025-03-26T16:54:16Z</time><extensions><gpxtpx:TrackPointExtension><gpxtpx:hr>177</gpxtpx:hr></gpxtpx:TrackPointExtension></extensions></trkpt><trkpt lat="58.058932" lon="38.825477"><ele>118.0</ele><time>2025-03-26T16:54:17Z</time><extensions><gpxtpx:TrackPointExtension><gpxtpx:hr>177</gpxtpx:hr></gpxtpx:TrackPointExtension></extensions></trkpt><trkpt lat="58.058913" lon="38.825455"><ele>118.0</ele><time>2025-03-26T16:54:18Z</time><extensions><gpxtpx:TrackPointExtension><gpxtpx:hr>177</gpxtpx:hr></gpxtpx:TrackPointExtension></extensions></trkpt><trkpt lat="58.05889" lon="38.825427"><ele>118.0</ele><time>2025-03-26T16:54:19Z</time><extensions><gpxtpx:TrackPointExtension><gpxtpx:hr>177</gpxtpx:hr></gpxtpx:TrackPointExtension></extensions></trkpt><trkpt lat="58.058872" lon="38.825405"><ele>118.0</ele><time>2025-03-26T16:54:20Z</time><extensions><gpxtpx:TrackPointExtension><gpxtpx:hr>176</gpxtpx:hr></gpxtpx:TrackPointExtension></extensions></trkpt><trkpt lat="58.05885" lon="38.82538"><ele>118.0</ele><time>2025-03-26T16:54:21Z</time><extensions><gpxtpx:TrackPointExtension><gpxtpx:hr>176</gpxtpx:hr></gpxtpx:TrackPointExtension></extensions></trkpt><trkpt lat="58.058825" lon="38.825347"><ele>118.0</ele><time>2025-03-26T16:54:22Z</time><extensions><gpxtpx:TrackPointExtension><gpxtpx:hr>176</gpxtpx:hr></gpxtpx:TrackPointExtension></extensions></trkpt><trkpt lat="58.058807" lon="38.825317"><ele>118.0</ele><time>2025-03-26T16:54:23Z</time><extensions><gpxtpx:TrackPointExtension><gpxtpx:hr>176</gpxtpx:hr></gpxtpx:TrackPointExtension></extensions></trkpt><trkpt lat="58.058792" lon="38.825275"><ele>118.0</ele><time>2025-03-26T16:54:24Z</time><extensions><gpxtpx:TrackPointExtension><gpxtpx:hr>176</gpxtpx:hr></gpxtpx:TrackPointExtension></extensions></trkpt><trkpt lat="58.058777" lon="38.825225"><ele>118.0</ele><time>2025-03-26T16:54:25Z</time><extensions><gpxtpx:TrackPointExtension><gpxtpx:hr>176</gpxtpx:hr></gpxtpx:TrackPointExtension></extensions></trkpt><trkpt lat="58.058765" lon="38.82518"><ele>118.0</ele><time>2025-03-26T16:54:26Z</time><extensions><gpxtpx:TrackPointExtension><gpxtpx:hr>176</gpxtpx:hr></gpxtpx:TrackPointExtension></extensions></trkpt><trkpt lat="58.05876" lon="38.825133"><ele>118.0</ele><time>2025-03-26T16:54:27Z</time><extensions><gpxtpx:TrackPointExtension><gpxtpx:hr>176</gpxtpx:hr></gpxtpx:TrackPointExtension></extensions></trkpt><trkpt lat="58.05876" lon="38.825092"><ele>118.0</ele><time>2025-03-26T16:54:28Z</time><extensions><gpxtpx:TrackPointExtension><gpxtpx:hr>176</gpxtpx:hr></gpxtpx:TrackPointExtension></extensions></trkpt><trkpt lat="58.058765" lon="38.825053"><ele>118.0</ele><time>2025-03-26T16:54:29Z</time><extensions><gpxtpx:TrackPointExtension><gpxtpx:hr>176</gpxtpx:hr></gpxtpx:TrackPointExtension></extensions></trkpt><trkpt lat="58.058772" lon="38.825015"><ele>118.0</ele><time>2025-03-26T16:54:30Z</time><extensions><gpxtpx:TrackPointExtension><gpxtpx:hr>176</gpxtpx:hr></gpxtpx:TrackPointExtension></extensions></trkpt><trkpt lat="58.05878" lon="38.82498"><ele>118.0</ele><time>2025-03-26T16:54:31Z</time><extensions><gpxtpx:TrackPointExtension><gpxtpx:hr>176</gpxtpx:hr></gpxtpx:TrackPointExtension></extensions></trkpt><trkpt lat="58.058792" lon="38.824947"><ele>118.0</ele><time>2025-03-26T16:54:32Z</time><extensions><gpxtpx:TrackPointExtension><gpxtpx:hr>176</gpxtpx:hr></gpxtpx:TrackPointExtension></extensions></trkpt><trkpt lat="58.058803" lon="38.824917"><ele>118.0</ele><time>2025-03-26T16:54:33Z</time><extensions><gpxtpx:TrackPointExtension><gpxtpx:hr>177</gpxtpx:hr></gpxtpx:TrackPointExtension></extensions></trkpt><trkpt lat="58.058815" lon="38.824882"><ele>118.0</ele><time>2025-03-26T16:54:34Z</time><extensions><gpxtpx:TrackPointExtension><gpxtpx:hr>177</gpxtpx:hr></gpxtpx:TrackPointExtension></extensions></trkpt><trkpt lat="58.05883" lon="38.824852"><ele>118.0</ele><time>2025-03-26T16:54:35Z</time><extensions><gpxtpx:TrackPointExtension><gpxtpx:hr>177</gpxtpx:hr></gpxtpx:TrackPointExtension></extensions></trkpt><trkpt lat="58.05884" lon="38.824817"><ele>118.0</ele><time>2025-03-26T16:54:36Z</time><extensions><gpxtpx:TrackPointExtension><gpxtpx:hr>177</gpxtpx:hr></gpxtpx:TrackPointExtension></extensions></trkpt><trkpt lat="58.058852" lon="38.824782"><ele>118.0</ele><time>2025-03-26T16:54:37Z</time><extensions><gpxtpx:TrackPointExtension><gpxtpx:hr>177</gpxtpx:hr></gpxtpx:TrackPointExtension></extensions></trkpt><trkpt lat="58.058865" lon="38.824752"><ele>118.0</ele><time>2025-03-26T16:54:38Z</time><extensions><gpxtpx:TrackPointExtension><gpxtpx:hr>177</gpxtpx:hr></gpxtpx:TrackPointExtension></extensions></trkpt><trkpt lat="58.058872" lon="38.824722"><ele>118.0</ele><time>2025-03-26T16:54:39Z</time><extensions><gpxtpx:TrackPointExtension><gpxtpx:hr>177</gpxtpx:hr></gpxtpx:TrackPointExtension></extensions></trkpt><trkpt lat="58.058883" lon="38.82469"><ele>118.0</ele><time>2025-03-26T16:54:40Z</time><extensions><gpxtpx:TrackPointExtension><gpxtpx:hr>177</gpxtpx:hr></gpxtpx:TrackPointExtension></extensions></trkpt><trkpt lat="58.05889" lon="38.824657"><ele>118.0</ele><time>2025-03-26T16:54:41Z</time><extensions><gpxtpx:TrackPointExtension><gpxtpx:hr>178</gpxtpx:hr></gpxtpx:TrackPointExtension></extensions></trkpt><trkpt lat="58.058902" lon="38.824622"><ele>118.0</ele><time>2025-03-26T16:54:42Z</time><extensions><gpxtpx:TrackPointExtension><gpxtpx:hr>178</gpxtpx:hr></gpxtpx:TrackPointExtension></extensions></trkpt><trkpt lat="58.058913" lon="38.824592"><ele>118.0</ele><time>2025-03-26T16:54:43Z</time><extensions><gpxtpx:TrackPointExtension><gpxtpx:hr>178</gpxtpx:hr></gpxtpx:TrackPointExtension></extensions></trkpt><trkpt lat="58.058925" lon="38.824558"><ele>118.0</ele><time>2025-03-26T16:54:44Z</time><extensions><gpxtpx:TrackPointExtension><gpxtpx:hr>178</gpxtpx:hr></gpxtpx:TrackPointExtension></extensions></trkpt><trkpt lat="58.058932" lon="38.824527"><ele>118.0</ele><time>2025-03-26T16:54:45Z</time><extensions><gpxtpx:TrackPointExtension><gpxtpx:hr>178</gpxtpx:hr></gpxtpx:TrackPointExtension></extensions></trkpt><trkpt lat="58.058945" lon="38.824497"><ele>118.0</ele><time>2025-03-26T16:54:46Z</time><extensions><gpxtpx:TrackPointExtension><gpxtpx:hr>179</gpxtpx:hr></gpxtpx:TrackPointExtension></extensions></trkpt><trkpt lat="58.058955" lon="38.824467"><ele>118.0</ele><time>2025-03-26T16:54:47Z</time><extensions><gpxtpx:TrackPointExtension><gpxtpx:hr>179</gpxtpx:hr></gpxtpx:TrackPointExtension></extensions></trkpt><trkpt lat="58.058967" lon="38.824435"><ele>118.0</ele><time>2025-03-26T16:54:48Z</time><extensions><gpxtpx:TrackPointExtension><gpxtpx:hr>178</gpxtpx:hr></gpxtpx:TrackPointExtension></extensions></trkpt><trkpt lat="58.058982" lon="38.824405"><ele>118.0</ele><time>2025-03-26T16:54:49Z</time><extensions><gpxtpx:TrackPointExtension><gpxtpx:hr>178</gpxtpx:hr></gpxtpx:TrackPointExtension></extensions></trkpt><trkpt lat="58.058993" lon="38.824375"><ele>118.0</ele><time>2025-03-26T16:54:50Z</time><extensions><gpxtpx:TrackPointExtension><gpxtpx:hr>178</gpxtpx:hr></gpxtpx:TrackPointExtension></extensions></trkpt><trkpt lat="58.059005" lon="38.824345"><ele>118.0</ele><time>2025-03-26T16:54:51Z</time><extensions><gpxtpx:TrackPointExtension><gpxtpx:hr>178</gpxtpx:hr></gpxtpx:TrackPointExtension></extensions></trkpt><trkpt lat="58.05902" lon="38.824313"><ele>118.0</ele><time>2025-03-26T16:54:52Z</time><extensions><gpxtpx:TrackPointExtension><gpxtpx:hr>178</gpxtpx:hr></gpxtpx:TrackPointExtension></extensions></trkpt><trkpt lat="58.059032" lon="38.824283"><ele>118.0</ele><time>2025-03-26T16:54:53Z</time><extensions><gpxtpx:TrackPointExtension><gpxtpx:hr>178</gpxtpx:hr></gpxtpx:TrackPointExtension></extensions></trkpt><trkpt lat="58.059043" lon="38.82425"><ele>118.0</ele><time>2025-03-26T16:54:54Z</time><extensions><gpxtpx:TrackPointExtension><gpxtpx:hr>178</gpxtpx:hr></gpxtpx:TrackPointExtension></extensions></trkpt><trkpt lat="58.05906" lon="38.82422"><ele>118.0</ele><time>2025-03-26T16:54:55Z</time><extensions><gpxtpx:TrackPointExtension><gpxtpx:hr>178</gpxtpx:hr></gpxtpx:TrackPointExtension></extensions></trkpt><trkpt lat="58.059068" lon="38.82419"><ele>118.0</ele><time>2025-03-26T16:54:56Z</time><extensions><gpxtpx:TrackPointExtension><gpxtpx:hr>178</gpxtpx:hr></gpxtpx:TrackPointExtension></extensions></trkpt><trkpt lat="58.059085" lon="38.824157"><ele>118.0</ele><time>2025-03-26T16:54:57Z</time><extensions><gpxtpx:TrackPointExtension><gpxtpx:hr>178</gpxtpx:hr></gpxtpx:TrackPointExtension></extensions></trkpt><trkpt lat="58.0591" lon="38.824122"><ele>118.0</ele><time>2025-03-26T16:54:58Z</time><extensions><gpxtpx:TrackPointExtension><gpxtpx:hr>178</gpxtpx:hr></gpxtpx:TrackPointExtension></extensions></trkpt><trkpt lat="58.059115" lon="38.824092"><ele>118.0</ele><time>2025-03-26T16:54:59Z</time><extensions><gpxtpx:TrackPointExtension><gpxtpx:hr>178</gpxtpx:hr></gpxtpx:TrackPointExtension></extensions></trkpt><trkpt lat="58.05913" lon="38.824062"><ele>118.0</ele><time>2025-03-26T16:55:00Z</time><extensions><gpxtpx:TrackPointExtension><gpxtpx:hr>178</gpxtpx:hr></gpxtpx:TrackPointExtension></extensions></trkpt><trkpt lat="58.059147" lon="38.824027"><ele>118.0</ele><time>2025-03-26T16:55:01Z</time><extensions><gpxtpx:TrackPointExtension><gpxtpx:hr>178</gpxtpx:hr></gpxtpx:TrackPointExtension></extensions></trkpt><trkpt lat="58.05916" lon="38.823993"><ele>118.0</ele><time>2025-03-26T16:55:02Z</time><extensions><gpxtpx:TrackPointExtension><gpxtpx:hr>178</gpxtpx:hr></gpxtpx:TrackPointExtension></extensions></trkpt><trkpt lat="58.059173" lon="38.823962"><ele>118.0</ele><time>2025-03-26T16:55:03Z</time><extensions><gpxtpx:TrackPointExtension><gpxtpx:hr>178</gpxtpx:hr></gpxtpx:TrackPointExtension></extensions></trkpt><trkpt lat="58.05919" lon="38.823932"><ele>118.0</ele><time>2025-03-26T16:55:04Z</time><extensions><gpxtpx:TrackPointExtension><gpxtpx:hr>178</gpxtpx:hr></gpxtpx:TrackPointExtension></extensions></trkpt><trkpt lat="58.059203" lon="38.823902"><ele>118.0</ele><time>2025-03-26T16:55:05Z</time><extensions><gpxtpx:TrackPointExtension><gpxtpx:hr>178</gpxtpx:hr></gpxtpx:TrackPointExtension></extensions></trkpt><trkpt lat="58.05922" lon="38.82387"><ele>118.0</ele><time>2025-03-26T16:55:06Z</time><extensions><gpxtpx:TrackPointExtension><gpxtpx:hr>178</gpxtpx:hr></gpxtpx:TrackPointExtension></extensions></trkpt><trkpt lat="58.059235" lon="38.82384"><ele>118.0</ele><time>2025-03-26T16:55:07Z</time><extensions><gpxtpx:TrackPointExtension><gpxtpx:hr>178</gpxtpx:hr></gpxtpx:TrackPointExtension></extensions></trkpt><trkpt lat="58.05925" lon="38.823807"><ele>118.0</ele><time>2025-03-26T16:55:08Z</time><extensions><gpxtpx:TrackPointExtension><gpxtpx:hr>178</gpxtpx:hr></gpxtpx:TrackPointExtension></extensions></trkpt><trkpt lat="58.059265" lon="38.823775"><ele>118.0</ele><time>2025-03-26T16:55:09Z</time><extensions><gpxtpx:TrackPointExtension><gpxtpx:hr>178</gpxtpx:hr></gpxtpx:TrackPointExtension></extensions></trkpt><trkpt lat="58.05928" lon="38.823742"><ele>118.0</ele><time>2025-03-26T16:55:10Z</time><extensions><gpxtpx:TrackPointExtension><gpxtpx:hr>178</gpxtpx:hr></gpxtpx:TrackPointExtension></extensions></trkpt><trkpt lat="58.059295" lon="38.823707"><ele>118.0</ele><time>2025-03-26T16:55:11Z</time><extensions><gpxtpx:TrackPointExtension><gpxtpx:hr>178</gpxtpx:hr></gpxtpx:TrackPointExtension></extensions></trkpt><trkpt lat="58.05931" lon="38.823677"><ele>118.0</ele><time>2025-03-26T16:55:12Z</time><extensions><gpxtpx:TrackPointExtension><gpxtpx:hr>177</gpxtpx:hr></gpxtpx:TrackPointExtension></extensions></trkpt><trkpt lat="58.059325" lon="38.823642"><ele>118.0</ele><time>2025-03-26T16:55:13Z</time><extensions><gpxtpx:TrackPointExtension><gpxtpx:hr>177</gpxtpx:hr></gpxtpx:TrackPointExtension></extensions></trkpt><trkpt lat="58.05934" lon="38.82361"><ele>118.0</ele><time>2025-03-26T16:55:14Z</time><extensions><gpxtpx:TrackPointExtension><gpxtpx:hr>177</gpxtpx:hr></gpxtpx:TrackPointExtension></extensions></trkpt><trkpt lat="58.059352" lon="38.823573"><ele>118.0</ele><time>2025-03-26T16:55:15Z</time><extensions><gpxtpx:TrackPointExtension><gpxtpx:hr>177</gpxtpx:hr></gpxtpx:TrackPointExtension></extensions></trkpt><trkpt lat="58.05937" lon="38.82354"><ele>118.0</ele><time>2025-03-26T16:55:16Z</time><extensions><gpxtpx:TrackPointExtension><gpxtpx:hr>177</gpxtpx:hr></gpxtpx:TrackPointExtension></extensions></trkpt><trkpt lat="58.059382" lon="38.823503"><ele>118.0</ele><time>2025-03-26T16:55:17Z</time><extensions><gpxtpx:TrackPointExtension><gpxtpx:hr>177</gpxtpx:hr></gpxtpx:TrackPointExtension></extensions></trkpt><trkpt lat="58.059395" lon="38.82347"><ele>118.0</ele><time>2025-03-26T16:55:18Z</time><extensions><gpxtpx:TrackPointExtension><gpxtpx:hr>177</gpxtpx:hr></gpxtpx:TrackPointExtension></extensions></trkpt><trkpt lat="58.05941" lon="38.823437"><ele>118.0</ele><time>2025-03-26T16:55:19Z</time><extensions><gpxtpx:TrackPointExtension><gpxtpx:hr>177</gpxtpx:hr></gpxtpx:TrackPointExtension></extensions></trkpt><trkpt lat="58.059425" lon="38.8234"><ele>118.0</ele><time>2025-03-26T16:55:20Z</time><extensions><gpxtpx:TrackPointExtension><gpxtpx:hr>177</gpxtpx:hr></gpxtpx:TrackPointExtension></extensions></trkpt><trkpt lat="58.05944" lon="38.82336"><ele>118.0</ele><time>2025-03-26T16:55:21Z</time><extensions><gpxtpx:TrackPointExtension><gpxtpx:hr>177</gpxtpx:hr></gpxtpx:TrackPointExtension></extensions></trkpt><trkpt lat="58.059455" lon="38.82332"><ele>118.0</ele><time>2025-03-26T16:55:22Z</time><extensions><gpxtpx:TrackPointExtension><gpxtpx:hr>177</gpxtpx:hr></gpxtpx:TrackPointExtension></extensions></trkpt><trkpt lat="58.05947" lon="38.823277"><ele>118.0</ele><time>2025-03-26T16:55:23Z</time><extensions><gpxtpx:TrackPointExtension><gpxtpx:hr>177</gpxtpx:hr></gpxtpx:TrackPointExtension></extensions></trkpt><trkpt lat="58.059482" lon="38.82324"><ele>118.0</ele><time>2025-03-26T16:55:24Z</time><extensions><gpxtpx:TrackPointExtension><gpxtpx:hr>177</gpxtpx:hr></gpxtpx:TrackPointExtension></extensions></trkpt><trkpt lat="58.059493" lon="38.823195"><ele>118.0</ele><time>2025-03-26T16:55:25Z</time><extensions><gpxtpx:TrackPointExtension><gpxtpx:hr>177</gpxtpx:hr></gpxtpx:TrackPointExtension></extensions></trkpt><trkpt lat="58.059505" lon="38.82316"><ele>118.0</ele><time>2025-03-26T16:55:26Z</time><extensions><gpxtpx:TrackPointExtension><gpxtpx:hr>177</gpxtpx:hr></gpxtpx:TrackPointExtension></extensions></trkpt><trkpt lat="58.059517" lon="38.823115"><ele>118.0</ele><time>2025-03-26T16:55:27Z</time><extensions><gpxtpx:TrackPointExtension><gpxtpx:hr>177</gpxtpx:hr></gpxtpx:TrackPointExtension></extensions></trkpt><trkpt lat="58.05953" lon="38.823073"><ele>118.0</ele><time>2025-03-26T16:55:28Z</time><extensions><gpxtpx:TrackPointExtension><gpxtpx:hr>177</gpxtpx:hr></gpxtpx:TrackPointExtension></extensions></trkpt><trkpt lat="58.059535" lon="38.823032"><ele>118.0</ele><time>2025-03-26T16:55:29Z</time><extensions><gpxtpx:TrackPointExtension><gpxtpx:hr>177</gpxtpx:hr></gpxtpx:TrackPointExtension></extensions></trkpt><trkpt lat="58.059547" lon="38.82299"><ele>118.0</ele><time>2025-03-26T16:55:30Z</time><extensions><gpxtpx:TrackPointExtension><gpxtpx:hr>177</gpxtpx:hr></gpxtpx:TrackPointExtension></extensions></trkpt><trkpt lat="58.059555" lon="38.822952"><ele>118.0</ele><time>2025-03-26T16:55:31Z</time><extensions><gpxtpx:TrackPointExtension><gpxtpx:hr>177</gpxtpx:hr></gpxtpx:TrackPointExtension></extensions></trkpt><trkpt lat="58.059562" lon="38.822905"><ele>118.0</ele><time>2025-03-26T16:55:32Z</time><extensions><gpxtpx:TrackPointExtension><gpxtpx:hr>177</gpxtpx:hr></gpxtpx:TrackPointExtension></extensions></trkpt><trkpt lat="58.05957" lon="38.822865"><ele>118.0</ele><time>2025-03-26T16:55:33Z</time><extensions><gpxtpx:TrackPointExtension><gpxtpx:hr>177</gpxtpx:hr></gpxtpx:TrackPointExtension></extensions></trkpt><trkpt lat="58.059577" lon="38.82282"><ele>118.0</ele><time>2025-03-26T16:55:34Z</time><extensions><gpxtpx:TrackPointExtension><gpxtpx:hr>176</gpxtpx:hr></gpxtpx:TrackPointExtension></extensions></trkpt><trkpt lat="58.059585" lon="38.822777"><ele>118.0</ele><time>2025-03-26T16:55:35Z</time><extensions><gpxtpx:TrackPointExtension><gpxtpx:hr>176</gpxtpx:hr></gpxtpx:TrackPointExtension></extensions></trkpt><trkpt lat="58.059592" lon="38.82273"><ele>118.0</ele><time>2025-03-26T16:55:36Z</time><extensions><gpxtpx:TrackPointExtension><gpxtpx:hr>176</gpxtpx:hr></gpxtpx:TrackPointExtension></extensions></trkpt><trkpt lat="58.059597" lon="38.822685"><ele>118.0</ele><time>2025-03-26T16:55:37Z</time><extensions><gpxtpx:TrackPointExtension><gpxtpx:hr>175</gpxtpx:hr></gpxtpx:TrackPointExtension></extensions></trkpt><trkpt lat="58.0596" lon="38.822642"><ele>118.0</ele><time>2025-03-26T16:55:38Z</time><extensions><gpxtpx:TrackPointExtension><gpxtpx:hr>175</gpxtpx:hr></gpxtpx:TrackPointExtension></extensions></trkpt><trkpt lat="58.059603" lon="38.822597"><ele>118.0</ele><time>2025-03-26T16:55:39Z</time><extensions><gpxtpx:TrackPointExtension><gpxtpx:hr>175</gpxtpx:hr></gpxtpx:TrackPointExtension></extensions></trkpt><trkpt lat="58.059612" lon="38.822555"><ele>118.0</ele><time>2025-03-26T16:55:40Z</time><extensions><gpxtpx:TrackPointExtension><gpxtpx:hr>174</gpxtpx:hr></gpxtpx:TrackPointExtension></extensions></trkpt><trkpt lat="58.059615" lon="38.82251"><ele>118.0</ele><time>2025-03-26T16:55:41Z</time><extensions><gpxtpx:TrackPointExtension><gpxtpx:hr>174</gpxtpx:hr></gpxtpx:TrackPointExtension></extensions></trkpt><trkpt lat="58.05962" lon="38.822467"><ele>118.0</ele><time>2025-03-26T16:55:42Z</time><extensions><gpxtpx:TrackPointExtension><gpxtpx:hr>174</gpxtpx:hr></gpxtpx:TrackPointExtension></extensions></trkpt><trkpt lat="58.05962" lon="38.822425"><ele>118.0</ele><time>2025-03-26T16:55:43Z</time><extensions><gpxtpx:TrackPointExtension><gpxtpx:hr>174</gpxtpx:hr></gpxtpx:TrackPointExtension></extensions></trkpt><trkpt lat="58.059623" lon="38.82238"><ele>118.0</ele><time>2025-03-26T16:55:44Z</time><extensions><gpxtpx:TrackPointExtension><gpxtpx:hr>174</gpxtpx:hr></gpxtpx:TrackPointExtension></extensions></trkpt><trkpt lat="58.059627" lon="38.822333"><ele>118.0</ele><time>2025-03-26T16:55:45Z</time><extensions><gpxtpx:TrackPointExtension><gpxtpx:hr>174</gpxtpx:hr></gpxtpx:TrackPointExtension></extensions></trkpt><trkpt lat="58.059635" lon="38.822295"><ele>118.0</ele><time>2025-03-26T16:55:46Z</time><extensions><gpxtpx:TrackPointExtension><gpxtpx:hr>174</gpxtpx:hr></gpxtpx:TrackPointExtension></extensions></trkpt><trkpt lat="58.059642" lon="38.822253"><ele>118.0</ele><time>2025-03-26T16:55:47Z</time><extensions><gpxtpx:TrackPointExtension><gpxtpx:hr>174</gpxtpx:hr></gpxtpx:TrackPointExtension></extensions></trkpt><trkpt lat="58.05965" lon="38.822212"><ele>118.0</ele><time>2025-03-26T16:55:48Z</time><extensions><gpxtpx:TrackPointExtension><gpxtpx:hr>174</gpxtpx:hr></gpxtpx:TrackPointExtension></extensions></trkpt><trkpt lat="58.05966" lon="38.82217"><ele>118.0</ele><time>2025-03-26T16:55:49Z</time><extensions><gpxtpx:TrackPointExtension><gpxtpx:hr>176</gpxtpx:hr></gpxtpx:TrackPointExtension></extensions></trkpt><trkpt lat="58.05967" lon="38.822123"><ele>118.0</ele><time>2025-03-26T16:55:50Z</time><extensions><gpxtpx:TrackPointExtension><gpxtpx:hr>176</gpxtpx:hr></gpxtpx:TrackPointExtension></extensions></trkpt><trkpt lat="58.059677" lon="38.822085"><ele>118.0</ele><time>2025-03-26T16:55:51Z</time><extensions><gpxtpx:TrackPointExtension><gpxtpx:hr>177</gpxtpx:hr></gpxtpx:TrackPointExtension></extensions></trkpt><trkpt lat="58.059685" lon="38.822043"><ele>118.0</ele><time>2025-03-26T16:55:52Z</time><extensions><gpxtpx:TrackPointExtension><gpxtpx:hr>177</gpxtpx:hr></gpxtpx:TrackPointExtension></extensions></trkpt><trkpt lat="58.059695" lon="38.822"><ele>118.0</ele><time>2025-03-26T16:55:53Z</time><extensions><gpxtpx:TrackPointExtension><gpxtpx:hr>177</gpxtpx:hr></gpxtpx:TrackPointExtension></extensions></trkpt><trkpt lat="58.0597" lon="38.821957"><ele>118.0</ele><time>2025-03-26T16:55:54Z</time><extensions><gpxtpx:TrackPointExtension><gpxtpx:hr>177</gpxtpx:hr></gpxtpx:TrackPointExtension></extensions></trkpt><trkpt lat="58.059703" lon="38.82191"><ele>118.0</ele><time>2025-03-26T16:55:55Z</time><extensions><gpxtpx:TrackPointExtension><gpxtpx:hr>177</gpxtpx:hr></gpxtpx:TrackPointExtension></extensions></trkpt><trkpt lat="58.05971" lon="38.82187"><ele>118.0</ele><time>2025-03-26T16:55:56Z</time><extensions><gpxtpx:TrackPointExtension><gpxtpx:hr>177</gpxtpx:hr></gpxtpx:TrackPointExtension></extensions></trkpt><trkpt lat="58.05972" lon="38.821822"><ele>118.0</ele><time>2025-03-26T16:55:57Z</time><extensions><gpxtpx:TrackPointExtension><gpxtpx:hr>177</gpxtpx:hr></gpxtpx:TrackPointExtension></extensions></trkpt><trkpt lat="58.059722" lon="38.82178"><ele>118.0</ele><time>2025-03-26T16:55:58Z</time><extensions><gpxtpx:TrackPointExtension><gpxtpx:hr>177</gpxtpx:hr></gpxtpx:TrackPointExtension></extensions></trkpt><trkpt lat="58.059727" lon="38.821735"><ele>118.0</ele><time>2025-03-26T16:55:59Z</time><extensions><gpxtpx:TrackPointExtension><gpxtpx:hr>178</gpxtpx:hr></gpxtpx:TrackPointExtension></extensions></trkpt><trkpt lat="58.05973" lon="38.821692"><ele>118.0</ele><time>2025-03-26T16:56:00Z</time><extensions><gpxtpx:TrackPointExtension><gpxtpx:hr>178</gpxtpx:hr></gpxtpx:TrackPointExtension></extensions></trkpt><trkpt lat="58.05973" lon="38.821647"><ele>118.0</ele><time>2025-03-26T16:56:01Z</time><extensions><gpxtpx:TrackPointExtension><gpxtpx:hr>178</gpxtpx:hr></gpxtpx:TrackPointExtension></extensions></trkpt><trkpt lat="58.059733" lon="38.8216"><ele>118.0</ele><time>2025-03-26T16:56:02Z</time><extensions><gpxtpx:TrackPointExtension><gpxtpx:hr>178</gpxtpx:hr></gpxtpx:TrackPointExtension></extensions></trkpt><trkpt lat="58.059733" lon="38.821555"><ele>118.0</ele><time>2025-03-26T16:56:03Z</time><extensions><gpxtpx:TrackPointExtension><gpxtpx:hr>178</gpxtpx:hr></gpxtpx:TrackPointExtension></extensions></trkpt><trkpt lat="58.059733" lon="38.82151"><ele>118.0</ele><time>2025-03-26T16:56:04Z</time><extensions><gpxtpx:TrackPointExtension><gpxtpx:hr>178</gpxtpx:hr></gpxtpx:TrackPointExtension></extensions></trkpt><trkpt lat="58.05973" lon="38.82147"><ele>118.0</ele><time>2025-03-26T16:56:05Z</time><extensions><gpxtpx:TrackPointExtension><gpxtpx:hr>178</gpxtpx:hr></gpxtpx:TrackPointExtension></extensions></trkpt><trkpt lat="58.059722" lon="38.821433"><ele>118.0</ele><time>2025-03-26T16:56:06Z</time><extensions><gpxtpx:TrackPointExtension><gpxtpx:hr>178</gpxtpx:hr></gpxtpx:TrackPointExtension></extensions></trkpt><trkpt lat="58.059715" lon="38.821407"><ele>118.0</ele><time>2025-03-26T16:56:07Z</time><extensions><gpxtpx:TrackPointExtension><gpxtpx:hr>178</gpxtpx:hr></gpxtpx:TrackPointExtension></extensions></trkpt><trkpt lat="58.059703" lon="38.821377"><ele>118.0</ele><time>2025-03-26T16:56:08Z</time><extensions><gpxtpx:TrackPointExtension><gpxtpx:hr>178</gpxtpx:hr></gpxtpx:TrackPointExtension></extensions></trkpt><trkpt lat="58.059692" lon="38.82135"><ele>118.0</ele><time>2025-03-26T16:56:09Z</time><extensions><gpxtpx:TrackPointExtension><gpxtpx:hr>178</gpxtpx:hr></gpxtpx:TrackPointExtension></extensions></trkpt><trkpt lat="58.059677" lon="38.821327"><ele>118.0</ele><time>2025-03-26T16:56:10Z</time><extensions><gpxtpx:TrackPointExtension><gpxtpx:hr>178</gpxtpx:hr></gpxtpx:TrackPointExtension></extensions></trkpt><trkpt lat="58.05966" lon="38.8213"><ele>118.0</ele><time>2025-03-26T16:56:11Z</time><extensions><gpxtpx:TrackPointExtension><gpxtpx:hr>178</gpxtpx:hr></gpxtpx:TrackPointExtension></extensions></trkpt><trkpt lat="58.059642" lon="38.821277"><ele>118.0</ele><time>2025-03-26T16:56:12Z</time><extensions><gpxtpx:TrackPointExtension><gpxtpx:hr>178</gpxtpx:hr></gpxtpx:TrackPointExtension></extensions></trkpt><trkpt lat="58.05963" lon="38.82125"><ele>118.0</ele><time>2025-03-26T16:56:13Z</time><extensions><gpxtpx:TrackPointExtension><gpxtpx:hr>178</gpxtpx:hr></gpxtpx:TrackPointExtension></extensions></trkpt><trkpt lat="58.059615" lon="38.821223"><ele>118.0</ele><time>2025-03-26T16:56:14Z</time><extensions><gpxtpx:TrackPointExtension><gpxtpx:hr>178</gpxtpx:hr></gpxtpx:TrackPointExtension></extensions></trkpt><trkpt lat="58.059603" lon="38.82119"><ele>118.0</ele><time>2025-03-26T16:56:15Z</time><extensions><gpxtpx:TrackPointExtension><gpxtpx:hr>178</gpxtpx:hr></gpxtpx:TrackPointExtension></extensions></trkpt><trkpt lat="58.059597" lon="38.821147"><ele>118.0</ele><time>2025-03-26T16:56:16Z</time><extensions><gpxtpx:TrackPointExtension><gpxtpx:hr>178</gpxtpx:hr></gpxtpx:TrackPointExtension></extensions></trkpt><trkpt lat="58.05959" lon="38.821102"><ele>118.0</ele><time>2025-03-26T16:56:17Z</time><extensions><gpxtpx:TrackPointExtension><gpxtpx:hr>178</gpxtpx:hr></gpxtpx:TrackPointExtension></extensions></trkpt><trkpt lat="58.059585" lon="38.82106"><ele>118.0</ele><time>2025-03-26T16:56:18Z</time><extensions><gpxtpx:TrackPointExtension><gpxtpx:hr>178</gpxtpx:hr></gpxtpx:TrackPointExtension></extensions></trkpt><trkpt lat="58.059585" lon="38.82102"><ele>118.0</ele><time>2025-03-26T16:56:19Z</time><extensions><gpxtpx:TrackPointExtension><gpxtpx:hr>178</gpxtpx:hr></gpxtpx:TrackPointExtension></extensions></trkpt><trkpt lat="58.05958" lon="38.820975"><ele>118.0</ele><time>2025-03-26T16:56:20Z</time><extensions><gpxtpx:TrackPointExtension><gpxtpx:hr>178</gpxtpx:hr></gpxtpx:TrackPointExtension></extensions></trkpt><trkpt lat="58.05958" lon="38.820933"><ele>118.0</ele><time>2025-03-26T16:56:21Z</time><extensions><gpxtpx:TrackPointExtension><gpxtpx:hr>178</gpxtpx:hr></gpxtpx:TrackPointExtension></extensions></trkpt><trkpt lat="58.05958" lon="38.820892"><ele>118.0</ele><time>2025-03-26T16:56:22Z</time><extensions><gpxtpx:TrackPointExtension><gpxtpx:hr>178</gpxtpx:hr></gpxtpx:TrackPointExtension></extensions></trkpt><trkpt lat="58.059577" lon="38.820847"><ele>118.0</ele><time>2025-03-26T16:56:23Z</time><extensions><gpxtpx:TrackPointExtension><gpxtpx:hr>178</gpxtpx:hr></gpxtpx:TrackPointExtension></extensions></trkpt><trkpt lat="58.059577" lon="38.820805"><ele>118.0</ele><time>2025-03-26T16:56:24Z</time><extensions><gpxtpx:TrackPointExtension><gpxtpx:hr>178</gpxtpx:hr></gpxtpx:TrackPointExtension></extensions></trkpt><trkpt lat="58.059577" lon="38.82076"><ele>118.0</ele><time>2025-03-26T16:56:25Z</time><extensions><gpxtpx:TrackPointExtension><gpxtpx:hr>178</gpxtpx:hr></gpxtpx:TrackPointExtension></extensions></trkpt><trkpt lat="58.059577" lon="38.820712"><ele>118.0</ele><time>2025-03-26T16:56:26Z</time><extensions><gpxtpx:TrackPointExtension><gpxtpx:hr>178</gpxtpx:hr></gpxtpx:TrackPointExtension></extensions></trkpt><trkpt lat="58.059577" lon="38.820667"><ele>118.0</ele><time>2025-03-26T16:56:27Z</time><extensions><gpxtpx:TrackPointExtension><gpxtpx:hr>178</gpxtpx:hr></gpxtpx:TrackPointExtension></extensions></trkpt><trkpt lat="58.059577" lon="38.820618"><ele>118.0</ele><time>2025-03-26T16:56:28Z</time><extensions><gpxtpx:TrackPointExtension><gpxtpx:hr>178</gpxtpx:hr></gpxtpx:TrackPointExtension></extensions></trkpt><trkpt lat="58.059577" lon="38.820575"><ele>118.0</ele><time>2025-03-26T16:56:29Z</time><extensions><gpxtpx:TrackPointExtension><gpxtpx:hr>178</gpxtpx:hr></gpxtpx:TrackPointExtension></extensions></trkpt><trkpt lat="58.059577" lon="38.82053"><ele>118.0</ele><time>2025-03-26T16:56:30Z</time><extensions><gpxtpx:TrackPointExtension><gpxtpx:hr>178</gpxtpx:hr></gpxtpx:TrackPointExtension></extensions></trkpt><trkpt lat="58.059573" lon="38.82048"><ele>118.0</ele><time>2025-03-26T16:56:31Z</time><extensions><gpxtpx:TrackPointExtension><gpxtpx:hr>178</gpxtpx:hr></gpxtpx:TrackPointExtension></extensions></trkpt><trkpt lat="58.059573" lon="38.820435"><ele>118.0</ele><time>2025-03-26T16:56:32Z</time><extensions><gpxtpx:TrackPointExtension><gpxtpx:hr>178</gpxtpx:hr></gpxtpx:TrackPointExtension></extensions></trkpt><trkpt lat="58.05957" lon="38.820385"><ele>118.0</ele><time>2025-03-26T16:56:33Z</time><extensions><gpxtpx:TrackPointExtension><gpxtpx:hr>178</gpxtpx:hr></gpxtpx:TrackPointExtension></extensions></trkpt><trkpt lat="58.059565" lon="38.820335"><ele>118.0</ele><time>2025-03-26T16:56:34Z</time><extensions><gpxtpx:TrackPointExtension><gpxtpx:hr>178</gpxtpx:hr></gpxtpx:TrackPointExtension></extensions></trkpt><trkpt lat="58.059562" lon="38.820285"><ele>118.0</ele><time>2025-03-26T16:56:35Z</time><extensions><gpxtpx:TrackPointExtension><gpxtpx:hr>179</gpxtpx:hr></gpxtpx:TrackPointExtension></extensions></trkpt><trkpt lat="58.059562" lon="38.820238"><ele>118.0</ele><time>2025-03-26T16:56:36Z</time><extensions><gpxtpx:TrackPointExtension><gpxtpx:hr>179</gpxtpx:hr></gpxtpx:TrackPointExtension></extensions></trkpt><trkpt lat="58.059562" lon="38.820193"><ele>118.0</ele><time>2025-03-26T16:56:37Z</time><extensions><gpxtpx:TrackPointExtension><gpxtpx:hr>178</gpxtpx:hr></gpxtpx:TrackPointExtension></extensions></trkpt><trkpt lat="58.05956" lon="38.82015"><ele>118.0</ele><time>2025-03-26T16:56:38Z</time><extensions><gpxtpx:TrackPointExtension><gpxtpx:hr>178</gpxtpx:hr></gpxtpx:TrackPointExtension></extensions></trkpt><trkpt lat="58.05956" lon="38.820102"><ele>118.0</ele><time>2025-03-26T16:56:39Z</time><extensions><gpxtpx:TrackPointExtension><gpxtpx:hr>178</gpxtpx:hr></gpxtpx:TrackPointExtension></extensions></trkpt><trkpt lat="58.05956" lon="38.820057"><ele>118.0</ele><time>2025-03-26T16:56:40Z</time><extensions><gpxtpx:TrackPointExtension><gpxtpx:hr>178</gpxtpx:hr></gpxtpx:TrackPointExtension></extensions></trkpt><trkpt lat="58.05956" lon="38.820007"><ele>118.0</ele><time>2025-03-26T16:56:41Z</time><extensions><gpxtpx:TrackPointExtension><gpxtpx:hr>178</gpxtpx:hr></gpxtpx:TrackPointExtension></extensions></trkpt><trkpt lat="58.059562" lon="38.819965"><ele>118.0</ele><time>2025-03-26T16:56:42Z</time><extensions><gpxtpx:TrackPointExtension><gpxtpx:hr>178</gpxtpx:hr></gpxtpx:TrackPointExtension></extensions></trkpt><trkpt lat="58.059562" lon="38.81992"><ele>118.0</ele><time>2025-03-26T16:56:43Z</time><extensions><gpxtpx:TrackPointExtension><gpxtpx:hr>178</gpxtpx:hr></gpxtpx:TrackPointExtension></extensions></trkpt><trkpt lat="58.059562" lon="38.819877"><ele>118.0</ele><time>2025-03-26T16:56:44Z</time><extensions><gpxtpx:TrackPointExtension><gpxtpx:hr>178</gpxtpx:hr></gpxtpx:TrackPointExtension></extensions></trkpt><trkpt lat="58.059565" lon="38.819835"><ele>118.0</ele><time>2025-03-26T16:56:45Z</time><extensions><gpxtpx:TrackPointExtension><gpxtpx:hr>177</gpxtpx:hr></gpxtpx:TrackPointExtension></extensions></trkpt><trkpt lat="58.059565" lon="38.819788"><ele>118.0</ele><time>2025-03-26T16:56:46Z</time><extensions><gpxtpx:TrackPointExtension><gpxtpx:hr>177</gpxtpx:hr></gpxtpx:TrackPointExtension></extensions></trkpt><trkpt lat="58.059565" lon="38.819743"><ele>118.0</ele><time>2025-03-26T16:56:47Z</time><extensions><gpxtpx:TrackPointExtension><gpxtpx:hr>177</gpxtpx:hr></gpxtpx:TrackPointExtension></extensions></trkpt><trkpt lat="58.059565" lon="38.8197"><ele>118.0</ele><time>2025-03-26T16:56:48Z</time><extensions><gpxtpx:TrackPointExtension><gpxtpx:hr>177</gpxtpx:hr></gpxtpx:TrackPointExtension></extensions></trkpt><trkpt lat="58.059565" lon="38.819655"><ele>118.0</ele><time>2025-03-26T16:56:49Z</time><extensions><gpxtpx:TrackPointExtension><gpxtpx:hr>177</gpxtpx:hr></gpxtpx:TrackPointExtension></extensions></trkpt><trkpt lat="58.05957" lon="38.819607"><ele>118.0</ele><time>2025-03-26T16:56:50Z</time><extensions><gpxtpx:TrackPointExtension><gpxtpx:hr>176</gpxtpx:hr></gpxtpx:TrackPointExtension></extensions></trkpt><trkpt lat="58.05957" lon="38.81956"><ele>118.0</ele><time>2025-03-26T16:56:51Z</time><extensions><gpxtpx:TrackPointExtension><gpxtpx:hr>176</gpxtpx:hr></gpxtpx:TrackPointExtension></extensions></trkpt><trkpt lat="58.059573" lon="38.81952"><ele>118.0</ele><time>2025-03-26T16:56:52Z</time><extensions><gpxtpx:TrackPointExtension><gpxtpx:hr>175</gpxtpx:hr></gpxtpx:TrackPointExtension></extensions></trkpt><trkpt lat="58.059573" lon="38.819472"><ele>118.0</ele><time>2025-03-26T16:56:53Z</time><extensions><gpxtpx:TrackPointExtension><gpxtpx:hr>175</gpxtpx:hr></gpxtpx:TrackPointExtension></extensions></trkpt><trkpt lat="58.059577" lon="38.819427"><ele>118.0</ele><time>2025-03-26T16:56:54Z</time><extensions><gpxtpx:TrackPointExtension><gpxtpx:hr>175</gpxtpx:hr></gpxtpx:TrackPointExtension></extensions></trkpt><trkpt lat="58.05958" lon="38.819385"><ele>118.0</ele><time>2025-03-26T16:56:55Z</time><extensions><gpxtpx:TrackPointExtension><gpxtpx:hr>175</gpxtpx:hr></gpxtpx:TrackPointExtension></extensions></trkpt><trkpt lat="58.059585" lon="38.819338"><ele>118.0</ele><time>2025-03-26T16:56:56Z</time><extensions><gpxtpx:TrackPointExtension><gpxtpx:hr>175</gpxtpx:hr></gpxtpx:TrackPointExtension></extensions></trkpt><trkpt lat="58.059585" lon="38.819293"><ele>118.0</ele><time>2025-03-26T16:56:57Z</time><extensions><gpxtpx:TrackPointExtension><gpxtpx:hr>175</gpxtpx:hr></gpxtpx:TrackPointExtension></extensions></trkpt><trkpt lat="58.05959" lon="38.81925"><ele>118.0</ele><time>2025-03-26T16:56:58Z</time><extensions><gpxtpx:TrackPointExtension><gpxtpx:hr>175</gpxtpx:hr></gpxtpx:TrackPointExtension></extensions></trkpt><trkpt lat="58.05959" lon="38.819202"><ele>118.0</ele><time>2025-03-26T16:56:59Z</time><extensions><gpxtpx:TrackPointExtension><gpxtpx:hr>176</gpxtpx:hr></gpxtpx:TrackPointExtension></extensions></trkpt><trkpt lat="58.05959" lon="38.81916"><ele>118.0</ele><time>2025-03-26T16:57:00Z</time><extensions><gpxtpx:TrackPointExtension><gpxtpx:hr>176</gpxtpx:hr></gpxtpx:TrackPointExtension></extensions></trkpt><trkpt lat="58.059585" lon="38.81912"><ele>118.0</ele><time>2025-03-26T16:57:01Z</time><extensions><gpxtpx:TrackPointExtension><gpxtpx:hr>176</gpxtpx:hr></gpxtpx:TrackPointExtension></extensions></trkpt><trkpt lat="58.059585" lon="38.819077"><ele>118.0</ele><time>2025-03-26T16:57:02Z</time><extensions><gpxtpx:TrackPointExtension><gpxtpx:hr>177</gpxtpx:hr></gpxtpx:TrackPointExtension></extensions></trkpt><trkpt lat="58.059585" lon="38.819028"><ele>118.0</ele><time>2025-03-26T16:57:03Z</time><extensions><gpxtpx:TrackPointExtension><gpxtpx:hr>177</gpxtpx:hr></gpxtpx:TrackPointExtension></extensions></trkpt><trkpt lat="58.059585" lon="38.818977"><ele>118.0</ele><time>2025-03-26T16:57:04Z</time><extensions><gpxtpx:TrackPointExtension><gpxtpx:hr>177</gpxtpx:hr></gpxtpx:TrackPointExtension></extensions></trkpt><trkpt lat="58.059585" lon="38.818927"><ele>118.0</ele><time>2025-03-26T16:57:05Z</time><extensions><gpxtpx:TrackPointExtension><gpxtpx:hr>177</gpxtpx:hr></gpxtpx:TrackPointExtension></extensions></trkpt><trkpt lat="58.059585" lon="38.818882"><ele>118.0</ele><time>2025-03-26T16:57:06Z</time><extensions><gpxtpx:TrackPointExtension><gpxtpx:hr>177</gpxtpx:hr></gpxtpx:TrackPointExtension></extensions></trkpt><trkpt lat="58.059585" lon="38.818832"><ele>118.0</ele><time>2025-03-26T16:57:07Z</time><extensions><gpxtpx:TrackPointExtension><gpxtpx:hr>176</gpxtpx:hr></gpxtpx:TrackPointExtension></extensions></trkpt><trkpt lat="58.059585" lon="38.818787"><ele>118.0</ele><time>2025-03-26T16:57:08Z</time><extensions><gpxtpx:TrackPointExtension><gpxtpx:hr>176</gpxtpx:hr></gpxtpx:TrackPointExtension></extensions></trkpt><trkpt lat="58.05959" lon="38.81874"><ele>118.0</ele><time>2025-03-26T16:57:09Z</time><extensions><gpxtpx:TrackPointExtension><gpxtpx:hr>177</gpxtpx:hr></gpxtpx:TrackPointExtension></extensions></trkpt><trkpt lat="58.05959" lon="38.8187"><ele>118.0</ele><time>2025-03-26T16:57:10Z</time><extensions><gpxtpx:TrackPointExtension><gpxtpx:hr>177</gpxtpx:hr></gpxtpx:TrackPointExtension></extensions></trkpt><trkpt lat="58.059592" lon="38.818652"><ele>118.0</ele><time>2025-03-26T16:57:11Z</time><extensions><gpxtpx:TrackPointExtension><gpxtpx:hr>177</gpxtpx:hr></gpxtpx:TrackPointExtension></extensions></trkpt><trkpt lat="58.059592" lon="38.818607"><ele>118.0</ele><time>2025-03-26T16:57:12Z</time><extensions><gpxtpx:TrackPointExtension><gpxtpx:hr>177</gpxtpx:hr></gpxtpx:TrackPointExtension></extensions></trkpt><trkpt lat="58.059597" lon="38.81856"><ele>118.0</ele><time>2025-03-26T16:57:13Z</time><extensions><gpxtpx:TrackPointExtension><gpxtpx:hr>177</gpxtpx:hr></gpxtpx:TrackPointExtension></extensions></trkpt><trkpt lat="58.059597" lon="38.818515"><ele>118.0</ele><time>2025-03-26T16:57:14Z</time><extensions><gpxtpx:TrackPointExtension><gpxtpx:hr>177</gpxtpx:hr></gpxtpx:TrackPointExtension></extensions></trkpt><trkpt lat="58.0596" lon="38.81847"><ele>118.0</ele><time>2025-03-26T16:57:15Z</time><extensions><gpxtpx:TrackPointExtension><gpxtpx:hr>177</gpxtpx:hr></gpxtpx:TrackPointExtension></extensions></trkpt><trkpt lat="58.0596" lon="38.81842"><ele>118.0</ele><time>2025-03-26T16:57:16Z</time><extensions><gpxtpx:TrackPointExtension><gpxtpx:hr>178</gpxtpx:hr></gpxtpx:TrackPointExtension></extensions></trkpt><trkpt lat="58.059603" lon="38.81837"><ele>118.0</ele><time>2025-03-26T16:57:17Z</time><extensions><gpxtpx:TrackPointExtension><gpxtpx:hr>178</gpxtpx:hr></gpxtpx:TrackPointExtension></extensions></trkpt><trkpt lat="58.059603" lon="38.81832"><ele>118.0</ele><time>2025-03-26T16:57:18Z</time><extensions><gpxtpx:TrackPointExtension><gpxtpx:hr>178</gpxtpx:hr></gpxtpx:TrackPointExtension></extensions></trkpt><trkpt lat="58.05961" lon="38.818275"><ele>118.0</ele><time>2025-03-26T16:57:19Z</time><extensions><gpxtpx:TrackPointExtension><gpxtpx:hr>178</gpxtpx:hr></gpxtpx:TrackPointExtension></extensions></trkpt><trkpt lat="58.05961" lon="38.818225"><ele>118.0</ele><time>2025-03-26T16:57:20Z</time><extensions><gpxtpx:TrackPointExtension><gpxtpx:hr>179</gpxtpx:hr></gpxtpx:TrackPointExtension></extensions></trkpt><trkpt lat="58.05961" lon="38.818175"><ele>118.0</ele><time>2025-03-26T16:57:21Z</time><extensions><gpxtpx:TrackPointExtension><gpxtpx:hr>179</gpxtpx:hr></gpxtpx:TrackPointExtension></extensions></trkpt><trkpt lat="58.059612" lon="38.818133"><ele>118.0</ele><time>2025-03-26T16:57:22Z</time><extensions><gpxtpx:TrackPointExtension><gpxtpx:hr>178</gpxtpx:hr></gpxtpx:TrackPointExtension></extensions></trkpt><trkpt lat="58.059615" lon="38.81809"><ele>118.0</ele><time>2025-03-26T16:57:23Z</time><extensions><gpxtpx:TrackPointExtension><gpxtpx:hr>178</gpxtpx:hr></gpxtpx:TrackPointExtension></extensions></trkpt><trkpt lat="58.05962" lon="38.818042"><ele>118.0</ele><time>2025-03-26T16:57:24Z</time><extensions><gpxtpx:TrackPointExtension><gpxtpx:hr>178</gpxtpx:hr></gpxtpx:TrackPointExtension></extensions></trkpt><trkpt lat="58.059623" lon="38.817997"><ele>118.0</ele><time>2025-03-26T16:57:25Z</time><extensions><gpxtpx:TrackPointExtension><gpxtpx:hr>178</gpxtpx:hr></gpxtpx:TrackPointExtension></extensions></trkpt><trkpt lat="58.059627" lon="38.817955"><ele>118.0</ele><time>2025-03-26T16:57:26Z</time><extensions><gpxtpx:TrackPointExtension><gpxtpx:hr>178</gpxtpx:hr></gpxtpx:TrackPointExtension></extensions></trkpt><trkpt lat="58.059627" lon="38.817912"><ele>118.0</ele><time>2025-03-26T16:57:27Z</time><extensions><gpxtpx:TrackPointExtension><gpxtpx:hr>178</gpxtpx:hr></gpxtpx:TrackPointExtension></extensions></trkpt><trkpt lat="58.05963" lon="38.81787"><ele>118.0</ele><time>2025-03-26T16:57:28Z</time><extensions><gpxtpx:TrackPointExtension><gpxtpx:hr>178</gpxtpx:hr></gpxtpx:TrackPointExtension></extensions></trkpt><trkpt lat="58.059635" lon="38.81783"><ele>118.0</ele><time>2025-03-26T16:57:29Z</time><extensions><gpxtpx:TrackPointExtension><gpxtpx:hr>178</gpxtpx:hr></gpxtpx:TrackPointExtension></extensions></trkpt><trkpt lat="58.05964" lon="38.817787"><ele>118.0</ele><time>2025-03-26T16:57:30Z</time><extensions><gpxtpx:TrackPointExtension><gpxtpx:hr>179</gpxtpx:hr></gpxtpx:TrackPointExtension></extensions></trkpt><trkpt lat="58.05964" lon="38.81774"><ele>118.0</ele><time>2025-03-26T16:57:31Z</time><extensions><gpxtpx:TrackPointExtension><gpxtpx:hr>179</gpxtpx:hr></gpxtpx:TrackPointExtension></extensions></trkpt><trkpt lat="58.05964" lon="38.8177"><ele>118.0</ele><time>2025-03-26T16:57:32Z</time><extensions><gpxtpx:TrackPointExtension><gpxtpx:hr>180</gpxtpx:hr></gpxtpx:TrackPointExtension></extensions></trkpt><trkpt lat="58.05964" lon="38.817657"><ele>118.0</ele><time>2025-03-26T16:57:32Z</time><extensions><gpxtpx:TrackPointExtension><gpxtpx:hr>180</gpxtpx:hr></gpxtpx:TrackPointExtension></extensions></trkpt><trkpt lat="58.05964" lon="38.817615"><ele>118.0</ele><time>2025-03-26T16:57:33Z</time><extensions><gpxtpx:TrackPointExtension><gpxtpx:hr>180</gpxtpx:hr></gpxtpx:TrackPointExtension></extensions></trkpt><trkpt lat="58.05964" lon="38.817577"><ele>118.0</ele><time>2025-03-26T16:57:34Z</time><extensions><gpxtpx:TrackPointExtension><gpxtpx:hr>180</gpxtpx:hr></gpxtpx:TrackPointExtension></extensions></trkpt><trkpt lat="58.05964" lon="38.817547"><ele>118.0</ele><time>2025-03-26T16:57:35Z</time><extensions><gpxtpx:TrackPointExtension><gpxtpx:hr>180</gpxtpx:hr></gpxtpx:TrackPointExtension></extensions></trkpt><trkpt lat="58.05964" lon="38.817515"><ele>118.0</ele><time>2025-03-26T16:57:36Z</time><extensions><gpxtpx:TrackPointExtension><gpxtpx:hr>180</gpxtpx:hr></gpxtpx:TrackPointExtension></extensions></trkpt><trkpt lat="58.059642" lon="38.817485"><ele>118.0</ele><time>2025-03-26T16:57:37Z</time><extensions><gpxtpx:TrackPointExtension><gpxtpx:hr>180</gpxtpx:hr></gpxtpx:TrackPointExtension></extensions></trkpt><trkpt lat="58.059642" lon="38.817462"><ele>118.0</ele><time>2025-03-26T16:57:38Z</time><extensions><gpxtpx:TrackPointExtension><gpxtpx:hr>180</gpxtpx:hr></gpxtpx:TrackPointExtension></extensions></trkpt><trkpt lat="58.05965" lon="38.817438"><ele>118.0</ele><time>2025-03-26T16:57:39Z</time><extensions><gpxtpx:TrackPointExtension><gpxtpx:hr>179</gpxtpx:hr></gpxtpx:TrackPointExtension></extensions></trkpt><trkpt lat="58.05965" lon="38.817417"><ele>118.0</ele><time>2025-03-26T16:57:40Z</time><extensions><gpxtpx:TrackPointExtension><gpxtpx:hr>179</gpxtpx:hr></gpxtpx:TrackPointExtension></extensions></trkpt><trkpt lat="58.059653" lon="38.817393"><ele>118.0</ele><time>2025-03-26T16:57:41Z</time><extensions><gpxtpx:TrackPointExtension><gpxtpx:hr>179</gpxtpx:hr></gpxtpx:TrackPointExtension></extensions></trkpt><trkpt lat="58.059657" lon="38.817367"><ele>118.0</ele><time>2025-03-26T16:57:42Z</time><extensions><gpxtpx:TrackPointExtension><gpxtpx:hr>179</gpxtpx:hr></gpxtpx:TrackPointExtension></extensions></trkpt><trkpt lat="58.05966" lon="38.817337"><ele>118.0</ele><time>2025-03-26T16:57:43Z</time><extensions><gpxtpx:TrackPointExtension><gpxtpx:hr>179</gpxtpx:hr></gpxtpx:TrackPointExtension></extensions></trkpt><trkpt lat="58.05966" lon="38.817307"><ele>118.0</ele><time>2025-03-26T16:57:44Z</time><extensions><gpxtpx:TrackPointExtension><gpxtpx:hr>179</gpxtpx:hr></gpxtpx:TrackPointExtension></extensions></trkpt><trkpt lat="58.059665" lon="38.817272"><ele>118.0</ele><time>2025-03-26T16:57:45Z</time><extensions><gpxtpx:TrackPointExtension><gpxtpx:hr>179</gpxtpx:hr></gpxtpx:TrackPointExtension></extensions></trkpt><trkpt lat="58.05967" lon="38.817237"><ele>118.0</ele><time>2025-03-26T16:57:46Z</time><extensions><gpxtpx:TrackPointExtension><gpxtpx:hr>178</gpxtpx:hr></gpxtpx:TrackPointExtension></extensions></trkpt><trkpt lat="58.059672" lon="38.817195"><ele>118.0</ele><time>2025-03-26T16:57:47Z</time><extensions><gpxtpx:TrackPointExtension><gpxtpx:hr>178</gpxtpx:hr></gpxtpx:TrackPointExtension></extensions></trkpt><trkpt lat="58.059677" lon="38.817153"><ele>118.0</ele><time>2025-03-26T16:57:48Z</time><extensions><gpxtpx:TrackPointExtension><gpxtpx:hr>177</gpxtpx:hr></gpxtpx:TrackPointExtension></extensions></trkpt><trkpt lat="58.059677" lon="38.817112"><ele>118.0</ele><time>2025-03-26T16:57:49Z</time><extensions><gpxtpx:TrackPointExtension><gpxtpx:hr>177</gpxtpx:hr></gpxtpx:TrackPointExtension></extensions></trkpt><trkpt lat="58.05968" lon="38.81707"><ele>118.0</ele><time>2025-03-26T16:57:50Z</time><extensions><gpxtpx:TrackPointExtension><gpxtpx:hr>177</gpxtpx:hr></gpxtpx:TrackPointExtension></extensions></trkpt><trkpt lat="58.059685" lon="38.817027"><ele>118.0</ele><time>2025-03-26T16:57:51Z</time><extensions><gpxtpx:TrackPointExtension><gpxtpx:hr>176</gpxtpx:hr></gpxtpx:TrackPointExtension></extensions></trkpt><trkpt lat="58.05969" lon="38.816985"><ele>118.0</ele><time>2025-03-26T16:57:52Z</time><extensions><gpxtpx:TrackPointExtension><gpxtpx:hr>176</gpxtpx:hr></gpxtpx:TrackPointExtension></extensions></trkpt><trkpt lat="58.05969" lon="38.816943"><ele>118.0</ele><time>2025-03-26T16:57:53Z</time><extensions><gpxtpx:TrackPointExtension><gpxtpx:hr>177</gpxtpx:hr></gpxtpx:TrackPointExtension></extensions></trkpt><trkpt lat="58.059692" lon="38.816902"><ele>118.0</ele><time>2025-03-26T16:57:54Z</time><extensions><gpxtpx:TrackPointExtension><gpxtpx:hr>176</gpxtpx:hr></gpxtpx:TrackPointExtension></extensions></trkpt><trkpt lat="58.059692" lon="38.81686"><ele>118.0</ele><time>2025-03-26T16:57:55Z</time><extensions><gpxtpx:TrackPointExtension><gpxtpx:hr>176</gpxtpx:hr></gpxtpx:TrackPointExtension></extensions></trkpt><trkpt lat="58.059695" lon="38.81682"><ele>118.0</ele><time>2025-03-26T16:57:56Z</time><extensions><gpxtpx:TrackPointExtension><gpxtpx:hr>176</gpxtpx:hr></gpxtpx:TrackPointExtension></extensions></trkpt><trkpt lat="58.0597" lon="38.816772"><ele>118.0</ele><time>2025-03-26T16:57:57Z</time><extensions><gpxtpx:TrackPointExtension><gpxtpx:hr>176</gpxtpx:hr></gpxtpx:TrackPointExtension></extensions></trkpt><trkpt lat="58.0597" lon="38.81673"><ele>118.0</ele><time>2025-03-26T16:57:58Z</time><extensions><gpxtpx:TrackPointExtension><gpxtpx:hr>176</gpxtpx:hr></gpxtpx:TrackPointExtension></extensions></trkpt><trkpt lat="58.059703" lon="38.816685"><ele>118.0</ele><time>2025-03-26T16:57:59Z</time><extensions><gpxtpx:TrackPointExtension><gpxtpx:hr>176</gpxtpx:hr></gpxtpx:TrackPointExtension></extensions></trkpt><trkpt lat="58.059707" lon="38.81664"><ele>118.0</ele><time>2025-03-26T16:58:00Z</time><extensions><gpxtpx:TrackPointExtension><gpxtpx:hr>176</gpxtpx:hr></gpxtpx:TrackPointExtension></extensions></trkpt><trkpt lat="58.059715" lon="38.816592"><ele>118.0</ele><time>2025-03-26T16:58:01Z</time><extensions><gpxtpx:TrackPointExtension><gpxtpx:hr>175</gpxtpx:hr></gpxtpx:TrackPointExtension></extensions></trkpt><trkpt lat="58.05972" lon="38.81655"><ele>118.0</ele><time>2025-03-26T16:58:02Z</time><extensions><gpxtpx:TrackPointExtension><gpxtpx:hr>175</gpxtpx:hr></gpxtpx:TrackPointExtension></extensions></trkpt><trkpt lat="58.059722" lon="38.81651"><ele>118.0</ele><time>2025-03-26T16:58:03Z</time><extensions><gpxtpx:TrackPointExtension><gpxtpx:hr>174</gpxtpx:hr></gpxtpx:TrackPointExtension></extensions></trkpt><trkpt lat="58.05973" lon="38.816467"><ele>118.0</ele><time>2025-03-26T16:58:04Z</time><extensions><gpxtpx:TrackPointExtension><gpxtpx:hr>172</gpxtpx:hr></gpxtpx:TrackPointExtension></extensions></trkpt><trkpt lat="58.059733" lon="38.816425"><ele>118.0</ele><time>2025-03-26T16:58:05Z</time><extensions><gpxtpx:TrackPointExtension><gpxtpx:hr>172</gpxtpx:hr></gpxtpx:TrackPointExtension></extensions></trkpt><trkpt lat="58.059742" lon="38.816387"><ele>118.0</ele><time>2025-03-26T16:58:06Z</time><extensions><gpxtpx:TrackPointExtension><gpxtpx:hr>171</gpxtpx:hr></gpxtpx:TrackPointExtension></extensions></trkpt><trkpt lat="58.059745" lon="38.816345"><ele>118.0</ele><time>2025-03-26T16:58:07Z</time><extensions><gpxtpx:TrackPointExtension><gpxtpx:hr>171</gpxtpx:hr></gpxtpx:TrackPointExtension></extensions></trkpt><trkpt lat="58.05975" lon="38.816302"><ele>118.0</ele><time>2025-03-26T16:58:08Z</time><extensions><gpxtpx:TrackPointExtension><gpxtpx:hr>171</gpxtpx:hr></gpxtpx:TrackPointExtension></extensions></trkpt><trkpt lat="58.059757" lon="38.81626"><ele>118.0</ele><time>2025-03-26T16:58:09Z</time><extensions><gpxtpx:TrackPointExtension><gpxtpx:hr>171</gpxtpx:hr></gpxtpx:TrackPointExtension></extensions></trkpt><trkpt lat="58.059758" lon="38.81622"><ele>118.0</ele><time>2025-03-26T16:58:10Z</time><extensions><gpxtpx:TrackPointExtension><gpxtpx:hr>172</gpxtpx:hr></gpxtpx:TrackPointExtension></extensions></trkpt><trkpt lat="58.059765" lon="38.816177"><ele>118.0</ele><time>2025-03-26T16:58:11Z</time><extensions><gpxtpx:TrackPointExtension><gpxtpx:hr>173</gpxtpx:hr></gpxtpx:TrackPointExtension></extensions></trkpt><trkpt lat="58.05977" lon="38.816135"><ele>118.0</ele><time>2025-03-26T16:58:12Z</time><extensions><gpxtpx:TrackPointExtension><gpxtpx:hr>174</gpxtpx:hr></gpxtpx:TrackPointExtension></extensions></trkpt><trkpt lat="58.059772" lon="38.816097"><ele>118.0</ele><time>2025-03-26T16:58:13Z</time><extensions><gpxtpx:TrackPointExtension><gpxtpx:hr>176</gpxtpx:hr></gpxtpx:TrackPointExtension></extensions></trkpt><trkpt lat="58.059775" lon="38.816055"><ele>118.0</ele><time>2025-03-26T16:58:14Z</time><extensions><gpxtpx:TrackPointExtension><gpxtpx:hr>177</gpxtpx:hr></gpxtpx:TrackPointExtension></extensions></trkpt><trkpt lat="58.059775" lon="38.816012"><ele>118.0</ele><time>2025-03-26T16:58:15Z</time><extensions><gpxtpx:TrackPointExtension><gpxtpx:hr>178</gpxtpx:hr></gpxtpx:TrackPointExtension></extensions></trkpt><trkpt lat="58.05978" lon="38.815967"><ele>118.0</ele><time>2025-03-26T16:58:16Z</time><extensions><gpxtpx:TrackPointExtension><gpxtpx:hr>179</gpxtpx:hr></gpxtpx:TrackPointExtension></extensions></trkpt><trkpt lat="58.059783" lon="38.815925"><ele>118.0</ele><time>2025-03-26T16:58:17Z</time><extensions><gpxtpx:TrackPointExtension><gpxtpx:hr>178</gpxtpx:hr></gpxtpx:TrackPointExtension></extensions></trkpt><trkpt lat="58.059783" lon="38.815883"><ele>118.0</ele><time>2025-03-26T16:58:18Z</time><extensions><gpxtpx:TrackPointExtension><gpxtpx:hr>178</gpxtpx:hr></gpxtpx:TrackPointExtension></extensions></trkpt><trkpt lat="58.059783" lon="38.81584"><ele>118.0</ele><time>2025-03-26T16:58:19Z</time><extensions><gpxtpx:TrackPointExtension><gpxtpx:hr>178</gpxtpx:hr></gpxtpx:TrackPointExtension></extensions></trkpt><trkpt lat="58.059783" lon="38.815795"><ele>118.0</ele><time>2025-03-26T16:58:20Z</time><extensions><gpxtpx:TrackPointExtension><gpxtpx:hr>178</gpxtpx:hr></gpxtpx:TrackPointExtension></extensions></trkpt><trkpt lat="58.059783" lon="38.81575"><ele>118.0</ele><time>2025-03-26T16:58:21Z</time><extensions><gpxtpx:TrackPointExtension><gpxtpx:hr>178</gpxtpx:hr></gpxtpx:TrackPointExtension></extensions></trkpt><trkpt lat="58.059787" lon="38.815703"><ele>118.0</ele><time>2025-03-26T16:58:22Z</time><extensions><gpxtpx:TrackPointExtension><gpxtpx:hr>178</gpxtpx:hr></gpxtpx:TrackPointExtension></extensions></trkpt><trkpt lat="58.059787" lon="38.815662"><ele>118.0</ele><time>2025-03-26T16:58:23Z</time><extensions><gpxtpx:TrackPointExtension><gpxtpx:hr>178</gpxtpx:hr></gpxtpx:TrackPointExtension></extensions></trkpt><trkpt lat="58.059787" lon="38.81562"><ele>118.0</ele><time>2025-03-26T16:58:24Z</time><extensions><gpxtpx:TrackPointExtension><gpxtpx:hr>177</gpxtpx:hr></gpxtpx:TrackPointExtension></extensions></trkpt><trkpt lat="58.059787" lon="38.81558"><ele>118.0</ele><time>2025-03-26T16:58:25Z</time><extensions><gpxtpx:TrackPointExtension><gpxtpx:hr>177</gpxtpx:hr></gpxtpx:TrackPointExtension></extensions></trkpt><trkpt lat="58.05979" lon="38.815532"><ele>118.0</ele><time>2025-03-26T16:58:26Z</time><extensions><gpxtpx:TrackPointExtension><gpxtpx:hr>178</gpxtpx:hr></gpxtpx:TrackPointExtension></extensions></trkpt><trkpt lat="58.05979" lon="38.81549"><ele>118.0</ele><time>2025-03-26T16:58:27Z</time><extensions><gpxtpx:TrackPointExtension><gpxtpx:hr>178</gpxtpx:hr></gpxtpx:TrackPointExtension></extensions></trkpt><trkpt lat="58.0598" lon="38.81545"><ele>118.0</ele><time>2025-03-26T16:58:28Z</time><extensions><gpxtpx:TrackPointExtension><gpxtpx:hr>177</gpxtpx:hr></gpxtpx:TrackPointExtension></extensions></trkpt><trkpt lat="58.059802" lon="38.815402"><ele>118.0</ele><time>2025-03-26T16:58:29Z</time><extensions><gpxtpx:TrackPointExtension><gpxtpx:hr>177</gpxtpx:hr></gpxtpx:TrackPointExtension></extensions></trkpt><trkpt lat="58.059807" lon="38.81536"><ele>118.0</ele><time>2025-03-26T16:58:30Z</time><extensions><gpxtpx:TrackPointExtension><gpxtpx:hr>177</gpxtpx:hr></gpxtpx:TrackPointExtension></extensions></trkpt><trkpt lat="58.059813" lon="38.815313"><ele>118.0</ele><time>2025-03-26T16:58:31Z</time><extensions><gpxtpx:TrackPointExtension><gpxtpx:hr>177</gpxtpx:hr></gpxtpx:TrackPointExtension></extensions></trkpt><trkpt lat="58.05982" lon="38.815272"><ele>118.0</ele><time>2025-03-26T16:58:32Z</time><extensions><gpxtpx:TrackPointExtension><gpxtpx:hr>177</gpxtpx:hr></gpxtpx:TrackPointExtension></extensions></trkpt><trkpt lat="58.059822" lon="38.815227"><ele>118.0</ele><time>2025-03-26T16:58:33Z</time><extensions><gpxtpx:TrackPointExtension><gpxtpx:hr>177</gpxtpx:hr></gpxtpx:TrackPointExtension></extensions></trkpt><trkpt lat="58.059825" lon="38.815185"><ele>118.0</ele><time>2025-03-26T16:58:34Z</time><extensions><gpxtpx:TrackPointExtension><gpxtpx:hr>177</gpxtpx:hr></gpxtpx:TrackPointExtension></extensions></trkpt><trkpt lat="58.059825" lon="38.815143"><ele>118.0</ele><time>2025-03-26T16:58:35Z</time><extensions><gpxtpx:TrackPointExtension><gpxtpx:hr>178</gpxtpx:hr></gpxtpx:TrackPointExtension></extensions></trkpt><trkpt lat="58.059828" lon="38.815097"><ele>118.0</ele><time>2025-03-26T16:58:36Z</time><extensions><gpxtpx:TrackPointExtension><gpxtpx:hr>178</gpxtpx:hr></gpxtpx:TrackPointExtension></extensions></trkpt><trkpt lat="58.059833" lon="38.815055"><ele>118.0</ele><time>2025-03-26T16:58:37Z</time><extensions><gpxtpx:TrackPointExtension><gpxtpx:hr>178</gpxtpx:hr></gpxtpx:TrackPointExtension></extensions></trkpt><trkpt lat="58.059833" lon="38.815013"><ele>118.0</ele><time>2025-03-26T16:58:38Z</time><extensions><gpxtpx:TrackPointExtension><gpxtpx:hr>178</gpxtpx:hr></gpxtpx:TrackPointExtension></extensions></trkpt><trkpt lat="58.059837" lon="38.814972"><ele>118.0</ele><time>2025-03-26T16:58:39Z</time><extensions><gpxtpx:TrackPointExtension><gpxtpx:hr>178</gpxtpx:hr></gpxtpx:TrackPointExtension></extensions></trkpt><trkpt lat="58.05984" lon="38.81493"><ele>118.0</ele><time>2025-03-26T16:58:40Z</time><extensions><gpxtpx:TrackPointExtension><gpxtpx:hr>178</gpxtpx:hr></gpxtpx:TrackPointExtension></extensions></trkpt><trkpt lat="58.05984" lon="38.814883"><ele>118.0</ele><time>2025-03-26T16:58:41Z</time><extensions><gpxtpx:TrackPointExtension><gpxtpx:hr>178</gpxtpx:hr></gpxtpx:TrackPointExtension></extensions></trkpt><trkpt lat="58.059845" lon="38.81484"><ele>118.0</ele><time>2025-03-26T16:58:42Z</time><extensions><gpxtpx:TrackPointExtension><gpxtpx:hr>178</gpxtpx:hr></gpxtpx:TrackPointExtension></extensions></trkpt><trkpt lat="58.05985" lon="38.81479"><ele>118.0</ele><time>2025-03-26T16:58:43Z</time><extensions><gpxtpx:TrackPointExtension><gpxtpx:hr>178</gpxtpx:hr></gpxtpx:TrackPointExtension></extensions></trkpt><trkpt lat="58.05985" lon="38.814742"><ele>118.0</ele><time>2025-03-26T16:58:44Z</time><extensions><gpxtpx:TrackPointExtension><gpxtpx:hr>178</gpxtpx:hr></gpxtpx:TrackPointExtension></extensions></trkpt><trkpt lat="58.05985" lon="38.814697"><ele>118.0</ele><time>2025-03-26T16:58:45Z</time><extensions><gpxtpx:TrackPointExtension><gpxtpx:hr>179</gpxtpx:hr></gpxtpx:TrackPointExtension></extensions></trkpt><trkpt lat="58.059852" lon="38.814647"><ele>118.0</ele><time>2025-03-26T16:58:46Z</time><extensions><gpxtpx:TrackPointExtension><gpxtpx:hr>179</gpxtpx:hr></gpxtpx:TrackPointExtension></extensions></trkpt><trkpt lat="58.059852" lon="38.814597"><ele>118.0</ele><time>2025-03-26T16:58:47Z</time><extensions><gpxtpx:TrackPointExtension><gpxtpx:hr>179</gpxtpx:hr></gpxtpx:TrackPointExtension></extensions></trkpt><trkpt lat="58.059852" lon="38.814552"><ele>118.0</ele><time>2025-03-26T16:58:48Z</time><extensions><gpxtpx:TrackPointExtension><gpxtpx:hr>179</gpxtpx:hr></gpxtpx:TrackPointExtension></extensions></trkpt><trkpt lat="58.059855" lon="38.814502"><ele>118.0</ele><time>2025-03-26T16:58:49Z</time><extensions><gpxtpx:TrackPointExtension><gpxtpx:hr>179</gpxtpx:hr></gpxtpx:TrackPointExtension></extensions></trkpt><trkpt lat="58.05986" lon="38.814457"><ele>118.0</ele><time>2025-03-26T16:58:50Z</time><extensions><gpxtpx:TrackPointExtension><gpxtpx:hr>179</gpxtpx:hr></gpxtpx:TrackPointExtension></extensions></trkpt><trkpt lat="58.059863" lon="38.814407"><ele>118.0</ele><time>2025-03-26T16:58:51Z</time><extensions><gpxtpx:TrackPointExtension><gpxtpx:hr>179</gpxtpx:hr></gpxtpx:TrackPointExtension></extensions></trkpt><trkpt lat="58.059863" lon="38.81436"><ele>118.0</ele><time>2025-03-26T16:58:52Z</time><extensions><gpxtpx:TrackPointExtension><gpxtpx:hr>179</gpxtpx:hr></gpxtpx:TrackPointExtension></extensions></trkpt><trkpt lat="58.059867" lon="38.814312"><ele>118.0</ele><time>2025-03-26T16:58:53Z</time><extensions><gpxtpx:TrackPointExtension><gpxtpx:hr>179</gpxtpx:hr></gpxtpx:TrackPointExtension></extensions></trkpt><trkpt lat="58.059875" lon="38.814265"><ele>118.0</ele><time>2025-03-26T16:58:54Z</time><extensions><gpxtpx:TrackPointExtension><gpxtpx:hr>179</gpxtpx:hr></gpxtpx:TrackPointExtension></extensions></trkpt><trkpt lat="58.05988" lon="38.81422"><ele>118.0</ele><time>2025-03-26T16:58:55Z</time><extensions><gpxtpx:TrackPointExtension><gpxtpx:hr>180</gpxtpx:hr></gpxtpx:TrackPointExtension></extensions></trkpt><trkpt lat="58.059882" lon="38.81417"><ele>118.0</ele><time>2025-03-26T16:58:56Z</time><extensions><gpxtpx:TrackPointExtension><gpxtpx:hr>180</gpxtpx:hr></gpxtpx:TrackPointExtension></extensions></trkpt><trkpt lat="58.059887" lon="38.81412"><ele>118.0</ele><time>2025-03-26T16:58:57Z</time><extensions><gpxtpx:TrackPointExtension><gpxtpx:hr>180</gpxtpx:hr></gpxtpx:TrackPointExtension></extensions></trkpt><trkpt lat="58.05989" lon="38.81407"><ele>118.0</ele><time>2025-03-26T16:58:58Z</time><extensions><gpxtpx:TrackPointExtension><gpxtpx:hr>180</gpxtpx:hr></gpxtpx:TrackPointExtension></extensions></trkpt><trkpt lat="58.059895" lon="38.814025"><ele>118.0</ele><time>2025-03-26T16:58:59Z</time><extensions><gpxtpx:TrackPointExtension><gpxtpx:hr>180</gpxtpx:hr></gpxtpx:TrackPointExtension></extensions></trkpt><trkpt lat="58.059895" lon="38.813975"><ele>118.0</ele><time>2025-03-26T16:59:00Z</time><extensions><gpxtpx:TrackPointExtension><gpxtpx:hr>181</gpxtpx:hr></gpxtpx:TrackPointExtension></extensions></trkpt><trkpt lat="58.059902" lon="38.81393"><ele>118.0</ele><time>2025-03-26T16:59:01Z</time><extensions><gpxtpx:TrackPointExtension><gpxtpx:hr>181</gpxtpx:hr></gpxtpx:TrackPointExtension></extensions></trkpt><trkpt lat="58.05991" lon="38.813878"><ele>118.0</ele><time>2025-03-26T16:59:02Z</time><extensions><gpxtpx:TrackPointExtension><gpxtpx:hr>181</gpxtpx:hr></gpxtpx:TrackPointExtension></extensions></trkpt><trkpt lat="58.059917" lon="38.813835"><ele>118.0</ele><time>2025-03-26T16:59:03Z</time><extensions><gpxtpx:TrackPointExtension><gpxtpx:hr>181</gpxtpx:hr></gpxtpx:TrackPointExtension></extensions></trkpt><trkpt lat="58.059925" lon="38.813785"><ele>118.0</ele><time>2025-03-26T16:59:04Z</time><extensions><gpxtpx:TrackPointExtension><gpxtpx:hr>181</gpxtpx:hr></gpxtpx:TrackPointExtension></extensions></trkpt><trkpt lat="58.059932" lon="38.81374"><ele>118.0</ele><time>2025-03-26T16:59:05Z</time><extensions><gpxtpx:TrackPointExtension><gpxtpx:hr>181</gpxtpx:hr></gpxtpx:TrackPointExtension></extensions></trkpt><trkpt lat="58.059937" lon="38.813693"><ele>118.0</ele><time>2025-03-26T16:59:06Z</time><extensions><gpxtpx:TrackPointExtension><gpxtpx:hr>181</gpxtpx:hr></gpxtpx:TrackPointExtension></extensions></trkpt><trkpt lat="58.05994" lon="38.813643"><ele>118.0</ele><time>2025-03-26T16:59:07Z</time><extensions><gpxtpx:TrackPointExtension><gpxtpx:hr>181</gpxtpx:hr></gpxtpx:TrackPointExtension></extensions></trkpt><trkpt lat="58.059943" lon="38.8136"><ele>118.0</ele><time>2025-03-26T16:59:08Z</time><extensions><gpxtpx:TrackPointExtension><gpxtpx:hr>181</gpxtpx:hr></gpxtpx:TrackPointExtension></extensions></trkpt><trkpt lat="58.059947" lon="38.813552"><ele>118.0</ele><time>2025-03-26T16:59:09Z</time><extensions><gpxtpx:TrackPointExtension><gpxtpx:hr>181</gpxtpx:hr></gpxtpx:TrackPointExtension></extensions></trkpt><trkpt lat="58.05995" lon="38.813507"><ele>118.0</ele><time>2025-03-26T16:59:10Z</time><extensions><gpxtpx:TrackPointExtension><gpxtpx:hr>180</gpxtpx:hr></gpxtpx:TrackPointExtension></extensions></trkpt><trkpt lat="58.05995" lon="38.81346"><ele>118.0</ele><time>2025-03-26T16:59:11Z</time><extensions><gpxtpx:TrackPointExtension><gpxtpx:hr>180</gpxtpx:hr></gpxtpx:TrackPointExtension></extensions></trkpt><trkpt lat="58.05996" lon="38.813415"><ele>118.0</ele><time>2025-03-26T16:59:12Z</time><extensions><gpxtpx:TrackPointExtension><gpxtpx:hr>180</gpxtpx:hr></gpxtpx:TrackPointExtension></extensions></trkpt><trkpt lat="58.059962" lon="38.813373"><ele>118.0</ele><time>2025-03-26T16:59:13Z</time><extensions><gpxtpx:TrackPointExtension><gpxtpx:hr>180</gpxtpx:hr></gpxtpx:TrackPointExtension></extensions></trkpt><trkpt lat="58.059967" lon="38.81333"><ele>118.0</ele><time>2025-03-26T16:59:14Z</time><extensions><gpxtpx:TrackPointExtension><gpxtpx:hr>180</gpxtpx:hr></gpxtpx:TrackPointExtension></extensions></trkpt><trkpt lat="58.059975" lon="38.81329"><ele>118.0</ele><time>2025-03-26T16:59:15Z</time><extensions><gpxtpx:TrackPointExtension><gpxtpx:hr>181</gpxtpx:hr></gpxtpx:TrackPointExtension></extensions></trkpt><trkpt lat="58.05998" lon="38.813243"><ele>118.0</ele><time>2025-03-26T16:59:16Z</time><extensions><gpxtpx:TrackPointExtension><gpxtpx:hr>182</gpxtpx:hr></gpxtpx:TrackPointExtension></extensions></trkpt><trkpt lat="58.059982" lon="38.8132"><ele>118.0</ele><time>2025-03-26T16:59:17Z</time><extensions><gpxtpx:TrackPointExtension><gpxtpx:hr>182</gpxtpx:hr></gpxtpx:TrackPointExtension></extensions></trkpt><trkpt lat="58.059985" lon="38.813155"><ele>118.0</ele><time>2025-03-26T16:59:18Z</time><extensions><gpxtpx:TrackPointExtension><gpxtpx:hr>181</gpxtpx:hr></gpxtpx:TrackPointExtension></extensions></trkpt><trkpt lat="58.05999" lon="38.813113"><ele>118.0</ele><time>2025-03-26T16:59:19Z</time><extensions><gpxtpx:TrackPointExtension><gpxtpx:hr>181</gpxtpx:hr></gpxtpx:TrackPointExtension></extensions></trkpt><trkpt lat="58.059993" lon="38.81307"><ele>118.0</ele><time>2025-03-26T16:59:20Z</time><extensions><gpxtpx:TrackPointExtension><gpxtpx:hr>181</gpxtpx:hr></gpxtpx:TrackPointExtension></extensions></trkpt><trkpt lat="58.059997" lon="38.813022"><ele>118.0</ele><time>2025-03-26T16:59:21Z</time><extensions><gpxtpx:TrackPointExtension><gpxtpx:hr>181</gpxtpx:hr></gpxtpx:TrackPointExtension></extensions></trkpt><trkpt lat="58.06" lon="38.81298"><ele>118.0</ele><time>2025-03-26T16:59:22Z</time><extensions><gpxtpx:TrackPointExtension><gpxtpx:hr>181</gpxtpx:hr></gpxtpx:TrackPointExtension></extensions></trkpt><trkpt lat="58.060005" lon="38.812935"><ele>118.0</ele><time>2025-03-26T16:59:23Z</time><extensions><gpxtpx:TrackPointExtension><gpxtpx:hr>181</gpxtpx:hr></gpxtpx:TrackPointExtension></extensions></trkpt><trkpt lat="58.06001" lon="38.81289"><ele>118.0</ele><time>2025-03-26T16:59:24Z</time><extensions><gpxtpx:TrackPointExtension><gpxtpx:hr>181</gpxtpx:hr></gpxtpx:TrackPointExtension></extensions></trkpt><trkpt lat="58.060012" lon="38.812847"><ele>118.0</ele><time>2025-03-26T16:59:25Z</time><extensions><gpxtpx:TrackPointExtension><gpxtpx:hr>181</gpxtpx:hr></gpxtpx:TrackPointExtension></extensions></trkpt><trkpt lat="58.060012" lon="38.8128"><ele>118.0</ele><time>2025-03-26T16:59:26Z</time><extensions><gpxtpx:TrackPointExtension><gpxtpx:hr>181</gpxtpx:hr></gpxtpx:TrackPointExtension></extensions></trkpt><trkpt lat="58.06002" lon="38.812755"><ele>118.0</ele><time>2025-03-26T16:59:27Z</time><extensions><gpxtpx:TrackPointExtension><gpxtpx:hr>182</gpxtpx:hr></gpxtpx:TrackPointExtension></extensions></trkpt><trkpt lat="58.060023" lon="38.81271"><ele>118.0</ele><time>2025-03-26T16:59:28Z</time><extensions><gpxtpx:TrackPointExtension><gpxtpx:hr>182</gpxtpx:hr></gpxtpx:TrackPointExtension></extensions></trkpt><trkpt lat="58.060027" lon="38.812667"><ele>118.0</ele><time>2025-03-26T16:59:29Z</time><extensions><gpxtpx:TrackPointExtension><gpxtpx:hr>182</gpxtpx:hr></gpxtpx:TrackPointExtension></extensions></trkpt><trkpt lat="58.060035" lon="38.812622"><ele>118.0</ele><time>2025-03-26T16:59:30Z</time><extensions><gpxtpx:TrackPointExtension><gpxtpx:hr>182</gpxtpx:hr></gpxtpx:TrackPointExtension></extensions></trkpt><trkpt lat="58.06004" lon="38.812575"><ele>118.0</ele><time>2025-03-26T16:59:31Z</time><extensions><gpxtpx:TrackPointExtension><gpxtpx:hr>182</gpxtpx:hr></gpxtpx:TrackPointExtension></extensions></trkpt><trkpt lat="58.060047" lon="38.81253"><ele>118.0</ele><time>2025-03-26T16:59:32Z</time><extensions><gpxtpx:TrackPointExtension><gpxtpx:hr>182</gpxtpx:hr></gpxtpx:TrackPointExtension></extensions></trkpt><trkpt lat="58.06005" lon="38.812485"><ele>118.0</ele><time>2025-03-26T16:59:33Z</time><extensions><gpxtpx:TrackPointExtension><gpxtpx:hr>182</gpxtpx:hr></gpxtpx:TrackPointExtension></extensions></trkpt><trkpt lat="58.06005" lon="38.812435"><ele>118.0</ele><time>2025-03-26T16:59:34Z</time><extensions><gpxtpx:TrackPointExtension><gpxtpx:hr>182</gpxtpx:hr></gpxtpx:TrackPointExtension></extensions></trkpt><trkpt lat="58.060053" lon="38.81239"><ele>118.0</ele><time>2025-03-26T16:59:35Z</time><extensions><gpxtpx:TrackPointExtension><gpxtpx:hr>182</gpxtpx:hr></gpxtpx:TrackPointExtension></extensions></trkpt><trkpt lat="58.060053" lon="38.81234"><ele>118.0</ele><time>2025-03-26T16:59:36Z</time><extensions><gpxtpx:TrackPointExtension><gpxtpx:hr>182</gpxtpx:hr></gpxtpx:TrackPointExtension></extensions></trkpt><trkpt lat="58.060053" lon="38.812285"><ele>118.0</ele><time>2025-03-26T16:59:37Z</time><extensions><gpxtpx:TrackPointExtension><gpxtpx:hr>182</gpxtpx:hr></gpxtpx:TrackPointExtension></extensions></trkpt><trkpt lat="58.060053" lon="38.812237"><ele>118.0</ele><time>2025-03-26T16:59:38Z</time><extensions><gpxtpx:TrackPointExtension><gpxtpx:hr>182</gpxtpx:hr></gpxtpx:TrackPointExtension></extensions></trkpt><trkpt lat="58.060053" lon="38.812187"><ele>118.0</ele><time>2025-03-26T16:59:39Z</time><extensions><gpxtpx:TrackPointExtension><gpxtpx:hr>182</gpxtpx:hr></gpxtpx:TrackPointExtension></extensions></trkpt><trkpt lat="58.060053" lon="38.81214"><ele>118.0</ele><time>2025-03-26T16:59:40Z</time><extensions><gpxtpx:TrackPointExtension><gpxtpx:hr>182</gpxtpx:hr></gpxtpx:TrackPointExtension></extensions></trkpt><trkpt lat="58.060053" lon="38.81209"><ele>118.0</ele><time>2025-03-26T16:59:41Z</time><extensions><gpxtpx:TrackPointExtension><gpxtpx:hr>182</gpxtpx:hr></gpxtpx:TrackPointExtension></extensions></trkpt><trkpt lat="58.06006" lon="38.812045"><ele>118.0</ele><time>2025-03-26T16:59:42Z</time><extensions><gpxtpx:TrackPointExtension><gpxtpx:hr>181</gpxtpx:hr></gpxtpx:TrackPointExtension></extensions></trkpt><trkpt lat="58.06006" lon="38.812"><ele>118.0</ele><time>2025-03-26T16:59:43Z</time><extensions><gpxtpx:TrackPointExtension><gpxtpx:hr>181</gpxtpx:hr></gpxtpx:TrackPointExtension></extensions></trkpt><trkpt lat="58.060062" lon="38.811953"><ele>118.0</ele><time>2025-03-26T16:59:44Z</time><extensions><gpxtpx:TrackPointExtension><gpxtpx:hr>181</gpxtpx:hr></gpxtpx:TrackPointExtension></extensions></trkpt><trkpt lat="58.060062" lon="38.811908"><ele>118.0</ele><time>2025-03-26T16:59:45Z</time><extensions><gpxtpx:TrackPointExtension><gpxtpx:hr>181</gpxtpx:hr></gpxtpx:TrackPointExtension></extensions></trkpt><trkpt lat="58.060065" lon="38.811862"><ele>118.0</ele><time>2025-03-26T16:59:46Z</time><extensions><gpxtpx:TrackPointExtension><gpxtpx:hr>181</gpxtpx:hr></gpxtpx:TrackPointExtension></extensions></trkpt><trkpt lat="58.060065" lon="38.811817"><ele>118.0</ele><time>2025-03-26T16:59:47Z</time><extensions><gpxtpx:TrackPointExtension><gpxtpx:hr>182</gpxtpx:hr></gpxtpx:TrackPointExtension></extensions></trkpt><trkpt lat="58.06007" lon="38.811775"><ele>118.0</ele><time>2025-03-26T16:59:48Z</time><extensions><gpxtpx:TrackPointExtension><gpxtpx:hr>182</gpxtpx:hr></gpxtpx:TrackPointExtension></extensions></trkpt><trkpt lat="58.060073" lon="38.81173"><ele>118.0</ele><time>2025-03-26T16:59:49Z</time><extensions><gpxtpx:TrackPointExtension><gpxtpx:hr>182</gpxtpx:hr></gpxtpx:TrackPointExtension></extensions></trkpt><trkpt lat="58.060077" lon="38.811687"><ele>118.0</ele><time>2025-03-26T16:59:50Z</time><extensions><gpxtpx:TrackPointExtension><gpxtpx:hr>183</gpxtpx:hr></gpxtpx:TrackPointExtension></extensions></trkpt><trkpt lat="58.060077" lon="38.811645"><ele>118.0</ele><time>2025-03-26T16:59:51Z</time><extensions><gpxtpx:TrackPointExtension><gpxtpx:hr>182</gpxtpx:hr></gpxtpx:TrackPointExtension></extensions></trkpt><trkpt lat="58.06008" lon="38.811607"><ele>118.0</ele><time>2025-03-26T16:59:52Z</time><extensions><gpxtpx:TrackPointExtension><gpxtpx:hr>182</gpxtpx:hr></gpxtpx:TrackPointExtension></extensions></trkpt><trkpt lat="58.06008" lon="38.81158"><ele>118.0</ele><time>2025-03-26T16:59:53Z</time><extensions><gpxtpx:TrackPointExtension><gpxtpx:hr>183</gpxtpx:hr></gpxtpx:TrackPointExtension></extensions></trkpt><trkpt lat="58.060077" lon="38.811557"><ele>118.0</ele><time>2025-03-26T16:59:54Z</time><extensions><gpxtpx:TrackPointExtension><gpxtpx:hr>183</gpxtpx:hr></gpxtpx:TrackPointExtension></extensions></trkpt><trkpt lat="58.060073" lon="38.811542"><ele>118.0</ele><time>2025-03-26T16:59:55Z</time><extensions><gpxtpx:TrackPointExtension><gpxtpx:hr>183</gpxtpx:hr></gpxtpx:TrackPointExtension></extensions></trkpt><trkpt lat="58.060065" lon="38.811528"><ele>118.0</ele><time>2025-03-26T16:59:56Z</time><extensions><gpxtpx:TrackPointExtension><gpxtpx:hr>183</gpxtpx:hr></gpxtpx:TrackPointExtension></extensions></trkpt><trkpt lat="58.06006" lon="38.81152"><ele>118.0</ele><time>2025-03-26T16:59:57Z</time><extensions><gpxtpx:TrackPointExtension><gpxtpx:hr>183</gpxtpx:hr></gpxtpx:TrackPointExtension></extensions></trkpt><trkpt lat="58.060042" lon="38.81151"><ele>118.0</ele><time>2025-03-26T16:59:58Z</time><extensions><gpxtpx:TrackPointExtension><gpxtpx:hr>183</gpxtpx:hr></gpxtpx:TrackPointExtension></extensions></trkpt><trkpt lat="58.060023" lon="38.811497"><ele>118.0</ele><time>2025-03-26T16:59:59Z</time><extensions><gpxtpx:TrackPointExtension><gpxtpx:hr>183</gpxtpx:hr></gpxtpx:TrackPointExtension></extensions></trkpt><trkpt lat="58.060005" lon="38.811485"><ele>118.0</ele><time>2025-03-26T17:00:00Z</time><extensions><gpxtpx:TrackPointExtension><gpxtpx:hr>183</gpxtpx:hr></gpxtpx:TrackPointExtension></extensions></trkpt><trkpt lat="58.059985" lon="38.81147"><ele>118.0</ele><time>2025-03-26T17:00:01Z</time><extensions><gpxtpx:TrackPointExtension><gpxtpx:hr>182</gpxtpx:hr></gpxtpx:TrackPointExtension></extensions></trkpt><trkpt lat="58.059962" lon="38.811458"><ele>118.0</ele><time>2025-03-26T17:00:02Z</time><extensions><gpxtpx:TrackPointExtension><gpxtpx:hr>182</gpxtpx:hr></gpxtpx:TrackPointExtension></extensions></trkpt><trkpt lat="58.05994" lon="38.811447"><ele>118.0</ele><time>2025-03-26T17:00:03Z</time><extensions><gpxtpx:TrackPointExtension><gpxtpx:hr>182</gpxtpx:hr></gpxtpx:TrackPointExtension></extensions></trkpt><trkpt lat="58.059917" lon="38.811435"><ele>118.0</ele><time>2025-03-26T17:00:04Z</time><extensions><gpxtpx:TrackPointExtension><gpxtpx:hr>182</gpxtpx:hr></gpxtpx:TrackPointExtension></extensions></trkpt><trkpt lat="58.059895" lon="38.81142"><ele>118.0</ele><time>2025-03-26T17:00:05Z</time><extensions><gpxtpx:TrackPointExtension><gpxtpx:hr>182</gpxtpx:hr></gpxtpx:TrackPointExtension></extensions></trkpt><trkpt lat="58.05987" lon="38.81141"><ele>118.0</ele><time>2025-03-26T17:00:06Z</time><extensions><gpxtpx:TrackPointExtension><gpxtpx:hr>182</gpxtpx:hr></gpxtpx:TrackPointExtension></extensions></trkpt><trkpt lat="58.05985" lon="38.811397"><ele>118.0</ele><time>2025-03-26T17:00:07Z</time><extensions><gpxtpx:TrackPointExtension><gpxtpx:hr>182</gpxtpx:hr></gpxtpx:TrackPointExtension></extensions></trkpt><trkpt lat="58.059825" lon="38.81139"><ele>118.0</ele><time>2025-03-26T17:00:08Z</time><extensions><gpxtpx:TrackPointExtension><gpxtpx:hr>183</gpxtpx:hr></gpxtpx:TrackPointExtension></extensions></trkpt><trkpt lat="58.0598" lon="38.811382"><ele>118.0</ele><time>2025-03-26T17:00:09Z</time><extensions><gpxtpx:TrackPointExtension><gpxtpx:hr>183</gpxtpx:hr></gpxtpx:TrackPointExtension></extensions></trkpt><trkpt lat="58.059775" lon="38.81138"><ele>118.0</ele><time>2025-03-26T17:00:10Z</time><extensions><gpxtpx:TrackPointExtension><gpxtpx:hr>182</gpxtpx:hr></gpxtpx:TrackPointExtension></extensions></trkpt><trkpt lat="58.059752" lon="38.811373"><ele>118.0</ele><time>2025-03-26T17:00:11Z</time><extensions><gpxtpx:TrackPointExtension><gpxtpx:hr>182</gpxtpx:hr></gpxtpx:TrackPointExtension></extensions></trkpt><trkpt lat="58.05973" lon="38.81137"><ele>118.0</ele><time>2025-03-26T17:00:12Z</time><extensions><gpxtpx:TrackPointExtension><gpxtpx:hr>182</gpxtpx:hr></gpxtpx:TrackPointExtension></extensions></trkpt><trkpt lat="58.059707" lon="38.811367"><ele>118.0</ele><time>2025-03-26T17:00:13Z</time><extensions><gpxtpx:TrackPointExtension><gpxtpx:hr>181</gpxtpx:hr></gpxtpx:TrackPointExtension></extensions></trkpt><trkpt lat="58.059685" lon="38.811362"><ele>118.0</ele><time>2025-03-26T17:00:14Z</time><extensions><gpxtpx:TrackPointExtension><gpxtpx:hr>181</gpxtpx:hr></gpxtpx:TrackPointExtension></extensions></trkpt><trkpt lat="58.059657" lon="38.81136"><ele>118.0</ele><time>2025-03-26T17:00:15Z</time><extensions><gpxtpx:TrackPointExtension><gpxtpx:hr>181</gpxtpx:hr></gpxtpx:TrackPointExtension></extensions></trkpt><trkpt lat="58.059635" lon="38.811355"><ele>118.0</ele><time>2025-03-26T17:00:16Z</time><extensions><gpxtpx:TrackPointExtension><gpxtpx:hr>181</gpxtpx:hr></gpxtpx:TrackPointExtension></extensions></trkpt><trkpt lat="58.059612" lon="38.81135"><ele>118.0</ele><time>2025-03-26T17:00:17Z</time><extensions><gpxtpx:TrackPointExtension><gpxtpx:hr>181</gpxtpx:hr></gpxtpx:TrackPointExtension></extensions></trkpt><trkpt lat="58.05959" lon="38.81134"><ele>118.0</ele><time>2025-03-26T17:00:18Z</time><extensions><gpxtpx:TrackPointExtension><gpxtpx:hr>181</gpxtpx:hr></gpxtpx:TrackPointExtension></extensions></trkpt><trkpt lat="58.059565" lon="38.811337"><ele>118.0</ele><time>2025-03-26T17:00:19Z</time><extensions><gpxtpx:TrackPointExtension><gpxtpx:hr>181</gpxtpx:hr></gpxtpx:TrackPointExtension></extensions></trkpt><trkpt lat="58.05954" lon="38.811337"><ele>118.0</ele><time>2025-03-26T17:00:20Z</time><extensions><gpxtpx:TrackPointExtension><gpxtpx:hr>181</gpxtpx:hr></gpxtpx:TrackPointExtension></extensions></trkpt><trkpt lat="58.059517" lon="38.811337"><ele>118.0</ele><time>2025-03-26T17:00:21Z</time><extensions><gpxtpx:TrackPointExtension><gpxtpx:hr>180</gpxtpx:hr></gpxtpx:TrackPointExtension></extensions></trkpt><trkpt lat="58.059493" lon="38.811332"><ele>118.0</ele><time>2025-03-26T17:00:22Z</time><extensions><gpxtpx:TrackPointExtension><gpxtpx:hr>180</gpxtpx:hr></gpxtpx:TrackPointExtension></extensions></trkpt><trkpt lat="58.059467" lon="38.811332"><ele>118.0</ele><time>2025-03-26T17:00:23Z</time><extensions><gpxtpx:TrackPointExtension><gpxtpx:hr>180</gpxtpx:hr></gpxtpx:TrackPointExtension></extensions></trkpt><trkpt lat="58.059443" lon="38.811332"><ele>118.0</ele><time>2025-03-26T17:00:24Z</time><extensions><gpxtpx:TrackPointExtension><gpxtpx:hr>180</gpxtpx:hr></gpxtpx:TrackPointExtension></extensions></trkpt><trkpt lat="58.05942" lon="38.81133"><ele>118.0</ele><time>2025-03-26T17:00:25Z</time><extensions><gpxtpx:TrackPointExtension><gpxtpx:hr>181</gpxtpx:hr></gpxtpx:TrackPointExtension></extensions></trkpt><trkpt lat="58.059395" lon="38.811325"><ele>118.0</ele><time>2025-03-26T17:00:26Z</time><extensions><gpxtpx:TrackPointExtension><gpxtpx:hr>181</gpxtpx:hr></gpxtpx:TrackPointExtension></extensions></trkpt><trkpt lat="58.059372" lon="38.81132"><ele>118.0</ele><time>2025-03-26T17:00:27Z</time><extensions><gpxtpx:TrackPointExtension><gpxtpx:hr>181</gpxtpx:hr></gpxtpx:TrackPointExtension></extensions></trkpt><trkpt lat="58.05935" lon="38.811313"><ele>118.0</ele><time>2025-03-26T17:00:28Z</time><extensions><gpxtpx:TrackPointExtension><gpxtpx:hr>181</gpxtpx:hr></gpxtpx:TrackPointExtension></extensions></trkpt><trkpt lat="58.059325" lon="38.81131"><ele>118.0</ele><time>2025-03-26T17:00:29Z</time><extensions><gpxtpx:TrackPointExtension><gpxtpx:hr>181</gpxtpx:hr></gpxtpx:TrackPointExtension></extensions></trkpt><trkpt lat="58.059295" lon="38.811302"><ele>118.0</ele><time>2025-03-26T17:00:30Z</time><extensions><gpxtpx:TrackPointExtension><gpxtpx:hr>181</gpxtpx:hr></gpxtpx:TrackPointExtension></extensions></trkpt><trkpt lat="58.05927" lon="38.811295"><ele>118.0</ele><time>2025-03-26T17:00:31Z</time><extensions><gpxtpx:TrackPointExtension><gpxtpx:hr>181</gpxtpx:hr></gpxtpx:TrackPointExtension></extensions></trkpt><trkpt lat="58.059242" lon="38.81129"><ele>118.0</ele><time>2025-03-26T17:00:32Z</time><extensions><gpxtpx:TrackPointExtension><gpxtpx:hr>181</gpxtpx:hr></gpxtpx:TrackPointExtension></extensions></trkpt><trkpt lat="58.059215" lon="38.811287"><ele>118.0</ele><time>2025-03-26T17:00:33Z</time><extensions><gpxtpx:TrackPointExtension><gpxtpx:hr>181</gpxtpx:hr></gpxtpx:TrackPointExtension></extensions></trkpt><trkpt lat="58.05919" lon="38.811282"><ele>118.0</ele><time>2025-03-26T17:00:34Z</time><extensions><gpxtpx:TrackPointExtension><gpxtpx:hr>181</gpxtpx:hr></gpxtpx:TrackPointExtension></extensions></trkpt><trkpt lat="58.059162" lon="38.81128"><ele>118.0</ele><time>2025-03-26T17:00:35Z</time><extensions><gpxtpx:TrackPointExtension><gpxtpx:hr>182</gpxtpx:hr></gpxtpx:TrackPointExtension></extensions></trkpt><trkpt lat="58.05914" lon="38.811275"><ele>118.0</ele><time>2025-03-26T17:00:36Z</time><extensions><gpxtpx:TrackPointExtension><gpxtpx:hr>182</gpxtpx:hr></gpxtpx:TrackPointExtension></extensions></trkpt><trkpt lat="58.059112" lon="38.81127"><ele>118.0</ele><time>2025-03-26T17:00:37Z</time><extensions><gpxtpx:TrackPointExtension><gpxtpx:hr>181</gpxtpx:hr></gpxtpx:TrackPointExtension></extensions></trkpt><trkpt lat="58.05909" lon="38.811267"><ele>118.0</ele><time>2025-03-26T17:00:38Z</time><extensions><gpxtpx:TrackPointExtension><gpxtpx:hr>181</gpxtpx:hr></gpxtpx:TrackPointExtension></extensions></trkpt><trkpt lat="58.059062" lon="38.811267"><ele>118.0</ele><time>2025-03-26T17:00:39Z</time><extensions><gpxtpx:TrackPointExtension><gpxtpx:hr>182</gpxtpx:hr></gpxtpx:TrackPointExtension></extensions></trkpt><trkpt lat="58.05904" lon="38.811263"><ele>118.0</ele><time>2025-03-26T17:00:40Z</time><extensions><gpxtpx:TrackPointExtension><gpxtpx:hr>182</gpxtpx:hr></gpxtpx:TrackPointExtension></extensions></trkpt><trkpt lat="58.059017" lon="38.81126"><ele>118.0</ele><time>2025-03-26T17:00:41Z</time><extensions><gpxtpx:TrackPointExtension><gpxtpx:hr>182</gpxtpx:hr></gpxtpx:TrackPointExtension></extensions></trkpt><trkpt lat="58.058993" lon="38.81126"><ele>118.0</ele><time>2025-03-26T17:00:42Z</time><extensions><gpxtpx:TrackPointExtension><gpxtpx:hr>182</gpxtpx:hr></gpxtpx:TrackPointExtension></extensions></trkpt><trkpt lat="58.058967" lon="38.811255"><ele>118.0</ele><time>2025-03-26T17:00:43Z</time><extensions><gpxtpx:TrackPointExtension><gpxtpx:hr>183</gpxtpx:hr></gpxtpx:TrackPointExtension></extensions></trkpt><trkpt lat="58.058945" lon="38.811252"><ele>118.0</ele><time>2025-03-26T17:00:44Z</time><extensions><gpxtpx:TrackPointExtension><gpxtpx:hr>183</gpxtpx:hr></gpxtpx:TrackPointExtension></extensions></trkpt><trkpt lat="58.058917" lon="38.81124"><ele>118.0</ele><time>2025-03-26T17:00:45Z</time><extensions><gpxtpx:TrackPointExtension><gpxtpx:hr>183</gpxtpx:hr></gpxtpx:TrackPointExtension></extensions></trkpt><trkpt lat="58.0589" lon="38.811225"><ele>118.0</ele><time>2025-03-26T17:00:46Z</time><extensions><gpxtpx:TrackPointExtension><gpxtpx:hr>184</gpxtpx:hr></gpxtpx:TrackPointExtension></extensions></trkpt><trkpt lat="58.05888" lon="38.8112"><ele>118.0</ele><time>2025-03-26T17:00:47Z</time><extensions><gpxtpx:TrackPointExtension><gpxtpx:hr>184</gpxtpx:hr></gpxtpx:TrackPointExtension></extensions></trkpt><trkpt lat="58.05886" lon="38.811172"><ele>118.0</ele><time>2025-03-26T17:00:48Z</time><extensions><gpxtpx:TrackPointExtension><gpxtpx:hr>183</gpxtpx:hr></gpxtpx:TrackPointExtension></extensions></trkpt><trkpt lat="58.058845" lon="38.81114"><ele>118.0</ele><time>2025-03-26T17:00:49Z</time><extensions><gpxtpx:TrackPointExtension><gpxtpx:hr>183</gpxtpx:hr></gpxtpx:TrackPointExtension></extensions></trkpt><trkpt lat="58.05883" lon="38.811107"><ele>118.0</ele><time>2025-03-26T17:00:50Z</time><extensions><gpxtpx:TrackPointExtension><gpxtpx:hr>183</gpxtpx:hr></gpxtpx:TrackPointExtension></extensions></trkpt><trkpt lat="58.058815" lon="38.811072"><ele>118.0</ele><time>2025-03-26T17:00:51Z</time><extensions><gpxtpx:TrackPointExtension><gpxtpx:hr>183</gpxtpx:hr></gpxtpx:TrackPointExtension></extensions></trkpt><trkpt lat="58.0588" lon="38.81104"><ele>118.0</ele><time>2025-03-26T17:00:52Z</time><extensions><gpxtpx:TrackPointExtension><gpxtpx:hr>183</gpxtpx:hr></gpxtpx:TrackPointExtension></extensions></trkpt><trkpt lat="58.058783" lon="38.811"><ele>118.0</ele><time>2025-03-26T17:00:53Z</time><extensions><gpxtpx:TrackPointExtension><gpxtpx:hr>183</gpxtpx:hr></gpxtpx:TrackPointExtension></extensions></trkpt><trkpt lat="58.058765" lon="38.81097"><ele>118.0</ele><time>2025-03-26T17:00:54Z</time><extensions><gpxtpx:TrackPointExtension><gpxtpx:hr>183</gpxtpx:hr></gpxtpx:TrackPointExtension></extensions></trkpt><trkpt lat="58.05875" lon="38.810935"><ele>118.0</ele><time>2025-03-26T17:00:55Z</time><extensions><gpxtpx:TrackPointExtension><gpxtpx:hr>183</gpxtpx:hr></gpxtpx:TrackPointExtension></extensions></trkpt><trkpt lat="58.05873" lon="38.810905"><ele>118.0</ele><time>2025-03-26T17:00:56Z</time><extensions><gpxtpx:TrackPointExtension><gpxtpx:hr>182</gpxtpx:hr></gpxtpx:TrackPointExtension></extensions></trkpt><trkpt lat="58.058715" lon="38.810867"><ele>118.0</ele><time>2025-03-26T17:00:57Z</time><extensions><gpxtpx:TrackPointExtension><gpxtpx:hr>182</gpxtpx:hr></gpxtpx:TrackPointExtension></extensions></trkpt><trkpt lat="58.0587" lon="38.81082"><ele>118.0</ele><time>2025-03-26T17:00:58Z</time><extensions><gpxtpx:TrackPointExtension><gpxtpx:hr>182</gpxtpx:hr></gpxtpx:TrackPointExtension></extensions></trkpt><trkpt lat="58.05869" lon="38.81078"><ele>118.0</ele><time>2025-03-26T17:00:59Z</time><extensions><gpxtpx:TrackPointExtension><gpxtpx:hr>182</gpxtpx:hr></gpxtpx:TrackPointExtension></extensions></trkpt><trkpt lat="58.058685" lon="38.810737"><ele>118.0</ele><time>2025-03-26T17:01:00Z</time><extensions><gpxtpx:TrackPointExtension><gpxtpx:hr>182</gpxtpx:hr></gpxtpx:TrackPointExtension></extensions></trkpt><trkpt lat="58.05868" lon="38.81069"><ele>118.0</ele><time>2025-03-26T17:01:01Z</time><extensions><gpxtpx:TrackPointExtension><gpxtpx:hr>182</gpxtpx:hr></gpxtpx:TrackPointExtension></extensions></trkpt><trkpt lat="58.058677" lon="38.81065"><ele>118.0</ele><time>2025-03-26T17:01:02Z</time><extensions><gpxtpx:TrackPointExtension><gpxtpx:hr>182</gpxtpx:hr></gpxtpx:TrackPointExtension></extensions></trkpt><trkpt lat="58.058677" lon="38.810607"><ele>118.0</ele><time>2025-03-26T17:01:03Z</time><extensions><gpxtpx:TrackPointExtension><gpxtpx:hr>181</gpxtpx:hr></gpxtpx:TrackPointExtension></extensions></trkpt><trkpt lat="58.058677" lon="38.810562"><ele>118.0</ele><time>2025-03-26T17:01:04Z</time><extensions><gpxtpx:TrackPointExtension><gpxtpx:hr>181</gpxtpx:hr></gpxtpx:TrackPointExtension></extensions></trkpt><trkpt lat="58.058673" lon="38.810515"><ele>118.0</ele><time>2025-03-26T17:01:05Z</time><extensions><gpxtpx:TrackPointExtension><gpxtpx:hr>181</gpxtpx:hr></gpxtpx:TrackPointExtension></extensions></trkpt><trkpt lat="58.05867" lon="38.810467"><ele>118.0</ele><time>2025-03-26T17:01:06Z</time><extensions><gpxtpx:TrackPointExtension><gpxtpx:hr>181</gpxtpx:hr></gpxtpx:TrackPointExtension></extensions></trkpt><trkpt lat="58.058665" lon="38.810417"><ele>118.0</ele><time>2025-03-26T17:01:07Z</time><extensions><gpxtpx:TrackPointExtension><gpxtpx:hr>181</gpxtpx:hr></gpxtpx:TrackPointExtension></extensions></trkpt><trkpt lat="58.058662" lon="38.810367"><ele>118.0</ele><time>2025-03-26T17:01:08Z</time><extensions><gpxtpx:TrackPointExtension><gpxtpx:hr>181</gpxtpx:hr></gpxtpx:TrackPointExtension></extensions></trkpt><trkpt lat="58.05866" lon="38.810317"><ele>118.0</ele><time>2025-03-26T17:01:09Z</time><extensions><gpxtpx:TrackPointExtension><gpxtpx:hr>181</gpxtpx:hr></gpxtpx:TrackPointExtension></extensions></trkpt><trkpt lat="58.058655" lon="38.810272"><ele>118.0</ele><time>2025-03-26T17:01:10Z</time><extensions><gpxtpx:TrackPointExtension><gpxtpx:hr>181</gpxtpx:hr></gpxtpx:TrackPointExtension></extensions></trkpt><trkpt lat="58.05865" lon="38.810222"><ele>118.0</ele><time>2025-03-26T17:01:11Z</time><extensions><gpxtpx:TrackPointExtension><gpxtpx:hr>181</gpxtpx:hr></gpxtpx:TrackPointExtension></extensions></trkpt><trkpt lat="58.058647" lon="38.810172"><ele>118.0</ele><time>2025-03-26T17:01:12Z</time><extensions><gpxtpx:TrackPointExtension><gpxtpx:hr>181</gpxtpx:hr></gpxtpx:TrackPointExtension></extensions></trkpt><trkpt lat="58.058647" lon="38.810122"><ele>118.0</ele><time>2025-03-26T17:01:13Z</time><extensions><gpxtpx:TrackPointExtension><gpxtpx:hr>181</gpxtpx:hr></gpxtpx:TrackPointExtension></extensions></trkpt><trkpt lat="58.058642" lon="38.810073"><ele>118.0</ele><time>2025-03-26T17:01:14Z</time><extensions><gpxtpx:TrackPointExtension><gpxtpx:hr>181</gpxtpx:hr></gpxtpx:TrackPointExtension></extensions></trkpt><trkpt lat="58.05864" lon="38.810023"><ele>118.0</ele><time>2025-03-26T17:01:15Z</time><extensions><gpxtpx:TrackPointExtension><gpxtpx:hr>181</gpxtpx:hr></gpxtpx:TrackPointExtension></extensions></trkpt><trkpt lat="58.05864" lon="38.809975"><ele>118.0</ele><time>2025-03-26T17:01:16Z</time><extensions><gpxtpx:TrackPointExtension><gpxtpx:hr>181</gpxtpx:hr></gpxtpx:TrackPointExtension></extensions></trkpt><trkpt lat="58.05864" lon="38.80993"><ele>118.0</ele><time>2025-03-26T17:01:17Z</time><extensions><gpxtpx:TrackPointExtension><gpxtpx:hr>182</gpxtpx:hr></gpxtpx:TrackPointExtension></extensions></trkpt><trkpt lat="58.05864" lon="38.809882"><ele>118.0</ele><time>2025-03-26T17:01:18Z</time><extensions><gpxtpx:TrackPointExtension><gpxtpx:hr>182</gpxtpx:hr></gpxtpx:TrackPointExtension></extensions></trkpt><trkpt lat="58.05864" lon="38.809837"><ele>118.0</ele><time>2025-03-26T17:01:19Z</time><extensions><gpxtpx:TrackPointExtension><gpxtpx:hr>182</gpxtpx:hr></gpxtpx:TrackPointExtension></extensions></trkpt><trkpt lat="58.05864" lon="38.809795"><ele>118.0</ele><time>2025-03-26T17:01:20Z</time><extensions><gpxtpx:TrackPointExtension><gpxtpx:hr>182</gpxtpx:hr></gpxtpx:TrackPointExtension></extensions></trkpt><trkpt lat="58.05864" lon="38.80975"><ele>118.0</ele><time>2025-03-26T17:01:21Z</time><extensions><gpxtpx:TrackPointExtension><gpxtpx:hr>182</gpxtpx:hr></gpxtpx:TrackPointExtension></extensions></trkpt><trkpt lat="58.05864" lon="38.809707"><ele>118.0</ele><time>2025-03-26T17:01:22Z</time><extensions><gpxtpx:TrackPointExtension><gpxtpx:hr>182</gpxtpx:hr></gpxtpx:TrackPointExtension></extensions></trkpt><trkpt lat="58.05864" lon="38.80966"><ele>118.0</ele><time>2025-03-26T17:01:23Z</time><extensions><gpxtpx:TrackPointExtension><gpxtpx:hr>182</gpxtpx:hr></gpxtpx:TrackPointExtension></extensions></trkpt><trkpt lat="58.05864" lon="38.80962"><ele>118.0</ele><time>2025-03-26T17:01:24Z</time><extensions><gpxtpx:TrackPointExtension><gpxtpx:hr>182</gpxtpx:hr></gpxtpx:TrackPointExtension></extensions></trkpt><trkpt lat="58.058635" lon="38.80958"><ele>118.0</ele><time>2025-03-26T17:01:25Z</time><extensions><gpxtpx:TrackPointExtension><gpxtpx:hr>182</gpxtpx:hr></gpxtpx:TrackPointExtension></extensions></trkpt><trkpt lat="58.058627" lon="38.80954"><ele>118.0</ele><time>2025-03-26T17:01:26Z</time><extensions><gpxtpx:TrackPointExtension><gpxtpx:hr>182</gpxtpx:hr></gpxtpx:TrackPointExtension></extensions></trkpt><trkpt lat="58.058623" lon="38.809497"><ele>118.0</ele><time>2025-03-26T17:01:27Z</time><extensions><gpxtpx:TrackPointExtension><gpxtpx:hr>182</gpxtpx:hr></gpxtpx:TrackPointExtension></extensions></trkpt><trkpt lat="58.058618" lon="38.809455"><ele>118.0</ele><time>2025-03-26T17:01:28Z</time><extensions><gpxtpx:TrackPointExtension><gpxtpx:hr>182</gpxtpx:hr></gpxtpx:TrackPointExtension></extensions></trkpt><trkpt lat="58.058612" lon="38.809413"><ele>118.0</ele><time>2025-03-26T17:01:29Z</time><extensions><gpxtpx:TrackPointExtension><gpxtpx:hr>182</gpxtpx:hr></gpxtpx:TrackPointExtension></extensions></trkpt><trkpt lat="58.05861" lon="38.80937"><ele>118.0</ele><time>2025-03-26T17:01:30Z</time><extensions><gpxtpx:TrackPointExtension><gpxtpx:hr>181</gpxtpx:hr></gpxtpx:TrackPointExtension></extensions></trkpt><trkpt lat="58.05861" lon="38.809322"><ele>118.0</ele><time>2025-03-26T17:01:31Z</time><extensions><gpxtpx:TrackPointExtension><gpxtpx:hr>181</gpxtpx:hr></gpxtpx:TrackPointExtension></extensions></trkpt><trkpt lat="58.058605" lon="38.809277"><ele>118.0</ele><time>2025-03-26T17:01:32Z</time><extensions><gpxtpx:TrackPointExtension><gpxtpx:hr>181</gpxtpx:hr></gpxtpx:TrackPointExtension></extensions></trkpt><trkpt lat="58.058605" lon="38.80923"><ele>118.0</ele><time>2025-03-26T17:01:33Z</time><extensions><gpxtpx:TrackPointExtension><gpxtpx:hr>181</gpxtpx:hr></gpxtpx:TrackPointExtension></extensions></trkpt><trkpt lat="58.058605" lon="38.809185"><ele>118.0</ele><time>2025-03-26T17:01:34Z</time><extensions><gpxtpx:TrackPointExtension><gpxtpx:hr>181</gpxtpx:hr></gpxtpx:TrackPointExtension></extensions></trkpt><trkpt lat="58.05861" lon="38.80914"><ele>118.0</ele><time>2025-03-26T17:01:35Z</time><extensions><gpxtpx:TrackPointExtension><gpxtpx:hr>181</gpxtpx:hr></gpxtpx:TrackPointExtension></extensions></trkpt><trkpt lat="58.05861" lon="38.809092"><ele>118.0</ele><time>2025-03-26T17:01:36Z</time><extensions><gpxtpx:TrackPointExtension><gpxtpx:hr>181</gpxtpx:hr></gpxtpx:TrackPointExtension></extensions></trkpt><trkpt lat="58.05861" lon="38.809047"><ele>118.0</ele><time>2025-03-26T17:01:37Z</time><extensions><gpxtpx:TrackPointExtension><gpxtpx:hr>181</gpxtpx:hr></gpxtpx:TrackPointExtension></extensions></trkpt><trkpt lat="58.05861" lon="38.809002"><ele>118.0</ele><time>2025-03-26T17:01:38Z</time><extensions><gpxtpx:TrackPointExtension><gpxtpx:hr>181</gpxtpx:hr></gpxtpx:TrackPointExtension></extensions></trkpt><trkpt lat="58.05861" lon="38.808955"><ele>118.0</ele><time>2025-03-26T17:01:39Z</time><extensions><gpxtpx:TrackPointExtension><gpxtpx:hr>182</gpxtpx:hr></gpxtpx:TrackPointExtension></extensions></trkpt><trkpt lat="58.05861" lon="38.808913"><ele>118.0</ele><time>2025-03-26T17:01:40Z</time><extensions><gpxtpx:TrackPointExtension><gpxtpx:hr>182</gpxtpx:hr></gpxtpx:TrackPointExtension></extensions></trkpt><trkpt lat="58.05861" lon="38.80887"><ele>118.0</ele><time>2025-03-26T17:01:41Z</time><extensions><gpxtpx:TrackPointExtension><gpxtpx:hr>182</gpxtpx:hr></gpxtpx:TrackPointExtension></extensions></trkpt><trkpt lat="58.05861" lon="38.808822"><ele>118.0</ele><time>2025-03-26T17:01:42Z</time><extensions><gpxtpx:TrackPointExtension><gpxtpx:hr>182</gpxtpx:hr></gpxtpx:TrackPointExtension></extensions></trkpt><trkpt lat="58.058612" lon="38.808777"><ele>118.0</ele><time>2025-03-26T17:01:43Z</time><extensions><gpxtpx:TrackPointExtension><gpxtpx:hr>182</gpxtpx:hr></gpxtpx:TrackPointExtension></extensions></trkpt><trkpt lat="58.058612" lon="38.808728"><ele>118.0</ele><time>2025-03-26T17:01:44Z</time><extensions><gpxtpx:TrackPointExtension><gpxtpx:hr>182</gpxtpx:hr></gpxtpx:TrackPointExtension></extensions></trkpt><trkpt lat="58.058617" lon="38.808685"><ele>118.0</ele><time>2025-03-26T17:01:45Z</time><extensions><gpxtpx:TrackPointExtension><gpxtpx:hr>182</gpxtpx:hr></gpxtpx:TrackPointExtension></extensions></trkpt><trkpt lat="58.058618" lon="38.808642"><ele>118.0</ele><time>2025-03-26T17:01:46Z</time><extensions><gpxtpx:TrackPointExtension><gpxtpx:hr>182</gpxtpx:hr></gpxtpx:TrackPointExtension></extensions></trkpt><trkpt lat="58.058623" lon="38.808597"><ele>118.0</ele><time>2025-03-26T17:01:47Z</time><extensions><gpxtpx:TrackPointExtension><gpxtpx:hr>182</gpxtpx:hr></gpxtpx:TrackPointExtension></extensions></trkpt><trkpt lat="58.058627" lon="38.808555"><ele>118.0</ele><time>2025-03-26T17:01:47Z</time><extensions><gpxtpx:TrackPointExtension><gpxtpx:hr>182</gpxtpx:hr></gpxtpx:TrackPointExtension></extensions></trkpt><trkpt lat="58.05863" lon="38.80851"><ele>118.0</ele><time>2025-03-26T17:01:48Z</time><extensions><gpxtpx:TrackPointExtension><gpxtpx:hr>183</gpxtpx:hr></gpxtpx:TrackPointExtension></extensions></trkpt><trkpt lat="58.05863" lon="38.808467"><ele>118.0</ele><time>2025-03-26T17:01:49Z</time><extensions><gpxtpx:TrackPointExtension><gpxtpx:hr>183</gpxtpx:hr></gpxtpx:TrackPointExtension></extensions></trkpt><trkpt lat="58.05863" lon="38.808433"><ele>118.0</ele><time>2025-03-26T17:01:50Z</time><extensions><gpxtpx:TrackPointExtension><gpxtpx:hr>183</gpxtpx:hr></gpxtpx:TrackPointExtension></extensions></trkpt><trkpt lat="58.058635" lon="38.808402"><ele>118.0</ele><time>2025-03-26T17:01:51Z</time><extensions><gpxtpx:TrackPointExtension><gpxtpx:hr>183</gpxtpx:hr></gpxtpx:TrackPointExtension></extensions></trkpt><trkpt lat="58.05864" lon="38.808375"><ele>118.0</ele><time>2025-03-26T17:01:52Z</time><extensions><gpxtpx:TrackPointExtension><gpxtpx:hr>183</gpxtpx:hr></gpxtpx:TrackPointExtension></extensions></trkpt><trkpt lat="58.058642" lon="38.808352"><ele>118.0</ele><time>2025-03-26T17:01:53Z</time><extensions><gpxtpx:TrackPointExtension><gpxtpx:hr>183</gpxtpx:hr></gpxtpx:TrackPointExtension></extensions></trkpt></trkseg></trk></gpx>