<?xml version="1.0" encoding="UTF-8" standalone="no"?><gpx xmlns="http://www.topografix.com/GPX/1/1" xmlns:gpxtpx="http://www.garmin.com/xmlschemas/TrackPointExtension/v1" xmlns:xsi="http://www.w3.org/2001/XMLSchema-instance" creator="Sports Tracker" version="1.1" xsi:schemaLocation="http://www.topografix.com/GPX/1/1 http://www.topografix.com/GPX/1/1/gpx.xsd http://www.garmin.com/xmlschemas/TrackPointExtension/v1 http://www.garmin.com/xmlschemas/TrackPointExtensionv1.xsd"><metadata><name/><desc/><author><name>Александр</name></author></metadata><trk><name/><trkseg><trkpt lat="57.182213" lon="36.369773"><ele>142.6</ele><time>2023-07-01T09:02:42Z</time></trkpt><trkpt lat="57.18218" lon="36.36965"><ele>131.7</ele><time>2023-07-01T09:03:12Z</time></trkpt><trkpt lat="57.18223" lon="36.36975"><ele>134.3</ele><time>2023-07-01T09:03:32Z</time></trkpt><trkpt lat="57.182307" lon="36.369707"><ele>135.0</ele><time>2023-07-01T09:03:38Z</time></trkpt><trkpt lat="57.182378" lon="36.369662"><ele>134.9</ele><time>2023-07-01T09:03:46Z</time></trkpt><trkpt lat="57.182448" lon="36.369602"><ele>133.8</ele><time>2023-07-01T09:03:59Z</time></trkpt><trkpt lat="57.18251" lon="36.369527"><ele>133.8</ele><time>2023-07-01T09:04:12Z</time></trkpt><trkpt lat="57.18259" lon="36.369543"><ele>133.3</ele><time>2023-07-01T09:04:28Z</time></trkpt><trkpt lat="57.182662" lon="36.369503"><ele>134.8</ele><time>2023-07-01T09:04:34Z</time></trkpt><trkpt lat="57.182735" lon="36.369453"><ele>135.0</ele><time>2023-07-01T09:04:41Z</time></trkpt><trkpt lat="57.182805" lon="36.369407"><ele>132.9</ele><time>2023-07-01T09:04:50Z</time></trkpt><trkpt lat="57.182873" lon="36.369368"><ele>133.7</ele><time>2023-07-01T09:04:59Z</time></trkpt><trkpt lat="57.182947" lon="36.36933"><ele>133.2</ele><time>2023-07-01T09:05:06Z</time></trkpt><trkpt lat="57.183028" lon="36.369312"><ele>132.0</ele><time>2023-07-01T09:05:12Z</time></trkpt><trkpt lat="57.183105" lon="36.369305"><ele>131.3</ele><time>2023-07-01T09:05:21Z</time></trkpt><trkpt lat="57.183183" lon="36.369303"><ele>131.7</ele><time>2023-07-01T09:05:28Z</time></trkpt><trkpt lat="57.183272" lon="36.369317"><ele>132.4</ele><time>2023-07-01T09:05:35Z</time></trkpt><trkpt lat="57.183352" lon="36.369297"><ele>135.8</ele><time>2023-07-01T09:05:40Z</time></trkpt><trkpt lat="57.183425" lon="36.369228"><ele>134.5</ele><time>2023-07-01T09:05:45Z</time></trkpt><trkpt lat="57.18349" lon="36.369135"><ele>133.5</ele><time>2023-07-01T09:05:52Z</time></trkpt><trkpt lat="57.183563" lon="36.36911"><ele>133.7</ele><time>2023-07-01T09:05:56Z</time></trkpt><trkpt lat="57.183628" lon="36.369022"><ele>135.1</ele><time>2023-07-01T09:06:01Z</time></trkpt><trkpt lat="57.183695" lon="36.368927"><ele>136.5</ele><time>2023-07-01T09:06:06Z</time></trkpt><trkpt lat="57.183753" lon="36.368837"><ele>139.6</ele><time>2023-07-01T09:06:11Z</time></trkpt><trkpt lat="57.18381" lon="36.36875"><ele>136.0</ele><time>2023-07-01T09:06:18Z</time></trkpt><trkpt lat="57.183867" lon="36.368652"><ele>135.2</ele><time>2023-07-01T09:06:26Z</time></trkpt><trkpt lat="57.183942" lon="36.368588"><ele>136.1</ele><time>2023-07-01T09:06:34Z</time></trkpt><trkpt lat="57.184002" lon="36.368508"><ele>135.9</ele><time>2023-07-01T09:06:40Z</time></trkpt><trkpt lat="57.184068" lon="36.36843"><ele>134.4</ele><time>2023-07-01T09:06:49Z</time></trkpt><trkpt lat="57.184132" lon="36.368353"><ele>134.9</ele><time>2023-07-01T09:07:02Z</time></trkpt><trkpt lat="57.184187" lon="36.36826"><ele>136.4</ele><time>2023-07-01T09:07:19Z</time></trkpt><trkpt lat="57.184237" lon="36.368163"><ele>139.0</ele><time>2023-07-01T09:08:26Z</time></trkpt><trkpt lat="57.184268" lon="36.368038"><ele>135.6</ele><time>2023-07-01T09:08:36Z</time></trkpt><trkpt lat="57.184313" lon="36.367933"><ele>134.4</ele><time>2023-07-01T09:08:43Z</time></trkpt><trkpt lat="57.184372" lon="36.367838"><ele>135.2</ele><time>2023-07-01T09:08:50Z</time></trkpt><trkpt lat="57.184428" lon="36.367757"><ele>134.7</ele><time>2023-07-01T09:08:57Z</time></trkpt><trkpt lat="57.184488" lon="36.367657"><ele>135.1</ele><time>2023-07-01T09:09:03Z</time></trkpt><trkpt lat="57.184552" lon="36.36757"><ele>134.9</ele><time>2023-07-01T09:09:09Z</time></trkpt><trkpt lat="57.184618" lon="36.367512"><ele>133.1</ele><time>2023-07-01T09:09:15Z</time></trkpt><trkpt lat="57.184693" lon="36.367468"><ele>132.1</ele><time>2023-07-01T09:09:21Z</time></trkpt><trkpt lat="57.184762" lon="36.367427"><ele>132.4</ele><time>2023-07-01T09:09:27Z</time></trkpt><trkpt lat="57.184827" lon="36.367367"><ele>132.1</ele><time>2023-07-01T09:09:33Z</time></trkpt><trkpt lat="57.184902" lon="36.367318"><ele>132.3</ele><time>2023-07-01T09:09:39Z</time></trkpt><trkpt lat="57.184972" lon="36.367293"><ele>131.3</ele><time>2023-07-01T09:09:45Z</time></trkpt><trkpt lat="57.185043" lon="36.367248"><ele>130.1</ele><time>2023-07-01T09:09:50Z</time></trkpt><trkpt lat="57.185122" lon="36.367187"><ele>129.8</ele><time>2023-07-01T09:09:56Z</time></trkpt><trkpt lat="57.185183" lon="36.367112"><ele>130.6</ele><time>2023-07-01T09:10:01Z</time></trkpt><trkpt lat="57.18526" lon="36.36706"><ele>130.0</ele><time>2023-07-01T09:10:07Z</time></trkpt><trkpt lat="57.185297" lon="36.366945"><ele>129.1</ele><time>2023-07-01T09:10:14Z</time></trkpt><trkpt lat="57.185367" lon="36.366883"><ele>128.6</ele><time>2023-07-01T09:10:24Z</time></trkpt><trkpt lat="57.185432" lon="36.366812"><ele>128.9</ele><time>2023-07-01T09:10:32Z</time></trkpt><trkpt lat="57.185487" lon="36.366713"><ele>128.2</ele><time>2023-07-01T09:10:41Z</time></trkpt><trkpt lat="57.18553" lon="36.3666"><ele>127.5</ele><time>2023-07-01T09:10:49Z</time></trkpt><trkpt lat="57.185567" lon="36.366485"><ele>128.2</ele><time>2023-07-01T09:10:57Z</time></trkpt><trkpt lat="57.18561" lon="36.366367"><ele>126.9</ele><time>2023-07-01T09:11:06Z</time></trkpt><trkpt lat="57.185667" lon="36.366262"><ele>127.2</ele><time>2023-07-01T09:11:14Z</time></trkpt><trkpt lat="57.18571" lon="36.36614"><ele>125.7</ele><time>2023-07-01T09:11:21Z</time></trkpt><trkpt lat="57.185745" lon="36.366022"><ele>125.2</ele><time>2023-07-01T09:11:30Z</time></trkpt><trkpt lat="57.18579" lon="36.365917"><ele>126.2</ele><time>2023-07-01T09:11:38Z</time></trkpt><trkpt lat="57.185828" lon="36.365797"><ele>126.3</ele><time>2023-07-01T09:11:49Z</time></trkpt><trkpt lat="57.185858" lon="36.365672"><ele>124.7</ele><time>2023-07-01T09:12:02Z</time></trkpt><trkpt lat="57.185903" lon="36.36555"><ele>125.8</ele><time>2023-07-01T09:12:10Z</time></trkpt><trkpt lat="57.185955" lon="36.365452"><ele>125.8</ele><time>2023-07-01T09:12:16Z</time></trkpt><trkpt lat="57.186025" lon="36.365345"><ele>125.5</ele><time>2023-07-01T09:12:22Z</time></trkpt><trkpt lat="57.186055" lon="36.365223"><ele>124.5</ele><time>2023-07-01T09:12:28Z</time></trkpt><trkpt lat="57.186092" lon="36.365085"><ele>125.1</ele><time>2023-07-01T09:12:37Z</time></trkpt><trkpt lat="57.18614" lon="36.364962"><ele>126.1</ele><time>2023-07-01T09:12:44Z</time></trkpt><trkpt lat="57.186192" lon="36.364852"><ele>127.3</ele><time>2023-07-01T09:12:52Z</time></trkpt><trkpt lat="57.186245" lon="36.364757"><ele>127.7</ele><time>2023-07-01T09:13:01Z</time></trkpt><trkpt lat="57.186277" lon="36.364622"><ele>129.4</ele><time>2023-07-01T09:13:08Z</time></trkpt><trkpt lat="57.18634" lon="36.364527"><ele>128.2</ele><time>2023-07-01T09:13:16Z</time></trkpt><trkpt lat="57.186398" lon="36.364418"><ele>132.5</ele><time>2023-07-01T09:13:24Z</time></trkpt><trkpt lat="57.186432" lon="36.364298"><ele>132.0</ele><time>2023-07-01T09:13:31Z</time></trkpt><trkpt lat="57.186497" lon="36.364212"><ele>128.6</ele><time>2023-07-01T09:13:37Z</time></trkpt><trkpt lat="57.186563" lon="36.36413"><ele>128.1</ele><time>2023-07-01T09:13:45Z</time></trkpt><trkpt lat="57.18661" lon="36.364025"><ele>123.0</ele><time>2023-07-01T09:13:51Z</time></trkpt><trkpt lat="57.186652" lon="36.363898"><ele>126.0</ele><time>2023-07-01T09:13:58Z</time></trkpt><trkpt lat="57.186712" lon="36.363777"><ele>127.5</ele><time>2023-07-01T09:14:05Z</time></trkpt><trkpt lat="57.18676" lon="36.363675"><ele>125.0</ele><time>2023-07-01T09:14:11Z</time></trkpt><trkpt lat="57.186815" lon="36.363582"><ele>124.0</ele><time>2023-07-01T09:14:17Z</time></trkpt><trkpt lat="57.186863" lon="36.363467"><ele>124.1</ele><time>2023-07-01T09:14:23Z</time></trkpt><trkpt lat="57.186902" lon="36.36334"><ele>123.5</ele><time>2023-07-01T09:14:29Z</time></trkpt><trkpt lat="57.18693" lon="36.363217"><ele>123.1</ele><time>2023-07-01T09:14:35Z</time></trkpt><trkpt lat="57.186977" lon="36.36308"><ele>124.0</ele><time>2023-07-01T09:14:41Z</time></trkpt><trkpt lat="57.18699" lon="36.362948"><ele>126.7</ele><time>2023-07-01T09:14:47Z</time></trkpt><trkpt lat="57.187035" lon="36.362818"><ele>126.2</ele><time>2023-07-01T09:14:53Z</time></trkpt><trkpt lat="57.187077" lon="36.3627"><ele>124.7</ele><time>2023-07-01T09:14:59Z</time></trkpt><trkpt lat="57.187132" lon="36.362597"><ele>128.5</ele><time>2023-07-01T09:15:06Z</time></trkpt><trkpt lat="57.18719" lon="36.362482"><ele>126.2</ele><time>2023-07-01T09:15:13Z</time></trkpt><trkpt lat="57.187243" lon="36.362375"><ele>128.8</ele><time>2023-07-01T09:15:20Z</time></trkpt><trkpt lat="57.187262" lon="36.362235"><ele>126.9</ele><time>2023-07-01T09:15:27Z</time></trkpt><trkpt lat="57.187328" lon="36.362163"><ele>124.7</ele><time>2023-07-01T09:15:38Z</time></trkpt><trkpt lat="57.187368" lon="36.362038"><ele>124.4</ele><time>2023-07-01T09:15:44Z</time></trkpt><trkpt lat="57.187428" lon="36.361938"><ele>125.8</ele><time>2023-07-01T09:15:51Z</time></trkpt><trkpt lat="57.187477" lon="36.361835"><ele>127.0</ele><time>2023-07-01T09:15:59Z</time></trkpt><trkpt lat="57.187502" lon="36.361705"><ele>128.9</ele><time>2023-07-01T09:16:05Z</time></trkpt><trkpt lat="57.187527" lon="36.361567"><ele>126.5</ele><time>2023-07-01T09:16:11Z</time></trkpt><trkpt lat="57.187558" lon="36.361445"><ele>126.2</ele><time>2023-07-01T09:16:20Z</time></trkpt><trkpt lat="57.187572" lon="36.361305"><ele>127.2</ele><time>2023-07-01T09:16:27Z</time></trkpt><trkpt lat="57.187593" lon="36.361177"><ele>125.8</ele><time>2023-07-01T09:16:36Z</time></trkpt><trkpt lat="57.18762" lon="36.36104"><ele>127.9</ele><time>2023-07-01T09:16:45Z</time></trkpt><trkpt lat="57.187668" lon="36.360938"><ele>129.2</ele><time>2023-07-01T09:16:53Z</time></trkpt><trkpt lat="57.187707" lon="36.360823"><ele>126.3</ele><time>2023-07-01T09:17:01Z</time></trkpt><trkpt lat="57.187772" lon="36.360752"><ele>123.5</ele><time>2023-07-01T09:17:11Z</time></trkpt><trkpt lat="57.187837" lon="36.360678"><ele>125.3</ele><time>2023-07-01T09:17:16Z</time></trkpt><trkpt lat="57.187893" lon="36.36058"><ele>124.6</ele><time>2023-07-01T09:17:22Z</time></trkpt><trkpt lat="57.187943" lon="36.36048"><ele>125.0</ele><time>2023-07-01T09:17:29Z</time></trkpt><trkpt lat="57.187997" lon="36.360363"><ele>127.9</ele><time>2023-07-01T09:17:37Z</time></trkpt><trkpt lat="57.188013" lon="36.360233"><ele>125.8</ele><time>2023-07-01T09:17:45Z</time></trkpt><trkpt lat="57.188048" lon="36.36011"><ele>125.1</ele><time>2023-07-01T09:17:57Z</time></trkpt><trkpt lat="57.188123" lon="36.360055"><ele>125.2</ele><time>2023-07-01T09:18:05Z</time></trkpt><trkpt lat="57.188193" lon="36.359998"><ele>127.3</ele><time>2023-07-01T09:18:11Z</time></trkpt><trkpt lat="57.18827" lon="36.359935"><ele>126.5</ele><time>2023-07-01T09:18:18Z</time></trkpt><trkpt lat="57.188328" lon="36.359847"><ele>127.4</ele><time>2023-07-01T09:18:23Z</time></trkpt><trkpt lat="57.188383" lon="36.359757"><ele>128.2</ele><time>2023-07-01T09:18:28Z</time></trkpt><trkpt lat="57.188415" lon="36.359633"><ele>127.8</ele><time>2023-07-01T09:18:36Z</time></trkpt><trkpt lat="57.188453" lon="36.359513"><ele>128.1</ele><time>2023-07-01T09:18:43Z</time></trkpt><trkpt lat="57.188478" lon="36.359382"><ele>126.5</ele><time>2023-07-01T09:18:51Z</time></trkpt><trkpt lat="57.18852" lon="36.359265"><ele>127.4</ele><time>2023-07-01T09:18:58Z</time></trkpt><trkpt lat="57.188563" lon="36.359158"><ele>128.4</ele><time>2023-07-01T09:19:06Z</time></trkpt><trkpt lat="57.188615" lon="36.359057"><ele>127.9</ele><time>2023-07-01T09:19:14Z</time></trkpt><trkpt lat="57.188672" lon="36.358972"><ele>125.3</ele><time>2023-07-01T09:19:22Z</time></trkpt><trkpt lat="57.188738" lon="36.358902"><ele>128.2</ele><time>2023-07-01T09:19:29Z</time></trkpt><trkpt lat="57.188778" lon="36.35879"><ele>128.4</ele><time>2023-07-01T09:19:38Z</time></trkpt><trkpt lat="57.188837" lon="36.358688"><ele>130.3</ele><time>2023-07-01T09:19:45Z</time></trkpt><trkpt lat="57.188895" lon="36.358602"><ele>129.6</ele><time>2023-07-01T09:19:50Z</time></trkpt><trkpt lat="57.188965" lon="36.358538"><ele>129.3</ele><time>2023-07-01T09:19:56Z</time></trkpt><trkpt lat="57.189017" lon="36.358438"><ele>129.2</ele><time>2023-07-01T09:20:04Z</time></trkpt><trkpt lat="57.189073" lon="36.358338"><ele>128.1</ele><time>2023-07-01T09:20:14Z</time></trkpt><trkpt lat="57.189137" lon="36.358255"><ele>128.2</ele><time>2023-07-01T09:20:22Z</time></trkpt><trkpt lat="57.189212" lon="36.358202"><ele>129.4</ele><time>2023-07-01T09:20:28Z</time></trkpt><trkpt lat="57.189262" lon="36.358105"><ele>130.0</ele><time>2023-07-01T09:20:35Z</time></trkpt><trkpt lat="57.189307" lon="36.357998"><ele>131.1</ele><time>2023-07-01T09:20:42Z</time></trkpt><trkpt lat="57.18936" lon="36.357907"><ele>129.9</ele><time>2023-07-01T09:20:51Z</time></trkpt><trkpt lat="57.1894" lon="36.357785"><ele>130.1</ele><time>2023-07-01T09:20:58Z</time></trkpt><trkpt lat="57.189457" lon="36.357677"><ele>128.9</ele><time>2023-07-01T09:21:08Z</time></trkpt><trkpt lat="57.189538" lon="36.357612"><ele>130.2</ele><time>2023-07-01T09:21:13Z</time></trkpt><trkpt lat="57.189598" lon="36.357518"><ele>126.9</ele><time>2023-07-01T09:21:21Z</time></trkpt><trkpt lat="57.189663" lon="36.357422"><ele>128.9</ele><time>2023-07-01T09:21:28Z</time></trkpt><trkpt lat="57.189697" lon="36.357292"><ele>128.8</ele><time>2023-07-01T09:21:35Z</time></trkpt><trkpt lat="57.189722" lon="36.357147"><ele>128.1</ele><time>2023-07-01T09:21:44Z</time></trkpt><trkpt lat="57.189778" lon="36.357052"><ele>126.9</ele><time>2023-07-01T09:21:49Z</time></trkpt><trkpt lat="57.189795" lon="36.35692"><ele>127.4</ele><time>2023-07-01T09:21:57Z</time></trkpt><trkpt lat="57.189842" lon="36.35682"><ele>129.3</ele><time>2023-07-01T09:22:05Z</time></trkpt><trkpt lat="57.189885" lon="36.356697"><ele>132.7</ele><time>2023-07-01T09:22:13Z</time></trkpt><trkpt lat="57.189947" lon="36.356608"><ele>134.5</ele><time>2023-07-01T09:22:19Z</time></trkpt><trkpt lat="57.19001" lon="36.356518"><ele>131.5</ele><time>2023-07-01T09:22:25Z</time></trkpt><trkpt lat="57.190065" lon="36.356425"><ele>131.1</ele><time>2023-07-01T09:22:29Z</time></trkpt><trkpt lat="57.190113" lon="36.356325"><ele>129.9</ele><time>2023-07-01T09:22:34Z</time></trkpt><trkpt lat="57.190155" lon="36.356195"><ele>130.4</ele><time>2023-07-01T09:22:38Z</time></trkpt><trkpt lat="57.19021" lon="36.356105"><ele>131.1</ele><time>2023-07-01T09:22:53Z</time></trkpt><trkpt lat="57.190287" lon="36.356083"><ele>131.3</ele><time>2023-07-01T09:22:59Z</time></trkpt><trkpt lat="57.19036" lon="36.356058"><ele>130.6</ele><time>2023-07-01T09:23:03Z</time></trkpt><trkpt lat="57.190412" lon="36.355963"><ele>131.5</ele><time>2023-07-01T09:23:13Z</time></trkpt><trkpt lat="57.190463" lon="36.35587"><ele>131.2</ele><time>2023-07-01T09:23:20Z</time></trkpt><trkpt lat="57.190522" lon="36.355742"><ele>131.6</ele><time>2023-07-01T09:23:26Z</time></trkpt><trkpt lat="57.190597" lon="36.355683"><ele>127.7</ele><time>2023-07-01T09:23:30Z</time></trkpt><trkpt lat="57.190628" lon="36.355538"><ele>128.8</ele><time>2023-07-01T09:23:41Z</time></trkpt><trkpt lat="57.19069" lon="36.355463"><ele>130.6</ele><time>2023-07-01T09:23:46Z</time></trkpt><trkpt lat="57.190718" lon="36.355323"><ele>129.4</ele><time>2023-07-01T09:23:52Z</time></trkpt><trkpt lat="57.190787" lon="36.355277"><ele>128.0</ele><time>2023-07-01T09:24:00Z</time></trkpt><trkpt lat="57.190845" lon="36.355192"><ele>125.1</ele><time>2023-07-01T09:24:11Z</time></trkpt><trkpt lat="57.190903" lon="36.355105"><ele>124.7</ele><time>2023-07-01T09:24:17Z</time></trkpt><trkpt lat="57.190975" lon="36.355043"><ele>119.4</ele><time>2023-07-01T09:24:32Z</time></trkpt><trkpt lat="57.191043" lon="36.354968"><ele>123.1</ele><time>2023-07-01T09:24:42Z</time></trkpt><trkpt lat="57.191105" lon="36.354888"><ele>122.2</ele><time>2023-07-01T09:24:46Z</time></trkpt><trkpt lat="57.191207" lon="36.35479"><ele>123.8</ele><time>2023-07-01T09:24:50Z</time></trkpt><trkpt lat="57.191282" lon="36.35474"><ele>123.3</ele><time>2023-07-01T09:24:57Z</time></trkpt><trkpt lat="57.19131" lon="36.354578"><ele>123.5</ele><time>2023-07-01T09:25:01Z</time></trkpt><trkpt lat="57.191355" lon="36.35447"><ele>117.2</ele><time>2023-07-01T09:25:23Z</time></trkpt><trkpt lat="57.191435" lon="36.3544"><ele>123.3</ele><time>2023-07-01T09:25:29Z</time></trkpt><trkpt lat="57.191512" lon="36.354357"><ele>121.7</ele><time>2023-07-01T09:25:38Z</time></trkpt><trkpt lat="57.191567" lon="36.354267"><ele>122.9</ele><time>2023-07-01T09:25:47Z</time></trkpt><trkpt lat="57.191643" lon="36.354237"><ele>126.7</ele><time>2023-07-01T09:25:54Z</time></trkpt><trkpt lat="57.191713" lon="36.354173"><ele>121.6</ele><time>2023-07-01T09:26:05Z</time></trkpt><trkpt lat="57.191787" lon="36.354107"><ele>123.3</ele><time>2023-07-01T09:26:09Z</time></trkpt><trkpt lat="57.19186" lon="36.354058"><ele>125.2</ele><time>2023-07-01T09:26:14Z</time></trkpt><trkpt lat="57.191918" lon="36.353982"><ele>126.8</ele><time>2023-07-01T09:26:19Z</time></trkpt><trkpt lat="57.191993" lon="36.353933"><ele>124.2</ele><time>2023-07-01T09:26:25Z</time></trkpt><trkpt lat="57.19205" lon="36.353853"><ele>125.4</ele><time>2023-07-01T09:26:33Z</time></trkpt><trkpt lat="57.192127" lon="36.353857"><ele>125.0</ele><time>2023-07-01T09:26:39Z</time></trkpt><trkpt lat="57.192222" lon="36.353857"><ele>124.5</ele><time>2023-07-01T09:26:47Z</time></trkpt><trkpt lat="57.192293" lon="36.353897"><ele>124.0</ele><time>2023-07-01T09:26:50Z</time></trkpt><trkpt lat="57.192368" lon="36.353898"><ele>123.0</ele><time>2023-07-01T09:26:57Z</time></trkpt><trkpt lat="57.192407" lon="36.354015"><ele>127.7</ele><time>2023-07-01T09:27:06Z</time></trkpt><trkpt lat="57.192475" lon="36.35397"><ele>126.5</ele><time>2023-07-01T09:27:10Z</time></trkpt><trkpt lat="57.192537" lon="36.354055"><ele>127.5</ele><time>2023-07-01T09:27:20Z</time></trkpt><trkpt lat="57.192608" lon="36.354088"><ele>125.0</ele><time>2023-07-01T09:27:29Z</time></trkpt><trkpt lat="57.192673" lon="36.354162"><ele>122.2</ele><time>2023-07-01T09:27:48Z</time></trkpt><trkpt lat="57.192737" lon="36.35423"><ele>124.6</ele><time>2023-07-01T09:27:59Z</time></trkpt><trkpt lat="57.192815" lon="36.354252"><ele>125.3</ele><time>2023-07-01T09:28:06Z</time></trkpt><trkpt lat="57.192887" lon="36.354338"><ele>124.3</ele><time>2023-07-01T09:28:14Z</time></trkpt><trkpt lat="57.192963" lon="36.354372"><ele>122.5</ele><time>2023-07-01T09:28:29Z</time></trkpt><trkpt lat="57.193035" lon="36.35443"><ele>121.4</ele><time>2023-07-01T09:28:37Z</time></trkpt><trkpt lat="57.193107" lon="36.354465"><ele>121.0</ele><time>2023-07-01T09:28:42Z</time></trkpt><trkpt lat="57.193185" lon="36.354548"><ele>119.3</ele><time>2023-07-01T09:28:51Z</time></trkpt><trkpt lat="57.193257" lon="36.354632"><ele>120.4</ele><time>2023-07-01T09:28:57Z</time></trkpt><trkpt lat="57.193333" lon="36.354672"><ele>121.4</ele><time>2023-07-01T09:29:02Z</time></trkpt><trkpt lat="57.193407" lon="36.354682"><ele>120.4</ele><time>2023-07-01T09:29:08Z</time></trkpt><trkpt lat="57.19347" lon="36.354762"><ele>120.6</ele><time>2023-07-01T09:29:15Z</time></trkpt><trkpt lat="57.193528" lon="36.354865"><ele>120.2</ele><time>2023-07-01T09:29:25Z</time></trkpt><trkpt lat="57.193585" lon="36.354952"><ele>121.1</ele><time>2023-07-01T09:29:33Z</time></trkpt><trkpt lat="57.193632" lon="36.35506"><ele>121.2</ele><time>2023-07-01T09:29:42Z</time></trkpt><trkpt lat="57.193698" lon="36.355163"><ele>120.3</ele><time>2023-07-01T09:29:56Z</time></trkpt><trkpt lat="57.19376" lon="36.355238"><ele>121.9</ele><time>2023-07-01T09:30:02Z</time></trkpt><trkpt lat="57.193805" lon="36.35536"><ele>124.5</ele><time>2023-07-01T09:30:10Z</time></trkpt><trkpt lat="57.193857" lon="36.355467"><ele>127.4</ele><time>2023-07-01T09:30:17Z</time></trkpt><trkpt lat="57.193917" lon="36.355548"><ele>127.7</ele><time>2023-07-01T09:30:27Z</time></trkpt><trkpt lat="57.19397" lon="36.355638"><ele>122.9</ele><time>2023-07-01T09:30:40Z</time></trkpt><trkpt lat="57.194037" lon="36.355707"><ele>124.0</ele><time>2023-07-01T09:30:48Z</time></trkpt><trkpt lat="57.19411" lon="36.355743"><ele>123.3</ele><time>2023-07-01T09:30:57Z</time></trkpt><trkpt lat="57.194168" lon="36.355838"><ele>123.7</ele><time>2023-07-01T09:31:05Z</time></trkpt><trkpt lat="57.194223" lon="36.355923"><ele>123.4</ele><time>2023-07-01T09:31:11Z</time></trkpt><trkpt lat="57.194277" lon="36.356033"><ele>120.6</ele><time>2023-07-01T09:31:17Z</time></trkpt><trkpt lat="57.194328" lon="36.356148"><ele>121.5</ele><time>2023-07-01T09:31:24Z</time></trkpt><trkpt lat="57.194353" lon="36.356282"><ele>123.9</ele><time>2023-07-01T09:31:33Z</time></trkpt><trkpt lat="57.194382" lon="36.356423"><ele>122.9</ele><time>2023-07-01T09:31:41Z</time></trkpt><trkpt lat="57.19445" lon="36.356488"><ele>125.1</ele><time>2023-07-01T09:31:48Z</time></trkpt><trkpt lat="57.19449" lon="36.35661"><ele>126.1</ele><time>2023-07-01T09:31:55Z</time></trkpt><trkpt lat="57.194547" lon="36.356722"><ele>125.0</ele><time>2023-07-01T09:32:04Z</time></trkpt><trkpt lat="57.194588" lon="36.356848"><ele>128.4</ele><time>2023-07-01T09:32:16Z</time></trkpt><trkpt lat="57.19464" lon="36.35696"><ele>129.8</ele><time>2023-07-01T09:32:21Z</time></trkpt><trkpt lat="57.194673" lon="36.35708"><ele>130.5</ele><time>2023-07-01T09:32:27Z</time></trkpt><trkpt lat="57.19472" lon="36.357183"><ele>124.7</ele><time>2023-07-01T09:32:36Z</time></trkpt><trkpt lat="57.194765" lon="36.35729"><ele>125.1</ele><time>2023-07-01T09:32:52Z</time></trkpt><trkpt lat="57.194823" lon="36.35739"><ele>122.9</ele><time>2023-07-01T09:33:04Z</time></trkpt><trkpt lat="57.194872" lon="36.35752"><ele>120.8</ele><time>2023-07-01T09:33:11Z</time></trkpt><trkpt lat="57.194923" lon="36.357643"><ele>122.6</ele><time>2023-07-01T09:33:16Z</time></trkpt><trkpt lat="57.194982" lon="36.357737"><ele>123.2</ele><time>2023-07-01T09:33:25Z</time></trkpt><trkpt lat="57.195042" lon="36.357823"><ele>124.3</ele><time>2023-07-01T09:33:33Z</time></trkpt><trkpt lat="57.1951" lon="36.357922"><ele>126.1</ele><time>2023-07-01T09:33:40Z</time></trkpt><trkpt lat="57.195103" lon="36.358072"><ele>122.9</ele><time>2023-07-01T09:33:46Z</time></trkpt><trkpt lat="57.195135" lon="36.358202"><ele>126.1</ele><time>2023-07-01T09:33:51Z</time></trkpt><trkpt lat="57.195168" lon="36.358325"><ele>125.9</ele><time>2023-07-01T09:33:57Z</time></trkpt><trkpt lat="57.19521" lon="36.358447"><ele>124.5</ele><time>2023-07-01T09:34:04Z</time></trkpt><trkpt lat="57.195273" lon="36.358552"><ele>129.3</ele><time>2023-07-01T09:34:11Z</time></trkpt><trkpt lat="57.19529" lon="36.358683"><ele>126.2</ele><time>2023-07-01T09:34:17Z</time></trkpt><trkpt lat="57.195355" lon="36.358782"><ele>125.9</ele><time>2023-07-01T09:34:25Z</time></trkpt><trkpt lat="57.195387" lon="36.35892"><ele>123.6</ele><time>2023-07-01T09:34:31Z</time></trkpt><trkpt lat="57.195388" lon="36.359068"><ele>123.0</ele><time>2023-07-01T09:34:38Z</time></trkpt><trkpt lat="57.195385" lon="36.359202"><ele>123.7</ele><time>2023-07-01T09:34:43Z</time></trkpt><trkpt lat="57.195405" lon="36.359347"><ele>123.0</ele><time>2023-07-01T09:34:50Z</time></trkpt><trkpt lat="57.195453" lon="36.359462"><ele>123.9</ele><time>2023-07-01T09:34:58Z</time></trkpt><trkpt lat="57.195497" lon="36.359608"><ele>126.4</ele><time>2023-07-01T09:35:04Z</time></trkpt><trkpt lat="57.195533" lon="36.359723"><ele>128.5</ele><time>2023-07-01T09:35:11Z</time></trkpt><trkpt lat="57.195588" lon="36.359827"><ele>129.7</ele><time>2023-07-01T09:35:15Z</time></trkpt><trkpt lat="57.195622" lon="36.359952"><ele>129.5</ele><time>2023-07-01T09:35:21Z</time></trkpt><trkpt lat="57.195658" lon="36.36009"><ele>132.2</ele><time>2023-07-01T09:35:28Z</time></trkpt><trkpt lat="57.195653" lon="36.36023"><ele>129.4</ele><time>2023-07-01T09:35:33Z</time></trkpt><trkpt lat="57.195648" lon="36.360382"><ele>125.0</ele><time>2023-07-01T09:35:39Z</time></trkpt><trkpt lat="57.195615" lon="36.360522"><ele>123.2</ele><time>2023-07-01T09:35:43Z</time></trkpt><trkpt lat="57.195647" lon="36.360652"><ele>119.7</ele><time>2023-07-01T09:35:52Z</time></trkpt><trkpt lat="57.1957" lon="36.360748"><ele>118.3</ele><time>2023-07-01T09:35:57Z</time></trkpt><trkpt lat="57.195735" lon="36.36087"><ele>120.6</ele><time>2023-07-01T09:36:04Z</time></trkpt><trkpt lat="57.195795" lon="36.360947"><ele>119.9</ele><time>2023-07-01T09:36:12Z</time></trkpt><trkpt lat="57.195868" lon="36.360978"><ele>118.5</ele><time>2023-07-01T09:36:18Z</time></trkpt><trkpt lat="57.195897" lon="36.361122"><ele>119.2</ele><time>2023-07-01T09:36:24Z</time></trkpt><trkpt lat="57.195943" lon="36.361247"><ele>119.5</ele><time>2023-07-01T09:36:33Z</time></trkpt><trkpt lat="57.195942" lon="36.361407"><ele>120.5</ele><time>2023-07-01T09:36:39Z</time></trkpt><trkpt lat="57.195895" lon="36.361528"><ele>121.8</ele><time>2023-07-01T09:36:46Z</time></trkpt><trkpt lat="57.19587" lon="36.361662"><ele>123.1</ele><time>2023-07-01T09:36:53Z</time></trkpt><trkpt lat="57.195843" lon="36.361802"><ele>125.4</ele><time>2023-07-01T09:37:00Z</time></trkpt><trkpt lat="57.195875" lon="36.36193"><ele>127.9</ele><time>2023-07-01T09:37:07Z</time></trkpt><trkpt lat="57.195927" lon="36.36204"><ele>127.0</ele><time>2023-07-01T09:37:15Z</time></trkpt><trkpt lat="57.195972" lon="36.362158"><ele>126.6</ele><time>2023-07-01T09:37:22Z</time></trkpt><trkpt lat="57.196037" lon="36.362255"><ele>123.6</ele><time>2023-07-01T09:37:29Z</time></trkpt><trkpt lat="57.19609" lon="36.362345"><ele>118.2</ele><time>2023-07-01T09:37:36Z</time></trkpt><trkpt lat="57.196087" lon="36.36248"><ele>117.6</ele><time>2023-07-01T09:37:41Z</time></trkpt><trkpt lat="57.196093" lon="36.362623"><ele>116.7</ele><time>2023-07-01T09:37:47Z</time></trkpt><trkpt lat="57.196103" lon="36.36277"><ele>114.8</ele><time>2023-07-01T09:37:54Z</time></trkpt><trkpt lat="57.196128" lon="36.362903"><ele>117.6</ele><time>2023-07-01T09:38:03Z</time></trkpt><trkpt lat="57.196167" lon="36.363038"><ele>120.0</ele><time>2023-07-01T09:38:11Z</time></trkpt><trkpt lat="57.196153" lon="36.363183"><ele>121.6</ele><time>2023-07-01T09:38:17Z</time></trkpt><trkpt lat="57.196153" lon="36.363325"><ele>121.9</ele><time>2023-07-01T09:38:25Z</time></trkpt><trkpt lat="57.196158" lon="36.363463"><ele>123.5</ele><time>2023-07-01T09:38:31Z</time></trkpt><trkpt lat="57.196182" lon="36.363605"><ele>120.6</ele><time>2023-07-01T09:38:38Z</time></trkpt><trkpt lat="57.19617" lon="36.36376"><ele>117.1</ele><time>2023-07-01T09:38:45Z</time></trkpt><trkpt lat="57.196168" lon="36.363905"><ele>114.2</ele><time>2023-07-01T09:38:53Z</time></trkpt><trkpt lat="57.196183" lon="36.364042"><ele>115.9</ele><time>2023-07-01T09:39:01Z</time></trkpt><trkpt lat="57.19622" lon="36.364168"><ele>113.3</ele><time>2023-07-01T09:39:13Z</time></trkpt><trkpt lat="57.196198" lon="36.364298"><ele>114.1</ele><time>2023-07-01T09:39:19Z</time></trkpt><trkpt lat="57.196192" lon="36.364442"><ele>113.9</ele><time>2023-07-01T09:39:25Z</time></trkpt><trkpt lat="57.196197" lon="36.364593"><ele>116.0</ele><time>2023-07-01T09:39:30Z</time></trkpt><trkpt lat="57.19621" lon="36.364737"><ele>112.9</ele><time>2023-07-01T09:39:35Z</time></trkpt><trkpt lat="57.196267" lon="36.364818"><ele>112.8</ele><time>2023-07-01T09:39:40Z</time></trkpt><trkpt lat="57.196285" lon="36.364967"><ele>114.2</ele><time>2023-07-01T09:39:46Z</time></trkpt><trkpt lat="57.19632" lon="36.365088"><ele>115.8</ele><time>2023-07-01T09:39:52Z</time></trkpt><trkpt lat="57.196357" lon="36.365208"><ele>118.6</ele><time>2023-07-01T09:40:00Z</time></trkpt><trkpt lat="57.196393" lon="36.365338"><ele>114.8</ele><time>2023-07-01T09:40:07Z</time></trkpt><trkpt lat="57.196403" lon="36.365473"><ele>116.2</ele><time>2023-07-01T09:40:13Z</time></trkpt><trkpt lat="57.196415" lon="36.365608"><ele>121.0</ele><time>2023-07-01T09:40:19Z</time></trkpt><trkpt lat="57.196428" lon="36.365745"><ele>123.9</ele><time>2023-07-01T09:40:25Z</time></trkpt><trkpt lat="57.196438" lon="36.365878"><ele>123.4</ele><time>2023-07-01T09:40:31Z</time></trkpt><trkpt lat="57.196452" lon="36.366025"><ele>121.9</ele><time>2023-07-01T09:40:39Z</time></trkpt><trkpt lat="57.196463" lon="36.36616"><ele>121.4</ele><time>2023-07-01T09:40:45Z</time></trkpt><trkpt lat="57.196487" lon="36.366295"><ele>120.2</ele><time>2023-07-01T09:40:51Z</time></trkpt><trkpt lat="57.196492" lon="36.36643"><ele>122.3</ele><time>2023-07-01T09:41:00Z</time></trkpt><trkpt lat="57.196483" lon="36.366565"><ele>123.3</ele><time>2023-07-01T09:41:07Z</time></trkpt><trkpt lat="57.196512" lon="36.366703"><ele>124.7</ele><time>2023-07-01T09:41:15Z</time></trkpt><trkpt lat="57.196525" lon="36.366848"><ele>128.2</ele><time>2023-07-01T09:41:25Z</time></trkpt><trkpt lat="57.196522" lon="36.366998"><ele>128.7</ele><time>2023-07-01T09:41:31Z</time></trkpt><trkpt lat="57.19654" lon="36.367148"><ele>127.5</ele><time>2023-07-01T09:41:39Z</time></trkpt><trkpt lat="57.196553" lon="36.367285"><ele>125.0</ele><time>2023-07-01T09:41:46Z</time></trkpt><trkpt lat="57.196548" lon="36.367417"><ele>124.8</ele><time>2023-07-01T09:41:51Z</time></trkpt><trkpt lat="57.196553" lon="36.36756"><ele>127.6</ele><time>2023-07-01T09:41:57Z</time></trkpt><trkpt lat="57.196562" lon="36.36771"><ele>128.4</ele><time>2023-07-01T09:42:04Z</time></trkpt><trkpt lat="57.19658" lon="36.367857"><ele>127.3</ele><time>2023-07-01T09:42:12Z</time></trkpt><trkpt lat="57.196552" lon="36.367985"><ele>125.5</ele><time>2023-07-01T09:42:17Z</time></trkpt><trkpt lat="57.19653" lon="36.368147"><ele>121.5</ele><time>2023-07-01T09:42:24Z</time></trkpt><trkpt lat="57.196518" lon="36.36828"><ele>122.3</ele><time>2023-07-01T09:42:31Z</time></trkpt><trkpt lat="57.19653" lon="36.368412"><ele>122.0</ele><time>2023-07-01T09:42:39Z</time></trkpt><trkpt lat="57.196533" lon="36.368562"><ele>120.3</ele><time>2023-07-01T09:42:45Z</time></trkpt><trkpt lat="57.1965" lon="36.368692"><ele>117.9</ele><time>2023-07-01T09:42:50Z</time></trkpt><trkpt lat="57.196492" lon="36.368827"><ele>118.7</ele><time>2023-07-01T09:42:55Z</time></trkpt><trkpt lat="57.196487" lon="36.36896"><ele>120.4</ele><time>2023-07-01T09:43:01Z</time></trkpt><trkpt lat="57.196468" lon="36.369102"><ele>120.1</ele><time>2023-07-01T09:43:07Z</time></trkpt><trkpt lat="57.196463" lon="36.369252"><ele>117.1</ele><time>2023-07-01T09:43:12Z</time></trkpt><trkpt lat="57.196442" lon="36.369402"><ele>118.8</ele><time>2023-07-01T09:43:18Z</time></trkpt><trkpt lat="57.196443" lon="36.369548"><ele>119.6</ele><time>2023-07-01T09:43:26Z</time></trkpt><trkpt lat="57.196408" lon="36.369693"><ele>120.6</ele><time>2023-07-01T09:43:32Z</time></trkpt><trkpt lat="57.19641" lon="36.369838"><ele>119.6</ele><time>2023-07-01T09:43:40Z</time></trkpt><trkpt lat="57.196417" lon="36.369973"><ele>119.3</ele><time>2023-07-01T09:43:48Z</time></trkpt><trkpt lat="57.196418" lon="36.370122"><ele>125.8</ele><time>2023-07-01T09:44:03Z</time></trkpt><trkpt lat="57.196445" lon="36.370252"><ele>124.4</ele><time>2023-07-01T09:44:14Z</time></trkpt><trkpt lat="57.196458" lon="36.370385"><ele>125.5</ele><time>2023-07-01T09:44:23Z</time></trkpt><trkpt lat="57.196495" lon="36.37053"><ele>123.1</ele><time>2023-07-01T09:44:30Z</time></trkpt><trkpt lat="57.196493" lon="36.370672"><ele>122.4</ele><time>2023-07-01T09:44:39Z</time></trkpt><trkpt lat="57.196492" lon="36.370807"><ele>123.4</ele><time>2023-07-01T09:44:45Z</time></trkpt><trkpt lat="57.196497" lon="36.370952"><ele>121.5</ele><time>2023-07-01T09:44:52Z</time></trkpt><trkpt lat="57.196527" lon="36.371082"><ele>121.9</ele><time>2023-07-01T09:45:00Z</time></trkpt><trkpt lat="57.196532" lon="36.37122"><ele>123.9</ele><time>2023-07-01T09:45:08Z</time></trkpt><trkpt lat="57.196528" lon="36.37136"><ele>125.5</ele><time>2023-07-01T09:45:15Z</time></trkpt><trkpt lat="57.19653" lon="36.371507"><ele>128.7</ele><time>2023-07-01T09:45:22Z</time></trkpt><trkpt lat="57.196527" lon="36.371648"><ele>128.3</ele><time>2023-07-01T09:45:27Z</time></trkpt><trkpt lat="57.196537" lon="36.371785"><ele>127.8</ele><time>2023-07-01T09:45:35Z</time></trkpt><trkpt lat="57.196532" lon="36.371918"><ele>127.8</ele><time>2023-07-01T09:45:40Z</time></trkpt><trkpt lat="57.196535" lon="36.372057"><ele>128.1</ele><time>2023-07-01T09:45:45Z</time></trkpt><trkpt lat="57.196558" lon="36.372192"><ele>128.3</ele><time>2023-07-01T09:45:51Z</time></trkpt><trkpt lat="57.196568" lon="36.372325"><ele>127.8</ele><time>2023-07-01T09:45:57Z</time></trkpt><trkpt lat="57.196575" lon="36.372478"><ele>127.3</ele><time>2023-07-01T09:46:03Z</time></trkpt><trkpt lat="57.196568" lon="36.372625"><ele>129.3</ele><time>2023-07-01T09:46:09Z</time></trkpt><trkpt lat="57.196568" lon="36.372775"><ele>129.7</ele><time>2023-07-01T09:46:16Z</time></trkpt><trkpt lat="57.196575" lon="36.372908"><ele>130.0</ele><time>2023-07-01T09:46:22Z</time></trkpt><trkpt lat="57.196572" lon="36.373042"><ele>126.8</ele><time>2023-07-01T09:46:28Z</time></trkpt><trkpt lat="57.196578" lon="36.373183"><ele>127.6</ele><time>2023-07-01T09:46:34Z</time></trkpt><trkpt lat="57.19658" lon="36.373328"><ele>129.5</ele><time>2023-07-01T09:46:42Z</time></trkpt><trkpt lat="57.19658" lon="36.373473"><ele>127.2</ele><time>2023-07-01T09:46:48Z</time></trkpt><trkpt lat="57.196588" lon="36.373615"><ele>127.9</ele><time>2023-07-01T09:46:54Z</time></trkpt><trkpt lat="57.196618" lon="36.373757"><ele>130.8</ele><time>2023-07-01T09:47:01Z</time></trkpt><trkpt lat="57.196593" lon="36.373898"><ele>133.3</ele><time>2023-07-01T09:47:07Z</time></trkpt><trkpt lat="57.196593" lon="36.374053"><ele>133.3</ele><time>2023-07-01T09:47:15Z</time></trkpt><trkpt lat="57.196597" lon="36.374188"><ele>133.6</ele><time>2023-07-01T09:47:20Z</time></trkpt><trkpt lat="57.196588" lon="36.374327"><ele>132.9</ele><time>2023-07-01T09:47:25Z</time></trkpt><trkpt lat="57.196572" lon="36.374475"><ele>130.5</ele><time>2023-07-01T09:47:33Z</time></trkpt><trkpt lat="57.196518" lon="36.374593"><ele>130.5</ele><time>2023-07-01T09:47:37Z</time></trkpt><trkpt lat="57.196447" lon="36.374658"><ele>133.2</ele><time>2023-07-01T09:47:43Z</time></trkpt><trkpt lat="57.196408" lon="36.374772"><ele>132.2</ele><time>2023-07-01T09:47:48Z</time></trkpt><trkpt lat="57.19639" lon="36.37491"><ele>134.5</ele><time>2023-07-01T09:47:54Z</time></trkpt><trkpt lat="57.196428" lon="36.37503"><ele>133.1</ele><time>2023-07-01T09:48:02Z</time></trkpt><trkpt lat="57.19643" lon="36.375175"><ele>131.8</ele><time>2023-07-01T09:48:12Z</time></trkpt><trkpt lat="57.1964" lon="36.375302"><ele>131.5</ele><time>2023-07-01T09:48:18Z</time></trkpt><trkpt lat="57.196335" lon="36.37541"><ele>132.0</ele><time>2023-07-01T09:48:22Z</time></trkpt><trkpt lat="57.196348" lon="36.375557"><ele>127.5</ele><time>2023-07-01T09:48:31Z</time></trkpt><trkpt lat="57.196342" lon="36.375693"><ele>129.4</ele><time>2023-07-01T09:48:37Z</time></trkpt><trkpt lat="57.196335" lon="36.375847"><ele>125.9</ele><time>2023-07-01T09:48:44Z</time></trkpt><trkpt lat="57.196323" lon="36.375983"><ele>128.1</ele><time>2023-07-01T09:48:50Z</time></trkpt><trkpt lat="57.196293" lon="36.376118"><ele>130.7</ele><time>2023-07-01T09:48:55Z</time></trkpt><trkpt lat="57.19625" lon="36.376227"><ele>131.7</ele><time>2023-07-01T09:49:01Z</time></trkpt><trkpt lat="57.196212" lon="36.376345"><ele>133.7</ele><time>2023-07-01T09:49:07Z</time></trkpt><trkpt lat="57.196185" lon="36.376483"><ele>136.9</ele><time>2023-07-01T09:49:17Z</time></trkpt><trkpt lat="57.19615" lon="36.376612"><ele>134.1</ele><time>2023-07-01T09:49:25Z</time></trkpt><trkpt lat="57.196125" lon="36.376748"><ele>136.7</ele><time>2023-07-01T09:49:32Z</time></trkpt><trkpt lat="57.196107" lon="36.376888"><ele>138.3</ele><time>2023-07-01T09:49:38Z</time></trkpt><trkpt lat="57.196088" lon="36.377035"><ele>137.6</ele><time>2023-07-01T09:49:44Z</time></trkpt><trkpt lat="57.196047" lon="36.377153"><ele>136.1</ele><time>2023-07-01T09:49:50Z</time></trkpt><trkpt lat="57.196047" lon="36.377302"><ele>133.7</ele><time>2023-07-01T09:49:57Z</time></trkpt><trkpt lat="57.196033" lon="36.377435"><ele>131.3</ele><time>2023-07-01T09:50:02Z</time></trkpt><trkpt lat="57.195997" lon="36.377578"><ele>129.9</ele><time>2023-07-01T09:50:09Z</time></trkpt><trkpt lat="57.195965" lon="36.377707"><ele>131.2</ele><time>2023-07-01T09:50:17Z</time></trkpt><trkpt lat="57.195905" lon="36.377797"><ele>130.1</ele><time>2023-07-01T09:50:21Z</time></trkpt><trkpt lat="57.195833" lon="36.377878"><ele>129.1</ele><time>2023-07-01T09:50:27Z</time></trkpt><trkpt lat="57.19585" lon="36.378032"><ele>127.5</ele><time>2023-07-01T09:50:35Z</time></trkpt><trkpt lat="57.195787" lon="36.378127"><ele>125.8</ele><time>2023-07-01T09:50:41Z</time></trkpt><trkpt lat="57.19573" lon="36.378215"><ele>126.9</ele><time>2023-07-01T09:50:47Z</time></trkpt><trkpt lat="57.195677" lon="36.378317"><ele>122.4</ele><time>2023-07-01T09:50:55Z</time></trkpt><trkpt lat="57.195665" lon="36.378452"><ele>122.0</ele><time>2023-07-01T09:51:05Z</time></trkpt><trkpt lat="57.195598" lon="36.378533"><ele>122.4</ele><time>2023-07-01T09:51:11Z</time></trkpt><trkpt lat="57.19557" lon="36.378677"><ele>124.0</ele><time>2023-07-01T09:51:21Z</time></trkpt><trkpt lat="57.195528" lon="36.378817"><ele>121.0</ele><time>2023-07-01T09:51:27Z</time></trkpt><trkpt lat="57.19549" lon="36.378933"><ele>123.9</ele><time>2023-07-01T09:51:31Z</time></trkpt><trkpt lat="57.195442" lon="36.379057"><ele>124.2</ele><time>2023-07-01T09:51:37Z</time></trkpt><trkpt lat="57.19541" lon="36.37918"><ele>126.4</ele><time>2023-07-01T09:51:42Z</time></trkpt><trkpt lat="57.195378" lon="36.379332"><ele>127.2</ele><time>2023-07-01T09:51:47Z</time></trkpt><trkpt lat="57.195327" lon="36.379438"><ele>132.4</ele><time>2023-07-01T09:51:54Z</time></trkpt><trkpt lat="57.195293" lon="36.379588"><ele>133.6</ele><time>2023-07-01T09:52:01Z</time></trkpt><trkpt lat="57.19527" lon="36.37973"><ele>129.6</ele><time>2023-07-01T09:52:13Z</time></trkpt><trkpt lat="57.195228" lon="36.379842"><ele>131.2</ele><time>2023-07-01T09:52:18Z</time></trkpt><trkpt lat="57.195207" lon="36.379987"><ele>132.1</ele><time>2023-07-01T09:52:23Z</time></trkpt><trkpt lat="57.195182" lon="36.380113"><ele>132.5</ele><time>2023-07-01T09:52:36Z</time></trkpt><trkpt lat="57.19516" lon="36.38025"><ele>127.7</ele><time>2023-07-01T09:52:49Z</time></trkpt><trkpt lat="57.195132" lon="36.380383"><ele>126.2</ele><time>2023-07-01T09:53:00Z</time></trkpt><trkpt lat="57.195102" lon="36.380515"><ele>126.3</ele><time>2023-07-01T09:53:08Z</time></trkpt><trkpt lat="57.195055" lon="36.380623"><ele>125.3</ele><time>2023-07-01T09:53:13Z</time></trkpt><trkpt lat="57.194992" lon="36.380725"><ele>118.9</ele><time>2023-07-01T09:53:20Z</time></trkpt><trkpt lat="57.194932" lon="36.380818"><ele>118.5</ele><time>2023-07-01T09:53:25Z</time></trkpt><trkpt lat="57.194852" lon="36.380902"><ele>120.4</ele><time>2023-07-01T09:53:29Z</time></trkpt><trkpt lat="57.19481" lon="36.381017"><ele>120.0</ele><time>2023-07-01T09:53:37Z</time></trkpt><trkpt lat="57.194772" lon="36.38113"><ele>121.1</ele><time>2023-07-01T09:53:41Z</time></trkpt><trkpt lat="57.194755" lon="36.381287"><ele>125.1</ele><time>2023-07-01T09:53:48Z</time></trkpt><trkpt lat="57.194738" lon="36.38142"><ele>124.2</ele><time>2023-07-01T09:53:56Z</time></trkpt><trkpt lat="57.1947" lon="36.381538"><ele>123.9</ele><time>2023-07-01T09:54:03Z</time></trkpt><trkpt lat="57.194703" lon="36.381672"><ele>126.8</ele><time>2023-07-01T09:54:11Z</time></trkpt><trkpt lat="57.194692" lon="36.381822"><ele>125.1</ele><time>2023-07-01T09:54:21Z</time></trkpt><trkpt lat="57.194668" lon="36.381952"><ele>123.1</ele><time>2023-07-01T09:54:27Z</time></trkpt><trkpt lat="57.19464" lon="36.38209"><ele>123.2</ele><time>2023-07-01T09:54:32Z</time></trkpt><trkpt lat="57.194622" lon="36.382218"><ele>122.5</ele><time>2023-07-01T09:54:38Z</time></trkpt><trkpt lat="57.19461" lon="36.382352"><ele>122.9</ele><time>2023-07-01T09:54:44Z</time></trkpt><trkpt lat="57.194612" lon="36.382495"><ele>124.4</ele><time>2023-07-01T09:54:53Z</time></trkpt><trkpt lat="57.194578" lon="36.382633"><ele>127.4</ele><time>2023-07-01T09:55:00Z</time></trkpt><trkpt lat="57.194542" lon="36.38275"><ele>129.7</ele><time>2023-07-01T09:55:05Z</time></trkpt><trkpt lat="57.19452" lon="36.382882"><ele>125.9</ele><time>2023-07-01T09:55:14Z</time></trkpt><trkpt lat="57.194493" lon="36.383015"><ele>127.7</ele><time>2023-07-01T09:55:20Z</time></trkpt><trkpt lat="57.194488" lon="36.383152"><ele>127.8</ele><time>2023-07-01T09:55:34Z</time></trkpt><trkpt lat="57.194432" lon="36.38326"><ele>132.5</ele><time>2023-07-01T09:55:44Z</time></trkpt><trkpt lat="57.194345" lon="36.38336"><ele>130.1</ele><time>2023-07-01T09:55:52Z</time></trkpt><trkpt lat="57.194265" lon="36.383385"><ele>126.0</ele><time>2023-07-01T09:56:01Z</time></trkpt><trkpt lat="57.19419" lon="36.383437"><ele>124.1</ele><time>2023-07-01T09:56:11Z</time></trkpt><trkpt lat="57.194173" lon="36.383572"><ele>128.6</ele><time>2023-07-01T09:56:30Z</time></trkpt><trkpt lat="57.194132" lon="36.383703"><ele>129.2</ele><time>2023-07-01T09:56:40Z</time></trkpt><trkpt lat="57.194122" lon="36.38385"><ele>124.1</ele><time>2023-07-01T09:56:54Z</time></trkpt><trkpt lat="57.19408" lon="36.38396"><ele>124.5</ele><time>2023-07-01T09:57:04Z</time></trkpt><trkpt lat="57.194048" lon="36.384093"><ele>121.9</ele><time>2023-07-01T09:57:11Z</time></trkpt><trkpt lat="57.194017" lon="36.384235"><ele>120.6</ele><time>2023-07-01T09:57:16Z</time></trkpt><trkpt lat="57.193973" lon="36.384348"><ele>118.6</ele><time>2023-07-01T09:57:22Z</time></trkpt><trkpt lat="57.193977" lon="36.384493"><ele>122.3</ele><time>2023-07-01T09:57:29Z</time></trkpt><trkpt lat="57.19395" lon="36.38462"><ele>123.0</ele><time>2023-07-01T09:57:33Z</time></trkpt><trkpt lat="57.193885" lon="36.38472"><ele>124.7</ele><time>2023-07-01T09:57:39Z</time></trkpt><trkpt lat="57.193838" lon="36.384845"><ele>123.9</ele><time>2023-07-01T09:57:45Z</time></trkpt><trkpt lat="57.193793" lon="36.384973"><ele>124.7</ele><time>2023-07-01T09:57:52Z</time></trkpt><trkpt lat="57.193717" lon="36.385073"><ele>123.9</ele><time>2023-07-01T09:57:58Z</time></trkpt><trkpt lat="57.193665" lon="36.38519"><ele>123.3</ele><time>2023-07-01T09:58:03Z</time></trkpt><trkpt lat="57.193618" lon="36.385295"><ele>123.2</ele><time>2023-07-01T09:58:08Z</time></trkpt><trkpt lat="57.193587" lon="36.385415"><ele>125.4</ele><time>2023-07-01T09:58:14Z</time></trkpt><trkpt lat="57.193523" lon="36.385493"><ele>127.1</ele><time>2023-07-01T09:58:21Z</time></trkpt><trkpt lat="57.193443" lon="36.385572"><ele>129.3</ele><time>2023-07-01T09:58:26Z</time></trkpt><trkpt lat="57.193367" lon="36.385628"><ele>126.5</ele><time>2023-07-01T09:58:33Z</time></trkpt><trkpt lat="57.193302" lon="36.385732"><ele>125.6</ele><time>2023-07-01T09:58:35Z</time></trkpt><trkpt lat="57.19329" lon="36.385865"><ele>123.6</ele><time>2023-07-01T09:58:50Z</time></trkpt><trkpt lat="57.193228" lon="36.385963"><ele>124.2</ele><time>2023-07-01T09:58:55Z</time></trkpt><trkpt lat="57.19317" lon="36.386052"><ele>124.3</ele><time>2023-07-01T09:58:59Z</time></trkpt><trkpt lat="57.193105" lon="36.386125"><ele>124.5</ele><time>2023-07-01T09:59:04Z</time></trkpt><trkpt lat="57.193062" lon="36.386247"><ele>127.0</ele><time>2023-07-01T09:59:10Z</time></trkpt><trkpt lat="57.193013" lon="36.386348"><ele>123.5</ele><time>2023-07-01T09:59:14Z</time></trkpt><trkpt lat="57.192942" lon="36.386428"><ele>121.8</ele><time>2023-07-01T09:59:18Z</time></trkpt><trkpt lat="57.192887" lon="36.386528"><ele>124.2</ele><time>2023-07-01T09:59:24Z</time></trkpt><trkpt lat="57.192827" lon="36.386628"><ele>126.2</ele><time>2023-07-01T09:59:29Z</time></trkpt><trkpt lat="57.19275" lon="36.386718"><ele>119.4</ele><time>2023-07-01T09:59:45Z</time></trkpt><trkpt lat="57.19272" lon="36.386863"><ele>120.0</ele><time>2023-07-01T09:59:50Z</time></trkpt><trkpt lat="57.192698" lon="36.386995"><ele>126.4</ele><time>2023-07-01T09:59:55Z</time></trkpt><trkpt lat="57.192645" lon="36.387087"><ele>127.0</ele><time>2023-07-01T10:00:00Z</time></trkpt><trkpt lat="57.19258" lon="36.387173"><ele>128.0</ele><time>2023-07-01T10:00:06Z</time></trkpt><trkpt lat="57.192527" lon="36.387265"><ele>127.0</ele><time>2023-07-01T10:00:10Z</time></trkpt><trkpt lat="57.192462" lon="36.38736"><ele>125.5</ele><time>2023-07-01T10:00:14Z</time></trkpt><trkpt lat="57.192393" lon="36.387447"><ele>125.9</ele><time>2023-07-01T10:00:18Z</time></trkpt><trkpt lat="57.192333" lon="36.387553"><ele>124.7</ele><time>2023-07-01T10:00:23Z</time></trkpt><trkpt lat="57.192258" lon="36.387635"><ele>122.4</ele><time>2023-07-01T10:00:30Z</time></trkpt><trkpt lat="57.19221" lon="36.387737"><ele>122.3</ele><time>2023-07-01T10:00:36Z</time></trkpt><trkpt lat="57.19216" lon="36.387845"><ele>125.5</ele><time>2023-07-01T10:00:40Z</time></trkpt><trkpt lat="57.192108" lon="36.387973"><ele>119.4</ele><time>2023-07-01T10:00:46Z</time></trkpt><trkpt lat="57.192075" lon="36.388098"><ele>113.8</ele><time>2023-07-01T10:00:53Z</time></trkpt><trkpt lat="57.192" lon="36.388158"><ele>115.6</ele><time>2023-07-01T10:00:59Z</time></trkpt><trkpt lat="57.191943" lon="36.388238"><ele>116.6</ele><time>2023-07-01T10:01:22Z</time></trkpt><trkpt lat="57.191875" lon="36.388333"><ele>117.6</ele><time>2023-07-01T10:01:29Z</time></trkpt><trkpt lat="57.191835" lon="36.388462"><ele>118.0</ele><time>2023-07-01T10:01:37Z</time></trkpt><trkpt lat="57.191773" lon="36.388567"><ele>122.2</ele><time>2023-07-01T10:01:42Z</time></trkpt><trkpt lat="57.1917" lon="36.388698"><ele>125.6</ele><time>2023-07-01T10:01:47Z</time></trkpt><trkpt lat="57.19165" lon="36.388812"><ele>125.1</ele><time>2023-07-01T10:01:50Z</time></trkpt><trkpt lat="57.191603" lon="36.38891"><ele>125.9</ele><time>2023-07-01T10:01:54Z</time></trkpt><trkpt lat="57.191567" lon="36.389033"><ele>123.1</ele><time>2023-07-01T10:01:58Z</time></trkpt><trkpt lat="57.191522" lon="36.389158"><ele>125.6</ele><time>2023-07-01T10:02:04Z</time></trkpt><trkpt lat="57.191458" lon="36.38926"><ele>128.6</ele><time>2023-07-01T10:02:12Z</time></trkpt><trkpt lat="57.191412" lon="36.389378"><ele>127.1</ele><time>2023-07-01T10:02:19Z</time></trkpt><trkpt lat="57.191388" lon="36.389503"><ele>121.7</ele><time>2023-07-01T10:02:30Z</time></trkpt><trkpt lat="57.19136" lon="36.389648"><ele>122.0</ele><time>2023-07-01T10:02:37Z</time></trkpt><trkpt lat="57.191308" lon="36.389765"><ele>121.3</ele><time>2023-07-01T10:02:43Z</time></trkpt><trkpt lat="57.19128" lon="36.389897"><ele>120.9</ele><time>2023-07-01T10:02:49Z</time></trkpt><trkpt lat="57.191225" lon="36.390025"><ele>119.5</ele><time>2023-07-01T10:02:54Z</time></trkpt><trkpt lat="57.19115" lon="36.39006"><ele>117.0</ele><time>2023-07-01T10:03:05Z</time></trkpt><trkpt lat="57.191135" lon="36.39022"><ele>117.1</ele><time>2023-07-01T10:03:11Z</time></trkpt><trkpt lat="57.191093" lon="36.390345"><ele>118.5</ele><time>2023-07-01T10:03:15Z</time></trkpt><trkpt lat="57.191075" lon="36.390482"><ele>119.8</ele><time>2023-07-01T10:03:21Z</time></trkpt><trkpt lat="57.191045" lon="36.39064"><ele>123.3</ele><time>2023-07-01T10:03:28Z</time></trkpt><trkpt lat="57.191008" lon="36.390782"><ele>124.7</ele><time>2023-07-01T10:03:33Z</time></trkpt><trkpt lat="57.190992" lon="36.390913"><ele>122.2</ele><time>2023-07-01T10:03:42Z</time></trkpt><trkpt lat="57.190958" lon="36.391042"><ele>119.5</ele><time>2023-07-01T10:03:47Z</time></trkpt><trkpt lat="57.190923" lon="36.391162"><ele>119.3</ele><time>2023-07-01T10:03:51Z</time></trkpt><trkpt lat="57.190887" lon="36.391317"><ele>121.0</ele><time>2023-07-01T10:03:57Z</time></trkpt><trkpt lat="57.190862" lon="36.391443"><ele>118.9</ele><time>2023-07-01T10:04:06Z</time></trkpt><trkpt lat="57.190847" lon="36.391573"><ele>111.7</ele><time>2023-07-01T10:04:15Z</time></trkpt><trkpt lat="57.190818" lon="36.391703"><ele>112.0</ele><time>2023-07-01T10:04:23Z</time></trkpt><trkpt lat="57.190785" lon="36.391845"><ele>111.7</ele><time>2023-07-01T10:04:30Z</time></trkpt><trkpt lat="57.190752" lon="36.391963"><ele>112.7</ele><time>2023-07-01T10:04:33Z</time></trkpt><trkpt lat="57.190703" lon="36.392092"><ele>110.4</ele><time>2023-07-01T10:04:37Z</time></trkpt><trkpt lat="57.190695" lon="36.392242"><ele>112.1</ele><time>2023-07-01T10:04:44Z</time></trkpt><trkpt lat="57.190667" lon="36.392392"><ele>112.5</ele><time>2023-07-01T10:04:50Z</time></trkpt><trkpt lat="57.19063" lon="36.392517"><ele>111.7</ele><time>2023-07-01T10:04:54Z</time></trkpt><trkpt lat="57.190608" lon="36.392668"><ele>115.9</ele><time>2023-07-01T10:04:59Z</time></trkpt><trkpt lat="57.190555" lon="36.392807"><ele>117.5</ele><time>2023-07-01T10:05:03Z</time></trkpt><trkpt lat="57.190492" lon="36.392902"><ele>119.0</ele><time>2023-07-01T10:05:06Z</time></trkpt><trkpt lat="57.190428" lon="36.392995"><ele>116.5</ele><time>2023-07-01T10:05:16Z</time></trkpt><trkpt lat="57.190343" lon="36.393055"><ele>116.6</ele><time>2023-07-01T10:05:20Z</time></trkpt><trkpt lat="57.190293" lon="36.393183"><ele>118.0</ele><time>2023-07-01T10:05:24Z</time></trkpt><trkpt lat="57.190315" lon="36.39332"><ele>119.4</ele><time>2023-07-01T10:05:38Z</time></trkpt><trkpt lat="57.190313" lon="36.393458"><ele>123.2</ele><time>2023-07-01T10:05:47Z</time></trkpt><trkpt lat="57.190252" lon="36.393558"><ele>121.7</ele><time>2023-07-01T10:05:54Z</time></trkpt><trkpt lat="57.190175" lon="36.393622"><ele>120.1</ele><time>2023-07-01T10:06:00Z</time></trkpt><trkpt lat="57.190105" lon="36.393685"><ele>119.8</ele><time>2023-07-01T10:06:09Z</time></trkpt><trkpt lat="57.190042" lon="36.393752"><ele>123.5</ele><time>2023-07-01T10:06:17Z</time></trkpt><trkpt lat="57.189975" lon="36.393812"><ele>126.4</ele><time>2023-07-01T10:06:24Z</time></trkpt><trkpt lat="57.19004" lon="36.393723"><ele>128.9</ele><time>2023-07-01T10:06:27Z</time></trkpt><trkpt lat="57.189967" lon="36.393825"><ele>129.6</ele><time>2023-07-01T10:06:30Z</time></trkpt><trkpt lat="57.189897" lon="36.393862"><ele>128.1</ele><time>2023-07-01T10:06:35Z</time></trkpt><trkpt lat="57.189842" lon="36.393963"><ele>130.5</ele><time>2023-07-01T10:06:45Z</time></trkpt><trkpt lat="57.18977" lon="36.394045"><ele>128.9</ele><time>2023-07-01T10:06:50Z</time></trkpt><trkpt lat="57.1897" lon="36.394088"><ele>125.9</ele><time>2023-07-01T10:06:55Z</time></trkpt><trkpt lat="57.189638" lon="36.394172"><ele>125.5</ele><time>2023-07-01T10:07:03Z</time></trkpt><trkpt lat="57.189573" lon="36.39428"><ele>123.0</ele><time>2023-07-01T10:07:07Z</time></trkpt><trkpt lat="57.189522" lon="36.394383"><ele>119.6</ele><time>2023-07-01T10:07:10Z</time></trkpt><trkpt lat="57.189472" lon="36.39451"><ele>120.5</ele><time>2023-07-01T10:07:15Z</time></trkpt><trkpt lat="57.189435" lon="36.394635"><ele>121.5</ele><time>2023-07-01T10:07:18Z</time></trkpt><trkpt lat="57.189377" lon="36.394748"><ele>120.6</ele><time>2023-07-01T10:07:21Z</time></trkpt><trkpt lat="57.18932" lon="36.394835"><ele>120.7</ele><time>2023-07-01T10:07:24Z</time></trkpt><trkpt lat="57.189258" lon="36.394978"><ele>117.5</ele><time>2023-07-01T10:07:27Z</time></trkpt><trkpt lat="57.1892" lon="36.395057"><ele>113.3</ele><time>2023-07-01T10:07:31Z</time></trkpt><trkpt lat="57.189133" lon="36.395122"><ele>111.7</ele><time>2023-07-01T10:07:35Z</time></trkpt><trkpt lat="57.189087" lon="36.395235"><ele>113.3</ele><time>2023-07-01T10:07:39Z</time></trkpt><trkpt lat="57.189038" lon="36.395365"><ele>113.5</ele><time>2023-07-01T10:07:46Z</time></trkpt><trkpt lat="57.189005" lon="36.395485"><ele>113.0</ele><time>2023-07-01T10:07:51Z</time></trkpt><trkpt lat="57.188938" lon="36.395568"><ele>110.6</ele><time>2023-07-01T10:07:58Z</time></trkpt><trkpt lat="57.188892" lon="36.395677"><ele>110.5</ele><time>2023-07-01T10:08:06Z</time></trkpt><trkpt lat="57.188843" lon="36.395785"><ele>107.5</ele><time>2023-07-01T10:08:13Z</time></trkpt><trkpt lat="57.18878" lon="36.395887"><ele>110.0</ele><time>2023-07-01T10:08:19Z</time></trkpt><trkpt lat="57.18871" lon="36.395945"><ele>112.3</ele><time>2023-07-01T10:08:28Z</time></trkpt><trkpt lat="57.188735" lon="36.396075"><ele>108.2</ele><time>2023-07-01T10:08:34Z</time></trkpt><trkpt lat="57.188717" lon="36.396217"><ele>109.7</ele><time>2023-07-01T10:08:38Z</time></trkpt><trkpt lat="57.18869" lon="36.396355"><ele>111.1</ele><time>2023-07-01T10:08:43Z</time></trkpt><trkpt lat="57.18864" lon="36.396458"><ele>112.1</ele><time>2023-07-01T10:08:47Z</time></trkpt><trkpt lat="57.188568" lon="36.396523"><ele>112.7</ele><time>2023-07-01T10:08:52Z</time></trkpt><trkpt lat="57.188512" lon="36.396608"><ele>114.9</ele><time>2023-07-01T10:09:00Z</time></trkpt><trkpt lat="57.188467" lon="36.39674"><ele>115.4</ele><time>2023-07-01T10:09:11Z</time></trkpt><trkpt lat="57.188448" lon="36.396898"><ele>116.2</ele><time>2023-07-01T10:09:17Z</time></trkpt><trkpt lat="57.188395" lon="36.397042"><ele>119.4</ele><time>2023-07-01T10:09:21Z</time></trkpt><trkpt lat="57.188333" lon="36.397143"><ele>112.8</ele><time>2023-07-01T10:09:26Z</time></trkpt><trkpt lat="57.188292" lon="36.397252"><ele>114.6</ele><time>2023-07-01T10:09:31Z</time></trkpt><trkpt lat="57.188215" lon="36.397318"><ele>113.5</ele><time>2023-07-01T10:09:34Z</time></trkpt><trkpt lat="57.18822" lon="36.397465"><ele>112.5</ele><time>2023-07-01T10:09:36Z</time></trkpt><trkpt lat="57.188203" lon="36.397605"><ele>111.1</ele><time>2023-07-01T10:09:41Z</time></trkpt><trkpt lat="57.188182" lon="36.397733"><ele>114.8</ele><time>2023-07-01T10:09:48Z</time></trkpt><trkpt lat="57.188137" lon="36.397845"><ele>113.9</ele><time>2023-07-01T10:09:52Z</time></trkpt><trkpt lat="57.188083" lon="36.397962"><ele>116.4</ele><time>2023-07-01T10:09:55Z</time></trkpt><trkpt lat="57.188027" lon="36.398072"><ele>115.1</ele><time>2023-07-01T10:09:59Z</time></trkpt><trkpt lat="57.18797" lon="36.398197"><ele>118.1</ele><time>2023-07-01T10:10:05Z</time></trkpt><trkpt lat="57.187912" lon="36.398287"><ele>119.5</ele><time>2023-07-01T10:10:09Z</time></trkpt><trkpt lat="57.187842" lon="36.398428"><ele>121.4</ele><time>2023-07-01T10:10:18Z</time></trkpt><trkpt lat="57.187783" lon="36.39851"><ele>120.5</ele><time>2023-07-01T10:10:20Z</time></trkpt><trkpt lat="57.187725" lon="36.39862"><ele>117.2</ele><time>2023-07-01T10:10:33Z</time></trkpt><trkpt lat="57.187658" lon="36.398683"><ele>119.3</ele><time>2023-07-01T10:10:38Z</time></trkpt><trkpt lat="57.187578" lon="36.398693"><ele>119.7</ele><time>2023-07-01T10:10:48Z</time></trkpt><trkpt lat="57.187532" lon="36.398798"><ele>122.3</ele><time>2023-07-01T10:10:55Z</time></trkpt><trkpt lat="57.187498" lon="36.398935"><ele>125.5</ele><time>2023-07-01T10:11:02Z</time></trkpt><trkpt lat="57.187465" lon="36.399055"><ele>123.3</ele><time>2023-07-01T10:11:09Z</time></trkpt><trkpt lat="57.187435" lon="36.399205"><ele>122.1</ele><time>2023-07-01T10:11:15Z</time></trkpt><trkpt lat="57.187393" lon="36.399315"><ele>122.7</ele><time>2023-07-01T10:11:20Z</time></trkpt><trkpt lat="57.187348" lon="36.399448"><ele>119.7</ele><time>2023-07-01T10:11:28Z</time></trkpt><trkpt lat="57.187312" lon="36.399563"><ele>122.3</ele><time>2023-07-01T10:11:42Z</time></trkpt><trkpt lat="57.187288" lon="36.39972"><ele>122.3</ele><time>2023-07-01T10:11:52Z</time></trkpt><trkpt lat="57.187315" lon="36.399848"><ele>123.7</ele><time>2023-07-01T10:11:59Z</time></trkpt><trkpt lat="57.18729" lon="36.399975"><ele>120.1</ele><time>2023-07-01T10:12:08Z</time></trkpt><trkpt lat="57.187228" lon="36.400047"><ele>120.6</ele><time>2023-07-01T10:12:16Z</time></trkpt><trkpt lat="57.187172" lon="36.400158"><ele>116.2</ele><time>2023-07-01T10:12:23Z</time></trkpt><trkpt lat="57.187145" lon="36.400283"><ele>116.7</ele><time>2023-07-01T10:12:29Z</time></trkpt><trkpt lat="57.187128" lon="36.400433"><ele>118.9</ele><time>2023-07-01T10:12:34Z</time></trkpt><trkpt lat="57.187085" lon="36.400573"><ele>118.8</ele><time>2023-07-01T10:12:38Z</time></trkpt><trkpt lat="57.187058" lon="36.400698"><ele>119.6</ele><time>2023-07-01T10:12:42Z</time></trkpt><trkpt lat="57.187027" lon="36.400863"><ele>122.1</ele><time>2023-07-01T10:12:47Z</time></trkpt><trkpt lat="57.186993" lon="36.40099"><ele>121.2</ele><time>2023-07-01T10:12:51Z</time></trkpt><trkpt lat="57.18696" lon="36.401142"><ele>121.9</ele><time>2023-07-01T10:12:56Z</time></trkpt><trkpt lat="57.186942" lon="36.401298"><ele>125.7</ele><time>2023-07-01T10:13:01Z</time></trkpt><trkpt lat="57.186918" lon="36.401447"><ele>126.6</ele><time>2023-07-01T10:13:07Z</time></trkpt><trkpt lat="57.186892" lon="36.401605"><ele>127.4</ele><time>2023-07-01T10:13:12Z</time></trkpt><trkpt lat="57.186883" lon="36.401745"><ele>123.0</ele><time>2023-07-01T10:13:19Z</time></trkpt><trkpt lat="57.186863" lon="36.401888"><ele>124.9</ele><time>2023-07-01T10:13:25Z</time></trkpt><trkpt lat="57.186848" lon="36.402028"><ele>123.6</ele><time>2023-07-01T10:13:30Z</time></trkpt><trkpt lat="57.186782" lon="36.402103"><ele>125.3</ele><time>2023-07-01T10:13:34Z</time></trkpt><trkpt lat="57.186798" lon="36.40224"><ele>123.1</ele><time>2023-07-01T10:13:43Z</time></trkpt><trkpt lat="57.186753" lon="36.402347"><ele>124.0</ele><time>2023-07-01T10:13:48Z</time></trkpt><trkpt lat="57.186735" lon="36.40249"><ele>123.2</ele><time>2023-07-01T10:13:55Z</time></trkpt><trkpt lat="57.186702" lon="36.402618"><ele>121.0</ele><time>2023-07-01T10:14:03Z</time></trkpt><trkpt lat="57.186662" lon="36.402748"><ele>121.9</ele><time>2023-07-01T10:14:08Z</time></trkpt><trkpt lat="57.186623" lon="36.402883"><ele>120.3</ele><time>2023-07-01T10:14:15Z</time></trkpt><trkpt lat="57.186618" lon="36.403023"><ele>118.8</ele><time>2023-07-01T10:14:21Z</time></trkpt><trkpt lat="57.186625" lon="36.403168"><ele>118.4</ele><time>2023-07-01T10:14:31Z</time></trkpt><trkpt lat="57.186602" lon="36.403303"><ele>123.1</ele><time>2023-07-01T10:14:38Z</time></trkpt><trkpt lat="57.186562" lon="36.403427"><ele>120.4</ele><time>2023-07-01T10:14:44Z</time></trkpt><trkpt lat="57.18654" lon="36.403578"><ele>124.1</ele><time>2023-07-01T10:14:51Z</time></trkpt><trkpt lat="57.186547" lon="36.403722"><ele>123.6</ele><time>2023-07-01T10:14:58Z</time></trkpt><trkpt lat="57.18657" lon="36.403883"><ele>125.2</ele><time>2023-07-01T10:15:12Z</time></trkpt><trkpt lat="57.186542" lon="36.404018"><ele>125.7</ele><time>2023-07-01T10:15:17Z</time></trkpt><trkpt lat="57.186495" lon="36.40415"><ele>127.6</ele><time>2023-07-01T10:15:21Z</time></trkpt><trkpt lat="57.186473" lon="36.404277"><ele>125.9</ele><time>2023-07-01T10:15:26Z</time></trkpt><trkpt lat="57.186467" lon="36.404412"><ele>127.0</ele><time>2023-07-01T10:15:32Z</time></trkpt><trkpt lat="57.186472" lon="36.404553"><ele>125.6</ele><time>2023-07-01T10:15:37Z</time></trkpt><trkpt lat="57.186473" lon="36.404698"><ele>124.9</ele><time>2023-07-01T10:15:43Z</time></trkpt><trkpt lat="57.186463" lon="36.404837"><ele>126.3</ele><time>2023-07-01T10:15:50Z</time></trkpt><trkpt lat="57.186452" lon="36.404993"><ele>124.6</ele><time>2023-07-01T10:15:57Z</time></trkpt><trkpt lat="57.186442" lon="36.405138"><ele>126.5</ele><time>2023-07-01T10:16:02Z</time></trkpt><trkpt lat="57.186423" lon="36.405283"><ele>124.0</ele><time>2023-07-01T10:16:06Z</time></trkpt><trkpt lat="57.186432" lon="36.405432"><ele>126.5</ele><time>2023-07-01T10:16:11Z</time></trkpt><trkpt lat="57.186437" lon="36.40557"><ele>129.6</ele><time>2023-07-01T10:16:17Z</time></trkpt><trkpt lat="57.186447" lon="36.405722"><ele>130.3</ele><time>2023-07-01T10:16:22Z</time></trkpt><trkpt lat="57.186465" lon="36.405855"><ele>130.1</ele><time>2023-07-01T10:16:29Z</time></trkpt><trkpt lat="57.186518" lon="36.405952"><ele>129.8</ele><time>2023-07-01T10:16:34Z</time></trkpt><trkpt lat="57.186572" lon="36.406052"><ele>128.1</ele><time>2023-07-01T10:16:40Z</time></trkpt><trkpt lat="57.186638" lon="36.406155"><ele>126.6</ele><time>2023-07-01T10:16:45Z</time></trkpt><trkpt lat="57.186713" lon="36.406205"><ele>128.9</ele><time>2023-07-01T10:16:49Z</time></trkpt><trkpt lat="57.186788" lon="36.40626"><ele>130.2</ele><time>2023-07-01T10:16:55Z</time></trkpt><trkpt lat="57.18686" lon="36.40629"><ele>131.7</ele><time>2023-07-01T10:17:01Z</time></trkpt><trkpt lat="57.186902" lon="36.406402"><ele>126.0</ele><time>2023-07-01T10:17:11Z</time></trkpt><trkpt lat="57.186932" lon="36.406537"><ele>124.1</ele><time>2023-07-01T10:17:19Z</time></trkpt><trkpt lat="57.186928" lon="36.406675"><ele>123.3</ele><time>2023-07-01T10:17:28Z</time></trkpt><trkpt lat="57.186942" lon="36.406817"><ele>123.4</ele><time>2023-07-01T10:17:47Z</time></trkpt><trkpt lat="57.186998" lon="36.406927"><ele>123.7</ele><time>2023-07-01T10:17:55Z</time></trkpt><trkpt lat="57.187038" lon="36.407048"><ele>122.8</ele><time>2023-07-01T10:18:02Z</time></trkpt><trkpt lat="57.187067" lon="36.407187"><ele>125.2</ele><time>2023-07-01T10:18:10Z</time></trkpt><trkpt lat="57.187113" lon="36.407302"><ele>126.7</ele><time>2023-07-01T10:18:16Z</time></trkpt><trkpt lat="57.187168" lon="36.407398"><ele>126.8</ele><time>2023-07-01T10:18:26Z</time></trkpt><trkpt lat="57.1872" lon="36.407525"><ele>126.0</ele><time>2023-07-01T10:18:38Z</time></trkpt><trkpt lat="57.187222" lon="36.407668"><ele>125.2</ele><time>2023-07-01T10:18:45Z</time></trkpt><trkpt lat="57.18724" lon="36.407797"><ele>126.6</ele><time>2023-07-01T10:18:51Z</time></trkpt><trkpt lat="57.187257" lon="36.407938"><ele>126.5</ele><time>2023-07-01T10:19:00Z</time></trkpt><trkpt lat="57.187268" lon="36.408108"><ele>127.9</ele><time>2023-07-01T10:19:06Z</time></trkpt><trkpt lat="57.187268" lon="36.408253"><ele>127.6</ele><time>2023-07-01T10:19:11Z</time></trkpt><trkpt lat="57.187268" lon="36.408392"><ele>125.5</ele><time>2023-07-01T10:19:19Z</time></trkpt><trkpt lat="57.187278" lon="36.408527"><ele>122.9</ele><time>2023-07-01T10:19:31Z</time></trkpt><trkpt lat="57.187292" lon="36.408677"><ele>121.6</ele><time>2023-07-01T10:19:38Z</time></trkpt><trkpt lat="57.187305" lon="36.408828"><ele>124.3</ele><time>2023-07-01T10:19:44Z</time></trkpt><trkpt lat="57.187308" lon="36.408992"><ele>123.0</ele><time>2023-07-01T10:19:49Z</time></trkpt><trkpt lat="57.187312" lon="36.40914"><ele>117.8</ele><time>2023-07-01T10:19:58Z</time></trkpt><trkpt lat="57.18737" lon="36.409262"><ele>118.8</ele><time>2023-07-01T10:20:07Z</time></trkpt><trkpt lat="57.187377" lon="36.409412"><ele>123.0</ele><time>2023-07-01T10:20:12Z</time></trkpt><trkpt lat="57.18741" lon="36.409532"><ele>124.1</ele><time>2023-07-01T10:20:24Z</time></trkpt><trkpt lat="57.187438" lon="36.40967"><ele>123.6</ele><time>2023-07-01T10:20:32Z</time></trkpt><trkpt lat="57.187457" lon="36.409823"><ele>125.6</ele><time>2023-07-01T10:20:39Z</time></trkpt><trkpt lat="57.187522" lon="36.409898"><ele>125.6</ele><time>2023-07-01T10:20:45Z</time></trkpt><trkpt lat="57.187547" lon="36.410027"><ele>125.8</ele><time>2023-07-01T10:20:50Z</time></trkpt><trkpt lat="57.187617" lon="36.410085"><ele>127.9</ele><time>2023-07-01T10:21:00Z</time></trkpt><trkpt lat="57.187638" lon="36.410218"><ele>129.5</ele><time>2023-07-01T10:21:08Z</time></trkpt><trkpt lat="57.187637" lon="36.410352"><ele>127.9</ele><time>2023-07-01T10:21:19Z</time></trkpt><trkpt lat="57.187643" lon="36.410483"><ele>127.1</ele><time>2023-07-01T10:21:28Z</time></trkpt><trkpt lat="57.187635" lon="36.410625"><ele>125.9</ele><time>2023-07-01T10:21:37Z</time></trkpt><trkpt lat="57.18769" lon="36.41071"><ele>125.8</ele><time>2023-07-01T10:21:45Z</time></trkpt><trkpt lat="57.187752" lon="36.410778"><ele>126.9</ele><time>2023-07-01T10:21:54Z</time></trkpt><trkpt lat="57.187807" lon="36.410873"><ele>127.9</ele><time>2023-07-01T10:22:12Z</time></trkpt><trkpt lat="57.187763" lon="36.410983"><ele>125.0</ele><time>2023-07-01T10:22:19Z</time></trkpt><trkpt lat="57.1878" lon="36.41113"><ele>126.7</ele><time>2023-07-01T10:22:28Z</time></trkpt><trkpt lat="57.187848" lon="36.411235"><ele>125.0</ele><time>2023-07-01T10:22:52Z</time></trkpt><trkpt lat="57.187902" lon="36.411333"><ele>126.2</ele><time>2023-07-01T10:23:13Z</time></trkpt><trkpt lat="57.18796" lon="36.411455"><ele>126.3</ele><time>2023-07-01T10:23:20Z</time></trkpt><trkpt lat="57.18803" lon="36.411485"><ele>126.8</ele><time>2023-07-01T10:23:30Z</time></trkpt><trkpt lat="57.188053" lon="36.411612"><ele>130.7</ele><time>2023-07-01T10:23:37Z</time></trkpt><trkpt lat="57.188052" lon="36.411757"><ele>129.9</ele><time>2023-07-01T10:23:46Z</time></trkpt><trkpt lat="57.188115" lon="36.411833"><ele>122.2</ele><time>2023-07-01T10:24:05Z</time></trkpt><trkpt lat="57.188158" lon="36.411955"><ele>122.8</ele><time>2023-07-01T10:24:17Z</time></trkpt><trkpt lat="57.188213" lon="36.412047"><ele>125.1</ele><time>2023-07-01T10:24:43Z</time></trkpt><trkpt lat="57.188285" lon="36.412078"><ele>115.8</ele><time>2023-07-01T10:27:26Z</time></trkpt><trkpt lat="57.188352" lon="36.412135"><ele>113.5</ele><time>2023-07-01T10:27:38Z</time></trkpt><trkpt lat="57.188413" lon="36.412208"><ele>113.6</ele><time>2023-07-01T10:27:55Z</time></trkpt><trkpt lat="57.188477" lon="36.412128"><ele>116.7</ele><time>2023-07-01T10:28:10Z</time></trkpt><trkpt lat="57.188542" lon="36.412057"><ele>118.5</ele><time>2023-07-01T10:28:26Z</time></trkpt><trkpt lat="57.188598" lon="36.411963"><ele>118.6</ele><time>2023-07-01T10:28:37Z</time></trkpt><trkpt lat="57.18865" lon="36.411853"><ele>119.5</ele><time>2023-07-01T10:28:46Z</time></trkpt><trkpt lat="57.188712" lon="36.411782"><ele>119.4</ele><time>2023-07-01T10:28:57Z</time></trkpt><trkpt lat="57.188738" lon="36.411657"><ele>117.9</ele><time>2023-07-01T10:29:30Z</time></trkpt><trkpt lat="57.188777" lon="36.411537"><ele>119.4</ele><time>2023-07-01T10:30:27Z</time></trkpt><trkpt lat="57.188835" lon="36.41145"><ele>119.9</ele><time>2023-07-01T10:30:36Z</time></trkpt><trkpt lat="57.188847" lon="36.411318"><ele>117.7</ele><time>2023-07-01T10:30:52Z</time></trkpt><trkpt lat="57.18887" lon="36.411192"><ele>118.9</ele><time>2023-07-01T10:31:10Z</time></trkpt><trkpt lat="57.188887" lon="36.411052"><ele>117.5</ele><time>2023-07-01T10:31:19Z</time></trkpt><trkpt lat="57.18895" lon="36.410943"><ele>118.2</ele><time>2023-07-01T10:31:25Z</time></trkpt><trkpt lat="57.189025" lon="36.4109"><ele>118.4</ele><time>2023-07-01T10:31:30Z</time></trkpt><trkpt lat="57.189063" lon="36.410772"><ele>116.1</ele><time>2023-07-01T10:31:55Z</time></trkpt><trkpt lat="57.189072" lon="36.410638"><ele>117.2</ele><time>2023-07-01T10:32:03Z</time></trkpt><trkpt lat="57.189113" lon="36.410505"><ele>117.0</ele><time>2023-07-01T10:32:10Z</time></trkpt><trkpt lat="57.189128" lon="36.41037"><ele>116.6</ele><time>2023-07-01T10:32:15Z</time></trkpt><trkpt lat="57.189172" lon="36.410237"><ele>116.6</ele><time>2023-07-01T10:32:28Z</time></trkpt><trkpt lat="57.189253" lon="36.410285"><ele>115.6</ele><time>2023-07-01T10:32:50Z</time></trkpt><trkpt lat="57.189227" lon="36.410437"><ele>114.3</ele><time>2023-07-01T10:32:58Z</time></trkpt><trkpt lat="57.189302" lon="36.410397"><ele>120.7</ele><time>2023-07-01T10:33:39Z</time></trkpt><trkpt lat="57.189225" lon="36.410387"><ele>123.7</ele><time>2023-07-01T10:34:11Z</time></trkpt><trkpt lat="57.189143" lon="36.410403"><ele>118.7</ele><time>2023-07-01T10:35:38Z</time></trkpt><trkpt lat="57.189117" lon="36.410525"><ele>119.4</ele><time>2023-07-01T10:35:43Z</time></trkpt><trkpt lat="57.18908" lon="36.410653"><ele>118.6</ele><time>2023-07-01T10:35:50Z</time></trkpt><trkpt lat="57.189057" lon="36.410783"><ele>119.5</ele><time>2023-07-01T10:35:57Z</time></trkpt><trkpt lat="57.189025" lon="36.410902"><ele>120.3</ele><time>2023-07-01T10:36:07Z</time></trkpt><trkpt lat="57.188958" lon="36.41096"><ele>119.2</ele><time>2023-07-01T10:36:22Z</time></trkpt><trkpt lat="57.188927" lon="36.411085"><ele>119.7</ele><time>2023-07-01T10:36:51Z</time></trkpt><trkpt lat="57.18887" lon="36.411182"><ele>120.8</ele><time>2023-07-01T10:36:58Z</time></trkpt><trkpt lat="57.188858" lon="36.411327"><ele>120.5</ele><time>2023-07-01T10:37:07Z</time></trkpt><trkpt lat="57.188825" lon="36.41146"><ele>121.3</ele><time>2023-07-01T10:37:14Z</time></trkpt><trkpt lat="57.188812" lon="36.411602"><ele>122.6</ele><time>2023-07-01T10:37:21Z</time></trkpt><trkpt lat="57.1888" lon="36.411735"><ele>120.7</ele><time>2023-07-01T10:38:03Z</time></trkpt><trkpt lat="57.18875" lon="36.411833"><ele>121.6</ele><time>2023-07-01T10:38:09Z</time></trkpt><trkpt lat="57.188675" lon="36.411842"><ele>121.7</ele><time>2023-07-01T10:38:22Z</time></trkpt><trkpt lat="57.188598" lon="36.411852"><ele>120.7</ele><time>2023-07-01T10:38:39Z</time></trkpt><trkpt lat="57.188553" lon="36.411958"><ele>117.9</ele><time>2023-07-01T10:39:05Z</time></trkpt><trkpt lat="57.188487" lon="36.412037"><ele>116.5</ele><time>2023-07-01T10:39:20Z</time></trkpt><trkpt lat="57.188423" lon="36.412115"><ele>116.5</ele><time>2023-07-01T10:39:34Z</time></trkpt><trkpt lat="57.188348" lon="36.412162"><ele>116.7</ele><time>2023-07-01T10:39:42Z</time></trkpt><trkpt lat="57.18827" lon="36.412143"><ele>114.6</ele><time>2023-07-01T10:39:50Z</time></trkpt><trkpt lat="57.188197" lon="36.412093"><ele>114.3</ele><time>2023-07-01T10:39:58Z</time></trkpt><trkpt lat="57.188123" lon="36.412135"><ele>112.8</ele><time>2023-07-01T10:43:57Z</time></trkpt><trkpt lat="57.188092" lon="36.412257"><ele>116.1</ele><time>2023-07-01T10:44:25Z</time></trkpt><trkpt lat="57.188135" lon="36.412363"><ele>117.2</ele><time>2023-07-01T10:44:36Z</time></trkpt><trkpt lat="57.188192" lon="36.412453"><ele>119.9</ele><time>2023-07-01T10:44:44Z</time></trkpt><trkpt lat="57.18826" lon="36.41252"><ele>120.6</ele><time>2023-07-01T10:44:54Z</time></trkpt><trkpt lat="57.18832" lon="36.412595"><ele>122.0</ele><time>2023-07-01T10:45:02Z</time></trkpt><trkpt lat="57.188377" lon="36.412688"><ele>121.1</ele><time>2023-07-01T10:45:12Z</time></trkpt><trkpt lat="57.188413" lon="36.412815"><ele>118.1</ele><time>2023-07-01T10:45:17Z</time></trkpt><trkpt lat="57.188478" lon="36.412875"><ele>117.8</ele><time>2023-07-01T10:45:24Z</time></trkpt><trkpt lat="57.188565" lon="36.412912"><ele>120.3</ele><time>2023-07-01T10:45:29Z</time></trkpt><trkpt lat="57.18864" lon="36.41292"><ele>122.6</ele><time>2023-07-01T10:45:36Z</time></trkpt><trkpt lat="57.188715" lon="36.412987"><ele>126.4</ele><time>2023-07-01T10:45:42Z</time></trkpt><trkpt lat="57.188812" lon="36.412997"><ele>115.8</ele><time>2023-07-01T10:45:55Z</time></trkpt><trkpt lat="57.188842" lon="36.413118"><ele>112.4</ele><time>2023-07-01T10:46:05Z</time></trkpt><trkpt lat="57.188915" lon="36.41317"><ele>109.2</ele><time>2023-07-01T10:46:09Z</time></trkpt><trkpt lat="57.188985" lon="36.413252"><ele>107.4</ele><time>2023-07-01T10:46:16Z</time></trkpt><trkpt lat="57.189055" lon="36.413347"><ele>107.0</ele><time>2023-07-01T10:46:21Z</time></trkpt><trkpt lat="57.18909" lon="36.41347"><ele>109.7</ele><time>2023-07-01T10:46:33Z</time></trkpt><trkpt lat="57.189167" lon="36.413528"><ele>111.6</ele><time>2023-07-01T10:46:39Z</time></trkpt><trkpt lat="57.189208" lon="36.413662"><ele>113.3</ele><time>2023-07-01T10:46:44Z</time></trkpt><trkpt lat="57.189238" lon="36.413787"><ele>116.0</ele><time>2023-07-01T10:46:51Z</time></trkpt><trkpt lat="57.189315" lon="36.413862"><ele>118.7</ele><time>2023-07-01T10:46:57Z</time></trkpt><trkpt lat="57.189372" lon="36.413975"><ele>120.5</ele><time>2023-07-01T10:47:01Z</time></trkpt><trkpt lat="57.189403" lon="36.414098"><ele>119.5</ele><time>2023-07-01T10:47:05Z</time></trkpt><trkpt lat="57.189423" lon="36.414233"><ele>120.2</ele><time>2023-07-01T10:47:12Z</time></trkpt><trkpt lat="57.189493" lon="36.414277"><ele>118.8</ele><time>2023-07-01T10:47:20Z</time></trkpt><trkpt lat="57.189563" lon="36.414347"><ele>119.4</ele><time>2023-07-01T10:47:25Z</time></trkpt><trkpt lat="57.189605" lon="36.414482"><ele>118.6</ele><time>2023-07-01T10:47:34Z</time></trkpt><trkpt lat="57.18967" lon="36.414575"><ele>118.2</ele><time>2023-07-01T10:47:41Z</time></trkpt><trkpt lat="57.189705" lon="36.414692"><ele>112.5</ele><time>2023-07-01T10:47:54Z</time></trkpt><trkpt lat="57.189758" lon="36.414783"><ele>113.3</ele><time>2023-07-01T10:48:02Z</time></trkpt><trkpt lat="57.189823" lon="36.414853"><ele>116.1</ele><time>2023-07-01T10:48:07Z</time></trkpt><trkpt lat="57.189868" lon="36.414962"><ele>114.7</ele><time>2023-07-01T10:48:12Z</time></trkpt><trkpt lat="57.189888" lon="36.4151"><ele>115.5</ele><time>2023-07-01T10:48:18Z</time></trkpt><trkpt lat="57.189928" lon="36.415212"><ele>117.4</ele><time>2023-07-01T10:48:23Z</time></trkpt><trkpt lat="57.189962" lon="36.415342"><ele>118.0</ele><time>2023-07-01T10:48:29Z</time></trkpt><trkpt lat="57.189992" lon="36.415483"><ele>116.0</ele><time>2023-07-01T10:48:37Z</time></trkpt><trkpt lat="57.190022" lon="36.415607"><ele>113.8</ele><time>2023-07-01T10:48:41Z</time></trkpt><trkpt lat="57.190065" lon="36.415718"><ele>109.4</ele><time>2023-07-01T10:48:47Z</time></trkpt><trkpt lat="57.190095" lon="36.415852"><ele>108.0</ele><time>2023-07-01T10:48:52Z</time></trkpt><trkpt lat="57.190115" lon="36.415992"><ele>109.1</ele><time>2023-07-01T10:48:57Z</time></trkpt><trkpt lat="57.190145" lon="36.416113"><ele>109.9</ele><time>2023-07-01T10:49:04Z</time></trkpt><trkpt lat="57.190163" lon="36.416247"><ele>109.3</ele><time>2023-07-01T10:49:10Z</time></trkpt><trkpt lat="57.190202" lon="36.416367"><ele>106.5</ele><time>2023-07-01T10:49:16Z</time></trkpt><trkpt lat="57.190217" lon="36.416503"><ele>108.0</ele><time>2023-07-01T10:49:22Z</time></trkpt><trkpt lat="57.190232" lon="36.416637"><ele>110.3</ele><time>2023-07-01T10:49:29Z</time></trkpt><trkpt lat="57.190248" lon="36.41677"><ele>111.9</ele><time>2023-07-01T10:49:38Z</time></trkpt><trkpt lat="57.190272" lon="36.416912"><ele>112.1</ele><time>2023-07-01T10:49:46Z</time></trkpt><trkpt lat="57.190308" lon="36.41704"><ele>113.7</ele><time>2023-07-01T10:49:52Z</time></trkpt><trkpt lat="57.190337" lon="36.417167"><ele>115.7</ele><time>2023-07-01T10:49:58Z</time></trkpt><trkpt lat="57.190368" lon="36.417302"><ele>118.1</ele><time>2023-07-01T10:50:04Z</time></trkpt><trkpt lat="57.190398" lon="36.41743"><ele>118.0</ele><time>2023-07-01T10:50:12Z</time></trkpt><trkpt lat="57.190415" lon="36.417575"><ele>118.7</ele><time>2023-07-01T10:50:19Z</time></trkpt><trkpt lat="57.190438" lon="36.417708"><ele>115.6</ele><time>2023-07-01T10:50:27Z</time></trkpt><trkpt lat="57.190455" lon="36.417845"><ele>116.1</ele><time>2023-07-01T10:50:34Z</time></trkpt><trkpt lat="57.190455" lon="36.418013"><ele>117.1</ele><time>2023-07-01T10:50:43Z</time></trkpt><trkpt lat="57.190478" lon="36.418148"><ele>116.4</ele><time>2023-07-01T10:50:51Z</time></trkpt><trkpt lat="57.190497" lon="36.41829"><ele>115.8</ele><time>2023-07-01T10:50:57Z</time></trkpt><trkpt lat="57.190523" lon="36.418418"><ele>116.4</ele><time>2023-07-01T10:51:02Z</time></trkpt><trkpt lat="57.190533" lon="36.418557"><ele>119.3</ele><time>2023-07-01T10:51:08Z</time></trkpt><trkpt lat="57.190555" lon="36.418705"><ele>118.3</ele><time>2023-07-01T10:51:16Z</time></trkpt><trkpt lat="57.190575" lon="36.418835"><ele>118.4</ele><time>2023-07-01T10:51:22Z</time></trkpt><trkpt lat="57.190585" lon="36.418985"><ele>120.8</ele><time>2023-07-01T10:51:29Z</time></trkpt><trkpt lat="57.1906" lon="36.419118"><ele>119.1</ele><time>2023-07-01T10:51:35Z</time></trkpt><trkpt lat="57.190615" lon="36.41927"><ele>117.7</ele><time>2023-07-01T10:51:44Z</time></trkpt><trkpt lat="57.19061" lon="36.419405"><ele>116.4</ele><time>2023-07-01T10:51:50Z</time></trkpt><trkpt lat="57.190612" lon="36.419563"><ele>113.5</ele><time>2023-07-01T10:51:57Z</time></trkpt><trkpt lat="57.190607" lon="36.419702"><ele>113.1</ele><time>2023-07-01T10:52:04Z</time></trkpt><trkpt lat="57.190598" lon="36.419848"><ele>113.3</ele><time>2023-07-01T10:52:10Z</time></trkpt><trkpt lat="57.190613" lon="36.420002"><ele>114.5</ele><time>2023-07-01T10:52:16Z</time></trkpt><trkpt lat="57.190597" lon="36.420137"><ele>116.2</ele><time>2023-07-01T10:52:22Z</time></trkpt><trkpt lat="57.190588" lon="36.42027"><ele>115.2</ele><time>2023-07-01T10:52:29Z</time></trkpt><trkpt lat="57.19056" lon="36.420398"><ele>116.4</ele><time>2023-07-01T10:52:36Z</time></trkpt><trkpt lat="57.190527" lon="36.420535"><ele>119.5</ele><time>2023-07-01T10:52:44Z</time></trkpt><trkpt lat="57.190537" lon="36.420675"><ele>117.4</ele><time>2023-07-01T10:52:51Z</time></trkpt><trkpt lat="57.190532" lon="36.42082"><ele>115.5</ele><time>2023-07-01T10:52:59Z</time></trkpt><trkpt lat="57.190538" lon="36.420967"><ele>113.1</ele><time>2023-07-01T10:53:07Z</time></trkpt><trkpt lat="57.19055" lon="36.421105"><ele>110.4</ele><time>2023-07-01T10:53:14Z</time></trkpt><trkpt lat="57.190555" lon="36.421243"><ele>111.1</ele><time>2023-07-01T10:53:20Z</time></trkpt><trkpt lat="57.190558" lon="36.421387"><ele>112.3</ele><time>2023-07-01T10:53:26Z</time></trkpt><trkpt lat="57.190562" lon="36.421522"><ele>112.9</ele><time>2023-07-01T10:53:32Z</time></trkpt><trkpt lat="57.190563" lon="36.421658"><ele>112.7</ele><time>2023-07-01T10:53:39Z</time></trkpt><trkpt lat="57.19056" lon="36.421805"><ele>112.6</ele><time>2023-07-01T10:53:46Z</time></trkpt><trkpt lat="57.190535" lon="36.421952"><ele>113.0</ele><time>2023-07-01T10:53:54Z</time></trkpt><trkpt lat="57.190535" lon="36.422092"><ele>116.6</ele><time>2023-07-01T10:54:00Z</time></trkpt><trkpt lat="57.190553" lon="36.422227"><ele>119.3</ele><time>2023-07-01T10:54:07Z</time></trkpt><trkpt lat="57.190563" lon="36.422363"><ele>118.1</ele><time>2023-07-01T10:54:16Z</time></trkpt><trkpt lat="57.190565" lon="36.422505"><ele>118.6</ele><time>2023-07-01T10:54:22Z</time></trkpt><trkpt lat="57.190582" lon="36.422655"><ele>117.2</ele><time>2023-07-01T10:54:27Z</time></trkpt><trkpt lat="57.190573" lon="36.422795"><ele>117.4</ele><time>2023-07-01T10:54:32Z</time></trkpt><trkpt lat="57.19057" lon="36.422947"><ele>116.2</ele><time>2023-07-01T10:54:38Z</time></trkpt><trkpt lat="57.190565" lon="36.423082"><ele>115.9</ele><time>2023-07-01T10:54:44Z</time></trkpt><trkpt lat="57.19056" lon="36.423233"><ele>114.9</ele><time>2023-07-01T10:54:50Z</time></trkpt><trkpt lat="57.190582" lon="36.423372"><ele>114.9</ele><time>2023-07-01T10:54:58Z</time></trkpt><trkpt lat="57.190582" lon="36.423505"><ele>114.4</ele><time>2023-07-01T10:55:08Z</time></trkpt><trkpt lat="57.190588" lon="36.423657"><ele>112.4</ele><time>2023-07-01T10:55:14Z</time></trkpt><trkpt lat="57.190573" lon="36.423787"><ele>111.4</ele><time>2023-07-01T10:55:20Z</time></trkpt><trkpt lat="57.190567" lon="36.423928"><ele>109.7</ele><time>2023-07-01T10:55:26Z</time></trkpt><trkpt lat="57.190535" lon="36.424062"><ele>110.3</ele><time>2023-07-01T10:55:33Z</time></trkpt><trkpt lat="57.190505" lon="36.4242"><ele>112.3</ele><time>2023-07-01T10:55:43Z</time></trkpt><trkpt lat="57.190495" lon="36.42434"><ele>113.4</ele><time>2023-07-01T10:55:50Z</time></trkpt><trkpt lat="57.190505" lon="36.424478"><ele>112.4</ele><time>2023-07-01T10:55:56Z</time></trkpt><trkpt lat="57.190493" lon="36.424627"><ele>112.2</ele><time>2023-07-01T10:56:05Z</time></trkpt><trkpt lat="57.190498" lon="36.424772"><ele>114.0</ele><time>2023-07-01T10:56:12Z</time></trkpt><trkpt lat="57.190493" lon="36.424912"><ele>114.7</ele><time>2023-07-01T10:56:18Z</time></trkpt><trkpt lat="57.190503" lon="36.425047"><ele>116.7</ele><time>2023-07-01T10:56:25Z</time></trkpt><trkpt lat="57.190507" lon="36.42518"><ele>114.1</ele><time>2023-07-01T10:56:34Z</time></trkpt><trkpt lat="57.190515" lon="36.425325"><ele>111.6</ele><time>2023-07-01T10:56:46Z</time></trkpt><trkpt lat="57.190533" lon="36.42546"><ele>108.5</ele><time>2023-07-01T10:56:53Z</time></trkpt><trkpt lat="57.190497" lon="36.425582"><ele>109.3</ele><time>2023-07-01T10:57:00Z</time></trkpt><trkpt lat="57.190468" lon="36.425728"><ele>109.1</ele><time>2023-07-01T10:57:08Z</time></trkpt><trkpt lat="57.190418" lon="36.425843"><ele>113.0</ele><time>2023-07-01T10:57:16Z</time></trkpt><trkpt lat="57.190365" lon="36.425963"><ele>113.6</ele><time>2023-07-01T10:57:24Z</time></trkpt><trkpt lat="57.190318" lon="36.426087"><ele>113.1</ele><time>2023-07-01T10:57:32Z</time></trkpt><trkpt lat="57.190273" lon="36.426203"><ele>113.2</ele><time>2023-07-01T10:57:38Z</time></trkpt><trkpt lat="57.190242" lon="36.426325"><ele>113.5</ele><time>2023-07-01T10:57:49Z</time></trkpt><trkpt lat="57.190202" lon="36.426445"><ele>115.0</ele><time>2023-07-01T10:57:58Z</time></trkpt><trkpt lat="57.190165" lon="36.426573"><ele>115.8</ele><time>2023-07-01T10:58:07Z</time></trkpt><trkpt lat="57.190137" lon="36.426718"><ele>110.9</ele><time>2023-07-01T10:58:15Z</time></trkpt><trkpt lat="57.19012" lon="36.426848"><ele>109.4</ele><time>2023-07-01T10:58:23Z</time></trkpt><trkpt lat="57.190112" lon="36.426987"><ele>109.2</ele><time>2023-07-01T10:58:35Z</time></trkpt><trkpt lat="57.190105" lon="36.427133"><ele>112.9</ele><time>2023-07-01T10:58:49Z</time></trkpt><trkpt lat="57.190092" lon="36.427268"><ele>113.7</ele><time>2023-07-01T10:58:56Z</time></trkpt><trkpt lat="57.190075" lon="36.42742"><ele>115.4</ele><time>2023-07-01T10:59:02Z</time></trkpt><trkpt lat="57.19007" lon="36.427568"><ele>117.8</ele><time>2023-07-01T10:59:08Z</time></trkpt><trkpt lat="57.190077" lon="36.427703"><ele>118.5</ele><time>2023-07-01T10:59:14Z</time></trkpt><trkpt lat="57.190077" lon="36.42784"><ele>118.9</ele><time>2023-07-01T10:59:21Z</time></trkpt><trkpt lat="57.190062" lon="36.42798"><ele>120.1</ele><time>2023-07-01T10:59:31Z</time></trkpt><trkpt lat="57.190072" lon="36.428122"><ele>120.7</ele><time>2023-07-01T10:59:38Z</time></trkpt><trkpt lat="57.190097" lon="36.428265"><ele>119.0</ele><time>2023-07-01T10:59:42Z</time></trkpt><trkpt lat="57.190108" lon="36.42842"><ele>118.0</ele><time>2023-07-01T10:59:48Z</time></trkpt><trkpt lat="57.190108" lon="36.428563"><ele>119.1</ele><time>2023-07-01T10:59:55Z</time></trkpt><trkpt lat="57.19011" lon="36.42871"><ele>119.6</ele><time>2023-07-01T11:00:03Z</time></trkpt><trkpt lat="57.190122" lon="36.42885"><ele>118.3</ele><time>2023-07-01T11:00:10Z</time></trkpt><trkpt lat="57.190117" lon="36.428987"><ele>120.8</ele><time>2023-07-01T11:00:16Z</time></trkpt><trkpt lat="57.190113" lon="36.429132"><ele>121.4</ele><time>2023-07-01T11:00:23Z</time></trkpt><trkpt lat="57.19011" lon="36.429275"><ele>120.1</ele><time>2023-07-01T11:00:30Z</time></trkpt><trkpt lat="57.190105" lon="36.429422"><ele>117.8</ele><time>2023-07-01T11:00:40Z</time></trkpt><trkpt lat="57.190105" lon="36.429557"><ele>120.3</ele><time>2023-07-01T11:00:49Z</time></trkpt><trkpt lat="57.190115" lon="36.429688"><ele>117.1</ele><time>2023-07-01T11:00:57Z</time></trkpt><trkpt lat="57.190145" lon="36.429815"><ele>118.3</ele><time>2023-07-01T11:01:10Z</time></trkpt><trkpt lat="57.190157" lon="36.429953"><ele>117.4</ele><time>2023-07-01T11:01:18Z</time></trkpt><trkpt lat="57.190168" lon="36.430093"><ele>119.2</ele><time>2023-07-01T11:01:25Z</time></trkpt><trkpt lat="57.190187" lon="36.430223"><ele>119.9</ele><time>2023-07-01T11:01:32Z</time></trkpt><trkpt lat="57.190207" lon="36.430357"><ele>121.0</ele><time>2023-07-01T11:01:38Z</time></trkpt><trkpt lat="57.19022" lon="36.430487"><ele>121.2</ele><time>2023-07-01T11:01:43Z</time></trkpt><trkpt lat="57.190235" lon="36.430638"><ele>121.1</ele><time>2023-07-01T11:01:49Z</time></trkpt><trkpt lat="57.190267" lon="36.430775"><ele>121.6</ele><time>2023-07-01T11:01:56Z</time></trkpt><trkpt lat="57.19029" lon="36.430913"><ele>121.7</ele><time>2023-07-01T11:02:03Z</time></trkpt><trkpt lat="57.19031" lon="36.431057"><ele>122.0</ele><time>2023-07-01T11:02:11Z</time></trkpt><trkpt lat="57.190343" lon="36.4312"><ele>122.5</ele><time>2023-07-01T11:02:18Z</time></trkpt><trkpt lat="57.190402" lon="36.431288"><ele>121.1</ele><time>2023-07-01T11:02:25Z</time></trkpt><trkpt lat="57.190453" lon="36.431383"><ele>121.8</ele><time>2023-07-01T11:02:31Z</time></trkpt><trkpt lat="57.190503" lon="36.43148"><ele>122.1</ele><time>2023-07-01T11:02:37Z</time></trkpt><trkpt lat="57.190555" lon="36.431577"><ele>120.4</ele><time>2023-07-01T11:02:43Z</time></trkpt><trkpt lat="57.19062" lon="36.43165"><ele>120.9</ele><time>2023-07-01T11:02:50Z</time></trkpt><trkpt lat="57.190667" lon="36.431768"><ele>120.4</ele><time>2023-07-01T11:02:57Z</time></trkpt><trkpt lat="57.190727" lon="36.431843"><ele>120.2</ele><time>2023-07-01T11:03:02Z</time></trkpt><trkpt lat="57.190788" lon="36.431918"><ele>120.1</ele><time>2023-07-01T11:03:09Z</time></trkpt><trkpt lat="57.190845" lon="36.432023"><ele>117.8</ele><time>2023-07-01T11:03:15Z</time></trkpt><trkpt lat="57.190908" lon="36.432098"><ele>119.0</ele><time>2023-07-01T11:03:19Z</time></trkpt><trkpt lat="57.19097" lon="36.432178"><ele>119.6</ele><time>2023-07-01T11:03:24Z</time></trkpt><trkpt lat="57.191028" lon="36.432268"><ele>119.6</ele><time>2023-07-01T11:03:29Z</time></trkpt><trkpt lat="57.191082" lon="36.432372"><ele>120.1</ele><time>2023-07-01T11:03:34Z</time></trkpt><trkpt lat="57.191133" lon="36.432465"><ele>119.8</ele><time>2023-07-01T11:03:41Z</time></trkpt><trkpt lat="57.191193" lon="36.432543"><ele>120.2</ele><time>2023-07-01T11:03:48Z</time></trkpt><trkpt lat="57.191243" lon="36.432645"><ele>120.6</ele><time>2023-07-01T11:03:54Z</time></trkpt><trkpt lat="57.191298" lon="36.432767"><ele>121.1</ele><time>2023-07-01T11:03:59Z</time></trkpt><trkpt lat="57.191357" lon="36.432857"><ele>122.4</ele><time>2023-07-01T11:04:03Z</time></trkpt><trkpt lat="57.191425" lon="36.432928"><ele>121.5</ele><time>2023-07-01T11:04:08Z</time></trkpt><trkpt lat="57.191497" lon="36.433007"><ele>120.7</ele><time>2023-07-01T11:04:13Z</time></trkpt><trkpt lat="57.191552" lon="36.433108"><ele>121.2</ele><time>2023-07-01T11:04:18Z</time></trkpt><trkpt lat="57.191603" lon="36.433212"><ele>120.7</ele><time>2023-07-01T11:04:24Z</time></trkpt><trkpt lat="57.191653" lon="36.433323"><ele>120.8</ele><time>2023-07-01T11:04:31Z</time></trkpt><trkpt lat="57.191702" lon="36.433443"><ele>120.3</ele><time>2023-07-01T11:04:38Z</time></trkpt><trkpt lat="57.191747" lon="36.433562"><ele>121.3</ele><time>2023-07-01T11:04:45Z</time></trkpt><trkpt lat="57.191775" lon="36.433687"><ele>120.7</ele><time>2023-07-01T11:04:53Z</time></trkpt><trkpt lat="57.191807" lon="36.433822"><ele>119.4</ele><time>2023-07-01T11:05:01Z</time></trkpt><trkpt lat="57.191857" lon="36.433928"><ele>118.7</ele><time>2023-07-01T11:05:14Z</time></trkpt><trkpt lat="57.191903" lon="36.434032"><ele>119.0</ele><time>2023-07-01T11:05:30Z</time></trkpt><trkpt lat="57.191962" lon="36.43412"><ele>120.9</ele><time>2023-07-01T11:05:37Z</time></trkpt><trkpt lat="57.191995" lon="36.434243"><ele>119.0</ele><time>2023-07-01T11:05:43Z</time></trkpt><trkpt lat="57.19203" lon="36.43438"><ele>118.6</ele><time>2023-07-01T11:05:49Z</time></trkpt><trkpt lat="57.192065" lon="36.434505"><ele>118.8</ele><time>2023-07-01T11:05:56Z</time></trkpt><trkpt lat="57.192087" lon="36.434642"><ele>120.0</ele><time>2023-07-01T11:06:05Z</time></trkpt><trkpt lat="57.192123" lon="36.434757"><ele>120.9</ele><time>2023-07-01T11:06:17Z</time></trkpt><trkpt lat="57.192158" lon="36.434883"><ele>120.3</ele><time>2023-07-01T11:06:30Z</time></trkpt><trkpt lat="57.192208" lon="36.435007"><ele>120.2</ele><time>2023-07-01T11:06:38Z</time></trkpt><trkpt lat="57.192273" lon="36.435103"><ele>119.6</ele><time>2023-07-01T11:06:45Z</time></trkpt><trkpt lat="57.19233" lon="36.435205"><ele>119.3</ele><time>2023-07-01T11:06:51Z</time></trkpt><trkpt lat="57.192393" lon="36.4353"><ele>119.9</ele><time>2023-07-01T11:06:58Z</time></trkpt><trkpt lat="57.192448" lon="36.435393"><ele>118.1</ele><time>2023-07-01T11:07:06Z</time></trkpt><trkpt lat="57.192497" lon="36.435495"><ele>114.6</ele><time>2023-07-01T11:07:13Z</time></trkpt><trkpt lat="57.192548" lon="36.435608"><ele>114.9</ele><time>2023-07-01T11:07:21Z</time></trkpt><trkpt lat="57.192605" lon="36.435708"><ele>115.4</ele><time>2023-07-01T11:07:27Z</time></trkpt><trkpt lat="57.192647" lon="36.435843"><ele>116.4</ele><time>2023-07-01T11:07:34Z</time></trkpt><trkpt lat="57.192685" lon="36.435977"><ele>116.2</ele><time>2023-07-01T11:07:39Z</time></trkpt><trkpt lat="57.192725" lon="36.436118"><ele>117.0</ele><time>2023-07-01T11:07:44Z</time></trkpt><trkpt lat="57.192758" lon="36.436252"><ele>117.3</ele><time>2023-07-01T11:07:49Z</time></trkpt><trkpt lat="57.192792" lon="36.43638"><ele>116.1</ele><time>2023-07-01T11:07:54Z</time></trkpt><trkpt lat="57.192812" lon="36.436513"><ele>117.2</ele><time>2023-07-01T11:08:00Z</time></trkpt><trkpt lat="57.192842" lon="36.436653"><ele>117.3</ele><time>2023-07-01T11:08:07Z</time></trkpt><trkpt lat="57.192842" lon="36.436807"><ele>118.5</ele><time>2023-07-01T11:08:13Z</time></trkpt><trkpt lat="57.19288" lon="36.436942"><ele>118.3</ele><time>2023-07-01T11:08:20Z</time></trkpt><trkpt lat="57.19291" lon="36.437078"><ele>116.5</ele><time>2023-07-01T11:08:30Z</time></trkpt><trkpt lat="57.192938" lon="36.437218"><ele>118.2</ele><time>2023-07-01T11:08:36Z</time></trkpt><trkpt lat="57.192953" lon="36.437358"><ele>118.8</ele><time>2023-07-01T11:08:43Z</time></trkpt><trkpt lat="57.192993" lon="36.43747"><ele>117.1</ele><time>2023-07-01T11:08:51Z</time></trkpt><trkpt lat="57.19304" lon="36.43758"><ele>116.6</ele><time>2023-07-01T11:09:00Z</time></trkpt><trkpt lat="57.19307" lon="36.43771"><ele>115.7</ele><time>2023-07-01T11:09:07Z</time></trkpt><trkpt lat="57.193087" lon="36.437862"><ele>118.5</ele><time>2023-07-01T11:09:13Z</time></trkpt><trkpt lat="57.193097" lon="36.437993"><ele>118.3</ele><time>2023-07-01T11:09:19Z</time></trkpt><trkpt lat="57.193097" lon="36.438142"><ele>119.1</ele><time>2023-07-01T11:09:27Z</time></trkpt><trkpt lat="57.193127" lon="36.438275"><ele>117.6</ele><time>2023-07-01T11:09:33Z</time></trkpt><trkpt lat="57.193135" lon="36.43842"><ele>120.5</ele><time>2023-07-01T11:09:39Z</time></trkpt><trkpt lat="57.193148" lon="36.438555"><ele>120.6</ele><time>2023-07-01T11:09:45Z</time></trkpt><trkpt lat="57.19315" lon="36.438703"><ele>119.5</ele><time>2023-07-01T11:09:51Z</time></trkpt><trkpt lat="57.193153" lon="36.438842"><ele>120.5</ele><time>2023-07-01T11:09:57Z</time></trkpt><trkpt lat="57.193152" lon="36.438982"><ele>119.1</ele><time>2023-07-01T11:10:05Z</time></trkpt><trkpt lat="57.193163" lon="36.439128"><ele>117.2</ele><time>2023-07-01T11:10:15Z</time></trkpt><trkpt lat="57.193187" lon="36.439262"><ele>118.3</ele><time>2023-07-01T11:10:26Z</time></trkpt><trkpt lat="57.193197" lon="36.439398"><ele>120.7</ele><time>2023-07-01T11:10:41Z</time></trkpt><trkpt lat="57.193223" lon="36.43953"><ele>120.1</ele><time>2023-07-01T11:10:55Z</time></trkpt><trkpt lat="57.193242" lon="36.439673"><ele>121.3</ele><time>2023-07-01T11:11:03Z</time></trkpt><trkpt lat="57.193268" lon="36.439818"><ele>121.6</ele><time>2023-07-01T11:11:09Z</time></trkpt><trkpt lat="57.19329" lon="36.43996"><ele>121.5</ele><time>2023-07-01T11:11:15Z</time></trkpt><trkpt lat="57.193313" lon="36.440085"><ele>121.6</ele><time>2023-07-01T11:11:21Z</time></trkpt><trkpt lat="57.193322" lon="36.440223"><ele>122.9</ele><time>2023-07-01T11:11:29Z</time></trkpt><trkpt lat="57.193338" lon="36.440357"><ele>122.1</ele><time>2023-07-01T11:11:38Z</time></trkpt><trkpt lat="57.193352" lon="36.440487"><ele>121.9</ele><time>2023-07-01T11:11:43Z</time></trkpt><trkpt lat="57.193365" lon="36.440625"><ele>121.1</ele><time>2023-07-01T11:11:49Z</time></trkpt><trkpt lat="57.193363" lon="36.440762"><ele>119.5</ele><time>2023-07-01T11:11:55Z</time></trkpt><trkpt lat="57.193383" lon="36.440905"><ele>122.0</ele><time>2023-07-01T11:12:00Z</time></trkpt><trkpt lat="57.193415" lon="36.441038"><ele>122.4</ele><time>2023-07-01T11:12:07Z</time></trkpt><trkpt lat="57.193407" lon="36.44119"><ele>122.7</ele><time>2023-07-01T11:12:14Z</time></trkpt><trkpt lat="57.193408" lon="36.441345"><ele>120.7</ele><time>2023-07-01T11:12:20Z</time></trkpt><trkpt lat="57.193385" lon="36.441478"><ele>120.0</ele><time>2023-07-01T11:12:27Z</time></trkpt><trkpt lat="57.193385" lon="36.441618"><ele>119.9</ele><time>2023-07-01T11:12:34Z</time></trkpt><trkpt lat="57.193395" lon="36.441792"><ele>119.3</ele><time>2023-07-01T11:12:41Z</time></trkpt><trkpt lat="57.193422" lon="36.441938"><ele>118.1</ele><time>2023-07-01T11:12:47Z</time></trkpt><trkpt lat="57.193453" lon="36.442097"><ele>118.6</ele><time>2023-07-01T11:12:53Z</time></trkpt><trkpt lat="57.193482" lon="36.44222"><ele>119.5</ele><time>2023-07-01T11:12:59Z</time></trkpt><trkpt lat="57.19353" lon="36.442347"><ele>119.6</ele><time>2023-07-01T11:13:07Z</time></trkpt><trkpt lat="57.193547" lon="36.442493"><ele>119.2</ele><time>2023-07-01T11:13:12Z</time></trkpt><trkpt lat="57.193535" lon="36.442638"><ele>119.1</ele><time>2023-07-01T11:13:20Z</time></trkpt><trkpt lat="57.193537" lon="36.442773"><ele>120.9</ele><time>2023-07-01T11:13:26Z</time></trkpt><trkpt lat="57.19355" lon="36.442922"><ele>120.7</ele><time>2023-07-01T11:13:34Z</time></trkpt><trkpt lat="57.193578" lon="36.44306"><ele>121.5</ele><time>2023-07-01T11:13:40Z</time></trkpt><trkpt lat="57.193607" lon="36.443215"><ele>121.6</ele><time>2023-07-01T11:13:47Z</time></trkpt><trkpt lat="57.193635" lon="36.443343"><ele>120.8</ele><time>2023-07-01T11:13:55Z</time></trkpt><trkpt lat="57.193663" lon="36.44349"><ele>121.0</ele><time>2023-07-01T11:14:02Z</time></trkpt><trkpt lat="57.193675" lon="36.443637"><ele>121.9</ele><time>2023-07-01T11:14:08Z</time></trkpt><trkpt lat="57.193688" lon="36.443768"><ele>122.3</ele><time>2023-07-01T11:14:17Z</time></trkpt><trkpt lat="57.193702" lon="36.443905"><ele>123.0</ele><time>2023-07-01T11:14:28Z</time></trkpt><trkpt lat="57.193732" lon="36.444037"><ele>122.2</ele><time>2023-07-01T11:14:37Z</time></trkpt><trkpt lat="57.193785" lon="36.444158"><ele>120.7</ele><time>2023-07-01T11:14:44Z</time></trkpt><trkpt lat="57.19385" lon="36.444218"><ele>118.0</ele><time>2023-07-01T11:17:22Z</time></trkpt><trkpt lat="57.193912" lon="36.444307"><ele>119.0</ele><time>2023-07-01T11:17:33Z</time></trkpt><trkpt lat="57.193967" lon="36.4444"><ele>121.3</ele><time>2023-07-01T11:17:38Z</time></trkpt><trkpt lat="57.193983" lon="36.444532"><ele>121.9</ele><time>2023-07-01T11:17:45Z</time></trkpt><trkpt lat="57.194022" lon="36.444667"><ele>120.4</ele><time>2023-07-01T11:17:56Z</time></trkpt><trkpt lat="57.194057" lon="36.444788"><ele>121.3</ele><time>2023-07-01T11:18:00Z</time></trkpt><trkpt lat="57.19409" lon="36.444915"><ele>124.1</ele><time>2023-07-01T11:18:05Z</time></trkpt><trkpt lat="57.194082" lon="36.44505"><ele>122.9</ele><time>2023-07-01T11:18:11Z</time></trkpt><trkpt lat="57.194108" lon="36.44519"><ele>120.8</ele><time>2023-07-01T11:18:16Z</time></trkpt><trkpt lat="57.194077" lon="36.445337"><ele>122.0</ele><time>2023-07-01T11:18:24Z</time></trkpt><trkpt lat="57.194098" lon="36.44547"><ele>117.8</ele><time>2023-07-01T11:18:31Z</time></trkpt><trkpt lat="57.194115" lon="36.44562"><ele>116.5</ele><time>2023-07-01T11:18:37Z</time></trkpt><trkpt lat="57.194138" lon="36.445757"><ele>114.5</ele><time>2023-07-01T11:18:43Z</time></trkpt><trkpt lat="57.194142" lon="36.445912"><ele>114.6</ele><time>2023-07-01T11:18:48Z</time></trkpt><trkpt lat="57.194147" lon="36.446053"><ele>114.1</ele><time>2023-07-01T11:18:53Z</time></trkpt><trkpt lat="57.194142" lon="36.446205"><ele>112.9</ele><time>2023-07-01T11:18:58Z</time></trkpt><trkpt lat="57.194153" lon="36.446362"><ele>115.2</ele><time>2023-07-01T11:19:03Z</time></trkpt><trkpt lat="57.19416" lon="36.446512"><ele>115.3</ele><time>2023-07-01T11:19:09Z</time></trkpt><trkpt lat="57.19419" lon="36.446643"><ele>113.0</ele><time>2023-07-01T11:19:15Z</time></trkpt><trkpt lat="57.194197" lon="36.446778"><ele>113.6</ele><time>2023-07-01T11:19:21Z</time></trkpt><trkpt lat="57.194208" lon="36.446933"><ele>113.5</ele><time>2023-07-01T11:19:27Z</time></trkpt><trkpt lat="57.194217" lon="36.447072"><ele>113.1</ele><time>2023-07-01T11:19:33Z</time></trkpt><trkpt lat="57.19421" lon="36.447222"><ele>113.8</ele><time>2023-07-01T11:19:39Z</time></trkpt><trkpt lat="57.194192" lon="36.447355"><ele>116.7</ele><time>2023-07-01T11:19:45Z</time></trkpt><trkpt lat="57.194178" lon="36.447487"><ele>117.1</ele><time>2023-07-01T11:19:54Z</time></trkpt><trkpt lat="57.19418" lon="36.44762"><ele>116.3</ele><time>2023-07-01T11:19:59Z</time></trkpt><trkpt lat="57.194173" lon="36.44779"><ele>117.6</ele><time>2023-07-01T11:20:06Z</time></trkpt><trkpt lat="57.194165" lon="36.447938"><ele>116.0</ele><time>2023-07-01T11:20:14Z</time></trkpt><trkpt lat="57.19416" lon="36.448073"><ele>118.6</ele><time>2023-07-01T11:20:18Z</time></trkpt><trkpt lat="57.194167" lon="36.448207"><ele>117.0</ele><time>2023-07-01T11:20:22Z</time></trkpt><trkpt lat="57.19417" lon="36.448353"><ele>118.0</ele><time>2023-07-01T11:20:27Z</time></trkpt><trkpt lat="57.194155" lon="36.44851"><ele>118.6</ele><time>2023-07-01T11:20:32Z</time></trkpt><trkpt lat="57.194137" lon="36.448663"><ele>119.5</ele><time>2023-07-01T11:20:38Z</time></trkpt><trkpt lat="57.194127" lon="36.4488"><ele>119.2</ele><time>2023-07-01T11:20:44Z</time></trkpt><trkpt lat="57.19411" lon="36.448943"><ele>121.9</ele><time>2023-07-01T11:20:53Z</time></trkpt><trkpt lat="57.194095" lon="36.449087"><ele>120.2</ele><time>2023-07-01T11:21:04Z</time></trkpt><trkpt lat="57.194085" lon="36.44922"><ele>124.4</ele><time>2023-07-01T11:21:12Z</time></trkpt><trkpt lat="57.194103" lon="36.449367"><ele>118.7</ele><time>2023-07-01T11:21:18Z</time></trkpt><trkpt lat="57.194097" lon="36.449508"><ele>119.2</ele><time>2023-07-01T11:21:24Z</time></trkpt><trkpt lat="57.194102" lon="36.449647"><ele>118.6</ele><time>2023-07-01T11:21:31Z</time></trkpt><trkpt lat="57.194102" lon="36.44979"><ele>116.8</ele><time>2023-07-01T11:21:37Z</time></trkpt><trkpt lat="57.194098" lon="36.449925"><ele>117.8</ele><time>2023-07-01T11:21:43Z</time></trkpt><trkpt lat="57.1941" lon="36.450062"><ele>117.4</ele><time>2023-07-01T11:21:49Z</time></trkpt><trkpt lat="57.194095" lon="36.45021"><ele>119.2</ele><time>2023-07-01T11:21:55Z</time></trkpt><trkpt lat="57.19409" lon="36.450357"><ele>118.1</ele><time>2023-07-01T11:22:01Z</time></trkpt><trkpt lat="57.194065" lon="36.450493"><ele>118.7</ele><time>2023-07-01T11:22:08Z</time></trkpt><trkpt lat="57.19405" lon="36.450637"><ele>120.9</ele><time>2023-07-01T11:22:14Z</time></trkpt><trkpt lat="57.194007" lon="36.450768"><ele>121.2</ele><time>2023-07-01T11:22:20Z</time></trkpt><trkpt lat="57.193962" lon="36.450878"><ele>119.6</ele><time>2023-07-01T11:22:25Z</time></trkpt><trkpt lat="57.193947" lon="36.451017"><ele>117.2</ele><time>2023-07-01T11:22:32Z</time></trkpt><trkpt lat="57.19388" lon="36.451083"><ele>117.3</ele><time>2023-07-01T11:22:38Z</time></trkpt><trkpt lat="57.193835" lon="36.451193"><ele>117.9</ele><time>2023-07-01T11:22:46Z</time></trkpt><trkpt lat="57.193832" lon="36.451345"><ele>118.9</ele><time>2023-07-01T11:22:53Z</time></trkpt><trkpt lat="57.193822" lon="36.451482"><ele>120.6</ele><time>2023-07-01T11:22:59Z</time></trkpt><trkpt lat="57.19382" lon="36.45163"><ele>117.6</ele><time>2023-07-01T11:23:06Z</time></trkpt><trkpt lat="57.19378" lon="36.451757"><ele>117.4</ele><time>2023-07-01T11:23:14Z</time></trkpt><trkpt lat="57.193752" lon="36.451883"><ele>114.9</ele><time>2023-07-01T11:23:20Z</time></trkpt><trkpt lat="57.193717" lon="36.452003"><ele>116.8</ele><time>2023-07-01T11:23:25Z</time></trkpt><trkpt lat="57.193693" lon="36.452147"><ele>119.1</ele><time>2023-07-01T11:23:30Z</time></trkpt><trkpt lat="57.19368" lon="36.452278"><ele>119.0</ele><time>2023-07-01T11:23:36Z</time></trkpt><trkpt lat="57.193635" lon="36.452403"><ele>117.5</ele><time>2023-07-01T11:23:42Z</time></trkpt><trkpt lat="57.193597" lon="36.45252"><ele>117.2</ele><time>2023-07-01T11:23:49Z</time></trkpt><trkpt lat="57.193613" lon="36.452662"><ele>113.5</ele><time>2023-07-01T11:23:55Z</time></trkpt><trkpt lat="57.193592" lon="36.452807"><ele>114.0</ele><time>2023-07-01T11:24:02Z</time></trkpt><trkpt lat="57.193585" lon="36.45294"><ele>117.1</ele><time>2023-07-01T11:24:08Z</time></trkpt><trkpt lat="57.19356" lon="36.453073"><ele>119.9</ele><time>2023-07-01T11:24:15Z</time></trkpt><trkpt lat="57.193532" lon="36.45321"><ele>116.2</ele><time>2023-07-01T11:24:22Z</time></trkpt><trkpt lat="57.193517" lon="36.453347"><ele>116.8</ele><time>2023-07-01T11:24:27Z</time></trkpt><trkpt lat="57.19349" lon="36.45348"><ele>118.5</ele><time>2023-07-01T11:24:34Z</time></trkpt><trkpt lat="57.193463" lon="36.453617"><ele>118.4</ele><time>2023-07-01T11:24:44Z</time></trkpt><trkpt lat="57.193465" lon="36.45379"><ele>114.2</ele><time>2023-07-01T11:25:04Z</time></trkpt><trkpt lat="57.193445" lon="36.45392"><ele>112.2</ele><time>2023-07-01T11:25:15Z</time></trkpt><trkpt lat="57.193407" lon="36.45404"><ele>113.0</ele><time>2023-07-01T11:25:27Z</time></trkpt><trkpt lat="57.193383" lon="36.454175"><ele>118.0</ele><time>2023-07-01T11:25:37Z</time></trkpt><trkpt lat="57.193367" lon="36.45432"><ele>117.6</ele><time>2023-07-01T11:25:46Z</time></trkpt><trkpt lat="57.193345" lon="36.454475"><ele>116.2</ele><time>2023-07-01T11:25:52Z</time></trkpt><trkpt lat="57.193335" lon="36.454608"><ele>119.0</ele><time>2023-07-01T11:25:58Z</time></trkpt><trkpt lat="57.193347" lon="36.454742"><ele>118.2</ele><time>2023-07-01T11:26:05Z</time></trkpt><trkpt lat="57.193383" lon="36.454862"><ele>116.7</ele><time>2023-07-01T11:26:20Z</time></trkpt><trkpt lat="57.193448" lon="36.454795"><ele>119.8</ele><time>2023-07-01T11:48:19Z</time></trkpt><trkpt lat="57.193442" lon="36.454928"><ele>119.2</ele><time>2023-07-01T11:49:21Z</time></trkpt><trkpt lat="57.193388" lon="36.455032"><ele>117.6</ele><time>2023-07-01T12:00:59Z</time></trkpt><trkpt lat="57.193393" lon="36.455167"><ele>118.0</ele><time>2023-07-01T12:01:13Z</time></trkpt><trkpt lat="57.193345" lon="36.455275"><ele>119.8</ele><time>2023-07-01T12:01:37Z</time></trkpt><trkpt lat="57.193362" lon="36.455413"><ele>119.4</ele><time>2023-07-01T12:01:46Z</time></trkpt><trkpt lat="57.193408" lon="36.455528"><ele>118.2</ele><time>2023-07-01T12:01:53Z</time></trkpt><trkpt lat="57.193452" lon="36.455648"><ele>119.3</ele><time>2023-07-01T12:02:02Z</time></trkpt><trkpt lat="57.19345" lon="36.455783"><ele>119.7</ele><time>2023-07-01T12:02:11Z</time></trkpt><trkpt lat="57.193477" lon="36.455908"><ele>119.7</ele><time>2023-07-01T12:02:20Z</time></trkpt><trkpt lat="57.193492" lon="36.456045"><ele>120.9</ele><time>2023-07-01T12:02:31Z</time></trkpt><trkpt lat="57.193465" lon="36.456173"><ele>121.9</ele><time>2023-07-01T12:02:38Z</time></trkpt><trkpt lat="57.19344" lon="36.4563"><ele>121.2</ele><time>2023-07-01T12:02:44Z</time></trkpt><trkpt lat="57.1934" lon="36.456435"><ele>121.9</ele><time>2023-07-01T12:02:50Z</time></trkpt><trkpt lat="57.19336" lon="36.456553"><ele>123.1</ele><time>2023-07-01T12:02:55Z</time></trkpt><trkpt lat="57.193338" lon="36.456687"><ele>122.8</ele><time>2023-07-01T12:03:01Z</time></trkpt><trkpt lat="57.193317" lon="36.456825"><ele>122.8</ele><time>2023-07-01T12:03:06Z</time></trkpt><trkpt lat="57.193293" lon="36.456957"><ele>122.8</ele><time>2023-07-01T12:03:11Z</time></trkpt><trkpt lat="57.193283" lon="36.457093"><ele>119.7</ele><time>2023-07-01T12:03:16Z</time></trkpt><trkpt lat="57.19328" lon="36.457235"><ele>120.5</ele><time>2023-07-01T12:03:22Z</time></trkpt><trkpt lat="57.193278" lon="36.457373"><ele>120.1</ele><time>2023-07-01T12:03:29Z</time></trkpt><trkpt lat="57.193283" lon="36.457508"><ele>119.7</ele><time>2023-07-01T12:03:37Z</time></trkpt><trkpt lat="57.193282" lon="36.457653"><ele>119.9</ele><time>2023-07-01T12:03:45Z</time></trkpt><trkpt lat="57.193278" lon="36.457793"><ele>119.9</ele><time>2023-07-01T12:03:53Z</time></trkpt><trkpt lat="57.193287" lon="36.457932"><ele>119.6</ele><time>2023-07-01T12:04:01Z</time></trkpt><trkpt lat="57.193305" lon="36.458073"><ele>118.2</ele><time>2023-07-01T12:04:11Z</time></trkpt><trkpt lat="57.19331" lon="36.458212"><ele>118.6</ele><time>2023-07-01T12:04:18Z</time></trkpt><trkpt lat="57.193315" lon="36.458358"><ele>118.8</ele><time>2023-07-01T12:04:26Z</time></trkpt><trkpt lat="57.193313" lon="36.458502"><ele>121.4</ele><time>2023-07-01T12:04:33Z</time></trkpt><trkpt lat="57.193308" lon="36.458657"><ele>121.3</ele><time>2023-07-01T12:04:40Z</time></trkpt><trkpt lat="57.193315" lon="36.458808"><ele>120.4</ele><time>2023-07-01T12:04:47Z</time></trkpt><trkpt lat="57.193312" lon="36.45896"><ele>119.5</ele><time>2023-07-01T12:04:54Z</time></trkpt><trkpt lat="57.193317" lon="36.459095"><ele>119.1</ele><time>2023-07-01T12:05:01Z</time></trkpt><trkpt lat="57.193327" lon="36.459245"><ele>119.4</ele><time>2023-07-01T12:05:08Z</time></trkpt><trkpt lat="57.193335" lon="36.459388"><ele>120.7</ele><time>2023-07-01T12:05:15Z</time></trkpt><trkpt lat="57.193373" lon="36.459505"><ele>118.2</ele><time>2023-07-01T12:05:26Z</time></trkpt><trkpt lat="57.19338" lon="36.459652"><ele>118.0</ele><time>2023-07-01T12:05:33Z</time></trkpt><trkpt lat="57.19338" lon="36.459807"><ele>118.8</ele><time>2023-07-01T12:05:39Z</time></trkpt><trkpt lat="57.193362" lon="36.459938"><ele>118.9</ele><time>2023-07-01T12:05:44Z</time></trkpt><trkpt lat="57.193335" lon="36.460075"><ele>118.7</ele><time>2023-07-01T12:05:50Z</time></trkpt><trkpt lat="57.193313" lon="36.460207"><ele>119.7</ele><time>2023-07-01T12:05:56Z</time></trkpt><trkpt lat="57.19329" lon="36.460348"><ele>119.4</ele><time>2023-07-01T12:06:03Z</time></trkpt><trkpt lat="57.193278" lon="36.460482"><ele>119.1</ele><time>2023-07-01T12:06:09Z</time></trkpt><trkpt lat="57.193263" lon="36.460618"><ele>120.0</ele><time>2023-07-01T12:06:16Z</time></trkpt><trkpt lat="57.193237" lon="36.460755"><ele>120.4</ele><time>2023-07-01T12:06:22Z</time></trkpt><trkpt lat="57.193212" lon="36.460893"><ele>120.4</ele><time>2023-07-01T12:06:29Z</time></trkpt><trkpt lat="57.1932" lon="36.461023"><ele>119.8</ele><time>2023-07-01T12:06:36Z</time></trkpt><trkpt lat="57.193185" lon="36.46117"><ele>118.3</ele><time>2023-07-01T12:06:44Z</time></trkpt><trkpt lat="57.193178" lon="36.461308"><ele>118.7</ele><time>2023-07-01T12:06:50Z</time></trkpt><trkpt lat="57.193168" lon="36.461448"><ele>117.6</ele><time>2023-07-01T12:06:56Z</time></trkpt><trkpt lat="57.193153" lon="36.461585"><ele>117.8</ele><time>2023-07-01T12:07:02Z</time></trkpt><trkpt lat="57.193147" lon="36.461737"><ele>117.2</ele><time>2023-07-01T12:07:09Z</time></trkpt><trkpt lat="57.193142" lon="36.461885"><ele>117.9</ele><time>2023-07-01T12:07:15Z</time></trkpt><trkpt lat="57.193133" lon="36.462042"><ele>117.9</ele><time>2023-07-01T12:07:21Z</time></trkpt><trkpt lat="57.193122" lon="36.462187"><ele>118.6</ele><time>2023-07-01T12:07:27Z</time></trkpt><trkpt lat="57.193093" lon="36.462317"><ele>118.0</ele><time>2023-07-01T12:07:33Z</time></trkpt><trkpt lat="57.193062" lon="36.462465"><ele>118.2</ele><time>2023-07-01T12:07:41Z</time></trkpt><trkpt lat="57.193057" lon="36.462602"><ele>121.9</ele><time>2023-07-01T12:07:47Z</time></trkpt><trkpt lat="57.19302" lon="36.462743"><ele>120.0</ele><time>2023-07-01T12:07:57Z</time></trkpt><trkpt lat="57.192968" lon="36.46288"><ele>119.1</ele><time>2023-07-01T12:08:05Z</time></trkpt><trkpt lat="57.192915" lon="36.463008"><ele>123.8</ele><time>2023-07-01T12:08:13Z</time></trkpt><trkpt lat="57.192867" lon="36.463108"><ele>120.8</ele><time>2023-07-01T12:08:19Z</time></trkpt><trkpt lat="57.192805" lon="36.4632"><ele>121.0</ele><time>2023-07-01T12:08:28Z</time></trkpt><trkpt lat="57.192737" lon="36.463287"><ele>122.9</ele><time>2023-07-01T12:08:35Z</time></trkpt><trkpt lat="57.192665" lon="36.463338"><ele>125.1</ele><time>2023-07-01T12:08:43Z</time></trkpt><trkpt lat="57.1926" lon="36.46341"><ele>122.8</ele><time>2023-07-01T12:08:47Z</time></trkpt><trkpt lat="57.192528" lon="36.463407"><ele>124.4</ele><time>2023-07-01T12:08:52Z</time></trkpt><trkpt lat="57.192452" lon="36.463393"><ele>121.7</ele><time>2023-07-01T12:08:57Z</time></trkpt><trkpt lat="57.192367" lon="36.46336"><ele>120.4</ele><time>2023-07-01T12:09:02Z</time></trkpt><trkpt lat="57.192298" lon="36.463292"><ele>119.7</ele><time>2023-07-01T12:09:07Z</time></trkpt><trkpt lat="57.192225" lon="36.463258"><ele>118.3</ele><time>2023-07-01T12:09:11Z</time></trkpt><trkpt lat="57.192145" lon="36.463213"><ele>119.3</ele><time>2023-07-01T12:09:16Z</time></trkpt><trkpt lat="57.192065" lon="36.463168"><ele>117.9</ele><time>2023-07-01T12:09:22Z</time></trkpt><trkpt lat="57.191983" lon="36.463122"><ele>118.1</ele><time>2023-07-01T12:09:27Z</time></trkpt><trkpt lat="57.191913" lon="36.463093"><ele>119.0</ele><time>2023-07-01T12:09:31Z</time></trkpt><trkpt lat="57.191833" lon="36.463095"><ele>120.7</ele><time>2023-07-01T12:09:35Z</time></trkpt><trkpt lat="57.191748" lon="36.463113"><ele>120.7</ele><time>2023-07-01T12:09:42Z</time></trkpt><trkpt lat="57.191667" lon="36.463142"><ele>121.1</ele><time>2023-07-01T12:09:48Z</time></trkpt><trkpt lat="57.191595" lon="36.46315"><ele>121.0</ele><time>2023-07-01T12:09:54Z</time></trkpt><trkpt lat="57.191523" lon="36.463227"><ele>121.4</ele><time>2023-07-01T12:10:02Z</time></trkpt><trkpt lat="57.191447" lon="36.463277"><ele>122.0</ele><time>2023-07-01T12:10:09Z</time></trkpt><trkpt lat="57.191378" lon="36.463338"><ele>123.4</ele><time>2023-07-01T12:10:18Z</time></trkpt><trkpt lat="57.191302" lon="36.463363"><ele>125.0</ele><time>2023-07-01T12:10:23Z</time></trkpt><trkpt lat="57.191217" lon="36.463393"><ele>124.0</ele><time>2023-07-01T12:10:29Z</time></trkpt><trkpt lat="57.191143" lon="36.463377"><ele>122.4</ele><time>2023-07-01T12:10:35Z</time></trkpt><trkpt lat="57.191067" lon="36.463342"><ele>121.7</ele><time>2023-07-01T12:10:43Z</time></trkpt><trkpt lat="57.190993" lon="36.46336"><ele>120.7</ele><time>2023-07-01T12:10:53Z</time></trkpt><trkpt lat="57.190913" lon="36.463398"><ele>120.1</ele><time>2023-07-01T12:11:08Z</time></trkpt><trkpt lat="57.190838" lon="36.463422"><ele>120.2</ele><time>2023-07-01T12:11:18Z</time></trkpt><trkpt lat="57.190763" lon="36.463455"><ele>119.3</ele><time>2023-07-01T12:11:28Z</time></trkpt><trkpt lat="57.190685" lon="36.463473"><ele>120.3</ele><time>2023-07-01T12:11:37Z</time></trkpt><trkpt lat="57.190607" lon="36.46351"><ele>122.7</ele><time>2023-07-01T12:11:43Z</time></trkpt><trkpt lat="57.190525" lon="36.463537"><ele>125.4</ele><time>2023-07-01T12:11:49Z</time></trkpt><trkpt lat="57.190448" lon="36.463547"><ele>122.6</ele><time>2023-07-01T12:11:55Z</time></trkpt><trkpt lat="57.190367" lon="36.463603"><ele>122.0</ele><time>2023-07-01T12:12:01Z</time></trkpt><trkpt lat="57.190283" lon="36.463655"><ele>124.1</ele><time>2023-07-01T12:12:06Z</time></trkpt><trkpt lat="57.190208" lon="36.463708"><ele>123.2</ele><time>2023-07-01T12:12:12Z</time></trkpt><trkpt lat="57.190133" lon="36.463725"><ele>119.0</ele><time>2023-07-01T12:12:20Z</time></trkpt><trkpt lat="57.190062" lon="36.463768"><ele>119.6</ele><time>2023-07-01T12:12:26Z</time></trkpt><trkpt lat="57.189988" lon="36.463762"><ele>118.2</ele><time>2023-07-01T12:12:33Z</time></trkpt><trkpt lat="57.189902" lon="36.463783"><ele>119.2</ele><time>2023-07-01T12:12:39Z</time></trkpt><trkpt lat="57.189812" lon="36.463803"><ele>121.6</ele><time>2023-07-01T12:12:44Z</time></trkpt><trkpt lat="57.189738" lon="36.463852"><ele>120.6</ele><time>2023-07-01T12:12:48Z</time></trkpt><trkpt lat="57.18967" lon="36.463952"><ele>119.8</ele><time>2023-07-01T12:12:53Z</time></trkpt><trkpt lat="57.189607" lon="36.464045"><ele>122.7</ele><time>2023-07-01T12:12:58Z</time></trkpt><trkpt lat="57.18954" lon="36.464135"><ele>121.6</ele><time>2023-07-01T12:13:05Z</time></trkpt><trkpt lat="57.18947" lon="36.464218"><ele>123.2</ele><time>2023-07-01T12:13:11Z</time></trkpt><trkpt lat="57.189392" lon="36.464265"><ele>121.8</ele><time>2023-07-01T12:13:18Z</time></trkpt><trkpt lat="57.189327" lon="36.464325"><ele>122.2</ele><time>2023-07-01T12:13:23Z</time></trkpt><trkpt lat="57.189257" lon="36.464373"><ele>122.5</ele><time>2023-07-01T12:13:27Z</time></trkpt><trkpt lat="57.189183" lon="36.46437"><ele>121.4</ele><time>2023-07-01T12:13:33Z</time></trkpt><trkpt lat="57.189108" lon="36.464372"><ele>118.9</ele><time>2023-07-01T12:13:40Z</time></trkpt><trkpt lat="57.189035" lon="36.464367"><ele>119.2</ele><time>2023-07-01T12:13:48Z</time></trkpt><trkpt lat="57.188945" lon="36.464372"><ele>116.1</ele><time>2023-07-01T12:13:54Z</time></trkpt><trkpt lat="57.188872" lon="36.46438"><ele>120.8</ele><time>2023-07-01T12:14:00Z</time></trkpt><trkpt lat="57.188792" lon="36.464407"><ele>119.1</ele><time>2023-07-01T12:14:06Z</time></trkpt><trkpt lat="57.188717" lon="36.464393"><ele>119.0</ele><time>2023-07-01T12:14:13Z</time></trkpt><trkpt lat="57.188637" lon="36.46439"><ele>117.8</ele><time>2023-07-01T12:14:21Z</time></trkpt><trkpt lat="57.188557" lon="36.464397"><ele>115.9</ele><time>2023-07-01T12:14:27Z</time></trkpt><trkpt lat="57.18848" lon="36.464388"><ele>118.8</ele><time>2023-07-01T12:14:33Z</time></trkpt><trkpt lat="57.188403" lon="36.464402"><ele>117.9</ele><time>2023-07-01T12:14:39Z</time></trkpt><trkpt lat="57.188328" lon="36.464417"><ele>118.0</ele><time>2023-07-01T12:14:45Z</time></trkpt><trkpt lat="57.188242" lon="36.464407"><ele>118.4</ele><time>2023-07-01T12:14:52Z</time></trkpt><trkpt lat="57.188168" lon="36.464408"><ele>117.5</ele><time>2023-07-01T12:14:57Z</time></trkpt><trkpt lat="57.188092" lon="36.464412"><ele>119.3</ele><time>2023-07-01T12:15:04Z</time></trkpt><trkpt lat="57.188012" lon="36.464448"><ele>120.1</ele><time>2023-07-01T12:15:12Z</time></trkpt><trkpt lat="57.187933" lon="36.46443"><ele>118.9</ele><time>2023-07-01T12:15:19Z</time></trkpt><trkpt lat="57.187862" lon="36.464435"><ele>118.5</ele><time>2023-07-01T12:15:24Z</time></trkpt><trkpt lat="57.18779" lon="36.464452"><ele>118.3</ele><time>2023-07-01T12:15:31Z</time></trkpt><trkpt lat="57.187715" lon="36.46445"><ele>118.7</ele><time>2023-07-01T12:15:39Z</time></trkpt><trkpt lat="57.187637" lon="36.464405"><ele>118.4</ele><time>2023-07-01T12:15:47Z</time></trkpt><trkpt lat="57.187565" lon="36.464335"><ele>119.9</ele><time>2023-07-01T12:15:54Z</time></trkpt><trkpt lat="57.187492" lon="36.464337"><ele>119.7</ele><time>2023-07-01T12:16:02Z</time></trkpt><trkpt lat="57.187453" lon="36.46445"><ele>119.0</ele><time>2023-07-01T12:16:13Z</time></trkpt><trkpt lat="57.187385" lon="36.464523"><ele>117.1</ele><time>2023-07-01T12:16:24Z</time></trkpt><trkpt lat="57.187325" lon="36.464617"><ele>115.8</ele><time>2023-07-01T12:16:34Z</time></trkpt><trkpt lat="57.187252" lon="36.464627"><ele>119.6</ele><time>2023-07-01T12:17:29Z</time></trkpt><trkpt lat="57.187178" lon="36.464657"><ele>120.1</ele><time>2023-07-01T12:20:54Z</time></trkpt><trkpt lat="57.18711" lon="36.464728"><ele>119.8</ele><time>2023-07-01T12:21:01Z</time></trkpt><trkpt lat="57.187033" lon="36.464802"><ele>118.0</ele><time>2023-07-01T12:21:08Z</time></trkpt><trkpt lat="57.186973" lon="36.464888"><ele>118.3</ele><time>2023-07-01T12:21:17Z</time></trkpt><trkpt lat="57.186893" lon="36.464917"><ele>117.7</ele><time>2023-07-01T12:21:22Z</time></trkpt><trkpt lat="57.186822" lon="36.464967"><ele>119.3</ele><time>2023-07-01T12:21:33Z</time></trkpt><trkpt lat="57.186757" lon="36.465037"><ele>128.9</ele><time>2023-07-01T12:21:45Z</time></trkpt><trkpt lat="57.186677" lon="36.465065"><ele>123.3</ele><time>2023-07-01T12:21:53Z</time></trkpt><trkpt lat="57.186613" lon="36.465128"><ele>122.9</ele><time>2023-07-01T12:21:59Z</time></trkpt><trkpt lat="57.186562" lon="36.46523"><ele>123.7</ele><time>2023-07-01T12:22:05Z</time></trkpt><trkpt lat="57.186517" lon="36.465338"><ele>124.7</ele><time>2023-07-01T12:22:11Z</time></trkpt><trkpt lat="57.186467" lon="36.46544"><ele>124.8</ele><time>2023-07-01T12:22:17Z</time></trkpt><trkpt lat="57.186408" lon="36.465535"><ele>122.1</ele><time>2023-07-01T12:22:25Z</time></trkpt><trkpt lat="57.186372" lon="36.465655"><ele>122.6</ele><time>2023-07-01T12:22:32Z</time></trkpt><trkpt lat="57.186325" lon="36.465778"><ele>124.7</ele><time>2023-07-01T12:22:40Z</time></trkpt><trkpt lat="57.18631" lon="36.46591"><ele>124.4</ele><time>2023-07-01T12:22:48Z</time></trkpt><trkpt lat="57.186325" lon="36.466047"><ele>122.8</ele><time>2023-07-01T12:22:58Z</time></trkpt><trkpt lat="57.186347" lon="36.46618"><ele>124.2</ele><time>2023-07-01T12:23:06Z</time></trkpt><trkpt lat="57.186325" lon="36.466325"><ele>121.8</ele><time>2023-07-01T12:23:11Z</time></trkpt><trkpt lat="57.186317" lon="36.466473"><ele>121.9</ele><time>2023-07-01T12:23:16Z</time></trkpt><trkpt lat="57.186288" lon="36.466622"><ele>121.6</ele><time>2023-07-01T12:23:22Z</time></trkpt><trkpt lat="57.18628" lon="36.466762"><ele>125.6</ele><time>2023-07-01T12:23:28Z</time></trkpt><trkpt lat="57.18626" lon="36.466905"><ele>124.7</ele><time>2023-07-01T12:23:35Z</time></trkpt><trkpt lat="57.186268" lon="36.46704"><ele>126.2</ele><time>2023-07-01T12:23:42Z</time></trkpt><trkpt lat="57.18628" lon="36.467192"><ele>125.6</ele><time>2023-07-01T12:23:48Z</time></trkpt><trkpt lat="57.186305" lon="36.46733"><ele>125.4</ele><time>2023-07-01T12:23:55Z</time></trkpt><trkpt lat="57.186347" lon="36.467462"><ele>123.7</ele><time>2023-07-01T12:24:01Z</time></trkpt><trkpt lat="57.186387" lon="36.46758"><ele>123.9</ele><time>2023-07-01T12:24:06Z</time></trkpt><trkpt lat="57.186415" lon="36.46771"><ele>120.9</ele><time>2023-07-01T12:24:13Z</time></trkpt><trkpt lat="57.18644" lon="36.467842"><ele>119.3</ele><time>2023-07-01T12:24:19Z</time></trkpt><trkpt lat="57.186488" lon="36.467958"><ele>120.2</ele><time>2023-07-01T12:24:24Z</time></trkpt><trkpt lat="57.186533" lon="36.468062"><ele>120.5</ele><time>2023-07-01T12:24:29Z</time></trkpt><trkpt lat="57.18658" lon="36.468182"><ele>123.1</ele><time>2023-07-01T12:24:34Z</time></trkpt><trkpt lat="57.186617" lon="36.468308"><ele>121.7</ele><time>2023-07-01T12:24:40Z</time></trkpt><trkpt lat="57.186655" lon="36.468427"><ele>122.1</ele><time>2023-07-01T12:24:45Z</time></trkpt><trkpt lat="57.186678" lon="36.468562"><ele>121.5</ele><time>2023-07-01T12:24:51Z</time></trkpt><trkpt lat="57.186712" lon="36.468695"><ele>120.1</ele><time>2023-07-01T12:24:57Z</time></trkpt><trkpt lat="57.186755" lon="36.468827"><ele>119.9</ele><time>2023-07-01T12:25:03Z</time></trkpt><trkpt lat="57.186798" lon="36.468952"><ele>119.4</ele><time>2023-07-01T12:25:08Z</time></trkpt><trkpt lat="57.186833" lon="36.46908"><ele>119.3</ele><time>2023-07-01T12:25:14Z</time></trkpt><trkpt lat="57.18686" lon="36.469213"><ele>118.5</ele><time>2023-07-01T12:25:20Z</time></trkpt><trkpt lat="57.186893" lon="36.46934"><ele>119.0</ele><time>2023-07-01T12:25:26Z</time></trkpt><trkpt lat="57.18692" lon="36.469472"><ele>117.0</ele><time>2023-07-01T12:25:33Z</time></trkpt><trkpt lat="57.186957" lon="36.46959"><ele>117.0</ele><time>2023-07-01T12:25:39Z</time></trkpt><trkpt lat="57.186978" lon="36.46973"><ele>115.8</ele><time>2023-07-01T12:25:46Z</time></trkpt><trkpt lat="57.187018" lon="36.469862"><ele>114.3</ele><time>2023-07-01T12:25:52Z</time></trkpt><trkpt lat="57.187067" lon="36.469968"><ele>115.9</ele><time>2023-07-01T12:25:58Z</time></trkpt><trkpt lat="57.187103" lon="36.470085"><ele>118.9</ele><time>2023-07-01T12:26:04Z</time></trkpt><trkpt lat="57.187137" lon="36.470228"><ele>116.1</ele><time>2023-07-01T12:26:10Z</time></trkpt><trkpt lat="57.187187" lon="36.470345"><ele>118.6</ele><time>2023-07-01T12:26:16Z</time></trkpt><trkpt lat="57.187233" lon="36.470473"><ele>119.9</ele><time>2023-07-01T12:26:22Z</time></trkpt><trkpt lat="57.18729" lon="36.470585"><ele>119.2</ele><time>2023-07-01T12:26:28Z</time></trkpt><trkpt lat="57.18733" lon="36.4707"><ele>119.1</ele><time>2023-07-01T12:26:33Z</time></trkpt><trkpt lat="57.187375" lon="36.470808"><ele>121.9</ele><time>2023-07-01T12:26:38Z</time></trkpt><trkpt lat="57.187417" lon="36.470913"><ele>122.7</ele><time>2023-07-01T12:26:43Z</time></trkpt><trkpt lat="57.187453" lon="36.471042"><ele>123.5</ele><time>2023-07-01T12:26:49Z</time></trkpt><trkpt lat="57.187485" lon="36.471165"><ele>122.9</ele><time>2023-07-01T12:26:54Z</time></trkpt><trkpt lat="57.187522" lon="36.471293"><ele>122.7</ele><time>2023-07-01T12:27:00Z</time></trkpt><trkpt lat="57.187563" lon="36.471417"><ele>123.4</ele><time>2023-07-01T12:27:06Z</time></trkpt><trkpt lat="57.187608" lon="36.471525"><ele>126.0</ele><time>2023-07-01T12:27:13Z</time></trkpt><trkpt lat="57.18766" lon="36.471622"><ele>125.6</ele><time>2023-07-01T12:27:21Z</time></trkpt><trkpt lat="57.187687" lon="36.47175"><ele>125.0</ele><time>2023-07-01T12:27:28Z</time></trkpt><trkpt lat="57.187723" lon="36.471883"><ele>122.9</ele><time>2023-07-01T12:27:36Z</time></trkpt><trkpt lat="57.187737" lon="36.472023"><ele>120.1</ele><time>2023-07-01T12:27:45Z</time></trkpt><trkpt lat="57.187775" lon="36.472163"><ele>121.9</ele><time>2023-07-01T12:27:52Z</time></trkpt><trkpt lat="57.187805" lon="36.472313"><ele>123.2</ele><time>2023-07-01T12:27:59Z</time></trkpt><trkpt lat="57.187847" lon="36.472452"><ele>123.9</ele><time>2023-07-01T12:28:04Z</time></trkpt><trkpt lat="57.187872" lon="36.472583"><ele>124.6</ele><time>2023-07-01T12:28:09Z</time></trkpt><trkpt lat="57.187913" lon="36.472715"><ele>124.5</ele><time>2023-07-01T12:28:15Z</time></trkpt><trkpt lat="57.187943" lon="36.472862"><ele>120.6</ele><time>2023-07-01T12:28:22Z</time></trkpt><trkpt lat="57.187983" lon="36.472993"><ele>121.5</ele><time>2023-07-01T12:28:28Z</time></trkpt><trkpt lat="57.188013" lon="36.473127"><ele>121.7</ele><time>2023-07-01T12:28:35Z</time></trkpt><trkpt lat="57.188057" lon="36.473252"><ele>121.6</ele><time>2023-07-01T12:28:42Z</time></trkpt><trkpt lat="57.188087" lon="36.473373"><ele>120.9</ele><time>2023-07-01T12:28:48Z</time></trkpt><trkpt lat="57.188117" lon="36.473517"><ele>120.5</ele><time>2023-07-01T12:28:54Z</time></trkpt><trkpt lat="57.188167" lon="36.47364"><ele>120.3</ele><time>2023-07-01T12:29:01Z</time></trkpt><trkpt lat="57.188193" lon="36.473775"><ele>117.8</ele><time>2023-07-01T12:29:07Z</time></trkpt><trkpt lat="57.188215" lon="36.47392"><ele>121.0</ele><time>2023-07-01T12:29:13Z</time></trkpt><trkpt lat="57.188228" lon="36.474065"><ele>119.6</ele><time>2023-07-01T12:29:19Z</time></trkpt><trkpt lat="57.188267" lon="36.474197"><ele>120.3</ele><time>2023-07-01T12:29:25Z</time></trkpt><trkpt lat="57.188313" lon="36.474335"><ele>119.1</ele><time>2023-07-01T12:29:33Z</time></trkpt><trkpt lat="57.188365" lon="36.474447"><ele>123.7</ele><time>2023-07-01T12:29:38Z</time></trkpt><trkpt lat="57.188408" lon="36.474552"><ele>126.3</ele><time>2023-07-01T12:29:43Z</time></trkpt><trkpt lat="57.188448" lon="36.474677"><ele>127.2</ele><time>2023-07-01T12:29:49Z</time></trkpt><trkpt lat="57.188492" lon="36.4748"><ele>129.1</ele><time>2023-07-01T12:29:55Z</time></trkpt><trkpt lat="57.188532" lon="36.474927"><ele>128.6</ele><time>2023-07-01T12:30:01Z</time></trkpt><trkpt lat="57.188568" lon="36.475068"><ele>128.7</ele><time>2023-07-01T12:30:08Z</time></trkpt><trkpt lat="57.188588" lon="36.475207"><ele>126.6</ele><time>2023-07-01T12:30:15Z</time></trkpt><trkpt lat="57.188605" lon="36.475348"><ele>126.2</ele><time>2023-07-01T12:30:22Z</time></trkpt><trkpt lat="57.188623" lon="36.47549"><ele>126.3</ele><time>2023-07-01T12:30:29Z</time></trkpt><trkpt lat="57.188652" lon="36.475625"><ele>126.7</ele><time>2023-07-01T12:30:36Z</time></trkpt><trkpt lat="57.188668" lon="36.475765"><ele>126.7</ele><time>2023-07-01T12:30:42Z</time></trkpt><trkpt lat="57.188698" lon="36.475895"><ele>125.5</ele><time>2023-07-01T12:30:49Z</time></trkpt><trkpt lat="57.188727" lon="36.476027"><ele>125.0</ele><time>2023-07-01T12:30:56Z</time></trkpt><trkpt lat="57.188745" lon="36.476155"><ele>123.7</ele><time>2023-07-01T12:31:02Z</time></trkpt><trkpt lat="57.188763" lon="36.476292"><ele>124.0</ele><time>2023-07-01T12:31:08Z</time></trkpt><trkpt lat="57.188788" lon="36.476422"><ele>123.4</ele><time>2023-07-01T12:31:14Z</time></trkpt><trkpt lat="57.188825" lon="36.47655"><ele>123.4</ele><time>2023-07-01T12:31:20Z</time></trkpt><trkpt lat="57.188858" lon="36.47668"><ele>123.7</ele><time>2023-07-01T12:31:27Z</time></trkpt><trkpt lat="57.1889" lon="36.476812"><ele>123.1</ele><time>2023-07-01T12:31:33Z</time></trkpt><trkpt lat="57.18894" lon="36.476932"><ele>120.1</ele><time>2023-07-01T12:31:41Z</time></trkpt><trkpt lat="57.188998" lon="36.477028"><ele>122.1</ele><time>2023-07-01T12:31:47Z</time></trkpt><trkpt lat="57.189002" lon="36.477172"><ele>121.0</ele><time>2023-07-01T12:31:54Z</time></trkpt><trkpt lat="57.189013" lon="36.477313"><ele>119.0</ele><time>2023-07-01T12:32:01Z</time></trkpt><trkpt lat="57.189023" lon="36.477453"><ele>118.0</ele><time>2023-07-01T12:32:07Z</time></trkpt><trkpt lat="57.189027" lon="36.47761"><ele>118.4</ele><time>2023-07-01T12:32:14Z</time></trkpt><trkpt lat="57.18905" lon="36.477757"><ele>120.0</ele><time>2023-07-01T12:32:20Z</time></trkpt><trkpt lat="57.189078" lon="36.477897"><ele>122.3</ele><time>2023-07-01T12:32:27Z</time></trkpt><trkpt lat="57.189107" lon="36.47804"><ele>123.5</ele><time>2023-07-01T12:32:34Z</time></trkpt><trkpt lat="57.189117" lon="36.47818"><ele>125.7</ele><time>2023-07-01T12:32:40Z</time></trkpt><trkpt lat="57.189112" lon="36.478317"><ele>127.5</ele><time>2023-07-01T12:32:51Z</time></trkpt><trkpt lat="57.189077" lon="36.478458"><ele>126.0</ele><time>2023-07-01T12:32:59Z</time></trkpt><trkpt lat="57.189077" lon="36.478593"><ele>126.1</ele><time>2023-07-01T12:33:11Z</time></trkpt><trkpt lat="57.189073" lon="36.47873"><ele>123.4</ele><time>2023-07-01T12:33:22Z</time></trkpt><trkpt lat="57.189047" lon="36.478867"><ele>123.6</ele><time>2023-07-01T12:33:33Z</time></trkpt><trkpt lat="57.189043" lon="36.479018"><ele>125.1</ele><time>2023-07-01T12:33:41Z</time></trkpt><trkpt lat="57.18903" lon="36.479158"><ele>124.6</ele><time>2023-07-01T12:33:48Z</time></trkpt><trkpt lat="57.189023" lon="36.479292"><ele>124.4</ele><time>2023-07-01T12:33:54Z</time></trkpt><trkpt lat="57.189008" lon="36.479445"><ele>122.8</ele><time>2023-07-01T12:34:01Z</time></trkpt><trkpt lat="57.188998" lon="36.479588"><ele>120.7</ele><time>2023-07-01T12:34:07Z</time></trkpt><trkpt lat="57.188982" lon="36.479722"><ele>121.2</ele><time>2023-07-01T12:34:13Z</time></trkpt><trkpt lat="57.188973" lon="36.47987"><ele>120.9</ele><time>2023-07-01T12:34:19Z</time></trkpt><trkpt lat="57.188982" lon="36.480018"><ele>121.7</ele><time>2023-07-01T12:34:25Z</time></trkpt><trkpt lat="57.188998" lon="36.480152"><ele>121.4</ele><time>2023-07-01T12:34:30Z</time></trkpt><trkpt lat="57.18901" lon="36.480287"><ele>120.2</ele><time>2023-07-01T12:34:36Z</time></trkpt><trkpt lat="57.189013" lon="36.480423"><ele>118.6</ele><time>2023-07-01T12:34:42Z</time></trkpt><trkpt lat="57.18901" lon="36.48057"><ele>119.2</ele><time>2023-07-01T12:34:48Z</time></trkpt><trkpt lat="57.189007" lon="36.480718"><ele>120.5</ele><time>2023-07-01T12:34:55Z</time></trkpt><trkpt lat="57.189013" lon="36.48086"><ele>122.8</ele><time>2023-07-01T12:35:01Z</time></trkpt><trkpt lat="57.189002" lon="36.481002"><ele>123.7</ele><time>2023-07-01T12:35:07Z</time></trkpt><trkpt lat="57.188988" lon="36.481132"><ele>123.7</ele><time>2023-07-01T12:35:13Z</time></trkpt><trkpt lat="57.188982" lon="36.481282"><ele>121.6</ele><time>2023-07-01T12:35:21Z</time></trkpt><trkpt lat="57.188968" lon="36.481418"><ele>122.5</ele><time>2023-07-01T12:35:28Z</time></trkpt><trkpt lat="57.188943" lon="36.481545"><ele>123.1</ele><time>2023-07-01T12:35:34Z</time></trkpt><trkpt lat="57.188945" lon="36.481698"><ele>124.6</ele><time>2023-07-01T12:35:42Z</time></trkpt><trkpt lat="57.18893" lon="36.481847"><ele>125.6</ele><time>2023-07-01T12:35:48Z</time></trkpt><trkpt lat="57.188905" lon="36.481985"><ele>127.4</ele><time>2023-07-01T12:35:54Z</time></trkpt><trkpt lat="57.188877" lon="36.482127"><ele>126.5</ele><time>2023-07-01T12:36:01Z</time></trkpt><trkpt lat="57.18884" lon="36.482265"><ele>125.4</ele><time>2023-07-01T12:36:07Z</time></trkpt><trkpt lat="57.188797" lon="36.482382"><ele>123.6</ele><time>2023-07-01T12:36:13Z</time></trkpt><trkpt lat="57.188763" lon="36.482507"><ele>124.8</ele><time>2023-07-01T12:36:19Z</time></trkpt><trkpt lat="57.188723" lon="36.482622"><ele>123.7</ele><time>2023-07-01T12:36:26Z</time></trkpt><trkpt lat="57.188683" lon="36.482752"><ele>126.9</ele><time>2023-07-01T12:36:32Z</time></trkpt><trkpt lat="57.18864" lon="36.482873"><ele>122.5</ele><time>2023-07-01T12:36:39Z</time></trkpt><trkpt lat="57.188598" lon="36.482997"><ele>122.4</ele><time>2023-07-01T12:36:46Z</time></trkpt><trkpt lat="57.188568" lon="36.483138"><ele>123.4</ele><time>2023-07-01T12:36:53Z</time></trkpt><trkpt lat="57.188533" lon="36.483262"><ele>121.0</ele><time>2023-07-01T12:37:00Z</time></trkpt><trkpt lat="57.1885" lon="36.483385"><ele>120.0</ele><time>2023-07-01T12:37:07Z</time></trkpt><trkpt lat="57.18846" lon="36.483513"><ele>121.2</ele><time>2023-07-01T12:37:14Z</time></trkpt><trkpt lat="57.188425" lon="36.48363"><ele>121.7</ele><time>2023-07-01T12:37:20Z</time></trkpt><trkpt lat="57.188393" lon="36.483752"><ele>122.6</ele><time>2023-07-01T12:37:26Z</time></trkpt><trkpt lat="57.188353" lon="36.483867"><ele>122.6</ele><time>2023-07-01T12:37:32Z</time></trkpt><trkpt lat="57.188322" lon="36.48399"><ele>122.5</ele><time>2023-07-01T12:37:38Z</time></trkpt><trkpt lat="57.188297" lon="36.484118"><ele>124.7</ele><time>2023-07-01T12:37:44Z</time></trkpt><trkpt lat="57.188278" lon="36.48425"><ele>123.9</ele><time>2023-07-01T12:37:51Z</time></trkpt><trkpt lat="57.188272" lon="36.48439"><ele>122.7</ele><time>2023-07-01T12:37:57Z</time></trkpt><trkpt lat="57.188273" lon="36.484535"><ele>124.3</ele><time>2023-07-01T12:38:03Z</time></trkpt><trkpt lat="57.18828" lon="36.484688"><ele>123.3</ele><time>2023-07-01T12:38:10Z</time></trkpt><trkpt lat="57.188293" lon="36.484823"><ele>123.2</ele><time>2023-07-01T12:38:16Z</time></trkpt><trkpt lat="57.1883" lon="36.484957"><ele>124.1</ele><time>2023-07-01T12:38:23Z</time></trkpt><trkpt lat="57.188307" lon="36.485097"><ele>125.0</ele><time>2023-07-01T12:38:31Z</time></trkpt><trkpt lat="57.188333" lon="36.485228"><ele>124.3</ele><time>2023-07-01T12:38:39Z</time></trkpt><trkpt lat="57.188362" lon="36.485367"><ele>124.0</ele><time>2023-07-01T12:38:46Z</time></trkpt><trkpt lat="57.188382" lon="36.48551"><ele>122.6</ele><time>2023-07-01T12:38:54Z</time></trkpt><trkpt lat="57.188407" lon="36.485637"><ele>123.2</ele><time>2023-07-01T12:39:00Z</time></trkpt><trkpt lat="57.188433" lon="36.485762"><ele>123.1</ele><time>2023-07-01T12:39:07Z</time></trkpt><trkpt lat="57.188443" lon="36.4859"><ele>123.4</ele><time>2023-07-01T12:39:16Z</time></trkpt><trkpt lat="57.18846" lon="36.48603"><ele>121.7</ele><time>2023-07-01T12:39:23Z</time></trkpt><trkpt lat="57.188488" lon="36.486173"><ele>121.1</ele><time>2023-07-01T12:39:30Z</time></trkpt><trkpt lat="57.188523" lon="36.486298"><ele>121.6</ele><time>2023-07-01T12:39:36Z</time></trkpt><trkpt lat="57.188553" lon="36.486432"><ele>122.3</ele><time>2023-07-01T12:39:42Z</time></trkpt><trkpt lat="57.188577" lon="36.48657"><ele>122.8</ele><time>2023-07-01T12:39:49Z</time></trkpt><trkpt lat="57.188592" lon="36.486708"><ele>122.2</ele><time>2023-07-01T12:39:57Z</time></trkpt><trkpt lat="57.188613" lon="36.486838"><ele>122.0</ele><time>2023-07-01T12:40:04Z</time></trkpt><trkpt lat="57.188643" lon="36.486977"><ele>119.3</ele><time>2023-07-01T12:40:12Z</time></trkpt><trkpt lat="57.188665" lon="36.487122"><ele>118.6</ele><time>2023-07-01T12:40:20Z</time></trkpt><trkpt lat="57.188687" lon="36.487252"><ele>119.1</ele><time>2023-07-01T12:40:27Z</time></trkpt><trkpt lat="57.18871" lon="36.487382"><ele>118.3</ele><time>2023-07-01T12:40:33Z</time></trkpt><trkpt lat="57.188758" lon="36.487493"><ele>120.1</ele><time>2023-07-01T12:40:38Z</time></trkpt><trkpt lat="57.188795" lon="36.48762"><ele>120.2</ele><time>2023-07-01T12:40:45Z</time></trkpt><trkpt lat="57.18883" lon="36.487757"><ele>121.3</ele><time>2023-07-01T12:40:51Z</time></trkpt><trkpt lat="57.188842" lon="36.48791"><ele>120.6</ele><time>2023-07-01T12:40:58Z</time></trkpt><trkpt lat="57.188848" lon="36.488062"><ele>117.8</ele><time>2023-07-01T12:41:05Z</time></trkpt><trkpt lat="57.188883" lon="36.48818"><ele>118.4</ele><time>2023-07-01T12:41:12Z</time></trkpt><trkpt lat="57.188912" lon="36.488313"><ele>120.4</ele><time>2023-07-01T12:41:19Z</time></trkpt><trkpt lat="57.18892" lon="36.48846"><ele>117.8</ele><time>2023-07-01T12:41:26Z</time></trkpt><trkpt lat="57.188955" lon="36.488578"><ele>119.5</ele><time>2023-07-01T12:41:32Z</time></trkpt><trkpt lat="57.18898" lon="36.48872"><ele>119.4</ele><time>2023-07-01T12:41:39Z</time></trkpt><trkpt lat="57.188975" lon="36.488857"><ele>116.2</ele><time>2023-07-01T12:41:46Z</time></trkpt><trkpt lat="57.189012" lon="36.488977"><ele>117.8</ele><time>2023-07-01T12:41:51Z</time></trkpt><trkpt lat="57.18904" lon="36.489102"><ele>119.6</ele><time>2023-07-01T12:41:58Z</time></trkpt><trkpt lat="57.189077" lon="36.48923"><ele>120.6</ele><time>2023-07-01T12:42:04Z</time></trkpt><trkpt lat="57.189098" lon="36.489362"><ele>121.3</ele><time>2023-07-01T12:42:10Z</time></trkpt><trkpt lat="57.189122" lon="36.489493"><ele>121.5</ele><time>2023-07-01T12:42:17Z</time></trkpt><trkpt lat="57.18914" lon="36.489633"><ele>120.7</ele><time>2023-07-01T12:42:25Z</time></trkpt><trkpt lat="57.189157" lon="36.489777"><ele>120.6</ele><time>2023-07-01T12:42:34Z</time></trkpt><trkpt lat="57.189185" lon="36.489915"><ele>119.4</ele><time>2023-07-01T12:42:42Z</time></trkpt><trkpt lat="57.189195" lon="36.490062"><ele>115.0</ele><time>2023-07-01T12:42:50Z</time></trkpt><trkpt lat="57.189218" lon="36.490193"><ele>115.0</ele><time>2023-07-01T12:42:57Z</time></trkpt><trkpt lat="57.189248" lon="36.490323"><ele>116.5</ele><time>2023-07-01T12:43:03Z</time></trkpt><trkpt lat="57.189272" lon="36.490463"><ele>115.7</ele><time>2023-07-01T12:43:10Z</time></trkpt><trkpt lat="57.189295" lon="36.490597"><ele>114.4</ele><time>2023-07-01T12:43:16Z</time></trkpt><trkpt lat="57.189332" lon="36.490717"><ele>117.5</ele><time>2023-07-01T12:43:22Z</time></trkpt><trkpt lat="57.189365" lon="36.490835"><ele>117.6</ele><time>2023-07-01T12:43:28Z</time></trkpt><trkpt lat="57.18941" lon="36.49097"><ele>117.5</ele><time>2023-07-01T12:43:35Z</time></trkpt><trkpt lat="57.189458" lon="36.491083"><ele>117.6</ele><time>2023-07-01T12:43:42Z</time></trkpt><trkpt lat="57.189512" lon="36.491202"><ele>117.9</ele><time>2023-07-01T12:43:48Z</time></trkpt><trkpt lat="57.189552" lon="36.49132"><ele>117.9</ele><time>2023-07-01T12:43:55Z</time></trkpt><trkpt lat="57.189608" lon="36.491425"><ele>119.9</ele><time>2023-07-01T12:44:02Z</time></trkpt><trkpt lat="57.189655" lon="36.491525"><ele>118.4</ele><time>2023-07-01T12:44:10Z</time></trkpt><trkpt lat="57.189702" lon="36.491642"><ele>119.3</ele><time>2023-07-01T12:44:16Z</time></trkpt><trkpt lat="57.189743" lon="36.49176"><ele>118.9</ele><time>2023-07-01T12:44:22Z</time></trkpt><trkpt lat="57.189778" lon="36.491888"><ele>120.2</ele><time>2023-07-01T12:44:29Z</time></trkpt><trkpt lat="57.189817" lon="36.49201"><ele>120.4</ele><time>2023-07-01T12:44:35Z</time></trkpt><trkpt lat="57.18985" lon="36.492137"><ele>119.5</ele><time>2023-07-01T12:44:41Z</time></trkpt><trkpt lat="57.18989" lon="36.492252"><ele>119.2</ele><time>2023-07-01T12:44:47Z</time></trkpt><trkpt lat="57.189932" lon="36.492363"><ele>119.4</ele><time>2023-07-01T12:44:53Z</time></trkpt><trkpt lat="57.189973" lon="36.492483"><ele>120.0</ele><time>2023-07-01T12:44:59Z</time></trkpt><trkpt lat="57.190022" lon="36.492603"><ele>121.7</ele><time>2023-07-01T12:45:05Z</time></trkpt><trkpt lat="57.190038" lon="36.492733"><ele>118.7</ele><time>2023-07-01T12:45:13Z</time></trkpt><trkpt lat="57.190072" lon="36.492873"><ele>114.9</ele><time>2023-07-01T12:45:19Z</time></trkpt><trkpt lat="57.190118" lon="36.49299"><ele>115.5</ele><time>2023-07-01T12:45:24Z</time></trkpt><trkpt lat="57.190172" lon="36.493112"><ele>115.5</ele><time>2023-07-01T12:45:30Z</time></trkpt><trkpt lat="57.190215" lon="36.493237"><ele>115.2</ele><time>2023-07-01T12:45:36Z</time></trkpt><trkpt lat="57.190267" lon="36.493352"><ele>115.7</ele><time>2023-07-01T12:45:41Z</time></trkpt><trkpt lat="57.190323" lon="36.493453"><ele>116.1</ele><time>2023-07-01T12:45:47Z</time></trkpt><trkpt lat="57.190358" lon="36.493575"><ele>117.0</ele><time>2023-07-01T12:45:53Z</time></trkpt><trkpt lat="57.190363" lon="36.493723"><ele>117.5</ele><time>2023-07-01T12:45:59Z</time></trkpt><trkpt lat="57.190348" lon="36.493877"><ele>118.1</ele><time>2023-07-01T12:46:04Z</time></trkpt><trkpt lat="57.190327" lon="36.494027"><ele>120.2</ele><time>2023-07-01T12:46:09Z</time></trkpt><trkpt lat="57.190303" lon="36.494178"><ele>120.9</ele><time>2023-07-01T12:46:15Z</time></trkpt><trkpt lat="57.190325" lon="36.494308"><ele>121.8</ele><time>2023-07-01T12:46:22Z</time></trkpt><trkpt lat="57.190328" lon="36.494455"><ele>123.6</ele><time>2023-07-01T12:46:29Z</time></trkpt><trkpt lat="57.190345" lon="36.494605"><ele>122.8</ele><time>2023-07-01T12:46:37Z</time></trkpt><trkpt lat="57.190372" lon="36.494732"><ele>121.9</ele><time>2023-07-01T12:46:44Z</time></trkpt><trkpt lat="57.190403" lon="36.49485"><ele>124.6</ele><time>2023-07-01T12:46:52Z</time></trkpt><trkpt lat="57.190395" lon="36.494992"><ele>122.4</ele><time>2023-07-01T12:47:00Z</time></trkpt><trkpt lat="57.190412" lon="36.495127"><ele>120.6</ele><time>2023-07-01T12:47:07Z</time></trkpt><trkpt lat="57.1904" lon="36.495277"><ele>120.7</ele><time>2023-07-01T12:47:14Z</time></trkpt><trkpt lat="57.190358" lon="36.495415"><ele>120.8</ele><time>2023-07-01T12:47:19Z</time></trkpt><trkpt lat="57.190307" lon="36.495513"><ele>117.6</ele><time>2023-07-01T12:47:23Z</time></trkpt><trkpt lat="57.190247" lon="36.495617"><ele>117.4</ele><time>2023-07-01T12:47:29Z</time></trkpt><trkpt lat="57.190217" lon="36.495748"><ele>116.8</ele><time>2023-07-01T12:47:36Z</time></trkpt><trkpt lat="57.190205" lon="36.4959"><ele>119.4</ele><time>2023-07-01T12:47:43Z</time></trkpt><trkpt lat="57.190208" lon="36.496047"><ele>120.3</ele><time>2023-07-01T12:47:49Z</time></trkpt><trkpt lat="57.19021" lon="36.496192"><ele>121.3</ele><time>2023-07-01T12:47:57Z</time></trkpt><trkpt lat="57.190207" lon="36.496337"><ele>121.2</ele><time>2023-07-01T12:48:04Z</time></trkpt><trkpt lat="57.190203" lon="36.496477"><ele>119.9</ele><time>2023-07-01T12:48:10Z</time></trkpt><trkpt lat="57.190205" lon="36.496623"><ele>119.1</ele><time>2023-07-01T12:48:17Z</time></trkpt><trkpt lat="57.190173" lon="36.496752"><ele>117.3</ele><time>2023-07-01T12:48:23Z</time></trkpt><trkpt lat="57.19013" lon="36.496878"><ele>116.3</ele><time>2023-07-01T12:48:30Z</time></trkpt><trkpt lat="57.190082" lon="36.497"><ele>116.7</ele><time>2023-07-01T12:48:36Z</time></trkpt><trkpt lat="57.190045" lon="36.497118"><ele>117.1</ele><time>2023-07-01T12:48:40Z</time></trkpt><trkpt lat="57.190002" lon="36.497255"><ele>115.8</ele><time>2023-07-01T12:48:44Z</time></trkpt><trkpt lat="57.18996" lon="36.497375"><ele>114.3</ele><time>2023-07-01T12:48:48Z</time></trkpt><trkpt lat="57.189917" lon="36.497492"><ele>116.3</ele><time>2023-07-01T12:48:52Z</time></trkpt><trkpt lat="57.189875" lon="36.49761"><ele>115.6</ele><time>2023-07-01T12:48:56Z</time></trkpt><trkpt lat="57.18984" lon="36.49775"><ele>114.3</ele><time>2023-07-01T12:49:01Z</time></trkpt><trkpt lat="57.189795" lon="36.497853"><ele>114.6</ele><time>2023-07-01T12:49:05Z</time></trkpt><trkpt lat="57.189748" lon="36.497968"><ele>112.8</ele><time>2023-07-01T12:49:10Z</time></trkpt><trkpt lat="57.189675" lon="36.498043"><ele>112.3</ele><time>2023-07-01T12:49:16Z</time></trkpt><trkpt lat="57.189603" lon="36.498067"><ele>113.3</ele><time>2023-07-01T12:49:23Z</time></trkpt><trkpt lat="57.189592" lon="36.49793"><ele>112.5</ele><time>2023-07-01T12:53:23Z</time></trkpt><trkpt lat="57.189638" lon="36.49782"><ele>112.4</ele><time>2023-07-01T12:53:32Z</time></trkpt><trkpt lat="57.189673" lon="36.497695"><ele>117.0</ele><time>2023-07-01T12:53:45Z</time></trkpt></trkseg></trk></gpx>