<?xml version="1.0" encoding="UTF-8" standalone="no"?><gpx xmlns="http://www.topografix.com/GPX/1/1" xmlns:gpxtpx="http://www.garmin.com/xmlschemas/TrackPointExtension/v1" xmlns:xsi="http://www.w3.org/2001/XMLSchema-instance" creator="Sports Tracker" version="1.1" xsi:schemaLocation="http://www.topografix.com/GPX/1/1 http://www.topografix.com/GPX/1/1/gpx.xsd http://www.garmin.com/xmlschemas/TrackPointExtension/v1 http://www.garmin.com/xmlschemas/TrackPointExtensionv1.xsd"><metadata><name/><desc/><author><name>Александр</name></author></metadata><trk><name/><trkseg><trkpt lat="58.036593" lon="39.113792"><ele>95.0</ele><time>2024-12-29T15:05:12Z</time><extensions><gpxtpx:TrackPointExtension><gpxtpx:hr>106</gpxtpx:hr></gpxtpx:TrackPointExtension></extensions></trkpt><trkpt lat="58.036593" lon="39.11379"><ele>95.0</ele><time>2024-12-29T15:05:13Z</time><extensions><gpxtpx:TrackPointExtension><gpxtpx:hr>106</gpxtpx:hr></gpxtpx:TrackPointExtension></extensions></trkpt><trkpt lat="58.036593" lon="39.11379"><ele>95.0</ele><time>2024-12-29T15:05:15Z</time><extensions><gpxtpx:TrackPointExtension><gpxtpx:hr>106</gpxtpx:hr></gpxtpx:TrackPointExtension></extensions></trkpt><trkpt lat="58.036593" lon="39.11379"><ele>95.0</ele><time>2024-12-29T15:05:16Z</time><extensions><gpxtpx:TrackPointExtension><gpxtpx:hr>106</gpxtpx:hr></gpxtpx:TrackPointExtension></extensions></trkpt><trkpt lat="58.036593" lon="39.11379"><ele>95.0</ele><time>2024-12-29T15:05:17Z</time><extensions><gpxtpx:TrackPointExtension><gpxtpx:hr>106</gpxtpx:hr></gpxtpx:TrackPointExtension></extensions></trkpt><trkpt lat="58.036593" lon="39.11379"><ele>95.0</ele><time>2024-12-29T15:05:18Z</time><extensions><gpxtpx:TrackPointExtension><gpxtpx:hr>106</gpxtpx:hr></gpxtpx:TrackPointExtension></extensions></trkpt><trkpt lat="58.036593" lon="39.11379"><ele>95.0</ele><time>2024-12-29T15:05:19Z</time><extensions><gpxtpx:TrackPointExtension><gpxtpx:hr>106</gpxtpx:hr></gpxtpx:TrackPointExtension></extensions></trkpt><trkpt lat="58.036593" lon="39.11379"><ele>95.0</ele><time>2024-12-29T15:05:20Z</time><extensions><gpxtpx:TrackPointExtension><gpxtpx:hr>106</gpxtpx:hr></gpxtpx:TrackPointExtension></extensions></trkpt><trkpt lat="58.036593" lon="39.11379"><ele>95.0</ele><time>2024-12-29T15:05:21Z</time><extensions><gpxtpx:TrackPointExtension><gpxtpx:hr>106</gpxtpx:hr></gpxtpx:TrackPointExtension></extensions></trkpt><trkpt lat="58.036593" lon="39.11379"><ele>95.0</ele><time>2024-12-29T15:05:22Z</time><extensions><gpxtpx:TrackPointExtension><gpxtpx:hr>106</gpxtpx:hr></gpxtpx:TrackPointExtension></extensions></trkpt><trkpt lat="58.036593" lon="39.11379"><ele>95.0</ele><time>2024-12-29T15:05:23Z</time><extensions><gpxtpx:TrackPointExtension><gpxtpx:hr>106</gpxtpx:hr></gpxtpx:TrackPointExtension></extensions></trkpt><trkpt lat="58.036568" lon="39.11377"><ele>95.0</ele><time>2024-12-29T15:05:34Z</time><extensions><gpxtpx:TrackPointExtension><gpxtpx:hr>106</gpxtpx:hr></gpxtpx:TrackPointExtension></extensions></trkpt><trkpt lat="58.036563" lon="39.113765"><ele>95.0</ele><time>2024-12-29T15:05:35Z</time><extensions><gpxtpx:TrackPointExtension><gpxtpx:hr>106</gpxtpx:hr></gpxtpx:TrackPointExtension></extensions></trkpt><trkpt lat="58.036552" lon="39.11375"><ele>95.0</ele><time>2024-12-29T15:05:35Z</time><extensions><gpxtpx:TrackPointExtension><gpxtpx:hr>106</gpxtpx:hr></gpxtpx:TrackPointExtension></extensions></trkpt><trkpt lat="58.036532" lon="39.113727"><ele>95.0</ele><time>2024-12-29T15:05:36Z</time><extensions><gpxtpx:TrackPointExtension><gpxtpx:hr>106</gpxtpx:hr></gpxtpx:TrackPointExtension></extensions></trkpt><trkpt lat="58.03651" lon="39.1137"><ele>95.0</ele><time>2024-12-29T15:05:37Z</time><extensions><gpxtpx:TrackPointExtension><gpxtpx:hr>106</gpxtpx:hr></gpxtpx:TrackPointExtension></extensions></trkpt><trkpt lat="58.03648" lon="39.11367"><ele>95.0</ele><time>2024-12-29T15:05:39Z</time><extensions><gpxtpx:TrackPointExtension><gpxtpx:hr>110</gpxtpx:hr></gpxtpx:TrackPointExtension></extensions></trkpt><trkpt lat="58.036445" lon="39.113635"><ele>95.0</ele><time>2024-12-29T15:05:40Z</time><extensions><gpxtpx:TrackPointExtension><gpxtpx:hr>110</gpxtpx:hr></gpxtpx:TrackPointExtension></extensions></trkpt><trkpt lat="58.03641" lon="39.113597"><ele>95.0</ele><time>2024-12-29T15:05:41Z</time><extensions><gpxtpx:TrackPointExtension><gpxtpx:hr>113</gpxtpx:hr></gpxtpx:TrackPointExtension></extensions></trkpt><trkpt lat="58.036377" lon="39.113563"><ele>95.0</ele><time>2024-12-29T15:05:42Z</time><extensions><gpxtpx:TrackPointExtension><gpxtpx:hr>113</gpxtpx:hr></gpxtpx:TrackPointExtension></extensions></trkpt><trkpt lat="58.03634" lon="39.11354"><ele>95.0</ele><time>2024-12-29T15:05:43Z</time><extensions><gpxtpx:TrackPointExtension><gpxtpx:hr>113</gpxtpx:hr></gpxtpx:TrackPointExtension></extensions></trkpt><trkpt lat="58.0363" lon="39.113525"><ele>95.0</ele><time>2024-12-29T15:05:44Z</time><extensions><gpxtpx:TrackPointExtension><gpxtpx:hr>116</gpxtpx:hr></gpxtpx:TrackPointExtension></extensions></trkpt><trkpt lat="58.03626" lon="39.113517"><ele>95.0</ele><time>2024-12-29T15:05:45Z</time><extensions><gpxtpx:TrackPointExtension><gpxtpx:hr>120</gpxtpx:hr></gpxtpx:TrackPointExtension></extensions></trkpt><trkpt lat="58.036223" lon="39.113525"><ele>95.0</ele><time>2024-12-29T15:05:46Z</time><extensions><gpxtpx:TrackPointExtension><gpxtpx:hr>120</gpxtpx:hr></gpxtpx:TrackPointExtension></extensions></trkpt><trkpt lat="58.036188" lon="39.11355"><ele>95.0</ele><time>2024-12-29T15:05:47Z</time><extensions><gpxtpx:TrackPointExtension><gpxtpx:hr>126</gpxtpx:hr></gpxtpx:TrackPointExtension></extensions></trkpt><trkpt lat="58.03616" lon="39.113582"><ele>95.0</ele><time>2024-12-29T15:05:48Z</time><extensions><gpxtpx:TrackPointExtension><gpxtpx:hr>128</gpxtpx:hr></gpxtpx:TrackPointExtension></extensions></trkpt><trkpt lat="58.036137" lon="39.11362"><ele>95.0</ele><time>2024-12-29T15:05:48Z</time><extensions><gpxtpx:TrackPointExtension><gpxtpx:hr>128</gpxtpx:hr></gpxtpx:TrackPointExtension></extensions></trkpt><trkpt lat="58.036113" lon="39.113673"><ele>95.0</ele><time>2024-12-29T15:05:49Z</time><extensions><gpxtpx:TrackPointExtension><gpxtpx:hr>130</gpxtpx:hr></gpxtpx:TrackPointExtension></extensions></trkpt><trkpt lat="58.036102" lon="39.113735"><ele>95.0</ele><time>2024-12-29T15:05:50Z</time><extensions><gpxtpx:TrackPointExtension><gpxtpx:hr>133</gpxtpx:hr></gpxtpx:TrackPointExtension></extensions></trkpt><trkpt lat="58.0361" lon="39.113795"><ele>95.0</ele><time>2024-12-29T15:05:52Z</time><extensions><gpxtpx:TrackPointExtension><gpxtpx:hr>134</gpxtpx:hr></gpxtpx:TrackPointExtension></extensions></trkpt><trkpt lat="58.036102" lon="39.113863"><ele>95.0</ele><time>2024-12-29T15:05:53Z</time><extensions><gpxtpx:TrackPointExtension><gpxtpx:hr>133</gpxtpx:hr></gpxtpx:TrackPointExtension></extensions></trkpt><trkpt lat="58.03611" lon="39.113933"><ele>95.0</ele><time>2024-12-29T15:05:54Z</time><extensions><gpxtpx:TrackPointExtension><gpxtpx:hr>133</gpxtpx:hr></gpxtpx:TrackPointExtension></extensions></trkpt><trkpt lat="58.036125" lon="39.113995"><ele>95.0</ele><time>2024-12-29T15:05:55Z</time><extensions><gpxtpx:TrackPointExtension><gpxtpx:hr>133</gpxtpx:hr></gpxtpx:TrackPointExtension></extensions></trkpt><trkpt lat="58.036147" lon="39.114055"><ele>95.0</ele><time>2024-12-29T15:05:56Z</time><extensions><gpxtpx:TrackPointExtension><gpxtpx:hr>133</gpxtpx:hr></gpxtpx:TrackPointExtension></extensions></trkpt><trkpt lat="58.036175" lon="39.11411"><ele>95.0</ele><time>2024-12-29T15:05:57Z</time><extensions><gpxtpx:TrackPointExtension><gpxtpx:hr>133</gpxtpx:hr></gpxtpx:TrackPointExtension></extensions></trkpt><trkpt lat="58.03621" lon="39.11415"><ele>95.0</ele><time>2024-12-29T15:05:58Z</time><extensions><gpxtpx:TrackPointExtension><gpxtpx:hr>133</gpxtpx:hr></gpxtpx:TrackPointExtension></extensions></trkpt><trkpt lat="58.03624" lon="39.114197"><ele>95.0</ele><time>2024-12-29T15:05:59Z</time><extensions><gpxtpx:TrackPointExtension><gpxtpx:hr>133</gpxtpx:hr></gpxtpx:TrackPointExtension></extensions></trkpt><trkpt lat="58.036273" lon="39.11423"><ele>95.0</ele><time>2024-12-29T15:06:00Z</time><extensions><gpxtpx:TrackPointExtension><gpxtpx:hr>132</gpxtpx:hr></gpxtpx:TrackPointExtension></extensions></trkpt><trkpt lat="58.03631" lon="39.114272"><ele>95.0</ele><time>2024-12-29T15:06:00Z</time><extensions><gpxtpx:TrackPointExtension><gpxtpx:hr>132</gpxtpx:hr></gpxtpx:TrackPointExtension></extensions></trkpt><trkpt lat="58.036345" lon="39.11431"><ele>95.0</ele><time>2024-12-29T15:06:01Z</time><extensions><gpxtpx:TrackPointExtension><gpxtpx:hr>132</gpxtpx:hr></gpxtpx:TrackPointExtension></extensions></trkpt><trkpt lat="58.036385" lon="39.11435"><ele>95.0</ele><time>2024-12-29T15:06:02Z</time><extensions><gpxtpx:TrackPointExtension><gpxtpx:hr>131</gpxtpx:hr></gpxtpx:TrackPointExtension></extensions></trkpt><trkpt lat="58.036422" lon="39.11438"><ele>95.0</ele><time>2024-12-29T15:06:03Z</time><extensions><gpxtpx:TrackPointExtension><gpxtpx:hr>129</gpxtpx:hr></gpxtpx:TrackPointExtension></extensions></trkpt><trkpt lat="58.036457" lon="39.114413"><ele>95.0</ele><time>2024-12-29T15:06:05Z</time><extensions><gpxtpx:TrackPointExtension><gpxtpx:hr>119</gpxtpx:hr></gpxtpx:TrackPointExtension></extensions></trkpt><trkpt lat="58.036495" lon="39.11445"><ele>95.0</ele><time>2024-12-29T15:06:06Z</time><extensions><gpxtpx:TrackPointExtension><gpxtpx:hr>119</gpxtpx:hr></gpxtpx:TrackPointExtension></extensions></trkpt><trkpt lat="58.036532" lon="39.114482"><ele>95.0</ele><time>2024-12-29T15:06:07Z</time><extensions><gpxtpx:TrackPointExtension><gpxtpx:hr>105</gpxtpx:hr></gpxtpx:TrackPointExtension></extensions></trkpt><trkpt lat="58.036568" lon="39.114517"><ele>95.0</ele><time>2024-12-29T15:06:08Z</time><extensions><gpxtpx:TrackPointExtension><gpxtpx:hr>105</gpxtpx:hr></gpxtpx:TrackPointExtension></extensions></trkpt><trkpt lat="58.03661" lon="39.114555"><ele>95.0</ele><time>2024-12-29T15:06:09Z</time><extensions><gpxtpx:TrackPointExtension><gpxtpx:hr>105</gpxtpx:hr></gpxtpx:TrackPointExtension></extensions></trkpt><trkpt lat="58.03665" lon="39.114593"><ele>95.0</ele><time>2024-12-29T15:06:10Z</time><extensions><gpxtpx:TrackPointExtension><gpxtpx:hr>105</gpxtpx:hr></gpxtpx:TrackPointExtension></extensions></trkpt><trkpt lat="58.036693" lon="39.114627"><ele>95.0</ele><time>2024-12-29T15:06:11Z</time><extensions><gpxtpx:TrackPointExtension><gpxtpx:hr>105</gpxtpx:hr></gpxtpx:TrackPointExtension></extensions></trkpt><trkpt lat="58.03673" lon="39.11466"><ele>95.0</ele><time>2024-12-29T15:06:11Z</time><extensions><gpxtpx:TrackPointExtension><gpxtpx:hr>105</gpxtpx:hr></gpxtpx:TrackPointExtension></extensions></trkpt><trkpt lat="58.03677" lon="39.11469"><ele>95.0</ele><time>2024-12-29T15:06:12Z</time><extensions><gpxtpx:TrackPointExtension><gpxtpx:hr>105</gpxtpx:hr></gpxtpx:TrackPointExtension></extensions></trkpt><trkpt lat="58.03681" lon="39.11472"><ele>95.0</ele><time>2024-12-29T15:06:13Z</time><extensions><gpxtpx:TrackPointExtension><gpxtpx:hr>105</gpxtpx:hr></gpxtpx:TrackPointExtension></extensions></trkpt><trkpt lat="58.036853" lon="39.11475"><ele>95.0</ele><time>2024-12-29T15:06:14Z</time><extensions><gpxtpx:TrackPointExtension><gpxtpx:hr>105</gpxtpx:hr></gpxtpx:TrackPointExtension></extensions></trkpt><trkpt lat="58.036895" lon="39.114777"><ele>95.0</ele><time>2024-12-29T15:06:16Z</time><extensions><gpxtpx:TrackPointExtension><gpxtpx:hr>105</gpxtpx:hr></gpxtpx:TrackPointExtension></extensions></trkpt><trkpt lat="58.036937" lon="39.114807"><ele>95.0</ele><time>2024-12-29T15:06:17Z</time><extensions><gpxtpx:TrackPointExtension><gpxtpx:hr>105</gpxtpx:hr></gpxtpx:TrackPointExtension></extensions></trkpt><trkpt lat="58.036975" lon="39.11484"><ele>95.0</ele><time>2024-12-29T15:06:18Z</time><extensions><gpxtpx:TrackPointExtension><gpxtpx:hr>105</gpxtpx:hr></gpxtpx:TrackPointExtension></extensions></trkpt><trkpt lat="58.03701" lon="39.114872"><ele>95.0</ele><time>2024-12-29T15:06:19Z</time><extensions><gpxtpx:TrackPointExtension><gpxtpx:hr>105</gpxtpx:hr></gpxtpx:TrackPointExtension></extensions></trkpt><trkpt lat="58.03705" lon="39.114902"><ele>95.0</ele><time>2024-12-29T15:06:20Z</time><extensions><gpxtpx:TrackPointExtension><gpxtpx:hr>105</gpxtpx:hr></gpxtpx:TrackPointExtension></extensions></trkpt><trkpt lat="58.037085" lon="39.114925"><ele>95.0</ele><time>2024-12-29T15:06:21Z</time><extensions><gpxtpx:TrackPointExtension><gpxtpx:hr>105</gpxtpx:hr></gpxtpx:TrackPointExtension></extensions></trkpt><trkpt lat="58.03712" lon="39.114943"><ele>95.0</ele><time>2024-12-29T15:06:22Z</time><extensions><gpxtpx:TrackPointExtension><gpxtpx:hr>105</gpxtpx:hr></gpxtpx:TrackPointExtension></extensions></trkpt><trkpt lat="58.03716" lon="39.11494"><ele>95.0</ele><time>2024-12-29T15:06:23Z</time><extensions><gpxtpx:TrackPointExtension><gpxtpx:hr>105</gpxtpx:hr></gpxtpx:TrackPointExtension></extensions></trkpt><trkpt lat="58.03719" lon="39.114925"><ele>95.0</ele><time>2024-12-29T15:06:23Z</time><extensions><gpxtpx:TrackPointExtension><gpxtpx:hr>105</gpxtpx:hr></gpxtpx:TrackPointExtension></extensions></trkpt><trkpt lat="58.037212" lon="39.1149"><ele>95.0</ele><time>2024-12-29T15:06:24Z</time><extensions><gpxtpx:TrackPointExtension><gpxtpx:hr>105</gpxtpx:hr></gpxtpx:TrackPointExtension></extensions></trkpt><trkpt lat="58.03723" lon="39.114857"><ele>95.0</ele><time>2024-12-29T15:06:25Z</time><extensions><gpxtpx:TrackPointExtension><gpxtpx:hr>105</gpxtpx:hr></gpxtpx:TrackPointExtension></extensions></trkpt><trkpt lat="58.03724" lon="39.11482"><ele>95.0</ele><time>2024-12-29T15:06:26Z</time><extensions><gpxtpx:TrackPointExtension><gpxtpx:hr>105</gpxtpx:hr></gpxtpx:TrackPointExtension></extensions></trkpt><trkpt lat="58.037242" lon="39.114777"><ele>95.0</ele><time>2024-12-29T15:06:28Z</time><extensions><gpxtpx:TrackPointExtension><gpxtpx:hr>105</gpxtpx:hr></gpxtpx:TrackPointExtension></extensions></trkpt><trkpt lat="58.03724" lon="39.11473"><ele>95.0</ele><time>2024-12-29T15:06:29Z</time><extensions><gpxtpx:TrackPointExtension><gpxtpx:hr>105</gpxtpx:hr></gpxtpx:TrackPointExtension></extensions></trkpt><trkpt lat="58.037223" lon="39.11469"><ele>95.0</ele><time>2024-12-29T15:06:30Z</time><extensions><gpxtpx:TrackPointExtension><gpxtpx:hr>105</gpxtpx:hr></gpxtpx:TrackPointExtension></extensions></trkpt><trkpt lat="58.0372" lon="39.11464"><ele>95.0</ele><time>2024-12-29T15:06:31Z</time><extensions><gpxtpx:TrackPointExtension><gpxtpx:hr>105</gpxtpx:hr></gpxtpx:TrackPointExtension></extensions></trkpt><trkpt lat="58.037177" lon="39.114593"><ele>95.0</ele><time>2024-12-29T15:06:32Z</time><extensions><gpxtpx:TrackPointExtension><gpxtpx:hr>105</gpxtpx:hr></gpxtpx:TrackPointExtension></extensions></trkpt><trkpt lat="58.037147" lon="39.11455"><ele>95.0</ele><time>2024-12-29T15:06:33Z</time><extensions><gpxtpx:TrackPointExtension><gpxtpx:hr>105</gpxtpx:hr></gpxtpx:TrackPointExtension></extensions></trkpt><trkpt lat="58.037117" lon="39.114505"><ele>95.0</ele><time>2024-12-29T15:06:34Z</time><extensions><gpxtpx:TrackPointExtension><gpxtpx:hr>105</gpxtpx:hr></gpxtpx:TrackPointExtension></extensions></trkpt><trkpt lat="58.037082" lon="39.114463"><ele>95.0</ele><time>2024-12-29T15:06:34Z</time><extensions><gpxtpx:TrackPointExtension><gpxtpx:hr>105</gpxtpx:hr></gpxtpx:TrackPointExtension></extensions></trkpt><trkpt lat="58.03705" lon="39.11442"><ele>95.0</ele><time>2024-12-29T15:06:35Z</time><extensions><gpxtpx:TrackPointExtension><gpxtpx:hr>105</gpxtpx:hr></gpxtpx:TrackPointExtension></extensions></trkpt><trkpt lat="58.037017" lon="39.114383"><ele>95.0</ele><time>2024-12-29T15:06:36Z</time><extensions><gpxtpx:TrackPointExtension><gpxtpx:hr>105</gpxtpx:hr></gpxtpx:TrackPointExtension></extensions></trkpt><trkpt lat="58.036982" lon="39.11434"><ele>95.0</ele><time>2024-12-29T15:06:37Z</time><extensions><gpxtpx:TrackPointExtension><gpxtpx:hr>105</gpxtpx:hr></gpxtpx:TrackPointExtension></extensions></trkpt><trkpt lat="58.036948" lon="39.114303"><ele>95.0</ele><time>2024-12-29T15:06:38Z</time><extensions><gpxtpx:TrackPointExtension><gpxtpx:hr>105</gpxtpx:hr></gpxtpx:TrackPointExtension></extensions></trkpt><trkpt lat="58.03692" lon="39.11427"><ele>95.0</ele><time>2024-12-29T15:06:39Z</time><extensions><gpxtpx:TrackPointExtension><gpxtpx:hr>105</gpxtpx:hr></gpxtpx:TrackPointExtension></extensions></trkpt><trkpt lat="58.036883" lon="39.114235"><ele>95.0</ele><time>2024-12-29T15:06:41Z</time><extensions><gpxtpx:TrackPointExtension><gpxtpx:hr>105</gpxtpx:hr></gpxtpx:TrackPointExtension></extensions></trkpt><trkpt lat="58.036853" lon="39.1142"><ele>95.0</ele><time>2024-12-29T15:06:42Z</time><extensions><gpxtpx:TrackPointExtension><gpxtpx:hr>105</gpxtpx:hr></gpxtpx:TrackPointExtension></extensions></trkpt><trkpt lat="58.03682" lon="39.114165"><ele>95.0</ele><time>2024-12-29T15:06:43Z</time><extensions><gpxtpx:TrackPointExtension><gpxtpx:hr>105</gpxtpx:hr></gpxtpx:TrackPointExtension></extensions></trkpt><trkpt lat="58.036785" lon="39.114132"><ele>95.0</ele><time>2024-12-29T15:06:44Z</time><extensions><gpxtpx:TrackPointExtension><gpxtpx:hr>105</gpxtpx:hr></gpxtpx:TrackPointExtension></extensions></trkpt><trkpt lat="58.03675" lon="39.114097"><ele>95.0</ele><time>2024-12-29T15:06:45Z</time><extensions><gpxtpx:TrackPointExtension><gpxtpx:hr>105</gpxtpx:hr></gpxtpx:TrackPointExtension></extensions></trkpt><trkpt lat="58.036715" lon="39.11406"><ele>95.0</ele><time>2024-12-29T15:06:46Z</time><extensions><gpxtpx:TrackPointExtension><gpxtpx:hr>105</gpxtpx:hr></gpxtpx:TrackPointExtension></extensions></trkpt><trkpt lat="58.036685" lon="39.114025"><ele>95.0</ele><time>2024-12-29T15:06:47Z</time><extensions><gpxtpx:TrackPointExtension><gpxtpx:hr>105</gpxtpx:hr></gpxtpx:TrackPointExtension></extensions></trkpt><trkpt lat="58.03665" lon="39.113987"><ele>95.0</ele><time>2024-12-29T15:06:48Z</time><extensions><gpxtpx:TrackPointExtension><gpxtpx:hr>105</gpxtpx:hr></gpxtpx:TrackPointExtension></extensions></trkpt><trkpt lat="58.03662" lon="39.113952"><ele>95.0</ele><time>2024-12-29T15:06:48Z</time><extensions><gpxtpx:TrackPointExtension><gpxtpx:hr>105</gpxtpx:hr></gpxtpx:TrackPointExtension></extensions></trkpt><trkpt lat="58.036587" lon="39.11392"><ele>95.0</ele><time>2024-12-29T15:06:49Z</time><extensions><gpxtpx:TrackPointExtension><gpxtpx:hr>105</gpxtpx:hr></gpxtpx:TrackPointExtension></extensions></trkpt><trkpt lat="58.036555" lon="39.11388"><ele>95.0</ele><time>2024-12-29T15:06:50Z</time><extensions><gpxtpx:TrackPointExtension><gpxtpx:hr>105</gpxtpx:hr></gpxtpx:TrackPointExtension></extensions></trkpt><trkpt lat="58.036522" lon="39.113845"><ele>95.0</ele><time>2024-12-29T15:06:51Z</time><extensions><gpxtpx:TrackPointExtension><gpxtpx:hr>105</gpxtpx:hr></gpxtpx:TrackPointExtension></extensions></trkpt><trkpt lat="58.036487" lon="39.113807"><ele>95.0</ele><time>2024-12-29T15:06:53Z</time><extensions><gpxtpx:TrackPointExtension><gpxtpx:hr>105</gpxtpx:hr></gpxtpx:TrackPointExtension></extensions></trkpt><trkpt lat="58.036452" lon="39.11377"><ele>95.0</ele><time>2024-12-29T15:06:54Z</time><extensions><gpxtpx:TrackPointExtension><gpxtpx:hr>105</gpxtpx:hr></gpxtpx:TrackPointExtension></extensions></trkpt><trkpt lat="58.036422" lon="39.113735"><ele>95.0</ele><time>2024-12-29T15:06:55Z</time><extensions><gpxtpx:TrackPointExtension><gpxtpx:hr>105</gpxtpx:hr></gpxtpx:TrackPointExtension></extensions></trkpt><trkpt lat="58.036395" lon="39.113712"><ele>95.0</ele><time>2024-12-29T15:06:56Z</time><extensions><gpxtpx:TrackPointExtension><gpxtpx:hr>105</gpxtpx:hr></gpxtpx:TrackPointExtension></extensions></trkpt><trkpt lat="58.03637" lon="39.11368"><ele>95.0</ele><time>2024-12-29T15:06:57Z</time><extensions><gpxtpx:TrackPointExtension><gpxtpx:hr>105</gpxtpx:hr></gpxtpx:TrackPointExtension></extensions></trkpt><trkpt lat="58.03634" lon="39.11366"><ele>95.0</ele><time>2024-12-29T15:06:57Z</time><extensions><gpxtpx:TrackPointExtension><gpxtpx:hr>105</gpxtpx:hr></gpxtpx:TrackPointExtension></extensions></trkpt><trkpt lat="58.03631" lon="39.113638"><ele>95.0</ele><time>2024-12-29T15:06:58Z</time><extensions><gpxtpx:TrackPointExtension><gpxtpx:hr>105</gpxtpx:hr></gpxtpx:TrackPointExtension></extensions></trkpt><trkpt lat="58.036273" lon="39.11363"><ele>95.0</ele><time>2024-12-29T15:06:59Z</time><extensions><gpxtpx:TrackPointExtension><gpxtpx:hr>105</gpxtpx:hr></gpxtpx:TrackPointExtension></extensions></trkpt><trkpt lat="58.03624" lon="39.11363"><ele>95.0</ele><time>2024-12-29T15:07:00Z</time><extensions><gpxtpx:TrackPointExtension><gpxtpx:hr>105</gpxtpx:hr></gpxtpx:TrackPointExtension></extensions></trkpt><trkpt lat="58.03621" lon="39.113638"><ele>95.0</ele><time>2024-12-29T15:07:01Z</time><extensions><gpxtpx:TrackPointExtension><gpxtpx:hr>105</gpxtpx:hr></gpxtpx:TrackPointExtension></extensions></trkpt><trkpt lat="58.036182" lon="39.11366"><ele>95.0</ele><time>2024-12-29T15:07:03Z</time><extensions><gpxtpx:TrackPointExtension><gpxtpx:hr>105</gpxtpx:hr></gpxtpx:TrackPointExtension></extensions></trkpt><trkpt lat="58.03616" lon="39.113685"><ele>95.0</ele><time>2024-12-29T15:07:04Z</time><extensions><gpxtpx:TrackPointExtension><gpxtpx:hr>105</gpxtpx:hr></gpxtpx:TrackPointExtension></extensions></trkpt><trkpt lat="58.03614" lon="39.113723"><ele>95.0</ele><time>2024-12-29T15:07:05Z</time><extensions><gpxtpx:TrackPointExtension><gpxtpx:hr>105</gpxtpx:hr></gpxtpx:TrackPointExtension></extensions></trkpt><trkpt lat="58.036132" lon="39.113772"><ele>95.0</ele><time>2024-12-29T15:07:06Z</time><extensions><gpxtpx:TrackPointExtension><gpxtpx:hr>105</gpxtpx:hr></gpxtpx:TrackPointExtension></extensions></trkpt><trkpt lat="58.03613" lon="39.113827"><ele>95.0</ele><time>2024-12-29T15:07:07Z</time><extensions><gpxtpx:TrackPointExtension><gpxtpx:hr>105</gpxtpx:hr></gpxtpx:TrackPointExtension></extensions></trkpt><trkpt lat="58.036137" lon="39.11388"><ele>95.0</ele><time>2024-12-29T15:07:07Z</time><extensions><gpxtpx:TrackPointExtension><gpxtpx:hr>105</gpxtpx:hr></gpxtpx:TrackPointExtension></extensions></trkpt><trkpt lat="58.036143" lon="39.113933"><ele>95.0</ele><time>2024-12-29T15:07:09Z</time><extensions><gpxtpx:TrackPointExtension><gpxtpx:hr>105</gpxtpx:hr></gpxtpx:TrackPointExtension></extensions></trkpt><trkpt lat="58.03616" lon="39.11398"><ele>95.0</ele><time>2024-12-29T15:07:09Z</time><extensions><gpxtpx:TrackPointExtension><gpxtpx:hr>105</gpxtpx:hr></gpxtpx:TrackPointExtension></extensions></trkpt><trkpt lat="58.03618" lon="39.114025"><ele>95.0</ele><time>2024-12-29T15:07:10Z</time><extensions><gpxtpx:TrackPointExtension><gpxtpx:hr>105</gpxtpx:hr></gpxtpx:TrackPointExtension></extensions></trkpt><trkpt lat="58.036197" lon="39.114067"><ele>95.0</ele><time>2024-12-29T15:07:11Z</time><extensions><gpxtpx:TrackPointExtension><gpxtpx:hr>105</gpxtpx:hr></gpxtpx:TrackPointExtension></extensions></trkpt><trkpt lat="58.036223" lon="39.11411"><ele>95.0</ele><time>2024-12-29T15:07:12Z</time><extensions><gpxtpx:TrackPointExtension><gpxtpx:hr>105</gpxtpx:hr></gpxtpx:TrackPointExtension></extensions></trkpt><trkpt lat="58.036247" lon="39.114147"><ele>95.0</ele><time>2024-12-29T15:07:14Z</time><extensions><gpxtpx:TrackPointExtension><gpxtpx:hr>105</gpxtpx:hr></gpxtpx:TrackPointExtension></extensions></trkpt><trkpt lat="58.036273" lon="39.114177"><ele>95.0</ele><time>2024-12-29T15:07:15Z</time><extensions><gpxtpx:TrackPointExtension><gpxtpx:hr>105</gpxtpx:hr></gpxtpx:TrackPointExtension></extensions></trkpt><trkpt lat="58.0363" lon="39.114212"><ele>95.0</ele><time>2024-12-29T15:07:16Z</time><extensions><gpxtpx:TrackPointExtension><gpxtpx:hr>105</gpxtpx:hr></gpxtpx:TrackPointExtension></extensions></trkpt><trkpt lat="58.036327" lon="39.114242"><ele>95.0</ele><time>2024-12-29T15:07:17Z</time><extensions><gpxtpx:TrackPointExtension><gpxtpx:hr>105</gpxtpx:hr></gpxtpx:TrackPointExtension></extensions></trkpt><trkpt lat="58.036357" lon="39.114272"><ele>95.0</ele><time>2024-12-29T15:07:18Z</time><extensions><gpxtpx:TrackPointExtension><gpxtpx:hr>105</gpxtpx:hr></gpxtpx:TrackPointExtension></extensions></trkpt><trkpt lat="58.036385" lon="39.114303"><ele>95.0</ele><time>2024-12-29T15:07:19Z</time><extensions><gpxtpx:TrackPointExtension><gpxtpx:hr>105</gpxtpx:hr></gpxtpx:TrackPointExtension></extensions></trkpt><trkpt lat="58.036413" lon="39.114337"><ele>95.0</ele><time>2024-12-29T15:07:20Z</time><extensions><gpxtpx:TrackPointExtension><gpxtpx:hr>105</gpxtpx:hr></gpxtpx:TrackPointExtension></extensions></trkpt><trkpt lat="58.036445" lon="39.11437"><ele>95.0</ele><time>2024-12-29T15:07:21Z</time><extensions><gpxtpx:TrackPointExtension><gpxtpx:hr>105</gpxtpx:hr></gpxtpx:TrackPointExtension></extensions></trkpt><trkpt lat="58.036475" lon="39.114402"><ele>95.0</ele><time>2024-12-29T15:07:21Z</time><extensions><gpxtpx:TrackPointExtension><gpxtpx:hr>105</gpxtpx:hr></gpxtpx:TrackPointExtension></extensions></trkpt><trkpt lat="58.036507" lon="39.11443"><ele>95.0</ele><time>2024-12-29T15:07:22Z</time><extensions><gpxtpx:TrackPointExtension><gpxtpx:hr>105</gpxtpx:hr></gpxtpx:TrackPointExtension></extensions></trkpt><trkpt lat="58.036532" lon="39.11446"><ele>95.0</ele><time>2024-12-29T15:07:23Z</time><extensions><gpxtpx:TrackPointExtension><gpxtpx:hr>105</gpxtpx:hr></gpxtpx:TrackPointExtension></extensions></trkpt><trkpt lat="58.036563" lon="39.114487"><ele>95.0</ele><time>2024-12-29T15:07:24Z</time><extensions><gpxtpx:TrackPointExtension><gpxtpx:hr>105</gpxtpx:hr></gpxtpx:TrackPointExtension></extensions></trkpt><trkpt lat="58.036593" lon="39.114517"><ele>95.0</ele><time>2024-12-29T15:07:26Z</time><extensions><gpxtpx:TrackPointExtension><gpxtpx:hr>105</gpxtpx:hr></gpxtpx:TrackPointExtension></extensions></trkpt><trkpt lat="58.036625" lon="39.114547"><ele>95.0</ele><time>2024-12-29T15:07:27Z</time><extensions><gpxtpx:TrackPointExtension><gpxtpx:hr>105</gpxtpx:hr></gpxtpx:TrackPointExtension></extensions></trkpt><trkpt lat="58.036655" lon="39.114573"><ele>95.0</ele><time>2024-12-29T15:07:28Z</time><extensions><gpxtpx:TrackPointExtension><gpxtpx:hr>105</gpxtpx:hr></gpxtpx:TrackPointExtension></extensions></trkpt><trkpt lat="58.03669" lon="39.1146"><ele>95.0</ele><time>2024-12-29T15:07:29Z</time><extensions><gpxtpx:TrackPointExtension><gpxtpx:hr>105</gpxtpx:hr></gpxtpx:TrackPointExtension></extensions></trkpt><trkpt lat="58.036723" lon="39.11463"><ele>95.0</ele><time>2024-12-29T15:07:30Z</time><extensions><gpxtpx:TrackPointExtension><gpxtpx:hr>105</gpxtpx:hr></gpxtpx:TrackPointExtension></extensions></trkpt><trkpt lat="58.03676" lon="39.114662"><ele>95.0</ele><time>2024-12-29T15:07:30Z</time><extensions><gpxtpx:TrackPointExtension><gpxtpx:hr>105</gpxtpx:hr></gpxtpx:TrackPointExtension></extensions></trkpt><trkpt lat="58.036797" lon="39.11469"><ele>95.0</ele><time>2024-12-29T15:07:31Z</time><extensions><gpxtpx:TrackPointExtension><gpxtpx:hr>105</gpxtpx:hr></gpxtpx:TrackPointExtension></extensions></trkpt><trkpt lat="58.036835" lon="39.11472"><ele>95.0</ele><time>2024-12-29T15:07:32Z</time><extensions><gpxtpx:TrackPointExtension><gpxtpx:hr>105</gpxtpx:hr></gpxtpx:TrackPointExtension></extensions></trkpt><trkpt lat="58.036872" lon="39.11475"><ele>95.0</ele><time>2024-12-29T15:07:33Z</time><extensions><gpxtpx:TrackPointExtension><gpxtpx:hr>105</gpxtpx:hr></gpxtpx:TrackPointExtension></extensions></trkpt><trkpt lat="58.03691" lon="39.11478"><ele>95.0</ele><time>2024-12-29T15:07:35Z</time><extensions><gpxtpx:TrackPointExtension><gpxtpx:hr>105</gpxtpx:hr></gpxtpx:TrackPointExtension></extensions></trkpt><trkpt lat="58.036948" lon="39.114815"><ele>95.0</ele><time>2024-12-29T15:07:36Z</time><extensions><gpxtpx:TrackPointExtension><gpxtpx:hr>105</gpxtpx:hr></gpxtpx:TrackPointExtension></extensions></trkpt><trkpt lat="58.036982" lon="39.114845"><ele>95.0</ele><time>2024-12-29T15:07:37Z</time><extensions><gpxtpx:TrackPointExtension><gpxtpx:hr>105</gpxtpx:hr></gpxtpx:TrackPointExtension></extensions></trkpt><trkpt lat="58.037013" lon="39.114875"><ele>95.0</ele><time>2024-12-29T15:07:38Z</time><extensions><gpxtpx:TrackPointExtension><gpxtpx:hr>105</gpxtpx:hr></gpxtpx:TrackPointExtension></extensions></trkpt><trkpt lat="58.037045" lon="39.114902"><ele>95.0</ele><time>2024-12-29T15:07:39Z</time><extensions><gpxtpx:TrackPointExtension><gpxtpx:hr>105</gpxtpx:hr></gpxtpx:TrackPointExtension></extensions></trkpt><trkpt lat="58.037075" lon="39.11493"><ele>95.0</ele><time>2024-12-29T15:07:40Z</time><extensions><gpxtpx:TrackPointExtension><gpxtpx:hr>105</gpxtpx:hr></gpxtpx:TrackPointExtension></extensions></trkpt><trkpt lat="58.037105" lon="39.114952"><ele>95.0</ele><time>2024-12-29T15:07:41Z</time><extensions><gpxtpx:TrackPointExtension><gpxtpx:hr>105</gpxtpx:hr></gpxtpx:TrackPointExtension></extensions></trkpt><trkpt lat="58.037132" lon="39.114963"><ele>95.0</ele><time>2024-12-29T15:07:42Z</time><extensions><gpxtpx:TrackPointExtension><gpxtpx:hr>105</gpxtpx:hr></gpxtpx:TrackPointExtension></extensions></trkpt><trkpt lat="58.03716" lon="39.114967"><ele>95.0</ele><time>2024-12-29T15:07:43Z</time><extensions><gpxtpx:TrackPointExtension><gpxtpx:hr>105</gpxtpx:hr></gpxtpx:TrackPointExtension></extensions></trkpt><trkpt lat="58.03718" lon="39.114967"><ele>95.0</ele><time>2024-12-29T15:07:43Z</time><extensions><gpxtpx:TrackPointExtension><gpxtpx:hr>105</gpxtpx:hr></gpxtpx:TrackPointExtension></extensions></trkpt><trkpt lat="58.0372" lon="39.114955"><ele>95.0</ele><time>2024-12-29T15:07:44Z</time><extensions><gpxtpx:TrackPointExtension><gpxtpx:hr>105</gpxtpx:hr></gpxtpx:TrackPointExtension></extensions></trkpt><trkpt lat="58.03722" lon="39.114932"><ele>95.0</ele><time>2024-12-29T15:07:45Z</time><extensions><gpxtpx:TrackPointExtension><gpxtpx:hr>105</gpxtpx:hr></gpxtpx:TrackPointExtension></extensions></trkpt><trkpt lat="58.03723" lon="39.114905"><ele>95.0</ele><time>2024-12-29T15:07:46Z</time><extensions><gpxtpx:TrackPointExtension><gpxtpx:hr>105</gpxtpx:hr></gpxtpx:TrackPointExtension></extensions></trkpt><trkpt lat="58.03724" lon="39.11487"><ele>95.0</ele><time>2024-12-29T15:07:48Z</time><extensions><gpxtpx:TrackPointExtension><gpxtpx:hr>105</gpxtpx:hr></gpxtpx:TrackPointExtension></extensions></trkpt><trkpt lat="58.037242" lon="39.114822"><ele>95.0</ele><time>2024-12-29T15:07:49Z</time><extensions><gpxtpx:TrackPointExtension><gpxtpx:hr>105</gpxtpx:hr></gpxtpx:TrackPointExtension></extensions></trkpt><trkpt lat="58.03724" lon="39.114777"><ele>95.0</ele><time>2024-12-29T15:07:50Z</time><extensions><gpxtpx:TrackPointExtension><gpxtpx:hr>105</gpxtpx:hr></gpxtpx:TrackPointExtension></extensions></trkpt><trkpt lat="58.03723" lon="39.11473"><ele>95.0</ele><time>2024-12-29T15:07:51Z</time><extensions><gpxtpx:TrackPointExtension><gpxtpx:hr>105</gpxtpx:hr></gpxtpx:TrackPointExtension></extensions></trkpt><trkpt lat="58.037215" lon="39.114685"><ele>95.0</ele><time>2024-12-29T15:07:52Z</time><extensions><gpxtpx:TrackPointExtension><gpxtpx:hr>105</gpxtpx:hr></gpxtpx:TrackPointExtension></extensions></trkpt><trkpt lat="58.037197" lon="39.114642"><ele>95.0</ele><time>2024-12-29T15:07:53Z</time><extensions><gpxtpx:TrackPointExtension><gpxtpx:hr>105</gpxtpx:hr></gpxtpx:TrackPointExtension></extensions></trkpt><trkpt lat="58.037173" lon="39.114605"><ele>95.0</ele><time>2024-12-29T15:07:54Z</time><extensions><gpxtpx:TrackPointExtension><gpxtpx:hr>105</gpxtpx:hr></gpxtpx:TrackPointExtension></extensions></trkpt><trkpt lat="58.03715" lon="39.114567"><ele>95.0</ele><time>2024-12-29T15:07:55Z</time><extensions><gpxtpx:TrackPointExtension><gpxtpx:hr>105</gpxtpx:hr></gpxtpx:TrackPointExtension></extensions></trkpt><trkpt lat="58.03713" lon="39.11453"><ele>95.0</ele><time>2024-12-29T15:07:56Z</time><extensions><gpxtpx:TrackPointExtension><gpxtpx:hr>105</gpxtpx:hr></gpxtpx:TrackPointExtension></extensions></trkpt><trkpt lat="58.0371" lon="39.114493"><ele>95.0</ele><time>2024-12-29T15:07:56Z</time><extensions><gpxtpx:TrackPointExtension><gpxtpx:hr>105</gpxtpx:hr></gpxtpx:TrackPointExtension></extensions></trkpt><trkpt lat="58.037075" lon="39.11446"><ele>95.0</ele><time>2024-12-29T15:07:57Z</time><extensions><gpxtpx:TrackPointExtension><gpxtpx:hr>105</gpxtpx:hr></gpxtpx:TrackPointExtension></extensions></trkpt><trkpt lat="58.037045" lon="39.114425"><ele>95.0</ele><time>2024-12-29T15:07:58Z</time><extensions><gpxtpx:TrackPointExtension><gpxtpx:hr>105</gpxtpx:hr></gpxtpx:TrackPointExtension></extensions></trkpt><trkpt lat="58.037013" lon="39.114387"><ele>95.0</ele><time>2024-12-29T15:07:59Z</time><extensions><gpxtpx:TrackPointExtension><gpxtpx:hr>105</gpxtpx:hr></gpxtpx:TrackPointExtension></extensions></trkpt><trkpt lat="58.036982" lon="39.11435"><ele>95.0</ele><time>2024-12-29T15:08:01Z</time><extensions><gpxtpx:TrackPointExtension><gpxtpx:hr>105</gpxtpx:hr></gpxtpx:TrackPointExtension></extensions></trkpt><trkpt lat="58.036952" lon="39.114313"><ele>95.0</ele><time>2024-12-29T15:08:01Z</time><extensions><gpxtpx:TrackPointExtension><gpxtpx:hr>105</gpxtpx:hr></gpxtpx:TrackPointExtension></extensions></trkpt><trkpt lat="58.03692" lon="39.114277"><ele>95.0</ele><time>2024-12-29T15:08:03Z</time><extensions><gpxtpx:TrackPointExtension><gpxtpx:hr>105</gpxtpx:hr></gpxtpx:TrackPointExtension></extensions></trkpt><trkpt lat="58.03689" lon="39.11424"><ele>95.0</ele><time>2024-12-29T15:08:04Z</time><extensions><gpxtpx:TrackPointExtension><gpxtpx:hr>105</gpxtpx:hr></gpxtpx:TrackPointExtension></extensions></trkpt><trkpt lat="58.03686" lon="39.1142"><ele>95.0</ele><time>2024-12-29T15:08:05Z</time><extensions><gpxtpx:TrackPointExtension><gpxtpx:hr>105</gpxtpx:hr></gpxtpx:TrackPointExtension></extensions></trkpt><trkpt lat="58.03683" lon="39.114158"><ele>95.0</ele><time>2024-12-29T15:08:06Z</time><extensions><gpxtpx:TrackPointExtension><gpxtpx:hr>105</gpxtpx:hr></gpxtpx:TrackPointExtension></extensions></trkpt><trkpt lat="58.036803" lon="39.11412"><ele>95.0</ele><time>2024-12-29T15:08:06Z</time><extensions><gpxtpx:TrackPointExtension><gpxtpx:hr>105</gpxtpx:hr></gpxtpx:TrackPointExtension></extensions></trkpt><trkpt lat="58.036777" lon="39.114085"><ele>95.0</ele><time>2024-12-29T15:08:08Z</time><extensions><gpxtpx:TrackPointExtension><gpxtpx:hr>105</gpxtpx:hr></gpxtpx:TrackPointExtension></extensions></trkpt><trkpt lat="58.03675" lon="39.114055"><ele>95.0</ele><time>2024-12-29T15:08:09Z</time><extensions><gpxtpx:TrackPointExtension><gpxtpx:hr>105</gpxtpx:hr></gpxtpx:TrackPointExtension></extensions></trkpt><trkpt lat="58.036723" lon="39.114018"><ele>95.0</ele><time>2024-12-29T15:08:09Z</time><extensions><gpxtpx:TrackPointExtension><gpxtpx:hr>105</gpxtpx:hr></gpxtpx:TrackPointExtension></extensions></trkpt><trkpt lat="58.036693" lon="39.113987"><ele>95.0</ele><time>2024-12-29T15:08:10Z</time><extensions><gpxtpx:TrackPointExtension><gpxtpx:hr>105</gpxtpx:hr></gpxtpx:TrackPointExtension></extensions></trkpt><trkpt lat="58.036667" lon="39.113955"><ele>95.0</ele><time>2024-12-29T15:08:12Z</time><extensions><gpxtpx:TrackPointExtension><gpxtpx:hr>105</gpxtpx:hr></gpxtpx:TrackPointExtension></extensions></trkpt><trkpt lat="58.036635" lon="39.113925"><ele>95.0</ele><time>2024-12-29T15:08:13Z</time><extensions><gpxtpx:TrackPointExtension><gpxtpx:hr>105</gpxtpx:hr></gpxtpx:TrackPointExtension></extensions></trkpt><trkpt lat="58.03661" lon="39.1139"><ele>95.0</ele><time>2024-12-29T15:08:14Z</time><extensions><gpxtpx:TrackPointExtension><gpxtpx:hr>105</gpxtpx:hr></gpxtpx:TrackPointExtension></extensions></trkpt><trkpt lat="58.03658" lon="39.113872"><ele>95.0</ele><time>2024-12-29T15:08:15Z</time><extensions><gpxtpx:TrackPointExtension><gpxtpx:hr>105</gpxtpx:hr></gpxtpx:TrackPointExtension></extensions></trkpt><trkpt lat="58.036555" lon="39.113842"><ele>95.0</ele><time>2024-12-29T15:08:16Z</time><extensions><gpxtpx:TrackPointExtension><gpxtpx:hr>105</gpxtpx:hr></gpxtpx:TrackPointExtension></extensions></trkpt><trkpt lat="58.036525" lon="39.113815"><ele>95.0</ele><time>2024-12-29T15:08:17Z</time><extensions><gpxtpx:TrackPointExtension><gpxtpx:hr>105</gpxtpx:hr></gpxtpx:TrackPointExtension></extensions></trkpt><trkpt lat="58.036502" lon="39.11379"><ele>95.0</ele><time>2024-12-29T15:08:18Z</time><extensions><gpxtpx:TrackPointExtension><gpxtpx:hr>105</gpxtpx:hr></gpxtpx:TrackPointExtension></extensions></trkpt><trkpt lat="58.036475" lon="39.11376"><ele>95.0</ele><time>2024-12-29T15:08:19Z</time><extensions><gpxtpx:TrackPointExtension><gpxtpx:hr>105</gpxtpx:hr></gpxtpx:TrackPointExtension></extensions></trkpt><trkpt lat="58.036452" lon="39.113735"><ele>95.0</ele><time>2024-12-29T15:08:19Z</time><extensions><gpxtpx:TrackPointExtension><gpxtpx:hr>105</gpxtpx:hr></gpxtpx:TrackPointExtension></extensions></trkpt><trkpt lat="58.036427" lon="39.113705"><ele>95.0</ele><time>2024-12-29T15:08:20Z</time><extensions><gpxtpx:TrackPointExtension><gpxtpx:hr>105</gpxtpx:hr></gpxtpx:TrackPointExtension></extensions></trkpt><trkpt lat="58.0364" lon="39.113673"><ele>95.0</ele><time>2024-12-29T15:08:21Z</time><extensions><gpxtpx:TrackPointExtension><gpxtpx:hr>105</gpxtpx:hr></gpxtpx:TrackPointExtension></extensions></trkpt><trkpt lat="58.03637" lon="39.11365"><ele>95.0</ele><time>2024-12-29T15:08:22Z</time><extensions><gpxtpx:TrackPointExtension><gpxtpx:hr>105</gpxtpx:hr></gpxtpx:TrackPointExtension></extensions></trkpt><trkpt lat="58.036342" lon="39.113632"><ele>95.0</ele><time>2024-12-29T15:08:24Z</time><extensions><gpxtpx:TrackPointExtension><gpxtpx:hr>105</gpxtpx:hr></gpxtpx:TrackPointExtension></extensions></trkpt><trkpt lat="58.036312" lon="39.11362"><ele>95.0</ele><time>2024-12-29T15:08:25Z</time><extensions><gpxtpx:TrackPointExtension><gpxtpx:hr>105</gpxtpx:hr></gpxtpx:TrackPointExtension></extensions></trkpt><trkpt lat="58.03628" lon="39.113617"><ele>95.0</ele><time>2024-12-29T15:08:26Z</time><extensions><gpxtpx:TrackPointExtension><gpxtpx:hr>105</gpxtpx:hr></gpxtpx:TrackPointExtension></extensions></trkpt><trkpt lat="58.03625" lon="39.11362"><ele>95.0</ele><time>2024-12-29T15:08:27Z</time><extensions><gpxtpx:TrackPointExtension><gpxtpx:hr>105</gpxtpx:hr></gpxtpx:TrackPointExtension></extensions></trkpt><trkpt lat="58.036223" lon="39.113632"><ele>95.0</ele><time>2024-12-29T15:08:28Z</time><extensions><gpxtpx:TrackPointExtension><gpxtpx:hr>105</gpxtpx:hr></gpxtpx:TrackPointExtension></extensions></trkpt><trkpt lat="58.036197" lon="39.113655"><ele>95.0</ele><time>2024-12-29T15:08:29Z</time><extensions><gpxtpx:TrackPointExtension><gpxtpx:hr>105</gpxtpx:hr></gpxtpx:TrackPointExtension></extensions></trkpt><trkpt lat="58.03618" lon="39.11369"><ele>95.0</ele><time>2024-12-29T15:08:30Z</time><extensions><gpxtpx:TrackPointExtension><gpxtpx:hr>105</gpxtpx:hr></gpxtpx:TrackPointExtension></extensions></trkpt><trkpt lat="58.036162" lon="39.113727"><ele>95.0</ele><time>2024-12-29T15:08:30Z</time><extensions><gpxtpx:TrackPointExtension><gpxtpx:hr>105</gpxtpx:hr></gpxtpx:TrackPointExtension></extensions></trkpt><trkpt lat="58.036155" lon="39.113772"><ele>95.0</ele><time>2024-12-29T15:08:31Z</time><extensions><gpxtpx:TrackPointExtension><gpxtpx:hr>105</gpxtpx:hr></gpxtpx:TrackPointExtension></extensions></trkpt><trkpt lat="58.03615" lon="39.113822"><ele>95.0</ele><time>2024-12-29T15:08:32Z</time><extensions><gpxtpx:TrackPointExtension><gpxtpx:hr>105</gpxtpx:hr></gpxtpx:TrackPointExtension></extensions></trkpt><trkpt lat="58.036155" lon="39.113872"><ele>95.0</ele><time>2024-12-29T15:08:33Z</time><extensions><gpxtpx:TrackPointExtension><gpxtpx:hr>105</gpxtpx:hr></gpxtpx:TrackPointExtension></extensions></trkpt><trkpt lat="58.036162" lon="39.113925"><ele>95.0</ele><time>2024-12-29T15:08:35Z</time><extensions><gpxtpx:TrackPointExtension><gpxtpx:hr>105</gpxtpx:hr></gpxtpx:TrackPointExtension></extensions></trkpt><trkpt lat="58.036175" lon="39.113975"><ele>95.0</ele><time>2024-12-29T15:08:36Z</time><extensions><gpxtpx:TrackPointExtension><gpxtpx:hr>105</gpxtpx:hr></gpxtpx:TrackPointExtension></extensions></trkpt><trkpt lat="58.036185" lon="39.114018"><ele>95.0</ele><time>2024-12-29T15:08:37Z</time><extensions><gpxtpx:TrackPointExtension><gpxtpx:hr>105</gpxtpx:hr></gpxtpx:TrackPointExtension></extensions></trkpt><trkpt lat="58.036205" lon="39.114067"><ele>95.0</ele><time>2024-12-29T15:08:38Z</time><extensions><gpxtpx:TrackPointExtension><gpxtpx:hr>105</gpxtpx:hr></gpxtpx:TrackPointExtension></extensions></trkpt><trkpt lat="58.03622" lon="39.114105"><ele>95.0</ele><time>2024-12-29T15:08:39Z</time><extensions><gpxtpx:TrackPointExtension><gpxtpx:hr>105</gpxtpx:hr></gpxtpx:TrackPointExtension></extensions></trkpt><trkpt lat="58.036242" lon="39.11415"><ele>95.0</ele><time>2024-12-29T15:08:40Z</time><extensions><gpxtpx:TrackPointExtension><gpxtpx:hr>107</gpxtpx:hr></gpxtpx:TrackPointExtension></extensions></trkpt><trkpt lat="58.036262" lon="39.114192"><ele>95.0</ele><time>2024-12-29T15:08:41Z</time><extensions><gpxtpx:TrackPointExtension><gpxtpx:hr>107</gpxtpx:hr></gpxtpx:TrackPointExtension></extensions></trkpt><trkpt lat="58.03629" lon="39.11423"><ele>95.0</ele><time>2024-12-29T15:08:42Z</time><extensions><gpxtpx:TrackPointExtension><gpxtpx:hr>107</gpxtpx:hr></gpxtpx:TrackPointExtension></extensions></trkpt><trkpt lat="58.036312" lon="39.114265"><ele>95.0</ele><time>2024-12-29T15:08:42Z</time><extensions><gpxtpx:TrackPointExtension><gpxtpx:hr>107</gpxtpx:hr></gpxtpx:TrackPointExtension></extensions></trkpt><trkpt lat="58.036342" lon="39.114295"><ele>95.0</ele><time>2024-12-29T15:08:43Z</time><extensions><gpxtpx:TrackPointExtension><gpxtpx:hr>107</gpxtpx:hr></gpxtpx:TrackPointExtension></extensions></trkpt><trkpt lat="58.036372" lon="39.114325"><ele>95.0</ele><time>2024-12-29T15:08:44Z</time><extensions><gpxtpx:TrackPointExtension><gpxtpx:hr>107</gpxtpx:hr></gpxtpx:TrackPointExtension></extensions></trkpt><trkpt lat="58.036407" lon="39.114357"><ele>95.0</ele><time>2024-12-29T15:08:45Z</time><extensions><gpxtpx:TrackPointExtension><gpxtpx:hr>107</gpxtpx:hr></gpxtpx:TrackPointExtension></extensions></trkpt><trkpt lat="58.03644" lon="39.114383"><ele>95.0</ele><time>2024-12-29T15:08:46Z</time><extensions><gpxtpx:TrackPointExtension><gpxtpx:hr>107</gpxtpx:hr></gpxtpx:TrackPointExtension></extensions></trkpt><trkpt lat="58.036475" lon="39.114413"><ele>95.0</ele><time>2024-12-29T15:08:48Z</time><extensions><gpxtpx:TrackPointExtension><gpxtpx:hr>107</gpxtpx:hr></gpxtpx:TrackPointExtension></extensions></trkpt><trkpt lat="58.036513" lon="39.114445"><ele>95.0</ele><time>2024-12-29T15:08:49Z</time><extensions><gpxtpx:TrackPointExtension><gpxtpx:hr>108</gpxtpx:hr></gpxtpx:TrackPointExtension></extensions></trkpt><trkpt lat="58.03655" lon="39.114475"><ele>95.0</ele><time>2024-12-29T15:08:50Z</time><extensions><gpxtpx:TrackPointExtension><gpxtpx:hr>109</gpxtpx:hr></gpxtpx:TrackPointExtension></extensions></trkpt><trkpt lat="58.03659" lon="39.114502"><ele>95.0</ele><time>2024-12-29T15:08:51Z</time><extensions><gpxtpx:TrackPointExtension><gpxtpx:hr>110</gpxtpx:hr></gpxtpx:TrackPointExtension></extensions></trkpt><trkpt lat="58.036632" lon="39.114535"><ele>95.0</ele><time>2024-12-29T15:08:52Z</time><extensions><gpxtpx:TrackPointExtension><gpxtpx:hr>110</gpxtpx:hr></gpxtpx:TrackPointExtension></extensions></trkpt><trkpt lat="58.03667" lon="39.114567"><ele>95.0</ele><time>2024-12-29T15:08:53Z</time><extensions><gpxtpx:TrackPointExtension><gpxtpx:hr>110</gpxtpx:hr></gpxtpx:TrackPointExtension></extensions></trkpt><trkpt lat="58.03671" lon="39.1146"><ele>95.0</ele><time>2024-12-29T15:08:54Z</time><extensions><gpxtpx:TrackPointExtension><gpxtpx:hr>110</gpxtpx:hr></gpxtpx:TrackPointExtension></extensions></trkpt><trkpt lat="58.036747" lon="39.114612"><ele>95.0</ele><time>2024-12-29T15:08:55Z</time><extensions><gpxtpx:TrackPointExtension><gpxtpx:hr>110</gpxtpx:hr></gpxtpx:TrackPointExtension></extensions></trkpt><trkpt lat="58.03678" lon="39.114635"><ele>95.0</ele><time>2024-12-29T15:08:56Z</time><extensions><gpxtpx:TrackPointExtension><gpxtpx:hr>110</gpxtpx:hr></gpxtpx:TrackPointExtension></extensions></trkpt><trkpt lat="58.03682" lon="39.114662"><ele>95.0</ele><time>2024-12-29T15:08:56Z</time><extensions><gpxtpx:TrackPointExtension><gpxtpx:hr>110</gpxtpx:hr></gpxtpx:TrackPointExtension></extensions></trkpt><trkpt lat="58.036853" lon="39.114692"><ele>95.0</ele><time>2024-12-29T15:08:57Z</time><extensions><gpxtpx:TrackPointExtension><gpxtpx:hr>110</gpxtpx:hr></gpxtpx:TrackPointExtension></extensions></trkpt><trkpt lat="58.036892" lon="39.114727"><ele>95.0</ele><time>2024-12-29T15:08:59Z</time><extensions><gpxtpx:TrackPointExtension><gpxtpx:hr>110</gpxtpx:hr></gpxtpx:TrackPointExtension></extensions></trkpt><trkpt lat="58.036925" lon="39.11476"><ele>95.0</ele><time>2024-12-29T15:09:00Z</time><extensions><gpxtpx:TrackPointExtension><gpxtpx:hr>110</gpxtpx:hr></gpxtpx:TrackPointExtension></extensions></trkpt><trkpt lat="58.03696" lon="39.114795"><ele>95.0</ele><time>2024-12-29T15:09:01Z</time><extensions><gpxtpx:TrackPointExtension><gpxtpx:hr>110</gpxtpx:hr></gpxtpx:TrackPointExtension></extensions></trkpt><trkpt lat="58.037" lon="39.11483"><ele>95.0</ele><time>2024-12-29T15:09:02Z</time><extensions><gpxtpx:TrackPointExtension><gpxtpx:hr>110</gpxtpx:hr></gpxtpx:TrackPointExtension></extensions></trkpt><trkpt lat="58.037032" lon="39.11486"><ele>95.0</ele><time>2024-12-29T15:09:02Z</time><extensions><gpxtpx:TrackPointExtension><gpxtpx:hr>110</gpxtpx:hr></gpxtpx:TrackPointExtension></extensions></trkpt><trkpt lat="58.03707" lon="39.114895"><ele>95.0</ele><time>2024-12-29T15:09:03Z</time><extensions><gpxtpx:TrackPointExtension><gpxtpx:hr>110</gpxtpx:hr></gpxtpx:TrackPointExtension></extensions></trkpt><trkpt lat="58.0371" lon="39.114918"><ele>95.0</ele><time>2024-12-29T15:09:04Z</time><extensions><gpxtpx:TrackPointExtension><gpxtpx:hr>110</gpxtpx:hr></gpxtpx:TrackPointExtension></extensions></trkpt><trkpt lat="58.037132" lon="39.11494"><ele>95.0</ele><time>2024-12-29T15:09:06Z</time><extensions><gpxtpx:TrackPointExtension><gpxtpx:hr>110</gpxtpx:hr></gpxtpx:TrackPointExtension></extensions></trkpt><trkpt lat="58.03716" lon="39.114952"><ele>95.0</ele><time>2024-12-29T15:09:07Z</time><extensions><gpxtpx:TrackPointExtension><gpxtpx:hr>110</gpxtpx:hr></gpxtpx:TrackPointExtension></extensions></trkpt><trkpt lat="58.03718" lon="39.114952"><ele>95.0</ele><time>2024-12-29T15:09:08Z</time><extensions><gpxtpx:TrackPointExtension><gpxtpx:hr>110</gpxtpx:hr></gpxtpx:TrackPointExtension></extensions></trkpt><trkpt lat="58.037205" lon="39.11494"><ele>95.0</ele><time>2024-12-29T15:09:09Z</time><extensions><gpxtpx:TrackPointExtension><gpxtpx:hr>110</gpxtpx:hr></gpxtpx:TrackPointExtension></extensions></trkpt><trkpt lat="58.03722" lon="39.114925"><ele>95.0</ele><time>2024-12-29T15:09:10Z</time><extensions><gpxtpx:TrackPointExtension><gpxtpx:hr>110</gpxtpx:hr></gpxtpx:TrackPointExtension></extensions></trkpt><trkpt lat="58.037227" lon="39.11491"><ele>95.0</ele><time>2024-12-29T15:09:11Z</time><extensions><gpxtpx:TrackPointExtension><gpxtpx:hr>110</gpxtpx:hr></gpxtpx:TrackPointExtension></extensions></trkpt><trkpt lat="58.03723" lon="39.114887"><ele>95.0</ele><time>2024-12-29T15:09:12Z</time><extensions><gpxtpx:TrackPointExtension><gpxtpx:hr>110</gpxtpx:hr></gpxtpx:TrackPointExtension></extensions></trkpt><trkpt lat="58.03723" lon="39.11486"><ele>95.0</ele><time>2024-12-29T15:09:13Z</time><extensions><gpxtpx:TrackPointExtension><gpxtpx:hr>110</gpxtpx:hr></gpxtpx:TrackPointExtension></extensions></trkpt><trkpt lat="58.037223" lon="39.114822"><ele>95.0</ele><time>2024-12-29T15:09:13Z</time><extensions><gpxtpx:TrackPointExtension><gpxtpx:hr>110</gpxtpx:hr></gpxtpx:TrackPointExtension></extensions></trkpt><trkpt lat="58.037212" lon="39.11478"><ele>95.0</ele><time>2024-12-29T15:09:14Z</time><extensions><gpxtpx:TrackPointExtension><gpxtpx:hr>110</gpxtpx:hr></gpxtpx:TrackPointExtension></extensions></trkpt><trkpt lat="58.037197" lon="39.11474"><ele>95.0</ele><time>2024-12-29T15:09:15Z</time><extensions><gpxtpx:TrackPointExtension><gpxtpx:hr>110</gpxtpx:hr></gpxtpx:TrackPointExtension></extensions></trkpt><trkpt lat="58.037177" lon="39.114697"><ele>95.0</ele><time>2024-12-29T15:09:17Z</time><extensions><gpxtpx:TrackPointExtension><gpxtpx:hr>110</gpxtpx:hr></gpxtpx:TrackPointExtension></extensions></trkpt><trkpt lat="58.037155" lon="39.11466"><ele>95.0</ele><time>2024-12-29T15:09:17Z</time><extensions><gpxtpx:TrackPointExtension><gpxtpx:hr>110</gpxtpx:hr></gpxtpx:TrackPointExtension></extensions></trkpt><trkpt lat="58.03713" lon="39.114615"><ele>95.0</ele><time>2024-12-29T15:09:19Z</time><extensions><gpxtpx:TrackPointExtension><gpxtpx:hr>110</gpxtpx:hr></gpxtpx:TrackPointExtension></extensions></trkpt><trkpt lat="58.037105" lon="39.114573"><ele>95.0</ele><time>2024-12-29T15:09:20Z</time><extensions><gpxtpx:TrackPointExtension><gpxtpx:hr>110</gpxtpx:hr></gpxtpx:TrackPointExtension></extensions></trkpt><trkpt lat="58.037085" lon="39.11453"><ele>95.0</ele><time>2024-12-29T15:09:21Z</time><extensions><gpxtpx:TrackPointExtension><gpxtpx:hr>110</gpxtpx:hr></gpxtpx:TrackPointExtension></extensions></trkpt><trkpt lat="58.037063" lon="39.114482"><ele>95.0</ele><time>2024-12-29T15:09:22Z</time><extensions><gpxtpx:TrackPointExtension><gpxtpx:hr>110</gpxtpx:hr></gpxtpx:TrackPointExtension></extensions></trkpt><trkpt lat="58.037045" lon="39.114437"><ele>95.0</ele><time>2024-12-29T15:09:23Z</time><extensions><gpxtpx:TrackPointExtension><gpxtpx:hr>110</gpxtpx:hr></gpxtpx:TrackPointExtension></extensions></trkpt><trkpt lat="58.037025" lon="39.114395"><ele>95.0</ele><time>2024-12-29T15:09:24Z</time><extensions><gpxtpx:TrackPointExtension><gpxtpx:hr>110</gpxtpx:hr></gpxtpx:TrackPointExtension></extensions></trkpt><trkpt lat="58.037005" lon="39.11436"><ele>95.0</ele><time>2024-12-29T15:09:25Z</time><extensions><gpxtpx:TrackPointExtension><gpxtpx:hr>110</gpxtpx:hr></gpxtpx:TrackPointExtension></extensions></trkpt><trkpt lat="58.036982" lon="39.11433"><ele>95.0</ele><time>2024-12-29T15:09:26Z</time><extensions><gpxtpx:TrackPointExtension><gpxtpx:hr>109</gpxtpx:hr></gpxtpx:TrackPointExtension></extensions></trkpt><trkpt lat="58.03696" lon="39.114295"><ele>95.0</ele><time>2024-12-29T15:09:26Z</time><extensions><gpxtpx:TrackPointExtension><gpxtpx:hr>109</gpxtpx:hr></gpxtpx:TrackPointExtension></extensions></trkpt><trkpt lat="58.036933" lon="39.11426"><ele>95.0</ele><time>2024-12-29T15:09:26Z</time><extensions><gpxtpx:TrackPointExtension><gpxtpx:hr>109</gpxtpx:hr></gpxtpx:TrackPointExtension></extensions></trkpt><trkpt lat="58.036902" lon="39.114227"><ele>95.0</ele><time>2024-12-29T15:09:27Z</time><extensions><gpxtpx:TrackPointExtension><gpxtpx:hr>108</gpxtpx:hr></gpxtpx:TrackPointExtension></extensions></trkpt><trkpt lat="58.036872" lon="39.114192"><ele>95.0</ele><time>2024-12-29T15:09:28Z</time><extensions><gpxtpx:TrackPointExtension><gpxtpx:hr>108</gpxtpx:hr></gpxtpx:TrackPointExtension></extensions></trkpt><trkpt lat="58.036845" lon="39.114162"><ele>95.0</ele><time>2024-12-29T15:09:29Z</time><extensions><gpxtpx:TrackPointExtension><gpxtpx:hr>108</gpxtpx:hr></gpxtpx:TrackPointExtension></extensions></trkpt><trkpt lat="58.03682" lon="39.114132"><ele>95.0</ele><time>2024-12-29T15:09:31Z</time><extensions><gpxtpx:TrackPointExtension><gpxtpx:hr>108</gpxtpx:hr></gpxtpx:TrackPointExtension></extensions></trkpt><trkpt lat="58.036797" lon="39.1141"><ele>95.0</ele><time>2024-12-29T15:09:32Z</time><extensions><gpxtpx:TrackPointExtension><gpxtpx:hr>108</gpxtpx:hr></gpxtpx:TrackPointExtension></extensions></trkpt><trkpt lat="58.03677" lon="39.114067"><ele>95.0</ele><time>2024-12-29T15:09:33Z</time><extensions><gpxtpx:TrackPointExtension><gpxtpx:hr>108</gpxtpx:hr></gpxtpx:TrackPointExtension></extensions></trkpt><trkpt lat="58.036742" lon="39.114032"><ele>95.0</ele><time>2024-12-29T15:09:34Z</time><extensions><gpxtpx:TrackPointExtension><gpxtpx:hr>109</gpxtpx:hr></gpxtpx:TrackPointExtension></extensions></trkpt><trkpt lat="58.036715" lon="39.114002"><ele>95.0</ele><time>2024-12-29T15:09:35Z</time><extensions><gpxtpx:TrackPointExtension><gpxtpx:hr>109</gpxtpx:hr></gpxtpx:TrackPointExtension></extensions></trkpt><trkpt lat="58.036685" lon="39.113963"><ele>95.0</ele><time>2024-12-29T15:09:36Z</time><extensions><gpxtpx:TrackPointExtension><gpxtpx:hr>109</gpxtpx:hr></gpxtpx:TrackPointExtension></extensions></trkpt><trkpt lat="58.036655" lon="39.11393"><ele>95.0</ele><time>2024-12-29T15:09:37Z</time><extensions><gpxtpx:TrackPointExtension><gpxtpx:hr>109</gpxtpx:hr></gpxtpx:TrackPointExtension></extensions></trkpt><trkpt lat="58.03663" lon="39.113895"><ele>95.0</ele><time>2024-12-29T15:09:38Z</time><extensions><gpxtpx:TrackPointExtension><gpxtpx:hr>108</gpxtpx:hr></gpxtpx:TrackPointExtension></extensions></trkpt><trkpt lat="58.036593" lon="39.113857"><ele>95.0</ele><time>2024-12-29T15:09:38Z</time><extensions><gpxtpx:TrackPointExtension><gpxtpx:hr>108</gpxtpx:hr></gpxtpx:TrackPointExtension></extensions></trkpt><trkpt lat="58.036563" lon="39.11382"><ele>95.0</ele><time>2024-12-29T15:09:39Z</time><extensions><gpxtpx:TrackPointExtension><gpxtpx:hr>108</gpxtpx:hr></gpxtpx:TrackPointExtension></extensions></trkpt><trkpt lat="58.036532" lon="39.11379"><ele>95.0</ele><time>2024-12-29T15:09:40Z</time><extensions><gpxtpx:TrackPointExtension><gpxtpx:hr>108</gpxtpx:hr></gpxtpx:TrackPointExtension></extensions></trkpt><trkpt lat="58.036507" lon="39.113757"><ele>95.0</ele><time>2024-12-29T15:09:42Z</time><extensions><gpxtpx:TrackPointExtension><gpxtpx:hr>108</gpxtpx:hr></gpxtpx:TrackPointExtension></extensions></trkpt><trkpt lat="58.036475" lon="39.11373"><ele>95.0</ele><time>2024-12-29T15:09:43Z</time><extensions><gpxtpx:TrackPointExtension><gpxtpx:hr>103</gpxtpx:hr></gpxtpx:TrackPointExtension></extensions></trkpt><trkpt lat="58.03645" lon="39.113705"><ele>95.0</ele><time>2024-12-29T15:09:44Z</time><extensions><gpxtpx:TrackPointExtension><gpxtpx:hr>103</gpxtpx:hr></gpxtpx:TrackPointExtension></extensions></trkpt><trkpt lat="58.03642" lon="39.11368"><ele>95.0</ele><time>2024-12-29T15:09:45Z</time><extensions><gpxtpx:TrackPointExtension><gpxtpx:hr>103</gpxtpx:hr></gpxtpx:TrackPointExtension></extensions></trkpt><trkpt lat="58.036392" lon="39.113655"><ele>95.0</ele><time>2024-12-29T15:09:46Z</time><extensions><gpxtpx:TrackPointExtension><gpxtpx:hr>103</gpxtpx:hr></gpxtpx:TrackPointExtension></extensions></trkpt><trkpt lat="58.036365" lon="39.113632"><ele>95.0</ele><time>2024-12-29T15:09:47Z</time><extensions><gpxtpx:TrackPointExtension><gpxtpx:hr>103</gpxtpx:hr></gpxtpx:TrackPointExtension></extensions></trkpt><trkpt lat="58.03634" lon="39.113612"><ele>95.0</ele><time>2024-12-29T15:09:48Z</time><extensions><gpxtpx:TrackPointExtension><gpxtpx:hr>103</gpxtpx:hr></gpxtpx:TrackPointExtension></extensions></trkpt><trkpt lat="58.03631" lon="39.113593"><ele>95.0</ele><time>2024-12-29T15:09:49Z</time><extensions><gpxtpx:TrackPointExtension><gpxtpx:hr>103</gpxtpx:hr></gpxtpx:TrackPointExtension></extensions></trkpt><trkpt lat="58.03628" lon="39.113582"><ele>95.0</ele><time>2024-12-29T15:09:50Z</time><extensions><gpxtpx:TrackPointExtension><gpxtpx:hr>102</gpxtpx:hr></gpxtpx:TrackPointExtension></extensions></trkpt><trkpt lat="58.03626" lon="39.113575"><ele>95.0</ele><time>2024-12-29T15:09:51Z</time><extensions><gpxtpx:TrackPointExtension><gpxtpx:hr>102</gpxtpx:hr></gpxtpx:TrackPointExtension></extensions></trkpt><trkpt lat="58.036232" lon="39.11358"><ele>95.0</ele><time>2024-12-29T15:09:51Z</time><extensions><gpxtpx:TrackPointExtension><gpxtpx:hr>102</gpxtpx:hr></gpxtpx:TrackPointExtension></extensions></trkpt><trkpt lat="58.03621" lon="39.11359"><ele>95.0</ele><time>2024-12-29T15:09:52Z</time><extensions><gpxtpx:TrackPointExtension><gpxtpx:hr>101</gpxtpx:hr></gpxtpx:TrackPointExtension></extensions></trkpt><trkpt lat="58.036185" lon="39.113605"><ele>95.0</ele><time>2024-12-29T15:09:53Z</time><extensions><gpxtpx:TrackPointExtension><gpxtpx:hr>101</gpxtpx:hr></gpxtpx:TrackPointExtension></extensions></trkpt><trkpt lat="58.036162" lon="39.113625"><ele>95.0</ele><time>2024-12-29T15:09:55Z</time><extensions><gpxtpx:TrackPointExtension><gpxtpx:hr>101</gpxtpx:hr></gpxtpx:TrackPointExtension></extensions></trkpt><trkpt lat="58.036143" lon="39.11365"><ele>95.0</ele><time>2024-12-29T15:09:56Z</time><extensions><gpxtpx:TrackPointExtension><gpxtpx:hr>101</gpxtpx:hr></gpxtpx:TrackPointExtension></extensions></trkpt><trkpt lat="58.036132" lon="39.11368"><ele>95.0</ele><time>2024-12-29T15:09:57Z</time><extensions><gpxtpx:TrackPointExtension><gpxtpx:hr>101</gpxtpx:hr></gpxtpx:TrackPointExtension></extensions></trkpt><trkpt lat="58.036125" lon="39.113723"><ele>95.0</ele><time>2024-12-29T15:09:58Z</time><extensions><gpxtpx:TrackPointExtension><gpxtpx:hr>101</gpxtpx:hr></gpxtpx:TrackPointExtension></extensions></trkpt><trkpt lat="58.036125" lon="39.113765"><ele>95.0</ele><time>2024-12-29T15:09:59Z</time><extensions><gpxtpx:TrackPointExtension><gpxtpx:hr>102</gpxtpx:hr></gpxtpx:TrackPointExtension></extensions></trkpt><trkpt lat="58.03613" lon="39.113815"><ele>95.0</ele><time>2024-12-29T15:10:00Z</time><extensions><gpxtpx:TrackPointExtension><gpxtpx:hr>102</gpxtpx:hr></gpxtpx:TrackPointExtension></extensions></trkpt><trkpt lat="58.036137" lon="39.113863"><ele>95.0</ele><time>2024-12-29T15:10:01Z</time><extensions><gpxtpx:TrackPointExtension><gpxtpx:hr>102</gpxtpx:hr></gpxtpx:TrackPointExtension></extensions></trkpt><trkpt lat="58.036147" lon="39.113913"><ele>95.0</ele><time>2024-12-29T15:10:01Z</time><extensions><gpxtpx:TrackPointExtension><gpxtpx:hr>102</gpxtpx:hr></gpxtpx:TrackPointExtension></extensions></trkpt><trkpt lat="58.03616" lon="39.11396"><ele>95.0</ele><time>2024-12-29T15:10:02Z</time><extensions><gpxtpx:TrackPointExtension><gpxtpx:hr>103</gpxtpx:hr></gpxtpx:TrackPointExtension></extensions></trkpt><trkpt lat="58.036175" lon="39.114002"><ele>95.0</ele><time>2024-12-29T15:10:03Z</time><extensions><gpxtpx:TrackPointExtension><gpxtpx:hr>103</gpxtpx:hr></gpxtpx:TrackPointExtension></extensions></trkpt><trkpt lat="58.036188" lon="39.11404"><ele>95.0</ele><time>2024-12-29T15:10:04Z</time><extensions><gpxtpx:TrackPointExtension><gpxtpx:hr>104</gpxtpx:hr></gpxtpx:TrackPointExtension></extensions></trkpt><trkpt lat="58.03621" lon="39.114075"><ele>95.0</ele><time>2024-12-29T15:10:06Z</time><extensions><gpxtpx:TrackPointExtension><gpxtpx:hr>104</gpxtpx:hr></gpxtpx:TrackPointExtension></extensions></trkpt><trkpt lat="58.036232" lon="39.114105"><ele>95.0</ele><time>2024-12-29T15:10:07Z</time><extensions><gpxtpx:TrackPointExtension><gpxtpx:hr>104</gpxtpx:hr></gpxtpx:TrackPointExtension></extensions></trkpt><trkpt lat="58.036255" lon="39.114135"><ele>95.0</ele><time>2024-12-29T15:10:08Z</time><extensions><gpxtpx:TrackPointExtension><gpxtpx:hr>104</gpxtpx:hr></gpxtpx:TrackPointExtension></extensions></trkpt><trkpt lat="58.036277" lon="39.114165"><ele>95.0</ele><time>2024-12-29T15:10:09Z</time><extensions><gpxtpx:TrackPointExtension><gpxtpx:hr>104</gpxtpx:hr></gpxtpx:TrackPointExtension></extensions></trkpt><trkpt lat="58.036303" lon="39.114192"><ele>95.0</ele><time>2024-12-29T15:10:10Z</time><extensions><gpxtpx:TrackPointExtension><gpxtpx:hr>104</gpxtpx:hr></gpxtpx:TrackPointExtension></extensions></trkpt><trkpt lat="58.03633" lon="39.11422"><ele>95.0</ele><time>2024-12-29T15:10:11Z</time><extensions><gpxtpx:TrackPointExtension><gpxtpx:hr>105</gpxtpx:hr></gpxtpx:TrackPointExtension></extensions></trkpt><trkpt lat="58.036357" lon="39.114242"><ele>95.0</ele><time>2024-12-29T15:10:12Z</time><extensions><gpxtpx:TrackPointExtension><gpxtpx:hr>105</gpxtpx:hr></gpxtpx:TrackPointExtension></extensions></trkpt><trkpt lat="58.03639" lon="39.114265"><ele>95.0</ele><time>2024-12-29T15:10:12Z</time><extensions><gpxtpx:TrackPointExtension><gpxtpx:hr>105</gpxtpx:hr></gpxtpx:TrackPointExtension></extensions></trkpt><trkpt lat="58.036413" lon="39.114292"><ele>95.0</ele><time>2024-12-29T15:10:13Z</time><extensions><gpxtpx:TrackPointExtension><gpxtpx:hr>105</gpxtpx:hr></gpxtpx:TrackPointExtension></extensions></trkpt><trkpt lat="58.036445" lon="39.114322"><ele>95.0</ele><time>2024-12-29T15:10:14Z</time><extensions><gpxtpx:TrackPointExtension><gpxtpx:hr>105</gpxtpx:hr></gpxtpx:TrackPointExtension></extensions></trkpt><trkpt lat="58.036472" lon="39.11435"><ele>95.0</ele><time>2024-12-29T15:10:16Z</time><extensions><gpxtpx:TrackPointExtension><gpxtpx:hr>105</gpxtpx:hr></gpxtpx:TrackPointExtension></extensions></trkpt><trkpt lat="58.036498" lon="39.114375"><ele>95.0</ele><time>2024-12-29T15:10:17Z</time><extensions><gpxtpx:TrackPointExtension><gpxtpx:hr>105</gpxtpx:hr></gpxtpx:TrackPointExtension></extensions></trkpt><trkpt lat="58.036525" lon="39.114402"><ele>95.0</ele><time>2024-12-29T15:10:18Z</time><extensions><gpxtpx:TrackPointExtension><gpxtpx:hr>105</gpxtpx:hr></gpxtpx:TrackPointExtension></extensions></trkpt><trkpt lat="58.03655" lon="39.114425"><ele>95.0</ele><time>2024-12-29T15:10:19Z</time><extensions><gpxtpx:TrackPointExtension><gpxtpx:hr>105</gpxtpx:hr></gpxtpx:TrackPointExtension></extensions></trkpt><trkpt lat="58.036568" lon="39.11445"><ele>95.0</ele><time>2024-12-29T15:10:20Z</time><extensions><gpxtpx:TrackPointExtension><gpxtpx:hr>105</gpxtpx:hr></gpxtpx:TrackPointExtension></extensions></trkpt><trkpt lat="58.036593" lon="39.114468"><ele>95.0</ele><time>2024-12-29T15:10:21Z</time><extensions><gpxtpx:TrackPointExtension><gpxtpx:hr>105</gpxtpx:hr></gpxtpx:TrackPointExtension></extensions></trkpt><trkpt lat="58.036617" lon="39.114487"><ele>95.0</ele><time>2024-12-29T15:10:22Z</time><extensions><gpxtpx:TrackPointExtension><gpxtpx:hr>105</gpxtpx:hr></gpxtpx:TrackPointExtension></extensions></trkpt><trkpt lat="58.036635" lon="39.114502"><ele>95.0</ele><time>2024-12-29T15:10:23Z</time><extensions><gpxtpx:TrackPointExtension><gpxtpx:hr>105</gpxtpx:hr></gpxtpx:TrackPointExtension></extensions></trkpt><trkpt lat="58.03666" lon="39.114517"><ele>95.0</ele><time>2024-12-29T15:10:23Z</time><extensions><gpxtpx:TrackPointExtension><gpxtpx:hr>105</gpxtpx:hr></gpxtpx:TrackPointExtension></extensions></trkpt><trkpt lat="58.036682" lon="39.114532"><ele>95.0</ele><time>2024-12-29T15:10:24Z</time><extensions><gpxtpx:TrackPointExtension><gpxtpx:hr>106</gpxtpx:hr></gpxtpx:TrackPointExtension></extensions></trkpt><trkpt lat="58.0367" lon="39.11455"><ele>95.0</ele><time>2024-12-29T15:10:25Z</time><extensions><gpxtpx:TrackPointExtension><gpxtpx:hr>106</gpxtpx:hr></gpxtpx:TrackPointExtension></extensions></trkpt><trkpt lat="58.036723" lon="39.11457"><ele>95.0</ele><time>2024-12-29T15:10:27Z</time><extensions><gpxtpx:TrackPointExtension><gpxtpx:hr>105</gpxtpx:hr></gpxtpx:TrackPointExtension></extensions></trkpt><trkpt lat="58.036747" lon="39.114593"><ele>95.0</ele><time>2024-12-29T15:10:28Z</time><extensions><gpxtpx:TrackPointExtension><gpxtpx:hr>105</gpxtpx:hr></gpxtpx:TrackPointExtension></extensions></trkpt><trkpt lat="58.036773" lon="39.114623"><ele>95.0</ele><time>2024-12-29T15:10:29Z</time><extensions><gpxtpx:TrackPointExtension><gpxtpx:hr>103</gpxtpx:hr></gpxtpx:TrackPointExtension></extensions></trkpt><trkpt lat="58.0368" lon="39.11465"><ele>95.0</ele><time>2024-12-29T15:10:30Z</time><extensions><gpxtpx:TrackPointExtension><gpxtpx:hr>103</gpxtpx:hr></gpxtpx:TrackPointExtension></extensions></trkpt><trkpt lat="58.036822" lon="39.11467"><ele>95.0</ele><time>2024-12-29T15:10:31Z</time><extensions><gpxtpx:TrackPointExtension><gpxtpx:hr>104</gpxtpx:hr></gpxtpx:TrackPointExtension></extensions></trkpt><trkpt lat="58.036845" lon="39.114685"><ele>95.0</ele><time>2024-12-29T15:10:32Z</time><extensions><gpxtpx:TrackPointExtension><gpxtpx:hr>104</gpxtpx:hr></gpxtpx:TrackPointExtension></extensions></trkpt><trkpt lat="58.03687" lon="39.114697"><ele>95.0</ele><time>2024-12-29T15:10:33Z</time><extensions><gpxtpx:TrackPointExtension><gpxtpx:hr>104</gpxtpx:hr></gpxtpx:TrackPointExtension></extensions></trkpt><trkpt lat="58.036892" lon="39.114707"><ele>95.0</ele><time>2024-12-29T15:10:34Z</time><extensions><gpxtpx:TrackPointExtension><gpxtpx:hr>106</gpxtpx:hr></gpxtpx:TrackPointExtension></extensions></trkpt><trkpt lat="58.036915" lon="39.114735"><ele>95.0</ele><time>2024-12-29T15:10:35Z</time><extensions><gpxtpx:TrackPointExtension><gpxtpx:hr>107</gpxtpx:hr></gpxtpx:TrackPointExtension></extensions></trkpt><trkpt lat="58.03694" lon="39.114763"><ele>95.0</ele><time>2024-12-29T15:10:36Z</time><extensions><gpxtpx:TrackPointExtension><gpxtpx:hr>107</gpxtpx:hr></gpxtpx:TrackPointExtension></extensions></trkpt><trkpt lat="58.036972" lon="39.114802"><ele>95.0</ele><time>2024-12-29T15:10:36Z</time><extensions><gpxtpx:TrackPointExtension><gpxtpx:hr>107</gpxtpx:hr></gpxtpx:TrackPointExtension></extensions></trkpt><trkpt lat="58.037" lon="39.114837"><ele>95.0</ele><time>2024-12-29T15:10:37Z</time><extensions><gpxtpx:TrackPointExtension><gpxtpx:hr>108</gpxtpx:hr></gpxtpx:TrackPointExtension></extensions></trkpt><trkpt lat="58.03703" lon="39.11487"><ele>95.0</ele><time>2024-12-29T15:10:38Z</time><extensions><gpxtpx:TrackPointExtension><gpxtpx:hr>108</gpxtpx:hr></gpxtpx:TrackPointExtension></extensions></trkpt><trkpt lat="58.03706" lon="39.114895"><ele>95.0</ele><time>2024-12-29T15:10:40Z</time><extensions><gpxtpx:TrackPointExtension><gpxtpx:hr>107</gpxtpx:hr></gpxtpx:TrackPointExtension></extensions></trkpt><trkpt lat="58.037085" lon="39.11491"><ele>95.0</ele><time>2024-12-29T15:10:41Z</time><extensions><gpxtpx:TrackPointExtension><gpxtpx:hr>107</gpxtpx:hr></gpxtpx:TrackPointExtension></extensions></trkpt><trkpt lat="58.037112" lon="39.114917"><ele>95.0</ele><time>2024-12-29T15:10:42Z</time><extensions><gpxtpx:TrackPointExtension><gpxtpx:hr>107</gpxtpx:hr></gpxtpx:TrackPointExtension></extensions></trkpt><trkpt lat="58.03714" lon="39.114918"><ele>95.0</ele><time>2024-12-29T15:10:43Z</time><extensions><gpxtpx:TrackPointExtension><gpxtpx:hr>107</gpxtpx:hr></gpxtpx:TrackPointExtension></extensions></trkpt><trkpt lat="58.037162" lon="39.114913"><ele>95.0</ele><time>2024-12-29T15:10:44Z</time><extensions><gpxtpx:TrackPointExtension><gpxtpx:hr>108</gpxtpx:hr></gpxtpx:TrackPointExtension></extensions></trkpt><trkpt lat="58.037185" lon="39.114895"><ele>95.0</ele><time>2024-12-29T15:10:45Z</time><extensions><gpxtpx:TrackPointExtension><gpxtpx:hr>108</gpxtpx:hr></gpxtpx:TrackPointExtension></extensions></trkpt><trkpt lat="58.037205" lon="39.114863"><ele>95.0</ele><time>2024-12-29T15:10:46Z</time><extensions><gpxtpx:TrackPointExtension><gpxtpx:hr>108</gpxtpx:hr></gpxtpx:TrackPointExtension></extensions></trkpt><trkpt lat="58.037215" lon="39.11483"><ele>95.0</ele><time>2024-12-29T15:10:47Z</time><extensions><gpxtpx:TrackPointExtension><gpxtpx:hr>108</gpxtpx:hr></gpxtpx:TrackPointExtension></extensions></trkpt><trkpt lat="58.037227" lon="39.114795"><ele>95.0</ele><time>2024-12-29T15:10:47Z</time><extensions><gpxtpx:TrackPointExtension><gpxtpx:hr>108</gpxtpx:hr></gpxtpx:TrackPointExtension></extensions></trkpt><trkpt lat="58.037227" lon="39.11476"><ele>95.0</ele><time>2024-12-29T15:10:48Z</time><extensions><gpxtpx:TrackPointExtension><gpxtpx:hr>108</gpxtpx:hr></gpxtpx:TrackPointExtension></extensions></trkpt><trkpt lat="58.037227" lon="39.11473"><ele>95.0</ele><time>2024-12-29T15:10:49Z</time><extensions><gpxtpx:TrackPointExtension><gpxtpx:hr>108</gpxtpx:hr></gpxtpx:TrackPointExtension></extensions></trkpt><trkpt lat="58.03722" lon="39.114697"><ele>95.0</ele><time>2024-12-29T15:10:50Z</time><extensions><gpxtpx:TrackPointExtension><gpxtpx:hr>108</gpxtpx:hr></gpxtpx:TrackPointExtension></extensions></trkpt><trkpt lat="58.037205" lon="39.114662"><ele>95.0</ele><time>2024-12-29T15:10:52Z</time><extensions><gpxtpx:TrackPointExtension><gpxtpx:hr>108</gpxtpx:hr></gpxtpx:TrackPointExtension></extensions></trkpt><trkpt lat="58.037185" lon="39.114627"><ele>95.0</ele><time>2024-12-29T15:10:53Z</time><extensions><gpxtpx:TrackPointExtension><gpxtpx:hr>109</gpxtpx:hr></gpxtpx:TrackPointExtension></extensions></trkpt><trkpt lat="58.037167" lon="39.114597"><ele>95.0</ele><time>2024-12-29T15:10:54Z</time><extensions><gpxtpx:TrackPointExtension><gpxtpx:hr>109</gpxtpx:hr></gpxtpx:TrackPointExtension></extensions></trkpt><trkpt lat="58.037147" lon="39.11457"><ele>95.0</ele><time>2024-12-29T15:10:55Z</time><extensions><gpxtpx:TrackPointExtension><gpxtpx:hr>109</gpxtpx:hr></gpxtpx:TrackPointExtension></extensions></trkpt><trkpt lat="58.03713" lon="39.114538"><ele>95.0</ele><time>2024-12-29T15:10:56Z</time><extensions><gpxtpx:TrackPointExtension><gpxtpx:hr>110</gpxtpx:hr></gpxtpx:TrackPointExtension></extensions></trkpt><trkpt lat="58.037105" lon="39.114505"><ele>95.0</ele><time>2024-12-29T15:10:57Z</time><extensions><gpxtpx:TrackPointExtension><gpxtpx:hr>110</gpxtpx:hr></gpxtpx:TrackPointExtension></extensions></trkpt><trkpt lat="58.037082" lon="39.114468"><ele>95.0</ele><time>2024-12-29T15:10:58Z</time><extensions><gpxtpx:TrackPointExtension><gpxtpx:hr>109</gpxtpx:hr></gpxtpx:TrackPointExtension></extensions></trkpt><trkpt lat="58.037055" lon="39.114432"><ele>95.0</ele><time>2024-12-29T15:10:59Z</time><extensions><gpxtpx:TrackPointExtension><gpxtpx:hr>109</gpxtpx:hr></gpxtpx:TrackPointExtension></extensions></trkpt><trkpt lat="58.03703" lon="39.1144"><ele>95.0</ele><time>2024-12-29T15:11:00Z</time><extensions><gpxtpx:TrackPointExtension><gpxtpx:hr>109</gpxtpx:hr></gpxtpx:TrackPointExtension></extensions></trkpt><trkpt lat="58.037" lon="39.11436"><ele>95.0</ele><time>2024-12-29T15:11:00Z</time><extensions><gpxtpx:TrackPointExtension><gpxtpx:hr>109</gpxtpx:hr></gpxtpx:TrackPointExtension></extensions></trkpt><trkpt lat="58.03697" lon="39.11432"><ele>95.0</ele><time>2024-12-29T15:11:01Z</time><extensions><gpxtpx:TrackPointExtension><gpxtpx:hr>109</gpxtpx:hr></gpxtpx:TrackPointExtension></extensions></trkpt><trkpt lat="58.036937" lon="39.11428"><ele>95.0</ele><time>2024-12-29T15:11:02Z</time><extensions><gpxtpx:TrackPointExtension><gpxtpx:hr>109</gpxtpx:hr></gpxtpx:TrackPointExtension></extensions></trkpt><trkpt lat="58.036907" lon="39.114245"><ele>95.0</ele><time>2024-12-29T15:11:03Z</time><extensions><gpxtpx:TrackPointExtension><gpxtpx:hr>109</gpxtpx:hr></gpxtpx:TrackPointExtension></extensions></trkpt><trkpt lat="58.036877" lon="39.11421"><ele>95.0</ele><time>2024-12-29T15:11:05Z</time><extensions><gpxtpx:TrackPointExtension><gpxtpx:hr>107</gpxtpx:hr></gpxtpx:TrackPointExtension></extensions></trkpt><trkpt lat="58.036845" lon="39.114173"><ele>95.0</ele><time>2024-12-29T15:11:06Z</time><extensions><gpxtpx:TrackPointExtension><gpxtpx:hr>107</gpxtpx:hr></gpxtpx:TrackPointExtension></extensions></trkpt><trkpt lat="58.036815" lon="39.114142"><ele>95.0</ele><time>2024-12-29T15:11:07Z</time><extensions><gpxtpx:TrackPointExtension><gpxtpx:hr>107</gpxtpx:hr></gpxtpx:TrackPointExtension></extensions></trkpt><trkpt lat="58.03679" lon="39.11411"><ele>95.0</ele><time>2024-12-29T15:11:08Z</time><extensions><gpxtpx:TrackPointExtension><gpxtpx:hr>106</gpxtpx:hr></gpxtpx:TrackPointExtension></extensions></trkpt><trkpt lat="58.036762" lon="39.11408"><ele>95.0</ele><time>2024-12-29T15:11:09Z</time><extensions><gpxtpx:TrackPointExtension><gpxtpx:hr>106</gpxtpx:hr></gpxtpx:TrackPointExtension></extensions></trkpt><trkpt lat="58.036735" lon="39.11405"><ele>95.0</ele><time>2024-12-29T15:11:10Z</time><extensions><gpxtpx:TrackPointExtension><gpxtpx:hr>106</gpxtpx:hr></gpxtpx:TrackPointExtension></extensions></trkpt><trkpt lat="58.036712" lon="39.114025"><ele>95.0</ele><time>2024-12-29T15:11:11Z</time><extensions><gpxtpx:TrackPointExtension><gpxtpx:hr>107</gpxtpx:hr></gpxtpx:TrackPointExtension></extensions></trkpt><trkpt lat="58.03669" lon="39.114"><ele>95.0</ele><time>2024-12-29T15:11:12Z</time><extensions><gpxtpx:TrackPointExtension><gpxtpx:hr>107</gpxtpx:hr></gpxtpx:TrackPointExtension></extensions></trkpt><trkpt lat="58.036667" lon="39.11397"><ele>95.0</ele><time>2024-12-29T15:11:12Z</time><extensions><gpxtpx:TrackPointExtension><gpxtpx:hr>107</gpxtpx:hr></gpxtpx:TrackPointExtension></extensions></trkpt><trkpt lat="58.036643" lon="39.11394"><ele>95.0</ele><time>2024-12-29T15:11:13Z</time><extensions><gpxtpx:TrackPointExtension><gpxtpx:hr>107</gpxtpx:hr></gpxtpx:TrackPointExtension></extensions></trkpt><trkpt lat="58.03662" lon="39.113913"><ele>95.0</ele><time>2024-12-29T15:11:14Z</time><extensions><gpxtpx:TrackPointExtension><gpxtpx:hr>108</gpxtpx:hr></gpxtpx:TrackPointExtension></extensions></trkpt><trkpt lat="58.0366" lon="39.113887"><ele>95.0</ele><time>2024-12-29T15:11:16Z</time><extensions><gpxtpx:TrackPointExtension><gpxtpx:hr>108</gpxtpx:hr></gpxtpx:TrackPointExtension></extensions></trkpt><trkpt lat="58.036575" lon="39.113863"><ele>95.0</ele><time>2024-12-29T15:11:17Z</time><extensions><gpxtpx:TrackPointExtension><gpxtpx:hr>108</gpxtpx:hr></gpxtpx:TrackPointExtension></extensions></trkpt><trkpt lat="58.036555" lon="39.113842"><ele>95.0</ele><time>2024-12-29T15:11:18Z</time><extensions><gpxtpx:TrackPointExtension><gpxtpx:hr>108</gpxtpx:hr></gpxtpx:TrackPointExtension></extensions></trkpt><trkpt lat="58.036537" lon="39.113822"><ele>95.0</ele><time>2024-12-29T15:11:19Z</time><extensions><gpxtpx:TrackPointExtension><gpxtpx:hr>108</gpxtpx:hr></gpxtpx:TrackPointExtension></extensions></trkpt><trkpt lat="58.03652" lon="39.113795"><ele>95.0</ele><time>2024-12-29T15:11:20Z</time><extensions><gpxtpx:TrackPointExtension><gpxtpx:hr>108</gpxtpx:hr></gpxtpx:TrackPointExtension></extensions></trkpt><trkpt lat="58.036502" lon="39.113772"><ele>95.0</ele><time>2024-12-29T15:11:21Z</time><extensions><gpxtpx:TrackPointExtension><gpxtpx:hr>108</gpxtpx:hr></gpxtpx:TrackPointExtension></extensions></trkpt><trkpt lat="58.036483" lon="39.11375"><ele>95.0</ele><time>2024-12-29T15:11:22Z</time><extensions><gpxtpx:TrackPointExtension><gpxtpx:hr>107</gpxtpx:hr></gpxtpx:TrackPointExtension></extensions></trkpt><trkpt lat="58.03647" lon="39.11373"><ele>95.0</ele><time>2024-12-29T15:11:23Z</time><extensions><gpxtpx:TrackPointExtension><gpxtpx:hr>106</gpxtpx:hr></gpxtpx:TrackPointExtension></extensions></trkpt><trkpt lat="58.036457" lon="39.113712"><ele>95.0</ele><time>2024-12-29T15:11:24Z</time><extensions><gpxtpx:TrackPointExtension><gpxtpx:hr>106</gpxtpx:hr></gpxtpx:TrackPointExtension></extensions></trkpt><trkpt lat="58.03644" lon="39.113692"><ele>95.0</ele><time>2024-12-29T15:11:25Z</time><extensions><gpxtpx:TrackPointExtension><gpxtpx:hr>107</gpxtpx:hr></gpxtpx:TrackPointExtension></extensions></trkpt><trkpt lat="58.03643" lon="39.113677"><ele>95.0</ele><time>2024-12-29T15:11:25Z</time><extensions><gpxtpx:TrackPointExtension><gpxtpx:hr>107</gpxtpx:hr></gpxtpx:TrackPointExtension></extensions></trkpt><trkpt lat="58.036422" lon="39.11367"><ele>95.0</ele><time>2024-12-29T15:11:26Z</time><extensions><gpxtpx:TrackPointExtension><gpxtpx:hr>107</gpxtpx:hr></gpxtpx:TrackPointExtension></extensions></trkpt><trkpt lat="58.0364" lon="39.113647"><ele>95.0</ele><time>2024-12-29T15:11:29Z</time><extensions><gpxtpx:TrackPointExtension><gpxtpx:hr>105</gpxtpx:hr></gpxtpx:TrackPointExtension></extensions></trkpt><trkpt lat="58.036395" lon="39.113643"><ele>95.0</ele><time>2024-12-29T15:11:30Z</time><extensions><gpxtpx:TrackPointExtension><gpxtpx:hr>104</gpxtpx:hr></gpxtpx:TrackPointExtension></extensions></trkpt><trkpt lat="58.03639" lon="39.113632"><ele>95.0</ele><time>2024-12-29T15:11:31Z</time><extensions><gpxtpx:TrackPointExtension><gpxtpx:hr>104</gpxtpx:hr></gpxtpx:TrackPointExtension></extensions></trkpt><trkpt lat="58.036377" lon="39.11362"><ele>95.0</ele><time>2024-12-29T15:11:32Z</time><extensions><gpxtpx:TrackPointExtension><gpxtpx:hr>103</gpxtpx:hr></gpxtpx:TrackPointExtension></extensions></trkpt><trkpt lat="58.03636" lon="39.113605"><ele>95.0</ele><time>2024-12-29T15:11:33Z</time><extensions><gpxtpx:TrackPointExtension><gpxtpx:hr>103</gpxtpx:hr></gpxtpx:TrackPointExtension></extensions></trkpt><trkpt lat="58.03634" lon="39.113593"><ele>95.0</ele><time>2024-12-29T15:11:34Z</time><extensions><gpxtpx:TrackPointExtension><gpxtpx:hr>103</gpxtpx:hr></gpxtpx:TrackPointExtension></extensions></trkpt><trkpt lat="58.036315" lon="39.113582"><ele>95.0</ele><time>2024-12-29T15:11:35Z</time><extensions><gpxtpx:TrackPointExtension><gpxtpx:hr>103</gpxtpx:hr></gpxtpx:TrackPointExtension></extensions></trkpt><trkpt lat="58.03629" lon="39.11358"><ele>95.0</ele><time>2024-12-29T15:11:35Z</time><extensions><gpxtpx:TrackPointExtension><gpxtpx:hr>103</gpxtpx:hr></gpxtpx:TrackPointExtension></extensions></trkpt><trkpt lat="58.036262" lon="39.11357"><ele>95.0</ele><time>2024-12-29T15:11:36Z</time><extensions><gpxtpx:TrackPointExtension><gpxtpx:hr>103</gpxtpx:hr></gpxtpx:TrackPointExtension></extensions></trkpt><trkpt lat="58.036235" lon="39.113575"><ele>95.0</ele><time>2024-12-29T15:11:37Z</time><extensions><gpxtpx:TrackPointExtension><gpxtpx:hr>103</gpxtpx:hr></gpxtpx:TrackPointExtension></extensions></trkpt><trkpt lat="58.03621" lon="39.113585"><ele>95.0</ele><time>2024-12-29T15:11:39Z</time><extensions><gpxtpx:TrackPointExtension><gpxtpx:hr>104</gpxtpx:hr></gpxtpx:TrackPointExtension></extensions></trkpt><trkpt lat="58.036185" lon="39.11361"><ele>95.0</ele><time>2024-12-29T15:11:40Z</time><extensions><gpxtpx:TrackPointExtension><gpxtpx:hr>104</gpxtpx:hr></gpxtpx:TrackPointExtension></extensions></trkpt><trkpt lat="58.036167" lon="39.113635"><ele>95.0</ele><time>2024-12-29T15:11:41Z</time><extensions><gpxtpx:TrackPointExtension><gpxtpx:hr>105</gpxtpx:hr></gpxtpx:TrackPointExtension></extensions></trkpt><trkpt lat="58.03615" lon="39.11367"><ele>95.0</ele><time>2024-12-29T15:11:42Z</time><extensions><gpxtpx:TrackPointExtension><gpxtpx:hr>106</gpxtpx:hr></gpxtpx:TrackPointExtension></extensions></trkpt><trkpt lat="58.036137" lon="39.113708"><ele>95.0</ele><time>2024-12-29T15:11:43Z</time><extensions><gpxtpx:TrackPointExtension><gpxtpx:hr>106</gpxtpx:hr></gpxtpx:TrackPointExtension></extensions></trkpt><trkpt lat="58.036125" lon="39.11375"><ele>95.0</ele><time>2024-12-29T15:11:44Z</time><extensions><gpxtpx:TrackPointExtension><gpxtpx:hr>107</gpxtpx:hr></gpxtpx:TrackPointExtension></extensions></trkpt><trkpt lat="58.036118" lon="39.113795"><ele>95.0</ele><time>2024-12-29T15:11:45Z</time><extensions><gpxtpx:TrackPointExtension><gpxtpx:hr>107</gpxtpx:hr></gpxtpx:TrackPointExtension></extensions></trkpt><trkpt lat="58.036118" lon="39.11384"><ele>95.0</ele><time>2024-12-29T15:11:46Z</time><extensions><gpxtpx:TrackPointExtension><gpxtpx:hr>107</gpxtpx:hr></gpxtpx:TrackPointExtension></extensions></trkpt><trkpt lat="58.036118" lon="39.113883"><ele>95.0</ele><time>2024-12-29T15:11:47Z</time><extensions><gpxtpx:TrackPointExtension><gpxtpx:hr>107</gpxtpx:hr></gpxtpx:TrackPointExtension></extensions></trkpt><trkpt lat="58.03613" lon="39.11393"><ele>95.0</ele><time>2024-12-29T15:11:47Z</time><extensions><gpxtpx:TrackPointExtension><gpxtpx:hr>107</gpxtpx:hr></gpxtpx:TrackPointExtension></extensions></trkpt><trkpt lat="58.036137" lon="39.113975"><ele>95.0</ele><time>2024-12-29T15:11:48Z</time><extensions><gpxtpx:TrackPointExtension><gpxtpx:hr>107</gpxtpx:hr></gpxtpx:TrackPointExtension></extensions></trkpt><trkpt lat="58.036147" lon="39.114017"><ele>95.0</ele><time>2024-12-29T15:11:49Z</time><extensions><gpxtpx:TrackPointExtension><gpxtpx:hr>108</gpxtpx:hr></gpxtpx:TrackPointExtension></extensions></trkpt><trkpt lat="58.036162" lon="39.114067"><ele>95.0</ele><time>2024-12-29T15:11:50Z</time><extensions><gpxtpx:TrackPointExtension><gpxtpx:hr>109</gpxtpx:hr></gpxtpx:TrackPointExtension></extensions></trkpt><trkpt lat="58.036185" lon="39.114112"><ele>95.0</ele><time>2024-12-29T15:11:52Z</time><extensions><gpxtpx:TrackPointExtension><gpxtpx:hr>108</gpxtpx:hr></gpxtpx:TrackPointExtension></extensions></trkpt><trkpt lat="58.03621" lon="39.114147"><ele>95.0</ele><time>2024-12-29T15:11:53Z</time><extensions><gpxtpx:TrackPointExtension><gpxtpx:hr>108</gpxtpx:hr></gpxtpx:TrackPointExtension></extensions></trkpt><trkpt lat="58.036235" lon="39.114173"><ele>95.0</ele><time>2024-12-29T15:11:54Z</time><extensions><gpxtpx:TrackPointExtension><gpxtpx:hr>107</gpxtpx:hr></gpxtpx:TrackPointExtension></extensions></trkpt><trkpt lat="58.036265" lon="39.114203"><ele>95.0</ele><time>2024-12-29T15:11:55Z</time><extensions><gpxtpx:TrackPointExtension><gpxtpx:hr>106</gpxtpx:hr></gpxtpx:TrackPointExtension></extensions></trkpt><trkpt lat="58.036297" lon="39.114235"><ele>95.0</ele><time>2024-12-29T15:11:56Z</time><extensions><gpxtpx:TrackPointExtension><gpxtpx:hr>106</gpxtpx:hr></gpxtpx:TrackPointExtension></extensions></trkpt><trkpt lat="58.036327" lon="39.114257"><ele>95.0</ele><time>2024-12-29T15:11:57Z</time><extensions><gpxtpx:TrackPointExtension><gpxtpx:hr>108</gpxtpx:hr></gpxtpx:TrackPointExtension></extensions></trkpt><trkpt lat="58.036357" lon="39.11428"><ele>95.0</ele><time>2024-12-29T15:11:58Z</time><extensions><gpxtpx:TrackPointExtension><gpxtpx:hr>108</gpxtpx:hr></gpxtpx:TrackPointExtension></extensions></trkpt><trkpt lat="58.03639" lon="39.114303"><ele>95.0</ele><time>2024-12-29T15:11:59Z</time><extensions><gpxtpx:TrackPointExtension><gpxtpx:hr>110</gpxtpx:hr></gpxtpx:TrackPointExtension></extensions></trkpt><trkpt lat="58.036422" lon="39.114322"><ele>95.0</ele><time>2024-12-29T15:12:00Z</time><extensions><gpxtpx:TrackPointExtension><gpxtpx:hr>111</gpxtpx:hr></gpxtpx:TrackPointExtension></extensions></trkpt><trkpt lat="58.036452" lon="39.114345"><ele>95.0</ele><time>2024-12-29T15:12:00Z</time><extensions><gpxtpx:TrackPointExtension><gpxtpx:hr>111</gpxtpx:hr></gpxtpx:TrackPointExtension></extensions></trkpt><trkpt lat="58.036487" lon="39.11437"><ele>95.0</ele><time>2024-12-29T15:12:01Z</time><extensions><gpxtpx:TrackPointExtension><gpxtpx:hr>111</gpxtpx:hr></gpxtpx:TrackPointExtension></extensions></trkpt><trkpt lat="58.03652" lon="39.114383"><ele>95.0</ele><time>2024-12-29T15:12:02Z</time><extensions><gpxtpx:TrackPointExtension><gpxtpx:hr>110</gpxtpx:hr></gpxtpx:TrackPointExtension></extensions></trkpt><trkpt lat="58.036552" lon="39.11439"><ele>95.0</ele><time>2024-12-29T15:12:03Z</time><extensions><gpxtpx:TrackPointExtension><gpxtpx:hr>110</gpxtpx:hr></gpxtpx:TrackPointExtension></extensions></trkpt><trkpt lat="58.036582" lon="39.1144"><ele>95.0</ele><time>2024-12-29T15:12:05Z</time><extensions><gpxtpx:TrackPointExtension><gpxtpx:hr>110</gpxtpx:hr></gpxtpx:TrackPointExtension></extensions></trkpt><trkpt lat="58.036612" lon="39.114407"><ele>95.0</ele><time>2024-12-29T15:12:06Z</time><extensions><gpxtpx:TrackPointExtension><gpxtpx:hr>111</gpxtpx:hr></gpxtpx:TrackPointExtension></extensions></trkpt><trkpt lat="58.036643" lon="39.114413"><ele>95.0</ele><time>2024-12-29T15:12:07Z</time><extensions><gpxtpx:TrackPointExtension><gpxtpx:hr>111</gpxtpx:hr></gpxtpx:TrackPointExtension></extensions></trkpt><trkpt lat="58.036673" lon="39.11442"><ele>95.0</ele><time>2024-12-29T15:12:08Z</time><extensions><gpxtpx:TrackPointExtension><gpxtpx:hr>111</gpxtpx:hr></gpxtpx:TrackPointExtension></extensions></trkpt><trkpt lat="58.036705" lon="39.11444"><ele>95.0</ele><time>2024-12-29T15:12:09Z</time><extensions><gpxtpx:TrackPointExtension><gpxtpx:hr>111</gpxtpx:hr></gpxtpx:TrackPointExtension></extensions></trkpt><trkpt lat="58.03673" lon="39.114463"><ele>95.0</ele><time>2024-12-29T15:12:10Z</time><extensions><gpxtpx:TrackPointExtension><gpxtpx:hr>81</gpxtpx:hr></gpxtpx:TrackPointExtension></extensions></trkpt><trkpt lat="58.036755" lon="39.11449"><ele>95.0</ele><time>2024-12-29T15:12:11Z</time><extensions><gpxtpx:TrackPointExtension><gpxtpx:hr>81</gpxtpx:hr></gpxtpx:TrackPointExtension></extensions></trkpt><trkpt lat="58.036777" lon="39.114517"><ele>95.0</ele><time>2024-12-29T15:12:12Z</time><extensions><gpxtpx:TrackPointExtension><gpxtpx:hr>81</gpxtpx:hr></gpxtpx:TrackPointExtension></extensions></trkpt><trkpt lat="58.0368" lon="39.114543"><ele>95.0</ele><time>2024-12-29T15:12:13Z</time><extensions><gpxtpx:TrackPointExtension><gpxtpx:hr>81</gpxtpx:hr></gpxtpx:TrackPointExtension></extensions></trkpt><trkpt lat="58.036827" lon="39.114573"><ele>95.0</ele><time>2024-12-29T15:12:13Z</time><extensions><gpxtpx:TrackPointExtension><gpxtpx:hr>81</gpxtpx:hr></gpxtpx:TrackPointExtension></extensions></trkpt><trkpt lat="58.03685" lon="39.114605"><ele>95.0</ele><time>2024-12-29T15:12:14Z</time><extensions><gpxtpx:TrackPointExtension><gpxtpx:hr>81</gpxtpx:hr></gpxtpx:TrackPointExtension></extensions></trkpt><trkpt lat="58.036877" lon="39.114627"><ele>95.0</ele><time>2024-12-29T15:12:15Z</time><extensions><gpxtpx:TrackPointExtension><gpxtpx:hr>81</gpxtpx:hr></gpxtpx:TrackPointExtension></extensions></trkpt><trkpt lat="58.0369" lon="39.11465"><ele>95.0</ele><time>2024-12-29T15:12:16Z</time><extensions><gpxtpx:TrackPointExtension><gpxtpx:hr>81</gpxtpx:hr></gpxtpx:TrackPointExtension></extensions></trkpt><trkpt lat="58.03692" lon="39.114665"><ele>95.0</ele><time>2024-12-29T15:12:18Z</time><extensions><gpxtpx:TrackPointExtension><gpxtpx:hr>81</gpxtpx:hr></gpxtpx:TrackPointExtension></extensions></trkpt><trkpt lat="58.03694" lon="39.114677"><ele>95.0</ele><time>2024-12-29T15:12:19Z</time><extensions><gpxtpx:TrackPointExtension><gpxtpx:hr>81</gpxtpx:hr></gpxtpx:TrackPointExtension></extensions></trkpt><trkpt lat="58.03696" lon="39.114697"><ele>95.0</ele><time>2024-12-29T15:12:20Z</time><extensions><gpxtpx:TrackPointExtension><gpxtpx:hr>81</gpxtpx:hr></gpxtpx:TrackPointExtension></extensions></trkpt><trkpt lat="58.036982" lon="39.114715"><ele>95.0</ele><time>2024-12-29T15:12:21Z</time><extensions><gpxtpx:TrackPointExtension><gpxtpx:hr>81</gpxtpx:hr></gpxtpx:TrackPointExtension></extensions></trkpt><trkpt lat="58.037005" lon="39.114742"><ele>95.0</ele><time>2024-12-29T15:12:22Z</time><extensions><gpxtpx:TrackPointExtension><gpxtpx:hr>81</gpxtpx:hr></gpxtpx:TrackPointExtension></extensions></trkpt><trkpt lat="58.03703" lon="39.114772"><ele>95.0</ele><time>2024-12-29T15:12:23Z</time><extensions><gpxtpx:TrackPointExtension><gpxtpx:hr>81</gpxtpx:hr></gpxtpx:TrackPointExtension></extensions></trkpt><trkpt lat="58.037055" lon="39.114802"><ele>95.0</ele><time>2024-12-29T15:12:24Z</time><extensions><gpxtpx:TrackPointExtension><gpxtpx:hr>81</gpxtpx:hr></gpxtpx:TrackPointExtension></extensions></trkpt><trkpt lat="58.03708" lon="39.114833"><ele>95.0</ele><time>2024-12-29T15:12:25Z</time><extensions><gpxtpx:TrackPointExtension><gpxtpx:hr>81</gpxtpx:hr></gpxtpx:TrackPointExtension></extensions></trkpt><trkpt lat="58.037105" lon="39.11486"><ele>95.0</ele><time>2024-12-29T15:12:26Z</time><extensions><gpxtpx:TrackPointExtension><gpxtpx:hr>81</gpxtpx:hr></gpxtpx:TrackPointExtension></extensions></trkpt><trkpt lat="58.037135" lon="39.114882"><ele>95.0</ele><time>2024-12-29T15:12:26Z</time><extensions><gpxtpx:TrackPointExtension><gpxtpx:hr>81</gpxtpx:hr></gpxtpx:TrackPointExtension></extensions></trkpt><trkpt lat="58.037167" lon="39.114895"><ele>95.0</ele><time>2024-12-29T15:12:27Z</time><extensions><gpxtpx:TrackPointExtension><gpxtpx:hr>81</gpxtpx:hr></gpxtpx:TrackPointExtension></extensions></trkpt><trkpt lat="58.03719" lon="39.11489"><ele>95.0</ele><time>2024-12-29T15:12:28Z</time><extensions><gpxtpx:TrackPointExtension><gpxtpx:hr>81</gpxtpx:hr></gpxtpx:TrackPointExtension></extensions></trkpt><trkpt lat="58.037212" lon="39.114875"><ele>95.0</ele><time>2024-12-29T15:12:29Z</time><extensions><gpxtpx:TrackPointExtension><gpxtpx:hr>81</gpxtpx:hr></gpxtpx:TrackPointExtension></extensions></trkpt><trkpt lat="58.037227" lon="39.114852"><ele>95.0</ele><time>2024-12-29T15:12:31Z</time><extensions><gpxtpx:TrackPointExtension><gpxtpx:hr>81</gpxtpx:hr></gpxtpx:TrackPointExtension></extensions></trkpt><trkpt lat="58.037242" lon="39.11483"><ele>95.0</ele><time>2024-12-29T15:12:32Z</time><extensions><gpxtpx:TrackPointExtension><gpxtpx:hr>81</gpxtpx:hr></gpxtpx:TrackPointExtension></extensions></trkpt><trkpt lat="58.037262" lon="39.114745"><ele>95.0</ele><time>2024-12-29T15:12:34Z</time><extensions><gpxtpx:TrackPointExtension><gpxtpx:hr>81</gpxtpx:hr></gpxtpx:TrackPointExtension></extensions></trkpt><trkpt lat="58.03726" lon="39.114735"><ele>95.0</ele><time>2024-12-29T15:12:35Z</time><extensions><gpxtpx:TrackPointExtension><gpxtpx:hr>81</gpxtpx:hr></gpxtpx:TrackPointExtension></extensions></trkpt><trkpt lat="58.037253" lon="39.114707"><ele>95.0</ele><time>2024-12-29T15:12:36Z</time><extensions><gpxtpx:TrackPointExtension><gpxtpx:hr>81</gpxtpx:hr></gpxtpx:TrackPointExtension></extensions></trkpt><trkpt lat="58.037242" lon="39.114677"><ele>95.0</ele><time>2024-12-29T15:12:37Z</time><extensions><gpxtpx:TrackPointExtension><gpxtpx:hr>80</gpxtpx:hr></gpxtpx:TrackPointExtension></extensions></trkpt><trkpt lat="58.037227" lon="39.114642"><ele>95.0</ele><time>2024-12-29T15:12:37Z</time><extensions><gpxtpx:TrackPointExtension><gpxtpx:hr>80</gpxtpx:hr></gpxtpx:TrackPointExtension></extensions></trkpt><trkpt lat="58.037205" lon="39.114612"><ele>95.0</ele><time>2024-12-29T15:12:38Z</time><extensions><gpxtpx:TrackPointExtension><gpxtpx:hr>80</gpxtpx:hr></gpxtpx:TrackPointExtension></extensions></trkpt><trkpt lat="58.03718" lon="39.114582"><ele>95.0</ele><time>2024-12-29T15:12:39Z</time><extensions><gpxtpx:TrackPointExtension><gpxtpx:hr>80</gpxtpx:hr></gpxtpx:TrackPointExtension></extensions></trkpt><trkpt lat="58.037162" lon="39.11455"><ele>95.0</ele><time>2024-12-29T15:12:40Z</time><extensions><gpxtpx:TrackPointExtension><gpxtpx:hr>80</gpxtpx:hr></gpxtpx:TrackPointExtension></extensions></trkpt><trkpt lat="58.037135" lon="39.11452"><ele>95.0</ele><time>2024-12-29T15:12:41Z</time><extensions><gpxtpx:TrackPointExtension><gpxtpx:hr>80</gpxtpx:hr></gpxtpx:TrackPointExtension></extensions></trkpt><trkpt lat="58.03711" lon="39.11449"><ele>95.0</ele><time>2024-12-29T15:12:43Z</time><extensions><gpxtpx:TrackPointExtension><gpxtpx:hr>80</gpxtpx:hr></gpxtpx:TrackPointExtension></extensions></trkpt><trkpt lat="58.037082" lon="39.11446"><ele>95.0</ele><time>2024-12-29T15:12:44Z</time><extensions><gpxtpx:TrackPointExtension><gpxtpx:hr>79</gpxtpx:hr></gpxtpx:TrackPointExtension></extensions></trkpt><trkpt lat="58.037055" lon="39.114432"><ele>95.0</ele><time>2024-12-29T15:12:45Z</time><extensions><gpxtpx:TrackPointExtension><gpxtpx:hr>79</gpxtpx:hr></gpxtpx:TrackPointExtension></extensions></trkpt><trkpt lat="58.03703" lon="39.1144"><ele>95.0</ele><time>2024-12-29T15:12:46Z</time><extensions><gpxtpx:TrackPointExtension><gpxtpx:hr>79</gpxtpx:hr></gpxtpx:TrackPointExtension></extensions></trkpt><trkpt lat="58.037002" lon="39.11437"><ele>95.0</ele><time>2024-12-29T15:12:47Z</time><extensions><gpxtpx:TrackPointExtension><gpxtpx:hr>79</gpxtpx:hr></gpxtpx:TrackPointExtension></extensions></trkpt><trkpt lat="58.036975" lon="39.114337"><ele>95.0</ele><time>2024-12-29T15:12:48Z</time><extensions><gpxtpx:TrackPointExtension><gpxtpx:hr>79</gpxtpx:hr></gpxtpx:TrackPointExtension></extensions></trkpt><trkpt lat="58.036948" lon="39.114303"><ele>95.0</ele><time>2024-12-29T15:12:49Z</time><extensions><gpxtpx:TrackPointExtension><gpxtpx:hr>79</gpxtpx:hr></gpxtpx:TrackPointExtension></extensions></trkpt><trkpt lat="58.03692" lon="39.114265"><ele>95.0</ele><time>2024-12-29T15:12:50Z</time><extensions><gpxtpx:TrackPointExtension><gpxtpx:hr>79</gpxtpx:hr></gpxtpx:TrackPointExtension></extensions></trkpt><trkpt lat="58.036892" lon="39.11423"><ele>95.0</ele><time>2024-12-29T15:12:50Z</time><extensions><gpxtpx:TrackPointExtension><gpxtpx:hr>79</gpxtpx:hr></gpxtpx:TrackPointExtension></extensions></trkpt><trkpt lat="58.036865" lon="39.114197"><ele>95.0</ele><time>2024-12-29T15:12:51Z</time><extensions><gpxtpx:TrackPointExtension><gpxtpx:hr>79</gpxtpx:hr></gpxtpx:TrackPointExtension></extensions></trkpt><trkpt lat="58.03684" lon="39.114162"><ele>95.0</ele><time>2024-12-29T15:12:52Z</time><extensions><gpxtpx:TrackPointExtension><gpxtpx:hr>79</gpxtpx:hr></gpxtpx:TrackPointExtension></extensions></trkpt><trkpt lat="58.036807" lon="39.114135"><ele>95.0</ele><time>2024-12-29T15:12:53Z</time><extensions><gpxtpx:TrackPointExtension><gpxtpx:hr>79</gpxtpx:hr></gpxtpx:TrackPointExtension></extensions></trkpt><trkpt lat="58.036777" lon="39.114105"><ele>95.0</ele><time>2024-12-29T15:12:55Z</time><extensions><gpxtpx:TrackPointExtension><gpxtpx:hr>79</gpxtpx:hr></gpxtpx:TrackPointExtension></extensions></trkpt><trkpt lat="58.03675" lon="39.114075"><ele>95.0</ele><time>2024-12-29T15:12:56Z</time><extensions><gpxtpx:TrackPointExtension><gpxtpx:hr>79</gpxtpx:hr></gpxtpx:TrackPointExtension></extensions></trkpt><trkpt lat="58.03672" lon="39.114043"><ele>95.0</ele><time>2024-12-29T15:12:57Z</time><extensions><gpxtpx:TrackPointExtension><gpxtpx:hr>79</gpxtpx:hr></gpxtpx:TrackPointExtension></extensions></trkpt><trkpt lat="58.036693" lon="39.11401"><ele>95.0</ele><time>2024-12-29T15:12:58Z</time><extensions><gpxtpx:TrackPointExtension><gpxtpx:hr>79</gpxtpx:hr></gpxtpx:TrackPointExtension></extensions></trkpt><trkpt lat="58.036662" lon="39.11398"><ele>95.0</ele><time>2024-12-29T15:12:59Z</time><extensions><gpxtpx:TrackPointExtension><gpxtpx:hr>79</gpxtpx:hr></gpxtpx:TrackPointExtension></extensions></trkpt><trkpt lat="58.036635" lon="39.113952"><ele>95.0</ele><time>2024-12-29T15:13:00Z</time><extensions><gpxtpx:TrackPointExtension><gpxtpx:hr>79</gpxtpx:hr></gpxtpx:TrackPointExtension></extensions></trkpt><trkpt lat="58.03661" lon="39.11393"><ele>95.0</ele><time>2024-12-29T15:13:01Z</time><extensions><gpxtpx:TrackPointExtension><gpxtpx:hr>79</gpxtpx:hr></gpxtpx:TrackPointExtension></extensions></trkpt><trkpt lat="58.036587" lon="39.113902"><ele>95.0</ele><time>2024-12-29T15:13:02Z</time><extensions><gpxtpx:TrackPointExtension><gpxtpx:hr>79</gpxtpx:hr></gpxtpx:TrackPointExtension></extensions></trkpt><trkpt lat="58.036567" lon="39.11388"><ele>95.0</ele><time>2024-12-29T15:13:02Z</time><extensions><gpxtpx:TrackPointExtension><gpxtpx:hr>79</gpxtpx:hr></gpxtpx:TrackPointExtension></extensions></trkpt><trkpt lat="58.03655" lon="39.11386"><ele>95.0</ele><time>2024-12-29T15:13:03Z</time><extensions><gpxtpx:TrackPointExtension><gpxtpx:hr>79</gpxtpx:hr></gpxtpx:TrackPointExtension></extensions></trkpt><trkpt lat="58.036537" lon="39.113845"><ele>95.0</ele><time>2024-12-29T15:13:04Z</time><extensions><gpxtpx:TrackPointExtension><gpxtpx:hr>79</gpxtpx:hr></gpxtpx:TrackPointExtension></extensions></trkpt><trkpt lat="58.03653" lon="39.113833"><ele>95.0</ele><time>2024-12-29T15:13:05Z</time><extensions><gpxtpx:TrackPointExtension><gpxtpx:hr>79</gpxtpx:hr></gpxtpx:TrackPointExtension></extensions></trkpt><trkpt lat="58.036522" lon="39.11382"><ele>95.0</ele><time>2024-12-29T15:13:07Z</time><extensions><gpxtpx:TrackPointExtension><gpxtpx:hr>79</gpxtpx:hr></gpxtpx:TrackPointExtension></extensions></trkpt><trkpt lat="58.03652" lon="39.11381"><ele>95.0</ele><time>2024-12-29T15:13:08Z</time><extensions><gpxtpx:TrackPointExtension><gpxtpx:hr>79</gpxtpx:hr></gpxtpx:TrackPointExtension></extensions></trkpt><trkpt lat="58.036513" lon="39.113803"><ele>95.0</ele><time>2024-12-29T15:13:09Z</time><extensions><gpxtpx:TrackPointExtension><gpxtpx:hr>79</gpxtpx:hr></gpxtpx:TrackPointExtension></extensions></trkpt><trkpt lat="58.03652" lon="39.11379"><ele>95.0</ele><time>2024-12-29T15:13:11Z</time><extensions><gpxtpx:TrackPointExtension><gpxtpx:hr>79</gpxtpx:hr></gpxtpx:TrackPointExtension></extensions></trkpt><trkpt lat="58.036513" lon="39.11379"><ele>95.0</ele><time>2024-12-29T15:13:12Z</time><extensions><gpxtpx:TrackPointExtension><gpxtpx:hr>79</gpxtpx:hr></gpxtpx:TrackPointExtension></extensions></trkpt><trkpt lat="58.036513" lon="39.113778"><ele>95.0</ele><time>2024-12-29T15:13:13Z</time><extensions><gpxtpx:TrackPointExtension><gpxtpx:hr>79</gpxtpx:hr></gpxtpx:TrackPointExtension></extensions></trkpt><trkpt lat="58.03651" lon="39.113772"><ele>95.0</ele><time>2024-12-29T15:13:14Z</time><extensions><gpxtpx:TrackPointExtension><gpxtpx:hr>79</gpxtpx:hr></gpxtpx:TrackPointExtension></extensions></trkpt><trkpt lat="58.036507" lon="39.11376"><ele>95.0</ele><time>2024-12-29T15:13:14Z</time><extensions><gpxtpx:TrackPointExtension><gpxtpx:hr>79</gpxtpx:hr></gpxtpx:TrackPointExtension></extensions></trkpt><trkpt lat="58.036498" lon="39.113753"><ele>95.0</ele><time>2024-12-29T15:13:15Z</time><extensions><gpxtpx:TrackPointExtension><gpxtpx:hr>79</gpxtpx:hr></gpxtpx:TrackPointExtension></extensions></trkpt><trkpt lat="58.036495" lon="39.113747"><ele>95.0</ele><time>2024-12-29T15:13:16Z</time><extensions><gpxtpx:TrackPointExtension><gpxtpx:hr>78</gpxtpx:hr></gpxtpx:TrackPointExtension></extensions></trkpt><trkpt lat="58.03649" lon="39.113735"><ele>95.0</ele><time>2024-12-29T15:13:18Z</time><extensions><gpxtpx:TrackPointExtension><gpxtpx:hr>78</gpxtpx:hr></gpxtpx:TrackPointExtension></extensions></trkpt><trkpt lat="58.036483" lon="39.113727"><ele>95.0</ele><time>2024-12-29T15:13:19Z</time><extensions><gpxtpx:TrackPointExtension><gpxtpx:hr>78</gpxtpx:hr></gpxtpx:TrackPointExtension></extensions></trkpt><trkpt lat="58.03648" lon="39.113715"><ele>95.0</ele><time>2024-12-29T15:13:20Z</time><extensions><gpxtpx:TrackPointExtension><gpxtpx:hr>78</gpxtpx:hr></gpxtpx:TrackPointExtension></extensions></trkpt><trkpt lat="58.03648" lon="39.113708"><ele>95.0</ele><time>2024-12-29T15:13:21Z</time><extensions><gpxtpx:TrackPointExtension><gpxtpx:hr>78</gpxtpx:hr></gpxtpx:TrackPointExtension></extensions></trkpt><trkpt lat="58.036475" lon="39.1137"><ele>95.0</ele><time>2024-12-29T15:13:22Z</time><extensions><gpxtpx:TrackPointExtension><gpxtpx:hr>78</gpxtpx:hr></gpxtpx:TrackPointExtension></extensions></trkpt><trkpt lat="58.036475" lon="39.11369"><ele>95.0</ele><time>2024-12-29T15:13:23Z</time><extensions><gpxtpx:TrackPointExtension><gpxtpx:hr>78</gpxtpx:hr></gpxtpx:TrackPointExtension></extensions></trkpt><trkpt lat="58.036475" lon="39.113685"><ele>95.0</ele><time>2024-12-29T15:13:24Z</time><extensions><gpxtpx:TrackPointExtension><gpxtpx:hr>77</gpxtpx:hr></gpxtpx:TrackPointExtension></extensions></trkpt><trkpt lat="58.036475" lon="39.113677"><ele>95.0</ele><time>2024-12-29T15:13:25Z</time><extensions><gpxtpx:TrackPointExtension><gpxtpx:hr>77</gpxtpx:hr></gpxtpx:TrackPointExtension></extensions></trkpt><trkpt lat="58.036475" lon="39.11367"><ele>95.0</ele><time>2024-12-29T15:13:26Z</time><extensions><gpxtpx:TrackPointExtension><gpxtpx:hr>77</gpxtpx:hr></gpxtpx:TrackPointExtension></extensions></trkpt><trkpt lat="58.036475" lon="39.11367"><ele>95.0</ele><time>2024-12-29T15:13:26Z</time><extensions><gpxtpx:TrackPointExtension><gpxtpx:hr>77</gpxtpx:hr></gpxtpx:TrackPointExtension></extensions></trkpt><trkpt lat="58.036475" lon="39.11366"><ele>95.0</ele><time>2024-12-29T15:13:28Z</time><extensions><gpxtpx:TrackPointExtension><gpxtpx:hr>77</gpxtpx:hr></gpxtpx:TrackPointExtension></extensions></trkpt><trkpt lat="58.03648" lon="39.113662"><ele>95.0</ele><time>2024-12-29T15:13:31Z</time><extensions><gpxtpx:TrackPointExtension><gpxtpx:hr>77</gpxtpx:hr></gpxtpx:TrackPointExtension></extensions></trkpt><trkpt lat="58.036487" lon="39.113643"><ele>95.0</ele><time>2024-12-29T15:14:35Z</time><extensions><gpxtpx:TrackPointExtension><gpxtpx:hr>75</gpxtpx:hr></gpxtpx:TrackPointExtension></extensions></trkpt><trkpt lat="58.036487" lon="39.113643"><ele>95.0</ele><time>2024-12-29T15:14:36Z</time><extensions><gpxtpx:TrackPointExtension><gpxtpx:hr>75</gpxtpx:hr></gpxtpx:TrackPointExtension></extensions></trkpt><trkpt lat="58.036487" lon="39.113638"><ele>95.0</ele><time>2024-12-29T15:14:37Z</time><extensions><gpxtpx:TrackPointExtension><gpxtpx:hr>75</gpxtpx:hr></gpxtpx:TrackPointExtension></extensions></trkpt><trkpt lat="58.03649" lon="39.113635"><ele>95.0</ele><time>2024-12-29T15:14:37Z</time><extensions><gpxtpx:TrackPointExtension><gpxtpx:hr>75</gpxtpx:hr></gpxtpx:TrackPointExtension></extensions></trkpt><trkpt lat="58.03649" lon="39.113635"><ele>95.0</ele><time>2024-12-29T15:14:38Z</time><extensions><gpxtpx:TrackPointExtension><gpxtpx:hr>75</gpxtpx:hr></gpxtpx:TrackPointExtension></extensions></trkpt><trkpt lat="58.036495" lon="39.113632"><ele>95.0</ele><time>2024-12-29T15:14:39Z</time><extensions><gpxtpx:TrackPointExtension><gpxtpx:hr>75</gpxtpx:hr></gpxtpx:TrackPointExtension></extensions></trkpt><trkpt lat="58.036495" lon="39.113625"><ele>95.0</ele><time>2024-12-29T15:14:40Z</time><extensions><gpxtpx:TrackPointExtension><gpxtpx:hr>74</gpxtpx:hr></gpxtpx:TrackPointExtension></extensions></trkpt><trkpt lat="58.036498" lon="39.113617"><ele>95.0</ele><time>2024-12-29T15:14:42Z</time><extensions><gpxtpx:TrackPointExtension><gpxtpx:hr>73</gpxtpx:hr></gpxtpx:TrackPointExtension></extensions></trkpt><trkpt lat="58.036498" lon="39.11361"><ele>95.0</ele><time>2024-12-29T15:14:43Z</time><extensions><gpxtpx:TrackPointExtension><gpxtpx:hr>73</gpxtpx:hr></gpxtpx:TrackPointExtension></extensions></trkpt><trkpt lat="58.036502" lon="39.1136"><ele>95.0</ele><time>2024-12-29T15:14:44Z</time><extensions><gpxtpx:TrackPointExtension><gpxtpx:hr>71</gpxtpx:hr></gpxtpx:TrackPointExtension></extensions></trkpt><trkpt lat="58.036502" lon="39.113597"><ele>95.0</ele><time>2024-12-29T15:14:45Z</time><extensions><gpxtpx:TrackPointExtension><gpxtpx:hr>71</gpxtpx:hr></gpxtpx:TrackPointExtension></extensions></trkpt><trkpt lat="58.036507" lon="39.113593"><ele>95.0</ele><time>2024-12-29T15:14:46Z</time><extensions><gpxtpx:TrackPointExtension><gpxtpx:hr>72</gpxtpx:hr></gpxtpx:TrackPointExtension></extensions></trkpt><trkpt lat="58.036507" lon="39.11359"><ele>95.0</ele><time>2024-12-29T15:14:47Z</time><extensions><gpxtpx:TrackPointExtension><gpxtpx:hr>72</gpxtpx:hr></gpxtpx:TrackPointExtension></extensions></trkpt><trkpt lat="58.03651" lon="39.113585"><ele>95.0</ele><time>2024-12-29T15:14:48Z</time><extensions><gpxtpx:TrackPointExtension><gpxtpx:hr>73</gpxtpx:hr></gpxtpx:TrackPointExtension></extensions></trkpt><trkpt lat="58.03651" lon="39.113582"><ele>95.0</ele><time>2024-12-29T15:14:49Z</time><extensions><gpxtpx:TrackPointExtension><gpxtpx:hr>72</gpxtpx:hr></gpxtpx:TrackPointExtension></extensions></trkpt><trkpt lat="58.036513" lon="39.11358"><ele>95.0</ele><time>2024-12-29T15:14:50Z</time><extensions><gpxtpx:TrackPointExtension><gpxtpx:hr>72</gpxtpx:hr></gpxtpx:TrackPointExtension></extensions></trkpt><trkpt lat="58.036513" lon="39.113575"><ele>95.0</ele><time>2024-12-29T15:14:50Z</time><extensions><gpxtpx:TrackPointExtension><gpxtpx:hr>72</gpxtpx:hr></gpxtpx:TrackPointExtension></extensions></trkpt><trkpt lat="58.036513" lon="39.113575"><ele>95.0</ele><time>2024-12-29T15:14:51Z</time><extensions><gpxtpx:TrackPointExtension><gpxtpx:hr>73</gpxtpx:hr></gpxtpx:TrackPointExtension></extensions></trkpt><trkpt lat="58.036522" lon="39.11357"><ele>95.0</ele><time>2024-12-29T15:14:53Z</time><extensions><gpxtpx:TrackPointExtension><gpxtpx:hr>78</gpxtpx:hr></gpxtpx:TrackPointExtension></extensions></trkpt><trkpt lat="58.03652" lon="39.113567"><ele>95.0</ele><time>2024-12-29T15:15:01Z</time><extensions><gpxtpx:TrackPointExtension><gpxtpx:hr>78</gpxtpx:hr></gpxtpx:TrackPointExtension></extensions></trkpt><trkpt lat="58.036522" lon="39.113575"><ele>95.0</ele><time>2024-12-29T15:15:05Z</time><extensions><gpxtpx:TrackPointExtension><gpxtpx:hr>77</gpxtpx:hr></gpxtpx:TrackPointExtension></extensions></trkpt><trkpt lat="58.036525" lon="39.113567"><ele>95.0</ele><time>2024-12-29T15:15:08Z</time><extensions><gpxtpx:TrackPointExtension><gpxtpx:hr>77</gpxtpx:hr></gpxtpx:TrackPointExtension></extensions></trkpt><trkpt lat="58.036525" lon="39.113555"><ele>95.0</ele><time>2024-12-29T15:15:12Z</time><extensions><gpxtpx:TrackPointExtension><gpxtpx:hr>79</gpxtpx:hr></gpxtpx:TrackPointExtension></extensions></trkpt><trkpt lat="58.036525" lon="39.113552"><ele>95.0</ele><time>2024-12-29T15:15:13Z</time><extensions><gpxtpx:TrackPointExtension><gpxtpx:hr>79</gpxtpx:hr></gpxtpx:TrackPointExtension></extensions></trkpt><trkpt lat="58.03653" lon="39.11355"><ele>95.0</ele><time>2024-12-29T15:15:14Z</time><extensions><gpxtpx:TrackPointExtension><gpxtpx:hr>80</gpxtpx:hr></gpxtpx:TrackPointExtension></extensions></trkpt><trkpt lat="58.036532" lon="39.11355"><ele>95.0</ele><time>2024-12-29T15:15:14Z</time><extensions><gpxtpx:TrackPointExtension><gpxtpx:hr>80</gpxtpx:hr></gpxtpx:TrackPointExtension></extensions></trkpt><trkpt lat="58.036537" lon="39.11355"><ele>95.0</ele><time>2024-12-29T15:15:15Z</time><extensions><gpxtpx:TrackPointExtension><gpxtpx:hr>80</gpxtpx:hr></gpxtpx:TrackPointExtension></extensions></trkpt><trkpt lat="58.036545" lon="39.113555"><ele>95.0</ele><time>2024-12-29T15:15:16Z</time><extensions><gpxtpx:TrackPointExtension><gpxtpx:hr>80</gpxtpx:hr></gpxtpx:TrackPointExtension></extensions></trkpt><trkpt lat="58.036552" lon="39.113563"><ele>95.0</ele><time>2024-12-29T15:15:17Z</time><extensions><gpxtpx:TrackPointExtension><gpxtpx:hr>81</gpxtpx:hr></gpxtpx:TrackPointExtension></extensions></trkpt><trkpt lat="58.03656" lon="39.113575"><ele>95.0</ele><time>2024-12-29T15:15:19Z</time><extensions><gpxtpx:TrackPointExtension><gpxtpx:hr>81</gpxtpx:hr></gpxtpx:TrackPointExtension></extensions></trkpt><trkpt lat="58.03656" lon="39.113582"><ele>95.0</ele><time>2024-12-29T15:15:20Z</time><extensions><gpxtpx:TrackPointExtension><gpxtpx:hr>83</gpxtpx:hr></gpxtpx:TrackPointExtension></extensions></trkpt><trkpt lat="58.036563" lon="39.11359"><ele>95.0</ele><time>2024-12-29T15:15:21Z</time><extensions><gpxtpx:TrackPointExtension><gpxtpx:hr>83</gpxtpx:hr></gpxtpx:TrackPointExtension></extensions></trkpt><trkpt lat="58.036567" lon="39.113597"><ele>95.0</ele><time>2024-12-29T15:15:22Z</time><extensions><gpxtpx:TrackPointExtension><gpxtpx:hr>88</gpxtpx:hr></gpxtpx:TrackPointExtension></extensions></trkpt><trkpt lat="58.036567" lon="39.113605"><ele>95.0</ele><time>2024-12-29T15:15:23Z</time><extensions><gpxtpx:TrackPointExtension><gpxtpx:hr>91</gpxtpx:hr></gpxtpx:TrackPointExtension></extensions></trkpt><trkpt lat="58.036568" lon="39.113612"><ele>95.0</ele><time>2024-12-29T15:15:24Z</time><extensions><gpxtpx:TrackPointExtension><gpxtpx:hr>87</gpxtpx:hr></gpxtpx:TrackPointExtension></extensions></trkpt><trkpt lat="58.036575" lon="39.113625"><ele>95.0</ele><time>2024-12-29T15:15:25Z</time><extensions><gpxtpx:TrackPointExtension><gpxtpx:hr>90</gpxtpx:hr></gpxtpx:TrackPointExtension></extensions></trkpt><trkpt lat="58.03658" lon="39.113655"><ele>95.0</ele><time>2024-12-29T15:15:26Z</time><extensions><gpxtpx:TrackPointExtension><gpxtpx:hr>85</gpxtpx:hr></gpxtpx:TrackPointExtension></extensions></trkpt><trkpt lat="58.036593" lon="39.113667"><ele>95.0</ele><time>2024-12-29T15:15:45Z</time><extensions><gpxtpx:TrackPointExtension><gpxtpx:hr>84</gpxtpx:hr></gpxtpx:TrackPointExtension></extensions></trkpt><trkpt lat="58.03659" lon="39.113667"><ele>95.0</ele><time>2024-12-29T15:15:47Z</time><extensions><gpxtpx:TrackPointExtension><gpxtpx:hr>85</gpxtpx:hr></gpxtpx:TrackPointExtension></extensions></trkpt><trkpt lat="58.036587" lon="39.113667"><ele>95.0</ele><time>2024-12-29T15:15:47Z</time><extensions><gpxtpx:TrackPointExtension><gpxtpx:hr>85</gpxtpx:hr></gpxtpx:TrackPointExtension></extensions></trkpt><trkpt lat="58.036582" lon="39.11367"><ele>95.0</ele><time>2024-12-29T15:15:48Z</time><extensions><gpxtpx:TrackPointExtension><gpxtpx:hr>85</gpxtpx:hr></gpxtpx:TrackPointExtension></extensions></trkpt><trkpt lat="58.03658" lon="39.113673"><ele>95.0</ele><time>2024-12-29T15:15:53Z</time><extensions><gpxtpx:TrackPointExtension><gpxtpx:hr>91</gpxtpx:hr></gpxtpx:TrackPointExtension></extensions></trkpt><trkpt lat="58.03658" lon="39.113673"><ele>95.0</ele><time>2024-12-29T15:15:58Z</time><extensions><gpxtpx:TrackPointExtension><gpxtpx:hr>91</gpxtpx:hr></gpxtpx:TrackPointExtension></extensions></trkpt><trkpt lat="58.036582" lon="39.113677"><ele>95.0</ele><time>2024-12-29T15:16:19Z</time><extensions><gpxtpx:TrackPointExtension><gpxtpx:hr>91</gpxtpx:hr></gpxtpx:TrackPointExtension></extensions></trkpt><trkpt lat="58.036593" lon="39.1137"><ele>95.0</ele><time>2024-12-29T15:16:22Z</time><extensions><gpxtpx:TrackPointExtension><gpxtpx:hr>91</gpxtpx:hr></gpxtpx:TrackPointExtension></extensions></trkpt><trkpt lat="58.0366" lon="39.1137"><ele>95.0</ele><time>2024-12-29T15:16:23Z</time><extensions><gpxtpx:TrackPointExtension><gpxtpx:hr>91</gpxtpx:hr></gpxtpx:TrackPointExtension></extensions></trkpt><trkpt lat="58.0366" lon="39.1137"><ele>95.0</ele><time>2024-12-29T15:16:24Z</time><extensions><gpxtpx:TrackPointExtension><gpxtpx:hr>91</gpxtpx:hr></gpxtpx:TrackPointExtension></extensions></trkpt><trkpt lat="58.036602" lon="39.113708"><ele>95.0</ele><time>2024-12-29T15:16:24Z</time><extensions><gpxtpx:TrackPointExtension><gpxtpx:hr>91</gpxtpx:hr></gpxtpx:TrackPointExtension></extensions></trkpt><trkpt lat="58.03661" lon="39.113715"><ele>95.0</ele><time>2024-12-29T15:16:25Z</time><extensions><gpxtpx:TrackPointExtension><gpxtpx:hr>91</gpxtpx:hr></gpxtpx:TrackPointExtension></extensions></trkpt><trkpt lat="58.03661" lon="39.11373"><ele>95.0</ele><time>2024-12-29T15:16:26Z</time><extensions><gpxtpx:TrackPointExtension><gpxtpx:hr>92</gpxtpx:hr></gpxtpx:TrackPointExtension></extensions></trkpt><trkpt lat="58.036617" lon="39.113747"><ele>95.0</ele><time>2024-12-29T15:16:27Z</time><extensions><gpxtpx:TrackPointExtension><gpxtpx:hr>92</gpxtpx:hr></gpxtpx:TrackPointExtension></extensions></trkpt><trkpt lat="58.03662" lon="39.11376"><ele>95.0</ele><time>2024-12-29T15:16:28Z</time><extensions><gpxtpx:TrackPointExtension><gpxtpx:hr>92</gpxtpx:hr></gpxtpx:TrackPointExtension></extensions></trkpt></trkseg></trk></gpx>