<?xml version="1.0" encoding="UTF-8" standalone="no"?><gpx xmlns="http://www.topografix.com/GPX/1/1" xmlns:gpxtpx="http://www.garmin.com/xmlschemas/TrackPointExtension/v1" xmlns:xsi="http://www.w3.org/2001/XMLSchema-instance" creator="Sports Tracker" version="1.1" xsi:schemaLocation="http://www.topografix.com/GPX/1/1 http://www.topografix.com/GPX/1/1/gpx.xsd http://www.garmin.com/xmlschemas/TrackPointExtension/v1 http://www.garmin.com/xmlschemas/TrackPointExtensionv1.xsd"><metadata><name/><desc/><author><name>Александр</name></author></metadata><trk><name/><trkseg><trkpt lat="58.037815" lon="39.115332"><ele>101.3</ele><time>2026-01-03T10:05:36Z</time></trkpt><trkpt lat="58.036802" lon="39.114242"><ele>95.4</ele><time>2026-01-03T10:06:10Z</time></trkpt><trkpt lat="58.036735" lon="39.114197"><ele>94.2</ele><time>2026-01-03T10:06:12Z</time></trkpt><trkpt lat="58.03667" lon="39.114125"><ele>94.8</ele><time>2026-01-03T10:06:14Z</time></trkpt><trkpt lat="58.036605" lon="39.114065"><ele>94.7</ele><time>2026-01-03T10:06:16Z</time></trkpt><trkpt lat="58.03651" lon="39.113985"><ele>94.3</ele><time>2026-01-03T10:06:19Z</time></trkpt><trkpt lat="58.036437" lon="39.11394"><ele>94.3</ele><time>2026-01-03T10:06:21Z</time></trkpt><trkpt lat="58.03637" lon="39.11389"><ele>94.4</ele><time>2026-01-03T10:06:23Z</time></trkpt><trkpt lat="58.036272" lon="39.11382"><ele>94.4</ele><time>2026-01-03T10:06:26Z</time></trkpt><trkpt lat="58.036187" lon="39.113822"><ele>95.3</ele><time>2026-01-03T10:06:29Z</time></trkpt><trkpt lat="58.036117" lon="39.11389"><ele>95.1</ele><time>2026-01-03T10:06:32Z</time></trkpt><trkpt lat="58.03604" lon="39.113987"><ele>95.8</ele><time>2026-01-03T10:06:36Z</time></trkpt><trkpt lat="58.035975" lon="39.11407"><ele>95.6</ele><time>2026-01-03T10:06:38Z</time></trkpt><trkpt lat="58.035907" lon="39.11419"><ele>96.2</ele><time>2026-01-03T10:06:40Z</time></trkpt><trkpt lat="58.035845" lon="39.114295"><ele>95.4</ele><time>2026-01-03T10:06:42Z</time></trkpt><trkpt lat="58.035785" lon="39.11439"><ele>95.6</ele><time>2026-01-03T10:06:44Z</time></trkpt><trkpt lat="58.035717" lon="39.114467"><ele>95.7</ele><time>2026-01-03T10:06:46Z</time></trkpt><trkpt lat="58.035637" lon="39.114575"><ele>95.6</ele><time>2026-01-03T10:06:49Z</time></trkpt><trkpt lat="58.035575" lon="39.114702"><ele>96.6</ele><time>2026-01-03T10:06:52Z</time></trkpt><trkpt lat="58.035505" lon="39.11482"><ele>97.2</ele><time>2026-01-03T10:06:55Z</time></trkpt><trkpt lat="58.03544" lon="39.114932"><ele>97.4</ele><time>2026-01-03T10:06:58Z</time></trkpt><trkpt lat="58.035377" lon="39.11504"><ele>98.3</ele><time>2026-01-03T10:07:01Z</time></trkpt><trkpt lat="58.03531" lon="39.115165"><ele>99.3</ele><time>2026-01-03T10:07:04Z</time></trkpt><trkpt lat="58.03525" lon="39.115275"><ele>100.0</ele><time>2026-01-03T10:07:07Z</time></trkpt><trkpt lat="58.035185" lon="39.115395"><ele>99.6</ele><time>2026-01-03T10:07:10Z</time></trkpt><trkpt lat="58.03512" lon="39.115515"><ele>99.7</ele><time>2026-01-03T10:07:13Z</time></trkpt><trkpt lat="58.035047" lon="39.11564"><ele>99.7</ele><time>2026-01-03T10:07:16Z</time></trkpt><trkpt lat="58.03499" lon="39.11576"><ele>100.3</ele><time>2026-01-03T10:07:19Z</time></trkpt><trkpt lat="58.03493" lon="39.115852"><ele>100.6</ele><time>2026-01-03T10:07:22Z</time></trkpt><trkpt lat="58.034875" lon="39.11595"><ele>100.5</ele><time>2026-01-03T10:07:25Z</time></trkpt><trkpt lat="58.034822" lon="39.116057"><ele>101.2</ele><time>2026-01-03T10:07:28Z</time></trkpt><trkpt lat="58.03477" lon="39.116195"><ele>102.1</ele><time>2026-01-03T10:07:31Z</time></trkpt><trkpt lat="58.034717" lon="39.116317"><ele>102.6</ele><time>2026-01-03T10:07:34Z</time></trkpt><trkpt lat="58.03464" lon="39.1164"><ele>102.0</ele><time>2026-01-03T10:07:37Z</time></trkpt><trkpt lat="58.034565" lon="39.116465"><ele>102.0</ele><time>2026-01-03T10:07:40Z</time></trkpt><trkpt lat="58.034485" lon="39.116487"><ele>102.5</ele><time>2026-01-03T10:07:45Z</time></trkpt><trkpt lat="58.034467" lon="39.116482"><ele>102.1</ele><time>2026-01-03T10:07:52Z</time></trkpt><trkpt lat="58.034467" lon="39.116485"><ele>101.8</ele><time>2026-01-03T10:07:54Z</time></trkpt><trkpt lat="58.034372" lon="39.116507"><ele>101.5</ele><time>2026-01-03T10:08:17Z</time></trkpt><trkpt lat="58.034285" lon="39.11655"><ele>102.0</ele><time>2026-01-03T10:08:20Z</time></trkpt><trkpt lat="58.034212" lon="39.116575"><ele>102.2</ele><time>2026-01-03T10:08:22Z</time></trkpt><trkpt lat="58.03412" lon="39.116622"><ele>101.9</ele><time>2026-01-03T10:08:25Z</time></trkpt><trkpt lat="58.034035" lon="39.116705"><ele>101.4</ele><time>2026-01-03T10:08:28Z</time></trkpt><trkpt lat="58.03398" lon="39.116795"><ele>100.6</ele><time>2026-01-03T10:08:30Z</time></trkpt><trkpt lat="58.033922" lon="39.1169"><ele>100.1</ele><time>2026-01-03T10:08:32Z</time></trkpt><trkpt lat="58.03386" lon="39.11701"><ele>99.0</ele><time>2026-01-03T10:08:34Z</time></trkpt><trkpt lat="58.033795" lon="39.117132"><ele>98.7</ele><time>2026-01-03T10:08:36Z</time></trkpt><trkpt lat="58.033722" lon="39.11724"><ele>98.6</ele><time>2026-01-03T10:08:38Z</time></trkpt><trkpt lat="58.033657" lon="39.117347"><ele>98.9</ele><time>2026-01-03T10:08:40Z</time></trkpt><trkpt lat="58.033595" lon="39.11745"><ele>98.5</ele><time>2026-01-03T10:08:42Z</time></trkpt><trkpt lat="58.033535" lon="39.11754"><ele>98.2</ele><time>2026-01-03T10:08:44Z</time></trkpt><trkpt lat="58.033467" lon="39.117675"><ele>98.9</ele><time>2026-01-03T10:08:47Z</time></trkpt><trkpt lat="58.0334" lon="39.117802"><ele>100.5</ele><time>2026-01-03T10:08:50Z</time></trkpt><trkpt lat="58.033335" lon="39.117947"><ele>100.6</ele><time>2026-01-03T10:08:53Z</time></trkpt><trkpt lat="58.033275" lon="39.118102"><ele>100.6</ele><time>2026-01-03T10:08:56Z</time></trkpt><trkpt lat="58.03322" lon="39.118275"><ele>100.2</ele><time>2026-01-03T10:08:59Z</time></trkpt><trkpt lat="58.033185" lon="39.1184"><ele>100.4</ele><time>2026-01-03T10:09:01Z</time></trkpt><trkpt lat="58.033155" lon="39.11853"><ele>101.2</ele><time>2026-01-03T10:09:03Z</time></trkpt><trkpt lat="58.033125" lon="39.118695"><ele>101.3</ele><time>2026-01-03T10:09:06Z</time></trkpt><trkpt lat="58.033092" lon="39.118865"><ele>101.3</ele><time>2026-01-03T10:09:09Z</time></trkpt><trkpt lat="58.03306" lon="39.119045"><ele>101.0</ele><time>2026-01-03T10:09:12Z</time></trkpt><trkpt lat="58.033025" lon="39.119205"><ele>100.8</ele><time>2026-01-03T10:09:15Z</time></trkpt><trkpt lat="58.032985" lon="39.119385"><ele>100.7</ele><time>2026-01-03T10:09:18Z</time></trkpt><trkpt lat="58.03296" lon="39.119525"><ele>100.1</ele><time>2026-01-03T10:09:20Z</time></trkpt><trkpt lat="58.032935" lon="39.119685"><ele>99.5</ele><time>2026-01-03T10:09:22Z</time></trkpt><trkpt lat="58.03292" lon="39.119865"><ele>99.1</ele><time>2026-01-03T10:09:24Z</time></trkpt><trkpt lat="58.03291" lon="39.120045"><ele>99.1</ele><time>2026-01-03T10:09:26Z</time></trkpt><trkpt lat="58.0329" lon="39.120215"><ele>99.3</ele><time>2026-01-03T10:09:28Z</time></trkpt><trkpt lat="58.032885" lon="39.120355"><ele>99.6</ele><time>2026-01-03T10:09:30Z</time></trkpt><trkpt lat="58.032875" lon="39.12051"><ele>99.9</ele><time>2026-01-03T10:09:33Z</time></trkpt><trkpt lat="58.03286" lon="39.12065"><ele>99.8</ele><time>2026-01-03T10:09:36Z</time></trkpt><trkpt lat="58.032852" lon="39.1208"><ele>100.6</ele><time>2026-01-03T10:09:39Z</time></trkpt><trkpt lat="58.03285" lon="39.12095"><ele>100.6</ele><time>2026-01-03T10:09:42Z</time></trkpt><trkpt lat="58.032835" lon="39.12113"><ele>100.5</ele><time>2026-01-03T10:09:45Z</time></trkpt><trkpt lat="58.032822" lon="39.12133"><ele>100.0</ele><time>2026-01-03T10:09:48Z</time></trkpt><trkpt lat="58.032817" lon="39.12148"><ele>100.8</ele><time>2026-01-03T10:09:50Z</time></trkpt><trkpt lat="58.03281" lon="39.121625"><ele>100.6</ele><time>2026-01-03T10:09:52Z</time></trkpt><trkpt lat="58.032805" lon="39.121782"><ele>101.0</ele><time>2026-01-03T10:09:54Z</time></trkpt><trkpt lat="58.032797" lon="39.121935"><ele>101.6</ele><time>2026-01-03T10:09:56Z</time></trkpt><trkpt lat="58.032817" lon="39.12208"><ele>101.7</ele><time>2026-01-03T10:09:58Z</time></trkpt><trkpt lat="58.032845" lon="39.122215"><ele>102.0</ele><time>2026-01-03T10:10:00Z</time></trkpt><trkpt lat="58.032867" lon="39.122345"><ele>102.1</ele><time>2026-01-03T10:10:02Z</time></trkpt><trkpt lat="58.0329" lon="39.122465"><ele>101.9</ele><time>2026-01-03T10:10:04Z</time></trkpt><trkpt lat="58.03296" lon="39.122595"><ele>103.2</ele><time>2026-01-03T10:10:07Z</time></trkpt><trkpt lat="58.033022" lon="39.122667"><ele>104.1</ele><time>2026-01-03T10:10:10Z</time></trkpt><trkpt lat="58.033087" lon="39.122747"><ele>104.1</ele><time>2026-01-03T10:10:13Z</time></trkpt><trkpt lat="58.033155" lon="39.12282"><ele>104.1</ele><time>2026-01-03T10:10:17Z</time></trkpt><trkpt lat="58.033232" lon="39.12291"><ele>102.9</ele><time>2026-01-03T10:10:22Z</time></trkpt><trkpt lat="58.033307" lon="39.12299"><ele>106.1</ele><time>2026-01-03T10:10:27Z</time></trkpt><trkpt lat="58.03338" lon="39.123045"><ele>107.1</ele><time>2026-01-03T10:10:32Z</time></trkpt><trkpt lat="58.033445" lon="39.123102"><ele>108.5</ele><time>2026-01-03T10:10:36Z</time></trkpt><trkpt lat="58.033515" lon="39.12316"><ele>108.1</ele><time>2026-01-03T10:10:40Z</time></trkpt><trkpt lat="58.03358" lon="39.123217"><ele>108.3</ele><time>2026-01-03T10:10:44Z</time></trkpt><trkpt lat="58.033665" lon="39.1233"><ele>109.6</ele><time>2026-01-03T10:10:48Z</time></trkpt><trkpt lat="58.033737" lon="39.123375"><ele>109.3</ele><time>2026-01-03T10:10:51Z</time></trkpt><trkpt lat="58.03382" lon="39.123395"><ele>109.0</ele><time>2026-01-03T10:10:54Z</time></trkpt><trkpt lat="58.033885" lon="39.12326"><ele>108.4</ele><time>2026-01-03T10:10:57Z</time></trkpt><trkpt lat="58.033905" lon="39.123075"><ele>108.0</ele><time>2026-01-03T10:11:00Z</time></trkpt><trkpt lat="58.03392" lon="39.122882"><ele>108.3</ele><time>2026-01-03T10:11:03Z</time></trkpt><trkpt lat="58.033905" lon="39.12274"><ele>108.6</ele><time>2026-01-03T10:11:06Z</time></trkpt><trkpt lat="58.03385" lon="39.122647"><ele>108.6</ele><time>2026-01-03T10:11:08Z</time></trkpt><trkpt lat="58.033785" lon="39.122572"><ele>108.4</ele><time>2026-01-03T10:11:10Z</time></trkpt><trkpt lat="58.03371" lon="39.12252"><ele>108.8</ele><time>2026-01-03T10:11:12Z</time></trkpt><trkpt lat="58.033635" lon="39.12246"><ele>109.2</ele><time>2026-01-03T10:11:14Z</time></trkpt><trkpt lat="58.03356" lon="39.122362"><ele>110.0</ele><time>2026-01-03T10:11:16Z</time></trkpt><trkpt lat="58.033505" lon="39.122277"><ele>110.2</ele><time>2026-01-03T10:11:18Z</time></trkpt><trkpt lat="58.033425" lon="39.122162"><ele>110.6</ele><time>2026-01-03T10:11:21Z</time></trkpt><trkpt lat="58.03337" lon="39.122075"><ele>109.5</ele><time>2026-01-03T10:11:24Z</time></trkpt><trkpt lat="58.033305" lon="39.12196"><ele>109.3</ele><time>2026-01-03T10:11:28Z</time></trkpt><trkpt lat="58.033245" lon="39.121845"><ele>109.3</ele><time>2026-01-03T10:11:31Z</time></trkpt><trkpt lat="58.033185" lon="39.12169"><ele>108.7</ele><time>2026-01-03T10:11:34Z</time></trkpt><trkpt lat="58.03315" lon="39.12155"><ele>108.1</ele><time>2026-01-03T10:11:36Z</time></trkpt><trkpt lat="58.033115" lon="39.121377"><ele>107.1</ele><time>2026-01-03T10:11:38Z</time></trkpt><trkpt lat="58.033085" lon="39.12119"><ele>106.0</ele><time>2026-01-03T10:11:40Z</time></trkpt><trkpt lat="58.033072" lon="39.12097"><ele>104.4</ele><time>2026-01-03T10:11:42Z</time></trkpt><trkpt lat="58.033065" lon="39.120725"><ele>103.3</ele><time>2026-01-03T10:11:44Z</time></trkpt><trkpt lat="58.033065" lon="39.120582"><ele>103.1</ele><time>2026-01-03T10:11:45Z</time></trkpt><trkpt lat="58.033065" lon="39.120445"><ele>102.9</ele><time>2026-01-03T10:11:46Z</time></trkpt><trkpt lat="58.03307" lon="39.120295"><ele>102.7</ele><time>2026-01-03T10:11:47Z</time></trkpt><trkpt lat="58.033082" lon="39.120152"><ele>102.1</ele><time>2026-01-03T10:11:48Z</time></trkpt><trkpt lat="58.033087" lon="39.120007"><ele>102.5</ele><time>2026-01-03T10:11:49Z</time></trkpt><trkpt lat="58.03309" lon="39.119865"><ele>102.2</ele><time>2026-01-03T10:11:50Z</time></trkpt><trkpt lat="58.03311" lon="39.11965"><ele>102.1</ele><time>2026-01-03T10:11:52Z</time></trkpt><trkpt lat="58.033115" lon="39.119475"><ele>101.4</ele><time>2026-01-03T10:11:54Z</time></trkpt><trkpt lat="58.03311" lon="39.119317"><ele>102.3</ele><time>2026-01-03T10:11:57Z</time></trkpt><trkpt lat="58.03313" lon="39.119175"><ele>102.7</ele><time>2026-01-03T10:12:01Z</time></trkpt><trkpt lat="58.033175" lon="39.11907"><ele>102.0</ele><time>2026-01-03T10:12:05Z</time></trkpt><trkpt lat="58.03324" lon="39.119012"><ele>100.8</ele><time>2026-01-03T10:12:08Z</time></trkpt><trkpt lat="58.03333" lon="39.118985"><ele>99.6</ele><time>2026-01-03T10:12:12Z</time></trkpt><trkpt lat="58.03341" lon="39.118995"><ele>99.5</ele><time>2026-01-03T10:12:15Z</time></trkpt><trkpt lat="58.03349" lon="39.119027"><ele>99.9</ele><time>2026-01-03T10:12:18Z</time></trkpt><trkpt lat="58.033565" lon="39.119075"><ele>100.1</ele><time>2026-01-03T10:12:21Z</time></trkpt><trkpt lat="58.033637" lon="39.11911"><ele>100.4</ele><time>2026-01-03T10:12:24Z</time></trkpt><trkpt lat="58.0337" lon="39.119172"><ele>100.5</ele><time>2026-01-03T10:12:27Z</time></trkpt><trkpt lat="58.03376" lon="39.119255"><ele>99.8</ele><time>2026-01-03T10:12:30Z</time></trkpt><trkpt lat="58.033817" lon="39.11935"><ele>99.9</ele><time>2026-01-03T10:12:33Z</time></trkpt><trkpt lat="58.033875" lon="39.11948"><ele>99.5</ele><time>2026-01-03T10:12:37Z</time></trkpt><trkpt lat="58.033932" lon="39.119567"><ele>100.1</ele><time>2026-01-03T10:12:40Z</time></trkpt><trkpt lat="58.034" lon="39.11964"><ele>101.7</ele><time>2026-01-03T10:12:43Z</time></trkpt><trkpt lat="58.03408" lon="39.119732"><ele>101.4</ele><time>2026-01-03T10:12:47Z</time></trkpt><trkpt lat="58.034147" lon="39.11981"><ele>101.9</ele><time>2026-01-03T10:12:51Z</time></trkpt><trkpt lat="58.034215" lon="39.119887"><ele>102.9</ele><time>2026-01-03T10:12:55Z</time></trkpt><trkpt lat="58.034285" lon="39.119975"><ele>103.7</ele><time>2026-01-03T10:12:59Z</time></trkpt><trkpt lat="58.03436" lon="39.120055"><ele>105.0</ele><time>2026-01-03T10:13:03Z</time></trkpt><trkpt lat="58.03443" lon="39.120125"><ele>105.3</ele><time>2026-01-03T10:13:07Z</time></trkpt><trkpt lat="58.03451" lon="39.1202"><ele>108.5</ele><time>2026-01-03T10:13:12Z</time></trkpt><trkpt lat="58.034585" lon="39.12027"><ele>110.1</ele><time>2026-01-03T10:13:17Z</time></trkpt><trkpt lat="58.03465" lon="39.120342"><ele>109.1</ele><time>2026-01-03T10:13:22Z</time></trkpt><trkpt lat="58.034725" lon="39.12042"><ele>109.6</ele><time>2026-01-03T10:13:27Z</time></trkpt><trkpt lat="58.034785" lon="39.120475"><ele>110.7</ele><time>2026-01-03T10:13:34Z</time></trkpt><trkpt lat="58.03478" lon="39.12048"><ele>110.3</ele><time>2026-01-03T10:13:38Z</time></trkpt><trkpt lat="58.034832" lon="39.120595"><ele>111.2</ele><time>2026-01-03T10:13:44Z</time></trkpt><trkpt lat="58.034897" lon="39.120687"><ele>111.9</ele><time>2026-01-03T10:13:49Z</time></trkpt><trkpt lat="58.03496" lon="39.120765"><ele>111.7</ele><time>2026-01-03T10:13:54Z</time></trkpt><trkpt lat="58.03502" lon="39.120842"><ele>113.4</ele><time>2026-01-03T10:13:59Z</time></trkpt><trkpt lat="58.035075" lon="39.12093"><ele>115.4</ele><time>2026-01-03T10:14:04Z</time></trkpt><trkpt lat="58.035145" lon="39.121015"><ele>118.3</ele><time>2026-01-03T10:14:11Z</time></trkpt><trkpt lat="58.035175" lon="39.12109"><ele>118.6</ele><time>2026-01-03T10:14:18Z</time></trkpt><trkpt lat="58.035175" lon="39.121095"><ele>118.1</ele><time>2026-01-03T10:14:24Z</time></trkpt><trkpt lat="58.035217" lon="39.121205"><ele>117.9</ele><time>2026-01-03T10:14:30Z</time></trkpt><trkpt lat="58.035255" lon="39.121275"><ele>118.3</ele><time>2026-01-03T10:14:37Z</time></trkpt><trkpt lat="58.035255" lon="39.121275"><ele>118.2</ele><time>2026-01-03T10:14:42Z</time></trkpt><trkpt lat="58.035312" lon="39.12133"><ele>121.7</ele><time>2026-01-03T10:14:50Z</time></trkpt><trkpt lat="58.035335" lon="39.121355"><ele>122.2</ele><time>2026-01-03T10:14:57Z</time></trkpt><trkpt lat="58.03539" lon="39.12146"><ele>121.5</ele><time>2026-01-03T10:15:03Z</time></trkpt><trkpt lat="58.035442" lon="39.12156"><ele>122.7</ele><time>2026-01-03T10:15:09Z</time></trkpt><trkpt lat="58.035505" lon="39.121635"><ele>123.8</ele><time>2026-01-03T10:15:14Z</time></trkpt><trkpt lat="58.03557" lon="39.1217"><ele>124.7</ele><time>2026-01-03T10:15:19Z</time></trkpt><trkpt lat="58.03561" lon="39.121735"><ele>124.4</ele><time>2026-01-03T10:15:26Z</time></trkpt><trkpt lat="58.03567" lon="39.121822"><ele>123.9</ele><time>2026-01-03T10:15:32Z</time></trkpt><trkpt lat="58.035715" lon="39.121875"><ele>125.6</ele><time>2026-01-03T10:15:39Z</time></trkpt><trkpt lat="58.03578" lon="39.12194"><ele>124.7</ele><time>2026-01-03T10:15:44Z</time></trkpt><trkpt lat="58.035857" lon="39.122015"><ele>124.8</ele><time>2026-01-03T10:15:50Z</time></trkpt><trkpt lat="58.035935" lon="39.122055"><ele>125.2</ele><time>2026-01-03T10:15:55Z</time></trkpt><trkpt lat="58.036015" lon="39.122107"><ele>126.8</ele><time>2026-01-03T10:16:00Z</time></trkpt><trkpt lat="58.03608" lon="39.122155"><ele>125.2</ele><time>2026-01-03T10:16:04Z</time></trkpt><trkpt lat="58.03616" lon="39.122192"><ele>125.6</ele><time>2026-01-03T10:16:09Z</time></trkpt><trkpt lat="58.036235" lon="39.122217"><ele>127.1</ele><time>2026-01-03T10:16:13Z</time></trkpt><trkpt lat="58.036325" lon="39.122255"><ele>127.8</ele><time>2026-01-03T10:16:18Z</time></trkpt><trkpt lat="58.0364" lon="39.122285"><ele>128.6</ele><time>2026-01-03T10:16:22Z</time></trkpt><trkpt lat="58.036475" lon="39.122302"><ele>129.2</ele><time>2026-01-03T10:16:26Z</time></trkpt><trkpt lat="58.03653" lon="39.122275"><ele>129.1</ele><time>2026-01-03T10:16:33Z</time></trkpt><trkpt lat="58.03653" lon="39.12227"><ele>129.1</ele><time>2026-01-03T10:16:38Z</time></trkpt><trkpt lat="58.036575" lon="39.12222"><ele>129.9</ele><time>2026-01-03T10:16:46Z</time></trkpt><trkpt lat="58.036577" lon="39.122217"><ele>129.9</ele><time>2026-01-03T10:16:50Z</time></trkpt><trkpt lat="58.036592" lon="39.122192"><ele>130.8</ele><time>2026-01-03T10:16:58Z</time></trkpt><trkpt lat="58.03663" lon="39.122095"><ele>131.8</ele><time>2026-01-03T10:17:05Z</time></trkpt><trkpt lat="58.03662" lon="39.12195"><ele>133.0</ele><time>2026-01-03T10:17:10Z</time></trkpt><trkpt lat="58.03658" lon="39.12187"><ele>134.5</ele><time>2026-01-03T10:17:17Z</time></trkpt><trkpt lat="58.036505" lon="39.121785"><ele>135.1</ele><time>2026-01-03T10:17:24Z</time></trkpt><trkpt lat="58.03644" lon="39.121722"><ele>134.9</ele><time>2026-01-03T10:17:28Z</time></trkpt><trkpt lat="58.036375" lon="39.12167"><ele>135.0</ele><time>2026-01-03T10:17:32Z</time></trkpt><trkpt lat="58.036315" lon="39.1216"><ele>133.8</ele><time>2026-01-03T10:17:39Z</time></trkpt><trkpt lat="58.03629" lon="39.121545"><ele>133.4</ele><time>2026-01-03T10:17:46Z</time></trkpt><trkpt lat="58.036285" lon="39.12155"><ele>132.5</ele><time>2026-01-03T10:17:53Z</time></trkpt><trkpt lat="58.03625" lon="39.121425"><ele>130.5</ele><time>2026-01-03T10:17:59Z</time></trkpt><trkpt lat="58.03618" lon="39.12132"><ele>128.9</ele><time>2026-01-03T10:18:03Z</time></trkpt><trkpt lat="58.036105" lon="39.121245"><ele>128.5</ele><time>2026-01-03T10:18:06Z</time></trkpt><trkpt lat="58.036025" lon="39.121145"><ele>126.7</ele><time>2026-01-03T10:18:09Z</time></trkpt><trkpt lat="58.035947" lon="39.12104"><ele>125.5</ele><time>2026-01-03T10:18:12Z</time></trkpt><trkpt lat="58.03588" lon="39.120942"><ele>125.3</ele><time>2026-01-03T10:18:14Z</time></trkpt><trkpt lat="58.035777" lon="39.120792"><ele>123.4</ele><time>2026-01-03T10:18:16Z</time></trkpt><trkpt lat="58.035652" lon="39.12061"><ele>121.8</ele><time>2026-01-03T10:18:18Z</time></trkpt><trkpt lat="58.035582" lon="39.120515"><ele>121.1</ele><time>2026-01-03T10:18:19Z</time></trkpt><trkpt lat="58.0355" lon="39.120405"><ele>120.1</ele><time>2026-01-03T10:18:20Z</time></trkpt><trkpt lat="58.03542" lon="39.120302"><ele>116.9</ele><time>2026-01-03T10:18:21Z</time></trkpt><trkpt lat="58.03533" lon="39.120192"><ele>115.1</ele><time>2026-01-03T10:18:22Z</time></trkpt><trkpt lat="58.03523" lon="39.120072"><ele>113.5</ele><time>2026-01-03T10:18:23Z</time></trkpt><trkpt lat="58.035127" lon="39.11996"><ele>112.1</ele><time>2026-01-03T10:18:24Z</time></trkpt><trkpt lat="58.035037" lon="39.119842"><ele>109.5</ele><time>2026-01-03T10:18:25Z</time></trkpt><trkpt lat="58.034932" lon="39.119725"><ele>108.6</ele><time>2026-01-03T10:18:26Z</time></trkpt><trkpt lat="58.03483" lon="39.119617"><ele>106.5</ele><time>2026-01-03T10:18:27Z</time></trkpt><trkpt lat="58.034725" lon="39.11951"><ele>105.6</ele><time>2026-01-03T10:18:28Z</time></trkpt><trkpt lat="58.034625" lon="39.119405"><ele>104.4</ele><time>2026-01-03T10:18:29Z</time></trkpt><trkpt lat="58.034532" lon="39.1193"><ele>103.5</ele><time>2026-01-03T10:18:30Z</time></trkpt><trkpt lat="58.03444" lon="39.119197"><ele>102.8</ele><time>2026-01-03T10:18:31Z</time></trkpt><trkpt lat="58.03435" lon="39.11909"><ele>101.9</ele><time>2026-01-03T10:18:32Z</time></trkpt><trkpt lat="58.03426" lon="39.118995"><ele>101.9</ele><time>2026-01-03T10:18:33Z</time></trkpt><trkpt lat="58.03418" lon="39.11891"><ele>102.5</ele><time>2026-01-03T10:18:34Z</time></trkpt><trkpt lat="58.0341" lon="39.11882"><ele>102.2</ele><time>2026-01-03T10:18:35Z</time></trkpt><trkpt lat="58.034025" lon="39.118735"><ele>101.7</ele><time>2026-01-03T10:18:36Z</time></trkpt><trkpt lat="58.033952" lon="39.118655"><ele>101.3</ele><time>2026-01-03T10:18:37Z</time></trkpt><trkpt lat="58.033855" lon="39.118472"><ele>101.4</ele><time>2026-01-03T10:18:39Z</time></trkpt><trkpt lat="58.033815" lon="39.11836"><ele>102.5</ele><time>2026-01-03T10:18:41Z</time></trkpt><trkpt lat="58.033795" lon="39.118195"><ele>101.6</ele><time>2026-01-03T10:18:44Z</time></trkpt><trkpt lat="58.033785" lon="39.118027"><ele>101.0</ele><time>2026-01-03T10:18:47Z</time></trkpt><trkpt lat="58.033805" lon="39.11787"><ele>101.0</ele><time>2026-01-03T10:18:50Z</time></trkpt><trkpt lat="58.033837" lon="39.117705"><ele>100.4</ele><time>2026-01-03T10:18:53Z</time></trkpt><trkpt lat="58.033892" lon="39.117525"><ele>99.5</ele><time>2026-01-03T10:18:56Z</time></trkpt><trkpt lat="58.033945" lon="39.117402"><ele>98.8</ele><time>2026-01-03T10:18:58Z</time></trkpt><trkpt lat="58.03402" lon="39.117275"><ele>97.8</ele><time>2026-01-03T10:19:00Z</time></trkpt><trkpt lat="58.034105" lon="39.11717"><ele>97.3</ele><time>2026-01-03T10:19:02Z</time></trkpt><trkpt lat="58.03419" lon="39.117105"><ele>97.3</ele><time>2026-01-03T10:19:04Z</time></trkpt><trkpt lat="58.03427" lon="39.117075"><ele>97.4</ele><time>2026-01-03T10:19:06Z</time></trkpt><trkpt lat="58.034372" lon="39.11708"><ele>98.6</ele><time>2026-01-03T10:19:09Z</time></trkpt><trkpt lat="58.034467" lon="39.117085"><ele>99.9</ele><time>2026-01-03T10:19:12Z</time></trkpt><trkpt lat="58.034565" lon="39.11712"><ele>99.7</ele><time>2026-01-03T10:19:15Z</time></trkpt><trkpt lat="58.034665" lon="39.117165"><ele>99.8</ele><time>2026-01-03T10:19:18Z</time></trkpt><trkpt lat="58.034745" lon="39.117197"><ele>98.8</ele><time>2026-01-03T10:19:20Z</time></trkpt><trkpt lat="58.034835" lon="39.11726"><ele>97.1</ele><time>2026-01-03T10:19:22Z</time></trkpt><trkpt lat="58.03495" lon="39.117362"><ele>96.0</ele><time>2026-01-03T10:19:24Z</time></trkpt><trkpt lat="58.035017" lon="39.117435"><ele>95.0</ele><time>2026-01-03T10:19:25Z</time></trkpt><trkpt lat="58.035082" lon="39.11751"><ele>94.6</ele><time>2026-01-03T10:19:26Z</time></trkpt><trkpt lat="58.035155" lon="39.117595"><ele>94.3</ele><time>2026-01-03T10:19:27Z</time></trkpt><trkpt lat="58.03522" lon="39.117675"><ele>93.8</ele><time>2026-01-03T10:19:28Z</time></trkpt><trkpt lat="58.03533" lon="39.117837"><ele>93.2</ele><time>2026-01-03T10:19:30Z</time></trkpt><trkpt lat="58.03542" lon="39.117995"><ele>93.7</ele><time>2026-01-03T10:19:32Z</time></trkpt><trkpt lat="58.0355" lon="39.118115"><ele>93.8</ele><time>2026-01-03T10:19:34Z</time></trkpt><trkpt lat="58.035577" lon="39.11821"><ele>94.5</ele><time>2026-01-03T10:19:36Z</time></trkpt><trkpt lat="58.035662" lon="39.118325"><ele>94.1</ele><time>2026-01-03T10:19:39Z</time></trkpt><trkpt lat="58.035742" lon="39.118415"><ele>93.7</ele><time>2026-01-03T10:19:42Z</time></trkpt><trkpt lat="58.035807" lon="39.1185"><ele>91.9</ele><time>2026-01-03T10:19:45Z</time></trkpt><trkpt lat="58.035875" lon="39.118605"><ele>91.0</ele><time>2026-01-03T10:19:48Z</time></trkpt><trkpt lat="58.03594" lon="39.118707"><ele>91.0</ele><time>2026-01-03T10:19:51Z</time></trkpt><trkpt lat="58.036005" lon="39.118797"><ele>91.8</ele><time>2026-01-03T10:19:54Z</time></trkpt><trkpt lat="58.036065" lon="39.118872"><ele>92.5</ele><time>2026-01-03T10:19:57Z</time></trkpt><trkpt lat="58.036125" lon="39.11895"><ele>92.8</ele><time>2026-01-03T10:20:00Z</time></trkpt><trkpt lat="58.036187" lon="39.11902"><ele>92.8</ele><time>2026-01-03T10:20:03Z</time></trkpt><trkpt lat="58.03627" lon="39.1191"><ele>93.3</ele><time>2026-01-03T10:20:07Z</time></trkpt><trkpt lat="58.036342" lon="39.11913"><ele>93.7</ele><time>2026-01-03T10:20:10Z</time></trkpt><trkpt lat="58.03642" lon="39.119205"><ele>93.7</ele><time>2026-01-03T10:20:13Z</time></trkpt><trkpt lat="58.036492" lon="39.119295"><ele>93.8</ele><time>2026-01-03T10:20:17Z</time></trkpt><trkpt lat="58.036582" lon="39.11931"><ele>94.9</ele><time>2026-01-03T10:20:21Z</time></trkpt><trkpt lat="58.036657" lon="39.11929"><ele>95.1</ele><time>2026-01-03T10:20:25Z</time></trkpt><trkpt lat="58.036727" lon="39.11926"><ele>95.2</ele><time>2026-01-03T10:20:29Z</time></trkpt><trkpt lat="58.036805" lon="39.11922"><ele>97.0</ele><time>2026-01-03T10:20:34Z</time></trkpt><trkpt lat="58.036872" lon="39.11918"><ele>98.4</ele><time>2026-01-03T10:20:39Z</time></trkpt><trkpt lat="58.036945" lon="39.11914"><ele>99.8</ele><time>2026-01-03T10:20:43Z</time></trkpt><trkpt lat="58.037017" lon="39.11909"><ele>99.8</ele><time>2026-01-03T10:20:48Z</time></trkpt><trkpt lat="58.0371" lon="39.11904"><ele>100.4</ele><time>2026-01-03T10:20:53Z</time></trkpt><trkpt lat="58.037177" lon="39.11898"><ele>102.2</ele><time>2026-01-03T10:21:00Z</time></trkpt><trkpt lat="58.037252" lon="39.118912"><ele>103.0</ele><time>2026-01-03T10:21:07Z</time></trkpt><trkpt lat="58.037315" lon="39.11881"><ele>103.2</ele><time>2026-01-03T10:21:11Z</time></trkpt><trkpt lat="58.037355" lon="39.118615"><ele>101.1</ele><time>2026-01-03T10:21:14Z</time></trkpt><trkpt lat="58.03739" lon="39.11847"><ele>100.6</ele><time>2026-01-03T10:21:16Z</time></trkpt><trkpt lat="58.03743" lon="39.118305"><ele>100.3</ele><time>2026-01-03T10:21:18Z</time></trkpt><trkpt lat="58.03747" lon="39.118135"><ele>99.3</ele><time>2026-01-03T10:21:20Z</time></trkpt><trkpt lat="58.037515" lon="39.11797"><ele>98.4</ele><time>2026-01-03T10:21:22Z</time></trkpt><trkpt lat="58.037575" lon="39.11783"><ele>97.5</ele><time>2026-01-03T10:21:24Z</time></trkpt><trkpt lat="58.037622" lon="39.117715"><ele>96.7</ele><time>2026-01-03T10:21:26Z</time></trkpt><trkpt lat="58.037695" lon="39.117585"><ele>96.1</ele><time>2026-01-03T10:21:29Z</time></trkpt><trkpt lat="58.037755" lon="39.117497"><ele>95.8</ele><time>2026-01-03T10:21:32Z</time></trkpt><trkpt lat="58.03782" lon="39.117405"><ele>96.6</ele><time>2026-01-03T10:21:35Z</time></trkpt><trkpt lat="58.037892" lon="39.11732"><ele>97.3</ele><time>2026-01-03T10:21:39Z</time></trkpt><trkpt lat="58.03795" lon="39.11724"><ele>97.8</ele><time>2026-01-03T10:21:42Z</time></trkpt><trkpt lat="58.038" lon="39.11709"><ele>97.6</ele><time>2026-01-03T10:21:46Z</time></trkpt><trkpt lat="58.038037" lon="39.116972"><ele>97.1</ele><time>2026-01-03T10:21:50Z</time></trkpt><trkpt lat="58.03812" lon="39.116972"><ele>97.3</ele><time>2026-01-03T10:21:55Z</time></trkpt><trkpt lat="58.038195" lon="39.116945"><ele>98.0</ele><time>2026-01-03T10:21:58Z</time></trkpt><trkpt lat="58.038277" lon="39.116895"><ele>98.5</ele><time>2026-01-03T10:22:01Z</time></trkpt><trkpt lat="58.038365" lon="39.116837"><ele>99.0</ele><time>2026-01-03T10:22:04Z</time></trkpt><trkpt lat="58.038455" lon="39.116745"><ele>99.4</ele><time>2026-01-03T10:22:07Z</time></trkpt><trkpt lat="58.038505" lon="39.116592"><ele>99.5</ele><time>2026-01-03T10:22:10Z</time></trkpt><trkpt lat="58.038552" lon="39.116417"><ele>99.6</ele><time>2026-01-03T10:22:13Z</time></trkpt><trkpt lat="58.038585" lon="39.116235"><ele>99.6</ele><time>2026-01-03T10:22:16Z</time></trkpt><trkpt lat="58.038612" lon="39.116055"><ele>99.1</ele><time>2026-01-03T10:22:19Z</time></trkpt><trkpt lat="58.038645" lon="39.11589"><ele>99.9</ele><time>2026-01-03T10:22:22Z</time></trkpt><trkpt lat="58.038665" lon="39.11573"><ele>99.8</ele><time>2026-01-03T10:22:25Z</time></trkpt><trkpt lat="58.038675" lon="39.115532"><ele>100.4</ele><time>2026-01-03T10:22:28Z</time></trkpt><trkpt lat="58.0387" lon="39.11535"><ele>100.5</ele><time>2026-01-03T10:22:31Z</time></trkpt><trkpt lat="58.038715" lon="39.115215"><ele>100.1</ele><time>2026-01-03T10:22:33Z</time></trkpt><trkpt lat="58.038727" lon="39.115072"><ele>100.0</ele><time>2026-01-03T10:22:35Z</time></trkpt><trkpt lat="58.03874" lon="39.114932"><ele>99.9</ele><time>2026-01-03T10:22:37Z</time></trkpt><trkpt lat="58.038757" lon="39.114785"><ele>99.5</ele><time>2026-01-03T10:22:39Z</time></trkpt><trkpt lat="58.038772" lon="39.11463"><ele>99.9</ele><time>2026-01-03T10:22:41Z</time></trkpt><trkpt lat="58.03879" lon="39.114477"><ele>99.7</ele><time>2026-01-03T10:22:43Z</time></trkpt><trkpt lat="58.038805" lon="39.11433"><ele>99.4</ele><time>2026-01-03T10:22:45Z</time></trkpt><trkpt lat="58.03882" lon="39.11419"><ele>99.4</ele><time>2026-01-03T10:22:47Z</time></trkpt><trkpt lat="58.03884" lon="39.114045"><ele>98.9</ele><time>2026-01-03T10:22:49Z</time></trkpt><trkpt lat="58.038857" lon="39.1139"><ele>98.8</ele><time>2026-01-03T10:22:51Z</time></trkpt><trkpt lat="58.038872" lon="39.113755"><ele>98.7</ele><time>2026-01-03T10:22:53Z</time></trkpt><trkpt lat="58.038887" lon="39.113605"><ele>98.8</ele><time>2026-01-03T10:22:55Z</time></trkpt><trkpt lat="58.038897" lon="39.113465"><ele>98.7</ele><time>2026-01-03T10:22:57Z</time></trkpt><trkpt lat="58.03891" lon="39.113325"><ele>98.5</ele><time>2026-01-03T10:22:59Z</time></trkpt><trkpt lat="58.038917" lon="39.11319"><ele>98.2</ele><time>2026-01-03T10:23:01Z</time></trkpt><trkpt lat="58.038925" lon="39.112992"><ele>97.8</ele><time>2026-01-03T10:23:04Z</time></trkpt><trkpt lat="58.03891" lon="39.11286"><ele>97.4</ele><time>2026-01-03T10:23:06Z</time></trkpt><trkpt lat="58.038882" lon="39.11272"><ele>97.1</ele><time>2026-01-03T10:23:08Z</time></trkpt><trkpt lat="58.038842" lon="39.112587"><ele>97.1</ele><time>2026-01-03T10:23:10Z</time></trkpt><trkpt lat="58.03879" lon="39.112465"><ele>96.6</ele><time>2026-01-03T10:23:12Z</time></trkpt><trkpt lat="58.03873" lon="39.112365"><ele>96.7</ele><time>2026-01-03T10:23:14Z</time></trkpt><trkpt lat="58.038672" lon="39.11228"><ele>96.8</ele><time>2026-01-03T10:23:16Z</time></trkpt><trkpt lat="58.03859" lon="39.112225"><ele>96.6</ele><time>2026-01-03T10:23:19Z</time></trkpt><trkpt lat="58.038517" lon="39.112202"><ele>96.9</ele><time>2026-01-03T10:23:22Z</time></trkpt><trkpt lat="58.038425" lon="39.11222"><ele>96.6</ele><time>2026-01-03T10:23:26Z</time></trkpt><trkpt lat="58.038355" lon="39.112272"><ele>96.4</ele><time>2026-01-03T10:23:29Z</time></trkpt><trkpt lat="58.038295" lon="39.112357"><ele>96.8</ele><time>2026-01-03T10:23:32Z</time></trkpt><trkpt lat="58.038252" lon="39.11247"><ele>96.9</ele><time>2026-01-03T10:23:35Z</time></trkpt><trkpt lat="58.03824" lon="39.11261"><ele>96.9</ele><time>2026-01-03T10:23:38Z</time></trkpt><trkpt lat="58.03825" lon="39.11275"><ele>97.2</ele><time>2026-01-03T10:23:41Z</time></trkpt><trkpt lat="58.038285" lon="39.112915"><ele>98.0</ele><time>2026-01-03T10:23:45Z</time></trkpt><trkpt lat="58.038312" lon="39.11305"><ele>97.7</ele><time>2026-01-03T10:23:48Z</time></trkpt><trkpt lat="58.03834" lon="39.113172"><ele>97.5</ele><time>2026-01-03T10:23:51Z</time></trkpt><trkpt lat="58.038365" lon="39.11331"><ele>97.1</ele><time>2026-01-03T10:23:54Z</time></trkpt><trkpt lat="58.038405" lon="39.11348"><ele>97.5</ele><time>2026-01-03T10:23:57Z</time></trkpt><trkpt lat="58.038427" lon="39.11366"><ele>97.3</ele><time>2026-01-03T10:24:00Z</time></trkpt><trkpt lat="58.038432" lon="39.113835"><ele>97.4</ele><time>2026-01-03T10:24:03Z</time></trkpt><trkpt lat="58.038425" lon="39.113995"><ele>97.6</ele><time>2026-01-03T10:24:06Z</time></trkpt><trkpt lat="58.038405" lon="39.114125"><ele>97.4</ele><time>2026-01-03T10:24:09Z</time></trkpt><trkpt lat="58.038375" lon="39.114252"><ele>97.1</ele><time>2026-01-03T10:24:12Z</time></trkpt><trkpt lat="58.038332" lon="39.114405"><ele>97.0</ele><time>2026-01-03T10:24:16Z</time></trkpt><trkpt lat="58.03829" lon="39.114565"><ele>97.6</ele><time>2026-01-03T10:24:20Z</time></trkpt><trkpt lat="58.038247" lon="39.114712"><ele>97.7</ele><time>2026-01-03T10:24:24Z</time></trkpt><trkpt lat="58.038215" lon="39.114835"><ele>97.7</ele><time>2026-01-03T10:24:27Z</time></trkpt><trkpt lat="58.038177" lon="39.11499"><ele>98.3</ele><time>2026-01-03T10:24:31Z</time></trkpt><trkpt lat="58.038155" lon="39.115125"><ele>97.9</ele><time>2026-01-03T10:24:34Z</time></trkpt><trkpt lat="58.038135" lon="39.115265"><ele>98.1</ele><time>2026-01-03T10:24:37Z</time></trkpt><trkpt lat="58.03812" lon="39.115405"><ele>98.8</ele><time>2026-01-03T10:24:40Z</time></trkpt><trkpt lat="58.038077" lon="39.115522"><ele>98.5</ele><time>2026-01-03T10:24:43Z</time></trkpt><trkpt lat="58.03799" lon="39.115555"><ele>98.9</ele><time>2026-01-03T10:24:47Z</time></trkpt><trkpt lat="58.037915" lon="39.115485"><ele>98.7</ele><time>2026-01-03T10:24:51Z</time></trkpt><trkpt lat="58.037855" lon="39.1154"><ele>98.9</ele><time>2026-01-03T10:24:54Z</time></trkpt><trkpt lat="58.03779" lon="39.11531"><ele>99.1</ele><time>2026-01-03T10:24:57Z</time></trkpt><trkpt lat="58.037727" lon="39.115207"><ele>98.8</ele><time>2026-01-03T10:25:00Z</time></trkpt><trkpt lat="58.037657" lon="39.1151"><ele>98.4</ele><time>2026-01-03T10:25:03Z</time></trkpt><trkpt lat="58.037572" lon="39.115045"><ele>98.3</ele><time>2026-01-03T10:25:06Z</time></trkpt><trkpt lat="58.037505" lon="39.114997"><ele>97.7</ele><time>2026-01-03T10:25:08Z</time></trkpt><trkpt lat="58.03743" lon="39.11495"><ele>97.6</ele><time>2026-01-03T10:25:10Z</time></trkpt><trkpt lat="58.03735" lon="39.11491"><ele>97.5</ele><time>2026-01-03T10:25:12Z</time></trkpt><trkpt lat="58.037272" lon="39.11489"><ele>97.4</ele><time>2026-01-03T10:25:14Z</time></trkpt><trkpt lat="58.037197" lon="39.114865"><ele>97.2</ele><time>2026-01-03T10:25:16Z</time></trkpt><trkpt lat="58.037125" lon="39.114842"><ele>96.8</ele><time>2026-01-03T10:25:18Z</time></trkpt><trkpt lat="58.037027" lon="39.11482"><ele>96.7</ele><time>2026-01-03T10:25:21Z</time></trkpt><trkpt lat="58.036947" lon="39.114775"><ele>97.0</ele><time>2026-01-03T10:25:24Z</time></trkpt><trkpt lat="58.03685" lon="39.114707"><ele>96.9</ele><time>2026-01-03T10:25:27Z</time></trkpt><trkpt lat="58.036785" lon="39.11465"><ele>96.8</ele><time>2026-01-03T10:25:29Z</time></trkpt><trkpt lat="58.03672" lon="39.114595"><ele>97.1</ele><time>2026-01-03T10:25:31Z</time></trkpt><trkpt lat="58.036625" lon="39.114505"><ele>96.3</ele><time>2026-01-03T10:25:34Z</time></trkpt><trkpt lat="58.036545" lon="39.114417"><ele>95.9</ele><time>2026-01-03T10:25:37Z</time></trkpt><trkpt lat="58.036475" lon="39.114345"><ele>96.3</ele><time>2026-01-03T10:25:40Z</time></trkpt><trkpt lat="58.036395" lon="39.114275"><ele>96.4</ele><time>2026-01-03T10:25:44Z</time></trkpt><trkpt lat="58.03631" lon="39.11421"><ele>96.5</ele><time>2026-01-03T10:25:48Z</time></trkpt><trkpt lat="58.036235" lon="39.114165"><ele>96.0</ele><time>2026-01-03T10:25:51Z</time></trkpt><trkpt lat="58.036165" lon="39.114102"><ele>96.5</ele><time>2026-01-03T10:25:54Z</time></trkpt><trkpt lat="58.036095" lon="39.114065"><ele>96.6</ele><time>2026-01-03T10:25:57Z</time></trkpt><trkpt lat="58.036015" lon="39.114045"><ele>96.5</ele><time>2026-01-03T10:26:00Z</time></trkpt><trkpt lat="58.03594" lon="39.114092"><ele>96.2</ele><time>2026-01-03T10:26:03Z</time></trkpt><trkpt lat="58.035885" lon="39.114185"><ele>96.3</ele><time>2026-01-03T10:26:06Z</time></trkpt><trkpt lat="58.035815" lon="39.114317"><ele>95.9</ele><time>2026-01-03T10:26:10Z</time></trkpt><trkpt lat="58.03575" lon="39.11445"><ele>96.1</ele><time>2026-01-03T10:26:13Z</time></trkpt><trkpt lat="58.035675" lon="39.114552"><ele>96.6</ele><time>2026-01-03T10:26:16Z</time></trkpt><trkpt lat="58.035597" lon="39.114652"><ele>96.7</ele><time>2026-01-03T10:26:19Z</time></trkpt><trkpt lat="58.035525" lon="39.114755"><ele>96.8</ele><time>2026-01-03T10:26:22Z</time></trkpt><trkpt lat="58.035465" lon="39.114865"><ele>97.4</ele><time>2026-01-03T10:26:25Z</time></trkpt><trkpt lat="58.0354" lon="39.114987"><ele>97.4</ele><time>2026-01-03T10:26:29Z</time></trkpt><trkpt lat="58.03534" lon="39.115115"><ele>98.0</ele><time>2026-01-03T10:26:33Z</time></trkpt><trkpt lat="58.035272" lon="39.115227"><ele>98.0</ele><time>2026-01-03T10:26:37Z</time></trkpt><trkpt lat="58.035217" lon="39.11533"><ele>97.6</ele><time>2026-01-03T10:26:40Z</time></trkpt><trkpt lat="58.035155" lon="39.11545"><ele>97.9</ele><time>2026-01-03T10:26:44Z</time></trkpt><trkpt lat="58.035105" lon="39.115565"><ele>98.5</ele><time>2026-01-03T10:26:48Z</time></trkpt><trkpt lat="58.035047" lon="39.115695"><ele>98.8</ele><time>2026-01-03T10:26:52Z</time></trkpt><trkpt lat="58.03499" lon="39.115805"><ele>98.7</ele><time>2026-01-03T10:26:56Z</time></trkpt><trkpt lat="58.034937" lon="39.11592"><ele>99.0</ele><time>2026-01-03T10:27:00Z</time></trkpt><trkpt lat="58.034885" lon="39.116035"><ele>99.6</ele><time>2026-01-03T10:27:04Z</time></trkpt><trkpt lat="58.03483" lon="39.11615"><ele>100.4</ele><time>2026-01-03T10:27:08Z</time></trkpt><trkpt lat="58.034767" lon="39.11628"><ele>101.0</ele><time>2026-01-03T10:27:12Z</time></trkpt><trkpt lat="58.034715" lon="39.116375"><ele>101.4</ele><time>2026-01-03T10:27:15Z</time></trkpt><trkpt lat="58.03465" lon="39.116432"><ele>101.9</ele><time>2026-01-03T10:27:18Z</time></trkpt><trkpt lat="58.034575" lon="39.116475"><ele>102.0</ele><time>2026-01-03T10:27:21Z</time></trkpt><trkpt lat="58.03449" lon="39.116522"><ele>102.7</ele><time>2026-01-03T10:27:25Z</time></trkpt><trkpt lat="58.034415" lon="39.116547"><ele>102.9</ele><time>2026-01-03T10:27:29Z</time></trkpt><trkpt lat="58.03434" lon="39.116555"><ele>102.7</ele><time>2026-01-03T10:27:33Z</time></trkpt><trkpt lat="58.034255" lon="39.116555"><ele>102.7</ele><time>2026-01-03T10:27:38Z</time></trkpt><trkpt lat="58.034217" lon="39.116565"><ele>102.3</ele><time>2026-01-03T10:27:45Z</time></trkpt><trkpt lat="58.03414" lon="39.116585"><ele>102.2</ele><time>2026-01-03T10:27:50Z</time></trkpt><trkpt lat="58.034062" lon="39.11664"><ele>102.1</ele><time>2026-01-03T10:27:54Z</time></trkpt><trkpt lat="58.033997" lon="39.11673"><ele>102.2</ele><time>2026-01-03T10:27:58Z</time></trkpt><trkpt lat="58.03393" lon="39.116845"><ele>102.3</ele><time>2026-01-03T10:28:02Z</time></trkpt><trkpt lat="58.033875" lon="39.11694"><ele>102.1</ele><time>2026-01-03T10:28:05Z</time></trkpt><trkpt lat="58.0338" lon="39.11705"><ele>101.8</ele><time>2026-01-03T10:28:08Z</time></trkpt><trkpt lat="58.033745" lon="39.11714"><ele>101.6</ele><time>2026-01-03T10:28:10Z</time></trkpt><trkpt lat="58.03369" lon="39.11723"><ele>101.5</ele><time>2026-01-03T10:28:12Z</time></trkpt><trkpt lat="58.033612" lon="39.117365"><ele>101.4</ele><time>2026-01-03T10:28:15Z</time></trkpt><trkpt lat="58.033542" lon="39.11749"><ele>101.6</ele><time>2026-01-03T10:28:18Z</time></trkpt><trkpt lat="58.033485" lon="39.117582"><ele>102.1</ele><time>2026-01-03T10:28:21Z</time></trkpt><trkpt lat="58.033425" lon="39.117672"><ele>102.2</ele><time>2026-01-03T10:28:25Z</time></trkpt><trkpt lat="58.03337" lon="39.117775"><ele>103.3</ele><time>2026-01-03T10:28:29Z</time></trkpt><trkpt lat="58.033317" lon="39.117887"><ele>103.0</ele><time>2026-01-03T10:28:33Z</time></trkpt><trkpt lat="58.033275" lon="39.117995"><ele>103.1</ele><time>2026-01-03T10:28:36Z</time></trkpt><trkpt lat="58.033225" lon="39.118155"><ele>102.8</ele><time>2026-01-03T10:28:40Z</time></trkpt><trkpt lat="58.0332" lon="39.118285"><ele>102.8</ele><time>2026-01-03T10:28:43Z</time></trkpt><trkpt lat="58.033155" lon="39.118442"><ele>102.4</ele><time>2026-01-03T10:28:47Z</time></trkpt><trkpt lat="58.03312" lon="39.118605"><ele>102.3</ele><time>2026-01-03T10:28:51Z</time></trkpt><trkpt lat="58.033087" lon="39.118737"><ele>102.3</ele><time>2026-01-03T10:28:55Z</time></trkpt><trkpt lat="58.033067" lon="39.118797"><ele>102.6</ele><time>2026-01-03T10:29:02Z</time></trkpt><trkpt lat="58.033067" lon="39.118795"><ele>102.3</ele><time>2026-01-03T10:29:05Z</time></trkpt><trkpt lat="58.03304" lon="39.11893"><ele>102.6</ele><time>2026-01-03T10:29:18Z</time></trkpt><trkpt lat="58.033017" lon="39.11906"><ele>102.8</ele><time>2026-01-03T10:29:21Z</time></trkpt><trkpt lat="58.032985" lon="39.119215"><ele>102.4</ele><time>2026-01-03T10:29:24Z</time></trkpt><trkpt lat="58.032955" lon="39.11937"><ele>102.4</ele><time>2026-01-03T10:29:27Z</time></trkpt><trkpt lat="58.032927" lon="39.119555"><ele>101.8</ele><time>2026-01-03T10:29:30Z</time></trkpt><trkpt lat="58.03291" lon="39.1197"><ele>101.5</ele><time>2026-01-03T10:29:32Z</time></trkpt><trkpt lat="58.032897" lon="39.11985"><ele>101.1</ele><time>2026-01-03T10:29:34Z</time></trkpt><trkpt lat="58.03288" lon="39.12001"><ele>101.0</ele><time>2026-01-03T10:29:36Z</time></trkpt><trkpt lat="58.032862" lon="39.12018"><ele>101.3</ele><time>2026-01-03T10:29:38Z</time></trkpt><trkpt lat="58.032852" lon="39.120332"><ele>102.0</ele><time>2026-01-03T10:29:40Z</time></trkpt><trkpt lat="58.03283" lon="39.12051"><ele>101.7</ele><time>2026-01-03T10:29:43Z</time></trkpt><trkpt lat="58.032825" lon="39.12068"><ele>101.6</ele><time>2026-01-03T10:29:46Z</time></trkpt><trkpt lat="58.032822" lon="39.120865"><ele>102.1</ele><time>2026-01-03T10:29:49Z</time></trkpt><trkpt lat="58.032815" lon="39.121005"><ele>102.3</ele><time>2026-01-03T10:29:51Z</time></trkpt><trkpt lat="58.03281" lon="39.12116"><ele>102.3</ele><time>2026-01-03T10:29:53Z</time></trkpt><trkpt lat="58.032805" lon="39.12131"><ele>102.8</ele><time>2026-01-03T10:29:55Z</time></trkpt><trkpt lat="58.03279" lon="39.121465"><ele>102.9</ele><time>2026-01-03T10:29:57Z</time></trkpt><trkpt lat="58.032777" lon="39.12161"><ele>102.6</ele><time>2026-01-03T10:29:59Z</time></trkpt><trkpt lat="58.03278" lon="39.121762"><ele>102.6</ele><time>2026-01-03T10:30:01Z</time></trkpt><trkpt lat="58.03279" lon="39.121915"><ele>102.8</ele><time>2026-01-03T10:30:03Z</time></trkpt><trkpt lat="58.03281" lon="39.12205"><ele>102.7</ele><time>2026-01-03T10:30:05Z</time></trkpt><trkpt lat="58.032837" lon="39.12222"><ele>102.9</ele><time>2026-01-03T10:30:08Z</time></trkpt><trkpt lat="58.032862" lon="39.12237"><ele>103.8</ele><time>2026-01-03T10:30:11Z</time></trkpt><trkpt lat="58.032905" lon="39.12249"><ele>103.4</ele><time>2026-01-03T10:30:14Z</time></trkpt><trkpt lat="58.03297" lon="39.12261"><ele>104.3</ele><time>2026-01-03T10:30:18Z</time></trkpt><trkpt lat="58.03304" lon="39.12269"><ele>104.5</ele><time>2026-01-03T10:30:22Z</time></trkpt><trkpt lat="58.03311" lon="39.12277"><ele>105.2</ele><time>2026-01-03T10:30:27Z</time></trkpt><trkpt lat="58.03318" lon="39.12285"><ele>105.3</ele><time>2026-01-03T10:30:32Z</time></trkpt><trkpt lat="58.033245" lon="39.122925"><ele>107.6</ele><time>2026-01-03T10:30:37Z</time></trkpt><trkpt lat="58.033307" lon="39.12299"><ele>108.0</ele><time>2026-01-03T10:30:42Z</time></trkpt><trkpt lat="58.033382" lon="39.123055"><ele>109.0</ele><time>2026-01-03T10:30:47Z</time></trkpt><trkpt lat="58.033447" lon="39.123115"><ele>109.4</ele><time>2026-01-03T10:30:51Z</time></trkpt><trkpt lat="58.033515" lon="39.123177"><ele>110.9</ele><time>2026-01-03T10:30:56Z</time></trkpt><trkpt lat="58.033585" lon="39.123235"><ele>112.0</ele><time>2026-01-03T10:31:03Z</time></trkpt><trkpt lat="58.03365" lon="39.1233"><ele>112.3</ele><time>2026-01-03T10:31:07Z</time></trkpt><trkpt lat="58.03371" lon="39.123365"><ele>112.2</ele><time>2026-01-03T10:31:11Z</time></trkpt><trkpt lat="58.033787" lon="39.1234"><ele>112.6</ele><time>2026-01-03T10:31:16Z</time></trkpt><trkpt lat="58.03385" lon="39.1233"><ele>111.9</ele><time>2026-01-03T10:31:21Z</time></trkpt><trkpt lat="58.033885" lon="39.123147"><ele>111.6</ele><time>2026-01-03T10:31:25Z</time></trkpt><trkpt lat="58.033905" lon="39.12299"><ele>111.7</ele><time>2026-01-03T10:31:28Z</time></trkpt><trkpt lat="58.033912" lon="39.122805"><ele>111.6</ele><time>2026-01-03T10:31:31Z</time></trkpt><trkpt lat="58.03386" lon="39.122675"><ele>110.3</ele><time>2026-01-03T10:31:34Z</time></trkpt><trkpt lat="58.033795" lon="39.122597"><ele>109.7</ele><time>2026-01-03T10:31:36Z</time></trkpt><trkpt lat="58.033705" lon="39.12255"><ele>109.8</ele><time>2026-01-03T10:31:38Z</time></trkpt><trkpt lat="58.033632" lon="39.12245"><ele>109.5</ele><time>2026-01-03T10:31:40Z</time></trkpt><trkpt lat="58.033567" lon="39.12236"><ele>109.8</ele><time>2026-01-03T10:31:42Z</time></trkpt><trkpt lat="58.0335" lon="39.12227"><ele>109.7</ele><time>2026-01-03T10:31:44Z</time></trkpt><trkpt lat="58.03343" lon="39.122165"><ele>109.5</ele><time>2026-01-03T10:31:47Z</time></trkpt><trkpt lat="58.033365" lon="39.122057"><ele>110.2</ele><time>2026-01-03T10:31:50Z</time></trkpt><trkpt lat="58.033297" lon="39.121937"><ele>109.9</ele><time>2026-01-03T10:31:53Z</time></trkpt><trkpt lat="58.033227" lon="39.12179"><ele>109.8</ele><time>2026-01-03T10:31:56Z</time></trkpt><trkpt lat="58.03318" lon="39.121677"><ele>108.7</ele><time>2026-01-03T10:31:58Z</time></trkpt><trkpt lat="58.03314" lon="39.12155"><ele>108.6</ele><time>2026-01-03T10:32:00Z</time></trkpt><trkpt lat="58.03311" lon="39.121377"><ele>108.3</ele><time>2026-01-03T10:32:02Z</time></trkpt><trkpt lat="58.033072" lon="39.12118"><ele>107.9</ele><time>2026-01-03T10:32:04Z</time></trkpt><trkpt lat="58.033057" lon="39.120945"><ele>106.6</ele><time>2026-01-03T10:32:06Z</time></trkpt><trkpt lat="58.03305" lon="39.120692"><ele>104.1</ele><time>2026-01-03T10:32:08Z</time></trkpt><trkpt lat="58.03305" lon="39.120545"><ele>103.9</ele><time>2026-01-03T10:32:09Z</time></trkpt><trkpt lat="58.033055" lon="39.120397"><ele>103.7</ele><time>2026-01-03T10:32:10Z</time></trkpt><trkpt lat="58.033052" lon="39.12024"><ele>104.1</ele><time>2026-01-03T10:32:11Z</time></trkpt><trkpt lat="58.03306" lon="39.120082"><ele>104.1</ele><time>2026-01-03T10:32:12Z</time></trkpt><trkpt lat="58.03307" lon="39.11982"><ele>105.0</ele><time>2026-01-03T10:32:14Z</time></trkpt><trkpt lat="58.033067" lon="39.11958"><ele>104.6</ele><time>2026-01-03T10:32:16Z</time></trkpt><trkpt lat="58.033075" lon="39.119427"><ele>104.9</ele><time>2026-01-03T10:32:18Z</time></trkpt><trkpt lat="58.033095" lon="39.119252"><ele>106.1</ele><time>2026-01-03T10:32:21Z</time></trkpt><trkpt lat="58.03314" lon="39.119125"><ele>104.3</ele><time>2026-01-03T10:32:24Z</time></trkpt><trkpt lat="58.0332" lon="39.11904"><ele>104.1</ele><time>2026-01-03T10:32:27Z</time></trkpt><trkpt lat="58.033275" lon="39.118995"><ele>103.7</ele><time>2026-01-03T10:32:30Z</time></trkpt><trkpt lat="58.033347" lon="39.118985"><ele>103.9</ele><time>2026-01-03T10:32:33Z</time></trkpt><trkpt lat="58.033425" lon="39.119012"><ele>104.2</ele><time>2026-01-03T10:32:36Z</time></trkpt><trkpt lat="58.033495" lon="39.119055"><ele>104.3</ele><time>2026-01-03T10:32:39Z</time></trkpt><trkpt lat="58.033565" lon="39.119115"><ele>104.4</ele><time>2026-01-03T10:32:42Z</time></trkpt><trkpt lat="58.033645" lon="39.119195"><ele>104.5</ele><time>2026-01-03T10:32:46Z</time></trkpt><trkpt lat="58.033705" lon="39.11927"><ele>104.4</ele><time>2026-01-03T10:32:49Z</time></trkpt><trkpt lat="58.033762" lon="39.119345"><ele>104.1</ele><time>2026-01-03T10:32:52Z</time></trkpt><trkpt lat="58.03382" lon="39.119435"><ele>103.3</ele><time>2026-01-03T10:32:55Z</time></trkpt><trkpt lat="58.03389" lon="39.119555"><ele>103.4</ele><time>2026-01-03T10:32:59Z</time></trkpt><trkpt lat="58.03395" lon="39.119645"><ele>103.6</ele><time>2026-01-03T10:33:02Z</time></trkpt><trkpt lat="58.034025" lon="39.11976"><ele>103.6</ele><time>2026-01-03T10:33:06Z</time></trkpt><trkpt lat="58.034095" lon="39.119842"><ele>104.0</ele><time>2026-01-03T10:33:10Z</time></trkpt><trkpt lat="58.034155" lon="39.119912"><ele>104.2</ele><time>2026-01-03T10:33:14Z</time></trkpt><trkpt lat="58.034217" lon="39.11999"><ele>104.6</ele><time>2026-01-03T10:33:18Z</time></trkpt><trkpt lat="58.034295" lon="39.12008"><ele>106.2</ele><time>2026-01-03T10:33:22Z</time></trkpt><trkpt lat="58.034365" lon="39.120147"><ele>106.3</ele><time>2026-01-03T10:33:26Z</time></trkpt><trkpt lat="58.034435" lon="39.120215"><ele>106.5</ele><time>2026-01-03T10:33:31Z</time></trkpt><trkpt lat="58.0345" lon="39.12028"><ele>107.2</ele><time>2026-01-03T10:33:36Z</time></trkpt><trkpt lat="58.034575" lon="39.120357"><ele>108.0</ele><time>2026-01-03T10:33:41Z</time></trkpt><trkpt lat="58.034645" lon="39.120425"><ele>110.4</ele><time>2026-01-03T10:33:46Z</time></trkpt><trkpt lat="58.034715" lon="39.12049"><ele>111.5</ele><time>2026-01-03T10:33:51Z</time></trkpt><trkpt lat="58.034785" lon="39.12056"><ele>113.1</ele><time>2026-01-03T10:33:56Z</time></trkpt><trkpt lat="58.03485" lon="39.120635"><ele>114.2</ele><time>2026-01-03T10:34:01Z</time></trkpt><trkpt lat="58.03492" lon="39.120735"><ele>115.0</ele><time>2026-01-03T10:34:07Z</time></trkpt><trkpt lat="58.034985" lon="39.1208"><ele>117.1</ele><time>2026-01-03T10:34:12Z</time></trkpt><trkpt lat="58.035047" lon="39.120895"><ele>116.6</ele><time>2026-01-03T10:34:17Z</time></trkpt><trkpt lat="58.035115" lon="39.12099"><ele>116.9</ele><time>2026-01-03T10:34:23Z</time></trkpt><trkpt lat="58.035165" lon="39.121095"><ele>119.0</ele><time>2026-01-03T10:34:29Z</time></trkpt><trkpt lat="58.03522" lon="39.121197"><ele>121.0</ele><time>2026-01-03T10:34:34Z</time></trkpt><trkpt lat="58.035275" lon="39.121292"><ele>122.5</ele><time>2026-01-03T10:34:40Z</time></trkpt><trkpt lat="58.03533" lon="39.121385"><ele>123.0</ele><time>2026-01-03T10:34:47Z</time></trkpt><trkpt lat="58.03538" lon="39.12148"><ele>124.2</ele><time>2026-01-03T10:34:54Z</time></trkpt><trkpt lat="58.035435" lon="39.12158"><ele>125.7</ele><time>2026-01-03T10:35:00Z</time></trkpt><trkpt lat="58.035495" lon="39.121685"><ele>125.9</ele><time>2026-01-03T10:35:07Z</time></trkpt><trkpt lat="58.035562" lon="39.121755"><ele>125.6</ele><time>2026-01-03T10:35:14Z</time></trkpt><trkpt lat="58.03561" lon="39.12186"><ele>125.0</ele><time>2026-01-03T10:35:20Z</time></trkpt><trkpt lat="58.035675" lon="39.121915"><ele>126.8</ele><time>2026-01-03T10:35:27Z</time></trkpt><trkpt lat="58.03576" lon="39.12194"><ele>126.1</ele><time>2026-01-03T10:35:34Z</time></trkpt><trkpt lat="58.03583" lon="39.121987"><ele>125.9</ele><time>2026-01-03T10:35:39Z</time></trkpt><trkpt lat="58.035905" lon="39.12206"><ele>125.5</ele><time>2026-01-03T10:35:44Z</time></trkpt><trkpt lat="58.035972" lon="39.122122"><ele>124.7</ele><time>2026-01-03T10:35:49Z</time></trkpt><trkpt lat="58.036055" lon="39.122185"><ele>127.3</ele><time>2026-01-03T10:35:54Z</time></trkpt><trkpt lat="58.03613" lon="39.12223"><ele>127.5</ele><time>2026-01-03T10:35:58Z</time></trkpt><trkpt lat="58.03621" lon="39.122255"><ele>130.4</ele><time>2026-01-03T10:36:02Z</time></trkpt><trkpt lat="58.036285" lon="39.122285"><ele>131.3</ele><time>2026-01-03T10:36:06Z</time></trkpt><trkpt lat="58.036357" lon="39.122287"><ele>132.5</ele><time>2026-01-03T10:36:10Z</time></trkpt><trkpt lat="58.036435" lon="39.122285"><ele>134.9</ele><time>2026-01-03T10:36:14Z</time></trkpt><trkpt lat="58.03651" lon="39.12228"><ele>135.7</ele><time>2026-01-03T10:36:20Z</time></trkpt><trkpt lat="58.03651" lon="39.122255"><ele>135.2</ele><time>2026-01-03T10:36:27Z</time></trkpt><trkpt lat="58.03651" lon="39.12225"><ele>135.2</ele><time>2026-01-03T10:36:30Z</time></trkpt><trkpt lat="58.036497" lon="39.12225"><ele>135.3</ele><time>2026-01-03T10:36:50Z</time></trkpt><trkpt lat="58.036497" lon="39.12225"><ele>135.3</ele><time>2026-01-03T10:36:51Z</time></trkpt><trkpt lat="58.03656" lon="39.122225"><ele>135.3</ele><time>2026-01-03T10:37:18Z</time></trkpt><trkpt lat="58.036615" lon="39.12212"><ele>134.9</ele><time>2026-01-03T10:37:25Z</time></trkpt><trkpt lat="58.03662" lon="39.12196"><ele>135.7</ele><time>2026-01-03T10:37:30Z</time></trkpt><trkpt lat="58.036565" lon="39.12184"><ele>135.7</ele><time>2026-01-03T10:37:35Z</time></trkpt><trkpt lat="58.03651" lon="39.12175"><ele>134.7</ele><time>2026-01-03T10:37:38Z</time></trkpt><trkpt lat="58.036427" lon="39.12168"><ele>134.8</ele><time>2026-01-03T10:37:40Z</time></trkpt><trkpt lat="58.03635" lon="39.121602"><ele>134.7</ele><time>2026-01-03T10:37:43Z</time></trkpt><trkpt lat="58.03626" lon="39.121517"><ele>134.2</ele><time>2026-01-03T10:37:46Z</time></trkpt><trkpt lat="58.036177" lon="39.121425"><ele>132.7</ele><time>2026-01-03T10:37:49Z</time></trkpt><trkpt lat="58.036112" lon="39.121357"><ele>131.7</ele><time>2026-01-03T10:37:53Z</time></trkpt><trkpt lat="58.036055" lon="39.121277"><ele>131.3</ele><time>2026-01-03T10:37:57Z</time></trkpt><trkpt lat="58.036005" lon="39.121165"><ele>131.6</ele><time>2026-01-03T10:37:59Z</time></trkpt><trkpt lat="58.035932" lon="39.12104"><ele>130.4</ele><time>2026-01-03T10:38:01Z</time></trkpt><trkpt lat="58.03584" lon="39.120885"><ele>129.0</ele><time>2026-01-03T10:38:03Z</time></trkpt><trkpt lat="58.035785" lon="39.120805"><ele>127.8</ele><time>2026-01-03T10:38:04Z</time></trkpt><trkpt lat="58.03572" lon="39.12071"><ele>126.8</ele><time>2026-01-03T10:38:05Z</time></trkpt><trkpt lat="58.03566" lon="39.12061"><ele>125.8</ele><time>2026-01-03T10:38:06Z</time></trkpt><trkpt lat="58.035575" lon="39.120497"><ele>124.6</ele><time>2026-01-03T10:38:07Z</time></trkpt><trkpt lat="58.03548" lon="39.12039"><ele>122.0</ele><time>2026-01-03T10:38:08Z</time></trkpt><trkpt lat="58.035385" lon="39.120262"><ele>119.3</ele><time>2026-01-03T10:38:09Z</time></trkpt><trkpt lat="58.035282" lon="39.120147"><ele>118.3</ele><time>2026-01-03T10:38:10Z</time></trkpt><trkpt lat="58.035185" lon="39.120025"><ele>117.6</ele><time>2026-01-03T10:38:11Z</time></trkpt><trkpt lat="58.03508" lon="39.119912"><ele>116.1</ele><time>2026-01-03T10:38:12Z</time></trkpt><trkpt lat="58.034982" lon="39.119787"><ele>114.3</ele><time>2026-01-03T10:38:13Z</time></trkpt><trkpt lat="58.034885" lon="39.11967"><ele>112.6</ele><time>2026-01-03T10:38:14Z</time></trkpt><trkpt lat="58.03478" lon="39.119557"><ele>111.5</ele><time>2026-01-03T10:38:15Z</time></trkpt><trkpt lat="58.034672" lon="39.119445"><ele>110.0</ele><time>2026-01-03T10:38:16Z</time></trkpt><trkpt lat="58.034575" lon="39.11934"><ele>109.4</ele><time>2026-01-03T10:38:17Z</time></trkpt><trkpt lat="58.03448" lon="39.119225"><ele>109.2</ele><time>2026-01-03T10:38:18Z</time></trkpt><trkpt lat="58.034385" lon="39.119122"><ele>108.0</ele><time>2026-01-03T10:38:19Z</time></trkpt><trkpt lat="58.034295" lon="39.119025"><ele>107.1</ele><time>2026-01-03T10:38:20Z</time></trkpt><trkpt lat="58.03421" lon="39.11893"><ele>107.0</ele><time>2026-01-03T10:38:21Z</time></trkpt><trkpt lat="58.034135" lon="39.11884"><ele>105.8</ele><time>2026-01-03T10:38:22Z</time></trkpt><trkpt lat="58.034055" lon="39.118755"><ele>105.7</ele><time>2026-01-03T10:38:23Z</time></trkpt><trkpt lat="58.033985" lon="39.11867"><ele>105.8</ele><time>2026-01-03T10:38:24Z</time></trkpt><trkpt lat="58.033922" lon="39.118595"><ele>105.6</ele><time>2026-01-03T10:38:25Z</time></trkpt><trkpt lat="58.033835" lon="39.11843"><ele>106.7</ele><time>2026-01-03T10:38:27Z</time></trkpt><trkpt lat="58.0338" lon="39.11831"><ele>107.2</ele><time>2026-01-03T10:38:29Z</time></trkpt><trkpt lat="58.033775" lon="39.11816"><ele>108.5</ele><time>2026-01-03T10:38:33Z</time></trkpt><trkpt lat="58.033785" lon="39.11801"><ele>107.8</ele><time>2026-01-03T10:38:39Z</time></trkpt><trkpt lat="58.033805" lon="39.117865"><ele>107.5</ele><time>2026-01-03T10:38:46Z</time></trkpt><trkpt lat="58.033837" lon="39.1177"><ele>106.7</ele><time>2026-01-03T10:38:51Z</time></trkpt><trkpt lat="58.03388" lon="39.117555"><ele>106.4</ele><time>2026-01-03T10:38:54Z</time></trkpt><trkpt lat="58.03392" lon="39.117445"><ele>106.0</ele><time>2026-01-03T10:38:56Z</time></trkpt><trkpt lat="58.033987" lon="39.11733"><ele>105.1</ele><time>2026-01-03T10:38:58Z</time></trkpt><trkpt lat="58.034067" lon="39.11721"><ele>104.1</ele><time>2026-01-03T10:39:00Z</time></trkpt><trkpt lat="58.034147" lon="39.117125"><ele>103.7</ele><time>2026-01-03T10:39:02Z</time></trkpt><trkpt lat="58.034225" lon="39.11707"><ele>104.0</ele><time>2026-01-03T10:39:04Z</time></trkpt><trkpt lat="58.03431" lon="39.117055"><ele>104.0</ele><time>2026-01-03T10:39:07Z</time></trkpt><trkpt lat="58.0344" lon="39.117067"><ele>104.1</ele><time>2026-01-03T10:39:11Z</time></trkpt><trkpt lat="58.034485" lon="39.117095"><ele>104.5</ele><time>2026-01-03T10:39:15Z</time></trkpt><trkpt lat="58.034565" lon="39.117112"><ele>104.0</ele><time>2026-01-03T10:39:18Z</time></trkpt><trkpt lat="58.034655" lon="39.11715"><ele>103.4</ele><time>2026-01-03T10:39:21Z</time></trkpt><trkpt lat="58.03476" lon="39.117195"><ele>102.8</ele><time>2026-01-03T10:39:24Z</time></trkpt><trkpt lat="58.03485" lon="39.11725"><ele>101.9</ele><time>2026-01-03T10:39:26Z</time></trkpt><trkpt lat="58.03495" lon="39.11734"><ele>100.9</ele><time>2026-01-03T10:39:28Z</time></trkpt><trkpt lat="58.035072" lon="39.11748"><ele>100.1</ele><time>2026-01-03T10:39:30Z</time></trkpt><trkpt lat="58.03514" lon="39.117555"><ele>99.8</ele><time>2026-01-03T10:39:31Z</time></trkpt><trkpt lat="58.035202" lon="39.11763"><ele>100.2</ele><time>2026-01-03T10:39:32Z</time></trkpt><trkpt lat="58.035317" lon="39.117795"><ele>98.9</ele><time>2026-01-03T10:39:34Z</time></trkpt><trkpt lat="58.035425" lon="39.117952"><ele>98.5</ele><time>2026-01-03T10:39:36Z</time></trkpt><trkpt lat="58.035512" lon="39.118075"><ele>98.5</ele><time>2026-01-03T10:39:38Z</time></trkpt><trkpt lat="58.03559" lon="39.118182"><ele>98.9</ele><time>2026-01-03T10:39:40Z</time></trkpt><trkpt lat="58.035652" lon="39.118275"><ele>99.0</ele><time>2026-01-03T10:39:42Z</time></trkpt><trkpt lat="58.035732" lon="39.118387"><ele>100.2</ele><time>2026-01-03T10:39:45Z</time></trkpt><trkpt lat="58.035805" lon="39.118462"><ele>100.7</ele><time>2026-01-03T10:39:49Z</time></trkpt><trkpt lat="58.03587" lon="39.118562"><ele>99.9</ele><time>2026-01-03T10:39:54Z</time></trkpt><trkpt lat="58.035942" lon="39.118647"><ele>99.9</ele><time>2026-01-03T10:39:59Z</time></trkpt><trkpt lat="58.03602" lon="39.118735"><ele>99.9</ele><time>2026-01-03T10:40:04Z</time></trkpt><trkpt lat="58.036082" lon="39.118805"><ele>100.3</ele><time>2026-01-03T10:40:09Z</time></trkpt><trkpt lat="58.03616" lon="39.118885"><ele>100.7</ele><time>2026-01-03T10:40:13Z</time></trkpt><trkpt lat="58.036235" lon="39.11897"><ele>100.5</ele><time>2026-01-03T10:40:17Z</time></trkpt><trkpt lat="58.0363" lon="39.119045"><ele>101.0</ele><time>2026-01-03T10:40:21Z</time></trkpt><trkpt lat="58.036367" lon="39.11913"><ele>100.9</ele><time>2026-01-03T10:40:25Z</time></trkpt><trkpt lat="58.036445" lon="39.11921"><ele>101.8</ele><time>2026-01-03T10:40:30Z</time></trkpt><trkpt lat="58.03652" lon="39.119245"><ele>103.3</ele><time>2026-01-03T10:40:34Z</time></trkpt><trkpt lat="58.036595" lon="39.119252"><ele>103.4</ele><time>2026-01-03T10:40:38Z</time></trkpt><trkpt lat="58.03668" lon="39.119245"><ele>103.6</ele><time>2026-01-03T10:40:42Z</time></trkpt><trkpt lat="58.036765" lon="39.11921"><ele>103.4</ele><time>2026-01-03T10:40:46Z</time></trkpt><trkpt lat="58.03685" lon="39.119172"><ele>104.4</ele><time>2026-01-03T10:40:50Z</time></trkpt><trkpt lat="58.036925" lon="39.11914"><ele>104.8</ele><time>2026-01-03T10:40:54Z</time></trkpt><trkpt lat="58.03701" lon="39.119105"><ele>105.2</ele><time>2026-01-03T10:40:58Z</time></trkpt><trkpt lat="58.037102" lon="39.119095"><ele>105.7</ele><time>2026-01-03T10:41:02Z</time></trkpt><trkpt lat="58.037177" lon="39.11905"><ele>105.8</ele><time>2026-01-03T10:41:05Z</time></trkpt><trkpt lat="58.037252" lon="39.118955"><ele>105.4</ele><time>2026-01-03T10:41:08Z</time></trkpt><trkpt lat="58.037305" lon="39.118857"><ele>105.1</ele><time>2026-01-03T10:41:10Z</time></trkpt><trkpt lat="58.037345" lon="39.118715"><ele>104.9</ele><time>2026-01-03T10:41:12Z</time></trkpt><trkpt lat="58.037387" lon="39.118532"><ele>103.9</ele><time>2026-01-03T10:41:14Z</time></trkpt><trkpt lat="58.03743" lon="39.118332"><ele>102.8</ele><time>2026-01-03T10:41:16Z</time></trkpt><trkpt lat="58.037477" lon="39.11813"><ele>101.9</ele><time>2026-01-03T10:41:18Z</time></trkpt><trkpt lat="58.03753" lon="39.11794"><ele>101.4</ele><time>2026-01-03T10:41:20Z</time></trkpt><trkpt lat="58.03759" lon="39.117757"><ele>101.0</ele><time>2026-01-03T10:41:22Z</time></trkpt><trkpt lat="58.037655" lon="39.11762"><ele>101.1</ele><time>2026-01-03T10:41:24Z</time></trkpt><trkpt lat="58.037715" lon="39.117525"><ele>101.3</ele><time>2026-01-03T10:41:26Z</time></trkpt><trkpt lat="58.037775" lon="39.117445"><ele>101.1</ele><time>2026-01-03T10:41:28Z</time></trkpt><trkpt lat="58.037857" lon="39.117347"><ele>101.5</ele><time>2026-01-03T10:41:31Z</time></trkpt><trkpt lat="58.03793" lon="39.117267"><ele>101.6</ele><time>2026-01-03T10:41:34Z</time></trkpt><trkpt lat="58.03799" lon="39.11718"><ele>101.8</ele><time>2026-01-03T10:41:37Z</time></trkpt><trkpt lat="58.038045" lon="39.117085"><ele>101.8</ele><time>2026-01-03T10:41:40Z</time></trkpt><trkpt lat="58.038102" lon="39.116995"><ele>101.7</ele><time>2026-01-03T10:41:43Z</time></trkpt><trkpt lat="58.038172" lon="39.116955"><ele>101.8</ele><time>2026-01-03T10:41:46Z</time></trkpt><trkpt lat="58.038257" lon="39.11695"><ele>101.8</ele><time>2026-01-03T10:41:49Z</time></trkpt><trkpt lat="58.03834" lon="39.116877"><ele>102.0</ele><time>2026-01-03T10:41:52Z</time></trkpt><trkpt lat="58.038415" lon="39.116785"><ele>102.4</ele><time>2026-01-03T10:41:55Z</time></trkpt><trkpt lat="58.038485" lon="39.116662"><ele>102.4</ele><time>2026-01-03T10:41:58Z</time></trkpt><trkpt lat="58.038537" lon="39.11655"><ele>101.6</ele><time>2026-01-03T10:42:01Z</time></trkpt><trkpt lat="58.038575" lon="39.11641"><ele>101.4</ele><time>2026-01-03T10:42:04Z</time></trkpt><trkpt lat="58.038595" lon="39.116252"><ele>101.1</ele><time>2026-01-03T10:42:07Z</time></trkpt><trkpt lat="58.038605" lon="39.116085"><ele>101.2</ele><time>2026-01-03T10:42:10Z</time></trkpt><trkpt lat="58.038622" lon="39.11591"><ele>101.1</ele><time>2026-01-03T10:42:13Z</time></trkpt><trkpt lat="58.03866" lon="39.115745"><ele>101.8</ele><time>2026-01-03T10:42:16Z</time></trkpt><trkpt lat="58.038675" lon="39.115587"><ele>102.2</ele><time>2026-01-03T10:42:19Z</time></trkpt><trkpt lat="58.038687" lon="39.115405"><ele>102.3</ele><time>2026-01-03T10:42:22Z</time></trkpt><trkpt lat="58.038707" lon="39.115257"><ele>102.0</ele><time>2026-01-03T10:42:24Z</time></trkpt><trkpt lat="58.03872" lon="39.115105"><ele>101.4</ele><time>2026-01-03T10:42:26Z</time></trkpt><trkpt lat="58.038747" lon="39.114945"><ele>101.4</ele><time>2026-01-03T10:42:28Z</time></trkpt><trkpt lat="58.038777" lon="39.11474"><ele>100.9</ele><time>2026-01-03T10:42:30Z</time></trkpt><trkpt lat="58.038805" lon="39.114545"><ele>100.3</ele><time>2026-01-03T10:42:32Z</time></trkpt><trkpt lat="58.038827" lon="39.114325"><ele>100.8</ele><time>2026-01-03T10:42:34Z</time></trkpt><trkpt lat="58.038852" lon="39.11411"><ele>100.2</ele><time>2026-01-03T10:42:36Z</time></trkpt><trkpt lat="58.038872" lon="39.1139"><ele>100.0</ele><time>2026-01-03T10:42:38Z</time></trkpt><trkpt lat="58.03889" lon="39.113695"><ele>100.3</ele><time>2026-01-03T10:42:40Z</time></trkpt><trkpt lat="58.038905" lon="39.113492"><ele>99.6</ele><time>2026-01-03T10:42:42Z</time></trkpt><trkpt lat="58.038922" lon="39.113297"><ele>100.1</ele><time>2026-01-03T10:42:44Z</time></trkpt><trkpt lat="58.03893" lon="39.113115"><ele>100.3</ele><time>2026-01-03T10:42:46Z</time></trkpt><trkpt lat="58.038925" lon="39.112925"><ele>100.3</ele><time>2026-01-03T10:42:48Z</time></trkpt><trkpt lat="58.038885" lon="39.112745"><ele>100.2</ele><time>2026-01-03T10:42:50Z</time></trkpt><trkpt lat="58.03883" lon="39.11258"><ele>99.2</ele><time>2026-01-03T10:42:52Z</time></trkpt><trkpt lat="58.03877" lon="39.11245"><ele>99.1</ele><time>2026-01-03T10:42:54Z</time></trkpt><trkpt lat="58.038692" lon="39.112342"><ele>98.7</ele><time>2026-01-03T10:42:56Z</time></trkpt><trkpt lat="58.038617" lon="39.112297"><ele>98.5</ele><time>2026-01-03T10:42:58Z</time></trkpt><trkpt lat="58.038535" lon="39.11226"><ele>98.1</ele><time>2026-01-03T10:43:00Z</time></trkpt><trkpt lat="58.03846" lon="39.112265"><ele>98.2</ele><time>2026-01-03T10:43:02Z</time></trkpt><trkpt lat="58.03838" lon="39.112315"><ele>98.9</ele><time>2026-01-03T10:43:04Z</time></trkpt><trkpt lat="58.03831" lon="39.112415"><ele>99.1</ele><time>2026-01-03T10:43:06Z</time></trkpt><trkpt lat="58.03826" lon="39.11253"><ele>99.2</ele><time>2026-01-03T10:43:08Z</time></trkpt><trkpt lat="58.038255" lon="39.11267"><ele>99.3</ele><time>2026-01-03T10:43:10Z</time></trkpt><trkpt lat="58.03828" lon="39.112805"><ele>99.5</ele><time>2026-01-03T10:43:12Z</time></trkpt><trkpt lat="58.038307" lon="39.112975"><ele>99.7</ele><time>2026-01-03T10:43:15Z</time></trkpt><trkpt lat="58.038337" lon="39.11315"><ele>99.7</ele><time>2026-01-03T10:43:18Z</time></trkpt><trkpt lat="58.038375" lon="39.113335"><ele>99.2</ele><time>2026-01-03T10:43:21Z</time></trkpt><trkpt lat="58.038402" lon="39.113505"><ele>98.9</ele><time>2026-01-03T10:43:24Z</time></trkpt><trkpt lat="58.038415" lon="39.113665"><ele>98.5</ele><time>2026-01-03T10:43:28Z</time></trkpt><trkpt lat="58.038425" lon="39.11382"><ele>98.8</ele><time>2026-01-03T10:43:32Z</time></trkpt><trkpt lat="58.038415" lon="39.113995"><ele>99.3</ele><time>2026-01-03T10:43:36Z</time></trkpt><trkpt lat="58.03839" lon="39.114157"><ele>99.0</ele><time>2026-01-03T10:43:40Z</time></trkpt><trkpt lat="58.03835" lon="39.114305"><ele>98.8</ele><time>2026-01-03T10:43:44Z</time></trkpt><trkpt lat="58.03831" lon="39.11445"><ele>99.4</ele><time>2026-01-03T10:43:48Z</time></trkpt><trkpt lat="58.038275" lon="39.114585"><ele>99.3</ele><time>2026-01-03T10:43:52Z</time></trkpt><trkpt lat="58.038235" lon="39.11472"><ele>99.9</ele><time>2026-01-03T10:43:56Z</time></trkpt><trkpt lat="58.038192" lon="39.114855"><ele>99.9</ele><time>2026-01-03T10:44:00Z</time></trkpt><trkpt lat="58.038155" lon="39.114995"><ele>100.2</ele><time>2026-01-03T10:44:04Z</time></trkpt><trkpt lat="58.038127" lon="39.115155"><ele>100.0</ele><time>2026-01-03T10:44:08Z</time></trkpt><trkpt lat="58.038107" lon="39.11532"><ele>100.4</ele><time>2026-01-03T10:44:12Z</time></trkpt><trkpt lat="58.038077" lon="39.11547"><ele>100.6</ele><time>2026-01-03T10:44:16Z</time></trkpt><trkpt lat="58.038002" lon="39.115535"><ele>101.2</ele><time>2026-01-03T10:44:20Z</time></trkpt><trkpt lat="58.03793" lon="39.115447"><ele>101.8</ele><time>2026-01-03T10:44:25Z</time></trkpt><trkpt lat="58.037872" lon="39.115365"><ele>103.1</ele><time>2026-01-03T10:44:29Z</time></trkpt><trkpt lat="58.037812" lon="39.11528"><ele>102.8</ele><time>2026-01-03T10:44:33Z</time></trkpt><trkpt lat="58.037765" lon="39.115195"><ele>103.4</ele><time>2026-01-03T10:44:40Z</time></trkpt><trkpt lat="58.037765" lon="39.115195"><ele>103.4</ele><time>2026-01-03T10:44:45Z</time></trkpt><trkpt lat="58.037775" lon="39.11522"><ele>102.1</ele><time>2026-01-03T10:45:04Z</time></trkpt><trkpt lat="58.037772" lon="39.115215"><ele>102.0</ele><time>2026-01-03T10:45:06Z</time></trkpt><trkpt lat="58.03772" lon="39.115155"><ele>102.0</ele><time>2026-01-03T10:46:06Z</time></trkpt><trkpt lat="58.03763" lon="39.115107"><ele>103.4</ele><time>2026-01-03T10:46:11Z</time></trkpt><trkpt lat="58.037552" lon="39.11504"><ele>102.3</ele><time>2026-01-03T10:46:14Z</time></trkpt><trkpt lat="58.037477" lon="39.1149"><ele>100.9</ele><time>2026-01-03T10:46:17Z</time></trkpt><trkpt lat="58.037397" lon="39.114785"><ele>100.3</ele><time>2026-01-03T10:46:20Z</time></trkpt><trkpt lat="58.037325" lon="39.11468"><ele>100.7</ele><time>2026-01-03T10:46:23Z</time></trkpt><trkpt lat="58.037257" lon="39.114595"><ele>100.9</ele><time>2026-01-03T10:46:26Z</time></trkpt><trkpt lat="58.03717" lon="39.11449"><ele>100.2</ele><time>2026-01-03T10:46:29Z</time></trkpt><trkpt lat="58.037075" lon="39.114365"><ele>100.1</ele><time>2026-01-03T10:46:32Z</time></trkpt><trkpt lat="58.03701" lon="39.114257"><ele>99.8</ele><time>2026-01-03T10:46:34Z</time></trkpt><trkpt lat="58.03694" lon="39.114155"><ele>99.8</ele><time>2026-01-03T10:46:36Z</time></trkpt><trkpt lat="58.03687" lon="39.114055"><ele>98.8</ele><time>2026-01-03T10:46:38Z</time></trkpt><trkpt lat="58.036782" lon="39.113975"><ele>98.8</ele><time>2026-01-03T10:46:40Z</time></trkpt><trkpt lat="58.03671" lon="39.113915"><ele>99.4</ele><time>2026-01-03T10:46:42Z</time></trkpt><trkpt lat="58.036637" lon="39.113862"><ele>99.7</ele><time>2026-01-03T10:46:44Z</time></trkpt><trkpt lat="58.036562" lon="39.113802"><ele>99.2</ele><time>2026-01-03T10:46:46Z</time></trkpt><trkpt lat="58.03649" lon="39.113755"><ele>99.1</ele><time>2026-01-03T10:46:48Z</time></trkpt><trkpt lat="58.036405" lon="39.113665"><ele>99.9</ele><time>2026-01-03T10:46:51Z</time></trkpt><trkpt lat="58.036327" lon="39.113595"><ele>100.0</ele><time>2026-01-03T10:46:54Z</time></trkpt><trkpt lat="58.036255" lon="39.113595"><ele>100.1</ele><time>2026-01-03T10:46:57Z</time></trkpt><trkpt lat="58.03618" lon="39.11369"><ele>100.0</ele><time>2026-01-03T10:47:01Z</time></trkpt><trkpt lat="58.03611" lon="39.113805"><ele>99.6</ele><time>2026-01-03T10:47:06Z</time></trkpt><trkpt lat="58.036045" lon="39.11391"><ele>99.8</ele><time>2026-01-03T10:47:10Z</time></trkpt><trkpt lat="58.035977" lon="39.114012"><ele>100.0</ele><time>2026-01-03T10:47:14Z</time></trkpt><trkpt lat="58.035905" lon="39.114087"><ele>100.0</ele><time>2026-01-03T10:47:18Z</time></trkpt><trkpt lat="58.035835" lon="39.114225"><ele>100.7</ele><time>2026-01-03T10:47:22Z</time></trkpt><trkpt lat="58.035765" lon="39.11436"><ele>100.6</ele><time>2026-01-03T10:47:25Z</time></trkpt><trkpt lat="58.03569" lon="39.114462"><ele>100.6</ele><time>2026-01-03T10:47:28Z</time></trkpt><trkpt lat="58.035627" lon="39.114555"><ele>100.6</ele><time>2026-01-03T10:47:31Z</time></trkpt><trkpt lat="58.03557" lon="39.11465"><ele>100.2</ele><time>2026-01-03T10:47:34Z</time></trkpt><trkpt lat="58.0355" lon="39.11477"><ele>100.1</ele><time>2026-01-03T10:47:38Z</time></trkpt><trkpt lat="58.03545" lon="39.11487"><ele>100.1</ele><time>2026-01-03T10:47:41Z</time></trkpt><trkpt lat="58.035382" lon="39.114985"><ele>100.7</ele><time>2026-01-03T10:47:45Z</time></trkpt><trkpt lat="58.035317" lon="39.11509"><ele>101.3</ele><time>2026-01-03T10:47:49Z</time></trkpt><trkpt lat="58.03525" lon="39.1152"><ele>101.6</ele><time>2026-01-03T10:47:53Z</time></trkpt><trkpt lat="58.035195" lon="39.115305"><ele>100.9</ele><time>2026-01-03T10:47:56Z</time></trkpt><trkpt lat="58.035145" lon="39.11541"><ele>101.3</ele><time>2026-01-03T10:47:59Z</time></trkpt><trkpt lat="58.035085" lon="39.115527"><ele>101.0</ele><time>2026-01-03T10:48:02Z</time></trkpt><trkpt lat="58.035032" lon="39.115645"><ele>101.1</ele><time>2026-01-03T10:48:05Z</time></trkpt><trkpt lat="58.034977" lon="39.115762"><ele>100.9</ele><time>2026-01-03T10:48:08Z</time></trkpt><trkpt lat="58.03492" lon="39.115885"><ele>101.3</ele><time>2026-01-03T10:48:12Z</time></trkpt><trkpt lat="58.03486" lon="39.115995"><ele>102.0</ele><time>2026-01-03T10:48:16Z</time></trkpt><trkpt lat="58.03481" lon="39.116105"><ele>102.5</ele><time>2026-01-03T10:48:20Z</time></trkpt><trkpt lat="58.03476" lon="39.11621"><ele>103.3</ele><time>2026-01-03T10:48:23Z</time></trkpt><trkpt lat="58.034707" lon="39.11631"><ele>103.8</ele><time>2026-01-03T10:48:26Z</time></trkpt><trkpt lat="58.03465" lon="39.116392"><ele>103.9</ele><time>2026-01-03T10:48:30Z</time></trkpt><trkpt lat="58.03457" lon="39.116475"><ele>104.3</ele><time>2026-01-03T10:48:35Z</time></trkpt><trkpt lat="58.034492" lon="39.116522"><ele>104.6</ele><time>2026-01-03T10:48:39Z</time></trkpt><trkpt lat="58.034407" lon="39.116527"><ele>105.1</ele><time>2026-01-03T10:48:43Z</time></trkpt><trkpt lat="58.034325" lon="39.116512"><ele>105.0</ele><time>2026-01-03T10:48:46Z</time></trkpt><trkpt lat="58.034245" lon="39.116507"><ele>105.0</ele><time>2026-01-03T10:48:49Z</time></trkpt><trkpt lat="58.034155" lon="39.116515"><ele>104.9</ele><time>2026-01-03T10:48:53Z</time></trkpt><trkpt lat="58.034077" lon="39.116557"><ele>104.1</ele><time>2026-01-03T10:48:57Z</time></trkpt><trkpt lat="58.033992" lon="39.116655"><ele>103.1</ele><time>2026-01-03T10:49:01Z</time></trkpt><trkpt lat="58.033917" lon="39.116785"><ele>103.4</ele><time>2026-01-03T10:49:04Z</time></trkpt><trkpt lat="58.033865" lon="39.116882"><ele>102.6</ele><time>2026-01-03T10:49:06Z</time></trkpt><trkpt lat="58.03381" lon="39.116982"><ele>101.7</ele><time>2026-01-03T10:49:08Z</time></trkpt><trkpt lat="58.033745" lon="39.117092"><ele>101.4</ele><time>2026-01-03T10:49:10Z</time></trkpt><trkpt lat="58.033682" lon="39.11721"><ele>101.3</ele><time>2026-01-03T10:49:12Z</time></trkpt><trkpt lat="58.033612" lon="39.117335"><ele>101.3</ele><time>2026-01-03T10:49:14Z</time></trkpt><trkpt lat="58.03355" lon="39.117465"><ele>101.2</ele><time>2026-01-03T10:49:16Z</time></trkpt><trkpt lat="58.03349" lon="39.117572"><ele>100.7</ele><time>2026-01-03T10:49:18Z</time></trkpt><trkpt lat="58.03342" lon="39.117697"><ele>101.3</ele><time>2026-01-03T10:49:21Z</time></trkpt><trkpt lat="58.033365" lon="39.11781"><ele>102.2</ele><time>2026-01-03T10:49:24Z</time></trkpt><trkpt lat="58.03331" lon="39.11797"><ele>102.1</ele><time>2026-01-03T10:49:27Z</time></trkpt><trkpt lat="58.033247" lon="39.11814"><ele>102.2</ele><time>2026-01-03T10:49:30Z</time></trkpt><trkpt lat="58.033205" lon="39.118302"><ele>102.5</ele><time>2026-01-03T10:49:33Z</time></trkpt><trkpt lat="58.03317" lon="39.118452"><ele>102.8</ele><time>2026-01-03T10:49:36Z</time></trkpt><trkpt lat="58.033135" lon="39.11859"><ele>103.2</ele><time>2026-01-03T10:49:39Z</time></trkpt><trkpt lat="58.0331" lon="39.118745"><ele>103.8</ele><time>2026-01-03T10:49:43Z</time></trkpt><trkpt lat="58.033065" lon="39.118905"><ele>103.5</ele><time>2026-01-03T10:49:47Z</time></trkpt><trkpt lat="58.033035" lon="39.119032"><ele>103.9</ele><time>2026-01-03T10:49:51Z</time></trkpt><trkpt lat="58.033012" lon="39.119175"><ele>103.6</ele><time>2026-01-03T10:49:55Z</time></trkpt><trkpt lat="58.03298" lon="39.119327"><ele>103.4</ele><time>2026-01-03T10:49:59Z</time></trkpt><trkpt lat="58.03295" lon="39.11947"><ele>103.3</ele><time>2026-01-03T10:50:02Z</time></trkpt><trkpt lat="58.03293" lon="39.119645"><ele>102.5</ele><time>2026-01-03T10:50:05Z</time></trkpt><trkpt lat="58.03291" lon="39.119842"><ele>101.9</ele><time>2026-01-03T10:50:08Z</time></trkpt><trkpt lat="58.0329" lon="39.11999"><ele>102.4</ele><time>2026-01-03T10:50:10Z</time></trkpt><trkpt lat="58.03288" lon="39.12017"><ele>103.2</ele><time>2026-01-03T10:50:13Z</time></trkpt><trkpt lat="58.032865" lon="39.120337"><ele>103.5</ele><time>2026-01-03T10:50:17Z</time></trkpt><trkpt lat="58.032862" lon="39.120495"><ele>104.6</ele><time>2026-01-03T10:50:21Z</time></trkpt><trkpt lat="58.032852" lon="39.120645"><ele>105.0</ele><time>2026-01-03T10:50:24Z</time></trkpt><trkpt lat="58.032842" lon="39.12079"><ele>105.5</ele><time>2026-01-03T10:50:27Z</time></trkpt><trkpt lat="58.032832" lon="39.12093"><ele>105.4</ele><time>2026-01-03T10:50:30Z</time></trkpt><trkpt lat="58.032815" lon="39.121095"><ele>105.0</ele><time>2026-01-03T10:50:33Z</time></trkpt><trkpt lat="58.032815" lon="39.12125"><ele>104.4</ele><time>2026-01-03T10:50:36Z</time></trkpt><trkpt lat="58.032807" lon="39.121405"><ele>104.7</ele><time>2026-01-03T10:50:39Z</time></trkpt><trkpt lat="58.0328" lon="39.121557"><ele>104.1</ele><time>2026-01-03T10:50:42Z</time></trkpt><trkpt lat="58.0328" lon="39.12172"><ele>103.9</ele><time>2026-01-03T10:50:45Z</time></trkpt><trkpt lat="58.032797" lon="39.12187"><ele>104.2</ele><time>2026-01-03T10:50:48Z</time></trkpt><trkpt lat="58.032797" lon="39.122005"><ele>103.6</ele><time>2026-01-03T10:50:51Z</time></trkpt><trkpt lat="58.03281" lon="39.12214"><ele>104.4</ele><time>2026-01-03T10:50:54Z</time></trkpt><trkpt lat="58.032835" lon="39.12227"><ele>104.1</ele><time>2026-01-03T10:50:57Z</time></trkpt><trkpt lat="58.03288" lon="39.122417"><ele>104.8</ele><time>2026-01-03T10:51:01Z</time></trkpt><trkpt lat="58.03293" lon="39.122535"><ele>104.9</ele><time>2026-01-03T10:51:05Z</time></trkpt><trkpt lat="58.03299" lon="39.122635"><ele>105.1</ele><time>2026-01-03T10:51:09Z</time></trkpt><trkpt lat="58.03306" lon="39.122727"><ele>103.7</ele><time>2026-01-03T10:51:13Z</time></trkpt><trkpt lat="58.033135" lon="39.122797"><ele>103.1</ele><time>2026-01-03T10:51:16Z</time></trkpt><trkpt lat="58.033215" lon="39.12287"><ele>103.8</ele><time>2026-01-03T10:51:20Z</time></trkpt><trkpt lat="58.033295" lon="39.12296"><ele>105.7</ele><time>2026-01-03T10:51:24Z</time></trkpt><trkpt lat="58.033365" lon="39.123055"><ele>106.5</ele><time>2026-01-03T10:51:29Z</time></trkpt><trkpt lat="58.03343" lon="39.123135"><ele>108.4</ele><time>2026-01-03T10:51:33Z</time></trkpt><trkpt lat="58.033497" lon="39.1232"><ele>109.9</ele><time>2026-01-03T10:51:37Z</time></trkpt><trkpt lat="58.03358" lon="39.123262"><ele>111.8</ele><time>2026-01-03T10:51:41Z</time></trkpt><trkpt lat="58.033655" lon="39.123317"><ele>112.0</ele><time>2026-01-03T10:51:44Z</time></trkpt><trkpt lat="58.033722" lon="39.123385"><ele>112.5</ele><time>2026-01-03T10:51:47Z</time></trkpt><trkpt lat="58.03381" lon="39.123357"><ele>111.9</ele><time>2026-01-03T10:51:51Z</time></trkpt><trkpt lat="58.033855" lon="39.123245"><ele>111.0</ele><time>2026-01-03T10:51:54Z</time></trkpt><trkpt lat="58.033875" lon="39.1231"><ele>110.4</ele><time>2026-01-03T10:51:57Z</time></trkpt><trkpt lat="58.033895" lon="39.122935"><ele>110.6</ele><time>2026-01-03T10:52:00Z</time></trkpt><trkpt lat="58.033892" lon="39.122787"><ele>112.2</ele><time>2026-01-03T10:52:04Z</time></trkpt><trkpt lat="58.033832" lon="39.122685"><ele>111.4</ele><time>2026-01-03T10:52:07Z</time></trkpt><trkpt lat="58.033767" lon="39.122615"><ele>111.2</ele><time>2026-01-03T10:52:09Z</time></trkpt><trkpt lat="58.03368" lon="39.122517"><ele>110.1</ele><time>2026-01-03T10:52:12Z</time></trkpt><trkpt lat="58.03359" lon="39.122417"><ele>109.1</ele><time>2026-01-03T10:52:15Z</time></trkpt><trkpt lat="58.033515" lon="39.122325"><ele>109.7</ele><time>2026-01-03T10:52:18Z</time></trkpt><trkpt lat="58.03345" lon="39.122225"><ele>109.8</ele><time>2026-01-03T10:52:21Z</time></trkpt><trkpt lat="58.033387" lon="39.12212"><ele>110.7</ele><time>2026-01-03T10:52:24Z</time></trkpt><trkpt lat="58.033332" lon="39.122025"><ele>111.0</ele><time>2026-01-03T10:52:27Z</time></trkpt><trkpt lat="58.033275" lon="39.121885"><ele>109.8</ele><time>2026-01-03T10:52:31Z</time></trkpt><trkpt lat="58.033225" lon="39.12177"><ele>109.5</ele><time>2026-01-03T10:52:34Z</time></trkpt><trkpt lat="58.03318" lon="39.12165"><ele>109.1</ele><time>2026-01-03T10:52:37Z</time></trkpt><trkpt lat="58.033145" lon="39.121527"><ele>108.0</ele><time>2026-01-03T10:52:39Z</time></trkpt><trkpt lat="58.03311" lon="39.121385"><ele>106.7</ele><time>2026-01-03T10:52:41Z</time></trkpt><trkpt lat="58.033085" lon="39.12118"><ele>105.6</ele><time>2026-01-03T10:52:43Z</time></trkpt><trkpt lat="58.033072" lon="39.120955"><ele>105.1</ele><time>2026-01-03T10:52:45Z</time></trkpt><trkpt lat="58.033075" lon="39.1207"><ele>105.2</ele><time>2026-01-03T10:52:47Z</time></trkpt><trkpt lat="58.033077" lon="39.120552"><ele>104.3</ele><time>2026-01-03T10:52:48Z</time></trkpt><trkpt lat="58.033077" lon="39.120402"><ele>103.3</ele><time>2026-01-03T10:52:49Z</time></trkpt><trkpt lat="58.033075" lon="39.12025"><ele>103.3</ele><time>2026-01-03T10:52:50Z</time></trkpt><trkpt lat="58.033077" lon="39.120095"><ele>103.3</ele><time>2026-01-03T10:52:51Z</time></trkpt><trkpt lat="58.033082" lon="39.119925"><ele>103.3</ele><time>2026-01-03T10:52:52Z</time></trkpt><trkpt lat="58.033097" lon="39.11968"><ele>102.7</ele><time>2026-01-03T10:52:54Z</time></trkpt><trkpt lat="58.0331" lon="39.11949"><ele>103.4</ele><time>2026-01-03T10:52:56Z</time></trkpt><trkpt lat="58.03311" lon="39.11934"><ele>103.2</ele><time>2026-01-03T10:52:58Z</time></trkpt><trkpt lat="58.033135" lon="39.119205"><ele>103.4</ele><time>2026-01-03T10:53:02Z</time></trkpt><trkpt lat="58.033185" lon="39.119082"><ele>103.8</ele><time>2026-01-03T10:53:07Z</time></trkpt><trkpt lat="58.033247" lon="39.119017"><ele>104.5</ele><time>2026-01-03T10:53:11Z</time></trkpt><trkpt lat="58.033327" lon="39.118995"><ele>104.3</ele><time>2026-01-03T10:53:15Z</time></trkpt><trkpt lat="58.03341" lon="39.11902"><ele>103.0</ele><time>2026-01-03T10:53:19Z</time></trkpt><trkpt lat="58.03349" lon="39.119075"><ele>101.2</ele><time>2026-01-03T10:53:23Z</time></trkpt><trkpt lat="58.033575" lon="39.119147"><ele>99.7</ele><time>2026-01-03T10:53:27Z</time></trkpt><trkpt lat="58.033655" lon="39.11923"><ele>98.7</ele><time>2026-01-03T10:53:31Z</time></trkpt><trkpt lat="58.033725" lon="39.11933"><ele>98.6</ele><time>2026-01-03T10:53:35Z</time></trkpt><trkpt lat="58.03379" lon="39.119435"><ele>98.9</ele><time>2026-01-03T10:53:39Z</time></trkpt><trkpt lat="58.033855" lon="39.119545"><ele>99.1</ele><time>2026-01-03T10:53:43Z</time></trkpt><trkpt lat="58.03392" lon="39.11964"><ele>99.8</ele><time>2026-01-03T10:53:47Z</time></trkpt><trkpt lat="58.033992" lon="39.119735"><ele>101.8</ele><time>2026-01-03T10:53:52Z</time></trkpt><trkpt lat="58.034062" lon="39.119815"><ele>103.6</ele><time>2026-01-03T10:53:57Z</time></trkpt><trkpt lat="58.03413" lon="39.119905"><ele>104.3</ele><time>2026-01-03T10:54:02Z</time></trkpt><trkpt lat="58.03421" lon="39.11998"><ele>103.6</ele><time>2026-01-03T10:54:07Z</time></trkpt><trkpt lat="58.03427" lon="39.120067"><ele>104.7</ele><time>2026-01-03T10:54:11Z</time></trkpt><trkpt lat="58.034332" lon="39.12014"><ele>105.8</ele><time>2026-01-03T10:54:16Z</time></trkpt><trkpt lat="58.0344" lon="39.120205"><ele>107.1</ele><time>2026-01-03T10:54:21Z</time></trkpt><trkpt lat="58.034465" lon="39.12028"><ele>105.4</ele><time>2026-01-03T10:54:27Z</time></trkpt><trkpt lat="58.034527" lon="39.120342"><ele>106.4</ele><time>2026-01-03T10:54:32Z</time></trkpt><trkpt lat="58.034592" lon="39.12041"><ele>104.9</ele><time>2026-01-03T10:54:39Z</time></trkpt><trkpt lat="58.03466" lon="39.12049"><ele>106.0</ele><time>2026-01-03T10:54:44Z</time></trkpt><trkpt lat="58.034735" lon="39.12054"><ele>110.3</ele><time>2026-01-03T10:54:49Z</time></trkpt><trkpt lat="58.0348" lon="39.120617"><ele>110.7</ele><time>2026-01-03T10:54:55Z</time></trkpt><trkpt lat="58.034865" lon="39.120715"><ele>111.3</ele><time>2026-01-03T10:55:01Z</time></trkpt><trkpt lat="58.034935" lon="39.1208"><ele>113.4</ele><time>2026-01-03T10:55:07Z</time></trkpt><trkpt lat="58.034995" lon="39.12087"><ele>115.3</ele><time>2026-01-03T10:55:12Z</time></trkpt><trkpt lat="58.035062" lon="39.120945"><ele>116.4</ele><time>2026-01-03T10:55:18Z</time></trkpt><trkpt lat="58.035127" lon="39.12104"><ele>120.9</ele><time>2026-01-03T10:55:25Z</time></trkpt><trkpt lat="58.035192" lon="39.121145"><ele>120.4</ele><time>2026-01-03T10:55:32Z</time></trkpt><trkpt lat="58.03525" lon="39.121235"><ele>120.3</ele><time>2026-01-03T10:55:38Z</time></trkpt><trkpt lat="58.0353" lon="39.12129"><ele>123.2</ele><time>2026-01-03T10:55:45Z</time></trkpt><trkpt lat="58.035357" lon="39.121372"><ele>123.7</ele><time>2026-01-03T10:55:51Z</time></trkpt><trkpt lat="58.03537" lon="39.12143"><ele>125.5</ele><time>2026-01-03T10:55:58Z</time></trkpt><trkpt lat="58.03542" lon="39.121535"><ele>125.0</ele><time>2026-01-03T10:56:03Z</time></trkpt><trkpt lat="58.03548" lon="39.12163"><ele>126.9</ele><time>2026-01-03T10:56:09Z</time></trkpt><trkpt lat="58.035537" lon="39.121725"><ele>127.2</ele><time>2026-01-03T10:56:14Z</time></trkpt><trkpt lat="58.035595" lon="39.121807"><ele>128.5</ele><time>2026-01-03T10:56:21Z</time></trkpt><trkpt lat="58.0356" lon="39.12182"><ele>128.2</ele><time>2026-01-03T10:56:26Z</time></trkpt><trkpt lat="58.035677" lon="39.121895"><ele>127.1</ele><time>2026-01-03T10:56:36Z</time></trkpt><trkpt lat="58.035745" lon="39.121967"><ele>128.6</ele><time>2026-01-03T10:56:40Z</time></trkpt><trkpt lat="58.035817" lon="39.12205"><ele>128.4</ele><time>2026-01-03T10:56:45Z</time></trkpt><trkpt lat="58.035887" lon="39.12211"><ele>129.0</ele><time>2026-01-03T10:56:50Z</time></trkpt><trkpt lat="58.03596" lon="39.12215"><ele>129.0</ele><time>2026-01-03T10:56:54Z</time></trkpt><trkpt lat="58.036042" lon="39.122205"><ele>127.6</ele><time>2026-01-03T10:56:59Z</time></trkpt><trkpt lat="58.036132" lon="39.122242"><ele>129.8</ele><time>2026-01-03T10:57:03Z</time></trkpt><trkpt lat="58.03621" lon="39.122265"><ele>129.5</ele><time>2026-01-03T10:57:07Z</time></trkpt><trkpt lat="58.036285" lon="39.12226"><ele>130.0</ele><time>2026-01-03T10:57:11Z</time></trkpt><trkpt lat="58.03637" lon="39.12229"><ele>129.1</ele><time>2026-01-03T10:57:15Z</time></trkpt><trkpt lat="58.036445" lon="39.12231"><ele>130.6</ele><time>2026-01-03T10:57:19Z</time></trkpt><trkpt lat="58.036527" lon="39.12229"><ele>131.0</ele><time>2026-01-03T10:57:24Z</time></trkpt><trkpt lat="58.0366" lon="39.122207"><ele>131.1</ele><time>2026-01-03T10:57:29Z</time></trkpt><trkpt lat="58.036622" lon="39.122062"><ele>130.7</ele><time>2026-01-03T10:57:34Z</time></trkpt><trkpt lat="58.0366" lon="39.121967"><ele>132.2</ele><time>2026-01-03T10:57:41Z</time></trkpt><trkpt lat="58.036582" lon="39.121927"><ele>133.3</ele><time>2026-01-03T10:57:48Z</time></trkpt><trkpt lat="58.03658" lon="39.12193"><ele>133.4</ele><time>2026-01-03T10:57:52Z</time></trkpt><trkpt lat="58.036562" lon="39.121907"><ele>134.4</ele><time>2026-01-03T10:58:15Z</time></trkpt><trkpt lat="58.036525" lon="39.12184"><ele>134.3</ele><time>2026-01-03T10:58:22Z</time></trkpt><trkpt lat="58.036475" lon="39.121775"><ele>134.4</ele><time>2026-01-03T10:58:29Z</time></trkpt><trkpt lat="58.036445" lon="39.121762"><ele>133.9</ele><time>2026-01-03T10:58:36Z</time></trkpt><trkpt lat="58.036445" lon="39.121765"><ele>134.0</ele><time>2026-01-03T10:58:39Z</time></trkpt><trkpt lat="58.03644" lon="39.12178"><ele>133.4</ele><time>2026-01-03T10:58:53Z</time></trkpt><trkpt lat="58.03644" lon="39.12178"><ele>133.4</ele><time>2026-01-03T10:58:54Z</time></trkpt><trkpt lat="58.036447" lon="39.121785"><ele>133.7</ele><time>2026-01-03T10:59:03Z</time></trkpt><trkpt lat="58.03645" lon="39.121785"><ele>133.7</ele><time>2026-01-03T10:59:04Z</time></trkpt><trkpt lat="58.03644" lon="39.121767"><ele>134.0</ele><time>2026-01-03T10:59:18Z</time></trkpt><trkpt lat="58.03644" lon="39.121767"><ele>134.2</ele><time>2026-01-03T10:59:19Z</time></trkpt><trkpt lat="58.03645" lon="39.121765"><ele>132.0</ele><time>2026-01-03T10:59:37Z</time></trkpt><trkpt lat="58.03645" lon="39.121762"><ele>132.1</ele><time>2026-01-03T10:59:38Z</time></trkpt><trkpt lat="58.036457" lon="39.12175"><ele>131.0</ele><time>2026-01-03T10:59:52Z</time></trkpt><trkpt lat="58.03646" lon="39.12175"><ele>131.1</ele><time>2026-01-03T10:59:53Z</time></trkpt><trkpt lat="58.036427" lon="39.121715"><ele>132.0</ele><time>2026-01-03T11:00:10Z</time></trkpt><trkpt lat="58.036412" lon="39.121705"><ele>130.6</ele><time>2026-01-03T11:00:17Z</time></trkpt><trkpt lat="58.03639" lon="39.121672"><ele>131.5</ele><time>2026-01-03T11:00:25Z</time></trkpt><trkpt lat="58.03639" lon="39.121672"><ele>131.9</ele><time>2026-01-03T11:00:29Z</time></trkpt><trkpt lat="58.036395" lon="39.121675"><ele>131.9</ele><time>2026-01-03T11:01:25Z</time></trkpt><trkpt lat="58.036395" lon="39.121675"><ele>131.9</ele><time>2026-01-03T11:01:26Z</time></trkpt><trkpt lat="58.036395" lon="39.121737"><ele>128.4</ele><time>2026-01-03T11:01:46Z</time></trkpt><trkpt lat="58.036395" lon="39.121735"><ele>128.5</ele><time>2026-01-03T11:01:51Z</time></trkpt><trkpt lat="58.036355" lon="39.12163"><ele>128.5</ele><time>2026-01-03T11:02:01Z</time></trkpt><trkpt lat="58.036285" lon="39.121535"><ele>129.2</ele><time>2026-01-03T11:02:06Z</time></trkpt><trkpt lat="58.036202" lon="39.12143"><ele>128.4</ele><time>2026-01-03T11:02:10Z</time></trkpt><trkpt lat="58.036117" lon="39.12132"><ele>127.3</ele><time>2026-01-03T11:02:13Z</time></trkpt><trkpt lat="58.036065" lon="39.12124"><ele>126.8</ele><time>2026-01-03T11:02:15Z</time></trkpt><trkpt lat="58.036" lon="39.121155"><ele>126.4</ele><time>2026-01-03T11:02:17Z</time></trkpt><trkpt lat="58.03592" lon="39.121052"><ele>126.6</ele><time>2026-01-03T11:02:19Z</time></trkpt><trkpt lat="58.035835" lon="39.120935"><ele>125.0</ele><time>2026-01-03T11:02:21Z</time></trkpt><trkpt lat="58.035775" lon="39.120845"><ele>123.5</ele><time>2026-01-03T11:02:22Z</time></trkpt><trkpt lat="58.035645" lon="39.1207"><ele>124.2</ele><time>2026-01-03T11:02:24Z</time></trkpt><trkpt lat="58.03556" lon="39.12055"><ele>121.2</ele><time>2026-01-03T11:02:25Z</time></trkpt><trkpt lat="58.03548" lon="39.120415"><ele>119.2</ele><time>2026-01-03T11:02:26Z</time></trkpt><trkpt lat="58.03539" lon="39.120287"><ele>116.6</ele><time>2026-01-03T11:02:27Z</time></trkpt><trkpt lat="58.03529" lon="39.120162"><ele>114.3</ele><time>2026-01-03T11:02:28Z</time></trkpt><trkpt lat="58.03519" lon="39.120045"><ele>112.1</ele><time>2026-01-03T11:02:29Z</time></trkpt><trkpt lat="58.03509" lon="39.119925"><ele>110.7</ele><time>2026-01-03T11:02:30Z</time></trkpt><trkpt lat="58.034985" lon="39.119815"><ele>108.7</ele><time>2026-01-03T11:02:31Z</time></trkpt><trkpt lat="58.03489" lon="39.119695"><ele>107.6</ele><time>2026-01-03T11:02:32Z</time></trkpt><trkpt lat="58.034785" lon="39.119595"><ele>106.4</ele><time>2026-01-03T11:02:33Z</time></trkpt><trkpt lat="58.034682" lon="39.11948"><ele>104.9</ele><time>2026-01-03T11:02:34Z</time></trkpt><trkpt lat="58.034585" lon="39.11937"><ele>104.0</ele><time>2026-01-03T11:02:35Z</time></trkpt><trkpt lat="58.03449" lon="39.119255"><ele>103.9</ele><time>2026-01-03T11:02:36Z</time></trkpt><trkpt lat="58.034397" lon="39.11916"><ele>103.4</ele><time>2026-01-03T11:02:37Z</time></trkpt><trkpt lat="58.03431" lon="39.119055"><ele>102.9</ele><time>2026-01-03T11:02:38Z</time></trkpt><trkpt lat="58.03423" lon="39.118962"><ele>103.2</ele><time>2026-01-03T11:02:39Z</time></trkpt><trkpt lat="58.034147" lon="39.118875"><ele>103.0</ele><time>2026-01-03T11:02:40Z</time></trkpt><trkpt lat="58.034077" lon="39.118782"><ele>102.7</ele><time>2026-01-03T11:02:41Z</time></trkpt><trkpt lat="58.034" lon="39.118717"><ele>102.0</ele><time>2026-01-03T11:02:42Z</time></trkpt><trkpt lat="58.033945" lon="39.118622"><ele>101.8</ele><time>2026-01-03T11:02:43Z</time></trkpt><trkpt lat="58.03386" lon="39.118465"><ele>102.3</ele><time>2026-01-03T11:02:45Z</time></trkpt><trkpt lat="58.03381" lon="39.11832"><ele>102.7</ele><time>2026-01-03T11:02:48Z</time></trkpt><trkpt lat="58.0338" lon="39.118182"><ele>102.7</ele><time>2026-01-03T11:02:51Z</time></trkpt><trkpt lat="58.033792" lon="39.118005"><ele>103.5</ele><time>2026-01-03T11:02:54Z</time></trkpt><trkpt lat="58.033822" lon="39.117822"><ele>103.3</ele><time>2026-01-03T11:02:57Z</time></trkpt><trkpt lat="58.033852" lon="39.11769"><ele>102.9</ele><time>2026-01-03T11:02:59Z</time></trkpt><trkpt lat="58.0339" lon="39.11754"><ele>102.8</ele><time>2026-01-03T11:03:01Z</time></trkpt><trkpt lat="58.03396" lon="39.117405"><ele>102.0</ele><time>2026-01-03T11:03:03Z</time></trkpt><trkpt lat="58.03404" lon="39.117265"><ele>100.7</ele><time>2026-01-03T11:03:05Z</time></trkpt><trkpt lat="58.03413" lon="39.117155"><ele>100.3</ele><time>2026-01-03T11:03:07Z</time></trkpt><trkpt lat="58.034217" lon="39.117085"><ele>100.1</ele><time>2026-01-03T11:03:09Z</time></trkpt><trkpt lat="58.03431" lon="39.117057"><ele>99.3</ele><time>2026-01-03T11:03:12Z</time></trkpt><trkpt lat="58.034392" lon="39.11707"><ele>98.5</ele><time>2026-01-03T11:03:15Z</time></trkpt><trkpt lat="58.034465" lon="39.117085"><ele>98.0</ele><time>2026-01-03T11:03:18Z</time></trkpt><trkpt lat="58.03454" lon="39.11712"><ele>97.5</ele><time>2026-01-03T11:03:21Z</time></trkpt><trkpt lat="58.034622" lon="39.117145"><ele>96.7</ele><time>2026-01-03T11:03:25Z</time></trkpt><trkpt lat="58.034725" lon="39.11719"><ele>94.6</ele><time>2026-01-03T11:03:29Z</time></trkpt><trkpt lat="58.03481" lon="39.117245"><ele>93.2</ele><time>2026-01-03T11:03:31Z</time></trkpt><trkpt lat="58.034915" lon="39.117335"><ele>91.5</ele><time>2026-01-03T11:03:33Z</time></trkpt><trkpt lat="58.035045" lon="39.117475"><ele>91.2</ele><time>2026-01-03T11:03:35Z</time></trkpt><trkpt lat="58.035115" lon="39.117557"><ele>90.8</ele><time>2026-01-03T11:03:36Z</time></trkpt><trkpt lat="58.035182" lon="39.11764"><ele>92.0</ele><time>2026-01-03T11:03:37Z</time></trkpt><trkpt lat="58.035245" lon="39.117717"><ele>92.1</ele><time>2026-01-03T11:03:38Z</time></trkpt><trkpt lat="58.035352" lon="39.11787"><ele>91.9</ele><time>2026-01-03T11:03:40Z</time></trkpt><trkpt lat="58.035407" lon="39.117965"><ele>93.9</ele><time>2026-01-03T11:03:41Z</time></trkpt><trkpt lat="58.035495" lon="39.118097"><ele>93.9</ele><time>2026-01-03T11:03:43Z</time></trkpt><trkpt lat="58.035575" lon="39.118212"><ele>93.4</ele><time>2026-01-03T11:03:45Z</time></trkpt><trkpt lat="58.035645" lon="39.118315"><ele>93.2</ele><time>2026-01-03T11:03:47Z</time></trkpt><trkpt lat="58.035707" lon="39.118385"><ele>92.5</ele><time>2026-01-03T11:03:49Z</time></trkpt><trkpt lat="58.035795" lon="39.118477"><ele>92.0</ele><time>2026-01-03T11:03:52Z</time></trkpt><trkpt lat="58.03586" lon="39.118577"><ele>90.9</ele><time>2026-01-03T11:03:55Z</time></trkpt><trkpt lat="58.035925" lon="39.118655"><ele>90.7</ele><time>2026-01-03T11:03:57Z</time></trkpt><trkpt lat="58.03598" lon="39.118755"><ele>90.2</ele><time>2026-01-03T11:03:59Z</time></trkpt><trkpt lat="58.036067" lon="39.118865"><ele>89.8</ele><time>2026-01-03T11:04:02Z</time></trkpt><trkpt lat="58.036132" lon="39.118925"><ele>90.9</ele><time>2026-01-03T11:04:04Z</time></trkpt><trkpt lat="58.0362" lon="39.118995"><ele>90.8</ele><time>2026-01-03T11:04:06Z</time></trkpt><trkpt lat="58.036285" lon="39.119097"><ele>91.6</ele><time>2026-01-03T11:04:09Z</time></trkpt><trkpt lat="58.036375" lon="39.119195"><ele>91.5</ele><time>2026-01-03T11:04:12Z</time></trkpt><trkpt lat="58.036452" lon="39.11927"><ele>92.3</ele><time>2026-01-03T11:04:15Z</time></trkpt><trkpt lat="58.03653" lon="39.119322"><ele>92.0</ele><time>2026-01-03T11:04:18Z</time></trkpt><trkpt lat="58.036625" lon="39.119295"><ele>92.8</ele><time>2026-01-03T11:04:22Z</time></trkpt><trkpt lat="58.0367" lon="39.11925"><ele>94.2</ele><time>2026-01-03T11:04:25Z</time></trkpt><trkpt lat="58.03678" lon="39.1192"><ele>94.3</ele><time>2026-01-03T11:04:28Z</time></trkpt><trkpt lat="58.03686" lon="39.119162"><ele>95.0</ele><time>2026-01-03T11:04:31Z</time></trkpt><trkpt lat="58.03694" lon="39.119135"><ele>95.8</ele><time>2026-01-03T11:04:34Z</time></trkpt><trkpt lat="58.037015" lon="39.1191"><ele>96.4</ele><time>2026-01-03T11:04:37Z</time></trkpt><trkpt lat="58.03709" lon="39.119065"><ele>97.0</ele><time>2026-01-03T11:04:40Z</time></trkpt><trkpt lat="58.03718" lon="39.119007"><ele>97.9</ele><time>2026-01-03T11:04:44Z</time></trkpt><trkpt lat="58.03726" lon="39.118935"><ele>99.4</ele><time>2026-01-03T11:04:47Z</time></trkpt><trkpt lat="58.037325" lon="39.118775"><ele>99.2</ele><time>2026-01-03T11:04:50Z</time></trkpt><trkpt lat="58.037355" lon="39.118585"><ele>99.8</ele><time>2026-01-03T11:04:52Z</time></trkpt><trkpt lat="58.037392" lon="39.11839"><ele>99.3</ele><time>2026-01-03T11:04:54Z</time></trkpt><trkpt lat="58.037445" lon="39.11819"><ele>98.8</ele><time>2026-01-03T11:04:56Z</time></trkpt><trkpt lat="58.037495" lon="39.11798"><ele>98.4</ele><time>2026-01-03T11:04:58Z</time></trkpt><trkpt lat="58.03756" lon="39.11781"><ele>98.4</ele><time>2026-01-03T11:05:00Z</time></trkpt><trkpt lat="58.037622" lon="39.11766"><ele>97.6</ele><time>2026-01-03T11:05:02Z</time></trkpt><trkpt lat="58.037695" lon="39.11755"><ele>97.3</ele><time>2026-01-03T11:05:04Z</time></trkpt><trkpt lat="58.037765" lon="39.11747"><ele>96.4</ele><time>2026-01-03T11:05:06Z</time></trkpt><trkpt lat="58.03785" lon="39.117377"><ele>95.9</ele><time>2026-01-03T11:05:09Z</time></trkpt><trkpt lat="58.037925" lon="39.117305"><ele>95.7</ele><time>2026-01-03T11:05:13Z</time></trkpt><trkpt lat="58.037995" lon="39.117197"><ele>95.9</ele><time>2026-01-03T11:05:17Z</time></trkpt><trkpt lat="58.03806" lon="39.117075"><ele>95.8</ele><time>2026-01-03T11:05:21Z</time></trkpt><trkpt lat="58.038117" lon="39.116985"><ele>95.8</ele><time>2026-01-03T11:05:24Z</time></trkpt><trkpt lat="58.0382" lon="39.11698"><ele>96.1</ele><time>2026-01-03T11:05:27Z</time></trkpt><trkpt lat="58.038275" lon="39.116952"><ele>95.8</ele><time>2026-01-03T11:05:30Z</time></trkpt><trkpt lat="58.038345" lon="39.11688"><ele>95.4</ele><time>2026-01-03T11:05:33Z</time></trkpt><trkpt lat="58.03841" lon="39.1168"><ele>95.6</ele><time>2026-01-03T11:05:36Z</time></trkpt><trkpt lat="58.038462" lon="39.116685"><ele>96.0</ele><time>2026-01-03T11:05:39Z</time></trkpt><trkpt lat="58.03852" lon="39.116572"><ele>96.1</ele><time>2026-01-03T11:05:42Z</time></trkpt><trkpt lat="58.03856" lon="39.116452"><ele>96.2</ele><time>2026-01-03T11:05:45Z</time></trkpt><trkpt lat="58.03859" lon="39.116325"><ele>96.9</ele><time>2026-01-03T11:05:48Z</time></trkpt><trkpt lat="58.038605" lon="39.116175"><ele>97.4</ele><time>2026-01-03T11:05:52Z</time></trkpt><trkpt lat="58.038607" lon="39.11602"><ele>97.4</ele><time>2026-01-03T11:05:59Z</time></trkpt><trkpt lat="58.03863" lon="39.11588"><ele>97.6</ele><time>2026-01-03T11:06:03Z</time></trkpt><trkpt lat="58.038645" lon="39.115742"><ele>98.2</ele><time>2026-01-03T11:06:07Z</time></trkpt><trkpt lat="58.038665" lon="39.11558"><ele>98.8</ele><time>2026-01-03T11:06:11Z</time></trkpt><trkpt lat="58.038685" lon="39.115407"><ele>99.0</ele><time>2026-01-03T11:06:15Z</time></trkpt><trkpt lat="58.038715" lon="39.115237"><ele>98.7</ele><time>2026-01-03T11:06:19Z</time></trkpt><trkpt lat="58.03873" lon="39.115095"><ele>98.6</ele><time>2026-01-03T11:06:22Z</time></trkpt><trkpt lat="58.038745" lon="39.11494"><ele>98.9</ele><time>2026-01-03T11:06:25Z</time></trkpt><trkpt lat="58.03876" lon="39.114777"><ele>98.7</ele><time>2026-01-03T11:06:28Z</time></trkpt><trkpt lat="58.038785" lon="39.11461"><ele>98.5</ele><time>2026-01-03T11:06:31Z</time></trkpt><trkpt lat="58.03881" lon="39.11444"><ele>98.5</ele><time>2026-01-03T11:06:34Z</time></trkpt><trkpt lat="58.038832" lon="39.114242"><ele>98.5</ele><time>2026-01-03T11:06:37Z</time></trkpt><trkpt lat="58.038847" lon="39.114102"><ele>98.5</ele><time>2026-01-03T11:06:39Z</time></trkpt><trkpt lat="58.03886" lon="39.113952"><ele>98.4</ele><time>2026-01-03T11:06:41Z</time></trkpt><trkpt lat="58.038877" lon="39.113815"><ele>98.2</ele><time>2026-01-03T11:06:43Z</time></trkpt><trkpt lat="58.0389" lon="39.113637"><ele>98.1</ele><time>2026-01-03T11:06:46Z</time></trkpt><trkpt lat="58.038917" lon="39.113495"><ele>98.1</ele><time>2026-01-03T11:06:49Z</time></trkpt><trkpt lat="58.038932" lon="39.113327"><ele>97.8</ele><time>2026-01-03T11:06:52Z</time></trkpt><trkpt lat="58.038945" lon="39.113155"><ele>97.5</ele><time>2026-01-03T11:06:55Z</time></trkpt><trkpt lat="58.038942" lon="39.112975"><ele>97.2</ele><time>2026-01-03T11:06:58Z</time></trkpt><trkpt lat="58.038917" lon="39.112807"><ele>96.9</ele><time>2026-01-03T11:07:01Z</time></trkpt><trkpt lat="58.03887" lon="39.11265"><ele>96.8</ele><time>2026-01-03T11:07:04Z</time></trkpt><trkpt lat="58.038805" lon="39.112497"><ele>96.7</ele><time>2026-01-03T11:07:07Z</time></trkpt><trkpt lat="58.038735" lon="39.112385"><ele>96.9</ele><time>2026-01-03T11:07:10Z</time></trkpt><trkpt lat="58.038665" lon="39.112305"><ele>97.1</ele><time>2026-01-03T11:07:13Z</time></trkpt><trkpt lat="58.03859" lon="39.112245"><ele>97.0</ele><time>2026-01-03T11:07:16Z</time></trkpt><trkpt lat="58.038495" lon="39.11223"><ele>96.9</ele><time>2026-01-03T11:07:20Z</time></trkpt><trkpt lat="58.038415" lon="39.11225"><ele>97.2</ele><time>2026-01-03T11:07:23Z</time></trkpt><trkpt lat="58.038327" lon="39.112315"><ele>97.8</ele><time>2026-01-03T11:07:26Z</time></trkpt><trkpt lat="58.03827" lon="39.112415"><ele>97.9</ele><time>2026-01-03T11:07:29Z</time></trkpt><trkpt lat="58.03823" lon="39.11254"><ele>97.7</ele><time>2026-01-03T11:07:32Z</time></trkpt><trkpt lat="58.03823" lon="39.11269"><ele>97.7</ele><time>2026-01-03T11:07:35Z</time></trkpt><trkpt lat="58.038255" lon="39.11285"><ele>98.1</ele><time>2026-01-03T11:07:38Z</time></trkpt><trkpt lat="58.038285" lon="39.113027"><ele>97.4</ele><time>2026-01-03T11:07:41Z</time></trkpt><trkpt lat="58.038325" lon="39.113195"><ele>97.1</ele><time>2026-01-03T11:07:44Z</time></trkpt><trkpt lat="58.03836" lon="39.113375"><ele>96.8</ele><time>2026-01-03T11:07:47Z</time></trkpt><trkpt lat="58.038395" lon="39.113552"><ele>97.2</ele><time>2026-01-03T11:07:50Z</time></trkpt><trkpt lat="58.038422" lon="39.113722"><ele>96.8</ele><time>2026-01-03T11:07:53Z</time></trkpt><trkpt lat="58.03843" lon="39.1139"><ele>96.8</ele><time>2026-01-03T11:07:56Z</time></trkpt><trkpt lat="58.03842" lon="39.114055"><ele>96.9</ele><time>2026-01-03T11:07:59Z</time></trkpt><trkpt lat="58.038392" lon="39.114195"><ele>97.1</ele><time>2026-01-03T11:08:02Z</time></trkpt><trkpt lat="58.03836" lon="39.114327"><ele>97.0</ele><time>2026-01-03T11:08:05Z</time></trkpt><trkpt lat="58.03832" lon="39.114467"><ele>96.5</ele><time>2026-01-03T11:08:08Z</time></trkpt><trkpt lat="58.03828" lon="39.114632"><ele>96.9</ele><time>2026-01-03T11:08:11Z</time></trkpt><trkpt lat="58.038235" lon="39.114775"><ele>96.8</ele><time>2026-01-03T11:08:14Z</time></trkpt><trkpt lat="58.038195" lon="39.114922"><ele>96.9</ele><time>2026-01-03T11:08:17Z</time></trkpt><trkpt lat="58.038165" lon="39.115045"><ele>97.6</ele><time>2026-01-03T11:08:20Z</time></trkpt><trkpt lat="58.038135" lon="39.115205"><ele>97.6</ele><time>2026-01-03T11:08:24Z</time></trkpt><trkpt lat="58.038122" lon="39.115375"><ele>97.0</ele><time>2026-01-03T11:08:28Z</time></trkpt><trkpt lat="58.038115" lon="39.115535"><ele>97.1</ele><time>2026-01-03T11:08:32Z</time></trkpt><trkpt lat="58.03815" lon="39.115685"><ele>97.4</ele><time>2026-01-03T11:08:36Z</time></trkpt><trkpt lat="58.038157" lon="39.11582"><ele>97.9</ele><time>2026-01-03T11:08:40Z</time></trkpt><trkpt lat="58.03818" lon="39.11596"><ele>98.3</ele><time>2026-01-03T11:08:44Z</time></trkpt><trkpt lat="58.038227" lon="39.116065"><ele>98.5</ele><time>2026-01-03T11:08:48Z</time></trkpt></trkseg></trk></gpx>