<?xml version="1.0" encoding="UTF-8" standalone="no"?><gpx xmlns="http://www.topografix.com/GPX/1/1" xmlns:gpxtpx="http://www.garmin.com/xmlschemas/TrackPointExtension/v1" xmlns:xsi="http://www.w3.org/2001/XMLSchema-instance" creator="Sports Tracker" version="1.1" xsi:schemaLocation="http://www.topografix.com/GPX/1/1 http://www.topografix.com/GPX/1/1/gpx.xsd http://www.garmin.com/xmlschemas/TrackPointExtension/v1 http://www.garmin.com/xmlschemas/TrackPointExtensionv1.xsd"><metadata><name/><desc/><author><name>Александр</name></author></metadata><trk><name/><trkseg><trkpt lat="58.057118" lon="38.807262"><ele>133.9</ele><time>2023-08-29T06:41:44Z</time></trkpt><trkpt lat="58.057078" lon="38.807433"><ele>130.7</ele><time>2023-08-29T06:41:46Z</time></trkpt><trkpt lat="58.057245" lon="38.807383"><ele>133.3</ele><time>2023-08-29T06:41:49Z</time></trkpt><trkpt lat="58.057262" lon="38.807515"><ele>100.0</ele><time>2023-08-29T06:41:52Z</time></trkpt><trkpt lat="58.057307" lon="38.807628"><ele>109.0</ele><time>2023-08-29T06:42:05Z</time></trkpt><trkpt lat="58.057232" lon="38.807562"><ele>109.0</ele><time>2023-08-29T06:42:24Z</time></trkpt><trkpt lat="58.057168" lon="38.807635"><ele>109.5</ele><time>2023-08-29T06:42:26Z</time></trkpt><trkpt lat="58.057098" lon="38.807757"><ele>110.0</ele><time>2023-08-29T06:42:28Z</time></trkpt><trkpt lat="58.057047" lon="38.807908"><ele>110.9</ele><time>2023-08-29T06:42:30Z</time></trkpt><trkpt lat="58.056995" lon="38.808063"><ele>111.3</ele><time>2023-08-29T06:42:32Z</time></trkpt><trkpt lat="58.056927" lon="38.808248"><ele>111.9</ele><time>2023-08-29T06:42:34Z</time></trkpt><trkpt lat="58.056878" lon="38.808498"><ele>112.7</ele><time>2023-08-29T06:42:36Z</time></trkpt><trkpt lat="58.05685" lon="38.808717"><ele>111.7</ele><time>2023-08-29T06:42:38Z</time></trkpt><trkpt lat="58.056847" lon="38.808942"><ele>110.5</ele><time>2023-08-29T06:42:40Z</time></trkpt><trkpt lat="58.056822" lon="38.809168"><ele>109.8</ele><time>2023-08-29T06:42:42Z</time></trkpt><trkpt lat="58.056815" lon="38.809408"><ele>109.4</ele><time>2023-08-29T06:42:44Z</time></trkpt><trkpt lat="58.056795" lon="38.809618"><ele>109.2</ele><time>2023-08-29T06:42:46Z</time></trkpt><trkpt lat="58.056785" lon="38.809818"><ele>108.7</ele><time>2023-08-29T06:42:48Z</time></trkpt><trkpt lat="58.056768" lon="38.810017"><ele>108.1</ele><time>2023-08-29T06:42:50Z</time></trkpt><trkpt lat="58.056755" lon="38.81021"><ele>107.9</ele><time>2023-08-29T06:42:52Z</time></trkpt><trkpt lat="58.056738" lon="38.810363"><ele>107.7</ele><time>2023-08-29T06:42:54Z</time></trkpt><trkpt lat="58.056767" lon="38.81053"><ele>107.0</ele><time>2023-08-29T06:42:57Z</time></trkpt><trkpt lat="58.056862" lon="38.810533"><ele>107.5</ele><time>2023-08-29T06:42:59Z</time></trkpt><trkpt lat="58.056933" lon="38.810532"><ele>107.5</ele><time>2023-08-29T06:43:02Z</time></trkpt><trkpt lat="58.056867" lon="38.8106"><ele>109.4</ele><time>2023-08-29T06:43:49Z</time></trkpt><trkpt lat="58.05694" lon="38.810527"><ele>107.3</ele><time>2023-08-29T06:46:43Z</time></trkpt><trkpt lat="58.057023" lon="38.810578"><ele>107.1</ele><time>2023-08-29T06:46:48Z</time></trkpt><trkpt lat="58.05712" lon="38.810598"><ele>106.6</ele><time>2023-08-29T06:46:51Z</time></trkpt><trkpt lat="58.0572" lon="38.810597"><ele>107.4</ele><time>2023-08-29T06:46:53Z</time></trkpt><trkpt lat="58.057297" lon="38.810545"><ele>107.7</ele><time>2023-08-29T06:46:55Z</time></trkpt><trkpt lat="58.0574" lon="38.81056"><ele>107.7</ele><time>2023-08-29T06:46:58Z</time></trkpt><trkpt lat="58.057475" lon="38.810612"><ele>107.3</ele><time>2023-08-29T06:47:00Z</time></trkpt><trkpt lat="58.057555" lon="38.810652"><ele>107.3</ele><time>2023-08-29T06:47:02Z</time></trkpt><trkpt lat="58.057653" lon="38.8107"><ele>107.1</ele><time>2023-08-29T06:47:04Z</time></trkpt><trkpt lat="58.057755" lon="38.810727"><ele>107.0</ele><time>2023-08-29T06:47:06Z</time></trkpt><trkpt lat="58.057865" lon="38.81072"><ele>107.5</ele><time>2023-08-29T06:47:08Z</time></trkpt><trkpt lat="58.057965" lon="38.810762"><ele>107.6</ele><time>2023-08-29T06:47:10Z</time></trkpt><trkpt lat="58.058078" lon="38.810775"><ele>107.4</ele><time>2023-08-29T06:47:12Z</time></trkpt><trkpt lat="58.058173" lon="38.810807"><ele>107.0</ele><time>2023-08-29T06:47:14Z</time></trkpt><trkpt lat="58.058273" lon="38.810785"><ele>106.8</ele><time>2023-08-29T06:47:16Z</time></trkpt><trkpt lat="58.05835" lon="38.810793"><ele>106.9</ele><time>2023-08-29T06:47:18Z</time></trkpt><trkpt lat="58.058445" lon="38.810797"><ele>105.9</ele><time>2023-08-29T06:47:21Z</time></trkpt><trkpt lat="58.058525" lon="38.810832"><ele>106.2</ele><time>2023-08-29T06:47:24Z</time></trkpt><trkpt lat="58.05862" lon="38.810867"><ele>105.6</ele><time>2023-08-29T06:47:27Z</time></trkpt><trkpt lat="58.058702" lon="38.810895"><ele>105.4</ele><time>2023-08-29T06:47:31Z</time></trkpt><trkpt lat="58.058783" lon="38.810917"><ele>105.1</ele><time>2023-08-29T06:47:34Z</time></trkpt><trkpt lat="58.058838" lon="38.811025"><ele>104.9</ele><time>2023-08-29T06:47:39Z</time></trkpt><trkpt lat="58.058822" lon="38.811195"><ele>104.4</ele><time>2023-08-29T06:47:43Z</time></trkpt><trkpt lat="58.058803" lon="38.811352"><ele>104.9</ele><time>2023-08-29T06:47:46Z</time></trkpt><trkpt lat="58.05879" lon="38.811498"><ele>104.3</ele><time>2023-08-29T06:47:48Z</time></trkpt><trkpt lat="58.058768" lon="38.811732"><ele>104.5</ele><time>2023-08-29T06:47:50Z</time></trkpt><trkpt lat="58.058787" lon="38.811918"><ele>105.0</ele><time>2023-08-29T06:47:52Z</time></trkpt><trkpt lat="58.058757" lon="38.812062"><ele>104.6</ele><time>2023-08-29T06:47:54Z</time></trkpt><trkpt lat="58.058772" lon="38.812203"><ele>104.8</ele><time>2023-08-29T06:47:56Z</time></trkpt><trkpt lat="58.058755" lon="38.81243"><ele>103.8</ele><time>2023-08-29T06:47:58Z</time></trkpt><trkpt lat="58.058753" lon="38.81259"><ele>103.3</ele><time>2023-08-29T06:47:59Z</time></trkpt><trkpt lat="58.05872" lon="38.812838"><ele>103.4</ele><time>2023-08-29T06:48:01Z</time></trkpt><trkpt lat="58.058693" lon="38.813045"><ele>103.9</ele><time>2023-08-29T06:48:03Z</time></trkpt><trkpt lat="58.058635" lon="38.813215"><ele>104.4</ele><time>2023-08-29T06:48:05Z</time></trkpt><trkpt lat="58.058618" lon="38.813412"><ele>104.6</ele><time>2023-08-29T06:48:07Z</time></trkpt><trkpt lat="58.058597" lon="38.813652"><ele>103.8</ele><time>2023-08-29T06:48:09Z</time></trkpt><trkpt lat="58.058578" lon="38.813807"><ele>104.2</ele><time>2023-08-29T06:48:10Z</time></trkpt><trkpt lat="58.058572" lon="38.814095"><ele>104.0</ele><time>2023-08-29T06:48:12Z</time></trkpt><trkpt lat="58.058568" lon="38.814232"><ele>104.0</ele><time>2023-08-29T06:48:13Z</time></trkpt><trkpt lat="58.05854" lon="38.814383"><ele>103.9</ele><time>2023-08-29T06:48:14Z</time></trkpt><trkpt lat="58.058533" lon="38.814525"><ele>103.8</ele><time>2023-08-29T06:48:15Z</time></trkpt><trkpt lat="58.058525" lon="38.814668"><ele>104.0</ele><time>2023-08-29T06:48:16Z</time></trkpt><trkpt lat="58.058515" lon="38.814805"><ele>104.0</ele><time>2023-08-29T06:48:17Z</time></trkpt><trkpt lat="58.058512" lon="38.815063"><ele>104.0</ele><time>2023-08-29T06:48:19Z</time></trkpt><trkpt lat="58.058507" lon="38.815202"><ele>104.1</ele><time>2023-08-29T06:48:20Z</time></trkpt><trkpt lat="58.05849" lon="38.815467"><ele>104.1</ele><time>2023-08-29T06:48:22Z</time></trkpt><trkpt lat="58.058487" lon="38.815712"><ele>104.3</ele><time>2023-08-29T06:48:24Z</time></trkpt><trkpt lat="58.058482" lon="38.815977"><ele>104.4</ele><time>2023-08-29T06:48:26Z</time></trkpt><trkpt lat="58.058463" lon="38.816208"><ele>104.3</ele><time>2023-08-29T06:48:28Z</time></trkpt><trkpt lat="58.058447" lon="38.816432"><ele>104.5</ele><time>2023-08-29T06:48:30Z</time></trkpt><trkpt lat="58.058442" lon="38.816615"><ele>104.0</ele><time>2023-08-29T06:48:32Z</time></trkpt><trkpt lat="58.058432" lon="38.816777"><ele>103.5</ele><time>2023-08-29T06:48:34Z</time></trkpt><trkpt lat="58.058412" lon="38.816915"><ele>103.8</ele><time>2023-08-29T06:48:39Z</time></trkpt><trkpt lat="58.05841" lon="38.817067"><ele>103.3</ele><time>2023-08-29T06:48:43Z</time></trkpt><trkpt lat="58.058395" lon="38.81723"><ele>103.6</ele><time>2023-08-29T06:48:45Z</time></trkpt><trkpt lat="58.058372" lon="38.817447"><ele>103.6</ele><time>2023-08-29T06:48:47Z</time></trkpt><trkpt lat="58.058347" lon="38.817717"><ele>103.9</ele><time>2023-08-29T06:48:49Z</time></trkpt><trkpt lat="58.058322" lon="38.817975"><ele>103.2</ele><time>2023-08-29T06:48:51Z</time></trkpt><trkpt lat="58.058295" lon="38.818228"><ele>102.5</ele><time>2023-08-29T06:48:53Z</time></trkpt><trkpt lat="58.058298" lon="38.818462"><ele>101.8</ele><time>2023-08-29T06:48:55Z</time></trkpt><trkpt lat="58.058283" lon="38.818727"><ele>101.5</ele><time>2023-08-29T06:48:57Z</time></trkpt><trkpt lat="58.058267" lon="38.818868"><ele>101.3</ele><time>2023-08-29T06:48:58Z</time></trkpt><trkpt lat="58.05825" lon="38.819015"><ele>101.9</ele><time>2023-08-29T06:48:59Z</time></trkpt><trkpt lat="58.058238" lon="38.819233"><ele>101.6</ele><time>2023-08-29T06:49:01Z</time></trkpt><trkpt lat="58.05822" lon="38.819375"><ele>101.4</ele><time>2023-08-29T06:49:02Z</time></trkpt><trkpt lat="58.058183" lon="38.81955"><ele>101.6</ele><time>2023-08-29T06:49:03Z</time></trkpt><trkpt lat="58.058163" lon="38.819792"><ele>101.2</ele><time>2023-08-29T06:49:05Z</time></trkpt><trkpt lat="58.058152" lon="38.820043"><ele>101.1</ele><time>2023-08-29T06:49:07Z</time></trkpt><trkpt lat="58.058123" lon="38.82026"><ele>101.3</ele><time>2023-08-29T06:49:09Z</time></trkpt><trkpt lat="58.05812" lon="38.820502"><ele>101.8</ele><time>2023-08-29T06:49:11Z</time></trkpt><trkpt lat="58.058183" lon="38.82073"><ele>101.4</ele><time>2023-08-29T06:49:13Z</time></trkpt><trkpt lat="58.058223" lon="38.8209"><ele>100.7</ele><time>2023-08-29T06:49:15Z</time></trkpt><trkpt lat="58.058298" lon="38.821005"><ele>101.1</ele><time>2023-08-29T06:49:17Z</time></trkpt><trkpt lat="58.058393" lon="38.821052"><ele>100.4</ele><time>2023-08-29T06:49:19Z</time></trkpt><trkpt lat="58.058517" lon="38.821068"><ele>99.9</ele><time>2023-08-29T06:49:21Z</time></trkpt><trkpt lat="58.05859" lon="38.821102"><ele>99.7</ele><time>2023-08-29T06:49:22Z</time></trkpt><trkpt lat="58.058708" lon="38.821162"><ele>100.6</ele><time>2023-08-29T06:49:24Z</time></trkpt><trkpt lat="58.058843" lon="38.821202"><ele>100.8</ele><time>2023-08-29T06:49:26Z</time></trkpt><trkpt lat="58.058985" lon="38.821227"><ele>100.6</ele><time>2023-08-29T06:49:28Z</time></trkpt><trkpt lat="58.059112" lon="38.821252"><ele>100.7</ele><time>2023-08-29T06:49:30Z</time></trkpt><trkpt lat="58.059228" lon="38.821288"><ele>101.6</ele><time>2023-08-29T06:49:32Z</time></trkpt><trkpt lat="58.059303" lon="38.821338"><ele>101.1</ele><time>2023-08-29T06:49:34Z</time></trkpt><trkpt lat="58.059398" lon="38.821347"><ele>99.8</ele><time>2023-08-29T06:49:37Z</time></trkpt><trkpt lat="58.059477" lon="38.821352"><ele>101.8</ele><time>2023-08-29T06:49:56Z</time></trkpt><trkpt lat="58.059567" lon="38.821357"><ele>102.3</ele><time>2023-08-29T06:50:00Z</time></trkpt><trkpt lat="58.059645" lon="38.821377"><ele>100.8</ele><time>2023-08-29T06:50:02Z</time></trkpt><trkpt lat="58.059755" lon="38.821407"><ele>100.4</ele><time>2023-08-29T06:50:04Z</time></trkpt><trkpt lat="58.059852" lon="38.821408"><ele>99.2</ele><time>2023-08-29T06:50:06Z</time></trkpt><trkpt lat="58.059912" lon="38.821282"><ele>98.8</ele><time>2023-08-29T06:50:08Z</time></trkpt><trkpt lat="58.059965" lon="38.821188"><ele>99.3</ele><time>2023-08-29T06:50:10Z</time></trkpt><trkpt lat="58.060035" lon="38.821132"><ele>99.1</ele><time>2023-08-29T06:50:18Z</time></trkpt><trkpt lat="58.05996" lon="38.821007"><ele>97.4</ele><time>2023-08-29T06:51:15Z</time></trkpt><trkpt lat="58.060012" lon="38.821107"><ele>98.9</ele><time>2023-08-29T06:52:49Z</time></trkpt><trkpt lat="58.059973" lon="38.821268"><ele>98.8</ele><time>2023-08-29T06:52:58Z</time></trkpt><trkpt lat="58.059905" lon="38.821388"><ele>99.1</ele><time>2023-08-29T06:53:00Z</time></trkpt><trkpt lat="58.059832" lon="38.821488"><ele>98.9</ele><time>2023-08-29T06:53:02Z</time></trkpt><trkpt lat="58.059787" lon="38.82161"><ele>98.5</ele><time>2023-08-29T06:53:04Z</time></trkpt><trkpt lat="58.059768" lon="38.821782"><ele>97.6</ele><time>2023-08-29T06:53:06Z</time></trkpt><trkpt lat="58.05976" lon="38.821982"><ele>96.6</ele><time>2023-08-29T06:53:08Z</time></trkpt><trkpt lat="58.059753" lon="38.822197"><ele>96.9</ele><time>2023-08-29T06:53:10Z</time></trkpt><trkpt lat="58.059713" lon="38.822432"><ele>97.0</ele><time>2023-08-29T06:53:12Z</time></trkpt><trkpt lat="58.059703" lon="38.822683"><ele>96.6</ele><time>2023-08-29T06:53:14Z</time></trkpt><trkpt lat="58.059668" lon="38.82293"><ele>97.4</ele><time>2023-08-29T06:53:16Z</time></trkpt><trkpt lat="58.059623" lon="38.823178"><ele>97.6</ele><time>2023-08-29T06:53:18Z</time></trkpt><trkpt lat="58.059567" lon="38.823373"><ele>97.4</ele><time>2023-08-29T06:53:20Z</time></trkpt><trkpt lat="58.059503" lon="38.82355"><ele>97.5</ele><time>2023-08-29T06:53:22Z</time></trkpt><trkpt lat="58.05941" lon="38.823727"><ele>98.1</ele><time>2023-08-29T06:53:24Z</time></trkpt><trkpt lat="58.059322" lon="38.823905"><ele>97.5</ele><time>2023-08-29T06:53:26Z</time></trkpt><trkpt lat="58.059228" lon="38.82403"><ele>97.2</ele><time>2023-08-29T06:53:28Z</time></trkpt><trkpt lat="58.059143" lon="38.82418"><ele>96.8</ele><time>2023-08-29T06:53:30Z</time></trkpt><trkpt lat="58.059103" lon="38.824418"><ele>96.7</ele><time>2023-08-29T06:53:32Z</time></trkpt><trkpt lat="58.05915" lon="38.824622"><ele>96.1</ele><time>2023-08-29T06:53:34Z</time></trkpt><trkpt lat="58.059205" lon="38.82481"><ele>96.0</ele><time>2023-08-29T06:53:36Z</time></trkpt><trkpt lat="58.059237" lon="38.825048"><ele>96.0</ele><time>2023-08-29T06:53:38Z</time></trkpt><trkpt lat="58.059265" lon="38.825282"><ele>95.1</ele><time>2023-08-29T06:53:40Z</time></trkpt><trkpt lat="58.059303" lon="38.825495"><ele>94.9</ele><time>2023-08-29T06:53:42Z</time></trkpt><trkpt lat="58.059282" lon="38.825637"><ele>95.0</ele><time>2023-08-29T06:53:43Z</time></trkpt><trkpt lat="58.05932" lon="38.825833"><ele>94.9</ele><time>2023-08-29T06:53:45Z</time></trkpt><trkpt lat="58.059375" lon="38.82601"><ele>95.1</ele><time>2023-08-29T06:53:47Z</time></trkpt><trkpt lat="58.059413" lon="38.826178"><ele>94.7</ele><time>2023-08-29T06:53:49Z</time></trkpt><trkpt lat="58.059437" lon="38.82631"><ele>94.5</ele><time>2023-08-29T06:53:51Z</time></trkpt><trkpt lat="58.059447" lon="38.826467"><ele>95.8</ele><time>2023-08-29T06:53:53Z</time></trkpt><trkpt lat="58.059398" lon="38.826572"><ele>96.2</ele><time>2023-08-29T06:53:55Z</time></trkpt><trkpt lat="58.059318" lon="38.826725"><ele>95.9</ele><time>2023-08-29T06:53:58Z</time></trkpt><trkpt lat="58.059278" lon="38.82686"><ele>96.3</ele><time>2023-08-29T06:54:00Z</time></trkpt><trkpt lat="58.059222" lon="38.827025"><ele>95.9</ele><time>2023-08-29T06:54:02Z</time></trkpt><trkpt lat="58.059157" lon="38.82721"><ele>95.5</ele><time>2023-08-29T06:54:04Z</time></trkpt><trkpt lat="58.059115" lon="38.827373"><ele>95.7</ele><time>2023-08-29T06:54:06Z</time></trkpt><trkpt lat="58.059055" lon="38.82749"><ele>94.3</ele><time>2023-08-29T06:54:08Z</time></trkpt><trkpt lat="58.058992" lon="38.827675"><ele>94.2</ele><time>2023-08-29T06:54:10Z</time></trkpt><trkpt lat="58.058927" lon="38.827848"><ele>93.9</ele><time>2023-08-29T06:54:12Z</time></trkpt><trkpt lat="58.058852" lon="38.828038"><ele>94.8</ele><time>2023-08-29T06:54:14Z</time></trkpt><trkpt lat="58.058785" lon="38.828248"><ele>94.1</ele><time>2023-08-29T06:54:16Z</time></trkpt><trkpt lat="58.058718" lon="38.828477"><ele>94.6</ele><time>2023-08-29T06:54:18Z</time></trkpt><trkpt lat="58.05865" lon="38.828697"><ele>93.7</ele><time>2023-08-29T06:54:20Z</time></trkpt><trkpt lat="58.058613" lon="38.828823"><ele>92.9</ele><time>2023-08-29T06:54:21Z</time></trkpt><trkpt lat="58.058563" lon="38.828947"><ele>93.1</ele><time>2023-08-29T06:54:22Z</time></trkpt><trkpt lat="58.058505" lon="38.829042"><ele>93.0</ele><time>2023-08-29T06:54:23Z</time></trkpt><trkpt lat="58.058445" lon="38.829128"><ele>93.0</ele><time>2023-08-29T06:54:24Z</time></trkpt><trkpt lat="58.058382" lon="38.829212"><ele>93.2</ele><time>2023-08-29T06:54:25Z</time></trkpt><trkpt lat="58.05832" lon="38.829303"><ele>92.7</ele><time>2023-08-29T06:54:26Z</time></trkpt><trkpt lat="58.058258" lon="38.829403"><ele>92.4</ele><time>2023-08-29T06:54:27Z</time></trkpt><trkpt lat="58.058198" lon="38.829515"><ele>92.8</ele><time>2023-08-29T06:54:28Z</time></trkpt><trkpt lat="58.058138" lon="38.829605"><ele>92.6</ele><time>2023-08-29T06:54:29Z</time></trkpt><trkpt lat="58.058083" lon="38.829703"><ele>92.9</ele><time>2023-08-29T06:54:30Z</time></trkpt><trkpt lat="58.058027" lon="38.829798"><ele>93.4</ele><time>2023-08-29T06:54:31Z</time></trkpt><trkpt lat="58.057907" lon="38.829982"><ele>93.8</ele><time>2023-08-29T06:54:33Z</time></trkpt><trkpt lat="58.0578" lon="38.83013"><ele>93.5</ele><time>2023-08-29T06:54:35Z</time></trkpt><trkpt lat="58.057702" lon="38.830278"><ele>94.1</ele><time>2023-08-29T06:54:37Z</time></trkpt><trkpt lat="58.057575" lon="38.830468"><ele>93.7</ele><time>2023-08-29T06:54:39Z</time></trkpt><trkpt lat="58.057492" lon="38.83064"><ele>92.9</ele><time>2023-08-29T06:54:41Z</time></trkpt><trkpt lat="58.05741" lon="38.8308"><ele>93.4</ele><time>2023-08-29T06:54:43Z</time></trkpt><trkpt lat="58.057315" lon="38.83094"><ele>92.9</ele><time>2023-08-29T06:54:45Z</time></trkpt><trkpt lat="58.057213" lon="38.831068"><ele>93.2</ele><time>2023-08-29T06:54:47Z</time></trkpt><trkpt lat="58.057128" lon="38.831143"><ele>93.6</ele><time>2023-08-29T06:54:49Z</time></trkpt><trkpt lat="58.05703" lon="38.831252"><ele>93.5</ele><time>2023-08-29T06:54:51Z</time></trkpt><trkpt lat="58.056963" lon="38.831423"><ele>93.0</ele><time>2023-08-29T06:54:53Z</time></trkpt><trkpt lat="58.056893" lon="38.831608"><ele>92.3</ele><time>2023-08-29T06:54:55Z</time></trkpt><trkpt lat="58.056828" lon="38.831787"><ele>92.3</ele><time>2023-08-29T06:54:57Z</time></trkpt><trkpt lat="58.056772" lon="38.831983"><ele>93.0</ele><time>2023-08-29T06:54:59Z</time></trkpt><trkpt lat="58.05668" lon="38.832168"><ele>94.2</ele><time>2023-08-29T06:55:01Z</time></trkpt><trkpt lat="58.056623" lon="38.832363"><ele>95.2</ele><time>2023-08-29T06:55:03Z</time></trkpt><trkpt lat="58.05656" lon="38.832568"><ele>96.6</ele><time>2023-08-29T06:55:05Z</time></trkpt><trkpt lat="58.056512" lon="38.832778"><ele>95.7</ele><time>2023-08-29T06:55:07Z</time></trkpt><trkpt lat="58.056465" lon="38.832882"><ele>94.9</ele><time>2023-08-29T06:55:08Z</time></trkpt><trkpt lat="58.0564" lon="38.833115"><ele>94.6</ele><time>2023-08-29T06:55:10Z</time></trkpt><trkpt lat="58.056368" lon="38.833248"><ele>94.7</ele><time>2023-08-29T06:55:11Z</time></trkpt><trkpt lat="58.056315" lon="38.833437"><ele>94.7</ele><time>2023-08-29T06:55:13Z</time></trkpt><trkpt lat="58.056285" lon="38.833562"><ele>93.2</ele><time>2023-08-29T06:55:14Z</time></trkpt><trkpt lat="58.056253" lon="38.833683"><ele>92.8</ele><time>2023-08-29T06:55:15Z</time></trkpt><trkpt lat="58.05619" lon="38.833898"><ele>92.9</ele><time>2023-08-29T06:55:17Z</time></trkpt><trkpt lat="58.056123" lon="38.834103"><ele>92.2</ele><time>2023-08-29T06:55:19Z</time></trkpt><trkpt lat="58.056065" lon="38.834285"><ele>92.2</ele><time>2023-08-29T06:55:21Z</time></trkpt><trkpt lat="58.056013" lon="38.834445"><ele>92.2</ele><time>2023-08-29T06:55:23Z</time></trkpt><trkpt lat="58.055963" lon="38.834598"><ele>92.0</ele><time>2023-08-29T06:55:25Z</time></trkpt><trkpt lat="58.055915" lon="38.834747"><ele>92.2</ele><time>2023-08-29T06:55:27Z</time></trkpt><trkpt lat="58.055883" lon="38.834893"><ele>92.3</ele><time>2023-08-29T06:55:29Z</time></trkpt><trkpt lat="58.055833" lon="38.83504"><ele>92.7</ele><time>2023-08-29T06:55:31Z</time></trkpt><trkpt lat="58.055782" lon="38.835168"><ele>93.7</ele><time>2023-08-29T06:55:33Z</time></trkpt><trkpt lat="58.055738" lon="38.835337"><ele>94.0</ele><time>2023-08-29T06:55:35Z</time></trkpt><trkpt lat="58.055685" lon="38.835487"><ele>94.3</ele><time>2023-08-29T06:55:37Z</time></trkpt><trkpt lat="58.055632" lon="38.835642"><ele>94.2</ele><time>2023-08-29T06:55:39Z</time></trkpt><trkpt lat="58.055572" lon="38.835823"><ele>94.1</ele><time>2023-08-29T06:55:41Z</time></trkpt><trkpt lat="58.055518" lon="38.836032"><ele>94.3</ele><time>2023-08-29T06:55:43Z</time></trkpt><trkpt lat="58.055463" lon="38.836207"><ele>95.6</ele><time>2023-08-29T06:55:45Z</time></trkpt><trkpt lat="58.05541" lon="38.836375"><ele>95.3</ele><time>2023-08-29T06:55:47Z</time></trkpt><trkpt lat="58.055355" lon="38.83654"><ele>93.9</ele><time>2023-08-29T06:55:49Z</time></trkpt><trkpt lat="58.055293" lon="38.836703"><ele>93.5</ele><time>2023-08-29T06:55:51Z</time></trkpt><trkpt lat="58.055232" lon="38.836897"><ele>94.2</ele><time>2023-08-29T06:55:53Z</time></trkpt><trkpt lat="58.055178" lon="38.837052"><ele>93.5</ele><time>2023-08-29T06:55:55Z</time></trkpt><trkpt lat="58.055108" lon="38.837248"><ele>92.9</ele><time>2023-08-29T06:55:57Z</time></trkpt><trkpt lat="58.055047" lon="38.83743"><ele>92.3</ele><time>2023-08-29T06:55:59Z</time></trkpt><trkpt lat="58.054988" lon="38.837615"><ele>91.2</ele><time>2023-08-29T06:56:01Z</time></trkpt><trkpt lat="58.05493" lon="38.837822"><ele>91.3</ele><time>2023-08-29T06:56:03Z</time></trkpt><trkpt lat="58.054863" lon="38.837992"><ele>91.7</ele><time>2023-08-29T06:56:05Z</time></trkpt><trkpt lat="58.0548" lon="38.838213"><ele>91.7</ele><time>2023-08-29T06:56:07Z</time></trkpt><trkpt lat="58.054753" lon="38.83839"><ele>92.1</ele><time>2023-08-29T06:56:09Z</time></trkpt><trkpt lat="58.054693" lon="38.838595"><ele>92.0</ele><time>2023-08-29T06:56:11Z</time></trkpt><trkpt lat="58.054635" lon="38.838795"><ele>92.2</ele><time>2023-08-29T06:56:13Z</time></trkpt><trkpt lat="58.054567" lon="38.838953"><ele>92.6</ele><time>2023-08-29T06:56:15Z</time></trkpt><trkpt lat="58.054495" lon="38.839125"><ele>93.1</ele><time>2023-08-29T06:56:17Z</time></trkpt><trkpt lat="58.05446" lon="38.839253"><ele>93.3</ele><time>2023-08-29T06:56:18Z</time></trkpt><trkpt lat="58.054388" lon="38.83945"><ele>93.9</ele><time>2023-08-29T06:56:20Z</time></trkpt><trkpt lat="58.05434" lon="38.839637"><ele>94.1</ele><time>2023-08-29T06:56:22Z</time></trkpt><trkpt lat="58.054277" lon="38.839837"><ele>94.0</ele><time>2023-08-29T06:56:24Z</time></trkpt><trkpt lat="58.054223" lon="38.840038"><ele>93.7</ele><time>2023-08-29T06:56:26Z</time></trkpt><trkpt lat="58.054135" lon="38.840215"><ele>92.8</ele><time>2023-08-29T06:56:28Z</time></trkpt><trkpt lat="58.054067" lon="38.840405"><ele>94.6</ele><time>2023-08-29T06:56:30Z</time></trkpt><trkpt lat="58.053998" lon="38.840607"><ele>94.3</ele><time>2023-08-29T06:56:32Z</time></trkpt><trkpt lat="58.053932" lon="38.84078"><ele>94.3</ele><time>2023-08-29T06:56:34Z</time></trkpt><trkpt lat="58.053865" lon="38.84099"><ele>94.4</ele><time>2023-08-29T06:56:36Z</time></trkpt><trkpt lat="58.053802" lon="38.841188"><ele>94.4</ele><time>2023-08-29T06:56:38Z</time></trkpt><trkpt lat="58.05374" lon="38.841388"><ele>94.7</ele><time>2023-08-29T06:56:40Z</time></trkpt><trkpt lat="58.053675" lon="38.841588"><ele>95.1</ele><time>2023-08-29T06:56:42Z</time></trkpt><trkpt lat="58.053612" lon="38.841787"><ele>95.7</ele><time>2023-08-29T06:56:44Z</time></trkpt><trkpt lat="58.053542" lon="38.84199"><ele>95.7</ele><time>2023-08-29T06:56:46Z</time></trkpt><trkpt lat="58.053487" lon="38.842187"><ele>94.9</ele><time>2023-08-29T06:56:48Z</time></trkpt><trkpt lat="58.053418" lon="38.842347"><ele>95.2</ele><time>2023-08-29T06:56:50Z</time></trkpt><trkpt lat="58.053368" lon="38.842533"><ele>94.0</ele><time>2023-08-29T06:56:52Z</time></trkpt><trkpt lat="58.053303" lon="38.842713"><ele>93.8</ele><time>2023-08-29T06:56:54Z</time></trkpt><trkpt lat="58.053238" lon="38.842817"><ele>92.5</ele><time>2023-08-29T06:56:56Z</time></trkpt><trkpt lat="58.05318" lon="38.842985"><ele>92.5</ele><time>2023-08-29T06:56:58Z</time></trkpt><trkpt lat="58.053122" lon="38.843147"><ele>93.0</ele><time>2023-08-29T06:57:00Z</time></trkpt><trkpt lat="58.053055" lon="38.843318"><ele>93.5</ele><time>2023-08-29T06:57:02Z</time></trkpt><trkpt lat="58.052993" lon="38.843492"><ele>93.6</ele><time>2023-08-29T06:57:04Z</time></trkpt><trkpt lat="58.05293" lon="38.843637"><ele>92.4</ele><time>2023-08-29T06:57:06Z</time></trkpt><trkpt lat="58.052878" lon="38.84375"><ele>92.5</ele><time>2023-08-29T06:57:08Z</time></trkpt><trkpt lat="58.052817" lon="38.843893"><ele>92.1</ele><time>2023-08-29T06:57:10Z</time></trkpt><trkpt lat="58.052757" lon="38.844083"><ele>92.4</ele><time>2023-08-29T06:57:12Z</time></trkpt><trkpt lat="58.0527" lon="38.844253"><ele>92.8</ele><time>2023-08-29T06:57:14Z</time></trkpt><trkpt lat="58.052657" lon="38.844413"><ele>93.1</ele><time>2023-08-29T06:57:16Z</time></trkpt><trkpt lat="58.052585" lon="38.844592"><ele>93.1</ele><time>2023-08-29T06:57:18Z</time></trkpt><trkpt lat="58.052528" lon="38.844775"><ele>93.1</ele><time>2023-08-29T06:57:20Z</time></trkpt><trkpt lat="58.05248" lon="38.844977"><ele>93.5</ele><time>2023-08-29T06:57:22Z</time></trkpt><trkpt lat="58.052447" lon="38.845173"><ele>94.1</ele><time>2023-08-29T06:57:24Z</time></trkpt><trkpt lat="58.052433" lon="38.845308"><ele>93.9</ele><time>2023-08-29T06:57:25Z</time></trkpt><trkpt lat="58.05239" lon="38.845513"><ele>93.4</ele><time>2023-08-29T06:57:27Z</time></trkpt><trkpt lat="58.052393" lon="38.845663"><ele>92.2</ele><time>2023-08-29T06:57:28Z</time></trkpt><trkpt lat="58.052378" lon="38.845813"><ele>91.8</ele><time>2023-08-29T06:57:29Z</time></trkpt><trkpt lat="58.052308" lon="38.84603"><ele>90.5</ele><time>2023-08-29T06:57:31Z</time></trkpt><trkpt lat="58.052243" lon="38.846273"><ele>90.3</ele><time>2023-08-29T06:57:33Z</time></trkpt><trkpt lat="58.052208" lon="38.846423"><ele>90.9</ele><time>2023-08-29T06:57:34Z</time></trkpt><trkpt lat="58.052147" lon="38.846637"><ele>91.3</ele><time>2023-08-29T06:57:36Z</time></trkpt><trkpt lat="58.052113" lon="38.846758"><ele>91.0</ele><time>2023-08-29T06:57:37Z</time></trkpt><trkpt lat="58.05206" lon="38.846982"><ele>91.4</ele><time>2023-08-29T06:57:39Z</time></trkpt><trkpt lat="58.052013" lon="38.847198"><ele>92.2</ele><time>2023-08-29T06:57:41Z</time></trkpt><trkpt lat="58.051975" lon="38.847423"><ele>92.9</ele><time>2023-08-29T06:57:43Z</time></trkpt><trkpt lat="58.051953" lon="38.847662"><ele>93.4</ele><time>2023-08-29T06:57:45Z</time></trkpt><trkpt lat="58.051923" lon="38.847902"><ele>93.5</ele><time>2023-08-29T06:57:47Z</time></trkpt><trkpt lat="58.05187" lon="38.84811"><ele>93.5</ele><time>2023-08-29T06:57:49Z</time></trkpt><trkpt lat="58.05183" lon="38.84831"><ele>93.6</ele><time>2023-08-29T06:57:51Z</time></trkpt><trkpt lat="58.051778" lon="38.848518"><ele>93.8</ele><time>2023-08-29T06:57:53Z</time></trkpt><trkpt lat="58.051753" lon="38.848727"><ele>94.1</ele><time>2023-08-29T06:57:55Z</time></trkpt><trkpt lat="58.051688" lon="38.84889"><ele>94.7</ele><time>2023-08-29T06:57:57Z</time></trkpt><trkpt lat="58.051635" lon="38.849063"><ele>95.2</ele><time>2023-08-29T06:57:59Z</time></trkpt><trkpt lat="58.051578" lon="38.849228"><ele>94.9</ele><time>2023-08-29T06:58:01Z</time></trkpt><trkpt lat="58.05153" lon="38.849438"><ele>95.7</ele><time>2023-08-29T06:58:03Z</time></trkpt><trkpt lat="58.051477" lon="38.849642"><ele>95.5</ele><time>2023-08-29T06:58:05Z</time></trkpt><trkpt lat="58.051412" lon="38.849807"><ele>95.2</ele><time>2023-08-29T06:58:07Z</time></trkpt><trkpt lat="58.051342" lon="38.850013"><ele>94.4</ele><time>2023-08-29T06:58:09Z</time></trkpt><trkpt lat="58.051268" lon="38.850205"><ele>94.3</ele><time>2023-08-29T06:58:11Z</time></trkpt><trkpt lat="58.051205" lon="38.850357"><ele>93.9</ele><time>2023-08-29T06:58:13Z</time></trkpt><trkpt lat="58.051153" lon="38.850543"><ele>94.7</ele><time>2023-08-29T06:58:15Z</time></trkpt><trkpt lat="58.05109" lon="38.850727"><ele>94.0</ele><time>2023-08-29T06:58:17Z</time></trkpt><trkpt lat="58.051027" lon="38.850893"><ele>93.8</ele><time>2023-08-29T06:58:19Z</time></trkpt><trkpt lat="58.050948" lon="38.851088"><ele>93.8</ele><time>2023-08-29T06:58:21Z</time></trkpt><trkpt lat="58.05087" lon="38.851278"><ele>93.8</ele><time>2023-08-29T06:58:23Z</time></trkpt><trkpt lat="58.050795" lon="38.851478"><ele>95.1</ele><time>2023-08-29T06:58:25Z</time></trkpt><trkpt lat="58.05074" lon="38.851688"><ele>95.5</ele><time>2023-08-29T06:58:27Z</time></trkpt><trkpt lat="58.050695" lon="38.851895"><ele>95.8</ele><time>2023-08-29T06:58:29Z</time></trkpt><trkpt lat="58.050638" lon="38.852062"><ele>95.7</ele><time>2023-08-29T06:58:31Z</time></trkpt><trkpt lat="58.050587" lon="38.852225"><ele>95.7</ele><time>2023-08-29T06:58:33Z</time></trkpt><trkpt lat="58.050522" lon="38.85237"><ele>95.3</ele><time>2023-08-29T06:58:35Z</time></trkpt><trkpt lat="58.050473" lon="38.852553"><ele>95.0</ele><time>2023-08-29T06:58:37Z</time></trkpt><trkpt lat="58.050418" lon="38.85267"><ele>95.6</ele><time>2023-08-29T06:58:39Z</time></trkpt><trkpt lat="58.050383" lon="38.852807"><ele>94.8</ele><time>2023-08-29T06:58:41Z</time></trkpt><trkpt lat="58.050343" lon="38.852965"><ele>94.2</ele><time>2023-08-29T06:58:43Z</time></trkpt><trkpt lat="58.05031" lon="38.853093"><ele>93.0</ele><time>2023-08-29T06:58:45Z</time></trkpt><trkpt lat="58.050272" lon="38.853242"><ele>92.7</ele><time>2023-08-29T06:58:47Z</time></trkpt><trkpt lat="58.050233" lon="38.853403"><ele>92.7</ele><time>2023-08-29T06:58:49Z</time></trkpt><trkpt lat="58.050207" lon="38.853568"><ele>92.9</ele><time>2023-08-29T06:58:51Z</time></trkpt><trkpt lat="58.050153" lon="38.853732"><ele>93.5</ele><time>2023-08-29T06:58:53Z</time></trkpt><trkpt lat="58.0501" lon="38.853967"><ele>94.0</ele><time>2023-08-29T06:58:55Z</time></trkpt><trkpt lat="58.05007" lon="38.854102"><ele>94.5</ele><time>2023-08-29T06:58:57Z</time></trkpt><trkpt lat="58.050033" lon="38.854277"><ele>95.1</ele><time>2023-08-29T06:58:59Z</time></trkpt><trkpt lat="58.049993" lon="38.85445"><ele>95.4</ele><time>2023-08-29T06:59:02Z</time></trkpt><trkpt lat="58.049995" lon="38.854613"><ele>95.5</ele><time>2023-08-29T06:59:04Z</time></trkpt><trkpt lat="58.049987" lon="38.854813"><ele>95.3</ele><time>2023-08-29T06:59:06Z</time></trkpt><trkpt lat="58.049975" lon="38.854985"><ele>95.8</ele><time>2023-08-29T06:59:08Z</time></trkpt><trkpt lat="58.049935" lon="38.855172"><ele>96.8</ele><time>2023-08-29T06:59:10Z</time></trkpt><trkpt lat="58.049903" lon="38.855407"><ele>96.2</ele><time>2023-08-29T06:59:12Z</time></trkpt><trkpt lat="58.049865" lon="38.855643"><ele>95.9</ele><time>2023-08-29T06:59:14Z</time></trkpt><trkpt lat="58.04983" lon="38.855878"><ele>95.9</ele><time>2023-08-29T06:59:16Z</time></trkpt><trkpt lat="58.049802" lon="38.856078"><ele>96.8</ele><time>2023-08-29T06:59:18Z</time></trkpt><trkpt lat="58.049775" lon="38.856248"><ele>97.7</ele><time>2023-08-29T06:59:20Z</time></trkpt><trkpt lat="58.04973" lon="38.856397"><ele>97.9</ele><time>2023-08-29T06:59:22Z</time></trkpt><trkpt lat="58.049693" lon="38.856592"><ele>96.1</ele><time>2023-08-29T06:59:24Z</time></trkpt><trkpt lat="58.04965" lon="38.856835"><ele>95.8</ele><time>2023-08-29T06:59:26Z</time></trkpt><trkpt lat="58.049622" lon="38.856965"><ele>95.4</ele><time>2023-08-29T06:59:27Z</time></trkpt><trkpt lat="58.049583" lon="38.857097"><ele>95.2</ele><time>2023-08-29T06:59:28Z</time></trkpt><trkpt lat="58.049542" lon="38.857257"><ele>95.6</ele><time>2023-08-29T06:59:29Z</time></trkpt><trkpt lat="58.0495" lon="38.857373"><ele>96.1</ele><time>2023-08-29T06:59:30Z</time></trkpt><trkpt lat="58.049442" lon="38.857505"><ele>96.4</ele><time>2023-08-29T06:59:31Z</time></trkpt><trkpt lat="58.049395" lon="38.85764"><ele>96.5</ele><time>2023-08-29T06:59:32Z</time></trkpt><trkpt lat="58.049363" lon="38.857787"><ele>96.8</ele><time>2023-08-29T06:59:33Z</time></trkpt><trkpt lat="58.049328" lon="38.85791"><ele>97.2</ele><time>2023-08-29T06:59:34Z</time></trkpt><trkpt lat="58.049268" lon="38.858135"><ele>98.1</ele><time>2023-08-29T06:59:36Z</time></trkpt><trkpt lat="58.049198" lon="38.858308"><ele>98.6</ele><time>2023-08-29T06:59:38Z</time></trkpt><trkpt lat="58.049143" lon="38.858462"><ele>99.8</ele><time>2023-08-29T06:59:40Z</time></trkpt><trkpt lat="58.049088" lon="38.858612"><ele>99.6</ele><time>2023-08-29T06:59:43Z</time></trkpt><trkpt lat="58.049035" lon="38.858717"><ele>99.3</ele><time>2023-08-29T06:59:47Z</time></trkpt><trkpt lat="58.048988" lon="38.858837"><ele>100.5</ele><time>2023-08-29T06:59:51Z</time></trkpt><trkpt lat="58.048928" lon="38.858922"><ele>100.3</ele><time>2023-08-29T06:59:57Z</time></trkpt><trkpt lat="58.048867" lon="38.858825"><ele>101.0</ele><time>2023-08-29T07:00:02Z</time></trkpt><trkpt lat="58.048808" lon="38.858733"><ele>99.8</ele><time>2023-08-29T07:00:05Z</time></trkpt><trkpt lat="58.048725" lon="38.858817"><ele>100.2</ele><time>2023-08-29T07:00:09Z</time></trkpt><trkpt lat="58.048712" lon="38.858973"><ele>99.2</ele><time>2023-08-29T07:00:12Z</time></trkpt><trkpt lat="58.048722" lon="38.85911"><ele>99.1</ele><time>2023-08-29T07:00:15Z</time></trkpt><trkpt lat="58.04871" lon="38.859263"><ele>99.5</ele><time>2023-08-29T07:00:18Z</time></trkpt><trkpt lat="58.048683" lon="38.859403"><ele>99.6</ele><time>2023-08-29T07:00:21Z</time></trkpt><trkpt lat="58.04861" lon="38.859493"><ele>99.7</ele><time>2023-08-29T07:00:24Z</time></trkpt><trkpt lat="58.048527" lon="38.859502"><ele>99.9</ele><time>2023-08-29T07:00:26Z</time></trkpt><trkpt lat="58.048453" lon="38.859503"><ele>99.4</ele><time>2023-08-29T07:00:28Z</time></trkpt><trkpt lat="58.048372" lon="38.859498"><ele>99.8</ele><time>2023-08-29T07:00:30Z</time></trkpt><trkpt lat="58.048278" lon="38.85946"><ele>99.3</ele><time>2023-08-29T07:00:32Z</time></trkpt><trkpt lat="58.048195" lon="38.85939"><ele>99.7</ele><time>2023-08-29T07:00:34Z</time></trkpt><trkpt lat="58.048145" lon="38.859273"><ele>99.9</ele><time>2023-08-29T07:00:36Z</time></trkpt><trkpt lat="58.048112" lon="38.85915"><ele>99.7</ele><time>2023-08-29T07:00:38Z</time></trkpt><trkpt lat="58.048032" lon="38.859112"><ele>98.9</ele><time>2023-08-29T07:00:41Z</time></trkpt><trkpt lat="58.048002" lon="38.859285"><ele>99.6</ele><time>2023-08-29T07:00:44Z</time></trkpt><trkpt lat="58.047987" lon="38.859443"><ele>99.3</ele><time>2023-08-29T07:00:46Z</time></trkpt><trkpt lat="58.048" lon="38.859603"><ele>99.3</ele><time>2023-08-29T07:00:48Z</time></trkpt><trkpt lat="58.048067" lon="38.85974"><ele>100.4</ele><time>2023-08-29T07:00:50Z</time></trkpt><trkpt lat="58.04814" lon="38.859807"><ele>100.3</ele><time>2023-08-29T07:00:52Z</time></trkpt><trkpt lat="58.048237" lon="38.859838"><ele>100.4</ele><time>2023-08-29T07:00:55Z</time></trkpt><trkpt lat="58.048305" lon="38.859935"><ele>101.7</ele><time>2023-08-29T07:00:58Z</time></trkpt><trkpt lat="58.048387" lon="38.859997"><ele>101.9</ele><time>2023-08-29T07:01:01Z</time></trkpt><trkpt lat="58.04848" lon="38.860067"><ele>101.5</ele><time>2023-08-29T07:01:04Z</time></trkpt><trkpt lat="58.048572" lon="38.860148"><ele>102.4</ele><time>2023-08-29T07:01:07Z</time></trkpt><trkpt lat="58.048638" lon="38.860197"><ele>101.9</ele><time>2023-08-29T07:01:09Z</time></trkpt><trkpt lat="58.048715" lon="38.860242"><ele>102.3</ele><time>2023-08-29T07:01:11Z</time></trkpt><trkpt lat="58.048788" lon="38.860292"><ele>103.0</ele><time>2023-08-29T07:01:13Z</time></trkpt><trkpt lat="58.04886" lon="38.860335"><ele>102.7</ele><time>2023-08-29T07:01:15Z</time></trkpt><trkpt lat="58.04893" lon="38.86037"><ele>102.6</ele><time>2023-08-29T07:01:17Z</time></trkpt><trkpt lat="58.04902" lon="38.860407"><ele>101.4</ele><time>2023-08-29T07:01:20Z</time></trkpt><trkpt lat="58.049092" lon="38.860462"><ele>102.5</ele><time>2023-08-29T07:01:23Z</time></trkpt><trkpt lat="58.049165" lon="38.860508"><ele>101.4</ele><time>2023-08-29T07:01:26Z</time></trkpt><trkpt lat="58.049237" lon="38.860545"><ele>100.4</ele><time>2023-08-29T07:01:29Z</time></trkpt><trkpt lat="58.049328" lon="38.860592"><ele>101.0</ele><time>2023-08-29T07:01:32Z</time></trkpt><trkpt lat="58.0494" lon="38.86062"><ele>101.5</ele><time>2023-08-29T07:01:35Z</time></trkpt><trkpt lat="58.04949" lon="38.860678"><ele>101.9</ele><time>2023-08-29T07:01:38Z</time></trkpt><trkpt lat="58.049588" lon="38.860752"><ele>101.3</ele><time>2023-08-29T07:01:41Z</time></trkpt><trkpt lat="58.049668" lon="38.860793"><ele>102.6</ele><time>2023-08-29T07:01:43Z</time></trkpt><trkpt lat="58.04975" lon="38.860842"><ele>103.7</ele><time>2023-08-29T07:01:45Z</time></trkpt><trkpt lat="58.049822" lon="38.860908"><ele>105.8</ele><time>2023-08-29T07:01:47Z</time></trkpt><trkpt lat="58.049917" lon="38.860977"><ele>105.2</ele><time>2023-08-29T07:01:50Z</time></trkpt><trkpt lat="58.049992" lon="38.861012"><ele>103.7</ele><time>2023-08-29T07:01:52Z</time></trkpt><trkpt lat="58.050073" lon="38.861053"><ele>102.4</ele><time>2023-08-29T07:01:54Z</time></trkpt><trkpt lat="58.050155" lon="38.861112"><ele>102.7</ele><time>2023-08-29T07:01:56Z</time></trkpt><trkpt lat="58.050232" lon="38.86117"><ele>103.1</ele><time>2023-08-29T07:01:58Z</time></trkpt><trkpt lat="58.050313" lon="38.861233"><ele>105.3</ele><time>2023-08-29T07:02:00Z</time></trkpt><trkpt lat="58.05039" lon="38.86129"><ele>106.9</ele><time>2023-08-29T07:02:02Z</time></trkpt><trkpt lat="58.050463" lon="38.86134"><ele>106.6</ele><time>2023-08-29T07:02:04Z</time></trkpt><trkpt lat="58.050535" lon="38.86139"><ele>107.9</ele><time>2023-08-29T07:02:06Z</time></trkpt><trkpt lat="58.050605" lon="38.861432"><ele>107.8</ele><time>2023-08-29T07:02:08Z</time></trkpt><trkpt lat="58.05068" lon="38.8615"><ele>106.8</ele><time>2023-08-29T07:02:10Z</time></trkpt><trkpt lat="58.050778" lon="38.861587"><ele>106.8</ele><time>2023-08-29T07:02:12Z</time></trkpt><trkpt lat="58.050872" lon="38.861652"><ele>105.0</ele><time>2023-08-29T07:02:14Z</time></trkpt><trkpt lat="58.05096" lon="38.86169"><ele>105.0</ele><time>2023-08-29T07:02:16Z</time></trkpt><trkpt lat="58.051048" lon="38.861705"><ele>104.8</ele><time>2023-08-29T07:02:18Z</time></trkpt><trkpt lat="58.051103" lon="38.861797"><ele>101.1</ele><time>2023-08-29T07:02:20Z</time></trkpt><trkpt lat="58.051208" lon="38.861862"><ele>98.2</ele><time>2023-08-29T07:02:23Z</time></trkpt><trkpt lat="58.051323" lon="38.861923"><ele>97.4</ele><time>2023-08-29T07:02:25Z</time></trkpt><trkpt lat="58.051402" lon="38.861963"><ele>96.5</ele><time>2023-08-29T07:02:26Z</time></trkpt><trkpt lat="58.051507" lon="38.862013"><ele>95.8</ele><time>2023-08-29T07:02:28Z</time></trkpt><trkpt lat="58.051598" lon="38.862067"><ele>96.6</ele><time>2023-08-29T07:02:30Z</time></trkpt><trkpt lat="58.051697" lon="38.862152"><ele>96.2</ele><time>2023-08-29T07:02:32Z</time></trkpt><trkpt lat="58.051765" lon="38.862235"><ele>95.4</ele><time>2023-08-29T07:02:34Z</time></trkpt><trkpt lat="58.051873" lon="38.862282"><ele>96.4</ele><time>2023-08-29T07:02:37Z</time></trkpt><trkpt lat="58.051972" lon="38.86235"><ele>97.6</ele><time>2023-08-29T07:02:39Z</time></trkpt><trkpt lat="58.052065" lon="38.862433"><ele>98.8</ele><time>2023-08-29T07:02:41Z</time></trkpt><trkpt lat="58.052173" lon="38.862505"><ele>99.0</ele><time>2023-08-29T07:02:43Z</time></trkpt><trkpt lat="58.052257" lon="38.862565"><ele>97.3</ele><time>2023-08-29T07:02:46Z</time></trkpt><trkpt lat="58.05234" lon="38.862607"><ele>97.6</ele><time>2023-08-29T07:02:48Z</time></trkpt><trkpt lat="58.05244" lon="38.862687"><ele>96.6</ele><time>2023-08-29T07:02:50Z</time></trkpt><trkpt lat="58.052545" lon="38.862755"><ele>97.0</ele><time>2023-08-29T07:02:52Z</time></trkpt><trkpt lat="58.052648" lon="38.862808"><ele>97.4</ele><time>2023-08-29T07:02:54Z</time></trkpt><trkpt lat="58.052745" lon="38.86288"><ele>96.5</ele><time>2023-08-29T07:02:56Z</time></trkpt><trkpt lat="58.052837" lon="38.862937"><ele>96.6</ele><time>2023-08-29T07:02:58Z</time></trkpt><trkpt lat="58.052947" lon="38.863"><ele>98.5</ele><time>2023-08-29T07:03:00Z</time></trkpt><trkpt lat="58.053045" lon="38.86306"><ele>98.6</ele><time>2023-08-29T07:03:02Z</time></trkpt><trkpt lat="58.053128" lon="38.863117"><ele>99.4</ele><time>2023-08-29T07:03:04Z</time></trkpt><trkpt lat="58.053218" lon="38.863188"><ele>99.0</ele><time>2023-08-29T07:03:06Z</time></trkpt><trkpt lat="58.05332" lon="38.863262"><ele>99.4</ele><time>2023-08-29T07:03:08Z</time></trkpt><trkpt lat="58.053397" lon="38.863307"><ele>98.5</ele><time>2023-08-29T07:03:09Z</time></trkpt><trkpt lat="58.053528" lon="38.86337"><ele>97.8</ele><time>2023-08-29T07:03:11Z</time></trkpt><trkpt lat="58.053637" lon="38.863437"><ele>97.8</ele><time>2023-08-29T07:03:13Z</time></trkpt><trkpt lat="58.053763" lon="38.863532"><ele>98.0</ele><time>2023-08-29T07:03:15Z</time></trkpt><trkpt lat="58.053868" lon="38.863607"><ele>102.4</ele><time>2023-08-29T07:03:17Z</time></trkpt><trkpt lat="58.053968" lon="38.863675"><ele>102.4</ele><time>2023-08-29T07:03:19Z</time></trkpt><trkpt lat="58.054075" lon="38.863765"><ele>104.0</ele><time>2023-08-29T07:03:21Z</time></trkpt><trkpt lat="58.0542" lon="38.863823"><ele>104.8</ele><time>2023-08-29T07:03:23Z</time></trkpt><trkpt lat="58.054283" lon="38.863902"><ele>104.3</ele><time>2023-08-29T07:03:25Z</time></trkpt><trkpt lat="58.05438" lon="38.863958"><ele>103.7</ele><time>2023-08-29T07:03:28Z</time></trkpt><trkpt lat="58.054488" lon="38.864022"><ele>104.3</ele><time>2023-08-29T07:03:31Z</time></trkpt><trkpt lat="58.054565" lon="38.86409"><ele>104.2</ele><time>2023-08-29T07:03:33Z</time></trkpt><trkpt lat="58.054655" lon="38.864135"><ele>102.7</ele><time>2023-08-29T07:03:35Z</time></trkpt><trkpt lat="58.05477" lon="38.864205"><ele>102.3</ele><time>2023-08-29T07:03:37Z</time></trkpt><trkpt lat="58.05489" lon="38.864278"><ele>102.2</ele><time>2023-08-29T07:03:39Z</time></trkpt><trkpt lat="58.055005" lon="38.86435"><ele>102.4</ele><time>2023-08-29T07:03:41Z</time></trkpt><trkpt lat="58.05512" lon="38.864428"><ele>102.0</ele><time>2023-08-29T07:03:43Z</time></trkpt><trkpt lat="58.055248" lon="38.86449"><ele>101.4</ele><time>2023-08-29T07:03:45Z</time></trkpt><trkpt lat="58.055362" lon="38.864558"><ele>102.3</ele><time>2023-08-29T07:03:47Z</time></trkpt><trkpt lat="58.055467" lon="38.86462"><ele>102.1</ele><time>2023-08-29T07:03:49Z</time></trkpt><trkpt lat="58.055572" lon="38.864722"><ele>102.2</ele><time>2023-08-29T07:03:51Z</time></trkpt><trkpt lat="58.055678" lon="38.864745"><ele>103.3</ele><time>2023-08-29T07:03:53Z</time></trkpt><trkpt lat="58.055752" lon="38.864693"><ele>102.5</ele><time>2023-08-29T07:03:55Z</time></trkpt><trkpt lat="58.055797" lon="38.864562"><ele>101.2</ele><time>2023-08-29T07:03:57Z</time></trkpt><trkpt lat="58.055815" lon="38.86438"><ele>100.4</ele><time>2023-08-29T07:03:59Z</time></trkpt><trkpt lat="58.055795" lon="38.864207"><ele>99.9</ele><time>2023-08-29T07:04:01Z</time></trkpt><trkpt lat="58.05576" lon="38.86403"><ele>100.0</ele><time>2023-08-29T07:04:03Z</time></trkpt><trkpt lat="58.055705" lon="38.86387"><ele>100.0</ele><time>2023-08-29T07:04:05Z</time></trkpt><trkpt lat="58.055612" lon="38.863758"><ele>100.0</ele><time>2023-08-29T07:04:07Z</time></trkpt><trkpt lat="58.055533" lon="38.863653"><ele>99.9</ele><time>2023-08-29T07:04:09Z</time></trkpt><trkpt lat="58.055467" lon="38.86355"><ele>99.8</ele><time>2023-08-29T07:04:11Z</time></trkpt><trkpt lat="58.055395" lon="38.863415"><ele>99.2</ele><time>2023-08-29T07:04:13Z</time></trkpt><trkpt lat="58.055317" lon="38.863273"><ele>98.7</ele><time>2023-08-29T07:04:15Z</time></trkpt><trkpt lat="58.055253" lon="38.863172"><ele>98.2</ele><time>2023-08-29T07:04:17Z</time></trkpt><trkpt lat="58.05519" lon="38.863027"><ele>97.0</ele><time>2023-08-29T07:04:19Z</time></trkpt><trkpt lat="58.055118" lon="38.862927"><ele>97.2</ele><time>2023-08-29T07:04:21Z</time></trkpt><trkpt lat="58.055032" lon="38.862778"><ele>97.4</ele><time>2023-08-29T07:04:23Z</time></trkpt><trkpt lat="58.054947" lon="38.86267"><ele>98.0</ele><time>2023-08-29T07:04:25Z</time></trkpt><trkpt lat="58.05487" lon="38.862575"><ele>97.4</ele><time>2023-08-29T07:04:27Z</time></trkpt><trkpt lat="58.054785" lon="38.862497"><ele>97.2</ele><time>2023-08-29T07:04:29Z</time></trkpt><trkpt lat="58.054712" lon="38.862462"><ele>97.6</ele><time>2023-08-29T07:04:31Z</time></trkpt><trkpt lat="58.054653" lon="38.862568"><ele>97.5</ele><time>2023-08-29T07:04:34Z</time></trkpt><trkpt lat="58.054575" lon="38.862663"><ele>97.6</ele><time>2023-08-29T07:04:36Z</time></trkpt><trkpt lat="58.054558" lon="38.862847"><ele>96.0</ele><time>2023-08-29T07:04:40Z</time></trkpt><trkpt lat="58.054518" lon="38.862973"><ele>96.0</ele><time>2023-08-29T07:04:42Z</time></trkpt><trkpt lat="58.054482" lon="38.86309"><ele>96.1</ele><time>2023-08-29T07:04:44Z</time></trkpt><trkpt lat="58.054438" lon="38.863212"><ele>96.9</ele><time>2023-08-29T07:04:46Z</time></trkpt><trkpt lat="58.054388" lon="38.86334"><ele>96.9</ele><time>2023-08-29T07:04:48Z</time></trkpt><trkpt lat="58.054333" lon="38.863463"><ele>97.1</ele><time>2023-08-29T07:04:50Z</time></trkpt><trkpt lat="58.054288" lon="38.86357"><ele>97.0</ele><time>2023-08-29T07:04:52Z</time></trkpt><trkpt lat="58.054232" lon="38.863732"><ele>96.0</ele><time>2023-08-29T07:04:55Z</time></trkpt><trkpt lat="58.054187" lon="38.863947"><ele>96.0</ele><time>2023-08-29T07:04:57Z</time></trkpt><trkpt lat="58.054108" lon="38.864127"><ele>96.7</ele><time>2023-08-29T07:04:59Z</time></trkpt><trkpt lat="58.054065" lon="38.864297"><ele>98.2</ele><time>2023-08-29T07:05:01Z</time></trkpt><trkpt lat="58.054013" lon="38.864472"><ele>98.6</ele><time>2023-08-29T07:05:03Z</time></trkpt><trkpt lat="58.053975" lon="38.864665"><ele>98.5</ele><time>2023-08-29T07:05:05Z</time></trkpt><trkpt lat="58.05392" lon="38.86486"><ele>98.7</ele><time>2023-08-29T07:05:07Z</time></trkpt><trkpt lat="58.05389" lon="38.865035"><ele>98.7</ele><time>2023-08-29T07:05:09Z</time></trkpt><trkpt lat="58.053853" lon="38.86524"><ele>97.0</ele><time>2023-08-29T07:05:11Z</time></trkpt><trkpt lat="58.053808" lon="38.86545"><ele>96.8</ele><time>2023-08-29T07:05:13Z</time></trkpt><trkpt lat="58.053763" lon="38.865652"><ele>97.2</ele><time>2023-08-29T07:05:15Z</time></trkpt><trkpt lat="58.05372" lon="38.865837"><ele>96.6</ele><time>2023-08-29T07:05:17Z</time></trkpt><trkpt lat="58.053683" lon="38.866028"><ele>96.6</ele><time>2023-08-29T07:05:19Z</time></trkpt><trkpt lat="58.053647" lon="38.866227"><ele>96.5</ele><time>2023-08-29T07:05:21Z</time></trkpt><trkpt lat="58.05359" lon="38.866425"><ele>96.8</ele><time>2023-08-29T07:05:23Z</time></trkpt><trkpt lat="58.053542" lon="38.866608"><ele>96.9</ele><time>2023-08-29T07:05:25Z</time></trkpt><trkpt lat="58.053492" lon="38.866808"><ele>96.5</ele><time>2023-08-29T07:05:27Z</time></trkpt><trkpt lat="58.053455" lon="38.867008"><ele>96.2</ele><time>2023-08-29T07:05:29Z</time></trkpt><trkpt lat="58.053418" lon="38.867222"><ele>96.5</ele><time>2023-08-29T07:05:31Z</time></trkpt><trkpt lat="58.053388" lon="38.867423"><ele>97.5</ele><time>2023-08-29T07:05:33Z</time></trkpt><trkpt lat="58.053335" lon="38.867598"><ele>97.5</ele><time>2023-08-29T07:05:35Z</time></trkpt><trkpt lat="58.053305" lon="38.867793"><ele>97.0</ele><time>2023-08-29T07:05:37Z</time></trkpt><trkpt lat="58.053273" lon="38.868012"><ele>96.3</ele><time>2023-08-29T07:05:39Z</time></trkpt><trkpt lat="58.053233" lon="38.868192"><ele>97.0</ele><time>2023-08-29T07:05:41Z</time></trkpt><trkpt lat="58.05319" lon="38.868393"><ele>96.7</ele><time>2023-08-29T07:05:43Z</time></trkpt><trkpt lat="58.053155" lon="38.868578"><ele>96.1</ele><time>2023-08-29T07:05:45Z</time></trkpt><trkpt lat="58.053117" lon="38.868798"><ele>96.8</ele><time>2023-08-29T07:05:47Z</time></trkpt><trkpt lat="58.053075" lon="38.869008"><ele>96.6</ele><time>2023-08-29T07:05:49Z</time></trkpt><trkpt lat="58.053045" lon="38.869192"><ele>96.3</ele><time>2023-08-29T07:05:51Z</time></trkpt><trkpt lat="58.052995" lon="38.869373"><ele>96.0</ele><time>2023-08-29T07:05:53Z</time></trkpt><trkpt lat="58.052937" lon="38.869597"><ele>94.7</ele><time>2023-08-29T07:05:55Z</time></trkpt><trkpt lat="58.052902" lon="38.869808"><ele>94.3</ele><time>2023-08-29T07:05:57Z</time></trkpt><trkpt lat="58.052853" lon="38.870023"><ele>94.1</ele><time>2023-08-29T07:05:59Z</time></trkpt><trkpt lat="58.05283" lon="38.870202"><ele>94.1</ele><time>2023-08-29T07:06:01Z</time></trkpt><trkpt lat="58.052788" lon="38.870413"><ele>94.5</ele><time>2023-08-29T07:06:03Z</time></trkpt><trkpt lat="58.052747" lon="38.870622"><ele>94.7</ele><time>2023-08-29T07:06:05Z</time></trkpt><trkpt lat="58.052705" lon="38.870817"><ele>94.8</ele><time>2023-08-29T07:06:07Z</time></trkpt><trkpt lat="58.052648" lon="38.871035"><ele>95.0</ele><time>2023-08-29T07:06:09Z</time></trkpt><trkpt lat="58.052607" lon="38.87128"><ele>94.8</ele><time>2023-08-29T07:06:11Z</time></trkpt><trkpt lat="58.05257" lon="38.87149"><ele>95.4</ele><time>2023-08-29T07:06:13Z</time></trkpt><trkpt lat="58.052525" lon="38.871757"><ele>96.3</ele><time>2023-08-29T07:06:15Z</time></trkpt><trkpt lat="58.052472" lon="38.871985"><ele>97.4</ele><time>2023-08-29T07:06:17Z</time></trkpt><trkpt lat="58.052423" lon="38.872215"><ele>96.9</ele><time>2023-08-29T07:06:19Z</time></trkpt><trkpt lat="58.052377" lon="38.872428"><ele>97.3</ele><time>2023-08-29T07:06:21Z</time></trkpt><trkpt lat="58.052308" lon="38.872658"><ele>96.9</ele><time>2023-08-29T07:06:23Z</time></trkpt><trkpt lat="58.05224" lon="38.872843"><ele>99.0</ele><time>2023-08-29T07:06:25Z</time></trkpt><trkpt lat="58.052198" lon="38.872957"><ele>99.2</ele><time>2023-08-29T07:06:26Z</time></trkpt><trkpt lat="58.052147" lon="38.873067"><ele>99.3</ele><time>2023-08-29T07:06:27Z</time></trkpt><trkpt lat="58.052105" lon="38.873178"><ele>99.0</ele><time>2023-08-29T07:06:28Z</time></trkpt><trkpt lat="58.05203" lon="38.873395"><ele>99.5</ele><time>2023-08-29T07:06:30Z</time></trkpt><trkpt lat="58.051967" lon="38.873613"><ele>99.4</ele><time>2023-08-29T07:06:32Z</time></trkpt><trkpt lat="58.051918" lon="38.873828"><ele>99.8</ele><time>2023-08-29T07:06:34Z</time></trkpt><trkpt lat="58.05186" lon="38.874023"><ele>99.9</ele><time>2023-08-29T07:06:36Z</time></trkpt><trkpt lat="58.051807" lon="38.874235"><ele>100.1</ele><time>2023-08-29T07:06:38Z</time></trkpt><trkpt lat="58.051767" lon="38.874428"><ele>99.0</ele><time>2023-08-29T07:06:39Z</time></trkpt><trkpt lat="58.051713" lon="38.874637"><ele>98.6</ele><time>2023-08-29T07:06:41Z</time></trkpt><trkpt lat="58.051677" lon="38.874873"><ele>97.8</ele><time>2023-08-29T07:06:43Z</time></trkpt><trkpt lat="58.051627" lon="38.875087"><ele>98.1</ele><time>2023-08-29T07:06:45Z</time></trkpt><trkpt lat="58.051575" lon="38.87531"><ele>98.4</ele><time>2023-08-29T07:06:47Z</time></trkpt><trkpt lat="58.05153" lon="38.875503"><ele>98.7</ele><time>2023-08-29T07:06:49Z</time></trkpt><trkpt lat="58.051497" lon="38.875713"><ele>98.9</ele><time>2023-08-29T07:06:51Z</time></trkpt><trkpt lat="58.051457" lon="38.875958"><ele>99.4</ele><time>2023-08-29T07:06:53Z</time></trkpt><trkpt lat="58.051417" lon="38.876212"><ele>99.0</ele><time>2023-08-29T07:06:55Z</time></trkpt><trkpt lat="58.051375" lon="38.876438"><ele>98.6</ele><time>2023-08-29T07:06:57Z</time></trkpt><trkpt lat="58.051338" lon="38.876662"><ele>97.5</ele><time>2023-08-29T07:06:59Z</time></trkpt><trkpt lat="58.051312" lon="38.876903"><ele>97.0</ele><time>2023-08-29T07:07:01Z</time></trkpt><trkpt lat="58.051282" lon="38.87712"><ele>96.5</ele><time>2023-08-29T07:07:03Z</time></trkpt><trkpt lat="58.051245" lon="38.877343"><ele>95.8</ele><time>2023-08-29T07:07:05Z</time></trkpt><trkpt lat="58.051198" lon="38.87755"><ele>94.4</ele><time>2023-08-29T07:07:07Z</time></trkpt><trkpt lat="58.051167" lon="38.877783"><ele>94.8</ele><time>2023-08-29T07:07:09Z</time></trkpt><trkpt lat="58.051142" lon="38.877995"><ele>95.1</ele><time>2023-08-29T07:07:11Z</time></trkpt><trkpt lat="58.051097" lon="38.878212"><ele>96.2</ele><time>2023-08-29T07:07:14Z</time></trkpt><trkpt lat="58.051073" lon="38.878427"><ele>97.2</ele><time>2023-08-29T07:07:16Z</time></trkpt><trkpt lat="58.051018" lon="38.878625"><ele>97.2</ele><time>2023-08-29T07:07:18Z</time></trkpt><trkpt lat="58.050962" lon="38.878725"><ele>97.3</ele><time>2023-08-29T07:07:19Z</time></trkpt><trkpt lat="58.050925" lon="38.878942"><ele>96.7</ele><time>2023-08-29T07:07:21Z</time></trkpt><trkpt lat="58.050878" lon="38.879158"><ele>96.8</ele><time>2023-08-29T07:07:23Z</time></trkpt><trkpt lat="58.050868" lon="38.879295"><ele>96.9</ele><time>2023-08-29T07:07:24Z</time></trkpt><trkpt lat="58.050828" lon="38.879515"><ele>97.6</ele><time>2023-08-29T07:07:26Z</time></trkpt><trkpt lat="58.050775" lon="38.879707"><ele>98.8</ele><time>2023-08-29T07:07:28Z</time></trkpt><trkpt lat="58.050758" lon="38.879925"><ele>98.6</ele><time>2023-08-29T07:07:30Z</time></trkpt><trkpt lat="58.050728" lon="38.880132"><ele>99.1</ele><time>2023-08-29T07:07:32Z</time></trkpt><trkpt lat="58.05068" lon="38.880348"><ele>99.2</ele><time>2023-08-29T07:07:34Z</time></trkpt><trkpt lat="58.050653" lon="38.880537"><ele>98.6</ele><time>2023-08-29T07:07:36Z</time></trkpt><trkpt lat="58.050608" lon="38.880733"><ele>97.3</ele><time>2023-08-29T07:07:38Z</time></trkpt><trkpt lat="58.050575" lon="38.880967"><ele>97.3</ele><time>2023-08-29T07:07:40Z</time></trkpt><trkpt lat="58.050552" lon="38.8812"><ele>97.1</ele><time>2023-08-29T07:07:42Z</time></trkpt><trkpt lat="58.050515" lon="38.881413"><ele>97.2</ele><time>2023-08-29T07:07:44Z</time></trkpt><trkpt lat="58.05048" lon="38.881607"><ele>97.2</ele><time>2023-08-29T07:07:46Z</time></trkpt><trkpt lat="58.050447" lon="38.881822"><ele>97.9</ele><time>2023-08-29T07:07:48Z</time></trkpt><trkpt lat="58.050403" lon="38.882015"><ele>97.9</ele><time>2023-08-29T07:07:50Z</time></trkpt><trkpt lat="58.05038" lon="38.882165"><ele>98.3</ele><time>2023-08-29T07:07:52Z</time></trkpt><trkpt lat="58.050347" lon="38.88236"><ele>97.6</ele><time>2023-08-29T07:07:54Z</time></trkpt><trkpt lat="58.05031" lon="38.882588"><ele>96.5</ele><time>2023-08-29T07:07:56Z</time></trkpt><trkpt lat="58.050268" lon="38.882783"><ele>97.8</ele><time>2023-08-29T07:07:58Z</time></trkpt><trkpt lat="58.050238" lon="38.882955"><ele>97.6</ele><time>2023-08-29T07:08:00Z</time></trkpt><trkpt lat="58.050198" lon="38.883163"><ele>97.3</ele><time>2023-08-29T07:08:02Z</time></trkpt><trkpt lat="58.050172" lon="38.883378"><ele>96.2</ele><time>2023-08-29T07:08:05Z</time></trkpt><trkpt lat="58.05013" lon="38.883562"><ele>96.1</ele><time>2023-08-29T07:08:07Z</time></trkpt><trkpt lat="58.050087" lon="38.883778"><ele>96.7</ele><time>2023-08-29T07:08:09Z</time></trkpt><trkpt lat="58.050065" lon="38.883967"><ele>96.8</ele><time>2023-08-29T07:08:11Z</time></trkpt><trkpt lat="58.050025" lon="38.884158"><ele>96.5</ele><time>2023-08-29T07:08:13Z</time></trkpt><trkpt lat="58.05" lon="38.884375"><ele>97.0</ele><time>2023-08-29T07:08:15Z</time></trkpt><trkpt lat="58.049968" lon="38.884508"><ele>97.8</ele><time>2023-08-29T07:08:17Z</time></trkpt><trkpt lat="58.050002" lon="38.88464"><ele>98.4</ele><time>2023-08-29T07:08:19Z</time></trkpt><trkpt lat="58.049952" lon="38.884758"><ele>101.3</ele><time>2023-08-29T07:09:18Z</time></trkpt><trkpt lat="58.049935" lon="38.884907"><ele>100.7</ele><time>2023-08-29T07:09:28Z</time></trkpt><trkpt lat="58.049855" lon="38.8848"><ele>100.4</ele><time>2023-08-29T07:09:40Z</time></trkpt><trkpt lat="58.049888" lon="38.884958"><ele>100.4</ele><time>2023-08-29T07:09:54Z</time></trkpt><trkpt lat="58.049918" lon="38.885103"><ele>100.6</ele><time>2023-08-29T07:10:01Z</time></trkpt><trkpt lat="58.049885" lon="38.884933"><ele>100.0</ele><time>2023-08-29T07:10:09Z</time></trkpt><trkpt lat="58.049855" lon="38.88511"><ele>101.6</ele><time>2023-08-29T07:11:09Z</time></trkpt><trkpt lat="58.049815" lon="38.885238"><ele>101.7</ele><time>2023-08-29T07:11:11Z</time></trkpt><trkpt lat="58.049773" lon="38.885385"><ele>101.0</ele><time>2023-08-29T07:11:13Z</time></trkpt><trkpt lat="58.049735" lon="38.885537"><ele>101.3</ele><time>2023-08-29T07:11:15Z</time></trkpt><trkpt lat="58.04968" lon="38.885735"><ele>101.1</ele><time>2023-08-29T07:11:17Z</time></trkpt><trkpt lat="58.049618" lon="38.885852"><ele>99.9</ele><time>2023-08-29T07:11:19Z</time></trkpt><trkpt lat="58.049562" lon="38.88607"><ele>100.1</ele><time>2023-08-29T07:11:21Z</time></trkpt><trkpt lat="58.049482" lon="38.886272"><ele>100.2</ele><time>2023-08-29T07:11:23Z</time></trkpt><trkpt lat="58.049407" lon="38.886478"><ele>100.5</ele><time>2023-08-29T07:11:25Z</time></trkpt><trkpt lat="58.049367" lon="38.88668"><ele>99.2</ele><time>2023-08-29T07:11:27Z</time></trkpt><trkpt lat="58.049305" lon="38.88687"><ele>99.1</ele><time>2023-08-29T07:11:29Z</time></trkpt><trkpt lat="58.049238" lon="38.887093"><ele>98.2</ele><time>2023-08-29T07:11:31Z</time></trkpt><trkpt lat="58.049165" lon="38.887302"><ele>98.0</ele><time>2023-08-29T07:11:33Z</time></trkpt><trkpt lat="58.04912" lon="38.887423"><ele>98.2</ele><time>2023-08-29T07:11:34Z</time></trkpt><trkpt lat="58.049045" lon="38.887593"><ele>97.6</ele><time>2023-08-29T07:11:36Z</time></trkpt><trkpt lat="58.049" lon="38.887738"><ele>97.4</ele><time>2023-08-29T07:11:37Z</time></trkpt><trkpt lat="58.048957" lon="38.887858"><ele>97.3</ele><time>2023-08-29T07:11:38Z</time></trkpt><trkpt lat="58.048907" lon="38.887958"><ele>97.7</ele><time>2023-08-29T07:11:39Z</time></trkpt><trkpt lat="58.04883" lon="38.888158"><ele>97.3</ele><time>2023-08-29T07:11:41Z</time></trkpt><trkpt lat="58.048792" lon="38.888275"><ele>97.0</ele><time>2023-08-29T07:11:42Z</time></trkpt><trkpt lat="58.048717" lon="38.8885"><ele>97.3</ele><time>2023-08-29T07:11:44Z</time></trkpt><trkpt lat="58.048675" lon="38.888613"><ele>96.9</ele><time>2023-08-29T07:11:45Z</time></trkpt><trkpt lat="58.048622" lon="38.888732"><ele>97.2</ele><time>2023-08-29T07:11:46Z</time></trkpt><trkpt lat="58.048582" lon="38.888853"><ele>97.1</ele><time>2023-08-29T07:11:47Z</time></trkpt><trkpt lat="58.048503" lon="38.889043"><ele>96.5</ele><time>2023-08-29T07:11:49Z</time></trkpt><trkpt lat="58.048433" lon="38.88926"><ele>96.6</ele><time>2023-08-29T07:11:51Z</time></trkpt><trkpt lat="58.048395" lon="38.88938"><ele>96.5</ele><time>2023-08-29T07:11:52Z</time></trkpt><trkpt lat="58.04833" lon="38.889597"><ele>97.5</ele><time>2023-08-29T07:11:54Z</time></trkpt><trkpt lat="58.048275" lon="38.88981"><ele>97.9</ele><time>2023-08-29T07:11:56Z</time></trkpt><trkpt lat="58.048237" lon="38.890033"><ele>97.7</ele><time>2023-08-29T07:11:58Z</time></trkpt><trkpt lat="58.048235" lon="38.89026"><ele>98.5</ele><time>2023-08-29T07:12:00Z</time></trkpt><trkpt lat="58.048238" lon="38.890487"><ele>98.8</ele><time>2023-08-29T07:12:02Z</time></trkpt><trkpt lat="58.048223" lon="38.890732"><ele>99.1</ele><time>2023-08-29T07:12:04Z</time></trkpt><trkpt lat="58.048205" lon="38.890962"><ele>99.6</ele><time>2023-08-29T07:12:06Z</time></trkpt><trkpt lat="58.048183" lon="38.891173"><ele>99.7</ele><time>2023-08-29T07:12:08Z</time></trkpt><trkpt lat="58.04816" lon="38.891363"><ele>99.5</ele><time>2023-08-29T07:12:10Z</time></trkpt><trkpt lat="58.048142" lon="38.89157"><ele>99.6</ele><time>2023-08-29T07:12:12Z</time></trkpt><trkpt lat="58.048117" lon="38.891775"><ele>100.1</ele><time>2023-08-29T07:12:14Z</time></trkpt><trkpt lat="58.048087" lon="38.891977"><ele>99.9</ele><time>2023-08-29T07:12:16Z</time></trkpt><trkpt lat="58.048065" lon="38.892182"><ele>100.3</ele><time>2023-08-29T07:12:18Z</time></trkpt><trkpt lat="58.048038" lon="38.892385"><ele>100.2</ele><time>2023-08-29T07:12:20Z</time></trkpt><trkpt lat="58.048002" lon="38.892583"><ele>99.7</ele><time>2023-08-29T07:12:22Z</time></trkpt><trkpt lat="58.047947" lon="38.892798"><ele>99.8</ele><time>2023-08-29T07:12:24Z</time></trkpt><trkpt lat="58.047885" lon="38.892992"><ele>100.5</ele><time>2023-08-29T07:12:26Z</time></trkpt><trkpt lat="58.047822" lon="38.893192"><ele>100.0</ele><time>2023-08-29T07:12:28Z</time></trkpt><trkpt lat="58.047767" lon="38.893368"><ele>101.0</ele><time>2023-08-29T07:12:30Z</time></trkpt><trkpt lat="58.047718" lon="38.893535"><ele>101.7</ele><time>2023-08-29T07:12:32Z</time></trkpt><trkpt lat="58.047658" lon="38.893722"><ele>101.0</ele><time>2023-08-29T07:12:34Z</time></trkpt><trkpt lat="58.047602" lon="38.893912"><ele>100.7</ele><time>2023-08-29T07:12:36Z</time></trkpt><trkpt lat="58.047547" lon="38.8941"><ele>100.5</ele><time>2023-08-29T07:12:38Z</time></trkpt><trkpt lat="58.047485" lon="38.89428"><ele>100.7</ele><time>2023-08-29T07:12:40Z</time></trkpt><trkpt lat="58.047428" lon="38.894465"><ele>100.9</ele><time>2023-08-29T07:12:42Z</time></trkpt><trkpt lat="58.04737" lon="38.894635"><ele>100.4</ele><time>2023-08-29T07:12:44Z</time></trkpt><trkpt lat="58.047295" lon="38.894807"><ele>100.2</ele><time>2023-08-29T07:12:46Z</time></trkpt><trkpt lat="58.04723" lon="38.89498"><ele>99.7</ele><time>2023-08-29T07:12:48Z</time></trkpt><trkpt lat="58.047145" lon="38.895145"><ele>98.3</ele><time>2023-08-29T07:12:50Z</time></trkpt><trkpt lat="58.047048" lon="38.89532"><ele>98.5</ele><time>2023-08-29T07:12:52Z</time></trkpt><trkpt lat="58.046963" lon="38.895467"><ele>98.4</ele><time>2023-08-29T07:12:54Z</time></trkpt><trkpt lat="58.046875" lon="38.895585"><ele>98.6</ele><time>2023-08-29T07:12:56Z</time></trkpt><trkpt lat="58.046785" lon="38.89574"><ele>98.7</ele><time>2023-08-29T07:12:58Z</time></trkpt><trkpt lat="58.046737" lon="38.89584"><ele>99.0</ele><time>2023-08-29T07:12:59Z</time></trkpt><trkpt lat="58.04667" lon="38.895945"><ele>99.2</ele><time>2023-08-29T07:13:01Z</time></trkpt><trkpt lat="58.046618" lon="38.896128"><ele>98.9</ele><time>2023-08-29T07:13:03Z</time></trkpt><trkpt lat="58.046563" lon="38.896332"><ele>98.7</ele><time>2023-08-29T07:13:06Z</time></trkpt><trkpt lat="58.046525" lon="38.896512"><ele>98.6</ele><time>2023-08-29T07:13:08Z</time></trkpt><trkpt lat="58.046485" lon="38.896707"><ele>98.2</ele><time>2023-08-29T07:13:10Z</time></trkpt><trkpt lat="58.046483" lon="38.896953"><ele>98.5</ele><time>2023-08-29T07:13:12Z</time></trkpt><trkpt lat="58.046422" lon="38.897263"><ele>98.5</ele><time>2023-08-29T07:13:14Z</time></trkpt><trkpt lat="58.046385" lon="38.897483"><ele>99.9</ele><time>2023-08-29T07:13:16Z</time></trkpt><trkpt lat="58.046335" lon="38.897705"><ele>101.6</ele><time>2023-08-29T07:13:18Z</time></trkpt><trkpt lat="58.046315" lon="38.897898"><ele>100.9</ele><time>2023-08-29T07:13:20Z</time></trkpt><trkpt lat="58.046283" lon="38.898125"><ele>101.2</ele><time>2023-08-29T07:13:22Z</time></trkpt><trkpt lat="58.04625" lon="38.898332"><ele>99.7</ele><time>2023-08-29T07:13:24Z</time></trkpt><trkpt lat="58.046212" lon="38.898572"><ele>99.5</ele><time>2023-08-29T07:13:26Z</time></trkpt><trkpt lat="58.046168" lon="38.898793"><ele>100.4</ele><time>2023-08-29T07:13:28Z</time></trkpt><trkpt lat="58.046157" lon="38.898997"><ele>100.8</ele><time>2023-08-29T07:13:30Z</time></trkpt><trkpt lat="58.046127" lon="38.899193"><ele>101.1</ele><time>2023-08-29T07:13:32Z</time></trkpt><trkpt lat="58.046088" lon="38.899403"><ele>100.0</ele><time>2023-08-29T07:13:34Z</time></trkpt><trkpt lat="58.046072" lon="38.899612"><ele>101.2</ele><time>2023-08-29T07:13:36Z</time></trkpt><trkpt lat="58.04606" lon="38.899815"><ele>100.7</ele><time>2023-08-29T07:13:38Z</time></trkpt><trkpt lat="58.046038" lon="38.900003"><ele>101.9</ele><time>2023-08-29T07:13:40Z</time></trkpt><trkpt lat="58.046005" lon="38.900195"><ele>101.3</ele><time>2023-08-29T07:13:42Z</time></trkpt><trkpt lat="58.045997" lon="38.900337"><ele>101.4</ele><time>2023-08-29T07:13:44Z</time></trkpt><trkpt lat="58.04597" lon="38.900532"><ele>101.4</ele><time>2023-08-29T07:13:46Z</time></trkpt><trkpt lat="58.045952" lon="38.900697"><ele>101.5</ele><time>2023-08-29T07:13:48Z</time></trkpt><trkpt lat="58.045932" lon="38.90087"><ele>101.5</ele><time>2023-08-29T07:13:50Z</time></trkpt><trkpt lat="58.045932" lon="38.901063"><ele>101.9</ele><time>2023-08-29T07:13:52Z</time></trkpt><trkpt lat="58.045912" lon="38.901253"><ele>102.4</ele><time>2023-08-29T07:13:54Z</time></trkpt><trkpt lat="58.04589" lon="38.901413"><ele>102.7</ele><time>2023-08-29T07:13:56Z</time></trkpt><trkpt lat="58.045858" lon="38.901565"><ele>103.2</ele><time>2023-08-29T07:13:58Z</time></trkpt><trkpt lat="58.045833" lon="38.90172"><ele>103.8</ele><time>2023-08-29T07:14:00Z</time></trkpt><trkpt lat="58.045782" lon="38.901908"><ele>104.3</ele><time>2023-08-29T07:14:02Z</time></trkpt><trkpt lat="58.045743" lon="38.902055"><ele>104.3</ele><time>2023-08-29T07:14:04Z</time></trkpt><trkpt lat="58.045715" lon="38.902215"><ele>104.0</ele><time>2023-08-29T07:14:06Z</time></trkpt><trkpt lat="58.045678" lon="38.902405"><ele>104.3</ele><time>2023-08-29T07:14:08Z</time></trkpt><trkpt lat="58.045627" lon="38.902592"><ele>105.2</ele><time>2023-08-29T07:14:10Z</time></trkpt><trkpt lat="58.045582" lon="38.902767"><ele>105.1</ele><time>2023-08-29T07:14:12Z</time></trkpt><trkpt lat="58.045535" lon="38.902937"><ele>105.5</ele><time>2023-08-29T07:14:14Z</time></trkpt><trkpt lat="58.045495" lon="38.90312"><ele>106.8</ele><time>2023-08-29T07:14:16Z</time></trkpt><trkpt lat="58.045467" lon="38.903308"><ele>107.5</ele><time>2023-08-29T07:14:18Z</time></trkpt><trkpt lat="58.045428" lon="38.903478"><ele>107.4</ele><time>2023-08-29T07:14:19Z</time></trkpt><trkpt lat="58.045398" lon="38.903655"><ele>107.5</ele><time>2023-08-29T07:14:21Z</time></trkpt><trkpt lat="58.045358" lon="38.903832"><ele>107.0</ele><time>2023-08-29T07:14:23Z</time></trkpt><trkpt lat="58.04532" lon="38.90402"><ele>106.9</ele><time>2023-08-29T07:14:25Z</time></trkpt><trkpt lat="58.04528" lon="38.904188"><ele>106.7</ele><time>2023-08-29T07:14:27Z</time></trkpt><trkpt lat="58.04525" lon="38.904358"><ele>106.6</ele><time>2023-08-29T07:14:29Z</time></trkpt><trkpt lat="58.045218" lon="38.904517"><ele>106.3</ele><time>2023-08-29T07:14:31Z</time></trkpt><trkpt lat="58.045193" lon="38.90469"><ele>106.0</ele><time>2023-08-29T07:14:33Z</time></trkpt><trkpt lat="58.045178" lon="38.904863"><ele>106.0</ele><time>2023-08-29T07:14:35Z</time></trkpt><trkpt lat="58.045172" lon="38.905012"><ele>105.5</ele><time>2023-08-29T07:14:37Z</time></trkpt><trkpt lat="58.045225" lon="38.90516"><ele>106.2</ele><time>2023-08-29T07:14:40Z</time></trkpt><trkpt lat="58.045297" lon="38.905223"><ele>106.9</ele><time>2023-08-29T07:14:43Z</time></trkpt><trkpt lat="58.045345" lon="38.905347"><ele>106.7</ele><time>2023-08-29T07:14:46Z</time></trkpt><trkpt lat="58.045355" lon="38.905525"><ele>106.1</ele><time>2023-08-29T07:14:49Z</time></trkpt><trkpt lat="58.045348" lon="38.905675"><ele>106.0</ele><time>2023-08-29T07:14:51Z</time></trkpt><trkpt lat="58.045335" lon="38.905812"><ele>106.2</ele><time>2023-08-29T07:14:53Z</time></trkpt><trkpt lat="58.045323" lon="38.906003"><ele>106.6</ele><time>2023-08-29T07:14:57Z</time></trkpt><trkpt lat="58.04532" lon="38.906145"><ele>106.4</ele><time>2023-08-29T07:14:59Z</time></trkpt><trkpt lat="58.045322" lon="38.906317"><ele>106.7</ele><time>2023-08-29T07:15:02Z</time></trkpt><trkpt lat="58.04533" lon="38.90649"><ele>106.8</ele><time>2023-08-29T07:15:05Z</time></trkpt><trkpt lat="58.045323" lon="38.906662"><ele>106.5</ele><time>2023-08-29T07:15:08Z</time></trkpt><trkpt lat="58.04531" lon="38.90686"><ele>107.2</ele><time>2023-08-29T07:15:11Z</time></trkpt><trkpt lat="58.0453" lon="38.907018"><ele>107.8</ele><time>2023-08-29T07:15:13Z</time></trkpt><trkpt lat="58.045307" lon="38.90717"><ele>107.8</ele><time>2023-08-29T07:15:15Z</time></trkpt><trkpt lat="58.045317" lon="38.907325"><ele>108.4</ele><time>2023-08-29T07:15:17Z</time></trkpt><trkpt lat="58.045328" lon="38.90747"><ele>107.3</ele><time>2023-08-29T07:15:19Z</time></trkpt><trkpt lat="58.045347" lon="38.907628"><ele>107.3</ele><time>2023-08-29T07:15:21Z</time></trkpt><trkpt lat="58.045367" lon="38.907772"><ele>108.0</ele><time>2023-08-29T07:15:23Z</time></trkpt><trkpt lat="58.045385" lon="38.907907"><ele>107.5</ele><time>2023-08-29T07:15:25Z</time></trkpt><trkpt lat="58.045403" lon="38.908053"><ele>107.6</ele><time>2023-08-29T07:15:27Z</time></trkpt><trkpt lat="58.045425" lon="38.908202"><ele>107.2</ele><time>2023-08-29T07:15:29Z</time></trkpt><trkpt lat="58.04548" lon="38.908353"><ele>106.5</ele><time>2023-08-29T07:15:32Z</time></trkpt><trkpt lat="58.04554" lon="38.90847"><ele>106.8</ele><time>2023-08-29T07:15:35Z</time></trkpt><trkpt lat="58.045588" lon="38.908637"><ele>107.2</ele><time>2023-08-29T07:15:38Z</time></trkpt><trkpt lat="58.045738" lon="38.908775"><ele>107.0</ele><time>2023-08-29T07:15:40Z</time></trkpt><trkpt lat="58.045737" lon="38.908945"><ele>108.2</ele><time>2023-08-29T07:15:42Z</time></trkpt><trkpt lat="58.04579" lon="38.909122"><ele>108.3</ele><time>2023-08-29T07:15:44Z</time></trkpt><trkpt lat="58.045837" lon="38.909315"><ele>109.5</ele><time>2023-08-29T07:15:46Z</time></trkpt><trkpt lat="58.045822" lon="38.909465"><ele>109.3</ele><time>2023-08-29T07:15:48Z</time></trkpt><trkpt lat="58.045805" lon="38.909612"><ele>109.3</ele><time>2023-08-29T07:15:50Z</time></trkpt><trkpt lat="58.045767" lon="38.90978"><ele>110.5</ele><time>2023-08-29T07:15:52Z</time></trkpt><trkpt lat="58.04574" lon="38.909932"><ele>110.8</ele><time>2023-08-29T07:15:54Z</time></trkpt><trkpt lat="58.045713" lon="38.910092"><ele>110.2</ele><time>2023-08-29T07:15:56Z</time></trkpt><trkpt lat="58.045708" lon="38.910257"><ele>110.1</ele><time>2023-08-29T07:15:58Z</time></trkpt><trkpt lat="58.045707" lon="38.910452"><ele>111.0</ele><time>2023-08-29T07:16:00Z</time></trkpt><trkpt lat="58.045665" lon="38.91062"><ele>110.7</ele><time>2023-08-29T07:16:02Z</time></trkpt><trkpt lat="58.045637" lon="38.91079"><ele>110.6</ele><time>2023-08-29T07:16:04Z</time></trkpt><trkpt lat="58.045598" lon="38.910963"><ele>111.8</ele><time>2023-08-29T07:16:06Z</time></trkpt><trkpt lat="58.04559" lon="38.911142"><ele>112.1</ele><time>2023-08-29T07:16:08Z</time></trkpt><trkpt lat="58.04556" lon="38.911318"><ele>112.0</ele><time>2023-08-29T07:16:10Z</time></trkpt><trkpt lat="58.045515" lon="38.911505"><ele>111.7</ele><time>2023-08-29T07:16:12Z</time></trkpt><trkpt lat="58.045453" lon="38.911693"><ele>112.0</ele><time>2023-08-29T07:16:14Z</time></trkpt><trkpt lat="58.045402" lon="38.911888"><ele>111.5</ele><time>2023-08-29T07:16:16Z</time></trkpt><trkpt lat="58.045352" lon="38.912072"><ele>111.3</ele><time>2023-08-29T07:16:18Z</time></trkpt><trkpt lat="58.045305" lon="38.91226"><ele>111.6</ele><time>2023-08-29T07:16:20Z</time></trkpt><trkpt lat="58.045263" lon="38.912457"><ele>111.0</ele><time>2023-08-29T07:16:22Z</time></trkpt><trkpt lat="58.045218" lon="38.912637"><ele>110.7</ele><time>2023-08-29T07:16:24Z</time></trkpt><trkpt lat="58.045165" lon="38.912827"><ele>109.7</ele><time>2023-08-29T07:16:26Z</time></trkpt><trkpt lat="58.045123" lon="38.91301"><ele>108.9</ele><time>2023-08-29T07:16:28Z</time></trkpt><trkpt lat="58.045072" lon="38.913227"><ele>107.9</ele><time>2023-08-29T07:16:30Z</time></trkpt><trkpt lat="58.045015" lon="38.913445"><ele>107.5</ele><time>2023-08-29T07:16:32Z</time></trkpt><trkpt lat="58.044962" lon="38.913657"><ele>108.2</ele><time>2023-08-29T07:16:34Z</time></trkpt><trkpt lat="58.044905" lon="38.913865"><ele>107.8</ele><time>2023-08-29T07:16:36Z</time></trkpt><trkpt lat="58.044847" lon="38.914087"><ele>108.9</ele><time>2023-08-29T07:16:38Z</time></trkpt><trkpt lat="58.04479" lon="38.914275"><ele>109.0</ele><time>2023-08-29T07:16:40Z</time></trkpt><trkpt lat="58.044743" lon="38.914398"><ele>108.6</ele><time>2023-08-29T07:16:42Z</time></trkpt><trkpt lat="58.044702" lon="38.914543"><ele>108.3</ele><time>2023-08-29T07:16:44Z</time></trkpt><trkpt lat="58.044663" lon="38.91469"><ele>108.3</ele><time>2023-08-29T07:16:46Z</time></trkpt><trkpt lat="58.044615" lon="38.914832"><ele>107.8</ele><time>2023-08-29T07:16:48Z</time></trkpt><trkpt lat="58.044567" lon="38.915"><ele>107.8</ele><time>2023-08-29T07:16:50Z</time></trkpt><trkpt lat="58.044512" lon="38.915188"><ele>107.6</ele><time>2023-08-29T07:16:52Z</time></trkpt><trkpt lat="58.044465" lon="38.915383"><ele>109.6</ele><time>2023-08-29T07:16:54Z</time></trkpt><trkpt lat="58.044408" lon="38.915588"><ele>109.0</ele><time>2023-08-29T07:16:56Z</time></trkpt><trkpt lat="58.044352" lon="38.915783"><ele>108.6</ele><time>2023-08-29T07:16:58Z</time></trkpt><trkpt lat="58.04429" lon="38.91602"><ele>107.8</ele><time>2023-08-29T07:17:00Z</time></trkpt><trkpt lat="58.044258" lon="38.916145"><ele>107.5</ele><time>2023-08-29T07:17:01Z</time></trkpt><trkpt lat="58.04421" lon="38.916257"><ele>107.4</ele><time>2023-08-29T07:17:02Z</time></trkpt><trkpt lat="58.044147" lon="38.916423"><ele>106.7</ele><time>2023-08-29T07:17:04Z</time></trkpt><trkpt lat="58.044103" lon="38.916538"><ele>106.3</ele><time>2023-08-29T07:17:05Z</time></trkpt><trkpt lat="58.044052" lon="38.916647"><ele>106.1</ele><time>2023-08-29T07:17:06Z</time></trkpt><trkpt lat="58.043998" lon="38.916758"><ele>106.1</ele><time>2023-08-29T07:17:07Z</time></trkpt><trkpt lat="58.043952" lon="38.91687"><ele>105.9</ele><time>2023-08-29T07:17:08Z</time></trkpt><trkpt lat="58.043898" lon="38.916982"><ele>105.9</ele><time>2023-08-29T07:17:09Z</time></trkpt><trkpt lat="58.043848" lon="38.917088"><ele>105.7</ele><time>2023-08-29T07:17:10Z</time></trkpt><trkpt lat="58.043807" lon="38.917233"><ele>105.4</ele><time>2023-08-29T07:17:11Z</time></trkpt><trkpt lat="58.043753" lon="38.917373"><ele>106.1</ele><time>2023-08-29T07:17:12Z</time></trkpt><trkpt lat="58.04369" lon="38.91755"><ele>106.9</ele><time>2023-08-29T07:17:14Z</time></trkpt><trkpt lat="58.043655" lon="38.917675"><ele>105.9</ele><time>2023-08-29T07:17:15Z</time></trkpt><trkpt lat="58.043615" lon="38.917802"><ele>107.3</ele><time>2023-08-29T07:17:16Z</time></trkpt><trkpt lat="58.043577" lon="38.918"><ele>107.2</ele><time>2023-08-29T07:17:18Z</time></trkpt><trkpt lat="58.043542" lon="38.918238"><ele>106.3</ele><time>2023-08-29T07:17:20Z</time></trkpt><trkpt lat="58.043528" lon="38.918398"><ele>105.8</ele><time>2023-08-29T07:17:21Z</time></trkpt><trkpt lat="58.0435" lon="38.918662"><ele>105.8</ele><time>2023-08-29T07:17:23Z</time></trkpt><trkpt lat="58.043502" lon="38.9188"><ele>106.1</ele><time>2023-08-29T07:17:24Z</time></trkpt><trkpt lat="58.043468" lon="38.919033"><ele>105.7</ele><time>2023-08-29T07:17:26Z</time></trkpt><trkpt lat="58.043462" lon="38.919282"><ele>105.4</ele><time>2023-08-29T07:17:28Z</time></trkpt><trkpt lat="58.04345" lon="38.919512"><ele>105.5</ele><time>2023-08-29T07:17:30Z</time></trkpt><trkpt lat="58.043445" lon="38.919763"><ele>104.8</ele><time>2023-08-29T07:17:32Z</time></trkpt><trkpt lat="58.043433" lon="38.920022"><ele>104.7</ele><time>2023-08-29T07:17:34Z</time></trkpt><trkpt lat="58.043437" lon="38.920248"><ele>104.9</ele><time>2023-08-29T07:17:36Z</time></trkpt><trkpt lat="58.04342" lon="38.920468"><ele>105.5</ele><time>2023-08-29T07:17:38Z</time></trkpt><trkpt lat="58.043425" lon="38.920628"><ele>106.7</ele><time>2023-08-29T07:17:40Z</time></trkpt><trkpt lat="58.043402" lon="38.920827"><ele>106.6</ele><time>2023-08-29T07:17:43Z</time></trkpt><trkpt lat="58.043405" lon="38.921005"><ele>107.2</ele><time>2023-08-29T07:17:45Z</time></trkpt><trkpt lat="58.043408" lon="38.921208"><ele>107.0</ele><time>2023-08-29T07:17:48Z</time></trkpt><trkpt lat="58.043398" lon="38.921408"><ele>104.7</ele><time>2023-08-29T07:17:51Z</time></trkpt><trkpt lat="58.043385" lon="38.921543"><ele>104.9</ele><time>2023-08-29T07:17:53Z</time></trkpt><trkpt lat="58.043378" lon="38.921717"><ele>105.0</ele><time>2023-08-29T07:17:55Z</time></trkpt><trkpt lat="58.043365" lon="38.921857"><ele>105.2</ele><time>2023-08-29T07:17:57Z</time></trkpt><trkpt lat="58.043353" lon="38.922005"><ele>105.1</ele><time>2023-08-29T07:17:59Z</time></trkpt><trkpt lat="58.043377" lon="38.922242"><ele>104.7</ele><time>2023-08-29T07:18:02Z</time></trkpt><trkpt lat="58.043353" lon="38.922403"><ele>105.1</ele><time>2023-08-29T07:18:04Z</time></trkpt><trkpt lat="58.043333" lon="38.922572"><ele>104.3</ele><time>2023-08-29T07:18:06Z</time></trkpt><trkpt lat="58.043318" lon="38.922738"><ele>103.5</ele><time>2023-08-29T07:18:08Z</time></trkpt><trkpt lat="58.043335" lon="38.922957"><ele>104.2</ele><time>2023-08-29T07:18:10Z</time></trkpt><trkpt lat="58.043313" lon="38.923152"><ele>103.8</ele><time>2023-08-29T07:18:12Z</time></trkpt><trkpt lat="58.043307" lon="38.92335"><ele>104.1</ele><time>2023-08-29T07:18:14Z</time></trkpt><trkpt lat="58.043307" lon="38.923523"><ele>104.6</ele><time>2023-08-29T07:18:16Z</time></trkpt><trkpt lat="58.043288" lon="38.923715"><ele>103.9</ele><time>2023-08-29T07:18:18Z</time></trkpt><trkpt lat="58.043283" lon="38.923855"><ele>104.2</ele><time>2023-08-29T07:18:20Z</time></trkpt><trkpt lat="58.0433" lon="38.924048"><ele>104.8</ele><time>2023-08-29T07:18:22Z</time></trkpt><trkpt lat="58.043275" lon="38.924223"><ele>105.1</ele><time>2023-08-29T07:18:24Z</time></trkpt><trkpt lat="58.043292" lon="38.924432"><ele>105.1</ele><time>2023-08-29T07:18:26Z</time></trkpt><trkpt lat="58.043303" lon="38.924668"><ele>105.1</ele><time>2023-08-29T07:18:28Z</time></trkpt><trkpt lat="58.04332" lon="38.924858"><ele>105.2</ele><time>2023-08-29T07:18:31Z</time></trkpt><trkpt lat="58.043343" lon="38.924988"><ele>104.5</ele><time>2023-08-29T07:18:33Z</time></trkpt><trkpt lat="58.043357" lon="38.925183"><ele>104.4</ele><time>2023-08-29T07:18:35Z</time></trkpt><trkpt lat="58.04338" lon="38.925388"><ele>105.1</ele><time>2023-08-29T07:18:37Z</time></trkpt><trkpt lat="58.04337" lon="38.925568"><ele>105.4</ele><time>2023-08-29T07:18:39Z</time></trkpt><trkpt lat="58.04338" lon="38.92577"><ele>105.4</ele><time>2023-08-29T07:18:41Z</time></trkpt><trkpt lat="58.043388" lon="38.925912"><ele>106.3</ele><time>2023-08-29T07:18:42Z</time></trkpt><trkpt lat="58.043403" lon="38.926145"><ele>107.4</ele><time>2023-08-29T07:18:44Z</time></trkpt><trkpt lat="58.043438" lon="38.926348"><ele>107.6</ele><time>2023-08-29T07:18:46Z</time></trkpt><trkpt lat="58.043478" lon="38.926545"><ele>108.6</ele><time>2023-08-29T07:18:48Z</time></trkpt><trkpt lat="58.043497" lon="38.926743"><ele>107.6</ele><time>2023-08-29T07:18:50Z</time></trkpt><trkpt lat="58.043505" lon="38.926933"><ele>106.5</ele><time>2023-08-29T07:18:52Z</time></trkpt><trkpt lat="58.043532" lon="38.92711"><ele>106.6</ele><time>2023-08-29T07:18:54Z</time></trkpt><trkpt lat="58.043575" lon="38.927278"><ele>107.6</ele><time>2023-08-29T07:18:56Z</time></trkpt><trkpt lat="58.04359" lon="38.927443"><ele>108.4</ele><time>2023-08-29T07:18:58Z</time></trkpt><trkpt lat="58.043607" lon="38.927628"><ele>109.2</ele><time>2023-08-29T07:19:00Z</time></trkpt><trkpt lat="58.043602" lon="38.927797"><ele>109.3</ele><time>2023-08-29T07:19:02Z</time></trkpt><trkpt lat="58.043615" lon="38.927942"><ele>108.8</ele><time>2023-08-29T07:19:04Z</time></trkpt><trkpt lat="58.043628" lon="38.928092"><ele>108.2</ele><time>2023-08-29T07:19:06Z</time></trkpt><trkpt lat="58.043655" lon="38.928233"><ele>109.2</ele><time>2023-08-29T07:19:08Z</time></trkpt><trkpt lat="58.043673" lon="38.928375"><ele>108.3</ele><time>2023-08-29T07:19:10Z</time></trkpt><trkpt lat="58.043682" lon="38.928518"><ele>108.2</ele><time>2023-08-29T07:19:12Z</time></trkpt><trkpt lat="58.043703" lon="38.928693"><ele>108.2</ele><time>2023-08-29T07:19:15Z</time></trkpt><trkpt lat="58.043763" lon="38.928803"><ele>107.8</ele><time>2023-08-29T07:19:18Z</time></trkpt><trkpt lat="58.043833" lon="38.928855"><ele>107.3</ele><time>2023-08-29T07:19:20Z</time></trkpt><trkpt lat="58.043898" lon="38.928937"><ele>107.4</ele><time>2023-08-29T07:19:22Z</time></trkpt><trkpt lat="58.043942" lon="38.929053"><ele>107.8</ele><time>2023-08-29T07:19:24Z</time></trkpt><trkpt lat="58.043965" lon="38.929222"><ele>107.6</ele><time>2023-08-29T07:19:27Z</time></trkpt><trkpt lat="58.043975" lon="38.929397"><ele>108.9</ele><time>2023-08-29T07:19:30Z</time></trkpt><trkpt lat="58.04398" lon="38.929537"><ele>108.3</ele><time>2023-08-29T07:19:32Z</time></trkpt><trkpt lat="58.043982" lon="38.929683"><ele>109.4</ele><time>2023-08-29T07:19:34Z</time></trkpt><trkpt lat="58.043982" lon="38.929835"><ele>110.1</ele><time>2023-08-29T07:19:36Z</time></trkpt><trkpt lat="58.043983" lon="38.929985"><ele>109.6</ele><time>2023-08-29T07:19:38Z</time></trkpt><trkpt lat="58.043983" lon="38.930128"><ele>109.6</ele><time>2023-08-29T07:19:40Z</time></trkpt><trkpt lat="58.043988" lon="38.930275"><ele>109.4</ele><time>2023-08-29T07:19:42Z</time></trkpt><trkpt lat="58.04399" lon="38.930427"><ele>110.0</ele><time>2023-08-29T07:19:44Z</time></trkpt><trkpt lat="58.043987" lon="38.930572"><ele>109.5</ele><time>2023-08-29T07:19:46Z</time></trkpt><trkpt lat="58.043985" lon="38.93072"><ele>110.9</ele><time>2023-08-29T07:19:48Z</time></trkpt><trkpt lat="58.043983" lon="38.930867"><ele>111.6</ele><time>2023-08-29T07:19:50Z</time></trkpt><trkpt lat="58.043982" lon="38.931013"><ele>111.7</ele><time>2023-08-29T07:19:52Z</time></trkpt><trkpt lat="58.04399" lon="38.93116"><ele>112.0</ele><time>2023-08-29T07:19:54Z</time></trkpt><trkpt lat="58.044" lon="38.93131"><ele>111.9</ele><time>2023-08-29T07:19:56Z</time></trkpt><trkpt lat="58.044007" lon="38.931467"><ele>112.7</ele><time>2023-08-29T07:19:58Z</time></trkpt><trkpt lat="58.044013" lon="38.93162"><ele>113.7</ele><time>2023-08-29T07:20:00Z</time></trkpt><trkpt lat="58.044012" lon="38.931803"><ele>113.1</ele><time>2023-08-29T07:20:03Z</time></trkpt><trkpt lat="58.043972" lon="38.93192"><ele>112.8</ele><time>2023-08-29T07:20:05Z</time></trkpt><trkpt lat="58.043922" lon="38.932088"><ele>112.6</ele><time>2023-08-29T07:20:07Z</time></trkpt><trkpt lat="58.043895" lon="38.932237"><ele>112.2</ele><time>2023-08-29T07:20:09Z</time></trkpt><trkpt lat="58.043915" lon="38.9324"><ele>112.7</ele><time>2023-08-29T07:20:11Z</time></trkpt><trkpt lat="58.04395" lon="38.932573"><ele>112.3</ele><time>2023-08-29T07:20:13Z</time></trkpt><trkpt lat="58.044008" lon="38.932753"><ele>112.4</ele><time>2023-08-29T07:20:15Z</time></trkpt><trkpt lat="58.04408" lon="38.932955"><ele>113.1</ele><time>2023-08-29T07:20:17Z</time></trkpt><trkpt lat="58.04413" lon="38.933167"><ele>113.5</ele><time>2023-08-29T07:20:19Z</time></trkpt><trkpt lat="58.044147" lon="38.933345"><ele>113.2</ele><time>2023-08-29T07:20:21Z</time></trkpt><trkpt lat="58.044185" lon="38.933507"><ele>113.4</ele><time>2023-08-29T07:20:23Z</time></trkpt><trkpt lat="58.044238" lon="38.933665"><ele>113.3</ele><time>2023-08-29T07:20:25Z</time></trkpt><trkpt lat="58.044297" lon="38.9338"><ele>114.0</ele><time>2023-08-29T07:20:27Z</time></trkpt><trkpt lat="58.044338" lon="38.93393"><ele>113.8</ele><time>2023-08-29T07:20:29Z</time></trkpt><trkpt lat="58.044383" lon="38.934075"><ele>113.1</ele><time>2023-08-29T07:20:31Z</time></trkpt><trkpt lat="58.04443" lon="38.93425"><ele>112.1</ele><time>2023-08-29T07:20:33Z</time></trkpt><trkpt lat="58.044475" lon="38.93442"><ele>112.8</ele><time>2023-08-29T07:20:35Z</time></trkpt><trkpt lat="58.044527" lon="38.934513"><ele>112.0</ele><time>2023-08-29T07:20:36Z</time></trkpt><trkpt lat="58.0446" lon="38.934707"><ele>111.6</ele><time>2023-08-29T07:20:38Z</time></trkpt><trkpt lat="58.04466" lon="38.934905"><ele>111.7</ele><time>2023-08-29T07:20:40Z</time></trkpt><trkpt lat="58.044708" lon="38.935083"><ele>111.6</ele><time>2023-08-29T07:20:42Z</time></trkpt><trkpt lat="58.04471" lon="38.935295"><ele>110.7</ele><time>2023-08-29T07:20:45Z</time></trkpt><trkpt lat="58.044717" lon="38.935463"><ele>110.0</ele><time>2023-08-29T07:20:47Z</time></trkpt><trkpt lat="58.044717" lon="38.935648"><ele>109.6</ele><time>2023-08-29T07:20:49Z</time></trkpt><trkpt lat="58.044752" lon="38.935838"><ele>109.4</ele><time>2023-08-29T07:20:51Z</time></trkpt><trkpt lat="58.044773" lon="38.936047"><ele>108.9</ele><time>2023-08-29T07:20:53Z</time></trkpt><trkpt lat="58.044815" lon="38.93628"><ele>109.3</ele><time>2023-08-29T07:20:55Z</time></trkpt><trkpt lat="58.04486" lon="38.9365"><ele>110.0</ele><time>2023-08-29T07:20:57Z</time></trkpt><trkpt lat="58.044893" lon="38.936735"><ele>110.1</ele><time>2023-08-29T07:20:59Z</time></trkpt><trkpt lat="58.044937" lon="38.936872"><ele>109.8</ele><time>2023-08-29T07:21:00Z</time></trkpt><trkpt lat="58.044945" lon="38.937097"><ele>109.4</ele><time>2023-08-29T07:21:02Z</time></trkpt><trkpt lat="58.04497" lon="38.937305"><ele>109.4</ele><time>2023-08-29T07:21:04Z</time></trkpt><trkpt lat="58.045028" lon="38.937513"><ele>109.5</ele><time>2023-08-29T07:21:06Z</time></trkpt><trkpt lat="58.045097" lon="38.937747"><ele>109.0</ele><time>2023-08-29T07:21:08Z</time></trkpt><trkpt lat="58.045158" lon="38.937977"><ele>107.2</ele><time>2023-08-29T07:21:10Z</time></trkpt><trkpt lat="58.045185" lon="38.938103"><ele>107.2</ele><time>2023-08-29T07:21:11Z</time></trkpt><trkpt lat="58.045198" lon="38.93824"><ele>107.0</ele><time>2023-08-29T07:21:12Z</time></trkpt><trkpt lat="58.045222" lon="38.938377"><ele>106.5</ele><time>2023-08-29T07:21:13Z</time></trkpt><trkpt lat="58.045257" lon="38.938505"><ele>106.4</ele><time>2023-08-29T07:21:14Z</time></trkpt><trkpt lat="58.045292" lon="38.938628"><ele>106.4</ele><time>2023-08-29T07:21:15Z</time></trkpt><trkpt lat="58.04534" lon="38.938858"><ele>105.5</ele><time>2023-08-29T07:21:17Z</time></trkpt><trkpt lat="58.045377" lon="38.939097"><ele>106.2</ele><time>2023-08-29T07:21:19Z</time></trkpt><trkpt lat="58.045428" lon="38.939317"><ele>106.1</ele><time>2023-08-29T07:21:21Z</time></trkpt><trkpt lat="58.045457" lon="38.939548"><ele>106.9</ele><time>2023-08-29T07:21:23Z</time></trkpt><trkpt lat="58.045473" lon="38.939768"><ele>107.3</ele><time>2023-08-29T07:21:25Z</time></trkpt><trkpt lat="58.045467" lon="38.939988"><ele>108.1</ele><time>2023-08-29T07:21:27Z</time></trkpt><trkpt lat="58.045465" lon="38.940202"><ele>109.2</ele><time>2023-08-29T07:21:29Z</time></trkpt><trkpt lat="58.045447" lon="38.940402"><ele>109.1</ele><time>2023-08-29T07:21:31Z</time></trkpt><trkpt lat="58.045415" lon="38.940612"><ele>109.2</ele><time>2023-08-29T07:21:33Z</time></trkpt><trkpt lat="58.045417" lon="38.940823"><ele>109.8</ele><time>2023-08-29T07:21:35Z</time></trkpt><trkpt lat="58.045413" lon="38.941005"><ele>110.3</ele><time>2023-08-29T07:21:37Z</time></trkpt><trkpt lat="58.045402" lon="38.941192"><ele>110.2</ele><time>2023-08-29T07:21:39Z</time></trkpt><trkpt lat="58.045385" lon="38.94136"><ele>109.7</ele><time>2023-08-29T07:21:41Z</time></trkpt><trkpt lat="58.04534" lon="38.941585"><ele>109.7</ele><time>2023-08-29T07:21:43Z</time></trkpt><trkpt lat="58.045292" lon="38.9418"><ele>109.0</ele><time>2023-08-29T07:21:45Z</time></trkpt><trkpt lat="58.045228" lon="38.942077"><ele>108.2</ele><time>2023-08-29T07:21:47Z</time></trkpt><trkpt lat="58.045197" lon="38.942232"><ele>108.7</ele><time>2023-08-29T07:21:48Z</time></trkpt><trkpt lat="58.045172" lon="38.942385"><ele>108.3</ele><time>2023-08-29T07:21:49Z</time></trkpt><trkpt lat="58.045145" lon="38.942547"><ele>107.9</ele><time>2023-08-29T07:21:50Z</time></trkpt><trkpt lat="58.045132" lon="38.942683"><ele>108.6</ele><time>2023-08-29T07:21:51Z</time></trkpt><trkpt lat="58.045127" lon="38.942837"><ele>108.8</ele><time>2023-08-29T07:21:52Z</time></trkpt><trkpt lat="58.045125" lon="38.942985"><ele>109.0</ele><time>2023-08-29T07:21:53Z</time></trkpt><trkpt lat="58.045133" lon="38.943123"><ele>109.2</ele><time>2023-08-29T07:21:54Z</time></trkpt><trkpt lat="58.045115" lon="38.943288"><ele>109.2</ele><time>2023-08-29T07:21:55Z</time></trkpt><trkpt lat="58.045138" lon="38.943428"><ele>107.9</ele><time>2023-08-29T07:21:56Z</time></trkpt><trkpt lat="58.045142" lon="38.943588"><ele>107.0</ele><time>2023-08-29T07:21:57Z</time></trkpt><trkpt lat="58.04516" lon="38.94375"><ele>106.1</ele><time>2023-08-29T07:21:58Z</time></trkpt><trkpt lat="58.045183" lon="38.943915"><ele>105.8</ele><time>2023-08-29T07:21:59Z</time></trkpt><trkpt lat="58.045205" lon="38.944072"><ele>105.6</ele><time>2023-08-29T07:22:00Z</time></trkpt><trkpt lat="58.04518" lon="38.944208"><ele>105.3</ele><time>2023-08-29T07:22:01Z</time></trkpt><trkpt lat="58.045205" lon="38.944363"><ele>104.8</ele><time>2023-08-29T07:22:02Z</time></trkpt><trkpt lat="58.045242" lon="38.944493"><ele>104.4</ele><time>2023-08-29T07:22:03Z</time></trkpt><trkpt lat="58.045277" lon="38.944628"><ele>104.7</ele><time>2023-08-29T07:22:04Z</time></trkpt><trkpt lat="58.045348" lon="38.94483"><ele>104.0</ele><time>2023-08-29T07:22:06Z</time></trkpt><trkpt lat="58.045407" lon="38.945075"><ele>104.2</ele><time>2023-08-29T07:22:08Z</time></trkpt><trkpt lat="58.045423" lon="38.94521"><ele>104.2</ele><time>2023-08-29T07:22:09Z</time></trkpt><trkpt lat="58.045465" lon="38.945442"><ele>104.6</ele><time>2023-08-29T07:22:11Z</time></trkpt><trkpt lat="58.04552" lon="38.94565"><ele>104.1</ele><time>2023-08-29T07:22:13Z</time></trkpt><trkpt lat="58.045552" lon="38.94582"><ele>103.8</ele><time>2023-08-29T07:22:14Z</time></trkpt><trkpt lat="58.045565" lon="38.946012"><ele>103.7</ele><time>2023-08-29T07:22:16Z</time></trkpt><trkpt lat="58.04563" lon="38.946193"><ele>103.6</ele><time>2023-08-29T07:22:18Z</time></trkpt><trkpt lat="58.045673" lon="38.946397"><ele>104.0</ele><time>2023-08-29T07:22:20Z</time></trkpt><trkpt lat="58.045718" lon="38.946617"><ele>104.1</ele><time>2023-08-29T07:22:22Z</time></trkpt><trkpt lat="58.045775" lon="38.946818"><ele>102.8</ele><time>2023-08-29T07:22:24Z</time></trkpt><trkpt lat="58.045832" lon="38.947033"><ele>103.6</ele><time>2023-08-29T07:22:26Z</time></trkpt><trkpt lat="58.045863" lon="38.947223"><ele>103.6</ele><time>2023-08-29T07:22:28Z</time></trkpt><trkpt lat="58.0459" lon="38.947415"><ele>104.0</ele><time>2023-08-29T07:22:30Z</time></trkpt><trkpt lat="58.045948" lon="38.947613"><ele>104.1</ele><time>2023-08-29T07:22:32Z</time></trkpt><trkpt lat="58.045982" lon="38.947813"><ele>103.8</ele><time>2023-08-29T07:22:34Z</time></trkpt><trkpt lat="58.046015" lon="38.948047"><ele>104.1</ele><time>2023-08-29T07:22:36Z</time></trkpt><trkpt lat="58.046043" lon="38.94827"><ele>104.2</ele><time>2023-08-29T07:22:38Z</time></trkpt><trkpt lat="58.046072" lon="38.948477"><ele>103.9</ele><time>2023-08-29T07:22:40Z</time></trkpt><trkpt lat="58.046103" lon="38.948687"><ele>103.2</ele><time>2023-08-29T07:22:42Z</time></trkpt><trkpt lat="58.046135" lon="38.948905"><ele>103.7</ele><time>2023-08-29T07:22:44Z</time></trkpt><trkpt lat="58.04615" lon="38.949113"><ele>103.1</ele><time>2023-08-29T07:22:46Z</time></trkpt><trkpt lat="58.0462" lon="38.949233"><ele>103.2</ele><time>2023-08-29T07:22:47Z</time></trkpt><trkpt lat="58.046237" lon="38.949463"><ele>103.4</ele><time>2023-08-29T07:22:49Z</time></trkpt><trkpt lat="58.04626" lon="38.949657"><ele>104.1</ele><time>2023-08-29T07:22:51Z</time></trkpt><trkpt lat="58.04625" lon="38.949893"><ele>103.9</ele><time>2023-08-29T07:22:53Z</time></trkpt><trkpt lat="58.046263" lon="38.950127"><ele>104.1</ele><time>2023-08-29T07:22:55Z</time></trkpt><trkpt lat="58.046288" lon="38.950363"><ele>104.1</ele><time>2023-08-29T07:22:58Z</time></trkpt><trkpt lat="58.046292" lon="38.950602"><ele>103.5</ele><time>2023-08-29T07:23:00Z</time></trkpt><trkpt lat="58.046318" lon="38.950752"><ele>103.3</ele><time>2023-08-29T07:23:01Z</time></trkpt><trkpt lat="58.046333" lon="38.95097"><ele>104.1</ele><time>2023-08-29T07:23:03Z</time></trkpt><trkpt lat="58.046335" lon="38.951192"><ele>104.4</ele><time>2023-08-29T07:23:05Z</time></trkpt><trkpt lat="58.04638" lon="38.951412"><ele>104.5</ele><time>2023-08-29T07:23:07Z</time></trkpt><trkpt lat="58.046413" lon="38.9516"><ele>104.5</ele><time>2023-08-29T07:23:09Z</time></trkpt><trkpt lat="58.046412" lon="38.951812"><ele>104.1</ele><time>2023-08-29T07:23:11Z</time></trkpt><trkpt lat="58.046428" lon="38.952058"><ele>103.4</ele><time>2023-08-29T07:23:13Z</time></trkpt><trkpt lat="58.046445" lon="38.952293"><ele>105.8</ele><time>2023-08-29T07:23:15Z</time></trkpt><trkpt lat="58.04647" lon="38.952517"><ele>106.4</ele><time>2023-08-29T07:23:17Z</time></trkpt><trkpt lat="58.046505" lon="38.952747"><ele>106.6</ele><time>2023-08-29T07:23:19Z</time></trkpt><trkpt lat="58.046532" lon="38.952972"><ele>105.6</ele><time>2023-08-29T07:23:21Z</time></trkpt><trkpt lat="58.046565" lon="38.953205"><ele>106.7</ele><time>2023-08-29T07:23:23Z</time></trkpt><trkpt lat="58.046592" lon="38.95341"><ele>105.2</ele><time>2023-08-29T07:23:25Z</time></trkpt><trkpt lat="58.046617" lon="38.953597"><ele>105.3</ele><time>2023-08-29T07:23:27Z</time></trkpt><trkpt lat="58.046635" lon="38.953825"><ele>104.8</ele><time>2023-08-29T07:23:29Z</time></trkpt><trkpt lat="58.04667" lon="38.95406"><ele>104.9</ele><time>2023-08-29T07:23:31Z</time></trkpt><trkpt lat="58.046688" lon="38.954273"><ele>105.0</ele><time>2023-08-29T07:23:33Z</time></trkpt><trkpt lat="58.046723" lon="38.95449"><ele>103.9</ele><time>2023-08-29T07:23:35Z</time></trkpt><trkpt lat="58.046755" lon="38.954692"><ele>105.0</ele><time>2023-08-29T07:23:37Z</time></trkpt><trkpt lat="58.046778" lon="38.954883"><ele>105.3</ele><time>2023-08-29T07:23:39Z</time></trkpt><trkpt lat="58.046823" lon="38.955085"><ele>105.3</ele><time>2023-08-29T07:23:41Z</time></trkpt><trkpt lat="58.046853" lon="38.955295"><ele>105.4</ele><time>2023-08-29T07:23:43Z</time></trkpt><trkpt lat="58.046877" lon="38.955533"><ele>104.7</ele><time>2023-08-29T07:23:45Z</time></trkpt><trkpt lat="58.046895" lon="38.95572"><ele>104.2</ele><time>2023-08-29T07:23:47Z</time></trkpt><trkpt lat="58.046913" lon="38.955947"><ele>103.5</ele><time>2023-08-29T07:23:49Z</time></trkpt><trkpt lat="58.046958" lon="38.956057"><ele>103.1</ele><time>2023-08-29T07:23:50Z</time></trkpt><trkpt lat="58.047018" lon="38.956268"><ele>102.1</ele><time>2023-08-29T07:23:52Z</time></trkpt><trkpt lat="58.047043" lon="38.956467"><ele>103.4</ele><time>2023-08-29T07:23:54Z</time></trkpt><trkpt lat="58.047065" lon="38.95669"><ele>104.5</ele><time>2023-08-29T07:23:56Z</time></trkpt><trkpt lat="58.047093" lon="38.956912"><ele>106.3</ele><time>2023-08-29T07:23:58Z</time></trkpt><trkpt lat="58.047142" lon="38.957018"><ele>106.2</ele><time>2023-08-29T07:23:59Z</time></trkpt><trkpt lat="58.047173" lon="38.95714"><ele>106.2</ele><time>2023-08-29T07:24:00Z</time></trkpt><trkpt lat="58.047212" lon="38.957362"><ele>106.2</ele><time>2023-08-29T07:24:02Z</time></trkpt><trkpt lat="58.047258" lon="38.957585"><ele>105.8</ele><time>2023-08-29T07:24:04Z</time></trkpt><trkpt lat="58.04732" lon="38.957807"><ele>106.4</ele><time>2023-08-29T07:24:06Z</time></trkpt><trkpt lat="58.04736" lon="38.957927"><ele>106.0</ele><time>2023-08-29T07:24:07Z</time></trkpt><trkpt lat="58.047393" lon="38.958143"><ele>105.3</ele><time>2023-08-29T07:24:09Z</time></trkpt><trkpt lat="58.04744" lon="38.958372"><ele>104.7</ele><time>2023-08-29T07:24:11Z</time></trkpt><trkpt lat="58.047488" lon="38.9586"><ele>103.7</ele><time>2023-08-29T07:24:13Z</time></trkpt><trkpt lat="58.047512" lon="38.958828"><ele>102.8</ele><time>2023-08-29T07:24:15Z</time></trkpt><trkpt lat="58.047567" lon="38.959045"><ele>102.9</ele><time>2023-08-29T07:24:17Z</time></trkpt><trkpt lat="58.047637" lon="38.959285"><ele>103.4</ele><time>2023-08-29T07:24:19Z</time></trkpt><trkpt lat="58.04769" lon="38.959475"><ele>102.3</ele><time>2023-08-29T07:24:21Z</time></trkpt><trkpt lat="58.047733" lon="38.959688"><ele>102.1</ele><time>2023-08-29T07:24:23Z</time></trkpt><trkpt lat="58.0478" lon="38.959898"><ele>102.2</ele><time>2023-08-29T07:24:25Z</time></trkpt><trkpt lat="58.047847" lon="38.960135"><ele>102.4</ele><time>2023-08-29T07:24:27Z</time></trkpt><trkpt lat="58.047905" lon="38.960368"><ele>102.0</ele><time>2023-08-29T07:24:29Z</time></trkpt><trkpt lat="58.047962" lon="38.960577"><ele>101.5</ele><time>2023-08-29T07:24:31Z</time></trkpt><trkpt lat="58.048003" lon="38.960748"><ele>101.5</ele><time>2023-08-29T07:24:33Z</time></trkpt><trkpt lat="58.04804" lon="38.960955"><ele>101.5</ele><time>2023-08-29T07:24:35Z</time></trkpt><trkpt lat="58.048105" lon="38.961155"><ele>101.0</ele><time>2023-08-29T07:24:37Z</time></trkpt><trkpt lat="58.048152" lon="38.9614"><ele>101.0</ele><time>2023-08-29T07:24:39Z</time></trkpt><trkpt lat="58.048183" lon="38.96152"><ele>100.4</ele><time>2023-08-29T07:24:40Z</time></trkpt><trkpt lat="58.048227" lon="38.961762"><ele>100.6</ele><time>2023-08-29T07:24:42Z</time></trkpt><trkpt lat="58.04826" lon="38.961903"><ele>100.3</ele><time>2023-08-29T07:24:43Z</time></trkpt><trkpt lat="58.04829" lon="38.962038"><ele>100.8</ele><time>2023-08-29T07:24:44Z</time></trkpt><trkpt lat="58.048318" lon="38.96228"><ele>100.9</ele><time>2023-08-29T07:24:46Z</time></trkpt><trkpt lat="58.04834" lon="38.96251"><ele>99.7</ele><time>2023-08-29T07:24:48Z</time></trkpt><trkpt lat="58.048373" lon="38.962745"><ele>99.2</ele><time>2023-08-29T07:24:50Z</time></trkpt><trkpt lat="58.04841" lon="38.962997"><ele>100.0</ele><time>2023-08-29T07:24:52Z</time></trkpt><trkpt lat="58.04843" lon="38.963255"><ele>100.0</ele><time>2023-08-29T07:24:54Z</time></trkpt><trkpt lat="58.04845" lon="38.963492"><ele>100.1</ele><time>2023-08-29T07:24:56Z</time></trkpt><trkpt lat="58.04847" lon="38.96373"><ele>100.1</ele><time>2023-08-29T07:24:58Z</time></trkpt><trkpt lat="58.048482" lon="38.963975"><ele>100.6</ele><time>2023-08-29T07:25:00Z</time></trkpt><trkpt lat="58.048477" lon="38.964193"><ele>100.5</ele><time>2023-08-29T07:25:02Z</time></trkpt><trkpt lat="58.048463" lon="38.964333"><ele>100.4</ele><time>2023-08-29T07:25:04Z</time></trkpt><trkpt lat="58.048463" lon="38.964505"><ele>101.2</ele><time>2023-08-29T07:26:17Z</time></trkpt><trkpt lat="58.048467" lon="38.964707"><ele>100.3</ele><time>2023-08-29T07:26:20Z</time></trkpt><trkpt lat="58.048468" lon="38.964877"><ele>100.9</ele><time>2023-08-29T07:26:22Z</time></trkpt><trkpt lat="58.048473" lon="38.96503"><ele>100.6</ele><time>2023-08-29T07:26:24Z</time></trkpt><trkpt lat="58.04848" lon="38.965193"><ele>101.3</ele><time>2023-08-29T07:26:26Z</time></trkpt><trkpt lat="58.048488" lon="38.965382"><ele>101.0</ele><time>2023-08-29T07:26:28Z</time></trkpt><trkpt lat="58.048492" lon="38.9656"><ele>100.5</ele><time>2023-08-29T07:26:30Z</time></trkpt><trkpt lat="58.048492" lon="38.965818"><ele>101.5</ele><time>2023-08-29T07:26:32Z</time></trkpt><trkpt lat="58.048492" lon="38.966035"><ele>102.1</ele><time>2023-08-29T07:26:34Z</time></trkpt><trkpt lat="58.048498" lon="38.966262"><ele>102.3</ele><time>2023-08-29T07:26:36Z</time></trkpt><trkpt lat="58.048512" lon="38.966465"><ele>102.4</ele><time>2023-08-29T07:26:38Z</time></trkpt><trkpt lat="58.048523" lon="38.966685"><ele>102.3</ele><time>2023-08-29T07:26:40Z</time></trkpt><trkpt lat="58.048542" lon="38.966912"><ele>102.0</ele><time>2023-08-29T07:26:42Z</time></trkpt><trkpt lat="58.048558" lon="38.967137"><ele>101.5</ele><time>2023-08-29T07:26:44Z</time></trkpt><trkpt lat="58.048583" lon="38.967375"><ele>101.6</ele><time>2023-08-29T07:26:46Z</time></trkpt><trkpt lat="58.048598" lon="38.967617"><ele>101.6</ele><time>2023-08-29T07:26:48Z</time></trkpt><trkpt lat="58.048632" lon="38.96785"><ele>101.3</ele><time>2023-08-29T07:26:50Z</time></trkpt><trkpt lat="58.048653" lon="38.968102"><ele>101.6</ele><time>2023-08-29T07:26:52Z</time></trkpt><trkpt lat="58.048678" lon="38.968343"><ele>102.2</ele><time>2023-08-29T07:26:54Z</time></trkpt><trkpt lat="58.048695" lon="38.9686"><ele>102.5</ele><time>2023-08-29T07:26:56Z</time></trkpt><trkpt lat="58.048727" lon="38.96884"><ele>102.8</ele><time>2023-08-29T07:26:58Z</time></trkpt><trkpt lat="58.04875" lon="38.969053"><ele>103.0</ele><time>2023-08-29T07:27:00Z</time></trkpt><trkpt lat="58.048772" lon="38.969273"><ele>103.2</ele><time>2023-08-29T07:27:02Z</time></trkpt><trkpt lat="58.048762" lon="38.96949"><ele>101.4</ele><time>2023-08-29T07:27:04Z</time></trkpt><trkpt lat="58.048782" lon="38.969743"><ele>100.5</ele><time>2023-08-29T07:27:06Z</time></trkpt><trkpt lat="58.04879" lon="38.96999"><ele>100.6</ele><time>2023-08-29T07:27:08Z</time></trkpt><trkpt lat="58.0488" lon="38.970232"><ele>100.8</ele><time>2023-08-29T07:27:10Z</time></trkpt><trkpt lat="58.048827" lon="38.970483"><ele>101.0</ele><time>2023-08-29T07:27:12Z</time></trkpt><trkpt lat="58.048847" lon="38.970727"><ele>101.1</ele><time>2023-08-29T07:27:14Z</time></trkpt><trkpt lat="58.048857" lon="38.970967"><ele>101.3</ele><time>2023-08-29T07:27:16Z</time></trkpt><trkpt lat="58.048837" lon="38.971103"><ele>101.0</ele><time>2023-08-29T07:27:17Z</time></trkpt><trkpt lat="58.048858" lon="38.97135"><ele>100.0</ele><time>2023-08-29T07:27:19Z</time></trkpt><trkpt lat="58.04886" lon="38.971595"><ele>99.7</ele><time>2023-08-29T07:27:21Z</time></trkpt><trkpt lat="58.048873" lon="38.971822"><ele>99.5</ele><time>2023-08-29T07:27:23Z</time></trkpt><trkpt lat="58.048908" lon="38.972047"><ele>100.7</ele><time>2023-08-29T07:27:25Z</time></trkpt><trkpt lat="58.048917" lon="38.972272"><ele>101.9</ele><time>2023-08-29T07:27:27Z</time></trkpt><trkpt lat="58.048923" lon="38.972495"><ele>101.2</ele><time>2023-08-29T07:27:29Z</time></trkpt><trkpt lat="58.048938" lon="38.972708"><ele>101.4</ele><time>2023-08-29T07:27:31Z</time></trkpt><trkpt lat="58.048907" lon="38.972945"><ele>100.1</ele><time>2023-08-29T07:27:33Z</time></trkpt><trkpt lat="58.048913" lon="38.973217"><ele>99.4</ele><time>2023-08-29T07:27:35Z</time></trkpt><trkpt lat="58.048942" lon="38.973467"><ele>98.9</ele><time>2023-08-29T07:27:37Z</time></trkpt><trkpt lat="58.048963" lon="38.9737"><ele>99.2</ele><time>2023-08-29T07:27:39Z</time></trkpt><trkpt lat="58.049002" lon="38.97394"><ele>99.9</ele><time>2023-08-29T07:27:41Z</time></trkpt><trkpt lat="58.049012" lon="38.974175"><ele>99.4</ele><time>2023-08-29T07:27:43Z</time></trkpt><trkpt lat="58.049038" lon="38.974383"><ele>99.9</ele><time>2023-08-29T07:27:45Z</time></trkpt><trkpt lat="58.049082" lon="38.974603"><ele>100.9</ele><time>2023-08-29T07:27:47Z</time></trkpt><trkpt lat="58.049093" lon="38.974852"><ele>100.4</ele><time>2023-08-29T07:27:49Z</time></trkpt><trkpt lat="58.049067" lon="38.97507"><ele>100.7</ele><time>2023-08-29T07:27:51Z</time></trkpt><trkpt lat="58.049073" lon="38.975217"><ele>99.3</ele><time>2023-08-29T07:27:52Z</time></trkpt><trkpt lat="58.049087" lon="38.975422"><ele>98.5</ele><time>2023-08-29T07:27:54Z</time></trkpt><trkpt lat="58.04908" lon="38.975647"><ele>98.9</ele><time>2023-08-29T07:27:56Z</time></trkpt><trkpt lat="58.049067" lon="38.975847"><ele>99.3</ele><time>2023-08-29T07:27:58Z</time></trkpt><trkpt lat="58.04906" lon="38.976073"><ele>98.7</ele><time>2023-08-29T07:28:00Z</time></trkpt><trkpt lat="58.049023" lon="38.976297"><ele>99.1</ele><time>2023-08-29T07:28:02Z</time></trkpt><trkpt lat="58.049032" lon="38.97651"><ele>98.6</ele><time>2023-08-29T07:28:04Z</time></trkpt><trkpt lat="58.049005" lon="38.976732"><ele>98.6</ele><time>2023-08-29T07:28:06Z</time></trkpt><trkpt lat="58.048997" lon="38.976967"><ele>98.3</ele><time>2023-08-29T07:28:08Z</time></trkpt><trkpt lat="58.048972" lon="38.977193"><ele>98.1</ele><time>2023-08-29T07:28:10Z</time></trkpt><trkpt lat="58.048962" lon="38.977405"><ele>97.8</ele><time>2023-08-29T07:28:12Z</time></trkpt><trkpt lat="58.048942" lon="38.977672"><ele>97.5</ele><time>2023-08-29T07:28:14Z</time></trkpt><trkpt lat="58.04893" lon="38.9779"><ele>97.5</ele><time>2023-08-29T07:28:16Z</time></trkpt><trkpt lat="58.048902" lon="38.978163"><ele>97.4</ele><time>2023-08-29T07:28:18Z</time></trkpt><trkpt lat="58.048892" lon="38.978427"><ele>96.8</ele><time>2023-08-29T07:28:20Z</time></trkpt><trkpt lat="58.048855" lon="38.978692"><ele>97.7</ele><time>2023-08-29T07:28:22Z</time></trkpt><trkpt lat="58.048835" lon="38.978957"><ele>97.5</ele><time>2023-08-29T07:28:24Z</time></trkpt><trkpt lat="58.048812" lon="38.979183"><ele>96.9</ele><time>2023-08-29T07:28:26Z</time></trkpt><trkpt lat="58.048788" lon="38.97944"><ele>96.5</ele><time>2023-08-29T07:28:28Z</time></trkpt><trkpt lat="58.048758" lon="38.979697"><ele>96.7</ele><time>2023-08-29T07:28:30Z</time></trkpt><trkpt lat="58.048743" lon="38.979968"><ele>96.6</ele><time>2023-08-29T07:28:32Z</time></trkpt><trkpt lat="58.048723" lon="38.98022"><ele>96.5</ele><time>2023-08-29T07:28:34Z</time></trkpt><trkpt lat="58.04872" lon="38.980458"><ele>96.2</ele><time>2023-08-29T07:28:36Z</time></trkpt><trkpt lat="58.048695" lon="38.980688"><ele>96.5</ele><time>2023-08-29T07:28:38Z</time></trkpt><trkpt lat="58.048662" lon="38.98082"><ele>96.5</ele><time>2023-08-29T07:28:39Z</time></trkpt><trkpt lat="58.048642" lon="38.981025"><ele>95.5</ele><time>2023-08-29T07:28:41Z</time></trkpt><trkpt lat="58.048603" lon="38.981237"><ele>95.2</ele><time>2023-08-29T07:28:43Z</time></trkpt><trkpt lat="58.0486" lon="38.981472"><ele>95.0</ele><time>2023-08-29T07:28:45Z</time></trkpt><trkpt lat="58.04859" lon="38.981687"><ele>95.0</ele><time>2023-08-29T07:28:47Z</time></trkpt><trkpt lat="58.048577" lon="38.981903"><ele>96.0</ele><time>2023-08-29T07:28:49Z</time></trkpt><trkpt lat="58.048552" lon="38.982132"><ele>96.6</ele><time>2023-08-29T07:28:51Z</time></trkpt><trkpt lat="58.048532" lon="38.982365"><ele>97.2</ele><time>2023-08-29T07:28:53Z</time></trkpt><trkpt lat="58.048513" lon="38.982577"><ele>97.5</ele><time>2023-08-29T07:28:55Z</time></trkpt><trkpt lat="58.048495" lon="38.982802"><ele>97.7</ele><time>2023-08-29T07:28:57Z</time></trkpt><trkpt lat="58.048523" lon="38.983012"><ele>97.4</ele><time>2023-08-29T07:28:59Z</time></trkpt><trkpt lat="58.048507" lon="38.98325"><ele>96.4</ele><time>2023-08-29T07:29:01Z</time></trkpt><trkpt lat="58.04849" lon="38.983465"><ele>97.0</ele><time>2023-08-29T07:29:03Z</time></trkpt><trkpt lat="58.048467" lon="38.983695"><ele>97.6</ele><time>2023-08-29T07:29:05Z</time></trkpt><trkpt lat="58.04844" lon="38.983927"><ele>98.6</ele><time>2023-08-29T07:29:07Z</time></trkpt><trkpt lat="58.048428" lon="38.98415"><ele>99.0</ele><time>2023-08-29T07:29:09Z</time></trkpt><trkpt lat="58.048387" lon="38.984343"><ele>99.1</ele><time>2023-08-29T07:29:11Z</time></trkpt><trkpt lat="58.04837" lon="38.984548"><ele>98.3</ele><time>2023-08-29T07:29:13Z</time></trkpt><trkpt lat="58.048353" lon="38.984758"><ele>97.9</ele><time>2023-08-29T07:29:15Z</time></trkpt><trkpt lat="58.04832" lon="38.984967"><ele>98.3</ele><time>2023-08-29T07:29:17Z</time></trkpt><trkpt lat="58.048303" lon="38.985187"><ele>98.4</ele><time>2023-08-29T07:29:19Z</time></trkpt><trkpt lat="58.04826" lon="38.985407"><ele>98.0</ele><time>2023-08-29T07:29:21Z</time></trkpt><trkpt lat="58.048247" lon="38.985632"><ele>97.9</ele><time>2023-08-29T07:29:23Z</time></trkpt><trkpt lat="58.04823" lon="38.985832"><ele>97.6</ele><time>2023-08-29T07:29:25Z</time></trkpt><trkpt lat="58.048207" lon="38.986052"><ele>97.3</ele><time>2023-08-29T07:29:27Z</time></trkpt><trkpt lat="58.0482" lon="38.986277"><ele>98.0</ele><time>2023-08-29T07:29:29Z</time></trkpt><trkpt lat="58.048163" lon="38.986483"><ele>97.9</ele><time>2023-08-29T07:29:31Z</time></trkpt><trkpt lat="58.048157" lon="38.986677"><ele>98.6</ele><time>2023-08-29T07:29:33Z</time></trkpt><trkpt lat="58.048143" lon="38.986862"><ele>98.5</ele><time>2023-08-29T07:29:35Z</time></trkpt><trkpt lat="58.048123" lon="38.98708"><ele>98.9</ele><time>2023-08-29T07:29:37Z</time></trkpt><trkpt lat="58.04811" lon="38.987302"><ele>99.1</ele><time>2023-08-29T07:29:39Z</time></trkpt><trkpt lat="58.04811" lon="38.987512"><ele>98.9</ele><time>2023-08-29T07:29:41Z</time></trkpt><trkpt lat="58.048092" lon="38.987707"><ele>98.9</ele><time>2023-08-29T07:29:43Z</time></trkpt><trkpt lat="58.048078" lon="38.987943"><ele>100.0</ele><time>2023-08-29T07:29:45Z</time></trkpt><trkpt lat="58.04806" lon="38.988137"><ele>99.9</ele><time>2023-08-29T07:29:47Z</time></trkpt><trkpt lat="58.048038" lon="38.988338"><ele>100.4</ele><time>2023-08-29T07:29:49Z</time></trkpt><trkpt lat="58.048022" lon="38.988555"><ele>101.0</ele><time>2023-08-29T07:29:51Z</time></trkpt><trkpt lat="58.048002" lon="38.988788"><ele>101.4</ele><time>2023-08-29T07:29:53Z</time></trkpt><trkpt lat="58.047978" lon="38.98902"><ele>101.5</ele><time>2023-08-29T07:29:55Z</time></trkpt><trkpt lat="58.047963" lon="38.989228"><ele>101.7</ele><time>2023-08-29T07:29:57Z</time></trkpt><trkpt lat="58.047945" lon="38.989462"><ele>102.0</ele><time>2023-08-29T07:29:59Z</time></trkpt><trkpt lat="58.047925" lon="38.98967"><ele>101.9</ele><time>2023-08-29T07:30:01Z</time></trkpt><trkpt lat="58.047875" lon="38.989872"><ele>102.2</ele><time>2023-08-29T07:30:03Z</time></trkpt><trkpt lat="58.04784" lon="38.990092"><ele>102.2</ele><time>2023-08-29T07:30:05Z</time></trkpt><trkpt lat="58.047807" lon="38.990297"><ele>101.8</ele><time>2023-08-29T07:30:07Z</time></trkpt><trkpt lat="58.04777" lon="38.990485"><ele>101.1</ele><time>2023-08-29T07:30:09Z</time></trkpt><trkpt lat="58.047718" lon="38.99069"><ele>100.1</ele><time>2023-08-29T07:30:11Z</time></trkpt><trkpt lat="58.047677" lon="38.990898"><ele>100.0</ele><time>2023-08-29T07:30:13Z</time></trkpt><trkpt lat="58.047645" lon="38.991113"><ele>99.7</ele><time>2023-08-29T07:30:15Z</time></trkpt><trkpt lat="58.047587" lon="38.99131"><ele>99.8</ele><time>2023-08-29T07:30:17Z</time></trkpt><trkpt lat="58.04754" lon="38.991522"><ele>99.5</ele><time>2023-08-29T07:30:19Z</time></trkpt><trkpt lat="58.047498" lon="38.991747"><ele>99.4</ele><time>2023-08-29T07:30:21Z</time></trkpt><trkpt lat="58.047457" lon="38.991992"><ele>99.3</ele><time>2023-08-29T07:30:23Z</time></trkpt><trkpt lat="58.047428" lon="38.992122"><ele>99.1</ele><time>2023-08-29T07:30:24Z</time></trkpt><trkpt lat="58.047373" lon="38.992343"><ele>98.7</ele><time>2023-08-29T07:30:26Z</time></trkpt><trkpt lat="58.047313" lon="38.992563"><ele>99.7</ele><time>2023-08-29T07:30:28Z</time></trkpt><trkpt lat="58.047258" lon="38.9928"><ele>99.7</ele><time>2023-08-29T07:30:30Z</time></trkpt><trkpt lat="58.047203" lon="38.993022"><ele>100.1</ele><time>2023-08-29T07:30:32Z</time></trkpt><trkpt lat="58.047147" lon="38.99322"><ele>100.2</ele><time>2023-08-29T07:30:34Z</time></trkpt><trkpt lat="58.04709" lon="38.993435"><ele>100.1</ele><time>2023-08-29T07:30:36Z</time></trkpt><trkpt lat="58.047043" lon="38.993583"><ele>100.3</ele><time>2023-08-29T07:30:38Z</time></trkpt><trkpt lat="58.046995" lon="38.993802"><ele>100.9</ele><time>2023-08-29T07:30:40Z</time></trkpt><trkpt lat="58.046925" lon="38.994017"><ele>99.1</ele><time>2023-08-29T07:30:43Z</time></trkpt><trkpt lat="58.04687" lon="38.994218"><ele>98.8</ele><time>2023-08-29T07:30:45Z</time></trkpt><trkpt lat="58.04685" lon="38.99436"><ele>98.1</ele><time>2023-08-29T07:30:47Z</time></trkpt><trkpt lat="58.0468" lon="38.994563"><ele>98.1</ele><time>2023-08-29T07:30:49Z</time></trkpt><trkpt lat="58.046772" lon="38.99476"><ele>98.6</ele><time>2023-08-29T07:30:51Z</time></trkpt><trkpt lat="58.046718" lon="38.99495"><ele>98.4</ele><time>2023-08-29T07:30:53Z</time></trkpt><trkpt lat="58.046668" lon="38.99517"><ele>98.8</ele><time>2023-08-29T07:30:55Z</time></trkpt><trkpt lat="58.04663" lon="38.995383"><ele>98.6</ele><time>2023-08-29T07:30:57Z</time></trkpt><trkpt lat="58.046565" lon="38.995613"><ele>98.4</ele><time>2023-08-29T07:30:59Z</time></trkpt><trkpt lat="58.046515" lon="38.9958"><ele>98.5</ele><time>2023-08-29T07:31:01Z</time></trkpt><trkpt lat="58.046478" lon="38.996008"><ele>98.7</ele><time>2023-08-29T07:31:03Z</time></trkpt><trkpt lat="58.046442" lon="38.996148"><ele>98.8</ele><time>2023-08-29T07:31:04Z</time></trkpt><trkpt lat="58.046395" lon="38.996315"><ele>98.9</ele><time>2023-08-29T07:31:06Z</time></trkpt><trkpt lat="58.046335" lon="38.99649"><ele>99.3</ele><time>2023-08-29T07:31:08Z</time></trkpt><trkpt lat="58.046268" lon="38.996698"><ele>99.3</ele><time>2023-08-29T07:31:10Z</time></trkpt><trkpt lat="58.046228" lon="38.9969"><ele>99.2</ele><time>2023-08-29T07:31:12Z</time></trkpt><trkpt lat="58.046173" lon="38.997083"><ele>100.3</ele><time>2023-08-29T07:31:14Z</time></trkpt><trkpt lat="58.046135" lon="38.997275"><ele>100.2</ele><time>2023-08-29T07:31:16Z</time></trkpt><trkpt lat="58.046078" lon="38.997482"><ele>100.7</ele><time>2023-08-29T07:31:18Z</time></trkpt><trkpt lat="58.046037" lon="38.997713"><ele>100.5</ele><time>2023-08-29T07:31:21Z</time></trkpt><trkpt lat="58.045997" lon="38.997907"><ele>101.4</ele><time>2023-08-29T07:31:23Z</time></trkpt><trkpt lat="58.045945" lon="38.998062"><ele>102.0</ele><time>2023-08-29T07:31:25Z</time></trkpt><trkpt lat="58.04591" lon="38.99821"><ele>102.0</ele><time>2023-08-29T07:31:27Z</time></trkpt><trkpt lat="58.04586" lon="38.998358"><ele>101.4</ele><time>2023-08-29T07:31:29Z</time></trkpt><trkpt lat="58.04584" lon="38.99857"><ele>101.2</ele><time>2023-08-29T07:31:31Z</time></trkpt><trkpt lat="58.045782" lon="38.998773"><ele>100.3</ele><time>2023-08-29T07:31:33Z</time></trkpt><trkpt lat="58.045723" lon="38.998968"><ele>100.8</ele><time>2023-08-29T07:31:35Z</time></trkpt><trkpt lat="58.045668" lon="38.999172"><ele>100.9</ele><time>2023-08-29T07:31:37Z</time></trkpt><trkpt lat="58.045625" lon="38.99936"><ele>100.8</ele><time>2023-08-29T07:31:39Z</time></trkpt><trkpt lat="58.045573" lon="38.999563"><ele>100.7</ele><time>2023-08-29T07:31:41Z</time></trkpt><trkpt lat="58.045513" lon="38.999715"><ele>101.3</ele><time>2023-08-29T07:31:43Z</time></trkpt><trkpt lat="58.04545" lon="38.99988"><ele>101.8</ele><time>2023-08-29T07:31:45Z</time></trkpt><trkpt lat="58.045417" lon="39.000022"><ele>101.8</ele><time>2023-08-29T07:31:47Z</time></trkpt><trkpt lat="58.045385" lon="39.000157"><ele>102.0</ele><time>2023-08-29T07:31:49Z</time></trkpt><trkpt lat="58.045332" lon="39.00034"><ele>103.4</ele><time>2023-08-29T07:31:52Z</time></trkpt><trkpt lat="58.045292" lon="39.000468"><ele>102.1</ele><time>2023-08-29T07:31:54Z</time></trkpt><trkpt lat="58.045252" lon="39.000648"><ele>102.2</ele><time>2023-08-29T07:31:56Z</time></trkpt><trkpt lat="58.045193" lon="39.00085"><ele>102.3</ele><time>2023-08-29T07:31:58Z</time></trkpt><trkpt lat="58.045128" lon="39.00108"><ele>101.5</ele><time>2023-08-29T07:32:00Z</time></trkpt><trkpt lat="58.045085" lon="39.001208"><ele>100.5</ele><time>2023-08-29T07:32:01Z</time></trkpt><trkpt lat="58.045035" lon="39.001348"><ele>99.4</ele><time>2023-08-29T07:32:02Z</time></trkpt><trkpt lat="58.044982" lon="39.001502"><ele>98.4</ele><time>2023-08-29T07:32:03Z</time></trkpt><trkpt lat="58.044932" lon="39.00165"><ele>97.9</ele><time>2023-08-29T07:32:04Z</time></trkpt><trkpt lat="58.044872" lon="39.001847"><ele>98.3</ele><time>2023-08-29T07:32:05Z</time></trkpt><trkpt lat="58.044823" lon="39.00197"><ele>98.7</ele><time>2023-08-29T07:32:06Z</time></trkpt><trkpt lat="58.044732" lon="39.002188"><ele>96.6</ele><time>2023-08-29T07:32:08Z</time></trkpt><trkpt lat="58.044672" lon="39.00234"><ele>94.7</ele><time>2023-08-29T07:32:09Z</time></trkpt><trkpt lat="58.044625" lon="39.00248"><ele>93.5</ele><time>2023-08-29T07:32:10Z</time></trkpt><trkpt lat="58.044587" lon="39.0026"><ele>93.7</ele><time>2023-08-29T07:32:11Z</time></trkpt><trkpt lat="58.044533" lon="39.002723"><ele>93.6</ele><time>2023-08-29T07:32:12Z</time></trkpt><trkpt lat="58.044487" lon="39.002838"><ele>94.6</ele><time>2023-08-29T07:32:13Z</time></trkpt><trkpt lat="58.044393" lon="39.003065"><ele>96.0</ele><time>2023-08-29T07:32:15Z</time></trkpt><trkpt lat="58.04433" lon="39.003218"><ele>96.0</ele><time>2023-08-29T07:32:16Z</time></trkpt><trkpt lat="58.044223" lon="39.003463"><ele>96.5</ele><time>2023-08-29T07:32:18Z</time></trkpt><trkpt lat="58.044115" lon="39.003692"><ele>96.0</ele><time>2023-08-29T07:32:20Z</time></trkpt><trkpt lat="58.04406" lon="39.003807"><ele>95.8</ele><time>2023-08-29T07:32:21Z</time></trkpt><trkpt lat="58.044015" lon="39.003922"><ele>95.9</ele><time>2023-08-29T07:32:22Z</time></trkpt><trkpt lat="58.04397" lon="39.004043"><ele>96.7</ele><time>2023-08-29T07:32:23Z</time></trkpt><trkpt lat="58.043922" lon="39.004162"><ele>96.6</ele><time>2023-08-29T07:32:24Z</time></trkpt><trkpt lat="58.043842" lon="39.004347"><ele>96.1</ele><time>2023-08-29T07:32:26Z</time></trkpt><trkpt lat="58.043752" lon="39.004523"><ele>95.9</ele><time>2023-08-29T07:32:28Z</time></trkpt><trkpt lat="58.043717" lon="39.004653"><ele>95.9</ele><time>2023-08-29T07:32:29Z</time></trkpt><trkpt lat="58.043645" lon="39.004838"><ele>95.2</ele><time>2023-08-29T07:32:31Z</time></trkpt><trkpt lat="58.043562" lon="39.005018"><ele>94.7</ele><time>2023-08-29T07:32:33Z</time></trkpt><trkpt lat="58.043485" lon="39.005212"><ele>94.3</ele><time>2023-08-29T07:32:34Z</time></trkpt><trkpt lat="58.043423" lon="39.005397"><ele>93.4</ele><time>2023-08-29T07:32:36Z</time></trkpt><trkpt lat="58.043358" lon="39.005528"><ele>93.0</ele><time>2023-08-29T07:32:38Z</time></trkpt><trkpt lat="58.043303" lon="39.005662"><ele>92.9</ele><time>2023-08-29T07:32:40Z</time></trkpt><trkpt lat="58.043245" lon="39.005802"><ele>93.5</ele><time>2023-08-29T07:32:42Z</time></trkpt><trkpt lat="58.043195" lon="39.005905"><ele>93.8</ele><time>2023-08-29T07:32:44Z</time></trkpt><trkpt lat="58.043138" lon="39.006027"><ele>94.4</ele><time>2023-08-29T07:32:46Z</time></trkpt><trkpt lat="58.043087" lon="39.006178"><ele>96.0</ele><time>2023-08-29T07:32:48Z</time></trkpt><trkpt lat="58.043045" lon="39.006315"><ele>95.6</ele><time>2023-08-29T07:32:50Z</time></trkpt><trkpt lat="58.043" lon="39.006437"><ele>95.9</ele><time>2023-08-29T07:32:52Z</time></trkpt><trkpt lat="58.042955" lon="39.006548"><ele>96.1</ele><time>2023-08-29T07:32:54Z</time></trkpt><trkpt lat="58.042912" lon="39.006662"><ele>96.1</ele><time>2023-08-29T07:32:56Z</time></trkpt><trkpt lat="58.042867" lon="39.006773"><ele>96.0</ele><time>2023-08-29T07:32:58Z</time></trkpt><trkpt lat="58.042818" lon="39.006888"><ele>96.1</ele><time>2023-08-29T07:33:00Z</time></trkpt><trkpt lat="58.042767" lon="39.007025"><ele>96.4</ele><time>2023-08-29T07:33:02Z</time></trkpt><trkpt lat="58.042715" lon="39.007165"><ele>99.3</ele><time>2023-08-29T07:33:04Z</time></trkpt><trkpt lat="58.042665" lon="39.007295"><ele>100.0</ele><time>2023-08-29T07:33:06Z</time></trkpt><trkpt lat="58.042605" lon="39.007445"><ele>99.1</ele><time>2023-08-29T07:33:09Z</time></trkpt><trkpt lat="58.042552" lon="39.007572"><ele>99.1</ele><time>2023-08-29T07:33:11Z</time></trkpt><trkpt lat="58.042493" lon="39.00772"><ele>98.8</ele><time>2023-08-29T07:33:14Z</time></trkpt><trkpt lat="58.042435" lon="39.007853"><ele>98.0</ele><time>2023-08-29T07:33:16Z</time></trkpt><trkpt lat="58.042377" lon="39.007997"><ele>98.7</ele><time>2023-08-29T07:33:18Z</time></trkpt><trkpt lat="58.042297" lon="39.008128"><ele>96.9</ele><time>2023-08-29T07:33:21Z</time></trkpt><trkpt lat="58.042233" lon="39.00825"><ele>98.7</ele><time>2023-08-29T07:33:23Z</time></trkpt><trkpt lat="58.04217" lon="39.008422"><ele>98.3</ele><time>2023-08-29T07:33:25Z</time></trkpt><trkpt lat="58.042103" lon="39.00858"><ele>97.3</ele><time>2023-08-29T07:33:27Z</time></trkpt><trkpt lat="58.042043" lon="39.008743"><ele>96.4</ele><time>2023-08-29T07:33:29Z</time></trkpt><trkpt lat="58.041975" lon="39.008927"><ele>96.2</ele><time>2023-08-29T07:33:31Z</time></trkpt><trkpt lat="58.041905" lon="39.009125"><ele>96.2</ele><time>2023-08-29T07:33:33Z</time></trkpt><trkpt lat="58.041837" lon="39.009303"><ele>95.9</ele><time>2023-08-29T07:33:35Z</time></trkpt><trkpt lat="58.041767" lon="39.009493"><ele>95.5</ele><time>2023-08-29T07:33:37Z</time></trkpt><trkpt lat="58.041692" lon="39.009685"><ele>95.6</ele><time>2023-08-29T07:33:39Z</time></trkpt><trkpt lat="58.041618" lon="39.009893"><ele>94.9</ele><time>2023-08-29T07:33:41Z</time></trkpt><trkpt lat="58.041545" lon="39.010105"><ele>94.3</ele><time>2023-08-29T07:33:43Z</time></trkpt><trkpt lat="58.041463" lon="39.01035"><ele>95.2</ele><time>2023-08-29T07:33:45Z</time></trkpt><trkpt lat="58.04139" lon="39.010545"><ele>96.7</ele><time>2023-08-29T07:33:47Z</time></trkpt><trkpt lat="58.041315" lon="39.010725"><ele>97.0</ele><time>2023-08-29T07:33:49Z</time></trkpt><trkpt lat="58.041262" lon="39.010867"><ele>96.3</ele><time>2023-08-29T07:33:50Z</time></trkpt><trkpt lat="58.041225" lon="39.010983"><ele>97.2</ele><time>2023-08-29T07:33:51Z</time></trkpt><trkpt lat="58.041158" lon="39.011177"><ele>101.0</ele><time>2023-08-29T07:33:53Z</time></trkpt><trkpt lat="58.041087" lon="39.011335"><ele>100.9</ele><time>2023-08-29T07:33:55Z</time></trkpt><trkpt lat="58.041027" lon="39.011488"><ele>101.0</ele><time>2023-08-29T07:33:57Z</time></trkpt><trkpt lat="58.040967" lon="39.011668"><ele>99.2</ele><time>2023-08-29T07:33:59Z</time></trkpt><trkpt lat="58.04091" lon="39.011827"><ele>99.2</ele><time>2023-08-29T07:34:01Z</time></trkpt><trkpt lat="58.040845" lon="39.011988"><ele>97.9</ele><time>2023-08-29T07:34:03Z</time></trkpt><trkpt lat="58.040783" lon="39.012175"><ele>99.4</ele><time>2023-08-29T07:34:05Z</time></trkpt><trkpt lat="58.040728" lon="39.012323"><ele>100.2</ele><time>2023-08-29T07:34:07Z</time></trkpt><trkpt lat="58.040675" lon="39.012453"><ele>101.5</ele><time>2023-08-29T07:34:09Z</time></trkpt><trkpt lat="58.040602" lon="39.012632"><ele>99.2</ele><time>2023-08-29T07:34:11Z</time></trkpt><trkpt lat="58.040533" lon="39.012843"><ele>98.9</ele><time>2023-08-29T07:34:13Z</time></trkpt><trkpt lat="58.040463" lon="39.013032"><ele>98.9</ele><time>2023-08-29T07:34:15Z</time></trkpt><trkpt lat="58.040393" lon="39.013212"><ele>98.4</ele><time>2023-08-29T07:34:17Z</time></trkpt><trkpt lat="58.040332" lon="39.013382"><ele>98.5</ele><time>2023-08-29T07:34:19Z</time></trkpt><trkpt lat="58.040263" lon="39.01355"><ele>98.5</ele><time>2023-08-29T07:34:21Z</time></trkpt><trkpt lat="58.0402" lon="39.013705"><ele>98.1</ele><time>2023-08-29T07:34:23Z</time></trkpt><trkpt lat="58.040133" lon="39.013858"><ele>97.6</ele><time>2023-08-29T07:34:25Z</time></trkpt><trkpt lat="58.040067" lon="39.014032"><ele>98.2</ele><time>2023-08-29T07:34:27Z</time></trkpt><trkpt lat="58.039988" lon="39.01424"><ele>98.2</ele><time>2023-08-29T07:34:29Z</time></trkpt><trkpt lat="58.039923" lon="39.014413"><ele>98.6</ele><time>2023-08-29T07:34:31Z</time></trkpt><trkpt lat="58.039855" lon="39.0146"><ele>97.7</ele><time>2023-08-29T07:34:33Z</time></trkpt><trkpt lat="58.039805" lon="39.014753"><ele>97.2</ele><time>2023-08-29T07:34:35Z</time></trkpt><trkpt lat="58.039743" lon="39.014927"><ele>96.5</ele><time>2023-08-29T07:34:37Z</time></trkpt><trkpt lat="58.039693" lon="39.015032"><ele>96.5</ele><time>2023-08-29T07:34:38Z</time></trkpt><trkpt lat="58.039612" lon="39.015208"><ele>93.4</ele><time>2023-08-29T07:34:41Z</time></trkpt><trkpt lat="58.03955" lon="39.015383"><ele>93.6</ele><time>2023-08-29T07:34:43Z</time></trkpt><trkpt lat="58.03949" lon="39.015588"><ele>94.0</ele><time>2023-08-29T07:34:45Z</time></trkpt><trkpt lat="58.039437" lon="39.015727"><ele>95.4</ele><time>2023-08-29T07:34:47Z</time></trkpt><trkpt lat="58.039375" lon="39.015855"><ele>95.6</ele><time>2023-08-29T07:34:49Z</time></trkpt><trkpt lat="58.039315" lon="39.01604"><ele>94.0</ele><time>2023-08-29T07:34:51Z</time></trkpt><trkpt lat="58.039245" lon="39.016195"><ele>96.3</ele><time>2023-08-29T07:34:53Z</time></trkpt><trkpt lat="58.039177" lon="39.016377"><ele>96.7</ele><time>2023-08-29T07:34:55Z</time></trkpt><trkpt lat="58.039118" lon="39.016538"><ele>96.1</ele><time>2023-08-29T07:34:57Z</time></trkpt><trkpt lat="58.039055" lon="39.016662"><ele>95.9</ele><time>2023-08-29T07:35:00Z</time></trkpt><trkpt lat="58.038983" lon="39.016822"><ele>95.8</ele><time>2023-08-29T07:35:02Z</time></trkpt><trkpt lat="58.038912" lon="39.01701"><ele>95.5</ele><time>2023-08-29T07:35:04Z</time></trkpt><trkpt lat="58.038833" lon="39.01722"><ele>95.3</ele><time>2023-08-29T07:35:06Z</time></trkpt><trkpt lat="58.038795" lon="39.01734"><ele>97.2</ele><time>2023-08-29T07:35:07Z</time></trkpt><trkpt lat="58.038745" lon="39.017467"><ele>97.3</ele><time>2023-08-29T07:35:08Z</time></trkpt><trkpt lat="58.038713" lon="39.017642"><ele>97.2</ele><time>2023-08-29T07:35:09Z</time></trkpt><trkpt lat="58.038642" lon="39.017803"><ele>96.6</ele><time>2023-08-29T07:35:11Z</time></trkpt><trkpt lat="58.038592" lon="39.017935"><ele>97.6</ele><time>2023-08-29T07:35:13Z</time></trkpt><trkpt lat="58.03853" lon="39.018102"><ele>97.8</ele><time>2023-08-29T07:35:15Z</time></trkpt><trkpt lat="58.038487" lon="39.018223"><ele>98.1</ele><time>2023-08-29T07:35:16Z</time></trkpt><trkpt lat="58.038433" lon="39.018388"><ele>97.7</ele><time>2023-08-29T07:35:18Z</time></trkpt><trkpt lat="58.038347" lon="39.018552"><ele>94.5</ele><time>2023-08-29T07:35:21Z</time></trkpt><trkpt lat="58.038282" lon="39.018725"><ele>94.7</ele><time>2023-08-29T07:35:23Z</time></trkpt><trkpt lat="58.038207" lon="39.0189"><ele>95.7</ele><time>2023-08-29T07:35:25Z</time></trkpt><trkpt lat="58.038138" lon="39.01904"><ele>96.0</ele><time>2023-08-29T07:35:27Z</time></trkpt><trkpt lat="58.038065" lon="39.019223"><ele>95.8</ele><time>2023-08-29T07:35:29Z</time></trkpt><trkpt lat="58.03798" lon="39.019398"><ele>95.9</ele><time>2023-08-29T07:35:32Z</time></trkpt><trkpt lat="58.037913" lon="39.01958"><ele>95.8</ele><time>2023-08-29T07:35:34Z</time></trkpt><trkpt lat="58.037852" lon="39.019777"><ele>96.2</ele><time>2023-08-29T07:35:36Z</time></trkpt><trkpt lat="58.037788" lon="39.019955"><ele>98.7</ele><time>2023-08-29T07:35:38Z</time></trkpt><trkpt lat="58.03772" lon="39.020152"><ele>99.1</ele><time>2023-08-29T07:35:40Z</time></trkpt><trkpt lat="58.037652" lon="39.020288"><ele>99.0</ele><time>2023-08-29T07:35:42Z</time></trkpt><trkpt lat="58.037585" lon="39.020442"><ele>99.8</ele><time>2023-08-29T07:35:44Z</time></trkpt><trkpt lat="58.037537" lon="39.020587"><ele>99.3</ele><time>2023-08-29T07:35:46Z</time></trkpt><trkpt lat="58.037462" lon="39.020745"><ele>97.3</ele><time>2023-08-29T07:35:49Z</time></trkpt><trkpt lat="58.03741" lon="39.020882"><ele>96.7</ele><time>2023-08-29T07:35:51Z</time></trkpt><trkpt lat="58.037335" lon="39.021075"><ele>97.0</ele><time>2023-08-29T07:35:54Z</time></trkpt><trkpt lat="58.037268" lon="39.021242"><ele>99.9</ele><time>2023-08-29T07:35:57Z</time></trkpt><trkpt lat="58.037218" lon="39.02137"><ele>100.7</ele><time>2023-08-29T07:35:59Z</time></trkpt><trkpt lat="58.037162" lon="39.021537"><ele>102.2</ele><time>2023-08-29T07:36:01Z</time></trkpt><trkpt lat="58.037115" lon="39.021685"><ele>101.5</ele><time>2023-08-29T07:36:03Z</time></trkpt><trkpt lat="58.037045" lon="39.021843"><ele>102.7</ele><time>2023-08-29T07:36:06Z</time></trkpt><trkpt lat="58.037003" lon="39.021968"><ele>103.8</ele><time>2023-08-29T07:36:08Z</time></trkpt><trkpt lat="58.03697" lon="39.0221"><ele>103.7</ele><time>2023-08-29T07:36:10Z</time></trkpt><trkpt lat="58.036918" lon="39.022248"><ele>104.2</ele><time>2023-08-29T07:36:12Z</time></trkpt><trkpt lat="58.03687" lon="39.022383"><ele>103.3</ele><time>2023-08-29T07:36:14Z</time></trkpt><trkpt lat="58.036822" lon="39.022513"><ele>104.5</ele><time>2023-08-29T07:36:16Z</time></trkpt><trkpt lat="58.036777" lon="39.022635"><ele>105.1</ele><time>2023-08-29T07:36:18Z</time></trkpt><trkpt lat="58.036723" lon="39.022765"><ele>106.0</ele><time>2023-08-29T07:36:20Z</time></trkpt><trkpt lat="58.036665" lon="39.022922"><ele>107.1</ele><time>2023-08-29T07:36:22Z</time></trkpt><trkpt lat="58.0366" lon="39.02307"><ele>107.0</ele><time>2023-08-29T07:36:24Z</time></trkpt><trkpt lat="58.036553" lon="39.0232"><ele>106.0</ele><time>2023-08-29T07:36:26Z</time></trkpt><trkpt lat="58.03648" lon="39.02335"><ele>105.4</ele><time>2023-08-29T07:36:29Z</time></trkpt><trkpt lat="58.036422" lon="39.023508"><ele>106.3</ele><time>2023-08-29T07:36:31Z</time></trkpt><trkpt lat="58.036368" lon="39.023657"><ele>105.9</ele><time>2023-08-29T07:36:33Z</time></trkpt><trkpt lat="58.036318" lon="39.02379"><ele>106.6</ele><time>2023-08-29T07:36:35Z</time></trkpt><trkpt lat="58.036255" lon="39.023977"><ele>106.6</ele><time>2023-08-29T07:36:37Z</time></trkpt><trkpt lat="58.036215" lon="39.024122"><ele>107.7</ele><time>2023-08-29T07:36:39Z</time></trkpt><trkpt lat="58.036162" lon="39.024243"><ele>109.0</ele><time>2023-08-29T07:36:41Z</time></trkpt><trkpt lat="58.036112" lon="39.024377"><ele>110.4</ele><time>2023-08-29T07:36:43Z</time></trkpt><trkpt lat="58.036055" lon="39.024518"><ele>109.7</ele><time>2023-08-29T07:36:45Z</time></trkpt><trkpt lat="58.035995" lon="39.024652"><ele>110.2</ele><time>2023-08-29T07:36:47Z</time></trkpt><trkpt lat="58.03594" lon="39.024807"><ele>110.7</ele><time>2023-08-29T07:36:49Z</time></trkpt><trkpt lat="58.035885" lon="39.024925"><ele>109.2</ele><time>2023-08-29T07:36:52Z</time></trkpt><trkpt lat="58.035827" lon="39.025075"><ele>110.3</ele><time>2023-08-29T07:36:54Z</time></trkpt><trkpt lat="58.035758" lon="39.025253"><ele>110.0</ele><time>2023-08-29T07:36:56Z</time></trkpt><trkpt lat="58.035698" lon="39.025402"><ele>110.5</ele><time>2023-08-29T07:36:58Z</time></trkpt><trkpt lat="58.035657" lon="39.025515"><ele>110.7</ele><time>2023-08-29T07:36:59Z</time></trkpt><trkpt lat="58.035618" lon="39.025655"><ele>109.4</ele><time>2023-08-29T07:37:01Z</time></trkpt><trkpt lat="58.035565" lon="39.025765"><ele>108.1</ele><time>2023-08-29T07:37:03Z</time></trkpt><trkpt lat="58.035498" lon="39.025913"><ele>107.4</ele><time>2023-08-29T07:37:05Z</time></trkpt><trkpt lat="58.0354" lon="39.026002"><ele>108.0</ele><time>2023-08-29T07:37:08Z</time></trkpt><trkpt lat="58.035372" lon="39.026178"><ele>108.8</ele><time>2023-08-29T07:37:11Z</time></trkpt><trkpt lat="58.03544" lon="39.026118"><ele>105.0</ele><time>2023-08-29T07:37:43Z</time></trkpt><trkpt lat="58.035513" lon="39.02613"><ele>102.9</ele><time>2023-08-29T07:37:53Z</time></trkpt><trkpt lat="58.03543" lon="39.026087"><ele>107.2</ele><time>2023-08-29T07:42:31Z</time></trkpt><trkpt lat="58.035352" lon="39.026085"><ele>107.4</ele><time>2023-08-29T07:44:25Z</time></trkpt><trkpt lat="58.035332" lon="39.026228"><ele>107.8</ele><time>2023-08-29T07:44:35Z</time></trkpt><trkpt lat="58.03529" lon="39.0264"><ele>106.8</ele><time>2023-08-29T07:44:57Z</time></trkpt><trkpt lat="58.03525" lon="39.026538"><ele>107.9</ele><time>2023-08-29T07:44:59Z</time></trkpt><trkpt lat="58.03519" lon="39.02668"><ele>107.5</ele><time>2023-08-29T07:45:01Z</time></trkpt><trkpt lat="58.035125" lon="39.026835"><ele>106.8</ele><time>2023-08-29T07:45:03Z</time></trkpt><trkpt lat="58.035062" lon="39.027012"><ele>106.5</ele><time>2023-08-29T07:45:05Z</time></trkpt><trkpt lat="58.035" lon="39.027198"><ele>107.4</ele><time>2023-08-29T07:45:07Z</time></trkpt><trkpt lat="58.03493" lon="39.02738"><ele>107.3</ele><time>2023-08-29T07:45:09Z</time></trkpt><trkpt lat="58.034862" lon="39.027592"><ele>107.4</ele><time>2023-08-29T07:45:11Z</time></trkpt><trkpt lat="58.03479" lon="39.027763"><ele>106.1</ele><time>2023-08-29T07:45:13Z</time></trkpt><trkpt lat="58.034688" lon="39.027893"><ele>106.6</ele><time>2023-08-29T07:45:15Z</time></trkpt><trkpt lat="58.034655" lon="39.0281"><ele>107.5</ele><time>2023-08-29T07:45:17Z</time></trkpt><trkpt lat="58.034607" lon="39.02827"><ele>106.5</ele><time>2023-08-29T07:45:19Z</time></trkpt><trkpt lat="58.034573" lon="39.028467"><ele>108.5</ele><time>2023-08-29T07:45:21Z</time></trkpt><trkpt lat="58.034543" lon="39.028697"><ele>108.8</ele><time>2023-08-29T07:45:23Z</time></trkpt><trkpt lat="58.034518" lon="39.028905"><ele>108.6</ele><time>2023-08-29T07:45:25Z</time></trkpt><trkpt lat="58.034495" lon="39.029125"><ele>108.8</ele><time>2023-08-29T07:45:27Z</time></trkpt><trkpt lat="58.034473" lon="39.029332"><ele>108.2</ele><time>2023-08-29T07:45:29Z</time></trkpt><trkpt lat="58.034458" lon="39.029467"><ele>108.1</ele><time>2023-08-29T07:45:30Z</time></trkpt><trkpt lat="58.034433" lon="39.029672"><ele>107.4</ele><time>2023-08-29T07:45:32Z</time></trkpt><trkpt lat="58.034458" lon="39.029825"><ele>107.3</ele><time>2023-08-29T07:45:33Z</time></trkpt><trkpt lat="58.034457" lon="39.030018"><ele>108.8</ele><time>2023-08-29T07:45:35Z</time></trkpt><trkpt lat="58.034472" lon="39.03023"><ele>107.4</ele><time>2023-08-29T07:45:37Z</time></trkpt><trkpt lat="58.03447" lon="39.030435"><ele>108.1</ele><time>2023-08-29T07:45:39Z</time></trkpt><trkpt lat="58.034487" lon="39.030638"><ele>107.9</ele><time>2023-08-29T07:45:41Z</time></trkpt><trkpt lat="58.034505" lon="39.030863"><ele>107.7</ele><time>2023-08-29T07:45:44Z</time></trkpt><trkpt lat="58.034493" lon="39.031043"><ele>108.7</ele><time>2023-08-29T07:45:46Z</time></trkpt><trkpt lat="58.034495" lon="39.031208"><ele>106.7</ele><time>2023-08-29T07:45:48Z</time></trkpt><trkpt lat="58.034495" lon="39.031388"><ele>105.8</ele><time>2023-08-29T07:45:50Z</time></trkpt><trkpt lat="58.034517" lon="39.031582"><ele>106.2</ele><time>2023-08-29T07:45:52Z</time></trkpt><trkpt lat="58.034537" lon="39.03172"><ele>106.9</ele><time>2023-08-29T07:45:54Z</time></trkpt><trkpt lat="58.034557" lon="39.031888"><ele>106.7</ele><time>2023-08-29T07:45:56Z</time></trkpt><trkpt lat="58.034553" lon="39.032035"><ele>108.5</ele><time>2023-08-29T07:45:58Z</time></trkpt><trkpt lat="58.034585" lon="39.032172"><ele>109.5</ele><time>2023-08-29T07:46:00Z</time></trkpt><trkpt lat="58.034605" lon="39.03231"><ele>111.6</ele><time>2023-08-29T07:46:02Z</time></trkpt><trkpt lat="58.034585" lon="39.03248"><ele>112.6</ele><time>2023-08-29T07:46:05Z</time></trkpt><trkpt lat="58.034512" lon="39.032612"><ele>107.6</ele><time>2023-08-29T07:46:08Z</time></trkpt><trkpt lat="58.034442" lon="39.032693"><ele>108.4</ele><time>2023-08-29T07:46:10Z</time></trkpt><trkpt lat="58.034417" lon="39.032853"><ele>110.3</ele><time>2023-08-29T07:46:13Z</time></trkpt><trkpt lat="58.034463" lon="39.03299"><ele>111.1</ele><time>2023-08-29T07:46:17Z</time></trkpt><trkpt lat="58.034508" lon="39.03316"><ele>111.4</ele><time>2023-08-29T07:46:20Z</time></trkpt><trkpt lat="58.034552" lon="39.033307"><ele>111.9</ele><time>2023-08-29T07:46:23Z</time></trkpt><trkpt lat="58.034597" lon="39.033448"><ele>112.8</ele><time>2023-08-29T07:46:26Z</time></trkpt><trkpt lat="58.034595" lon="39.033618"><ele>112.9</ele><time>2023-08-29T07:46:29Z</time></trkpt><trkpt lat="58.034588" lon="39.033762"><ele>112.5</ele><time>2023-08-29T07:46:31Z</time></trkpt><trkpt lat="58.034593" lon="39.033948"><ele>113.7</ele><time>2023-08-29T07:46:34Z</time></trkpt><trkpt lat="58.034625" lon="39.034083"><ele>114.8</ele><time>2023-08-29T07:46:36Z</time></trkpt><trkpt lat="58.034663" lon="39.03421"><ele>115.5</ele><time>2023-08-29T07:46:38Z</time></trkpt><trkpt lat="58.034697" lon="39.034412"><ele>116.5</ele><time>2023-08-29T07:46:41Z</time></trkpt><trkpt lat="58.0347" lon="39.03457"><ele>116.8</ele><time>2023-08-29T07:46:43Z</time></trkpt><trkpt lat="58.034662" lon="39.034718"><ele>116.8</ele><time>2023-08-29T07:46:45Z</time></trkpt><trkpt lat="58.034587" lon="39.034827"><ele>116.9</ele><time>2023-08-29T07:46:47Z</time></trkpt><trkpt lat="58.034462" lon="39.034853"><ele>115.8</ele><time>2023-08-29T07:46:49Z</time></trkpt><trkpt lat="58.03437" lon="39.034945"><ele>117.2</ele><time>2023-08-29T07:46:52Z</time></trkpt><trkpt lat="58.034315" lon="39.035052"><ele>117.3</ele><time>2023-08-29T07:46:54Z</time></trkpt><trkpt lat="58.034242" lon="39.035135"><ele>116.9</ele><time>2023-08-29T07:46:56Z</time></trkpt><trkpt lat="58.03416" lon="39.035257"><ele>116.2</ele><time>2023-08-29T07:46:58Z</time></trkpt><trkpt lat="58.034118" lon="39.035377"><ele>117.8</ele><time>2023-08-29T07:47:00Z</time></trkpt><trkpt lat="58.03405" lon="39.035498"><ele>117.7</ele><time>2023-08-29T07:47:02Z</time></trkpt><trkpt lat="58.033957" lon="39.035583"><ele>116.2</ele><time>2023-08-29T07:47:04Z</time></trkpt><trkpt lat="58.033897" lon="39.035672"><ele>115.4</ele><time>2023-08-29T07:47:05Z</time></trkpt><trkpt lat="58.033825" lon="39.035812"><ele>115.0</ele><time>2023-08-29T07:47:07Z</time></trkpt><trkpt lat="58.033723" lon="39.035928"><ele>114.6</ele><time>2023-08-29T07:47:09Z</time></trkpt><trkpt lat="58.033643" lon="39.03596"><ele>114.0</ele><time>2023-08-29T07:47:10Z</time></trkpt><trkpt lat="58.03352" lon="39.036037"><ele>112.7</ele><time>2023-08-29T07:47:12Z</time></trkpt><trkpt lat="58.03344" lon="39.036068"><ele>112.2</ele><time>2023-08-29T07:47:13Z</time></trkpt><trkpt lat="58.033367" lon="39.036068"><ele>111.7</ele><time>2023-08-29T07:47:14Z</time></trkpt><trkpt lat="58.033217" lon="39.036"><ele>109.0</ele><time>2023-08-29T07:47:16Z</time></trkpt><trkpt lat="58.033128" lon="39.036003"><ele>107.5</ele><time>2023-08-29T07:47:17Z</time></trkpt><trkpt lat="58.033047" lon="39.036"><ele>107.3</ele><time>2023-08-29T07:47:18Z</time></trkpt><trkpt lat="58.032963" lon="39.036033"><ele>105.9</ele><time>2023-08-29T07:47:19Z</time></trkpt><trkpt lat="58.032873" lon="39.036045"><ele>105.9</ele><time>2023-08-29T07:47:20Z</time></trkpt><trkpt lat="58.032792" lon="39.036038"><ele>105.8</ele><time>2023-08-29T07:47:21Z</time></trkpt><trkpt lat="58.032705" lon="39.036078"><ele>105.0</ele><time>2023-08-29T07:47:22Z</time></trkpt><trkpt lat="58.032625" lon="39.036095"><ele>104.3</ele><time>2023-08-29T07:47:23Z</time></trkpt><trkpt lat="58.03255" lon="39.036128"><ele>103.6</ele><time>2023-08-29T07:47:24Z</time></trkpt><trkpt lat="58.032462" lon="39.036157"><ele>103.1</ele><time>2023-08-29T07:47:25Z</time></trkpt><trkpt lat="58.032377" lon="39.036175"><ele>102.7</ele><time>2023-08-29T07:47:26Z</time></trkpt><trkpt lat="58.032307" lon="39.03624"><ele>102.6</ele><time>2023-08-29T07:47:27Z</time></trkpt><trkpt lat="58.032215" lon="39.036232"><ele>100.8</ele><time>2023-08-29T07:47:28Z</time></trkpt><trkpt lat="58.032138" lon="39.036262"><ele>101.0</ele><time>2023-08-29T07:47:30Z</time></trkpt><trkpt lat="58.032018" lon="39.036267"><ele>100.3</ele><time>2023-08-29T07:47:32Z</time></trkpt><trkpt lat="58.031895" lon="39.036252"><ele>100.3</ele><time>2023-08-29T07:47:34Z</time></trkpt><trkpt lat="58.03177" lon="39.036308"><ele>99.7</ele><time>2023-08-29T07:47:36Z</time></trkpt><trkpt lat="58.031668" lon="39.036438"><ele>99.0</ele><time>2023-08-29T07:47:38Z</time></trkpt><trkpt lat="58.031557" lon="39.03655"><ele>98.4</ele><time>2023-08-29T07:47:40Z</time></trkpt><trkpt lat="58.031447" lon="39.036662"><ele>97.9</ele><time>2023-08-29T07:47:42Z</time></trkpt><trkpt lat="58.031368" lon="39.036823"><ele>98.7</ele><time>2023-08-29T07:47:44Z</time></trkpt><trkpt lat="58.031273" lon="39.036933"><ele>96.9</ele><time>2023-08-29T07:47:46Z</time></trkpt><trkpt lat="58.031203" lon="39.036968"><ele>96.0</ele><time>2023-08-29T07:47:48Z</time></trkpt><trkpt lat="58.031117" lon="39.036963"><ele>96.6</ele><time>2023-08-29T07:47:51Z</time></trkpt><trkpt lat="58.031048" lon="39.037063"><ele>96.2</ele><time>2023-08-29T07:47:53Z</time></trkpt><trkpt lat="58.031023" lon="39.037208"><ele>92.6</ele><time>2023-08-29T07:48:57Z</time></trkpt><trkpt lat="58.030978" lon="39.03734"><ele>91.9</ele><time>2023-08-29T07:49:00Z</time></trkpt><trkpt lat="58.030932" lon="39.037483"><ele>91.4</ele><time>2023-08-29T07:49:03Z</time></trkpt><trkpt lat="58.030908" lon="39.037617"><ele>92.5</ele><time>2023-08-29T07:49:05Z</time></trkpt><trkpt lat="58.030897" lon="39.037787"><ele>92.5</ele><time>2023-08-29T07:49:07Z</time></trkpt><trkpt lat="58.030893" lon="39.037952"><ele>91.1</ele><time>2023-08-29T07:49:09Z</time></trkpt><trkpt lat="58.030882" lon="39.038133"><ele>91.1</ele><time>2023-08-29T07:49:11Z</time></trkpt><trkpt lat="58.030855" lon="39.038308"><ele>91.1</ele><time>2023-08-29T07:49:13Z</time></trkpt><trkpt lat="58.030825" lon="39.038525"><ele>92.8</ele><time>2023-08-29T07:49:15Z</time></trkpt><trkpt lat="58.030802" lon="39.038665"><ele>92.7</ele><time>2023-08-29T07:49:17Z</time></trkpt><trkpt lat="58.030782" lon="39.03881"><ele>94.3</ele><time>2023-08-29T07:49:19Z</time></trkpt><trkpt lat="58.030758" lon="39.038975"><ele>94.3</ele><time>2023-08-29T07:49:21Z</time></trkpt><trkpt lat="58.030752" lon="39.039118"><ele>95.6</ele><time>2023-08-29T07:49:23Z</time></trkpt><trkpt lat="58.030757" lon="39.039303"><ele>97.4</ele><time>2023-08-29T07:49:26Z</time></trkpt><trkpt lat="58.030768" lon="39.039445"><ele>97.2</ele><time>2023-08-29T07:49:28Z</time></trkpt><trkpt lat="58.030772" lon="39.039625"><ele>96.9</ele><time>2023-08-29T07:49:31Z</time></trkpt><trkpt lat="58.030775" lon="39.039827"><ele>95.7</ele><time>2023-08-29T07:49:34Z</time></trkpt><trkpt lat="58.030773" lon="39.039973"><ele>96.3</ele><time>2023-08-29T07:49:36Z</time></trkpt><trkpt lat="58.030757" lon="39.040157"><ele>97.0</ele><time>2023-08-29T07:49:39Z</time></trkpt><trkpt lat="58.030742" lon="39.040305"><ele>96.9</ele><time>2023-08-29T07:49:41Z</time></trkpt><trkpt lat="58.030722" lon="39.04047"><ele>95.7</ele><time>2023-08-29T07:49:43Z</time></trkpt><trkpt lat="58.03071" lon="39.040637"><ele>96.1</ele><time>2023-08-29T07:49:45Z</time></trkpt><trkpt lat="58.030705" lon="39.040787"><ele>95.6</ele><time>2023-08-29T07:49:47Z</time></trkpt><trkpt lat="58.03068" lon="39.040927"><ele>96.2</ele><time>2023-08-29T07:49:50Z</time></trkpt><trkpt lat="58.030685" lon="39.041098"><ele>97.1</ele><time>2023-08-29T07:49:54Z</time></trkpt><trkpt lat="58.030678" lon="39.041237"><ele>98.3</ele><time>2023-08-29T07:49:57Z</time></trkpt><trkpt lat="58.03064" lon="39.041363"><ele>98.7</ele><time>2023-08-29T07:50:00Z</time></trkpt><trkpt lat="58.030582" lon="39.04151"><ele>98.5</ele><time>2023-08-29T07:50:03Z</time></trkpt><trkpt lat="58.030513" lon="39.041577"><ele>97.2</ele><time>2023-08-29T07:50:06Z</time></trkpt><trkpt lat="58.030432" lon="39.041645"><ele>98.9</ele><time>2023-08-29T07:50:10Z</time></trkpt><trkpt lat="58.03036" lon="39.041678"><ele>97.9</ele><time>2023-08-29T07:50:14Z</time></trkpt><trkpt lat="58.030283" lon="39.04167"><ele>97.6</ele><time>2023-08-29T07:50:17Z</time></trkpt><trkpt lat="58.030203" lon="39.041675"><ele>98.1</ele><time>2023-08-29T07:50:19Z</time></trkpt><trkpt lat="58.030132" lon="39.041688"><ele>97.5</ele><time>2023-08-29T07:50:21Z</time></trkpt><trkpt lat="58.030055" lon="39.041707"><ele>96.6</ele><time>2023-08-29T07:50:24Z</time></trkpt><trkpt lat="58.030158" lon="39.041738"><ele>99.2</ele><time>2023-08-29T07:51:05Z</time></trkpt><trkpt lat="58.030265" lon="39.041737"><ele>98.6</ele><time>2023-08-29T07:51:08Z</time></trkpt><trkpt lat="58.030357" lon="39.041718"><ele>97.5</ele><time>2023-08-29T07:51:11Z</time></trkpt><trkpt lat="58.030412" lon="39.041602"><ele>97.0</ele><time>2023-08-29T07:51:18Z</time></trkpt><trkpt lat="58.030472" lon="39.041517"><ele>96.5</ele><time>2023-08-29T07:51:22Z</time></trkpt><trkpt lat="58.03055" lon="39.041525"><ele>96.0</ele><time>2023-08-29T07:51:25Z</time></trkpt><trkpt lat="58.030555" lon="39.041685"><ele>95.9</ele><time>2023-08-29T07:51:30Z</time></trkpt><trkpt lat="58.030505" lon="39.041848"><ele>96.0</ele><time>2023-08-29T07:51:34Z</time></trkpt><trkpt lat="58.030442" lon="39.041948"><ele>96.7</ele><time>2023-08-29T07:51:37Z</time></trkpt><trkpt lat="58.030362" lon="39.042078"><ele>97.2</ele><time>2023-08-29T07:51:40Z</time></trkpt><trkpt lat="58.030333" lon="39.042243"><ele>97.4</ele><time>2023-08-29T07:51:43Z</time></trkpt><trkpt lat="58.0303" lon="39.042412"><ele>98.3</ele><time>2023-08-29T07:51:46Z</time></trkpt><trkpt lat="58.030258" lon="39.042573"><ele>99.2</ele><time>2023-08-29T07:51:49Z</time></trkpt><trkpt lat="58.03022" lon="39.04269"><ele>99.2</ele><time>2023-08-29T07:51:51Z</time></trkpt><trkpt lat="58.03018" lon="39.042883"><ele>100.4</ele><time>2023-08-29T07:51:54Z</time></trkpt><trkpt lat="58.030167" lon="39.043022"><ele>101.0</ele><time>2023-08-29T07:51:56Z</time></trkpt><trkpt lat="58.030168" lon="39.043175"><ele>101.0</ele><time>2023-08-29T07:51:58Z</time></trkpt><trkpt lat="58.030162" lon="39.043332"><ele>101.0</ele><time>2023-08-29T07:52:00Z</time></trkpt><trkpt lat="58.03015" lon="39.043465"><ele>100.9</ele><time>2023-08-29T07:52:02Z</time></trkpt><trkpt lat="58.030133" lon="39.043603"><ele>101.6</ele><time>2023-08-29T07:52:04Z</time></trkpt><trkpt lat="58.030088" lon="39.043727"><ele>101.6</ele><time>2023-08-29T07:52:06Z</time></trkpt><trkpt lat="58.030023" lon="39.043803"><ele>101.5</ele><time>2023-08-29T07:52:08Z</time></trkpt><trkpt lat="58.02994" lon="39.043873"><ele>102.0</ele><time>2023-08-29T07:52:11Z</time></trkpt><trkpt lat="58.02986" lon="39.043947"><ele>102.6</ele><time>2023-08-29T07:52:13Z</time></trkpt><trkpt lat="58.029765" lon="39.044033"><ele>102.6</ele><time>2023-08-29T07:52:16Z</time></trkpt><trkpt lat="58.029682" lon="39.044127"><ele>103.3</ele><time>2023-08-29T07:52:19Z</time></trkpt><trkpt lat="58.029613" lon="39.044238"><ele>103.1</ele><time>2023-08-29T07:52:22Z</time></trkpt><trkpt lat="58.029562" lon="39.04435"><ele>102.8</ele><time>2023-08-29T07:52:24Z</time></trkpt><trkpt lat="58.029505" lon="39.044457"><ele>102.2</ele><time>2023-08-29T07:52:26Z</time></trkpt><trkpt lat="58.029425" lon="39.044575"><ele>102.1</ele><time>2023-08-29T07:52:28Z</time></trkpt><trkpt lat="58.029353" lon="39.044687"><ele>102.4</ele><time>2023-08-29T07:52:30Z</time></trkpt><trkpt lat="58.029303" lon="39.0448"><ele>102.1</ele><time>2023-08-29T07:52:32Z</time></trkpt><trkpt lat="58.02925" lon="39.044965"><ele>101.4</ele><time>2023-08-29T07:52:34Z</time></trkpt><trkpt lat="58.029167" lon="39.045125"><ele>101.8</ele><time>2023-08-29T07:52:36Z</time></trkpt><trkpt lat="58.029068" lon="39.045255"><ele>101.2</ele><time>2023-08-29T07:52:38Z</time></trkpt><trkpt lat="58.028968" lon="39.04535"><ele>100.2</ele><time>2023-08-29T07:52:40Z</time></trkpt><trkpt lat="58.028855" lon="39.04538"><ele>99.6</ele><time>2023-08-29T07:52:42Z</time></trkpt><trkpt lat="58.028665" lon="39.045388"><ele>99.2</ele><time>2023-08-29T07:52:44Z</time></trkpt><trkpt lat="58.028565" lon="39.045445"><ele>100.1</ele><time>2023-08-29T07:52:46Z</time></trkpt><trkpt lat="58.02848" lon="39.045487"><ele>100.0</ele><time>2023-08-29T07:52:48Z</time></trkpt><trkpt lat="58.02838" lon="39.045522"><ele>100.1</ele><time>2023-08-29T07:52:50Z</time></trkpt><trkpt lat="58.028322" lon="39.045642"><ele>101.2</ele><time>2023-08-29T07:53:01Z</time></trkpt><trkpt lat="58.02826" lon="39.045755"><ele>101.5</ele><time>2023-08-29T07:53:05Z</time></trkpt><trkpt lat="58.028183" lon="39.045862"><ele>99.9</ele><time>2023-08-29T07:53:09Z</time></trkpt><trkpt lat="58.028128" lon="39.045978"><ele>99.7</ele><time>2023-08-29T07:53:11Z</time></trkpt><trkpt lat="58.028088" lon="39.04613"><ele>100.9</ele><time>2023-08-29T07:53:13Z</time></trkpt><trkpt lat="58.028065" lon="39.046287"><ele>100.6</ele><time>2023-08-29T07:53:15Z</time></trkpt><trkpt lat="58.028055" lon="39.046433"><ele>99.5</ele><time>2023-08-29T07:53:17Z</time></trkpt><trkpt lat="58.028045" lon="39.04663"><ele>100.5</ele><time>2023-08-29T07:53:20Z</time></trkpt><trkpt lat="58.02805" lon="39.04678"><ele>101.2</ele><time>2023-08-29T07:53:22Z</time></trkpt><trkpt lat="58.028053" lon="39.046933"><ele>103.5</ele><time>2023-08-29T07:53:24Z</time></trkpt><trkpt lat="58.028018" lon="39.047098"><ele>105.8</ele><time>2023-08-29T07:53:27Z</time></trkpt><trkpt lat="58.027982" lon="39.047257"><ele>106.0</ele><time>2023-08-29T07:53:30Z</time></trkpt><trkpt lat="58.027957" lon="39.047402"><ele>105.9</ele><time>2023-08-29T07:53:33Z</time></trkpt><trkpt lat="58.027925" lon="39.047545"><ele>105.3</ele><time>2023-08-29T07:53:36Z</time></trkpt><trkpt lat="58.027902" lon="39.047692"><ele>106.8</ele><time>2023-08-29T07:53:39Z</time></trkpt><trkpt lat="58.027878" lon="39.047835"><ele>110.1</ele><time>2023-08-29T07:53:42Z</time></trkpt><trkpt lat="58.02786" lon="39.048017"><ele>109.4</ele><time>2023-08-29T07:53:45Z</time></trkpt><trkpt lat="58.027855" lon="39.048168"><ele>110.9</ele><time>2023-08-29T07:53:48Z</time></trkpt><trkpt lat="58.027832" lon="39.048358"><ele>109.9</ele><time>2023-08-29T07:53:52Z</time></trkpt><trkpt lat="58.027817" lon="39.048557"><ele>110.0</ele><time>2023-08-29T07:53:55Z</time></trkpt><trkpt lat="58.027807" lon="39.048705"><ele>109.9</ele><time>2023-08-29T07:53:57Z</time></trkpt><trkpt lat="58.027797" lon="39.048873"><ele>108.7</ele><time>2023-08-29T07:54:00Z</time></trkpt><trkpt lat="58.027783" lon="39.049052"><ele>108.2</ele><time>2023-08-29T07:54:03Z</time></trkpt><trkpt lat="58.027787" lon="39.049215"><ele>106.7</ele><time>2023-08-29T07:54:06Z</time></trkpt><trkpt lat="58.027782" lon="39.049423"><ele>105.1</ele><time>2023-08-29T07:54:09Z</time></trkpt><trkpt lat="58.02777" lon="39.049578"><ele>105.2</ele><time>2023-08-29T07:54:10Z</time></trkpt><trkpt lat="58.027758" lon="39.049765"><ele>105.1</ele><time>2023-08-29T07:54:13Z</time></trkpt><trkpt lat="58.02776" lon="39.049952"><ele>105.2</ele><time>2023-08-29T07:54:16Z</time></trkpt><trkpt lat="58.02777" lon="39.050168"><ele>105.1</ele><time>2023-08-29T07:54:19Z</time></trkpt><trkpt lat="58.027765" lon="39.050335"><ele>104.3</ele><time>2023-08-29T07:54:21Z</time></trkpt><trkpt lat="58.027762" lon="39.050498"><ele>104.2</ele><time>2023-08-29T07:54:23Z</time></trkpt><trkpt lat="58.027763" lon="39.050645"><ele>104.2</ele><time>2023-08-29T07:54:25Z</time></trkpt><trkpt lat="58.027767" lon="39.050817"><ele>104.3</ele><time>2023-08-29T07:54:28Z</time></trkpt><trkpt lat="58.027782" lon="39.05095"><ele>104.6</ele><time>2023-08-29T07:54:31Z</time></trkpt><trkpt lat="58.027817" lon="39.051092"><ele>104.9</ele><time>2023-08-29T07:54:37Z</time></trkpt><trkpt lat="58.027783" lon="39.051248"><ele>105.3</ele><time>2023-08-29T07:54:46Z</time></trkpt><trkpt lat="58.027718" lon="39.051348"><ele>105.7</ele><time>2023-08-29T07:54:54Z</time></trkpt><trkpt lat="58.027663" lon="39.051458"><ele>104.5</ele><time>2023-08-29T07:55:02Z</time></trkpt><trkpt lat="58.0276" lon="39.051603"><ele>104.9</ele><time>2023-08-29T07:55:26Z</time></trkpt><trkpt lat="58.027657" lon="39.051728"><ele>105.3</ele><time>2023-08-29T07:56:00Z</time></trkpt><trkpt lat="58.027688" lon="39.05189"><ele>105.3</ele><time>2023-08-29T07:56:03Z</time></trkpt><trkpt lat="58.027722" lon="39.05203"><ele>105.0</ele><time>2023-08-29T07:56:05Z</time></trkpt><trkpt lat="58.027758" lon="39.052147"><ele>105.0</ele><time>2023-08-29T07:56:07Z</time></trkpt><trkpt lat="58.027793" lon="39.052297"><ele>104.4</ele><time>2023-08-29T07:56:09Z</time></trkpt><trkpt lat="58.02782" lon="39.052453"><ele>104.6</ele><time>2023-08-29T07:56:11Z</time></trkpt><trkpt lat="58.027857" lon="39.052597"><ele>105.3</ele><time>2023-08-29T07:56:13Z</time></trkpt><trkpt lat="58.027895" lon="39.052723"><ele>105.4</ele><time>2023-08-29T07:56:15Z</time></trkpt><trkpt lat="58.027937" lon="39.052887"><ele>105.4</ele><time>2023-08-29T07:56:18Z</time></trkpt><trkpt lat="58.027987" lon="39.053063"><ele>106.4</ele><time>2023-08-29T07:56:21Z</time></trkpt><trkpt lat="58.028048" lon="39.053235"><ele>106.2</ele><time>2023-08-29T07:56:22Z</time></trkpt><trkpt lat="58.028078" lon="39.053413"><ele>105.4</ele><time>2023-08-29T07:56:24Z</time></trkpt><trkpt lat="58.028132" lon="39.05357"><ele>104.7</ele><time>2023-08-29T07:56:26Z</time></trkpt><trkpt lat="58.028158" lon="39.053743"><ele>102.9</ele><time>2023-08-29T07:56:29Z</time></trkpt><trkpt lat="58.02817" lon="39.053923"><ele>103.3</ele><time>2023-08-29T07:56:32Z</time></trkpt><trkpt lat="58.028195" lon="39.054058"><ele>102.9</ele><time>2023-08-29T07:56:34Z</time></trkpt><trkpt lat="58.028217" lon="39.054198"><ele>103.8</ele><time>2023-08-29T07:56:36Z</time></trkpt><trkpt lat="58.028248" lon="39.05435"><ele>102.5</ele><time>2023-08-29T07:56:38Z</time></trkpt><trkpt lat="58.028295" lon="39.054497"><ele>102.0</ele><time>2023-08-29T07:56:40Z</time></trkpt><trkpt lat="58.028352" lon="39.05463"><ele>101.4</ele><time>2023-08-29T07:56:41Z</time></trkpt><trkpt lat="58.02841" lon="39.054858"><ele>102.2</ele><time>2023-08-29T07:56:43Z</time></trkpt><trkpt lat="58.028453" lon="39.055093"><ele>102.7</ele><time>2023-08-29T07:56:45Z</time></trkpt><trkpt lat="58.028488" lon="39.05523"><ele>102.8</ele><time>2023-08-29T07:56:47Z</time></trkpt><trkpt lat="58.028493" lon="39.055382"><ele>103.1</ele><time>2023-08-29T07:56:49Z</time></trkpt><trkpt lat="58.028553" lon="39.055485"><ele>102.0</ele><time>2023-08-29T07:56:52Z</time></trkpt><trkpt lat="58.028508" lon="39.055592"><ele>102.3</ele><time>2023-08-29T07:56:58Z</time></trkpt><trkpt lat="58.028445" lon="39.055673"><ele>102.0</ele><time>2023-08-29T07:57:01Z</time></trkpt><trkpt lat="58.02852" lon="39.055655"><ele>101.5</ele><time>2023-08-29T07:57:55Z</time></trkpt><trkpt lat="58.028597" lon="39.055637"><ele>101.2</ele><time>2023-08-29T07:57:57Z</time></trkpt><trkpt lat="58.028667" lon="39.055673"><ele>100.8</ele><time>2023-08-29T07:57:59Z</time></trkpt><trkpt lat="58.028738" lon="39.055727"><ele>101.3</ele><time>2023-08-29T07:58:01Z</time></trkpt><trkpt lat="58.028813" lon="39.055782"><ele>100.1</ele><time>2023-08-29T07:58:03Z</time></trkpt><trkpt lat="58.028885" lon="39.05584"><ele>101.0</ele><time>2023-08-29T07:58:05Z</time></trkpt><trkpt lat="58.02897" lon="39.055922"><ele>100.6</ele><time>2023-08-29T07:58:08Z</time></trkpt><trkpt lat="58.029062" lon="39.056017"><ele>99.9</ele><time>2023-08-29T07:58:11Z</time></trkpt><trkpt lat="58.029148" lon="39.056095"><ele>100.4</ele><time>2023-08-29T07:58:13Z</time></trkpt><trkpt lat="58.029245" lon="39.056157"><ele>103.8</ele><time>2023-08-29T07:58:15Z</time></trkpt><trkpt lat="58.029332" lon="39.056222"><ele>102.6</ele><time>2023-08-29T07:58:17Z</time></trkpt><trkpt lat="58.029428" lon="39.056292"><ele>102.7</ele><time>2023-08-29T07:58:19Z</time></trkpt><trkpt lat="58.029495" lon="39.056348"><ele>102.2</ele><time>2023-08-29T07:58:21Z</time></trkpt><trkpt lat="58.02957" lon="39.056368"><ele>102.7</ele><time>2023-08-29T07:58:23Z</time></trkpt><trkpt lat="58.029653" lon="39.056413"><ele>102.2</ele><time>2023-08-29T07:58:26Z</time></trkpt><trkpt lat="58.02974" lon="39.056425"><ele>102.7</ele><time>2023-08-29T07:58:35Z</time></trkpt><trkpt lat="58.029842" lon="39.056487"><ele>102.5</ele><time>2023-08-29T07:58:38Z</time></trkpt><trkpt lat="58.029918" lon="39.056553"><ele>102.5</ele><time>2023-08-29T07:58:40Z</time></trkpt><trkpt lat="58.029992" lon="39.056612"><ele>103.2</ele><time>2023-08-29T07:58:42Z</time></trkpt><trkpt lat="58.030065" lon="39.056647"><ele>103.7</ele><time>2023-08-29T07:58:44Z</time></trkpt><trkpt lat="58.030163" lon="39.056683"><ele>106.0</ele><time>2023-08-29T07:58:47Z</time></trkpt><trkpt lat="58.030262" lon="39.056713"><ele>106.4</ele><time>2023-08-29T07:58:50Z</time></trkpt><trkpt lat="58.03036" lon="39.056747"><ele>107.9</ele><time>2023-08-29T07:58:53Z</time></trkpt><trkpt lat="58.030453" lon="39.05682"><ele>109.2</ele><time>2023-08-29T07:58:56Z</time></trkpt><trkpt lat="58.030518" lon="39.056878"><ele>108.9</ele><time>2023-08-29T07:58:59Z</time></trkpt><trkpt lat="58.030593" lon="39.056917"><ele>109.1</ele><time>2023-08-29T07:59:02Z</time></trkpt><trkpt lat="58.030688" lon="39.056962"><ele>108.9</ele><time>2023-08-29T07:59:05Z</time></trkpt><trkpt lat="58.030773" lon="39.057033"><ele>107.8</ele><time>2023-08-29T07:59:08Z</time></trkpt><trkpt lat="58.030832" lon="39.057117"><ele>106.7</ele><time>2023-08-29T07:59:12Z</time></trkpt><trkpt lat="58.030845" lon="39.057258"><ele>108.0</ele><time>2023-08-29T07:59:15Z</time></trkpt><trkpt lat="58.03086" lon="39.05744"><ele>111.7</ele><time>2023-08-29T07:59:18Z</time></trkpt><trkpt lat="58.030875" lon="39.05764"><ele>111.8</ele><time>2023-08-29T07:59:21Z</time></trkpt><trkpt lat="58.030888" lon="39.057777"><ele>111.5</ele><time>2023-08-29T07:59:23Z</time></trkpt><trkpt lat="58.030933" lon="39.057933"><ele>113.1</ele><time>2023-08-29T07:59:26Z</time></trkpt><trkpt lat="58.031005" lon="39.058068"><ele>112.3</ele><time>2023-08-29T07:59:29Z</time></trkpt><trkpt lat="58.03105" lon="39.058178"><ele>113.1</ele><time>2023-08-29T07:59:31Z</time></trkpt><trkpt lat="58.031053" lon="39.05838"><ele>112.9</ele><time>2023-08-29T07:59:34Z</time></trkpt><trkpt lat="58.031037" lon="39.058522"><ele>112.9</ele><time>2023-08-29T07:59:36Z</time></trkpt><trkpt lat="58.031007" lon="39.058702"><ele>112.8</ele><time>2023-08-29T07:59:39Z</time></trkpt><trkpt lat="58.030973" lon="39.05886"><ele>112.8</ele><time>2023-08-29T07:59:42Z</time></trkpt><trkpt lat="58.030913" lon="39.059"><ele>113.6</ele><time>2023-08-29T07:59:45Z</time></trkpt><trkpt lat="58.030848" lon="39.059077"><ele>114.2</ele><time>2023-08-29T07:59:47Z</time></trkpt><trkpt lat="58.030782" lon="39.059135"><ele>113.2</ele><time>2023-08-29T07:59:49Z</time></trkpt><trkpt lat="58.030672" lon="39.059158"><ele>112.9</ele><time>2023-08-29T07:59:51Z</time></trkpt><trkpt lat="58.030577" lon="39.059217"><ele>112.5</ele><time>2023-08-29T07:59:53Z</time></trkpt><trkpt lat="58.030495" lon="39.059273"><ele>112.1</ele><time>2023-08-29T07:59:55Z</time></trkpt><trkpt lat="58.030422" lon="39.059403"><ele>111.9</ele><time>2023-08-29T07:59:57Z</time></trkpt><trkpt lat="58.030382" lon="39.059585"><ele>110.3</ele><time>2023-08-29T07:59:59Z</time></trkpt><trkpt lat="58.030357" lon="39.059768"><ele>112.2</ele><time>2023-08-29T08:00:01Z</time></trkpt><trkpt lat="58.030343" lon="39.059923"><ele>111.9</ele><time>2023-08-29T08:00:03Z</time></trkpt><trkpt lat="58.030325" lon="39.060055"><ele>113.5</ele><time>2023-08-29T08:00:05Z</time></trkpt><trkpt lat="58.030307" lon="39.060215"><ele>113.1</ele><time>2023-08-29T08:00:07Z</time></trkpt><trkpt lat="58.030302" lon="39.060403"><ele>113.8</ele><time>2023-08-29T08:00:10Z</time></trkpt><trkpt lat="58.0303" lon="39.06055"><ele>112.9</ele><time>2023-08-29T08:00:12Z</time></trkpt><trkpt lat="58.030287" lon="39.060705"><ele>112.3</ele><time>2023-08-29T08:00:14Z</time></trkpt><trkpt lat="58.030283" lon="39.060858"><ele>111.3</ele><time>2023-08-29T08:00:16Z</time></trkpt><trkpt lat="58.030297" lon="39.061013"><ele>111.9</ele><time>2023-08-29T08:00:19Z</time></trkpt><trkpt lat="58.030303" lon="39.061162"><ele>111.3</ele><time>2023-08-29T08:00:21Z</time></trkpt><trkpt lat="58.0303" lon="39.06134"><ele>111.4</ele><time>2023-08-29T08:00:23Z</time></trkpt><trkpt lat="58.030287" lon="39.061515"><ele>112.8</ele><time>2023-08-29T08:00:25Z</time></trkpt><trkpt lat="58.030277" lon="39.061682"><ele>113.6</ele><time>2023-08-29T08:00:27Z</time></trkpt><trkpt lat="58.03028" lon="39.061835"><ele>113.8</ele><time>2023-08-29T08:00:29Z</time></trkpt><trkpt lat="58.030295" lon="39.061972"><ele>114.0</ele><time>2023-08-29T08:00:31Z</time></trkpt><trkpt lat="58.03032" lon="39.062103"><ele>113.5</ele><time>2023-08-29T08:00:33Z</time></trkpt><trkpt lat="58.030337" lon="39.062253"><ele>113.9</ele><time>2023-08-29T08:00:35Z</time></trkpt><trkpt lat="58.030347" lon="39.062403"><ele>115.5</ele><time>2023-08-29T08:00:37Z</time></trkpt><trkpt lat="58.030352" lon="39.062548"><ele>115.1</ele><time>2023-08-29T08:00:39Z</time></trkpt><trkpt lat="58.030357" lon="39.062692"><ele>115.9</ele><time>2023-08-29T08:00:41Z</time></trkpt><trkpt lat="58.030357" lon="39.062902"><ele>115.9</ele><time>2023-08-29T08:00:44Z</time></trkpt><trkpt lat="58.030363" lon="39.063043"><ele>115.5</ele><time>2023-08-29T08:00:46Z</time></trkpt><trkpt lat="58.030377" lon="39.063177"><ele>114.1</ele><time>2023-08-29T08:00:48Z</time></trkpt><trkpt lat="58.030387" lon="39.063315"><ele>114.0</ele><time>2023-08-29T08:00:50Z</time></trkpt><trkpt lat="58.030385" lon="39.063458"><ele>113.6</ele><time>2023-08-29T08:00:52Z</time></trkpt><trkpt lat="58.030378" lon="39.063602"><ele>112.3</ele><time>2023-08-29T08:00:54Z</time></trkpt><trkpt lat="58.03038" lon="39.063737"><ele>111.2</ele><time>2023-08-29T08:00:56Z</time></trkpt><trkpt lat="58.030393" lon="39.063947"><ele>109.5</ele><time>2023-08-29T08:00:59Z</time></trkpt><trkpt lat="58.030402" lon="39.06411"><ele>111.6</ele><time>2023-08-29T08:01:01Z</time></trkpt><trkpt lat="58.030393" lon="39.064273"><ele>112.1</ele><time>2023-08-29T08:01:03Z</time></trkpt><trkpt lat="58.030357" lon="39.06445"><ele>112.9</ele><time>2023-08-29T08:01:05Z</time></trkpt><trkpt lat="58.030345" lon="39.06465"><ele>113.6</ele><time>2023-08-29T08:01:07Z</time></trkpt><trkpt lat="58.030333" lon="39.064838"><ele>112.1</ele><time>2023-08-29T08:01:09Z</time></trkpt><trkpt lat="58.03029" lon="39.065017"><ele>112.2</ele><time>2023-08-29T08:01:11Z</time></trkpt><trkpt lat="58.030213" lon="39.065197"><ele>112.0</ele><time>2023-08-29T08:01:13Z</time></trkpt><trkpt lat="58.030163" lon="39.065308"><ele>112.3</ele><time>2023-08-29T08:01:14Z</time></trkpt><trkpt lat="58.030135" lon="39.065512"><ele>111.8</ele><time>2023-08-29T08:01:16Z</time></trkpt><trkpt lat="58.030068" lon="39.065685"><ele>111.6</ele><time>2023-08-29T08:01:18Z</time></trkpt><trkpt lat="58.030053" lon="39.065848"><ele>109.2</ele><time>2023-08-29T08:01:20Z</time></trkpt><trkpt lat="58.030045" lon="39.065987"><ele>106.7</ele><time>2023-08-29T08:02:18Z</time></trkpt><trkpt lat="58.030047" lon="39.065817"><ele>105.2</ele><time>2023-08-29T08:02:23Z</time></trkpt><trkpt lat="58.030137" lon="39.065807"><ele>104.8</ele><time>2023-08-29T08:02:25Z</time></trkpt><trkpt lat="58.030248" lon="39.065847"><ele>106.0</ele><time>2023-08-29T08:02:27Z</time></trkpt><trkpt lat="58.03036" lon="39.065833"><ele>106.3</ele><time>2023-08-29T08:02:29Z</time></trkpt><trkpt lat="58.030468" lon="39.065798"><ele>107.2</ele><time>2023-08-29T08:02:31Z</time></trkpt><trkpt lat="58.030577" lon="39.065752"><ele>107.0</ele><time>2023-08-29T08:02:33Z</time></trkpt><trkpt lat="58.030672" lon="39.065715"><ele>106.3</ele><time>2023-08-29T08:02:35Z</time></trkpt><trkpt lat="58.030747" lon="39.065698"><ele>106.8</ele><time>2023-08-29T08:02:37Z</time></trkpt><trkpt lat="58.030845" lon="39.065657"><ele>108.2</ele><time>2023-08-29T08:02:40Z</time></trkpt><trkpt lat="58.030937" lon="39.065625"><ele>109.5</ele><time>2023-08-29T08:02:43Z</time></trkpt><trkpt lat="58.03101" lon="39.065597"><ele>107.1</ele><time>2023-08-29T08:02:46Z</time></trkpt><trkpt lat="58.031105" lon="39.065552"><ele>108.1</ele><time>2023-08-29T08:02:49Z</time></trkpt><trkpt lat="58.031198" lon="39.065525"><ele>110.2</ele><time>2023-08-29T08:02:52Z</time></trkpt><trkpt lat="58.031292" lon="39.065508"><ele>109.6</ele><time>2023-08-29T08:02:55Z</time></trkpt><trkpt lat="58.031382" lon="39.065498"><ele>110.1</ele><time>2023-08-29T08:02:58Z</time></trkpt><trkpt lat="58.031475" lon="39.065457"><ele>107.6</ele><time>2023-08-29T08:03:02Z</time></trkpt><trkpt lat="58.031577" lon="39.065418"><ele>109.2</ele><time>2023-08-29T08:03:05Z</time></trkpt><trkpt lat="58.031652" lon="39.065392"><ele>111.2</ele><time>2023-08-29T08:03:07Z</time></trkpt><trkpt lat="58.03175" lon="39.065348"><ele>112.3</ele><time>2023-08-29T08:03:10Z</time></trkpt><trkpt lat="58.031852" lon="39.065302"><ele>113.4</ele><time>2023-08-29T08:03:13Z</time></trkpt><trkpt lat="58.031922" lon="39.065262"><ele>114.3</ele><time>2023-08-29T08:03:15Z</time></trkpt><trkpt lat="58.031993" lon="39.065228"><ele>114.1</ele><time>2023-08-29T08:03:17Z</time></trkpt><trkpt lat="58.032072" lon="39.0652"><ele>116.1</ele><time>2023-08-29T08:03:19Z</time></trkpt><trkpt lat="58.032147" lon="39.065167"><ele>116.6</ele><time>2023-08-29T08:03:21Z</time></trkpt><trkpt lat="58.032223" lon="39.065137"><ele>117.6</ele><time>2023-08-29T08:03:23Z</time></trkpt><trkpt lat="58.0323" lon="39.065097"><ele>118.1</ele><time>2023-08-29T08:03:25Z</time></trkpt><trkpt lat="58.032373" lon="39.06506"><ele>119.0</ele><time>2023-08-29T08:03:27Z</time></trkpt><trkpt lat="58.032445" lon="39.064998"><ele>119.4</ele><time>2023-08-29T08:03:29Z</time></trkpt><trkpt lat="58.032522" lon="39.064947"><ele>121.4</ele><time>2023-08-29T08:03:31Z</time></trkpt><trkpt lat="58.032592" lon="39.064908"><ele>121.0</ele><time>2023-08-29T08:03:33Z</time></trkpt><trkpt lat="58.032668" lon="39.064888"><ele>121.9</ele><time>2023-08-29T08:03:35Z</time></trkpt><trkpt lat="58.03274" lon="39.064867"><ele>121.1</ele><time>2023-08-29T08:03:37Z</time></trkpt><trkpt lat="58.032818" lon="39.064843"><ele>122.0</ele><time>2023-08-29T08:03:39Z</time></trkpt><trkpt lat="58.032887" lon="39.0648"><ele>122.7</ele><time>2023-08-29T08:03:41Z</time></trkpt><trkpt lat="58.032967" lon="39.064788"><ele>122.6</ele><time>2023-08-29T08:03:44Z</time></trkpt><trkpt lat="58.033007" lon="39.064927"><ele>123.9</ele><time>2023-08-29T08:03:48Z</time></trkpt><trkpt lat="58.03301" lon="39.065067"><ele>124.9</ele><time>2023-08-29T08:04:52Z</time></trkpt><trkpt lat="58.033037" lon="39.065233"><ele>124.1</ele><time>2023-08-29T08:04:57Z</time></trkpt><trkpt lat="58.033058" lon="39.065372"><ele>123.9</ele><time>2023-08-29T08:05:00Z</time></trkpt><trkpt lat="58.03308" lon="39.065567"><ele>124.9</ele><time>2023-08-29T08:05:03Z</time></trkpt><trkpt lat="58.033092" lon="39.065703"><ele>125.0</ele><time>2023-08-29T08:05:05Z</time></trkpt><trkpt lat="58.033103" lon="39.065848"><ele>125.6</ele><time>2023-08-29T08:05:07Z</time></trkpt><trkpt lat="58.033117" lon="39.065993"><ele>126.1</ele><time>2023-08-29T08:05:09Z</time></trkpt><trkpt lat="58.03313" lon="39.066153"><ele>127.0</ele><time>2023-08-29T08:05:11Z</time></trkpt><trkpt lat="58.033148" lon="39.066322"><ele>126.7</ele><time>2023-08-29T08:05:13Z</time></trkpt><trkpt lat="58.033162" lon="39.066488"><ele>127.7</ele><time>2023-08-29T08:05:15Z</time></trkpt><trkpt lat="58.033167" lon="39.066668"><ele>127.5</ele><time>2023-08-29T08:05:17Z</time></trkpt><trkpt lat="58.03318" lon="39.066842"><ele>127.6</ele><time>2023-08-29T08:05:19Z</time></trkpt><trkpt lat="58.033197" lon="39.06704"><ele>128.0</ele><time>2023-08-29T08:05:21Z</time></trkpt><trkpt lat="58.03321" lon="39.06721"><ele>129.3</ele><time>2023-08-29T08:05:23Z</time></trkpt><trkpt lat="58.03322" lon="39.067358"><ele>130.1</ele><time>2023-08-29T08:05:25Z</time></trkpt><trkpt lat="58.033243" lon="39.067507"><ele>130.3</ele><time>2023-08-29T08:05:27Z</time></trkpt><trkpt lat="58.033267" lon="39.067657"><ele>131.0</ele><time>2023-08-29T08:05:29Z</time></trkpt><trkpt lat="58.033273" lon="39.067832"><ele>131.1</ele><time>2023-08-29T08:05:31Z</time></trkpt><trkpt lat="58.033275" lon="39.06799"><ele>129.6</ele><time>2023-08-29T08:05:33Z</time></trkpt><trkpt lat="58.033287" lon="39.068143"><ele>130.6</ele><time>2023-08-29T08:05:35Z</time></trkpt><trkpt lat="58.033302" lon="39.068295"><ele>129.9</ele><time>2023-08-29T08:05:37Z</time></trkpt><trkpt lat="58.033303" lon="39.06846"><ele>129.4</ele><time>2023-08-29T08:05:39Z</time></trkpt><trkpt lat="58.033332" lon="39.068628"><ele>129.3</ele><time>2023-08-29T08:05:41Z</time></trkpt><trkpt lat="58.033347" lon="39.068797"><ele>129.1</ele><time>2023-08-29T08:05:43Z</time></trkpt><trkpt lat="58.033353" lon="39.068972"><ele>128.6</ele><time>2023-08-29T08:05:45Z</time></trkpt><trkpt lat="58.03338" lon="39.069158"><ele>127.6</ele><time>2023-08-29T08:05:47Z</time></trkpt><trkpt lat="58.033398" lon="39.069332"><ele>127.9</ele><time>2023-08-29T08:05:49Z</time></trkpt><trkpt lat="58.033418" lon="39.069515"><ele>126.4</ele><time>2023-08-29T08:05:51Z</time></trkpt><trkpt lat="58.033438" lon="39.069688"><ele>125.2</ele><time>2023-08-29T08:05:53Z</time></trkpt><trkpt lat="58.033457" lon="39.069898"><ele>125.4</ele><time>2023-08-29T08:05:55Z</time></trkpt><trkpt lat="58.033455" lon="39.070057"><ele>125.4</ele><time>2023-08-29T08:05:57Z</time></trkpt><trkpt lat="58.033472" lon="39.070228"><ele>125.1</ele><time>2023-08-29T08:05:59Z</time></trkpt><trkpt lat="58.033498" lon="39.070403"><ele>126.3</ele><time>2023-08-29T08:06:01Z</time></trkpt><trkpt lat="58.033502" lon="39.070557"><ele>125.5</ele><time>2023-08-29T08:06:03Z</time></trkpt><trkpt lat="58.033502" lon="39.0707"><ele>125.5</ele><time>2023-08-29T08:06:05Z</time></trkpt><trkpt lat="58.033527" lon="39.070887"><ele>127.3</ele><time>2023-08-29T08:06:08Z</time></trkpt><trkpt lat="58.033545" lon="39.07108"><ele>127.6</ele><time>2023-08-29T08:06:11Z</time></trkpt><trkpt lat="58.03356" lon="39.071222"><ele>128.3</ele><time>2023-08-29T08:06:13Z</time></trkpt><trkpt lat="58.03358" lon="39.071373"><ele>128.3</ele><time>2023-08-29T08:06:15Z</time></trkpt><trkpt lat="58.033595" lon="39.071543"><ele>127.9</ele><time>2023-08-29T08:06:17Z</time></trkpt><trkpt lat="58.033603" lon="39.071722"><ele>127.4</ele><time>2023-08-29T08:06:19Z</time></trkpt><trkpt lat="58.033602" lon="39.071912"><ele>128.7</ele><time>2023-08-29T08:06:21Z</time></trkpt><trkpt lat="58.033618" lon="39.072075"><ele>128.5</ele><time>2023-08-29T08:06:23Z</time></trkpt><trkpt lat="58.033617" lon="39.072237"><ele>128.9</ele><time>2023-08-29T08:06:25Z</time></trkpt><trkpt lat="58.033633" lon="39.072437"><ele>125.3</ele><time>2023-08-29T08:06:28Z</time></trkpt><trkpt lat="58.033653" lon="39.072605"><ele>123.6</ele><time>2023-08-29T08:06:30Z</time></trkpt><trkpt lat="58.033648" lon="39.072777"><ele>123.6</ele><time>2023-08-29T08:06:32Z</time></trkpt><trkpt lat="58.033648" lon="39.07297"><ele>122.8</ele><time>2023-08-29T08:06:34Z</time></trkpt><trkpt lat="58.033658" lon="39.073147"><ele>124.4</ele><time>2023-08-29T08:06:36Z</time></trkpt><trkpt lat="58.033683" lon="39.073305"><ele>124.8</ele><time>2023-08-29T08:06:38Z</time></trkpt><trkpt lat="58.03369" lon="39.073482"><ele>124.5</ele><time>2023-08-29T08:06:40Z</time></trkpt><trkpt lat="58.03371" lon="39.073635"><ele>124.3</ele><time>2023-08-29T08:06:42Z</time></trkpt><trkpt lat="58.033728" lon="39.073847"><ele>125.3</ele><time>2023-08-29T08:06:45Z</time></trkpt><trkpt lat="58.033752" lon="39.073992"><ele>127.0</ele><time>2023-08-29T08:06:47Z</time></trkpt><trkpt lat="58.033763" lon="39.074128"><ele>128.1</ele><time>2023-08-29T08:06:49Z</time></trkpt><trkpt lat="58.03377" lon="39.074285"><ele>128.4</ele><time>2023-08-29T08:06:51Z</time></trkpt><trkpt lat="58.03378" lon="39.074428"><ele>128.3</ele><time>2023-08-29T08:06:53Z</time></trkpt><trkpt lat="58.033792" lon="39.074565"><ele>128.8</ele><time>2023-08-29T08:06:55Z</time></trkpt><trkpt lat="58.033797" lon="39.074713"><ele>129.1</ele><time>2023-08-29T08:06:57Z</time></trkpt><trkpt lat="58.03381" lon="39.07486"><ele>128.3</ele><time>2023-08-29T08:06:59Z</time></trkpt><trkpt lat="58.033825" lon="39.075002"><ele>129.4</ele><time>2023-08-29T08:07:01Z</time></trkpt><trkpt lat="58.033838" lon="39.075145"><ele>129.9</ele><time>2023-08-29T08:07:03Z</time></trkpt><trkpt lat="58.03386" lon="39.075275"><ele>129.3</ele><time>2023-08-29T08:07:05Z</time></trkpt><trkpt lat="58.033927" lon="39.075355"><ele>127.1</ele><time>2023-08-29T08:07:08Z</time></trkpt><trkpt lat="58.033992" lon="39.07544"><ele>126.3</ele><time>2023-08-29T08:07:12Z</time></trkpt><trkpt lat="58.03393" lon="39.075543"><ele>126.7</ele><time>2023-08-29T08:07:15Z</time></trkpt><trkpt lat="58.033842" lon="39.075535"><ele>125.1</ele><time>2023-08-29T08:07:17Z</time></trkpt><trkpt lat="58.033753" lon="39.0755"><ele>124.9</ele><time>2023-08-29T08:07:18Z</time></trkpt><trkpt lat="58.033633" lon="39.075542"><ele>124.7</ele><time>2023-08-29T08:07:20Z</time></trkpt><trkpt lat="58.033497" lon="39.07557"><ele>123.1</ele><time>2023-08-29T08:07:22Z</time></trkpt><trkpt lat="58.033368" lon="39.07562"><ele>121.3</ele><time>2023-08-29T08:07:24Z</time></trkpt><trkpt lat="58.033238" lon="39.075652"><ele>120.2</ele><time>2023-08-29T08:07:26Z</time></trkpt><trkpt lat="58.033118" lon="39.075678"><ele>119.3</ele><time>2023-08-29T08:07:28Z</time></trkpt><trkpt lat="58.033053" lon="39.075738"><ele>119.9</ele><time>2023-08-29T08:07:29Z</time></trkpt><trkpt lat="58.032927" lon="39.07577"><ele>119.9</ele><time>2023-08-29T08:07:31Z</time></trkpt><trkpt lat="58.032855" lon="39.075795"><ele>120.4</ele><time>2023-08-29T08:07:32Z</time></trkpt><trkpt lat="58.032717" lon="39.075807"><ele>119.7</ele><time>2023-08-29T08:07:34Z</time></trkpt><trkpt lat="58.032608" lon="39.075848"><ele>119.5</ele><time>2023-08-29T08:07:36Z</time></trkpt><trkpt lat="58.032482" lon="39.075935"><ele>118.3</ele><time>2023-08-29T08:07:38Z</time></trkpt><trkpt lat="58.032377" lon="39.075922"><ele>118.3</ele><time>2023-08-29T08:07:40Z</time></trkpt><trkpt lat="58.032285" lon="39.075915"><ele>118.5</ele><time>2023-08-29T08:07:42Z</time></trkpt><trkpt lat="58.032178" lon="39.075912"><ele>118.4</ele><time>2023-08-29T08:07:44Z</time></trkpt><trkpt lat="58.032038" lon="39.075937"><ele>116.1</ele><time>2023-08-29T08:07:46Z</time></trkpt><trkpt lat="58.031965" lon="39.075952"><ele>114.9</ele><time>2023-08-29T08:07:47Z</time></trkpt><trkpt lat="58.031832" lon="39.075962"><ele>113.6</ele><time>2023-08-29T08:07:49Z</time></trkpt><trkpt lat="58.031757" lon="39.075977"><ele>114.1</ele><time>2023-08-29T08:07:50Z</time></trkpt><trkpt lat="58.031685" lon="39.076003"><ele>112.5</ele><time>2023-08-29T08:07:51Z</time></trkpt><trkpt lat="58.031617" lon="39.076043"><ele>113.0</ele><time>2023-08-29T08:07:52Z</time></trkpt><trkpt lat="58.03147" lon="39.076117"><ele>112.0</ele><time>2023-08-29T08:07:54Z</time></trkpt><trkpt lat="58.031368" lon="39.076183"><ele>111.5</ele><time>2023-08-29T08:07:56Z</time></trkpt><trkpt lat="58.031287" lon="39.076243"><ele>110.6</ele><time>2023-08-29T08:07:58Z</time></trkpt><trkpt lat="58.031252" lon="39.076365"><ele>106.6</ele><time>2023-08-29T08:08:00Z</time></trkpt><trkpt lat="58.031233" lon="39.07657"><ele>107.6</ele><time>2023-08-29T08:08:02Z</time></trkpt><trkpt lat="58.031255" lon="39.076705"><ele>104.9</ele><time>2023-08-29T08:08:33Z</time></trkpt><trkpt lat="58.031253" lon="39.07687"><ele>103.2</ele><time>2023-08-29T08:08:36Z</time></trkpt><trkpt lat="58.031265" lon="39.07701"><ele>104.3</ele><time>2023-08-29T08:08:38Z</time></trkpt><trkpt lat="58.031282" lon="39.077177"><ele>103.4</ele><time>2023-08-29T08:08:40Z</time></trkpt><trkpt lat="58.031293" lon="39.077335"><ele>103.3</ele><time>2023-08-29T08:08:42Z</time></trkpt><trkpt lat="58.031305" lon="39.077488"><ele>103.4</ele><time>2023-08-29T08:08:44Z</time></trkpt><trkpt lat="58.031325" lon="39.077632"><ele>103.4</ele><time>2023-08-29T08:08:46Z</time></trkpt><trkpt lat="58.03135" lon="39.077763"><ele>103.5</ele><time>2023-08-29T08:08:48Z</time></trkpt><trkpt lat="58.03137" lon="39.077948"><ele>102.2</ele><time>2023-08-29T08:08:51Z</time></trkpt><trkpt lat="58.031392" lon="39.078145"><ele>102.8</ele><time>2023-08-29T08:08:54Z</time></trkpt><trkpt lat="58.031405" lon="39.07832"><ele>101.9</ele><time>2023-08-29T08:08:56Z</time></trkpt><trkpt lat="58.03142" lon="39.078503"><ele>102.8</ele><time>2023-08-29T08:08:58Z</time></trkpt><trkpt lat="58.031438" lon="39.078668"><ele>102.8</ele><time>2023-08-29T08:09:00Z</time></trkpt><trkpt lat="58.03145" lon="39.078813"><ele>101.8</ele><time>2023-08-29T08:09:02Z</time></trkpt><trkpt lat="58.031452" lon="39.079013"><ele>100.9</ele><time>2023-08-29T08:09:05Z</time></trkpt><trkpt lat="58.03145" lon="39.079157"><ele>101.5</ele><time>2023-08-29T08:09:07Z</time></trkpt><trkpt lat="58.031435" lon="39.0793"><ele>100.6</ele><time>2023-08-29T08:09:09Z</time></trkpt><trkpt lat="58.031418" lon="39.079432"><ele>101.0</ele><time>2023-08-29T08:09:12Z</time></trkpt><trkpt lat="58.031403" lon="39.079578"><ele>101.2</ele><time>2023-08-29T08:09:14Z</time></trkpt><trkpt lat="58.0314" lon="39.079718"><ele>102.0</ele><time>2023-08-29T08:09:16Z</time></trkpt><trkpt lat="58.031417" lon="39.079855"><ele>101.0</ele><time>2023-08-29T08:09:18Z</time></trkpt><trkpt lat="58.031452" lon="39.080043"><ele>99.3</ele><time>2023-08-29T08:09:21Z</time></trkpt><trkpt lat="58.031488" lon="39.080198"><ele>98.4</ele><time>2023-08-29T08:09:23Z</time></trkpt><trkpt lat="58.031527" lon="39.080362"><ele>99.5</ele><time>2023-08-29T08:09:25Z</time></trkpt><trkpt lat="58.031555" lon="39.080513"><ele>99.7</ele><time>2023-08-29T08:09:27Z</time></trkpt><trkpt lat="58.031572" lon="39.08066"><ele>99.9</ele><time>2023-08-29T08:09:29Z</time></trkpt><trkpt lat="58.031585" lon="39.080815"><ele>99.9</ele><time>2023-08-29T08:09:31Z</time></trkpt><trkpt lat="58.03159" lon="39.080962"><ele>100.4</ele><time>2023-08-29T08:09:33Z</time></trkpt><trkpt lat="58.031577" lon="39.081168"><ele>100.4</ele><time>2023-08-29T08:09:36Z</time></trkpt><trkpt lat="58.031562" lon="39.08133"><ele>99.9</ele><time>2023-08-29T08:09:38Z</time></trkpt><trkpt lat="58.031575" lon="39.081493"><ele>98.4</ele><time>2023-08-29T08:09:41Z</time></trkpt><trkpt lat="58.031608" lon="39.081672"><ele>98.8</ele><time>2023-08-29T08:09:44Z</time></trkpt><trkpt lat="58.031635" lon="39.081833"><ele>98.7</ele><time>2023-08-29T08:09:47Z</time></trkpt><trkpt lat="58.031655" lon="39.082008"><ele>99.1</ele><time>2023-08-29T08:09:50Z</time></trkpt><trkpt lat="58.03167" lon="39.082163"><ele>100.5</ele><time>2023-08-29T08:09:54Z</time></trkpt><trkpt lat="58.031668" lon="39.082312"><ele>101.6</ele><time>2023-08-29T08:09:58Z</time></trkpt><trkpt lat="58.031647" lon="39.082497"><ele>102.1</ele><time>2023-08-29T08:10:42Z</time></trkpt><trkpt lat="58.031713" lon="39.082617"><ele>101.0</ele><time>2023-08-29T08:11:23Z</time></trkpt><trkpt lat="58.031765" lon="39.082777"><ele>99.9</ele><time>2023-08-29T08:11:26Z</time></trkpt><trkpt lat="58.03181" lon="39.082937"><ele>99.7</ele><time>2023-08-29T08:11:29Z</time></trkpt><trkpt lat="58.03186" lon="39.083097"><ele>99.7</ele><time>2023-08-29T08:11:32Z</time></trkpt><trkpt lat="58.031922" lon="39.083225"><ele>99.6</ele><time>2023-08-29T08:11:34Z</time></trkpt><trkpt lat="58.031987" lon="39.083338"><ele>100.2</ele><time>2023-08-29T08:11:36Z</time></trkpt><trkpt lat="58.032053" lon="39.083462"><ele>100.7</ele><time>2023-08-29T08:11:38Z</time></trkpt><trkpt lat="58.032112" lon="39.083578"><ele>101.7</ele><time>2023-08-29T08:11:40Z</time></trkpt><trkpt lat="58.03214" lon="39.083743"><ele>101.2</ele><time>2023-08-29T08:11:43Z</time></trkpt><trkpt lat="58.032117" lon="39.083928"><ele>98.6</ele><time>2023-08-29T08:11:46Z</time></trkpt><trkpt lat="58.03211" lon="39.084077"><ele>97.1</ele><time>2023-08-29T08:11:48Z</time></trkpt><trkpt lat="58.032122" lon="39.084252"><ele>96.9</ele><time>2023-08-29T08:11:50Z</time></trkpt><trkpt lat="58.032152" lon="39.084417"><ele>96.0</ele><time>2023-08-29T08:11:52Z</time></trkpt><trkpt lat="58.032175" lon="39.084545"><ele>95.5</ele><time>2023-08-29T08:11:54Z</time></trkpt><trkpt lat="58.032203" lon="39.084673"><ele>96.4</ele><time>2023-08-29T08:11:56Z</time></trkpt><trkpt lat="58.032237" lon="39.084797"><ele>95.4</ele><time>2023-08-29T08:11:58Z</time></trkpt><trkpt lat="58.0323" lon="39.084957"><ele>94.1</ele><time>2023-08-29T08:12:01Z</time></trkpt><trkpt lat="58.032342" lon="39.085093"><ele>95.2</ele><time>2023-08-29T08:12:03Z</time></trkpt><trkpt lat="58.032382" lon="39.085283"><ele>95.2</ele><time>2023-08-29T08:12:06Z</time></trkpt><trkpt lat="58.032427" lon="39.085403"><ele>95.0</ele><time>2023-08-29T08:12:08Z</time></trkpt><trkpt lat="58.032493" lon="39.085528"><ele>94.6</ele><time>2023-08-29T08:12:10Z</time></trkpt><trkpt lat="58.03258" lon="39.085623"><ele>92.2</ele><time>2023-08-29T08:12:12Z</time></trkpt><trkpt lat="58.032672" lon="39.085725"><ele>93.0</ele><time>2023-08-29T08:12:14Z</time></trkpt><trkpt lat="58.032745" lon="39.08585"><ele>93.2</ele><time>2023-08-29T08:12:16Z</time></trkpt><trkpt lat="58.032795" lon="39.086008"><ele>92.0</ele><time>2023-08-29T08:12:18Z</time></trkpt><trkpt lat="58.032822" lon="39.086163"><ele>91.2</ele><time>2023-08-29T08:12:20Z</time></trkpt><trkpt lat="58.03284" lon="39.086308"><ele>91.5</ele><time>2023-08-29T08:12:22Z</time></trkpt><trkpt lat="58.032867" lon="39.086483"><ele>92.2</ele><time>2023-08-29T08:12:25Z</time></trkpt><trkpt lat="58.032872" lon="39.08666"><ele>93.5</ele><time>2023-08-29T08:12:29Z</time></trkpt><trkpt lat="58.032867" lon="39.086813"><ele>93.0</ele><time>2023-08-29T08:12:31Z</time></trkpt><trkpt lat="58.03289" lon="39.087043"><ele>91.5</ele><time>2023-08-29T08:12:33Z</time></trkpt><trkpt lat="58.03292" lon="39.08719"><ele>90.7</ele><time>2023-08-29T08:12:35Z</time></trkpt><trkpt lat="58.032945" lon="39.087338"><ele>90.1</ele><time>2023-08-29T08:12:37Z</time></trkpt><trkpt lat="58.03301" lon="39.08748"><ele>89.1</ele><time>2023-08-29T08:12:39Z</time></trkpt><trkpt lat="58.033117" lon="39.087602"><ele>89.5</ele><time>2023-08-29T08:12:41Z</time></trkpt><trkpt lat="58.033198" lon="39.087773"><ele>88.1</ele><time>2023-08-29T08:12:43Z</time></trkpt><trkpt lat="58.033298" lon="39.087962"><ele>87.0</ele><time>2023-08-29T08:12:45Z</time></trkpt><trkpt lat="58.033407" lon="39.08814"><ele>87.4</ele><time>2023-08-29T08:12:47Z</time></trkpt><trkpt lat="58.033472" lon="39.088303"><ele>85.8</ele><time>2023-08-29T08:12:49Z</time></trkpt><trkpt lat="58.033517" lon="39.088462"><ele>84.5</ele><time>2023-08-29T08:12:51Z</time></trkpt><trkpt lat="58.033547" lon="39.088652"><ele>85.6</ele><time>2023-08-29T08:12:53Z</time></trkpt><trkpt lat="58.033557" lon="39.0888"><ele>87.7</ele><time>2023-08-29T08:12:55Z</time></trkpt><trkpt lat="58.033545" lon="39.089002"><ele>88.4</ele><time>2023-08-29T08:12:57Z</time></trkpt><trkpt lat="58.033548" lon="39.089167"><ele>89.4</ele><time>2023-08-29T08:12:59Z</time></trkpt><trkpt lat="58.033483" lon="39.089298"><ele>90.0</ele><time>2023-08-29T08:13:02Z</time></trkpt><trkpt lat="58.033387" lon="39.089367"><ele>88.4</ele><time>2023-08-29T08:13:05Z</time></trkpt><trkpt lat="58.033305" lon="39.089435"><ele>88.2</ele><time>2023-08-29T08:13:07Z</time></trkpt><trkpt lat="58.033227" lon="39.089488"><ele>88.5</ele><time>2023-08-29T08:13:09Z</time></trkpt><trkpt lat="58.033158" lon="39.089603"><ele>88.0</ele><time>2023-08-29T08:13:11Z</time></trkpt><trkpt lat="58.033098" lon="39.08972"><ele>89.0</ele><time>2023-08-29T08:13:13Z</time></trkpt><trkpt lat="58.033033" lon="39.089847"><ele>87.1</ele><time>2023-08-29T08:13:15Z</time></trkpt><trkpt lat="58.032965" lon="39.08997"><ele>88.5</ele><time>2023-08-29T08:13:17Z</time></trkpt><trkpt lat="58.032897" lon="39.090095"><ele>88.9</ele><time>2023-08-29T08:13:19Z</time></trkpt><trkpt lat="58.032845" lon="39.090218"><ele>90.1</ele><time>2023-08-29T08:13:21Z</time></trkpt><trkpt lat="58.032787" lon="39.090327"><ele>91.4</ele><time>2023-08-29T08:13:23Z</time></trkpt><trkpt lat="58.032727" lon="39.090425"><ele>92.3</ele><time>2023-08-29T08:13:25Z</time></trkpt><trkpt lat="58.032657" lon="39.090515"><ele>91.1</ele><time>2023-08-29T08:13:27Z</time></trkpt><trkpt lat="58.032598" lon="39.090627"><ele>91.1</ele><time>2023-08-29T08:13:29Z</time></trkpt><trkpt lat="58.032553" lon="39.090742"><ele>92.7</ele><time>2023-08-29T08:13:31Z</time></trkpt><trkpt lat="58.03249" lon="39.090868"><ele>93.4</ele><time>2023-08-29T08:13:34Z</time></trkpt><trkpt lat="58.032453" lon="39.090988"><ele>93.9</ele><time>2023-08-29T08:13:37Z</time></trkpt><trkpt lat="58.032427" lon="39.09116"><ele>93.4</ele><time>2023-08-29T08:13:40Z</time></trkpt><trkpt lat="58.032397" lon="39.091317"><ele>93.7</ele><time>2023-08-29T08:13:43Z</time></trkpt><trkpt lat="58.032382" lon="39.091487"><ele>93.2</ele><time>2023-08-29T08:13:46Z</time></trkpt><trkpt lat="58.03241" lon="39.091625"><ele>91.0</ele><time>2023-08-29T08:13:49Z</time></trkpt><trkpt lat="58.032495" lon="39.091703"><ele>91.8</ele><time>2023-08-29T08:13:52Z</time></trkpt><trkpt lat="58.032557" lon="39.091815"><ele>94.1</ele><time>2023-08-29T08:13:55Z</time></trkpt><trkpt lat="58.032575" lon="39.091998"><ele>93.8</ele><time>2023-08-29T08:13:58Z</time></trkpt><trkpt lat="58.03259" lon="39.09214"><ele>93.4</ele><time>2023-08-29T08:14:00Z</time></trkpt><trkpt lat="58.032617" lon="39.092298"><ele>93.7</ele><time>2023-08-29T08:14:02Z</time></trkpt><trkpt lat="58.03265" lon="39.092457"><ele>93.1</ele><time>2023-08-29T08:14:04Z</time></trkpt><trkpt lat="58.032677" lon="39.09263"><ele>95.0</ele><time>2023-08-29T08:14:06Z</time></trkpt><trkpt lat="58.032702" lon="39.09278"><ele>96.1</ele><time>2023-08-29T08:14:08Z</time></trkpt><trkpt lat="58.032732" lon="39.092917"><ele>96.9</ele><time>2023-08-29T08:14:10Z</time></trkpt><trkpt lat="58.032773" lon="39.093073"><ele>97.7</ele><time>2023-08-29T08:14:13Z</time></trkpt><trkpt lat="58.032798" lon="39.093217"><ele>99.8</ele><time>2023-08-29T08:15:10Z</time></trkpt><trkpt lat="58.03279" lon="39.093355"><ele>99.4</ele><time>2023-08-29T08:15:14Z</time></trkpt><trkpt lat="58.032785" lon="39.093522"><ele>98.1</ele><time>2023-08-29T08:15:18Z</time></trkpt><trkpt lat="58.0328" lon="39.09369"><ele>97.1</ele><time>2023-08-29T08:15:21Z</time></trkpt><trkpt lat="58.03283" lon="39.093833"><ele>96.5</ele><time>2023-08-29T08:15:24Z</time></trkpt><trkpt lat="58.032882" lon="39.094"><ele>95.3</ele><time>2023-08-29T08:15:27Z</time></trkpt><trkpt lat="58.032905" lon="39.094138"><ele>97.2</ele><time>2023-08-29T08:15:29Z</time></trkpt><trkpt lat="58.032922" lon="39.094292"><ele>97.8</ele><time>2023-08-29T08:15:31Z</time></trkpt><trkpt lat="58.032935" lon="39.094447"><ele>98.4</ele><time>2023-08-29T08:15:33Z</time></trkpt><trkpt lat="58.032953" lon="39.094615"><ele>97.5</ele><time>2023-08-29T08:15:35Z</time></trkpt><trkpt lat="58.03297" lon="39.094798"><ele>96.8</ele><time>2023-08-29T08:15:37Z</time></trkpt><trkpt lat="58.032982" lon="39.094965"><ele>97.2</ele><time>2023-08-29T08:15:39Z</time></trkpt><trkpt lat="58.033003" lon="39.095117"><ele>96.5</ele><time>2023-08-29T08:15:41Z</time></trkpt><trkpt lat="58.033033" lon="39.095282"><ele>97.7</ele><time>2023-08-29T08:15:43Z</time></trkpt><trkpt lat="58.033078" lon="39.095402"><ele>98.9</ele><time>2023-08-29T08:16:17Z</time></trkpt><trkpt lat="58.03311" lon="39.095533"><ele>99.1</ele><time>2023-08-29T08:16:20Z</time></trkpt><trkpt lat="58.033142" lon="39.095705"><ele>98.7</ele><time>2023-08-29T08:16:23Z</time></trkpt><trkpt lat="58.033187" lon="39.09589"><ele>98.1</ele><time>2023-08-29T08:16:26Z</time></trkpt><trkpt lat="58.033235" lon="39.096022"><ele>99.2</ele><time>2023-08-29T08:16:28Z</time></trkpt><trkpt lat="58.03327" lon="39.09617"><ele>101.5</ele><time>2023-08-29T08:16:30Z</time></trkpt><trkpt lat="58.033297" lon="39.096303"><ele>102.2</ele><time>2023-08-29T08:16:32Z</time></trkpt><trkpt lat="58.033338" lon="39.096478"><ele>102.7</ele><time>2023-08-29T08:16:35Z</time></trkpt><trkpt lat="58.033368" lon="39.096657"><ele>103.6</ele><time>2023-08-29T08:16:38Z</time></trkpt><trkpt lat="58.033382" lon="39.096793"><ele>102.7</ele><time>2023-08-29T08:16:40Z</time></trkpt><trkpt lat="58.033398" lon="39.09698"><ele>101.7</ele><time>2023-08-29T08:16:43Z</time></trkpt><trkpt lat="58.0334" lon="39.097127"><ele>101.2</ele><time>2023-08-29T08:16:45Z</time></trkpt><trkpt lat="58.0334" lon="39.097277"><ele>102.5</ele><time>2023-08-29T08:16:47Z</time></trkpt><trkpt lat="58.033417" lon="39.097475"><ele>101.5</ele><time>2023-08-29T08:16:50Z</time></trkpt><trkpt lat="58.033448" lon="39.097632"><ele>101.6</ele><time>2023-08-29T08:16:52Z</time></trkpt><trkpt lat="58.0335" lon="39.09782"><ele>101.2</ele><time>2023-08-29T08:16:54Z</time></trkpt><trkpt lat="58.033502" lon="39.097995"><ele>100.6</ele><time>2023-08-29T08:16:56Z</time></trkpt><trkpt lat="58.03348" lon="39.098182"><ele>102.0</ele><time>2023-08-29T08:16:59Z</time></trkpt><trkpt lat="58.03346" lon="39.098317"><ele>101.6</ele><time>2023-08-29T08:17:01Z</time></trkpt><trkpt lat="58.033428" lon="39.098478"><ele>102.8</ele><time>2023-08-29T08:17:03Z</time></trkpt><trkpt lat="58.033388" lon="39.098603"><ele>103.3</ele><time>2023-08-29T08:17:05Z</time></trkpt><trkpt lat="58.033362" lon="39.098745"><ele>103.2</ele><time>2023-08-29T08:17:07Z</time></trkpt><trkpt lat="58.03333" lon="39.098893"><ele>103.6</ele><time>2023-08-29T08:17:09Z</time></trkpt><trkpt lat="58.033295" lon="39.099048"><ele>104.4</ele><time>2023-08-29T08:17:11Z</time></trkpt><trkpt lat="58.033267" lon="39.09922"><ele>105.0</ele><time>2023-08-29T08:17:13Z</time></trkpt><trkpt lat="58.033272" lon="39.099408"><ele>105.1</ele><time>2023-08-29T08:17:15Z</time></trkpt><trkpt lat="58.033232" lon="39.099597"><ele>103.3</ele><time>2023-08-29T08:17:17Z</time></trkpt><trkpt lat="58.033273" lon="39.099777"><ele>103.1</ele><time>2023-08-29T08:17:19Z</time></trkpt><trkpt lat="58.033288" lon="39.099942"><ele>102.3</ele><time>2023-08-29T08:17:21Z</time></trkpt><trkpt lat="58.033357" lon="39.100097"><ele>101.7</ele><time>2023-08-29T08:17:23Z</time></trkpt><trkpt lat="58.033407" lon="39.100203"><ele>102.5</ele><time>2023-08-29T08:17:25Z</time></trkpt><trkpt lat="58.033477" lon="39.1003"><ele>102.1</ele><time>2023-08-29T08:17:27Z</time></trkpt><trkpt lat="58.033528" lon="39.100437"><ele>100.5</ele><time>2023-08-29T08:17:29Z</time></trkpt><trkpt lat="58.033582" lon="39.100547"><ele>100.8</ele><time>2023-08-29T08:17:30Z</time></trkpt><trkpt lat="58.033603" lon="39.100725"><ele>101.0</ele><time>2023-08-29T08:17:32Z</time></trkpt><trkpt lat="58.033608" lon="39.10087"><ele>101.4</ele><time>2023-08-29T08:17:34Z</time></trkpt><trkpt lat="58.033623" lon="39.101027"><ele>100.2</ele><time>2023-08-29T08:17:36Z</time></trkpt><trkpt lat="58.033667" lon="39.10115"><ele>99.2</ele><time>2023-08-29T08:17:38Z</time></trkpt><trkpt lat="58.033768" lon="39.10127"><ele>99.1</ele><time>2023-08-29T08:17:40Z</time></trkpt><trkpt lat="58.033852" lon="39.101432"><ele>100.6</ele><time>2023-08-29T08:17:42Z</time></trkpt><trkpt lat="58.033912" lon="39.10161"><ele>100.3</ele><time>2023-08-29T08:17:44Z</time></trkpt><trkpt lat="58.033942" lon="39.101793"><ele>99.6</ele><time>2023-08-29T08:17:46Z</time></trkpt><trkpt lat="58.033963" lon="39.101968"><ele>98.4</ele><time>2023-08-29T08:17:48Z</time></trkpt><trkpt lat="58.033993" lon="39.10215"><ele>99.9</ele><time>2023-08-29T08:17:50Z</time></trkpt><trkpt lat="58.03402" lon="39.102332"><ele>100.7</ele><time>2023-08-29T08:17:52Z</time></trkpt><trkpt lat="58.034042" lon="39.102488"><ele>100.1</ele><time>2023-08-29T08:17:54Z</time></trkpt><trkpt lat="58.034082" lon="39.102638"><ele>98.5</ele><time>2023-08-29T08:17:58Z</time></trkpt><trkpt lat="58.034162" lon="39.102713"><ele>99.3</ele><time>2023-08-29T08:18:02Z</time></trkpt><trkpt lat="58.03423" lon="39.102835"><ele>97.2</ele><time>2023-08-29T08:18:06Z</time></trkpt><trkpt lat="58.034265" lon="39.102963"><ele>97.0</ele><time>2023-08-29T08:18:09Z</time></trkpt><trkpt lat="58.034255" lon="39.103115"><ele>97.6</ele><time>2023-08-29T08:18:12Z</time></trkpt><trkpt lat="58.034207" lon="39.103225"><ele>98.4</ele><time>2023-08-29T08:18:15Z</time></trkpt><trkpt lat="58.034173" lon="39.103348"><ele>98.7</ele><time>2023-08-29T08:18:17Z</time></trkpt><trkpt lat="58.034168" lon="39.103533"><ele>98.0</ele><time>2023-08-29T08:18:20Z</time></trkpt><trkpt lat="58.034197" lon="39.103665"><ele>98.7</ele><time>2023-08-29T08:18:23Z</time></trkpt><trkpt lat="58.034225" lon="39.10381"><ele>100.2</ele><time>2023-08-29T08:18:26Z</time></trkpt><trkpt lat="58.03425" lon="39.104023"><ele>99.5</ele><time>2023-08-29T08:18:28Z</time></trkpt><trkpt lat="58.034275" lon="39.10418"><ele>99.6</ele><time>2023-08-29T08:18:30Z</time></trkpt><trkpt lat="58.034312" lon="39.104377"><ele>99.1</ele><time>2023-08-29T08:18:33Z</time></trkpt><trkpt lat="58.034332" lon="39.104535"><ele>97.8</ele><time>2023-08-29T08:18:35Z</time></trkpt><trkpt lat="58.034352" lon="39.104675"><ele>97.8</ele><time>2023-08-29T08:18:37Z</time></trkpt><trkpt lat="58.034367" lon="39.104813"><ele>97.0</ele><time>2023-08-29T08:18:39Z</time></trkpt><trkpt lat="58.034383" lon="39.104975"><ele>97.0</ele><time>2023-08-29T08:18:41Z</time></trkpt><trkpt lat="58.034405" lon="39.105132"><ele>97.4</ele><time>2023-08-29T08:18:43Z</time></trkpt><trkpt lat="58.03443" lon="39.105287"><ele>97.6</ele><time>2023-08-29T08:18:45Z</time></trkpt><trkpt lat="58.034465" lon="39.105475"><ele>98.2</ele><time>2023-08-29T08:18:47Z</time></trkpt><trkpt lat="58.03451" lon="39.105675"><ele>98.1</ele><time>2023-08-29T08:18:49Z</time></trkpt><trkpt lat="58.034533" lon="39.105842"><ele>98.1</ele><time>2023-08-29T08:18:51Z</time></trkpt><trkpt lat="58.034558" lon="39.106013"><ele>97.9</ele><time>2023-08-29T08:18:53Z</time></trkpt><trkpt lat="58.034583" lon="39.106177"><ele>99.3</ele><time>2023-08-29T08:18:55Z</time></trkpt><trkpt lat="58.034603" lon="39.106333"><ele>100.1</ele><time>2023-08-29T08:18:57Z</time></trkpt><trkpt lat="58.034627" lon="39.106475"><ele>98.4</ele><time>2023-08-29T08:18:59Z</time></trkpt><trkpt lat="58.034662" lon="39.106643"><ele>98.5</ele><time>2023-08-29T08:19:01Z</time></trkpt><trkpt lat="58.034695" lon="39.10679"><ele>98.6</ele><time>2023-08-29T08:19:03Z</time></trkpt><trkpt lat="58.034713" lon="39.106943"><ele>97.8</ele><time>2023-08-29T08:19:05Z</time></trkpt><trkpt lat="58.03474" lon="39.107107"><ele>96.4</ele><time>2023-08-29T08:19:07Z</time></trkpt><trkpt lat="58.034782" lon="39.107255"><ele>95.6</ele><time>2023-08-29T08:19:09Z</time></trkpt><trkpt lat="58.034823" lon="39.107418"><ele>95.4</ele><time>2023-08-29T08:19:11Z</time></trkpt><trkpt lat="58.034855" lon="39.107558"><ele>96.6</ele><time>2023-08-29T08:19:13Z</time></trkpt><trkpt lat="58.034887" lon="39.107687"><ele>95.6</ele><time>2023-08-29T08:19:15Z</time></trkpt><trkpt lat="58.034923" lon="39.107875"><ele>94.5</ele><time>2023-08-29T08:19:18Z</time></trkpt><trkpt lat="58.034958" lon="39.108002"><ele>94.1</ele><time>2023-08-29T08:19:20Z</time></trkpt><trkpt lat="58.034995" lon="39.108123"><ele>93.4</ele><time>2023-08-29T08:19:22Z</time></trkpt><trkpt lat="58.035022" lon="39.108318"><ele>92.8</ele><time>2023-08-29T08:19:25Z</time></trkpt><trkpt lat="58.035027" lon="39.108473"><ele>92.4</ele><time>2023-08-29T08:19:27Z</time></trkpt><trkpt lat="58.035033" lon="39.108628"><ele>93.3</ele><time>2023-08-29T08:19:29Z</time></trkpt><trkpt lat="58.035043" lon="39.108768"><ele>92.9</ele><time>2023-08-29T08:19:31Z</time></trkpt><trkpt lat="58.035055" lon="39.10891"><ele>92.9</ele><time>2023-08-29T08:19:33Z</time></trkpt><trkpt lat="58.035063" lon="39.109048"><ele>91.6</ele><time>2023-08-29T08:19:35Z</time></trkpt><trkpt lat="58.035055" lon="39.109222"><ele>89.1</ele><time>2023-08-29T08:19:38Z</time></trkpt><trkpt lat="58.035058" lon="39.109417"><ele>90.1</ele><time>2023-08-29T08:19:41Z</time></trkpt><trkpt lat="58.035072" lon="39.109592"><ele>90.3</ele><time>2023-08-29T08:19:44Z</time></trkpt><trkpt lat="58.035103" lon="39.10973"><ele>91.8</ele><time>2023-08-29T08:19:47Z</time></trkpt><trkpt lat="58.03515" lon="39.109838"><ele>91.0</ele><time>2023-08-29T08:19:50Z</time></trkpt><trkpt lat="58.035228" lon="39.109885"><ele>92.2</ele><time>2023-08-29T08:19:53Z</time></trkpt><trkpt lat="58.035335" lon="39.109843"><ele>91.6</ele><time>2023-08-29T08:19:56Z</time></trkpt><trkpt lat="58.035415" lon="39.109813"><ele>93.6</ele><time>2023-08-29T08:19:58Z</time></trkpt><trkpt lat="58.035505" lon="39.109833"><ele>95.0</ele><time>2023-08-29T08:20:01Z</time></trkpt><trkpt lat="58.035595" lon="39.10983"><ele>96.0</ele><time>2023-08-29T08:20:04Z</time></trkpt><trkpt lat="58.035695" lon="39.109793"><ele>95.0</ele><time>2023-08-29T08:20:07Z</time></trkpt><trkpt lat="58.035797" lon="39.109752"><ele>95.2</ele><time>2023-08-29T08:20:10Z</time></trkpt><trkpt lat="58.035888" lon="39.109727"><ele>96.4</ele><time>2023-08-29T08:20:13Z</time></trkpt><trkpt lat="58.03599" lon="39.109735"><ele>96.2</ele><time>2023-08-29T08:20:16Z</time></trkpt><trkpt lat="58.036087" lon="39.109748"><ele>96.2</ele><time>2023-08-29T08:20:19Z</time></trkpt><trkpt lat="58.036177" lon="39.10976"><ele>94.6</ele><time>2023-08-29T08:20:22Z</time></trkpt><trkpt lat="58.036258" lon="39.10978"><ele>94.4</ele><time>2023-08-29T08:20:25Z</time></trkpt><trkpt lat="58.036345" lon="39.109822"><ele>94.1</ele><time>2023-08-29T08:20:28Z</time></trkpt><trkpt lat="58.03643" lon="39.109883"><ele>93.8</ele><time>2023-08-29T08:20:31Z</time></trkpt><trkpt lat="58.036517" lon="39.109932"><ele>94.3</ele><time>2023-08-29T08:20:34Z</time></trkpt><trkpt lat="58.036595" lon="39.109973"><ele>93.9</ele><time>2023-08-29T08:20:37Z</time></trkpt><trkpt lat="58.036678" lon="39.110018"><ele>94.1</ele><time>2023-08-29T08:20:40Z</time></trkpt><trkpt lat="58.036765" lon="39.110047"><ele>94.4</ele><time>2023-08-29T08:20:43Z</time></trkpt><trkpt lat="58.036855" lon="39.110063"><ele>95.0</ele><time>2023-08-29T08:20:46Z</time></trkpt><trkpt lat="58.036943" lon="39.110092"><ele>97.0</ele><time>2023-08-29T08:20:49Z</time></trkpt><trkpt lat="58.037022" lon="39.110123"><ele>98.0</ele><time>2023-08-29T08:20:52Z</time></trkpt><trkpt lat="58.0371" lon="39.110198"><ele>97.7</ele><time>2023-08-29T08:20:55Z</time></trkpt><trkpt lat="58.03719" lon="39.110283"><ele>96.7</ele><time>2023-08-29T08:20:58Z</time></trkpt><trkpt lat="58.037267" lon="39.110372"><ele>96.5</ele><time>2023-08-29T08:21:01Z</time></trkpt><trkpt lat="58.037282" lon="39.11056"><ele>97.6</ele><time>2023-08-29T08:21:04Z</time></trkpt><trkpt lat="58.037233" lon="39.110748"><ele>96.9</ele><time>2023-08-29T08:21:06Z</time></trkpt><trkpt lat="58.03721" lon="39.110915"><ele>97.6</ele><time>2023-08-29T08:21:08Z</time></trkpt><trkpt lat="58.037198" lon="39.111115"><ele>97.3</ele><time>2023-08-29T08:21:10Z</time></trkpt><trkpt lat="58.03716" lon="39.11137"><ele>97.5</ele><time>2023-08-29T08:21:12Z</time></trkpt><trkpt lat="58.037135" lon="39.111505"><ele>98.0</ele><time>2023-08-29T08:21:13Z</time></trkpt><trkpt lat="58.03712" lon="39.111765"><ele>97.4</ele><time>2023-08-29T08:21:15Z</time></trkpt><trkpt lat="58.037105" lon="39.112015"><ele>98.2</ele><time>2023-08-29T08:21:17Z</time></trkpt><trkpt lat="58.037073" lon="39.112237"><ele>99.9</ele><time>2023-08-29T08:21:19Z</time></trkpt><trkpt lat="58.037012" lon="39.112423"><ele>100.9</ele><time>2023-08-29T08:21:21Z</time></trkpt><trkpt lat="58.03692" lon="39.112555"><ele>101.5</ele><time>2023-08-29T08:21:23Z</time></trkpt><trkpt lat="58.036905" lon="39.112697"><ele>101.0</ele><time>2023-08-29T08:21:25Z</time></trkpt><trkpt lat="58.036967" lon="39.112802"><ele>100.6</ele><time>2023-08-29T08:21:27Z</time></trkpt><trkpt lat="58.036985" lon="39.112935"><ele>97.2</ele><time>2023-08-29T08:21:47Z</time></trkpt><trkpt lat="58.037075" lon="39.113033"><ele>99.0</ele><time>2023-08-29T08:21:50Z</time></trkpt><trkpt lat="58.037138" lon="39.113107"><ele>97.8</ele><time>2023-08-29T08:21:52Z</time></trkpt><trkpt lat="58.037205" lon="39.113207"><ele>96.7</ele><time>2023-08-29T08:21:55Z</time></trkpt><trkpt lat="58.037257" lon="39.113313"><ele>98.9</ele><time>2023-08-29T08:22:00Z</time></trkpt><trkpt lat="58.03734" lon="39.113393"><ele>107.1</ele><time>2023-08-29T08:50:50Z</time></trkpt><trkpt lat="58.037343" lon="39.113253"><ele>100.3</ele><time>2023-08-29T08:50:58Z</time></trkpt><trkpt lat="58.037342" lon="39.113103"><ele>100.2</ele><time>2023-08-29T08:51:02Z</time></trkpt><trkpt lat="58.037323" lon="39.112938"><ele>100.4</ele><time>2023-08-29T08:51:05Z</time></trkpt><trkpt lat="58.037263" lon="39.11276"><ele>101.0</ele><time>2023-08-29T08:51:07Z</time></trkpt><trkpt lat="58.037203" lon="39.112587"><ele>100.3</ele><time>2023-08-29T08:51:09Z</time></trkpt><trkpt lat="58.03712" lon="39.11247"><ele>101.5</ele><time>2023-08-29T08:51:11Z</time></trkpt><trkpt lat="58.037072" lon="39.112352"><ele>101.9</ele><time>2023-08-29T08:51:13Z</time></trkpt><trkpt lat="58.037013" lon="39.112235"><ele>100.9</ele><time>2023-08-29T08:51:15Z</time></trkpt><trkpt lat="58.036948" lon="39.112067"><ele>96.7</ele><time>2023-08-29T08:51:18Z</time></trkpt><trkpt lat="58.036893" lon="39.111965"><ele>96.0</ele><time>2023-08-29T08:51:20Z</time></trkpt><trkpt lat="58.036813" lon="39.111845"><ele>95.7</ele><time>2023-08-29T08:51:22Z</time></trkpt><trkpt lat="58.036738" lon="39.11175"><ele>96.2</ele><time>2023-08-29T08:51:24Z</time></trkpt><trkpt lat="58.036633" lon="39.111693"><ele>95.3</ele><time>2023-08-29T08:51:26Z</time></trkpt><trkpt lat="58.036557" lon="39.111658"><ele>95.4</ele><time>2023-08-29T08:51:28Z</time></trkpt><trkpt lat="58.036482" lon="39.111562"><ele>94.3</ele><time>2023-08-29T08:51:30Z</time></trkpt><trkpt lat="58.036385" lon="39.111465"><ele>94.1</ele><time>2023-08-29T08:51:32Z</time></trkpt><trkpt lat="58.036298" lon="39.111398"><ele>93.5</ele><time>2023-08-29T08:51:34Z</time></trkpt><trkpt lat="58.036235" lon="39.11128"><ele>93.4</ele><time>2023-08-29T08:51:36Z</time></trkpt><trkpt lat="58.036212" lon="39.111148"><ele>93.5</ele><time>2023-08-29T08:51:38Z</time></trkpt><trkpt lat="58.03624" lon="39.110973"><ele>93.4</ele><time>2023-08-29T08:51:41Z</time></trkpt><trkpt lat="58.036183" lon="39.110863"><ele>97.0</ele><time>2023-08-29T08:51:44Z</time></trkpt><trkpt lat="58.036102" lon="39.110787"><ele>96.1</ele><time>2023-08-29T08:51:46Z</time></trkpt><trkpt lat="58.036025" lon="39.110693"><ele>96.1</ele><time>2023-08-29T08:51:48Z</time></trkpt><trkpt lat="58.035948" lon="39.110508"><ele>95.1</ele><time>2023-08-29T08:51:50Z</time></trkpt><trkpt lat="58.03589" lon="39.110327"><ele>95.4</ele><time>2023-08-29T08:51:52Z</time></trkpt><trkpt lat="58.035932" lon="39.110192"><ele>96.1</ele><time>2023-08-29T08:51:54Z</time></trkpt><trkpt lat="58.036022" lon="39.110173"><ele>96.8</ele><time>2023-08-29T08:51:57Z</time></trkpt><trkpt lat="58.036095" lon="39.110128"><ele>97.3</ele><time>2023-08-29T08:52:00Z</time></trkpt><trkpt lat="58.036165" lon="39.110178"><ele>98.1</ele><time>2023-08-29T08:52:29Z</time></trkpt><trkpt lat="58.03614" lon="39.110313"><ele>98.6</ele><time>2023-08-29T08:53:02Z</time></trkpt><trkpt lat="58.036062" lon="39.110377"><ele>98.1</ele><time>2023-08-29T08:54:06Z</time></trkpt><trkpt lat="58.036043" lon="39.110563"><ele>97.9</ele><time>2023-08-29T08:54:09Z</time></trkpt><trkpt lat="58.036153" lon="39.110492"><ele>98.2</ele><time>2023-08-29T08:54:19Z</time></trkpt><trkpt lat="58.036078" lon="39.110367"><ele>98.2</ele><time>2023-08-29T08:55:24Z</time></trkpt><trkpt lat="58.036142" lon="39.11028"><ele>98.5</ele><time>2023-08-29T08:55:57Z</time></trkpt><trkpt lat="58.036168" lon="39.110107"><ele>95.5</ele><time>2023-08-29T08:56:51Z</time></trkpt><trkpt lat="58.036233" lon="39.110043"><ele>95.9</ele><time>2023-08-29T08:56:53Z</time></trkpt><trkpt lat="58.036315" lon="39.10995"><ele>96.6</ele><time>2023-08-29T08:56:55Z</time></trkpt><trkpt lat="58.03641" lon="39.109912"><ele>96.8</ele><time>2023-08-29T08:56:57Z</time></trkpt><trkpt lat="58.036522" lon="39.109942"><ele>97.3</ele><time>2023-08-29T08:56:59Z</time></trkpt><trkpt lat="58.036623" lon="39.109992"><ele>97.4</ele><time>2023-08-29T08:57:01Z</time></trkpt><trkpt lat="58.036712" lon="39.110063"><ele>96.3</ele><time>2023-08-29T08:57:03Z</time></trkpt><trkpt lat="58.03681" lon="39.110102"><ele>96.1</ele><time>2023-08-29T08:57:05Z</time></trkpt><trkpt lat="58.0369" lon="39.110157"><ele>96.5</ele><time>2023-08-29T08:57:07Z</time></trkpt><trkpt lat="58.03698" lon="39.110205"><ele>95.6</ele><time>2023-08-29T08:57:09Z</time></trkpt><trkpt lat="58.037052" lon="39.11026"><ele>95.2</ele><time>2023-08-29T08:57:11Z</time></trkpt><trkpt lat="58.037147" lon="39.110273"><ele>94.9</ele><time>2023-08-29T08:57:14Z</time></trkpt><trkpt lat="58.03723" lon="39.110267"><ele>95.9</ele><time>2023-08-29T08:57:17Z</time></trkpt><trkpt lat="58.037318" lon="39.11023"><ele>97.2</ele><time>2023-08-29T08:57:21Z</time></trkpt><trkpt lat="58.03741" lon="39.110162"><ele>98.5</ele><time>2023-08-29T08:57:24Z</time></trkpt><trkpt lat="58.037473" lon="39.110077"><ele>101.4</ele><time>2023-08-29T08:57:26Z</time></trkpt><trkpt lat="58.037485" lon="39.10994"><ele>99.4</ele><time>2023-08-29T08:57:27Z</time></trkpt><trkpt lat="58.037528" lon="39.109765"><ele>99.5</ele><time>2023-08-29T08:57:29Z</time></trkpt><trkpt lat="58.037592" lon="39.109592"><ele>100.0</ele><time>2023-08-29T08:57:31Z</time></trkpt><trkpt lat="58.037638" lon="39.109445"><ele>101.0</ele><time>2023-08-29T08:57:33Z</time></trkpt><trkpt lat="58.03767" lon="39.10928"><ele>101.3</ele><time>2023-08-29T08:57:36Z</time></trkpt><trkpt lat="58.0377" lon="39.109152"><ele>101.6</ele><time>2023-08-29T08:57:38Z</time></trkpt><trkpt lat="58.037748" lon="39.109023"><ele>103.1</ele><time>2023-08-29T08:57:40Z</time></trkpt><trkpt lat="58.037793" lon="39.1089"><ele>105.1</ele><time>2023-08-29T08:57:42Z</time></trkpt><trkpt lat="58.037845" lon="39.108785"><ele>106.4</ele><time>2023-08-29T08:57:44Z</time></trkpt><trkpt lat="58.037907" lon="39.10866"><ele>107.0</ele><time>2023-08-29T08:57:46Z</time></trkpt><trkpt lat="58.037957" lon="39.108552"><ele>110.6</ele><time>2023-08-29T08:57:48Z</time></trkpt><trkpt lat="58.038018" lon="39.108403"><ele>112.8</ele><time>2023-08-29T08:57:51Z</time></trkpt><trkpt lat="58.038068" lon="39.108272"><ele>115.6</ele><time>2023-08-29T08:57:54Z</time></trkpt><trkpt lat="58.03812" lon="39.108153"><ele>117.4</ele><time>2023-08-29T08:57:57Z</time></trkpt><trkpt lat="58.038165" lon="39.108043"><ele>120.2</ele><time>2023-08-29T08:58:00Z</time></trkpt><trkpt lat="58.03822" lon="39.10791"><ele>117.9</ele><time>2023-08-29T08:58:04Z</time></trkpt><trkpt lat="58.038285" lon="39.107777"><ele>118.3</ele><time>2023-08-29T08:58:08Z</time></trkpt><trkpt lat="58.03834" lon="39.107678"><ele>117.4</ele><time>2023-08-29T08:58:11Z</time></trkpt><trkpt lat="58.038398" lon="39.10757"><ele>118.8</ele><time>2023-08-29T08:58:14Z</time></trkpt><trkpt lat="58.038465" lon="39.107467"><ele>119.8</ele><time>2023-08-29T08:58:17Z</time></trkpt><trkpt lat="58.038535" lon="39.107368"><ele>119.4</ele><time>2023-08-29T08:58:20Z</time></trkpt><trkpt lat="58.038617" lon="39.107272"><ele>120.6</ele><time>2023-08-29T08:58:23Z</time></trkpt><trkpt lat="58.038683" lon="39.107187"><ele>119.1</ele><time>2023-08-29T08:58:26Z</time></trkpt><trkpt lat="58.038755" lon="39.107067"><ele>117.5</ele><time>2023-08-29T08:58:29Z</time></trkpt><trkpt lat="58.03883" lon="39.106958"><ele>119.4</ele><time>2023-08-29T08:58:32Z</time></trkpt><trkpt lat="58.038902" lon="39.106875"><ele>122.6</ele><time>2023-08-29T08:58:35Z</time></trkpt><trkpt lat="58.038973" lon="39.106807"><ele>122.8</ele><time>2023-08-29T08:58:38Z</time></trkpt><trkpt lat="58.039045" lon="39.10672"><ele>122.6</ele><time>2023-08-29T08:58:42Z</time></trkpt><trkpt lat="58.039103" lon="39.106608"><ele>119.8</ele><time>2023-08-29T08:58:46Z</time></trkpt><trkpt lat="58.039158" lon="39.10648"><ele>120.1</ele><time>2023-08-29T08:58:49Z</time></trkpt><trkpt lat="58.039228" lon="39.10636"><ele>120.1</ele><time>2023-08-29T08:58:52Z</time></trkpt><trkpt lat="58.039305" lon="39.106275"><ele>120.2</ele><time>2023-08-29T08:58:55Z</time></trkpt><trkpt lat="58.039372" lon="39.106193"><ele>120.1</ele><time>2023-08-29T08:58:58Z</time></trkpt><trkpt lat="58.039435" lon="39.106102"><ele>120.0</ele><time>2023-08-29T08:59:01Z</time></trkpt><trkpt lat="58.039485" lon="39.105992"><ele>121.0</ele><time>2023-08-29T08:59:04Z</time></trkpt><trkpt lat="58.039528" lon="39.105862"><ele>121.7</ele><time>2023-08-29T08:59:07Z</time></trkpt><trkpt lat="58.03959" lon="39.105738"><ele>124.5</ele><time>2023-08-29T08:59:10Z</time></trkpt><trkpt lat="58.039645" lon="39.105617"><ele>123.3</ele><time>2023-08-29T08:59:12Z</time></trkpt><trkpt lat="58.039692" lon="39.105508"><ele>122.9</ele><time>2023-08-29T08:59:14Z</time></trkpt><trkpt lat="58.039753" lon="39.105365"><ele>123.1</ele><time>2023-08-29T08:59:17Z</time></trkpt><trkpt lat="58.039817" lon="39.105212"><ele>123.8</ele><time>2023-08-29T08:59:20Z</time></trkpt><trkpt lat="58.039865" lon="39.105047"><ele>122.2</ele><time>2023-08-29T08:59:23Z</time></trkpt><trkpt lat="58.03991" lon="39.104888"><ele>123.8</ele><time>2023-08-29T08:59:26Z</time></trkpt><trkpt lat="58.039958" lon="39.104738"><ele>125.0</ele><time>2023-08-29T08:59:28Z</time></trkpt><trkpt lat="58.040003" lon="39.104588"><ele>125.5</ele><time>2023-08-29T08:59:31Z</time></trkpt><trkpt lat="58.040047" lon="39.104447"><ele>125.5</ele><time>2023-08-29T08:59:34Z</time></trkpt><trkpt lat="58.040088" lon="39.104317"><ele>125.4</ele><time>2023-08-29T08:59:37Z</time></trkpt><trkpt lat="58.040097" lon="39.104165"><ele>125.3</ele><time>2023-08-29T08:59:40Z</time></trkpt><trkpt lat="58.040093" lon="39.104008"><ele>122.4</ele><time>2023-08-29T08:59:49Z</time></trkpt><trkpt lat="58.040072" lon="39.103867"><ele>123.5</ele><time>2023-08-29T08:59:54Z</time></trkpt><trkpt lat="58.040002" lon="39.103818"><ele>123.0</ele><time>2023-08-29T08:59:57Z</time></trkpt><trkpt lat="58.039897" lon="39.103793"><ele>121.6</ele><time>2023-08-29T09:00:00Z</time></trkpt><trkpt lat="58.039828" lon="39.10372"><ele>121.8</ele><time>2023-08-29T09:00:02Z</time></trkpt><trkpt lat="58.039735" lon="39.103615"><ele>121.0</ele><time>2023-08-29T09:00:04Z</time></trkpt><trkpt lat="58.039648" lon="39.103553"><ele>119.4</ele><time>2023-08-29T09:00:06Z</time></trkpt><trkpt lat="58.039535" lon="39.10352"><ele>118.9</ele><time>2023-08-29T09:00:08Z</time></trkpt><trkpt lat="58.03944" lon="39.103505"><ele>120.5</ele><time>2023-08-29T09:00:10Z</time></trkpt><trkpt lat="58.039333" lon="39.103495"><ele>120.5</ele><time>2023-08-29T09:00:12Z</time></trkpt><trkpt lat="58.03921" lon="39.10349"><ele>122.5</ele><time>2023-08-29T09:00:14Z</time></trkpt><trkpt lat="58.039128" lon="39.103507"><ele>122.3</ele><time>2023-08-29T09:00:16Z</time></trkpt><trkpt lat="58.039048" lon="39.10363"><ele>121.7</ele><time>2023-08-29T09:00:18Z</time></trkpt><trkpt lat="58.038972" lon="39.103708"><ele>120.6</ele><time>2023-08-29T09:00:20Z</time></trkpt><trkpt lat="58.038873" lon="39.103768"><ele>121.6</ele><time>2023-08-29T09:00:22Z</time></trkpt><trkpt lat="58.038748" lon="39.103768"><ele>121.1</ele><time>2023-08-29T09:00:24Z</time></trkpt><trkpt lat="58.038663" lon="39.103758"><ele>118.9</ele><time>2023-08-29T09:00:25Z</time></trkpt><trkpt lat="58.038585" lon="39.103748"><ele>118.2</ele><time>2023-08-29T09:00:26Z</time></trkpt><trkpt lat="58.0385" lon="39.103743"><ele>118.1</ele><time>2023-08-29T09:00:27Z</time></trkpt><trkpt lat="58.038378" lon="39.103683"><ele>116.7</ele><time>2023-08-29T09:00:29Z</time></trkpt><trkpt lat="58.038298" lon="39.103658"><ele>116.1</ele><time>2023-08-29T09:00:30Z</time></trkpt><trkpt lat="58.038223" lon="39.103622"><ele>115.9</ele><time>2023-08-29T09:00:31Z</time></trkpt><trkpt lat="58.038152" lon="39.103547"><ele>115.9</ele><time>2023-08-29T09:00:32Z</time></trkpt><trkpt lat="58.038083" lon="39.103488"><ele>115.4</ele><time>2023-08-29T09:00:33Z</time></trkpt><trkpt lat="58.037967" lon="39.103375"><ele>113.9</ele><time>2023-08-29T09:00:35Z</time></trkpt><trkpt lat="58.037852" lon="39.103278"><ele>114.0</ele><time>2023-08-29T09:00:37Z</time></trkpt><trkpt lat="58.037745" lon="39.103127"><ele>113.4</ele><time>2023-08-29T09:00:39Z</time></trkpt><trkpt lat="58.037735" lon="39.102992"><ele>112.5</ele><time>2023-08-29T09:00:40Z</time></trkpt><trkpt lat="58.037685" lon="39.102872"><ele>113.3</ele><time>2023-08-29T09:00:42Z</time></trkpt><trkpt lat="58.037672" lon="39.102643"><ele>113.7</ele><time>2023-08-29T09:00:44Z</time></trkpt><trkpt lat="58.037567" lon="39.102537"><ele>112.8</ele><time>2023-08-29T09:00:46Z</time></trkpt><trkpt lat="58.037508" lon="39.102375"><ele>113.9</ele><time>2023-08-29T09:00:48Z</time></trkpt><trkpt lat="58.03748" lon="39.102203"><ele>113.4</ele><time>2023-08-29T09:00:50Z</time></trkpt><trkpt lat="58.037418" lon="39.102093"><ele>111.7</ele><time>2023-08-29T09:00:52Z</time></trkpt><trkpt lat="58.037307" lon="39.101997"><ele>110.9</ele><time>2023-08-29T09:00:54Z</time></trkpt><trkpt lat="58.037223" lon="39.101952"><ele>111.3</ele><time>2023-08-29T09:00:55Z</time></trkpt><trkpt lat="58.037165" lon="39.101875"><ele>111.1</ele><time>2023-08-29T09:00:56Z</time></trkpt><trkpt lat="58.037095" lon="39.101805"><ele>110.6</ele><time>2023-08-29T09:00:57Z</time></trkpt><trkpt lat="58.037008" lon="39.101768"><ele>110.0</ele><time>2023-08-29T09:00:58Z</time></trkpt><trkpt lat="58.036928" lon="39.101672"><ele>104.3</ele><time>2023-08-29T09:01:00Z</time></trkpt><trkpt lat="58.036852" lon="39.101653"><ele>103.8</ele><time>2023-08-29T09:01:01Z</time></trkpt><trkpt lat="58.036768" lon="39.101607"><ele>98.2</ele><time>2023-08-29T09:01:03Z</time></trkpt><trkpt lat="58.03661" lon="39.101567"><ele>100.0</ele><time>2023-08-29T09:01:05Z</time></trkpt><trkpt lat="58.036493" lon="39.101577"><ele>98.9</ele><time>2023-08-29T09:01:07Z</time></trkpt><trkpt lat="58.03654" lon="39.10142"><ele>95.2</ele><time>2023-08-29T09:01:42Z</time></trkpt><trkpt lat="58.036572" lon="39.101283"><ele>97.1</ele><time>2023-08-29T09:01:44Z</time></trkpt><trkpt lat="58.036605" lon="39.101142"><ele>99.0</ele><time>2023-08-29T09:01:46Z</time></trkpt><trkpt lat="58.036595" lon="39.10095"><ele>98.1</ele><time>2023-08-29T09:01:48Z</time></trkpt><trkpt lat="58.03661" lon="39.100772"><ele>97.8</ele><time>2023-08-29T09:01:50Z</time></trkpt><trkpt lat="58.03662" lon="39.10058"><ele>98.0</ele><time>2023-08-29T09:01:52Z</time></trkpt><trkpt lat="58.036598" lon="39.100408"><ele>98.7</ele><time>2023-08-29T09:01:54Z</time></trkpt><trkpt lat="58.036627" lon="39.100228"><ele>98.8</ele><time>2023-08-29T09:01:56Z</time></trkpt><trkpt lat="58.03663" lon="39.100037"><ele>99.3</ele><time>2023-08-29T09:01:58Z</time></trkpt><trkpt lat="58.036637" lon="39.099845"><ele>99.3</ele><time>2023-08-29T09:02:00Z</time></trkpt><trkpt lat="58.036665" lon="39.099648"><ele>99.0</ele><time>2023-08-29T09:02:02Z</time></trkpt><trkpt lat="58.036687" lon="39.099462"><ele>99.7</ele><time>2023-08-29T09:02:04Z</time></trkpt><trkpt lat="58.036722" lon="39.099315"><ele>99.8</ele><time>2023-08-29T09:02:06Z</time></trkpt><trkpt lat="58.036757" lon="39.09918"><ele>100.3</ele><time>2023-08-29T09:02:08Z</time></trkpt><trkpt lat="58.03675" lon="39.098987"><ele>101.9</ele><time>2023-08-29T09:02:11Z</time></trkpt><trkpt lat="58.036803" lon="39.098862"><ele>99.8</ele><time>2023-08-29T09:02:14Z</time></trkpt><trkpt lat="58.03684" lon="39.098683"><ele>98.5</ele><time>2023-08-29T09:02:17Z</time></trkpt><trkpt lat="58.036788" lon="39.09851"><ele>100.7</ele><time>2023-08-29T09:02:20Z</time></trkpt><trkpt lat="58.036713" lon="39.098418"><ele>100.5</ele><time>2023-08-29T09:02:22Z</time></trkpt><trkpt lat="58.036642" lon="39.098337"><ele>98.5</ele><time>2023-08-29T09:02:24Z</time></trkpt><trkpt lat="58.036565" lon="39.098238"><ele>99.4</ele><time>2023-08-29T09:02:26Z</time></trkpt><trkpt lat="58.036538" lon="39.098032"><ele>100.0</ele><time>2023-08-29T09:02:28Z</time></trkpt><trkpt lat="58.036482" lon="39.097892"><ele>100.5</ele><time>2023-08-29T09:02:30Z</time></trkpt><trkpt lat="58.03643" lon="39.097758"><ele>99.3</ele><time>2023-08-29T09:02:32Z</time></trkpt><trkpt lat="58.036358" lon="39.097623"><ele>98.7</ele><time>2023-08-29T09:02:34Z</time></trkpt><trkpt lat="58.036327" lon="39.097483"><ele>98.8</ele><time>2023-08-29T09:02:36Z</time></trkpt><trkpt lat="58.036312" lon="39.097348"><ele>98.8</ele><time>2023-08-29T09:02:38Z</time></trkpt><trkpt lat="58.03624" lon="39.097265"><ele>98.5</ele><time>2023-08-29T09:02:40Z</time></trkpt><trkpt lat="58.03628" lon="39.09715"><ele>100.6</ele><time>2023-08-29T09:02:45Z</time></trkpt><trkpt lat="58.036188" lon="39.097113"><ele>100.0</ele><time>2023-08-29T09:03:01Z</time></trkpt><trkpt lat="58.036108" lon="39.097118"><ele>98.8</ele><time>2023-08-29T09:03:04Z</time></trkpt><trkpt lat="58.035977" lon="39.097173"><ele>99.6</ele><time>2023-08-29T09:03:06Z</time></trkpt><trkpt lat="58.035905" lon="39.097212"><ele>98.8</ele><time>2023-08-29T09:03:07Z</time></trkpt><trkpt lat="58.035833" lon="39.097248"><ele>99.1</ele><time>2023-08-29T09:03:08Z</time></trkpt><trkpt lat="58.03576" lon="39.09728"><ele>98.9</ele><time>2023-08-29T09:03:09Z</time></trkpt><trkpt lat="58.035687" lon="39.097312"><ele>98.6</ele><time>2023-08-29T09:03:10Z</time></trkpt><trkpt lat="58.035612" lon="39.097348"><ele>98.6</ele><time>2023-08-29T09:03:11Z</time></trkpt><trkpt lat="58.035493" lon="39.09738"><ele>98.3</ele><time>2023-08-29T09:03:12Z</time></trkpt><trkpt lat="58.035388" lon="39.097423"><ele>99.2</ele><time>2023-08-29T09:03:13Z</time></trkpt><trkpt lat="58.035295" lon="39.097472"><ele>95.1</ele><time>2023-08-29T09:03:15Z</time></trkpt><trkpt lat="58.035215" lon="39.097502"><ele>93.1</ele><time>2023-08-29T09:03:16Z</time></trkpt><trkpt lat="58.035082" lon="39.097583"><ele>90.3</ele><time>2023-08-29T09:03:18Z</time></trkpt><trkpt lat="58.034938" lon="39.097643"><ele>90.1</ele><time>2023-08-29T09:03:20Z</time></trkpt><trkpt lat="58.034803" lon="39.097695"><ele>90.6</ele><time>2023-08-29T09:03:22Z</time></trkpt><trkpt lat="58.034688" lon="39.097758"><ele>90.9</ele><time>2023-08-29T09:03:24Z</time></trkpt><trkpt lat="58.034557" lon="39.097838"><ele>90.5</ele><time>2023-08-29T09:03:26Z</time></trkpt><trkpt lat="58.034485" lon="39.097863"><ele>90.5</ele><time>2023-08-29T09:03:27Z</time></trkpt><trkpt lat="58.034412" lon="39.097917"><ele>90.1</ele><time>2023-08-29T09:03:28Z</time></trkpt><trkpt lat="58.034292" lon="39.097975"><ele>90.0</ele><time>2023-08-29T09:03:30Z</time></trkpt><trkpt lat="58.034185" lon="39.098028"><ele>90.3</ele><time>2023-08-29T09:03:32Z</time></trkpt><trkpt lat="58.03408" lon="39.098058"><ele>91.1</ele><time>2023-08-29T09:03:34Z</time></trkpt><trkpt lat="58.034007" lon="39.098055"><ele>91.0</ele><time>2023-08-29T09:03:36Z</time></trkpt><trkpt lat="58.033898" lon="39.098043"><ele>89.3</ele><time>2023-08-29T09:03:38Z</time></trkpt><trkpt lat="58.033825" lon="39.097985"><ele>89.8</ele><time>2023-08-29T09:03:40Z</time></trkpt><trkpt lat="58.033732" lon="39.097922"><ele>87.8</ele><time>2023-08-29T09:03:43Z</time></trkpt><trkpt lat="58.033657" lon="39.097895"><ele>89.2</ele><time>2023-08-29T09:03:45Z</time></trkpt><trkpt lat="58.03358" lon="39.097843"><ele>89.5</ele><time>2023-08-29T09:03:47Z</time></trkpt><trkpt lat="58.03352" lon="39.097733"><ele>90.3</ele><time>2023-08-29T09:03:49Z</time></trkpt><trkpt lat="58.03347" lon="39.097625"><ele>91.1</ele><time>2023-08-29T09:03:51Z</time></trkpt><trkpt lat="58.033422" lon="39.097507"><ele>92.6</ele><time>2023-08-29T09:03:53Z</time></trkpt><trkpt lat="58.033393" lon="39.097372"><ele>93.7</ele><time>2023-08-29T09:03:55Z</time></trkpt><trkpt lat="58.033392" lon="39.09722"><ele>92.1</ele><time>2023-08-29T09:03:57Z</time></trkpt><trkpt lat="58.033405" lon="39.097067"><ele>90.5</ele><time>2023-08-29T09:03:59Z</time></trkpt><trkpt lat="58.033418" lon="39.096913"><ele>91.9</ele><time>2023-08-29T09:04:01Z</time></trkpt><trkpt lat="58.033423" lon="39.09676"><ele>92.5</ele><time>2023-08-29T09:04:03Z</time></trkpt><trkpt lat="58.033422" lon="39.096605"><ele>93.7</ele><time>2023-08-29T09:04:05Z</time></trkpt><trkpt lat="58.033403" lon="39.096452"><ele>94.3</ele><time>2023-08-29T09:04:07Z</time></trkpt><trkpt lat="58.033368" lon="39.0963"><ele>95.0</ele><time>2023-08-29T09:04:09Z</time></trkpt><trkpt lat="58.033332" lon="39.096145"><ele>94.1</ele><time>2023-08-29T09:04:11Z</time></trkpt><trkpt lat="58.0333" lon="39.096"><ele>94.4</ele><time>2023-08-29T09:04:13Z</time></trkpt><trkpt lat="58.03325" lon="39.095877"><ele>94.7</ele><time>2023-08-29T09:04:15Z</time></trkpt><trkpt lat="58.033187" lon="39.095763"><ele>94.9</ele><time>2023-08-29T09:04:17Z</time></trkpt><trkpt lat="58.03314" lon="39.095615"><ele>95.4</ele><time>2023-08-29T09:04:19Z</time></trkpt><trkpt lat="58.033105" lon="39.095467"><ele>95.8</ele><time>2023-08-29T09:04:21Z</time></trkpt><trkpt lat="58.033065" lon="39.095297"><ele>97.9</ele><time>2023-08-29T09:04:23Z</time></trkpt><trkpt lat="58.03303" lon="39.095133"><ele>98.1</ele><time>2023-08-29T09:04:25Z</time></trkpt><trkpt lat="58.033012" lon="39.094958"><ele>99.5</ele><time>2023-08-29T09:04:27Z</time></trkpt><trkpt lat="58.032983" lon="39.094815"><ele>100.1</ele><time>2023-08-29T09:04:29Z</time></trkpt><trkpt lat="58.032978" lon="39.09466"><ele>99.7</ele><time>2023-08-29T09:04:31Z</time></trkpt><trkpt lat="58.032978" lon="39.09448"><ele>99.6</ele><time>2023-08-29T09:04:33Z</time></trkpt><trkpt lat="58.032962" lon="39.094305"><ele>101.1</ele><time>2023-08-29T09:04:35Z</time></trkpt><trkpt lat="58.032957" lon="39.094128"><ele>101.9</ele><time>2023-08-29T09:04:37Z</time></trkpt><trkpt lat="58.032922" lon="39.093972"><ele>101.1</ele><time>2023-08-29T09:04:39Z</time></trkpt><trkpt lat="58.032863" lon="39.093827"><ele>99.4</ele><time>2023-08-29T09:04:41Z</time></trkpt><trkpt lat="58.032832" lon="39.093662"><ele>99.1</ele><time>2023-08-29T09:04:43Z</time></trkpt><trkpt lat="58.032807" lon="39.09347"><ele>99.2</ele><time>2023-08-29T09:04:45Z</time></trkpt><trkpt lat="58.032795" lon="39.0933"><ele>98.4</ele><time>2023-08-29T09:04:47Z</time></trkpt><trkpt lat="58.03281" lon="39.093118"><ele>98.3</ele><time>2023-08-29T09:04:49Z</time></trkpt><trkpt lat="58.032765" lon="39.092895"><ele>96.8</ele><time>2023-08-29T09:04:51Z</time></trkpt><trkpt lat="58.032695" lon="39.092685"><ele>96.4</ele><time>2023-08-29T09:04:53Z</time></trkpt><trkpt lat="58.032655" lon="39.092445"><ele>97.7</ele><time>2023-08-29T09:04:55Z</time></trkpt><trkpt lat="58.032595" lon="39.092185"><ele>98.2</ele><time>2023-08-29T09:04:57Z</time></trkpt><trkpt lat="58.032555" lon="39.091953"><ele>98.3</ele><time>2023-08-29T09:04:59Z</time></trkpt><trkpt lat="58.032568" lon="39.09175"><ele>97.1</ele><time>2023-08-29T09:05:03Z</time></trkpt><trkpt lat="58.032497" lon="39.091727"><ele>96.7</ele><time>2023-08-29T09:05:17Z</time></trkpt><trkpt lat="58.032422" lon="39.09168"><ele>95.7</ele><time>2023-08-29T09:05:21Z</time></trkpt><trkpt lat="58.03235" lon="39.091638"><ele>94.6</ele><time>2023-08-29T09:05:23Z</time></trkpt><trkpt lat="58.032343" lon="39.091472"><ele>95.0</ele><time>2023-08-29T09:05:26Z</time></trkpt><trkpt lat="58.032375" lon="39.091333"><ele>93.2</ele><time>2023-08-29T09:05:29Z</time></trkpt><trkpt lat="58.032405" lon="39.09117"><ele>92.6</ele><time>2023-08-29T09:05:32Z</time></trkpt><trkpt lat="58.032412" lon="39.090972"><ele>90.3</ele><time>2023-08-29T09:05:35Z</time></trkpt><trkpt lat="58.032488" lon="39.09083"><ele>89.9</ele><time>2023-08-29T09:05:38Z</time></trkpt><trkpt lat="58.032525" lon="39.09071"><ele>89.9</ele><time>2023-08-29T09:05:40Z</time></trkpt><trkpt lat="58.03259" lon="39.090612"><ele>90.9</ele><time>2023-08-29T09:05:42Z</time></trkpt><trkpt lat="58.032662" lon="39.090493"><ele>91.4</ele><time>2023-08-29T09:05:44Z</time></trkpt><trkpt lat="58.03273" lon="39.090408"><ele>93.8</ele><time>2023-08-29T09:05:46Z</time></trkpt><trkpt lat="58.03281" lon="39.090333"><ele>92.6</ele><time>2023-08-29T09:05:48Z</time></trkpt><trkpt lat="58.032882" lon="39.090213"><ele>92.1</ele><time>2023-08-29T09:05:50Z</time></trkpt><trkpt lat="58.032945" lon="39.09009"><ele>92.9</ele><time>2023-08-29T09:05:52Z</time></trkpt><trkpt lat="58.033013" lon="39.089965"><ele>91.7</ele><time>2023-08-29T09:05:54Z</time></trkpt><trkpt lat="58.03309" lon="39.089787"><ele>92.7</ele><time>2023-08-29T09:05:56Z</time></trkpt><trkpt lat="58.033165" lon="39.089658"><ele>93.0</ele><time>2023-08-29T09:05:58Z</time></trkpt><trkpt lat="58.03326" lon="39.089562"><ele>92.4</ele><time>2023-08-29T09:06:00Z</time></trkpt><trkpt lat="58.03334" lon="39.089523"><ele>92.9</ele><time>2023-08-29T09:06:02Z</time></trkpt><trkpt lat="58.033422" lon="39.08945"><ele>90.6</ele><time>2023-08-29T09:06:04Z</time></trkpt><trkpt lat="58.033518" lon="39.089418"><ele>89.0</ele><time>2023-08-29T09:06:07Z</time></trkpt><trkpt lat="58.033543" lon="39.089285"><ele>89.3</ele><time>2023-08-29T09:06:11Z</time></trkpt><trkpt lat="58.033552" lon="39.089085"><ele>88.8</ele><time>2023-08-29T09:06:14Z</time></trkpt><trkpt lat="58.033562" lon="39.088928"><ele>92.0</ele><time>2023-08-29T09:06:16Z</time></trkpt><trkpt lat="58.03357" lon="39.088778"><ele>93.3</ele><time>2023-08-29T09:06:18Z</time></trkpt><trkpt lat="58.033558" lon="39.088618"><ele>92.9</ele><time>2023-08-29T09:06:20Z</time></trkpt><trkpt lat="58.033502" lon="39.088428"><ele>93.2</ele><time>2023-08-29T09:06:22Z</time></trkpt><trkpt lat="58.033465" lon="39.088275"><ele>92.5</ele><time>2023-08-29T09:06:24Z</time></trkpt><trkpt lat="58.033393" lon="39.08815"><ele>93.4</ele><time>2023-08-29T09:06:26Z</time></trkpt><trkpt lat="58.033343" lon="39.087997"><ele>90.8</ele><time>2023-08-29T09:06:29Z</time></trkpt><trkpt lat="58.033303" lon="39.087862"><ele>91.1</ele><time>2023-08-29T09:06:31Z</time></trkpt><trkpt lat="58.033235" lon="39.087702"><ele>91.9</ele><time>2023-08-29T09:06:34Z</time></trkpt><trkpt lat="58.033153" lon="39.087613"><ele>92.4</ele><time>2023-08-29T09:06:36Z</time></trkpt><trkpt lat="58.033082" lon="39.087535"><ele>92.1</ele><time>2023-08-29T09:06:38Z</time></trkpt><trkpt lat="58.033017" lon="39.087412"><ele>90.9</ele><time>2023-08-29T09:06:41Z</time></trkpt><trkpt lat="58.033093" lon="39.087392"><ele>91.3</ele><time>2023-08-29T09:06:54Z</time></trkpt><trkpt lat="58.033165" lon="39.087467"><ele>91.9</ele><time>2023-08-29T09:06:57Z</time></trkpt><trkpt lat="58.033228" lon="39.087375"><ele>91.2</ele><time>2023-08-29T09:07:01Z</time></trkpt><trkpt lat="58.033298" lon="39.087312"><ele>90.0</ele><time>2023-08-29T09:07:04Z</time></trkpt><trkpt lat="58.033382" lon="39.087335"><ele>90.4</ele><time>2023-08-29T09:07:08Z</time></trkpt><trkpt lat="58.033462" lon="39.087312"><ele>98.2</ele><time>2023-08-29T09:07:47Z</time></trkpt><trkpt lat="58.033535" lon="39.087257"><ele>101.0</ele><time>2023-08-29T09:07:57Z</time></trkpt><trkpt lat="58.033615" lon="39.08717"><ele>101.5</ele><time>2023-08-29T09:08:02Z</time></trkpt><trkpt lat="58.033692" lon="39.087082"><ele>100.3</ele><time>2023-08-29T09:08:08Z</time></trkpt><trkpt lat="58.033765" lon="39.087008"><ele>100.2</ele><time>2023-08-29T09:08:12Z</time></trkpt><trkpt lat="58.033828" lon="39.086937"><ele>99.5</ele><time>2023-08-29T09:08:16Z</time></trkpt><trkpt lat="58.033883" lon="39.086797"><ele>99.5</ele><time>2023-08-29T09:08:19Z</time></trkpt><trkpt lat="58.0339" lon="39.086607"><ele>99.4</ele><time>2023-08-29T09:08:22Z</time></trkpt><trkpt lat="58.033882" lon="39.086428"><ele>101.1</ele><time>2023-08-29T09:08:25Z</time></trkpt><trkpt lat="58.033842" lon="39.086285"><ele>99.8</ele><time>2023-08-29T09:08:28Z</time></trkpt><trkpt lat="58.033855" lon="39.086127"><ele>101.1</ele><time>2023-08-29T09:08:32Z</time></trkpt><trkpt lat="58.033917" lon="39.086047"><ele>105.6</ele><time>2023-08-29T09:08:40Z</time></trkpt><trkpt lat="58.033895" lon="39.085908"><ele>104.3</ele><time>2023-08-29T09:08:54Z</time></trkpt><trkpt lat="58.033898" lon="39.085757"><ele>102.6</ele><time>2023-08-29T09:09:01Z</time></trkpt><trkpt lat="58.033908" lon="39.085612"><ele>106.4</ele><time>2023-08-29T09:09:19Z</time></trkpt><trkpt lat="58.033925" lon="39.08547"><ele>108.4</ele><time>2023-08-29T09:10:04Z</time></trkpt><trkpt lat="58.033943" lon="39.085318"><ele>109.5</ele><time>2023-08-29T09:10:07Z</time></trkpt><trkpt lat="58.033908" lon="39.085145"><ele>108.9</ele><time>2023-08-29T09:10:10Z</time></trkpt><trkpt lat="58.033875" lon="39.084972"><ele>109.1</ele><time>2023-08-29T09:10:13Z</time></trkpt><trkpt lat="58.033877" lon="39.08477"><ele>108.7</ele><time>2023-08-29T09:10:16Z</time></trkpt><trkpt lat="58.03388" lon="39.084592"><ele>109.3</ele><time>2023-08-29T09:10:19Z</time></trkpt><trkpt lat="58.033855" lon="39.084413"><ele>108.6</ele><time>2023-08-29T09:10:22Z</time></trkpt><trkpt lat="58.033837" lon="39.084273"><ele>107.4</ele><time>2023-08-29T09:10:24Z</time></trkpt><trkpt lat="58.033825" lon="39.084072"><ele>107.6</ele><time>2023-08-29T09:10:27Z</time></trkpt><trkpt lat="58.03382" lon="39.083918"><ele>107.5</ele><time>2023-08-29T09:10:29Z</time></trkpt><trkpt lat="58.033822" lon="39.08378"><ele>107.5</ele><time>2023-08-29T09:10:31Z</time></trkpt><trkpt lat="58.033803" lon="39.083572"><ele>107.9</ele><time>2023-08-29T09:10:34Z</time></trkpt><trkpt lat="58.033773" lon="39.083423"><ele>108.6</ele><time>2023-08-29T09:10:36Z</time></trkpt><trkpt lat="58.03375" lon="39.083292"><ele>108.7</ele><time>2023-08-29T09:10:38Z</time></trkpt><trkpt lat="58.033733" lon="39.083112"><ele>109.0</ele><time>2023-08-29T09:10:41Z</time></trkpt><trkpt lat="58.033717" lon="39.082918"><ele>109.2</ele><time>2023-08-29T09:10:44Z</time></trkpt><trkpt lat="58.033683" lon="39.082737"><ele>109.0</ele><time>2023-08-29T09:10:47Z</time></trkpt><trkpt lat="58.033653" lon="39.082602"><ele>110.3</ele><time>2023-08-29T09:10:49Z</time></trkpt><trkpt lat="58.033623" lon="39.082472"><ele>111.0</ele><time>2023-08-29T09:10:51Z</time></trkpt><trkpt lat="58.033583" lon="39.082307"><ele>108.6</ele><time>2023-08-29T09:10:54Z</time></trkpt><trkpt lat="58.03354" lon="39.082138"><ele>106.9</ele><time>2023-08-29T09:10:57Z</time></trkpt><trkpt lat="58.033515" lon="39.081988"><ele>106.3</ele><time>2023-08-29T09:10:59Z</time></trkpt><trkpt lat="58.033482" lon="39.081825"><ele>106.6</ele><time>2023-08-29T09:11:01Z</time></trkpt><trkpt lat="58.033458" lon="39.081658"><ele>106.6</ele><time>2023-08-29T09:11:03Z</time></trkpt><trkpt lat="58.033445" lon="39.081502"><ele>107.4</ele><time>2023-08-29T09:11:05Z</time></trkpt><trkpt lat="58.033407" lon="39.081308"><ele>109.1</ele><time>2023-08-29T09:11:07Z</time></trkpt><trkpt lat="58.033392" lon="39.081168"><ele>109.7</ele><time>2023-08-29T09:11:09Z</time></trkpt><trkpt lat="58.033355" lon="39.081027"><ele>106.4</ele><time>2023-08-29T09:11:12Z</time></trkpt><trkpt lat="58.033323" lon="39.080863"><ele>104.5</ele><time>2023-08-29T09:11:15Z</time></trkpt><trkpt lat="58.033228" lon="39.08085"><ele>105.4</ele><time>2023-08-29T09:11:19Z</time></trkpt><trkpt lat="58.033158" lon="39.080893"><ele>105.7</ele><time>2023-08-29T09:11:21Z</time></trkpt><trkpt lat="58.033063" lon="39.080955"><ele>105.4</ele><time>2023-08-29T09:11:23Z</time></trkpt><trkpt lat="58.03296" lon="39.080997"><ele>103.6</ele><time>2023-08-29T09:11:25Z</time></trkpt><trkpt lat="58.032845" lon="39.081012"><ele>103.3</ele><time>2023-08-29T09:11:27Z</time></trkpt><trkpt lat="58.032728" lon="39.081057"><ele>101.6</ele><time>2023-08-29T09:11:29Z</time></trkpt><trkpt lat="58.032607" lon="39.081125"><ele>101.0</ele><time>2023-08-29T09:11:31Z</time></trkpt><trkpt lat="58.032497" lon="39.08126"><ele>100.9</ele><time>2023-08-29T09:11:33Z</time></trkpt><trkpt lat="58.032382" lon="39.08139"><ele>100.4</ele><time>2023-08-29T09:11:35Z</time></trkpt><trkpt lat="58.032293" lon="39.081547"><ele>100.7</ele><time>2023-08-29T09:11:37Z</time></trkpt><trkpt lat="58.0322" lon="39.08168"><ele>100.2</ele><time>2023-08-29T09:11:39Z</time></trkpt><trkpt lat="58.032088" lon="39.081842"><ele>99.9</ele><time>2023-08-29T09:11:41Z</time></trkpt><trkpt lat="58.031993" lon="39.082"><ele>98.6</ele><time>2023-08-29T09:11:43Z</time></trkpt><trkpt lat="58.031935" lon="39.08208"><ele>98.1</ele><time>2023-08-29T09:11:44Z</time></trkpt><trkpt lat="58.03186" lon="39.08221"><ele>96.5</ele><time>2023-08-29T09:11:46Z</time></trkpt><trkpt lat="58.031758" lon="39.082333"><ele>96.0</ele><time>2023-08-29T09:11:48Z</time></trkpt><trkpt lat="58.031678" lon="39.082442"><ele>95.3</ele><time>2023-08-29T09:11:50Z</time></trkpt><trkpt lat="58.031602" lon="39.08253"><ele>92.9</ele><time>2023-08-29T09:12:02Z</time></trkpt><trkpt lat="58.031647" lon="39.082412"><ele>94.2</ele><time>2023-08-29T09:12:13Z</time></trkpt><trkpt lat="58.031715" lon="39.082525"><ele>92.2</ele><time>2023-08-29T09:12:19Z</time></trkpt><trkpt lat="58.031738" lon="39.082673"><ele>91.1</ele><time>2023-08-29T09:12:21Z</time></trkpt><trkpt lat="58.03178" lon="39.08286"><ele>88.3</ele><time>2023-08-29T09:12:24Z</time></trkpt><trkpt lat="58.031823" lon="39.082978"><ele>88.7</ele><time>2023-08-29T09:12:26Z</time></trkpt><trkpt lat="58.031882" lon="39.08312"><ele>88.9</ele><time>2023-08-29T09:12:29Z</time></trkpt><trkpt lat="58.03193" lon="39.08323"><ele>88.6</ele><time>2023-08-29T09:12:31Z</time></trkpt><trkpt lat="58.032007" lon="39.083338"><ele>87.4</ele><time>2023-08-29T09:12:33Z</time></trkpt><trkpt lat="58.03207" lon="39.083492"><ele>86.7</ele><time>2023-08-29T09:12:35Z</time></trkpt><trkpt lat="58.032145" lon="39.08364"><ele>88.1</ele><time>2023-08-29T09:12:37Z</time></trkpt><trkpt lat="58.03214" lon="39.083813"><ele>87.5</ele><time>2023-08-29T09:12:39Z</time></trkpt><trkpt lat="58.032183" lon="39.08402"><ele>87.8</ele><time>2023-08-29T09:12:41Z</time></trkpt><trkpt lat="58.032198" lon="39.084223"><ele>87.9</ele><time>2023-08-29T09:12:43Z</time></trkpt><trkpt lat="58.032257" lon="39.0844"><ele>88.6</ele><time>2023-08-29T09:12:45Z</time></trkpt><trkpt lat="58.032322" lon="39.08456"><ele>88.5</ele><time>2023-08-29T09:12:47Z</time></trkpt><trkpt lat="58.032352" lon="39.08471"><ele>88.4</ele><time>2023-08-29T09:12:49Z</time></trkpt><trkpt lat="58.032403" lon="39.084882"><ele>88.0</ele><time>2023-08-29T09:12:51Z</time></trkpt><trkpt lat="58.032472" lon="39.085025"><ele>89.1</ele><time>2023-08-29T09:12:53Z</time></trkpt><trkpt lat="58.032512" lon="39.085187"><ele>89.9</ele><time>2023-08-29T09:12:55Z</time></trkpt><trkpt lat="58.032573" lon="39.085365"><ele>90.9</ele><time>2023-08-29T09:12:58Z</time></trkpt><trkpt lat="58.032643" lon="39.08549"><ele>89.1</ele><time>2023-08-29T09:13:01Z</time></trkpt><trkpt lat="58.032707" lon="39.085602"><ele>86.5</ele><time>2023-08-29T09:13:03Z</time></trkpt><trkpt lat="58.032783" lon="39.085728"><ele>88.0</ele><time>2023-08-29T09:13:05Z</time></trkpt><trkpt lat="58.032863" lon="39.085882"><ele>87.4</ele><time>2023-08-29T09:13:07Z</time></trkpt><trkpt lat="58.032907" lon="39.086038"><ele>86.7</ele><time>2023-08-29T09:13:09Z</time></trkpt><trkpt lat="58.032942" lon="39.086225"><ele>87.3</ele><time>2023-08-29T09:13:11Z</time></trkpt><trkpt lat="58.032963" lon="39.086437"><ele>86.8</ele><time>2023-08-29T09:13:14Z</time></trkpt><trkpt lat="58.032968" lon="39.086602"><ele>87.4</ele><time>2023-08-29T09:13:16Z</time></trkpt><trkpt lat="58.032973" lon="39.086813"><ele>87.8</ele><time>2023-08-29T09:13:19Z</time></trkpt><trkpt lat="58.033" lon="39.086978"><ele>86.5</ele><time>2023-08-29T09:13:21Z</time></trkpt><trkpt lat="58.03303" lon="39.087142"><ele>86.4</ele><time>2023-08-29T09:13:23Z</time></trkpt><trkpt lat="58.033062" lon="39.087305"><ele>85.9</ele><time>2023-08-29T09:13:25Z</time></trkpt><trkpt lat="58.033063" lon="39.08746"><ele>85.8</ele><time>2023-08-29T09:13:27Z</time></trkpt><trkpt lat="58.033003" lon="39.087558"><ele>84.5</ele><time>2023-08-29T09:13:29Z</time></trkpt><trkpt lat="58.03287" lon="39.087523"><ele>83.9</ele><time>2023-08-29T09:13:30Z</time></trkpt><trkpt lat="58.032795" lon="39.08761"><ele>83.4</ele><time>2023-08-29T09:13:32Z</time></trkpt><trkpt lat="58.032737" lon="39.08776"><ele>84.3</ele><time>2023-08-29T09:13:34Z</time></trkpt><trkpt lat="58.0327" lon="39.0879"><ele>86.4</ele><time>2023-08-29T09:13:36Z</time></trkpt><trkpt lat="58.032642" lon="39.088035"><ele>87.7</ele><time>2023-08-29T09:13:40Z</time></trkpt><trkpt lat="58.032572" lon="39.088125"><ele>86.5</ele><time>2023-08-29T09:13:42Z</time></trkpt><trkpt lat="58.032495" lon="39.088182"><ele>86.9</ele><time>2023-08-29T09:13:44Z</time></trkpt><trkpt lat="58.03241" lon="39.088272"><ele>88.2</ele><time>2023-08-29T09:13:47Z</time></trkpt><trkpt lat="58.03236" lon="39.088395"><ele>88.7</ele><time>2023-08-29T09:13:49Z</time></trkpt><trkpt lat="58.032357" lon="39.088618"><ele>89.2</ele><time>2023-08-29T09:13:51Z</time></trkpt><trkpt lat="58.032323" lon="39.088802"><ele>88.4</ele><time>2023-08-29T09:13:53Z</time></trkpt><trkpt lat="58.032323" lon="39.088995"><ele>88.9</ele><time>2023-08-29T09:13:55Z</time></trkpt><trkpt lat="58.03228" lon="39.089192"><ele>89.8</ele><time>2023-08-29T09:13:57Z</time></trkpt><trkpt lat="58.032235" lon="39.089347"><ele>88.2</ele><time>2023-08-29T09:13:59Z</time></trkpt><trkpt lat="58.032203" lon="39.089492"><ele>89.2</ele><time>2023-08-29T09:14:02Z</time></trkpt><trkpt lat="58.032127" lon="39.089665"><ele>90.4</ele><time>2023-08-29T09:14:05Z</time></trkpt><trkpt lat="58.032105" lon="39.08984"><ele>92.2</ele><time>2023-08-29T09:14:06Z</time></trkpt><trkpt lat="58.032098" lon="39.090002"><ele>91.5</ele><time>2023-08-29T09:14:08Z</time></trkpt><trkpt lat="58.03207" lon="39.090245"><ele>92.1</ele><time>2023-08-29T09:14:10Z</time></trkpt><trkpt lat="58.032008" lon="39.090423"><ele>92.5</ele><time>2023-08-29T09:14:12Z</time></trkpt><trkpt lat="58.031932" lon="39.090472"><ele>89.9</ele><time>2023-08-29T09:14:14Z</time></trkpt><trkpt lat="58.031812" lon="39.090573"><ele>89.1</ele><time>2023-08-29T09:14:17Z</time></trkpt><trkpt lat="58.031725" lon="39.090658"><ele>88.3</ele><time>2023-08-29T09:14:19Z</time></trkpt><trkpt lat="58.031655" lon="39.090797"><ele>87.7</ele><time>2023-08-29T09:14:21Z</time></trkpt><trkpt lat="58.031582" lon="39.09088"><ele>88.1</ele><time>2023-08-29T09:14:23Z</time></trkpt><trkpt lat="58.031505" lon="39.091"><ele>90.8</ele><time>2023-08-29T09:14:37Z</time></trkpt><trkpt lat="58.031433" lon="39.091017"><ele>92.3</ele><time>2023-08-29T09:14:55Z</time></trkpt><trkpt lat="58.031353" lon="39.090957"><ele>91.2</ele><time>2023-08-29T09:14:58Z</time></trkpt><trkpt lat="58.031295" lon="39.090873"><ele>91.2</ele><time>2023-08-29T09:15:00Z</time></trkpt><trkpt lat="58.031207" lon="39.090787"><ele>90.0</ele><time>2023-08-29T09:15:03Z</time></trkpt><trkpt lat="58.031122" lon="39.09075"><ele>89.8</ele><time>2023-08-29T09:15:06Z</time></trkpt><trkpt lat="58.03103" lon="39.09068"><ele>90.1</ele><time>2023-08-29T09:15:10Z</time></trkpt><trkpt lat="58.030952" lon="39.090565"><ele>90.3</ele><time>2023-08-29T09:15:13Z</time></trkpt><trkpt lat="58.030888" lon="39.090483"><ele>91.4</ele><time>2023-08-29T09:15:15Z</time></trkpt><trkpt lat="58.03083" lon="39.090383"><ele>91.8</ele><time>2023-08-29T09:15:17Z</time></trkpt><trkpt lat="58.030778" lon="39.090268"><ele>92.1</ele><time>2023-08-29T09:15:19Z</time></trkpt><trkpt lat="58.03074" lon="39.090145"><ele>92.4</ele><time>2023-08-29T09:15:21Z</time></trkpt><trkpt lat="58.030695" lon="39.089972"><ele>92.4</ele><time>2023-08-29T09:15:24Z</time></trkpt><trkpt lat="58.030647" lon="39.089837"><ele>91.7</ele><time>2023-08-29T09:15:27Z</time></trkpt><trkpt lat="58.030577" lon="39.089693"><ele>91.8</ele><time>2023-08-29T09:15:30Z</time></trkpt><trkpt lat="58.030523" lon="39.089587"><ele>92.6</ele><time>2023-08-29T09:15:32Z</time></trkpt><trkpt lat="58.03047" lon="39.089475"><ele>92.6</ele><time>2023-08-29T09:15:34Z</time></trkpt><trkpt lat="58.030422" lon="39.08935"><ele>93.3</ele><time>2023-08-29T09:15:36Z</time></trkpt><trkpt lat="58.030377" lon="39.089223"><ele>92.8</ele><time>2023-08-29T09:15:38Z</time></trkpt><trkpt lat="58.030315" lon="39.089077"><ele>94.4</ele><time>2023-08-29T09:15:41Z</time></trkpt><trkpt lat="58.030235" lon="39.088962"><ele>93.3</ele><time>2023-08-29T09:15:44Z</time></trkpt><trkpt lat="58.030187" lon="39.088863"><ele>94.4</ele><time>2023-08-29T09:15:46Z</time></trkpt><trkpt lat="58.030142" lon="39.088707"><ele>92.7</ele><time>2023-08-29T09:15:49Z</time></trkpt><trkpt lat="58.030112" lon="39.088583"><ele>94.6</ele><time>2023-08-29T09:15:51Z</time></trkpt><trkpt lat="58.030068" lon="39.088472"><ele>94.7</ele><time>2023-08-29T09:15:53Z</time></trkpt><trkpt lat="58.030008" lon="39.088358"><ele>96.9</ele><time>2023-08-29T09:15:56Z</time></trkpt><trkpt lat="58.029973" lon="39.08824"><ele>96.9</ele><time>2023-08-29T09:15:59Z</time></trkpt><trkpt lat="58.029957" lon="39.088088"><ele>97.8</ele><time>2023-08-29T09:16:02Z</time></trkpt><trkpt lat="58.029932" lon="39.087928"><ele>97.2</ele><time>2023-08-29T09:16:05Z</time></trkpt><trkpt lat="58.02992" lon="39.087787"><ele>94.7</ele><time>2023-08-29T09:16:08Z</time></trkpt><trkpt lat="58.029937" lon="39.08763"><ele>94.9</ele><time>2023-08-29T09:16:11Z</time></trkpt><trkpt lat="58.029945" lon="39.087445"><ele>97.5</ele><time>2023-08-29T09:16:14Z</time></trkpt><trkpt lat="58.02992" lon="39.087262"><ele>95.4</ele><time>2023-08-29T09:16:17Z</time></trkpt><trkpt lat="58.029867" lon="39.087092"><ele>95.3</ele><time>2023-08-29T09:16:20Z</time></trkpt><trkpt lat="58.029808" lon="39.08695"><ele>96.2</ele><time>2023-08-29T09:16:23Z</time></trkpt><trkpt lat="58.029787" lon="39.086782"><ele>96.9</ele><time>2023-08-29T09:16:26Z</time></trkpt><trkpt lat="58.029765" lon="39.086628"><ele>94.8</ele><time>2023-08-29T09:16:28Z</time></trkpt><trkpt lat="58.029732" lon="39.08647"><ele>94.9</ele><time>2023-08-29T09:16:30Z</time></trkpt><trkpt lat="58.029692" lon="39.086332"><ele>93.4</ele><time>2023-08-29T09:16:32Z</time></trkpt><trkpt lat="58.029657" lon="39.086212"><ele>93.4</ele><time>2023-08-29T09:16:34Z</time></trkpt><trkpt lat="58.02963" lon="39.086078"><ele>92.5</ele><time>2023-08-29T09:16:36Z</time></trkpt><trkpt lat="58.029632" lon="39.085932"><ele>93.5</ele><time>2023-08-29T09:16:38Z</time></trkpt><trkpt lat="58.02966" lon="39.085805"><ele>94.1</ele><time>2023-08-29T09:16:40Z</time></trkpt><trkpt lat="58.029692" lon="39.085672"><ele>95.4</ele><time>2023-08-29T09:16:44Z</time></trkpt><trkpt lat="58.029612" lon="39.085645"><ele>92.6</ele><time>2023-08-29T09:16:50Z</time></trkpt><trkpt lat="58.029507" lon="39.085683"><ele>91.3</ele><time>2023-08-29T09:16:53Z</time></trkpt><trkpt lat="58.029422" lon="39.085718"><ele>90.1</ele><time>2023-08-29T09:16:55Z</time></trkpt><trkpt lat="58.029302" lon="39.085772"><ele>89.9</ele><time>2023-08-29T09:16:57Z</time></trkpt><trkpt lat="58.029217" lon="39.08582"><ele>89.4</ele><time>2023-08-29T09:16:59Z</time></trkpt><trkpt lat="58.029138" lon="39.085885"><ele>90.0</ele><time>2023-08-29T09:17:01Z</time></trkpt><trkpt lat="58.029113" lon="39.086025"><ele>88.6</ele><time>2023-08-29T09:17:03Z</time></trkpt><trkpt lat="58.029115" lon="39.086173"><ele>87.7</ele><time>2023-08-29T09:17:05Z</time></trkpt><trkpt lat="58.029118" lon="39.086327"><ele>87.9</ele><time>2023-08-29T09:17:07Z</time></trkpt><trkpt lat="58.029137" lon="39.086502"><ele>88.1</ele><time>2023-08-29T09:17:09Z</time></trkpt><trkpt lat="58.02913" lon="39.086675"><ele>88.6</ele><time>2023-08-29T09:17:11Z</time></trkpt><trkpt lat="58.029153" lon="39.086868"><ele>89.2</ele><time>2023-08-29T09:17:13Z</time></trkpt><trkpt lat="58.02916" lon="39.087045"><ele>89.8</ele><time>2023-08-29T09:17:15Z</time></trkpt><trkpt lat="58.02919" lon="39.087245"><ele>90.4</ele><time>2023-08-29T09:17:17Z</time></trkpt><trkpt lat="58.029202" lon="39.087458"><ele>90.7</ele><time>2023-08-29T09:17:19Z</time></trkpt><trkpt lat="58.029212" lon="39.087642"><ele>91.2</ele><time>2023-08-29T09:17:21Z</time></trkpt><trkpt lat="58.0292" lon="39.087825"><ele>91.5</ele><time>2023-08-29T09:17:23Z</time></trkpt><trkpt lat="58.029185" lon="39.08801"><ele>91.3</ele><time>2023-08-29T09:17:25Z</time></trkpt><trkpt lat="58.029222" lon="39.088207"><ele>91.9</ele><time>2023-08-29T09:17:27Z</time></trkpt><trkpt lat="58.029257" lon="39.08837"><ele>90.9</ele><time>2023-08-29T09:17:29Z</time></trkpt><trkpt lat="58.029298" lon="39.088528"><ele>91.6</ele><time>2023-08-29T09:17:31Z</time></trkpt><trkpt lat="58.029315" lon="39.088708"><ele>91.5</ele><time>2023-08-29T09:17:33Z</time></trkpt><trkpt lat="58.02932" lon="39.088887"><ele>92.5</ele><time>2023-08-29T09:17:35Z</time></trkpt><trkpt lat="58.029157" lon="39.088947"><ele>93.4</ele><time>2023-08-29T09:17:37Z</time></trkpt><trkpt lat="58.029047" lon="39.088967"><ele>94.2</ele><time>2023-08-29T09:17:39Z</time></trkpt><trkpt lat="58.028965" lon="39.088992"><ele>91.4</ele><time>2023-08-29T09:17:43Z</time></trkpt><trkpt lat="58.028883" lon="39.088932"><ele>91.1</ele><time>2023-08-29T09:18:16Z</time></trkpt><trkpt lat="58.02879" lon="39.08892"><ele>92.1</ele><time>2023-08-29T09:18:20Z</time></trkpt><trkpt lat="58.028848" lon="39.089027"><ele>92.6</ele><time>2023-08-29T09:18:30Z</time></trkpt><trkpt lat="58.028882" lon="39.088893"><ele>92.6</ele><time>2023-08-29T09:20:26Z</time></trkpt><trkpt lat="58.028842" lon="39.088775"><ele>90.5</ele><time>2023-08-29T09:20:54Z</time></trkpt><trkpt lat="58.028853" lon="39.08864"><ele>91.3</ele><time>2023-08-29T09:20:58Z</time></trkpt><trkpt lat="58.028847" lon="39.0885"><ele>91.5</ele><time>2023-08-29T09:21:01Z</time></trkpt><trkpt lat="58.028828" lon="39.088327"><ele>90.3</ele><time>2023-08-29T09:21:05Z</time></trkpt><trkpt lat="58.0288" lon="39.088155"><ele>90.4</ele><time>2023-08-29T09:21:09Z</time></trkpt><trkpt lat="58.028785" lon="39.08802"><ele>90.5</ele><time>2023-08-29T09:21:12Z</time></trkpt><trkpt lat="58.02877" lon="39.087865"><ele>91.7</ele><time>2023-08-29T09:21:16Z</time></trkpt><trkpt lat="58.028722" lon="39.08773"><ele>91.8</ele><time>2023-08-29T09:21:20Z</time></trkpt><trkpt lat="58.028658" lon="39.087648"><ele>92.6</ele><time>2023-08-29T09:21:23Z</time></trkpt><trkpt lat="58.028602" lon="39.08756"><ele>92.8</ele><time>2023-08-29T09:21:26Z</time></trkpt><trkpt lat="58.028575" lon="39.087428"><ele>92.1</ele><time>2023-08-29T09:21:30Z</time></trkpt><trkpt lat="58.02857" lon="39.087282"><ele>92.4</ele><time>2023-08-29T09:21:34Z</time></trkpt><trkpt lat="58.02858" lon="39.087098"><ele>91.9</ele><time>2023-08-29T09:21:38Z</time></trkpt><trkpt lat="58.02858" lon="39.086917"><ele>92.2</ele><time>2023-08-29T09:21:42Z</time></trkpt><trkpt lat="58.028593" lon="39.08678"><ele>92.3</ele><time>2023-08-29T09:21:45Z</time></trkpt><trkpt lat="58.028603" lon="39.086638"><ele>91.8</ele><time>2023-08-29T09:21:48Z</time></trkpt><trkpt lat="58.028567" lon="39.086518"><ele>91.3</ele><time>2023-08-29T09:21:51Z</time></trkpt><trkpt lat="58.028527" lon="39.086373"><ele>92.4</ele><time>2023-08-29T09:21:55Z</time></trkpt><trkpt lat="58.028547" lon="39.086555"><ele>91.6</ele><time>2023-08-29T09:22:17Z</time></trkpt><trkpt lat="58.028585" lon="39.086737"><ele>90.9</ele><time>2023-08-29T09:22:20Z</time></trkpt><trkpt lat="58.028577" lon="39.08694"><ele>91.0</ele><time>2023-08-29T09:22:23Z</time></trkpt><trkpt lat="58.02856" lon="39.08708"><ele>91.0</ele><time>2023-08-29T09:22:25Z</time></trkpt><trkpt lat="58.028563" lon="39.087252"><ele>90.2</ele><time>2023-08-29T09:22:28Z</time></trkpt><trkpt lat="58.028578" lon="39.087423"><ele>89.3</ele><time>2023-08-29T09:22:32Z</time></trkpt><trkpt lat="58.028605" lon="39.08759"><ele>88.3</ele><time>2023-08-29T09:22:36Z</time></trkpt><trkpt lat="58.028657" lon="39.0877"><ele>87.5</ele><time>2023-08-29T09:22:40Z</time></trkpt><trkpt lat="58.028722" lon="39.08778"><ele>87.5</ele><time>2023-08-29T09:22:44Z</time></trkpt><trkpt lat="58.028773" lon="39.087892"><ele>88.0</ele><time>2023-08-29T09:22:48Z</time></trkpt><trkpt lat="58.028787" lon="39.088045"><ele>88.1</ele><time>2023-08-29T09:22:53Z</time></trkpt><trkpt lat="58.028798" lon="39.088212"><ele>88.8</ele><time>2023-08-29T09:22:58Z</time></trkpt><trkpt lat="58.028822" lon="39.088393"><ele>88.2</ele><time>2023-08-29T09:23:02Z</time></trkpt><trkpt lat="58.028842" lon="39.088547"><ele>87.8</ele><time>2023-08-29T09:23:05Z</time></trkpt><trkpt lat="58.028855" lon="39.088687"><ele>87.3</ele><time>2023-08-29T09:23:08Z</time></trkpt><trkpt lat="58.028862" lon="39.088843"><ele>87.5</ele><time>2023-08-29T09:23:11Z</time></trkpt><trkpt lat="58.028867" lon="39.088983"><ele>88.5</ele><time>2023-08-29T09:23:14Z</time></trkpt><trkpt lat="58.02887" lon="39.089123"><ele>87.8</ele><time>2023-08-29T09:23:17Z</time></trkpt><trkpt lat="58.02889" lon="39.08929"><ele>88.8</ele><time>2023-08-29T09:23:20Z</time></trkpt><trkpt lat="58.028927" lon="39.089472"><ele>90.1</ele><time>2023-08-29T09:23:23Z</time></trkpt><trkpt lat="58.028947" lon="39.089603"><ele>90.0</ele><time>2023-08-29T09:23:25Z</time></trkpt><trkpt lat="58.02896" lon="39.089737"><ele>90.4</ele><time>2023-08-29T09:23:27Z</time></trkpt><trkpt lat="58.02897" lon="39.089883"><ele>90.7</ele><time>2023-08-29T09:23:29Z</time></trkpt><trkpt lat="58.02898" lon="39.090042"><ele>89.7</ele><time>2023-08-29T09:23:31Z</time></trkpt><trkpt lat="58.028983" lon="39.090207"><ele>89.4</ele><time>2023-08-29T09:23:33Z</time></trkpt><trkpt lat="58.028985" lon="39.090348"><ele>89.2</ele><time>2023-08-29T09:23:35Z</time></trkpt><trkpt lat="58.028993" lon="39.090508"><ele>88.8</ele><time>2023-08-29T09:23:37Z</time></trkpt><trkpt lat="58.02901" lon="39.090673"><ele>89.3</ele><time>2023-08-29T09:23:39Z</time></trkpt><trkpt lat="58.029023" lon="39.090813"><ele>89.5</ele><time>2023-08-29T09:23:41Z</time></trkpt><trkpt lat="58.02903" lon="39.090952"><ele>89.6</ele><time>2023-08-29T09:23:43Z</time></trkpt><trkpt lat="58.029028" lon="39.091103"><ele>90.1</ele><time>2023-08-29T09:23:45Z</time></trkpt><trkpt lat="58.029032" lon="39.091252"><ele>90.4</ele><time>2023-08-29T09:23:48Z</time></trkpt><trkpt lat="58.029023" lon="39.091395"><ele>87.9</ele><time>2023-08-29T09:23:57Z</time></trkpt><trkpt lat="58.028948" lon="39.091445"><ele>86.9</ele><time>2023-08-29T09:24:01Z</time></trkpt><trkpt lat="58.028873" lon="39.091465"><ele>87.2</ele><time>2023-08-29T09:24:04Z</time></trkpt><trkpt lat="58.028943" lon="39.091432"><ele>85.5</ele><time>2023-08-29T09:24:20Z</time></trkpt><trkpt lat="58.029028" lon="39.091408"><ele>84.8</ele><time>2023-08-29T09:24:25Z</time></trkpt><trkpt lat="58.029033" lon="39.091597"><ele>89.2</ele><time>2023-08-29T09:25:19Z</time></trkpt><trkpt lat="58.028958" lon="39.091612"><ele>86.8</ele><time>2023-08-29T09:25:36Z</time></trkpt><trkpt lat="58.028882" lon="39.091702"><ele>84.6</ele><time>2023-08-29T09:25:40Z</time></trkpt><trkpt lat="58.028923" lon="39.091818"><ele>86.0</ele><time>2023-08-29T09:25:44Z</time></trkpt><trkpt lat="58.029003" lon="39.091827"><ele>87.5</ele><time>2023-08-29T09:25:48Z</time></trkpt><trkpt lat="58.029058" lon="39.091728"><ele>87.2</ele><time>2023-08-29T09:25:51Z</time></trkpt><trkpt lat="58.02909" lon="39.091605"><ele>86.8</ele><time>2023-08-29T09:25:53Z</time></trkpt><trkpt lat="58.029143" lon="39.091467"><ele>87.1</ele><time>2023-08-29T09:25:55Z</time></trkpt><trkpt lat="58.029213" lon="39.091358"><ele>87.3</ele><time>2023-08-29T09:25:57Z</time></trkpt><trkpt lat="58.029283" lon="39.091308"><ele>88.1</ele><time>2023-08-29T09:25:59Z</time></trkpt><trkpt lat="58.029358" lon="39.091253"><ele>88.4</ele><time>2023-08-29T09:26:02Z</time></trkpt><trkpt lat="58.029427" lon="39.09121"><ele>88.1</ele><time>2023-08-29T09:26:05Z</time></trkpt><trkpt lat="58.029522" lon="39.091218"><ele>88.3</ele><time>2023-08-29T09:26:08Z</time></trkpt><trkpt lat="58.02961" lon="39.091188"><ele>88.2</ele><time>2023-08-29T09:26:11Z</time></trkpt><trkpt lat="58.029687" lon="39.091172"><ele>88.4</ele><time>2023-08-29T09:26:13Z</time></trkpt><trkpt lat="58.029782" lon="39.091175"><ele>90.3</ele><time>2023-08-29T09:26:16Z</time></trkpt><trkpt lat="58.029858" lon="39.091198"><ele>89.6</ele><time>2023-08-29T09:26:20Z</time></trkpt><trkpt lat="58.029935" lon="39.091243"><ele>89.2</ele><time>2023-08-29T09:26:23Z</time></trkpt><trkpt lat="58.030013" lon="39.091237"><ele>89.4</ele><time>2023-08-29T09:26:26Z</time></trkpt><trkpt lat="58.030088" lon="39.091167"><ele>90.6</ele><time>2023-08-29T09:26:30Z</time></trkpt><trkpt lat="58.030152" lon="39.091072"><ele>91.8</ele><time>2023-08-29T09:26:33Z</time></trkpt><trkpt lat="58.030227" lon="39.091003"><ele>89.7</ele><time>2023-08-29T09:26:37Z</time></trkpt><trkpt lat="58.030297" lon="39.090965"><ele>88.4</ele><time>2023-08-29T09:26:43Z</time></trkpt><trkpt lat="58.030323" lon="39.090838"><ele>96.7</ele><time>2023-08-29T09:27:04Z</time></trkpt><trkpt lat="58.030373" lon="39.090723"><ele>96.5</ele><time>2023-08-29T09:27:08Z</time></trkpt><trkpt lat="58.030432" lon="39.090637"><ele>96.5</ele><time>2023-08-29T09:27:10Z</time></trkpt><trkpt lat="58.030493" lon="39.090555"><ele>94.8</ele><time>2023-08-29T09:27:12Z</time></trkpt><trkpt lat="58.030562" lon="39.09051"><ele>96.3</ele><time>2023-08-29T09:27:14Z</time></trkpt><trkpt lat="58.030642" lon="39.090477"><ele>95.0</ele><time>2023-08-29T09:27:17Z</time></trkpt><trkpt lat="58.030552" lon="39.090483"><ele>93.3</ele><time>2023-08-29T09:28:21Z</time></trkpt><trkpt lat="58.03045" lon="39.090563"><ele>92.2</ele><time>2023-08-29T09:28:24Z</time></trkpt><trkpt lat="58.03037" lon="39.090658"><ele>92.6</ele><time>2023-08-29T09:28:27Z</time></trkpt><trkpt lat="58.030317" lon="39.090777"><ele>92.7</ele><time>2023-08-29T09:28:29Z</time></trkpt><trkpt lat="58.03033" lon="39.090935"><ele>93.7</ele><time>2023-08-29T09:28:33Z</time></trkpt><trkpt lat="58.030372" lon="39.091057"><ele>93.8</ele><time>2023-08-29T09:28:36Z</time></trkpt><trkpt lat="58.030413" lon="39.091185"><ele>94.3</ele><time>2023-08-29T09:28:40Z</time></trkpt><trkpt lat="58.030423" lon="39.091323"><ele>94.0</ele><time>2023-08-29T09:28:46Z</time></trkpt><trkpt lat="58.030507" lon="39.09139"><ele>94.0</ele><time>2023-08-29T09:28:52Z</time></trkpt><trkpt lat="58.030432" lon="39.091397"><ele>90.4</ele><time>2023-08-29T09:29:51Z</time></trkpt><trkpt lat="58.030432" lon="39.091248"><ele>91.7</ele><time>2023-08-29T09:29:56Z</time></trkpt><trkpt lat="58.030435" lon="39.0911"><ele>93.0</ele><time>2023-08-29T09:29:58Z</time></trkpt><trkpt lat="58.030415" lon="39.090962"><ele>91.9</ele><time>2023-08-29T09:30:01Z</time></trkpt><trkpt lat="58.030368" lon="39.090842"><ele>93.5</ele><time>2023-08-29T09:30:06Z</time></trkpt><trkpt lat="58.030428" lon="39.090703"><ele>96.2</ele><time>2023-08-29T09:30:11Z</time></trkpt><trkpt lat="58.030512" lon="39.090583"><ele>94.9</ele><time>2023-08-29T09:30:14Z</time></trkpt><trkpt lat="58.030603" lon="39.09053"><ele>94.4</ele><time>2023-08-29T09:30:17Z</time></trkpt><trkpt lat="58.030687" lon="39.090502"><ele>96.0</ele><time>2023-08-29T09:30:20Z</time></trkpt><trkpt lat="58.03077" lon="39.090433"><ele>96.1</ele><time>2023-08-29T09:30:23Z</time></trkpt><trkpt lat="58.030853" lon="39.090465"><ele>92.4</ele><time>2023-08-29T09:30:26Z</time></trkpt><trkpt lat="58.03092" lon="39.090593"><ele>92.5</ele><time>2023-08-29T09:30:29Z</time></trkpt><trkpt lat="58.030978" lon="39.090688"><ele>93.6</ele><time>2023-08-29T09:30:32Z</time></trkpt><trkpt lat="58.031055" lon="39.090775"><ele>92.8</ele><time>2023-08-29T09:30:36Z</time></trkpt><trkpt lat="58.031157" lon="39.090845"><ele>94.1</ele><time>2023-08-29T09:30:39Z</time></trkpt><trkpt lat="58.031228" lon="39.090932"><ele>94.0</ele><time>2023-08-29T09:30:41Z</time></trkpt><trkpt lat="58.031295" lon="39.09103"><ele>95.5</ele><time>2023-08-29T09:30:43Z</time></trkpt><trkpt lat="58.031377" lon="39.09111"><ele>94.4</ele><time>2023-08-29T09:30:46Z</time></trkpt><trkpt lat="58.031463" lon="39.091025"><ele>94.3</ele><time>2023-08-29T09:30:50Z</time></trkpt><trkpt lat="58.03152" lon="39.09092"><ele>92.4</ele><time>2023-08-29T09:30:52Z</time></trkpt><trkpt lat="58.031625" lon="39.090855"><ele>90.3</ele><time>2023-08-29T09:30:54Z</time></trkpt><trkpt lat="58.031707" lon="39.090805"><ele>91.3</ele><time>2023-08-29T09:30:56Z</time></trkpt><trkpt lat="58.03178" lon="39.090745"><ele>91.2</ele><time>2023-08-29T09:30:59Z</time></trkpt><trkpt lat="58.031725" lon="39.09064"><ele>89.2</ele><time>2023-08-29T09:31:02Z</time></trkpt><trkpt lat="58.031653" lon="39.090523"><ele>89.7</ele><time>2023-08-29T09:31:05Z</time></trkpt><trkpt lat="58.031595" lon="39.09043"><ele>87.8</ele><time>2023-08-29T09:31:08Z</time></trkpt><trkpt lat="58.031528" lon="39.09037"><ele>88.0</ele><time>2023-08-29T09:31:10Z</time></trkpt><trkpt lat="58.031455" lon="39.09028"><ele>88.0</ele><time>2023-08-29T09:31:12Z</time></trkpt><trkpt lat="58.031405" lon="39.090152"><ele>88.5</ele><time>2023-08-29T09:31:14Z</time></trkpt><trkpt lat="58.03138" lon="39.089972"><ele>88.9</ele><time>2023-08-29T09:31:16Z</time></trkpt><trkpt lat="58.031363" lon="39.08976"><ele>91.0</ele><time>2023-08-29T09:31:18Z</time></trkpt><trkpt lat="58.031305" lon="39.089578"><ele>92.6</ele><time>2023-08-29T09:31:20Z</time></trkpt><trkpt lat="58.031265" lon="39.089385"><ele>90.6</ele><time>2023-08-29T09:31:22Z</time></trkpt><trkpt lat="58.031253" lon="39.089183"><ele>89.4</ele><time>2023-08-29T09:31:24Z</time></trkpt><trkpt lat="58.031215" lon="39.089005"><ele>89.5</ele><time>2023-08-29T09:31:26Z</time></trkpt><trkpt lat="58.031205" lon="39.088863"><ele>90.2</ele><time>2023-08-29T09:31:28Z</time></trkpt><trkpt lat="58.031208" lon="39.088703"><ele>89.3</ele><time>2023-08-29T09:31:30Z</time></trkpt><trkpt lat="58.031198" lon="39.088533"><ele>88.0</ele><time>2023-08-29T09:31:32Z</time></trkpt><trkpt lat="58.03118" lon="39.088382"><ele>88.2</ele><time>2023-08-29T09:31:34Z</time></trkpt><trkpt lat="58.031177" lon="39.088233"><ele>88.1</ele><time>2023-08-29T09:31:36Z</time></trkpt><trkpt lat="58.03118" lon="39.088083"><ele>89.1</ele><time>2023-08-29T09:31:38Z</time></trkpt><trkpt lat="58.03114" lon="39.087927"><ele>89.8</ele><time>2023-08-29T09:31:40Z</time></trkpt><trkpt lat="58.031068" lon="39.087762"><ele>91.4</ele><time>2023-08-29T09:31:42Z</time></trkpt><trkpt lat="58.031008" lon="39.08761"><ele>88.5</ele><time>2023-08-29T09:31:44Z</time></trkpt><trkpt lat="58.030977" lon="39.087477"><ele>88.8</ele><time>2023-08-29T09:31:46Z</time></trkpt><trkpt lat="58.030943" lon="39.087285"><ele>89.9</ele><time>2023-08-29T09:31:49Z</time></trkpt><trkpt lat="58.030897" lon="39.087137"><ele>90.4</ele><time>2023-08-29T09:31:52Z</time></trkpt><trkpt lat="58.030873" lon="39.086982"><ele>90.6</ele><time>2023-08-29T09:31:55Z</time></trkpt><trkpt lat="58.030843" lon="39.086823"><ele>90.6</ele><time>2023-08-29T09:31:58Z</time></trkpt><trkpt lat="58.030852" lon="39.086638"><ele>89.2</ele><time>2023-08-29T09:32:01Z</time></trkpt><trkpt lat="58.030847" lon="39.086482"><ele>89.8</ele><time>2023-08-29T09:32:04Z</time></trkpt><trkpt lat="58.030795" lon="39.086308"><ele>90.6</ele><time>2023-08-29T09:32:07Z</time></trkpt><trkpt lat="58.030785" lon="39.086165"><ele>89.8</ele><time>2023-08-29T09:32:10Z</time></trkpt><trkpt lat="58.03079" lon="39.085995"><ele>90.4</ele><time>2023-08-29T09:32:13Z</time></trkpt><trkpt lat="58.030773" lon="39.085815"><ele>89.5</ele><time>2023-08-29T09:32:16Z</time></trkpt><trkpt lat="58.030765" lon="39.085618"><ele>90.6</ele><time>2023-08-29T09:32:19Z</time></trkpt><trkpt lat="58.030748" lon="39.085438"><ele>89.1</ele><time>2023-08-29T09:32:22Z</time></trkpt><trkpt lat="58.030722" lon="39.085293"><ele>90.3</ele><time>2023-08-29T09:32:25Z</time></trkpt><trkpt lat="58.030632" lon="39.085307"><ele>90.2</ele><time>2023-08-29T09:32:30Z</time></trkpt><trkpt lat="58.030555" lon="39.085345"><ele>89.7</ele><time>2023-08-29T09:32:33Z</time></trkpt><trkpt lat="58.030465" lon="39.085347"><ele>89.2</ele><time>2023-08-29T09:32:36Z</time></trkpt><trkpt lat="58.030365" lon="39.085363"><ele>89.2</ele><time>2023-08-29T09:32:39Z</time></trkpt><trkpt lat="58.030252" lon="39.085378"><ele>89.2</ele><time>2023-08-29T09:32:42Z</time></trkpt><trkpt lat="58.030177" lon="39.085388"><ele>89.0</ele><time>2023-08-29T09:32:44Z</time></trkpt><trkpt lat="58.030085" lon="39.085422"><ele>86.9</ele><time>2023-08-29T09:32:47Z</time></trkpt><trkpt lat="58.029998" lon="39.085448"><ele>86.4</ele><time>2023-08-29T09:32:50Z</time></trkpt><trkpt lat="58.029927" lon="39.085472"><ele>86.1</ele><time>2023-08-29T09:32:53Z</time></trkpt><trkpt lat="58.029853" lon="39.085517"><ele>86.5</ele><time>2023-08-29T09:32:56Z</time></trkpt><trkpt lat="58.029773" lon="39.085608"><ele>87.1</ele><time>2023-08-29T09:32:59Z</time></trkpt><trkpt lat="58.0297" lon="39.085765"><ele>88.1</ele><time>2023-08-29T09:33:02Z</time></trkpt><trkpt lat="58.02966" lon="39.085903"><ele>88.8</ele><time>2023-08-29T09:33:04Z</time></trkpt><trkpt lat="58.029633" lon="39.086057"><ele>88.2</ele><time>2023-08-29T09:33:06Z</time></trkpt><trkpt lat="58.02964" lon="39.086198"><ele>88.8</ele><time>2023-08-29T09:33:08Z</time></trkpt><trkpt lat="58.029685" lon="39.08634"><ele>89.5</ele><time>2023-08-29T09:33:10Z</time></trkpt><trkpt lat="58.029735" lon="39.086462"><ele>89.0</ele><time>2023-08-29T09:33:12Z</time></trkpt><trkpt lat="58.029772" lon="39.08659"><ele>89.6</ele><time>2023-08-29T09:33:14Z</time></trkpt><trkpt lat="58.029787" lon="39.086723"><ele>91.1</ele><time>2023-08-29T09:33:16Z</time></trkpt><trkpt lat="58.029803" lon="39.08689"><ele>91.9</ele><time>2023-08-29T09:33:19Z</time></trkpt><trkpt lat="58.02984" lon="39.087015"><ele>92.1</ele><time>2023-08-29T09:33:24Z</time></trkpt><trkpt lat="58.02988" lon="39.087142"><ele>92.4</ele><time>2023-08-29T09:33:28Z</time></trkpt><trkpt lat="58.029913" lon="39.087293"><ele>95.1</ele><time>2023-08-29T09:33:32Z</time></trkpt><trkpt lat="58.029932" lon="39.087443"><ele>93.9</ele><time>2023-08-29T09:33:36Z</time></trkpt><trkpt lat="58.029935" lon="39.087605"><ele>95.8</ele><time>2023-08-29T09:33:39Z</time></trkpt><trkpt lat="58.029927" lon="39.087787"><ele>95.6</ele><time>2023-08-29T09:33:42Z</time></trkpt><trkpt lat="58.029932" lon="39.087998"><ele>95.6</ele><time>2023-08-29T09:33:45Z</time></trkpt><trkpt lat="58.029953" lon="39.088133"><ele>95.5</ele><time>2023-08-29T09:33:47Z</time></trkpt><trkpt lat="58.029992" lon="39.088248"><ele>94.9</ele><time>2023-08-29T09:33:49Z</time></trkpt><trkpt lat="58.030015" lon="39.088398"><ele>95.4</ele><time>2023-08-29T09:33:52Z</time></trkpt><trkpt lat="58.029942" lon="39.088498"><ele>95.0</ele><time>2023-08-29T09:33:55Z</time></trkpt><trkpt lat="58.029848" lon="39.08852"><ele>94.7</ele><time>2023-08-29T09:33:57Z</time></trkpt><trkpt lat="58.029747" lon="39.088518"><ele>93.1</ele><time>2023-08-29T09:33:59Z</time></trkpt><trkpt lat="58.02963" lon="39.088462"><ele>91.5</ele><time>2023-08-29T09:34:01Z</time></trkpt><trkpt lat="58.029505" lon="39.088455"><ele>91.6</ele><time>2023-08-29T09:34:03Z</time></trkpt><trkpt lat="58.029427" lon="39.088418"><ele>90.9</ele><time>2023-08-29T09:34:05Z</time></trkpt><trkpt lat="58.029347" lon="39.088435"><ele>92.1</ele><time>2023-08-29T09:34:08Z</time></trkpt><trkpt lat="58.029277" lon="39.088493"><ele>93.3</ele><time>2023-08-29T09:34:11Z</time></trkpt><trkpt lat="58.029237" lon="39.08838"><ele>92.9</ele><time>2023-08-29T09:34:24Z</time></trkpt><trkpt lat="58.029195" lon="39.08818"><ele>93.0</ele><time>2023-08-29T09:34:27Z</time></trkpt><trkpt lat="58.029172" lon="39.088005"><ele>91.6</ele><time>2023-08-29T09:34:29Z</time></trkpt><trkpt lat="58.02918" lon="39.087782"><ele>92.8</ele><time>2023-08-29T09:34:31Z</time></trkpt><trkpt lat="58.029192" lon="39.087597"><ele>91.8</ele><time>2023-08-29T09:34:33Z</time></trkpt><trkpt lat="58.029185" lon="39.08742"><ele>92.1</ele><time>2023-08-29T09:34:35Z</time></trkpt><trkpt lat="58.029175" lon="39.087262"><ele>92.8</ele><time>2023-08-29T09:34:37Z</time></trkpt><trkpt lat="58.029168" lon="39.087097"><ele>91.4</ele><time>2023-08-29T09:34:39Z</time></trkpt><trkpt lat="58.029165" lon="39.086933"><ele>92.1</ele><time>2023-08-29T09:34:41Z</time></trkpt><trkpt lat="58.029143" lon="39.086772"><ele>93.0</ele><time>2023-08-29T09:34:43Z</time></trkpt><trkpt lat="58.029127" lon="39.086613"><ele>92.6</ele><time>2023-08-29T09:34:45Z</time></trkpt><trkpt lat="58.029102" lon="39.08645"><ele>92.9</ele><time>2023-08-29T09:34:47Z</time></trkpt><trkpt lat="58.029083" lon="39.086288"><ele>92.9</ele><time>2023-08-29T09:34:49Z</time></trkpt><trkpt lat="58.029075" lon="39.086135"><ele>92.3</ele><time>2023-08-29T09:34:51Z</time></trkpt><trkpt lat="58.02907" lon="39.085983"><ele>93.1</ele><time>2023-08-29T09:34:53Z</time></trkpt><trkpt lat="58.029092" lon="39.085843"><ele>91.3</ele><time>2023-08-29T09:34:55Z</time></trkpt><trkpt lat="58.029098" lon="39.085703"><ele>92.7</ele><time>2023-08-29T09:34:57Z</time></trkpt><trkpt lat="58.029043" lon="39.085533"><ele>91.8</ele><time>2023-08-29T09:35:00Z</time></trkpt><trkpt lat="58.029007" lon="39.0854"><ele>92.6</ele><time>2023-08-29T09:35:02Z</time></trkpt><trkpt lat="58.028953" lon="39.085293"><ele>92.8</ele><time>2023-08-29T09:35:04Z</time></trkpt><trkpt lat="58.028872" lon="39.085275"><ele>91.8</ele><time>2023-08-29T09:35:06Z</time></trkpt><trkpt lat="58.028783" lon="39.085323"><ele>91.6</ele><time>2023-08-29T09:35:08Z</time></trkpt><trkpt lat="58.028703" lon="39.085387"><ele>91.3</ele><time>2023-08-29T09:35:10Z</time></trkpt><trkpt lat="58.028612" lon="39.085462"><ele>91.4</ele><time>2023-08-29T09:35:12Z</time></trkpt><trkpt lat="58.028533" lon="39.085508"><ele>91.1</ele><time>2023-08-29T09:35:14Z</time></trkpt><trkpt lat="58.028462" lon="39.08554"><ele>91.1</ele><time>2023-08-29T09:35:16Z</time></trkpt><trkpt lat="58.028402" lon="39.085657"><ele>89.6</ele><time>2023-08-29T09:35:19Z</time></trkpt><trkpt lat="58.028405" lon="39.085797"><ele>90.1</ele><time>2023-08-29T09:35:21Z</time></trkpt><trkpt lat="58.028428" lon="39.085945"><ele>88.6</ele><time>2023-08-29T09:35:23Z</time></trkpt><trkpt lat="58.028462" lon="39.086137"><ele>88.2</ele><time>2023-08-29T09:35:26Z</time></trkpt><trkpt lat="58.028502" lon="39.086277"><ele>88.8</ele><time>2023-08-29T09:35:28Z</time></trkpt><trkpt lat="58.02855" lon="39.086393"><ele>88.8</ele><time>2023-08-29T09:35:30Z</time></trkpt><trkpt lat="58.028595" lon="39.08654"><ele>87.2</ele><time>2023-08-29T09:35:33Z</time></trkpt><trkpt lat="58.028602" lon="39.086737"><ele>86.8</ele><time>2023-08-29T09:35:36Z</time></trkpt><trkpt lat="58.028582" lon="39.086882"><ele>86.5</ele><time>2023-08-29T09:35:38Z</time></trkpt><trkpt lat="58.028585" lon="39.08703"><ele>85.4</ele><time>2023-08-29T09:35:39Z</time></trkpt><trkpt lat="58.028597" lon="39.087202"><ele>83.5</ele><time>2023-08-29T09:35:42Z</time></trkpt><trkpt lat="58.02862" lon="39.087363"><ele>81.7</ele><time>2023-08-29T09:35:45Z</time></trkpt><trkpt lat="58.028637" lon="39.08751"><ele>81.9</ele><time>2023-08-29T09:35:48Z</time></trkpt><trkpt lat="58.028695" lon="39.087667"><ele>82.8</ele><time>2023-08-29T09:35:51Z</time></trkpt><trkpt lat="58.028762" lon="39.087787"><ele>83.6</ele><time>2023-08-29T09:35:54Z</time></trkpt><trkpt lat="58.028795" lon="39.087975"><ele>84.8</ele><time>2023-08-29T09:35:57Z</time></trkpt><trkpt lat="58.028812" lon="39.088172"><ele>86.7</ele><time>2023-08-29T09:35:59Z</time></trkpt><trkpt lat="58.028837" lon="39.088387"><ele>87.7</ele><time>2023-08-29T09:36:01Z</time></trkpt><trkpt lat="58.028867" lon="39.088577"><ele>86.9</ele><time>2023-08-29T09:36:03Z</time></trkpt><trkpt lat="58.028887" lon="39.088743"><ele>87.1</ele><time>2023-08-29T09:36:06Z</time></trkpt><trkpt lat="58.028895" lon="39.08889"><ele>86.9</ele><time>2023-08-29T09:36:10Z</time></trkpt><trkpt lat="58.028905" lon="39.089028"><ele>87.7</ele><time>2023-08-29T09:36:12Z</time></trkpt><trkpt lat="58.02891" lon="39.089208"><ele>87.5</ele><time>2023-08-29T09:36:15Z</time></trkpt><trkpt lat="58.028917" lon="39.08939"><ele>87.8</ele><time>2023-08-29T09:36:18Z</time></trkpt><trkpt lat="58.028912" lon="39.08956"><ele>87.2</ele><time>2023-08-29T09:36:21Z</time></trkpt><trkpt lat="58.028938" lon="39.089742"><ele>86.9</ele><time>2023-08-29T09:36:23Z</time></trkpt><trkpt lat="58.028942" lon="39.089937"><ele>86.9</ele><time>2023-08-29T09:36:25Z</time></trkpt><trkpt lat="58.028967" lon="39.09012"><ele>87.9</ele><time>2023-08-29T09:36:27Z</time></trkpt><trkpt lat="58.028978" lon="39.090262"><ele>88.2</ele><time>2023-08-29T09:36:29Z</time></trkpt><trkpt lat="58.028982" lon="39.090422"><ele>88.1</ele><time>2023-08-29T09:36:31Z</time></trkpt><trkpt lat="58.028985" lon="39.090585"><ele>88.5</ele><time>2023-08-29T09:36:33Z</time></trkpt><trkpt lat="58.028988" lon="39.090722"><ele>88.9</ele><time>2023-08-29T09:36:35Z</time></trkpt><trkpt lat="58.028995" lon="39.090908"><ele>89.7</ele><time>2023-08-29T09:36:38Z</time></trkpt><trkpt lat="58.028998" lon="39.09109"><ele>89.3</ele><time>2023-08-29T09:36:41Z</time></trkpt><trkpt lat="58.029022" lon="39.091267"><ele>87.9</ele><time>2023-08-29T09:36:44Z</time></trkpt><trkpt lat="58.029022" lon="39.09144"><ele>87.9</ele><time>2023-08-29T09:36:47Z</time></trkpt><trkpt lat="58.028928" lon="39.091508"><ele>87.6</ele><time>2023-08-29T09:36:50Z</time></trkpt><trkpt lat="58.028897" lon="39.091638"><ele>86.6</ele><time>2023-08-29T09:36:54Z</time></trkpt><trkpt lat="58.028963" lon="39.091733"><ele>87.6</ele><time>2023-08-29T09:36:57Z</time></trkpt><trkpt lat="58.029038" lon="39.091767"><ele>88.9</ele><time>2023-08-29T09:37:01Z</time></trkpt><trkpt lat="58.029092" lon="39.091645"><ele>89.5</ele><time>2023-08-29T09:37:04Z</time></trkpt><trkpt lat="58.029132" lon="39.09152"><ele>88.0</ele><time>2023-08-29T09:37:06Z</time></trkpt><trkpt lat="58.029193" lon="39.091395"><ele>88.0</ele><time>2023-08-29T09:37:08Z</time></trkpt><trkpt lat="58.029255" lon="39.0913"><ele>88.2</ele><time>2023-08-29T09:37:10Z</time></trkpt><trkpt lat="58.029322" lon="39.09124"><ele>88.3</ele><time>2023-08-29T09:37:12Z</time></trkpt><trkpt lat="58.029412" lon="39.091225"><ele>89.5</ele><time>2023-08-29T09:37:15Z</time></trkpt><trkpt lat="58.029513" lon="39.091242"><ele>90.1</ele><time>2023-08-29T09:37:18Z</time></trkpt><trkpt lat="58.029617" lon="39.091227"><ele>91.2</ele><time>2023-08-29T09:37:21Z</time></trkpt><trkpt lat="58.029722" lon="39.091212"><ele>91.6</ele><time>2023-08-29T09:37:24Z</time></trkpt><trkpt lat="58.029798" lon="39.09122"><ele>93.1</ele><time>2023-08-29T09:37:27Z</time></trkpt><trkpt lat="58.029878" lon="39.091255"><ele>92.2</ele><time>2023-08-29T09:37:31Z</time></trkpt><trkpt lat="58.029968" lon="39.091255"><ele>91.5</ele><time>2023-08-29T09:37:34Z</time></trkpt><trkpt lat="58.030045" lon="39.091185"><ele>92.2</ele><time>2023-08-29T09:37:36Z</time></trkpt><trkpt lat="58.030125" lon="39.091053"><ele>92.8</ele><time>2023-08-29T09:37:39Z</time></trkpt><trkpt lat="58.030187" lon="39.09096"><ele>92.8</ele><time>2023-08-29T09:37:41Z</time></trkpt><trkpt lat="58.03026" lon="39.090878"><ele>94.0</ele><time>2023-08-29T09:37:43Z</time></trkpt><trkpt lat="58.030328" lon="39.090827"><ele>93.4</ele><time>2023-08-29T09:37:45Z</time></trkpt><trkpt lat="58.030405" lon="39.09073"><ele>90.1</ele><time>2023-08-29T09:37:48Z</time></trkpt><trkpt lat="58.030472" lon="39.090643"><ele>89.3</ele><time>2023-08-29T09:37:50Z</time></trkpt><trkpt lat="58.030533" lon="39.090555"><ele>90.9</ele><time>2023-08-29T09:37:52Z</time></trkpt><trkpt lat="58.030615" lon="39.090498"><ele>89.9</ele><time>2023-08-29T09:37:55Z</time></trkpt><trkpt lat="58.03071" lon="39.090463"><ele>90.4</ele><time>2023-08-29T09:37:59Z</time></trkpt><trkpt lat="58.030803" lon="39.090435"><ele>89.1</ele><time>2023-08-29T09:38:02Z</time></trkpt><trkpt lat="58.030895" lon="39.090513"><ele>90.1</ele><time>2023-08-29T09:38:05Z</time></trkpt><trkpt lat="58.030958" lon="39.090622"><ele>91.4</ele><time>2023-08-29T09:38:07Z</time></trkpt><trkpt lat="58.031025" lon="39.090772"><ele>91.2</ele><time>2023-08-29T09:38:10Z</time></trkpt><trkpt lat="58.031072" lon="39.090883"><ele>92.1</ele><time>2023-08-29T09:38:12Z</time></trkpt><trkpt lat="58.031125" lon="39.09101"><ele>95.3</ele><time>2023-08-29T09:38:14Z</time></trkpt><trkpt lat="58.031182" lon="39.091153"><ele>95.5</ele><time>2023-08-29T09:38:17Z</time></trkpt><trkpt lat="58.031243" lon="39.091272"><ele>97.1</ele><time>2023-08-29T09:38:22Z</time></trkpt><trkpt lat="58.031278" lon="39.091418"><ele>95.7</ele><time>2023-08-29T09:38:25Z</time></trkpt><trkpt lat="58.031333" lon="39.091545"><ele>94.4</ele><time>2023-08-29T09:38:28Z</time></trkpt><trkpt lat="58.031338" lon="39.091682"><ele>94.9</ele><time>2023-08-29T09:38:31Z</time></trkpt><trkpt lat="58.031265" lon="39.091768"><ele>93.8</ele><time>2023-08-29T09:38:34Z</time></trkpt><trkpt lat="58.031205" lon="39.09185"><ele>94.5</ele><time>2023-08-29T09:38:38Z</time></trkpt><trkpt lat="58.03121" lon="39.092005"><ele>94.1</ele><time>2023-08-29T09:38:43Z</time></trkpt><trkpt lat="58.031195" lon="39.092168"><ele>94.8</ele><time>2023-08-29T09:38:49Z</time></trkpt><trkpt lat="58.031215" lon="39.092303"><ele>92.9</ele><time>2023-08-29T09:38:53Z</time></trkpt><trkpt lat="58.031297" lon="39.092388"><ele>92.8</ele><time>2023-08-29T09:38:56Z</time></trkpt><trkpt lat="58.031385" lon="39.092487"><ele>93.2</ele><time>2023-08-29T09:38:59Z</time></trkpt><trkpt lat="58.031452" lon="39.092627"><ele>93.5</ele><time>2023-08-29T09:39:02Z</time></trkpt><trkpt lat="58.031502" lon="39.092768"><ele>92.8</ele><time>2023-08-29T09:39:05Z</time></trkpt><trkpt lat="58.031557" lon="39.092897"><ele>92.9</ele><time>2023-08-29T09:39:08Z</time></trkpt><trkpt lat="58.031582" lon="39.093055"><ele>92.8</ele><time>2023-08-29T09:39:11Z</time></trkpt><trkpt lat="58.031567" lon="39.093208"><ele>92.9</ele><time>2023-08-29T09:39:14Z</time></trkpt><trkpt lat="58.031545" lon="39.093352"><ele>92.9</ele><time>2023-08-29T09:39:17Z</time></trkpt><trkpt lat="58.031552" lon="39.093495"><ele>92.5</ele><time>2023-08-29T09:39:21Z</time></trkpt><trkpt lat="58.03155" lon="39.093632"><ele>92.1</ele><time>2023-08-29T09:39:24Z</time></trkpt><trkpt lat="58.031522" lon="39.093795"><ele>91.8</ele><time>2023-08-29T09:39:27Z</time></trkpt><trkpt lat="58.031515" lon="39.093955"><ele>92.3</ele><time>2023-08-29T09:39:30Z</time></trkpt><trkpt lat="58.03153" lon="39.094097"><ele>92.3</ele><time>2023-08-29T09:39:39Z</time></trkpt><trkpt lat="58.031572" lon="39.09421"><ele>92.6</ele><time>2023-08-29T09:39:42Z</time></trkpt><trkpt lat="58.031623" lon="39.094353"><ele>92.9</ele><time>2023-08-29T09:39:46Z</time></trkpt><trkpt lat="58.031702" lon="39.094387"><ele>93.5</ele><time>2023-08-29T09:39:51Z</time></trkpt><trkpt lat="58.031768" lon="39.09447"><ele>93.9</ele><time>2023-08-29T09:39:54Z</time></trkpt><trkpt lat="58.031803" lon="39.094662"><ele>94.0</ele><time>2023-08-29T09:39:57Z</time></trkpt><trkpt lat="58.031835" lon="39.09484"><ele>93.7</ele><time>2023-08-29T09:40:00Z</time></trkpt><trkpt lat="58.03187" lon="39.094992"><ele>94.0</ele><time>2023-08-29T09:40:03Z</time></trkpt><trkpt lat="58.03188" lon="39.095165"><ele>94.8</ele><time>2023-08-29T09:40:06Z</time></trkpt><trkpt lat="58.031885" lon="39.095335"><ele>95.7</ele><time>2023-08-29T09:40:09Z</time></trkpt><trkpt lat="58.031862" lon="39.095493"><ele>96.0</ele><time>2023-08-29T09:40:12Z</time></trkpt><trkpt lat="58.031795" lon="39.09566"><ele>95.8</ele><time>2023-08-29T09:40:15Z</time></trkpt><trkpt lat="58.031747" lon="39.09581"><ele>94.7</ele><time>2023-08-29T09:40:18Z</time></trkpt><trkpt lat="58.031758" lon="39.095983"><ele>94.5</ele><time>2023-08-29T09:40:21Z</time></trkpt><trkpt lat="58.031765" lon="39.096132"><ele>94.6</ele><time>2023-08-29T09:40:24Z</time></trkpt><trkpt lat="58.031753" lon="39.09631"><ele>94.5</ele><time>2023-08-29T09:40:27Z</time></trkpt><trkpt lat="58.031737" lon="39.096482"><ele>94.1</ele><time>2023-08-29T09:40:30Z</time></trkpt><trkpt lat="58.031717" lon="39.096625"><ele>94.6</ele><time>2023-08-29T09:40:33Z</time></trkpt><trkpt lat="58.03168" lon="39.096765"><ele>93.3</ele><time>2023-08-29T09:40:35Z</time></trkpt><trkpt lat="58.031638" lon="39.096907"><ele>93.2</ele><time>2023-08-29T09:40:37Z</time></trkpt><trkpt lat="58.031585" lon="39.097027"><ele>92.9</ele><time>2023-08-29T09:40:39Z</time></trkpt><trkpt lat="58.031538" lon="39.097153"><ele>91.1</ele><time>2023-08-29T09:40:41Z</time></trkpt><trkpt lat="58.031545" lon="39.097307"><ele>91.9</ele><time>2023-08-29T09:40:43Z</time></trkpt><trkpt lat="58.03159" lon="39.097467"><ele>91.7</ele><time>2023-08-29T09:40:45Z</time></trkpt><trkpt lat="58.031623" lon="39.097607"><ele>91.4</ele><time>2023-08-29T09:40:47Z</time></trkpt><trkpt lat="58.031703" lon="39.097737"><ele>91.7</ele><time>2023-08-29T09:40:50Z</time></trkpt><trkpt lat="58.031772" lon="39.097872"><ele>91.6</ele><time>2023-08-29T09:40:53Z</time></trkpt><trkpt lat="58.031792" lon="39.098017"><ele>91.4</ele><time>2023-08-29T09:40:56Z</time></trkpt><trkpt lat="58.03186" lon="39.098148"><ele>92.7</ele><time>2023-08-29T09:40:59Z</time></trkpt><trkpt lat="58.03192" lon="39.098313"><ele>92.7</ele><time>2023-08-29T09:41:02Z</time></trkpt><trkpt lat="58.031905" lon="39.098492"><ele>92.7</ele><time>2023-08-29T09:41:05Z</time></trkpt><trkpt lat="58.03187" lon="39.09862"><ele>93.9</ele><time>2023-08-29T09:41:07Z</time></trkpt><trkpt lat="58.031868" lon="39.098758"><ele>93.7</ele><time>2023-08-29T09:41:09Z</time></trkpt><trkpt lat="58.031863" lon="39.098895"><ele>94.1</ele><time>2023-08-29T09:41:11Z</time></trkpt><trkpt lat="58.031843" lon="39.099037"><ele>93.1</ele><time>2023-08-29T09:41:13Z</time></trkpt><trkpt lat="58.031838" lon="39.099217"><ele>91.9</ele><time>2023-08-29T09:41:16Z</time></trkpt><trkpt lat="58.031825" lon="39.099388"><ele>89.7</ele><time>2023-08-29T09:41:19Z</time></trkpt><trkpt lat="58.031805" lon="39.099557"><ele>89.9</ele><time>2023-08-29T09:41:22Z</time></trkpt><trkpt lat="58.03184" lon="39.09972"><ele>88.0</ele><time>2023-08-29T09:41:48Z</time></trkpt><trkpt lat="58.031798" lon="39.099902"><ele>89.1</ele><time>2023-08-29T09:41:51Z</time></trkpt><trkpt lat="58.031758" lon="39.100077"><ele>89.1</ele><time>2023-08-29T09:41:54Z</time></trkpt><trkpt lat="58.031738" lon="39.100245"><ele>89.3</ele><time>2023-08-29T09:41:57Z</time></trkpt><trkpt lat="58.03173" lon="39.100405"><ele>89.5</ele><time>2023-08-29T09:42:01Z</time></trkpt><trkpt lat="58.031725" lon="39.100567"><ele>89.6</ele><time>2023-08-29T09:42:04Z</time></trkpt><trkpt lat="58.031738" lon="39.100723"><ele>89.4</ele><time>2023-08-29T09:42:07Z</time></trkpt><trkpt lat="58.03174" lon="39.10087"><ele>87.8</ele><time>2023-08-29T09:42:11Z</time></trkpt><trkpt lat="58.031725" lon="39.101018"><ele>87.3</ele><time>2023-08-29T09:42:15Z</time></trkpt><trkpt lat="58.031733" lon="39.101165"><ele>88.0</ele><time>2023-08-29T09:42:19Z</time></trkpt><trkpt lat="58.031775" lon="39.101328"><ele>87.7</ele><time>2023-08-29T09:42:23Z</time></trkpt><trkpt lat="58.031808" lon="39.101447"><ele>87.7</ele><time>2023-08-29T09:42:26Z</time></trkpt><trkpt lat="58.031852" lon="39.101562"><ele>87.2</ele><time>2023-08-29T09:42:29Z</time></trkpt><trkpt lat="58.031818" lon="39.101702"><ele>87.0</ele><time>2023-08-29T09:42:33Z</time></trkpt><trkpt lat="58.031763" lon="39.101823"><ele>87.7</ele><time>2023-08-29T09:42:37Z</time></trkpt><trkpt lat="58.031772" lon="39.101963"><ele>87.6</ele><time>2023-08-29T09:42:40Z</time></trkpt><trkpt lat="58.031813" lon="39.102078"><ele>87.7</ele><time>2023-08-29T09:42:42Z</time></trkpt><trkpt lat="58.03186" lon="39.102217"><ele>87.7</ele><time>2023-08-29T09:42:44Z</time></trkpt><trkpt lat="58.031905" lon="39.102373"><ele>87.9</ele><time>2023-08-29T09:42:47Z</time></trkpt><trkpt lat="58.031917" lon="39.102522"><ele>88.3</ele><time>2023-08-29T09:42:49Z</time></trkpt><trkpt lat="58.03192" lon="39.102693"><ele>89.3</ele><time>2023-08-29T09:42:52Z</time></trkpt><trkpt lat="58.03195" lon="39.102822"><ele>89.6</ele><time>2023-08-29T09:42:55Z</time></trkpt><trkpt lat="58.031965" lon="39.102962"><ele>90.2</ele><time>2023-08-29T09:43:33Z</time></trkpt><trkpt lat="58.031988" lon="39.103107"><ele>89.6</ele><time>2023-08-29T09:43:45Z</time></trkpt><trkpt lat="58.031998" lon="39.103272"><ele>89.3</ele><time>2023-08-29T09:43:50Z</time></trkpt><trkpt lat="58.032082" lon="39.103282"><ele>89.9</ele><time>2023-08-29T09:44:16Z</time></trkpt><trkpt lat="58.03214" lon="39.103202"><ele>89.4</ele><time>2023-08-29T09:44:21Z</time></trkpt><trkpt lat="58.032192" lon="39.103078"><ele>90.0</ele><time>2023-08-29T09:44:28Z</time></trkpt><trkpt lat="58.032192" lon="39.102942"><ele>89.4</ele><time>2023-08-29T09:44:33Z</time></trkpt><trkpt lat="58.032242" lon="39.102837"><ele>88.5</ele><time>2023-08-29T09:44:40Z</time></trkpt><trkpt lat="58.03219" lon="39.102947"><ele>85.8</ele><time>2023-08-29T09:45:01Z</time></trkpt><trkpt lat="58.03217" lon="39.10309"><ele>84.9</ele><time>2023-08-29T09:45:08Z</time></trkpt><trkpt lat="58.032103" lon="39.10319"><ele>84.8</ele><time>2023-08-29T09:45:15Z</time></trkpt><trkpt lat="58.032028" lon="39.103267"><ele>85.3</ele><time>2023-08-29T09:45:21Z</time></trkpt><trkpt lat="58.031958" lon="39.103212"><ele>85.2</ele><time>2023-08-29T09:45:28Z</time></trkpt><trkpt lat="58.032002" lon="39.10334"><ele>85.8</ele><time>2023-08-29T09:45:38Z</time></trkpt><trkpt lat="58.031935" lon="39.103283"><ele>91.6</ele><time>2023-08-29T09:46:34Z</time></trkpt><trkpt lat="58.032035" lon="39.10322"><ele>91.9</ele><time>2023-08-29T09:46:42Z</time></trkpt><trkpt lat="58.032142" lon="39.103127"><ele>92.0</ele><time>2023-08-29T09:46:44Z</time></trkpt><trkpt lat="58.032207" lon="39.102988"><ele>92.3</ele><time>2023-08-29T09:46:46Z</time></trkpt><trkpt lat="58.032223" lon="39.10281"><ele>93.7</ele><time>2023-08-29T09:46:49Z</time></trkpt><trkpt lat="58.032315" lon="39.102752"><ele>93.8</ele><time>2023-08-29T09:46:53Z</time></trkpt><trkpt lat="58.032377" lon="39.102647"><ele>93.3</ele><time>2023-08-29T09:46:56Z</time></trkpt><trkpt lat="58.032378" lon="39.1025"><ele>93.9</ele><time>2023-08-29T09:46:59Z</time></trkpt><trkpt lat="58.032345" lon="39.102353"><ele>92.7</ele><time>2023-08-29T09:47:02Z</time></trkpt><trkpt lat="58.032425" lon="39.102365"><ele>92.3</ele><time>2023-08-29T09:47:11Z</time></trkpt><trkpt lat="58.032455" lon="39.10249"><ele>90.5</ele><time>2023-08-29T09:47:15Z</time></trkpt><trkpt lat="58.03252" lon="39.102408"><ele>88.5</ele><time>2023-08-29T09:47:53Z</time></trkpt><trkpt lat="58.032585" lon="39.102318"><ele>88.9</ele><time>2023-08-29T09:47:56Z</time></trkpt><trkpt lat="58.032677" lon="39.102272"><ele>89.8</ele><time>2023-08-29T09:48:00Z</time></trkpt><trkpt lat="58.032745" lon="39.102223"><ele>90.3</ele><time>2023-08-29T09:48:03Z</time></trkpt><trkpt lat="58.032797" lon="39.102128"><ele>91.4</ele><time>2023-08-29T09:48:06Z</time></trkpt><trkpt lat="58.032815" lon="39.101947"><ele>91.5</ele><time>2023-08-29T09:48:10Z</time></trkpt><trkpt lat="58.032813" lon="39.101785"><ele>91.1</ele><time>2023-08-29T09:48:13Z</time></trkpt><trkpt lat="58.032798" lon="39.10163"><ele>90.4</ele><time>2023-08-29T09:48:16Z</time></trkpt><trkpt lat="58.032763" lon="39.101462"><ele>90.2</ele><time>2023-08-29T09:48:19Z</time></trkpt><trkpt lat="58.032728" lon="39.101293"><ele>89.9</ele><time>2023-08-29T09:48:22Z</time></trkpt><trkpt lat="58.032705" lon="39.101108"><ele>88.4</ele><time>2023-08-29T09:48:25Z</time></trkpt><trkpt lat="58.032683" lon="39.100918"><ele>88.6</ele><time>2023-08-29T09:48:28Z</time></trkpt><trkpt lat="58.032662" lon="39.100735"><ele>88.5</ele><time>2023-08-29T09:48:31Z</time></trkpt><trkpt lat="58.032675" lon="39.100537"><ele>88.4</ele><time>2023-08-29T09:48:34Z</time></trkpt><trkpt lat="58.032693" lon="39.100385"><ele>88.4</ele><time>2023-08-29T09:48:36Z</time></trkpt><trkpt lat="58.032745" lon="39.100218"><ele>89.0</ele><time>2023-08-29T09:48:39Z</time></trkpt><trkpt lat="58.032813" lon="39.100103"><ele>89.8</ele><time>2023-08-29T09:48:42Z</time></trkpt><trkpt lat="58.03288" lon="39.100012"><ele>88.8</ele><time>2023-08-29T09:48:45Z</time></trkpt><trkpt lat="58.03296" lon="39.10003"><ele>87.4</ele><time>2023-08-29T09:48:48Z</time></trkpt><trkpt lat="58.03304" lon="39.10012"><ele>85.5</ele><time>2023-08-29T09:48:52Z</time></trkpt><trkpt lat="58.033118" lon="39.10015"><ele>86.4</ele><time>2023-08-29T09:48:55Z</time></trkpt><trkpt lat="58.03319" lon="39.100142"><ele>88.5</ele><time>2023-08-29T09:48:59Z</time></trkpt><trkpt lat="58.033273" lon="39.100132"><ele>89.5</ele><time>2023-08-29T09:49:05Z</time></trkpt><trkpt lat="58.03334" lon="39.100225"><ele>89.9</ele><time>2023-08-29T09:49:10Z</time></trkpt><trkpt lat="58.033428" lon="39.100318"><ele>91.1</ele><time>2023-08-29T09:49:14Z</time></trkpt><trkpt lat="58.03348" lon="39.100415"><ele>90.2</ele><time>2023-08-29T09:49:16Z</time></trkpt><trkpt lat="58.033518" lon="39.100543"><ele>90.3</ele><time>2023-08-29T09:49:18Z</time></trkpt><trkpt lat="58.033543" lon="39.100693"><ele>90.4</ele><time>2023-08-29T09:49:20Z</time></trkpt><trkpt lat="58.033572" lon="39.100838"><ele>90.5</ele><time>2023-08-29T09:49:22Z</time></trkpt><trkpt lat="58.033602" lon="39.10097"><ele>90.5</ele><time>2023-08-29T09:49:24Z</time></trkpt><trkpt lat="58.033653" lon="39.101137"><ele>91.6</ele><time>2023-08-29T09:49:27Z</time></trkpt><trkpt lat="58.033725" lon="39.10126"><ele>92.0</ele><time>2023-08-29T09:49:30Z</time></trkpt><trkpt lat="58.033813" lon="39.101338"><ele>91.7</ele><time>2023-08-29T09:49:33Z</time></trkpt><trkpt lat="58.033887" lon="39.101467"><ele>91.6</ele><time>2023-08-29T09:49:36Z</time></trkpt><trkpt lat="58.033935" lon="39.101625"><ele>91.9</ele><time>2023-08-29T09:49:39Z</time></trkpt><trkpt lat="58.033955" lon="39.10176"><ele>92.3</ele><time>2023-08-29T09:49:41Z</time></trkpt><trkpt lat="58.033965" lon="39.101948"><ele>93.1</ele><time>2023-08-29T09:49:44Z</time></trkpt><trkpt lat="58.033967" lon="39.102118"><ele>93.5</ele><time>2023-08-29T09:49:47Z</time></trkpt><trkpt lat="58.033988" lon="39.102273"><ele>92.3</ele><time>2023-08-29T09:49:50Z</time></trkpt><trkpt lat="58.034008" lon="39.102432"><ele>93.0</ele><time>2023-08-29T09:49:53Z</time></trkpt><trkpt lat="58.03404" lon="39.102565"><ele>92.5</ele><time>2023-08-29T09:49:57Z</time></trkpt><trkpt lat="58.03409" lon="39.102678"><ele>93.0</ele><time>2023-08-29T09:50:01Z</time></trkpt><trkpt lat="58.034167" lon="39.102763"><ele>92.4</ele><time>2023-08-29T09:50:04Z</time></trkpt><trkpt lat="58.034223" lon="39.102902"><ele>92.1</ele><time>2023-08-29T09:50:07Z</time></trkpt><trkpt lat="58.034225" lon="39.103078"><ele>93.6</ele><time>2023-08-29T09:50:10Z</time></trkpt><trkpt lat="58.034157" lon="39.103227"><ele>94.3</ele><time>2023-08-29T09:50:14Z</time></trkpt><trkpt lat="58.03413" lon="39.103408"><ele>93.6</ele><time>2023-08-29T09:50:17Z</time></trkpt><trkpt lat="58.034128" lon="39.103558"><ele>93.9</ele><time>2023-08-29T09:50:19Z</time></trkpt><trkpt lat="58.034152" lon="39.103747"><ele>94.1</ele><time>2023-08-29T09:50:22Z</time></trkpt><trkpt lat="58.034187" lon="39.103877"><ele>94.2</ele><time>2023-08-29T09:50:24Z</time></trkpt><trkpt lat="58.034213" lon="39.104012"><ele>94.6</ele><time>2023-08-29T09:50:27Z</time></trkpt><trkpt lat="58.034238" lon="39.104155"><ele>94.2</ele><time>2023-08-29T09:50:29Z</time></trkpt><trkpt lat="58.03426" lon="39.104288"><ele>92.9</ele><time>2023-08-29T09:50:31Z</time></trkpt><trkpt lat="58.03428" lon="39.10448"><ele>94.4</ele><time>2023-08-29T09:50:34Z</time></trkpt><trkpt lat="58.034313" lon="39.104657"><ele>95.5</ele><time>2023-08-29T09:50:37Z</time></trkpt><trkpt lat="58.034353" lon="39.104833"><ele>93.8</ele><time>2023-08-29T09:50:40Z</time></trkpt><trkpt lat="58.034378" lon="39.10497"><ele>95.0</ele><time>2023-08-29T09:50:42Z</time></trkpt><trkpt lat="58.034413" lon="39.105153"><ele>95.7</ele><time>2023-08-29T09:50:45Z</time></trkpt><trkpt lat="58.034433" lon="39.10532"><ele>96.8</ele><time>2023-08-29T09:50:48Z</time></trkpt><trkpt lat="58.034465" lon="39.105497"><ele>97.8</ele><time>2023-08-29T09:50:51Z</time></trkpt><trkpt lat="58.034493" lon="39.105635"><ele>97.1</ele><time>2023-08-29T09:50:53Z</time></trkpt><trkpt lat="58.034518" lon="39.105767"><ele>97.2</ele><time>2023-08-29T09:50:55Z</time></trkpt><trkpt lat="58.034537" lon="39.10595"><ele>97.1</ele><time>2023-08-29T09:50:58Z</time></trkpt><trkpt lat="58.03457" lon="39.10611"><ele>95.8</ele><time>2023-08-29T09:51:01Z</time></trkpt><trkpt lat="58.03459" lon="39.10629"><ele>95.0</ele><time>2023-08-29T09:51:04Z</time></trkpt><trkpt lat="58.034618" lon="39.106477"><ele>95.4</ele><time>2023-08-29T09:51:07Z</time></trkpt><trkpt lat="58.034642" lon="39.106613"><ele>94.6</ele><time>2023-08-29T09:51:09Z</time></trkpt><trkpt lat="58.034672" lon="39.106803"><ele>96.2</ele><time>2023-08-29T09:51:12Z</time></trkpt><trkpt lat="58.034688" lon="39.106982"><ele>95.0</ele><time>2023-08-29T09:51:15Z</time></trkpt><trkpt lat="58.034717" lon="39.10712"><ele>95.3</ele><time>2023-08-29T09:51:17Z</time></trkpt><trkpt lat="58.034753" lon="39.107263"><ele>95.7</ele><time>2023-08-29T09:51:19Z</time></trkpt><trkpt lat="58.034797" lon="39.1074"><ele>97.3</ele><time>2023-08-29T09:51:21Z</time></trkpt><trkpt lat="58.034847" lon="39.107565"><ele>97.1</ele><time>2023-08-29T09:51:24Z</time></trkpt><trkpt lat="58.034888" lon="39.107755"><ele>96.6</ele><time>2023-08-29T09:51:27Z</time></trkpt><trkpt lat="58.034932" lon="39.107938"><ele>95.7</ele><time>2023-08-29T09:51:30Z</time></trkpt><trkpt lat="58.034968" lon="39.10806"><ele>96.8</ele><time>2023-08-29T09:51:32Z</time></trkpt><trkpt lat="58.034995" lon="39.108217"><ele>96.4</ele><time>2023-08-29T09:51:35Z</time></trkpt><trkpt lat="58.035007" lon="39.108395"><ele>97.7</ele><time>2023-08-29T09:51:38Z</time></trkpt><trkpt lat="58.035038" lon="39.10857"><ele>98.6</ele><time>2023-08-29T09:51:41Z</time></trkpt><trkpt lat="58.035043" lon="39.108748"><ele>98.7</ele><time>2023-08-29T09:51:44Z</time></trkpt><trkpt lat="58.035043" lon="39.10893"><ele>98.9</ele><time>2023-08-29T09:51:47Z</time></trkpt><trkpt lat="58.03505" lon="39.109093"><ele>98.9</ele><time>2023-08-29T09:51:50Z</time></trkpt><trkpt lat="58.03505" lon="39.109258"><ele>97.7</ele><time>2023-08-29T09:51:53Z</time></trkpt><trkpt lat="58.03505" lon="39.109425"><ele>96.8</ele><time>2023-08-29T09:51:56Z</time></trkpt><trkpt lat="58.035048" lon="39.109592"><ele>97.5</ele><time>2023-08-29T09:51:59Z</time></trkpt><trkpt lat="58.035075" lon="39.109753"><ele>97.6</ele><time>2023-08-29T09:52:02Z</time></trkpt><trkpt lat="58.035133" lon="39.109845"><ele>96.0</ele><time>2023-08-29T09:52:06Z</time></trkpt><trkpt lat="58.035065" lon="39.109938"><ele>92.7</ele><time>2023-08-29T09:52:10Z</time></trkpt><trkpt lat="58.034995" lon="39.109978"><ele>90.7</ele><time>2023-08-29T09:52:12Z</time></trkpt><trkpt lat="58.034925" lon="39.110047"><ele>91.0</ele><time>2023-08-29T09:52:14Z</time></trkpt><trkpt lat="58.03486" lon="39.110135"><ele>90.3</ele><time>2023-08-29T09:52:16Z</time></trkpt><trkpt lat="58.034797" lon="39.110213"><ele>93.0</ele><time>2023-08-29T09:52:18Z</time></trkpt><trkpt lat="58.034728" lon="39.110287"><ele>94.0</ele><time>2023-08-29T09:52:21Z</time></trkpt><trkpt lat="58.034658" lon="39.11034"><ele>93.1</ele><time>2023-08-29T09:52:24Z</time></trkpt><trkpt lat="58.034568" lon="39.110447"><ele>92.0</ele><time>2023-08-29T09:52:27Z</time></trkpt><trkpt lat="58.03449" lon="39.110513"><ele>92.0</ele><time>2023-08-29T09:52:29Z</time></trkpt><trkpt lat="58.034405" lon="39.110552"><ele>91.3</ele><time>2023-08-29T09:52:31Z</time></trkpt><trkpt lat="58.034325" lon="39.11057"><ele>90.9</ele><time>2023-08-29T09:52:33Z</time></trkpt><trkpt lat="58.034245" lon="39.110592"><ele>89.7</ele><time>2023-08-29T09:52:35Z</time></trkpt><trkpt lat="58.034165" lon="39.110605"><ele>90.2</ele><time>2023-08-29T09:52:37Z</time></trkpt><trkpt lat="58.034075" lon="39.110598"><ele>88.8</ele><time>2023-08-29T09:52:40Z</time></trkpt><trkpt lat="58.033978" lon="39.110563"><ele>88.6</ele><time>2023-08-29T09:52:43Z</time></trkpt><trkpt lat="58.033885" lon="39.11054"><ele>89.9</ele><time>2023-08-29T09:52:46Z</time></trkpt><trkpt lat="58.033813" lon="39.110553"><ele>89.2</ele><time>2023-08-29T09:52:48Z</time></trkpt><trkpt lat="58.033727" lon="39.11058"><ele>88.0</ele><time>2023-08-29T09:52:50Z</time></trkpt><trkpt lat="58.03362" lon="39.110597"><ele>87.2</ele><time>2023-08-29T09:52:52Z</time></trkpt><trkpt lat="58.033513" lon="39.110588"><ele>87.5</ele><time>2023-08-29T09:52:54Z</time></trkpt><trkpt lat="58.033418" lon="39.110567"><ele>87.7</ele><time>2023-08-29T09:52:56Z</time></trkpt><trkpt lat="58.033323" lon="39.110548"><ele>87.8</ele><time>2023-08-29T09:52:58Z</time></trkpt><trkpt lat="58.033213" lon="39.11056"><ele>86.8</ele><time>2023-08-29T09:53:00Z</time></trkpt><trkpt lat="58.033142" lon="39.110537"><ele>87.1</ele><time>2023-08-29T09:53:02Z</time></trkpt><trkpt lat="58.03306" lon="39.11053"><ele>85.5</ele><time>2023-08-29T09:53:04Z</time></trkpt><trkpt lat="58.032977" lon="39.110567"><ele>86.6</ele><time>2023-08-29T09:53:06Z</time></trkpt><trkpt lat="58.032895" lon="39.11059"><ele>87.9</ele><time>2023-08-29T09:53:09Z</time></trkpt><trkpt lat="58.03282" lon="39.110585"><ele>89.8</ele><time>2023-08-29T09:53:14Z</time></trkpt><trkpt lat="58.032738" lon="39.110578"><ele>91.0</ele><time>2023-08-29T09:53:21Z</time></trkpt><trkpt lat="58.032825" lon="39.110597"><ele>94.1</ele><time>2023-08-29T09:53:59Z</time></trkpt><trkpt lat="58.03291" lon="39.110603"><ele>94.3</ele><time>2023-08-29T09:54:01Z</time></trkpt><trkpt lat="58.032998" lon="39.11061"><ele>91.6</ele><time>2023-08-29T09:54:03Z</time></trkpt><trkpt lat="58.033078" lon="39.11063"><ele>90.0</ele><time>2023-08-29T09:54:05Z</time></trkpt><trkpt lat="58.033173" lon="39.110613"><ele>89.2</ele><time>2023-08-29T09:54:07Z</time></trkpt><trkpt lat="58.033268" lon="39.11064"><ele>90.2</ele><time>2023-08-29T09:54:09Z</time></trkpt><trkpt lat="58.033343" lon="39.11066"><ele>89.6</ele><time>2023-08-29T09:54:11Z</time></trkpt><trkpt lat="58.03342" lon="39.11064"><ele>86.8</ele><time>2023-08-29T09:54:13Z</time></trkpt><trkpt lat="58.033502" lon="39.110642"><ele>86.1</ele><time>2023-08-29T09:54:15Z</time></trkpt><trkpt lat="58.033577" lon="39.110628"><ele>86.6</ele><time>2023-08-29T09:54:17Z</time></trkpt><trkpt lat="58.033647" lon="39.110592"><ele>85.6</ele><time>2023-08-29T09:54:19Z</time></trkpt><trkpt lat="58.033743" lon="39.110562"><ele>87.0</ele><time>2023-08-29T09:54:22Z</time></trkpt><trkpt lat="58.03385" lon="39.110527"><ele>87.1</ele><time>2023-08-29T09:54:25Z</time></trkpt><trkpt lat="58.03393" lon="39.110512"><ele>87.8</ele><time>2023-08-29T09:54:27Z</time></trkpt><trkpt lat="58.034015" lon="39.110533"><ele>87.6</ele><time>2023-08-29T09:54:29Z</time></trkpt><trkpt lat="58.034103" lon="39.110562"><ele>88.3</ele><time>2023-08-29T09:54:31Z</time></trkpt><trkpt lat="58.034203" lon="39.11059"><ele>87.0</ele><time>2023-08-29T09:54:33Z</time></trkpt><trkpt lat="58.034293" lon="39.11057"><ele>86.0</ele><time>2023-08-29T09:54:35Z</time></trkpt><trkpt lat="58.034385" lon="39.110528"><ele>85.6</ele><time>2023-08-29T09:54:37Z</time></trkpt><trkpt lat="58.034483" lon="39.110472"><ele>85.2</ele><time>2023-08-29T09:54:39Z</time></trkpt><trkpt lat="58.034587" lon="39.11041"><ele>84.6</ele><time>2023-08-29T09:54:41Z</time></trkpt><trkpt lat="58.0347" lon="39.110305"><ele>85.0</ele><time>2023-08-29T09:54:43Z</time></trkpt><trkpt lat="58.034822" lon="39.110193"><ele>85.8</ele><time>2023-08-29T09:54:45Z</time></trkpt><trkpt lat="58.034927" lon="39.110065"><ele>85.4</ele><time>2023-08-29T09:54:47Z</time></trkpt><trkpt lat="58.035017" lon="39.10996"><ele>85.3</ele><time>2023-08-29T09:54:49Z</time></trkpt><trkpt lat="58.035107" lon="39.109902"><ele>84.4</ele><time>2023-08-29T09:54:51Z</time></trkpt><trkpt lat="58.035187" lon="39.1099"><ele>84.5</ele><time>2023-08-29T09:54:54Z</time></trkpt><trkpt lat="58.035122" lon="39.109822"><ele>84.6</ele><time>2023-08-29T09:55:29Z</time></trkpt><trkpt lat="58.035033" lon="39.109787"><ele>84.7</ele><time>2023-08-29T09:55:32Z</time></trkpt><trkpt lat="58.034957" lon="39.10979"><ele>84.9</ele><time>2023-08-29T09:55:34Z</time></trkpt><trkpt lat="58.03488" lon="39.109817"><ele>85.4</ele><time>2023-08-29T09:55:36Z</time></trkpt><trkpt lat="58.034805" lon="39.10985"><ele>85.4</ele><time>2023-08-29T09:55:38Z</time></trkpt><trkpt lat="58.034727" lon="39.10987"><ele>83.4</ele><time>2023-08-29T09:55:40Z</time></trkpt><trkpt lat="58.034628" lon="39.109907"><ele>85.5</ele><time>2023-08-29T09:55:43Z</time></trkpt><trkpt lat="58.034543" lon="39.109917"><ele>85.7</ele><time>2023-08-29T09:55:47Z</time></trkpt><trkpt lat="58.034475" lon="39.109845"><ele>86.8</ele><time>2023-08-29T09:55:52Z</time></trkpt><trkpt lat="58.034388" lon="39.109833"><ele>87.4</ele><time>2023-08-29T09:57:04Z</time></trkpt><trkpt lat="58.034285" lon="39.109853"><ele>88.5</ele><time>2023-08-29T09:57:08Z</time></trkpt><trkpt lat="58.034212" lon="39.10989"><ele>87.4</ele><time>2023-08-29T09:57:10Z</time></trkpt><trkpt lat="58.034125" lon="39.109905"><ele>88.1</ele><time>2023-08-29T09:57:11Z</time></trkpt><trkpt lat="58.034037" lon="39.109905"><ele>88.4</ele><time>2023-08-29T09:57:13Z</time></trkpt><trkpt lat="58.03396" lon="39.10985"><ele>87.8</ele><time>2023-08-29T09:57:16Z</time></trkpt><trkpt lat="58.033905" lon="39.109762"><ele>87.7</ele><time>2023-08-29T09:57:19Z</time></trkpt><trkpt lat="58.033823" lon="39.109693"><ele>88.4</ele><time>2023-08-29T09:57:23Z</time></trkpt><trkpt lat="58.033743" lon="39.10974"><ele>88.6</ele><time>2023-08-29T09:57:26Z</time></trkpt><trkpt lat="58.033673" lon="39.109788"><ele>88.3</ele><time>2023-08-29T09:57:28Z</time></trkpt><trkpt lat="58.033592" lon="39.109815"><ele>88.4</ele><time>2023-08-29T09:57:30Z</time></trkpt><trkpt lat="58.0335" lon="39.109838"><ele>86.9</ele><time>2023-08-29T09:57:32Z</time></trkpt><trkpt lat="58.033423" lon="39.109827"><ele>87.3</ele><time>2023-08-29T09:57:34Z</time></trkpt><trkpt lat="58.033352" lon="39.109792"><ele>87.1</ele><time>2023-08-29T09:57:40Z</time></trkpt><trkpt lat="58.033335" lon="39.109645"><ele>94.8</ele><time>2023-08-29T09:59:01Z</time></trkpt><trkpt lat="58.033408" lon="39.109525"><ele>94.4</ele><time>2023-08-29T09:59:05Z</time></trkpt><trkpt lat="58.033462" lon="39.109423"><ele>90.7</ele><time>2023-08-29T09:59:07Z</time></trkpt><trkpt lat="58.033525" lon="39.109275"><ele>92.7</ele><time>2023-08-29T09:59:10Z</time></trkpt><trkpt lat="58.033567" lon="39.109128"><ele>93.6</ele><time>2023-08-29T09:59:13Z</time></trkpt><trkpt lat="58.03358" lon="39.108952"><ele>93.0</ele><time>2023-08-29T09:59:17Z</time></trkpt><trkpt lat="58.03356" lon="39.108795"><ele>93.7</ele><time>2023-08-29T09:59:20Z</time></trkpt><trkpt lat="58.033545" lon="39.10862"><ele>92.7</ele><time>2023-08-29T09:59:23Z</time></trkpt><trkpt lat="58.033548" lon="39.108452"><ele>95.0</ele><time>2023-08-29T09:59:26Z</time></trkpt><trkpt lat="58.033562" lon="39.108305"><ele>94.3</ele><time>2023-08-29T09:59:29Z</time></trkpt><trkpt lat="58.033627" lon="39.108363"><ele>94.5</ele><time>2023-08-29T09:59:42Z</time></trkpt><trkpt lat="58.033718" lon="39.10833"><ele>93.9</ele><time>2023-08-29T09:59:46Z</time></trkpt><trkpt lat="58.033767" lon="39.108223"><ele>95.3</ele><time>2023-08-29T09:59:49Z</time></trkpt><trkpt lat="58.033763" lon="39.108063"><ele>95.3</ele><time>2023-08-29T09:59:52Z</time></trkpt><trkpt lat="58.033748" lon="39.107928"><ele>94.6</ele><time>2023-08-29T09:59:55Z</time></trkpt><trkpt lat="58.0337" lon="39.107808"><ele>94.6</ele><time>2023-08-29T10:00:02Z</time></trkpt><trkpt lat="58.033655" lon="39.107692"><ele>93.2</ele><time>2023-08-29T10:00:08Z</time></trkpt><trkpt lat="58.033615" lon="39.107558"><ele>93.9</ele><time>2023-08-29T10:00:11Z</time></trkpt><trkpt lat="58.033587" lon="39.107432"><ele>93.5</ele><time>2023-08-29T10:00:13Z</time></trkpt><trkpt lat="58.033575" lon="39.107238"><ele>94.2</ele><time>2023-08-29T10:00:16Z</time></trkpt><trkpt lat="58.033575" lon="39.107055"><ele>95.1</ele><time>2023-08-29T10:00:19Z</time></trkpt><trkpt lat="58.033573" lon="39.106838"><ele>95.3</ele><time>2023-08-29T10:00:22Z</time></trkpt><trkpt lat="58.033575" lon="39.106678"><ele>95.6</ele><time>2023-08-29T10:00:25Z</time></trkpt><trkpt lat="58.033492" lon="39.10659"><ele>96.1</ele><time>2023-08-29T10:00:29Z</time></trkpt><trkpt lat="58.033413" lon="39.106643"><ele>95.1</ele><time>2023-08-29T10:00:31Z</time></trkpt><trkpt lat="58.033332" lon="39.106682"><ele>93.3</ele><time>2023-08-29T10:00:33Z</time></trkpt><trkpt lat="58.033238" lon="39.106725"><ele>91.8</ele><time>2023-08-29T10:00:34Z</time></trkpt><trkpt lat="58.033143" lon="39.106768"><ele>90.0</ele><time>2023-08-29T10:00:36Z</time></trkpt><trkpt lat="58.033068" lon="39.106947"><ele>90.8</ele><time>2023-08-29T10:00:38Z</time></trkpt><trkpt lat="58.033025" lon="39.10706"><ele>88.9</ele><time>2023-08-29T10:00:40Z</time></trkpt><trkpt lat="58.032997" lon="39.107288"><ele>89.9</ele><time>2023-08-29T10:00:42Z</time></trkpt><trkpt lat="58.032935" lon="39.10739"><ele>91.5</ele><time>2023-08-29T10:00:44Z</time></trkpt><trkpt lat="58.032882" lon="39.107525"><ele>90.6</ele><time>2023-08-29T10:00:46Z</time></trkpt><trkpt lat="58.032838" lon="39.107695"><ele>90.9</ele><time>2023-08-29T10:00:49Z</time></trkpt><trkpt lat="58.032827" lon="39.107858"><ele>92.8</ele><time>2023-08-29T10:00:51Z</time></trkpt><trkpt lat="58.032825" lon="39.108025"><ele>92.1</ele><time>2023-08-29T10:00:53Z</time></trkpt><trkpt lat="58.032803" lon="39.108162"><ele>93.4</ele><time>2023-08-29T10:00:55Z</time></trkpt><trkpt lat="58.032797" lon="39.108343"><ele>92.9</ele><time>2023-08-29T10:00:57Z</time></trkpt><trkpt lat="58.032763" lon="39.108497"><ele>93.9</ele><time>2023-08-29T10:00:59Z</time></trkpt><trkpt lat="58.032735" lon="39.108652"><ele>94.1</ele><time>2023-08-29T10:01:01Z</time></trkpt><trkpt lat="58.032733" lon="39.10882"><ele>95.2</ele><time>2023-08-29T10:01:03Z</time></trkpt><trkpt lat="58.032745" lon="39.108972"><ele>96.3</ele><time>2023-08-29T10:01:05Z</time></trkpt><trkpt lat="58.03276" lon="39.109123"><ele>97.5</ele><time>2023-08-29T10:01:07Z</time></trkpt><trkpt lat="58.032768" lon="39.109275"><ele>97.4</ele><time>2023-08-29T10:01:09Z</time></trkpt><trkpt lat="58.032768" lon="39.109432"><ele>96.9</ele><time>2023-08-29T10:01:11Z</time></trkpt><trkpt lat="58.032763" lon="39.109593"><ele>96.8</ele><time>2023-08-29T10:01:13Z</time></trkpt><trkpt lat="58.03273" lon="39.109738"><ele>96.6</ele><time>2023-08-29T10:01:15Z</time></trkpt><trkpt lat="58.032673" lon="39.109847"><ele>96.3</ele><time>2023-08-29T10:01:19Z</time></trkpt><trkpt lat="58.03259" lon="39.109892"><ele>94.1</ele><time>2023-08-29T10:01:25Z</time></trkpt><trkpt lat="58.032508" lon="39.109868"><ele>92.5</ele><time>2023-08-29T10:01:30Z</time></trkpt><trkpt lat="58.03243" lon="39.109793"><ele>92.2</ele><time>2023-08-29T10:01:34Z</time></trkpt><trkpt lat="58.03236" lon="39.109747"><ele>92.5</ele><time>2023-08-29T10:01:36Z</time></trkpt><trkpt lat="58.032292" lon="39.109658"><ele>92.8</ele><time>2023-08-29T10:01:38Z</time></trkpt><trkpt lat="58.032225" lon="39.109568"><ele>91.9</ele><time>2023-08-29T10:01:40Z</time></trkpt><trkpt lat="58.032145" lon="39.109528"><ele>92.3</ele><time>2023-08-29T10:01:42Z</time></trkpt><trkpt lat="58.03207" lon="39.109552"><ele>91.6</ele><time>2023-08-29T10:01:44Z</time></trkpt><trkpt lat="58.031998" lon="39.109635"><ele>91.3</ele><time>2023-08-29T10:01:46Z</time></trkpt><trkpt lat="58.031925" lon="39.110037"><ele>90.7</ele><time>2023-08-29T10:01:48Z</time></trkpt><trkpt lat="58.031902" lon="39.110208"><ele>89.8</ele><time>2023-08-29T10:01:49Z</time></trkpt><trkpt lat="58.031887" lon="39.110388"><ele>91.2</ele><time>2023-08-29T10:01:50Z</time></trkpt><trkpt lat="58.031878" lon="39.110542"><ele>90.8</ele><time>2023-08-29T10:01:51Z</time></trkpt><trkpt lat="58.031917" lon="39.110792"><ele>90.8</ele><time>2023-08-29T10:01:53Z</time></trkpt><trkpt lat="58.03192" lon="39.111072"><ele>91.9</ele><time>2023-08-29T10:01:55Z</time></trkpt><trkpt lat="58.031923" lon="39.111323"><ele>91.1</ele><time>2023-08-29T10:01:57Z</time></trkpt><trkpt lat="58.03198" lon="39.11154"><ele>91.7</ele><time>2023-08-29T10:01:59Z</time></trkpt><trkpt lat="58.03207" lon="39.11172"><ele>91.6</ele><time>2023-08-29T10:02:01Z</time></trkpt><trkpt lat="58.032177" lon="39.11186"><ele>91.6</ele><time>2023-08-29T10:02:03Z</time></trkpt><trkpt lat="58.032285" lon="39.111925"><ele>92.9</ele><time>2023-08-29T10:02:05Z</time></trkpt><trkpt lat="58.032372" lon="39.111937"><ele>92.3</ele><time>2023-08-29T10:02:07Z</time></trkpt><trkpt lat="58.032442" lon="39.11207"><ele>89.7</ele><time>2023-08-29T10:02:10Z</time></trkpt><trkpt lat="58.032528" lon="39.112102"><ele>88.9</ele><time>2023-08-29T10:02:13Z</time></trkpt><trkpt lat="58.032605" lon="39.112158"><ele>86.9</ele><time>2023-08-29T10:03:18Z</time></trkpt><trkpt lat="58.032702" lon="39.112228"><ele>87.9</ele><time>2023-08-29T10:03:23Z</time></trkpt><trkpt lat="58.032778" lon="39.112322"><ele>87.1</ele><time>2023-08-29T10:03:26Z</time></trkpt><trkpt lat="58.03283" lon="39.112433"><ele>87.4</ele><time>2023-08-29T10:03:29Z</time></trkpt><trkpt lat="58.032888" lon="39.112542"><ele>87.4</ele><time>2023-08-29T10:03:32Z</time></trkpt><trkpt lat="58.032958" lon="39.112592"><ele>89.3</ele><time>2023-08-29T10:03:35Z</time></trkpt><trkpt lat="58.033058" lon="39.11255"><ele>89.4</ele><time>2023-08-29T10:03:39Z</time></trkpt><trkpt lat="58.03315" lon="39.112498"><ele>89.1</ele><time>2023-08-29T10:03:42Z</time></trkpt><trkpt lat="58.03323" lon="39.112443"><ele>91.3</ele><time>2023-08-29T10:03:45Z</time></trkpt><trkpt lat="58.033308" lon="39.112413"><ele>91.1</ele><time>2023-08-29T10:03:48Z</time></trkpt><trkpt lat="58.033392" lon="39.112388"><ele>93.4</ele><time>2023-08-29T10:03:51Z</time></trkpt><trkpt lat="58.033467" lon="39.112375"><ele>92.4</ele><time>2023-08-29T10:03:54Z</time></trkpt><trkpt lat="58.033553" lon="39.112388"><ele>93.6</ele><time>2023-08-29T10:03:58Z</time></trkpt><trkpt lat="58.033633" lon="39.112425"><ele>91.2</ele><time>2023-08-29T10:04:01Z</time></trkpt><trkpt lat="58.033723" lon="39.112457"><ele>91.6</ele><time>2023-08-29T10:04:04Z</time></trkpt><trkpt lat="58.033822" lon="39.112505"><ele>92.6</ele><time>2023-08-29T10:04:07Z</time></trkpt><trkpt lat="58.033918" lon="39.112553"><ele>92.8</ele><time>2023-08-29T10:04:10Z</time></trkpt><trkpt lat="58.034008" lon="39.112608"><ele>92.6</ele><time>2023-08-29T10:04:13Z</time></trkpt><trkpt lat="58.034102" lon="39.11262"><ele>91.3</ele><time>2023-08-29T10:04:16Z</time></trkpt><trkpt lat="58.034208" lon="39.112543"><ele>91.4</ele><time>2023-08-29T10:04:19Z</time></trkpt><trkpt lat="58.034313" lon="39.112453"><ele>91.1</ele><time>2023-08-29T10:04:21Z</time></trkpt><trkpt lat="58.03442" lon="39.112317"><ele>92.6</ele><time>2023-08-29T10:04:22Z</time></trkpt><trkpt lat="58.034497" lon="39.112297"><ele>93.6</ele><time>2023-08-29T10:04:24Z</time></trkpt><trkpt lat="58.034598" lon="39.112313"><ele>95.7</ele><time>2023-08-29T10:04:27Z</time></trkpt><trkpt lat="58.034687" lon="39.11229"><ele>94.5</ele><time>2023-08-29T10:04:30Z</time></trkpt><trkpt lat="58.034762" lon="39.112182"><ele>96.7</ele><time>2023-08-29T10:04:33Z</time></trkpt><trkpt lat="58.03483" lon="39.112122"><ele>97.0</ele><time>2023-08-29T10:04:36Z</time></trkpt><trkpt lat="58.034897" lon="39.112048"><ele>96.4</ele><time>2023-08-29T10:04:39Z</time></trkpt><trkpt lat="58.034973" lon="39.111977"><ele>96.2</ele><time>2023-08-29T10:04:42Z</time></trkpt><trkpt lat="58.035053" lon="39.111862"><ele>96.3</ele><time>2023-08-29T10:04:45Z</time></trkpt><trkpt lat="58.035137" lon="39.111858"><ele>95.0</ele><time>2023-08-29T10:04:49Z</time></trkpt><trkpt lat="58.035213" lon="39.111942"><ele>95.3</ele><time>2023-08-29T10:04:52Z</time></trkpt><trkpt lat="58.03531" lon="39.111972"><ele>96.2</ele><time>2023-08-29T10:04:55Z</time></trkpt><trkpt lat="58.035387" lon="39.111987"><ele>95.6</ele><time>2023-08-29T10:04:57Z</time></trkpt><trkpt lat="58.035477" lon="39.111955"><ele>96.5</ele><time>2023-08-29T10:05:01Z</time></trkpt><trkpt lat="58.03555" lon="39.11192"><ele>96.0</ele><time>2023-08-29T10:05:07Z</time></trkpt><trkpt lat="58.035635" lon="39.111982"><ele>97.3</ele><time>2023-08-29T10:05:13Z</time></trkpt><trkpt lat="58.035717" lon="39.112028"><ele>97.8</ele><time>2023-08-29T10:05:16Z</time></trkpt><trkpt lat="58.035797" lon="39.112048"><ele>99.4</ele><time>2023-08-29T10:05:19Z</time></trkpt><trkpt lat="58.035882" lon="39.112072"><ele>99.2</ele><time>2023-08-29T10:05:22Z</time></trkpt><trkpt lat="58.03596" lon="39.112052"><ele>98.5</ele><time>2023-08-29T10:05:28Z</time></trkpt><trkpt lat="58.03605" lon="39.112017"><ele>95.0</ele><time>2023-08-29T10:05:32Z</time></trkpt><trkpt lat="58.036128" lon="39.111995"><ele>92.8</ele><time>2023-08-29T10:05:36Z</time></trkpt><trkpt lat="58.036213" lon="39.112055"><ele>92.7</ele><time>2023-08-29T10:05:40Z</time></trkpt><trkpt lat="58.036283" lon="39.112135"><ele>94.9</ele><time>2023-08-29T10:05:43Z</time></trkpt><trkpt lat="58.036348" lon="39.112237"><ele>93.4</ele><time>2023-08-29T10:05:47Z</time></trkpt><trkpt lat="58.036405" lon="39.112323"><ele>94.0</ele><time>2023-08-29T10:05:50Z</time></trkpt><trkpt lat="58.036467" lon="39.112398"><ele>94.1</ele><time>2023-08-29T10:05:52Z</time></trkpt><trkpt lat="58.036533" lon="39.112462"><ele>93.6</ele><time>2023-08-29T10:05:54Z</time></trkpt><trkpt lat="58.036598" lon="39.112522"><ele>93.7</ele><time>2023-08-29T10:05:56Z</time></trkpt><trkpt lat="58.03667" lon="39.112588"><ele>94.3</ele><time>2023-08-29T10:05:58Z</time></trkpt><trkpt lat="58.036733" lon="39.112652"><ele>94.3</ele><time>2023-08-29T10:06:00Z</time></trkpt><trkpt lat="58.036818" lon="39.112737"><ele>93.6</ele><time>2023-08-29T10:06:03Z</time></trkpt><trkpt lat="58.036888" lon="39.112827"><ele>93.5</ele><time>2023-08-29T10:06:06Z</time></trkpt><trkpt lat="58.036933" lon="39.112948"><ele>94.7</ele><time>2023-08-29T10:06:09Z</time></trkpt><trkpt lat="58.036985" lon="39.113045"><ele>95.2</ele><time>2023-08-29T10:06:13Z</time></trkpt><trkpt lat="58.037045" lon="39.113152"><ele>96.6</ele><time>2023-08-29T10:06:16Z</time></trkpt><trkpt lat="58.037122" lon="39.113295"><ele>97.4</ele><time>2023-08-29T10:06:19Z</time></trkpt><trkpt lat="58.037192" lon="39.113415"><ele>97.7</ele><time>2023-08-29T10:06:22Z</time></trkpt><trkpt lat="58.037273" lon="39.11344"><ele>99.7</ele><time>2023-08-29T10:06:26Z</time></trkpt><trkpt lat="58.03726" lon="39.113288"><ele>106.5</ele><time>2023-08-29T10:35:35Z</time></trkpt><trkpt lat="58.03729" lon="39.11316"><ele>104.0</ele><time>2023-08-29T10:35:49Z</time></trkpt><trkpt lat="58.037252" lon="39.112965"><ele>104.6</ele><time>2023-08-29T10:35:52Z</time></trkpt><trkpt lat="58.037225" lon="39.112817"><ele>103.3</ele><time>2023-08-29T10:35:54Z</time></trkpt><trkpt lat="58.037192" lon="39.112648"><ele>103.6</ele><time>2023-08-29T10:35:56Z</time></trkpt><trkpt lat="58.037168" lon="39.112503"><ele>104.2</ele><time>2023-08-29T10:35:58Z</time></trkpt><trkpt lat="58.037132" lon="39.112323"><ele>103.6</ele><time>2023-08-29T10:36:01Z</time></trkpt><trkpt lat="58.0371" lon="39.112188"><ele>104.4</ele><time>2023-08-29T10:36:04Z</time></trkpt><trkpt lat="58.037082" lon="39.112005"><ele>104.8</ele><time>2023-08-29T10:36:07Z</time></trkpt><trkpt lat="58.037092" lon="39.111832"><ele>101.7</ele><time>2023-08-29T10:36:10Z</time></trkpt><trkpt lat="58.037138" lon="39.111642"><ele>101.8</ele><time>2023-08-29T10:36:13Z</time></trkpt><trkpt lat="58.037158" lon="39.111438"><ele>102.3</ele><time>2023-08-29T10:36:15Z</time></trkpt><trkpt lat="58.037177" lon="39.111222"><ele>102.0</ele><time>2023-08-29T10:36:17Z</time></trkpt><trkpt lat="58.037215" lon="39.110975"><ele>101.7</ele><time>2023-08-29T10:36:19Z</time></trkpt><trkpt lat="58.037233" lon="39.110705"><ele>102.2</ele><time>2023-08-29T10:36:21Z</time></trkpt><trkpt lat="58.037275" lon="39.110538"><ele>101.8</ele><time>2023-08-29T10:36:23Z</time></trkpt><trkpt lat="58.03731" lon="39.110367"><ele>104.5</ele><time>2023-08-29T10:36:26Z</time></trkpt><trkpt lat="58.037262" lon="39.110212"><ele>106.2</ele><time>2023-08-29T10:36:31Z</time></trkpt><trkpt lat="58.037198" lon="39.110137"><ele>106.2</ele><time>2023-08-29T10:36:33Z</time></trkpt><trkpt lat="58.037103" lon="39.110025"><ele>105.5</ele><time>2023-08-29T10:36:36Z</time></trkpt><trkpt lat="58.037018" lon="39.110035"><ele>104.5</ele><time>2023-08-29T10:36:38Z</time></trkpt><trkpt lat="58.036912" lon="39.10995"><ele>102.8</ele><time>2023-08-29T10:36:40Z</time></trkpt><trkpt lat="58.036792" lon="39.109877"><ele>103.4</ele><time>2023-08-29T10:36:42Z</time></trkpt><trkpt lat="58.036672" lon="39.109832"><ele>103.4</ele><time>2023-08-29T10:36:44Z</time></trkpt><trkpt lat="58.03657" lon="39.109803"><ele>103.1</ele><time>2023-08-29T10:36:46Z</time></trkpt><trkpt lat="58.03647" lon="39.109745"><ele>102.7</ele><time>2023-08-29T10:36:48Z</time></trkpt><trkpt lat="58.036363" lon="39.109707"><ele>104.1</ele><time>2023-08-29T10:36:50Z</time></trkpt><trkpt lat="58.036267" lon="39.109672"><ele>103.8</ele><time>2023-08-29T10:36:52Z</time></trkpt><trkpt lat="58.036188" lon="39.109653"><ele>103.8</ele><time>2023-08-29T10:36:54Z</time></trkpt><trkpt lat="58.036082" lon="39.109647"><ele>104.9</ele><time>2023-08-29T10:36:56Z</time></trkpt><trkpt lat="58.035983" lon="39.10967"><ele>104.5</ele><time>2023-08-29T10:36:58Z</time></trkpt><trkpt lat="58.035895" lon="39.109602"><ele>104.6</ele><time>2023-08-29T10:37:00Z</time></trkpt><trkpt lat="58.035822" lon="39.109613"><ele>104.2</ele><time>2023-08-29T10:37:01Z</time></trkpt><trkpt lat="58.035732" lon="39.1096"><ele>104.6</ele><time>2023-08-29T10:37:03Z</time></trkpt><trkpt lat="58.035625" lon="39.109612"><ele>104.2</ele><time>2023-08-29T10:37:05Z</time></trkpt><trkpt lat="58.035545" lon="39.10961"><ele>104.0</ele><time>2023-08-29T10:37:07Z</time></trkpt><trkpt lat="58.035445" lon="39.109603"><ele>105.6</ele><time>2023-08-29T10:37:09Z</time></trkpt><trkpt lat="58.035328" lon="39.109602"><ele>105.6</ele><time>2023-08-29T10:37:11Z</time></trkpt><trkpt lat="58.03525" lon="39.109663"><ele>104.7</ele><time>2023-08-29T10:37:13Z</time></trkpt><trkpt lat="58.035188" lon="39.109748"><ele>104.5</ele><time>2023-08-29T10:37:15Z</time></trkpt><trkpt lat="58.03514" lon="39.109648"><ele>104.0</ele><time>2023-08-29T10:37:21Z</time></trkpt><trkpt lat="58.035108" lon="39.109505"><ele>103.4</ele><time>2023-08-29T10:37:23Z</time></trkpt><trkpt lat="58.035093" lon="39.109358"><ele>105.1</ele><time>2023-08-29T10:37:25Z</time></trkpt><trkpt lat="58.035093" lon="39.109197"><ele>103.8</ele><time>2023-08-29T10:37:27Z</time></trkpt><trkpt lat="58.035083" lon="39.10903"><ele>103.5</ele><time>2023-08-29T10:37:29Z</time></trkpt><trkpt lat="58.035063" lon="39.108833"><ele>103.6</ele><time>2023-08-29T10:37:31Z</time></trkpt><trkpt lat="58.035032" lon="39.108608"><ele>103.9</ele><time>2023-08-29T10:37:33Z</time></trkpt><trkpt lat="58.03502" lon="39.10837"><ele>103.5</ele><time>2023-08-29T10:37:35Z</time></trkpt><trkpt lat="58.035005" lon="39.108168"><ele>102.4</ele><time>2023-08-29T10:37:37Z</time></trkpt><trkpt lat="58.035" lon="39.108005"><ele>102.9</ele><time>2023-08-29T10:37:40Z</time></trkpt><trkpt lat="58.034962" lon="39.107882"><ele>102.9</ele><time>2023-08-29T10:37:44Z</time></trkpt><trkpt lat="58.034902" lon="39.1077"><ele>99.6</ele><time>2023-08-29T10:37:47Z</time></trkpt><trkpt lat="58.03486" lon="39.107513"><ele>97.3</ele><time>2023-08-29T10:37:49Z</time></trkpt><trkpt lat="58.034823" lon="39.10736"><ele>95.6</ele><time>2023-08-29T10:37:51Z</time></trkpt><trkpt lat="58.034795" lon="39.107213"><ele>96.3</ele><time>2023-08-29T10:37:53Z</time></trkpt><trkpt lat="58.034748" lon="39.107043"><ele>95.3</ele><time>2023-08-29T10:37:56Z</time></trkpt><trkpt lat="58.034718" lon="39.106912"><ele>94.3</ele><time>2023-08-29T10:37:58Z</time></trkpt><trkpt lat="58.034697" lon="39.10678"><ele>95.2</ele><time>2023-08-29T10:38:00Z</time></trkpt><trkpt lat="58.034668" lon="39.106597"><ele>93.8</ele><time>2023-08-29T10:38:03Z</time></trkpt><trkpt lat="58.034635" lon="39.106462"><ele>94.4</ele><time>2023-08-29T10:38:05Z</time></trkpt><trkpt lat="58.03461" lon="39.106307"><ele>94.1</ele><time>2023-08-29T10:38:07Z</time></trkpt><trkpt lat="58.034583" lon="39.106162"><ele>93.3</ele><time>2023-08-29T10:38:09Z</time></trkpt><trkpt lat="58.03456" lon="39.106018"><ele>93.8</ele><time>2023-08-29T10:38:11Z</time></trkpt><trkpt lat="58.034542" lon="39.105882"><ele>95.2</ele><time>2023-08-29T10:38:13Z</time></trkpt><trkpt lat="58.034517" lon="39.105688"><ele>93.6</ele><time>2023-08-29T10:38:16Z</time></trkpt><trkpt lat="58.034495" lon="39.105535"><ele>93.7</ele><time>2023-08-29T10:38:18Z</time></trkpt><trkpt lat="58.034475" lon="39.10539"><ele>93.7</ele><time>2023-08-29T10:38:20Z</time></trkpt><trkpt lat="58.034457" lon="39.105258"><ele>93.7</ele><time>2023-08-29T10:38:22Z</time></trkpt><trkpt lat="58.034435" lon="39.105108"><ele>92.3</ele><time>2023-08-29T10:38:24Z</time></trkpt><trkpt lat="58.034413" lon="39.104968"><ele>91.3</ele><time>2023-08-29T10:38:26Z</time></trkpt><trkpt lat="58.034393" lon="39.104828"><ele>91.4</ele><time>2023-08-29T10:38:28Z</time></trkpt><trkpt lat="58.034375" lon="39.104663"><ele>95.7</ele><time>2023-08-29T10:38:31Z</time></trkpt><trkpt lat="58.034355" lon="39.104468"><ele>95.7</ele><time>2023-08-29T10:38:34Z</time></trkpt><trkpt lat="58.03431" lon="39.104238"><ele>98.4</ele><time>2023-08-29T10:38:37Z</time></trkpt><trkpt lat="58.034277" lon="39.104082"><ele>100.2</ele><time>2023-08-29T10:38:39Z</time></trkpt><trkpt lat="58.034248" lon="39.103945"><ele>98.1</ele><time>2023-08-29T10:38:41Z</time></trkpt><trkpt lat="58.03424" lon="39.10376"><ele>96.9</ele><time>2023-08-29T10:38:45Z</time></trkpt><trkpt lat="58.034228" lon="39.103607"><ele>96.9</ele><time>2023-08-29T10:38:48Z</time></trkpt><trkpt lat="58.034242" lon="39.103423"><ele>98.5</ele><time>2023-08-29T10:38:51Z</time></trkpt><trkpt lat="58.034228" lon="39.103288"><ele>95.9</ele><time>2023-08-29T10:38:53Z</time></trkpt><trkpt lat="58.034235" lon="39.103113"><ele>97.0</ele><time>2023-08-29T10:38:56Z</time></trkpt><trkpt lat="58.034268" lon="39.102972"><ele>97.2</ele><time>2023-08-29T10:39:00Z</time></trkpt><trkpt lat="58.034247" lon="39.102797"><ele>96.7</ele><time>2023-08-29T10:39:03Z</time></trkpt><trkpt lat="58.034173" lon="39.102658"><ele>97.2</ele><time>2023-08-29T10:39:06Z</time></trkpt><trkpt lat="58.034105" lon="39.102588"><ele>96.1</ele><time>2023-08-29T10:39:08Z</time></trkpt><trkpt lat="58.034052" lon="39.102472"><ele>96.9</ele><time>2023-08-29T10:39:10Z</time></trkpt><trkpt lat="58.034018" lon="39.102337"><ele>97.7</ele><time>2023-08-29T10:39:12Z</time></trkpt><trkpt lat="58.033998" lon="39.102203"><ele>97.4</ele><time>2023-08-29T10:39:14Z</time></trkpt><trkpt lat="58.033995" lon="39.102048"><ele>97.0</ele><time>2023-08-29T10:39:16Z</time></trkpt><trkpt lat="58.03398" lon="39.101887"><ele>96.6</ele><time>2023-08-29T10:39:18Z</time></trkpt><trkpt lat="58.033957" lon="39.101757"><ele>96.9</ele><time>2023-08-29T10:39:20Z</time></trkpt><trkpt lat="58.033933" lon="39.101625"><ele>96.1</ele><time>2023-08-29T10:39:22Z</time></trkpt><trkpt lat="58.033883" lon="39.101447"><ele>96.0</ele><time>2023-08-29T10:39:25Z</time></trkpt><trkpt lat="58.033833" lon="39.101347"><ele>98.0</ele><time>2023-08-29T10:39:27Z</time></trkpt><trkpt lat="58.033777" lon="39.101257"><ele>98.1</ele><time>2023-08-29T10:39:29Z</time></trkpt><trkpt lat="58.033697" lon="39.101158"><ele>99.3</ele><time>2023-08-29T10:39:32Z</time></trkpt><trkpt lat="58.033638" lon="39.100985"><ele>99.7</ele><time>2023-08-29T10:39:35Z</time></trkpt><trkpt lat="58.033612" lon="39.100835"><ele>99.3</ele><time>2023-08-29T10:39:37Z</time></trkpt><trkpt lat="58.033598" lon="39.100642"><ele>104.3</ele><time>2023-08-29T10:39:40Z</time></trkpt><trkpt lat="58.033583" lon="39.100498"><ele>103.0</ele><time>2023-08-29T10:39:42Z</time></trkpt><trkpt lat="58.033518" lon="39.100355"><ele>101.3</ele><time>2023-08-29T10:39:45Z</time></trkpt><trkpt lat="58.033437" lon="39.10026"><ele>102.9</ele><time>2023-08-29T10:39:48Z</time></trkpt><trkpt lat="58.033373" lon="39.100172"><ele>103.0</ele><time>2023-08-29T10:39:51Z</time></trkpt><trkpt lat="58.033322" lon="39.100043"><ele>100.6</ele><time>2023-08-29T10:39:55Z</time></trkpt><trkpt lat="58.033288" lon="39.099923"><ele>98.7</ele><time>2023-08-29T10:39:58Z</time></trkpt><trkpt lat="58.03325" lon="39.099752"><ele>99.0</ele><time>2023-08-29T10:40:01Z</time></trkpt><trkpt lat="58.033238" lon="39.099573"><ele>99.7</ele><time>2023-08-29T10:40:04Z</time></trkpt><trkpt lat="58.033247" lon="39.099422"><ele>100.6</ele><time>2023-08-29T10:40:06Z</time></trkpt><trkpt lat="58.03325" lon="39.099267"><ele>98.8</ele><time>2023-08-29T10:40:08Z</time></trkpt><trkpt lat="58.03325" lon="39.099087"><ele>99.4</ele><time>2023-08-29T10:40:11Z</time></trkpt><trkpt lat="58.033272" lon="39.098927"><ele>102.3</ele><time>2023-08-29T10:40:14Z</time></trkpt><trkpt lat="58.033295" lon="39.098778"><ele>102.4</ele><time>2023-08-29T10:40:17Z</time></trkpt><trkpt lat="58.033328" lon="39.098623"><ele>99.4</ele><time>2023-08-29T10:40:20Z</time></trkpt><trkpt lat="58.033365" lon="39.09848"><ele>99.3</ele><time>2023-08-29T10:40:23Z</time></trkpt><trkpt lat="58.033392" lon="39.098325"><ele>100.6</ele><time>2023-08-29T10:40:26Z</time></trkpt><trkpt lat="58.033417" lon="39.098122"><ele>100.9</ele><time>2023-08-29T10:40:29Z</time></trkpt><trkpt lat="58.033427" lon="39.097963"><ele>100.5</ele><time>2023-08-29T10:40:31Z</time></trkpt><trkpt lat="58.033423" lon="39.097817"><ele>100.4</ele><time>2023-08-29T10:40:33Z</time></trkpt><trkpt lat="58.033392" lon="39.097647"><ele>99.7</ele><time>2023-08-29T10:40:36Z</time></trkpt><trkpt lat="58.033348" lon="39.097468"><ele>100.7</ele><time>2023-08-29T10:40:39Z</time></trkpt><trkpt lat="58.033333" lon="39.097333"><ele>101.1</ele><time>2023-08-29T10:40:41Z</time></trkpt><trkpt lat="58.033337" lon="39.097132"><ele>101.9</ele><time>2023-08-29T10:40:44Z</time></trkpt><trkpt lat="58.033345" lon="39.096945"><ele>102.5</ele><time>2023-08-29T10:40:47Z</time></trkpt><trkpt lat="58.033355" lon="39.096745"><ele>102.0</ele><time>2023-08-29T10:40:50Z</time></trkpt><trkpt lat="58.033352" lon="39.09661"><ele>102.9</ele><time>2023-08-29T10:40:52Z</time></trkpt><trkpt lat="58.033328" lon="39.096473"><ele>103.0</ele><time>2023-08-29T10:40:54Z</time></trkpt><trkpt lat="58.033295" lon="39.096337"><ele>102.9</ele><time>2023-08-29T10:40:56Z</time></trkpt><trkpt lat="58.033267" lon="39.096195"><ele>102.8</ele><time>2023-08-29T10:40:58Z</time></trkpt><trkpt lat="58.033252" lon="39.096037"><ele>103.1</ele><time>2023-08-29T10:41:00Z</time></trkpt><trkpt lat="58.033193" lon="39.095842"><ele>103.1</ele><time>2023-08-29T10:41:02Z</time></trkpt><trkpt lat="58.033163" lon="39.095715"><ele>101.7</ele><time>2023-08-29T10:41:04Z</time></trkpt><trkpt lat="58.033148" lon="39.09554"><ele>102.4</ele><time>2023-08-29T10:41:06Z</time></trkpt><trkpt lat="58.033123" lon="39.095397"><ele>103.4</ele><time>2023-08-29T10:41:08Z</time></trkpt><trkpt lat="58.033095" lon="39.095255"><ele>107.9</ele><time>2023-08-29T10:41:10Z</time></trkpt><trkpt lat="58.033057" lon="39.095088"><ele>108.0</ele><time>2023-08-29T10:41:13Z</time></trkpt><trkpt lat="58.03303" lon="39.094913"><ele>108.0</ele><time>2023-08-29T10:41:15Z</time></trkpt><trkpt lat="58.033012" lon="39.094767"><ele>110.3</ele><time>2023-08-29T10:41:17Z</time></trkpt><trkpt lat="58.033002" lon="39.094575"><ele>109.9</ele><time>2023-08-29T10:41:20Z</time></trkpt><trkpt lat="58.032992" lon="39.094417"><ele>110.8</ele><time>2023-08-29T10:41:22Z</time></trkpt><trkpt lat="58.032978" lon="39.094262"><ele>110.2</ele><time>2023-08-29T10:41:24Z</time></trkpt><trkpt lat="58.03296" lon="39.094095"><ele>109.2</ele><time>2023-08-29T10:41:26Z</time></trkpt><trkpt lat="58.032917" lon="39.093925"><ele>107.9</ele><time>2023-08-29T10:41:28Z</time></trkpt><trkpt lat="58.03287" lon="39.093807"><ele>107.6</ele><time>2023-08-29T10:41:30Z</time></trkpt><trkpt lat="58.03283" lon="39.093662"><ele>103.9</ele><time>2023-08-29T10:41:32Z</time></trkpt><trkpt lat="58.032813" lon="39.093465"><ele>103.0</ele><time>2023-08-29T10:41:34Z</time></trkpt><trkpt lat="58.032803" lon="39.0933"><ele>103.7</ele><time>2023-08-29T10:41:36Z</time></trkpt><trkpt lat="58.032777" lon="39.093087"><ele>102.9</ele><time>2023-08-29T10:41:39Z</time></trkpt><trkpt lat="58.032745" lon="39.092927"><ele>103.0</ele><time>2023-08-29T10:41:42Z</time></trkpt><trkpt lat="58.032722" lon="39.092793"><ele>108.3</ele><time>2023-08-29T10:41:44Z</time></trkpt><trkpt lat="58.03269" lon="39.092613"><ele>106.6</ele><time>2023-08-29T10:41:46Z</time></trkpt><trkpt lat="58.032655" lon="39.092423"><ele>107.3</ele><time>2023-08-29T10:41:48Z</time></trkpt><trkpt lat="58.032625" lon="39.09227"><ele>107.1</ele><time>2023-08-29T10:41:49Z</time></trkpt><trkpt lat="58.032583" lon="39.092048"><ele>105.2</ele><time>2023-08-29T10:41:51Z</time></trkpt><trkpt lat="58.032542" lon="39.091868"><ele>106.8</ele><time>2023-08-29T10:41:53Z</time></trkpt><trkpt lat="58.03252" lon="39.091692"><ele>106.7</ele><time>2023-08-29T10:41:55Z</time></trkpt><trkpt lat="58.03244" lon="39.091622"><ele>106.1</ele><time>2023-08-29T10:41:57Z</time></trkpt><trkpt lat="58.032368" lon="39.091513"><ele>105.7</ele><time>2023-08-29T10:42:00Z</time></trkpt><trkpt lat="58.032383" lon="39.091307"><ele>104.5</ele><time>2023-08-29T10:42:03Z</time></trkpt><trkpt lat="58.032393" lon="39.09115"><ele>104.0</ele><time>2023-08-29T10:42:05Z</time></trkpt><trkpt lat="58.032428" lon="39.090968"><ele>102.6</ele><time>2023-08-29T10:42:08Z</time></trkpt><trkpt lat="58.032465" lon="39.0908"><ele>101.4</ele><time>2023-08-29T10:42:11Z</time></trkpt><trkpt lat="58.032518" lon="39.090687"><ele>100.3</ele><time>2023-08-29T10:42:13Z</time></trkpt><trkpt lat="58.032572" lon="39.090575"><ele>99.2</ele><time>2023-08-29T10:42:15Z</time></trkpt><trkpt lat="58.032635" lon="39.090488"><ele>98.6</ele><time>2023-08-29T10:42:17Z</time></trkpt><trkpt lat="58.032708" lon="39.090405"><ele>97.7</ele><time>2023-08-29T10:42:19Z</time></trkpt><trkpt lat="58.032772" lon="39.090328"><ele>96.8</ele><time>2023-08-29T10:42:21Z</time></trkpt><trkpt lat="58.032842" lon="39.090262"><ele>95.5</ele><time>2023-08-29T10:42:23Z</time></trkpt><trkpt lat="58.032913" lon="39.09016"><ele>95.9</ele><time>2023-08-29T10:42:25Z</time></trkpt><trkpt lat="58.032983" lon="39.09003"><ele>94.1</ele><time>2023-08-29T10:42:28Z</time></trkpt><trkpt lat="58.033045" lon="39.089898"><ele>94.2</ele><time>2023-08-29T10:42:30Z</time></trkpt><trkpt lat="58.033102" lon="39.089767"><ele>93.1</ele><time>2023-08-29T10:42:32Z</time></trkpt><trkpt lat="58.033173" lon="39.089627"><ele>94.1</ele><time>2023-08-29T10:42:35Z</time></trkpt><trkpt lat="58.033262" lon="39.08952"><ele>94.2</ele><time>2023-08-29T10:42:38Z</time></trkpt><trkpt lat="58.033353" lon="39.089445"><ele>94.1</ele><time>2023-08-29T10:42:41Z</time></trkpt><trkpt lat="58.033433" lon="39.089393"><ele>93.9</ele><time>2023-08-29T10:42:44Z</time></trkpt><trkpt lat="58.03352" lon="39.089317"><ele>92.5</ele><time>2023-08-29T10:42:47Z</time></trkpt><trkpt lat="58.033573" lon="39.089207"><ele>91.1</ele><time>2023-08-29T10:42:50Z</time></trkpt><trkpt lat="58.033583" lon="39.08907"><ele>91.4</ele><time>2023-08-29T10:42:52Z</time></trkpt><trkpt lat="58.033588" lon="39.088928"><ele>91.5</ele><time>2023-08-29T10:42:54Z</time></trkpt><trkpt lat="58.033588" lon="39.088745"><ele>92.6</ele><time>2023-08-29T10:42:57Z</time></trkpt><trkpt lat="58.033572" lon="39.08855"><ele>95.2</ele><time>2023-08-29T10:43:00Z</time></trkpt><trkpt lat="58.033545" lon="39.088403"><ele>95.4</ele><time>2023-08-29T10:43:02Z</time></trkpt><trkpt lat="58.033503" lon="39.088257"><ele>95.8</ele><time>2023-08-29T10:43:04Z</time></trkpt><trkpt lat="58.033453" lon="39.088128"><ele>95.3</ele><time>2023-08-29T10:43:06Z</time></trkpt><trkpt lat="58.03338" lon="39.087997"><ele>95.4</ele><time>2023-08-29T10:43:09Z</time></trkpt><trkpt lat="58.033312" lon="39.087887"><ele>95.9</ele><time>2023-08-29T10:43:11Z</time></trkpt><trkpt lat="58.03324" lon="39.087772"><ele>96.5</ele><time>2023-08-29T10:43:13Z</time></trkpt><trkpt lat="58.033162" lon="39.087685"><ele>96.7</ele><time>2023-08-29T10:43:15Z</time></trkpt><trkpt lat="58.033103" lon="39.087588"><ele>97.8</ele><time>2023-08-29T10:43:17Z</time></trkpt><trkpt lat="58.033033" lon="39.087482"><ele>98.8</ele><time>2023-08-29T10:43:21Z</time></trkpt><trkpt lat="58.032995" lon="39.087335"><ele>100.9</ele><time>2023-08-29T10:43:28Z</time></trkpt><trkpt lat="58.032958" lon="39.087177"><ele>99.3</ele><time>2023-08-29T10:43:32Z</time></trkpt><trkpt lat="58.032925" lon="39.087053"><ele>100.2</ele><time>2023-08-29T10:43:35Z</time></trkpt><trkpt lat="58.032893" lon="39.086915"><ele>102.1</ele><time>2023-08-29T10:43:38Z</time></trkpt><trkpt lat="58.032875" lon="39.086775"><ele>102.9</ele><time>2023-08-29T10:43:41Z</time></trkpt><trkpt lat="58.03288" lon="39.086633"><ele>102.3</ele><time>2023-08-29T10:43:44Z</time></trkpt><trkpt lat="58.0329" lon="39.086493"><ele>99.6</ele><time>2023-08-29T10:43:48Z</time></trkpt><trkpt lat="58.032897" lon="39.086287"><ele>99.8</ele><time>2023-08-29T10:43:51Z</time></trkpt><trkpt lat="58.032875" lon="39.086122"><ele>99.9</ele><time>2023-08-29T10:43:53Z</time></trkpt><trkpt lat="58.032838" lon="39.085965"><ele>100.7</ele><time>2023-08-29T10:43:55Z</time></trkpt><trkpt lat="58.032788" lon="39.085857"><ele>100.6</ele><time>2023-08-29T10:43:57Z</time></trkpt><trkpt lat="58.032713" lon="39.08575"><ele>101.3</ele><time>2023-08-29T10:43:59Z</time></trkpt><trkpt lat="58.03264" lon="39.08566"><ele>101.3</ele><time>2023-08-29T10:44:01Z</time></trkpt><trkpt lat="58.032548" lon="39.085508"><ele>99.2</ele><time>2023-08-29T10:44:03Z</time></trkpt><trkpt lat="58.032502" lon="39.085397"><ele>98.6</ele><time>2023-08-29T10:44:05Z</time></trkpt><trkpt lat="58.032437" lon="39.08526"><ele>98.5</ele><time>2023-08-29T10:44:07Z</time></trkpt><trkpt lat="58.032412" lon="39.085123"><ele>99.0</ele><time>2023-08-29T10:44:09Z</time></trkpt><trkpt lat="58.03238" lon="39.084917"><ele>93.1</ele><time>2023-08-29T10:44:12Z</time></trkpt><trkpt lat="58.03233" lon="39.08477"><ele>92.7</ele><time>2023-08-29T10:44:13Z</time></trkpt><trkpt lat="58.032303" lon="39.084598"><ele>93.6</ele><time>2023-08-29T10:44:16Z</time></trkpt><trkpt lat="58.032268" lon="39.084417"><ele>93.9</ele><time>2023-08-29T10:44:18Z</time></trkpt><trkpt lat="58.032227" lon="39.084235"><ele>96.4</ele><time>2023-08-29T10:44:21Z</time></trkpt><trkpt lat="58.032222" lon="39.08408"><ele>97.1</ele><time>2023-08-29T10:44:24Z</time></trkpt><trkpt lat="58.032218" lon="39.083883"><ele>96.1</ele><time>2023-08-29T10:44:27Z</time></trkpt><trkpt lat="58.0322" lon="39.083725"><ele>95.9</ele><time>2023-08-29T10:44:29Z</time></trkpt><trkpt lat="58.032158" lon="39.083555"><ele>95.8</ele><time>2023-08-29T10:44:31Z</time></trkpt><trkpt lat="58.03209" lon="39.083397"><ele>97.2</ele><time>2023-08-29T10:44:33Z</time></trkpt><trkpt lat="58.03202" lon="39.083285"><ele>96.4</ele><time>2023-08-29T10:44:35Z</time></trkpt><trkpt lat="58.03196" lon="39.083192"><ele>96.4</ele><time>2023-08-29T10:44:37Z</time></trkpt><trkpt lat="58.031902" lon="39.08308"><ele>96.3</ele><time>2023-08-29T10:44:40Z</time></trkpt><trkpt lat="58.031848" lon="39.082953"><ele>95.1</ele><time>2023-08-29T10:44:42Z</time></trkpt><trkpt lat="58.031802" lon="39.082827"><ele>96.5</ele><time>2023-08-29T10:44:44Z</time></trkpt><trkpt lat="58.031753" lon="39.082657"><ele>94.6</ele><time>2023-08-29T10:44:47Z</time></trkpt><trkpt lat="58.03171" lon="39.0825"><ele>94.3</ele><time>2023-08-29T10:44:50Z</time></trkpt><trkpt lat="58.031668" lon="39.082365"><ele>94.3</ele><time>2023-08-29T10:44:55Z</time></trkpt><trkpt lat="58.031633" lon="39.082212"><ele>96.0</ele><time>2023-08-29T10:44:58Z</time></trkpt><trkpt lat="58.031618" lon="39.082043"><ele>96.4</ele><time>2023-08-29T10:45:01Z</time></trkpt><trkpt lat="58.031608" lon="39.081885"><ele>96.7</ele><time>2023-08-29T10:45:04Z</time></trkpt><trkpt lat="58.03161" lon="39.08174"><ele>96.0</ele><time>2023-08-29T10:45:07Z</time></trkpt><trkpt lat="58.031592" lon="39.081525"><ele>95.1</ele><time>2023-08-29T10:45:10Z</time></trkpt><trkpt lat="58.031577" lon="39.081363"><ele>95.4</ele><time>2023-08-29T10:45:12Z</time></trkpt><trkpt lat="58.031572" lon="39.081215"><ele>95.3</ele><time>2023-08-29T10:45:14Z</time></trkpt><trkpt lat="58.03157" lon="39.081062"><ele>94.4</ele><time>2023-08-29T10:45:16Z</time></trkpt><trkpt lat="58.031567" lon="39.080893"><ele>95.1</ele><time>2023-08-29T10:45:18Z</time></trkpt><trkpt lat="58.031563" lon="39.080738"><ele>94.9</ele><time>2023-08-29T10:45:20Z</time></trkpt><trkpt lat="58.031552" lon="39.08059"><ele>95.6</ele><time>2023-08-29T10:45:22Z</time></trkpt><trkpt lat="58.031533" lon="39.080445"><ele>95.3</ele><time>2023-08-29T10:45:24Z</time></trkpt><trkpt lat="58.031512" lon="39.080305"><ele>96.2</ele><time>2023-08-29T10:45:26Z</time></trkpt><trkpt lat="58.031485" lon="39.080167"><ele>96.3</ele><time>2023-08-29T10:45:28Z</time></trkpt><trkpt lat="58.031453" lon="39.080032"><ele>95.8</ele><time>2023-08-29T10:45:30Z</time></trkpt><trkpt lat="58.031425" lon="39.07989"><ele>95.7</ele><time>2023-08-29T10:45:32Z</time></trkpt><trkpt lat="58.031402" lon="39.079737"><ele>97.2</ele><time>2023-08-29T10:45:34Z</time></trkpt><trkpt lat="58.031385" lon="39.07958"><ele>97.1</ele><time>2023-08-29T10:45:36Z</time></trkpt><trkpt lat="58.031385" lon="39.079415"><ele>96.4</ele><time>2023-08-29T10:45:38Z</time></trkpt><trkpt lat="58.031393" lon="39.079218"><ele>97.2</ele><time>2023-08-29T10:45:41Z</time></trkpt><trkpt lat="58.031402" lon="39.07908"><ele>98.2</ele><time>2023-08-29T10:45:43Z</time></trkpt><trkpt lat="58.031395" lon="39.078915"><ele>98.7</ele><time>2023-08-29T10:45:46Z</time></trkpt><trkpt lat="58.031373" lon="39.078717"><ele>99.0</ele><time>2023-08-29T10:45:49Z</time></trkpt><trkpt lat="58.031355" lon="39.07853"><ele>97.5</ele><time>2023-08-29T10:45:52Z</time></trkpt><trkpt lat="58.031333" lon="39.078348"><ele>96.6</ele><time>2023-08-29T10:45:55Z</time></trkpt><trkpt lat="58.03132" lon="39.078212"><ele>97.7</ele><time>2023-08-29T10:45:57Z</time></trkpt><trkpt lat="58.03131" lon="39.078075"><ele>98.0</ele><time>2023-08-29T10:45:59Z</time></trkpt><trkpt lat="58.031303" lon="39.077905"><ele>98.3</ele><time>2023-08-29T10:46:02Z</time></trkpt><trkpt lat="58.031308" lon="39.07777"><ele>98.6</ele><time>2023-08-29T10:46:05Z</time></trkpt><trkpt lat="58.031298" lon="39.077602"><ele>99.0</ele><time>2023-08-29T10:46:09Z</time></trkpt><trkpt lat="58.031277" lon="39.077443"><ele>98.2</ele><time>2023-08-29T10:46:12Z</time></trkpt><trkpt lat="58.031255" lon="39.077267"><ele>97.7</ele><time>2023-08-29T10:46:15Z</time></trkpt><trkpt lat="58.031242" lon="39.077077"><ele>99.2</ele><time>2023-08-29T10:46:18Z</time></trkpt><trkpt lat="58.031228" lon="39.076922"><ele>98.2</ele><time>2023-08-29T10:46:21Z</time></trkpt><trkpt lat="58.031215" lon="39.076768"><ele>98.7</ele><time>2023-08-29T10:46:24Z</time></trkpt><trkpt lat="58.031198" lon="39.07663"><ele>100.8</ele><time>2023-08-29T10:46:27Z</time></trkpt><trkpt lat="58.031188" lon="39.076483"><ele>101.6</ele><time>2023-08-29T10:46:30Z</time></trkpt><trkpt lat="58.03119" lon="39.076308"><ele>101.3</ele><time>2023-08-29T10:46:33Z</time></trkpt><trkpt lat="58.031227" lon="39.076145"><ele>102.7</ele><time>2023-08-29T10:46:36Z</time></trkpt><trkpt lat="58.031332" lon="39.076075"><ele>101.7</ele><time>2023-08-29T10:46:39Z</time></trkpt><trkpt lat="58.03141" lon="39.076067"><ele>103.7</ele><time>2023-08-29T10:46:41Z</time></trkpt><trkpt lat="58.03152" lon="39.076042"><ele>103.3</ele><time>2023-08-29T10:46:44Z</time></trkpt><trkpt lat="58.031607" lon="39.076027"><ele>104.9</ele><time>2023-08-29T10:46:46Z</time></trkpt><trkpt lat="58.031685" lon="39.076002"><ele>103.8</ele><time>2023-08-29T10:46:48Z</time></trkpt><trkpt lat="58.03176" lon="39.075977"><ele>104.2</ele><time>2023-08-29T10:46:50Z</time></trkpt><trkpt lat="58.031842" lon="39.075957"><ele>104.9</ele><time>2023-08-29T10:46:52Z</time></trkpt><trkpt lat="58.031927" lon="39.075945"><ele>106.1</ele><time>2023-08-29T10:46:54Z</time></trkpt><trkpt lat="58.032005" lon="39.075938"><ele>107.5</ele><time>2023-08-29T10:46:56Z</time></trkpt><trkpt lat="58.032107" lon="39.075928"><ele>107.8</ele><time>2023-08-29T10:46:59Z</time></trkpt><trkpt lat="58.032188" lon="39.075912"><ele>109.6</ele><time>2023-08-29T10:47:02Z</time></trkpt><trkpt lat="58.032282" lon="39.07589"><ele>110.3</ele><time>2023-08-29T10:47:05Z</time></trkpt><trkpt lat="58.032357" lon="39.075883"><ele>111.1</ele><time>2023-08-29T10:47:08Z</time></trkpt><trkpt lat="58.032442" lon="39.075865"><ele>112.4</ele><time>2023-08-29T10:47:14Z</time></trkpt><trkpt lat="58.032515" lon="39.075853"><ele>112.2</ele><time>2023-08-29T10:47:17Z</time></trkpt><trkpt lat="58.032603" lon="39.075842"><ele>113.2</ele><time>2023-08-29T10:47:21Z</time></trkpt><trkpt lat="58.032685" lon="39.075835"><ele>113.6</ele><time>2023-08-29T10:47:24Z</time></trkpt><trkpt lat="58.032768" lon="39.075813"><ele>113.5</ele><time>2023-08-29T10:47:28Z</time></trkpt><trkpt lat="58.032845" lon="39.075778"><ele>113.2</ele><time>2023-08-29T10:47:36Z</time></trkpt><trkpt lat="58.03292" lon="39.075752"><ele>112.8</ele><time>2023-08-29T10:47:42Z</time></trkpt><trkpt lat="58.03299" lon="39.075717"><ele>113.3</ele><time>2023-08-29T10:47:49Z</time></trkpt><trkpt lat="58.03306" lon="39.075647"><ele>113.9</ele><time>2023-08-29T10:47:56Z</time></trkpt><trkpt lat="58.033135" lon="39.075612"><ele>113.8</ele><time>2023-08-29T10:48:02Z</time></trkpt><trkpt lat="58.033207" lon="39.075622"><ele>114.6</ele><time>2023-08-29T10:48:08Z</time></trkpt><trkpt lat="58.033287" lon="39.075605"><ele>114.9</ele><time>2023-08-29T10:48:13Z</time></trkpt><trkpt lat="58.033362" lon="39.075572"><ele>116.5</ele><time>2023-08-29T10:48:19Z</time></trkpt><trkpt lat="58.033433" lon="39.075558"><ele>117.5</ele><time>2023-08-29T10:48:25Z</time></trkpt><trkpt lat="58.033505" lon="39.07553"><ele>118.2</ele><time>2023-08-29T10:48:31Z</time></trkpt><trkpt lat="58.033583" lon="39.075517"><ele>118.6</ele><time>2023-08-29T10:48:37Z</time></trkpt><trkpt lat="58.03366" lon="39.075493"><ele>119.3</ele><time>2023-08-29T10:48:43Z</time></trkpt><trkpt lat="58.033743" lon="39.07548"><ele>120.0</ele><time>2023-08-29T10:48:49Z</time></trkpt><trkpt lat="58.033815" lon="39.07546"><ele>120.4</ele><time>2023-08-29T10:48:54Z</time></trkpt><trkpt lat="58.033898" lon="39.075432"><ele>120.6</ele><time>2023-08-29T10:49:00Z</time></trkpt><trkpt lat="58.033862" lon="39.075293"><ele>121.2</ele><time>2023-08-29T10:49:15Z</time></trkpt><trkpt lat="58.033798" lon="39.075198"><ele>121.2</ele><time>2023-08-29T10:49:18Z</time></trkpt><trkpt lat="58.033768" lon="39.075032"><ele>120.8</ele><time>2023-08-29T10:49:21Z</time></trkpt><trkpt lat="58.033763" lon="39.074863"><ele>120.6</ele><time>2023-08-29T10:49:24Z</time></trkpt><trkpt lat="58.033763" lon="39.074717"><ele>120.8</ele><time>2023-08-29T10:49:27Z</time></trkpt><trkpt lat="58.033758" lon="39.074527"><ele>120.3</ele><time>2023-08-29T10:49:30Z</time></trkpt><trkpt lat="58.033748" lon="39.074383"><ele>120.2</ele><time>2023-08-29T10:49:32Z</time></trkpt><trkpt lat="58.033733" lon="39.07418"><ele>121.1</ele><time>2023-08-29T10:49:35Z</time></trkpt><trkpt lat="58.033727" lon="39.07404"><ele>121.4</ele><time>2023-08-29T10:49:37Z</time></trkpt><trkpt lat="58.033715" lon="39.0739"><ele>121.0</ele><time>2023-08-29T10:49:39Z</time></trkpt><trkpt lat="58.0337" lon="39.07376"><ele>122.1</ele><time>2023-08-29T10:49:41Z</time></trkpt><trkpt lat="58.033685" lon="39.073618"><ele>122.8</ele><time>2023-08-29T10:49:43Z</time></trkpt><trkpt lat="58.03367" lon="39.073423"><ele>123.3</ele><time>2023-08-29T10:49:46Z</time></trkpt><trkpt lat="58.033658" lon="39.073278"><ele>123.4</ele><time>2023-08-29T10:49:48Z</time></trkpt><trkpt lat="58.033647" lon="39.073127"><ele>123.4</ele><time>2023-08-29T10:49:50Z</time></trkpt><trkpt lat="58.033633" lon="39.07298"><ele>123.1</ele><time>2023-08-29T10:49:52Z</time></trkpt><trkpt lat="58.033623" lon="39.072842"><ele>123.1</ele><time>2023-08-29T10:49:54Z</time></trkpt><trkpt lat="58.033613" lon="39.0727"><ele>123.6</ele><time>2023-08-29T10:49:56Z</time></trkpt><trkpt lat="58.033605" lon="39.072557"><ele>123.9</ele><time>2023-08-29T10:49:58Z</time></trkpt><trkpt lat="58.033595" lon="39.07241"><ele>123.6</ele><time>2023-08-29T10:50:00Z</time></trkpt><trkpt lat="58.033582" lon="39.072258"><ele>122.6</ele><time>2023-08-29T10:50:02Z</time></trkpt><trkpt lat="58.03357" lon="39.07211"><ele>123.9</ele><time>2023-08-29T10:50:04Z</time></trkpt><trkpt lat="58.03356" lon="39.071967"><ele>123.8</ele><time>2023-08-29T10:50:06Z</time></trkpt><trkpt lat="58.03355" lon="39.071818"><ele>124.2</ele><time>2023-08-29T10:50:08Z</time></trkpt><trkpt lat="58.033538" lon="39.071667"><ele>123.8</ele><time>2023-08-29T10:50:10Z</time></trkpt><trkpt lat="58.03353" lon="39.071528"><ele>124.6</ele><time>2023-08-29T10:50:12Z</time></trkpt><trkpt lat="58.033517" lon="39.07133"><ele>124.7</ele><time>2023-08-29T10:50:15Z</time></trkpt><trkpt lat="58.033505" lon="39.071187"><ele>124.3</ele><time>2023-08-29T10:50:17Z</time></trkpt><trkpt lat="58.033493" lon="39.070995"><ele>124.7</ele><time>2023-08-29T10:50:20Z</time></trkpt><trkpt lat="58.033473" lon="39.07079"><ele>125.4</ele><time>2023-08-29T10:50:23Z</time></trkpt><trkpt lat="58.033457" lon="39.070647"><ele>125.4</ele><time>2023-08-29T10:50:25Z</time></trkpt><trkpt lat="58.033438" lon="39.070512"><ele>125.1</ele><time>2023-08-29T10:50:27Z</time></trkpt><trkpt lat="58.033423" lon="39.070317"><ele>125.8</ele><time>2023-08-29T10:50:30Z</time></trkpt><trkpt lat="58.03341" lon="39.07018"><ele>125.7</ele><time>2023-08-29T10:50:32Z</time></trkpt><trkpt lat="58.033398" lon="39.070047"><ele>125.4</ele><time>2023-08-29T10:50:34Z</time></trkpt><trkpt lat="58.033382" lon="39.069847"><ele>124.4</ele><time>2023-08-29T10:50:37Z</time></trkpt><trkpt lat="58.033368" lon="39.069668"><ele>124.6</ele><time>2023-08-29T10:50:40Z</time></trkpt><trkpt lat="58.033362" lon="39.069507"><ele>123.5</ele><time>2023-08-29T10:50:43Z</time></trkpt><trkpt lat="58.033355" lon="39.06935"><ele>122.8</ele><time>2023-08-29T10:50:46Z</time></trkpt><trkpt lat="58.033345" lon="39.06918"><ele>122.1</ele><time>2023-08-29T10:50:49Z</time></trkpt><trkpt lat="58.033325" lon="39.069"><ele>122.3</ele><time>2023-08-29T10:50:52Z</time></trkpt><trkpt lat="58.033305" lon="39.068822"><ele>121.9</ele><time>2023-08-29T10:50:55Z</time></trkpt><trkpt lat="58.033295" lon="39.068678"><ele>122.9</ele><time>2023-08-29T10:50:57Z</time></trkpt><trkpt lat="58.03328" lon="39.068528"><ele>122.3</ele><time>2023-08-29T10:50:59Z</time></trkpt><trkpt lat="58.033265" lon="39.06839"><ele>121.8</ele><time>2023-08-29T10:51:01Z</time></trkpt><trkpt lat="58.033253" lon="39.068257"><ele>121.3</ele><time>2023-08-29T10:51:03Z</time></trkpt><trkpt lat="58.033242" lon="39.068122"><ele>121.5</ele><time>2023-08-29T10:51:05Z</time></trkpt><trkpt lat="58.033228" lon="39.067922"><ele>122.1</ele><time>2023-08-29T10:51:08Z</time></trkpt><trkpt lat="58.03322" lon="39.067785"><ele>121.5</ele><time>2023-08-29T10:51:10Z</time></trkpt><trkpt lat="58.033213" lon="39.067648"><ele>120.3</ele><time>2023-08-29T10:51:12Z</time></trkpt><trkpt lat="58.033202" lon="39.0675"><ele>119.7</ele><time>2023-08-29T10:51:14Z</time></trkpt><trkpt lat="58.033183" lon="39.06729"><ele>119.9</ele><time>2023-08-29T10:51:17Z</time></trkpt><trkpt lat="58.033167" lon="39.06713"><ele>120.0</ele><time>2023-08-29T10:51:19Z</time></trkpt><trkpt lat="58.03315" lon="39.066985"><ele>120.8</ele><time>2023-08-29T10:51:21Z</time></trkpt><trkpt lat="58.033135" lon="39.066835"><ele>121.6</ele><time>2023-08-29T10:51:23Z</time></trkpt><trkpt lat="58.033122" lon="39.066673"><ele>121.7</ele><time>2023-08-29T10:51:24Z</time></trkpt><trkpt lat="58.03311" lon="39.066535"><ele>122.1</ele><time>2023-08-29T10:51:26Z</time></trkpt><trkpt lat="58.0331" lon="39.066392"><ele>121.7</ele><time>2023-08-29T10:51:28Z</time></trkpt><trkpt lat="58.033087" lon="39.066255"><ele>121.4</ele><time>2023-08-29T10:51:30Z</time></trkpt><trkpt lat="58.033075" lon="39.066108"><ele>122.1</ele><time>2023-08-29T10:51:32Z</time></trkpt><trkpt lat="58.033062" lon="39.065963"><ele>122.3</ele><time>2023-08-29T10:51:34Z</time></trkpt><trkpt lat="58.033053" lon="39.065827"><ele>122.1</ele><time>2023-08-29T10:51:36Z</time></trkpt><trkpt lat="58.033045" lon="39.065692"><ele>122.1</ele><time>2023-08-29T10:51:38Z</time></trkpt><trkpt lat="58.033037" lon="39.065552"><ele>122.7</ele><time>2023-08-29T10:51:40Z</time></trkpt><trkpt lat="58.033028" lon="39.065402"><ele>122.8</ele><time>2023-08-29T10:51:42Z</time></trkpt><trkpt lat="58.033013" lon="39.065253"><ele>122.5</ele><time>2023-08-29T10:51:44Z</time></trkpt><trkpt lat="58.032993" lon="39.065115"><ele>122.5</ele><time>2023-08-29T10:51:46Z</time></trkpt><trkpt lat="58.032952" lon="39.064932"><ele>122.5</ele><time>2023-08-29T10:51:49Z</time></trkpt><trkpt lat="58.032917" lon="39.064792"><ele>122.7</ele><time>2023-08-29T10:51:52Z</time></trkpt><trkpt lat="58.03284" lon="39.06476"><ele>122.6</ele><time>2023-08-29T10:52:06Z</time></trkpt><trkpt lat="58.032763" lon="39.064805"><ele>122.3</ele><time>2023-08-29T10:52:09Z</time></trkpt><trkpt lat="58.032673" lon="39.064835"><ele>123.2</ele><time>2023-08-29T10:52:12Z</time></trkpt><trkpt lat="58.032572" lon="39.064832"><ele>124.7</ele><time>2023-08-29T10:52:15Z</time></trkpt><trkpt lat="58.032497" lon="39.06488"><ele>126.9</ele><time>2023-08-29T10:52:17Z</time></trkpt><trkpt lat="58.032418" lon="39.064903"><ele>126.7</ele><time>2023-08-29T10:52:19Z</time></trkpt><trkpt lat="58.032325" lon="39.064977"><ele>126.3</ele><time>2023-08-29T10:52:21Z</time></trkpt><trkpt lat="58.032217" lon="39.065045"><ele>126.7</ele><time>2023-08-29T10:52:23Z</time></trkpt><trkpt lat="58.032112" lon="39.0651"><ele>126.4</ele><time>2023-08-29T10:52:25Z</time></trkpt><trkpt lat="58.031985" lon="39.065137"><ele>126.5</ele><time>2023-08-29T10:52:27Z</time></trkpt><trkpt lat="58.031858" lon="39.065182"><ele>126.7</ele><time>2023-08-29T10:52:29Z</time></trkpt><trkpt lat="58.031727" lon="39.06526"><ele>126.7</ele><time>2023-08-29T10:52:31Z</time></trkpt><trkpt lat="58.031608" lon="39.065317"><ele>126.7</ele><time>2023-08-29T10:52:33Z</time></trkpt><trkpt lat="58.03153" lon="39.065347"><ele>126.3</ele><time>2023-08-29T10:52:34Z</time></trkpt><trkpt lat="58.031457" lon="39.06538"><ele>126.4</ele><time>2023-08-29T10:52:35Z</time></trkpt><trkpt lat="58.031372" lon="39.06542"><ele>126.4</ele><time>2023-08-29T10:52:36Z</time></trkpt><trkpt lat="58.03123" lon="39.065492"><ele>126.4</ele><time>2023-08-29T10:52:38Z</time></trkpt><trkpt lat="58.031087" lon="39.065532"><ele>127.6</ele><time>2023-08-29T10:52:40Z</time></trkpt><trkpt lat="58.031012" lon="39.065563"><ele>127.0</ele><time>2023-08-29T10:52:41Z</time></trkpt><trkpt lat="58.030895" lon="39.0656"><ele>126.3</ele><time>2023-08-29T10:52:43Z</time></trkpt><trkpt lat="58.03082" lon="39.065647"><ele>124.9</ele><time>2023-08-29T10:52:44Z</time></trkpt><trkpt lat="58.030692" lon="39.06571"><ele>122.5</ele><time>2023-08-29T10:52:46Z</time></trkpt><trkpt lat="58.030555" lon="39.065738"><ele>121.0</ele><time>2023-08-29T10:52:48Z</time></trkpt><trkpt lat="58.03047" lon="39.065747"><ele>119.6</ele><time>2023-08-29T10:52:49Z</time></trkpt><trkpt lat="58.030337" lon="39.065797"><ele>118.2</ele><time>2023-08-29T10:52:51Z</time></trkpt><trkpt lat="58.03021" lon="39.065843"><ele>117.7</ele><time>2023-08-29T10:52:53Z</time></trkpt><trkpt lat="58.030145" lon="39.065782"><ele>117.3</ele><time>2023-08-29T10:52:54Z</time></trkpt><trkpt lat="58.030077" lon="39.065608"><ele>117.3</ele><time>2023-08-29T10:52:56Z</time></trkpt><trkpt lat="58.030085" lon="39.065432"><ele>115.6</ele><time>2023-08-29T10:52:58Z</time></trkpt><trkpt lat="58.030105" lon="39.065282"><ele>114.8</ele><time>2023-08-29T10:53:00Z</time></trkpt><trkpt lat="58.030142" lon="39.065098"><ele>113.6</ele><time>2023-08-29T10:53:03Z</time></trkpt><trkpt lat="58.03021" lon="39.065007"><ele>112.3</ele><time>2023-08-29T10:53:06Z</time></trkpt><trkpt lat="58.030248" lon="39.064865"><ele>111.6</ele><time>2023-08-29T10:53:08Z</time></trkpt><trkpt lat="58.030268" lon="39.064703"><ele>111.4</ele><time>2023-08-29T10:53:10Z</time></trkpt><trkpt lat="58.030278" lon="39.064535"><ele>113.6</ele><time>2023-08-29T10:53:12Z</time></trkpt><trkpt lat="58.03033" lon="39.064333"><ele>113.9</ele><time>2023-08-29T10:53:15Z</time></trkpt><trkpt lat="58.03036" lon="39.064202"><ele>112.6</ele><time>2023-08-29T10:53:17Z</time></trkpt><trkpt lat="58.030368" lon="39.064023"><ele>112.6</ele><time>2023-08-29T10:53:19Z</time></trkpt><trkpt lat="58.030362" lon="39.06386"><ele>112.3</ele><time>2023-08-29T10:53:21Z</time></trkpt><trkpt lat="58.030387" lon="39.063695"><ele>111.6</ele><time>2023-08-29T10:53:24Z</time></trkpt><trkpt lat="58.030398" lon="39.063537"><ele>111.9</ele><time>2023-08-29T10:53:26Z</time></trkpt><trkpt lat="58.03039" lon="39.063362"><ele>112.2</ele><time>2023-08-29T10:53:28Z</time></trkpt><trkpt lat="58.030385" lon="39.063183"><ele>111.2</ele><time>2023-08-29T10:53:30Z</time></trkpt><trkpt lat="58.030378" lon="39.062965"><ele>111.2</ele><time>2023-08-29T10:53:33Z</time></trkpt><trkpt lat="58.03036" lon="39.062808"><ele>110.9</ele><time>2023-08-29T10:53:35Z</time></trkpt><trkpt lat="58.030357" lon="39.062628"><ele>108.8</ele><time>2023-08-29T10:53:38Z</time></trkpt><trkpt lat="58.03036" lon="39.062455"><ele>109.5</ele><time>2023-08-29T10:53:41Z</time></trkpt><trkpt lat="58.030353" lon="39.062272"><ele>108.8</ele><time>2023-08-29T10:53:44Z</time></trkpt><trkpt lat="58.03034" lon="39.062135"><ele>109.0</ele><time>2023-08-29T10:53:46Z</time></trkpt><trkpt lat="58.030305" lon="39.061985"><ele>108.8</ele><time>2023-08-29T10:53:48Z</time></trkpt><trkpt lat="58.030262" lon="39.061835"><ele>110.7</ele><time>2023-08-29T10:53:50Z</time></trkpt><trkpt lat="58.03023" lon="39.061687"><ele>110.4</ele><time>2023-08-29T10:53:52Z</time></trkpt><trkpt lat="58.03023" lon="39.061548"><ele>108.9</ele><time>2023-08-29T10:53:54Z</time></trkpt><trkpt lat="58.030245" lon="39.061398"><ele>108.5</ele><time>2023-08-29T10:53:56Z</time></trkpt><trkpt lat="58.03026" lon="39.061253"><ele>106.9</ele><time>2023-08-29T10:53:58Z</time></trkpt><trkpt lat="58.030278" lon="39.061063"><ele>105.1</ele><time>2023-08-29T10:54:01Z</time></trkpt><trkpt lat="58.030298" lon="39.060898"><ele>104.7</ele><time>2023-08-29T10:54:04Z</time></trkpt><trkpt lat="58.030325" lon="39.060712"><ele>104.9</ele><time>2023-08-29T10:54:07Z</time></trkpt><trkpt lat="58.030337" lon="39.060547"><ele>106.0</ele><time>2023-08-29T10:54:09Z</time></trkpt><trkpt lat="58.030348" lon="39.060395"><ele>106.3</ele><time>2023-08-29T10:54:11Z</time></trkpt><trkpt lat="58.030358" lon="39.060205"><ele>109.0</ele><time>2023-08-29T10:54:13Z</time></trkpt><trkpt lat="58.030368" lon="39.06"><ele>109.0</ele><time>2023-08-29T10:54:15Z</time></trkpt><trkpt lat="58.030377" lon="39.059858"><ele>109.1</ele><time>2023-08-29T10:54:17Z</time></trkpt><trkpt lat="58.030372" lon="39.059697"><ele>108.5</ele><time>2023-08-29T10:54:19Z</time></trkpt><trkpt lat="58.030387" lon="39.059488"><ele>108.9</ele><time>2023-08-29T10:54:21Z</time></trkpt><trkpt lat="58.030432" lon="39.059333"><ele>109.6</ele><time>2023-08-29T10:54:23Z</time></trkpt><trkpt lat="58.030515" lon="39.05926"><ele>108.9</ele><time>2023-08-29T10:54:26Z</time></trkpt><trkpt lat="58.030587" lon="39.059228"><ele>110.0</ele><time>2023-08-29T10:54:30Z</time></trkpt><trkpt lat="58.03065" lon="39.059132"><ele>110.2</ele><time>2023-08-29T10:54:33Z</time></trkpt><trkpt lat="58.03073" lon="39.05909"><ele>108.7</ele><time>2023-08-29T10:54:36Z</time></trkpt><trkpt lat="58.030822" lon="39.059035"><ele>109.7</ele><time>2023-08-29T10:54:39Z</time></trkpt><trkpt lat="58.030888" lon="39.058967"><ele>107.7</ele><time>2023-08-29T10:54:41Z</time></trkpt><trkpt lat="58.030945" lon="39.058853"><ele>107.7</ele><time>2023-08-29T10:54:43Z</time></trkpt><trkpt lat="58.030973" lon="39.058712"><ele>107.0</ele><time>2023-08-29T10:54:45Z</time></trkpt><trkpt lat="58.030993" lon="39.058563"><ele>104.5</ele><time>2023-08-29T10:54:47Z</time></trkpt><trkpt lat="58.03101" lon="39.058422"><ele>103.9</ele><time>2023-08-29T10:54:49Z</time></trkpt><trkpt lat="58.031012" lon="39.05822"><ele>103.3</ele><time>2023-08-29T10:54:52Z</time></trkpt><trkpt lat="58.030987" lon="39.058078"><ele>105.2</ele><time>2023-08-29T10:54:54Z</time></trkpt><trkpt lat="58.030935" lon="39.057972"><ele>106.5</ele><time>2023-08-29T10:54:56Z</time></trkpt><trkpt lat="58.030867" lon="39.05786"><ele>105.0</ele><time>2023-08-29T10:54:59Z</time></trkpt><trkpt lat="58.03082" lon="39.057682"><ele>106.0</ele><time>2023-08-29T10:55:02Z</time></trkpt><trkpt lat="58.030815" lon="39.057538"><ele>105.9</ele><time>2023-08-29T10:55:04Z</time></trkpt><trkpt lat="58.030827" lon="39.057358"><ele>108.2</ele><time>2023-08-29T10:55:07Z</time></trkpt><trkpt lat="58.030823" lon="39.057195"><ele>109.1</ele><time>2023-08-29T10:55:10Z</time></trkpt><trkpt lat="58.030788" lon="39.057043"><ele>108.9</ele><time>2023-08-29T10:55:14Z</time></trkpt><trkpt lat="58.030708" lon="39.056958"><ele>107.4</ele><time>2023-08-29T10:55:17Z</time></trkpt><trkpt lat="58.030578" lon="39.05692"><ele>106.2</ele><time>2023-08-29T10:55:19Z</time></trkpt><trkpt lat="58.030475" lon="39.05686"><ele>106.8</ele><time>2023-08-29T10:55:21Z</time></trkpt><trkpt lat="58.030367" lon="39.056775"><ele>107.1</ele><time>2023-08-29T10:55:23Z</time></trkpt><trkpt lat="58.030235" lon="39.056693"><ele>107.7</ele><time>2023-08-29T10:55:25Z</time></trkpt><trkpt lat="58.030112" lon="39.056605"><ele>110.0</ele><time>2023-08-29T10:55:27Z</time></trkpt><trkpt lat="58.030008" lon="39.056553"><ele>110.2</ele><time>2023-08-29T10:55:29Z</time></trkpt><trkpt lat="58.02989" lon="39.056475"><ele>111.8</ele><time>2023-08-29T10:55:31Z</time></trkpt><trkpt lat="58.029763" lon="39.056392"><ele>111.8</ele><time>2023-08-29T10:55:33Z</time></trkpt><trkpt lat="58.029648" lon="39.056328"><ele>112.4</ele><time>2023-08-29T10:55:35Z</time></trkpt><trkpt lat="58.02958" lon="39.05627"><ele>112.4</ele><time>2023-08-29T10:55:36Z</time></trkpt><trkpt lat="58.029447" lon="39.056172"><ele>111.4</ele><time>2023-08-29T10:55:38Z</time></trkpt><trkpt lat="58.029367" lon="39.056123"><ele>111.8</ele><time>2023-08-29T10:55:39Z</time></trkpt><trkpt lat="58.02923" lon="39.056043"><ele>112.5</ele><time>2023-08-29T10:55:41Z</time></trkpt><trkpt lat="58.029095" lon="39.05595"><ele>112.2</ele><time>2023-08-29T10:55:43Z</time></trkpt><trkpt lat="58.028992" lon="39.055832"><ele>112.9</ele><time>2023-08-29T10:55:45Z</time></trkpt><trkpt lat="58.028837" lon="39.055745"><ele>112.2</ele><time>2023-08-29T10:55:47Z</time></trkpt><trkpt lat="58.028732" lon="39.055652"><ele>112.7</ele><time>2023-08-29T10:55:49Z</time></trkpt><trkpt lat="58.028638" lon="39.055633"><ele>108.8</ele><time>2023-08-29T10:55:51Z</time></trkpt><trkpt lat="58.028563" lon="39.055532"><ele>108.5</ele><time>2023-08-29T10:55:53Z</time></trkpt><trkpt lat="58.02852" lon="39.055342"><ele>105.8</ele><time>2023-08-29T10:55:56Z</time></trkpt><trkpt lat="58.028487" lon="39.055188"><ele>105.3</ele><time>2023-08-29T10:55:59Z</time></trkpt><trkpt lat="58.028457" lon="39.055"><ele>100.2</ele><time>2023-08-29T10:56:02Z</time></trkpt><trkpt lat="58.02841" lon="39.054872"><ele>102.1</ele><time>2023-08-29T10:56:04Z</time></trkpt><trkpt lat="58.028362" lon="39.054762"><ele>101.2</ele><time>2023-08-29T10:56:06Z</time></trkpt><trkpt lat="58.028312" lon="39.054627"><ele>101.7</ele><time>2023-08-29T10:56:08Z</time></trkpt><trkpt lat="58.028267" lon="39.054488"><ele>101.3</ele><time>2023-08-29T10:56:10Z</time></trkpt><trkpt lat="58.028238" lon="39.05436"><ele>98.3</ele><time>2023-08-29T10:56:12Z</time></trkpt><trkpt lat="58.028203" lon="39.054183"><ele>99.7</ele><time>2023-08-29T10:56:15Z</time></trkpt><trkpt lat="58.028182" lon="39.05404"><ele>99.2</ele><time>2023-08-29T10:56:17Z</time></trkpt><trkpt lat="58.028168" lon="39.053898"><ele>98.9</ele><time>2023-08-29T10:56:19Z</time></trkpt><trkpt lat="58.028157" lon="39.053713"><ele>97.0</ele><time>2023-08-29T10:56:22Z</time></trkpt><trkpt lat="58.028127" lon="39.053563"><ele>97.6</ele><time>2023-08-29T10:56:24Z</time></trkpt><trkpt lat="58.028075" lon="39.053365"><ele>98.8</ele><time>2023-08-29T10:56:26Z</time></trkpt><trkpt lat="58.028037" lon="39.053195"><ele>99.5</ele><time>2023-08-29T10:56:28Z</time></trkpt><trkpt lat="58.027992" lon="39.053017"><ele>99.3</ele><time>2023-08-29T10:56:30Z</time></trkpt><trkpt lat="58.027972" lon="39.052878"><ele>98.3</ele><time>2023-08-29T10:56:32Z</time></trkpt><trkpt lat="58.027953" lon="39.05274"><ele>98.0</ele><time>2023-08-29T10:56:34Z</time></trkpt><trkpt lat="58.027913" lon="39.05261"><ele>98.8</ele><time>2023-08-29T10:56:36Z</time></trkpt><trkpt lat="58.02786" lon="39.052428"><ele>99.0</ele><time>2023-08-29T10:56:39Z</time></trkpt><trkpt lat="58.02785" lon="39.052292"><ele>97.3</ele><time>2023-08-29T10:56:41Z</time></trkpt><trkpt lat="58.02781" lon="39.052145"><ele>96.0</ele><time>2023-08-29T10:56:43Z</time></trkpt><trkpt lat="58.027762" lon="39.051993"><ele>93.8</ele><time>2023-08-29T10:56:45Z</time></trkpt><trkpt lat="58.027717" lon="39.051837"><ele>93.0</ele><time>2023-08-29T10:56:47Z</time></trkpt><trkpt lat="58.027677" lon="39.051693"><ele>92.7</ele><time>2023-08-29T10:56:49Z</time></trkpt><trkpt lat="58.027655" lon="39.051548"><ele>93.6</ele><time>2023-08-29T10:56:51Z</time></trkpt><trkpt lat="58.027647" lon="39.051403"><ele>93.4</ele><time>2023-08-29T10:56:53Z</time></trkpt><trkpt lat="58.027645" lon="39.051253"><ele>93.3</ele><time>2023-08-29T10:56:55Z</time></trkpt><trkpt lat="58.027663" lon="39.051062"><ele>93.5</ele><time>2023-08-29T10:56:58Z</time></trkpt><trkpt lat="58.027645" lon="39.050902"><ele>95.1</ele><time>2023-08-29T10:57:02Z</time></trkpt><trkpt lat="58.027623" lon="39.050748"><ele>96.6</ele><time>2023-08-29T10:57:05Z</time></trkpt><trkpt lat="58.027598" lon="39.050612"><ele>98.0</ele><time>2023-08-29T10:57:08Z</time></trkpt><trkpt lat="58.027577" lon="39.05042"><ele>98.2</ele><time>2023-08-29T10:57:11Z</time></trkpt><trkpt lat="58.02757" lon="39.050285"><ele>98.0</ele><time>2023-08-29T10:57:13Z</time></trkpt><trkpt lat="58.027572" lon="39.050142"><ele>97.6</ele><time>2023-08-29T10:57:15Z</time></trkpt><trkpt lat="58.027588" lon="39.050005"><ele>98.6</ele><time>2023-08-29T10:57:17Z</time></trkpt><trkpt lat="58.027615" lon="39.049875"><ele>98.8</ele><time>2023-08-29T10:57:19Z</time></trkpt><trkpt lat="58.027638" lon="39.04972"><ele>101.1</ele><time>2023-08-29T10:57:23Z</time></trkpt><trkpt lat="58.027643" lon="39.049575"><ele>100.4</ele><time>2023-08-29T10:57:26Z</time></trkpt><trkpt lat="58.027665" lon="39.049432"><ele>102.0</ele><time>2023-08-29T10:57:28Z</time></trkpt><trkpt lat="58.027693" lon="39.049277"><ele>101.9</ele><time>2023-08-29T10:57:30Z</time></trkpt><trkpt lat="58.027722" lon="39.049135"><ele>102.6</ele><time>2023-08-29T10:57:32Z</time></trkpt><trkpt lat="58.027723" lon="39.048965"><ele>101.4</ele><time>2023-08-29T10:57:35Z</time></trkpt><trkpt lat="58.027712" lon="39.048812"><ele>100.6</ele><time>2023-08-29T10:57:37Z</time></trkpt><trkpt lat="58.027713" lon="39.048652"><ele>101.1</ele><time>2023-08-29T10:57:39Z</time></trkpt><trkpt lat="58.027717" lon="39.048503"><ele>101.5</ele><time>2023-08-29T10:57:41Z</time></trkpt><trkpt lat="58.027738" lon="39.048335"><ele>98.7</ele><time>2023-08-29T10:57:44Z</time></trkpt><trkpt lat="58.027768" lon="39.048212"><ele>98.5</ele><time>2023-08-29T10:57:46Z</time></trkpt><trkpt lat="58.02781" lon="39.048063"><ele>98.2</ele><time>2023-08-29T10:57:49Z</time></trkpt><trkpt lat="58.027828" lon="39.047857"><ele>99.0</ele><time>2023-08-29T10:57:52Z</time></trkpt><trkpt lat="58.027853" lon="39.047697"><ele>99.3</ele><time>2023-08-29T10:57:54Z</time></trkpt><trkpt lat="58.02787" lon="39.047545"><ele>98.1</ele><time>2023-08-29T10:57:56Z</time></trkpt><trkpt lat="58.027893" lon="39.047392"><ele>99.0</ele><time>2023-08-29T10:57:58Z</time></trkpt><trkpt lat="58.027922" lon="39.047253"><ele>98.6</ele><time>2023-08-29T10:58:00Z</time></trkpt><trkpt lat="58.027947" lon="39.047108"><ele>99.6</ele><time>2023-08-29T10:58:02Z</time></trkpt><trkpt lat="58.027992" lon="39.04694"><ele>99.3</ele><time>2023-08-29T10:58:05Z</time></trkpt><trkpt lat="58.028025" lon="39.046767"><ele>99.8</ele><time>2023-08-29T10:58:08Z</time></trkpt><trkpt lat="58.028027" lon="39.046617"><ele>97.4</ele><time>2023-08-29T10:58:10Z</time></trkpt><trkpt lat="58.028022" lon="39.04646"><ele>94.7</ele><time>2023-08-29T10:58:12Z</time></trkpt><trkpt lat="58.028022" lon="39.04629"><ele>94.6</ele><time>2023-08-29T10:58:14Z</time></trkpt><trkpt lat="58.028048" lon="39.046145"><ele>94.2</ele><time>2023-08-29T10:58:16Z</time></trkpt><trkpt lat="58.028098" lon="39.046025"><ele>93.2</ele><time>2023-08-29T10:58:18Z</time></trkpt><trkpt lat="58.028155" lon="39.045927"><ele>95.1</ele><time>2023-08-29T10:58:20Z</time></trkpt><trkpt lat="58.028217" lon="39.04584"><ele>96.8</ele><time>2023-08-29T10:58:22Z</time></trkpt><trkpt lat="58.028288" lon="39.045777"><ele>98.9</ele><time>2023-08-29T10:58:24Z</time></trkpt><trkpt lat="58.028368" lon="39.045743"><ele>97.9</ele><time>2023-08-29T10:58:26Z</time></trkpt><trkpt lat="58.028453" lon="39.04574"><ele>99.0</ele><time>2023-08-29T10:58:28Z</time></trkpt><trkpt lat="58.028538" lon="39.04576"><ele>99.8</ele><time>2023-08-29T10:58:30Z</time></trkpt><trkpt lat="58.028618" lon="39.045787"><ele>100.0</ele><time>2023-08-29T10:58:32Z</time></trkpt><trkpt lat="58.028698" lon="39.045793"><ele>100.9</ele><time>2023-08-29T10:58:34Z</time></trkpt><trkpt lat="58.028783" lon="39.045708"><ele>102.0</ele><time>2023-08-29T10:58:37Z</time></trkpt><trkpt lat="58.028852" lon="39.045577"><ele>101.3</ele><time>2023-08-29T10:58:40Z</time></trkpt><trkpt lat="58.028915" lon="39.045407"><ele>99.7</ele><time>2023-08-29T10:58:43Z</time></trkpt><trkpt lat="58.028957" lon="39.045278"><ele>100.0</ele><time>2023-08-29T10:58:45Z</time></trkpt><trkpt lat="58.028993" lon="39.045125"><ele>100.5</ele><time>2023-08-29T10:58:47Z</time></trkpt><trkpt lat="58.029033" lon="39.04497"><ele>100.6</ele><time>2023-08-29T10:58:50Z</time></trkpt><trkpt lat="58.029075" lon="39.044855"><ele>100.8</ele><time>2023-08-29T10:58:52Z</time></trkpt><trkpt lat="58.029122" lon="39.04474"><ele>101.0</ele><time>2023-08-29T10:58:54Z</time></trkpt><trkpt lat="58.029178" lon="39.044642"><ele>100.4</ele><time>2023-08-29T10:58:56Z</time></trkpt><trkpt lat="58.029247" lon="39.044582"><ele>99.4</ele><time>2023-08-29T10:58:58Z</time></trkpt><trkpt lat="58.029333" lon="39.04454"><ele>97.3</ele><time>2023-08-29T10:59:01Z</time></trkpt><trkpt lat="58.02941" lon="39.044498"><ele>98.5</ele><time>2023-08-29T10:59:04Z</time></trkpt><trkpt lat="58.029488" lon="39.044453"><ele>98.4</ele><time>2023-08-29T10:59:07Z</time></trkpt><trkpt lat="58.029577" lon="39.044362"><ele>98.9</ele><time>2023-08-29T10:59:10Z</time></trkpt><trkpt lat="58.029667" lon="39.044262"><ele>100.1</ele><time>2023-08-29T10:59:13Z</time></trkpt><trkpt lat="58.029738" lon="39.04413"><ele>99.4</ele><time>2023-08-29T10:59:16Z</time></trkpt><trkpt lat="58.029788" lon="39.04402"><ele>99.7</ele><time>2023-08-29T10:59:18Z</time></trkpt><trkpt lat="58.029833" lon="39.043892"><ele>100.8</ele><time>2023-08-29T10:59:20Z</time></trkpt><trkpt lat="58.029872" lon="39.043748"><ele>100.4</ele><time>2023-08-29T10:59:22Z</time></trkpt><trkpt lat="58.029898" lon="39.043573"><ele>99.5</ele><time>2023-08-29T10:59:24Z</time></trkpt><trkpt lat="58.029927" lon="39.043427"><ele>99.3</ele><time>2023-08-29T10:59:26Z</time></trkpt><trkpt lat="58.029952" lon="39.043287"><ele>99.7</ele><time>2023-08-29T10:59:28Z</time></trkpt><trkpt lat="58.029987" lon="39.043167"><ele>97.9</ele><time>2023-08-29T10:59:30Z</time></trkpt><trkpt lat="58.030035" lon="39.043042"><ele>97.8</ele><time>2023-08-29T10:59:32Z</time></trkpt><trkpt lat="58.030082" lon="39.04293"><ele>98.2</ele><time>2023-08-29T10:59:34Z</time></trkpt><trkpt lat="58.030137" lon="39.042782"><ele>99.0</ele><time>2023-08-29T10:59:37Z</time></trkpt><trkpt lat="58.030172" lon="39.042645"><ele>98.1</ele><time>2023-08-29T10:59:39Z</time></trkpt><trkpt lat="58.03021" lon="39.042525"><ele>97.3</ele><time>2023-08-29T10:59:41Z</time></trkpt><trkpt lat="58.030252" lon="39.042395"><ele>96.2</ele><time>2023-08-29T10:59:43Z</time></trkpt><trkpt lat="58.030325" lon="39.042168"><ele>95.6</ele><time>2023-08-29T10:59:45Z</time></trkpt><trkpt lat="58.030407" lon="39.042012"><ele>97.4</ele><time>2023-08-29T10:59:47Z</time></trkpt><trkpt lat="58.03049" lon="39.041875"><ele>98.0</ele><time>2023-08-29T10:59:49Z</time></trkpt><trkpt lat="58.030552" lon="39.041728"><ele>98.1</ele><time>2023-08-29T10:59:51Z</time></trkpt><trkpt lat="58.03059" lon="39.041497"><ele>97.4</ele><time>2023-08-29T10:59:53Z</time></trkpt><trkpt lat="58.030615" lon="39.041368"><ele>96.9</ele><time>2023-08-29T10:59:54Z</time></trkpt><trkpt lat="58.030667" lon="39.04115"><ele>95.2</ele><time>2023-08-29T10:59:56Z</time></trkpt><trkpt lat="58.030695" lon="39.040933"><ele>97.2</ele><time>2023-08-29T10:59:58Z</time></trkpt><trkpt lat="58.030752" lon="39.040815"><ele>96.6</ele><time>2023-08-29T11:00:00Z</time></trkpt><trkpt lat="58.030755" lon="39.040595"><ele>96.6</ele><time>2023-08-29T11:00:02Z</time></trkpt><trkpt lat="58.030763" lon="39.040352"><ele>95.6</ele><time>2023-08-29T11:00:04Z</time></trkpt><trkpt lat="58.030745" lon="39.040148"><ele>96.2</ele><time>2023-08-29T11:00:06Z</time></trkpt><trkpt lat="58.030755" lon="39.040012"><ele>95.9</ele><time>2023-08-29T11:00:09Z</time></trkpt><trkpt lat="58.030738" lon="39.039817"><ele>95.0</ele><time>2023-08-29T11:00:13Z</time></trkpt><trkpt lat="58.030715" lon="39.03967"><ele>95.9</ele><time>2023-08-29T11:00:15Z</time></trkpt><trkpt lat="58.030713" lon="39.039528"><ele>95.2</ele><time>2023-08-29T11:00:17Z</time></trkpt><trkpt lat="58.0307" lon="39.039335"><ele>95.8</ele><time>2023-08-29T11:00:20Z</time></trkpt><trkpt lat="58.030697" lon="39.039193"><ele>95.8</ele><time>2023-08-29T11:00:22Z</time></trkpt><trkpt lat="58.030708" lon="39.039"><ele>95.1</ele><time>2023-08-29T11:00:25Z</time></trkpt><trkpt lat="58.030723" lon="39.038863"><ele>95.1</ele><time>2023-08-29T11:00:27Z</time></trkpt><trkpt lat="58.03075" lon="39.038708"><ele>95.4</ele><time>2023-08-29T11:00:29Z</time></trkpt><trkpt lat="58.030778" lon="39.038548"><ele>94.8</ele><time>2023-08-29T11:00:31Z</time></trkpt><trkpt lat="58.030798" lon="39.038398"><ele>94.6</ele><time>2023-08-29T11:00:33Z</time></trkpt><trkpt lat="58.03083" lon="39.038217"><ele>94.1</ele><time>2023-08-29T11:00:36Z</time></trkpt><trkpt lat="58.030847" lon="39.038023"><ele>92.6</ele><time>2023-08-29T11:00:39Z</time></trkpt><trkpt lat="58.030867" lon="39.037827"><ele>94.0</ele><time>2023-08-29T11:00:42Z</time></trkpt><trkpt lat="58.030872" lon="39.037673"><ele>94.6</ele><time>2023-08-29T11:00:43Z</time></trkpt><trkpt lat="58.030913" lon="39.037502"><ele>94.7</ele><time>2023-08-29T11:00:45Z</time></trkpt><trkpt lat="58.030942" lon="39.037325"><ele>93.8</ele><time>2023-08-29T11:00:48Z</time></trkpt><trkpt lat="58.031005" lon="39.037158"><ele>93.3</ele><time>2023-08-29T11:00:51Z</time></trkpt><trkpt lat="58.031072" lon="39.037077"><ele>94.3</ele><time>2023-08-29T11:00:53Z</time></trkpt><trkpt lat="58.031147" lon="39.036995"><ele>94.3</ele><time>2023-08-29T11:00:56Z</time></trkpt><trkpt lat="58.031228" lon="39.036922"><ele>97.8</ele><time>2023-08-29T11:00:59Z</time></trkpt><trkpt lat="58.031313" lon="39.03685"><ele>98.1</ele><time>2023-08-29T11:01:02Z</time></trkpt><trkpt lat="58.031392" lon="39.036722"><ele>99.2</ele><time>2023-08-29T11:01:05Z</time></trkpt><trkpt lat="58.031455" lon="39.036645"><ele>99.7</ele><time>2023-08-29T11:01:07Z</time></trkpt><trkpt lat="58.031525" lon="39.036585"><ele>99.9</ele><time>2023-08-29T11:01:09Z</time></trkpt><trkpt lat="58.031632" lon="39.036532"><ele>101.0</ele><time>2023-08-29T11:01:11Z</time></trkpt><trkpt lat="58.031702" lon="39.036473"><ele>103.1</ele><time>2023-08-29T11:01:13Z</time></trkpt><trkpt lat="58.031768" lon="39.036423"><ele>101.0</ele><time>2023-08-29T11:01:15Z</time></trkpt><trkpt lat="58.031873" lon="39.036365"><ele>100.1</ele><time>2023-08-29T11:01:18Z</time></trkpt><trkpt lat="58.031957" lon="39.036352"><ele>99.6</ele><time>2023-08-29T11:01:20Z</time></trkpt><trkpt lat="58.032053" lon="39.036343"><ele>100.5</ele><time>2023-08-29T11:01:23Z</time></trkpt><trkpt lat="58.032135" lon="39.036323"><ele>101.9</ele><time>2023-08-29T11:01:27Z</time></trkpt><trkpt lat="58.03223" lon="39.036327"><ele>104.1</ele><time>2023-08-29T11:01:31Z</time></trkpt><trkpt lat="58.032315" lon="39.036312"><ele>105.4</ele><time>2023-08-29T11:01:34Z</time></trkpt><trkpt lat="58.032388" lon="39.036283"><ele>106.8</ele><time>2023-08-29T11:01:40Z</time></trkpt><trkpt lat="58.03246" lon="39.036237"><ele>104.6</ele><time>2023-08-29T11:01:50Z</time></trkpt><trkpt lat="58.03254" lon="39.036198"><ele>105.3</ele><time>2023-08-29T11:01:55Z</time></trkpt><trkpt lat="58.03262" lon="39.036157"><ele>107.9</ele><time>2023-08-29T11:02:00Z</time></trkpt><trkpt lat="58.032705" lon="39.036152"><ele>108.1</ele><time>2023-08-29T11:02:06Z</time></trkpt><trkpt lat="58.032778" lon="39.036115"><ele>107.9</ele><time>2023-08-29T11:02:12Z</time></trkpt><trkpt lat="58.032853" lon="39.036118"><ele>109.0</ele><time>2023-08-29T11:02:18Z</time></trkpt><trkpt lat="58.032928" lon="39.036113"><ele>109.1</ele><time>2023-08-29T11:02:23Z</time></trkpt><trkpt lat="58.03301" lon="39.03611"><ele>109.5</ele><time>2023-08-29T11:02:30Z</time></trkpt><trkpt lat="58.033087" lon="39.036103"><ele>110.3</ele><time>2023-08-29T11:02:36Z</time></trkpt><trkpt lat="58.033162" lon="39.036085"><ele>111.6</ele><time>2023-08-29T11:02:41Z</time></trkpt><trkpt lat="58.03324" lon="39.036088"><ele>112.3</ele><time>2023-08-29T11:02:46Z</time></trkpt><trkpt lat="58.033318" lon="39.036093"><ele>113.5</ele><time>2023-08-29T11:02:52Z</time></trkpt><trkpt lat="58.033393" lon="39.03608"><ele>114.3</ele><time>2023-08-29T11:02:57Z</time></trkpt><trkpt lat="58.033468" lon="39.036073"><ele>115.2</ele><time>2023-08-29T11:03:02Z</time></trkpt><trkpt lat="58.033547" lon="39.03607"><ele>114.6</ele><time>2023-08-29T11:03:07Z</time></trkpt><trkpt lat="58.03362" lon="39.036037"><ele>115.6</ele><time>2023-08-29T11:03:12Z</time></trkpt><trkpt lat="58.033692" lon="39.035963"><ele>116.2</ele><time>2023-08-29T11:03:18Z</time></trkpt><trkpt lat="58.033758" lon="39.035907"><ele>116.7</ele><time>2023-08-29T11:03:24Z</time></trkpt><trkpt lat="58.033817" lon="39.035805"><ele>117.3</ele><time>2023-08-29T11:03:30Z</time></trkpt><trkpt lat="58.033885" lon="39.035715"><ele>118.2</ele><time>2023-08-29T11:03:36Z</time></trkpt><trkpt lat="58.033955" lon="39.035632"><ele>118.2</ele><time>2023-08-29T11:03:43Z</time></trkpt><trkpt lat="58.034022" lon="39.035548"><ele>119.0</ele><time>2023-08-29T11:03:49Z</time></trkpt><trkpt lat="58.034083" lon="39.035457"><ele>119.5</ele><time>2023-08-29T11:03:55Z</time></trkpt><trkpt lat="58.034137" lon="39.035362"><ele>120.2</ele><time>2023-08-29T11:04:00Z</time></trkpt><trkpt lat="58.034195" lon="39.035263"><ele>119.9</ele><time>2023-08-29T11:04:06Z</time></trkpt><trkpt lat="58.034242" lon="39.035155"><ele>119.7</ele><time>2023-08-29T11:04:11Z</time></trkpt><trkpt lat="58.034302" lon="39.035052"><ele>119.6</ele><time>2023-08-29T11:04:15Z</time></trkpt><trkpt lat="58.034368" lon="39.03495"><ele>120.0</ele><time>2023-08-29T11:04:18Z</time></trkpt><trkpt lat="58.034435" lon="39.034883"><ele>119.9</ele><time>2023-08-29T11:04:20Z</time></trkpt><trkpt lat="58.034518" lon="39.034818"><ele>120.0</ele><time>2023-08-29T11:04:22Z</time></trkpt><trkpt lat="58.034585" lon="39.034758"><ele>119.7</ele><time>2023-08-29T11:04:24Z</time></trkpt><trkpt lat="58.034658" lon="39.03465"><ele>119.4</ele><time>2023-08-29T11:04:27Z</time></trkpt><trkpt lat="58.034698" lon="39.034532"><ele>119.8</ele><time>2023-08-29T11:04:29Z</time></trkpt><trkpt lat="58.034722" lon="39.03439"><ele>119.1</ele><time>2023-08-29T11:04:31Z</time></trkpt><trkpt lat="58.034697" lon="39.034202"><ele>118.4</ele><time>2023-08-29T11:04:34Z</time></trkpt><trkpt lat="58.034662" lon="39.034053"><ele>118.4</ele><time>2023-08-29T11:04:37Z</time></trkpt><trkpt lat="58.034613" lon="39.03387"><ele>118.0</ele><time>2023-08-29T11:04:40Z</time></trkpt><trkpt lat="58.03459" lon="39.033738"><ele>117.6</ele><time>2023-08-29T11:04:42Z</time></trkpt><trkpt lat="58.03458" lon="39.033593"><ele>117.4</ele><time>2023-08-29T11:04:44Z</time></trkpt><trkpt lat="58.034558" lon="39.033395"><ele>116.6</ele><time>2023-08-29T11:04:46Z</time></trkpt><trkpt lat="58.03453" lon="39.033212"><ele>117.4</ele><time>2023-08-29T11:04:48Z</time></trkpt><trkpt lat="58.034495" lon="39.03302"><ele>117.1</ele><time>2023-08-29T11:04:50Z</time></trkpt><trkpt lat="58.03446" lon="39.032828"><ele>117.5</ele><time>2023-08-29T11:04:52Z</time></trkpt><trkpt lat="58.034443" lon="39.032608"><ele>117.8</ele><time>2023-08-29T11:04:54Z</time></trkpt><trkpt lat="58.034525" lon="39.032507"><ele>119.5</ele><time>2023-08-29T11:04:56Z</time></trkpt><trkpt lat="58.034593" lon="39.032425"><ele>118.7</ele><time>2023-08-29T11:05:00Z</time></trkpt><trkpt lat="58.034612" lon="39.032238"><ele>118.2</ele><time>2023-08-29T11:05:04Z</time></trkpt><trkpt lat="58.034603" lon="39.03208"><ele>117.4</ele><time>2023-08-29T11:05:06Z</time></trkpt><trkpt lat="58.034593" lon="39.031882"><ele>116.2</ele><time>2023-08-29T11:05:08Z</time></trkpt><trkpt lat="58.034563" lon="39.031605"><ele>117.1</ele><time>2023-08-29T11:05:10Z</time></trkpt><trkpt lat="58.034548" lon="39.031452"><ele>116.7</ele><time>2023-08-29T11:05:11Z</time></trkpt><trkpt lat="58.034533" lon="39.031295"><ele>116.4</ele><time>2023-08-29T11:05:12Z</time></trkpt><trkpt lat="58.034523" lon="39.031123"><ele>116.4</ele><time>2023-08-29T11:05:13Z</time></trkpt><trkpt lat="58.034517" lon="39.030958"><ele>116.1</ele><time>2023-08-29T11:05:14Z</time></trkpt><trkpt lat="58.034505" lon="39.030785"><ele>115.6</ele><time>2023-08-29T11:05:15Z</time></trkpt><trkpt lat="58.034502" lon="39.030617"><ele>114.6</ele><time>2023-08-29T11:05:16Z</time></trkpt><trkpt lat="58.034505" lon="39.030447"><ele>113.6</ele><time>2023-08-29T11:05:17Z</time></trkpt><trkpt lat="58.034503" lon="39.030262"><ele>112.8</ele><time>2023-08-29T11:05:18Z</time></trkpt><trkpt lat="58.034505" lon="39.03007"><ele>112.6</ele><time>2023-08-29T11:05:19Z</time></trkpt><trkpt lat="58.03451" lon="39.029873"><ele>112.1</ele><time>2023-08-29T11:05:20Z</time></trkpt><trkpt lat="58.034522" lon="39.029688"><ele>112.1</ele><time>2023-08-29T11:05:21Z</time></trkpt><trkpt lat="58.034532" lon="39.029495"><ele>111.7</ele><time>2023-08-29T11:05:22Z</time></trkpt><trkpt lat="58.034547" lon="39.029308"><ele>111.0</ele><time>2023-08-29T11:05:23Z</time></trkpt><trkpt lat="58.034568" lon="39.029115"><ele>110.5</ele><time>2023-08-29T11:05:24Z</time></trkpt><trkpt lat="58.034595" lon="39.028927"><ele>110.0</ele><time>2023-08-29T11:05:25Z</time></trkpt><trkpt lat="58.034623" lon="39.028737"><ele>109.3</ele><time>2023-08-29T11:05:26Z</time></trkpt><trkpt lat="58.034655" lon="39.028558"><ele>109.2</ele><time>2023-08-29T11:05:27Z</time></trkpt><trkpt lat="58.034688" lon="39.02839"><ele>109.2</ele><time>2023-08-29T11:05:28Z</time></trkpt><trkpt lat="58.034722" lon="39.028232"><ele>109.0</ele><time>2023-08-29T11:05:29Z</time></trkpt><trkpt lat="58.034758" lon="39.02808"><ele>108.8</ele><time>2023-08-29T11:05:30Z</time></trkpt><trkpt lat="58.034797" lon="39.027938"><ele>109.0</ele><time>2023-08-29T11:05:31Z</time></trkpt><trkpt lat="58.034837" lon="39.027802"><ele>108.9</ele><time>2023-08-29T11:05:32Z</time></trkpt><trkpt lat="58.034878" lon="39.027673"><ele>108.4</ele><time>2023-08-29T11:05:33Z</time></trkpt><trkpt lat="58.034918" lon="39.027543"><ele>108.4</ele><time>2023-08-29T11:05:34Z</time></trkpt><trkpt lat="58.034962" lon="39.027408"><ele>108.5</ele><time>2023-08-29T11:05:35Z</time></trkpt><trkpt lat="58.035007" lon="39.027278"><ele>108.7</ele><time>2023-08-29T11:05:36Z</time></trkpt><trkpt lat="58.035058" lon="39.027155"><ele>109.1</ele><time>2023-08-29T11:05:37Z</time></trkpt><trkpt lat="58.035108" lon="39.027027"><ele>109.2</ele><time>2023-08-29T11:05:38Z</time></trkpt><trkpt lat="58.03516" lon="39.026903"><ele>109.5</ele><time>2023-08-29T11:05:39Z</time></trkpt><trkpt lat="58.035208" lon="39.026783"><ele>109.5</ele><time>2023-08-29T11:05:40Z</time></trkpt><trkpt lat="58.035258" lon="39.026658"><ele>109.5</ele><time>2023-08-29T11:05:41Z</time></trkpt><trkpt lat="58.035303" lon="39.02654"><ele>109.8</ele><time>2023-08-29T11:05:42Z</time></trkpt><trkpt lat="58.03536" lon="39.026423"><ele>110.2</ele><time>2023-08-29T11:05:43Z</time></trkpt><trkpt lat="58.03547" lon="39.026333"><ele>110.2</ele><time>2023-08-29T11:05:45Z</time></trkpt><trkpt lat="58.035508" lon="39.02621"><ele>109.6</ele><time>2023-08-29T11:05:48Z</time></trkpt><trkpt lat="58.035523" lon="39.02607"><ele>119.0</ele><time>2023-08-29T11:15:53Z</time></trkpt><trkpt lat="58.035565" lon="39.025947"><ele>118.6</ele><time>2023-08-29T11:15:57Z</time></trkpt><trkpt lat="58.03561" lon="39.0258"><ele>120.8</ele><time>2023-08-29T11:16:00Z</time></trkpt><trkpt lat="58.035672" lon="39.025628"><ele>120.8</ele><time>2023-08-29T11:16:03Z</time></trkpt><trkpt lat="58.035727" lon="39.025473"><ele>120.7</ele><time>2023-08-29T11:16:05Z</time></trkpt><trkpt lat="58.03578" lon="39.025325"><ele>120.1</ele><time>2023-08-29T11:16:07Z</time></trkpt><trkpt lat="58.035832" lon="39.025203"><ele>119.2</ele><time>2023-08-29T11:16:09Z</time></trkpt><trkpt lat="58.03589" lon="39.02505"><ele>117.2</ele><time>2023-08-29T11:16:11Z</time></trkpt><trkpt lat="58.035963" lon="39.02489"><ele>118.0</ele><time>2023-08-29T11:16:13Z</time></trkpt><trkpt lat="58.03602" lon="39.024775"><ele>119.0</ele><time>2023-08-29T11:16:15Z</time></trkpt><trkpt lat="58.036063" lon="39.024643"><ele>117.6</ele><time>2023-08-29T11:16:17Z</time></trkpt><trkpt lat="58.036108" lon="39.024527"><ele>117.2</ele><time>2023-08-29T11:16:19Z</time></trkpt><trkpt lat="58.036163" lon="39.024412"><ele>116.7</ele><time>2023-08-29T11:16:21Z</time></trkpt><trkpt lat="58.03621" lon="39.024275"><ele>116.5</ele><time>2023-08-29T11:16:23Z</time></trkpt><trkpt lat="58.036268" lon="39.024147"><ele>116.7</ele><time>2023-08-29T11:16:25Z</time></trkpt><trkpt lat="58.036322" lon="39.02401"><ele>116.7</ele><time>2023-08-29T11:16:27Z</time></trkpt><trkpt lat="58.036377" lon="39.023862"><ele>117.1</ele><time>2023-08-29T11:16:29Z</time></trkpt><trkpt lat="58.036435" lon="39.023703"><ele>116.9</ele><time>2023-08-29T11:16:31Z</time></trkpt><trkpt lat="58.036515" lon="39.023533"><ele>116.7</ele><time>2023-08-29T11:16:33Z</time></trkpt><trkpt lat="58.03657" lon="39.023363"><ele>115.9</ele><time>2023-08-29T11:16:35Z</time></trkpt><trkpt lat="58.036648" lon="39.023155"><ele>115.5</ele><time>2023-08-29T11:16:37Z</time></trkpt><trkpt lat="58.036722" lon="39.022997"><ele>116.1</ele><time>2023-08-29T11:16:39Z</time></trkpt><trkpt lat="58.036785" lon="39.022787"><ele>116.3</ele><time>2023-08-29T11:16:41Z</time></trkpt><trkpt lat="58.03683" lon="39.022663"><ele>116.0</ele><time>2023-08-29T11:16:42Z</time></trkpt><trkpt lat="58.036908" lon="39.022475"><ele>113.7</ele><time>2023-08-29T11:16:44Z</time></trkpt><trkpt lat="58.036985" lon="39.02227"><ele>111.8</ele><time>2023-08-29T11:16:46Z</time></trkpt><trkpt lat="58.03706" lon="39.022053"><ele>111.5</ele><time>2023-08-29T11:16:48Z</time></trkpt><trkpt lat="58.037137" lon="39.021842"><ele>112.2</ele><time>2023-08-29T11:16:50Z</time></trkpt><trkpt lat="58.037187" lon="39.021735"><ele>111.6</ele><time>2023-08-29T11:16:51Z</time></trkpt><trkpt lat="58.037232" lon="39.021603"><ele>112.0</ele><time>2023-08-29T11:16:52Z</time></trkpt><trkpt lat="58.037283" lon="39.02149"><ele>111.8</ele><time>2023-08-29T11:16:53Z</time></trkpt><trkpt lat="58.037335" lon="39.021357"><ele>110.1</ele><time>2023-08-29T11:16:54Z</time></trkpt><trkpt lat="58.03741" lon="39.021205"><ele>109.2</ele><time>2023-08-29T11:16:55Z</time></trkpt><trkpt lat="58.037468" lon="39.021047"><ele>107.9</ele><time>2023-08-29T11:16:56Z</time></trkpt><trkpt lat="58.037528" lon="39.020878"><ele>106.8</ele><time>2023-08-29T11:16:57Z</time></trkpt><trkpt lat="58.037598" lon="39.020708"><ele>105.6</ele><time>2023-08-29T11:16:58Z</time></trkpt><trkpt lat="58.03767" lon="39.020523"><ele>104.7</ele><time>2023-08-29T11:16:59Z</time></trkpt><trkpt lat="58.037737" lon="39.020338"><ele>104.0</ele><time>2023-08-29T11:17:00Z</time></trkpt><trkpt lat="58.037807" lon="39.020155"><ele>104.1</ele><time>2023-08-29T11:17:01Z</time></trkpt><trkpt lat="58.037875" lon="39.019982"><ele>103.6</ele><time>2023-08-29T11:17:02Z</time></trkpt><trkpt lat="58.037945" lon="39.019795"><ele>103.2</ele><time>2023-08-29T11:17:03Z</time></trkpt><trkpt lat="58.038013" lon="39.019618"><ele>103.0</ele><time>2023-08-29T11:17:04Z</time></trkpt><trkpt lat="58.038085" lon="39.019438"><ele>102.3</ele><time>2023-08-29T11:17:05Z</time></trkpt><trkpt lat="58.038153" lon="39.019258"><ele>102.0</ele><time>2023-08-29T11:17:06Z</time></trkpt><trkpt lat="58.038223" lon="39.019082"><ele>102.0</ele><time>2023-08-29T11:17:07Z</time></trkpt><trkpt lat="58.038288" lon="39.018902"><ele>101.8</ele><time>2023-08-29T11:17:08Z</time></trkpt><trkpt lat="58.038357" lon="39.018732"><ele>102.2</ele><time>2023-08-29T11:17:09Z</time></trkpt><trkpt lat="58.03842" lon="39.018568"><ele>101.9</ele><time>2023-08-29T11:17:10Z</time></trkpt><trkpt lat="58.03848" lon="39.018412"><ele>102.0</ele><time>2023-08-29T11:17:11Z</time></trkpt><trkpt lat="58.038542" lon="39.018258"><ele>102.1</ele><time>2023-08-29T11:17:12Z</time></trkpt><trkpt lat="58.038597" lon="39.018107"><ele>102.4</ele><time>2023-08-29T11:17:13Z</time></trkpt><trkpt lat="58.038653" lon="39.017948"><ele>102.4</ele><time>2023-08-29T11:17:14Z</time></trkpt><trkpt lat="58.038707" lon="39.017817"><ele>102.6</ele><time>2023-08-29T11:17:15Z</time></trkpt><trkpt lat="58.038752" lon="39.017688"><ele>102.3</ele><time>2023-08-29T11:17:16Z</time></trkpt><trkpt lat="58.038803" lon="39.017558"><ele>102.4</ele><time>2023-08-29T11:17:17Z</time></trkpt><trkpt lat="58.038852" lon="39.017418"><ele>102.4</ele><time>2023-08-29T11:17:18Z</time></trkpt><trkpt lat="58.038905" lon="39.017288"><ele>102.5</ele><time>2023-08-29T11:17:19Z</time></trkpt><trkpt lat="58.038957" lon="39.01717"><ele>102.1</ele><time>2023-08-29T11:17:20Z</time></trkpt><trkpt lat="58.039005" lon="39.017052"><ele>102.0</ele><time>2023-08-29T11:17:21Z</time></trkpt><trkpt lat="58.03905" lon="39.01692"><ele>102.0</ele><time>2023-08-29T11:17:22Z</time></trkpt><trkpt lat="58.039088" lon="39.016792"><ele>102.1</ele><time>2023-08-29T11:17:23Z</time></trkpt><trkpt lat="58.039132" lon="39.016672"><ele>102.0</ele><time>2023-08-29T11:17:24Z</time></trkpt><trkpt lat="58.039218" lon="39.016457"><ele>102.6</ele><time>2023-08-29T11:17:26Z</time></trkpt><trkpt lat="58.039258" lon="39.016347"><ele>102.7</ele><time>2023-08-29T11:17:27Z</time></trkpt><trkpt lat="58.039333" lon="39.016132"><ele>103.0</ele><time>2023-08-29T11:17:29Z</time></trkpt><trkpt lat="58.03941" lon="39.015942"><ele>103.1</ele><time>2023-08-29T11:17:31Z</time></trkpt><trkpt lat="58.03948" lon="39.015772"><ele>103.3</ele><time>2023-08-29T11:17:33Z</time></trkpt><trkpt lat="58.039545" lon="39.015608"><ele>103.5</ele><time>2023-08-29T11:17:35Z</time></trkpt><trkpt lat="58.03959" lon="39.015475"><ele>103.7</ele><time>2023-08-29T11:17:37Z</time></trkpt><trkpt lat="58.039645" lon="39.015335"><ele>104.0</ele><time>2023-08-29T11:17:39Z</time></trkpt><trkpt lat="58.039702" lon="39.01517"><ele>103.8</ele><time>2023-08-29T11:17:41Z</time></trkpt><trkpt lat="58.039773" lon="39.014998"><ele>103.9</ele><time>2023-08-29T11:17:43Z</time></trkpt><trkpt lat="58.039828" lon="39.014818"><ele>103.8</ele><time>2023-08-29T11:17:45Z</time></trkpt><trkpt lat="58.039898" lon="39.014653"><ele>104.6</ele><time>2023-08-29T11:17:47Z</time></trkpt><trkpt lat="58.03997" lon="39.01448"><ele>104.8</ele><time>2023-08-29T11:17:49Z</time></trkpt><trkpt lat="58.040043" lon="39.014293"><ele>104.9</ele><time>2023-08-29T11:17:51Z</time></trkpt><trkpt lat="58.04012" lon="39.014095"><ele>105.1</ele><time>2023-08-29T11:17:53Z</time></trkpt><trkpt lat="58.04019" lon="39.013907"><ele>104.6</ele><time>2023-08-29T11:17:55Z</time></trkpt><trkpt lat="58.040262" lon="39.01371"><ele>103.9</ele><time>2023-08-29T11:17:57Z</time></trkpt><trkpt lat="58.04033" lon="39.013508"><ele>103.8</ele><time>2023-08-29T11:17:59Z</time></trkpt><trkpt lat="58.040407" lon="39.013305"><ele>104.2</ele><time>2023-08-29T11:18:01Z</time></trkpt><trkpt lat="58.040483" lon="39.013078"><ele>104.7</ele><time>2023-08-29T11:18:03Z</time></trkpt><trkpt lat="58.040532" lon="39.012947"><ele>104.7</ele><time>2023-08-29T11:18:04Z</time></trkpt><trkpt lat="58.040577" lon="39.01283"><ele>105.1</ele><time>2023-08-29T11:18:05Z</time></trkpt><trkpt lat="58.040622" lon="39.012715"><ele>104.8</ele><time>2023-08-29T11:18:06Z</time></trkpt><trkpt lat="58.040662" lon="39.0126"><ele>105.1</ele><time>2023-08-29T11:18:07Z</time></trkpt><trkpt lat="58.040705" lon="39.012487"><ele>105.9</ele><time>2023-08-29T11:18:08Z</time></trkpt><trkpt lat="58.040805" lon="39.012265"><ele>106.2</ele><time>2023-08-29T11:18:10Z</time></trkpt><trkpt lat="58.040852" lon="39.012145"><ele>105.5</ele><time>2023-08-29T11:18:11Z</time></trkpt><trkpt lat="58.04091" lon="39.012015"><ele>104.9</ele><time>2023-08-29T11:18:12Z</time></trkpt><trkpt lat="58.040955" lon="39.011887"><ele>105.3</ele><time>2023-08-29T11:18:13Z</time></trkpt><trkpt lat="58.041055" lon="39.011677"><ele>104.0</ele><time>2023-08-29T11:18:15Z</time></trkpt><trkpt lat="58.041097" lon="39.011557"><ele>103.4</ele><time>2023-08-29T11:18:16Z</time></trkpt><trkpt lat="58.041145" lon="39.011452"><ele>103.0</ele><time>2023-08-29T11:18:17Z</time></trkpt><trkpt lat="58.041203" lon="39.011227"><ele>101.9</ele><time>2023-08-29T11:18:19Z</time></trkpt><trkpt lat="58.041288" lon="39.011023"><ele>102.0</ele><time>2023-08-29T11:18:21Z</time></trkpt><trkpt lat="58.041332" lon="39.010905"><ele>102.4</ele><time>2023-08-29T11:18:22Z</time></trkpt><trkpt lat="58.041377" lon="39.010798"><ele>103.2</ele><time>2023-08-29T11:18:23Z</time></trkpt><trkpt lat="58.04142" lon="39.010688"><ele>102.8</ele><time>2023-08-29T11:18:24Z</time></trkpt><trkpt lat="58.041482" lon="39.010517"><ele>102.3</ele><time>2023-08-29T11:18:26Z</time></trkpt><trkpt lat="58.04153" lon="39.01041"><ele>101.5</ele><time>2023-08-29T11:18:27Z</time></trkpt><trkpt lat="58.041618" lon="39.010188"><ele>100.9</ele><time>2023-08-29T11:18:29Z</time></trkpt><trkpt lat="58.041695" lon="39.009968"><ele>100.2</ele><time>2023-08-29T11:18:31Z</time></trkpt><trkpt lat="58.041748" lon="39.009872"><ele>100.4</ele><time>2023-08-29T11:18:32Z</time></trkpt><trkpt lat="58.041828" lon="39.009728"><ele>98.0</ele><time>2023-08-29T11:18:34Z</time></trkpt><trkpt lat="58.041898" lon="39.009537"><ele>99.1</ele><time>2023-08-29T11:18:36Z</time></trkpt><trkpt lat="58.041978" lon="39.009358"><ele>99.2</ele><time>2023-08-29T11:18:38Z</time></trkpt><trkpt lat="58.042038" lon="39.009182"><ele>99.2</ele><time>2023-08-29T11:18:40Z</time></trkpt><trkpt lat="58.04211" lon="39.008998"><ele>99.0</ele><time>2023-08-29T11:18:42Z</time></trkpt><trkpt lat="58.042177" lon="39.008807"><ele>98.1</ele><time>2023-08-29T11:18:44Z</time></trkpt><trkpt lat="58.042258" lon="39.008618"><ele>97.6</ele><time>2023-08-29T11:18:46Z</time></trkpt><trkpt lat="58.04233" lon="39.008448"><ele>97.8</ele><time>2023-08-29T11:18:48Z</time></trkpt><trkpt lat="58.042402" lon="39.00824"><ele>98.2</ele><time>2023-08-29T11:18:50Z</time></trkpt><trkpt lat="58.042462" lon="39.008077"><ele>98.1</ele><time>2023-08-29T11:18:52Z</time></trkpt><trkpt lat="58.042528" lon="39.00787"><ele>96.9</ele><time>2023-08-29T11:18:54Z</time></trkpt><trkpt lat="58.042565" lon="39.007755"><ele>98.2</ele><time>2023-08-29T11:18:55Z</time></trkpt><trkpt lat="58.042655" lon="39.007533"><ele>98.1</ele><time>2023-08-29T11:18:57Z</time></trkpt><trkpt lat="58.042705" lon="39.007403"><ele>97.1</ele><time>2023-08-29T11:18:58Z</time></trkpt><trkpt lat="58.042788" lon="39.00717"><ele>97.1</ele><time>2023-08-29T11:19:00Z</time></trkpt><trkpt lat="58.042895" lon="39.006973"><ele>97.2</ele><time>2023-08-29T11:19:02Z</time></trkpt><trkpt lat="58.04294" lon="39.006857"><ele>97.1</ele><time>2023-08-29T11:19:03Z</time></trkpt><trkpt lat="58.042987" lon="39.006735"><ele>97.2</ele><time>2023-08-29T11:19:04Z</time></trkpt><trkpt lat="58.043032" lon="39.006613"><ele>97.4</ele><time>2023-08-29T11:19:05Z</time></trkpt><trkpt lat="58.04308" lon="39.006512"><ele>97.8</ele><time>2023-08-29T11:19:06Z</time></trkpt><trkpt lat="58.043133" lon="39.006402"><ele>97.7</ele><time>2023-08-29T11:19:07Z</time></trkpt><trkpt lat="58.043173" lon="39.006283"><ele>97.5</ele><time>2023-08-29T11:19:08Z</time></trkpt><trkpt lat="58.043217" lon="39.006162"><ele>96.9</ele><time>2023-08-29T11:19:09Z</time></trkpt><trkpt lat="58.043255" lon="39.00604"><ele>96.8</ele><time>2023-08-29T11:19:10Z</time></trkpt><trkpt lat="58.043323" lon="39.005818"><ele>97.6</ele><time>2023-08-29T11:19:12Z</time></trkpt><trkpt lat="58.043387" lon="39.005602"><ele>97.3</ele><time>2023-08-29T11:19:14Z</time></trkpt><trkpt lat="58.043468" lon="39.005407"><ele>98.3</ele><time>2023-08-29T11:19:16Z</time></trkpt><trkpt lat="58.04351" lon="39.00529"><ele>99.6</ele><time>2023-08-29T11:19:17Z</time></trkpt><trkpt lat="58.043553" lon="39.005182"><ele>98.7</ele><time>2023-08-29T11:19:18Z</time></trkpt><trkpt lat="58.04362" lon="39.004982"><ele>98.8</ele><time>2023-08-29T11:19:20Z</time></trkpt><trkpt lat="58.043697" lon="39.004782"><ele>97.4</ele><time>2023-08-29T11:19:22Z</time></trkpt><trkpt lat="58.043748" lon="39.00466"><ele>96.9</ele><time>2023-08-29T11:19:23Z</time></trkpt><trkpt lat="58.043792" lon="39.004548"><ele>97.8</ele><time>2023-08-29T11:19:24Z</time></trkpt><trkpt lat="58.043888" lon="39.004322"><ele>97.5</ele><time>2023-08-29T11:19:26Z</time></trkpt><trkpt lat="58.043933" lon="39.004203"><ele>97.3</ele><time>2023-08-29T11:19:27Z</time></trkpt><trkpt lat="58.043983" lon="39.004082"><ele>97.5</ele><time>2023-08-29T11:19:28Z</time></trkpt><trkpt lat="58.04404" lon="39.003958"><ele>97.4</ele><time>2023-08-29T11:19:29Z</time></trkpt><trkpt lat="58.044092" lon="39.003827"><ele>98.5</ele><time>2023-08-29T11:19:30Z</time></trkpt><trkpt lat="58.044145" lon="39.003673"><ele>97.9</ele><time>2023-08-29T11:19:31Z</time></trkpt><trkpt lat="58.044205" lon="39.00353"><ele>98.4</ele><time>2023-08-29T11:19:32Z</time></trkpt><trkpt lat="58.044265" lon="39.003397"><ele>98.9</ele><time>2023-08-29T11:19:33Z</time></trkpt><trkpt lat="58.044328" lon="39.003257"><ele>98.1</ele><time>2023-08-29T11:19:34Z</time></trkpt><trkpt lat="58.044383" lon="39.003123"><ele>98.4</ele><time>2023-08-29T11:19:35Z</time></trkpt><trkpt lat="58.044438" lon="39.003005"><ele>98.0</ele><time>2023-08-29T11:19:36Z</time></trkpt><trkpt lat="58.044477" lon="39.00288"><ele>98.0</ele><time>2023-08-29T11:19:37Z</time></trkpt><trkpt lat="58.044525" lon="39.002757"><ele>97.6</ele><time>2023-08-29T11:19:38Z</time></trkpt><trkpt lat="58.044583" lon="39.00265"><ele>97.7</ele><time>2023-08-29T11:19:39Z</time></trkpt><trkpt lat="58.044677" lon="39.002433"><ele>98.6</ele><time>2023-08-29T11:19:41Z</time></trkpt><trkpt lat="58.04476" lon="39.002217"><ele>98.1</ele><time>2023-08-29T11:19:43Z</time></trkpt><trkpt lat="58.0448" lon="39.002098"><ele>98.9</ele><time>2023-08-29T11:19:44Z</time></trkpt><trkpt lat="58.044883" lon="39.001902"><ele>100.4</ele><time>2023-08-29T11:19:46Z</time></trkpt><trkpt lat="58.044945" lon="39.001742"><ele>101.2</ele><time>2023-08-29T11:19:48Z</time></trkpt><trkpt lat="58.045008" lon="39.001572"><ele>101.8</ele><time>2023-08-29T11:19:50Z</time></trkpt><trkpt lat="58.045077" lon="39.001408"><ele>101.4</ele><time>2023-08-29T11:19:52Z</time></trkpt><trkpt lat="58.045127" lon="39.001267"><ele>102.4</ele><time>2023-08-29T11:19:54Z</time></trkpt><trkpt lat="58.045172" lon="39.00115"><ele>102.8</ele><time>2023-08-29T11:19:56Z</time></trkpt><trkpt lat="58.045205" lon="39.00099"><ele>103.9</ele><time>2023-08-29T11:19:59Z</time></trkpt><trkpt lat="58.045255" lon="39.000865"><ele>102.9</ele><time>2023-08-29T11:20:03Z</time></trkpt><trkpt lat="58.045293" lon="39.000717"><ele>105.6</ele><time>2023-08-29T11:20:07Z</time></trkpt><trkpt lat="58.045332" lon="39.000577"><ele>106.9</ele><time>2023-08-29T11:20:11Z</time></trkpt><trkpt lat="58.045357" lon="39.000445"><ele>105.1</ele><time>2023-08-29T11:20:14Z</time></trkpt><trkpt lat="58.045388" lon="39.000312"><ele>104.2</ele><time>2023-08-29T11:20:17Z</time></trkpt><trkpt lat="58.045437" lon="39.000145"><ele>104.7</ele><time>2023-08-29T11:20:20Z</time></trkpt><trkpt lat="58.045483" lon="38.999975"><ele>105.4</ele><time>2023-08-29T11:20:23Z</time></trkpt><trkpt lat="58.045518" lon="38.999855"><ele>105.2</ele><time>2023-08-29T11:20:25Z</time></trkpt><trkpt lat="58.04555" lon="38.999722"><ele>105.5</ele><time>2023-08-29T11:20:27Z</time></trkpt><trkpt lat="58.045582" lon="38.999588"><ele>105.5</ele><time>2023-08-29T11:20:29Z</time></trkpt><trkpt lat="58.045622" lon="38.999435"><ele>105.9</ele><time>2023-08-29T11:20:31Z</time></trkpt><trkpt lat="58.045658" lon="38.999295"><ele>106.1</ele><time>2023-08-29T11:20:33Z</time></trkpt><trkpt lat="58.045685" lon="38.999138"><ele>105.7</ele><time>2023-08-29T11:20:35Z</time></trkpt><trkpt lat="58.045712" lon="38.99901"><ele>105.5</ele><time>2023-08-29T11:20:37Z</time></trkpt><trkpt lat="58.045753" lon="38.998837"><ele>104.5</ele><time>2023-08-29T11:20:39Z</time></trkpt><trkpt lat="58.0458" lon="38.998652"><ele>103.7</ele><time>2023-08-29T11:20:41Z</time></trkpt><trkpt lat="58.045852" lon="38.998438"><ele>104.8</ele><time>2023-08-29T11:20:43Z</time></trkpt><trkpt lat="58.045895" lon="38.998228"><ele>104.3</ele><time>2023-08-29T11:20:45Z</time></trkpt><trkpt lat="58.045947" lon="38.998017"><ele>104.0</ele><time>2023-08-29T11:20:47Z</time></trkpt><trkpt lat="58.046012" lon="38.997803"><ele>104.1</ele><time>2023-08-29T11:20:49Z</time></trkpt><trkpt lat="58.046067" lon="38.997592"><ele>103.2</ele><time>2023-08-29T11:20:51Z</time></trkpt><trkpt lat="58.04613" lon="38.997377"><ele>102.7</ele><time>2023-08-29T11:20:53Z</time></trkpt><trkpt lat="58.046188" lon="38.997167"><ele>102.4</ele><time>2023-08-29T11:20:55Z</time></trkpt><trkpt lat="58.046245" lon="38.996937"><ele>101.9</ele><time>2023-08-29T11:20:57Z</time></trkpt><trkpt lat="58.046317" lon="38.996713"><ele>101.8</ele><time>2023-08-29T11:20:59Z</time></trkpt><trkpt lat="58.046367" lon="38.996482"><ele>101.6</ele><time>2023-08-29T11:21:01Z</time></trkpt><trkpt lat="58.046432" lon="38.996255"><ele>101.2</ele><time>2023-08-29T11:21:03Z</time></trkpt><trkpt lat="58.046467" lon="38.99611"><ele>101.3</ele><time>2023-08-29T11:21:04Z</time></trkpt><trkpt lat="58.046488" lon="38.995968"><ele>100.9</ele><time>2023-08-29T11:21:05Z</time></trkpt><trkpt lat="58.046523" lon="38.995815"><ele>100.4</ele><time>2023-08-29T11:21:06Z</time></trkpt><trkpt lat="58.046562" lon="38.995657"><ele>100.7</ele><time>2023-08-29T11:21:07Z</time></trkpt><trkpt lat="58.046605" lon="38.995518"><ele>101.0</ele><time>2023-08-29T11:21:08Z</time></trkpt><trkpt lat="58.046642" lon="38.995375"><ele>100.9</ele><time>2023-08-29T11:21:09Z</time></trkpt><trkpt lat="58.046673" lon="38.99524"><ele>100.9</ele><time>2023-08-29T11:21:10Z</time></trkpt><trkpt lat="58.046712" lon="38.99512"><ele>101.2</ele><time>2023-08-29T11:21:11Z</time></trkpt><trkpt lat="58.046742" lon="38.994978"><ele>100.9</ele><time>2023-08-29T11:21:12Z</time></trkpt><trkpt lat="58.046793" lon="38.994735"><ele>101.4</ele><time>2023-08-29T11:21:14Z</time></trkpt><trkpt lat="58.046827" lon="38.9946"><ele>101.6</ele><time>2023-08-29T11:21:15Z</time></trkpt><trkpt lat="58.046887" lon="38.994378"><ele>101.5</ele><time>2023-08-29T11:21:17Z</time></trkpt><trkpt lat="58.046953" lon="38.994182"><ele>100.7</ele><time>2023-08-29T11:21:19Z</time></trkpt><trkpt lat="58.047002" lon="38.993978"><ele>100.3</ele><time>2023-08-29T11:21:21Z</time></trkpt><trkpt lat="58.047047" lon="38.9938"><ele>99.8</ele><time>2023-08-29T11:21:23Z</time></trkpt><trkpt lat="58.0471" lon="38.993602"><ele>99.8</ele><time>2023-08-29T11:21:25Z</time></trkpt><trkpt lat="58.047145" lon="38.99339"><ele>99.0</ele><time>2023-08-29T11:21:27Z</time></trkpt><trkpt lat="58.047202" lon="38.993167"><ele>99.3</ele><time>2023-08-29T11:21:29Z</time></trkpt><trkpt lat="58.047252" lon="38.992953"><ele>99.4</ele><time>2023-08-29T11:21:31Z</time></trkpt><trkpt lat="58.047303" lon="38.992757"><ele>101.0</ele><time>2023-08-29T11:21:33Z</time></trkpt><trkpt lat="58.047355" lon="38.992565"><ele>100.9</ele><time>2023-08-29T11:21:35Z</time></trkpt><trkpt lat="58.047418" lon="38.992348"><ele>101.0</ele><time>2023-08-29T11:21:37Z</time></trkpt><trkpt lat="58.04745" lon="38.992137"><ele>100.9</ele><time>2023-08-29T11:21:39Z</time></trkpt><trkpt lat="58.047495" lon="38.991938"><ele>100.6</ele><time>2023-08-29T11:21:41Z</time></trkpt><trkpt lat="58.047522" lon="38.991757"><ele>101.2</ele><time>2023-08-29T11:21:43Z</time></trkpt><trkpt lat="58.047552" lon="38.991593"><ele>101.9</ele><time>2023-08-29T11:21:45Z</time></trkpt><trkpt lat="58.047577" lon="38.991438"><ele>102.1</ele><time>2023-08-29T11:21:47Z</time></trkpt><trkpt lat="58.047623" lon="38.991267"><ele>102.4</ele><time>2023-08-29T11:21:49Z</time></trkpt><trkpt lat="58.047665" lon="38.991115"><ele>101.1</ele><time>2023-08-29T11:21:51Z</time></trkpt><trkpt lat="58.047685" lon="38.99097"><ele>100.3</ele><time>2023-08-29T11:21:53Z</time></trkpt><trkpt lat="58.047718" lon="38.990842"><ele>100.0</ele><time>2023-08-29T11:21:55Z</time></trkpt><trkpt lat="58.047735" lon="38.990673"><ele>99.8</ele><time>2023-08-29T11:21:57Z</time></trkpt><trkpt lat="58.047772" lon="38.990497"><ele>100.4</ele><time>2023-08-29T11:21:59Z</time></trkpt><trkpt lat="58.0478" lon="38.990292"><ele>100.2</ele><time>2023-08-29T11:22:01Z</time></trkpt><trkpt lat="58.047827" lon="38.990113"><ele>99.9</ele><time>2023-08-29T11:22:03Z</time></trkpt><trkpt lat="58.047858" lon="38.989928"><ele>100.0</ele><time>2023-08-29T11:22:05Z</time></trkpt><trkpt lat="58.047878" lon="38.989748"><ele>100.3</ele><time>2023-08-29T11:22:07Z</time></trkpt><trkpt lat="58.047917" lon="38.989543"><ele>100.1</ele><time>2023-08-29T11:22:09Z</time></trkpt><trkpt lat="58.047937" lon="38.989355"><ele>101.3</ele><time>2023-08-29T11:22:11Z</time></trkpt><trkpt lat="58.047943" lon="38.989167"><ele>101.3</ele><time>2023-08-29T11:22:13Z</time></trkpt><trkpt lat="58.04799" lon="38.989027"><ele>100.8</ele><time>2023-08-29T11:22:15Z</time></trkpt><trkpt lat="58.048002" lon="38.988823"><ele>101.5</ele><time>2023-08-29T11:22:17Z</time></trkpt><trkpt lat="58.048017" lon="38.988623"><ele>101.5</ele><time>2023-08-29T11:22:19Z</time></trkpt><trkpt lat="58.048033" lon="38.988443"><ele>101.4</ele><time>2023-08-29T11:22:21Z</time></trkpt><trkpt lat="58.048068" lon="38.988282"><ele>100.9</ele><time>2023-08-29T11:22:23Z</time></trkpt><trkpt lat="58.048088" lon="38.988073"><ele>100.2</ele><time>2023-08-29T11:22:25Z</time></trkpt><trkpt lat="58.048115" lon="38.987865"><ele>100.0</ele><time>2023-08-29T11:22:27Z</time></trkpt><trkpt lat="58.048125" lon="38.98766"><ele>100.2</ele><time>2023-08-29T11:22:29Z</time></trkpt><trkpt lat="58.04814" lon="38.987458"><ele>99.5</ele><time>2023-08-29T11:22:31Z</time></trkpt><trkpt lat="58.048165" lon="38.987283"><ele>99.6</ele><time>2023-08-29T11:22:33Z</time></trkpt><trkpt lat="58.048183" lon="38.98711"><ele>99.0</ele><time>2023-08-29T11:22:35Z</time></trkpt><trkpt lat="58.048195" lon="38.986917"><ele>99.4</ele><time>2023-08-29T11:22:37Z</time></trkpt><trkpt lat="58.048195" lon="38.986725"><ele>99.4</ele><time>2023-08-29T11:22:39Z</time></trkpt><trkpt lat="58.048222" lon="38.986573"><ele>99.3</ele><time>2023-08-29T11:22:41Z</time></trkpt><trkpt lat="58.04825" lon="38.986358"><ele>99.3</ele><time>2023-08-29T11:22:43Z</time></trkpt><trkpt lat="58.048277" lon="38.986183"><ele>99.5</ele><time>2023-08-29T11:22:45Z</time></trkpt><trkpt lat="58.0483" lon="38.98597"><ele>99.0</ele><time>2023-08-29T11:22:47Z</time></trkpt><trkpt lat="58.048315" lon="38.98575"><ele>99.7</ele><time>2023-08-29T11:22:49Z</time></trkpt><trkpt lat="58.04833" lon="38.98555"><ele>99.2</ele><time>2023-08-29T11:22:51Z</time></trkpt><trkpt lat="58.048335" lon="38.985307"><ele>98.0</ele><time>2023-08-29T11:22:53Z</time></trkpt><trkpt lat="58.048338" lon="38.985098"><ele>97.8</ele><time>2023-08-29T11:22:55Z</time></trkpt><trkpt lat="58.048358" lon="38.984895"><ele>98.0</ele><time>2023-08-29T11:22:57Z</time></trkpt><trkpt lat="58.048378" lon="38.984688"><ele>98.6</ele><time>2023-08-29T11:22:59Z</time></trkpt><trkpt lat="58.04839" lon="38.984493"><ele>98.6</ele><time>2023-08-29T11:23:01Z</time></trkpt><trkpt lat="58.048398" lon="38.984333"><ele>98.4</ele><time>2023-08-29T11:23:03Z</time></trkpt><trkpt lat="58.0484" lon="38.984167"><ele>97.5</ele><time>2023-08-29T11:23:05Z</time></trkpt><trkpt lat="58.048427" lon="38.983972"><ele>97.5</ele><time>2023-08-29T11:23:07Z</time></trkpt><trkpt lat="58.048453" lon="38.98374"><ele>97.8</ele><time>2023-08-29T11:23:09Z</time></trkpt><trkpt lat="58.048458" lon="38.983537"><ele>97.7</ele><time>2023-08-29T11:23:11Z</time></trkpt><trkpt lat="58.048478" lon="38.983325"><ele>97.2</ele><time>2023-08-29T11:23:13Z</time></trkpt><trkpt lat="58.04851" lon="38.983067"><ele>97.0</ele><time>2023-08-29T11:23:15Z</time></trkpt><trkpt lat="58.048545" lon="38.982845"><ele>96.4</ele><time>2023-08-29T11:23:17Z</time></trkpt><trkpt lat="58.048553" lon="38.982637"><ele>96.0</ele><time>2023-08-29T11:23:19Z</time></trkpt><trkpt lat="58.048572" lon="38.982425"><ele>95.7</ele><time>2023-08-29T11:23:21Z</time></trkpt><trkpt lat="58.0486" lon="38.982218"><ele>95.5</ele><time>2023-08-29T11:23:23Z</time></trkpt><trkpt lat="58.048652" lon="38.982017"><ele>94.5</ele><time>2023-08-29T11:23:25Z</time></trkpt><trkpt lat="58.048677" lon="38.981782"><ele>93.9</ele><time>2023-08-29T11:23:27Z</time></trkpt><trkpt lat="58.048688" lon="38.981535"><ele>94.4</ele><time>2023-08-29T11:23:29Z</time></trkpt><trkpt lat="58.048705" lon="38.981295"><ele>94.2</ele><time>2023-08-29T11:23:31Z</time></trkpt><trkpt lat="58.048737" lon="38.981067"><ele>94.7</ele><time>2023-08-29T11:23:33Z</time></trkpt><trkpt lat="58.048753" lon="38.980858"><ele>93.3</ele><time>2023-08-29T11:23:35Z</time></trkpt><trkpt lat="58.048758" lon="38.980685"><ele>93.2</ele><time>2023-08-29T11:23:37Z</time></trkpt><trkpt lat="58.048767" lon="38.980498"><ele>93.8</ele><time>2023-08-29T11:23:39Z</time></trkpt><trkpt lat="58.048777" lon="38.980338"><ele>93.6</ele><time>2023-08-29T11:23:41Z</time></trkpt><trkpt lat="58.0488" lon="38.980195"><ele>93.5</ele><time>2023-08-29T11:23:43Z</time></trkpt><trkpt lat="58.048812" lon="38.980037"><ele>93.9</ele><time>2023-08-29T11:23:45Z</time></trkpt><trkpt lat="58.048812" lon="38.97989"><ele>94.4</ele><time>2023-08-29T11:23:47Z</time></trkpt><trkpt lat="58.048827" lon="38.97973"><ele>94.9</ele><time>2023-08-29T11:23:49Z</time></trkpt><trkpt lat="58.048853" lon="38.979567"><ele>95.7</ele><time>2023-08-29T11:23:52Z</time></trkpt><trkpt lat="58.048855" lon="38.979353"><ele>95.6</ele><time>2023-08-29T11:23:55Z</time></trkpt><trkpt lat="58.04884" lon="38.979192"><ele>95.7</ele><time>2023-08-29T11:23:57Z</time></trkpt><trkpt lat="58.048853" lon="38.978988"><ele>96.0</ele><time>2023-08-29T11:23:59Z</time></trkpt><trkpt lat="58.048882" lon="38.978785"><ele>96.2</ele><time>2023-08-29T11:24:01Z</time></trkpt><trkpt lat="58.048915" lon="38.978603"><ele>96.7</ele><time>2023-08-29T11:24:03Z</time></trkpt><trkpt lat="58.048923" lon="38.978407"><ele>97.4</ele><time>2023-08-29T11:24:05Z</time></trkpt><trkpt lat="58.048952" lon="38.978243"><ele>97.1</ele><time>2023-08-29T11:24:07Z</time></trkpt><trkpt lat="58.048958" lon="38.978047"><ele>96.9</ele><time>2023-08-29T11:24:09Z</time></trkpt><trkpt lat="58.048967" lon="38.977842"><ele>96.7</ele><time>2023-08-29T11:24:11Z</time></trkpt><trkpt lat="58.048985" lon="38.977643"><ele>96.7</ele><time>2023-08-29T11:24:13Z</time></trkpt><trkpt lat="58.049008" lon="38.977435"><ele>96.7</ele><time>2023-08-29T11:24:15Z</time></trkpt><trkpt lat="58.049032" lon="38.977242"><ele>96.6</ele><time>2023-08-29T11:24:17Z</time></trkpt><trkpt lat="58.049057" lon="38.977067"><ele>97.3</ele><time>2023-08-29T11:24:19Z</time></trkpt><trkpt lat="58.049062" lon="38.976875"><ele>97.9</ele><time>2023-08-29T11:24:21Z</time></trkpt><trkpt lat="58.049072" lon="38.976713"><ele>98.4</ele><time>2023-08-29T11:24:23Z</time></trkpt><trkpt lat="58.049082" lon="38.976572"><ele>98.9</ele><time>2023-08-29T11:24:25Z</time></trkpt><trkpt lat="58.049102" lon="38.97644"><ele>98.4</ele><time>2023-08-29T11:24:28Z</time></trkpt><trkpt lat="58.049153" lon="38.976268"><ele>98.7</ele><time>2023-08-29T11:24:31Z</time></trkpt><trkpt lat="58.049157" lon="38.976103"><ele>99.6</ele><time>2023-08-29T11:24:34Z</time></trkpt><trkpt lat="58.049162" lon="38.975945"><ele>99.7</ele><time>2023-08-29T11:24:38Z</time></trkpt><trkpt lat="58.049167" lon="38.97577"><ele>99.4</ele><time>2023-08-29T11:24:42Z</time></trkpt><trkpt lat="58.04917" lon="38.975608"><ele>99.7</ele><time>2023-08-29T11:24:46Z</time></trkpt><trkpt lat="58.049165" lon="38.975462"><ele>98.9</ele><time>2023-08-29T11:24:50Z</time></trkpt><trkpt lat="58.049182" lon="38.975307"><ele>98.7</ele><time>2023-08-29T11:24:54Z</time></trkpt><trkpt lat="58.049173" lon="38.975158"><ele>99.2</ele><time>2023-08-29T11:24:57Z</time></trkpt><trkpt lat="58.049167" lon="38.974988"><ele>99.0</ele><time>2023-08-29T11:25:00Z</time></trkpt><trkpt lat="58.049167" lon="38.974827"><ele>98.7</ele><time>2023-08-29T11:25:03Z</time></trkpt><trkpt lat="58.04916" lon="38.974637"><ele>98.5</ele><time>2023-08-29T11:25:06Z</time></trkpt><trkpt lat="58.049147" lon="38.97449"><ele>99.2</ele><time>2023-08-29T11:25:08Z</time></trkpt><trkpt lat="58.04913" lon="38.974335"><ele>99.1</ele><time>2023-08-29T11:25:10Z</time></trkpt><trkpt lat="58.049113" lon="38.974177"><ele>99.3</ele><time>2023-08-29T11:25:12Z</time></trkpt><trkpt lat="58.049105" lon="38.974018"><ele>99.4</ele><time>2023-08-29T11:25:14Z</time></trkpt><trkpt lat="58.049093" lon="38.973857"><ele>99.1</ele><time>2023-08-29T11:25:16Z</time></trkpt><trkpt lat="58.04908" lon="38.973695"><ele>98.9</ele><time>2023-08-29T11:25:18Z</time></trkpt><trkpt lat="58.049068" lon="38.973528"><ele>99.3</ele><time>2023-08-29T11:25:20Z</time></trkpt><trkpt lat="58.049057" lon="38.973373"><ele>98.7</ele><time>2023-08-29T11:25:22Z</time></trkpt><trkpt lat="58.04904" lon="38.973208"><ele>98.9</ele><time>2023-08-29T11:25:24Z</time></trkpt><trkpt lat="58.049028" lon="38.973043"><ele>98.9</ele><time>2023-08-29T11:25:26Z</time></trkpt><trkpt lat="58.049033" lon="38.972877"><ele>98.1</ele><time>2023-08-29T11:25:28Z</time></trkpt><trkpt lat="58.049037" lon="38.972715"><ele>98.5</ele><time>2023-08-29T11:25:30Z</time></trkpt><trkpt lat="58.049028" lon="38.972505"><ele>98.3</ele><time>2023-08-29T11:25:33Z</time></trkpt><trkpt lat="58.04901" lon="38.972332"><ele>98.6</ele><time>2023-08-29T11:25:35Z</time></trkpt><trkpt lat="58.049003" lon="38.972177"><ele>98.7</ele><time>2023-08-29T11:25:37Z</time></trkpt><trkpt lat="58.048992" lon="38.972017"><ele>98.7</ele><time>2023-08-29T11:25:39Z</time></trkpt><trkpt lat="58.04898" lon="38.97185"><ele>98.6</ele><time>2023-08-29T11:25:41Z</time></trkpt><trkpt lat="58.048973" lon="38.971707"><ele>97.7</ele><time>2023-08-29T11:25:43Z</time></trkpt><trkpt lat="58.048967" lon="38.971535"><ele>96.4</ele><time>2023-08-29T11:25:45Z</time></trkpt><trkpt lat="58.048955" lon="38.971373"><ele>96.3</ele><time>2023-08-29T11:25:47Z</time></trkpt><trkpt lat="58.048967" lon="38.971173"><ele>96.2</ele><time>2023-08-29T11:25:49Z</time></trkpt><trkpt lat="58.04894" lon="38.970987"><ele>96.6</ele><time>2023-08-29T11:25:51Z</time></trkpt><trkpt lat="58.048933" lon="38.970802"><ele>96.5</ele><time>2023-08-29T11:25:53Z</time></trkpt><trkpt lat="58.048928" lon="38.9706"><ele>97.2</ele><time>2023-08-29T11:25:55Z</time></trkpt><trkpt lat="58.04891" lon="38.970397"><ele>98.1</ele><time>2023-08-29T11:25:57Z</time></trkpt><trkpt lat="58.048893" lon="38.97019"><ele>98.8</ele><time>2023-08-29T11:25:59Z</time></trkpt><trkpt lat="58.048877" lon="38.96999"><ele>99.1</ele><time>2023-08-29T11:26:01Z</time></trkpt><trkpt lat="58.048865" lon="38.969792"><ele>99.4</ele><time>2023-08-29T11:26:03Z</time></trkpt><trkpt lat="58.04886" lon="38.969588"><ele>99.3</ele><time>2023-08-29T11:26:05Z</time></trkpt><trkpt lat="58.048867" lon="38.969348"><ele>98.7</ele><time>2023-08-29T11:26:07Z</time></trkpt><trkpt lat="58.048843" lon="38.969118"><ele>98.6</ele><time>2023-08-29T11:26:09Z</time></trkpt><trkpt lat="58.048807" lon="38.968898"><ele>98.7</ele><time>2023-08-29T11:26:11Z</time></trkpt><trkpt lat="58.04878" lon="38.968678"><ele>99.2</ele><time>2023-08-29T11:26:13Z</time></trkpt><trkpt lat="58.048767" lon="38.968475"><ele>99.0</ele><time>2023-08-29T11:26:15Z</time></trkpt><trkpt lat="58.048733" lon="38.968272"><ele>99.5</ele><time>2023-08-29T11:26:17Z</time></trkpt><trkpt lat="58.048688" lon="38.968043"><ele>98.7</ele><time>2023-08-29T11:26:19Z</time></trkpt><trkpt lat="58.048697" lon="38.967897"><ele>96.5</ele><time>2023-08-29T11:26:21Z</time></trkpt><trkpt lat="58.04868" lon="38.967693"><ele>96.4</ele><time>2023-08-29T11:26:23Z</time></trkpt><trkpt lat="58.048645" lon="38.967467"><ele>95.7</ele><time>2023-08-29T11:26:25Z</time></trkpt><trkpt lat="58.048627" lon="38.96724"><ele>96.3</ele><time>2023-08-29T11:26:27Z</time></trkpt><trkpt lat="58.048595" lon="38.967007"><ele>96.4</ele><time>2023-08-29T11:26:29Z</time></trkpt><trkpt lat="58.04859" lon="38.96678"><ele>96.5</ele><time>2023-08-29T11:26:31Z</time></trkpt><trkpt lat="58.048572" lon="38.966553"><ele>97.1</ele><time>2023-08-29T11:26:33Z</time></trkpt><trkpt lat="58.048562" lon="38.96637"><ele>97.2</ele><time>2023-08-29T11:26:35Z</time></trkpt><trkpt lat="58.048558" lon="38.966195"><ele>97.1</ele><time>2023-08-29T11:26:37Z</time></trkpt><trkpt lat="58.048553" lon="38.966027"><ele>97.3</ele><time>2023-08-29T11:26:39Z</time></trkpt><trkpt lat="58.048557" lon="38.965822"><ele>96.0</ele><time>2023-08-29T11:26:42Z</time></trkpt><trkpt lat="58.048565" lon="38.965685"><ele>95.9</ele><time>2023-08-29T11:26:44Z</time></trkpt><trkpt lat="58.048555" lon="38.965527"><ele>95.9</ele><time>2023-08-29T11:26:46Z</time></trkpt><trkpt lat="58.048545" lon="38.965357"><ele>95.9</ele><time>2023-08-29T11:26:48Z</time></trkpt><trkpt lat="58.048542" lon="38.965178"><ele>96.4</ele><time>2023-08-29T11:26:50Z</time></trkpt><trkpt lat="58.04854" lon="38.965012"><ele>96.2</ele><time>2023-08-29T11:26:52Z</time></trkpt><trkpt lat="58.04854" lon="38.964825"><ele>97.0</ele><time>2023-08-29T11:26:54Z</time></trkpt><trkpt lat="58.048538" lon="38.96465"><ele>97.5</ele><time>2023-08-29T11:26:56Z</time></trkpt><trkpt lat="58.048603" lon="38.964528"><ele>98.0</ele><time>2023-08-29T11:26:58Z</time></trkpt><trkpt lat="58.048595" lon="38.964382"><ele>98.1</ele><time>2023-08-29T11:27:00Z</time></trkpt><trkpt lat="58.048582" lon="38.96424"><ele>98.5</ele><time>2023-08-29T11:27:02Z</time></trkpt><trkpt lat="58.048575" lon="38.964077"><ele>98.7</ele><time>2023-08-29T11:27:04Z</time></trkpt><trkpt lat="58.04857" lon="38.963937"><ele>98.4</ele><time>2023-08-29T11:27:06Z</time></trkpt><trkpt lat="58.048562" lon="38.963773"><ele>98.0</ele><time>2023-08-29T11:27:08Z</time></trkpt><trkpt lat="58.048558" lon="38.963593"><ele>98.5</ele><time>2023-08-29T11:27:10Z</time></trkpt><trkpt lat="58.048537" lon="38.963407"><ele>99.3</ele><time>2023-08-29T11:27:12Z</time></trkpt><trkpt lat="58.04855" lon="38.963193"><ele>100.4</ele><time>2023-08-29T11:27:14Z</time></trkpt><trkpt lat="58.048537" lon="38.96301"><ele>100.9</ele><time>2023-08-29T11:27:16Z</time></trkpt><trkpt lat="58.048533" lon="38.962845"><ele>100.8</ele><time>2023-08-29T11:27:18Z</time></trkpt><trkpt lat="58.048515" lon="38.962675"><ele>101.0</ele><time>2023-08-29T11:27:20Z</time></trkpt><trkpt lat="58.04848" lon="38.962518"><ele>100.8</ele><time>2023-08-29T11:27:22Z</time></trkpt><trkpt lat="58.048435" lon="38.962382"><ele>100.8</ele><time>2023-08-29T11:27:24Z</time></trkpt><trkpt lat="58.048398" lon="38.962252"><ele>99.9</ele><time>2023-08-29T11:27:26Z</time></trkpt><trkpt lat="58.048375" lon="38.96209"><ele>99.8</ele><time>2023-08-29T11:27:28Z</time></trkpt><trkpt lat="58.048315" lon="38.96192"><ele>100.4</ele><time>2023-08-29T11:27:30Z</time></trkpt><trkpt lat="58.048272" lon="38.961753"><ele>100.2</ele><time>2023-08-29T11:27:32Z</time></trkpt><trkpt lat="58.048237" lon="38.961577"><ele>100.6</ele><time>2023-08-29T11:27:34Z</time></trkpt><trkpt lat="58.048187" lon="38.96141"><ele>100.6</ele><time>2023-08-29T11:27:36Z</time></trkpt><trkpt lat="58.048153" lon="38.961258"><ele>100.9</ele><time>2023-08-29T11:27:38Z</time></trkpt><trkpt lat="58.048133" lon="38.961102"><ele>100.5</ele><time>2023-08-29T11:27:40Z</time></trkpt><trkpt lat="58.048098" lon="38.960943"><ele>100.4</ele><time>2023-08-29T11:27:42Z</time></trkpt><trkpt lat="58.048058" lon="38.960783"><ele>100.4</ele><time>2023-08-29T11:27:44Z</time></trkpt><trkpt lat="58.048013" lon="38.960617"><ele>99.9</ele><time>2023-08-29T11:27:46Z</time></trkpt><trkpt lat="58.047963" lon="38.960432"><ele>100.5</ele><time>2023-08-29T11:27:48Z</time></trkpt><trkpt lat="58.047922" lon="38.960278"><ele>99.7</ele><time>2023-08-29T11:27:50Z</time></trkpt><trkpt lat="58.047873" lon="38.960112"><ele>100.4</ele><time>2023-08-29T11:27:52Z</time></trkpt><trkpt lat="58.047832" lon="38.959943"><ele>100.3</ele><time>2023-08-29T11:27:54Z</time></trkpt><trkpt lat="58.047813" lon="38.959802"><ele>100.9</ele><time>2023-08-29T11:27:56Z</time></trkpt><trkpt lat="58.047785" lon="38.959663"><ele>100.6</ele><time>2023-08-29T11:27:58Z</time></trkpt><trkpt lat="58.047757" lon="38.959525"><ele>101.0</ele><time>2023-08-29T11:28:00Z</time></trkpt><trkpt lat="58.04772" lon="38.959333"><ele>101.3</ele><time>2023-08-29T11:28:03Z</time></trkpt><trkpt lat="58.047677" lon="38.95919"><ele>101.5</ele><time>2023-08-29T11:28:05Z</time></trkpt><trkpt lat="58.04764" lon="38.959052"><ele>101.9</ele><time>2023-08-29T11:28:07Z</time></trkpt><trkpt lat="58.047605" lon="38.95891"><ele>102.2</ele><time>2023-08-29T11:28:09Z</time></trkpt><trkpt lat="58.047573" lon="38.958767"><ele>102.2</ele><time>2023-08-29T11:28:11Z</time></trkpt><trkpt lat="58.04754" lon="38.958622"><ele>101.8</ele><time>2023-08-29T11:28:13Z</time></trkpt><trkpt lat="58.047512" lon="38.958487"><ele>101.6</ele><time>2023-08-29T11:28:15Z</time></trkpt><trkpt lat="58.047468" lon="38.958347"><ele>101.4</ele><time>2023-08-29T11:28:17Z</time></trkpt><trkpt lat="58.04744" lon="38.958205"><ele>101.7</ele><time>2023-08-29T11:28:19Z</time></trkpt><trkpt lat="58.047398" lon="38.958032"><ele>102.2</ele><time>2023-08-29T11:28:21Z</time></trkpt><trkpt lat="58.047372" lon="38.957863"><ele>102.1</ele><time>2023-08-29T11:28:23Z</time></trkpt><trkpt lat="58.047343" lon="38.957707"><ele>102.4</ele><time>2023-08-29T11:28:25Z</time></trkpt><trkpt lat="58.047297" lon="38.957517"><ele>102.6</ele><time>2023-08-29T11:28:27Z</time></trkpt><trkpt lat="58.047235" lon="38.957323"><ele>102.5</ele><time>2023-08-29T11:28:29Z</time></trkpt><trkpt lat="58.047205" lon="38.957137"><ele>102.2</ele><time>2023-08-29T11:28:31Z</time></trkpt><trkpt lat="58.047162" lon="38.956942"><ele>101.7</ele><time>2023-08-29T11:28:33Z</time></trkpt><trkpt lat="58.047138" lon="38.956737"><ele>101.6</ele><time>2023-08-29T11:28:35Z</time></trkpt><trkpt lat="58.047117" lon="38.95657"><ele>102.1</ele><time>2023-08-29T11:28:37Z</time></trkpt><trkpt lat="58.047083" lon="38.956387"><ele>102.9</ele><time>2023-08-29T11:28:39Z</time></trkpt><trkpt lat="58.047052" lon="38.956192"><ele>103.0</ele><time>2023-08-29T11:28:41Z</time></trkpt><trkpt lat="58.047025" lon="38.955977"><ele>102.3</ele><time>2023-08-29T11:28:43Z</time></trkpt><trkpt lat="58.046998" lon="38.955767"><ele>101.5</ele><time>2023-08-29T11:28:45Z</time></trkpt><trkpt lat="58.046963" lon="38.955578"><ele>100.9</ele><time>2023-08-29T11:28:47Z</time></trkpt><trkpt lat="58.046937" lon="38.955385"><ele>100.6</ele><time>2023-08-29T11:28:49Z</time></trkpt><trkpt lat="58.046918" lon="38.955222"><ele>101.1</ele><time>2023-08-29T11:28:51Z</time></trkpt><trkpt lat="58.046888" lon="38.955047"><ele>101.2</ele><time>2023-08-29T11:28:53Z</time></trkpt><trkpt lat="58.046852" lon="38.9549"><ele>101.6</ele><time>2023-08-29T11:28:55Z</time></trkpt><trkpt lat="58.046805" lon="38.95472"><ele>102.1</ele><time>2023-08-29T11:28:58Z</time></trkpt><trkpt lat="58.04681" lon="38.954572"><ele>102.3</ele><time>2023-08-29T11:29:01Z</time></trkpt><trkpt lat="58.046807" lon="38.95443"><ele>101.9</ele><time>2023-08-29T11:29:04Z</time></trkpt><trkpt lat="58.046795" lon="38.95427"><ele>101.9</ele><time>2023-08-29T11:29:07Z</time></trkpt><trkpt lat="58.046748" lon="38.954087"><ele>102.4</ele><time>2023-08-29T11:29:10Z</time></trkpt><trkpt lat="58.046725" lon="38.95394"><ele>103.2</ele><time>2023-08-29T11:29:12Z</time></trkpt><trkpt lat="58.046713" lon="38.953777"><ele>103.4</ele><time>2023-08-29T11:29:14Z</time></trkpt><trkpt lat="58.046693" lon="38.953638"><ele>103.7</ele><time>2023-08-29T11:29:16Z</time></trkpt><trkpt lat="58.046677" lon="38.953445"><ele>103.7</ele><time>2023-08-29T11:29:18Z</time></trkpt><trkpt lat="58.046637" lon="38.953283"><ele>103.1</ele><time>2023-08-29T11:29:20Z</time></trkpt><trkpt lat="58.0466" lon="38.953117"><ele>101.8</ele><time>2023-08-29T11:29:22Z</time></trkpt><trkpt lat="58.046563" lon="38.952948"><ele>101.7</ele><time>2023-08-29T11:29:24Z</time></trkpt><trkpt lat="58.046518" lon="38.952762"><ele>102.5</ele><time>2023-08-29T11:29:26Z</time></trkpt><trkpt lat="58.046497" lon="38.952567"><ele>102.5</ele><time>2023-08-29T11:29:28Z</time></trkpt><trkpt lat="58.046487" lon="38.952392"><ele>102.7</ele><time>2023-08-29T11:29:30Z</time></trkpt><trkpt lat="58.046465" lon="38.952222"><ele>102.9</ele><time>2023-08-29T11:29:32Z</time></trkpt><trkpt lat="58.04644" lon="38.952042"><ele>103.2</ele><time>2023-08-29T11:29:34Z</time></trkpt><trkpt lat="58.04642" lon="38.951835"><ele>103.2</ele><time>2023-08-29T11:29:36Z</time></trkpt><trkpt lat="58.046403" lon="38.951632"><ele>103.4</ele><time>2023-08-29T11:29:38Z</time></trkpt><trkpt lat="58.046382" lon="38.951447"><ele>102.6</ele><time>2023-08-29T11:29:40Z</time></trkpt><trkpt lat="58.04636" lon="38.951268"><ele>102.7</ele><time>2023-08-29T11:29:42Z</time></trkpt><trkpt lat="58.046348" lon="38.951082"><ele>102.5</ele><time>2023-08-29T11:29:44Z</time></trkpt><trkpt lat="58.046333" lon="38.950893"><ele>102.7</ele><time>2023-08-29T11:29:46Z</time></trkpt><trkpt lat="58.046313" lon="38.950705"><ele>102.3</ele><time>2023-08-29T11:29:48Z</time></trkpt><trkpt lat="58.046315" lon="38.950535"><ele>102.1</ele><time>2023-08-29T11:29:50Z</time></trkpt><trkpt lat="58.046325" lon="38.950365"><ele>103.1</ele><time>2023-08-29T11:29:52Z</time></trkpt><trkpt lat="58.04632" lon="38.95018"><ele>102.8</ele><time>2023-08-29T11:29:54Z</time></trkpt><trkpt lat="58.046298" lon="38.950002"><ele>103.2</ele><time>2023-08-29T11:29:56Z</time></trkpt><trkpt lat="58.046287" lon="38.949837"><ele>104.0</ele><time>2023-08-29T11:29:58Z</time></trkpt><trkpt lat="58.046287" lon="38.949655"><ele>104.8</ele><time>2023-08-29T11:30:00Z</time></trkpt><trkpt lat="58.046248" lon="38.949435"><ele>104.2</ele><time>2023-08-29T11:30:02Z</time></trkpt><trkpt lat="58.046235" lon="38.949227"><ele>103.9</ele><time>2023-08-29T11:30:04Z</time></trkpt><trkpt lat="58.04621" lon="38.94903"><ele>104.2</ele><time>2023-08-29T11:30:06Z</time></trkpt><trkpt lat="58.046188" lon="38.94886"><ele>104.2</ele><time>2023-08-29T11:30:08Z</time></trkpt><trkpt lat="58.046158" lon="38.948692"><ele>104.1</ele><time>2023-08-29T11:30:10Z</time></trkpt><trkpt lat="58.046122" lon="38.948498"><ele>104.5</ele><time>2023-08-29T11:30:12Z</time></trkpt><trkpt lat="58.046077" lon="38.948292"><ele>103.8</ele><time>2023-08-29T11:30:14Z</time></trkpt><trkpt lat="58.046047" lon="38.948105"><ele>103.5</ele><time>2023-08-29T11:30:16Z</time></trkpt><trkpt lat="58.046025" lon="38.947897"><ele>103.9</ele><time>2023-08-29T11:30:18Z</time></trkpt><trkpt lat="58.046015" lon="38.947743"><ele>103.7</ele><time>2023-08-29T11:30:20Z</time></trkpt><trkpt lat="58.045977" lon="38.947557"><ele>103.4</ele><time>2023-08-29T11:30:22Z</time></trkpt><trkpt lat="58.045938" lon="38.947383"><ele>104.2</ele><time>2023-08-29T11:30:24Z</time></trkpt><trkpt lat="58.045902" lon="38.94724"><ele>104.4</ele><time>2023-08-29T11:30:26Z</time></trkpt><trkpt lat="58.04587" lon="38.947095"><ele>104.2</ele><time>2023-08-29T11:30:28Z</time></trkpt><trkpt lat="58.04583" lon="38.946925"><ele>103.1</ele><time>2023-08-29T11:30:30Z</time></trkpt><trkpt lat="58.045782" lon="38.946733"><ele>103.3</ele><time>2023-08-29T11:30:32Z</time></trkpt><trkpt lat="58.045737" lon="38.946533"><ele>103.6</ele><time>2023-08-29T11:30:34Z</time></trkpt><trkpt lat="58.045705" lon="38.9464"><ele>102.8</ele><time>2023-08-29T11:30:37Z</time></trkpt><trkpt lat="58.045675" lon="38.946232"><ele>103.7</ele><time>2023-08-29T11:30:40Z</time></trkpt><trkpt lat="58.045648" lon="38.946078"><ele>104.2</ele><time>2023-08-29T11:30:45Z</time></trkpt><trkpt lat="58.045607" lon="38.945925"><ele>105.4</ele><time>2023-08-29T11:30:50Z</time></trkpt><trkpt lat="58.045577" lon="38.945775"><ele>106.3</ele><time>2023-08-29T11:30:54Z</time></trkpt><trkpt lat="58.04555" lon="38.94563"><ele>108.1</ele><time>2023-08-29T11:30:59Z</time></trkpt><trkpt lat="58.045505" lon="38.945473"><ele>107.9</ele><time>2023-08-29T11:31:03Z</time></trkpt><trkpt lat="58.04547" lon="38.945328"><ele>108.0</ele><time>2023-08-29T11:31:06Z</time></trkpt><trkpt lat="58.045427" lon="38.945157"><ele>107.7</ele><time>2023-08-29T11:31:09Z</time></trkpt><trkpt lat="58.045397" lon="38.944958"><ele>107.8</ele><time>2023-08-29T11:31:12Z</time></trkpt><trkpt lat="58.045367" lon="38.944815"><ele>107.5</ele><time>2023-08-29T11:31:14Z</time></trkpt><trkpt lat="58.045333" lon="38.94467"><ele>106.7</ele><time>2023-08-29T11:31:16Z</time></trkpt><trkpt lat="58.045318" lon="38.944495"><ele>104.8</ele><time>2023-08-29T11:31:18Z</time></trkpt><trkpt lat="58.045287" lon="38.944362"><ele>104.7</ele><time>2023-08-29T11:31:20Z</time></trkpt><trkpt lat="58.045252" lon="38.944207"><ele>104.5</ele><time>2023-08-29T11:31:22Z</time></trkpt><trkpt lat="58.045222" lon="38.944023"><ele>104.7</ele><time>2023-08-29T11:31:24Z</time></trkpt><trkpt lat="58.045193" lon="38.943867"><ele>104.8</ele><time>2023-08-29T11:31:26Z</time></trkpt><trkpt lat="58.045183" lon="38.94369"><ele>104.6</ele><time>2023-08-29T11:31:28Z</time></trkpt><trkpt lat="58.045167" lon="38.943513"><ele>104.1</ele><time>2023-08-29T11:31:30Z</time></trkpt><trkpt lat="58.045143" lon="38.943315"><ele>104.5</ele><time>2023-08-29T11:31:32Z</time></trkpt><trkpt lat="58.045145" lon="38.943123"><ele>104.9</ele><time>2023-08-29T11:31:34Z</time></trkpt><trkpt lat="58.045138" lon="38.942898"><ele>104.9</ele><time>2023-08-29T11:31:36Z</time></trkpt><trkpt lat="58.045162" lon="38.942685"><ele>105.1</ele><time>2023-08-29T11:31:38Z</time></trkpt><trkpt lat="58.045192" lon="38.942498"><ele>105.7</ele><time>2023-08-29T11:31:40Z</time></trkpt><trkpt lat="58.045208" lon="38.942307"><ele>106.8</ele><time>2023-08-29T11:31:42Z</time></trkpt><trkpt lat="58.045242" lon="38.94216"><ele>107.2</ele><time>2023-08-29T11:31:44Z</time></trkpt><trkpt lat="58.045278" lon="38.942027"><ele>107.3</ele><time>2023-08-29T11:31:46Z</time></trkpt><trkpt lat="58.045307" lon="38.941892"><ele>107.7</ele><time>2023-08-29T11:31:48Z</time></trkpt><trkpt lat="58.045343" lon="38.941735"><ele>107.9</ele><time>2023-08-29T11:31:50Z</time></trkpt><trkpt lat="58.045362" lon="38.941567"><ele>108.2</ele><time>2023-08-29T11:31:52Z</time></trkpt><trkpt lat="58.045373" lon="38.941375"><ele>108.8</ele><time>2023-08-29T11:31:54Z</time></trkpt><trkpt lat="58.045403" lon="38.941198"><ele>108.6</ele><time>2023-08-29T11:31:56Z</time></trkpt><trkpt lat="58.045432" lon="38.94099"><ele>108.2</ele><time>2023-08-29T11:31:58Z</time></trkpt><trkpt lat="58.045452" lon="38.940798"><ele>107.5</ele><time>2023-08-29T11:32:00Z</time></trkpt><trkpt lat="58.045463" lon="38.940577"><ele>106.1</ele><time>2023-08-29T11:32:02Z</time></trkpt><trkpt lat="58.04548" lon="38.940333"><ele>105.4</ele><time>2023-08-29T11:32:04Z</time></trkpt><trkpt lat="58.045482" lon="38.94019"><ele>106.1</ele><time>2023-08-29T11:32:05Z</time></trkpt><trkpt lat="58.045493" lon="38.940037"><ele>106.2</ele><time>2023-08-29T11:32:06Z</time></trkpt><trkpt lat="58.045497" lon="38.939873"><ele>106.8</ele><time>2023-08-29T11:32:07Z</time></trkpt><trkpt lat="58.045498" lon="38.939713"><ele>106.5</ele><time>2023-08-29T11:32:08Z</time></trkpt><trkpt lat="58.045482" lon="38.939537"><ele>107.1</ele><time>2023-08-29T11:32:09Z</time></trkpt><trkpt lat="58.045465" lon="38.93938"><ele>107.5</ele><time>2023-08-29T11:32:10Z</time></trkpt><trkpt lat="58.045442" lon="38.939198"><ele>107.5</ele><time>2023-08-29T11:32:11Z</time></trkpt><trkpt lat="58.045422" lon="38.939045"><ele>107.3</ele><time>2023-08-29T11:32:12Z</time></trkpt><trkpt lat="58.045395" lon="38.938902"><ele>107.5</ele><time>2023-08-29T11:32:13Z</time></trkpt><trkpt lat="58.045365" lon="38.938773"><ele>107.4</ele><time>2023-08-29T11:32:14Z</time></trkpt><trkpt lat="58.045332" lon="38.938635"><ele>106.8</ele><time>2023-08-29T11:32:15Z</time></trkpt><trkpt lat="58.045262" lon="38.938387"><ele>105.9</ele><time>2023-08-29T11:32:17Z</time></trkpt><trkpt lat="58.045213" lon="38.93815"><ele>105.8</ele><time>2023-08-29T11:32:19Z</time></trkpt><trkpt lat="58.045163" lon="38.937938"><ele>106.3</ele><time>2023-08-29T11:32:21Z</time></trkpt><trkpt lat="58.045132" lon="38.937703"><ele>106.3</ele><time>2023-08-29T11:32:23Z</time></trkpt><trkpt lat="58.04509" lon="38.937475"><ele>106.5</ele><time>2023-08-29T11:32:25Z</time></trkpt><trkpt lat="58.045063" lon="38.937282"><ele>107.2</ele><time>2023-08-29T11:32:27Z</time></trkpt><trkpt lat="58.045025" lon="38.937058"><ele>108.1</ele><time>2023-08-29T11:32:29Z</time></trkpt><trkpt lat="58.044995" lon="38.936865"><ele>108.2</ele><time>2023-08-29T11:32:31Z</time></trkpt><trkpt lat="58.044978" lon="38.936668"><ele>108.5</ele><time>2023-08-29T11:32:33Z</time></trkpt><trkpt lat="58.044937" lon="38.9365"><ele>108.6</ele><time>2023-08-29T11:32:35Z</time></trkpt><trkpt lat="58.044915" lon="38.936328"><ele>108.9</ele><time>2023-08-29T11:32:37Z</time></trkpt><trkpt lat="58.044882" lon="38.93614"><ele>108.8</ele><time>2023-08-29T11:32:39Z</time></trkpt><trkpt lat="58.044847" lon="38.935948"><ele>109.4</ele><time>2023-08-29T11:32:41Z</time></trkpt><trkpt lat="58.044818" lon="38.935778"><ele>109.8</ele><time>2023-08-29T11:32:43Z</time></trkpt><trkpt lat="58.044788" lon="38.935617"><ele>109.6</ele><time>2023-08-29T11:32:45Z</time></trkpt><trkpt lat="58.044757" lon="38.935437"><ele>110.0</ele><time>2023-08-29T11:32:48Z</time></trkpt><trkpt lat="58.044735" lon="38.935293"><ele>109.9</ele><time>2023-08-29T11:32:51Z</time></trkpt><trkpt lat="58.044667" lon="38.935243"><ele>110.2</ele><time>2023-08-29T11:32:54Z</time></trkpt><trkpt lat="58.044627" lon="38.935107"><ele>111.0</ele><time>2023-08-29T11:32:57Z</time></trkpt><trkpt lat="58.044597" lon="38.934958"><ele>111.5</ele><time>2023-08-29T11:33:00Z</time></trkpt><trkpt lat="58.044553" lon="38.934833"><ele>110.5</ele><time>2023-08-29T11:33:04Z</time></trkpt><trkpt lat="58.044503" lon="38.934688"><ele>110.4</ele><time>2023-08-29T11:33:10Z</time></trkpt><trkpt lat="58.044448" lon="38.93453"><ele>110.6</ele><time>2023-08-29T11:33:13Z</time></trkpt><trkpt lat="58.044402" lon="38.934395"><ele>111.2</ele><time>2023-08-29T11:33:15Z</time></trkpt><trkpt lat="58.044353" lon="38.934238"><ele>112.7</ele><time>2023-08-29T11:33:18Z</time></trkpt><trkpt lat="58.044298" lon="38.934082"><ele>113.5</ele><time>2023-08-29T11:33:21Z</time></trkpt><trkpt lat="58.044258" lon="38.933965"><ele>114.7</ele><time>2023-08-29T11:33:23Z</time></trkpt><trkpt lat="58.044207" lon="38.9338"><ele>115.3</ele><time>2023-08-29T11:33:26Z</time></trkpt><trkpt lat="58.044165" lon="38.933667"><ele>114.5</ele><time>2023-08-29T11:33:30Z</time></trkpt><trkpt lat="58.044115" lon="38.933503"><ele>113.3</ele><time>2023-08-29T11:33:34Z</time></trkpt><trkpt lat="58.044062" lon="38.933343"><ele>113.8</ele><time>2023-08-29T11:33:37Z</time></trkpt><trkpt lat="58.044027" lon="38.933182"><ele>112.9</ele><time>2023-08-29T11:33:40Z</time></trkpt><trkpt lat="58.043993" lon="38.933038"><ele>113.2</ele><time>2023-08-29T11:33:43Z</time></trkpt><trkpt lat="58.043942" lon="38.932893"><ele>113.3</ele><time>2023-08-29T11:33:46Z</time></trkpt><trkpt lat="58.043877" lon="38.932748"><ele>113.1</ele><time>2023-08-29T11:33:49Z</time></trkpt><trkpt lat="58.043825" lon="38.932592"><ele>111.8</ele><time>2023-08-29T11:33:52Z</time></trkpt><trkpt lat="58.043807" lon="38.932407"><ele>112.1</ele><time>2023-08-29T11:33:55Z</time></trkpt><trkpt lat="58.043817" lon="38.932267"><ele>111.4</ele><time>2023-08-29T11:33:57Z</time></trkpt><trkpt lat="58.043845" lon="38.932133"><ele>111.5</ele><time>2023-08-29T11:33:59Z</time></trkpt><trkpt lat="58.043885" lon="38.932015"><ele>111.8</ele><time>2023-08-29T11:34:01Z</time></trkpt><trkpt lat="58.043928" lon="38.931852"><ele>112.3</ele><time>2023-08-29T11:34:04Z</time></trkpt><trkpt lat="58.043935" lon="38.93168"><ele>112.6</ele><time>2023-08-29T11:34:07Z</time></trkpt><trkpt lat="58.043923" lon="38.931488"><ele>113.7</ele><time>2023-08-29T11:34:10Z</time></trkpt><trkpt lat="58.043915" lon="38.931302"><ele>113.4</ele><time>2023-08-29T11:34:13Z</time></trkpt><trkpt lat="58.043908" lon="38.931098"><ele>114.1</ele><time>2023-08-29T11:34:16Z</time></trkpt><trkpt lat="58.043903" lon="38.930915"><ele>114.0</ele><time>2023-08-29T11:34:19Z</time></trkpt><trkpt lat="58.0439" lon="38.930775"><ele>115.0</ele><time>2023-08-29T11:34:21Z</time></trkpt><trkpt lat="58.043893" lon="38.930632"><ele>115.2</ele><time>2023-08-29T11:34:23Z</time></trkpt><trkpt lat="58.043888" lon="38.93048"><ele>113.6</ele><time>2023-08-29T11:34:25Z</time></trkpt><trkpt lat="58.043882" lon="38.930312"><ele>113.9</ele><time>2023-08-29T11:34:27Z</time></trkpt><trkpt lat="58.043888" lon="38.930157"><ele>114.1</ele><time>2023-08-29T11:34:29Z</time></trkpt><trkpt lat="58.043905" lon="38.930008"><ele>113.9</ele><time>2023-08-29T11:34:31Z</time></trkpt><trkpt lat="58.04392" lon="38.929863"><ele>113.4</ele><time>2023-08-29T11:34:33Z</time></trkpt><trkpt lat="58.043938" lon="38.92967"><ele>113.1</ele><time>2023-08-29T11:34:36Z</time></trkpt><trkpt lat="58.043927" lon="38.92947"><ele>113.7</ele><time>2023-08-29T11:34:39Z</time></trkpt><trkpt lat="58.043915" lon="38.929275"><ele>112.9</ele><time>2023-08-29T11:34:42Z</time></trkpt><trkpt lat="58.04391" lon="38.929092"><ele>113.1</ele><time>2023-08-29T11:34:45Z</time></trkpt><trkpt lat="58.043883" lon="38.928895"><ele>112.4</ele><time>2023-08-29T11:34:48Z</time></trkpt><trkpt lat="58.04384" lon="38.928783"><ele>111.0</ele><time>2023-08-29T11:34:50Z</time></trkpt><trkpt lat="58.043768" lon="38.928707"><ele>110.2</ele><time>2023-08-29T11:34:52Z</time></trkpt><trkpt lat="58.043695" lon="38.928618"><ele>109.5</ele><time>2023-08-29T11:34:54Z</time></trkpt><trkpt lat="58.04366" lon="38.928488"><ele>109.0</ele><time>2023-08-29T11:34:56Z</time></trkpt><trkpt lat="58.043647" lon="38.928335"><ele>109.1</ele><time>2023-08-29T11:34:58Z</time></trkpt><trkpt lat="58.043633" lon="38.928182"><ele>108.9</ele><time>2023-08-29T11:35:00Z</time></trkpt><trkpt lat="58.043622" lon="38.928027"><ele>109.2</ele><time>2023-08-29T11:35:02Z</time></trkpt><trkpt lat="58.043612" lon="38.927885"><ele>109.0</ele><time>2023-08-29T11:35:04Z</time></trkpt><trkpt lat="58.043605" lon="38.927747"><ele>108.5</ele><time>2023-08-29T11:35:06Z</time></trkpt><trkpt lat="58.043595" lon="38.92755"><ele>108.4</ele><time>2023-08-29T11:35:09Z</time></trkpt><trkpt lat="58.043585" lon="38.927352"><ele>108.5</ele><time>2023-08-29T11:35:12Z</time></trkpt><trkpt lat="58.043563" lon="38.927223"><ele>108.9</ele><time>2023-08-29T11:35:14Z</time></trkpt><trkpt lat="58.043528" lon="38.927033"><ele>108.2</ele><time>2023-08-29T11:35:17Z</time></trkpt><trkpt lat="58.043503" lon="38.926835"><ele>108.4</ele><time>2023-08-29T11:35:20Z</time></trkpt><trkpt lat="58.043485" lon="38.926688"><ele>107.8</ele><time>2023-08-29T11:35:22Z</time></trkpt><trkpt lat="58.043433" lon="38.926505"><ele>108.0</ele><time>2023-08-29T11:35:24Z</time></trkpt><trkpt lat="58.043408" lon="38.92634"><ele>107.6</ele><time>2023-08-29T11:35:26Z</time></trkpt><trkpt lat="58.043387" lon="38.926143"><ele>107.7</ele><time>2023-08-29T11:35:29Z</time></trkpt><trkpt lat="58.043367" lon="38.925988"><ele>108.3</ele><time>2023-08-29T11:35:31Z</time></trkpt><trkpt lat="58.043338" lon="38.925853"><ele>108.9</ele><time>2023-08-29T11:35:33Z</time></trkpt><trkpt lat="58.04332" lon="38.92572"><ele>109.1</ele><time>2023-08-29T11:35:35Z</time></trkpt><trkpt lat="58.043315" lon="38.925527"><ele>108.6</ele><time>2023-08-29T11:35:38Z</time></trkpt><trkpt lat="58.043312" lon="38.925332"><ele>108.3</ele><time>2023-08-29T11:35:40Z</time></trkpt><trkpt lat="58.043315" lon="38.925183"><ele>107.5</ele><time>2023-08-29T11:35:42Z</time></trkpt><trkpt lat="58.04332" lon="38.925023"><ele>107.0</ele><time>2023-08-29T11:35:44Z</time></trkpt><trkpt lat="58.043307" lon="38.92486"><ele>106.6</ele><time>2023-08-29T11:35:46Z</time></trkpt><trkpt lat="58.043283" lon="38.924705"><ele>106.6</ele><time>2023-08-29T11:35:48Z</time></trkpt><trkpt lat="58.043268" lon="38.924548"><ele>106.1</ele><time>2023-08-29T11:35:50Z</time></trkpt><trkpt lat="58.043253" lon="38.92439"><ele>106.7</ele><time>2023-08-29T11:35:52Z</time></trkpt><trkpt lat="58.043235" lon="38.92422"><ele>106.8</ele><time>2023-08-29T11:35:54Z</time></trkpt><trkpt lat="58.043242" lon="38.924033"><ele>106.7</ele><time>2023-08-29T11:35:56Z</time></trkpt><trkpt lat="58.043248" lon="38.923877"><ele>106.6</ele><time>2023-08-29T11:35:58Z</time></trkpt><trkpt lat="58.043243" lon="38.923678"><ele>106.5</ele><time>2023-08-29T11:36:00Z</time></trkpt><trkpt lat="58.043262" lon="38.923483"><ele>106.4</ele><time>2023-08-29T11:36:02Z</time></trkpt><trkpt lat="58.043273" lon="38.923305"><ele>106.5</ele><time>2023-08-29T11:36:04Z</time></trkpt><trkpt lat="58.043288" lon="38.92311"><ele>107.3</ele><time>2023-08-29T11:36:06Z</time></trkpt><trkpt lat="58.043302" lon="38.922923"><ele>106.7</ele><time>2023-08-29T11:36:08Z</time></trkpt><trkpt lat="58.043313" lon="38.92277"><ele>106.4</ele><time>2023-08-29T11:36:10Z</time></trkpt><trkpt lat="58.043302" lon="38.922627"><ele>107.1</ele><time>2023-08-29T11:36:12Z</time></trkpt><trkpt lat="58.043298" lon="38.92247"><ele>106.0</ele><time>2023-08-29T11:36:14Z</time></trkpt><trkpt lat="58.043308" lon="38.922328"><ele>106.8</ele><time>2023-08-29T11:36:16Z</time></trkpt><trkpt lat="58.04334" lon="38.922167"><ele>106.7</ele><time>2023-08-29T11:36:18Z</time></trkpt><trkpt lat="58.043358" lon="38.921987"><ele>106.7</ele><time>2023-08-29T11:36:20Z</time></trkpt><trkpt lat="58.043372" lon="38.921788"><ele>107.4</ele><time>2023-08-29T11:36:23Z</time></trkpt><trkpt lat="58.043357" lon="38.921595"><ele>107.3</ele><time>2023-08-29T11:36:25Z</time></trkpt><trkpt lat="58.043392" lon="38.921372"><ele>108.1</ele><time>2023-08-29T11:36:27Z</time></trkpt><trkpt lat="58.043427" lon="38.921205"><ele>108.8</ele><time>2023-08-29T11:36:29Z</time></trkpt><trkpt lat="58.043447" lon="38.921027"><ele>109.0</ele><time>2023-08-29T11:36:31Z</time></trkpt><trkpt lat="58.043452" lon="38.920878"><ele>109.0</ele><time>2023-08-29T11:36:33Z</time></trkpt><trkpt lat="58.043465" lon="38.920683"><ele>109.9</ele><time>2023-08-29T11:36:36Z</time></trkpt><trkpt lat="58.043488" lon="38.920528"><ele>109.0</ele><time>2023-08-29T11:36:38Z</time></trkpt><trkpt lat="58.043487" lon="38.920328"><ele>109.1</ele><time>2023-08-29T11:36:40Z</time></trkpt><trkpt lat="58.043488" lon="38.92013"><ele>109.0</ele><time>2023-08-29T11:36:42Z</time></trkpt><trkpt lat="58.043488" lon="38.919963"><ele>109.0</ele><time>2023-08-29T11:36:44Z</time></trkpt><trkpt lat="58.043487" lon="38.91975"><ele>107.5</ele><time>2023-08-29T11:36:46Z</time></trkpt><trkpt lat="58.04349" lon="38.919518"><ele>107.6</ele><time>2023-08-29T11:36:48Z</time></trkpt><trkpt lat="58.043518" lon="38.919307"><ele>107.5</ele><time>2023-08-29T11:36:50Z</time></trkpt><trkpt lat="58.043523" lon="38.919118"><ele>107.9</ele><time>2023-08-29T11:36:52Z</time></trkpt><trkpt lat="58.043525" lon="38.918923"><ele>106.9</ele><time>2023-08-29T11:36:54Z</time></trkpt><trkpt lat="58.043542" lon="38.918768"><ele>106.6</ele><time>2023-08-29T11:36:56Z</time></trkpt><trkpt lat="58.043575" lon="38.91858"><ele>106.7</ele><time>2023-08-29T11:36:58Z</time></trkpt><trkpt lat="58.043598" lon="38.918383"><ele>107.0</ele><time>2023-08-29T11:37:00Z</time></trkpt><trkpt lat="58.043632" lon="38.91819"><ele>107.5</ele><time>2023-08-29T11:37:02Z</time></trkpt><trkpt lat="58.043667" lon="38.917973"><ele>107.3</ele><time>2023-08-29T11:37:04Z</time></trkpt><trkpt lat="58.043715" lon="38.917833"><ele>107.0</ele><time>2023-08-29T11:37:06Z</time></trkpt><trkpt lat="58.04376" lon="38.917685"><ele>106.6</ele><time>2023-08-29T11:37:08Z</time></trkpt><trkpt lat="58.043823" lon="38.917518"><ele>106.6</ele><time>2023-08-29T11:37:10Z</time></trkpt><trkpt lat="58.043903" lon="38.917355"><ele>106.8</ele><time>2023-08-29T11:37:12Z</time></trkpt><trkpt lat="58.043957" lon="38.917197"><ele>106.4</ele><time>2023-08-29T11:37:14Z</time></trkpt><trkpt lat="58.044023" lon="38.917043"><ele>107.0</ele><time>2023-08-29T11:37:16Z</time></trkpt><trkpt lat="58.044087" lon="38.916882"><ele>107.3</ele><time>2023-08-29T11:37:18Z</time></trkpt><trkpt lat="58.044148" lon="38.916712"><ele>107.9</ele><time>2023-08-29T11:37:20Z</time></trkpt><trkpt lat="58.04422" lon="38.916555"><ele>107.7</ele><time>2023-08-29T11:37:22Z</time></trkpt><trkpt lat="58.044277" lon="38.916373"><ele>107.0</ele><time>2023-08-29T11:37:24Z</time></trkpt><trkpt lat="58.044328" lon="38.916202"><ele>107.5</ele><time>2023-08-29T11:37:26Z</time></trkpt><trkpt lat="58.044377" lon="38.91604"><ele>106.8</ele><time>2023-08-29T11:37:28Z</time></trkpt><trkpt lat="58.044425" lon="38.915843"><ele>106.8</ele><time>2023-08-29T11:37:30Z</time></trkpt><trkpt lat="58.044468" lon="38.915623"><ele>106.8</ele><time>2023-08-29T11:37:32Z</time></trkpt><trkpt lat="58.044522" lon="38.915457"><ele>108.1</ele><time>2023-08-29T11:37:34Z</time></trkpt><trkpt lat="58.044563" lon="38.915298"><ele>108.3</ele><time>2023-08-29T11:37:36Z</time></trkpt><trkpt lat="58.044593" lon="38.915167"><ele>109.2</ele><time>2023-08-29T11:37:38Z</time></trkpt><trkpt lat="58.044612" lon="38.915033"><ele>108.5</ele><time>2023-08-29T11:37:40Z</time></trkpt><trkpt lat="58.044655" lon="38.914902"><ele>109.0</ele><time>2023-08-29T11:37:42Z</time></trkpt><trkpt lat="58.04469" lon="38.91478"><ele>110.0</ele><time>2023-08-29T11:37:44Z</time></trkpt><trkpt lat="58.04473" lon="38.91464"><ele>110.3</ele><time>2023-08-29T11:37:46Z</time></trkpt><trkpt lat="58.044762" lon="38.914505"><ele>111.3</ele><time>2023-08-29T11:37:48Z</time></trkpt><trkpt lat="58.0448" lon="38.91432"><ele>112.1</ele><time>2023-08-29T11:37:51Z</time></trkpt><trkpt lat="58.044837" lon="38.914187"><ele>112.2</ele><time>2023-08-29T11:37:53Z</time></trkpt><trkpt lat="58.044875" lon="38.91404"><ele>112.0</ele><time>2023-08-29T11:37:55Z</time></trkpt><trkpt lat="58.04492" lon="38.913892"><ele>112.3</ele><time>2023-08-29T11:37:57Z</time></trkpt><trkpt lat="58.044975" lon="38.913743"><ele>112.2</ele><time>2023-08-29T11:37:59Z</time></trkpt><trkpt lat="58.045022" lon="38.913592"><ele>112.1</ele><time>2023-08-29T11:38:01Z</time></trkpt><trkpt lat="58.04505" lon="38.913463"><ele>110.6</ele><time>2023-08-29T11:38:03Z</time></trkpt><trkpt lat="58.04509" lon="38.91328"><ele>109.9</ele><time>2023-08-29T11:38:06Z</time></trkpt><trkpt lat="58.045137" lon="38.913158"><ele>110.4</ele><time>2023-08-29T11:38:08Z</time></trkpt><trkpt lat="58.045178" lon="38.912978"><ele>110.7</ele><time>2023-08-29T11:38:10Z</time></trkpt><trkpt lat="58.045215" lon="38.912817"><ele>111.0</ele><time>2023-08-29T11:38:12Z</time></trkpt><trkpt lat="58.045257" lon="38.91263"><ele>111.1</ele><time>2023-08-29T11:38:14Z</time></trkpt><trkpt lat="58.045298" lon="38.912463"><ele>112.1</ele><time>2023-08-29T11:38:16Z</time></trkpt><trkpt lat="58.045335" lon="38.912303"><ele>111.5</ele><time>2023-08-29T11:38:18Z</time></trkpt><trkpt lat="58.045373" lon="38.912178"><ele>111.7</ele><time>2023-08-29T11:38:20Z</time></trkpt><trkpt lat="58.045417" lon="38.912"><ele>110.7</ele><time>2023-08-29T11:38:22Z</time></trkpt><trkpt lat="58.045455" lon="38.911842"><ele>110.8</ele><time>2023-08-29T11:38:24Z</time></trkpt><trkpt lat="58.045502" lon="38.911687"><ele>110.1</ele><time>2023-08-29T11:38:26Z</time></trkpt><trkpt lat="58.04556" lon="38.911477"><ele>110.4</ele><time>2023-08-29T11:38:28Z</time></trkpt><trkpt lat="58.045585" lon="38.91134"><ele>110.4</ele><time>2023-08-29T11:38:29Z</time></trkpt><trkpt lat="58.045607" lon="38.911202"><ele>110.9</ele><time>2023-08-29T11:38:30Z</time></trkpt><trkpt lat="58.04564" lon="38.910978"><ele>111.5</ele><time>2023-08-29T11:38:32Z</time></trkpt><trkpt lat="58.045663" lon="38.910765"><ele>111.3</ele><time>2023-08-29T11:38:34Z</time></trkpt><trkpt lat="58.04568" lon="38.910547"><ele>111.5</ele><time>2023-08-29T11:38:36Z</time></trkpt><trkpt lat="58.045717" lon="38.910398"><ele>112.4</ele><time>2023-08-29T11:38:38Z</time></trkpt><trkpt lat="58.045738" lon="38.910253"><ele>112.5</ele><time>2023-08-29T11:38:40Z</time></trkpt><trkpt lat="58.045767" lon="38.910108"><ele>112.3</ele><time>2023-08-29T11:38:42Z</time></trkpt><trkpt lat="58.045783" lon="38.909977"><ele>112.6</ele><time>2023-08-29T11:38:44Z</time></trkpt><trkpt lat="58.0458" lon="38.90984"><ele>112.3</ele><time>2023-08-29T11:38:46Z</time></trkpt><trkpt lat="58.045782" lon="38.909688"><ele>112.1</ele><time>2023-08-29T11:38:48Z</time></trkpt><trkpt lat="58.045753" lon="38.909542"><ele>112.6</ele><time>2023-08-29T11:38:50Z</time></trkpt><trkpt lat="58.045705" lon="38.909435"><ele>111.4</ele><time>2023-08-29T11:38:52Z</time></trkpt><trkpt lat="58.045623" lon="38.9094"><ele>110.2</ele><time>2023-08-29T11:38:54Z</time></trkpt><trkpt lat="58.045555" lon="38.909292"><ele>110.1</ele><time>2023-08-29T11:38:56Z</time></trkpt><trkpt lat="58.045525" lon="38.909075"><ele>108.2</ele><time>2023-08-29T11:38:58Z</time></trkpt><trkpt lat="58.0455" lon="38.908935"><ele>107.6</ele><time>2023-08-29T11:39:00Z</time></trkpt><trkpt lat="58.04549" lon="38.908798"><ele>106.8</ele><time>2023-08-29T11:39:02Z</time></trkpt><trkpt lat="58.045463" lon="38.908645"><ele>106.4</ele><time>2023-08-29T11:39:04Z</time></trkpt><trkpt lat="58.045442" lon="38.908428"><ele>106.0</ele><time>2023-08-29T11:39:06Z</time></trkpt><trkpt lat="58.04543" lon="38.908178"><ele>106.5</ele><time>2023-08-29T11:39:08Z</time></trkpt><trkpt lat="58.045407" lon="38.907995"><ele>107.7</ele><time>2023-08-29T11:39:10Z</time></trkpt><trkpt lat="58.045402" lon="38.907808"><ele>106.7</ele><time>2023-08-29T11:39:13Z</time></trkpt><trkpt lat="58.045368" lon="38.907652"><ele>107.3</ele><time>2023-08-29T11:39:15Z</time></trkpt><trkpt lat="58.045337" lon="38.907442"><ele>107.1</ele><time>2023-08-29T11:39:17Z</time></trkpt><trkpt lat="58.045307" lon="38.907262"><ele>106.9</ele><time>2023-08-29T11:39:19Z</time></trkpt><trkpt lat="58.045297" lon="38.907067"><ele>106.7</ele><time>2023-08-29T11:39:21Z</time></trkpt><trkpt lat="58.04527" lon="38.906935"><ele>106.7</ele><time>2023-08-29T11:39:22Z</time></trkpt><trkpt lat="58.045267" lon="38.90673"><ele>106.7</ele><time>2023-08-29T11:39:24Z</time></trkpt><trkpt lat="58.04527" lon="38.906555"><ele>105.7</ele><time>2023-08-29T11:39:26Z</time></trkpt><trkpt lat="58.045267" lon="38.90639"><ele>105.6</ele><time>2023-08-29T11:39:28Z</time></trkpt><trkpt lat="58.045265" lon="38.906193"><ele>106.1</ele><time>2023-08-29T11:39:30Z</time></trkpt><trkpt lat="58.045268" lon="38.905948"><ele>105.9</ele><time>2023-08-29T11:39:32Z</time></trkpt><trkpt lat="58.045293" lon="38.90571"><ele>106.1</ele><time>2023-08-29T11:39:34Z</time></trkpt><trkpt lat="58.0453" lon="38.90545"><ele>105.5</ele><time>2023-08-29T11:39:36Z</time></trkpt><trkpt lat="58.045297" lon="38.905247"><ele>105.4</ele><time>2023-08-29T11:39:37Z</time></trkpt><trkpt lat="58.04531" lon="38.905022"><ele>106.9</ele><time>2023-08-29T11:39:39Z</time></trkpt><trkpt lat="58.045327" lon="38.904803"><ele>106.9</ele><time>2023-08-29T11:39:41Z</time></trkpt><trkpt lat="58.045338" lon="38.904588"><ele>106.0</ele><time>2023-08-29T11:39:43Z</time></trkpt><trkpt lat="58.045347" lon="38.904452"><ele>105.6</ele><time>2023-08-29T11:39:44Z</time></trkpt><trkpt lat="58.045357" lon="38.904255"><ele>106.5</ele><time>2023-08-29T11:39:46Z</time></trkpt><trkpt lat="58.045352" lon="38.904073"><ele>106.6</ele><time>2023-08-29T11:39:48Z</time></trkpt><trkpt lat="58.04539" lon="38.903868"><ele>106.8</ele><time>2023-08-29T11:39:51Z</time></trkpt><trkpt lat="58.045457" lon="38.903655"><ele>107.5</ele><time>2023-08-29T11:39:53Z</time></trkpt><trkpt lat="58.045507" lon="38.903475"><ele>107.3</ele><time>2023-08-29T11:39:55Z</time></trkpt><trkpt lat="58.045565" lon="38.903273"><ele>106.5</ele><time>2023-08-29T11:39:57Z</time></trkpt><trkpt lat="58.045607" lon="38.903038"><ele>106.5</ele><time>2023-08-29T11:39:59Z</time></trkpt><trkpt lat="58.04563" lon="38.90283"><ele>106.6</ele><time>2023-08-29T11:40:01Z</time></trkpt><trkpt lat="58.04568" lon="38.902625"><ele>105.4</ele><time>2023-08-29T11:40:03Z</time></trkpt><trkpt lat="58.045748" lon="38.902455"><ele>105.2</ele><time>2023-08-29T11:40:05Z</time></trkpt><trkpt lat="58.045808" lon="38.902268"><ele>105.7</ele><time>2023-08-29T11:40:07Z</time></trkpt><trkpt lat="58.045865" lon="38.90208"><ele>105.7</ele><time>2023-08-29T11:40:09Z</time></trkpt><trkpt lat="58.045932" lon="38.901853"><ele>105.4</ele><time>2023-08-29T11:40:11Z</time></trkpt><trkpt lat="58.045997" lon="38.901637"><ele>107.1</ele><time>2023-08-29T11:40:13Z</time></trkpt><trkpt lat="58.046" lon="38.901398"><ele>106.7</ele><time>2023-08-29T11:40:15Z</time></trkpt><trkpt lat="58.045992" lon="38.901178"><ele>106.4</ele><time>2023-08-29T11:40:17Z</time></trkpt><trkpt lat="58.045992" lon="38.900963"><ele>106.2</ele><time>2023-08-29T11:40:19Z</time></trkpt><trkpt lat="58.046013" lon="38.900782"><ele>104.9</ele><time>2023-08-29T11:40:22Z</time></trkpt><trkpt lat="58.046027" lon="38.900638"><ele>104.9</ele><time>2023-08-29T11:40:24Z</time></trkpt><trkpt lat="58.046055" lon="38.900468"><ele>103.4</ele><time>2023-08-29T11:40:27Z</time></trkpt><trkpt lat="58.046077" lon="38.900305"><ele>103.1</ele><time>2023-08-29T11:40:29Z</time></trkpt><trkpt lat="58.046123" lon="38.900113"><ele>102.7</ele><time>2023-08-29T11:40:31Z</time></trkpt><trkpt lat="58.046128" lon="38.89994"><ele>101.7</ele><time>2023-08-29T11:40:33Z</time></trkpt><trkpt lat="58.046157" lon="38.899748"><ele>101.6</ele><time>2023-08-29T11:40:35Z</time></trkpt><trkpt lat="58.046187" lon="38.899528"><ele>102.2</ele><time>2023-08-29T11:40:37Z</time></trkpt><trkpt lat="58.04621" lon="38.89933"><ele>102.7</ele><time>2023-08-29T11:40:39Z</time></trkpt><trkpt lat="58.046233" lon="38.899158"><ele>102.0</ele><time>2023-08-29T11:40:41Z</time></trkpt><trkpt lat="58.046253" lon="38.898948"><ele>102.3</ele><time>2023-08-29T11:40:43Z</time></trkpt><trkpt lat="58.046287" lon="38.898743"><ele>102.2</ele><time>2023-08-29T11:40:45Z</time></trkpt><trkpt lat="58.046327" lon="38.898587"><ele>102.5</ele><time>2023-08-29T11:40:47Z</time></trkpt><trkpt lat="58.046347" lon="38.898373"><ele>103.0</ele><time>2023-08-29T11:40:49Z</time></trkpt><trkpt lat="58.04637" lon="38.898142"><ele>102.4</ele><time>2023-08-29T11:40:51Z</time></trkpt><trkpt lat="58.046402" lon="38.89793"><ele>101.8</ele><time>2023-08-29T11:40:53Z</time></trkpt><trkpt lat="58.04644" lon="38.89775"><ele>102.6</ele><time>2023-08-29T11:40:55Z</time></trkpt><trkpt lat="58.046462" lon="38.897522"><ele>102.8</ele><time>2023-08-29T11:40:57Z</time></trkpt><trkpt lat="58.04648" lon="38.897332"><ele>103.0</ele><time>2023-08-29T11:40:59Z</time></trkpt><trkpt lat="58.046493" lon="38.897143"><ele>102.7</ele><time>2023-08-29T11:41:01Z</time></trkpt><trkpt lat="58.046505" lon="38.896983"><ele>102.1</ele><time>2023-08-29T11:41:03Z</time></trkpt><trkpt lat="58.046525" lon="38.896847"><ele>101.8</ele><time>2023-08-29T11:41:05Z</time></trkpt><trkpt lat="58.046548" lon="38.8967"><ele>102.4</ele><time>2023-08-29T11:41:07Z</time></trkpt><trkpt lat="58.046588" lon="38.896557"><ele>101.3</ele><time>2023-08-29T11:41:09Z</time></trkpt><trkpt lat="58.046637" lon="38.896415"><ele>101.4</ele><time>2023-08-29T11:41:11Z</time></trkpt><trkpt lat="58.046698" lon="38.896268"><ele>101.4</ele><time>2023-08-29T11:41:13Z</time></trkpt><trkpt lat="58.046763" lon="38.89611"><ele>101.6</ele><time>2023-08-29T11:41:15Z</time></trkpt><trkpt lat="58.046813" lon="38.896003"><ele>102.1</ele><time>2023-08-29T11:41:17Z</time></trkpt><trkpt lat="58.04688" lon="38.8959"><ele>104.1</ele><time>2023-08-29T11:41:19Z</time></trkpt><trkpt lat="58.046953" lon="38.89579"><ele>104.3</ele><time>2023-08-29T11:41:21Z</time></trkpt><trkpt lat="58.047025" lon="38.89568"><ele>104.2</ele><time>2023-08-29T11:41:23Z</time></trkpt><trkpt lat="58.047088" lon="38.895582"><ele>104.1</ele><time>2023-08-29T11:41:25Z</time></trkpt><trkpt lat="58.04717" lon="38.895452"><ele>104.1</ele><time>2023-08-29T11:41:27Z</time></trkpt><trkpt lat="58.047237" lon="38.895293"><ele>103.3</ele><time>2023-08-29T11:41:29Z</time></trkpt><trkpt lat="58.047293" lon="38.895117"><ele>104.2</ele><time>2023-08-29T11:41:31Z</time></trkpt><trkpt lat="58.047348" lon="38.895007"><ele>103.8</ele><time>2023-08-29T11:41:33Z</time></trkpt><trkpt lat="58.047407" lon="38.894873"><ele>103.0</ele><time>2023-08-29T11:41:35Z</time></trkpt><trkpt lat="58.047462" lon="38.894687"><ele>103.1</ele><time>2023-08-29T11:41:37Z</time></trkpt><trkpt lat="58.047522" lon="38.894515"><ele>102.8</ele><time>2023-08-29T11:41:39Z</time></trkpt><trkpt lat="58.04758" lon="38.894337"><ele>102.5</ele><time>2023-08-29T11:41:41Z</time></trkpt><trkpt lat="58.047627" lon="38.894145"><ele>103.0</ele><time>2023-08-29T11:41:43Z</time></trkpt><trkpt lat="58.04769" lon="38.893982"><ele>102.9</ele><time>2023-08-29T11:41:45Z</time></trkpt><trkpt lat="58.047738" lon="38.893815"><ele>102.8</ele><time>2023-08-29T11:41:47Z</time></trkpt><trkpt lat="58.047782" lon="38.893613"><ele>102.8</ele><time>2023-08-29T11:41:49Z</time></trkpt><trkpt lat="58.047843" lon="38.893412"><ele>102.9</ele><time>2023-08-29T11:41:51Z</time></trkpt><trkpt lat="58.047883" lon="38.893208"><ele>103.5</ele><time>2023-08-29T11:41:53Z</time></trkpt><trkpt lat="58.04794" lon="38.893013"><ele>103.2</ele><time>2023-08-29T11:41:55Z</time></trkpt><trkpt lat="58.047985" lon="38.892822"><ele>103.2</ele><time>2023-08-29T11:41:57Z</time></trkpt><trkpt lat="58.048005" lon="38.892617"><ele>103.8</ele><time>2023-08-29T11:41:59Z</time></trkpt><trkpt lat="58.048058" lon="38.892368"><ele>104.1</ele><time>2023-08-29T11:42:01Z</time></trkpt><trkpt lat="58.048092" lon="38.892168"><ele>104.1</ele><time>2023-08-29T11:42:03Z</time></trkpt><trkpt lat="58.048117" lon="38.891958"><ele>103.9</ele><time>2023-08-29T11:42:05Z</time></trkpt><trkpt lat="58.048137" lon="38.891703"><ele>103.8</ele><time>2023-08-29T11:42:07Z</time></trkpt><trkpt lat="58.04816" lon="38.891472"><ele>104.3</ele><time>2023-08-29T11:42:09Z</time></trkpt><trkpt lat="58.048185" lon="38.891233"><ele>104.8</ele><time>2023-08-29T11:42:11Z</time></trkpt><trkpt lat="58.048208" lon="38.891025"><ele>104.6</ele><time>2023-08-29T11:42:13Z</time></trkpt><trkpt lat="58.048227" lon="38.890827"><ele>104.7</ele><time>2023-08-29T11:42:15Z</time></trkpt><trkpt lat="58.04824" lon="38.890617"><ele>103.6</ele><time>2023-08-29T11:42:17Z</time></trkpt><trkpt lat="58.04824" lon="38.890452"><ele>103.1</ele><time>2023-08-29T11:42:19Z</time></trkpt><trkpt lat="58.048238" lon="38.890247"><ele>103.0</ele><time>2023-08-29T11:42:21Z</time></trkpt><trkpt lat="58.04826" lon="38.89004"><ele>103.1</ele><time>2023-08-29T11:42:23Z</time></trkpt><trkpt lat="58.048282" lon="38.889825"><ele>102.4</ele><time>2023-08-29T11:42:25Z</time></trkpt><trkpt lat="58.04834" lon="38.88964"><ele>102.3</ele><time>2023-08-29T11:42:27Z</time></trkpt><trkpt lat="58.048403" lon="38.889445"><ele>101.8</ele><time>2023-08-29T11:42:29Z</time></trkpt><trkpt lat="58.048463" lon="38.889308"><ele>100.6</ele><time>2023-08-29T11:42:31Z</time></trkpt><trkpt lat="58.048545" lon="38.889123"><ele>100.0</ele><time>2023-08-29T11:42:33Z</time></trkpt><trkpt lat="58.048617" lon="38.888903"><ele>100.0</ele><time>2023-08-29T11:42:35Z</time></trkpt><trkpt lat="58.048687" lon="38.888688"><ele>99.1</ele><time>2023-08-29T11:42:37Z</time></trkpt><trkpt lat="58.048747" lon="38.888532"><ele>100.1</ele><time>2023-08-29T11:42:39Z</time></trkpt><trkpt lat="58.048798" lon="38.888417"><ele>100.1</ele><time>2023-08-29T11:42:40Z</time></trkpt><trkpt lat="58.048872" lon="38.888192"><ele>100.8</ele><time>2023-08-29T11:42:42Z</time></trkpt><trkpt lat="58.048948" lon="38.887983"><ele>101.2</ele><time>2023-08-29T11:42:44Z</time></trkpt><trkpt lat="58.049027" lon="38.887795"><ele>102.0</ele><time>2023-08-29T11:42:46Z</time></trkpt><trkpt lat="58.049115" lon="38.887625"><ele>102.7</ele><time>2023-08-29T11:42:48Z</time></trkpt><trkpt lat="58.0492" lon="38.887437"><ele>102.4</ele><time>2023-08-29T11:42:50Z</time></trkpt><trkpt lat="58.049275" lon="38.887263"><ele>101.8</ele><time>2023-08-29T11:42:52Z</time></trkpt><trkpt lat="58.049335" lon="38.887045"><ele>101.2</ele><time>2023-08-29T11:42:54Z</time></trkpt><trkpt lat="58.049418" lon="38.886848"><ele>100.9</ele><time>2023-08-29T11:42:56Z</time></trkpt><trkpt lat="58.049455" lon="38.886603"><ele>101.5</ele><time>2023-08-29T11:42:58Z</time></trkpt><trkpt lat="58.049517" lon="38.886378"><ele>100.7</ele><time>2023-08-29T11:43:00Z</time></trkpt><trkpt lat="58.049592" lon="38.886165"><ele>99.7</ele><time>2023-08-29T11:43:02Z</time></trkpt><trkpt lat="58.049665" lon="38.885963"><ele>99.8</ele><time>2023-08-29T11:43:04Z</time></trkpt><trkpt lat="58.049727" lon="38.885742"><ele>99.4</ele><time>2023-08-29T11:43:06Z</time></trkpt><trkpt lat="58.049795" lon="38.885538"><ele>99.8</ele><time>2023-08-29T11:43:08Z</time></trkpt><trkpt lat="58.04986" lon="38.885308"><ele>99.8</ele><time>2023-08-29T11:43:10Z</time></trkpt><trkpt lat="58.04992" lon="38.885095"><ele>102.4</ele><time>2023-08-29T11:43:12Z</time></trkpt><trkpt lat="58.049985" lon="38.88488"><ele>102.6</ele><time>2023-08-29T11:43:14Z</time></trkpt><trkpt lat="58.050022" lon="38.884633"><ele>102.0</ele><time>2023-08-29T11:43:16Z</time></trkpt><trkpt lat="58.050035" lon="38.8845"><ele>102.5</ele><time>2023-08-29T11:43:17Z</time></trkpt><trkpt lat="58.05008" lon="38.884263"><ele>101.7</ele><time>2023-08-29T11:43:19Z</time></trkpt><trkpt lat="58.050108" lon="38.884108"><ele>101.2</ele><time>2023-08-29T11:43:20Z</time></trkpt><trkpt lat="58.050142" lon="38.883983"><ele>101.1</ele><time>2023-08-29T11:43:21Z</time></trkpt><trkpt lat="58.050155" lon="38.883832"><ele>100.8</ele><time>2023-08-29T11:43:22Z</time></trkpt><trkpt lat="58.05018" lon="38.88369"><ele>101.0</ele><time>2023-08-29T11:43:23Z</time></trkpt><trkpt lat="58.050183" lon="38.883515"><ele>100.4</ele><time>2023-08-29T11:43:24Z</time></trkpt><trkpt lat="58.050198" lon="38.88336"><ele>100.3</ele><time>2023-08-29T11:43:25Z</time></trkpt><trkpt lat="58.050218" lon="38.883207"><ele>99.0</ele><time>2023-08-29T11:43:26Z</time></trkpt><trkpt lat="58.050225" lon="38.88306"><ele>98.6</ele><time>2023-08-29T11:43:27Z</time></trkpt><trkpt lat="58.05024" lon="38.882908"><ele>98.6</ele><time>2023-08-29T11:43:28Z</time></trkpt><trkpt lat="58.050293" lon="38.882692"><ele>98.5</ele><time>2023-08-29T11:43:30Z</time></trkpt><trkpt lat="58.050307" lon="38.882557"><ele>98.6</ele><time>2023-08-29T11:43:31Z</time></trkpt><trkpt lat="58.050348" lon="38.882305"><ele>97.6</ele><time>2023-08-29T11:43:33Z</time></trkpt><trkpt lat="58.050367" lon="38.882172"><ele>99.5</ele><time>2023-08-29T11:43:34Z</time></trkpt><trkpt lat="58.050395" lon="38.882045"><ele>98.6</ele><time>2023-08-29T11:43:35Z</time></trkpt><trkpt lat="58.050457" lon="38.881848"><ele>98.2</ele><time>2023-08-29T11:43:37Z</time></trkpt><trkpt lat="58.050522" lon="38.881613"><ele>99.0</ele><time>2023-08-29T11:43:39Z</time></trkpt><trkpt lat="58.050588" lon="38.881377"><ele>99.1</ele><time>2023-08-29T11:43:41Z</time></trkpt><trkpt lat="58.050612" lon="38.881238"><ele>98.8</ele><time>2023-08-29T11:43:42Z</time></trkpt><trkpt lat="58.050637" lon="38.881105"><ele>99.4</ele><time>2023-08-29T11:43:43Z</time></trkpt><trkpt lat="58.05066" lon="38.880973"><ele>99.4</ele><time>2023-08-29T11:43:44Z</time></trkpt><trkpt lat="58.050717" lon="38.880743"><ele>99.6</ele><time>2023-08-29T11:43:46Z</time></trkpt><trkpt lat="58.050757" lon="38.880568"><ele>99.3</ele><time>2023-08-29T11:43:48Z</time></trkpt><trkpt lat="58.050773" lon="38.880362"><ele>99.8</ele><time>2023-08-29T11:43:50Z</time></trkpt><trkpt lat="58.050807" lon="38.880197"><ele>100.2</ele><time>2023-08-29T11:43:52Z</time></trkpt><trkpt lat="58.050848" lon="38.880047"><ele>100.0</ele><time>2023-08-29T11:43:54Z</time></trkpt><trkpt lat="58.050885" lon="38.879878"><ele>99.2</ele><time>2023-08-29T11:43:56Z</time></trkpt><trkpt lat="58.050913" lon="38.879643"><ele>99.8</ele><time>2023-08-29T11:43:58Z</time></trkpt><trkpt lat="58.050928" lon="38.87951"><ele>99.9</ele><time>2023-08-29T11:43:59Z</time></trkpt><trkpt lat="58.05097" lon="38.879265"><ele>99.8</ele><time>2023-08-29T11:44:01Z</time></trkpt><trkpt lat="58.05103" lon="38.879042"><ele>100.8</ele><time>2023-08-29T11:44:03Z</time></trkpt><trkpt lat="58.05106" lon="38.878907"><ele>100.4</ele><time>2023-08-29T11:44:04Z</time></trkpt><trkpt lat="58.051102" lon="38.878643"><ele>100.3</ele><time>2023-08-29T11:44:06Z</time></trkpt><trkpt lat="58.051117" lon="38.878485"><ele>100.8</ele><time>2023-08-29T11:44:07Z</time></trkpt><trkpt lat="58.051122" lon="38.878338"><ele>100.6</ele><time>2023-08-29T11:44:08Z</time></trkpt><trkpt lat="58.051153" lon="38.878098"><ele>100.1</ele><time>2023-08-29T11:44:10Z</time></trkpt><trkpt lat="58.051192" lon="38.877875"><ele>99.5</ele><time>2023-08-29T11:44:12Z</time></trkpt><trkpt lat="58.051248" lon="38.877652"><ele>99.0</ele><time>2023-08-29T11:44:14Z</time></trkpt><trkpt lat="58.051287" lon="38.877428"><ele>98.7</ele><time>2023-08-29T11:44:16Z</time></trkpt><trkpt lat="58.051318" lon="38.877225"><ele>98.8</ele><time>2023-08-29T11:44:18Z</time></trkpt><trkpt lat="58.051353" lon="38.876995"><ele>97.8</ele><time>2023-08-29T11:44:20Z</time></trkpt><trkpt lat="58.051398" lon="38.876808"><ele>97.8</ele><time>2023-08-29T11:44:22Z</time></trkpt><trkpt lat="58.05143" lon="38.876585"><ele>99.8</ele><time>2023-08-29T11:44:24Z</time></trkpt><trkpt lat="58.051455" lon="38.876392"><ele>100.2</ele><time>2023-08-29T11:44:26Z</time></trkpt><trkpt lat="58.051498" lon="38.876207"><ele>98.8</ele><time>2023-08-29T11:44:29Z</time></trkpt><trkpt lat="58.051515" lon="38.876018"><ele>98.2</ele><time>2023-08-29T11:44:31Z</time></trkpt><trkpt lat="58.051543" lon="38.875855"><ele>97.3</ele><time>2023-08-29T11:44:33Z</time></trkpt><trkpt lat="58.051583" lon="38.875702"><ele>97.1</ele><time>2023-08-29T11:44:35Z</time></trkpt><trkpt lat="58.051623" lon="38.875557"><ele>97.3</ele><time>2023-08-29T11:44:37Z</time></trkpt><trkpt lat="58.05166" lon="38.875405"><ele>97.5</ele><time>2023-08-29T11:44:39Z</time></trkpt><trkpt lat="58.051695" lon="38.875268"><ele>98.0</ele><time>2023-08-29T11:44:41Z</time></trkpt><trkpt lat="58.051747" lon="38.875073"><ele>97.8</ele><time>2023-08-29T11:44:44Z</time></trkpt><trkpt lat="58.051778" lon="38.874885"><ele>96.9</ele><time>2023-08-29T11:44:46Z</time></trkpt><trkpt lat="58.05182" lon="38.874712"><ele>96.6</ele><time>2023-08-29T11:44:48Z</time></trkpt><trkpt lat="58.051845" lon="38.874525"><ele>96.5</ele><time>2023-08-29T11:44:50Z</time></trkpt><trkpt lat="58.051903" lon="38.874348"><ele>96.8</ele><time>2023-08-29T11:44:52Z</time></trkpt><trkpt lat="58.051945" lon="38.874135"><ele>97.0</ele><time>2023-08-29T11:44:54Z</time></trkpt><trkpt lat="58.051982" lon="38.873928"><ele>97.2</ele><time>2023-08-29T11:44:56Z</time></trkpt><trkpt lat="58.052037" lon="38.873768"><ele>97.8</ele><time>2023-08-29T11:44:58Z</time></trkpt><trkpt lat="58.052102" lon="38.87365"><ele>98.1</ele><time>2023-08-29T11:45:00Z</time></trkpt><trkpt lat="58.052167" lon="38.873517"><ele>98.8</ele><time>2023-08-29T11:45:03Z</time></trkpt><trkpt lat="58.05221" lon="38.873318"><ele>99.4</ele><time>2023-08-29T11:45:05Z</time></trkpt><trkpt lat="58.05226" lon="38.873188"><ele>99.6</ele><time>2023-08-29T11:45:07Z</time></trkpt><trkpt lat="58.052347" lon="38.873077"><ele>99.9</ele><time>2023-08-29T11:45:09Z</time></trkpt><trkpt lat="58.052432" lon="38.873092"><ele>100.0</ele><time>2023-08-29T11:45:11Z</time></trkpt><trkpt lat="58.05252" lon="38.873112"><ele>100.0</ele><time>2023-08-29T11:45:13Z</time></trkpt><trkpt lat="58.052625" lon="38.873158"><ele>100.2</ele><time>2023-08-29T11:45:15Z</time></trkpt><trkpt lat="58.052755" lon="38.873188"><ele>100.9</ele><time>2023-08-29T11:45:17Z</time></trkpt><trkpt lat="58.052855" lon="38.873252"><ele>99.9</ele><time>2023-08-29T11:45:19Z</time></trkpt><trkpt lat="58.052947" lon="38.873307"><ele>100.0</ele><time>2023-08-29T11:45:21Z</time></trkpt><trkpt lat="58.053037" lon="38.87343"><ele>99.2</ele><time>2023-08-29T11:45:24Z</time></trkpt><trkpt lat="58.053138" lon="38.873485"><ele>99.0</ele><time>2023-08-29T11:45:26Z</time></trkpt><trkpt lat="58.053248" lon="38.873533"><ele>98.9</ele><time>2023-08-29T11:45:28Z</time></trkpt><trkpt lat="58.053348" lon="38.873618"><ele>98.7</ele><time>2023-08-29T11:45:30Z</time></trkpt><trkpt lat="58.053462" lon="38.87374"><ele>98.3</ele><time>2023-08-29T11:45:32Z</time></trkpt><trkpt lat="58.053585" lon="38.873782"><ele>98.9</ele><time>2023-08-29T11:45:34Z</time></trkpt><trkpt lat="58.053702" lon="38.873812"><ele>98.2</ele><time>2023-08-29T11:45:36Z</time></trkpt><trkpt lat="58.053807" lon="38.873793"><ele>99.0</ele><time>2023-08-29T11:45:38Z</time></trkpt><trkpt lat="58.053927" lon="38.873777"><ele>99.2</ele><time>2023-08-29T11:45:40Z</time></trkpt><trkpt lat="58.054045" lon="38.873722"><ele>99.5</ele><time>2023-08-29T11:45:42Z</time></trkpt><trkpt lat="58.054133" lon="38.873625"><ele>99.7</ele><time>2023-08-29T11:45:44Z</time></trkpt><trkpt lat="58.054213" lon="38.873503"><ele>99.8</ele><time>2023-08-29T11:45:46Z</time></trkpt><trkpt lat="58.054285" lon="38.87337"><ele>99.4</ele><time>2023-08-29T11:45:48Z</time></trkpt><trkpt lat="58.054332" lon="38.873227"><ele>99.5</ele><time>2023-08-29T11:45:50Z</time></trkpt><trkpt lat="58.054373" lon="38.873042"><ele>99.6</ele><time>2023-08-29T11:45:52Z</time></trkpt><trkpt lat="58.054398" lon="38.872902"><ele>100.4</ele><time>2023-08-29T11:45:53Z</time></trkpt><trkpt lat="58.054432" lon="38.872707"><ele>102.0</ele><time>2023-08-29T11:45:55Z</time></trkpt><trkpt lat="58.054458" lon="38.872487"><ele>100.8</ele><time>2023-08-29T11:45:58Z</time></trkpt><trkpt lat="58.054505" lon="38.872352"><ele>100.9</ele><time>2023-08-29T11:46:00Z</time></trkpt><trkpt lat="58.054543" lon="38.87218"><ele>101.3</ele><time>2023-08-29T11:46:02Z</time></trkpt><trkpt lat="58.054563" lon="38.872025"><ele>101.8</ele><time>2023-08-29T11:46:04Z</time></trkpt><trkpt lat="58.054585" lon="38.87183"><ele>101.7</ele><time>2023-08-29T11:46:06Z</time></trkpt><trkpt lat="58.054613" lon="38.871567"><ele>102.7</ele><time>2023-08-29T11:46:08Z</time></trkpt><trkpt lat="58.054648" lon="38.871393"><ele>101.3</ele><time>2023-08-29T11:46:10Z</time></trkpt><trkpt lat="58.054688" lon="38.871207"><ele>101.1</ele><time>2023-08-29T11:46:12Z</time></trkpt><trkpt lat="58.054723" lon="38.87098"><ele>100.6</ele><time>2023-08-29T11:46:14Z</time></trkpt><trkpt lat="58.054757" lon="38.870755"><ele>101.4</ele><time>2023-08-29T11:46:16Z</time></trkpt><trkpt lat="58.054793" lon="38.870522"><ele>101.3</ele><time>2023-08-29T11:46:18Z</time></trkpt><trkpt lat="58.054825" lon="38.870285"><ele>100.6</ele><time>2023-08-29T11:46:20Z</time></trkpt><trkpt lat="58.054837" lon="38.870025"><ele>100.6</ele><time>2023-08-29T11:46:22Z</time></trkpt><trkpt lat="58.054852" lon="38.869792"><ele>100.5</ele><time>2023-08-29T11:46:24Z</time></trkpt><trkpt lat="58.054862" lon="38.869555"><ele>100.9</ele><time>2023-08-29T11:46:26Z</time></trkpt><trkpt lat="58.054878" lon="38.86939"><ele>100.0</ele><time>2023-08-29T11:46:28Z</time></trkpt><trkpt lat="58.054895" lon="38.869168"><ele>99.9</ele><time>2023-08-29T11:46:30Z</time></trkpt><trkpt lat="58.054937" lon="38.868983"><ele>98.4</ele><time>2023-08-29T11:46:32Z</time></trkpt><trkpt lat="58.054977" lon="38.868832"><ele>97.5</ele><time>2023-08-29T11:46:34Z</time></trkpt><trkpt lat="58.055002" lon="38.868682"><ele>98.2</ele><time>2023-08-29T11:46:36Z</time></trkpt><trkpt lat="58.055027" lon="38.868543"><ele>98.3</ele><time>2023-08-29T11:46:38Z</time></trkpt><trkpt lat="58.05506" lon="38.868422"><ele>99.2</ele><time>2023-08-29T11:46:40Z</time></trkpt><trkpt lat="58.055103" lon="38.86821"><ele>100.5</ele><time>2023-08-29T11:46:42Z</time></trkpt><trkpt lat="58.055135" lon="38.868085"><ele>100.9</ele><time>2023-08-29T11:46:44Z</time></trkpt><trkpt lat="58.05517" lon="38.867952"><ele>100.9</ele><time>2023-08-29T11:46:46Z</time></trkpt><trkpt lat="58.0552" lon="38.867817"><ele>101.1</ele><time>2023-08-29T11:46:48Z</time></trkpt><trkpt lat="58.055237" lon="38.867623"><ele>100.1</ele><time>2023-08-29T11:46:51Z</time></trkpt><trkpt lat="58.055263" lon="38.867478"><ele>100.2</ele><time>2023-08-29T11:46:53Z</time></trkpt><trkpt lat="58.055298" lon="38.867345"><ele>99.5</ele><time>2023-08-29T11:46:55Z</time></trkpt><trkpt lat="58.055332" lon="38.867162"><ele>99.1</ele><time>2023-08-29T11:46:58Z</time></trkpt><trkpt lat="58.055372" lon="38.86702"><ele>99.1</ele><time>2023-08-29T11:47:00Z</time></trkpt><trkpt lat="58.05541" lon="38.866867"><ele>98.6</ele><time>2023-08-29T11:47:02Z</time></trkpt><trkpt lat="58.055462" lon="38.866693"><ele>98.7</ele><time>2023-08-29T11:47:05Z</time></trkpt><trkpt lat="58.0555" lon="38.866548"><ele>99.0</ele><time>2023-08-29T11:47:07Z</time></trkpt><trkpt lat="58.055545" lon="38.866422"><ele>99.8</ele><time>2023-08-29T11:47:09Z</time></trkpt><trkpt lat="58.055582" lon="38.866223"><ele>100.4</ele><time>2023-08-29T11:47:12Z</time></trkpt><trkpt lat="58.055598" lon="38.866085"><ele>100.8</ele><time>2023-08-29T11:47:14Z</time></trkpt><trkpt lat="58.055635" lon="38.865963"><ele>100.6</ele><time>2023-08-29T11:47:16Z</time></trkpt><trkpt lat="58.055712" lon="38.865832"><ele>101.1</ele><time>2023-08-29T11:47:19Z</time></trkpt><trkpt lat="58.055803" lon="38.865797"><ele>101.5</ele><time>2023-08-29T11:47:22Z</time></trkpt><trkpt lat="58.05585" lon="38.86566"><ele>101.0</ele><time>2023-08-29T11:47:25Z</time></trkpt><trkpt lat="58.055808" lon="38.865478"><ele>101.3</ele><time>2023-08-29T11:47:28Z</time></trkpt><trkpt lat="58.055795" lon="38.865292"><ele>101.7</ele><time>2023-08-29T11:47:31Z</time></trkpt><trkpt lat="58.055877" lon="38.865172"><ele>101.3</ele><time>2023-08-29T11:47:34Z</time></trkpt><trkpt lat="58.055955" lon="38.865058"><ele>101.8</ele><time>2023-08-29T11:47:37Z</time></trkpt><trkpt lat="58.056008" lon="38.864955"><ele>102.8</ele><time>2023-08-29T11:47:40Z</time></trkpt><trkpt lat="58.056092" lon="38.864958"><ele>102.8</ele><time>2023-08-29T11:47:43Z</time></trkpt><trkpt lat="58.056177" lon="38.864942"><ele>102.1</ele><time>2023-08-29T11:47:47Z</time></trkpt><trkpt lat="58.056178" lon="38.864777"><ele>102.3</ele><time>2023-08-29T11:47:50Z</time></trkpt><trkpt lat="58.056125" lon="38.864678"><ele>101.8</ele><time>2023-08-29T11:47:52Z</time></trkpt><trkpt lat="58.05606" lon="38.864563"><ele>101.1</ele><time>2023-08-29T11:47:55Z</time></trkpt><trkpt lat="58.055975" lon="38.86446"><ele>101.3</ele><time>2023-08-29T11:47:58Z</time></trkpt><trkpt lat="58.055907" lon="38.864365"><ele>100.9</ele><time>2023-08-29T11:48:00Z</time></trkpt><trkpt lat="58.055847" lon="38.864275"><ele>100.2</ele><time>2023-08-29T11:48:03Z</time></trkpt><trkpt lat="58.055842" lon="38.864113"><ele>100.2</ele><time>2023-08-29T11:48:11Z</time></trkpt><trkpt lat="58.055782" lon="38.864212"><ele>99.0</ele><time>2023-08-29T11:48:20Z</time></trkpt><trkpt lat="58.055773" lon="38.864388"><ele>98.4</ele><time>2023-08-29T11:48:27Z</time></trkpt><trkpt lat="58.055737" lon="38.864578"><ele>98.9</ele><time>2023-08-29T11:48:30Z</time></trkpt><trkpt lat="58.0557" lon="38.864715"><ele>98.9</ele><time>2023-08-29T11:48:32Z</time></trkpt><trkpt lat="58.055607" lon="38.864815"><ele>99.0</ele><time>2023-08-29T11:48:35Z</time></trkpt><trkpt lat="58.055517" lon="38.864813"><ele>98.5</ele><time>2023-08-29T11:48:37Z</time></trkpt><trkpt lat="58.05544" lon="38.864772"><ele>97.5</ele><time>2023-08-29T11:48:39Z</time></trkpt><trkpt lat="58.055367" lon="38.864717"><ele>97.4</ele><time>2023-08-29T11:48:41Z</time></trkpt><trkpt lat="58.055297" lon="38.864655"><ele>97.5</ele><time>2023-08-29T11:48:43Z</time></trkpt><trkpt lat="58.055215" lon="38.864585"><ele>97.9</ele><time>2023-08-29T11:48:45Z</time></trkpt><trkpt lat="58.055123" lon="38.864508"><ele>97.4</ele><time>2023-08-29T11:48:47Z</time></trkpt><trkpt lat="58.055022" lon="38.864418"><ele>97.5</ele><time>2023-08-29T11:48:49Z</time></trkpt><trkpt lat="58.054907" lon="38.864353"><ele>97.3</ele><time>2023-08-29T11:48:51Z</time></trkpt><trkpt lat="58.054817" lon="38.864302"><ele>97.8</ele><time>2023-08-29T11:48:53Z</time></trkpt><trkpt lat="58.05472" lon="38.864217"><ele>97.2</ele><time>2023-08-29T11:48:57Z</time></trkpt><trkpt lat="58.05462" lon="38.864125"><ele>96.8</ele><time>2023-08-29T11:49:00Z</time></trkpt><trkpt lat="58.054543" lon="38.864067"><ele>96.9</ele><time>2023-08-29T11:49:02Z</time></trkpt><trkpt lat="58.054445" lon="38.863977"><ele>96.8</ele><time>2023-08-29T11:49:05Z</time></trkpt><trkpt lat="58.054377" lon="38.863925"><ele>97.4</ele><time>2023-08-29T11:49:07Z</time></trkpt><trkpt lat="58.054277" lon="38.86386"><ele>98.0</ele><time>2023-08-29T11:49:10Z</time></trkpt><trkpt lat="58.054207" lon="38.863817"><ele>98.4</ele><time>2023-08-29T11:49:12Z</time></trkpt><trkpt lat="58.054122" lon="38.863765"><ele>96.6</ele><time>2023-08-29T11:49:15Z</time></trkpt><trkpt lat="58.054043" lon="38.863705"><ele>95.8</ele><time>2023-08-29T11:49:18Z</time></trkpt><trkpt lat="58.053942" lon="38.863642"><ele>95.5</ele><time>2023-08-29T11:49:21Z</time></trkpt><trkpt lat="58.053867" lon="38.863605"><ele>95.7</ele><time>2023-08-29T11:49:23Z</time></trkpt><trkpt lat="58.053765" lon="38.863567"><ele>96.1</ele><time>2023-08-29T11:49:26Z</time></trkpt><trkpt lat="58.053682" lon="38.863527"><ele>95.6</ele><time>2023-08-29T11:49:29Z</time></trkpt><trkpt lat="58.053593" lon="38.863502"><ele>94.3</ele><time>2023-08-29T11:49:32Z</time></trkpt><trkpt lat="58.053505" lon="38.863478"><ele>93.8</ele><time>2023-08-29T11:49:36Z</time></trkpt><trkpt lat="58.053433" lon="38.86344"><ele>94.5</ele><time>2023-08-29T11:49:40Z</time></trkpt><trkpt lat="58.053358" lon="38.863383"><ele>93.3</ele><time>2023-08-29T11:49:44Z</time></trkpt><trkpt lat="58.053287" lon="38.863313"><ele>93.5</ele><time>2023-08-29T11:49:47Z</time></trkpt><trkpt lat="58.053198" lon="38.86325"><ele>94.3</ele><time>2023-08-29T11:49:50Z</time></trkpt><trkpt lat="58.053122" lon="38.863235"><ele>95.1</ele><time>2023-08-29T11:49:53Z</time></trkpt><trkpt lat="58.053028" lon="38.863168"><ele>97.6</ele><time>2023-08-29T11:49:57Z</time></trkpt><trkpt lat="58.052937" lon="38.863093"><ele>97.2</ele><time>2023-08-29T11:50:00Z</time></trkpt><trkpt lat="58.052845" lon="38.863023"><ele>98.0</ele><time>2023-08-29T11:50:03Z</time></trkpt><trkpt lat="58.052763" lon="38.862988"><ele>99.4</ele><time>2023-08-29T11:50:10Z</time></trkpt><trkpt lat="58.052682" lon="38.862952"><ele>98.4</ele><time>2023-08-29T11:50:13Z</time></trkpt><trkpt lat="58.052585" lon="38.862897"><ele>99.3</ele><time>2023-08-29T11:50:16Z</time></trkpt><trkpt lat="58.052512" lon="38.862847"><ele>99.3</ele><time>2023-08-29T11:50:18Z</time></trkpt><trkpt lat="58.052432" lon="38.862802"><ele>99.8</ele><time>2023-08-29T11:50:20Z</time></trkpt><trkpt lat="58.052358" lon="38.862735"><ele>99.2</ele><time>2023-08-29T11:50:22Z</time></trkpt><trkpt lat="58.052292" lon="38.862668"><ele>101.1</ele><time>2023-08-29T11:50:24Z</time></trkpt><trkpt lat="58.0522" lon="38.862598"><ele>99.9</ele><time>2023-08-29T11:50:27Z</time></trkpt><trkpt lat="58.052122" lon="38.86254"><ele>102.2</ele><time>2023-08-29T11:50:29Z</time></trkpt><trkpt lat="58.052033" lon="38.86249"><ele>101.6</ele><time>2023-08-29T11:50:31Z</time></trkpt><trkpt lat="58.051933" lon="38.862442"><ele>101.8</ele><time>2023-08-29T11:50:33Z</time></trkpt><trkpt lat="58.05185" lon="38.862393"><ele>100.8</ele><time>2023-08-29T11:50:35Z</time></trkpt><trkpt lat="58.051772" lon="38.862328"><ele>101.3</ele><time>2023-08-29T11:50:37Z</time></trkpt><trkpt lat="58.051683" lon="38.862272"><ele>101.4</ele><time>2023-08-29T11:50:39Z</time></trkpt><trkpt lat="58.051603" lon="38.86223"><ele>102.3</ele><time>2023-08-29T11:50:41Z</time></trkpt><trkpt lat="58.051515" lon="38.862152"><ele>104.6</ele><time>2023-08-29T11:50:44Z</time></trkpt><trkpt lat="58.051413" lon="38.862143"><ele>104.2</ele><time>2023-08-29T11:50:47Z</time></trkpt><trkpt lat="58.051307" lon="38.862063"><ele>101.6</ele><time>2023-08-29T11:50:50Z</time></trkpt><trkpt lat="58.051242" lon="38.862002"><ele>101.6</ele><time>2023-08-29T11:50:52Z</time></trkpt><trkpt lat="58.051168" lon="38.861945"><ele>99.4</ele><time>2023-08-29T11:50:54Z</time></trkpt><trkpt lat="58.051093" lon="38.861882"><ele>97.1</ele><time>2023-08-29T11:50:56Z</time></trkpt><trkpt lat="58.051012" lon="38.861798"><ele>97.2</ele><time>2023-08-29T11:50:58Z</time></trkpt><trkpt lat="58.05093" lon="38.861742"><ele>97.9</ele><time>2023-08-29T11:51:00Z</time></trkpt><trkpt lat="58.050835" lon="38.861685"><ele>97.6</ele><time>2023-08-29T11:51:02Z</time></trkpt><trkpt lat="58.050753" lon="38.861618"><ele>97.1</ele><time>2023-08-29T11:51:04Z</time></trkpt><trkpt lat="58.050663" lon="38.86159"><ele>98.3</ele><time>2023-08-29T11:51:06Z</time></trkpt><trkpt lat="58.050563" lon="38.861515"><ele>99.7</ele><time>2023-08-29T11:51:09Z</time></trkpt><trkpt lat="58.050455" lon="38.86148"><ele>98.4</ele><time>2023-08-29T11:51:12Z</time></trkpt><trkpt lat="58.050388" lon="38.86143"><ele>98.7</ele><time>2023-08-29T11:51:14Z</time></trkpt><trkpt lat="58.050315" lon="38.861377"><ele>99.0</ele><time>2023-08-29T11:51:16Z</time></trkpt><trkpt lat="58.050218" lon="38.861318"><ele>99.8</ele><time>2023-08-29T11:51:19Z</time></trkpt><trkpt lat="58.050122" lon="38.861275"><ele>96.6</ele><time>2023-08-29T11:51:22Z</time></trkpt><trkpt lat="58.050045" lon="38.861217"><ele>97.5</ele><time>2023-08-29T11:51:24Z</time></trkpt><trkpt lat="58.049962" lon="38.861155"><ele>98.1</ele><time>2023-08-29T11:51:26Z</time></trkpt><trkpt lat="58.049878" lon="38.8611"><ele>99.3</ele><time>2023-08-29T11:51:28Z</time></trkpt><trkpt lat="58.0498" lon="38.86105"><ele>100.5</ele><time>2023-08-29T11:51:30Z</time></trkpt><trkpt lat="58.049712" lon="38.861028"><ele>98.4</ele><time>2023-08-29T11:51:33Z</time></trkpt><trkpt lat="58.04963" lon="38.860962"><ele>97.6</ele><time>2023-08-29T11:51:36Z</time></trkpt><trkpt lat="58.049538" lon="38.860857"><ele>98.7</ele><time>2023-08-29T11:51:38Z</time></trkpt><trkpt lat="58.04943" lon="38.86083"><ele>97.8</ele><time>2023-08-29T11:51:40Z</time></trkpt><trkpt lat="58.049338" lon="38.86078"><ele>97.6</ele><time>2023-08-29T11:51:42Z</time></trkpt><trkpt lat="58.049227" lon="38.860702"><ele>95.9</ele><time>2023-08-29T11:51:45Z</time></trkpt><trkpt lat="58.049122" lon="38.860623"><ele>96.6</ele><time>2023-08-29T11:51:47Z</time></trkpt><trkpt lat="58.049032" lon="38.860555"><ele>96.8</ele><time>2023-08-29T11:51:49Z</time></trkpt><trkpt lat="58.048942" lon="38.86049"><ele>97.5</ele><time>2023-08-29T11:51:51Z</time></trkpt><trkpt lat="58.048863" lon="38.860418"><ele>98.4</ele><time>2023-08-29T11:51:53Z</time></trkpt><trkpt lat="58.048752" lon="38.860343"><ele>98.1</ele><time>2023-08-29T11:51:55Z</time></trkpt><trkpt lat="58.048645" lon="38.860273"><ele>98.2</ele><time>2023-08-29T11:51:57Z</time></trkpt><trkpt lat="58.048553" lon="38.860207"><ele>100.2</ele><time>2023-08-29T11:51:59Z</time></trkpt><trkpt lat="58.048467" lon="38.860123"><ele>100.1</ele><time>2023-08-29T11:52:01Z</time></trkpt><trkpt lat="58.048378" lon="38.860067"><ele>100.7</ele><time>2023-08-29T11:52:03Z</time></trkpt><trkpt lat="58.048295" lon="38.859985"><ele>100.6</ele><time>2023-08-29T11:52:06Z</time></trkpt><trkpt lat="58.048213" lon="38.859932"><ele>100.4</ele><time>2023-08-29T11:52:08Z</time></trkpt><trkpt lat="58.048118" lon="38.859857"><ele>100.6</ele><time>2023-08-29T11:52:10Z</time></trkpt><trkpt lat="58.04802" lon="38.85973"><ele>100.3</ele><time>2023-08-29T11:52:12Z</time></trkpt><trkpt lat="58.047978" lon="38.85954"><ele>100.0</ele><time>2023-08-29T11:52:14Z</time></trkpt><trkpt lat="58.047987" lon="38.859358"><ele>100.5</ele><time>2023-08-29T11:52:17Z</time></trkpt><trkpt lat="58.048025" lon="38.8592"><ele>100.9</ele><time>2023-08-29T11:52:19Z</time></trkpt><trkpt lat="58.048055" lon="38.859037"><ele>100.8</ele><time>2023-08-29T11:52:21Z</time></trkpt><trkpt lat="58.04807" lon="38.858852"><ele>101.0</ele><time>2023-08-29T11:52:23Z</time></trkpt><trkpt lat="58.048113" lon="38.858685"><ele>100.9</ele><time>2023-08-29T11:52:26Z</time></trkpt><trkpt lat="58.048165" lon="38.858522"><ele>101.9</ele><time>2023-08-29T11:52:29Z</time></trkpt><trkpt lat="58.048218" lon="38.85839"><ele>101.6</ele><time>2023-08-29T11:52:32Z</time></trkpt><trkpt lat="58.04826" lon="38.858278"><ele>101.7</ele><time>2023-08-29T11:52:34Z</time></trkpt><trkpt lat="58.048315" lon="38.858178"><ele>101.9</ele><time>2023-08-29T11:52:36Z</time></trkpt><trkpt lat="58.048377" lon="38.858108"><ele>102.0</ele><time>2023-08-29T11:52:38Z</time></trkpt><trkpt lat="58.048452" lon="38.858028"><ele>102.2</ele><time>2023-08-29T11:52:40Z</time></trkpt><trkpt lat="58.048517" lon="38.857955"><ele>103.9</ele><time>2023-08-29T11:52:42Z</time></trkpt><trkpt lat="58.048608" lon="38.857893"><ele>104.2</ele><time>2023-08-29T11:52:45Z</time></trkpt><trkpt lat="58.048708" lon="38.857867"><ele>103.6</ele><time>2023-08-29T11:52:48Z</time></trkpt><trkpt lat="58.048813" lon="38.85784"><ele>103.2</ele><time>2023-08-29T11:52:51Z</time></trkpt><trkpt lat="58.048882" lon="38.85791"><ele>101.7</ele><time>2023-08-29T11:52:54Z</time></trkpt><trkpt lat="58.04892" lon="38.858038"><ele>101.2</ele><time>2023-08-29T11:52:58Z</time></trkpt><trkpt lat="58.048895" lon="38.858215"><ele>100.6</ele><time>2023-08-29T11:53:02Z</time></trkpt><trkpt lat="58.04886" lon="38.858372"><ele>101.1</ele><time>2023-08-29T11:53:05Z</time></trkpt><trkpt lat="58.048812" lon="38.858537"><ele>100.0</ele><time>2023-08-29T11:53:08Z</time></trkpt><trkpt lat="58.048775" lon="38.858703"><ele>100.3</ele><time>2023-08-29T11:53:11Z</time></trkpt><trkpt lat="58.048787" lon="38.858838"><ele>100.0</ele><time>2023-08-29T11:53:14Z</time></trkpt><trkpt lat="58.04886" lon="38.858928"><ele>99.3</ele><time>2023-08-29T11:53:18Z</time></trkpt><trkpt lat="58.048957" lon="38.858857"><ele>99.6</ele><time>2023-08-29T11:53:21Z</time></trkpt><trkpt lat="58.049002" lon="38.858728"><ele>99.5</ele><time>2023-08-29T11:53:24Z</time></trkpt><trkpt lat="58.049045" lon="38.858577"><ele>99.4</ele><time>2023-08-29T11:53:27Z</time></trkpt><trkpt lat="58.049098" lon="38.85845"><ele>100.8</ele><time>2023-08-29T11:53:29Z</time></trkpt><trkpt lat="58.049148" lon="38.858347"><ele>100.7</ele><time>2023-08-29T11:53:30Z</time></trkpt><trkpt lat="58.049212" lon="38.85819"><ele>100.0</ele><time>2023-08-29T11:53:32Z</time></trkpt><trkpt lat="58.049265" lon="38.858063"><ele>99.2</ele><time>2023-08-29T11:53:33Z</time></trkpt><trkpt lat="58.049328" lon="38.857893"><ele>98.2</ele><time>2023-08-29T11:53:35Z</time></trkpt><trkpt lat="58.049435" lon="38.857583"><ele>97.3</ele><time>2023-08-29T11:53:37Z</time></trkpt><trkpt lat="58.049485" lon="38.857452"><ele>97.8</ele><time>2023-08-29T11:53:38Z</time></trkpt><trkpt lat="58.049528" lon="38.857322"><ele>97.8</ele><time>2023-08-29T11:53:39Z</time></trkpt><trkpt lat="58.049573" lon="38.857202"><ele>98.3</ele><time>2023-08-29T11:53:40Z</time></trkpt><trkpt lat="58.049617" lon="38.857073"><ele>98.5</ele><time>2023-08-29T11:53:41Z</time></trkpt><trkpt lat="58.049658" lon="38.856833"><ele>98.0</ele><time>2023-08-29T11:53:43Z</time></trkpt><trkpt lat="58.049697" lon="38.856583"><ele>97.3</ele><time>2023-08-29T11:53:45Z</time></trkpt><trkpt lat="58.04969" lon="38.856438"><ele>97.2</ele><time>2023-08-29T11:53:46Z</time></trkpt><trkpt lat="58.049713" lon="38.856307"><ele>96.7</ele><time>2023-08-29T11:53:47Z</time></trkpt><trkpt lat="58.049788" lon="38.856093"><ele>97.1</ele><time>2023-08-29T11:53:49Z</time></trkpt><trkpt lat="58.049842" lon="38.855887"><ele>97.5</ele><time>2023-08-29T11:53:51Z</time></trkpt><trkpt lat="58.049897" lon="38.855678"><ele>98.9</ele><time>2023-08-29T11:53:53Z</time></trkpt><trkpt lat="58.049933" lon="38.855465"><ele>98.7</ele><time>2023-08-29T11:53:55Z</time></trkpt><trkpt lat="58.049963" lon="38.855252"><ele>98.4</ele><time>2023-08-29T11:53:57Z</time></trkpt><trkpt lat="58.049975" lon="38.85504"><ele>98.6</ele><time>2023-08-29T11:53:59Z</time></trkpt><trkpt lat="58.049995" lon="38.854842"><ele>98.2</ele><time>2023-08-29T11:54:01Z</time></trkpt><trkpt lat="58.050008" lon="38.854648"><ele>98.2</ele><time>2023-08-29T11:54:03Z</time></trkpt><trkpt lat="58.050042" lon="38.85447"><ele>99.2</ele><time>2023-08-29T11:54:05Z</time></trkpt><trkpt lat="58.050075" lon="38.854298"><ele>99.1</ele><time>2023-08-29T11:54:07Z</time></trkpt><trkpt lat="58.050113" lon="38.854127"><ele>99.1</ele><time>2023-08-29T11:54:09Z</time></trkpt><trkpt lat="58.050138" lon="38.853987"><ele>98.0</ele><time>2023-08-29T11:54:11Z</time></trkpt><trkpt lat="58.050177" lon="38.85379"><ele>98.4</ele><time>2023-08-29T11:54:13Z</time></trkpt><trkpt lat="58.050177" lon="38.853615"><ele>97.5</ele><time>2023-08-29T11:54:16Z</time></trkpt><trkpt lat="58.05019" lon="38.853475"><ele>97.3</ele><time>2023-08-29T11:54:18Z</time></trkpt><trkpt lat="58.050208" lon="38.853282"><ele>97.3</ele><time>2023-08-29T11:54:21Z</time></trkpt><trkpt lat="58.050245" lon="38.853115"><ele>97.9</ele><time>2023-08-29T11:54:24Z</time></trkpt><trkpt lat="58.050285" lon="38.852973"><ele>99.3</ele><time>2023-08-29T11:54:27Z</time></trkpt><trkpt lat="58.050337" lon="38.852852"><ele>97.4</ele><time>2023-08-29T11:54:29Z</time></trkpt><trkpt lat="58.050395" lon="38.852757"><ele>97.6</ele><time>2023-08-29T11:54:31Z</time></trkpt><trkpt lat="58.050452" lon="38.852593"><ele>97.0</ele><time>2023-08-29T11:54:33Z</time></trkpt><trkpt lat="58.050525" lon="38.852442"><ele>97.8</ele><time>2023-08-29T11:54:35Z</time></trkpt><trkpt lat="58.050608" lon="38.852292"><ele>98.7</ele><time>2023-08-29T11:54:37Z</time></trkpt><trkpt lat="58.05068" lon="38.852102"><ele>97.8</ele><time>2023-08-29T11:54:39Z</time></trkpt><trkpt lat="58.050742" lon="38.851897"><ele>96.5</ele><time>2023-08-29T11:54:41Z</time></trkpt><trkpt lat="58.050803" lon="38.851703"><ele>96.5</ele><time>2023-08-29T11:54:43Z</time></trkpt><trkpt lat="58.05086" lon="38.851493"><ele>97.8</ele><time>2023-08-29T11:54:45Z</time></trkpt><trkpt lat="58.050922" lon="38.85129"><ele>99.3</ele><time>2023-08-29T11:54:47Z</time></trkpt><trkpt lat="58.050995" lon="38.851112"><ele>97.8</ele><time>2023-08-29T11:54:49Z</time></trkpt><trkpt lat="58.051062" lon="38.850948"><ele>97.1</ele><time>2023-08-29T11:54:51Z</time></trkpt><trkpt lat="58.051125" lon="38.850772"><ele>96.3</ele><time>2023-08-29T11:54:53Z</time></trkpt><trkpt lat="58.051187" lon="38.850653"><ele>96.2</ele><time>2023-08-29T11:54:55Z</time></trkpt><trkpt lat="58.051243" lon="38.850478"><ele>96.0</ele><time>2023-08-29T11:54:57Z</time></trkpt><trkpt lat="58.051305" lon="38.850278"><ele>96.1</ele><time>2023-08-29T11:54:59Z</time></trkpt><trkpt lat="58.051353" lon="38.85009"><ele>95.5</ele><time>2023-08-29T11:55:01Z</time></trkpt><trkpt lat="58.051407" lon="38.849908"><ele>95.9</ele><time>2023-08-29T11:55:03Z</time></trkpt><trkpt lat="58.05147" lon="38.849707"><ele>95.3</ele><time>2023-08-29T11:55:05Z</time></trkpt><trkpt lat="58.05146" lon="38.849867"><ele>95.2</ele><time>2023-08-29T11:55:06Z</time></trkpt><trkpt lat="58.05152" lon="38.849648"><ele>92.6</ele><time>2023-08-29T11:55:08Z</time></trkpt><trkpt lat="58.051582" lon="38.849433"><ele>92.0</ele><time>2023-08-29T11:55:10Z</time></trkpt><trkpt lat="58.051637" lon="38.849248"><ele>91.8</ele><time>2023-08-29T11:55:12Z</time></trkpt><trkpt lat="58.051693" lon="38.849122"><ele>91.9</ele><time>2023-08-29T11:55:14Z</time></trkpt><trkpt lat="58.051758" lon="38.84895"><ele>91.5</ele><time>2023-08-29T11:55:16Z</time></trkpt><trkpt lat="58.051792" lon="38.848743"><ele>90.5</ele><time>2023-08-29T11:55:18Z</time></trkpt><trkpt lat="58.051835" lon="38.848518"><ele>90.4</ele><time>2023-08-29T11:55:20Z</time></trkpt><trkpt lat="58.051855" lon="38.84828"><ele>91.3</ele><time>2023-08-29T11:55:22Z</time></trkpt><trkpt lat="58.051893" lon="38.848088"><ele>93.5</ele><time>2023-08-29T11:55:24Z</time></trkpt><trkpt lat="58.051928" lon="38.847893"><ele>94.4</ele><time>2023-08-29T11:55:26Z</time></trkpt><trkpt lat="58.05196" lon="38.847688"><ele>93.8</ele><time>2023-08-29T11:55:28Z</time></trkpt><trkpt lat="58.051987" lon="38.847482"><ele>94.2</ele><time>2023-08-29T11:55:30Z</time></trkpt><trkpt lat="58.052022" lon="38.847265"><ele>94.4</ele><time>2023-08-29T11:55:32Z</time></trkpt><trkpt lat="58.05206" lon="38.847077"><ele>94.7</ele><time>2023-08-29T11:55:34Z</time></trkpt><trkpt lat="58.052118" lon="38.846893"><ele>94.9</ele><time>2023-08-29T11:55:36Z</time></trkpt><trkpt lat="58.05215" lon="38.84674"><ele>94.8</ele><time>2023-08-29T11:55:38Z</time></trkpt><trkpt lat="58.052202" lon="38.846558"><ele>95.2</ele><time>2023-08-29T11:55:40Z</time></trkpt><trkpt lat="58.05225" lon="38.846367"><ele>94.5</ele><time>2023-08-29T11:55:42Z</time></trkpt><trkpt lat="58.052278" lon="38.846238"><ele>95.2</ele><time>2023-08-29T11:55:43Z</time></trkpt><trkpt lat="58.052337" lon="38.846012"><ele>97.7</ele><time>2023-08-29T11:55:45Z</time></trkpt><trkpt lat="58.05237" lon="38.84582"><ele>96.5</ele><time>2023-08-29T11:55:47Z</time></trkpt><trkpt lat="58.052382" lon="38.845668"><ele>95.9</ele><time>2023-08-29T11:55:49Z</time></trkpt><trkpt lat="58.052427" lon="38.845517"><ele>94.1</ele><time>2023-08-29T11:55:52Z</time></trkpt><trkpt lat="58.052438" lon="38.845367"><ele>95.1</ele><time>2023-08-29T11:55:57Z</time></trkpt><trkpt lat="58.052463" lon="38.845238"><ele>95.5</ele><time>2023-08-29T11:56:01Z</time></trkpt><trkpt lat="58.052498" lon="38.845103"><ele>97.2</ele><time>2023-08-29T11:56:05Z</time></trkpt><trkpt lat="58.052533" lon="38.844977"><ele>97.2</ele><time>2023-08-29T11:56:10Z</time></trkpt><trkpt lat="58.052583" lon="38.844815"><ele>96.5</ele><time>2023-08-29T11:56:14Z</time></trkpt><trkpt lat="58.05263" lon="38.844672"><ele>96.2</ele><time>2023-08-29T11:56:17Z</time></trkpt><trkpt lat="58.052678" lon="38.844537"><ele>96.3</ele><time>2023-08-29T11:56:20Z</time></trkpt><trkpt lat="58.05273" lon="38.84442"><ele>95.3</ele><time>2023-08-29T11:56:23Z</time></trkpt><trkpt lat="58.05279" lon="38.84426"><ele>93.3</ele><time>2023-08-29T11:56:27Z</time></trkpt><trkpt lat="58.052845" lon="38.844103"><ele>92.4</ele><time>2023-08-29T11:56:30Z</time></trkpt><trkpt lat="58.0529" lon="38.84394"><ele>92.5</ele><time>2023-08-29T11:56:33Z</time></trkpt><trkpt lat="58.05295" lon="38.843795"><ele>92.7</ele><time>2023-08-29T11:56:36Z</time></trkpt><trkpt lat="58.053" lon="38.843652"><ele>91.9</ele><time>2023-08-29T11:56:39Z</time></trkpt><trkpt lat="58.053042" lon="38.8435"><ele>91.9</ele><time>2023-08-29T11:56:42Z</time></trkpt><trkpt lat="58.053093" lon="38.843333"><ele>91.2</ele><time>2023-08-29T11:56:45Z</time></trkpt><trkpt lat="58.053137" lon="38.843213"><ele>91.0</ele><time>2023-08-29T11:56:47Z</time></trkpt><trkpt lat="58.053182" lon="38.843068"><ele>92.9</ele><time>2023-08-29T11:56:49Z</time></trkpt><trkpt lat="58.053227" lon="38.842928"><ele>93.6</ele><time>2023-08-29T11:56:51Z</time></trkpt><trkpt lat="58.05328" lon="38.842787"><ele>93.6</ele><time>2023-08-29T11:56:53Z</time></trkpt><trkpt lat="58.053325" lon="38.842653"><ele>93.2</ele><time>2023-08-29T11:56:55Z</time></trkpt><trkpt lat="58.053357" lon="38.842532"><ele>92.9</ele><time>2023-08-29T11:56:57Z</time></trkpt><trkpt lat="58.053397" lon="38.842393"><ele>92.3</ele><time>2023-08-29T11:56:59Z</time></trkpt><trkpt lat="58.053443" lon="38.842252"><ele>93.8</ele><time>2023-08-29T11:57:01Z</time></trkpt><trkpt lat="58.053495" lon="38.842107"><ele>95.0</ele><time>2023-08-29T11:57:03Z</time></trkpt><trkpt lat="58.053552" lon="38.841957"><ele>95.3</ele><time>2023-08-29T11:57:05Z</time></trkpt><trkpt lat="58.053592" lon="38.841842"><ele>95.1</ele><time>2023-08-29T11:57:06Z</time></trkpt><trkpt lat="58.05365" lon="38.841685"><ele>95.0</ele><time>2023-08-29T11:57:08Z</time></trkpt><trkpt lat="58.0537" lon="38.841548"><ele>95.0</ele><time>2023-08-29T11:57:10Z</time></trkpt><trkpt lat="58.053735" lon="38.841423"><ele>96.2</ele><time>2023-08-29T11:57:12Z</time></trkpt><trkpt lat="58.053805" lon="38.84128"><ele>96.7</ele><time>2023-08-29T11:57:14Z</time></trkpt><trkpt lat="58.053842" lon="38.841157"><ele>96.2</ele><time>2023-08-29T11:57:16Z</time></trkpt><trkpt lat="58.053877" lon="38.841032"><ele>95.2</ele><time>2023-08-29T11:57:18Z</time></trkpt><trkpt lat="58.053918" lon="38.840897"><ele>94.0</ele><time>2023-08-29T11:57:20Z</time></trkpt><trkpt lat="58.05397" lon="38.840765"><ele>93.9</ele><time>2023-08-29T11:57:22Z</time></trkpt><trkpt lat="58.054035" lon="38.840602"><ele>94.7</ele><time>2023-08-29T11:57:24Z</time></trkpt><trkpt lat="58.054102" lon="38.840447"><ele>94.0</ele><time>2023-08-29T11:57:27Z</time></trkpt><trkpt lat="58.05416" lon="38.840255"><ele>94.8</ele><time>2023-08-29T11:57:29Z</time></trkpt><trkpt lat="58.05419" lon="38.84013"><ele>95.3</ele><time>2023-08-29T11:57:31Z</time></trkpt><trkpt lat="58.054223" lon="38.839983"><ele>94.2</ele><time>2023-08-29T11:57:33Z</time></trkpt><trkpt lat="58.05427" lon="38.83983"><ele>94.4</ele><time>2023-08-29T11:57:35Z</time></trkpt><trkpt lat="58.054322" lon="38.839705"><ele>95.0</ele><time>2023-08-29T11:57:37Z</time></trkpt><trkpt lat="58.054372" lon="38.839567"><ele>95.9</ele><time>2023-08-29T11:57:39Z</time></trkpt><trkpt lat="58.054428" lon="38.839437"><ele>95.5</ele><time>2023-08-29T11:57:41Z</time></trkpt><trkpt lat="58.054485" lon="38.839317"><ele>95.8</ele><time>2023-08-29T11:57:43Z</time></trkpt><trkpt lat="58.054528" lon="38.839188"><ele>96.3</ele><time>2023-08-29T11:57:45Z</time></trkpt><trkpt lat="58.05457" lon="38.839067"><ele>96.0</ele><time>2023-08-29T11:57:47Z</time></trkpt><trkpt lat="58.054613" lon="38.838948"><ele>95.2</ele><time>2023-08-29T11:57:49Z</time></trkpt><trkpt lat="58.05467" lon="38.838777"><ele>95.0</ele><time>2023-08-29T11:57:52Z</time></trkpt><trkpt lat="58.054713" lon="38.838645"><ele>95.7</ele><time>2023-08-29T11:57:54Z</time></trkpt><trkpt lat="58.054763" lon="38.838507"><ele>95.9</ele><time>2023-08-29T11:57:56Z</time></trkpt><trkpt lat="58.05481" lon="38.838367"><ele>95.6</ele><time>2023-08-29T11:57:58Z</time></trkpt><trkpt lat="58.054857" lon="38.83823"><ele>96.3</ele><time>2023-08-29T11:58:00Z</time></trkpt><trkpt lat="58.054898" lon="38.838103"><ele>96.3</ele><time>2023-08-29T11:58:02Z</time></trkpt><trkpt lat="58.054937" lon="38.837983"><ele>96.5</ele><time>2023-08-29T11:58:04Z</time></trkpt><trkpt lat="58.054997" lon="38.837807"><ele>95.7</ele><time>2023-08-29T11:58:07Z</time></trkpt><trkpt lat="58.05504" lon="38.83768"><ele>95.2</ele><time>2023-08-29T11:58:09Z</time></trkpt><trkpt lat="58.055082" lon="38.837548"><ele>94.7</ele><time>2023-08-29T11:58:11Z</time></trkpt><trkpt lat="58.05512" lon="38.837428"><ele>94.8</ele><time>2023-08-29T11:58:13Z</time></trkpt><trkpt lat="58.055155" lon="38.837307"><ele>94.9</ele><time>2023-08-29T11:58:15Z</time></trkpt><trkpt lat="58.055192" lon="38.837172"><ele>95.0</ele><time>2023-08-29T11:58:17Z</time></trkpt><trkpt lat="58.055238" lon="38.837005"><ele>94.7</ele><time>2023-08-29T11:58:19Z</time></trkpt><trkpt lat="58.055287" lon="38.836832"><ele>94.9</ele><time>2023-08-29T11:58:21Z</time></trkpt><trkpt lat="58.055358" lon="38.836683"><ele>93.1</ele><time>2023-08-29T11:58:23Z</time></trkpt><trkpt lat="58.055413" lon="38.836482"><ele>93.0</ele><time>2023-08-29T11:58:25Z</time></trkpt><trkpt lat="58.05546" lon="38.836317"><ele>92.7</ele><time>2023-08-29T11:58:28Z</time></trkpt><trkpt lat="58.05551" lon="38.836098"><ele>93.2</ele><time>2023-08-29T11:58:30Z</time></trkpt><trkpt lat="58.055553" lon="38.835952"><ele>93.4</ele><time>2023-08-29T11:58:32Z</time></trkpt><trkpt lat="58.055598" lon="38.835823"><ele>94.6</ele><time>2023-08-29T11:58:34Z</time></trkpt><trkpt lat="58.05564" lon="38.835688"><ele>95.3</ele><time>2023-08-29T11:58:36Z</time></trkpt><trkpt lat="58.055688" lon="38.835555"><ele>95.5</ele><time>2023-08-29T11:58:38Z</time></trkpt><trkpt lat="58.055723" lon="38.835437"><ele>95.4</ele><time>2023-08-29T11:58:40Z</time></trkpt><trkpt lat="58.055763" lon="38.83531"><ele>95.3</ele><time>2023-08-29T11:58:42Z</time></trkpt><trkpt lat="58.055832" lon="38.835145"><ele>96.3</ele><time>2023-08-29T11:58:44Z</time></trkpt><trkpt lat="58.055878" lon="38.835018"><ele>95.9</ele><time>2023-08-29T11:58:46Z</time></trkpt><trkpt lat="58.055918" lon="38.83488"><ele>95.4</ele><time>2023-08-29T11:58:48Z</time></trkpt><trkpt lat="58.055913" lon="38.834718"><ele>95.0</ele><time>2023-08-29T11:58:51Z</time></trkpt><trkpt lat="58.055988" lon="38.83454"><ele>96.3</ele><time>2023-08-29T11:58:54Z</time></trkpt><trkpt lat="58.05606" lon="38.834358"><ele>95.8</ele><time>2023-08-29T11:58:56Z</time></trkpt><trkpt lat="58.05613" lon="38.834188"><ele>95.9</ele><time>2023-08-29T11:58:58Z</time></trkpt><trkpt lat="58.0562" lon="38.83405"><ele>96.8</ele><time>2023-08-29T11:59:00Z</time></trkpt><trkpt lat="58.056257" lon="38.833908"><ele>96.9</ele><time>2023-08-29T11:59:02Z</time></trkpt><trkpt lat="58.056302" lon="38.833788"><ele>97.0</ele><time>2023-08-29T11:59:04Z</time></trkpt><trkpt lat="58.056363" lon="38.833608"><ele>95.7</ele><time>2023-08-29T11:59:06Z</time></trkpt><trkpt lat="58.056423" lon="38.833458"><ele>95.3</ele><time>2023-08-29T11:59:08Z</time></trkpt><trkpt lat="58.056457" lon="38.833213"><ele>92.6</ele><time>2023-08-29T11:59:11Z</time></trkpt><trkpt lat="58.056523" lon="38.833008"><ele>92.5</ele><time>2023-08-29T11:59:13Z</time></trkpt><trkpt lat="58.056598" lon="38.832835"><ele>94.1</ele><time>2023-08-29T11:59:15Z</time></trkpt><trkpt lat="58.056618" lon="38.832653"><ele>94.5</ele><time>2023-08-29T11:59:17Z</time></trkpt><trkpt lat="58.056673" lon="38.832465"><ele>94.0</ele><time>2023-08-29T11:59:19Z</time></trkpt><trkpt lat="58.056718" lon="38.832288"><ele>94.1</ele><time>2023-08-29T11:59:21Z</time></trkpt><trkpt lat="58.056777" lon="38.832143"><ele>97.1</ele><time>2023-08-29T11:59:23Z</time></trkpt><trkpt lat="58.056827" lon="38.831987"><ele>97.7</ele><time>2023-08-29T11:59:25Z</time></trkpt><trkpt lat="58.056872" lon="38.831833"><ele>97.7</ele><time>2023-08-29T11:59:27Z</time></trkpt><trkpt lat="58.056922" lon="38.831693"><ele>97.0</ele><time>2023-08-29T11:59:29Z</time></trkpt><trkpt lat="58.05698" lon="38.831507"><ele>96.0</ele><time>2023-08-29T11:59:32Z</time></trkpt><trkpt lat="58.057023" lon="38.83137"><ele>96.1</ele><time>2023-08-29T11:59:34Z</time></trkpt><trkpt lat="58.057097" lon="38.831228"><ele>95.5</ele><time>2023-08-29T11:59:37Z</time></trkpt><trkpt lat="58.057187" lon="38.83115"><ele>95.4</ele><time>2023-08-29T11:59:40Z</time></trkpt><trkpt lat="58.057253" lon="38.831088"><ele>95.6</ele><time>2023-08-29T11:59:42Z</time></trkpt><trkpt lat="58.057323" lon="38.831012"><ele>94.8</ele><time>2023-08-29T11:59:44Z</time></trkpt><trkpt lat="58.057395" lon="38.830905"><ele>94.2</ele><time>2023-08-29T11:59:46Z</time></trkpt><trkpt lat="58.05748" lon="38.830748"><ele>95.7</ele><time>2023-08-29T11:59:49Z</time></trkpt><trkpt lat="58.057548" lon="38.83062"><ele>96.9</ele><time>2023-08-29T11:59:51Z</time></trkpt><trkpt lat="58.057625" lon="38.830493"><ele>96.9</ele><time>2023-08-29T11:59:53Z</time></trkpt><trkpt lat="58.0577" lon="38.8304"><ele>97.3</ele><time>2023-08-29T11:59:55Z</time></trkpt><trkpt lat="58.057788" lon="38.83026"><ele>98.2</ele><time>2023-08-29T11:59:57Z</time></trkpt><trkpt lat="58.05788" lon="38.83016"><ele>98.0</ele><time>2023-08-29T11:59:59Z</time></trkpt><trkpt lat="58.057965" lon="38.830013"><ele>97.7</ele><time>2023-08-29T12:00:01Z</time></trkpt><trkpt lat="58.058062" lon="38.829862"><ele>96.6</ele><time>2023-08-29T12:00:03Z</time></trkpt><trkpt lat="58.058147" lon="38.829692"><ele>95.2</ele><time>2023-08-29T12:00:05Z</time></trkpt><trkpt lat="58.058227" lon="38.829537"><ele>93.8</ele><time>2023-08-29T12:00:07Z</time></trkpt><trkpt lat="58.058297" lon="38.829423"><ele>93.2</ele><time>2023-08-29T12:00:09Z</time></trkpt><trkpt lat="58.05838" lon="38.829318"><ele>93.6</ele><time>2023-08-29T12:00:11Z</time></trkpt><trkpt lat="58.058473" lon="38.829182"><ele>93.8</ele><time>2023-08-29T12:00:13Z</time></trkpt><trkpt lat="58.058547" lon="38.82908"><ele>93.6</ele><time>2023-08-29T12:00:15Z</time></trkpt><trkpt lat="58.058612" lon="38.828912"><ele>94.2</ele><time>2023-08-29T12:00:17Z</time></trkpt><trkpt lat="58.058658" lon="38.828755"><ele>94.5</ele><time>2023-08-29T12:00:19Z</time></trkpt><trkpt lat="58.058705" lon="38.828583"><ele>95.8</ele><time>2023-08-29T12:00:21Z</time></trkpt><trkpt lat="58.058747" lon="38.828418"><ele>97.3</ele><time>2023-08-29T12:00:26Z</time></trkpt><trkpt lat="58.058787" lon="38.828303"><ele>96.1</ele><time>2023-08-29T12:00:28Z</time></trkpt><trkpt lat="58.05884" lon="38.828152"><ele>96.1</ele><time>2023-08-29T12:00:31Z</time></trkpt><trkpt lat="58.058892" lon="38.828007"><ele>95.3</ele><time>2023-08-29T12:00:34Z</time></trkpt><trkpt lat="58.058943" lon="38.827832"><ele>96.3</ele><time>2023-08-29T12:00:37Z</time></trkpt><trkpt lat="58.058997" lon="38.827662"><ele>97.4</ele><time>2023-08-29T12:00:40Z</time></trkpt><trkpt lat="58.059045" lon="38.827492"><ele>98.8</ele><time>2023-08-29T12:00:43Z</time></trkpt><trkpt lat="58.059077" lon="38.827367"><ele>99.6</ele><time>2023-08-29T12:00:45Z</time></trkpt><trkpt lat="58.059122" lon="38.827207"><ele>99.8</ele><time>2023-08-29T12:00:48Z</time></trkpt><trkpt lat="58.059177" lon="38.827067"><ele>99.0</ele><time>2023-08-29T12:00:51Z</time></trkpt><trkpt lat="58.059217" lon="38.826955"><ele>99.2</ele><time>2023-08-29T12:00:53Z</time></trkpt><trkpt lat="58.059272" lon="38.826807"><ele>99.5</ele><time>2023-08-29T12:00:56Z</time></trkpt><trkpt lat="58.059327" lon="38.826677"><ele>99.8</ele><time>2023-08-29T12:00:59Z</time></trkpt><trkpt lat="58.059398" lon="38.826575"><ele>99.9</ele><time>2023-08-29T12:01:02Z</time></trkpt><trkpt lat="58.059453" lon="38.826453"><ele>101.2</ele><time>2023-08-29T12:01:05Z</time></trkpt><trkpt lat="58.059448" lon="38.826305"><ele>99.0</ele><time>2023-08-29T12:01:08Z</time></trkpt><trkpt lat="58.059437" lon="38.826122"><ele>99.9</ele><time>2023-08-29T12:01:11Z</time></trkpt><trkpt lat="58.059437" lon="38.82594"><ele>99.8</ele><time>2023-08-29T12:01:14Z</time></trkpt><trkpt lat="58.059428" lon="38.825743"><ele>98.9</ele><time>2023-08-29T12:01:17Z</time></trkpt><trkpt lat="58.059403" lon="38.825553"><ele>99.2</ele><time>2023-08-29T12:01:20Z</time></trkpt><trkpt lat="58.059353" lon="38.82539"><ele>99.2</ele><time>2023-08-29T12:01:23Z</time></trkpt><trkpt lat="58.059292" lon="38.825278"><ele>97.8</ele><time>2023-08-29T12:01:26Z</time></trkpt><trkpt lat="58.059237" lon="38.825148"><ele>97.2</ele><time>2023-08-29T12:01:29Z</time></trkpt><trkpt lat="58.05919" lon="38.825022"><ele>98.3</ele><time>2023-08-29T12:01:32Z</time></trkpt><trkpt lat="58.059127" lon="38.824908"><ele>98.0</ele><time>2023-08-29T12:01:36Z</time></trkpt><trkpt lat="58.059087" lon="38.82477"><ele>98.4</ele><time>2023-08-29T12:01:40Z</time></trkpt><trkpt lat="58.059062" lon="38.824605"><ele>97.5</ele><time>2023-08-29T12:01:44Z</time></trkpt><trkpt lat="58.059078" lon="38.824465"><ele>97.1</ele><time>2023-08-29T12:01:47Z</time></trkpt><trkpt lat="58.05911" lon="38.824338"><ele>97.4</ele><time>2023-08-29T12:01:50Z</time></trkpt><trkpt lat="58.059172" lon="38.824222"><ele>97.3</ele><time>2023-08-29T12:01:53Z</time></trkpt><trkpt lat="58.059238" lon="38.824117"><ele>96.9</ele><time>2023-08-29T12:01:56Z</time></trkpt><trkpt lat="58.059313" lon="38.82398"><ele>97.6</ele><time>2023-08-29T12:01:59Z</time></trkpt><trkpt lat="58.05937" lon="38.823868"><ele>97.8</ele><time>2023-08-29T12:02:01Z</time></trkpt><trkpt lat="58.059427" lon="38.823755"><ele>97.9</ele><time>2023-08-29T12:02:03Z</time></trkpt><trkpt lat="58.05948" lon="38.823643"><ele>99.6</ele><time>2023-08-29T12:02:05Z</time></trkpt><trkpt lat="58.059523" lon="38.823522"><ele>98.9</ele><time>2023-08-29T12:02:07Z</time></trkpt><trkpt lat="58.059558" lon="38.823398"><ele>99.1</ele><time>2023-08-29T12:02:09Z</time></trkpt><trkpt lat="58.059598" lon="38.823213"><ele>98.8</ele><time>2023-08-29T12:02:12Z</time></trkpt><trkpt lat="58.059625" lon="38.823082"><ele>98.8</ele><time>2023-08-29T12:02:14Z</time></trkpt><trkpt lat="58.059645" lon="38.822947"><ele>98.9</ele><time>2023-08-29T12:02:16Z</time></trkpt><trkpt lat="58.059653" lon="38.822808"><ele>99.7</ele><time>2023-08-29T12:02:18Z</time></trkpt><trkpt lat="58.05967" lon="38.82261"><ele>100.0</ele><time>2023-08-29T12:02:21Z</time></trkpt><trkpt lat="58.059682" lon="38.822433"><ele>99.5</ele><time>2023-08-29T12:02:24Z</time></trkpt><trkpt lat="58.059685" lon="38.822297"><ele>99.7</ele><time>2023-08-29T12:02:27Z</time></trkpt><trkpt lat="58.059692" lon="38.822155"><ele>99.6</ele><time>2023-08-29T12:02:30Z</time></trkpt><trkpt lat="58.059703" lon="38.82198"><ele>100.0</ele><time>2023-08-29T12:02:34Z</time></trkpt><trkpt lat="58.05971" lon="38.821825"><ele>100.4</ele><time>2023-08-29T12:02:38Z</time></trkpt><trkpt lat="58.059718" lon="38.821648"><ele>100.9</ele><time>2023-08-29T12:02:42Z</time></trkpt><trkpt lat="58.05974" lon="38.821517"><ele>101.7</ele><time>2023-08-29T12:02:47Z</time></trkpt><trkpt lat="58.059718" lon="38.821387"><ele>102.9</ele><time>2023-08-29T12:03:15Z</time></trkpt><trkpt lat="58.059715" lon="38.821243"><ele>100.8</ele><time>2023-08-29T12:03:22Z</time></trkpt><trkpt lat="58.059723" lon="38.821073"><ele>101.5</ele><time>2023-08-29T12:03:27Z</time></trkpt><trkpt lat="58.059743" lon="38.820905"><ele>102.6</ele><time>2023-08-29T12:03:30Z</time></trkpt><trkpt lat="58.059755" lon="38.820737"><ele>100.6</ele><time>2023-08-29T12:03:33Z</time></trkpt><trkpt lat="58.059765" lon="38.820555"><ele>100.6</ele><time>2023-08-29T12:03:36Z</time></trkpt><trkpt lat="58.059777" lon="38.820397"><ele>100.7</ele><time>2023-08-29T12:03:39Z</time></trkpt><trkpt lat="58.059793" lon="38.820215"><ele>100.4</ele><time>2023-08-29T12:03:42Z</time></trkpt><trkpt lat="58.05981" lon="38.820013"><ele>100.0</ele><time>2023-08-29T12:03:45Z</time></trkpt><trkpt lat="58.059823" lon="38.819868"><ele>99.6</ele><time>2023-08-29T12:03:47Z</time></trkpt><trkpt lat="58.059837" lon="38.819735"><ele>99.9</ele><time>2023-08-29T12:03:49Z</time></trkpt><trkpt lat="58.059853" lon="38.819553"><ele>99.8</ele><time>2023-08-29T12:03:52Z</time></trkpt><trkpt lat="58.059872" lon="38.81939"><ele>100.1</ele><time>2023-08-29T12:03:55Z</time></trkpt><trkpt lat="58.059885" lon="38.819235"><ele>99.9</ele><time>2023-08-29T12:03:58Z</time></trkpt><trkpt lat="58.059895" lon="38.819048"><ele>101.0</ele><time>2023-08-29T12:04:01Z</time></trkpt><trkpt lat="58.0599" lon="38.81889"><ele>100.7</ele><time>2023-08-29T12:04:04Z</time></trkpt><trkpt lat="58.0599" lon="38.81874"><ele>101.4</ele><time>2023-08-29T12:04:08Z</time></trkpt><trkpt lat="58.059917" lon="38.818592"><ele>102.2</ele><time>2023-08-29T12:04:11Z</time></trkpt><trkpt lat="58.059938" lon="38.81843"><ele>101.2</ele><time>2023-08-29T12:04:15Z</time></trkpt><trkpt lat="58.059945" lon="38.818295"><ele>100.0</ele><time>2023-08-29T12:04:18Z</time></trkpt><trkpt lat="58.059953" lon="38.818112"><ele>100.4</ele><time>2023-08-29T12:04:21Z</time></trkpt><trkpt lat="58.059967" lon="38.817938"><ele>100.8</ele><time>2023-08-29T12:04:24Z</time></trkpt><trkpt lat="58.059975" lon="38.817752"><ele>100.4</ele><time>2023-08-29T12:04:27Z</time></trkpt><trkpt lat="58.059988" lon="38.81757"><ele>100.4</ele><time>2023-08-29T12:04:30Z</time></trkpt><trkpt lat="58.059997" lon="38.817435"><ele>101.5</ele><time>2023-08-29T12:04:32Z</time></trkpt><trkpt lat="58.060002" lon="38.81726"><ele>102.8</ele><time>2023-08-29T12:04:35Z</time></trkpt><trkpt lat="58.059992" lon="38.817085"><ele>103.4</ele><time>2023-08-29T12:04:38Z</time></trkpt><trkpt lat="58.060002" lon="38.816925"><ele>103.0</ele><time>2023-08-29T12:04:41Z</time></trkpt><trkpt lat="58.060025" lon="38.81673"><ele>103.6</ele><time>2023-08-29T12:04:44Z</time></trkpt><trkpt lat="58.060033" lon="38.816587"><ele>104.4</ele><time>2023-08-29T12:04:45Z</time></trkpt><trkpt lat="58.060042" lon="38.816445"><ele>104.9</ele><time>2023-08-29T12:04:47Z</time></trkpt><trkpt lat="58.060052" lon="38.816302"><ele>104.4</ele><time>2023-08-29T12:04:49Z</time></trkpt><trkpt lat="58.060063" lon="38.816108"><ele>104.6</ele><time>2023-08-29T12:04:52Z</time></trkpt><trkpt lat="58.060068" lon="38.81597"><ele>105.0</ele><time>2023-08-29T12:04:54Z</time></trkpt><trkpt lat="58.060072" lon="38.815825"><ele>104.9</ele><time>2023-08-29T12:04:56Z</time></trkpt><trkpt lat="58.060082" lon="38.815682"><ele>105.1</ele><time>2023-08-29T12:04:58Z</time></trkpt><trkpt lat="58.060097" lon="38.81554"><ele>105.1</ele><time>2023-08-29T12:05:00Z</time></trkpt><trkpt lat="58.060115" lon="38.815372"><ele>105.9</ele><time>2023-08-29T12:05:03Z</time></trkpt><trkpt lat="58.060125" lon="38.815197"><ele>105.7</ele><time>2023-08-29T12:05:06Z</time></trkpt><trkpt lat="58.060138" lon="38.815002"><ele>105.2</ele><time>2023-08-29T12:05:09Z</time></trkpt><trkpt lat="58.060148" lon="38.814805"><ele>106.1</ele><time>2023-08-29T12:05:12Z</time></trkpt><trkpt lat="58.060148" lon="38.814623"><ele>106.1</ele><time>2023-08-29T12:05:15Z</time></trkpt><trkpt lat="58.060155" lon="38.814483"><ele>105.7</ele><time>2023-08-29T12:05:19Z</time></trkpt><trkpt lat="58.060165" lon="38.814347"><ele>104.2</ele><time>2023-08-29T12:05:22Z</time></trkpt><trkpt lat="58.06017" lon="38.814193"><ele>103.7</ele><time>2023-08-29T12:05:25Z</time></trkpt><trkpt lat="58.06016" lon="38.814018"><ele>104.3</ele><time>2023-08-29T12:05:31Z</time></trkpt><trkpt lat="58.060165" lon="38.81384"><ele>105.1</ele><time>2023-08-29T12:05:34Z</time></trkpt><trkpt lat="58.060198" lon="38.81369"><ele>103.8</ele><time>2023-08-29T12:05:37Z</time></trkpt><trkpt lat="58.060223" lon="38.813502"><ele>104.0</ele><time>2023-08-29T12:05:40Z</time></trkpt><trkpt lat="58.060227" lon="38.813308"><ele>103.6</ele><time>2023-08-29T12:05:43Z</time></trkpt><trkpt lat="58.06024" lon="38.8131"><ele>103.3</ele><time>2023-08-29T12:05:46Z</time></trkpt><trkpt lat="58.060248" lon="38.812962"><ele>104.2</ele><time>2023-08-29T12:05:48Z</time></trkpt><trkpt lat="58.060257" lon="38.812823"><ele>104.4</ele><time>2023-08-29T12:05:50Z</time></trkpt><trkpt lat="58.060265" lon="38.812635"><ele>103.9</ele><time>2023-08-29T12:05:53Z</time></trkpt><trkpt lat="58.06027" lon="38.812473"><ele>103.0</ele><time>2023-08-29T12:05:56Z</time></trkpt><trkpt lat="58.060277" lon="38.812328"><ele>103.1</ele><time>2023-08-29T12:05:59Z</time></trkpt><trkpt lat="58.060282" lon="38.812132"><ele>104.1</ele><time>2023-08-29T12:06:02Z</time></trkpt><trkpt lat="58.060287" lon="38.811963"><ele>104.0</ele><time>2023-08-29T12:06:05Z</time></trkpt><trkpt lat="58.060295" lon="38.811823"><ele>103.6</ele><time>2023-08-29T12:06:08Z</time></trkpt><trkpt lat="58.060302" lon="38.81168"><ele>104.2</ele><time>2023-08-29T12:06:12Z</time></trkpt><trkpt lat="58.060253" lon="38.811508"><ele>102.4</ele><time>2023-08-29T12:07:01Z</time></trkpt><trkpt lat="58.060195" lon="38.81137"><ele>102.4</ele><time>2023-08-29T12:07:03Z</time></trkpt><trkpt lat="58.060127" lon="38.811257"><ele>103.7</ele><time>2023-08-29T12:07:05Z</time></trkpt><trkpt lat="58.060053" lon="38.81121"><ele>103.3</ele><time>2023-08-29T12:07:07Z</time></trkpt><trkpt lat="58.05994" lon="38.811205"><ele>103.0</ele><time>2023-08-29T12:07:10Z</time></trkpt><trkpt lat="58.059868" lon="38.811213"><ele>102.6</ele><time>2023-08-29T12:07:12Z</time></trkpt><trkpt lat="58.059792" lon="38.811197"><ele>102.4</ele><time>2023-08-29T12:07:15Z</time></trkpt><trkpt lat="58.0597" lon="38.81116"><ele>102.0</ele><time>2023-08-29T12:07:18Z</time></trkpt><trkpt lat="58.059623" lon="38.81113"><ele>102.0</ele><time>2023-08-29T12:07:21Z</time></trkpt><trkpt lat="58.05953" lon="38.811102"><ele>101.4</ele><time>2023-08-29T12:07:24Z</time></trkpt><trkpt lat="58.059458" lon="38.81111"><ele>101.5</ele><time>2023-08-29T12:07:26Z</time></trkpt><trkpt lat="58.059362" lon="38.811102"><ele>100.9</ele><time>2023-08-29T12:07:29Z</time></trkpt><trkpt lat="58.05926" lon="38.811078"><ele>101.1</ele><time>2023-08-29T12:07:32Z</time></trkpt><trkpt lat="58.059177" lon="38.811053"><ele>101.4</ele><time>2023-08-29T12:07:35Z</time></trkpt><trkpt lat="58.059095" lon="38.811042"><ele>101.2</ele><time>2023-08-29T12:07:37Z</time></trkpt><trkpt lat="58.059013" lon="38.811028"><ele>100.9</ele><time>2023-08-29T12:07:39Z</time></trkpt><trkpt lat="58.058907" lon="38.811002"><ele>101.4</ele><time>2023-08-29T12:07:42Z</time></trkpt><trkpt lat="58.058818" lon="38.810985"><ele>101.6</ele><time>2023-08-29T12:07:44Z</time></trkpt><trkpt lat="58.058735" lon="38.810973"><ele>101.7</ele><time>2023-08-29T12:07:46Z</time></trkpt><trkpt lat="58.058652" lon="38.810945"><ele>102.1</ele><time>2023-08-29T12:07:48Z</time></trkpt><trkpt lat="58.058585" lon="38.81086"><ele>102.6</ele><time>2023-08-29T12:07:50Z</time></trkpt><trkpt lat="58.05857" lon="38.810688"><ele>103.0</ele><time>2023-08-29T12:07:53Z</time></trkpt><trkpt lat="58.058602" lon="38.810522"><ele>103.5</ele><time>2023-08-29T12:07:56Z</time></trkpt><trkpt lat="58.058633" lon="38.810343"><ele>103.1</ele><time>2023-08-29T12:07:59Z</time></trkpt><trkpt lat="58.058655" lon="38.810213"><ele>105.5</ele><time>2023-08-29T12:08:09Z</time></trkpt><trkpt lat="58.058643" lon="38.810063"><ele>107.0</ele><time>2023-08-29T12:08:15Z</time></trkpt><trkpt lat="58.05862" lon="38.809927"><ele>106.2</ele><time>2023-08-29T12:08:27Z</time></trkpt><trkpt lat="58.058577" lon="38.809803"><ele>106.7</ele><time>2023-08-29T12:08:34Z</time></trkpt><trkpt lat="58.05854" lon="38.809675"><ele>107.7</ele><time>2023-08-29T12:08:38Z</time></trkpt><trkpt lat="58.058537" lon="38.809533"><ele>105.2</ele><time>2023-08-29T12:08:43Z</time></trkpt><trkpt lat="58.058545" lon="38.809398"><ele>105.7</ele><time>2023-08-29T12:08:48Z</time></trkpt><trkpt lat="58.05856" lon="38.80924"><ele>104.7</ele><time>2023-08-29T12:08:54Z</time></trkpt><trkpt lat="58.058577" lon="38.809083"><ele>104.8</ele><time>2023-08-29T12:08:59Z</time></trkpt><trkpt lat="58.05857" lon="38.808927"><ele>103.6</ele><time>2023-08-29T12:09:04Z</time></trkpt><trkpt lat="58.058563" lon="38.808783"><ele>102.3</ele><time>2023-08-29T12:09:09Z</time></trkpt><trkpt lat="58.058542" lon="38.808628"><ele>103.0</ele><time>2023-08-29T12:09:14Z</time></trkpt><trkpt lat="58.058535" lon="38.808485"><ele>103.8</ele><time>2023-08-29T12:09:18Z</time></trkpt><trkpt lat="58.058562" lon="38.80835"><ele>103.7</ele><time>2023-08-29T12:09:25Z</time></trkpt><trkpt lat="58.058583" lon="38.808212"><ele>103.9</ele><time>2023-08-29T12:09:29Z</time></trkpt><trkpt lat="58.058615" lon="38.808068"><ele>103.2</ele><time>2023-08-29T12:09:34Z</time></trkpt><trkpt lat="58.058652" lon="38.807927"><ele>103.3</ele><time>2023-08-29T12:09:38Z</time></trkpt><trkpt lat="58.058653" lon="38.807765"><ele>102.5</ele><time>2023-08-29T12:09:44Z</time></trkpt></trkseg></trk></gpx>