<?xml version="1.0" encoding="UTF-8" standalone="no"?><gpx xmlns="http://www.topografix.com/GPX/1/1" xmlns:gpxtpx="http://www.garmin.com/xmlschemas/TrackPointExtension/v1" xmlns:xsi="http://www.w3.org/2001/XMLSchema-instance" creator="Sports Tracker" version="1.1" xsi:schemaLocation="http://www.topografix.com/GPX/1/1 http://www.topografix.com/GPX/1/1/gpx.xsd http://www.garmin.com/xmlschemas/TrackPointExtension/v1 http://www.garmin.com/xmlschemas/TrackPointExtensionv1.xsd"><metadata><name/><desc>+1</desc><author><name>Александр</name></author></metadata><trk><name/><trkseg><trkpt lat="58.058808" lon="38.817017"><ele>104.0</ele><time>2022-05-28T12:47:42Z</time></trkpt><trkpt lat="58.0589" lon="38.816947"><ele>104.0</ele><time>2022-05-28T12:47:51Z</time></trkpt><trkpt lat="58.058822" lon="38.816968"><ele>105.0</ele><time>2022-05-28T12:48:13Z</time></trkpt><trkpt lat="58.058832" lon="38.817108"><ele>104.0</ele><time>2022-05-28T12:48:23Z</time></trkpt><trkpt lat="58.058745" lon="38.817157"><ele>104.0</ele><time>2022-05-28T12:48:25Z</time></trkpt><trkpt lat="58.058597" lon="38.816998"><ele>104.0</ele><time>2022-05-28T12:48:26Z</time></trkpt><trkpt lat="58.058507" lon="38.816955"><ele>105.0</ele><time>2022-05-28T12:48:29Z</time></trkpt><trkpt lat="58.058387" lon="38.816922"><ele>105.0</ele><time>2022-05-28T12:48:32Z</time></trkpt><trkpt lat="58.058293" lon="38.816912"><ele>105.0</ele><time>2022-05-28T12:48:34Z</time></trkpt><trkpt lat="58.058178" lon="38.816882"><ele>104.0</ele><time>2022-05-28T12:48:35Z</time></trkpt><trkpt lat="58.058037" lon="38.8169"><ele>105.0</ele><time>2022-05-28T12:48:37Z</time></trkpt><trkpt lat="58.057913" lon="38.81692"><ele>104.0</ele><time>2022-05-28T12:48:40Z</time></trkpt><trkpt lat="58.057783" lon="38.816908"><ele>104.0</ele><time>2022-05-28T12:48:42Z</time></trkpt><trkpt lat="58.05765" lon="38.81685"><ele>105.0</ele><time>2022-05-28T12:48:44Z</time></trkpt><trkpt lat="58.05752" lon="38.816782"><ele>105.0</ele><time>2022-05-28T12:48:45Z</time></trkpt><trkpt lat="58.057408" lon="38.816765"><ele>105.0</ele><time>2022-05-28T12:48:48Z</time></trkpt><trkpt lat="58.057307" lon="38.816748"><ele>106.0</ele><time>2022-05-28T12:48:50Z</time></trkpt><trkpt lat="58.057237" lon="38.816717"><ele>105.0</ele><time>2022-05-28T12:48:52Z</time></trkpt><trkpt lat="58.057163" lon="38.816702"><ele>105.0</ele><time>2022-05-28T12:48:53Z</time></trkpt><trkpt lat="58.057045" lon="38.816682"><ele>105.0</ele><time>2022-05-28T12:48:55Z</time></trkpt><trkpt lat="58.056933" lon="38.816725"><ele>105.0</ele><time>2022-05-28T12:48:57Z</time></trkpt><trkpt lat="58.056847" lon="38.816803"><ele>105.0</ele><time>2022-05-28T12:48:57Z</time></trkpt><trkpt lat="58.056878" lon="38.816662"><ele>105.0</ele><time>2022-05-28T12:48:58Z</time></trkpt><trkpt lat="58.056777" lon="38.816652"><ele>105.0</ele><time>2022-05-28T12:49:00Z</time></trkpt><trkpt lat="58.056707" lon="38.816585"><ele>104.0</ele><time>2022-05-28T12:49:03Z</time></trkpt><trkpt lat="58.056627" lon="38.816603"><ele>104.0</ele><time>2022-05-28T12:49:06Z</time></trkpt><trkpt lat="58.05652" lon="38.816625"><ele>104.0</ele><time>2022-05-28T12:49:08Z</time></trkpt><trkpt lat="58.056442" lon="38.81661"><ele>104.0</ele><time>2022-05-28T12:49:10Z</time></trkpt><trkpt lat="58.056357" lon="38.816585"><ele>103.0</ele><time>2022-05-28T12:49:13Z</time></trkpt><trkpt lat="58.056255" lon="38.816457"><ele>103.0</ele><time>2022-05-28T12:49:15Z</time></trkpt><trkpt lat="58.05616" lon="38.816412"><ele>102.0</ele><time>2022-05-28T12:49:17Z</time></trkpt><trkpt lat="58.056027" lon="38.816403"><ele>102.0</ele><time>2022-05-28T12:49:19Z</time></trkpt><trkpt lat="58.05593" lon="38.8163"><ele>101.0</ele><time>2022-05-28T12:49:21Z</time></trkpt><trkpt lat="58.055798" lon="38.816295"><ele>101.0</ele><time>2022-05-28T12:49:22Z</time></trkpt><trkpt lat="58.055677" lon="38.816263"><ele>100.0</ele><time>2022-05-28T12:49:25Z</time></trkpt><trkpt lat="58.055558" lon="38.816242"><ele>100.0</ele><time>2022-05-28T12:49:27Z</time></trkpt><trkpt lat="58.055453" lon="38.81623"><ele>100.0</ele><time>2022-05-28T12:49:29Z</time></trkpt><trkpt lat="58.055355" lon="38.81622"><ele>100.0</ele><time>2022-05-28T12:49:32Z</time></trkpt><trkpt lat="58.055282" lon="38.816227"><ele>98.0</ele><time>2022-05-28T12:50:47Z</time></trkpt><trkpt lat="58.055193" lon="38.816215"><ele>98.0</ele><time>2022-05-28T12:50:50Z</time></trkpt><trkpt lat="58.05511" lon="38.816193"><ele>98.0</ele><time>2022-05-28T12:50:52Z</time></trkpt><trkpt lat="58.055032" lon="38.816133"><ele>99.0</ele><time>2022-05-28T12:50:54Z</time></trkpt><trkpt lat="58.055018" lon="38.815928"><ele>99.0</ele><time>2022-05-28T12:50:57Z</time></trkpt><trkpt lat="58.055038" lon="38.815745"><ele>99.0</ele><time>2022-05-28T12:50:59Z</time></trkpt><trkpt lat="58.055058" lon="38.815528"><ele>99.0</ele><time>2022-05-28T12:51:01Z</time></trkpt><trkpt lat="58.055068" lon="38.815327"><ele>100.0</ele><time>2022-05-28T12:51:03Z</time></trkpt><trkpt lat="58.055087" lon="38.815123"><ele>100.0</ele><time>2022-05-28T12:51:05Z</time></trkpt><trkpt lat="58.055105" lon="38.814913"><ele>100.0</ele><time>2022-05-28T12:51:07Z</time></trkpt><trkpt lat="58.055113" lon="38.814702"><ele>100.0</ele><time>2022-05-28T12:51:09Z</time></trkpt><trkpt lat="58.05513" lon="38.814485"><ele>100.0</ele><time>2022-05-28T12:51:11Z</time></trkpt><trkpt lat="58.05516" lon="38.81426"><ele>100.0</ele><time>2022-05-28T12:51:13Z</time></trkpt><trkpt lat="58.055175" lon="38.81402"><ele>100.0</ele><time>2022-05-28T12:51:15Z</time></trkpt><trkpt lat="58.055192" lon="38.813807"><ele>100.0</ele><time>2022-05-28T12:51:17Z</time></trkpt><trkpt lat="58.055203" lon="38.813567"><ele>101.0</ele><time>2022-05-28T12:51:19Z</time></trkpt><trkpt lat="58.055213" lon="38.813382"><ele>101.0</ele><time>2022-05-28T12:51:21Z</time></trkpt><trkpt lat="58.055223" lon="38.813193"><ele>102.0</ele><time>2022-05-28T12:51:23Z</time></trkpt><trkpt lat="58.055225" lon="38.81301"><ele>102.0</ele><time>2022-05-28T12:51:25Z</time></trkpt><trkpt lat="58.055238" lon="38.812843"><ele>102.0</ele><time>2022-05-28T12:51:27Z</time></trkpt><trkpt lat="58.055247" lon="38.812643"><ele>102.0</ele><time>2022-05-28T12:51:29Z</time></trkpt><trkpt lat="58.05526" lon="38.812473"><ele>102.0</ele><time>2022-05-28T12:51:31Z</time></trkpt><trkpt lat="58.055268" lon="38.812303"><ele>101.0</ele><time>2022-05-28T12:51:33Z</time></trkpt><trkpt lat="58.055267" lon="38.812145"><ele>101.0</ele><time>2022-05-28T12:51:34Z</time></trkpt><trkpt lat="58.055252" lon="38.812003"><ele>101.0</ele><time>2022-05-28T12:51:37Z</time></trkpt><trkpt lat="58.055283" lon="38.811803"><ele>101.0</ele><time>2022-05-28T12:51:40Z</time></trkpt><trkpt lat="58.055303" lon="38.811643"><ele>102.0</ele><time>2022-05-28T12:51:42Z</time></trkpt><trkpt lat="58.055308" lon="38.811472"><ele>102.0</ele><time>2022-05-28T12:51:44Z</time></trkpt><trkpt lat="58.055323" lon="38.81129"><ele>102.0</ele><time>2022-05-28T12:51:46Z</time></trkpt><trkpt lat="58.055333" lon="38.811113"><ele>102.0</ele><time>2022-05-28T12:51:48Z</time></trkpt><trkpt lat="58.05535" lon="38.810955"><ele>102.0</ele><time>2022-05-28T12:51:50Z</time></trkpt><trkpt lat="58.055368" lon="38.810815"><ele>102.0</ele><time>2022-05-28T12:51:52Z</time></trkpt><trkpt lat="58.055387" lon="38.81067"><ele>103.0</ele><time>2022-05-28T12:51:54Z</time></trkpt><trkpt lat="58.055392" lon="38.81048"><ele>103.0</ele><time>2022-05-28T12:51:56Z</time></trkpt><trkpt lat="58.055402" lon="38.8103"><ele>103.0</ele><time>2022-05-28T12:51:58Z</time></trkpt><trkpt lat="58.055418" lon="38.810127"><ele>103.0</ele><time>2022-05-28T12:52:00Z</time></trkpt><trkpt lat="58.055422" lon="38.809972"><ele>103.0</ele><time>2022-05-28T12:52:02Z</time></trkpt><trkpt lat="58.055425" lon="38.809793"><ele>103.0</ele><time>2022-05-28T12:52:04Z</time></trkpt><trkpt lat="58.055433" lon="38.809612"><ele>103.0</ele><time>2022-05-28T12:52:06Z</time></trkpt><trkpt lat="58.055445" lon="38.809405"><ele>103.0</ele><time>2022-05-28T12:52:08Z</time></trkpt><trkpt lat="58.055465" lon="38.809203"><ele>103.0</ele><time>2022-05-28T12:52:10Z</time></trkpt><trkpt lat="58.055482" lon="38.809057"><ele>103.0</ele><time>2022-05-28T12:52:12Z</time></trkpt><trkpt lat="58.055488" lon="38.808903"><ele>103.0</ele><time>2022-05-28T12:52:14Z</time></trkpt><trkpt lat="58.0555" lon="38.808762"><ele>103.0</ele><time>2022-05-28T12:52:16Z</time></trkpt><trkpt lat="58.055515" lon="38.808598"><ele>103.0</ele><time>2022-05-28T12:52:18Z</time></trkpt><trkpt lat="58.055532" lon="38.80846"><ele>103.0</ele><time>2022-05-28T12:52:19Z</time></trkpt><trkpt lat="58.055542" lon="38.808303"><ele>103.0</ele><time>2022-05-28T12:52:22Z</time></trkpt><trkpt lat="58.055545" lon="38.808113"><ele>102.0</ele><time>2022-05-28T12:52:24Z</time></trkpt><trkpt lat="58.055558" lon="38.80794"><ele>102.0</ele><time>2022-05-28T12:52:25Z</time></trkpt><trkpt lat="58.055563" lon="38.807755"><ele>103.0</ele><time>2022-05-28T12:52:28Z</time></trkpt><trkpt lat="58.055578" lon="38.807597"><ele>103.0</ele><time>2022-05-28T12:52:30Z</time></trkpt><trkpt lat="58.055592" lon="38.807407"><ele>104.0</ele><time>2022-05-28T12:52:33Z</time></trkpt><trkpt lat="58.055603" lon="38.807257"><ele>104.0</ele><time>2022-05-28T12:52:36Z</time></trkpt><trkpt lat="58.055608" lon="38.807113"><ele>104.0</ele><time>2022-05-28T12:52:38Z</time></trkpt><trkpt lat="58.055618" lon="38.806962"><ele>104.0</ele><time>2022-05-28T12:52:40Z</time></trkpt><trkpt lat="58.055625" lon="38.806822"><ele>105.0</ele><time>2022-05-28T12:52:42Z</time></trkpt><trkpt lat="58.055652" lon="38.806635"><ele>105.0</ele><time>2022-05-28T12:52:45Z</time></trkpt><trkpt lat="58.055677" lon="38.806503"><ele>105.0</ele><time>2022-05-28T12:52:47Z</time></trkpt><trkpt lat="58.055693" lon="38.80637"><ele>105.0</ele><time>2022-05-28T12:52:49Z</time></trkpt><trkpt lat="58.055707" lon="38.806225"><ele>104.0</ele><time>2022-05-28T12:52:51Z</time></trkpt><trkpt lat="58.055705" lon="38.806017"><ele>104.0</ele><time>2022-05-28T12:52:53Z</time></trkpt><trkpt lat="58.055728" lon="38.805815"><ele>104.0</ele><time>2022-05-28T12:52:55Z</time></trkpt><trkpt lat="58.055733" lon="38.805667"><ele>104.0</ele><time>2022-05-28T12:52:55Z</time></trkpt><trkpt lat="58.055755" lon="38.805442"><ele>104.0</ele><time>2022-05-28T12:52:59Z</time></trkpt><trkpt lat="58.055752" lon="38.805272"><ele>104.0</ele><time>2022-05-28T12:53:01Z</time></trkpt><trkpt lat="58.055742" lon="38.805093"><ele>104.0</ele><time>2022-05-28T12:53:02Z</time></trkpt><trkpt lat="58.05576" lon="38.804948"><ele>105.0</ele><time>2022-05-28T12:53:04Z</time></trkpt><trkpt lat="58.05579" lon="38.804795"><ele>105.0</ele><time>2022-05-28T12:53:06Z</time></trkpt><trkpt lat="58.05581" lon="38.804602"><ele>105.0</ele><time>2022-05-28T12:53:09Z</time></trkpt><trkpt lat="58.055813" lon="38.804413"><ele>105.0</ele><time>2022-05-28T12:53:11Z</time></trkpt><trkpt lat="58.055815" lon="38.804217"><ele>104.0</ele><time>2022-05-28T12:53:13Z</time></trkpt><trkpt lat="58.05583" lon="38.804047"><ele>105.0</ele><time>2022-05-28T12:53:15Z</time></trkpt><trkpt lat="58.05584" lon="38.803875"><ele>105.0</ele><time>2022-05-28T12:53:17Z</time></trkpt><trkpt lat="58.055862" lon="38.8037"><ele>106.0</ele><time>2022-05-28T12:53:19Z</time></trkpt><trkpt lat="58.055867" lon="38.803522"><ele>106.0</ele><time>2022-05-28T12:53:21Z</time></trkpt><trkpt lat="58.05588" lon="38.803357"><ele>106.0</ele><time>2022-05-28T12:53:23Z</time></trkpt><trkpt lat="58.055882" lon="38.803155"><ele>106.0</ele><time>2022-05-28T12:53:25Z</time></trkpt><trkpt lat="58.055878" lon="38.802973"><ele>106.0</ele><time>2022-05-28T12:53:27Z</time></trkpt><trkpt lat="58.055887" lon="38.802823"><ele>106.0</ele><time>2022-05-28T12:53:29Z</time></trkpt><trkpt lat="58.055902" lon="38.802683"><ele>106.0</ele><time>2022-05-28T12:53:31Z</time></trkpt><trkpt lat="58.055932" lon="38.802527"><ele>107.0</ele><time>2022-05-28T12:53:33Z</time></trkpt><trkpt lat="58.05592" lon="38.802367"><ele>106.0</ele><time>2022-05-28T12:53:35Z</time></trkpt><trkpt lat="58.055932" lon="38.802195"><ele>105.0</ele><time>2022-05-28T12:53:37Z</time></trkpt><trkpt lat="58.055948" lon="38.802045"><ele>105.0</ele><time>2022-05-28T12:53:38Z</time></trkpt><trkpt lat="58.05596" lon="38.801908"><ele>105.0</ele><time>2022-05-28T12:53:40Z</time></trkpt><trkpt lat="58.055973" lon="38.801773"><ele>104.0</ele><time>2022-05-28T12:53:43Z</time></trkpt><trkpt lat="58.055995" lon="38.801613"><ele>104.0</ele><time>2022-05-28T12:53:45Z</time></trkpt><trkpt lat="58.056017" lon="38.801423"><ele>104.0</ele><time>2022-05-28T12:53:47Z</time></trkpt><trkpt lat="58.056027" lon="38.80124"><ele>104.0</ele><time>2022-05-28T12:53:49Z</time></trkpt><trkpt lat="58.056035" lon="38.801048"><ele>104.0</ele><time>2022-05-28T12:53:51Z</time></trkpt><trkpt lat="58.05606" lon="38.80089"><ele>104.0</ele><time>2022-05-28T12:53:53Z</time></trkpt><trkpt lat="58.05607" lon="38.800717"><ele>104.0</ele><time>2022-05-28T12:53:55Z</time></trkpt><trkpt lat="58.056092" lon="38.800573"><ele>105.0</ele><time>2022-05-28T12:53:57Z</time></trkpt><trkpt lat="58.056113" lon="38.800435"><ele>105.0</ele><time>2022-05-28T12:53:59Z</time></trkpt><trkpt lat="58.056122" lon="38.800288"><ele>105.0</ele><time>2022-05-28T12:54:01Z</time></trkpt><trkpt lat="58.05612" lon="38.800115"><ele>106.0</ele><time>2022-05-28T12:54:03Z</time></trkpt><trkpt lat="58.05613" lon="38.799928"><ele>106.0</ele><time>2022-05-28T12:54:05Z</time></trkpt><trkpt lat="58.056145" lon="38.799773"><ele>107.0</ele><time>2022-05-28T12:54:07Z</time></trkpt><trkpt lat="58.056162" lon="38.799627"><ele>107.0</ele><time>2022-05-28T12:54:09Z</time></trkpt><trkpt lat="58.056177" lon="38.799472"><ele>107.0</ele><time>2022-05-28T12:54:11Z</time></trkpt><trkpt lat="58.05619" lon="38.799325"><ele>108.0</ele><time>2022-05-28T12:54:13Z</time></trkpt><trkpt lat="58.05621" lon="38.79917"><ele>108.0</ele><time>2022-05-28T12:54:15Z</time></trkpt><trkpt lat="58.056205" lon="38.798977"><ele>107.0</ele><time>2022-05-28T12:54:17Z</time></trkpt><trkpt lat="58.056213" lon="38.798777"><ele>108.0</ele><time>2022-05-28T12:54:19Z</time></trkpt><trkpt lat="58.05623" lon="38.79858"><ele>108.0</ele><time>2022-05-28T12:54:21Z</time></trkpt><trkpt lat="58.056245" lon="38.798403"><ele>108.0</ele><time>2022-05-28T12:54:23Z</time></trkpt><trkpt lat="58.056257" lon="38.798223"><ele>108.0</ele><time>2022-05-28T12:54:25Z</time></trkpt><trkpt lat="58.056257" lon="38.798048"><ele>107.0</ele><time>2022-05-28T12:54:27Z</time></trkpt><trkpt lat="58.05625" lon="38.797837"><ele>106.0</ele><time>2022-05-28T12:54:29Z</time></trkpt><trkpt lat="58.056225" lon="38.797582"><ele>106.0</ele><time>2022-05-28T12:54:31Z</time></trkpt><trkpt lat="58.056258" lon="38.797353"><ele>106.0</ele><time>2022-05-28T12:54:34Z</time></trkpt><trkpt lat="58.056285" lon="38.797197"><ele>106.0</ele><time>2022-05-28T12:54:36Z</time></trkpt><trkpt lat="58.056277" lon="38.796985"><ele>105.0</ele><time>2022-05-28T12:54:38Z</time></trkpt><trkpt lat="58.056275" lon="38.796795"><ele>106.0</ele><time>2022-05-28T12:54:40Z</time></trkpt><trkpt lat="58.056277" lon="38.796632"><ele>106.0</ele><time>2022-05-28T12:54:42Z</time></trkpt><trkpt lat="58.056292" lon="38.79648"><ele>105.0</ele><time>2022-05-28T12:54:44Z</time></trkpt><trkpt lat="58.05631" lon="38.796307"><ele>106.0</ele><time>2022-05-28T12:54:46Z</time></trkpt><trkpt lat="58.056328" lon="38.796098"><ele>107.0</ele><time>2022-05-28T12:54:48Z</time></trkpt><trkpt lat="58.056332" lon="38.795888"><ele>107.0</ele><time>2022-05-28T12:54:50Z</time></trkpt><trkpt lat="58.056342" lon="38.79571"><ele>108.0</ele><time>2022-05-28T12:54:52Z</time></trkpt><trkpt lat="58.056357" lon="38.795518"><ele>108.0</ele><time>2022-05-28T12:54:54Z</time></trkpt><trkpt lat="58.05638" lon="38.795307"><ele>109.0</ele><time>2022-05-28T12:54:56Z</time></trkpt><trkpt lat="58.056382" lon="38.795152"><ele>109.0</ele><time>2022-05-28T12:54:57Z</time></trkpt><trkpt lat="58.056403" lon="38.794965"><ele>109.0</ele><time>2022-05-28T12:54:59Z</time></trkpt><trkpt lat="58.056433" lon="38.794773"><ele>111.0</ele><time>2022-05-28T12:55:01Z</time></trkpt><trkpt lat="58.056425" lon="38.794567"><ele>110.0</ele><time>2022-05-28T12:55:03Z</time></trkpt><trkpt lat="58.056453" lon="38.794397"><ele>109.0</ele><time>2022-05-28T12:55:05Z</time></trkpt><trkpt lat="58.05648" lon="38.794208"><ele>109.0</ele><time>2022-05-28T12:55:07Z</time></trkpt><trkpt lat="58.056503" lon="38.79403"><ele>110.0</ele><time>2022-05-28T12:55:09Z</time></trkpt><trkpt lat="58.05652" lon="38.79384"><ele>110.0</ele><time>2022-05-28T12:55:11Z</time></trkpt><trkpt lat="58.056517" lon="38.793648"><ele>109.0</ele><time>2022-05-28T12:55:13Z</time></trkpt><trkpt lat="58.056533" lon="38.793428"><ele>107.0</ele><time>2022-05-28T12:55:15Z</time></trkpt><trkpt lat="58.05655" lon="38.79324"><ele>109.0</ele><time>2022-05-28T12:55:17Z</time></trkpt><trkpt lat="58.056557" lon="38.793048"><ele>108.0</ele><time>2022-05-28T12:55:19Z</time></trkpt><trkpt lat="58.05658" lon="38.792888"><ele>106.0</ele><time>2022-05-28T12:55:21Z</time></trkpt><trkpt lat="58.05659" lon="38.7927"><ele>106.0</ele><time>2022-05-28T12:55:23Z</time></trkpt><trkpt lat="58.056598" lon="38.792502"><ele>105.0</ele><time>2022-05-28T12:55:25Z</time></trkpt><trkpt lat="58.056615" lon="38.792325"><ele>105.0</ele><time>2022-05-28T12:55:27Z</time></trkpt><trkpt lat="58.056617" lon="38.79212"><ele>104.0</ele><time>2022-05-28T12:55:29Z</time></trkpt><trkpt lat="58.056607" lon="38.791967"><ele>104.0</ele><time>2022-05-28T12:55:31Z</time></trkpt><trkpt lat="58.056628" lon="38.791805"><ele>104.0</ele><time>2022-05-28T12:55:33Z</time></trkpt><trkpt lat="58.056648" lon="38.791653"><ele>103.0</ele><time>2022-05-28T12:55:35Z</time></trkpt><trkpt lat="58.056655" lon="38.79146"><ele>104.0</ele><time>2022-05-28T12:55:37Z</time></trkpt><trkpt lat="58.056662" lon="38.791263"><ele>104.0</ele><time>2022-05-28T12:55:39Z</time></trkpt><trkpt lat="58.05667" lon="38.791055"><ele>104.0</ele><time>2022-05-28T12:55:41Z</time></trkpt><trkpt lat="58.05668" lon="38.790877"><ele>103.0</ele><time>2022-05-28T12:55:44Z</time></trkpt><trkpt lat="58.056708" lon="38.790733"><ele>103.0</ele><time>2022-05-28T12:55:46Z</time></trkpt><trkpt lat="58.056722" lon="38.790532"><ele>102.0</ele><time>2022-05-28T12:55:48Z</time></trkpt><trkpt lat="58.05673" lon="38.790357"><ele>102.0</ele><time>2022-05-28T12:55:50Z</time></trkpt><trkpt lat="58.056747" lon="38.790188"><ele>102.0</ele><time>2022-05-28T12:55:52Z</time></trkpt><trkpt lat="58.056745" lon="38.79003"><ele>103.0</ele><time>2022-05-28T12:55:54Z</time></trkpt><trkpt lat="58.05677" lon="38.789892"><ele>103.0</ele><time>2022-05-28T12:55:56Z</time></trkpt><trkpt lat="58.056768" lon="38.789725"><ele>103.0</ele><time>2022-05-28T12:55:58Z</time></trkpt><trkpt lat="58.056753" lon="38.789577"><ele>104.0</ele><time>2022-05-28T12:56:00Z</time></trkpt><trkpt lat="58.056795" lon="38.7894"><ele>102.0</ele><time>2022-05-28T12:56:03Z</time></trkpt><trkpt lat="58.056812" lon="38.789265"><ele>103.0</ele><time>2022-05-28T12:56:05Z</time></trkpt><trkpt lat="58.056828" lon="38.789072"><ele>103.0</ele><time>2022-05-28T12:56:08Z</time></trkpt><trkpt lat="58.056827" lon="38.78893"><ele>104.0</ele><time>2022-05-28T12:56:11Z</time></trkpt><trkpt lat="58.056808" lon="38.788785"><ele>102.0</ele><time>2022-05-28T12:56:27Z</time></trkpt><trkpt lat="58.056838" lon="38.788632"><ele>102.0</ele><time>2022-05-28T12:56:30Z</time></trkpt><trkpt lat="58.056877" lon="38.788443"><ele>102.0</ele><time>2022-05-28T12:56:33Z</time></trkpt><trkpt lat="58.056885" lon="38.788243"><ele>103.0</ele><time>2022-05-28T12:56:36Z</time></trkpt><trkpt lat="58.056872" lon="38.788048"><ele>102.0</ele><time>2022-05-28T12:56:38Z</time></trkpt><trkpt lat="58.05689" lon="38.787887"><ele>104.0</ele><time>2022-05-28T12:56:40Z</time></trkpt><trkpt lat="58.056915" lon="38.787732"><ele>103.0</ele><time>2022-05-28T12:56:42Z</time></trkpt><trkpt lat="58.056907" lon="38.787533"><ele>102.0</ele><time>2022-05-28T12:56:44Z</time></trkpt><trkpt lat="58.056908" lon="38.787338"><ele>103.0</ele><time>2022-05-28T12:56:46Z</time></trkpt><trkpt lat="58.056927" lon="38.787158"><ele>102.0</ele><time>2022-05-28T12:56:48Z</time></trkpt><trkpt lat="58.056957" lon="38.786958"><ele>102.0</ele><time>2022-05-28T12:56:50Z</time></trkpt><trkpt lat="58.056978" lon="38.786757"><ele>102.0</ele><time>2022-05-28T12:56:52Z</time></trkpt><trkpt lat="58.057" lon="38.786587"><ele>102.0</ele><time>2022-05-28T12:56:54Z</time></trkpt><trkpt lat="58.057035" lon="38.786442"><ele>103.0</ele><time>2022-05-28T12:56:56Z</time></trkpt><trkpt lat="58.057057" lon="38.78626"><ele>103.0</ele><time>2022-05-28T12:56:58Z</time></trkpt><trkpt lat="58.057028" lon="38.786062"><ele>103.0</ele><time>2022-05-28T12:57:00Z</time></trkpt><trkpt lat="58.05706" lon="38.785917"><ele>103.0</ele><time>2022-05-28T12:57:02Z</time></trkpt><trkpt lat="58.057055" lon="38.785773"><ele>102.0</ele><time>2022-05-28T12:57:04Z</time></trkpt><trkpt lat="58.057063" lon="38.785627"><ele>101.0</ele><time>2022-05-28T12:57:06Z</time></trkpt><trkpt lat="58.057062" lon="38.78547"><ele>101.0</ele><time>2022-05-28T12:57:08Z</time></trkpt><trkpt lat="58.057032" lon="38.785342"><ele>101.0</ele><time>2022-05-28T12:57:10Z</time></trkpt><trkpt lat="58.057033" lon="38.785193"><ele>101.0</ele><time>2022-05-28T12:57:13Z</time></trkpt><trkpt lat="58.057018" lon="38.785055"><ele>103.0</ele><time>2022-05-28T12:57:34Z</time></trkpt><trkpt lat="58.057082" lon="38.784942"><ele>103.0</ele><time>2022-05-28T12:57:38Z</time></trkpt><trkpt lat="58.057105" lon="38.784813"><ele>103.0</ele><time>2022-05-28T12:57:40Z</time></trkpt><trkpt lat="58.057148" lon="38.784628"><ele>102.0</ele><time>2022-05-28T12:57:42Z</time></trkpt><trkpt lat="58.057215" lon="38.784447"><ele>102.0</ele><time>2022-05-28T12:57:44Z</time></trkpt><trkpt lat="58.057285" lon="38.784275"><ele>102.0</ele><time>2022-05-28T12:57:46Z</time></trkpt><trkpt lat="58.057338" lon="38.784093"><ele>102.0</ele><time>2022-05-28T12:57:48Z</time></trkpt><trkpt lat="58.057383" lon="38.783893"><ele>102.0</ele><time>2022-05-28T12:57:50Z</time></trkpt><trkpt lat="58.057397" lon="38.783745"><ele>102.0</ele><time>2022-05-28T12:57:51Z</time></trkpt><trkpt lat="58.057463" lon="38.783635"><ele>102.0</ele><time>2022-05-28T12:57:53Z</time></trkpt><trkpt lat="58.05748" lon="38.783478"><ele>104.0</ele><time>2022-05-28T12:57:55Z</time></trkpt><trkpt lat="58.057498" lon="38.783337"><ele>104.0</ele><time>2022-05-28T12:57:57Z</time></trkpt><trkpt lat="58.05752" lon="38.783183"><ele>103.0</ele><time>2022-05-28T12:58:00Z</time></trkpt><trkpt lat="58.057523" lon="38.783028"><ele>103.0</ele><time>2022-05-28T12:58:02Z</time></trkpt><trkpt lat="58.057552" lon="38.782833"><ele>103.0</ele><time>2022-05-28T12:58:05Z</time></trkpt><trkpt lat="58.057577" lon="38.782687"><ele>102.0</ele><time>2022-05-28T12:58:07Z</time></trkpt><trkpt lat="58.057602" lon="38.782553"><ele>103.0</ele><time>2022-05-28T12:58:09Z</time></trkpt><trkpt lat="58.057642" lon="38.782385"><ele>104.0</ele><time>2022-05-28T12:58:12Z</time></trkpt><trkpt lat="58.057693" lon="38.782213"><ele>104.0</ele><time>2022-05-28T12:58:15Z</time></trkpt><trkpt lat="58.057723" lon="38.782032"><ele>104.0</ele><time>2022-05-28T12:58:18Z</time></trkpt><trkpt lat="58.057718" lon="38.781838"><ele>101.0</ele><time>2022-05-28T12:58:21Z</time></trkpt><trkpt lat="58.057727" lon="38.781648"><ele>102.0</ele><time>2022-05-28T12:58:24Z</time></trkpt><trkpt lat="58.057743" lon="38.781457"><ele>101.0</ele><time>2022-05-28T12:58:27Z</time></trkpt><trkpt lat="58.057775" lon="38.781315"><ele>102.0</ele><time>2022-05-28T12:58:30Z</time></trkpt><trkpt lat="58.057822" lon="38.781153"><ele>102.0</ele><time>2022-05-28T12:58:33Z</time></trkpt><trkpt lat="58.057847" lon="38.78098"><ele>101.0</ele><time>2022-05-28T12:58:36Z</time></trkpt><trkpt lat="58.057878" lon="38.78085"><ele>101.0</ele><time>2022-05-28T12:58:38Z</time></trkpt><trkpt lat="58.057923" lon="38.780725"><ele>101.0</ele><time>2022-05-28T12:58:40Z</time></trkpt><trkpt lat="58.057967" lon="38.780607"><ele>101.0</ele><time>2022-05-28T12:58:42Z</time></trkpt><trkpt lat="58.058013" lon="38.780487"><ele>102.0</ele><time>2022-05-28T12:58:44Z</time></trkpt><trkpt lat="58.058077" lon="38.780327"><ele>103.0</ele><time>2022-05-28T12:58:47Z</time></trkpt><trkpt lat="58.05812" lon="38.780213"><ele>103.0</ele><time>2022-05-28T12:58:49Z</time></trkpt><trkpt lat="58.058167" lon="38.780105"><ele>103.0</ele><time>2022-05-28T12:58:51Z</time></trkpt><trkpt lat="58.058212" lon="38.779997"><ele>104.0</ele><time>2022-05-28T12:58:53Z</time></trkpt><trkpt lat="58.058265" lon="38.779828"><ele>103.0</ele><time>2022-05-28T12:58:56Z</time></trkpt><trkpt lat="58.058302" lon="38.779658"><ele>102.0</ele><time>2022-05-28T12:58:59Z</time></trkpt><trkpt lat="58.058332" lon="38.7795"><ele>103.0</ele><time>2022-05-28T12:59:02Z</time></trkpt><trkpt lat="58.058405" lon="38.779352"><ele>103.0</ele><time>2022-05-28T12:59:05Z</time></trkpt><trkpt lat="58.058463" lon="38.779263"><ele>103.0</ele><time>2022-05-28T12:59:07Z</time></trkpt><trkpt lat="58.058513" lon="38.779147"><ele>102.0</ele><time>2022-05-28T12:59:09Z</time></trkpt><trkpt lat="58.058565" lon="38.779022"><ele>103.0</ele><time>2022-05-28T12:59:11Z</time></trkpt><trkpt lat="58.058608" lon="38.778905"><ele>104.0</ele><time>2022-05-28T12:59:13Z</time></trkpt><trkpt lat="58.05866" lon="38.778732"><ele>105.0</ele><time>2022-05-28T12:59:16Z</time></trkpt><trkpt lat="58.058707" lon="38.778573"><ele>105.0</ele><time>2022-05-28T12:59:19Z</time></trkpt><trkpt lat="58.058755" lon="38.77841"><ele>105.0</ele><time>2022-05-28T12:59:22Z</time></trkpt><trkpt lat="58.058822" lon="38.778272"><ele>107.0</ele><time>2022-05-28T12:59:25Z</time></trkpt><trkpt lat="58.058875" lon="38.778123"><ele>107.0</ele><time>2022-05-28T12:59:28Z</time></trkpt><trkpt lat="58.058923" lon="38.77798"><ele>107.0</ele><time>2022-05-28T12:59:31Z</time></trkpt><trkpt lat="58.058968" lon="38.777862"><ele>108.0</ele><time>2022-05-28T12:59:34Z</time></trkpt><trkpt lat="58.058913" lon="38.77796"><ele>108.0</ele><time>2022-05-28T13:03:32Z</time></trkpt><trkpt lat="58.059078" lon="38.777932"><ele>107.0</ele><time>2022-05-28T13:03:50Z</time></trkpt><trkpt lat="58.058968" lon="38.777662"><ele>107.0</ele><time>2022-05-28T13:03:52Z</time></trkpt><trkpt lat="58.059088" lon="38.777763"><ele>107.0</ele><time>2022-05-28T13:04:03Z</time></trkpt><trkpt lat="58.059172" lon="38.777815"><ele>106.0</ele><time>2022-05-28T13:04:10Z</time></trkpt><trkpt lat="58.058992" lon="38.777605"><ele>106.0</ele><time>2022-05-28T13:04:11Z</time></trkpt><trkpt lat="58.05911" lon="38.777828"><ele>106.0</ele><time>2022-05-28T13:04:19Z</time></trkpt><trkpt lat="58.058985" lon="38.777687"><ele>106.0</ele><time>2022-05-28T13:04:28Z</time></trkpt><trkpt lat="58.05887" lon="38.7776"><ele>106.0</ele><time>2022-05-28T13:04:35Z</time></trkpt><trkpt lat="58.059087" lon="38.77789"><ele>106.0</ele><time>2022-05-28T13:04:51Z</time></trkpt><trkpt lat="58.059145" lon="38.778067"><ele>106.0</ele><time>2022-05-28T13:05:12Z</time></trkpt><trkpt lat="58.059043" lon="38.778082"><ele>106.0</ele><time>2022-05-28T13:05:26Z</time></trkpt><trkpt lat="58.05913" lon="38.778015"><ele>107.0</ele><time>2022-05-28T13:06:01Z</time></trkpt><trkpt lat="58.059175" lon="38.777825"><ele>106.0</ele><time>2022-05-28T13:06:41Z</time></trkpt><trkpt lat="58.058965" lon="38.777642"><ele>106.0</ele><time>2022-05-28T13:06:42Z</time></trkpt><trkpt lat="58.059125" lon="38.777735"><ele>106.0</ele><time>2022-05-28T13:06:49Z</time></trkpt><trkpt lat="58.05891" lon="38.777528"><ele>106.0</ele><time>2022-05-28T13:06:50Z</time></trkpt><trkpt lat="58.059108" lon="38.777705"><ele>106.0</ele><time>2022-05-28T13:06:56Z</time></trkpt><trkpt lat="58.05898" lon="38.777585"><ele>106.0</ele><time>2022-05-28T13:06:58Z</time></trkpt><trkpt lat="58.059152" lon="38.777752"><ele>106.0</ele><time>2022-05-28T13:07:04Z</time></trkpt><trkpt lat="58.059007" lon="38.777612"><ele>106.0</ele><time>2022-05-28T13:07:05Z</time></trkpt><trkpt lat="58.059157" lon="38.777765"><ele>106.0</ele><time>2022-05-28T13:07:11Z</time></trkpt><trkpt lat="58.059017" lon="38.777625"><ele>106.0</ele><time>2022-05-28T13:07:13Z</time></trkpt><trkpt lat="58.059152" lon="38.777765"><ele>106.0</ele><time>2022-05-28T13:07:19Z</time></trkpt><trkpt lat="58.059008" lon="38.777618"><ele>106.0</ele><time>2022-05-28T13:07:20Z</time></trkpt><trkpt lat="58.059137" lon="38.777753"><ele>106.0</ele><time>2022-05-28T13:07:27Z</time></trkpt><trkpt lat="58.059005" lon="38.777615"><ele>106.0</ele><time>2022-05-28T13:07:28Z</time></trkpt><trkpt lat="58.059128" lon="38.777747"><ele>106.0</ele><time>2022-05-28T13:07:34Z</time></trkpt><trkpt lat="58.058822" lon="38.777417"><ele>106.0</ele><time>2022-05-28T13:07:42Z</time></trkpt><trkpt lat="58.058947" lon="38.777862"><ele>116.0</ele><time>2022-05-28T13:07:43Z</time></trkpt><trkpt lat="58.058903" lon="38.777998"><ele>109.0</ele><time>2022-05-28T13:08:15Z</time></trkpt><trkpt lat="58.05885" lon="38.77813"><ele>108.0</ele><time>2022-05-28T13:08:20Z</time></trkpt><trkpt lat="58.058808" lon="38.778257"><ele>108.0</ele><time>2022-05-28T13:08:24Z</time></trkpt><trkpt lat="58.058755" lon="38.778398"><ele>108.0</ele><time>2022-05-28T13:08:28Z</time></trkpt><trkpt lat="58.058705" lon="38.778537"><ele>109.0</ele><time>2022-05-28T13:08:31Z</time></trkpt><trkpt lat="58.058662" lon="38.778693"><ele>108.0</ele><time>2022-05-28T13:08:34Z</time></trkpt><trkpt lat="58.058625" lon="38.778822"><ele>108.0</ele><time>2022-05-28T13:08:37Z</time></trkpt><trkpt lat="58.058585" lon="38.77895"><ele>109.0</ele><time>2022-05-28T13:08:41Z</time></trkpt><trkpt lat="58.058543" lon="38.779098"><ele>109.0</ele><time>2022-05-28T13:08:46Z</time></trkpt><trkpt lat="58.058497" lon="38.77922"><ele>108.0</ele><time>2022-05-28T13:08:50Z</time></trkpt><trkpt lat="58.058467" lon="38.77936"><ele>107.0</ele><time>2022-05-28T13:08:55Z</time></trkpt><trkpt lat="58.058455" lon="38.779527"><ele>110.0</ele><time>2022-05-28T13:09:00Z</time></trkpt><trkpt lat="58.05842" lon="38.779653"><ele>108.0</ele><time>2022-05-28T13:09:03Z</time></trkpt><trkpt lat="58.058367" lon="38.779793"><ele>108.0</ele><time>2022-05-28T13:09:07Z</time></trkpt><trkpt lat="58.058327" lon="38.779917"><ele>109.0</ele><time>2022-05-28T13:09:11Z</time></trkpt><trkpt lat="58.0583" lon="38.78006"><ele>109.0</ele><time>2022-05-28T13:09:15Z</time></trkpt><trkpt lat="58.058257" lon="38.780195"><ele>110.0</ele><time>2022-05-28T13:09:18Z</time></trkpt><trkpt lat="58.058215" lon="38.780315"><ele>110.0</ele><time>2022-05-28T13:09:22Z</time></trkpt><trkpt lat="58.058163" lon="38.780428"><ele>110.0</ele><time>2022-05-28T13:09:26Z</time></trkpt><trkpt lat="58.058118" lon="38.780578"><ele>111.0</ele><time>2022-05-28T13:09:31Z</time></trkpt><trkpt lat="58.058087" lon="38.780703"><ele>110.0</ele><time>2022-05-28T13:09:36Z</time></trkpt><trkpt lat="58.058048" lon="38.78083"><ele>109.0</ele><time>2022-05-28T13:09:40Z</time></trkpt><trkpt lat="58.058007" lon="38.780943"><ele>109.0</ele><time>2022-05-28T13:09:43Z</time></trkpt><trkpt lat="58.05796" lon="38.781067"><ele>108.0</ele><time>2022-05-28T13:09:47Z</time></trkpt><trkpt lat="58.057923" lon="38.781187"><ele>108.0</ele><time>2022-05-28T13:09:52Z</time></trkpt><trkpt lat="58.057888" lon="38.781312"><ele>110.0</ele><time>2022-05-28T13:09:56Z</time></trkpt><trkpt lat="58.057833" lon="38.781442"><ele>109.0</ele><time>2022-05-28T13:10:01Z</time></trkpt><trkpt lat="58.057792" lon="38.781558"><ele>110.0</ele><time>2022-05-28T13:10:05Z</time></trkpt><trkpt lat="58.057773" lon="38.781703"><ele>110.0</ele><time>2022-05-28T13:10:10Z</time></trkpt><trkpt lat="58.057768" lon="38.781868"><ele>111.0</ele><time>2022-05-28T13:10:15Z</time></trkpt><trkpt lat="58.057752" lon="38.782025"><ele>112.0</ele><time>2022-05-28T13:10:20Z</time></trkpt><trkpt lat="58.057752" lon="38.782168"><ele>114.0</ele><time>2022-05-28T13:10:25Z</time></trkpt><trkpt lat="58.057743" lon="38.78233"><ele>114.0</ele><time>2022-05-28T13:10:30Z</time></trkpt><trkpt lat="58.057688" lon="38.782453"><ele>113.0</ele><time>2022-05-28T13:10:34Z</time></trkpt><trkpt lat="58.057628" lon="38.782563"><ele>111.0</ele><time>2022-05-28T13:10:38Z</time></trkpt><trkpt lat="58.057593" lon="38.782702"><ele>111.0</ele><time>2022-05-28T13:10:45Z</time></trkpt><trkpt lat="58.057575" lon="38.782862"><ele>110.0</ele><time>2022-05-28T13:10:50Z</time></trkpt><trkpt lat="58.05757" lon="38.78303"><ele>110.0</ele><time>2022-05-28T13:10:54Z</time></trkpt><trkpt lat="58.057555" lon="38.783198"><ele>110.0</ele><time>2022-05-28T13:10:58Z</time></trkpt><trkpt lat="58.05754" lon="38.783335"><ele>109.0</ele><time>2022-05-28T13:11:01Z</time></trkpt><trkpt lat="58.057522" lon="38.783503"><ele>108.0</ele><time>2022-05-28T13:11:05Z</time></trkpt><trkpt lat="58.057512" lon="38.783667"><ele>108.0</ele><time>2022-05-28T13:11:09Z</time></trkpt><trkpt lat="58.057473" lon="38.783782"><ele>108.0</ele><time>2022-05-28T13:11:12Z</time></trkpt><trkpt lat="58.057408" lon="38.783913"><ele>107.0</ele><time>2022-05-28T13:11:16Z</time></trkpt><trkpt lat="58.057348" lon="38.784042"><ele>106.0</ele><time>2022-05-28T13:11:20Z</time></trkpt><trkpt lat="58.057305" lon="38.784198"><ele>105.0</ele><time>2022-05-28T13:11:24Z</time></trkpt><trkpt lat="58.057253" lon="38.78433"><ele>105.0</ele><time>2022-05-28T13:11:28Z</time></trkpt><trkpt lat="58.057202" lon="38.784473"><ele>104.0</ele><time>2022-05-28T13:11:32Z</time></trkpt><trkpt lat="58.057152" lon="38.784598"><ele>104.0</ele><time>2022-05-28T13:11:38Z</time></trkpt><trkpt lat="58.057102" lon="38.784698"><ele>104.0</ele><time>2022-05-28T13:12:35Z</time></trkpt><trkpt lat="58.057068" lon="38.784845"><ele>105.0</ele><time>2022-05-28T13:12:40Z</time></trkpt><trkpt lat="58.057037" lon="38.784978"><ele>104.0</ele><time>2022-05-28T13:12:47Z</time></trkpt><trkpt lat="58.05701" lon="38.785123"><ele>104.0</ele><time>2022-05-28T13:12:55Z</time></trkpt><trkpt lat="58.05703" lon="38.785255"><ele>103.0</ele><time>2022-05-28T13:13:00Z</time></trkpt><trkpt lat="58.057023" lon="38.785407"><ele>102.0</ele><time>2022-05-28T13:13:05Z</time></trkpt><trkpt lat="58.05701" lon="38.785555"><ele>102.0</ele><time>2022-05-28T13:13:09Z</time></trkpt><trkpt lat="58.057005" lon="38.785718"><ele>102.0</ele><time>2022-05-28T13:13:13Z</time></trkpt><trkpt lat="58.056985" lon="38.785883"><ele>102.0</ele><time>2022-05-28T13:13:17Z</time></trkpt><trkpt lat="58.056978" lon="38.786023"><ele>102.0</ele><time>2022-05-28T13:13:20Z</time></trkpt><trkpt lat="58.05697" lon="38.786165"><ele>102.0</ele><time>2022-05-28T13:13:23Z</time></trkpt><trkpt lat="58.056962" lon="38.786313"><ele>103.0</ele><time>2022-05-28T13:13:26Z</time></trkpt><trkpt lat="58.056952" lon="38.786488"><ele>101.0</ele><time>2022-05-28T13:13:30Z</time></trkpt><trkpt lat="58.056947" lon="38.78663"><ele>101.0</ele><time>2022-05-28T13:13:33Z</time></trkpt><trkpt lat="58.056923" lon="38.786812"><ele>100.0</ele><time>2022-05-28T13:13:37Z</time></trkpt><trkpt lat="58.056917" lon="38.786968"><ele>100.0</ele><time>2022-05-28T13:13:40Z</time></trkpt><trkpt lat="58.056915" lon="38.787127"><ele>100.0</ele><time>2022-05-28T13:13:43Z</time></trkpt><trkpt lat="58.056903" lon="38.787275"><ele>100.0</ele><time>2022-05-28T13:13:46Z</time></trkpt><trkpt lat="58.056883" lon="38.787417"><ele>100.0</ele><time>2022-05-28T13:13:49Z</time></trkpt><trkpt lat="58.056865" lon="38.78755"><ele>100.0</ele><time>2022-05-28T13:13:52Z</time></trkpt><trkpt lat="58.05687" lon="38.787707"><ele>100.0</ele><time>2022-05-28T13:13:55Z</time></trkpt><trkpt lat="58.056877" lon="38.787867"><ele>100.0</ele><time>2022-05-28T13:13:58Z</time></trkpt><trkpt lat="58.05688" lon="38.788012"><ele>101.0</ele><time>2022-05-28T13:14:01Z</time></trkpt><trkpt lat="58.05688" lon="38.788152"><ele>100.0</ele><time>2022-05-28T13:14:04Z</time></trkpt><trkpt lat="58.05688" lon="38.788293"><ele>100.0</ele><time>2022-05-28T13:14:07Z</time></trkpt><trkpt lat="58.05687" lon="38.788448"><ele>101.0</ele><time>2022-05-28T13:14:11Z</time></trkpt><trkpt lat="58.05688" lon="38.788627"><ele>103.0</ele><time>2022-05-28T13:15:22Z</time></trkpt><trkpt lat="58.056887" lon="38.788787"><ele>105.0</ele><time>2022-05-28T13:15:27Z</time></trkpt><trkpt lat="58.05685" lon="38.788967"><ele>105.0</ele><time>2022-05-28T13:15:31Z</time></trkpt><trkpt lat="58.056837" lon="38.789118"><ele>103.0</ele><time>2022-05-28T13:15:34Z</time></trkpt><trkpt lat="58.056808" lon="38.789257"><ele>104.0</ele><time>2022-05-28T13:15:38Z</time></trkpt><trkpt lat="58.056752" lon="38.789382"><ele>104.0</ele><time>2022-05-28T13:15:42Z</time></trkpt><trkpt lat="58.056748" lon="38.789525"><ele>103.0</ele><time>2022-05-28T13:15:46Z</time></trkpt><trkpt lat="58.056742" lon="38.789702"><ele>103.0</ele><time>2022-05-28T13:15:50Z</time></trkpt><trkpt lat="58.056733" lon="38.789858"><ele>104.0</ele><time>2022-05-28T13:15:53Z</time></trkpt><trkpt lat="58.056715" lon="38.790015"><ele>103.0</ele><time>2022-05-28T13:15:56Z</time></trkpt><trkpt lat="58.056697" lon="38.790172"><ele>103.0</ele><time>2022-05-28T13:15:59Z</time></trkpt><trkpt lat="58.056672" lon="38.790333"><ele>103.0</ele><time>2022-05-28T13:16:02Z</time></trkpt><trkpt lat="58.056648" lon="38.790487"><ele>104.0</ele><time>2022-05-28T13:16:05Z</time></trkpt><trkpt lat="58.05663" lon="38.790655"><ele>103.0</ele><time>2022-05-28T13:16:08Z</time></trkpt><trkpt lat="58.056615" lon="38.790825"><ele>102.0</ele><time>2022-05-28T13:16:11Z</time></trkpt><trkpt lat="58.056602" lon="38.791003"><ele>102.0</ele><time>2022-05-28T13:16:14Z</time></trkpt><trkpt lat="58.0566" lon="38.791178"><ele>102.0</ele><time>2022-05-28T13:16:17Z</time></trkpt><trkpt lat="58.056605" lon="38.791358"><ele>101.0</ele><time>2022-05-28T13:16:20Z</time></trkpt><trkpt lat="58.056597" lon="38.791543"><ele>101.0</ele><time>2022-05-28T13:16:23Z</time></trkpt><trkpt lat="58.056597" lon="38.791732"><ele>101.0</ele><time>2022-05-28T13:16:26Z</time></trkpt><trkpt lat="58.05659" lon="38.79191"><ele>100.0</ele><time>2022-05-28T13:16:29Z</time></trkpt><trkpt lat="58.056577" lon="38.792087"><ele>100.0</ele><time>2022-05-28T13:16:31Z</time></trkpt><trkpt lat="58.05658" lon="38.792257"><ele>100.0</ele><time>2022-05-28T13:16:34Z</time></trkpt><trkpt lat="58.056565" lon="38.792408"><ele>101.0</ele><time>2022-05-28T13:16:37Z</time></trkpt><trkpt lat="58.056562" lon="38.792562"><ele>102.0</ele><time>2022-05-28T13:16:40Z</time></trkpt><trkpt lat="58.056553" lon="38.792715"><ele>102.0</ele><time>2022-05-28T13:16:43Z</time></trkpt><trkpt lat="58.056547" lon="38.79288"><ele>101.0</ele><time>2022-05-28T13:16:46Z</time></trkpt><trkpt lat="58.056538" lon="38.793032"><ele>102.0</ele><time>2022-05-28T13:16:49Z</time></trkpt><trkpt lat="58.056517" lon="38.793202"><ele>103.0</ele><time>2022-05-28T13:16:53Z</time></trkpt><trkpt lat="58.056505" lon="38.793365"><ele>103.0</ele><time>2022-05-28T13:16:58Z</time></trkpt><trkpt lat="58.056482" lon="38.793525"><ele>102.0</ele><time>2022-05-28T13:17:01Z</time></trkpt><trkpt lat="58.056462" lon="38.793727"><ele>103.0</ele><time>2022-05-28T13:17:04Z</time></trkpt><trkpt lat="58.056453" lon="38.793877"><ele>102.0</ele><time>2022-05-28T13:17:06Z</time></trkpt><trkpt lat="58.056447" lon="38.794075"><ele>104.0</ele><time>2022-05-28T13:17:09Z</time></trkpt><trkpt lat="58.056432" lon="38.794258"><ele>105.0</ele><time>2022-05-28T13:17:12Z</time></trkpt><trkpt lat="58.056415" lon="38.794435"><ele>105.0</ele><time>2022-05-28T13:17:15Z</time></trkpt><trkpt lat="58.056397" lon="38.794603"><ele>105.0</ele><time>2022-05-28T13:17:18Z</time></trkpt><trkpt lat="58.056398" lon="38.794788"><ele>105.0</ele><time>2022-05-28T13:17:21Z</time></trkpt><trkpt lat="58.056402" lon="38.794975"><ele>106.0</ele><time>2022-05-28T13:17:24Z</time></trkpt><trkpt lat="58.05638" lon="38.795153"><ele>105.0</ele><time>2022-05-28T13:17:27Z</time></trkpt><trkpt lat="58.056375" lon="38.79534"><ele>107.0</ele><time>2022-05-28T13:17:30Z</time></trkpt><trkpt lat="58.056363" lon="38.795517"><ele>106.0</ele><time>2022-05-28T13:17:33Z</time></trkpt><trkpt lat="58.056345" lon="38.795675"><ele>105.0</ele><time>2022-05-28T13:17:36Z</time></trkpt><trkpt lat="58.05633" lon="38.795848"><ele>102.0</ele><time>2022-05-28T13:17:39Z</time></trkpt><trkpt lat="58.056308" lon="38.796033"><ele>104.0</ele><time>2022-05-28T13:17:42Z</time></trkpt><trkpt lat="58.056288" lon="38.796212"><ele>103.0</ele><time>2022-05-28T13:17:45Z</time></trkpt><trkpt lat="58.056285" lon="38.796405"><ele>103.0</ele><time>2022-05-28T13:17:48Z</time></trkpt><trkpt lat="58.056282" lon="38.79659"><ele>103.0</ele><time>2022-05-28T13:17:51Z</time></trkpt><trkpt lat="58.056272" lon="38.796775"><ele>103.0</ele><time>2022-05-28T13:17:54Z</time></trkpt><trkpt lat="58.056253" lon="38.796965"><ele>107.0</ele><time>2022-05-28T13:17:57Z</time></trkpt><trkpt lat="58.056223" lon="38.79714"><ele>105.0</ele><time>2022-05-28T13:18:00Z</time></trkpt><trkpt lat="58.056208" lon="38.797327"><ele>103.0</ele><time>2022-05-28T13:18:03Z</time></trkpt><trkpt lat="58.056195" lon="38.797513"><ele>104.0</ele><time>2022-05-28T13:18:06Z</time></trkpt><trkpt lat="58.056195" lon="38.797673"><ele>103.0</ele><time>2022-05-28T13:18:09Z</time></trkpt><trkpt lat="58.056183" lon="38.797858"><ele>103.0</ele><time>2022-05-28T13:18:12Z</time></trkpt><trkpt lat="58.056175" lon="38.798037"><ele>103.0</ele><time>2022-05-28T13:18:15Z</time></trkpt><trkpt lat="58.056157" lon="38.798208"><ele>100.0</ele><time>2022-05-28T13:18:18Z</time></trkpt><trkpt lat="58.05615" lon="38.798377"><ele>100.0</ele><time>2022-05-28T13:18:21Z</time></trkpt><trkpt lat="58.05614" lon="38.798555"><ele>99.0</ele><time>2022-05-28T13:18:24Z</time></trkpt><trkpt lat="58.056133" lon="38.798718"><ele>100.0</ele><time>2022-05-28T13:18:27Z</time></trkpt><trkpt lat="58.056123" lon="38.798887"><ele>101.0</ele><time>2022-05-28T13:18:30Z</time></trkpt><trkpt lat="58.056085" lon="38.799047"><ele>101.0</ele><time>2022-05-28T13:18:33Z</time></trkpt><trkpt lat="58.056052" lon="38.799202"><ele>102.0</ele><time>2022-05-28T13:18:36Z</time></trkpt><trkpt lat="58.056058" lon="38.799378"><ele>100.0</ele><time>2022-05-28T13:18:39Z</time></trkpt><trkpt lat="58.05605" lon="38.799517"><ele>101.0</ele><time>2022-05-28T13:18:42Z</time></trkpt><trkpt lat="58.056038" lon="38.799653"><ele>102.0</ele><time>2022-05-28T13:18:45Z</time></trkpt><trkpt lat="58.056043" lon="38.799828"><ele>101.0</ele><time>2022-05-28T13:18:49Z</time></trkpt><trkpt lat="58.05605" lon="38.799988"><ele>102.0</ele><time>2022-05-28T13:18:52Z</time></trkpt><trkpt lat="58.056048" lon="38.800157"><ele>101.0</ele><time>2022-05-28T13:18:55Z</time></trkpt><trkpt lat="58.056027" lon="38.80031"><ele>99.0</ele><time>2022-05-28T13:18:58Z</time></trkpt><trkpt lat="58.056017" lon="38.800463"><ele>98.0</ele><time>2022-05-28T13:19:01Z</time></trkpt><trkpt lat="58.056015" lon="38.800628"><ele>97.0</ele><time>2022-05-28T13:19:04Z</time></trkpt><trkpt lat="58.05601" lon="38.800768"><ele>97.0</ele><time>2022-05-28T13:19:07Z</time></trkpt><trkpt lat="58.055992" lon="38.800908"><ele>97.0</ele><time>2022-05-28T13:19:10Z</time></trkpt><trkpt lat="58.055975" lon="38.801072"><ele>97.0</ele><time>2022-05-28T13:19:13Z</time></trkpt><trkpt lat="58.055967" lon="38.801247"><ele>99.0</ele><time>2022-05-28T13:19:16Z</time></trkpt><trkpt lat="58.055957" lon="38.801428"><ele>99.0</ele><time>2022-05-28T13:19:19Z</time></trkpt><trkpt lat="58.055943" lon="38.801587"><ele>100.0</ele><time>2022-05-28T13:19:22Z</time></trkpt><trkpt lat="58.055937" lon="38.801743"><ele>99.0</ele><time>2022-05-28T13:19:25Z</time></trkpt><trkpt lat="58.055917" lon="38.801882"><ele>103.0</ele><time>2022-05-28T13:19:28Z</time></trkpt><trkpt lat="58.055887" lon="38.802043"><ele>102.0</ele><time>2022-05-28T13:19:32Z</time></trkpt><trkpt lat="58.055877" lon="38.802205"><ele>102.0</ele><time>2022-05-28T13:19:36Z</time></trkpt><trkpt lat="58.055878" lon="38.80238"><ele>102.0</ele><time>2022-05-28T13:19:40Z</time></trkpt><trkpt lat="58.055873" lon="38.80255"><ele>102.0</ele><time>2022-05-28T13:19:44Z</time></trkpt><trkpt lat="58.055865" lon="38.802687"><ele>102.0</ele><time>2022-05-28T13:19:47Z</time></trkpt><trkpt lat="58.055853" lon="38.802853"><ele>102.0</ele><time>2022-05-28T13:19:51Z</time></trkpt><trkpt lat="58.055847" lon="38.803018"><ele>102.0</ele><time>2022-05-28T13:19:55Z</time></trkpt><trkpt lat="58.055845" lon="38.803192"><ele>101.0</ele><time>2022-05-28T13:19:59Z</time></trkpt><trkpt lat="58.055845" lon="38.80333"><ele>100.0</ele><time>2022-05-28T13:20:02Z</time></trkpt><trkpt lat="58.055842" lon="38.803507"><ele>100.0</ele><time>2022-05-28T13:20:06Z</time></trkpt><trkpt lat="58.055828" lon="38.803685"><ele>101.0</ele><time>2022-05-28T13:20:10Z</time></trkpt><trkpt lat="58.055808" lon="38.803832"><ele>102.0</ele><time>2022-05-28T13:20:13Z</time></trkpt><trkpt lat="58.05579" lon="38.803985"><ele>102.0</ele><time>2022-05-28T13:20:16Z</time></trkpt><trkpt lat="58.055777" lon="38.804145"><ele>103.0</ele><time>2022-05-28T13:20:19Z</time></trkpt><trkpt lat="58.055765" lon="38.804287"><ele>103.0</ele><time>2022-05-28T13:20:22Z</time></trkpt><trkpt lat="58.05576" lon="38.804443"><ele>103.0</ele><time>2022-05-28T13:20:25Z</time></trkpt><trkpt lat="58.055747" lon="38.804618"><ele>103.0</ele><time>2022-05-28T13:20:29Z</time></trkpt><trkpt lat="58.055732" lon="38.804787"><ele>102.0</ele><time>2022-05-28T13:20:33Z</time></trkpt><trkpt lat="58.055728" lon="38.804937"><ele>102.0</ele><time>2022-05-28T13:20:37Z</time></trkpt><trkpt lat="58.055702" lon="38.805102"><ele>103.0</ele><time>2022-05-28T13:20:42Z</time></trkpt><trkpt lat="58.05569" lon="38.805237"><ele>102.0</ele><time>2022-05-28T13:20:49Z</time></trkpt><trkpt lat="58.05569" lon="38.80539"><ele>101.0</ele><time>2022-05-28T13:20:53Z</time></trkpt><trkpt lat="58.055667" lon="38.805547"><ele>100.0</ele><time>2022-05-28T13:20:57Z</time></trkpt><trkpt lat="58.055645" lon="38.805708"><ele>100.0</ele><time>2022-05-28T13:21:01Z</time></trkpt><trkpt lat="58.055628" lon="38.80586"><ele>101.0</ele><time>2022-05-28T13:21:04Z</time></trkpt><trkpt lat="58.055618" lon="38.806012"><ele>102.0</ele><time>2022-05-28T13:21:07Z</time></trkpt><trkpt lat="58.055605" lon="38.806162"><ele>102.0</ele><time>2022-05-28T13:21:10Z</time></trkpt><trkpt lat="58.055605" lon="38.806318"><ele>103.0</ele><time>2022-05-28T13:21:13Z</time></trkpt><trkpt lat="58.055605" lon="38.806463"><ele>103.0</ele><time>2022-05-28T13:21:16Z</time></trkpt><trkpt lat="58.055595" lon="38.806638"><ele>104.0</ele><time>2022-05-28T13:21:20Z</time></trkpt><trkpt lat="58.055568" lon="38.806765"><ele>105.0</ele><time>2022-05-28T13:21:23Z</time></trkpt><trkpt lat="58.055555" lon="38.80692"><ele>105.0</ele><time>2022-05-28T13:21:26Z</time></trkpt><trkpt lat="58.05556" lon="38.807077"><ele>104.0</ele><time>2022-05-28T13:21:29Z</time></trkpt><trkpt lat="58.055543" lon="38.807253"><ele>104.0</ele><time>2022-05-28T13:21:32Z</time></trkpt><trkpt lat="58.05553" lon="38.807437"><ele>103.0</ele><time>2022-05-28T13:21:35Z</time></trkpt><trkpt lat="58.05552" lon="38.80761"><ele>103.0</ele><time>2022-05-28T13:21:38Z</time></trkpt><trkpt lat="58.055525" lon="38.8078"><ele>103.0</ele><time>2022-05-28T13:21:41Z</time></trkpt><trkpt lat="58.055515" lon="38.807975"><ele>103.0</ele><time>2022-05-28T13:21:44Z</time></trkpt><trkpt lat="58.055498" lon="38.808125"><ele>101.0</ele><time>2022-05-28T13:21:47Z</time></trkpt><trkpt lat="58.055467" lon="38.808255"><ele>99.0</ele><time>2022-05-28T13:21:50Z</time></trkpt><trkpt lat="58.055458" lon="38.808418"><ele>99.0</ele><time>2022-05-28T13:21:53Z</time></trkpt><trkpt lat="58.055447" lon="38.808578"><ele>99.0</ele><time>2022-05-28T13:21:56Z</time></trkpt><trkpt lat="58.055438" lon="38.808742"><ele>99.0</ele><time>2022-05-28T13:21:59Z</time></trkpt><trkpt lat="58.055425" lon="38.808912"><ele>100.0</ele><time>2022-05-28T13:22:02Z</time></trkpt><trkpt lat="58.055417" lon="38.809075"><ele>101.0</ele><time>2022-05-28T13:22:05Z</time></trkpt><trkpt lat="58.055407" lon="38.809222"><ele>102.0</ele><time>2022-05-28T13:22:08Z</time></trkpt><trkpt lat="58.055375" lon="38.809383"><ele>100.0</ele><time>2022-05-28T13:22:12Z</time></trkpt><trkpt lat="58.05536" lon="38.809542"><ele>100.0</ele><time>2022-05-28T13:22:16Z</time></trkpt><trkpt lat="58.055365" lon="38.809688"><ele>102.0</ele><time>2022-05-28T13:22:19Z</time></trkpt><trkpt lat="58.055358" lon="38.80984"><ele>102.0</ele><time>2022-05-28T13:22:22Z</time></trkpt><trkpt lat="58.055347" lon="38.810013"><ele>101.0</ele><time>2022-05-28T13:22:26Z</time></trkpt><trkpt lat="58.055347" lon="38.810185"><ele>102.0</ele><time>2022-05-28T13:22:30Z</time></trkpt><trkpt lat="58.055348" lon="38.810327"><ele>101.0</ele><time>2022-05-28T13:22:33Z</time></trkpt><trkpt lat="58.055333" lon="38.81053"><ele>101.0</ele><time>2022-05-28T13:22:36Z</time></trkpt><trkpt lat="58.055332" lon="38.810672"><ele>101.0</ele><time>2022-05-28T13:22:39Z</time></trkpt><trkpt lat="58.055347" lon="38.810838"><ele>101.0</ele><time>2022-05-28T13:22:43Z</time></trkpt><trkpt lat="58.055343" lon="38.811027"><ele>100.0</ele><time>2022-05-28T13:22:47Z</time></trkpt><trkpt lat="58.055332" lon="38.811168"><ele>100.0</ele><time>2022-05-28T13:22:50Z</time></trkpt><trkpt lat="58.055315" lon="38.81132"><ele>100.0</ele><time>2022-05-28T13:22:53Z</time></trkpt><trkpt lat="58.055302" lon="38.811463"><ele>98.0</ele><time>2022-05-28T13:22:56Z</time></trkpt><trkpt lat="58.055278" lon="38.811615"><ele>99.0</ele><time>2022-05-28T13:22:59Z</time></trkpt><trkpt lat="58.055238" lon="38.81175"><ele>99.0</ele><time>2022-05-28T13:23:02Z</time></trkpt><trkpt lat="58.055205" lon="38.81191"><ele>99.0</ele><time>2022-05-28T13:23:06Z</time></trkpt><trkpt lat="58.055185" lon="38.812052"><ele>99.0</ele><time>2022-05-28T13:23:10Z</time></trkpt><trkpt lat="58.055198" lon="38.81222"><ele>97.0</ele><time>2022-05-28T13:23:15Z</time></trkpt><trkpt lat="58.055187" lon="38.812392"><ele>97.0</ele><time>2022-05-28T13:23:19Z</time></trkpt><trkpt lat="58.05518" lon="38.81254"><ele>99.0</ele><time>2022-05-28T13:23:22Z</time></trkpt><trkpt lat="58.055173" lon="38.812687"><ele>99.0</ele><time>2022-05-28T13:23:25Z</time></trkpt><trkpt lat="58.05518" lon="38.81283"><ele>99.0</ele><time>2022-05-28T13:23:28Z</time></trkpt><trkpt lat="58.055183" lon="38.812977"><ele>99.0</ele><time>2022-05-28T13:23:31Z</time></trkpt><trkpt lat="58.055178" lon="38.813125"><ele>98.0</ele><time>2022-05-28T13:23:34Z</time></trkpt><trkpt lat="58.055167" lon="38.813268"><ele>98.0</ele><time>2022-05-28T13:23:37Z</time></trkpt><trkpt lat="58.055155" lon="38.813405"><ele>97.0</ele><time>2022-05-28T13:23:40Z</time></trkpt><trkpt lat="58.055142" lon="38.813568"><ele>97.0</ele><time>2022-05-28T13:23:43Z</time></trkpt><trkpt lat="58.055125" lon="38.81374"><ele>98.0</ele><time>2022-05-28T13:23:47Z</time></trkpt><trkpt lat="58.055118" lon="38.81388"><ele>98.0</ele><time>2022-05-28T13:23:50Z</time></trkpt><trkpt lat="58.055122" lon="38.814027"><ele>97.0</ele><time>2022-05-28T13:23:53Z</time></trkpt><trkpt lat="58.055105" lon="38.814178"><ele>98.0</ele><time>2022-05-28T13:23:56Z</time></trkpt><trkpt lat="58.055085" lon="38.814327"><ele>98.0</ele><time>2022-05-28T13:23:59Z</time></trkpt><trkpt lat="58.055063" lon="38.814493"><ele>98.0</ele><time>2022-05-28T13:24:02Z</time></trkpt><trkpt lat="58.05505" lon="38.814652"><ele>99.0</ele><time>2022-05-28T13:24:05Z</time></trkpt><trkpt lat="58.055042" lon="38.814805"><ele>98.0</ele><time>2022-05-28T13:24:08Z</time></trkpt><trkpt lat="58.05504" lon="38.81496"><ele>99.0</ele><time>2022-05-28T13:24:11Z</time></trkpt><trkpt lat="58.055038" lon="38.815137"><ele>100.0</ele><time>2022-05-28T13:24:15Z</time></trkpt><trkpt lat="58.05504" lon="38.815308"><ele>100.0</ele><time>2022-05-28T13:24:18Z</time></trkpt><trkpt lat="58.05504" lon="38.815472"><ele>100.0</ele><time>2022-05-28T13:24:21Z</time></trkpt><trkpt lat="58.055028" lon="38.815608"><ele>100.0</ele><time>2022-05-28T13:24:24Z</time></trkpt><trkpt lat="58.055025" lon="38.815783"><ele>100.0</ele><time>2022-05-28T13:24:28Z</time></trkpt><trkpt lat="58.055025" lon="38.81593"><ele>100.0</ele><time>2022-05-28T13:24:31Z</time></trkpt><trkpt lat="58.055012" lon="38.81608"><ele>100.0</ele><time>2022-05-28T13:24:34Z</time></trkpt><trkpt lat="58.054993" lon="38.816218"><ele>100.0</ele><time>2022-05-28T13:24:37Z</time></trkpt><trkpt lat="58.054965" lon="38.81636"><ele>100.0</ele><time>2022-05-28T13:24:40Z</time></trkpt><trkpt lat="58.054948" lon="38.816518"><ele>100.0</ele><time>2022-05-28T13:24:44Z</time></trkpt><trkpt lat="58.054928" lon="38.816682"><ele>100.0</ele><time>2022-05-28T13:24:49Z</time></trkpt><trkpt lat="58.054923" lon="38.816822"><ele>100.0</ele><time>2022-05-28T13:24:52Z</time></trkpt><trkpt lat="58.054892" lon="38.816963"><ele>99.0</ele><time>2022-05-28T13:24:55Z</time></trkpt><trkpt lat="58.0549" lon="38.817117"><ele>99.0</ele><time>2022-05-28T13:24:58Z</time></trkpt><trkpt lat="58.0549" lon="38.817267"><ele>98.0</ele><time>2022-05-28T13:25:01Z</time></trkpt><trkpt lat="58.054883" lon="38.817427"><ele>99.0</ele><time>2022-05-28T13:25:04Z</time></trkpt><trkpt lat="58.054863" lon="38.817567"><ele>98.0</ele><time>2022-05-28T13:25:07Z</time></trkpt><trkpt lat="58.054853" lon="38.81771"><ele>98.0</ele><time>2022-05-28T13:25:10Z</time></trkpt><trkpt lat="58.054852" lon="38.81787"><ele>98.0</ele><time>2022-05-28T13:25:14Z</time></trkpt><trkpt lat="58.054818" lon="38.817992"><ele>98.0</ele><time>2022-05-28T13:25:18Z</time></trkpt><trkpt lat="58.054805" lon="38.818148"><ele>98.0</ele><time>2022-05-28T13:25:22Z</time></trkpt><trkpt lat="58.054807" lon="38.818287"><ele>98.0</ele><time>2022-05-28T13:25:26Z</time></trkpt><trkpt lat="58.054815" lon="38.818435"><ele>98.0</ele><time>2022-05-28T13:26:30Z</time></trkpt><trkpt lat="58.054807" lon="38.818585"><ele>98.0</ele><time>2022-05-28T13:26:34Z</time></trkpt><trkpt lat="58.054813" lon="38.81874"><ele>98.0</ele><time>2022-05-28T13:26:38Z</time></trkpt><trkpt lat="58.054808" lon="38.81891"><ele>97.0</ele><time>2022-05-28T13:26:43Z</time></trkpt><trkpt lat="58.054798" lon="38.81905"><ele>98.0</ele><time>2022-05-28T13:26:47Z</time></trkpt><trkpt lat="58.0548" lon="38.819223"><ele>98.0</ele><time>2022-05-28T13:26:51Z</time></trkpt><trkpt lat="58.054788" lon="38.819392"><ele>98.0</ele><time>2022-05-28T13:26:54Z</time></trkpt><trkpt lat="58.054782" lon="38.81956"><ele>97.0</ele><time>2022-05-28T13:26:57Z</time></trkpt><trkpt lat="58.054783" lon="38.819748"><ele>97.0</ele><time>2022-05-28T13:27:00Z</time></trkpt><trkpt lat="58.054763" lon="38.819918"><ele>96.0</ele><time>2022-05-28T13:27:03Z</time></trkpt><trkpt lat="58.054725" lon="38.820078"><ele>96.0</ele><time>2022-05-28T13:27:06Z</time></trkpt><trkpt lat="58.054717" lon="38.820262"><ele>96.0</ele><time>2022-05-28T13:27:09Z</time></trkpt><trkpt lat="58.054717" lon="38.820425"><ele>95.0</ele><time>2022-05-28T13:27:12Z</time></trkpt><trkpt lat="58.054708" lon="38.820593"><ele>95.0</ele><time>2022-05-28T13:27:16Z</time></trkpt><trkpt lat="58.054687" lon="38.820768"><ele>94.0</ele><time>2022-05-28T13:27:20Z</time></trkpt><trkpt lat="58.05467" lon="38.820922"><ele>94.0</ele><time>2022-05-28T13:27:23Z</time></trkpt><trkpt lat="58.054652" lon="38.821095"><ele>94.0</ele><time>2022-05-28T13:27:26Z</time></trkpt><trkpt lat="58.054648" lon="38.821237"><ele>94.0</ele><time>2022-05-28T13:27:29Z</time></trkpt><trkpt lat="58.054658" lon="38.821422"><ele>94.0</ele><time>2022-05-28T13:27:33Z</time></trkpt><trkpt lat="58.054655" lon="38.821563"><ele>95.0</ele><time>2022-05-28T13:27:36Z</time></trkpt><trkpt lat="58.05462" lon="38.821698"><ele>94.0</ele><time>2022-05-28T13:27:39Z</time></trkpt><trkpt lat="58.05459" lon="38.821827"><ele>94.0</ele><time>2022-05-28T13:27:42Z</time></trkpt><trkpt lat="58.054562" lon="38.821972"><ele>94.0</ele><time>2022-05-28T13:27:45Z</time></trkpt><trkpt lat="58.054538" lon="38.822135"><ele>93.0</ele><time>2022-05-28T13:27:48Z</time></trkpt><trkpt lat="58.05451" lon="38.822303"><ele>93.0</ele><time>2022-05-28T13:27:51Z</time></trkpt><trkpt lat="58.054473" lon="38.822468"><ele>93.0</ele><time>2022-05-28T13:27:54Z</time></trkpt><trkpt lat="58.054433" lon="38.822635"><ele>94.0</ele><time>2022-05-28T13:27:57Z</time></trkpt><trkpt lat="58.054408" lon="38.822803"><ele>94.0</ele><time>2022-05-28T13:28:00Z</time></trkpt><trkpt lat="58.054393" lon="38.822967"><ele>93.0</ele><time>2022-05-28T13:28:03Z</time></trkpt><trkpt lat="58.054387" lon="38.823128"><ele>93.0</ele><time>2022-05-28T13:28:06Z</time></trkpt><trkpt lat="58.054345" lon="38.823283"><ele>93.0</ele><time>2022-05-28T13:28:09Z</time></trkpt><trkpt lat="58.054307" lon="38.823402"><ele>93.0</ele><time>2022-05-28T13:28:12Z</time></trkpt><trkpt lat="58.054255" lon="38.823498"><ele>93.0</ele><time>2022-05-28T13:28:15Z</time></trkpt><trkpt lat="58.05419" lon="38.823605"><ele>93.0</ele><time>2022-05-28T13:28:18Z</time></trkpt><trkpt lat="58.054128" lon="38.823715"><ele>93.0</ele><time>2022-05-28T13:28:21Z</time></trkpt><trkpt lat="58.054085" lon="38.82384"><ele>93.0</ele><time>2022-05-28T13:28:24Z</time></trkpt><trkpt lat="58.054055" lon="38.823983"><ele>93.0</ele><time>2022-05-28T13:28:27Z</time></trkpt><trkpt lat="58.054073" lon="38.824132"><ele>93.0</ele><time>2022-05-28T13:28:30Z</time></trkpt><trkpt lat="58.054103" lon="38.8243"><ele>93.0</ele><time>2022-05-28T13:28:33Z</time></trkpt><trkpt lat="58.054115" lon="38.82447"><ele>94.0</ele><time>2022-05-28T13:28:36Z</time></trkpt><trkpt lat="58.054088" lon="38.824637"><ele>93.0</ele><time>2022-05-28T13:28:39Z</time></trkpt><trkpt lat="58.05405" lon="38.82479"><ele>93.0</ele><time>2022-05-28T13:28:42Z</time></trkpt><trkpt lat="58.05402" lon="38.82494"><ele>93.0</ele><time>2022-05-28T13:28:45Z</time></trkpt><trkpt lat="58.053998" lon="38.825092"><ele>92.0</ele><time>2022-05-28T13:28:48Z</time></trkpt><trkpt lat="58.053963" lon="38.82523"><ele>92.0</ele><time>2022-05-28T13:28:51Z</time></trkpt><trkpt lat="58.053933" lon="38.825362"><ele>92.0</ele><time>2022-05-28T13:28:54Z</time></trkpt><trkpt lat="58.053898" lon="38.825482"><ele>92.0</ele><time>2022-05-28T13:28:57Z</time></trkpt><trkpt lat="58.053863" lon="38.82561"><ele>93.0</ele><time>2022-05-28T13:29:01Z</time></trkpt><trkpt lat="58.053853" lon="38.825747"><ele>93.0</ele><time>2022-05-28T13:29:05Z</time></trkpt><trkpt lat="58.05384" lon="38.82588"><ele>93.0</ele><time>2022-05-28T13:29:08Z</time></trkpt><trkpt lat="58.053807" lon="38.826013"><ele>94.0</ele><time>2022-05-28T13:29:11Z</time></trkpt><trkpt lat="58.05376" lon="38.826132"><ele>93.0</ele><time>2022-05-28T13:29:14Z</time></trkpt><trkpt lat="58.053683" lon="38.82618"><ele>92.0</ele><time>2022-05-28T13:29:18Z</time></trkpt><trkpt lat="58.053687" lon="38.826332"><ele>93.0</ele><time>2022-05-28T13:29:40Z</time></trkpt><trkpt lat="58.053665" lon="38.826467"><ele>93.0</ele><time>2022-05-28T13:29:45Z</time></trkpt><trkpt lat="58.053635" lon="38.826613"><ele>93.0</ele><time>2022-05-28T13:29:50Z</time></trkpt><trkpt lat="58.053603" lon="38.826772"><ele>93.0</ele><time>2022-05-28T13:30:38Z</time></trkpt><trkpt lat="58.053568" lon="38.826902"><ele>93.0</ele><time>2022-05-28T13:30:42Z</time></trkpt><trkpt lat="58.053535" lon="38.827063"><ele>93.0</ele><time>2022-05-28T13:30:46Z</time></trkpt><trkpt lat="58.05351" lon="38.82719"><ele>93.0</ele><time>2022-05-28T13:30:49Z</time></trkpt><trkpt lat="58.053472" lon="38.827345"><ele>94.0</ele><time>2022-05-28T13:30:52Z</time></trkpt><trkpt lat="58.053452" lon="38.827495"><ele>94.0</ele><time>2022-05-28T13:30:56Z</time></trkpt><trkpt lat="58.053428" lon="38.827668"><ele>93.0</ele><time>2022-05-28T13:31:00Z</time></trkpt><trkpt lat="58.053402" lon="38.827798"><ele>93.0</ele><time>2022-05-28T13:31:03Z</time></trkpt><trkpt lat="58.053365" lon="38.827958"><ele>93.0</ele><time>2022-05-28T13:31:07Z</time></trkpt><trkpt lat="58.053333" lon="38.828117"><ele>92.0</ele><time>2022-05-28T13:31:11Z</time></trkpt><trkpt lat="58.053313" lon="38.828272"><ele>92.0</ele><time>2022-05-28T13:31:15Z</time></trkpt><trkpt lat="58.0533" lon="38.828422"><ele>93.0</ele><time>2022-05-28T13:31:19Z</time></trkpt><trkpt lat="58.053288" lon="38.828567"><ele>93.0</ele><time>2022-05-28T13:31:23Z</time></trkpt><trkpt lat="58.053275" lon="38.828715"><ele>93.0</ele><time>2022-05-28T13:31:29Z</time></trkpt><trkpt lat="58.053268" lon="38.828857"><ele>94.0</ele><time>2022-05-28T13:31:33Z</time></trkpt><trkpt lat="58.053247" lon="38.829008"><ele>93.0</ele><time>2022-05-28T13:31:37Z</time></trkpt><trkpt lat="58.053225" lon="38.829143"><ele>94.0</ele><time>2022-05-28T13:31:41Z</time></trkpt><trkpt lat="58.053205" lon="38.829285"><ele>94.0</ele><time>2022-05-28T13:31:45Z</time></trkpt><trkpt lat="58.053173" lon="38.829415"><ele>94.0</ele><time>2022-05-28T13:31:49Z</time></trkpt><trkpt lat="58.053147" lon="38.829552"><ele>94.0</ele><time>2022-05-28T13:31:53Z</time></trkpt><trkpt lat="58.053127" lon="38.829692"><ele>93.0</ele><time>2022-05-28T13:31:57Z</time></trkpt><trkpt lat="58.053103" lon="38.829843"><ele>94.0</ele><time>2022-05-28T13:32:02Z</time></trkpt><trkpt lat="58.053063" lon="38.829983"><ele>94.0</ele><time>2022-05-28T13:32:07Z</time></trkpt><trkpt lat="58.053027" lon="38.83012"><ele>94.0</ele><time>2022-05-28T13:32:12Z</time></trkpt><trkpt lat="58.05298" lon="38.830235"><ele>93.0</ele><time>2022-05-28T13:33:19Z</time></trkpt><trkpt lat="58.052962" lon="38.83038"><ele>93.0</ele><time>2022-05-28T13:33:24Z</time></trkpt><trkpt lat="58.05296" lon="38.830518"><ele>95.0</ele><time>2022-05-28T13:33:32Z</time></trkpt><trkpt lat="58.052933" lon="38.830677"><ele>95.0</ele><time>2022-05-28T13:33:40Z</time></trkpt><trkpt lat="58.052905" lon="38.830802"><ele>94.0</ele><time>2022-05-28T13:33:44Z</time></trkpt><trkpt lat="58.052877" lon="38.830943"><ele>94.0</ele><time>2022-05-28T13:33:48Z</time></trkpt><trkpt lat="58.05285" lon="38.83109"><ele>95.0</ele><time>2022-05-28T13:33:52Z</time></trkpt><trkpt lat="58.052815" lon="38.831238"><ele>95.0</ele><time>2022-05-28T13:33:57Z</time></trkpt><trkpt lat="58.052807" lon="38.831387"><ele>96.0</ele><time>2022-05-28T13:34:01Z</time></trkpt><trkpt lat="58.052778" lon="38.831518"><ele>96.0</ele><time>2022-05-28T13:34:05Z</time></trkpt><trkpt lat="58.052752" lon="38.83168"><ele>97.0</ele><time>2022-05-28T13:34:10Z</time></trkpt><trkpt lat="58.052718" lon="38.831817"><ele>97.0</ele><time>2022-05-28T13:34:14Z</time></trkpt><trkpt lat="58.052677" lon="38.831965"><ele>96.0</ele><time>2022-05-28T13:34:18Z</time></trkpt><trkpt lat="58.052637" lon="38.832095"><ele>96.0</ele><time>2022-05-28T13:34:23Z</time></trkpt><trkpt lat="58.052607" lon="38.832235"><ele>95.0</ele><time>2022-05-28T13:34:28Z</time></trkpt><trkpt lat="58.052582" lon="38.832375"><ele>96.0</ele><time>2022-05-28T13:34:32Z</time></trkpt><trkpt lat="58.052555" lon="38.83253"><ele>95.0</ele><time>2022-05-28T13:34:36Z</time></trkpt><trkpt lat="58.052525" lon="38.832685"><ele>94.0</ele><time>2022-05-28T13:34:40Z</time></trkpt><trkpt lat="58.052508" lon="38.83283"><ele>95.0</ele><time>2022-05-28T13:34:44Z</time></trkpt><trkpt lat="58.052497" lon="38.832967"><ele>95.0</ele><time>2022-05-28T13:34:48Z</time></trkpt><trkpt lat="58.052472" lon="38.833117"><ele>94.0</ele><time>2022-05-28T13:34:52Z</time></trkpt><trkpt lat="58.052435" lon="38.833283"><ele>95.0</ele><time>2022-05-28T13:34:56Z</time></trkpt><trkpt lat="58.052415" lon="38.833418"><ele>95.0</ele><time>2022-05-28T13:34:59Z</time></trkpt><trkpt lat="58.052387" lon="38.833543"><ele>95.0</ele><time>2022-05-28T13:35:02Z</time></trkpt><trkpt lat="58.052347" lon="38.833665"><ele>94.0</ele><time>2022-05-28T13:35:05Z</time></trkpt><trkpt lat="58.0523" lon="38.833775"><ele>94.0</ele><time>2022-05-28T13:35:09Z</time></trkpt><trkpt lat="58.052293" lon="38.833935"><ele>95.0</ele><time>2022-05-28T13:35:16Z</time></trkpt><trkpt lat="58.052273" lon="38.834083"><ele>94.0</ele><time>2022-05-28T13:35:20Z</time></trkpt><trkpt lat="58.052252" lon="38.834213"><ele>94.0</ele><time>2022-05-28T13:35:25Z</time></trkpt><trkpt lat="58.052227" lon="38.834342"><ele>94.0</ele><time>2022-05-28T13:35:29Z</time></trkpt><trkpt lat="58.052178" lon="38.834477"><ele>94.0</ele><time>2022-05-28T13:35:33Z</time></trkpt><trkpt lat="58.052155" lon="38.834618"><ele>95.0</ele><time>2022-05-28T13:35:36Z</time></trkpt><trkpt lat="58.052132" lon="38.834767"><ele>95.0</ele><time>2022-05-28T13:35:40Z</time></trkpt><trkpt lat="58.052105" lon="38.834923"><ele>96.0</ele><time>2022-05-28T13:35:44Z</time></trkpt><trkpt lat="58.05209" lon="38.835097"><ele>96.0</ele><time>2022-05-28T13:35:48Z</time></trkpt><trkpt lat="58.052063" lon="38.835247"><ele>96.0</ele><time>2022-05-28T13:35:52Z</time></trkpt><trkpt lat="58.052022" lon="38.835382"><ele>95.0</ele><time>2022-05-28T13:35:56Z</time></trkpt><trkpt lat="58.052" lon="38.835518"><ele>96.0</ele><time>2022-05-28T13:36:00Z</time></trkpt><trkpt lat="58.051982" lon="38.835672"><ele>95.0</ele><time>2022-05-28T13:36:04Z</time></trkpt><trkpt lat="58.052007" lon="38.835807"><ele>95.0</ele><time>2022-05-28T13:36:08Z</time></trkpt><trkpt lat="58.052028" lon="38.835953"><ele>95.0</ele><time>2022-05-28T13:36:13Z</time></trkpt><trkpt lat="58.052032" lon="38.8361"><ele>95.0</ele><time>2022-05-28T13:36:17Z</time></trkpt><trkpt lat="58.052002" lon="38.836235"><ele>95.0</ele><time>2022-05-28T13:36:21Z</time></trkpt><trkpt lat="58.051963" lon="38.836382"><ele>95.0</ele><time>2022-05-28T13:36:25Z</time></trkpt><trkpt lat="58.051942" lon="38.836532"><ele>95.0</ele><time>2022-05-28T13:36:29Z</time></trkpt><trkpt lat="58.051913" lon="38.836665"><ele>95.0</ele><time>2022-05-28T13:36:32Z</time></trkpt><trkpt lat="58.051883" lon="38.836828"><ele>95.0</ele><time>2022-05-28T13:36:36Z</time></trkpt><trkpt lat="58.051855" lon="38.83697"><ele>95.0</ele><time>2022-05-28T13:36:39Z</time></trkpt><trkpt lat="58.051825" lon="38.837112"><ele>96.0</ele><time>2022-05-28T13:36:42Z</time></trkpt><trkpt lat="58.051802" lon="38.837248"><ele>96.0</ele><time>2022-05-28T13:36:45Z</time></trkpt><trkpt lat="58.051778" lon="38.837383"><ele>95.0</ele><time>2022-05-28T13:36:48Z</time></trkpt><trkpt lat="58.051747" lon="38.837528"><ele>96.0</ele><time>2022-05-28T13:36:52Z</time></trkpt><trkpt lat="58.051715" lon="38.83768"><ele>96.0</ele><time>2022-05-28T13:36:57Z</time></trkpt><trkpt lat="58.051697" lon="38.837815"><ele>96.0</ele><time>2022-05-28T13:37:06Z</time></trkpt><trkpt lat="58.051677" lon="38.837957"><ele>96.0</ele><time>2022-05-28T13:37:11Z</time></trkpt><trkpt lat="58.051655" lon="38.838093"><ele>96.0</ele><time>2022-05-28T13:37:19Z</time></trkpt><trkpt lat="58.051633" lon="38.838232"><ele>97.0</ele><time>2022-05-28T13:37:25Z</time></trkpt><trkpt lat="58.051585" lon="38.83838"><ele>96.0</ele><time>2022-05-28T13:37:28Z</time></trkpt><trkpt lat="58.051535" lon="38.83852"><ele>96.0</ele><time>2022-05-28T13:37:32Z</time></trkpt><trkpt lat="58.051505" lon="38.838672"><ele>96.0</ele><time>2022-05-28T13:37:36Z</time></trkpt><trkpt lat="58.05148" lon="38.838807"><ele>95.0</ele><time>2022-05-28T13:37:40Z</time></trkpt><trkpt lat="58.051478" lon="38.838957"><ele>96.0</ele><time>2022-05-28T13:37:45Z</time></trkpt><trkpt lat="58.051463" lon="38.839095"><ele>96.0</ele><time>2022-05-28T13:37:49Z</time></trkpt><trkpt lat="58.05144" lon="38.839225"><ele>96.0</ele><time>2022-05-28T13:37:54Z</time></trkpt><trkpt lat="58.051415" lon="38.83938"><ele>96.0</ele><time>2022-05-28T13:37:59Z</time></trkpt><trkpt lat="58.051385" lon="38.83952"><ele>96.0</ele><time>2022-05-28T13:38:02Z</time></trkpt><trkpt lat="58.051357" lon="38.839678"><ele>96.0</ele><time>2022-05-28T13:38:06Z</time></trkpt><trkpt lat="58.05134" lon="38.839842"><ele>96.0</ele><time>2022-05-28T13:38:10Z</time></trkpt><trkpt lat="58.051308" lon="38.840015"><ele>96.0</ele><time>2022-05-28T13:38:14Z</time></trkpt><trkpt lat="58.051277" lon="38.840182"><ele>96.0</ele><time>2022-05-28T13:38:18Z</time></trkpt><trkpt lat="58.051252" lon="38.840313"><ele>96.0</ele><time>2022-05-28T13:38:21Z</time></trkpt><trkpt lat="58.051255" lon="38.840493"><ele>96.0</ele><time>2022-05-28T13:38:25Z</time></trkpt><trkpt lat="58.05124" lon="38.840628"><ele>95.0</ele><time>2022-05-28T13:38:29Z</time></trkpt><trkpt lat="58.051203" lon="38.840763"><ele>95.0</ele><time>2022-05-28T13:38:34Z</time></trkpt><trkpt lat="58.051195" lon="38.840908"><ele>95.0</ele><time>2022-05-28T13:38:40Z</time></trkpt><trkpt lat="58.05117" lon="38.841055"><ele>95.0</ele><time>2022-05-28T13:38:43Z</time></trkpt><trkpt lat="58.051175" lon="38.841203"><ele>95.0</ele><time>2022-05-28T13:38:47Z</time></trkpt><trkpt lat="58.051122" lon="38.841362"><ele>95.0</ele><time>2022-05-28T13:38:51Z</time></trkpt><trkpt lat="58.051057" lon="38.841498"><ele>96.0</ele><time>2022-05-28T13:38:54Z</time></trkpt><trkpt lat="58.05099" lon="38.841552"><ele>96.0</ele><time>2022-05-28T13:39:03Z</time></trkpt><trkpt lat="58.050947" lon="38.841697"><ele>96.0</ele><time>2022-05-28T13:39:28Z</time></trkpt><trkpt lat="58.050923" lon="38.841835"><ele>96.0</ele><time>2022-05-28T13:39:34Z</time></trkpt><trkpt lat="58.050928" lon="38.841987"><ele>97.0</ele><time>2022-05-28T13:39:42Z</time></trkpt><trkpt lat="58.050897" lon="38.842145"><ele>97.0</ele><time>2022-05-28T13:39:46Z</time></trkpt><trkpt lat="58.050872" lon="38.842327"><ele>97.0</ele><time>2022-05-28T13:39:50Z</time></trkpt><trkpt lat="58.050843" lon="38.842463"><ele>97.0</ele><time>2022-05-28T13:39:53Z</time></trkpt><trkpt lat="58.05081" lon="38.842588"><ele>97.0</ele><time>2022-05-28T13:39:56Z</time></trkpt><trkpt lat="58.050765" lon="38.84273"><ele>96.0</ele><time>2022-05-28T13:40:00Z</time></trkpt><trkpt lat="58.050725" lon="38.84289"><ele>97.0</ele><time>2022-05-28T13:40:04Z</time></trkpt><trkpt lat="58.050712" lon="38.843035"><ele>97.0</ele><time>2022-05-28T13:40:08Z</time></trkpt><trkpt lat="58.050682" lon="38.843192"><ele>97.0</ele><time>2022-05-28T13:40:12Z</time></trkpt><trkpt lat="58.050655" lon="38.843367"><ele>97.0</ele><time>2022-05-28T13:40:16Z</time></trkpt><trkpt lat="58.050633" lon="38.843503"><ele>97.0</ele><time>2022-05-28T13:40:19Z</time></trkpt><trkpt lat="58.050597" lon="38.843635"><ele>97.0</ele><time>2022-05-28T13:40:22Z</time></trkpt><trkpt lat="58.050587" lon="38.843795"><ele>97.0</ele><time>2022-05-28T13:40:35Z</time></trkpt><trkpt lat="58.050542" lon="38.843928"><ele>96.0</ele><time>2022-05-28T13:40:40Z</time></trkpt><trkpt lat="58.05052" lon="38.844082"><ele>95.0</ele><time>2022-05-28T13:40:48Z</time></trkpt><trkpt lat="58.050507" lon="38.844232"><ele>95.0</ele><time>2022-05-28T13:40:53Z</time></trkpt><trkpt lat="58.050492" lon="38.844375"><ele>95.0</ele><time>2022-05-28T13:40:57Z</time></trkpt><trkpt lat="58.050467" lon="38.84451"><ele>95.0</ele><time>2022-05-28T13:41:02Z</time></trkpt><trkpt lat="58.050438" lon="38.844635"><ele>96.0</ele><time>2022-05-28T13:41:06Z</time></trkpt><trkpt lat="58.050405" lon="38.844778"><ele>96.0</ele><time>2022-05-28T13:41:11Z</time></trkpt><trkpt lat="58.050393" lon="38.844935"><ele>97.0</ele><time>2022-05-28T13:41:17Z</time></trkpt><trkpt lat="58.050375" lon="38.84507"><ele>96.0</ele><time>2022-05-28T13:41:21Z</time></trkpt><trkpt lat="58.050355" lon="38.845208"><ele>96.0</ele><time>2022-05-28T13:41:25Z</time></trkpt><trkpt lat="58.050343" lon="38.845375"><ele>97.0</ele><time>2022-05-28T13:41:29Z</time></trkpt><trkpt lat="58.050327" lon="38.845522"><ele>97.0</ele><time>2022-05-28T13:41:32Z</time></trkpt><trkpt lat="58.050295" lon="38.84568"><ele>96.0</ele><time>2022-05-28T13:41:36Z</time></trkpt><trkpt lat="58.050352" lon="38.845818"><ele>96.0</ele><time>2022-05-28T13:41:40Z</time></trkpt><trkpt lat="58.050357" lon="38.845965"><ele>96.0</ele><time>2022-05-28T13:41:43Z</time></trkpt><trkpt lat="58.050322" lon="38.846098"><ele>96.0</ele><time>2022-05-28T13:42:10Z</time></trkpt><trkpt lat="58.050298" lon="38.846243"><ele>97.0</ele><time>2022-05-28T13:42:20Z</time></trkpt><trkpt lat="58.050377" lon="38.846227"><ele>96.0</ele><time>2022-05-28T13:42:26Z</time></trkpt><trkpt lat="58.050462" lon="38.84622"><ele>95.0</ele><time>2022-05-28T13:42:30Z</time></trkpt><trkpt lat="58.050537" lon="38.846273"><ele>95.0</ele><time>2022-05-28T13:42:34Z</time></trkpt><trkpt lat="58.050623" lon="38.846292"><ele>94.0</ele><time>2022-05-28T13:42:39Z</time></trkpt><trkpt lat="58.05071" lon="38.846352"><ele>94.0</ele><time>2022-05-28T13:42:44Z</time></trkpt><trkpt lat="58.0508" lon="38.846415"><ele>94.0</ele><time>2022-05-28T13:42:48Z</time></trkpt><trkpt lat="58.05088" lon="38.84644"><ele>94.0</ele><time>2022-05-28T13:42:51Z</time></trkpt><trkpt lat="58.050972" lon="38.846432"><ele>94.0</ele><time>2022-05-28T13:42:56Z</time></trkpt><trkpt lat="58.051052" lon="38.846478"><ele>94.0</ele><time>2022-05-28T13:43:00Z</time></trkpt><trkpt lat="58.05112" lon="38.846535"><ele>94.0</ele><time>2022-05-28T13:43:18Z</time></trkpt><trkpt lat="58.05119" lon="38.846597"><ele>94.0</ele><time>2022-05-28T13:43:23Z</time></trkpt><trkpt lat="58.051267" lon="38.846608"><ele>94.0</ele><time>2022-05-28T13:43:27Z</time></trkpt><trkpt lat="58.05131" lon="38.846483"><ele>93.0</ele><time>2022-05-28T13:43:31Z</time></trkpt><trkpt lat="58.051322" lon="38.84634"><ele>93.0</ele><time>2022-05-28T13:43:35Z</time></trkpt><trkpt lat="58.051343" lon="38.8462"><ele>92.0</ele><time>2022-05-28T13:43:41Z</time></trkpt><trkpt lat="58.051388" lon="38.846043"><ele>92.0</ele><time>2022-05-28T13:43:47Z</time></trkpt><trkpt lat="58.05142" lon="38.845912"><ele>92.0</ele><time>2022-05-28T13:43:51Z</time></trkpt><trkpt lat="58.051455" lon="38.845787"><ele>92.0</ele><time>2022-05-28T13:43:55Z</time></trkpt><trkpt lat="58.051482" lon="38.845643"><ele>91.0</ele><time>2022-05-28T13:43:59Z</time></trkpt><trkpt lat="58.051508" lon="38.845498"><ele>91.0</ele><time>2022-05-28T13:44:03Z</time></trkpt><trkpt lat="58.051533" lon="38.845347"><ele>91.0</ele><time>2022-05-28T13:44:07Z</time></trkpt><trkpt lat="58.051558" lon="38.845203"><ele>91.0</ele><time>2022-05-28T13:44:11Z</time></trkpt><trkpt lat="58.05159" lon="38.845037"><ele>91.0</ele><time>2022-05-28T13:44:15Z</time></trkpt><trkpt lat="58.051615" lon="38.844887"><ele>91.0</ele><time>2022-05-28T13:44:18Z</time></trkpt><trkpt lat="58.051647" lon="38.844705"><ele>91.0</ele><time>2022-05-28T13:44:21Z</time></trkpt><trkpt lat="58.05171" lon="38.84463"><ele>91.0</ele><time>2022-05-28T13:44:23Z</time></trkpt><trkpt lat="58.051797" lon="38.844623"><ele>91.0</ele><time>2022-05-28T13:44:25Z</time></trkpt><trkpt lat="58.051878" lon="38.844673"><ele>91.0</ele><time>2022-05-28T13:44:27Z</time></trkpt><trkpt lat="58.05195" lon="38.844737"><ele>91.0</ele><time>2022-05-28T13:44:29Z</time></trkpt><trkpt lat="58.052023" lon="38.844822"><ele>92.0</ele><time>2022-05-28T13:44:32Z</time></trkpt><trkpt lat="58.052117" lon="38.844895"><ele>93.0</ele><time>2022-05-28T13:44:35Z</time></trkpt><trkpt lat="58.052187" lon="38.844937"><ele>93.0</ele><time>2022-05-28T13:44:37Z</time></trkpt><trkpt lat="58.052272" lon="38.845005"><ele>92.0</ele><time>2022-05-28T13:44:40Z</time></trkpt><trkpt lat="58.052342" lon="38.845085"><ele>91.0</ele><time>2022-05-28T13:44:43Z</time></trkpt><trkpt lat="58.052417" lon="38.845142"><ele>90.0</ele><time>2022-05-28T13:44:46Z</time></trkpt><trkpt lat="58.052452" lon="38.84527"><ele>88.0</ele><time>2022-05-28T13:44:49Z</time></trkpt><trkpt lat="58.052427" lon="38.845398"><ele>88.0</ele><time>2022-05-28T13:44:51Z</time></trkpt><trkpt lat="58.052392" lon="38.845533"><ele>87.0</ele><time>2022-05-28T13:44:53Z</time></trkpt><trkpt lat="58.052357" lon="38.845685"><ele>87.0</ele><time>2022-05-28T13:44:55Z</time></trkpt><trkpt lat="58.052343" lon="38.845827"><ele>87.0</ele><time>2022-05-28T13:44:57Z</time></trkpt><trkpt lat="58.05235" lon="38.845975"><ele>86.0</ele><time>2022-05-28T13:45:00Z</time></trkpt><trkpt lat="58.052323" lon="38.846105"><ele>86.0</ele><time>2022-05-28T13:45:04Z</time></trkpt><trkpt lat="58.052282" lon="38.846243"><ele>87.0</ele><time>2022-05-28T13:45:09Z</time></trkpt><trkpt lat="58.052252" lon="38.846373"><ele>86.0</ele><time>2022-05-28T13:45:13Z</time></trkpt><trkpt lat="58.052187" lon="38.846497"><ele>85.0</ele><time>2022-05-28T13:45:16Z</time></trkpt><trkpt lat="58.052132" lon="38.846633"><ele>85.0</ele><time>2022-05-28T13:45:20Z</time></trkpt><trkpt lat="58.052088" lon="38.846782"><ele>86.0</ele><time>2022-05-28T13:45:24Z</time></trkpt><trkpt lat="58.052045" lon="38.846947"><ele>86.0</ele><time>2022-05-28T13:45:28Z</time></trkpt><trkpt lat="58.052007" lon="38.847107"><ele>86.0</ele><time>2022-05-28T13:45:32Z</time></trkpt><trkpt lat="58.051978" lon="38.847248"><ele>87.0</ele><time>2022-05-28T13:45:35Z</time></trkpt><trkpt lat="58.051955" lon="38.847387"><ele>86.0</ele><time>2022-05-28T13:45:38Z</time></trkpt><trkpt lat="58.051932" lon="38.847533"><ele>87.0</ele><time>2022-05-28T13:45:41Z</time></trkpt><trkpt lat="58.051913" lon="38.84767"><ele>87.0</ele><time>2022-05-28T13:45:44Z</time></trkpt><trkpt lat="58.051892" lon="38.847812"><ele>87.0</ele><time>2022-05-28T13:45:47Z</time></trkpt><trkpt lat="58.051863" lon="38.84796"><ele>89.0</ele><time>2022-05-28T13:45:51Z</time></trkpt><trkpt lat="58.051828" lon="38.848117"><ele>88.0</ele><time>2022-05-28T13:45:54Z</time></trkpt><trkpt lat="58.051797" lon="38.84828"><ele>88.0</ele><time>2022-05-28T13:45:57Z</time></trkpt><trkpt lat="58.051767" lon="38.848443"><ele>88.0</ele><time>2022-05-28T13:46:00Z</time></trkpt><trkpt lat="58.051738" lon="38.848597"><ele>87.0</ele><time>2022-05-28T13:46:03Z</time></trkpt><trkpt lat="58.051708" lon="38.848747"><ele>87.0</ele><time>2022-05-28T13:46:06Z</time></trkpt><trkpt lat="58.05167" lon="38.848877"><ele>88.0</ele><time>2022-05-28T13:46:09Z</time></trkpt><trkpt lat="58.051632" lon="38.848992"><ele>88.0</ele><time>2022-05-28T13:46:12Z</time></trkpt><trkpt lat="58.051593" lon="38.849117"><ele>88.0</ele><time>2022-05-28T13:46:15Z</time></trkpt><trkpt lat="58.051558" lon="38.84925"><ele>88.0</ele><time>2022-05-28T13:46:18Z</time></trkpt><trkpt lat="58.051532" lon="38.849395"><ele>87.0</ele><time>2022-05-28T13:46:21Z</time></trkpt><trkpt lat="58.051488" lon="38.84955"><ele>88.0</ele><time>2022-05-28T13:46:25Z</time></trkpt><trkpt lat="58.05144" lon="38.849698"><ele>87.0</ele><time>2022-05-28T13:46:29Z</time></trkpt><trkpt lat="58.051388" lon="38.84985"><ele>87.0</ele><time>2022-05-28T13:46:33Z</time></trkpt><trkpt lat="58.05135" lon="38.849973"><ele>87.0</ele><time>2022-05-28T13:46:36Z</time></trkpt><trkpt lat="58.051313" lon="38.850107"><ele>87.0</ele><time>2022-05-28T13:46:39Z</time></trkpt><trkpt lat="58.051273" lon="38.850248"><ele>87.0</ele><time>2022-05-28T13:46:42Z</time></trkpt><trkpt lat="58.051223" lon="38.850382"><ele>87.0</ele><time>2022-05-28T13:46:45Z</time></trkpt><trkpt lat="58.051173" lon="38.850498"><ele>88.0</ele><time>2022-05-28T13:46:48Z</time></trkpt><trkpt lat="58.05113" lon="38.850615"><ele>87.0</ele><time>2022-05-28T13:46:51Z</time></trkpt><trkpt lat="58.05107" lon="38.850753"><ele>87.0</ele><time>2022-05-28T13:46:55Z</time></trkpt><trkpt lat="58.051022" lon="38.850913"><ele>87.0</ele><time>2022-05-28T13:46:59Z</time></trkpt><trkpt lat="58.050983" lon="38.851048"><ele>88.0</ele><time>2022-05-28T13:47:02Z</time></trkpt><trkpt lat="58.050938" lon="38.851177"><ele>89.0</ele><time>2022-05-28T13:47:05Z</time></trkpt><trkpt lat="58.05089" lon="38.851302"><ele>89.0</ele><time>2022-05-28T13:47:08Z</time></trkpt><trkpt lat="58.050842" lon="38.851453"><ele>89.0</ele><time>2022-05-28T13:47:11Z</time></trkpt><trkpt lat="58.050787" lon="38.851593"><ele>89.0</ele><time>2022-05-28T13:47:14Z</time></trkpt><trkpt lat="58.050738" lon="38.851732"><ele>89.0</ele><time>2022-05-28T13:47:17Z</time></trkpt><trkpt lat="58.050697" lon="38.851858"><ele>90.0</ele><time>2022-05-28T13:47:20Z</time></trkpt><trkpt lat="58.050657" lon="38.851988"><ele>89.0</ele><time>2022-05-28T13:47:24Z</time></trkpt><trkpt lat="58.050605" lon="38.852132"><ele>89.0</ele><time>2022-05-28T13:47:28Z</time></trkpt><trkpt lat="58.050555" lon="38.852253"><ele>89.0</ele><time>2022-05-28T13:47:33Z</time></trkpt><trkpt lat="58.050498" lon="38.852355"><ele>89.0</ele><time>2022-05-28T13:47:37Z</time></trkpt><trkpt lat="58.05046" lon="38.852482"><ele>90.0</ele><time>2022-05-28T13:47:40Z</time></trkpt><trkpt lat="58.050418" lon="38.852633"><ele>91.0</ele><time>2022-05-28T13:47:44Z</time></trkpt><trkpt lat="58.050373" lon="38.852773"><ele>92.0</ele><time>2022-05-28T13:47:48Z</time></trkpt><trkpt lat="58.050328" lon="38.8529"><ele>91.0</ele><time>2022-05-28T13:47:53Z</time></trkpt><trkpt lat="58.050263" lon="38.852993"><ele>92.0</ele><time>2022-05-28T13:47:58Z</time></trkpt><trkpt lat="58.050233" lon="38.853132"><ele>92.0</ele><time>2022-05-28T13:48:02Z</time></trkpt><trkpt lat="58.050213" lon="38.8533"><ele>92.0</ele><time>2022-05-28T13:48:06Z</time></trkpt><trkpt lat="58.050197" lon="38.85346"><ele>91.0</ele><time>2022-05-28T13:48:10Z</time></trkpt><trkpt lat="58.050188" lon="38.853597"><ele>91.0</ele><time>2022-05-28T13:48:13Z</time></trkpt><trkpt lat="58.050172" lon="38.85375"><ele>90.0</ele><time>2022-05-28T13:48:16Z</time></trkpt><trkpt lat="58.05015" lon="38.853892"><ele>91.0</ele><time>2022-05-28T13:48:19Z</time></trkpt><trkpt lat="58.050118" lon="38.854037"><ele>91.0</ele><time>2022-05-28T13:48:22Z</time></trkpt><trkpt lat="58.050097" lon="38.854183"><ele>91.0</ele><time>2022-05-28T13:48:25Z</time></trkpt><trkpt lat="58.050075" lon="38.854317"><ele>92.0</ele><time>2022-05-28T13:48:28Z</time></trkpt><trkpt lat="58.050062" lon="38.854492"><ele>92.0</ele><time>2022-05-28T13:48:32Z</time></trkpt><trkpt lat="58.050047" lon="38.854668"><ele>92.0</ele><time>2022-05-28T13:48:36Z</time></trkpt><trkpt lat="58.050015" lon="38.854867"><ele>92.0</ele><time>2022-05-28T13:48:39Z</time></trkpt><trkpt lat="58.05001" lon="38.855022"><ele>91.0</ele><time>2022-05-28T13:48:41Z</time></trkpt><trkpt lat="58.049998" lon="38.855168"><ele>91.0</ele><time>2022-05-28T13:48:43Z</time></trkpt><trkpt lat="58.049957" lon="38.855337"><ele>89.0</ele><time>2022-05-28T13:48:46Z</time></trkpt><trkpt lat="58.049933" lon="38.855488"><ele>88.0</ele><time>2022-05-28T13:48:49Z</time></trkpt><trkpt lat="58.049902" lon="38.855647"><ele>88.0</ele><time>2022-05-28T13:48:52Z</time></trkpt><trkpt lat="58.049863" lon="38.855797"><ele>88.0</ele><time>2022-05-28T13:48:55Z</time></trkpt><trkpt lat="58.049835" lon="38.855942"><ele>89.0</ele><time>2022-05-28T13:48:58Z</time></trkpt><trkpt lat="58.049793" lon="38.856078"><ele>90.0</ele><time>2022-05-28T13:49:01Z</time></trkpt><trkpt lat="58.049755" lon="38.85623"><ele>91.0</ele><time>2022-05-28T13:49:04Z</time></trkpt><trkpt lat="58.049727" lon="38.856378"><ele>91.0</ele><time>2022-05-28T13:49:07Z</time></trkpt><trkpt lat="58.0497" lon="38.856528"><ele>90.0</ele><time>2022-05-28T13:49:10Z</time></trkpt><trkpt lat="58.049667" lon="38.856685"><ele>90.0</ele><time>2022-05-28T13:49:13Z</time></trkpt><trkpt lat="58.04964" lon="38.85683"><ele>89.0</ele><time>2022-05-28T13:49:16Z</time></trkpt><trkpt lat="58.049617" lon="38.856963"><ele>90.0</ele><time>2022-05-28T13:49:19Z</time></trkpt><trkpt lat="58.049578" lon="38.857107"><ele>89.0</ele><time>2022-05-28T13:49:23Z</time></trkpt><trkpt lat="58.04955" lon="38.857237"><ele>89.0</ele><time>2022-05-28T13:49:27Z</time></trkpt><trkpt lat="58.049537" lon="38.857387"><ele>89.0</ele><time>2022-05-28T13:49:31Z</time></trkpt><trkpt lat="58.049517" lon="38.857533"><ele>89.0</ele><time>2022-05-28T13:49:35Z</time></trkpt><trkpt lat="58.04948" lon="38.857668"><ele>88.0</ele><time>2022-05-28T13:49:39Z</time></trkpt><trkpt lat="58.049452" lon="38.857808"><ele>88.0</ele><time>2022-05-28T13:49:42Z</time></trkpt><trkpt lat="58.049415" lon="38.857963"><ele>88.0</ele><time>2022-05-28T13:49:46Z</time></trkpt><trkpt lat="58.04938" lon="38.858113"><ele>88.0</ele><time>2022-05-28T13:49:50Z</time></trkpt><trkpt lat="58.049353" lon="38.858242"><ele>88.0</ele><time>2022-05-28T13:49:53Z</time></trkpt><trkpt lat="58.049338" lon="38.858377"><ele>89.0</ele><time>2022-05-28T13:49:56Z</time></trkpt><trkpt lat="58.049315" lon="38.858535"><ele>89.0</ele><time>2022-05-28T13:50:00Z</time></trkpt><trkpt lat="58.049283" lon="38.858688"><ele>89.0</ele><time>2022-05-28T13:50:04Z</time></trkpt><trkpt lat="58.049265" lon="38.858853"><ele>89.0</ele><time>2022-05-28T13:50:08Z</time></trkpt><trkpt lat="58.049237" lon="38.859025"><ele>90.0</ele><time>2022-05-28T13:50:12Z</time></trkpt><trkpt lat="58.049202" lon="38.85919"><ele>90.0</ele><time>2022-05-28T13:50:16Z</time></trkpt><trkpt lat="58.04918" lon="38.85932"><ele>91.0</ele><time>2022-05-28T13:50:19Z</time></trkpt><trkpt lat="58.049155" lon="38.859453"><ele>90.0</ele><time>2022-05-28T13:50:22Z</time></trkpt><trkpt lat="58.04913" lon="38.859585"><ele>90.0</ele><time>2022-05-28T13:50:25Z</time></trkpt><trkpt lat="58.049088" lon="38.859742"><ele>89.0</ele><time>2022-05-28T13:50:29Z</time></trkpt><trkpt lat="58.049062" lon="38.859872"><ele>89.0</ele><time>2022-05-28T13:50:32Z</time></trkpt><trkpt lat="58.04903" lon="38.86004"><ele>88.0</ele><time>2022-05-28T13:50:36Z</time></trkpt><trkpt lat="58.049013" lon="38.860172"><ele>88.0</ele><time>2022-05-28T13:50:39Z</time></trkpt><trkpt lat="58.049002" lon="38.860307"><ele>87.0</ele><time>2022-05-28T13:50:42Z</time></trkpt><trkpt lat="58.048992" lon="38.860445"><ele>88.0</ele><time>2022-05-28T13:50:45Z</time></trkpt><trkpt lat="58.048972" lon="38.86058"><ele>88.0</ele><time>2022-05-28T13:50:48Z</time></trkpt><trkpt lat="58.048945" lon="38.860743"><ele>88.0</ele><time>2022-05-28T13:50:52Z</time></trkpt><trkpt lat="58.048888" lon="38.860855"><ele>89.0</ele><time>2022-05-28T13:50:56Z</time></trkpt><trkpt lat="58.04886" lon="38.860992"><ele>88.0</ele><time>2022-05-28T13:51:00Z</time></trkpt><trkpt lat="58.048813" lon="38.861128"><ele>87.0</ele><time>2022-05-28T13:51:04Z</time></trkpt><trkpt lat="58.04875" lon="38.861243"><ele>86.0</ele><time>2022-05-28T13:51:09Z</time></trkpt><trkpt lat="58.048705" lon="38.861397"><ele>86.0</ele><time>2022-05-28T13:51:13Z</time></trkpt><trkpt lat="58.048678" lon="38.861532"><ele>86.0</ele><time>2022-05-28T13:51:16Z</time></trkpt><trkpt lat="58.04865" lon="38.861665"><ele>86.0</ele><time>2022-05-28T13:51:19Z</time></trkpt><trkpt lat="58.048617" lon="38.861797"><ele>87.0</ele><time>2022-05-28T13:51:22Z</time></trkpt><trkpt lat="58.048578" lon="38.861915"><ele>86.0</ele><time>2022-05-28T13:51:25Z</time></trkpt><trkpt lat="58.048543" lon="38.862072"><ele>86.0</ele><time>2022-05-28T13:51:29Z</time></trkpt><trkpt lat="58.048508" lon="38.86223"><ele>88.0</ele><time>2022-05-28T13:51:33Z</time></trkpt><trkpt lat="58.048473" lon="38.862362"><ele>87.0</ele><time>2022-05-28T13:51:36Z</time></trkpt><trkpt lat="58.048433" lon="38.862488"><ele>87.0</ele><time>2022-05-28T13:51:39Z</time></trkpt><trkpt lat="58.048397" lon="38.862652"><ele>87.0</ele><time>2022-05-28T13:51:43Z</time></trkpt><trkpt lat="58.048367" lon="38.862812"><ele>88.0</ele><time>2022-05-28T13:51:47Z</time></trkpt><trkpt lat="58.048328" lon="38.862965"><ele>87.0</ele><time>2022-05-28T13:51:51Z</time></trkpt><trkpt lat="58.048285" lon="38.863105"><ele>87.0</ele><time>2022-05-28T13:51:55Z</time></trkpt><trkpt lat="58.04823" lon="38.86323"><ele>87.0</ele><time>2022-05-28T13:51:59Z</time></trkpt><trkpt lat="58.048173" lon="38.863345"><ele>87.0</ele><time>2022-05-28T13:52:03Z</time></trkpt><trkpt lat="58.048122" lon="38.863458"><ele>88.0</ele><time>2022-05-28T13:52:07Z</time></trkpt><trkpt lat="58.048075" lon="38.863563"><ele>86.0</ele><time>2022-05-28T13:52:11Z</time></trkpt><trkpt lat="58.048017" lon="38.863658"><ele>87.0</ele><time>2022-05-28T13:52:15Z</time></trkpt><trkpt lat="58.047958" lon="38.863772"><ele>88.0</ele><time>2022-05-28T13:52:20Z</time></trkpt><trkpt lat="58.047898" lon="38.863898"><ele>88.0</ele><time>2022-05-28T13:52:24Z</time></trkpt><trkpt lat="58.047842" lon="38.86404"><ele>89.0</ele><time>2022-05-28T13:52:27Z</time></trkpt><trkpt lat="58.047782" lon="38.86416"><ele>90.0</ele><time>2022-05-28T13:52:32Z</time></trkpt><trkpt lat="58.047727" lon="38.864253"><ele>92.0</ele><time>2022-05-28T13:52:38Z</time></trkpt><trkpt lat="58.047672" lon="38.86437"><ele>94.0</ele><time>2022-05-28T13:52:44Z</time></trkpt><trkpt lat="58.047637" lon="38.864508"><ele>94.0</ele><time>2022-05-28T13:52:49Z</time></trkpt><trkpt lat="58.047618" lon="38.86467"><ele>93.0</ele><time>2022-05-28T13:52:57Z</time></trkpt><trkpt lat="58.047598" lon="38.864812"><ele>94.0</ele><time>2022-05-28T13:53:02Z</time></trkpt><trkpt lat="58.047568" lon="38.864943"><ele>93.0</ele><time>2022-05-28T13:53:08Z</time></trkpt><trkpt lat="58.047538" lon="38.865087"><ele>93.0</ele><time>2022-05-28T13:53:12Z</time></trkpt><trkpt lat="58.047505" lon="38.865228"><ele>93.0</ele><time>2022-05-28T13:53:18Z</time></trkpt><trkpt lat="58.047472" lon="38.865382"><ele>93.0</ele><time>2022-05-28T13:53:23Z</time></trkpt><trkpt lat="58.047442" lon="38.865518"><ele>94.0</ele><time>2022-05-28T13:53:26Z</time></trkpt><trkpt lat="58.04741" lon="38.865653"><ele>93.0</ele><time>2022-05-28T13:53:29Z</time></trkpt><trkpt lat="58.04737" lon="38.865803"><ele>93.0</ele><time>2022-05-28T13:53:33Z</time></trkpt><trkpt lat="58.047342" lon="38.865957"><ele>94.0</ele><time>2022-05-28T13:53:37Z</time></trkpt><trkpt lat="58.047313" lon="38.866088"><ele>94.0</ele><time>2022-05-28T13:53:40Z</time></trkpt><trkpt lat="58.04729" lon="38.866243"><ele>94.0</ele><time>2022-05-28T13:53:43Z</time></trkpt><trkpt lat="58.047268" lon="38.866375"><ele>94.0</ele><time>2022-05-28T13:53:46Z</time></trkpt><trkpt lat="58.047228" lon="38.86654"><ele>93.0</ele><time>2022-05-28T13:53:50Z</time></trkpt><trkpt lat="58.047202" lon="38.866668"><ele>93.0</ele><time>2022-05-28T13:53:53Z</time></trkpt><trkpt lat="58.047173" lon="38.866813"><ele>93.0</ele><time>2022-05-28T13:53:57Z</time></trkpt><trkpt lat="58.04715" lon="38.866948"><ele>93.0</ele><time>2022-05-28T13:54:01Z</time></trkpt><trkpt lat="58.047122" lon="38.867098"><ele>93.0</ele><time>2022-05-28T13:54:07Z</time></trkpt><trkpt lat="58.047102" lon="38.867233"><ele>93.0</ele><time>2022-05-28T13:54:12Z</time></trkpt><trkpt lat="58.047088" lon="38.867377"><ele>93.0</ele><time>2022-05-28T13:54:18Z</time></trkpt><trkpt lat="58.047058" lon="38.867503"><ele>92.0</ele><time>2022-05-28T13:55:04Z</time></trkpt><trkpt lat="58.047018" lon="38.867618"><ele>94.0</ele><time>2022-05-28T13:55:48Z</time></trkpt><trkpt lat="58.046985" lon="38.867748"><ele>93.0</ele><time>2022-05-28T13:56:11Z</time></trkpt><trkpt lat="58.046923" lon="38.867823"><ele>93.0</ele><time>2022-05-28T13:56:22Z</time></trkpt><trkpt lat="58.046895" lon="38.867967"><ele>93.0</ele><time>2022-05-28T13:56:27Z</time></trkpt><trkpt lat="58.046868" lon="38.868122"><ele>93.0</ele><time>2022-05-28T13:56:31Z</time></trkpt><trkpt lat="58.046847" lon="38.868252"><ele>94.0</ele><time>2022-05-28T13:56:34Z</time></trkpt><trkpt lat="58.046825" lon="38.868382"><ele>94.0</ele><time>2022-05-28T13:56:37Z</time></trkpt><trkpt lat="58.046793" lon="38.868513"><ele>93.0</ele><time>2022-05-28T13:56:40Z</time></trkpt><trkpt lat="58.046758" lon="38.868643"><ele>94.0</ele><time>2022-05-28T13:56:43Z</time></trkpt><trkpt lat="58.046728" lon="38.868787"><ele>93.0</ele><time>2022-05-28T13:56:46Z</time></trkpt><trkpt lat="58.046695" lon="38.868957"><ele>94.0</ele><time>2022-05-28T13:56:50Z</time></trkpt><trkpt lat="58.046655" lon="38.869112"><ele>94.0</ele><time>2022-05-28T13:56:54Z</time></trkpt><trkpt lat="58.046618" lon="38.869248"><ele>93.0</ele><time>2022-05-28T13:56:58Z</time></trkpt><trkpt lat="58.04659" lon="38.869378"><ele>93.0</ele><time>2022-05-28T13:57:02Z</time></trkpt><trkpt lat="58.046558" lon="38.869523"><ele>92.0</ele><time>2022-05-28T13:57:07Z</time></trkpt><trkpt lat="58.046517" lon="38.86965"><ele>93.0</ele><time>2022-05-28T13:57:11Z</time></trkpt><trkpt lat="58.046487" lon="38.869808"><ele>93.0</ele><time>2022-05-28T13:57:15Z</time></trkpt><trkpt lat="58.046457" lon="38.869963"><ele>93.0</ele><time>2022-05-28T13:57:19Z</time></trkpt><trkpt lat="58.046437" lon="38.870133"><ele>93.0</ele><time>2022-05-28T13:57:23Z</time></trkpt><trkpt lat="58.046397" lon="38.870277"><ele>94.0</ele><time>2022-05-28T13:57:26Z</time></trkpt><trkpt lat="58.046355" lon="38.8704"><ele>94.0</ele><time>2022-05-28T13:57:29Z</time></trkpt><trkpt lat="58.046335" lon="38.870548"><ele>94.0</ele><time>2022-05-28T13:57:34Z</time></trkpt><trkpt lat="58.046322" lon="38.870697"><ele>94.0</ele><time>2022-05-28T13:57:39Z</time></trkpt><trkpt lat="58.046295" lon="38.870852"><ele>94.0</ele><time>2022-05-28T13:57:43Z</time></trkpt><trkpt lat="58.046255" lon="38.870983"><ele>93.0</ele><time>2022-05-28T13:57:47Z</time></trkpt><trkpt lat="58.046217" lon="38.87112"><ele>92.0</ele><time>2022-05-28T13:57:51Z</time></trkpt><trkpt lat="58.04619" lon="38.871253"><ele>92.0</ele><time>2022-05-28T13:57:55Z</time></trkpt><trkpt lat="58.046167" lon="38.871387"><ele>93.0</ele><time>2022-05-28T13:57:59Z</time></trkpt><trkpt lat="58.046133" lon="38.871507"><ele>93.0</ele><time>2022-05-28T13:58:03Z</time></trkpt><trkpt lat="58.046088" lon="38.871648"><ele>93.0</ele><time>2022-05-28T13:58:08Z</time></trkpt><trkpt lat="58.04607" lon="38.871782"><ele>93.0</ele><time>2022-05-28T13:58:12Z</time></trkpt><trkpt lat="58.046055" lon="38.871918"><ele>92.0</ele><time>2022-05-28T13:58:16Z</time></trkpt><trkpt lat="58.046048" lon="38.872083"><ele>91.0</ele><time>2022-05-28T13:58:21Z</time></trkpt><trkpt lat="58.046037" lon="38.872225"><ele>91.0</ele><time>2022-05-28T13:58:25Z</time></trkpt><trkpt lat="58.046027" lon="38.87236"><ele>90.0</ele><time>2022-05-28T13:58:29Z</time></trkpt><trkpt lat="58.046017" lon="38.872495"><ele>90.0</ele><time>2022-05-28T13:58:33Z</time></trkpt><trkpt lat="58.045992" lon="38.872647"><ele>90.0</ele><time>2022-05-28T13:58:37Z</time></trkpt><trkpt lat="58.045953" lon="38.872785"><ele>90.0</ele><time>2022-05-28T13:58:41Z</time></trkpt><trkpt lat="58.045923" lon="38.872937"><ele>91.0</ele><time>2022-05-28T13:58:44Z</time></trkpt><trkpt lat="58.045885" lon="38.873093"><ele>90.0</ele><time>2022-05-28T13:58:47Z</time></trkpt><trkpt lat="58.045852" lon="38.873237"><ele>90.0</ele><time>2022-05-28T13:58:50Z</time></trkpt><trkpt lat="58.045823" lon="38.873392"><ele>91.0</ele><time>2022-05-28T13:58:54Z</time></trkpt><trkpt lat="58.045798" lon="38.873527"><ele>90.0</ele><time>2022-05-28T13:58:58Z</time></trkpt><trkpt lat="58.04577" lon="38.873672"><ele>91.0</ele><time>2022-05-28T13:59:03Z</time></trkpt><trkpt lat="58.045747" lon="38.873825"><ele>91.0</ele><time>2022-05-28T13:59:08Z</time></trkpt><trkpt lat="58.045723" lon="38.873973"><ele>91.0</ele><time>2022-05-28T13:59:12Z</time></trkpt><trkpt lat="58.045695" lon="38.874137"><ele>91.0</ele><time>2022-05-28T13:59:16Z</time></trkpt><trkpt lat="58.045677" lon="38.874268"><ele>92.0</ele><time>2022-05-28T13:59:19Z</time></trkpt><trkpt lat="58.045657" lon="38.874405"><ele>92.0</ele><time>2022-05-28T13:59:23Z</time></trkpt><trkpt lat="58.045643" lon="38.874547"><ele>92.0</ele><time>2022-05-28T13:59:27Z</time></trkpt><trkpt lat="58.04562" lon="38.874695"><ele>91.0</ele><time>2022-05-28T13:59:32Z</time></trkpt><trkpt lat="58.045608" lon="38.874852"><ele>91.0</ele><time>2022-05-28T13:59:36Z</time></trkpt><trkpt lat="58.04561" lon="38.875"><ele>91.0</ele><time>2022-05-28T13:59:41Z</time></trkpt><trkpt lat="58.0456" lon="38.875165"><ele>91.0</ele><time>2022-05-28T13:59:46Z</time></trkpt><trkpt lat="58.045597" lon="38.875313"><ele>91.0</ele><time>2022-05-28T13:59:50Z</time></trkpt><trkpt lat="58.04559" lon="38.875452"><ele>91.0</ele><time>2022-05-28T13:59:54Z</time></trkpt><trkpt lat="58.045587" lon="38.875597"><ele>91.0</ele><time>2022-05-28T13:59:58Z</time></trkpt><trkpt lat="58.045582" lon="38.875753"><ele>91.0</ele><time>2022-05-28T14:00:02Z</time></trkpt><trkpt lat="58.04558" lon="38.875903"><ele>90.0</ele><time>2022-05-28T14:00:06Z</time></trkpt><trkpt lat="58.04557" lon="38.87606"><ele>91.0</ele><time>2022-05-28T14:00:11Z</time></trkpt><trkpt lat="58.045562" lon="38.876217"><ele>90.0</ele><time>2022-05-28T14:00:15Z</time></trkpt><trkpt lat="58.045537" lon="38.87636"><ele>90.0</ele><time>2022-05-28T14:00:19Z</time></trkpt><trkpt lat="58.045523" lon="38.876498"><ele>91.0</ele><time>2022-05-28T14:00:24Z</time></trkpt><trkpt lat="58.045513" lon="38.876642"><ele>91.0</ele><time>2022-05-28T14:00:30Z</time></trkpt><trkpt lat="58.045497" lon="38.87678"><ele>91.0</ele><time>2022-05-28T14:00:36Z</time></trkpt><trkpt lat="58.045485" lon="38.876918"><ele>90.0</ele><time>2022-05-28T14:01:07Z</time></trkpt><trkpt lat="58.045472" lon="38.877057"><ele>89.0</ele><time>2022-05-28T14:01:15Z</time></trkpt><trkpt lat="58.045448" lon="38.877192"><ele>89.0</ele><time>2022-05-28T14:01:22Z</time></trkpt><trkpt lat="58.04542" lon="38.877342"><ele>88.0</ele><time>2022-05-28T14:01:28Z</time></trkpt><trkpt lat="58.045392" lon="38.877483"><ele>87.0</ele><time>2022-05-28T14:01:31Z</time></trkpt><trkpt lat="58.045363" lon="38.877623"><ele>87.0</ele><time>2022-05-28T14:01:33Z</time></trkpt><trkpt lat="58.045327" lon="38.87776"><ele>87.0</ele><time>2022-05-28T14:01:36Z</time></trkpt><trkpt lat="58.045253" lon="38.877765"><ele>85.0</ele><time>2022-05-28T14:01:48Z</time></trkpt><trkpt lat="58.04519" lon="38.877692"><ele>84.0</ele><time>2022-05-28T14:03:45Z</time></trkpt><trkpt lat="58.045267" lon="38.877683"><ele>83.0</ele><time>2022-05-28T14:04:40Z</time></trkpt><trkpt lat="58.045322" lon="38.877788"><ele>83.0</ele><time>2022-05-28T14:04:46Z</time></trkpt><trkpt lat="58.045393" lon="38.87783"><ele>84.0</ele><time>2022-05-28T14:04:59Z</time></trkpt><trkpt lat="58.045448" lon="38.87792"><ele>85.0</ele><time>2022-05-28T14:05:21Z</time></trkpt><trkpt lat="58.045505" lon="38.877835"><ele>85.0</ele><time>2022-05-28T14:05:30Z</time></trkpt><trkpt lat="58.045555" lon="38.877733"><ele>85.0</ele><time>2022-05-28T14:05:38Z</time></trkpt><trkpt lat="58.045615" lon="38.877628"><ele>85.0</ele><time>2022-05-28T14:05:52Z</time></trkpt><trkpt lat="58.045618" lon="38.877485"><ele>85.0</ele><time>2022-05-28T14:06:21Z</time></trkpt><trkpt lat="58.045593" lon="38.877355"><ele>86.0</ele><time>2022-05-28T14:06:28Z</time></trkpt><trkpt lat="58.045568" lon="38.877217"><ele>86.0</ele><time>2022-05-28T14:06:34Z</time></trkpt><trkpt lat="58.045535" lon="38.87708"><ele>88.0</ele><time>2022-05-28T14:06:41Z</time></trkpt><trkpt lat="58.04551" lon="38.876948"><ele>88.0</ele><time>2022-05-28T14:06:47Z</time></trkpt><trkpt lat="58.045487" lon="38.876812"><ele>89.0</ele><time>2022-05-28T14:06:57Z</time></trkpt><trkpt lat="58.045503" lon="38.876657"><ele>89.0</ele><time>2022-05-28T14:07:09Z</time></trkpt><trkpt lat="58.045537" lon="38.876532"><ele>90.0</ele><time>2022-05-28T14:07:13Z</time></trkpt><trkpt lat="58.045545" lon="38.87638"><ele>90.0</ele><time>2022-05-28T14:07:17Z</time></trkpt><trkpt lat="58.045557" lon="38.87624"><ele>89.0</ele><time>2022-05-28T14:07:22Z</time></trkpt><trkpt lat="58.045562" lon="38.876102"><ele>90.0</ele><time>2022-05-28T14:07:25Z</time></trkpt><trkpt lat="58.045562" lon="38.875963"><ele>90.0</ele><time>2022-05-28T14:07:29Z</time></trkpt><trkpt lat="58.04556" lon="38.875797"><ele>90.0</ele><time>2022-05-28T14:07:34Z</time></trkpt><trkpt lat="58.045575" lon="38.875637"><ele>90.0</ele><time>2022-05-28T14:07:38Z</time></trkpt><trkpt lat="58.04558" lon="38.875478"><ele>90.0</ele><time>2022-05-28T14:07:42Z</time></trkpt><trkpt lat="58.045585" lon="38.875313"><ele>90.0</ele><time>2022-05-28T14:07:46Z</time></trkpt><trkpt lat="58.045592" lon="38.87513"><ele>90.0</ele><time>2022-05-28T14:07:50Z</time></trkpt><trkpt lat="58.045597" lon="38.874993"><ele>91.0</ele><time>2022-05-28T14:07:53Z</time></trkpt><trkpt lat="58.045598" lon="38.87483"><ele>90.0</ele><time>2022-05-28T14:07:57Z</time></trkpt><trkpt lat="58.045607" lon="38.874663"><ele>90.0</ele><time>2022-05-28T14:08:01Z</time></trkpt><trkpt lat="58.045625" lon="38.874517"><ele>91.0</ele><time>2022-05-28T14:08:05Z</time></trkpt><trkpt lat="58.04565" lon="38.874365"><ele>91.0</ele><time>2022-05-28T14:08:09Z</time></trkpt><trkpt lat="58.045675" lon="38.874217"><ele>92.0</ele><time>2022-05-28T14:08:13Z</time></trkpt><trkpt lat="58.045692" lon="38.874065"><ele>92.0</ele><time>2022-05-28T14:08:17Z</time></trkpt><trkpt lat="58.045725" lon="38.873905"><ele>92.0</ele><time>2022-05-28T14:08:21Z</time></trkpt><trkpt lat="58.045755" lon="38.873777"><ele>93.0</ele><time>2022-05-28T14:08:24Z</time></trkpt><trkpt lat="58.045782" lon="38.87362"><ele>93.0</ele><time>2022-05-28T14:08:28Z</time></trkpt><trkpt lat="58.045802" lon="38.87347"><ele>93.0</ele><time>2022-05-28T14:08:33Z</time></trkpt><trkpt lat="58.04584" lon="38.873342"><ele>92.0</ele><time>2022-05-28T14:08:37Z</time></trkpt><trkpt lat="58.045875" lon="38.873187"><ele>92.0</ele><time>2022-05-28T14:08:41Z</time></trkpt><trkpt lat="58.04588" lon="38.873043"><ele>91.0</ele><time>2022-05-28T14:08:44Z</time></trkpt><trkpt lat="58.045915" lon="38.872885"><ele>91.0</ele><time>2022-05-28T14:08:48Z</time></trkpt><trkpt lat="58.045945" lon="38.872728"><ele>91.0</ele><time>2022-05-28T14:08:53Z</time></trkpt><trkpt lat="58.045962" lon="38.872573"><ele>91.0</ele><time>2022-05-28T14:08:59Z</time></trkpt><trkpt lat="58.045993" lon="38.872438"><ele>91.0</ele><time>2022-05-28T14:09:03Z</time></trkpt><trkpt lat="58.046015" lon="38.872307"><ele>92.0</ele><time>2022-05-28T14:09:07Z</time></trkpt><trkpt lat="58.046025" lon="38.872143"><ele>92.0</ele><time>2022-05-28T14:09:12Z</time></trkpt><trkpt lat="58.046033" lon="38.871995"><ele>92.0</ele><time>2022-05-28T14:09:17Z</time></trkpt><trkpt lat="58.04605" lon="38.871835"><ele>93.0</ele><time>2022-05-28T14:09:22Z</time></trkpt><trkpt lat="58.046068" lon="38.871703"><ele>93.0</ele><time>2022-05-28T14:09:26Z</time></trkpt><trkpt lat="58.046097" lon="38.87157"><ele>93.0</ele><time>2022-05-28T14:09:31Z</time></trkpt><trkpt lat="58.046128" lon="38.87144"><ele>93.0</ele><time>2022-05-28T14:09:36Z</time></trkpt><trkpt lat="58.046153" lon="38.871282"><ele>93.0</ele><time>2022-05-28T14:09:40Z</time></trkpt><trkpt lat="58.046198" lon="38.871142"><ele>93.0</ele><time>2022-05-28T14:09:44Z</time></trkpt><trkpt lat="58.046227" lon="38.871003"><ele>93.0</ele><time>2022-05-28T14:09:48Z</time></trkpt><trkpt lat="58.046268" lon="38.870855"><ele>93.0</ele><time>2022-05-28T14:09:53Z</time></trkpt><trkpt lat="58.046298" lon="38.870712"><ele>93.0</ele><time>2022-05-28T14:09:58Z</time></trkpt><trkpt lat="58.046337" lon="38.870582"><ele>93.0</ele><time>2022-05-28T14:10:03Z</time></trkpt><trkpt lat="58.046397" lon="38.870463"><ele>93.0</ele><time>2022-05-28T14:10:08Z</time></trkpt><trkpt lat="58.046445" lon="38.870353"><ele>93.0</ele><time>2022-05-28T14:10:12Z</time></trkpt><trkpt lat="58.046477" lon="38.870213"><ele>93.0</ele><time>2022-05-28T14:10:27Z</time></trkpt><trkpt lat="58.0465" lon="38.870075"><ele>93.0</ele><time>2022-05-28T14:10:32Z</time></trkpt><trkpt lat="58.046518" lon="38.869933"><ele>95.0</ele><time>2022-05-28T14:11:21Z</time></trkpt><trkpt lat="58.046557" lon="38.869802"><ele>94.0</ele><time>2022-05-28T14:11:28Z</time></trkpt><trkpt lat="58.046605" lon="38.869662"><ele>94.0</ele><time>2022-05-28T14:11:53Z</time></trkpt><trkpt lat="58.046652" lon="38.869548"><ele>94.0</ele><time>2022-05-28T14:11:57Z</time></trkpt><trkpt lat="58.046717" lon="38.869397"><ele>93.0</ele><time>2022-05-28T14:12:01Z</time></trkpt><trkpt lat="58.04677" lon="38.869288"><ele>93.0</ele><time>2022-05-28T14:12:03Z</time></trkpt><trkpt lat="58.04682" lon="38.869178"><ele>93.0</ele><time>2022-05-28T14:12:05Z</time></trkpt><trkpt lat="58.046885" lon="38.869035"><ele>92.0</ele><time>2022-05-28T14:12:08Z</time></trkpt><trkpt lat="58.046942" lon="38.868937"><ele>92.0</ele><time>2022-05-28T14:12:11Z</time></trkpt><trkpt lat="58.046958" lon="38.869077"><ele>90.0</ele><time>2022-05-28T14:12:15Z</time></trkpt><trkpt lat="58.046985" lon="38.868912"><ele>90.0</ele><time>2022-05-28T14:12:35Z</time></trkpt><trkpt lat="58.047023" lon="38.868757"><ele>90.0</ele><time>2022-05-28T14:12:38Z</time></trkpt><trkpt lat="58.047058" lon="38.868583"><ele>91.0</ele><time>2022-05-28T14:12:41Z</time></trkpt><trkpt lat="58.047082" lon="38.868427"><ele>91.0</ele><time>2022-05-28T14:12:44Z</time></trkpt><trkpt lat="58.047082" lon="38.868292"><ele>90.0</ele><time>2022-05-28T14:12:55Z</time></trkpt><trkpt lat="58.047102" lon="38.868138"><ele>90.0</ele><time>2022-05-28T14:13:00Z</time></trkpt><trkpt lat="58.047135" lon="38.868007"><ele>90.0</ele><time>2022-05-28T14:13:04Z</time></trkpt><trkpt lat="58.04717" lon="38.867865"><ele>90.0</ele><time>2022-05-28T14:13:08Z</time></trkpt><trkpt lat="58.047198" lon="38.867723"><ele>89.0</ele><time>2022-05-28T14:13:12Z</time></trkpt><trkpt lat="58.047227" lon="38.867573"><ele>90.0</ele><time>2022-05-28T14:13:16Z</time></trkpt><trkpt lat="58.047258" lon="38.8674"><ele>91.0</ele><time>2022-05-28T14:13:20Z</time></trkpt><trkpt lat="58.04729" lon="38.867223"><ele>91.0</ele><time>2022-05-28T14:13:24Z</time></trkpt><trkpt lat="58.047322" lon="38.867072"><ele>92.0</ele><time>2022-05-28T14:13:27Z</time></trkpt><trkpt lat="58.047355" lon="38.866942"><ele>92.0</ele><time>2022-05-28T14:13:30Z</time></trkpt><trkpt lat="58.047388" lon="38.866777"><ele>91.0</ele><time>2022-05-28T14:13:34Z</time></trkpt><trkpt lat="58.047418" lon="38.866625"><ele>92.0</ele><time>2022-05-28T14:13:38Z</time></trkpt><trkpt lat="58.047455" lon="38.866468"><ele>91.0</ele><time>2022-05-28T14:13:42Z</time></trkpt><trkpt lat="58.047497" lon="38.866308"><ele>91.0</ele><time>2022-05-28T14:13:46Z</time></trkpt><trkpt lat="58.047522" lon="38.866173"><ele>92.0</ele><time>2022-05-28T14:13:49Z</time></trkpt><trkpt lat="58.047518" lon="38.866025"><ele>91.0</ele><time>2022-05-28T14:13:59Z</time></trkpt><trkpt lat="58.047548" lon="38.865902"><ele>90.0</ele><time>2022-05-28T14:14:42Z</time></trkpt><trkpt lat="58.047598" lon="38.865792"><ele>90.0</ele><time>2022-05-28T14:15:09Z</time></trkpt><trkpt lat="58.047672" lon="38.865827"><ele>89.0</ele><time>2022-05-28T14:15:21Z</time></trkpt><trkpt lat="58.047693" lon="38.865685"><ele>89.0</ele><time>2022-05-28T14:15:27Z</time></trkpt><trkpt lat="58.047725" lon="38.865528"><ele>90.0</ele><time>2022-05-28T14:15:32Z</time></trkpt><trkpt lat="58.04775" lon="38.865367"><ele>90.0</ele><time>2022-05-28T14:15:36Z</time></trkpt><trkpt lat="58.047785" lon="38.86521"><ele>90.0</ele><time>2022-05-28T14:15:40Z</time></trkpt><trkpt lat="58.047825" lon="38.865045"><ele>90.0</ele><time>2022-05-28T14:15:44Z</time></trkpt><trkpt lat="58.047855" lon="38.864918"><ele>89.0</ele><time>2022-05-28T14:15:47Z</time></trkpt><trkpt lat="58.047893" lon="38.864758"><ele>89.0</ele><time>2022-05-28T14:15:51Z</time></trkpt><trkpt lat="58.047927" lon="38.864608"><ele>89.0</ele><time>2022-05-28T14:15:55Z</time></trkpt><trkpt lat="58.04797" lon="38.864457"><ele>89.0</ele><time>2022-05-28T14:15:59Z</time></trkpt><trkpt lat="58.048005" lon="38.864312"><ele>88.0</ele><time>2022-05-28T14:16:02Z</time></trkpt><trkpt lat="58.048035" lon="38.864157"><ele>88.0</ele><time>2022-05-28T14:16:05Z</time></trkpt><trkpt lat="58.048067" lon="38.864035"><ele>88.0</ele><time>2022-05-28T14:16:08Z</time></trkpt><trkpt lat="58.048108" lon="38.863875"><ele>89.0</ele><time>2022-05-28T14:16:12Z</time></trkpt><trkpt lat="58.048143" lon="38.86372"><ele>89.0</ele><time>2022-05-28T14:16:16Z</time></trkpt><trkpt lat="58.04818" lon="38.86358"><ele>90.0</ele><time>2022-05-28T14:16:20Z</time></trkpt><trkpt lat="58.048212" lon="38.86345"><ele>90.0</ele><time>2022-05-28T14:16:23Z</time></trkpt><trkpt lat="58.048235" lon="38.863318"><ele>90.0</ele><time>2022-05-28T14:16:26Z</time></trkpt><trkpt lat="58.048277" lon="38.863188"><ele>90.0</ele><time>2022-05-28T14:16:30Z</time></trkpt><trkpt lat="58.048302" lon="38.863043"><ele>90.0</ele><time>2022-05-28T14:16:34Z</time></trkpt><trkpt lat="58.04834" lon="38.86291"><ele>90.0</ele><time>2022-05-28T14:16:38Z</time></trkpt><trkpt lat="58.048373" lon="38.862753"><ele>90.0</ele><time>2022-05-28T14:16:42Z</time></trkpt><trkpt lat="58.048403" lon="38.86261"><ele>90.0</ele><time>2022-05-28T14:16:45Z</time></trkpt><trkpt lat="58.048437" lon="38.862453"><ele>90.0</ele><time>2022-05-28T14:16:48Z</time></trkpt><trkpt lat="58.04848" lon="38.862303"><ele>90.0</ele><time>2022-05-28T14:16:51Z</time></trkpt><trkpt lat="58.048517" lon="38.862168"><ele>89.0</ele><time>2022-05-28T14:16:54Z</time></trkpt><trkpt lat="58.04855" lon="38.862027"><ele>89.0</ele><time>2022-05-28T14:16:57Z</time></trkpt><trkpt lat="58.048587" lon="38.861873"><ele>89.0</ele><time>2022-05-28T14:17:00Z</time></trkpt><trkpt lat="58.048622" lon="38.861712"><ele>89.0</ele><time>2022-05-28T14:17:03Z</time></trkpt><trkpt lat="58.048647" lon="38.861573"><ele>89.0</ele><time>2022-05-28T14:17:06Z</time></trkpt><trkpt lat="58.048673" lon="38.861427"><ele>89.0</ele><time>2022-05-28T14:17:09Z</time></trkpt><trkpt lat="58.048712" lon="38.861285"><ele>90.0</ele><time>2022-05-28T14:17:12Z</time></trkpt><trkpt lat="58.048742" lon="38.861125"><ele>90.0</ele><time>2022-05-28T14:17:16Z</time></trkpt><trkpt lat="58.048798" lon="38.861027"><ele>89.0</ele><time>2022-05-28T14:17:20Z</time></trkpt><trkpt lat="58.048857" lon="38.860937"><ele>89.0</ele><time>2022-05-28T14:17:24Z</time></trkpt><trkpt lat="58.048913" lon="38.860805"><ele>88.0</ele><time>2022-05-28T14:17:28Z</time></trkpt><trkpt lat="58.048937" lon="38.860655"><ele>90.0</ele><time>2022-05-28T14:17:32Z</time></trkpt><trkpt lat="58.048953" lon="38.860498"><ele>90.0</ele><time>2022-05-28T14:17:36Z</time></trkpt><trkpt lat="58.048973" lon="38.860338"><ele>90.0</ele><time>2022-05-28T14:17:40Z</time></trkpt><trkpt lat="58.049008" lon="38.860195"><ele>90.0</ele><time>2022-05-28T14:17:44Z</time></trkpt><trkpt lat="58.049042" lon="38.860035"><ele>89.0</ele><time>2022-05-28T14:17:48Z</time></trkpt><trkpt lat="58.049082" lon="38.859877"><ele>89.0</ele><time>2022-05-28T14:17:52Z</time></trkpt><trkpt lat="58.049112" lon="38.859732"><ele>90.0</ele><time>2022-05-28T14:17:56Z</time></trkpt><trkpt lat="58.049148" lon="38.85957"><ele>90.0</ele><time>2022-05-28T14:18:00Z</time></trkpt><trkpt lat="58.049175" lon="38.859398"><ele>91.0</ele><time>2022-05-28T14:18:04Z</time></trkpt><trkpt lat="58.049192" lon="38.859262"><ele>91.0</ele><time>2022-05-28T14:18:07Z</time></trkpt><trkpt lat="58.049215" lon="38.85909"><ele>92.0</ele><time>2022-05-28T14:18:11Z</time></trkpt><trkpt lat="58.049233" lon="38.858957"><ele>91.0</ele><time>2022-05-28T14:18:14Z</time></trkpt><trkpt lat="58.049247" lon="38.858818"><ele>91.0</ele><time>2022-05-28T14:18:17Z</time></trkpt><trkpt lat="58.049278" lon="38.858647"><ele>90.0</ele><time>2022-05-28T14:18:21Z</time></trkpt><trkpt lat="58.04931" lon="38.8585"><ele>90.0</ele><time>2022-05-28T14:18:25Z</time></trkpt><trkpt lat="58.049348" lon="38.858363"><ele>90.0</ele><time>2022-05-28T14:18:29Z</time></trkpt><trkpt lat="58.049382" lon="38.858228"><ele>90.0</ele><time>2022-05-28T14:18:33Z</time></trkpt><trkpt lat="58.049425" lon="38.858065"><ele>90.0</ele><time>2022-05-28T14:18:37Z</time></trkpt><trkpt lat="58.049452" lon="38.85792"><ele>90.0</ele><time>2022-05-28T14:18:40Z</time></trkpt><trkpt lat="58.049477" lon="38.857792"><ele>91.0</ele><time>2022-05-28T14:18:43Z</time></trkpt><trkpt lat="58.049502" lon="38.857648"><ele>92.0</ele><time>2022-05-28T14:18:46Z</time></trkpt><trkpt lat="58.049533" lon="38.857488"><ele>93.0</ele><time>2022-05-28T14:18:50Z</time></trkpt><trkpt lat="58.04956" lon="38.857337"><ele>92.0</ele><time>2022-05-28T14:18:53Z</time></trkpt><trkpt lat="58.049587" lon="38.857188"><ele>93.0</ele><time>2022-05-28T14:18:56Z</time></trkpt><trkpt lat="58.049623" lon="38.857043"><ele>93.0</ele><time>2022-05-28T14:18:59Z</time></trkpt><trkpt lat="58.049655" lon="38.8569"><ele>92.0</ele><time>2022-05-28T14:19:02Z</time></trkpt><trkpt lat="58.049685" lon="38.85677"><ele>92.0</ele><time>2022-05-28T14:19:05Z</time></trkpt><trkpt lat="58.049707" lon="38.856635"><ele>92.0</ele><time>2022-05-28T14:19:08Z</time></trkpt><trkpt lat="58.049737" lon="38.856473"><ele>93.0</ele><time>2022-05-28T14:19:12Z</time></trkpt><trkpt lat="58.049765" lon="38.856308"><ele>93.0</ele><time>2022-05-28T14:19:16Z</time></trkpt><trkpt lat="58.049788" lon="38.856168"><ele>93.0</ele><time>2022-05-28T14:19:19Z</time></trkpt><trkpt lat="58.049842" lon="38.856045"><ele>92.0</ele><time>2022-05-28T14:19:46Z</time></trkpt><trkpt lat="58.04988" lon="38.855928"><ele>93.0</ele><time>2022-05-28T14:21:02Z</time></trkpt><trkpt lat="58.049893" lon="38.855755"><ele>93.0</ele><time>2022-05-28T14:21:06Z</time></trkpt><trkpt lat="58.049937" lon="38.855602"><ele>93.0</ele><time>2022-05-28T14:21:09Z</time></trkpt><trkpt lat="58.049965" lon="38.855452"><ele>93.0</ele><time>2022-05-28T14:21:13Z</time></trkpt><trkpt lat="58.049988" lon="38.85531"><ele>93.0</ele><time>2022-05-28T14:21:17Z</time></trkpt><trkpt lat="58.049995" lon="38.855172"><ele>92.0</ele><time>2022-05-28T14:21:21Z</time></trkpt><trkpt lat="58.05001" lon="38.855007"><ele>93.0</ele><time>2022-05-28T14:21:26Z</time></trkpt><trkpt lat="58.050032" lon="38.854843"><ele>92.0</ele><time>2022-05-28T14:21:30Z</time></trkpt><trkpt lat="58.05006" lon="38.854713"><ele>92.0</ele><time>2022-05-28T14:21:33Z</time></trkpt><trkpt lat="58.05011" lon="38.854605"><ele>91.0</ele><time>2022-05-28T14:22:21Z</time></trkpt><trkpt lat="58.050077" lon="38.85447"><ele>92.0</ele><time>2022-05-28T14:22:31Z</time></trkpt><trkpt lat="58.050065" lon="38.85432"><ele>93.0</ele><time>2022-05-28T14:22:41Z</time></trkpt><trkpt lat="58.050092" lon="38.854163"><ele>92.0</ele><time>2022-05-28T14:22:54Z</time></trkpt><trkpt lat="58.050122" lon="38.854015"><ele>92.0</ele><time>2022-05-28T14:22:58Z</time></trkpt><trkpt lat="58.050147" lon="38.85388"><ele>92.0</ele><time>2022-05-28T14:23:01Z</time></trkpt><trkpt lat="58.050187" lon="38.853728"><ele>92.0</ele><time>2022-05-28T14:23:04Z</time></trkpt><trkpt lat="58.050222" lon="38.85361"><ele>92.0</ele><time>2022-05-28T14:23:07Z</time></trkpt><trkpt lat="58.050248" lon="38.853477"><ele>92.0</ele><time>2022-05-28T14:23:12Z</time></trkpt><trkpt lat="58.050267" lon="38.853333"><ele>92.0</ele><time>2022-05-28T14:23:39Z</time></trkpt><trkpt lat="58.050278" lon="38.853183"><ele>92.0</ele><time>2022-05-28T14:26:46Z</time></trkpt><trkpt lat="58.050232" lon="38.853043"><ele>91.0</ele><time>2022-05-28T14:26:50Z</time></trkpt><trkpt lat="58.050163" lon="38.852968"><ele>92.0</ele><time>2022-05-28T14:26:54Z</time></trkpt><trkpt lat="58.050085" lon="38.852967"><ele>93.0</ele><time>2022-05-28T14:26:58Z</time></trkpt><trkpt lat="58.05002" lon="38.853052"><ele>94.0</ele><time>2022-05-28T14:27:10Z</time></trkpt><trkpt lat="58.049977" lon="38.85318"><ele>95.0</ele><time>2022-05-28T14:27:19Z</time></trkpt><trkpt lat="58.049903" lon="38.853192"><ele>95.0</ele><time>2022-05-28T14:27:40Z</time></trkpt><trkpt lat="58.049837" lon="38.853247"><ele>96.0</ele><time>2022-05-28T14:27:57Z</time></trkpt><trkpt lat="58.049812" lon="38.853417"><ele>97.0</ele><time>2022-05-28T14:28:03Z</time></trkpt><trkpt lat="58.049793" lon="38.85356"><ele>97.0</ele><time>2022-05-28T14:28:07Z</time></trkpt><trkpt lat="58.049758" lon="38.853727"><ele>97.0</ele><time>2022-05-28T14:28:11Z</time></trkpt><trkpt lat="58.049738" lon="38.853858"><ele>97.0</ele><time>2022-05-28T14:28:14Z</time></trkpt><trkpt lat="58.049713" lon="38.853987"><ele>97.0</ele><time>2022-05-28T14:28:17Z</time></trkpt><trkpt lat="58.049687" lon="38.854142"><ele>97.0</ele><time>2022-05-28T14:28:20Z</time></trkpt><trkpt lat="58.049657" lon="38.85431"><ele>97.0</ele><time>2022-05-28T14:28:24Z</time></trkpt><trkpt lat="58.049633" lon="38.854443"><ele>97.0</ele><time>2022-05-28T14:28:27Z</time></trkpt><trkpt lat="58.049597" lon="38.854575"><ele>98.0</ele><time>2022-05-28T14:28:31Z</time></trkpt><trkpt lat="58.049547" lon="38.85469"><ele>98.0</ele><time>2022-05-28T14:28:34Z</time></trkpt><trkpt lat="58.049517" lon="38.854855"><ele>98.0</ele><time>2022-05-28T14:28:37Z</time></trkpt><trkpt lat="58.049493" lon="38.855018"><ele>98.0</ele><time>2022-05-28T14:28:41Z</time></trkpt><trkpt lat="58.049477" lon="38.855172"><ele>98.0</ele><time>2022-05-28T14:28:45Z</time></trkpt><trkpt lat="58.049457" lon="38.855353"><ele>98.0</ele><time>2022-05-28T14:28:49Z</time></trkpt><trkpt lat="58.049447" lon="38.85549"><ele>98.0</ele><time>2022-05-28T14:28:53Z</time></trkpt><trkpt lat="58.049418" lon="38.855658"><ele>98.0</ele><time>2022-05-28T14:28:57Z</time></trkpt><trkpt lat="58.049365" lon="38.855787"><ele>98.0</ele><time>2022-05-28T14:29:02Z</time></trkpt><trkpt lat="58.049297" lon="38.855848"><ele>97.0</ele><time>2022-05-28T14:29:07Z</time></trkpt><trkpt lat="58.049233" lon="38.855957"><ele>97.0</ele><time>2022-05-28T14:29:12Z</time></trkpt><trkpt lat="58.0492" lon="38.856095"><ele>97.0</ele><time>2022-05-28T14:29:17Z</time></trkpt><trkpt lat="58.049203" lon="38.85624"><ele>96.0</ele><time>2022-05-28T14:29:22Z</time></trkpt><trkpt lat="58.049147" lon="38.856127"><ele>96.0</ele><time>2022-05-28T14:29:30Z</time></trkpt><trkpt lat="58.049088" lon="38.856037"><ele>97.0</ele><time>2022-05-28T14:29:34Z</time></trkpt><trkpt lat="58.049025" lon="38.855948"><ele>97.0</ele><time>2022-05-28T14:29:38Z</time></trkpt><trkpt lat="58.048955" lon="38.85587"><ele>97.0</ele><time>2022-05-28T14:29:43Z</time></trkpt><trkpt lat="58.048888" lon="38.855778"><ele>96.0</ele><time>2022-05-28T14:29:48Z</time></trkpt><trkpt lat="58.048825" lon="38.855695"><ele>97.0</ele><time>2022-05-28T14:29:53Z</time></trkpt><trkpt lat="58.04877" lon="38.855588"><ele>97.0</ele><time>2022-05-28T14:30:00Z</time></trkpt><trkpt lat="58.048703" lon="38.85551"><ele>98.0</ele><time>2022-05-28T14:30:07Z</time></trkpt><trkpt lat="58.048642" lon="38.855588"><ele>99.0</ele><time>2022-05-28T14:31:14Z</time></trkpt><trkpt lat="58.048587" lon="38.855713"><ele>99.0</ele><time>2022-05-28T14:32:14Z</time></trkpt><trkpt lat="58.04855" lon="38.855868"><ele>99.0</ele><time>2022-05-28T14:32:17Z</time></trkpt><trkpt lat="58.048512" lon="38.855992"><ele>98.0</ele><time>2022-05-28T14:32:21Z</time></trkpt><trkpt lat="58.048495" lon="38.856133"><ele>97.0</ele><time>2022-05-28T14:32:25Z</time></trkpt><trkpt lat="58.048482" lon="38.85628"><ele>97.0</ele><time>2022-05-28T14:32:30Z</time></trkpt><trkpt lat="58.04849" lon="38.856428"><ele>97.0</ele><time>2022-05-28T14:32:35Z</time></trkpt><trkpt lat="58.048432" lon="38.856543"><ele>97.0</ele><time>2022-05-28T14:32:39Z</time></trkpt><trkpt lat="58.048407" lon="38.856677"><ele>96.0</ele><time>2022-05-28T14:32:42Z</time></trkpt><trkpt lat="58.048387" lon="38.856808"><ele>96.0</ele><time>2022-05-28T14:32:45Z</time></trkpt><trkpt lat="58.04835" lon="38.856928"><ele>96.0</ele><time>2022-05-28T14:32:50Z</time></trkpt><trkpt lat="58.048322" lon="38.857077"><ele>96.0</ele><time>2022-05-28T14:32:55Z</time></trkpt><trkpt lat="58.048273" lon="38.857218"><ele>96.0</ele><time>2022-05-28T14:33:00Z</time></trkpt><trkpt lat="58.048255" lon="38.857362"><ele>97.0</ele><time>2022-05-28T14:33:07Z</time></trkpt><trkpt lat="58.048275" lon="38.85751"><ele>96.0</ele><time>2022-05-28T14:33:14Z</time></trkpt><trkpt lat="58.048242" lon="38.857638"><ele>96.0</ele><time>2022-05-28T14:33:23Z</time></trkpt><trkpt lat="58.048207" lon="38.857763"><ele>96.0</ele><time>2022-05-28T14:33:27Z</time></trkpt><trkpt lat="58.048182" lon="38.857902"><ele>96.0</ele><time>2022-05-28T14:33:31Z</time></trkpt><trkpt lat="58.048173" lon="38.858065"><ele>95.0</ele><time>2022-05-28T14:33:35Z</time></trkpt><trkpt lat="58.048145" lon="38.858205"><ele>95.0</ele><time>2022-05-28T14:33:38Z</time></trkpt><trkpt lat="58.04813" lon="38.858348"><ele>95.0</ele><time>2022-05-28T14:33:41Z</time></trkpt><trkpt lat="58.048113" lon="38.858482"><ele>95.0</ele><time>2022-05-28T14:33:44Z</time></trkpt><trkpt lat="58.048078" lon="38.858638"><ele>95.0</ele><time>2022-05-28T14:33:48Z</time></trkpt><trkpt lat="58.048043" lon="38.858802"><ele>95.0</ele><time>2022-05-28T14:33:52Z</time></trkpt><trkpt lat="58.048025" lon="38.858935"><ele>95.0</ele><time>2022-05-28T14:33:55Z</time></trkpt><trkpt lat="58.047997" lon="38.859065"><ele>95.0</ele><time>2022-05-28T14:33:58Z</time></trkpt><trkpt lat="58.047972" lon="38.859208"><ele>95.0</ele><time>2022-05-28T14:34:01Z</time></trkpt><trkpt lat="58.047938" lon="38.859345"><ele>95.0</ele><time>2022-05-28T14:34:04Z</time></trkpt><trkpt lat="58.047915" lon="38.859505"><ele>95.0</ele><time>2022-05-28T14:34:07Z</time></trkpt><trkpt lat="58.04793" lon="38.85967"><ele>95.0</ele><time>2022-05-28T14:34:10Z</time></trkpt><trkpt lat="58.047982" lon="38.85977"><ele>95.0</ele><time>2022-05-28T14:34:13Z</time></trkpt><trkpt lat="58.048065" lon="38.859818"><ele>96.0</ele><time>2022-05-28T14:34:16Z</time></trkpt><trkpt lat="58.048152" lon="38.859863"><ele>96.0</ele><time>2022-05-28T14:34:19Z</time></trkpt><trkpt lat="58.048242" lon="38.859907"><ele>96.0</ele><time>2022-05-28T14:34:22Z</time></trkpt><trkpt lat="58.048335" lon="38.859968"><ele>96.0</ele><time>2022-05-28T14:34:25Z</time></trkpt><trkpt lat="58.048412" lon="38.860025"><ele>97.0</ele><time>2022-05-28T14:34:28Z</time></trkpt><trkpt lat="58.048498" lon="38.860093"><ele>97.0</ele><time>2022-05-28T14:34:32Z</time></trkpt><trkpt lat="58.048575" lon="38.86015"><ele>98.0</ele><time>2022-05-28T14:34:35Z</time></trkpt><trkpt lat="58.048652" lon="38.8602"><ele>98.0</ele><time>2022-05-28T14:34:38Z</time></trkpt><trkpt lat="58.048727" lon="38.860247"><ele>99.0</ele><time>2022-05-28T14:34:41Z</time></trkpt><trkpt lat="58.048807" lon="38.860313"><ele>99.0</ele><time>2022-05-28T14:34:45Z</time></trkpt><trkpt lat="58.04889" lon="38.860377"><ele>99.0</ele><time>2022-05-28T14:34:49Z</time></trkpt><trkpt lat="58.048958" lon="38.860417"><ele>99.0</ele><time>2022-05-28T14:34:52Z</time></trkpt><trkpt lat="58.04903" lon="38.86046"><ele>98.0</ele><time>2022-05-28T14:34:55Z</time></trkpt><trkpt lat="58.049098" lon="38.860515"><ele>98.0</ele><time>2022-05-28T14:34:58Z</time></trkpt><trkpt lat="58.049167" lon="38.86056"><ele>99.0</ele><time>2022-05-28T14:35:01Z</time></trkpt><trkpt lat="58.049253" lon="38.86062"><ele>99.0</ele><time>2022-05-28T14:35:05Z</time></trkpt><trkpt lat="58.049328" lon="38.860663"><ele>100.0</ele><time>2022-05-28T14:35:08Z</time></trkpt><trkpt lat="58.049407" lon="38.860717"><ele>100.0</ele><time>2022-05-28T14:35:11Z</time></trkpt><trkpt lat="58.049488" lon="38.86077"><ele>100.0</ele><time>2022-05-28T14:35:14Z</time></trkpt><trkpt lat="58.04957" lon="38.860797"><ele>99.0</ele><time>2022-05-28T14:35:17Z</time></trkpt><trkpt lat="58.049657" lon="38.860842"><ele>98.0</ele><time>2022-05-28T14:35:20Z</time></trkpt><trkpt lat="58.049728" lon="38.860888"><ele>98.0</ele><time>2022-05-28T14:35:24Z</time></trkpt><trkpt lat="58.049798" lon="38.860938"><ele>98.0</ele><time>2022-05-28T14:42:19Z</time></trkpt><trkpt lat="58.049878" lon="38.860988"><ele>98.0</ele><time>2022-05-28T14:42:22Z</time></trkpt><trkpt lat="58.04996" lon="38.861042"><ele>96.0</ele><time>2022-05-28T14:42:25Z</time></trkpt><trkpt lat="58.050037" lon="38.861098"><ele>96.0</ele><time>2022-05-28T14:42:28Z</time></trkpt><trkpt lat="58.050107" lon="38.861148"><ele>97.0</ele><time>2022-05-28T14:42:31Z</time></trkpt><trkpt lat="58.050178" lon="38.861195"><ele>97.0</ele><time>2022-05-28T14:42:34Z</time></trkpt><trkpt lat="58.050257" lon="38.861247"><ele>98.0</ele><time>2022-05-28T14:42:37Z</time></trkpt><trkpt lat="58.050327" lon="38.861292"><ele>98.0</ele><time>2022-05-28T14:42:40Z</time></trkpt><trkpt lat="58.050407" lon="38.861343"><ele>98.0</ele><time>2022-05-28T14:42:42Z</time></trkpt><trkpt lat="58.05049" lon="38.861398"><ele>98.0</ele><time>2022-05-28T14:42:45Z</time></trkpt><trkpt lat="58.05056" lon="38.861467"><ele>98.0</ele><time>2022-05-28T14:42:48Z</time></trkpt><trkpt lat="58.050637" lon="38.861522"><ele>98.0</ele><time>2022-05-28T14:42:51Z</time></trkpt><trkpt lat="58.050708" lon="38.861557"><ele>99.0</ele><time>2022-05-28T14:42:54Z</time></trkpt><trkpt lat="58.050782" lon="38.861587"><ele>99.0</ele><time>2022-05-28T14:42:57Z</time></trkpt><trkpt lat="58.050872" lon="38.861658"><ele>100.0</ele><time>2022-05-28T14:43:01Z</time></trkpt><trkpt lat="58.050957" lon="38.861715"><ele>100.0</ele><time>2022-05-28T14:43:04Z</time></trkpt><trkpt lat="58.051023" lon="38.861772"><ele>100.0</ele><time>2022-05-28T14:43:07Z</time></trkpt><trkpt lat="58.051095" lon="38.861835"><ele>100.0</ele><time>2022-05-28T14:43:20Z</time></trkpt><trkpt lat="58.051172" lon="38.861883"><ele>99.0</ele><time>2022-05-28T14:43:23Z</time></trkpt><trkpt lat="58.05125" lon="38.861943"><ele>99.0</ele><time>2022-05-28T14:43:26Z</time></trkpt><trkpt lat="58.051327" lon="38.862"><ele>100.0</ele><time>2022-05-28T14:43:29Z</time></trkpt><trkpt lat="58.051403" lon="38.862057"><ele>99.0</ele><time>2022-05-28T14:43:32Z</time></trkpt><trkpt lat="58.051488" lon="38.862107"><ele>99.0</ele><time>2022-05-28T14:43:35Z</time></trkpt><trkpt lat="58.051563" lon="38.862158"><ele>100.0</ele><time>2022-05-28T14:43:38Z</time></trkpt><trkpt lat="58.051645" lon="38.862228"><ele>100.0</ele><time>2022-05-28T14:43:43Z</time></trkpt><trkpt lat="58.051728" lon="38.862287"><ele>100.0</ele><time>2022-05-28T14:43:47Z</time></trkpt><trkpt lat="58.051822" lon="38.86233"><ele>100.0</ele><time>2022-05-28T14:43:51Z</time></trkpt><trkpt lat="58.051902" lon="38.862373"><ele>100.0</ele><time>2022-05-28T14:43:54Z</time></trkpt><trkpt lat="58.051977" lon="38.862427"><ele>100.0</ele><time>2022-05-28T14:43:57Z</time></trkpt><trkpt lat="58.052048" lon="38.862478"><ele>101.0</ele><time>2022-05-28T14:44:00Z</time></trkpt><trkpt lat="58.052138" lon="38.862533"><ele>100.0</ele><time>2022-05-28T14:44:04Z</time></trkpt><trkpt lat="58.05222" lon="38.86259"><ele>101.0</ele><time>2022-05-28T14:44:08Z</time></trkpt><trkpt lat="58.0523" lon="38.862638"><ele>101.0</ele><time>2022-05-28T14:44:12Z</time></trkpt><trkpt lat="58.05237" lon="38.862673"><ele>101.0</ele><time>2022-05-28T14:44:15Z</time></trkpt><trkpt lat="58.05245" lon="38.862728"><ele>101.0</ele><time>2022-05-28T14:44:19Z</time></trkpt><trkpt lat="58.052528" lon="38.862777"><ele>100.0</ele><time>2022-05-28T14:44:23Z</time></trkpt><trkpt lat="58.052618" lon="38.862837"><ele>100.0</ele><time>2022-05-28T14:44:27Z</time></trkpt><trkpt lat="58.052708" lon="38.86289"><ele>100.0</ele><time>2022-05-28T14:44:31Z</time></trkpt><trkpt lat="58.052787" lon="38.862935"><ele>100.0</ele><time>2022-05-28T14:44:35Z</time></trkpt><trkpt lat="58.052873" lon="38.862987"><ele>100.0</ele><time>2022-05-28T14:44:39Z</time></trkpt><trkpt lat="58.052962" lon="38.863052"><ele>100.0</ele><time>2022-05-28T14:44:43Z</time></trkpt><trkpt lat="58.053045" lon="38.863113"><ele>100.0</ele><time>2022-05-28T14:44:47Z</time></trkpt><trkpt lat="58.053127" lon="38.863172"><ele>99.0</ele><time>2022-05-28T14:44:51Z</time></trkpt><trkpt lat="58.053213" lon="38.863225"><ele>98.0</ele><time>2022-05-28T14:44:55Z</time></trkpt><trkpt lat="58.053283" lon="38.863277"><ele>97.0</ele><time>2022-05-28T14:44:58Z</time></trkpt><trkpt lat="58.053342" lon="38.86336"><ele>96.0</ele><time>2022-05-28T14:45:00Z</time></trkpt><trkpt lat="58.053418" lon="38.863415"><ele>97.0</ele><time>2022-05-28T14:45:04Z</time></trkpt><trkpt lat="58.053498" lon="38.86346"><ele>98.0</ele><time>2022-05-28T14:45:08Z</time></trkpt><trkpt lat="58.053588" lon="38.863505"><ele>99.0</ele><time>2022-05-28T14:45:12Z</time></trkpt><trkpt lat="58.053673" lon="38.86356"><ele>99.0</ele><time>2022-05-28T14:45:16Z</time></trkpt><trkpt lat="58.053753" lon="38.863612"><ele>100.0</ele><time>2022-05-28T14:45:20Z</time></trkpt><trkpt lat="58.053833" lon="38.863658"><ele>100.0</ele><time>2022-05-28T14:45:24Z</time></trkpt><trkpt lat="58.053912" lon="38.863703"><ele>100.0</ele><time>2022-05-28T14:45:27Z</time></trkpt><trkpt lat="58.053992" lon="38.863767"><ele>99.0</ele><time>2022-05-28T14:45:30Z</time></trkpt><trkpt lat="58.054077" lon="38.863818"><ele>100.0</ele><time>2022-05-28T14:45:34Z</time></trkpt><trkpt lat="58.054155" lon="38.863863"><ele>100.0</ele><time>2022-05-28T14:45:38Z</time></trkpt><trkpt lat="58.054225" lon="38.863912"><ele>100.0</ele><time>2022-05-28T14:45:41Z</time></trkpt><trkpt lat="58.054305" lon="38.863955"><ele>99.0</ele><time>2022-05-28T14:45:44Z</time></trkpt><trkpt lat="58.054388" lon="38.864013"><ele>99.0</ele><time>2022-05-28T14:45:47Z</time></trkpt><trkpt lat="58.054475" lon="38.864078"><ele>99.0</ele><time>2022-05-28T14:45:50Z</time></trkpt><trkpt lat="58.054572" lon="38.864145"><ele>100.0</ele><time>2022-05-28T14:45:53Z</time></trkpt><trkpt lat="58.054643" lon="38.86419"><ele>99.0</ele><time>2022-05-28T14:45:55Z</time></trkpt><trkpt lat="58.054717" lon="38.864232"><ele>99.0</ele><time>2022-05-28T14:45:57Z</time></trkpt><trkpt lat="58.054787" lon="38.864277"><ele>99.0</ele><time>2022-05-28T14:45:59Z</time></trkpt><trkpt lat="58.054855" lon="38.864322"><ele>99.0</ele><time>2022-05-28T14:46:01Z</time></trkpt><trkpt lat="58.054925" lon="38.864367"><ele>99.0</ele><time>2022-05-28T14:46:03Z</time></trkpt><trkpt lat="58.054995" lon="38.86441"><ele>98.0</ele><time>2022-05-28T14:46:05Z</time></trkpt><trkpt lat="58.055097" lon="38.864482"><ele>98.0</ele><time>2022-05-28T14:46:08Z</time></trkpt><trkpt lat="58.055197" lon="38.864548"><ele>98.0</ele><time>2022-05-28T14:46:11Z</time></trkpt><trkpt lat="58.055283" lon="38.864602"><ele>97.0</ele><time>2022-05-28T14:46:14Z</time></trkpt><trkpt lat="58.055363" lon="38.864653"><ele>97.0</ele><time>2022-05-28T14:46:17Z</time></trkpt><trkpt lat="58.05544" lon="38.864705"><ele>98.0</ele><time>2022-05-28T14:46:20Z</time></trkpt><trkpt lat="58.055518" lon="38.864743"><ele>97.0</ele><time>2022-05-28T14:46:23Z</time></trkpt><trkpt lat="58.055598" lon="38.864768"><ele>96.0</ele><time>2022-05-28T14:46:26Z</time></trkpt><trkpt lat="58.055673" lon="38.864757"><ele>96.0</ele><time>2022-05-28T14:46:29Z</time></trkpt><trkpt lat="58.055732" lon="38.864672"><ele>95.0</ele><time>2022-05-28T14:46:32Z</time></trkpt><trkpt lat="58.055763" lon="38.864547"><ele>95.0</ele><time>2022-05-28T14:46:35Z</time></trkpt><trkpt lat="58.055765" lon="38.864388"><ele>95.0</ele><time>2022-05-28T14:46:38Z</time></trkpt><trkpt lat="58.055752" lon="38.864205"><ele>95.0</ele><time>2022-05-28T14:46:41Z</time></trkpt><trkpt lat="58.055698" lon="38.864028"><ele>94.0</ele><time>2022-05-28T14:46:44Z</time></trkpt><trkpt lat="58.055653" lon="38.863915"><ele>94.0</ele><time>2022-05-28T14:46:46Z</time></trkpt><trkpt lat="58.055585" lon="38.863773"><ele>95.0</ele><time>2022-05-28T14:46:49Z</time></trkpt><trkpt lat="58.055517" lon="38.863655"><ele>95.0</ele><time>2022-05-28T14:46:52Z</time></trkpt><trkpt lat="58.055452" lon="38.863557"><ele>95.0</ele><time>2022-05-28T14:46:55Z</time></trkpt><trkpt lat="58.055393" lon="38.86347"><ele>95.0</ele><time>2022-05-28T14:46:59Z</time></trkpt><trkpt lat="58.055463" lon="38.863372"><ele>94.0</ele><time>2022-05-28T14:47:19Z</time></trkpt><trkpt lat="58.0555" lon="38.86325"><ele>94.0</ele><time>2022-05-28T14:47:24Z</time></trkpt><trkpt lat="58.055442" lon="38.863148"><ele>93.0</ele><time>2022-05-28T14:47:32Z</time></trkpt><trkpt lat="58.055395" lon="38.863032"><ele>93.0</ele><time>2022-05-28T14:47:35Z</time></trkpt><trkpt lat="58.055345" lon="38.862923"><ele>93.0</ele><time>2022-05-28T14:47:38Z</time></trkpt><trkpt lat="58.055285" lon="38.862837"><ele>94.0</ele><time>2022-05-28T14:47:41Z</time></trkpt><trkpt lat="58.055227" lon="38.862752"><ele>94.0</ele><time>2022-05-28T14:47:44Z</time></trkpt><trkpt lat="58.055142" lon="38.8627"><ele>93.0</ele><time>2022-05-28T14:47:48Z</time></trkpt><trkpt lat="58.055082" lon="38.862587"><ele>94.0</ele><time>2022-05-28T14:47:52Z</time></trkpt><trkpt lat="58.055018" lon="38.862457"><ele>94.0</ele><time>2022-05-28T14:47:56Z</time></trkpt><trkpt lat="58.054945" lon="38.862357"><ele>94.0</ele><time>2022-05-28T14:48:00Z</time></trkpt><trkpt lat="58.054883" lon="38.862245"><ele>94.0</ele><time>2022-05-28T14:48:05Z</time></trkpt><trkpt lat="58.054862" lon="38.862103"><ele>95.0</ele><time>2022-05-28T14:48:10Z</time></trkpt><trkpt lat="58.05489" lon="38.861963"><ele>94.0</ele><time>2022-05-28T14:48:15Z</time></trkpt><trkpt lat="58.054935" lon="38.861828"><ele>93.0</ele><time>2022-05-28T14:48:20Z</time></trkpt><trkpt lat="58.054973" lon="38.861702"><ele>94.0</ele><time>2022-05-28T14:48:24Z</time></trkpt><trkpt lat="58.055012" lon="38.861555"><ele>95.0</ele><time>2022-05-28T14:48:30Z</time></trkpt><trkpt lat="58.055068" lon="38.861455"><ele>95.0</ele><time>2022-05-28T14:48:34Z</time></trkpt><trkpt lat="58.055018" lon="38.861327"><ele>94.0</ele><time>2022-05-28T14:48:40Z</time></trkpt><trkpt lat="58.055058" lon="38.861182"><ele>94.0</ele><time>2022-05-28T14:48:45Z</time></trkpt><trkpt lat="58.055097" lon="38.861057"><ele>94.0</ele><time>2022-05-28T14:48:49Z</time></trkpt><trkpt lat="58.05514" lon="38.860908"><ele>94.0</ele><time>2022-05-28T14:48:53Z</time></trkpt><trkpt lat="58.05517" lon="38.860752"><ele>95.0</ele><time>2022-05-28T14:48:57Z</time></trkpt><trkpt lat="58.055192" lon="38.860578"><ele>94.0</ele><time>2022-05-28T14:49:01Z</time></trkpt><trkpt lat="58.055225" lon="38.86041"><ele>93.0</ele><time>2022-05-28T14:49:05Z</time></trkpt><trkpt lat="58.055247" lon="38.86026"><ele>95.0</ele><time>2022-05-28T14:49:08Z</time></trkpt><trkpt lat="58.055257" lon="38.860107"><ele>97.0</ele><time>2022-05-28T14:49:11Z</time></trkpt><trkpt lat="58.055273" lon="38.859962"><ele>97.0</ele><time>2022-05-28T14:49:14Z</time></trkpt><trkpt lat="58.055297" lon="38.859803"><ele>97.0</ele><time>2022-05-28T14:49:17Z</time></trkpt><trkpt lat="58.055337" lon="38.859645"><ele>95.0</ele><time>2022-05-28T14:49:20Z</time></trkpt><trkpt lat="58.05536" lon="38.859493"><ele>95.0</ele><time>2022-05-28T14:49:23Z</time></trkpt><trkpt lat="58.055375" lon="38.85934"><ele>95.0</ele><time>2022-05-28T14:49:26Z</time></trkpt><trkpt lat="58.055408" lon="38.85917"><ele>94.0</ele><time>2022-05-28T14:49:30Z</time></trkpt><trkpt lat="58.055442" lon="38.859047"><ele>94.0</ele><time>2022-05-28T14:49:33Z</time></trkpt><trkpt lat="58.055485" lon="38.858922"><ele>95.0</ele><time>2022-05-28T14:49:37Z</time></trkpt><trkpt lat="58.05551" lon="38.858753"><ele>95.0</ele><time>2022-05-28T14:49:42Z</time></trkpt><trkpt lat="58.055537" lon="38.858615"><ele>94.0</ele><time>2022-05-28T14:49:45Z</time></trkpt><trkpt lat="58.055575" lon="38.858482"><ele>94.0</ele><time>2022-05-28T14:49:48Z</time></trkpt><trkpt lat="58.055623" lon="38.85833"><ele>96.0</ele><time>2022-05-28T14:49:52Z</time></trkpt><trkpt lat="58.055657" lon="38.85817"><ele>96.0</ele><time>2022-05-28T14:49:55Z</time></trkpt><trkpt lat="58.05571" lon="38.858022"><ele>96.0</ele><time>2022-05-28T14:49:59Z</time></trkpt><trkpt lat="58.055762" lon="38.857892"><ele>96.0</ele><time>2022-05-28T14:50:03Z</time></trkpt><trkpt lat="58.05581" lon="38.857748"><ele>96.0</ele><time>2022-05-28T14:50:07Z</time></trkpt><trkpt lat="58.05586" lon="38.857602"><ele>96.0</ele><time>2022-05-28T14:50:10Z</time></trkpt><trkpt lat="58.055943" lon="38.85747"><ele>97.0</ele><time>2022-05-28T14:50:13Z</time></trkpt><trkpt lat="58.056022" lon="38.857363"><ele>96.0</ele><time>2022-05-28T14:50:16Z</time></trkpt><trkpt lat="58.056078" lon="38.857242"><ele>97.0</ele><time>2022-05-28T14:50:19Z</time></trkpt><trkpt lat="58.056133" lon="38.85713"><ele>97.0</ele><time>2022-05-28T14:50:22Z</time></trkpt><trkpt lat="58.056198" lon="38.856988"><ele>97.0</ele><time>2022-05-28T14:50:27Z</time></trkpt><trkpt lat="58.056263" lon="38.856885"><ele>98.0</ele><time>2022-05-28T14:50:30Z</time></trkpt><trkpt lat="58.05633" lon="38.856797"><ele>98.0</ele><time>2022-05-28T14:50:33Z</time></trkpt><trkpt lat="58.056388" lon="38.856712"><ele>99.0</ele><time>2022-05-28T14:50:36Z</time></trkpt><trkpt lat="58.056432" lon="38.8566"><ele>99.0</ele><time>2022-05-28T14:53:15Z</time></trkpt><trkpt lat="58.056495" lon="38.856505"><ele>97.0</ele><time>2022-05-28T14:53:21Z</time></trkpt><trkpt lat="58.056557" lon="38.856425"><ele>98.0</ele><time>2022-05-28T14:53:27Z</time></trkpt><trkpt lat="58.056617" lon="38.856342"><ele>97.0</ele><time>2022-05-28T14:53:32Z</time></trkpt><trkpt lat="58.056682" lon="38.856262"><ele>97.0</ele><time>2022-05-28T14:53:38Z</time></trkpt><trkpt lat="58.056743" lon="38.856168"><ele>97.0</ele><time>2022-05-28T14:53:44Z</time></trkpt><trkpt lat="58.0568" lon="38.856057"><ele>96.0</ele><time>2022-05-28T14:53:50Z</time></trkpt><trkpt lat="58.056865" lon="38.855955"><ele>96.0</ele><time>2022-05-28T14:53:56Z</time></trkpt><trkpt lat="58.056932" lon="38.855868"><ele>96.0</ele><time>2022-05-28T14:54:01Z</time></trkpt><trkpt lat="58.056998" lon="38.855777"><ele>96.0</ele><time>2022-05-28T14:54:06Z</time></trkpt><trkpt lat="58.057057" lon="38.855688"><ele>96.0</ele><time>2022-05-28T14:54:10Z</time></trkpt><trkpt lat="58.057127" lon="38.855593"><ele>96.0</ele><time>2022-05-28T14:54:14Z</time></trkpt><trkpt lat="58.057195" lon="38.855505"><ele>96.0</ele><time>2022-05-28T14:54:18Z</time></trkpt><trkpt lat="58.057258" lon="38.855413"><ele>95.0</ele><time>2022-05-28T14:54:22Z</time></trkpt><trkpt lat="58.057317" lon="38.855328"><ele>95.0</ele><time>2022-05-28T14:54:26Z</time></trkpt><trkpt lat="58.057318" lon="38.855177"><ele>95.0</ele><time>2022-05-28T14:54:54Z</time></trkpt><trkpt lat="58.05728" lon="38.855048"><ele>96.0</ele><time>2022-05-28T14:55:20Z</time></trkpt><trkpt lat="58.057225" lon="38.854948"><ele>96.0</ele><time>2022-05-28T14:55:23Z</time></trkpt><trkpt lat="58.057153" lon="38.854835"><ele>96.0</ele><time>2022-05-28T14:55:26Z</time></trkpt><trkpt lat="58.057072" lon="38.85473"><ele>94.0</ele><time>2022-05-28T14:55:29Z</time></trkpt><trkpt lat="58.056992" lon="38.854615"><ele>94.0</ele><time>2022-05-28T14:55:32Z</time></trkpt><trkpt lat="58.056918" lon="38.854508"><ele>93.0</ele><time>2022-05-28T14:55:35Z</time></trkpt><trkpt lat="58.05686" lon="38.854423"><ele>93.0</ele><time>2022-05-28T14:55:38Z</time></trkpt><trkpt lat="58.056843" lon="38.854278"><ele>93.0</ele><time>2022-05-28T14:55:42Z</time></trkpt><trkpt lat="58.056885" lon="38.854147"><ele>93.0</ele><time>2022-05-28T14:55:47Z</time></trkpt><trkpt lat="58.05693" lon="38.853973"><ele>94.0</ele><time>2022-05-28T14:55:51Z</time></trkpt><trkpt lat="58.056963" lon="38.853827"><ele>94.0</ele><time>2022-05-28T14:55:54Z</time></trkpt><trkpt lat="58.057" lon="38.853683"><ele>94.0</ele><time>2022-05-28T14:55:57Z</time></trkpt><trkpt lat="58.057043" lon="38.853555"><ele>94.0</ele><time>2022-05-28T14:56:00Z</time></trkpt><trkpt lat="58.05709" lon="38.853423"><ele>93.0</ele><time>2022-05-28T14:56:03Z</time></trkpt><trkpt lat="58.057122" lon="38.853297"><ele>93.0</ele><time>2022-05-28T14:56:06Z</time></trkpt><trkpt lat="58.057165" lon="38.853148"><ele>93.0</ele><time>2022-05-28T14:56:10Z</time></trkpt><trkpt lat="58.057195" lon="38.853015"><ele>93.0</ele><time>2022-05-28T14:56:14Z</time></trkpt><trkpt lat="58.05723" lon="38.852865"><ele>93.0</ele><time>2022-05-28T14:56:18Z</time></trkpt><trkpt lat="58.057275" lon="38.852742"><ele>93.0</ele><time>2022-05-28T14:56:21Z</time></trkpt><trkpt lat="58.057317" lon="38.85263"><ele>93.0</ele><time>2022-05-28T14:56:24Z</time></trkpt><trkpt lat="58.057378" lon="38.852512"><ele>93.0</ele><time>2022-05-28T14:56:28Z</time></trkpt><trkpt lat="58.057437" lon="38.852422"><ele>93.0</ele><time>2022-05-28T14:56:31Z</time></trkpt><trkpt lat="58.057507" lon="38.852295"><ele>93.0</ele><time>2022-05-28T14:56:35Z</time></trkpt><trkpt lat="58.057558" lon="38.852165"><ele>93.0</ele><time>2022-05-28T14:56:38Z</time></trkpt><trkpt lat="58.05761" lon="38.852022"><ele>93.0</ele><time>2022-05-28T14:56:42Z</time></trkpt><trkpt lat="58.057655" lon="38.851868"><ele>93.0</ele><time>2022-05-28T14:56:46Z</time></trkpt><trkpt lat="58.057698" lon="38.851708"><ele>93.0</ele><time>2022-05-28T14:56:50Z</time></trkpt><trkpt lat="58.057732" lon="38.85158"><ele>93.0</ele><time>2022-05-28T14:56:53Z</time></trkpt><trkpt lat="58.057782" lon="38.851443"><ele>93.0</ele><time>2022-05-28T14:56:57Z</time></trkpt><trkpt lat="58.057838" lon="38.851302"><ele>94.0</ele><time>2022-05-28T14:57:02Z</time></trkpt><trkpt lat="58.057892" lon="38.851203"><ele>94.0</ele><time>2022-05-28T14:57:05Z</time></trkpt><trkpt lat="58.057955" lon="38.851087"><ele>94.0</ele><time>2022-05-28T14:57:10Z</time></trkpt><trkpt lat="58.058005" lon="38.850972"><ele>94.0</ele><time>2022-05-28T14:57:15Z</time></trkpt><trkpt lat="58.05805" lon="38.850848"><ele>94.0</ele><time>2022-05-28T14:57:20Z</time></trkpt><trkpt lat="58.058073" lon="38.850717"><ele>94.0</ele><time>2022-05-28T14:57:23Z</time></trkpt><trkpt lat="58.058135" lon="38.850608"><ele>94.0</ele><time>2022-05-28T14:57:28Z</time></trkpt><trkpt lat="58.058195" lon="38.850487"><ele>93.0</ele><time>2022-05-28T14:57:33Z</time></trkpt><trkpt lat="58.05824" lon="38.850377"><ele>93.0</ele><time>2022-05-28T14:57:36Z</time></trkpt><trkpt lat="58.058283" lon="38.850263"><ele>93.0</ele><time>2022-05-28T14:57:39Z</time></trkpt><trkpt lat="58.05833" lon="38.85015"><ele>93.0</ele><time>2022-05-28T14:57:43Z</time></trkpt><trkpt lat="58.058378" lon="38.850022"><ele>92.0</ele><time>2022-05-28T14:57:47Z</time></trkpt><trkpt lat="58.058428" lon="38.849915"><ele>93.0</ele><time>2022-05-28T14:57:51Z</time></trkpt><trkpt lat="58.058473" lon="38.849785"><ele>93.0</ele><time>2022-05-28T14:57:55Z</time></trkpt><trkpt lat="58.058518" lon="38.849665"><ele>92.0</ele><time>2022-05-28T14:58:01Z</time></trkpt><trkpt lat="58.058568" lon="38.849518"><ele>92.0</ele><time>2022-05-28T14:58:07Z</time></trkpt><trkpt lat="58.058608" lon="38.849405"><ele>93.0</ele><time>2022-05-28T14:58:10Z</time></trkpt><trkpt lat="58.058642" lon="38.849265"><ele>92.0</ele><time>2022-05-28T14:58:14Z</time></trkpt><trkpt lat="58.05867" lon="38.849132"><ele>92.0</ele><time>2022-05-28T14:58:18Z</time></trkpt><trkpt lat="58.058715" lon="38.849013"><ele>92.0</ele><time>2022-05-28T14:58:22Z</time></trkpt><trkpt lat="58.058768" lon="38.848915"><ele>92.0</ele><time>2022-05-28T14:58:26Z</time></trkpt><trkpt lat="58.05881" lon="38.848803"><ele>92.0</ele><time>2022-05-28T14:58:31Z</time></trkpt><trkpt lat="58.058857" lon="38.848678"><ele>92.0</ele><time>2022-05-28T14:58:36Z</time></trkpt><trkpt lat="58.05891" lon="38.848562"><ele>92.0</ele><time>2022-05-28T14:58:43Z</time></trkpt><trkpt lat="58.05898" lon="38.848455"><ele>92.0</ele><time>2022-05-28T14:58:48Z</time></trkpt><trkpt lat="58.059043" lon="38.848368"><ele>92.0</ele><time>2022-05-28T14:58:52Z</time></trkpt><trkpt lat="58.059095" lon="38.848238"><ele>92.0</ele><time>2022-05-28T14:58:57Z</time></trkpt><trkpt lat="58.059135" lon="38.848102"><ele>92.0</ele><time>2022-05-28T14:59:01Z</time></trkpt><trkpt lat="58.059185" lon="38.84797"><ele>92.0</ele><time>2022-05-28T14:59:05Z</time></trkpt><trkpt lat="58.059233" lon="38.847848"><ele>92.0</ele><time>2022-05-28T14:59:09Z</time></trkpt><trkpt lat="58.05928" lon="38.847708"><ele>92.0</ele><time>2022-05-28T14:59:14Z</time></trkpt><trkpt lat="58.059337" lon="38.847583"><ele>92.0</ele><time>2022-05-28T14:59:18Z</time></trkpt><trkpt lat="58.059397" lon="38.847463"><ele>93.0</ele><time>2022-05-28T14:59:22Z</time></trkpt><trkpt lat="58.059458" lon="38.847345"><ele>93.0</ele><time>2022-05-28T14:59:26Z</time></trkpt><trkpt lat="58.059517" lon="38.84723"><ele>93.0</ele><time>2022-05-28T14:59:30Z</time></trkpt><trkpt lat="58.059573" lon="38.84711"><ele>93.0</ele><time>2022-05-28T14:59:34Z</time></trkpt><trkpt lat="58.059612" lon="38.84699"><ele>93.0</ele><time>2022-05-28T14:59:38Z</time></trkpt><trkpt lat="58.059662" lon="38.846888"><ele>93.0</ele><time>2022-05-28T14:59:42Z</time></trkpt><trkpt lat="58.059713" lon="38.846768"><ele>93.0</ele><time>2022-05-28T14:59:46Z</time></trkpt><trkpt lat="58.059752" lon="38.846643"><ele>93.0</ele><time>2022-05-28T14:59:50Z</time></trkpt><trkpt lat="58.059797" lon="38.846527"><ele>93.0</ele><time>2022-05-28T14:59:54Z</time></trkpt><trkpt lat="58.059848" lon="38.846408"><ele>93.0</ele><time>2022-05-28T14:59:58Z</time></trkpt><trkpt lat="58.059908" lon="38.846313"><ele>93.0</ele><time>2022-05-28T15:00:02Z</time></trkpt><trkpt lat="58.059967" lon="38.84621"><ele>94.0</ele><time>2022-05-28T15:00:06Z</time></trkpt><trkpt lat="58.060018" lon="38.846092"><ele>93.0</ele><time>2022-05-28T15:00:10Z</time></trkpt><trkpt lat="58.060063" lon="38.84598"><ele>94.0</ele><time>2022-05-28T15:00:14Z</time></trkpt><trkpt lat="58.060122" lon="38.845888"><ele>93.0</ele><time>2022-05-28T15:00:18Z</time></trkpt><trkpt lat="58.060172" lon="38.845785"><ele>94.0</ele><time>2022-05-28T15:00:23Z</time></trkpt><trkpt lat="58.06024" lon="38.845698"><ele>95.0</ele><time>2022-05-28T15:00:28Z</time></trkpt><trkpt lat="58.060277" lon="38.845577"><ele>95.0</ele><time>2022-05-28T15:00:34Z</time></trkpt><trkpt lat="58.060317" lon="38.845437"><ele>94.0</ele><time>2022-05-28T15:00:39Z</time></trkpt><trkpt lat="58.060317" lon="38.845268"><ele>93.0</ele><time>2022-05-28T15:00:43Z</time></trkpt><trkpt lat="58.06033" lon="38.845118"><ele>92.0</ele><time>2022-05-28T15:00:47Z</time></trkpt><trkpt lat="58.060368" lon="38.845005"><ele>92.0</ele><time>2022-05-28T15:00:51Z</time></trkpt><trkpt lat="58.060427" lon="38.844897"><ele>93.0</ele><time>2022-05-28T15:00:56Z</time></trkpt><trkpt lat="58.060487" lon="38.844808"><ele>93.0</ele><time>2022-05-28T15:01:01Z</time></trkpt><trkpt lat="58.060552" lon="38.844725"><ele>93.0</ele><time>2022-05-28T15:01:08Z</time></trkpt><trkpt lat="58.060623" lon="38.84463"><ele>94.0</ele><time>2022-05-28T15:01:15Z</time></trkpt><trkpt lat="58.060695" lon="38.84454"><ele>93.0</ele><time>2022-05-28T15:01:20Z</time></trkpt><trkpt lat="58.060777" lon="38.84446"><ele>94.0</ele><time>2022-05-28T15:01:25Z</time></trkpt><trkpt lat="58.060857" lon="38.844423"><ele>95.0</ele><time>2022-05-28T15:01:29Z</time></trkpt><trkpt lat="58.06093" lon="38.844377"><ele>95.0</ele><time>2022-05-28T15:01:32Z</time></trkpt><trkpt lat="58.061015" lon="38.844318"><ele>94.0</ele><time>2022-05-28T15:01:36Z</time></trkpt><trkpt lat="58.061092" lon="38.844237"><ele>95.0</ele><time>2022-05-28T15:01:40Z</time></trkpt><trkpt lat="58.061145" lon="38.844147"><ele>95.0</ele><time>2022-05-28T15:01:44Z</time></trkpt><trkpt lat="58.061208" lon="38.844052"><ele>95.0</ele><time>2022-05-28T15:01:48Z</time></trkpt><trkpt lat="58.061263" lon="38.843967"><ele>95.0</ele><time>2022-05-28T15:01:52Z</time></trkpt><trkpt lat="58.061323" lon="38.843868"><ele>95.0</ele><time>2022-05-28T15:01:57Z</time></trkpt><trkpt lat="58.061378" lon="38.843782"><ele>96.0</ele><time>2022-05-28T15:02:00Z</time></trkpt><trkpt lat="58.061437" lon="38.843697"><ele>95.0</ele><time>2022-05-28T15:02:04Z</time></trkpt><trkpt lat="58.0615" lon="38.843588"><ele>96.0</ele><time>2022-05-28T15:02:08Z</time></trkpt><trkpt lat="58.06156" lon="38.843478"><ele>95.0</ele><time>2022-05-28T15:02:12Z</time></trkpt><trkpt lat="58.06163" lon="38.843388"><ele>94.0</ele><time>2022-05-28T15:02:16Z</time></trkpt><trkpt lat="58.061652" lon="38.843257"><ele>96.0</ele><time>2022-05-28T15:02:32Z</time></trkpt><trkpt lat="58.061725" lon="38.843252"><ele>96.0</ele><time>2022-05-28T15:03:03Z</time></trkpt><trkpt lat="58.061783" lon="38.843133"><ele>96.0</ele><time>2022-05-28T15:03:09Z</time></trkpt><trkpt lat="58.061848" lon="38.843028"><ele>96.0</ele><time>2022-05-28T15:03:14Z</time></trkpt><trkpt lat="58.061922" lon="38.842918"><ele>96.0</ele><time>2022-05-28T15:03:19Z</time></trkpt><trkpt lat="58.061995" lon="38.842783"><ele>96.0</ele><time>2022-05-28T15:03:22Z</time></trkpt><trkpt lat="58.062053" lon="38.842685"><ele>96.0</ele><time>2022-05-28T15:03:25Z</time></trkpt><trkpt lat="58.062082" lon="38.842498"><ele>95.0</ele><time>2022-05-28T15:04:06Z</time></trkpt><trkpt lat="58.062152" lon="38.842412"><ele>95.0</ele><time>2022-05-28T15:04:13Z</time></trkpt><trkpt lat="58.062215" lon="38.842328"><ele>95.0</ele><time>2022-05-28T15:04:17Z</time></trkpt><trkpt lat="58.062283" lon="38.842245"><ele>95.0</ele><time>2022-05-28T15:04:24Z</time></trkpt><trkpt lat="58.062348" lon="38.842173"><ele>97.0</ele><time>2022-05-28T15:04:29Z</time></trkpt><trkpt lat="58.062425" lon="38.842103"><ele>97.0</ele><time>2022-05-28T15:04:43Z</time></trkpt><trkpt lat="58.062503" lon="38.84207"><ele>99.0</ele><time>2022-05-28T15:05:08Z</time></trkpt><trkpt lat="58.062457" lon="38.842195"><ele>101.0</ele><time>2022-05-28T15:05:18Z</time></trkpt><trkpt lat="58.062523" lon="38.842122"><ele>102.0</ele><time>2022-05-28T15:05:40Z</time></trkpt><trkpt lat="58.062582" lon="38.842008"><ele>101.0</ele><time>2022-05-28T15:05:46Z</time></trkpt><trkpt lat="58.062642" lon="38.841927"><ele>102.0</ele><time>2022-05-28T15:05:50Z</time></trkpt><trkpt lat="58.0627" lon="38.841827"><ele>101.0</ele><time>2022-05-28T15:05:53Z</time></trkpt><trkpt lat="58.06276" lon="38.841723"><ele>101.0</ele><time>2022-05-28T15:05:59Z</time></trkpt><trkpt lat="58.06283" lon="38.841662"><ele>100.0</ele><time>2022-05-28T15:06:07Z</time></trkpt><trkpt lat="58.06279" lon="38.841538"><ele>100.0</ele><time>2022-05-28T15:06:19Z</time></trkpt><trkpt lat="58.062858" lon="38.841605"><ele>100.0</ele><time>2022-05-28T15:06:44Z</time></trkpt><trkpt lat="58.062923" lon="38.84154"><ele>100.0</ele><time>2022-05-28T15:07:00Z</time></trkpt><trkpt lat="58.063003" lon="38.841492"><ele>100.0</ele><time>2022-05-28T15:07:06Z</time></trkpt><trkpt lat="58.063065" lon="38.841378"><ele>99.0</ele><time>2022-05-28T15:07:12Z</time></trkpt><trkpt lat="58.06313" lon="38.84131"><ele>99.0</ele><time>2022-05-28T15:07:17Z</time></trkpt><trkpt lat="58.063207" lon="38.841252"><ele>99.0</ele><time>2022-05-28T15:07:22Z</time></trkpt><trkpt lat="58.063287" lon="38.841195"><ele>99.0</ele><time>2022-05-28T15:07:27Z</time></trkpt><trkpt lat="58.06336" lon="38.841128"><ele>99.0</ele><time>2022-05-28T15:07:33Z</time></trkpt><trkpt lat="58.06342" lon="38.841052"><ele>98.0</ele><time>2022-05-28T15:07:37Z</time></trkpt><trkpt lat="58.063485" lon="38.840952"><ele>98.0</ele><time>2022-05-28T15:07:42Z</time></trkpt><trkpt lat="58.063567" lon="38.840878"><ele>98.0</ele><time>2022-05-28T15:07:47Z</time></trkpt><trkpt lat="58.063642" lon="38.84082"><ele>98.0</ele><time>2022-05-28T15:07:51Z</time></trkpt><trkpt lat="58.063718" lon="38.84076"><ele>98.0</ele><time>2022-05-28T15:07:55Z</time></trkpt><trkpt lat="58.063792" lon="38.840665"><ele>97.0</ele><time>2022-05-28T15:07:59Z</time></trkpt><trkpt lat="58.063862" lon="38.840585"><ele>97.0</ele><time>2022-05-28T15:08:02Z</time></trkpt><trkpt lat="58.063935" lon="38.840477"><ele>98.0</ele><time>2022-05-28T15:08:06Z</time></trkpt><trkpt lat="58.063992" lon="38.840388"><ele>97.0</ele><time>2022-05-28T15:08:09Z</time></trkpt><trkpt lat="58.06405" lon="38.840298"><ele>97.0</ele><time>2022-05-28T15:08:12Z</time></trkpt><trkpt lat="58.064123" lon="38.840203"><ele>97.0</ele><time>2022-05-28T15:08:16Z</time></trkpt><trkpt lat="58.064202" lon="38.840102"><ele>96.0</ele><time>2022-05-28T15:08:20Z</time></trkpt><trkpt lat="58.064272" lon="38.84005"><ele>96.0</ele><time>2022-05-28T15:08:23Z</time></trkpt><trkpt lat="58.064347" lon="38.839988"><ele>96.0</ele><time>2022-05-28T15:08:26Z</time></trkpt><trkpt lat="58.06443" lon="38.839932"><ele>96.0</ele><time>2022-05-28T15:08:29Z</time></trkpt><trkpt lat="58.064502" lon="38.839868"><ele>95.0</ele><time>2022-05-28T15:08:32Z</time></trkpt><trkpt lat="58.064567" lon="38.83979"><ele>95.0</ele><time>2022-05-28T15:08:36Z</time></trkpt><trkpt lat="58.064648" lon="38.839708"><ele>96.0</ele><time>2022-05-28T15:08:40Z</time></trkpt><trkpt lat="58.064733" lon="38.839665"><ele>96.0</ele><time>2022-05-28T15:08:44Z</time></trkpt><trkpt lat="58.064813" lon="38.839628"><ele>96.0</ele><time>2022-05-28T15:08:48Z</time></trkpt><trkpt lat="58.064885" lon="38.839543"><ele>95.0</ele><time>2022-05-28T15:08:52Z</time></trkpt><trkpt lat="58.064958" lon="38.839482"><ele>95.0</ele><time>2022-05-28T15:08:57Z</time></trkpt><trkpt lat="58.065035" lon="38.839412"><ele>95.0</ele><time>2022-05-28T15:09:01Z</time></trkpt><trkpt lat="58.065122" lon="38.839348"><ele>95.0</ele><time>2022-05-28T15:09:05Z</time></trkpt><trkpt lat="58.065207" lon="38.839272"><ele>94.0</ele><time>2022-05-28T15:09:09Z</time></trkpt><trkpt lat="58.06528" lon="38.839273"><ele>95.0</ele><time>2022-05-28T15:09:13Z</time></trkpt><trkpt lat="58.06536" lon="38.839195"><ele>95.0</ele><time>2022-05-28T15:09:29Z</time></trkpt><trkpt lat="58.065432" lon="38.839148"><ele>95.0</ele><time>2022-05-28T15:09:34Z</time></trkpt><trkpt lat="58.06551" lon="38.839097"><ele>95.0</ele><time>2022-05-28T15:09:39Z</time></trkpt><trkpt lat="58.06558" lon="38.839047"><ele>95.0</ele><time>2022-05-28T15:09:43Z</time></trkpt><trkpt lat="58.06566" lon="38.839005"><ele>95.0</ele><time>2022-05-28T15:09:48Z</time></trkpt><trkpt lat="58.065737" lon="38.83898"><ele>96.0</ele><time>2022-05-28T15:09:53Z</time></trkpt><trkpt lat="58.065808" lon="38.838968"><ele>95.0</ele><time>2022-05-28T15:09:58Z</time></trkpt><trkpt lat="58.065885" lon="38.838943"><ele>96.0</ele><time>2022-05-28T15:10:03Z</time></trkpt><trkpt lat="58.065958" lon="38.838927"><ele>96.0</ele><time>2022-05-28T15:10:08Z</time></trkpt><trkpt lat="58.066037" lon="38.83888"><ele>95.0</ele><time>2022-05-28T15:10:13Z</time></trkpt><trkpt lat="58.06612" lon="38.838847"><ele>95.0</ele><time>2022-05-28T15:10:18Z</time></trkpt><trkpt lat="58.066198" lon="38.83881"><ele>95.0</ele><time>2022-05-28T15:10:22Z</time></trkpt><trkpt lat="58.06628" lon="38.838822"><ele>95.0</ele><time>2022-05-28T15:10:26Z</time></trkpt><trkpt lat="58.066358" lon="38.83885"><ele>96.0</ele><time>2022-05-28T15:10:30Z</time></trkpt><trkpt lat="58.066447" lon="38.83887"><ele>96.0</ele><time>2022-05-28T15:10:35Z</time></trkpt><trkpt lat="58.066522" lon="38.83886"><ele>96.0</ele><time>2022-05-28T15:10:39Z</time></trkpt><trkpt lat="58.066597" lon="38.838838"><ele>96.0</ele><time>2022-05-28T15:10:43Z</time></trkpt><trkpt lat="58.06667" lon="38.838822"><ele>96.0</ele><time>2022-05-28T15:10:47Z</time></trkpt><trkpt lat="58.066743" lon="38.838828"><ele>97.0</ele><time>2022-05-28T15:10:51Z</time></trkpt><trkpt lat="58.066827" lon="38.838803"><ele>97.0</ele><time>2022-05-28T15:10:56Z</time></trkpt><trkpt lat="58.066903" lon="38.838775"><ele>97.0</ele><time>2022-05-28T15:11:02Z</time></trkpt><trkpt lat="58.066988" lon="38.838743"><ele>97.0</ele><time>2022-05-28T15:12:11Z</time></trkpt><trkpt lat="58.067068" lon="38.838747"><ele>97.0</ele><time>2022-05-28T15:12:15Z</time></trkpt><trkpt lat="58.067153" lon="38.838752"><ele>97.0</ele><time>2022-05-28T15:12:19Z</time></trkpt><trkpt lat="58.067245" lon="38.838732"><ele>97.0</ele><time>2022-05-28T15:12:23Z</time></trkpt><trkpt lat="58.067323" lon="38.838718"><ele>98.0</ele><time>2022-05-28T15:12:27Z</time></trkpt><trkpt lat="58.0674" lon="38.838712"><ele>98.0</ele><time>2022-05-28T15:12:31Z</time></trkpt><trkpt lat="58.067483" lon="38.838728"><ele>99.0</ele><time>2022-05-28T15:12:36Z</time></trkpt><trkpt lat="58.067558" lon="38.838748"><ele>99.0</ele><time>2022-05-28T15:12:41Z</time></trkpt><trkpt lat="58.067637" lon="38.838735"><ele>98.0</ele><time>2022-05-28T15:12:47Z</time></trkpt><trkpt lat="58.067708" lon="38.83872"><ele>98.0</ele><time>2022-05-28T15:12:51Z</time></trkpt><trkpt lat="58.067658" lon="38.838622"><ele>97.0</ele><time>2022-05-28T15:14:35Z</time></trkpt><trkpt lat="58.067592" lon="38.838557"><ele>99.0</ele><time>2022-05-28T15:18:33Z</time></trkpt><trkpt lat="58.067647" lon="38.838652"><ele>99.0</ele><time>2022-05-28T15:18:54Z</time></trkpt><trkpt lat="58.067678" lon="38.838502"><ele>96.0</ele><time>2022-05-28T15:20:14Z</time></trkpt><trkpt lat="58.06768" lon="38.83864"><ele>97.0</ele><time>2022-05-28T15:20:21Z</time></trkpt><trkpt lat="58.067647" lon="38.838505"><ele>97.0</ele><time>2022-05-28T15:21:23Z</time></trkpt><trkpt lat="58.067653" lon="38.838648"><ele>98.0</ele><time>2022-05-28T15:22:14Z</time></trkpt><trkpt lat="58.067603" lon="38.83875"><ele>97.0</ele><time>2022-05-28T15:23:34Z</time></trkpt><trkpt lat="58.067663" lon="38.838665"><ele>98.0</ele><time>2022-05-28T15:23:59Z</time></trkpt><trkpt lat="58.067637" lon="38.838537"><ele>96.0</ele><time>2022-05-28T15:25:28Z</time></trkpt><trkpt lat="58.067713" lon="38.83854"><ele>97.0</ele><time>2022-05-28T15:27:30Z</time></trkpt><trkpt lat="58.067647" lon="38.838617"><ele>97.0</ele><time>2022-05-28T15:28:19Z</time></trkpt><trkpt lat="58.067722" lon="38.838655"><ele>97.0</ele><time>2022-05-28T15:30:16Z</time></trkpt><trkpt lat="58.06767" lon="38.838547"><ele>97.0</ele><time>2022-05-28T15:30:24Z</time></trkpt><trkpt lat="58.067745" lon="38.838555"><ele>97.0</ele><time>2022-05-28T15:30:45Z</time></trkpt><trkpt lat="58.06767" lon="38.83862"><ele>97.0</ele><time>2022-05-28T15:33:11Z</time></trkpt><trkpt lat="58.067742" lon="38.838597"><ele>101.0</ele><time>2022-05-28T15:38:08Z</time></trkpt><trkpt lat="58.067675" lon="38.838647"><ele>97.0</ele><time>2022-05-28T15:41:30Z</time></trkpt><trkpt lat="58.067702" lon="38.8385"><ele>98.0</ele><time>2022-05-28T15:41:53Z</time></trkpt><trkpt lat="58.067693" lon="38.838648"><ele>101.0</ele><time>2022-05-28T15:43:17Z</time></trkpt><trkpt lat="58.067673" lon="38.838498"><ele>96.0</ele><time>2022-05-28T15:46:16Z</time></trkpt><trkpt lat="58.067708" lon="38.838623"><ele>96.0</ele><time>2022-05-28T15:48:31Z</time></trkpt><trkpt lat="58.067762" lon="38.838715"><ele>99.0</ele><time>2022-05-28T15:52:57Z</time></trkpt><trkpt lat="58.067687" lon="38.838742"><ele>99.0</ele><time>2022-05-28T15:53:29Z</time></trkpt><trkpt lat="58.0676" lon="38.838738"><ele>99.0</ele><time>2022-05-28T15:53:33Z</time></trkpt><trkpt lat="58.067515" lon="38.838728"><ele>100.0</ele><time>2022-05-28T15:53:40Z</time></trkpt><trkpt lat="58.067438" lon="38.838745"><ele>100.0</ele><time>2022-05-28T15:53:44Z</time></trkpt><trkpt lat="58.06736" lon="38.838713"><ele>100.0</ele><time>2022-05-28T15:53:50Z</time></trkpt><trkpt lat="58.067272" lon="38.838737"><ele>100.0</ele><time>2022-05-28T15:53:56Z</time></trkpt><trkpt lat="58.067187" lon="38.838728"><ele>99.0</ele><time>2022-05-28T15:54:01Z</time></trkpt><trkpt lat="58.067107" lon="38.838708"><ele>99.0</ele><time>2022-05-28T15:54:06Z</time></trkpt><trkpt lat="58.067028" lon="38.838718"><ele>99.0</ele><time>2022-05-28T15:54:10Z</time></trkpt><trkpt lat="58.066938" lon="38.83873"><ele>100.0</ele><time>2022-05-28T15:54:14Z</time></trkpt><trkpt lat="58.066853" lon="38.838733"><ele>100.0</ele><time>2022-05-28T15:54:18Z</time></trkpt><trkpt lat="58.066782" lon="38.83873"><ele>100.0</ele><time>2022-05-28T15:54:22Z</time></trkpt><trkpt lat="58.0667" lon="38.838772"><ele>100.0</ele><time>2022-05-28T15:54:53Z</time></trkpt><trkpt lat="58.066607" lon="38.838788"><ele>100.0</ele><time>2022-05-28T15:54:57Z</time></trkpt><trkpt lat="58.066517" lon="38.838795"><ele>100.0</ele><time>2022-05-28T15:55:01Z</time></trkpt><trkpt lat="58.066433" lon="38.838792"><ele>100.0</ele><time>2022-05-28T15:55:06Z</time></trkpt><trkpt lat="58.066345" lon="38.838765"><ele>100.0</ele><time>2022-05-28T15:55:10Z</time></trkpt><trkpt lat="58.066272" lon="38.838767"><ele>100.0</ele><time>2022-05-28T15:55:13Z</time></trkpt><trkpt lat="58.066207" lon="38.838692"><ele>100.0</ele><time>2022-05-28T15:55:26Z</time></trkpt><trkpt lat="58.066158" lon="38.838795"><ele>101.0</ele><time>2022-05-28T15:56:32Z</time></trkpt><trkpt lat="58.066083" lon="38.838805"><ele>101.0</ele><time>2022-05-28T15:56:39Z</time></trkpt><trkpt lat="58.066003" lon="38.838838"><ele>100.0</ele><time>2022-05-28T15:56:45Z</time></trkpt><trkpt lat="58.065915" lon="38.838893"><ele>101.0</ele><time>2022-05-28T15:56:50Z</time></trkpt><trkpt lat="58.06583" lon="38.838913"><ele>101.0</ele><time>2022-05-28T15:56:54Z</time></trkpt><trkpt lat="58.065745" lon="38.838923"><ele>101.0</ele><time>2022-05-28T15:56:58Z</time></trkpt><trkpt lat="58.065663" lon="38.838962"><ele>101.0</ele><time>2022-05-28T15:57:02Z</time></trkpt><trkpt lat="58.065578" lon="38.839028"><ele>101.0</ele><time>2022-05-28T15:57:06Z</time></trkpt><trkpt lat="58.065497" lon="38.839092"><ele>102.0</ele><time>2022-05-28T15:57:11Z</time></trkpt><trkpt lat="58.065425" lon="38.839132"><ele>102.0</ele><time>2022-05-28T15:57:16Z</time></trkpt><trkpt lat="58.065347" lon="38.839177"><ele>102.0</ele><time>2022-05-28T15:57:21Z</time></trkpt><trkpt lat="58.065277" lon="38.839205"><ele>101.0</ele><time>2022-05-28T15:57:25Z</time></trkpt><trkpt lat="58.06519" lon="38.839263"><ele>101.0</ele><time>2022-05-28T15:57:29Z</time></trkpt><trkpt lat="58.065118" lon="38.839332"><ele>102.0</ele><time>2022-05-28T15:57:33Z</time></trkpt><trkpt lat="58.065047" lon="38.839412"><ele>101.0</ele><time>2022-05-28T15:57:37Z</time></trkpt><trkpt lat="58.064967" lon="38.839458"><ele>101.0</ele><time>2022-05-28T15:57:42Z</time></trkpt><trkpt lat="58.064885" lon="38.839503"><ele>101.0</ele><time>2022-05-28T15:57:46Z</time></trkpt><trkpt lat="58.064818" lon="38.839558"><ele>101.0</ele><time>2022-05-28T15:57:49Z</time></trkpt><trkpt lat="58.06475" lon="38.839625"><ele>100.0</ele><time>2022-05-28T15:57:54Z</time></trkpt><trkpt lat="58.064672" lon="38.839658"><ele>100.0</ele><time>2022-05-28T15:58:00Z</time></trkpt><trkpt lat="58.064617" lon="38.839762"><ele>100.0</ele><time>2022-05-28T15:58:06Z</time></trkpt><trkpt lat="58.064567" lon="38.839862"><ele>100.0</ele><time>2022-05-28T15:58:11Z</time></trkpt><trkpt lat="58.064495" lon="38.83995"><ele>100.0</ele><time>2022-05-28T15:58:18Z</time></trkpt><trkpt lat="58.06443" lon="38.840015"><ele>99.0</ele><time>2022-05-28T15:58:23Z</time></trkpt><trkpt lat="58.064355" lon="38.840088"><ele>99.0</ele><time>2022-05-28T15:58:27Z</time></trkpt><trkpt lat="58.064273" lon="38.84012"><ele>99.0</ele><time>2022-05-28T15:58:32Z</time></trkpt><trkpt lat="58.064205" lon="38.840192"><ele>99.0</ele><time>2022-05-28T15:58:37Z</time></trkpt><trkpt lat="58.064132" lon="38.84029"><ele>99.0</ele><time>2022-05-28T15:58:41Z</time></trkpt><trkpt lat="58.064053" lon="38.840347"><ele>98.0</ele><time>2022-05-28T15:58:45Z</time></trkpt><trkpt lat="58.063977" lon="38.840413"><ele>98.0</ele><time>2022-05-28T15:58:50Z</time></trkpt><trkpt lat="58.063898" lon="38.840482"><ele>98.0</ele><time>2022-05-28T15:58:55Z</time></trkpt><trkpt lat="58.063832" lon="38.840553"><ele>99.0</ele><time>2022-05-28T15:58:59Z</time></trkpt><trkpt lat="58.063765" lon="38.840635"><ele>99.0</ele><time>2022-05-28T15:59:04Z</time></trkpt><trkpt lat="58.06369" lon="38.84072"><ele>99.0</ele><time>2022-05-28T15:59:09Z</time></trkpt><trkpt lat="58.063618" lon="38.84082"><ele>99.0</ele><time>2022-05-28T15:59:13Z</time></trkpt><trkpt lat="58.063552" lon="38.840902"><ele>100.0</ele><time>2022-05-28T15:59:17Z</time></trkpt><trkpt lat="58.063465" lon="38.840965"><ele>100.0</ele><time>2022-05-28T15:59:21Z</time></trkpt><trkpt lat="58.063385" lon="38.841063"><ele>100.0</ele><time>2022-05-28T15:59:25Z</time></trkpt><trkpt lat="58.06331" lon="38.841155"><ele>101.0</ele><time>2022-05-28T15:59:32Z</time></trkpt><trkpt lat="58.063268" lon="38.841275"><ele>101.0</ele><time>2022-05-28T15:59:36Z</time></trkpt><trkpt lat="58.063293" lon="38.84114"><ele>102.0</ele><time>2022-05-28T16:00:37Z</time></trkpt><trkpt lat="58.063262" lon="38.841013"><ele>102.0</ele><time>2022-05-28T16:00:52Z</time></trkpt><trkpt lat="58.063247" lon="38.841177"><ele>103.0</ele><time>2022-05-28T16:02:00Z</time></trkpt><trkpt lat="58.063303" lon="38.841273"><ele>103.0</ele><time>2022-05-28T16:02:21Z</time></trkpt><trkpt lat="58.063223" lon="38.841303"><ele>103.0</ele><time>2022-05-28T16:02:43Z</time></trkpt><trkpt lat="58.063272" lon="38.841193"><ele>103.0</ele><time>2022-05-28T16:02:53Z</time></trkpt><trkpt lat="58.063342" lon="38.841228"><ele>103.0</ele><time>2022-05-28T16:03:14Z</time></trkpt><trkpt lat="58.06326" lon="38.84125"><ele>105.0</ele><time>2022-05-28T16:03:21Z</time></trkpt><trkpt lat="58.063178" lon="38.841207"><ele>104.0</ele><time>2022-05-28T16:03:28Z</time></trkpt><trkpt lat="58.063142" lon="38.841345"><ele>103.0</ele><time>2022-05-28T16:03:39Z</time></trkpt><trkpt lat="58.063088" lon="38.841452"><ele>104.0</ele><time>2022-05-28T16:03:46Z</time></trkpt><trkpt lat="58.063015" lon="38.841433"><ele>104.0</ele><time>2022-05-28T16:03:55Z</time></trkpt><trkpt lat="58.062948" lon="38.841492"><ele>104.0</ele><time>2022-05-28T16:04:00Z</time></trkpt><trkpt lat="58.062867" lon="38.841522"><ele>105.0</ele><time>2022-05-28T16:04:05Z</time></trkpt><trkpt lat="58.062802" lon="38.841587"><ele>105.0</ele><time>2022-05-28T16:04:11Z</time></trkpt><trkpt lat="58.062745" lon="38.841677"><ele>105.0</ele><time>2022-05-28T16:04:15Z</time></trkpt><trkpt lat="58.062672" lon="38.841728"><ele>104.0</ele><time>2022-05-28T16:04:20Z</time></trkpt><trkpt lat="58.062602" lon="38.841797"><ele>104.0</ele><time>2022-05-28T16:04:26Z</time></trkpt><trkpt lat="58.06252" lon="38.841837"><ele>104.0</ele><time>2022-05-28T16:04:40Z</time></trkpt><trkpt lat="58.062455" lon="38.841928"><ele>103.0</ele><time>2022-05-28T16:04:45Z</time></trkpt><trkpt lat="58.062418" lon="38.84205"><ele>103.0</ele><time>2022-05-28T16:04:53Z</time></trkpt><trkpt lat="58.062353" lon="38.842137"><ele>104.0</ele><time>2022-05-28T16:05:01Z</time></trkpt><trkpt lat="58.062295" lon="38.842233"><ele>103.0</ele><time>2022-05-28T16:05:06Z</time></trkpt><trkpt lat="58.062242" lon="38.842343"><ele>103.0</ele><time>2022-05-28T16:05:12Z</time></trkpt><trkpt lat="58.06217" lon="38.842447"><ele>103.0</ele><time>2022-05-28T16:05:19Z</time></trkpt><trkpt lat="58.062115" lon="38.842553"><ele>103.0</ele><time>2022-05-28T16:05:24Z</time></trkpt><trkpt lat="58.062045" lon="38.842643"><ele>103.0</ele><time>2022-05-28T16:05:32Z</time></trkpt><trkpt lat="58.061983" lon="38.842763"><ele>104.0</ele><time>2022-05-28T16:05:38Z</time></trkpt><trkpt lat="58.06192" lon="38.84289"><ele>104.0</ele><time>2022-05-28T16:05:42Z</time></trkpt><trkpt lat="58.061848" lon="38.842975"><ele>104.0</ele><time>2022-05-28T16:05:46Z</time></trkpt><trkpt lat="58.061788" lon="38.843058"><ele>105.0</ele><time>2022-05-28T16:05:53Z</time></trkpt><trkpt lat="58.061727" lon="38.843143"><ele>105.0</ele><time>2022-05-28T16:05:57Z</time></trkpt><trkpt lat="58.061672" lon="38.84324"><ele>105.0</ele><time>2022-05-28T16:06:01Z</time></trkpt><trkpt lat="58.061617" lon="38.843343"><ele>105.0</ele><time>2022-05-28T16:06:06Z</time></trkpt><trkpt lat="58.061578" lon="38.843473"><ele>105.0</ele><time>2022-05-28T16:06:10Z</time></trkpt><trkpt lat="58.061497" lon="38.843538"><ele>105.0</ele><time>2022-05-28T16:06:14Z</time></trkpt><trkpt lat="58.061428" lon="38.843638"><ele>105.0</ele><time>2022-05-28T16:06:19Z</time></trkpt><trkpt lat="58.061372" lon="38.843767"><ele>105.0</ele><time>2022-05-28T16:06:23Z</time></trkpt><trkpt lat="58.061307" lon="38.843873"><ele>105.0</ele><time>2022-05-28T16:06:27Z</time></trkpt><trkpt lat="58.061233" lon="38.843938"><ele>105.0</ele><time>2022-05-28T16:06:31Z</time></trkpt><trkpt lat="58.061147" lon="38.844007"><ele>105.0</ele><time>2022-05-28T16:06:35Z</time></trkpt><trkpt lat="58.061082" lon="38.844092"><ele>105.0</ele><time>2022-05-28T16:06:39Z</time></trkpt><trkpt lat="58.061012" lon="38.84419"><ele>104.0</ele><time>2022-05-28T16:06:42Z</time></trkpt><trkpt lat="58.060972" lon="38.844307"><ele>104.0</ele><time>2022-05-28T16:06:44Z</time></trkpt><trkpt lat="58.060953" lon="38.844457"><ele>104.0</ele><time>2022-05-28T16:06:47Z</time></trkpt><trkpt lat="58.060922" lon="38.844588"><ele>105.0</ele><time>2022-05-28T16:07:01Z</time></trkpt><trkpt lat="58.060868" lon="38.844687"><ele>106.0</ele><time>2022-05-28T16:07:06Z</time></trkpt><trkpt lat="58.060793" lon="38.844622"><ele>106.0</ele><time>2022-05-28T16:07:10Z</time></trkpt><trkpt lat="58.060847" lon="38.844723"><ele>105.0</ele><time>2022-05-28T16:07:44Z</time></trkpt><trkpt lat="58.060855" lon="38.844872"><ele>105.0</ele><time>2022-05-28T16:07:59Z</time></trkpt><trkpt lat="58.060763" lon="38.844898"><ele>105.0</ele><time>2022-05-28T16:08:09Z</time></trkpt><trkpt lat="58.060683" lon="38.844788"><ele>104.0</ele><time>2022-05-28T16:08:12Z</time></trkpt><trkpt lat="58.060732" lon="38.844898"><ele>105.0</ele><time>2022-05-28T16:08:39Z</time></trkpt><trkpt lat="58.060743" lon="38.84504"><ele>106.0</ele><time>2022-05-28T16:09:21Z</time></trkpt><trkpt lat="58.060787" lon="38.845167"><ele>106.0</ele><time>2022-05-28T16:09:25Z</time></trkpt><trkpt lat="58.06082" lon="38.845297"><ele>106.0</ele><time>2022-05-28T16:09:30Z</time></trkpt><trkpt lat="58.060765" lon="38.845402"><ele>107.0</ele><time>2022-05-28T16:09:35Z</time></trkpt><trkpt lat="58.060695" lon="38.845443"><ele>105.0</ele><time>2022-05-28T16:09:51Z</time></trkpt><trkpt lat="58.060632" lon="38.845365"><ele>103.0</ele><time>2022-05-28T16:11:08Z</time></trkpt><trkpt lat="58.060592" lon="38.845243"><ele>103.0</ele><time>2022-05-28T16:11:24Z</time></trkpt><trkpt lat="58.060663" lon="38.845258"><ele>102.0</ele><time>2022-05-28T16:18:59Z</time></trkpt><trkpt lat="58.060715" lon="38.845358"><ele>104.0</ele><time>2022-05-28T16:19:08Z</time></trkpt><trkpt lat="58.060778" lon="38.845432"><ele>105.0</ele><time>2022-05-28T16:19:21Z</time></trkpt><trkpt lat="58.060782" lon="38.845572"><ele>108.0</ele><time>2022-05-28T16:19:56Z</time></trkpt><trkpt lat="58.060758" lon="38.845422"><ele>107.0</ele><time>2022-05-28T16:20:12Z</time></trkpt><trkpt lat="58.060807" lon="38.845528"><ele>108.0</ele><time>2022-05-28T16:20:42Z</time></trkpt><trkpt lat="58.06088" lon="38.845483"><ele>108.0</ele><time>2022-05-28T16:21:15Z</time></trkpt><trkpt lat="58.060957" lon="38.845448"><ele>108.0</ele><time>2022-05-28T16:21:21Z</time></trkpt><trkpt lat="58.061015" lon="38.845363"><ele>109.0</ele><time>2022-05-28T16:21:31Z</time></trkpt><trkpt lat="58.061042" lon="38.845237"><ele>107.0</ele><time>2022-05-28T16:21:53Z</time></trkpt><trkpt lat="58.061023" lon="38.845102"><ele>107.0</ele><time>2022-05-28T16:22:09Z</time></trkpt><trkpt lat="58.0611" lon="38.845122"><ele>107.0</ele><time>2022-05-28T16:22:25Z</time></trkpt><trkpt lat="58.061172" lon="38.845093"><ele>107.0</ele><time>2022-05-28T16:22:39Z</time></trkpt><trkpt lat="58.061105" lon="38.84503"><ele>107.0</ele><time>2022-05-28T16:27:31Z</time></trkpt><trkpt lat="58.061163" lon="38.844928"><ele>107.0</ele><time>2022-05-28T16:29:36Z</time></trkpt><trkpt lat="58.061085" lon="38.844922"><ele>108.0</ele><time>2022-05-28T16:30:47Z</time></trkpt><trkpt lat="58.061142" lon="38.845062"><ele>108.0</ele><time>2022-05-28T16:33:21Z</time></trkpt><trkpt lat="58.061097" lon="38.84518"><ele>105.0</ele><time>2022-05-28T16:40:57Z</time></trkpt><trkpt lat="58.061032" lon="38.84525"><ele>104.0</ele><time>2022-05-28T16:41:04Z</time></trkpt><trkpt lat="58.060968" lon="38.845352"><ele>104.0</ele><time>2022-05-28T16:41:11Z</time></trkpt><trkpt lat="58.060908" lon="38.845432"><ele>103.0</ele><time>2022-05-28T16:41:17Z</time></trkpt><trkpt lat="58.060842" lon="38.845497"><ele>103.0</ele><time>2022-05-28T16:41:23Z</time></trkpt><trkpt lat="58.060767" lon="38.845487"><ele>102.0</ele><time>2022-05-28T16:41:34Z</time></trkpt><trkpt lat="58.06074" lon="38.845617"><ele>104.0</ele><time>2022-05-28T16:44:25Z</time></trkpt><trkpt lat="58.060633" lon="38.845592"><ele>103.0</ele><time>2022-05-28T16:44:38Z</time></trkpt><trkpt lat="58.060552" lon="38.845635"><ele>103.0</ele><time>2022-05-28T16:44:40Z</time></trkpt><trkpt lat="58.060487" lon="38.845693"><ele>102.0</ele><time>2022-05-28T16:44:42Z</time></trkpt><trkpt lat="58.060543" lon="38.845592"><ele>101.0</ele><time>2022-05-28T16:45:54Z</time></trkpt><trkpt lat="58.060468" lon="38.845543"><ele>100.0</ele><time>2022-05-28T16:46:11Z</time></trkpt><trkpt lat="58.06042" lon="38.845435"><ele>99.0</ele><time>2022-05-28T16:46:13Z</time></trkpt><trkpt lat="58.060353" lon="38.845315"><ele>98.0</ele><time>2022-05-28T16:46:16Z</time></trkpt><trkpt lat="58.060277" lon="38.84538"><ele>98.0</ele><time>2022-05-28T16:46:19Z</time></trkpt><trkpt lat="58.06026" lon="38.845517"><ele>97.0</ele><time>2022-05-28T16:46:28Z</time></trkpt><trkpt lat="58.060215" lon="38.845628"><ele>97.0</ele><time>2022-05-28T16:46:32Z</time></trkpt><trkpt lat="58.06017" lon="38.845742"><ele>97.0</ele><time>2022-05-28T16:46:37Z</time></trkpt><trkpt lat="58.060113" lon="38.845848"><ele>97.0</ele><time>2022-05-28T16:46:41Z</time></trkpt><trkpt lat="58.060055" lon="38.845938"><ele>96.0</ele><time>2022-05-28T16:46:47Z</time></trkpt><trkpt lat="58.060137" lon="38.84598"><ele>96.0</ele><time>2022-05-28T16:46:53Z</time></trkpt><trkpt lat="58.060213" lon="38.845905"><ele>97.0</ele><time>2022-05-28T16:46:57Z</time></trkpt><trkpt lat="58.06014" lon="38.845947"><ele>97.0</ele><time>2022-05-28T16:47:13Z</time></trkpt><trkpt lat="58.060082" lon="38.846027"><ele>97.0</ele><time>2022-05-28T16:47:21Z</time></trkpt><trkpt lat="58.060023" lon="38.846125"><ele>95.0</ele><time>2022-05-28T16:47:26Z</time></trkpt><trkpt lat="58.059973" lon="38.84625"><ele>95.0</ele><time>2022-05-28T16:47:32Z</time></trkpt><trkpt lat="58.05991" lon="38.846378"><ele>95.0</ele><time>2022-05-28T16:47:36Z</time></trkpt><trkpt lat="58.059853" lon="38.846477"><ele>94.0</ele><time>2022-05-28T16:47:39Z</time></trkpt><trkpt lat="58.059782" lon="38.846588"><ele>94.0</ele><time>2022-05-28T16:47:43Z</time></trkpt><trkpt lat="58.05971" lon="38.846693"><ele>93.0</ele><time>2022-05-28T16:47:47Z</time></trkpt><trkpt lat="58.059658" lon="38.846805"><ele>92.0</ele><time>2022-05-28T16:47:52Z</time></trkpt><trkpt lat="58.059608" lon="38.846943"><ele>92.0</ele><time>2022-05-28T16:47:56Z</time></trkpt><trkpt lat="58.05957" lon="38.84706"><ele>93.0</ele><time>2022-05-28T16:47:59Z</time></trkpt><trkpt lat="58.05953" lon="38.847185"><ele>93.0</ele><time>2022-05-28T16:48:02Z</time></trkpt><trkpt lat="58.059488" lon="38.847302"><ele>92.0</ele><time>2022-05-28T16:48:05Z</time></trkpt><trkpt lat="58.059427" lon="38.847403"><ele>93.0</ele><time>2022-05-28T16:48:08Z</time></trkpt><trkpt lat="58.059377" lon="38.847515"><ele>92.0</ele><time>2022-05-28T16:48:11Z</time></trkpt><trkpt lat="58.059307" lon="38.84764"><ele>92.0</ele><time>2022-05-28T16:48:15Z</time></trkpt><trkpt lat="58.059248" lon="38.847718"><ele>93.0</ele><time>2022-05-28T16:48:18Z</time></trkpt><trkpt lat="58.05919" lon="38.847832"><ele>94.0</ele><time>2022-05-28T16:48:21Z</time></trkpt><trkpt lat="58.059138" lon="38.847968"><ele>93.0</ele><time>2022-05-28T16:48:24Z</time></trkpt><trkpt lat="58.05909" lon="38.84808"><ele>93.0</ele><time>2022-05-28T16:48:27Z</time></trkpt><trkpt lat="58.059052" lon="38.848203"><ele>93.0</ele><time>2022-05-28T16:48:30Z</time></trkpt><trkpt lat="58.059013" lon="38.848322"><ele>92.0</ele><time>2022-05-28T16:48:33Z</time></trkpt><trkpt lat="58.05896" lon="38.848448"><ele>92.0</ele><time>2022-05-28T16:48:36Z</time></trkpt><trkpt lat="58.058908" lon="38.848565"><ele>92.0</ele><time>2022-05-28T16:48:39Z</time></trkpt><trkpt lat="58.058855" lon="38.848668"><ele>91.0</ele><time>2022-05-28T16:48:42Z</time></trkpt><trkpt lat="58.0588" lon="38.848815"><ele>91.0</ele><time>2022-05-28T16:48:46Z</time></trkpt><trkpt lat="58.058752" lon="38.84892"><ele>91.0</ele><time>2022-05-28T16:48:49Z</time></trkpt><trkpt lat="58.058682" lon="38.849043"><ele>91.0</ele><time>2022-05-28T16:48:52Z</time></trkpt><trkpt lat="58.058625" lon="38.849182"><ele>91.0</ele><time>2022-05-28T16:48:55Z</time></trkpt><trkpt lat="58.058598" lon="38.849338"><ele>90.0</ele><time>2022-05-28T16:48:59Z</time></trkpt><trkpt lat="58.058552" lon="38.849445"><ele>92.0</ele><time>2022-05-28T16:49:04Z</time></trkpt><trkpt lat="58.058548" lon="38.84961"><ele>92.0</ele><time>2022-05-28T16:49:09Z</time></trkpt><trkpt lat="58.058487" lon="38.84969"><ele>92.0</ele><time>2022-05-28T16:49:14Z</time></trkpt><trkpt lat="58.058483" lon="38.849862"><ele>92.0</ele><time>2022-05-28T16:49:19Z</time></trkpt><trkpt lat="58.05843" lon="38.849985"><ele>92.0</ele><time>2022-05-28T16:49:23Z</time></trkpt><trkpt lat="58.058377" lon="38.850125"><ele>93.0</ele><time>2022-05-28T16:49:27Z</time></trkpt><trkpt lat="58.058338" lon="38.850247"><ele>92.0</ele><time>2022-05-28T16:49:30Z</time></trkpt><trkpt lat="58.05826" lon="38.85037"><ele>92.0</ele><time>2022-05-28T16:49:33Z</time></trkpt><trkpt lat="58.058177" lon="38.85044"><ele>92.0</ele><time>2022-05-28T16:49:37Z</time></trkpt><trkpt lat="58.058115" lon="38.850557"><ele>92.0</ele><time>2022-05-28T16:49:42Z</time></trkpt><trkpt lat="58.058075" lon="38.850697"><ele>92.0</ele><time>2022-05-28T16:49:45Z</time></trkpt><trkpt lat="58.058038" lon="38.850827"><ele>92.0</ele><time>2022-05-28T16:49:49Z</time></trkpt><trkpt lat="58.057997" lon="38.850948"><ele>92.0</ele><time>2022-05-28T16:49:53Z</time></trkpt><trkpt lat="58.057937" lon="38.851082"><ele>92.0</ele><time>2022-05-28T16:49:56Z</time></trkpt><trkpt lat="58.057907" lon="38.851238"><ele>91.0</ele><time>2022-05-28T16:50:01Z</time></trkpt><trkpt lat="58.057857" lon="38.851348"><ele>91.0</ele><time>2022-05-28T16:50:04Z</time></trkpt><trkpt lat="58.057803" lon="38.85145"><ele>91.0</ele><time>2022-05-28T16:50:08Z</time></trkpt><trkpt lat="58.05776" lon="38.851575"><ele>91.0</ele><time>2022-05-28T16:50:13Z</time></trkpt><trkpt lat="58.057698" lon="38.851703"><ele>91.0</ele><time>2022-05-28T16:50:17Z</time></trkpt><trkpt lat="58.057653" lon="38.851848"><ele>91.0</ele><time>2022-05-28T16:50:20Z</time></trkpt><trkpt lat="58.057622" lon="38.852007"><ele>92.0</ele><time>2022-05-28T16:50:23Z</time></trkpt><trkpt lat="58.057585" lon="38.85215"><ele>92.0</ele><time>2022-05-28T16:50:26Z</time></trkpt><trkpt lat="58.05753" lon="38.852285"><ele>92.0</ele><time>2022-05-28T16:50:30Z</time></trkpt><trkpt lat="58.057477" lon="38.85242"><ele>92.0</ele><time>2022-05-28T16:50:34Z</time></trkpt><trkpt lat="58.057405" lon="38.852488"><ele>91.0</ele><time>2022-05-28T16:50:37Z</time></trkpt><trkpt lat="58.057357" lon="38.852615"><ele>91.0</ele><time>2022-05-28T16:50:41Z</time></trkpt><trkpt lat="58.057343" lon="38.852777"><ele>90.0</ele><time>2022-05-28T16:50:45Z</time></trkpt><trkpt lat="58.057322" lon="38.852908"><ele>91.0</ele><time>2022-05-28T16:50:49Z</time></trkpt><trkpt lat="58.057292" lon="38.85304"><ele>91.0</ele><time>2022-05-28T16:50:55Z</time></trkpt><trkpt lat="58.057265" lon="38.853172"><ele>92.0</ele><time>2022-05-28T16:51:01Z</time></trkpt><trkpt lat="58.057202" lon="38.853283"><ele>91.0</ele><time>2022-05-28T16:51:07Z</time></trkpt><trkpt lat="58.057152" lon="38.85343"><ele>92.0</ele><time>2022-05-28T16:51:11Z</time></trkpt><trkpt lat="58.057123" lon="38.853555"><ele>92.0</ele><time>2022-05-28T16:51:14Z</time></trkpt><trkpt lat="58.05708" lon="38.853685"><ele>93.0</ele><time>2022-05-28T16:51:18Z</time></trkpt><trkpt lat="58.057015" lon="38.85378"><ele>93.0</ele><time>2022-05-28T16:51:22Z</time></trkpt><trkpt lat="58.056995" lon="38.853943"><ele>93.0</ele><time>2022-05-28T16:51:26Z</time></trkpt><trkpt lat="58.056945" lon="38.854087"><ele>92.0</ele><time>2022-05-28T16:51:30Z</time></trkpt><trkpt lat="58.056895" lon="38.854192"><ele>92.0</ele><time>2022-05-28T16:51:33Z</time></trkpt><trkpt lat="58.056827" lon="38.854298"><ele>91.0</ele><time>2022-05-28T16:51:37Z</time></trkpt><trkpt lat="58.05679" lon="38.854433"><ele>91.0</ele><time>2022-05-28T16:51:41Z</time></trkpt><trkpt lat="58.056723" lon="38.854545"><ele>91.0</ele><time>2022-05-28T16:51:46Z</time></trkpt><trkpt lat="58.05667" lon="38.854642"><ele>91.0</ele><time>2022-05-28T16:51:50Z</time></trkpt><trkpt lat="58.056618" lon="38.854762"><ele>91.0</ele><time>2022-05-28T16:51:54Z</time></trkpt><trkpt lat="58.056572" lon="38.854875"><ele>92.0</ele><time>2022-05-28T16:51:58Z</time></trkpt><trkpt lat="58.05652" lon="38.854995"><ele>92.0</ele><time>2022-05-28T16:52:01Z</time></trkpt><trkpt lat="58.056458" lon="38.855118"><ele>92.0</ele><time>2022-05-28T16:52:06Z</time></trkpt><trkpt lat="58.056398" lon="38.855223"><ele>92.0</ele><time>2022-05-28T16:52:10Z</time></trkpt><trkpt lat="58.056335" lon="38.855343"><ele>92.0</ele><time>2022-05-28T16:52:14Z</time></trkpt><trkpt lat="58.056283" lon="38.85545"><ele>92.0</ele><time>2022-05-28T16:52:18Z</time></trkpt><trkpt lat="58.056235" lon="38.855555"><ele>91.0</ele><time>2022-05-28T16:52:22Z</time></trkpt><trkpt lat="58.056197" lon="38.855678"><ele>91.0</ele><time>2022-05-28T16:52:26Z</time></trkpt><trkpt lat="58.056158" lon="38.855822"><ele>91.0</ele><time>2022-05-28T16:52:29Z</time></trkpt><trkpt lat="58.056118" lon="38.855957"><ele>91.0</ele><time>2022-05-28T16:52:33Z</time></trkpt><trkpt lat="58.056083" lon="38.856077"><ele>91.0</ele><time>2022-05-28T16:52:36Z</time></trkpt><trkpt lat="58.056033" lon="38.856207"><ele>89.0</ele><time>2022-05-28T16:52:41Z</time></trkpt><trkpt lat="58.055995" lon="38.85635"><ele>89.0</ele><time>2022-05-28T16:52:46Z</time></trkpt><trkpt lat="58.056003" lon="38.856508"><ele>89.0</ele><time>2022-05-28T16:52:51Z</time></trkpt><trkpt lat="58.056015" lon="38.856645"><ele>89.0</ele><time>2022-05-28T16:52:55Z</time></trkpt><trkpt lat="58.056037" lon="38.85681"><ele>90.0</ele><time>2022-05-28T16:52:59Z</time></trkpt><trkpt lat="58.056038" lon="38.856948"><ele>91.0</ele><time>2022-05-28T16:53:16Z</time></trkpt><trkpt lat="58.05598" lon="38.857058"><ele>92.0</ele><time>2022-05-28T16:53:28Z</time></trkpt><trkpt lat="58.05593" lon="38.857172"><ele>92.0</ele><time>2022-05-28T16:53:32Z</time></trkpt><trkpt lat="58.055883" lon="38.857287"><ele>92.0</ele><time>2022-05-28T16:53:36Z</time></trkpt><trkpt lat="58.055837" lon="38.85743"><ele>93.0</ele><time>2022-05-28T16:53:41Z</time></trkpt><trkpt lat="58.055792" lon="38.857572"><ele>93.0</ele><time>2022-05-28T16:53:46Z</time></trkpt><trkpt lat="58.055748" lon="38.857708"><ele>93.0</ele><time>2022-05-28T16:53:51Z</time></trkpt><trkpt lat="58.055712" lon="38.857832"><ele>92.0</ele><time>2022-05-28T16:53:54Z</time></trkpt><trkpt lat="58.055652" lon="38.857938"><ele>93.0</ele><time>2022-05-28T16:53:58Z</time></trkpt><trkpt lat="58.0556" lon="38.858033"><ele>93.0</ele><time>2022-05-28T16:54:01Z</time></trkpt><trkpt lat="58.055543" lon="38.858143"><ele>93.0</ele><time>2022-05-28T16:54:04Z</time></trkpt><trkpt lat="58.055532" lon="38.85829"><ele>93.0</ele><time>2022-05-28T16:54:08Z</time></trkpt><trkpt lat="58.05552" lon="38.858445"><ele>93.0</ele><time>2022-05-28T16:54:12Z</time></trkpt><trkpt lat="58.055525" lon="38.858598"><ele>92.0</ele><time>2022-05-28T16:54:16Z</time></trkpt><trkpt lat="58.05549" lon="38.858725"><ele>92.0</ele><time>2022-05-28T16:54:20Z</time></trkpt><trkpt lat="58.055448" lon="38.858867"><ele>93.0</ele><time>2022-05-28T16:54:25Z</time></trkpt><trkpt lat="58.055432" lon="38.859002"><ele>94.0</ele><time>2022-05-28T16:54:29Z</time></trkpt><trkpt lat="58.055378" lon="38.859127"><ele>94.0</ele><time>2022-05-28T16:54:33Z</time></trkpt><trkpt lat="58.055345" lon="38.859262"><ele>94.0</ele><time>2022-05-28T16:54:37Z</time></trkpt><trkpt lat="58.055328" lon="38.85945"><ele>94.0</ele><time>2022-05-28T16:54:41Z</time></trkpt><trkpt lat="58.055325" lon="38.859588"><ele>95.0</ele><time>2022-05-28T16:54:45Z</time></trkpt><trkpt lat="58.055312" lon="38.85973"><ele>95.0</ele><time>2022-05-28T16:54:49Z</time></trkpt><trkpt lat="58.055313" lon="38.859897"><ele>95.0</ele><time>2022-05-28T16:54:53Z</time></trkpt><trkpt lat="58.055283" lon="38.86005"><ele>95.0</ele><time>2022-05-28T16:54:58Z</time></trkpt><trkpt lat="58.055255" lon="38.860205"><ele>94.0</ele><time>2022-05-28T16:55:03Z</time></trkpt><trkpt lat="58.055218" lon="38.860342"><ele>95.0</ele><time>2022-05-28T16:55:07Z</time></trkpt><trkpt lat="58.055193" lon="38.860487"><ele>94.0</ele><time>2022-05-28T16:55:12Z</time></trkpt><trkpt lat="58.055175" lon="38.860637"><ele>94.0</ele><time>2022-05-28T16:55:20Z</time></trkpt><trkpt lat="58.055122" lon="38.860752"><ele>94.0</ele><time>2022-05-28T16:55:27Z</time></trkpt><trkpt lat="58.055073" lon="38.860865"><ele>95.0</ele><time>2022-05-28T16:55:32Z</time></trkpt><trkpt lat="58.055028" lon="38.861"><ele>95.0</ele><time>2022-05-28T16:55:36Z</time></trkpt><trkpt lat="58.054975" lon="38.861137"><ele>94.0</ele><time>2022-05-28T16:55:40Z</time></trkpt><trkpt lat="58.054932" lon="38.86126"><ele>94.0</ele><time>2022-05-28T16:55:45Z</time></trkpt><trkpt lat="58.054895" lon="38.861405"><ele>94.0</ele><time>2022-05-28T16:55:50Z</time></trkpt><trkpt lat="58.054865" lon="38.861532"><ele>93.0</ele><time>2022-05-28T16:55:54Z</time></trkpt><trkpt lat="58.054832" lon="38.861662"><ele>93.0</ele><time>2022-05-28T16:55:58Z</time></trkpt><trkpt lat="58.054777" lon="38.861758"><ele>93.0</ele><time>2022-05-28T16:56:02Z</time></trkpt><trkpt lat="58.05473" lon="38.861865"><ele>93.0</ele><time>2022-05-28T16:56:07Z</time></trkpt><trkpt lat="58.054797" lon="38.861958"><ele>94.0</ele><time>2022-05-28T16:56:53Z</time></trkpt><trkpt lat="58.054863" lon="38.862033"><ele>94.0</ele><time>2022-05-28T16:56:57Z</time></trkpt><trkpt lat="58.054907" lon="38.862142"><ele>94.0</ele><time>2022-05-28T16:57:02Z</time></trkpt><trkpt lat="58.054945" lon="38.862262"><ele>94.0</ele><time>2022-05-28T16:57:08Z</time></trkpt><trkpt lat="58.055003" lon="38.86235"><ele>94.0</ele><time>2022-05-28T16:57:16Z</time></trkpt><trkpt lat="58.05505" lon="38.862453"><ele>95.0</ele><time>2022-05-28T16:57:21Z</time></trkpt><trkpt lat="58.055112" lon="38.86255"><ele>95.0</ele><time>2022-05-28T16:57:25Z</time></trkpt><trkpt lat="58.055175" lon="38.862625"><ele>95.0</ele><time>2022-05-28T16:57:28Z</time></trkpt><trkpt lat="58.055235" lon="38.862708"><ele>95.0</ele><time>2022-05-28T16:57:31Z</time></trkpt><trkpt lat="58.055305" lon="38.862773"><ele>95.0</ele><time>2022-05-28T16:57:36Z</time></trkpt><trkpt lat="58.055333" lon="38.862898"><ele>95.0</ele><time>2022-05-28T16:57:41Z</time></trkpt><trkpt lat="58.055382" lon="38.863025"><ele>95.0</ele><time>2022-05-28T16:57:45Z</time></trkpt><trkpt lat="58.055445" lon="38.863108"><ele>95.0</ele><time>2022-05-28T16:57:48Z</time></trkpt><trkpt lat="58.055508" lon="38.863207"><ele>95.0</ele><time>2022-05-28T16:57:51Z</time></trkpt><trkpt lat="58.055572" lon="38.863298"><ele>95.0</ele><time>2022-05-28T16:57:55Z</time></trkpt><trkpt lat="58.055502" lon="38.863398"><ele>95.0</ele><time>2022-05-28T16:58:28Z</time></trkpt><trkpt lat="58.055453" lon="38.86352"><ele>95.0</ele><time>2022-05-28T16:58:32Z</time></trkpt><trkpt lat="58.055513" lon="38.86364"><ele>95.0</ele><time>2022-05-28T16:58:44Z</time></trkpt><trkpt lat="58.055575" lon="38.86372"><ele>95.0</ele><time>2022-05-28T16:58:50Z</time></trkpt><trkpt lat="58.055635" lon="38.863807"><ele>95.0</ele><time>2022-05-28T16:58:56Z</time></trkpt><trkpt lat="58.055693" lon="38.863902"><ele>95.0</ele><time>2022-05-28T16:59:01Z</time></trkpt><trkpt lat="58.055737" lon="38.864028"><ele>96.0</ele><time>2022-05-28T16:59:06Z</time></trkpt><trkpt lat="58.055775" lon="38.86415"><ele>96.0</ele><time>2022-05-28T16:59:10Z</time></trkpt><trkpt lat="58.055793" lon="38.86431"><ele>96.0</ele><time>2022-05-28T16:59:16Z</time></trkpt><trkpt lat="58.05579" lon="38.864468"><ele>97.0</ele><time>2022-05-28T16:59:21Z</time></trkpt><trkpt lat="58.05577" lon="38.864603"><ele>97.0</ele><time>2022-05-28T16:59:25Z</time></trkpt><trkpt lat="58.055735" lon="38.864732"><ele>97.0</ele><time>2022-05-28T16:59:30Z</time></trkpt><trkpt lat="58.055667" lon="38.86482"><ele>97.0</ele><time>2022-05-28T16:59:35Z</time></trkpt><trkpt lat="58.055587" lon="38.864828"><ele>97.0</ele><time>2022-05-28T16:59:39Z</time></trkpt><trkpt lat="58.055515" lon="38.86477"><ele>97.0</ele><time>2022-05-28T16:59:43Z</time></trkpt><trkpt lat="58.055443" lon="38.8647"><ele>97.0</ele><time>2022-05-28T16:59:48Z</time></trkpt><trkpt lat="58.055367" lon="38.864632"><ele>97.0</ele><time>2022-05-28T16:59:53Z</time></trkpt><trkpt lat="58.05528" lon="38.864572"><ele>97.0</ele><time>2022-05-28T16:59:58Z</time></trkpt><trkpt lat="58.05521" lon="38.864512"><ele>98.0</ele><time>2022-05-28T17:00:02Z</time></trkpt><trkpt lat="58.055142" lon="38.864458"><ele>97.0</ele><time>2022-05-28T17:00:06Z</time></trkpt><trkpt lat="58.055063" lon="38.86441"><ele>97.0</ele><time>2022-05-28T17:00:10Z</time></trkpt><trkpt lat="58.054995" lon="38.864343"><ele>97.0</ele><time>2022-05-28T17:00:14Z</time></trkpt><trkpt lat="58.054927" lon="38.864268"><ele>97.0</ele><time>2022-05-28T17:00:18Z</time></trkpt><trkpt lat="58.054853" lon="38.864225"><ele>97.0</ele><time>2022-05-28T17:00:22Z</time></trkpt><trkpt lat="58.054778" lon="38.864187"><ele>97.0</ele><time>2022-05-28T17:00:26Z</time></trkpt><trkpt lat="58.0547" lon="38.864152"><ele>97.0</ele><time>2022-05-28T17:00:30Z</time></trkpt><trkpt lat="58.054617" lon="38.864097"><ele>97.0</ele><time>2022-05-28T17:00:35Z</time></trkpt><trkpt lat="58.054535" lon="38.86406"><ele>97.0</ele><time>2022-05-28T17:00:40Z</time></trkpt><trkpt lat="58.054453" lon="38.864005"><ele>97.0</ele><time>2022-05-28T17:00:45Z</time></trkpt><trkpt lat="58.054378" lon="38.863965"><ele>97.0</ele><time>2022-05-28T17:00:49Z</time></trkpt><trkpt lat="58.0543" lon="38.863917"><ele>98.0</ele><time>2022-05-28T17:00:54Z</time></trkpt><trkpt lat="58.054225" lon="38.863863"><ele>98.0</ele><time>2022-05-28T17:00:58Z</time></trkpt><trkpt lat="58.054145" lon="38.86382"><ele>98.0</ele><time>2022-05-28T17:01:02Z</time></trkpt><trkpt lat="58.054067" lon="38.86376"><ele>99.0</ele><time>2022-05-28T17:01:06Z</time></trkpt><trkpt lat="58.053992" lon="38.863717"><ele>98.0</ele><time>2022-05-28T17:01:09Z</time></trkpt><trkpt lat="58.05392" lon="38.86367"><ele>98.0</ele><time>2022-05-28T17:01:12Z</time></trkpt><trkpt lat="58.053845" lon="38.863628"><ele>98.0</ele><time>2022-05-28T17:01:16Z</time></trkpt><trkpt lat="58.053775" lon="38.863588"><ele>98.0</ele><time>2022-05-28T17:01:20Z</time></trkpt><trkpt lat="58.053688" lon="38.863535"><ele>97.0</ele><time>2022-05-28T17:01:24Z</time></trkpt><trkpt lat="58.053615" lon="38.863497"><ele>97.0</ele><time>2022-05-28T17:01:27Z</time></trkpt><trkpt lat="58.053552" lon="38.863432"><ele>98.0</ele><time>2022-05-28T17:06:30Z</time></trkpt><trkpt lat="58.05348" lon="38.863392"><ele>99.0</ele><time>2022-05-28T17:06:34Z</time></trkpt><trkpt lat="58.053398" lon="38.863337"><ele>99.0</ele><time>2022-05-28T17:06:38Z</time></trkpt><trkpt lat="58.05333" lon="38.863267"><ele>99.0</ele><time>2022-05-28T17:06:42Z</time></trkpt><trkpt lat="58.053258" lon="38.863222"><ele>100.0</ele><time>2022-05-28T17:06:46Z</time></trkpt><trkpt lat="58.053193" lon="38.863167"><ele>100.0</ele><time>2022-05-28T17:06:49Z</time></trkpt><trkpt lat="58.053117" lon="38.863108"><ele>99.0</ele><time>2022-05-28T17:06:52Z</time></trkpt><trkpt lat="58.05304" lon="38.863052"><ele>99.0</ele><time>2022-05-28T17:06:55Z</time></trkpt><trkpt lat="58.052967" lon="38.862987"><ele>99.0</ele><time>2022-05-28T17:06:59Z</time></trkpt><trkpt lat="58.052887" lon="38.862938"><ele>100.0</ele><time>2022-05-28T17:07:04Z</time></trkpt><trkpt lat="58.052805" lon="38.862893"><ele>100.0</ele><time>2022-05-28T17:07:08Z</time></trkpt><trkpt lat="58.052722" lon="38.862822"><ele>100.0</ele><time>2022-05-28T17:07:12Z</time></trkpt><trkpt lat="58.052637" lon="38.862763"><ele>100.0</ele><time>2022-05-28T17:07:16Z</time></trkpt><trkpt lat="58.05256" lon="38.862708"><ele>99.0</ele><time>2022-05-28T17:07:20Z</time></trkpt><trkpt lat="58.052482" lon="38.862687"><ele>100.0</ele><time>2022-05-28T17:07:25Z</time></trkpt><trkpt lat="58.052405" lon="38.862655"><ele>99.0</ele><time>2022-05-28T17:07:36Z</time></trkpt><trkpt lat="58.052318" lon="38.862607"><ele>99.0</ele><time>2022-05-28T17:07:41Z</time></trkpt><trkpt lat="58.05224" lon="38.862552"><ele>99.0</ele><time>2022-05-28T17:07:45Z</time></trkpt><trkpt lat="58.052168" lon="38.86249"><ele>99.0</ele><time>2022-05-28T17:07:48Z</time></trkpt><trkpt lat="58.052062" lon="38.862408"><ele>99.0</ele><time>2022-05-28T17:07:51Z</time></trkpt><trkpt lat="58.05197" lon="38.862335"><ele>99.0</ele><time>2022-05-28T17:07:53Z</time></trkpt><trkpt lat="58.051887" lon="38.86227"><ele>99.0</ele><time>2022-05-28T17:07:55Z</time></trkpt><trkpt lat="58.05181" lon="38.862217"><ele>99.0</ele><time>2022-05-28T17:07:57Z</time></trkpt><trkpt lat="58.051733" lon="38.86217"><ele>99.0</ele><time>2022-05-28T17:07:59Z</time></trkpt><trkpt lat="58.051662" lon="38.86212"><ele>100.0</ele><time>2022-05-28T17:08:02Z</time></trkpt><trkpt lat="58.051582" lon="38.862148"><ele>102.0</ele><time>2022-05-28T17:09:26Z</time></trkpt><trkpt lat="58.05151" lon="38.862075"><ele>103.0</ele><time>2022-05-28T17:09:30Z</time></trkpt><trkpt lat="58.051433" lon="38.862013"><ele>103.0</ele><time>2022-05-28T17:09:36Z</time></trkpt><trkpt lat="58.051362" lon="38.861958"><ele>103.0</ele><time>2022-05-28T17:09:40Z</time></trkpt><trkpt lat="58.05129" lon="38.861888"><ele>103.0</ele><time>2022-05-28T17:09:45Z</time></trkpt><trkpt lat="58.051208" lon="38.86184"><ele>103.0</ele><time>2022-05-28T17:09:49Z</time></trkpt><trkpt lat="58.051137" lon="38.861787"><ele>103.0</ele><time>2022-05-28T17:09:53Z</time></trkpt><trkpt lat="58.051062" lon="38.861725"><ele>103.0</ele><time>2022-05-28T17:09:57Z</time></trkpt><trkpt lat="58.050988" lon="38.861673"><ele>103.0</ele><time>2022-05-28T17:10:01Z</time></trkpt><trkpt lat="58.050898" lon="38.861623"><ele>104.0</ele><time>2022-05-28T17:10:05Z</time></trkpt><trkpt lat="58.050807" lon="38.861578"><ele>103.0</ele><time>2022-05-28T17:10:09Z</time></trkpt><trkpt lat="58.050732" lon="38.861563"><ele>102.0</ele><time>2022-05-28T17:10:25Z</time></trkpt><trkpt lat="58.050658" lon="38.8615"><ele>102.0</ele><time>2022-05-28T17:10:30Z</time></trkpt><trkpt lat="58.050583" lon="38.86143"><ele>102.0</ele><time>2022-05-28T17:10:34Z</time></trkpt><trkpt lat="58.050487" lon="38.86137"><ele>102.0</ele><time>2022-05-28T17:11:22Z</time></trkpt><trkpt lat="58.050422" lon="38.861277"><ele>103.0</ele><time>2022-05-28T17:11:55Z</time></trkpt><trkpt lat="58.050353" lon="38.86123"><ele>102.0</ele><time>2022-05-28T17:11:58Z</time></trkpt><trkpt lat="58.050263" lon="38.861177"><ele>102.0</ele><time>2022-05-28T17:12:02Z</time></trkpt><trkpt lat="58.050185" lon="38.861127"><ele>103.0</ele><time>2022-05-28T17:12:05Z</time></trkpt><trkpt lat="58.050103" lon="38.861075"><ele>103.0</ele><time>2022-05-28T17:12:08Z</time></trkpt><trkpt lat="58.050013" lon="38.861027"><ele>103.0</ele><time>2022-05-28T17:12:11Z</time></trkpt><trkpt lat="58.049928" lon="38.860975"><ele>104.0</ele><time>2022-05-28T17:12:14Z</time></trkpt><trkpt lat="58.04983" lon="38.860922"><ele>103.0</ele><time>2022-05-28T17:12:17Z</time></trkpt><trkpt lat="58.049748" lon="38.86085"><ele>104.0</ele><time>2022-05-28T17:12:20Z</time></trkpt><trkpt lat="58.049657" lon="38.860858"><ele>101.0</ele><time>2022-05-28T17:15:02Z</time></trkpt><trkpt lat="58.04958" lon="38.860787"><ele>103.0</ele><time>2022-05-28T17:15:06Z</time></trkpt><trkpt lat="58.049492" lon="38.860713"><ele>105.0</ele><time>2022-05-28T17:15:10Z</time></trkpt><trkpt lat="58.049408" lon="38.860652"><ele>103.0</ele><time>2022-05-28T17:15:13Z</time></trkpt><trkpt lat="58.04933" lon="38.860598"><ele>103.0</ele><time>2022-05-28T17:15:16Z</time></trkpt><trkpt lat="58.049255" lon="38.860545"><ele>103.0</ele><time>2022-05-28T17:15:19Z</time></trkpt><trkpt lat="58.049175" lon="38.860487"><ele>104.0</ele><time>2022-05-28T17:15:22Z</time></trkpt><trkpt lat="58.0491" lon="38.860433"><ele>105.0</ele><time>2022-05-28T17:15:25Z</time></trkpt><trkpt lat="58.049023" lon="38.86034"><ele>105.0</ele><time>2022-05-28T17:15:28Z</time></trkpt><trkpt lat="58.04894" lon="38.860285"><ele>105.0</ele><time>2022-05-28T17:15:31Z</time></trkpt><trkpt lat="58.048865" lon="38.860268"><ele>105.0</ele><time>2022-05-28T17:15:34Z</time></trkpt><trkpt lat="58.048782" lon="38.860218"><ele>106.0</ele><time>2022-05-28T17:15:38Z</time></trkpt><trkpt lat="58.048702" lon="38.860155"><ele>106.0</ele><time>2022-05-28T17:15:42Z</time></trkpt><trkpt lat="58.048615" lon="38.8601"><ele>107.0</ele><time>2022-05-28T17:15:46Z</time></trkpt><trkpt lat="58.048543" lon="38.860075"><ele>107.0</ele><time>2022-05-28T17:15:49Z</time></trkpt><trkpt lat="58.048472" lon="38.860025"><ele>107.0</ele><time>2022-05-28T17:15:52Z</time></trkpt><trkpt lat="58.048385" lon="38.859965"><ele>106.0</ele><time>2022-05-28T17:15:55Z</time></trkpt><trkpt lat="58.048312" lon="38.859932"><ele>106.0</ele><time>2022-05-28T17:15:57Z</time></trkpt><trkpt lat="58.048232" lon="38.859883"><ele>106.0</ele><time>2022-05-28T17:15:59Z</time></trkpt><trkpt lat="58.04815" lon="38.859837"><ele>106.0</ele><time>2022-05-28T17:16:01Z</time></trkpt><trkpt lat="58.048055" lon="38.859778"><ele>106.0</ele><time>2022-05-28T17:16:03Z</time></trkpt><trkpt lat="58.047962" lon="38.859653"><ele>106.0</ele><time>2022-05-28T17:16:05Z</time></trkpt><trkpt lat="58.047947" lon="38.859455"><ele>105.0</ele><time>2022-05-28T17:16:07Z</time></trkpt><trkpt lat="58.047957" lon="38.859283"><ele>104.0</ele><time>2022-05-28T17:16:09Z</time></trkpt><trkpt lat="58.04799" lon="38.859088"><ele>104.0</ele><time>2022-05-28T17:16:11Z</time></trkpt><trkpt lat="58.04803" lon="38.858922"><ele>102.0</ele><time>2022-05-28T17:16:13Z</time></trkpt><trkpt lat="58.048117" lon="38.85888"><ele>101.0</ele><time>2022-05-28T17:16:15Z</time></trkpt><trkpt lat="58.048208" lon="38.858842"><ele>102.0</ele><time>2022-05-28T17:16:17Z</time></trkpt><trkpt lat="58.04813" lon="38.858777"><ele>101.0</ele><time>2022-05-28T17:16:19Z</time></trkpt><trkpt lat="58.048103" lon="38.858937"><ele>101.0</ele><time>2022-05-28T17:16:21Z</time></trkpt><trkpt lat="58.04813" lon="38.858767"><ele>101.0</ele><time>2022-05-28T17:16:25Z</time></trkpt><trkpt lat="58.048123" lon="38.858578"><ele>100.0</ele><time>2022-05-28T17:16:28Z</time></trkpt><trkpt lat="58.048137" lon="38.858435"><ele>99.0</ele><time>2022-05-28T17:16:31Z</time></trkpt><trkpt lat="58.048163" lon="38.858308"><ele>98.0</ele><time>2022-05-28T17:16:35Z</time></trkpt><trkpt lat="58.048192" lon="38.858153"><ele>98.0</ele><time>2022-05-28T17:16:38Z</time></trkpt><trkpt lat="58.048202" lon="38.857995"><ele>98.0</ele><time>2022-05-28T17:16:41Z</time></trkpt><trkpt lat="58.048213" lon="38.857835"><ele>99.0</ele><time>2022-05-28T17:16:44Z</time></trkpt><trkpt lat="58.048228" lon="38.857683"><ele>99.0</ele><time>2022-05-28T17:16:47Z</time></trkpt><trkpt lat="58.048258" lon="38.857522"><ele>98.0</ele><time>2022-05-28T17:16:51Z</time></trkpt><trkpt lat="58.048282" lon="38.857373"><ele>96.0</ele><time>2022-05-28T17:16:55Z</time></trkpt><trkpt lat="58.048295" lon="38.857235"><ele>97.0</ele><time>2022-05-28T17:16:58Z</time></trkpt><trkpt lat="58.04837" lon="38.857238"><ele>100.0</ele><time>2022-05-28T17:17:08Z</time></trkpt><trkpt lat="58.048447" lon="38.857308"><ele>100.0</ele><time>2022-05-28T17:17:11Z</time></trkpt><trkpt lat="58.048527" lon="38.85737"><ele>100.0</ele><time>2022-05-28T17:17:14Z</time></trkpt><trkpt lat="58.048607" lon="38.857455"><ele>100.0</ele><time>2022-05-28T17:17:17Z</time></trkpt><trkpt lat="58.048678" lon="38.857523"><ele>100.0</ele><time>2022-05-28T17:17:20Z</time></trkpt><trkpt lat="58.04875" lon="38.857575"><ele>100.0</ele><time>2022-05-28T17:17:25Z</time></trkpt><trkpt lat="58.048837" lon="38.85763"><ele>100.0</ele><time>2022-05-28T17:17:29Z</time></trkpt><trkpt lat="58.04893" lon="38.857635"><ele>101.0</ele><time>2022-05-28T17:17:32Z</time></trkpt><trkpt lat="58.049007" lon="38.857662"><ele>101.0</ele><time>2022-05-28T17:17:35Z</time></trkpt><trkpt lat="58.04909" lon="38.857673"><ele>100.0</ele><time>2022-05-28T17:17:42Z</time></trkpt><trkpt lat="58.049162" lon="38.857727"><ele>100.0</ele><time>2022-05-28T17:17:45Z</time></trkpt><trkpt lat="58.049228" lon="38.857682"><ele>99.0</ele><time>2022-05-28T17:17:51Z</time></trkpt><trkpt lat="58.049162" lon="38.857777"><ele>99.0</ele><time>2022-05-28T17:18:38Z</time></trkpt><trkpt lat="58.049132" lon="38.857937"><ele>98.0</ele><time>2022-05-28T17:18:42Z</time></trkpt><trkpt lat="58.0491" lon="38.858068"><ele>98.0</ele><time>2022-05-28T17:18:45Z</time></trkpt><trkpt lat="58.04908" lon="38.858202"><ele>99.0</ele><time>2022-05-28T17:18:48Z</time></trkpt><trkpt lat="58.049052" lon="38.858358"><ele>99.0</ele><time>2022-05-28T17:18:51Z</time></trkpt><trkpt lat="58.049012" lon="38.858545"><ele>99.0</ele><time>2022-05-28T17:18:54Z</time></trkpt><trkpt lat="58.049078" lon="38.85839"><ele>99.0</ele><time>2022-05-28T17:19:00Z</time></trkpt><trkpt lat="58.049175" lon="38.858082"><ele>98.0</ele><time>2022-05-28T17:19:02Z</time></trkpt><trkpt lat="58.049225" lon="38.85798"><ele>97.0</ele><time>2022-05-28T17:19:03Z</time></trkpt><trkpt lat="58.049268" lon="38.857868"><ele>97.0</ele><time>2022-05-28T17:19:04Z</time></trkpt><trkpt lat="58.049312" lon="38.857747"><ele>96.0</ele><time>2022-05-28T17:19:05Z</time></trkpt><trkpt lat="58.04936" lon="38.85763"><ele>96.0</ele><time>2022-05-28T17:19:06Z</time></trkpt><trkpt lat="58.04942" lon="38.857517"><ele>96.0</ele><time>2022-05-28T17:19:07Z</time></trkpt><trkpt lat="58.049478" lon="38.857383"><ele>96.0</ele><time>2022-05-28T17:19:08Z</time></trkpt><trkpt lat="58.049523" lon="38.857257"><ele>96.0</ele><time>2022-05-28T17:19:09Z</time></trkpt><trkpt lat="58.049555" lon="38.857117"><ele>96.0</ele><time>2022-05-28T17:19:10Z</time></trkpt><trkpt lat="58.049603" lon="38.857017"><ele>96.0</ele><time>2022-05-28T17:19:11Z</time></trkpt><trkpt lat="58.049678" lon="38.856795"><ele>95.0</ele><time>2022-05-28T17:19:13Z</time></trkpt><trkpt lat="58.049735" lon="38.856573"><ele>94.0</ele><time>2022-05-28T17:19:15Z</time></trkpt><trkpt lat="58.04972" lon="38.856352"><ele>92.0</ele><time>2022-05-28T17:19:17Z</time></trkpt><trkpt lat="58.049775" lon="38.856172"><ele>92.0</ele><time>2022-05-28T17:19:19Z</time></trkpt><trkpt lat="58.04979" lon="38.856025"><ele>93.0</ele><time>2022-05-28T17:19:21Z</time></trkpt><trkpt lat="58.049805" lon="38.855888"><ele>93.0</ele><time>2022-05-28T17:19:23Z</time></trkpt><trkpt lat="58.049853" lon="38.855775"><ele>94.0</ele><time>2022-05-28T17:19:25Z</time></trkpt><trkpt lat="58.04988" lon="38.855627"><ele>92.0</ele><time>2022-05-28T17:19:30Z</time></trkpt><trkpt lat="58.049893" lon="38.85549"><ele>91.0</ele><time>2022-05-28T17:19:34Z</time></trkpt><trkpt lat="58.049915" lon="38.855357"><ele>91.0</ele><time>2022-05-28T17:19:36Z</time></trkpt><trkpt lat="58.049948" lon="38.85523"><ele>90.0</ele><time>2022-05-28T17:19:38Z</time></trkpt><trkpt lat="58.049993" lon="38.855075"><ele>90.0</ele><time>2022-05-28T17:19:41Z</time></trkpt><trkpt lat="58.050012" lon="38.854917"><ele>91.0</ele><time>2022-05-28T17:19:44Z</time></trkpt><trkpt lat="58.050012" lon="38.854738"><ele>91.0</ele><time>2022-05-28T17:19:47Z</time></trkpt><trkpt lat="58.050028" lon="38.854572"><ele>91.0</ele><time>2022-05-28T17:19:50Z</time></trkpt><trkpt lat="58.050055" lon="38.854398"><ele>90.0</ele><time>2022-05-28T17:19:53Z</time></trkpt><trkpt lat="58.050085" lon="38.854228"><ele>90.0</ele><time>2022-05-28T17:19:56Z</time></trkpt><trkpt lat="58.050105" lon="38.854085"><ele>90.0</ele><time>2022-05-28T17:19:59Z</time></trkpt><trkpt lat="58.050135" lon="38.853932"><ele>90.0</ele><time>2022-05-28T17:20:03Z</time></trkpt><trkpt lat="58.050172" lon="38.853768"><ele>90.0</ele><time>2022-05-28T17:20:07Z</time></trkpt><trkpt lat="58.050192" lon="38.853625"><ele>89.0</ele><time>2022-05-28T17:20:10Z</time></trkpt><trkpt lat="58.050215" lon="38.853463"><ele>88.0</ele><time>2022-05-28T17:20:13Z</time></trkpt><trkpt lat="58.05024" lon="38.853313"><ele>88.0</ele><time>2022-05-28T17:20:16Z</time></trkpt><trkpt lat="58.050257" lon="38.853178"><ele>89.0</ele><time>2022-05-28T17:20:19Z</time></trkpt><trkpt lat="58.0503" lon="38.853045"><ele>90.0</ele><time>2022-05-28T17:20:24Z</time></trkpt><trkpt lat="58.050355" lon="38.85292"><ele>90.0</ele><time>2022-05-28T17:20:28Z</time></trkpt><trkpt lat="58.0504" lon="38.85281"><ele>90.0</ele><time>2022-05-28T17:20:31Z</time></trkpt><trkpt lat="58.050448" lon="38.852688"><ele>91.0</ele><time>2022-05-28T17:20:34Z</time></trkpt><trkpt lat="58.0505" lon="38.852552"><ele>91.0</ele><time>2022-05-28T17:20:37Z</time></trkpt><trkpt lat="58.050548" lon="38.8524"><ele>91.0</ele><time>2022-05-28T17:20:40Z</time></trkpt><trkpt lat="58.0506" lon="38.85224"><ele>90.0</ele><time>2022-05-28T17:20:43Z</time></trkpt><trkpt lat="58.05065" lon="38.852083"><ele>90.0</ele><time>2022-05-28T17:20:45Z</time></trkpt><trkpt lat="58.050697" lon="38.851968"><ele>89.0</ele><time>2022-05-28T17:20:47Z</time></trkpt><trkpt lat="58.050747" lon="38.851853"><ele>89.0</ele><time>2022-05-28T17:20:49Z</time></trkpt><trkpt lat="58.050787" lon="38.851737"><ele>89.0</ele><time>2022-05-28T17:20:51Z</time></trkpt><trkpt lat="58.050833" lon="38.851563"><ele>89.0</ele><time>2022-05-28T17:20:54Z</time></trkpt><trkpt lat="58.050858" lon="38.85139"><ele>90.0</ele><time>2022-05-28T17:20:57Z</time></trkpt><trkpt lat="58.05089" lon="38.851242"><ele>90.0</ele><time>2022-05-28T17:21:00Z</time></trkpt><trkpt lat="58.050945" lon="38.851072"><ele>89.0</ele><time>2022-05-28T17:21:03Z</time></trkpt><trkpt lat="58.050998" lon="38.850905"><ele>89.0</ele><time>2022-05-28T17:21:06Z</time></trkpt><trkpt lat="58.051045" lon="38.85075"><ele>88.0</ele><time>2022-05-28T17:21:09Z</time></trkpt><trkpt lat="58.051105" lon="38.85059"><ele>88.0</ele><time>2022-05-28T17:21:12Z</time></trkpt><trkpt lat="58.051157" lon="38.850422"><ele>88.0</ele><time>2022-05-28T17:21:15Z</time></trkpt><trkpt lat="58.051213" lon="38.850257"><ele>87.0</ele><time>2022-05-28T17:21:18Z</time></trkpt><trkpt lat="58.05127" lon="38.850083"><ele>87.0</ele><time>2022-05-28T17:21:22Z</time></trkpt><trkpt lat="58.051307" lon="38.84994"><ele>87.0</ele><time>2022-05-28T17:21:24Z</time></trkpt><trkpt lat="58.051352" lon="38.849798"><ele>87.0</ele><time>2022-05-28T17:21:26Z</time></trkpt><trkpt lat="58.051408" lon="38.849662"><ele>87.0</ele><time>2022-05-28T17:21:28Z</time></trkpt><trkpt lat="58.051463" lon="38.849557"><ele>87.0</ele><time>2022-05-28T17:21:30Z</time></trkpt><trkpt lat="58.0515" lon="38.84943"><ele>88.0</ele><time>2022-05-28T17:21:32Z</time></trkpt><trkpt lat="58.051528" lon="38.84929"><ele>87.0</ele><time>2022-05-28T17:21:34Z</time></trkpt><trkpt lat="58.051572" lon="38.849172"><ele>87.0</ele><time>2022-05-28T17:21:36Z</time></trkpt><trkpt lat="58.051625" lon="38.849003"><ele>87.0</ele><time>2022-05-28T17:21:39Z</time></trkpt><trkpt lat="58.05168" lon="38.848848"><ele>87.0</ele><time>2022-05-28T17:21:42Z</time></trkpt><trkpt lat="58.051727" lon="38.84873"><ele>87.0</ele><time>2022-05-28T17:21:45Z</time></trkpt><trkpt lat="58.051782" lon="38.848625"><ele>87.0</ele><time>2022-05-28T17:21:50Z</time></trkpt><trkpt lat="58.051795" lon="38.84849"><ele>86.0</ele><time>2022-05-28T17:23:19Z</time></trkpt><trkpt lat="58.051802" lon="38.84834"><ele>86.0</ele><time>2022-05-28T17:23:21Z</time></trkpt><trkpt lat="58.051827" lon="38.848198"><ele>86.0</ele><time>2022-05-28T17:23:23Z</time></trkpt><trkpt lat="58.05187" lon="38.84803"><ele>86.0</ele><time>2022-05-28T17:23:26Z</time></trkpt><trkpt lat="58.051897" lon="38.847872"><ele>86.0</ele><time>2022-05-28T17:23:29Z</time></trkpt><trkpt lat="58.05192" lon="38.847728"><ele>86.0</ele><time>2022-05-28T17:23:32Z</time></trkpt><trkpt lat="58.051947" lon="38.84756"><ele>87.0</ele><time>2022-05-28T17:23:35Z</time></trkpt><trkpt lat="58.051978" lon="38.847395"><ele>86.0</ele><time>2022-05-28T17:23:38Z</time></trkpt><trkpt lat="58.052007" lon="38.847237"><ele>87.0</ele><time>2022-05-28T17:23:41Z</time></trkpt><trkpt lat="58.05204" lon="38.847078"><ele>85.0</ele><time>2022-05-28T17:23:44Z</time></trkpt><trkpt lat="58.052078" lon="38.846937"><ele>86.0</ele><time>2022-05-28T17:23:47Z</time></trkpt><trkpt lat="58.052123" lon="38.846787"><ele>86.0</ele><time>2022-05-28T17:23:50Z</time></trkpt><trkpt lat="58.052178" lon="38.846628"><ele>86.0</ele><time>2022-05-28T17:23:53Z</time></trkpt><trkpt lat="58.052233" lon="38.84646"><ele>87.0</ele><time>2022-05-28T17:23:56Z</time></trkpt><trkpt lat="58.052268" lon="38.846332"><ele>86.0</ele><time>2022-05-28T17:23:58Z</time></trkpt><trkpt lat="58.052307" lon="38.846195"><ele>86.0</ele><time>2022-05-28T17:24:00Z</time></trkpt><trkpt lat="58.052317" lon="38.846003"><ele>87.0</ele><time>2022-05-28T17:24:02Z</time></trkpt><trkpt lat="58.05236" lon="38.845825"><ele>88.0</ele><time>2022-05-28T17:24:04Z</time></trkpt><trkpt lat="58.052397" lon="38.845657"><ele>88.0</ele><time>2022-05-28T17:24:06Z</time></trkpt><trkpt lat="58.052423" lon="38.845505"><ele>88.0</ele><time>2022-05-28T17:24:08Z</time></trkpt><trkpt lat="58.052458" lon="38.845325"><ele>88.0</ele><time>2022-05-28T17:24:11Z</time></trkpt><trkpt lat="58.052497" lon="38.845163"><ele>87.0</ele><time>2022-05-28T17:24:14Z</time></trkpt><trkpt lat="58.052525" lon="38.845008"><ele>89.0</ele><time>2022-05-28T17:24:18Z</time></trkpt><trkpt lat="58.052547" lon="38.844855"><ele>90.0</ele><time>2022-05-28T17:24:23Z</time></trkpt><trkpt lat="58.052593" lon="38.844717"><ele>90.0</ele><time>2022-05-28T17:24:27Z</time></trkpt><trkpt lat="58.052628" lon="38.844573"><ele>89.0</ele><time>2022-05-28T17:24:31Z</time></trkpt><trkpt lat="58.052667" lon="38.844433"><ele>90.0</ele><time>2022-05-28T17:24:35Z</time></trkpt><trkpt lat="58.052705" lon="38.84431"><ele>91.0</ele><time>2022-05-28T17:24:39Z</time></trkpt><trkpt lat="58.052752" lon="38.844167"><ele>91.0</ele><time>2022-05-28T17:24:44Z</time></trkpt><trkpt lat="58.052788" lon="38.844025"><ele>90.0</ele><time>2022-05-28T17:24:48Z</time></trkpt><trkpt lat="58.052848" lon="38.843887"><ele>90.0</ele><time>2022-05-28T17:24:52Z</time></trkpt><trkpt lat="58.052888" lon="38.843768"><ele>90.0</ele><time>2022-05-28T17:24:55Z</time></trkpt><trkpt lat="58.05293" lon="38.84361"><ele>89.0</ele><time>2022-05-28T17:24:58Z</time></trkpt><trkpt lat="58.05299" lon="38.843438"><ele>89.0</ele><time>2022-05-28T17:25:01Z</time></trkpt><trkpt lat="58.053052" lon="38.843282"><ele>88.0</ele><time>2022-05-28T17:25:04Z</time></trkpt><trkpt lat="58.053103" lon="38.843137"><ele>89.0</ele><time>2022-05-28T17:25:07Z</time></trkpt><trkpt lat="58.053142" lon="38.843"><ele>90.0</ele><time>2022-05-28T17:25:10Z</time></trkpt><trkpt lat="58.053192" lon="38.842842"><ele>91.0</ele><time>2022-05-28T17:25:14Z</time></trkpt><trkpt lat="58.053248" lon="38.84269"><ele>90.0</ele><time>2022-05-28T17:25:17Z</time></trkpt><trkpt lat="58.053302" lon="38.842552"><ele>89.0</ele><time>2022-05-28T17:25:20Z</time></trkpt><trkpt lat="58.053352" lon="38.842405"><ele>89.0</ele><time>2022-05-28T17:25:23Z</time></trkpt><trkpt lat="58.0534" lon="38.84225"><ele>89.0</ele><time>2022-05-28T17:25:26Z</time></trkpt><trkpt lat="58.053447" lon="38.842098"><ele>90.0</ele><time>2022-05-28T17:25:29Z</time></trkpt><trkpt lat="58.05349" lon="38.841982"><ele>90.0</ele><time>2022-05-28T17:25:32Z</time></trkpt><trkpt lat="58.053548" lon="38.841895"><ele>90.0</ele><time>2022-05-28T17:25:47Z</time></trkpt><trkpt lat="58.05359" lon="38.841743"><ele>91.0</ele><time>2022-05-28T17:25:53Z</time></trkpt><trkpt lat="58.05364" lon="38.841603"><ele>93.0</ele><time>2022-05-28T17:25:57Z</time></trkpt><trkpt lat="58.053682" lon="38.841478"><ele>94.0</ele><time>2022-05-28T17:26:01Z</time></trkpt><trkpt lat="58.053725" lon="38.841338"><ele>95.0</ele><time>2022-05-28T17:26:06Z</time></trkpt><trkpt lat="58.05377" lon="38.84119"><ele>93.0</ele><time>2022-05-28T17:26:10Z</time></trkpt><trkpt lat="58.05381" lon="38.841047"><ele>93.0</ele><time>2022-05-28T17:26:14Z</time></trkpt><trkpt lat="58.053865" lon="38.840908"><ele>93.0</ele><time>2022-05-28T17:26:18Z</time></trkpt><trkpt lat="58.053912" lon="38.8408"><ele>92.0</ele><time>2022-05-28T17:26:21Z</time></trkpt><trkpt lat="58.053962" lon="38.840672"><ele>92.0</ele><time>2022-05-28T17:26:24Z</time></trkpt><trkpt lat="58.054012" lon="38.840505"><ele>92.0</ele><time>2022-05-28T17:26:27Z</time></trkpt><trkpt lat="58.054043" lon="38.840373"><ele>92.0</ele><time>2022-05-28T17:26:30Z</time></trkpt><trkpt lat="58.054075" lon="38.840247"><ele>92.0</ele><time>2022-05-28T17:26:33Z</time></trkpt><trkpt lat="58.054113" lon="38.840113"><ele>91.0</ele><time>2022-05-28T17:26:36Z</time></trkpt><trkpt lat="58.05416" lon="38.839982"><ele>90.0</ele><time>2022-05-28T17:26:39Z</time></trkpt><trkpt lat="58.054205" lon="38.839852"><ele>89.0</ele><time>2022-05-28T17:26:42Z</time></trkpt><trkpt lat="58.054248" lon="38.839742"><ele>89.0</ele><time>2022-05-28T17:26:45Z</time></trkpt><trkpt lat="58.0543" lon="38.839598"><ele>91.0</ele><time>2022-05-28T17:26:49Z</time></trkpt><trkpt lat="58.05435" lon="38.83949"><ele>90.0</ele><time>2022-05-28T17:26:52Z</time></trkpt><trkpt lat="58.054397" lon="38.839368"><ele>90.0</ele><time>2022-05-28T17:26:55Z</time></trkpt><trkpt lat="58.054445" lon="38.839233"><ele>90.0</ele><time>2022-05-28T17:26:58Z</time></trkpt><trkpt lat="58.054492" lon="38.83909"><ele>90.0</ele><time>2022-05-28T17:27:01Z</time></trkpt><trkpt lat="58.05454" lon="38.83894"><ele>90.0</ele><time>2022-05-28T17:27:04Z</time></trkpt><trkpt lat="58.054593" lon="38.83879"><ele>89.0</ele><time>2022-05-28T17:27:07Z</time></trkpt><trkpt lat="58.054653" lon="38.83865"><ele>89.0</ele><time>2022-05-28T17:27:10Z</time></trkpt><trkpt lat="58.054713" lon="38.838498"><ele>90.0</ele><time>2022-05-28T17:27:13Z</time></trkpt><trkpt lat="58.054772" lon="38.838345"><ele>90.0</ele><time>2022-05-28T17:27:16Z</time></trkpt><trkpt lat="58.054833" lon="38.838197"><ele>90.0</ele><time>2022-05-28T17:27:19Z</time></trkpt><trkpt lat="58.054883" lon="38.838037"><ele>90.0</ele><time>2022-05-28T17:27:22Z</time></trkpt><trkpt lat="58.054927" lon="38.837872"><ele>90.0</ele><time>2022-05-28T17:27:25Z</time></trkpt><trkpt lat="58.054978" lon="38.837707"><ele>90.0</ele><time>2022-05-28T17:27:28Z</time></trkpt><trkpt lat="58.055028" lon="38.837553"><ele>90.0</ele><time>2022-05-28T17:27:31Z</time></trkpt><trkpt lat="58.055082" lon="38.837405"><ele>91.0</ele><time>2022-05-28T17:27:34Z</time></trkpt><trkpt lat="58.055127" lon="38.837258"><ele>91.0</ele><time>2022-05-28T17:27:37Z</time></trkpt><trkpt lat="58.055163" lon="38.837127"><ele>91.0</ele><time>2022-05-28T17:27:40Z</time></trkpt><trkpt lat="58.05521" lon="38.836962"><ele>91.0</ele><time>2022-05-28T17:27:44Z</time></trkpt><trkpt lat="58.055253" lon="38.836817"><ele>91.0</ele><time>2022-05-28T17:27:47Z</time></trkpt><trkpt lat="58.055287" lon="38.836695"><ele>91.0</ele><time>2022-05-28T17:27:50Z</time></trkpt><trkpt lat="58.055328" lon="38.836573"><ele>91.0</ele><time>2022-05-28T17:27:53Z</time></trkpt><trkpt lat="58.055362" lon="38.83645"><ele>91.0</ele><time>2022-05-28T17:27:55Z</time></trkpt><trkpt lat="58.05539" lon="38.836308"><ele>90.0</ele><time>2022-05-28T17:27:59Z</time></trkpt><trkpt lat="58.055438" lon="38.836153"><ele>90.0</ele><time>2022-05-28T17:28:03Z</time></trkpt><trkpt lat="58.055485" lon="38.836012"><ele>91.0</ele><time>2022-05-28T17:28:06Z</time></trkpt><trkpt lat="58.055538" lon="38.835862"><ele>91.0</ele><time>2022-05-28T17:28:09Z</time></trkpt><trkpt lat="58.055585" lon="38.835733"><ele>92.0</ele><time>2022-05-28T17:28:12Z</time></trkpt><trkpt lat="58.05563" lon="38.835613"><ele>92.0</ele><time>2022-05-28T17:28:15Z</time></trkpt><trkpt lat="58.05567" lon="38.835492"><ele>92.0</ele><time>2022-05-28T17:28:18Z</time></trkpt><trkpt lat="58.055713" lon="38.835372"><ele>93.0</ele><time>2022-05-28T17:28:21Z</time></trkpt><trkpt lat="58.055757" lon="38.835242"><ele>93.0</ele><time>2022-05-28T17:28:24Z</time></trkpt><trkpt lat="58.055797" lon="38.835103"><ele>93.0</ele><time>2022-05-28T17:28:28Z</time></trkpt><trkpt lat="58.055833" lon="38.834965"><ele>92.0</ele><time>2022-05-28T17:28:31Z</time></trkpt><trkpt lat="58.055867" lon="38.83483"><ele>91.0</ele><time>2022-05-28T17:28:34Z</time></trkpt><trkpt lat="58.055905" lon="38.834698"><ele>90.0</ele><time>2022-05-28T17:28:37Z</time></trkpt><trkpt lat="58.055947" lon="38.834575"><ele>91.0</ele><time>2022-05-28T17:28:40Z</time></trkpt><trkpt lat="58.055988" lon="38.834453"><ele>91.0</ele><time>2022-05-28T17:28:43Z</time></trkpt><trkpt lat="58.056032" lon="38.834308"><ele>90.0</ele><time>2022-05-28T17:28:46Z</time></trkpt><trkpt lat="58.056075" lon="38.834162"><ele>90.0</ele><time>2022-05-28T17:28:49Z</time></trkpt><trkpt lat="58.056118" lon="38.834015"><ele>90.0</ele><time>2022-05-28T17:28:52Z</time></trkpt><trkpt lat="58.056162" lon="38.833877"><ele>90.0</ele><time>2022-05-28T17:28:55Z</time></trkpt><trkpt lat="58.056198" lon="38.833753"><ele>91.0</ele><time>2022-05-28T17:28:58Z</time></trkpt><trkpt lat="58.056242" lon="38.833633"><ele>91.0</ele><time>2022-05-28T17:29:01Z</time></trkpt><trkpt lat="58.056282" lon="38.833507"><ele>90.0</ele><time>2022-05-28T17:29:04Z</time></trkpt><trkpt lat="58.056322" lon="38.833382"><ele>90.0</ele><time>2022-05-28T17:29:07Z</time></trkpt><trkpt lat="58.056358" lon="38.833265"><ele>89.0</ele><time>2022-05-28T17:29:10Z</time></trkpt><trkpt lat="58.056402" lon="38.833138"><ele>89.0</ele><time>2022-05-28T17:29:13Z</time></trkpt><trkpt lat="58.056453" lon="38.833003"><ele>91.0</ele><time>2022-05-28T17:29:16Z</time></trkpt><trkpt lat="58.056503" lon="38.832855"><ele>92.0</ele><time>2022-05-28T17:29:19Z</time></trkpt><trkpt lat="58.056542" lon="38.832725"><ele>92.0</ele><time>2022-05-28T17:29:22Z</time></trkpt><trkpt lat="58.056572" lon="38.832595"><ele>92.0</ele><time>2022-05-28T17:29:27Z</time></trkpt><trkpt lat="58.056608" lon="38.832472"><ele>92.0</ele><time>2022-05-28T17:29:31Z</time></trkpt><trkpt lat="58.056665" lon="38.832335"><ele>92.0</ele><time>2022-05-28T17:29:35Z</time></trkpt><trkpt lat="58.0567" lon="38.832203"><ele>93.0</ele><time>2022-05-28T17:29:38Z</time></trkpt><trkpt lat="58.056743" lon="38.832058"><ele>94.0</ele><time>2022-05-28T17:29:41Z</time></trkpt><trkpt lat="58.056775" lon="38.831928"><ele>93.0</ele><time>2022-05-28T17:29:44Z</time></trkpt><trkpt lat="58.056823" lon="38.831802"><ele>92.0</ele><time>2022-05-28T17:29:47Z</time></trkpt><trkpt lat="58.056878" lon="38.831685"><ele>93.0</ele><time>2022-05-28T17:29:50Z</time></trkpt><trkpt lat="58.056937" lon="38.831542"><ele>92.0</ele><time>2022-05-28T17:29:54Z</time></trkpt><trkpt lat="58.056965" lon="38.831407"><ele>91.0</ele><time>2022-05-28T17:29:57Z</time></trkpt><trkpt lat="58.057007" lon="38.831288"><ele>91.0</ele><time>2022-05-28T17:30:00Z</time></trkpt><trkpt lat="58.057078" lon="38.831175"><ele>91.0</ele><time>2022-05-28T17:30:04Z</time></trkpt><trkpt lat="58.057145" lon="38.831118"><ele>91.0</ele><time>2022-05-28T17:30:07Z</time></trkpt><trkpt lat="58.057218" lon="38.83107"><ele>91.0</ele><time>2022-05-28T17:30:10Z</time></trkpt><trkpt lat="58.057293" lon="38.831002"><ele>92.0</ele><time>2022-05-28T17:30:13Z</time></trkpt><trkpt lat="58.057362" lon="38.830885"><ele>91.0</ele><time>2022-05-28T17:30:16Z</time></trkpt><trkpt lat="58.057427" lon="38.830737"><ele>90.0</ele><time>2022-05-28T17:30:19Z</time></trkpt><trkpt lat="58.057485" lon="38.830597"><ele>90.0</ele><time>2022-05-28T17:30:22Z</time></trkpt><trkpt lat="58.057535" lon="38.830472"><ele>90.0</ele><time>2022-05-28T17:30:25Z</time></trkpt><trkpt lat="58.057593" lon="38.830332"><ele>90.0</ele><time>2022-05-28T17:30:29Z</time></trkpt><trkpt lat="58.057652" lon="38.830255"><ele>90.0</ele><time>2022-05-28T17:30:32Z</time></trkpt><trkpt lat="58.05772" lon="38.830188"><ele>91.0</ele><time>2022-05-28T17:30:35Z</time></trkpt><trkpt lat="58.057788" lon="38.830092"><ele>91.0</ele><time>2022-05-28T17:30:38Z</time></trkpt><trkpt lat="58.057848" lon="38.829983"><ele>91.0</ele><time>2022-05-28T17:30:41Z</time></trkpt><trkpt lat="58.057897" lon="38.829878"><ele>90.0</ele><time>2022-05-28T17:30:46Z</time></trkpt><trkpt lat="58.05786" lon="38.830028"><ele>89.0</ele><time>2022-05-28T17:30:51Z</time></trkpt><trkpt lat="58.057802" lon="38.830145"><ele>89.0</ele><time>2022-05-28T17:30:54Z</time></trkpt><trkpt lat="58.057872" lon="38.830088"><ele>89.0</ele><time>2022-05-28T17:31:39Z</time></trkpt><trkpt lat="58.057923" lon="38.829945"><ele>88.0</ele><time>2022-05-28T17:31:44Z</time></trkpt><trkpt lat="58.057995" lon="38.829847"><ele>88.0</ele><time>2022-05-28T17:31:48Z</time></trkpt><trkpt lat="58.058058" lon="38.82973"><ele>88.0</ele><time>2022-05-28T17:31:52Z</time></trkpt><trkpt lat="58.058125" lon="38.829602"><ele>88.0</ele><time>2022-05-28T17:31:56Z</time></trkpt><trkpt lat="58.058192" lon="38.829492"><ele>88.0</ele><time>2022-05-28T17:32:00Z</time></trkpt><trkpt lat="58.058265" lon="38.829378"><ele>89.0</ele><time>2022-05-28T17:32:04Z</time></trkpt><trkpt lat="58.058322" lon="38.829287"><ele>89.0</ele><time>2022-05-28T17:32:07Z</time></trkpt><trkpt lat="58.05839" lon="38.829217"><ele>89.0</ele><time>2022-05-28T17:32:10Z</time></trkpt><trkpt lat="58.058458" lon="38.829148"><ele>89.0</ele><time>2022-05-28T17:32:13Z</time></trkpt><trkpt lat="58.058517" lon="38.829045"><ele>89.0</ele><time>2022-05-28T17:32:16Z</time></trkpt><trkpt lat="58.058577" lon="38.828925"><ele>89.0</ele><time>2022-05-28T17:32:20Z</time></trkpt><trkpt lat="58.058625" lon="38.828798"><ele>89.0</ele><time>2022-05-28T17:32:24Z</time></trkpt><trkpt lat="58.058662" lon="38.828673"><ele>90.0</ele><time>2022-05-28T17:32:28Z</time></trkpt><trkpt lat="58.0587" lon="38.828527"><ele>91.0</ele><time>2022-05-28T17:32:33Z</time></trkpt><trkpt lat="58.058753" lon="38.828383"><ele>91.0</ele><time>2022-05-28T17:32:37Z</time></trkpt><trkpt lat="58.058795" lon="38.828262"><ele>91.0</ele><time>2022-05-28T17:32:40Z</time></trkpt><trkpt lat="58.058835" lon="38.828145"><ele>91.0</ele><time>2022-05-28T17:32:43Z</time></trkpt><trkpt lat="58.058875" lon="38.828033"><ele>91.0</ele><time>2022-05-28T17:32:46Z</time></trkpt><trkpt lat="58.058922" lon="38.82788"><ele>92.0</ele><time>2022-05-28T17:32:50Z</time></trkpt><trkpt lat="58.058978" lon="38.827715"><ele>93.0</ele><time>2022-05-28T17:32:53Z</time></trkpt><trkpt lat="58.059028" lon="38.827577"><ele>93.0</ele><time>2022-05-28T17:32:55Z</time></trkpt><trkpt lat="58.059085" lon="38.827402"><ele>93.0</ele><time>2022-05-28T17:32:57Z</time></trkpt><trkpt lat="58.059138" lon="38.8272"><ele>93.0</ele><time>2022-05-28T17:32:59Z</time></trkpt><trkpt lat="58.059167" lon="38.827035"><ele>93.0</ele><time>2022-05-28T17:33:01Z</time></trkpt><trkpt lat="58.059203" lon="38.826913"><ele>94.0</ele><time>2022-05-28T17:33:03Z</time></trkpt><trkpt lat="58.059243" lon="38.826767"><ele>94.0</ele><time>2022-05-28T17:33:06Z</time></trkpt><trkpt lat="58.059283" lon="38.826647"><ele>94.0</ele><time>2022-05-28T17:33:09Z</time></trkpt><trkpt lat="58.059328" lon="38.826533"><ele>94.0</ele><time>2022-05-28T17:33:12Z</time></trkpt><trkpt lat="58.05938" lon="38.82642"><ele>93.0</ele><time>2022-05-28T17:33:15Z</time></trkpt><trkpt lat="58.059438" lon="38.82631"><ele>92.0</ele><time>2022-05-28T17:33:18Z</time></trkpt><trkpt lat="58.059428" lon="38.826163"><ele>93.0</ele><time>2022-05-28T17:33:21Z</time></trkpt><trkpt lat="58.059387" lon="38.826033"><ele>93.0</ele><time>2022-05-28T17:33:26Z</time></trkpt><trkpt lat="58.059317" lon="38.825957"><ele>92.0</ele><time>2022-05-28T17:33:30Z</time></trkpt><trkpt lat="58.05924" lon="38.825877"><ele>91.0</ele><time>2022-05-28T17:33:34Z</time></trkpt><trkpt lat="58.05916" lon="38.825798"><ele>92.0</ele><time>2022-05-28T17:33:38Z</time></trkpt><trkpt lat="58.059092" lon="38.825698"><ele>93.0</ele><time>2022-05-28T17:33:42Z</time></trkpt><trkpt lat="58.059017" lon="38.825617"><ele>92.0</ele><time>2022-05-28T17:33:46Z</time></trkpt><trkpt lat="58.058937" lon="38.825538"><ele>92.0</ele><time>2022-05-28T17:33:50Z</time></trkpt><trkpt lat="58.05886" lon="38.825495"><ele>93.0</ele><time>2022-05-28T17:33:54Z</time></trkpt><trkpt lat="58.0588" lon="38.825405"><ele>94.0</ele><time>2022-05-28T17:33:58Z</time></trkpt><trkpt lat="58.058758" lon="38.825287"><ele>94.0</ele><time>2022-05-28T17:34:02Z</time></trkpt><trkpt lat="58.058693" lon="38.825215"><ele>94.0</ele><time>2022-05-28T17:34:07Z</time></trkpt><trkpt lat="58.058695" lon="38.825068"><ele>94.0</ele><time>2022-05-28T17:34:12Z</time></trkpt><trkpt lat="58.058758" lon="38.824953"><ele>94.0</ele><time>2022-05-28T17:34:17Z</time></trkpt><trkpt lat="58.058817" lon="38.824827"><ele>94.0</ele><time>2022-05-28T17:34:21Z</time></trkpt><trkpt lat="58.058875" lon="38.824732"><ele>94.0</ele><time>2022-05-28T17:34:25Z</time></trkpt><trkpt lat="58.058933" lon="38.824597"><ele>94.0</ele><time>2022-05-28T17:34:29Z</time></trkpt><trkpt lat="58.058982" lon="38.82448"><ele>94.0</ele><time>2022-05-28T17:34:32Z</time></trkpt><trkpt lat="58.059022" lon="38.824363"><ele>94.0</ele><time>2022-05-28T17:34:35Z</time></trkpt><trkpt lat="58.059078" lon="38.82424"><ele>94.0</ele><time>2022-05-28T17:34:39Z</time></trkpt><trkpt lat="58.059127" lon="38.824132"><ele>93.0</ele><time>2022-05-28T17:34:43Z</time></trkpt><trkpt lat="58.059173" lon="38.824015"><ele>93.0</ele><time>2022-05-28T17:34:46Z</time></trkpt><trkpt lat="58.059232" lon="38.823905"><ele>94.0</ele><time>2022-05-28T17:34:49Z</time></trkpt><trkpt lat="58.059288" lon="38.823798"><ele>94.0</ele><time>2022-05-28T17:34:52Z</time></trkpt><trkpt lat="58.059345" lon="38.823693"><ele>94.0</ele><time>2022-05-28T17:34:55Z</time></trkpt><trkpt lat="58.059405" lon="38.82358"><ele>94.0</ele><time>2022-05-28T17:34:58Z</time></trkpt><trkpt lat="58.059463" lon="38.823455"><ele>94.0</ele><time>2022-05-28T17:35:01Z</time></trkpt><trkpt lat="58.059517" lon="38.823315"><ele>94.0</ele><time>2022-05-28T17:35:04Z</time></trkpt><trkpt lat="58.059562" lon="38.823172"><ele>94.0</ele><time>2022-05-28T17:35:06Z</time></trkpt><trkpt lat="58.05959" lon="38.82303"><ele>95.0</ele><time>2022-05-28T17:35:09Z</time></trkpt><trkpt lat="58.059623" lon="38.822865"><ele>95.0</ele><time>2022-05-28T17:35:13Z</time></trkpt><trkpt lat="58.059635" lon="38.822707"><ele>95.0</ele><time>2022-05-28T17:35:17Z</time></trkpt><trkpt lat="58.059648" lon="38.822547"><ele>95.0</ele><time>2022-05-28T17:35:22Z</time></trkpt><trkpt lat="58.059663" lon="38.822408"><ele>96.0</ele><time>2022-05-28T17:35:27Z</time></trkpt><trkpt lat="58.059672" lon="38.822268"><ele>96.0</ele><time>2022-05-28T17:35:32Z</time></trkpt><trkpt lat="58.059682" lon="38.822107"><ele>96.0</ele><time>2022-05-28T17:35:38Z</time></trkpt><trkpt lat="58.059697" lon="38.821952"><ele>96.0</ele><time>2022-05-28T17:35:43Z</time></trkpt><trkpt lat="58.059712" lon="38.821795"><ele>96.0</ele><time>2022-05-28T17:35:48Z</time></trkpt><trkpt lat="58.059722" lon="38.82164"><ele>97.0</ele><time>2022-05-28T17:35:53Z</time></trkpt><trkpt lat="58.059732" lon="38.8215"><ele>97.0</ele><time>2022-05-28T17:35:58Z</time></trkpt><trkpt lat="58.059765" lon="38.821355"><ele>98.0</ele><time>2022-05-28T17:36:02Z</time></trkpt><trkpt lat="58.059705" lon="38.821267"><ele>98.0</ele><time>2022-05-28T17:36:31Z</time></trkpt><trkpt lat="58.059625" lon="38.821228"><ele>98.0</ele><time>2022-05-28T17:36:37Z</time></trkpt><trkpt lat="58.05955" lon="38.821202"><ele>98.0</ele><time>2022-05-28T17:36:43Z</time></trkpt><trkpt lat="58.059477" lon="38.821173"><ele>98.0</ele><time>2022-05-28T17:36:53Z</time></trkpt><trkpt lat="58.059395" lon="38.821177"><ele>97.0</ele><time>2022-05-28T17:36:58Z</time></trkpt><trkpt lat="58.059313" lon="38.821175"><ele>97.0</ele><time>2022-05-28T17:37:02Z</time></trkpt><trkpt lat="58.059225" lon="38.821153"><ele>97.0</ele><time>2022-05-28T17:37:07Z</time></trkpt><trkpt lat="58.059142" lon="38.821098"><ele>97.0</ele><time>2022-05-28T17:37:12Z</time></trkpt><trkpt lat="58.05906" lon="38.821108"><ele>97.0</ele><time>2022-05-28T17:37:18Z</time></trkpt><trkpt lat="58.058988" lon="38.821125"><ele>97.0</ele><time>2022-05-28T17:37:24Z</time></trkpt><trkpt lat="58.058902" lon="38.82113"><ele>97.0</ele><time>2022-05-28T17:37:30Z</time></trkpt><trkpt lat="58.058817" lon="38.821133"><ele>97.0</ele><time>2022-05-28T17:37:35Z</time></trkpt><trkpt lat="58.05873" lon="38.821085"><ele>98.0</ele><time>2022-05-28T17:37:40Z</time></trkpt><trkpt lat="58.058658" lon="38.821055"><ele>98.0</ele><time>2022-05-28T17:37:44Z</time></trkpt><trkpt lat="58.058577" lon="38.821037"><ele>98.0</ele><time>2022-05-28T17:37:49Z</time></trkpt><trkpt lat="58.058495" lon="38.821027"><ele>98.0</ele><time>2022-05-28T17:37:54Z</time></trkpt><trkpt lat="58.058422" lon="38.821017"><ele>97.0</ele><time>2022-05-28T17:38:00Z</time></trkpt><trkpt lat="58.058348" lon="38.820995"><ele>98.0</ele><time>2022-05-28T17:38:12Z</time></trkpt><trkpt lat="58.058318" lon="38.82086"><ele>98.0</ele><time>2022-05-28T17:38:23Z</time></trkpt><trkpt lat="58.058273" lon="38.82074"><ele>98.0</ele><time>2022-05-28T17:38:36Z</time></trkpt><trkpt lat="58.058185" lon="38.820735"><ele>98.0</ele><time>2022-05-28T17:38:40Z</time></trkpt><trkpt lat="58.058103" lon="38.820733"><ele>98.0</ele><time>2022-05-28T17:38:44Z</time></trkpt><trkpt lat="58.058023" lon="38.820732"><ele>98.0</ele><time>2022-05-28T17:38:48Z</time></trkpt><trkpt lat="58.057942" lon="38.820722"><ele>98.0</ele><time>2022-05-28T17:38:52Z</time></trkpt><trkpt lat="58.05785" lon="38.820713"><ele>98.0</ele><time>2022-05-28T17:38:56Z</time></trkpt><trkpt lat="58.057768" lon="38.820705"><ele>98.0</ele><time>2022-05-28T17:39:00Z</time></trkpt><trkpt lat="58.057683" lon="38.820705"><ele>98.0</ele><time>2022-05-28T17:39:04Z</time></trkpt><trkpt lat="58.057607" lon="38.820697"><ele>98.0</ele><time>2022-05-28T17:39:08Z</time></trkpt><trkpt lat="58.057522" lon="38.820682"><ele>97.0</ele><time>2022-05-28T17:39:12Z</time></trkpt><trkpt lat="58.057435" lon="38.82065"><ele>97.0</ele><time>2022-05-28T17:39:17Z</time></trkpt><trkpt lat="58.057355" lon="38.820628"><ele>97.0</ele><time>2022-05-28T17:39:21Z</time></trkpt><trkpt lat="58.057268" lon="38.820615"><ele>97.0</ele><time>2022-05-28T17:39:26Z</time></trkpt><trkpt lat="58.057185" lon="38.82061"><ele>97.0</ele><time>2022-05-28T17:39:30Z</time></trkpt><trkpt lat="58.057103" lon="38.820567"><ele>98.0</ele><time>2022-05-28T17:39:36Z</time></trkpt><trkpt lat="58.057028" lon="38.82055"><ele>97.0</ele><time>2022-05-28T17:39:40Z</time></trkpt><trkpt lat="58.056943" lon="38.820533"><ele>97.0</ele><time>2022-05-28T17:39:44Z</time></trkpt><trkpt lat="58.056858" lon="38.820513"><ele>97.0</ele><time>2022-05-28T17:39:48Z</time></trkpt><trkpt lat="58.05678" lon="38.820497"><ele>97.0</ele><time>2022-05-28T17:39:52Z</time></trkpt><trkpt lat="58.056708" lon="38.820482"><ele>97.0</ele><time>2022-05-28T17:39:56Z</time></trkpt><trkpt lat="58.056627" lon="38.820455"><ele>97.0</ele><time>2022-05-28T17:40:00Z</time></trkpt><trkpt lat="58.05655" lon="38.82044"><ele>97.0</ele><time>2022-05-28T17:40:04Z</time></trkpt><trkpt lat="58.056467" lon="38.820413"><ele>97.0</ele><time>2022-05-28T17:40:08Z</time></trkpt><trkpt lat="58.05639" lon="38.820398"><ele>97.0</ele><time>2022-05-28T17:40:12Z</time></trkpt><trkpt lat="58.056307" lon="38.820392"><ele>96.0</ele><time>2022-05-28T17:40:17Z</time></trkpt><trkpt lat="58.056233" lon="38.820378"><ele>96.0</ele><time>2022-05-28T17:40:22Z</time></trkpt><trkpt lat="58.056155" lon="38.820357"><ele>97.0</ele><time>2022-05-28T17:40:27Z</time></trkpt><trkpt lat="58.056072" lon="38.820362"><ele>96.0</ele><time>2022-05-28T17:40:33Z</time></trkpt><trkpt lat="58.055997" lon="38.820328"><ele>96.0</ele><time>2022-05-28T17:40:38Z</time></trkpt><trkpt lat="58.055932" lon="38.820255"><ele>96.0</ele><time>2022-05-28T17:40:43Z</time></trkpt><trkpt lat="58.05586" lon="38.820228"><ele>96.0</ele><time>2022-05-28T17:40:47Z</time></trkpt><trkpt lat="58.055783" lon="38.820228"><ele>96.0</ele><time>2022-05-28T17:40:51Z</time></trkpt><trkpt lat="58.055715" lon="38.820282"><ele>96.0</ele><time>2022-05-28T17:40:56Z</time></trkpt><trkpt lat="58.055672" lon="38.82042"><ele>96.0</ele><time>2022-05-28T17:41:01Z</time></trkpt><trkpt lat="58.055622" lon="38.820577"><ele>96.0</ele><time>2022-05-28T17:41:05Z</time></trkpt><trkpt lat="58.055565" lon="38.820662"><ele>96.0</ele><time>2022-05-28T17:41:08Z</time></trkpt><trkpt lat="58.055508" lon="38.820758"><ele>96.0</ele><time>2022-05-28T17:41:19Z</time></trkpt><trkpt lat="58.055432" lon="38.820718"><ele>96.0</ele><time>2022-05-28T17:41:25Z</time></trkpt><trkpt lat="58.055348" lon="38.820735"><ele>96.0</ele><time>2022-05-28T17:41:31Z</time></trkpt><trkpt lat="58.055287" lon="38.820855"><ele>95.0</ele><time>2022-05-28T17:41:36Z</time></trkpt><trkpt lat="58.055213" lon="38.820935"><ele>95.0</ele><time>2022-05-28T17:41:39Z</time></trkpt><trkpt lat="58.055133" lon="38.820915"><ele>96.0</ele><time>2022-05-28T17:41:42Z</time></trkpt><trkpt lat="58.055058" lon="38.820885"><ele>96.0</ele><time>2022-05-28T17:42:08Z</time></trkpt><trkpt lat="58.05499" lon="38.820982"><ele>95.0</ele><time>2022-05-28T17:42:15Z</time></trkpt><trkpt lat="58.054908" lon="38.820957"><ele>95.0</ele><time>2022-05-28T17:42:20Z</time></trkpt><trkpt lat="58.054898" lon="38.820812"><ele>95.0</ele><time>2022-05-28T17:42:26Z</time></trkpt><trkpt lat="58.054923" lon="38.820673"><ele>95.0</ele><time>2022-05-28T17:42:31Z</time></trkpt><trkpt lat="58.054935" lon="38.820528"><ele>95.0</ele><time>2022-05-28T17:42:37Z</time></trkpt><trkpt lat="58.054942" lon="38.82037"><ele>96.0</ele><time>2022-05-28T17:42:43Z</time></trkpt><trkpt lat="58.054973" lon="38.820222"><ele>96.0</ele><time>2022-05-28T17:42:48Z</time></trkpt><trkpt lat="58.055018" lon="38.820097"><ele>96.0</ele><time>2022-05-28T17:42:52Z</time></trkpt><trkpt lat="58.055043" lon="38.81994"><ele>96.0</ele><time>2022-05-28T17:43:00Z</time></trkpt><trkpt lat="58.055048" lon="38.819797"><ele>96.0</ele><time>2022-05-28T17:43:04Z</time></trkpt><trkpt lat="58.055055" lon="38.819637"><ele>96.0</ele><time>2022-05-28T17:43:09Z</time></trkpt><trkpt lat="58.055063" lon="38.8195"><ele>96.0</ele><time>2022-05-28T17:43:13Z</time></trkpt><trkpt lat="58.055073" lon="38.819348"><ele>96.0</ele><time>2022-05-28T17:43:17Z</time></trkpt><trkpt lat="58.055078" lon="38.819182"><ele>95.0</ele><time>2022-05-28T17:43:21Z</time></trkpt><trkpt lat="58.055085" lon="38.819037"><ele>95.0</ele><time>2022-05-28T17:43:25Z</time></trkpt><trkpt lat="58.0551" lon="38.818897"><ele>95.0</ele><time>2022-05-28T17:43:29Z</time></trkpt><trkpt lat="58.055105" lon="38.818737"><ele>95.0</ele><time>2022-05-28T17:43:33Z</time></trkpt><trkpt lat="58.055122" lon="38.818588"><ele>95.0</ele><time>2022-05-28T17:43:37Z</time></trkpt><trkpt lat="58.055127" lon="38.81842"><ele>95.0</ele><time>2022-05-28T17:43:41Z</time></trkpt><trkpt lat="58.055138" lon="38.818263"><ele>96.0</ele><time>2022-05-28T17:43:45Z</time></trkpt><trkpt lat="58.055148" lon="38.8181"><ele>96.0</ele><time>2022-05-28T17:43:49Z</time></trkpt><trkpt lat="58.055158" lon="38.817938"><ele>96.0</ele><time>2022-05-28T17:43:53Z</time></trkpt><trkpt lat="58.05517" lon="38.817787"><ele>96.0</ele><time>2022-05-28T17:43:57Z</time></trkpt><trkpt lat="58.055183" lon="38.81762"><ele>96.0</ele><time>2022-05-28T17:44:01Z</time></trkpt><trkpt lat="58.055202" lon="38.817465"><ele>96.0</ele><time>2022-05-28T17:44:05Z</time></trkpt><trkpt lat="58.055212" lon="38.8173"><ele>97.0</ele><time>2022-05-28T17:44:09Z</time></trkpt><trkpt lat="58.055227" lon="38.817143"><ele>97.0</ele><time>2022-05-28T17:44:13Z</time></trkpt><trkpt lat="58.05523" lon="38.816985"><ele>97.0</ele><time>2022-05-28T17:44:17Z</time></trkpt><trkpt lat="58.055238" lon="38.816847"><ele>97.0</ele><time>2022-05-28T17:44:20Z</time></trkpt><trkpt lat="58.055243" lon="38.816708"><ele>97.0</ele><time>2022-05-28T17:44:23Z</time></trkpt><trkpt lat="58.055258" lon="38.816545"><ele>97.0</ele><time>2022-05-28T17:44:27Z</time></trkpt><trkpt lat="58.055277" lon="38.81641"><ele>97.0</ele><time>2022-05-28T17:44:36Z</time></trkpt><trkpt lat="58.055297" lon="38.816278"><ele>97.0</ele><time>2022-05-28T17:44:42Z</time></trkpt><trkpt lat="58.0553" lon="38.816123"><ele>96.0</ele><time>2022-05-28T17:44:50Z</time></trkpt><trkpt lat="58.05531" lon="38.81596"><ele>96.0</ele><time>2022-05-28T17:44:55Z</time></trkpt><trkpt lat="58.05532" lon="38.815803"><ele>96.0</ele><time>2022-05-28T17:45:00Z</time></trkpt><trkpt lat="58.055323" lon="38.815643"><ele>96.0</ele><time>2022-05-28T17:45:05Z</time></trkpt><trkpt lat="58.05533" lon="38.815507"><ele>96.0</ele><time>2022-05-28T17:45:09Z</time></trkpt><trkpt lat="58.055335" lon="38.815353"><ele>96.0</ele><time>2022-05-28T17:45:13Z</time></trkpt><trkpt lat="58.05535" lon="38.815195"><ele>96.0</ele><time>2022-05-28T17:45:17Z</time></trkpt><trkpt lat="58.055358" lon="38.81503"><ele>96.0</ele><time>2022-05-28T17:45:21Z</time></trkpt><trkpt lat="58.055365" lon="38.814883"><ele>96.0</ele><time>2022-05-28T17:45:25Z</time></trkpt><trkpt lat="58.055372" lon="38.814722"><ele>96.0</ele><time>2022-05-28T17:45:29Z</time></trkpt><trkpt lat="58.055382" lon="38.814572"><ele>97.0</ele><time>2022-05-28T17:45:33Z</time></trkpt><trkpt lat="58.055388" lon="38.814422"><ele>97.0</ele><time>2022-05-28T17:45:37Z</time></trkpt><trkpt lat="58.055398" lon="38.814277"><ele>97.0</ele><time>2022-05-28T17:45:41Z</time></trkpt><trkpt lat="58.055412" lon="38.81413"><ele>97.0</ele><time>2022-05-28T17:45:45Z</time></trkpt><trkpt lat="58.055425" lon="38.81399"><ele>97.0</ele><time>2022-05-28T17:45:49Z</time></trkpt><trkpt lat="58.055443" lon="38.813825"><ele>97.0</ele><time>2022-05-28T17:45:53Z</time></trkpt><trkpt lat="58.055458" lon="38.813668"><ele>98.0</ele><time>2022-05-28T17:45:57Z</time></trkpt><trkpt lat="58.055467" lon="38.813512"><ele>97.0</ele><time>2022-05-28T17:46:01Z</time></trkpt><trkpt lat="58.055478" lon="38.81334"><ele>97.0</ele><time>2022-05-28T17:46:05Z</time></trkpt><trkpt lat="58.055492" lon="38.813172"><ele>97.0</ele><time>2022-05-28T17:46:09Z</time></trkpt><trkpt lat="58.055505" lon="38.813015"><ele>97.0</ele><time>2022-05-28T17:46:13Z</time></trkpt><trkpt lat="58.055523" lon="38.81285"><ele>97.0</ele><time>2022-05-28T17:46:17Z</time></trkpt><trkpt lat="58.055537" lon="38.812682"><ele>97.0</ele><time>2022-05-28T17:46:21Z</time></trkpt><trkpt lat="58.055543" lon="38.81252"><ele>98.0</ele><time>2022-05-28T17:46:25Z</time></trkpt><trkpt lat="58.055553" lon="38.812353"><ele>98.0</ele><time>2022-05-28T17:46:29Z</time></trkpt><trkpt lat="58.055563" lon="38.812195"><ele>98.0</ele><time>2022-05-28T17:46:33Z</time></trkpt><trkpt lat="58.055568" lon="38.812033"><ele>99.0</ele><time>2022-05-28T17:46:37Z</time></trkpt><trkpt lat="58.055575" lon="38.811872"><ele>99.0</ele><time>2022-05-28T17:46:41Z</time></trkpt><trkpt lat="58.055588" lon="38.811713"><ele>99.0</ele><time>2022-05-28T17:46:45Z</time></trkpt><trkpt lat="58.055597" lon="38.811542"><ele>99.0</ele><time>2022-05-28T17:46:49Z</time></trkpt><trkpt lat="58.055607" lon="38.811365"><ele>99.0</ele><time>2022-05-28T17:46:53Z</time></trkpt><trkpt lat="58.055617" lon="38.811188"><ele>99.0</ele><time>2022-05-28T17:46:57Z</time></trkpt><trkpt lat="58.05562" lon="38.811018"><ele>99.0</ele><time>2022-05-28T17:47:01Z</time></trkpt><trkpt lat="58.055632" lon="38.81087"><ele>99.0</ele><time>2022-05-28T17:47:05Z</time></trkpt><trkpt lat="58.05564" lon="38.810712"><ele>99.0</ele><time>2022-05-28T17:47:09Z</time></trkpt><trkpt lat="58.055657" lon="38.810563"><ele>99.0</ele><time>2022-05-28T17:47:13Z</time></trkpt><trkpt lat="58.055693" lon="38.810432"><ele>98.0</ele><time>2022-05-28T17:48:28Z</time></trkpt><trkpt lat="58.055698" lon="38.810288"><ele>99.0</ele><time>2022-05-28T17:48:32Z</time></trkpt><trkpt lat="58.055697" lon="38.81013"><ele>101.0</ele><time>2022-05-28T17:48:37Z</time></trkpt><trkpt lat="58.055705" lon="38.809992"><ele>100.0</ele><time>2022-05-28T17:48:41Z</time></trkpt><trkpt lat="58.055718" lon="38.809855"><ele>101.0</ele><time>2022-05-28T17:48:45Z</time></trkpt><trkpt lat="58.055715" lon="38.809715"><ele>101.0</ele><time>2022-05-28T17:48:49Z</time></trkpt><trkpt lat="58.055717" lon="38.809545"><ele>102.0</ele><time>2022-05-28T17:48:54Z</time></trkpt><trkpt lat="58.055725" lon="38.809378"><ele>102.0</ele><time>2022-05-28T17:48:59Z</time></trkpt><trkpt lat="58.05573" lon="38.80921"><ele>102.0</ele><time>2022-05-28T17:49:04Z</time></trkpt><trkpt lat="58.055738" lon="38.809075"><ele>102.0</ele><time>2022-05-28T17:49:08Z</time></trkpt><trkpt lat="58.055748" lon="38.80894"><ele>102.0</ele><time>2022-05-28T17:49:12Z</time></trkpt><trkpt lat="58.05576" lon="38.808798"><ele>102.0</ele><time>2022-05-28T17:49:16Z</time></trkpt><trkpt lat="58.055773" lon="38.808643"><ele>103.0</ele><time>2022-05-28T17:49:20Z</time></trkpt><trkpt lat="58.055785" lon="38.808488"><ele>102.0</ele><time>2022-05-28T17:49:24Z</time></trkpt><trkpt lat="58.05579" lon="38.808325"><ele>102.0</ele><time>2022-05-28T17:49:27Z</time></trkpt><trkpt lat="58.055793" lon="38.808162"><ele>103.0</ele><time>2022-05-28T17:49:31Z</time></trkpt><trkpt lat="58.055815" lon="38.808012"><ele>103.0</ele><time>2022-05-28T17:49:35Z</time></trkpt><trkpt lat="58.055837" lon="38.80786"><ele>103.0</ele><time>2022-05-28T17:49:39Z</time></trkpt><trkpt lat="58.055847" lon="38.80771"><ele>103.0</ele><time>2022-05-28T17:49:43Z</time></trkpt><trkpt lat="58.055855" lon="38.807548"><ele>103.0</ele><time>2022-05-28T17:49:47Z</time></trkpt><trkpt lat="58.055863" lon="38.807392"><ele>102.0</ele><time>2022-05-28T17:49:51Z</time></trkpt><trkpt lat="58.055882" lon="38.807235"><ele>102.0</ele><time>2022-05-28T17:49:55Z</time></trkpt><trkpt lat="58.055897" lon="38.807088"><ele>102.0</ele><time>2022-05-28T17:49:59Z</time></trkpt><trkpt lat="58.055905" lon="38.80694"><ele>102.0</ele><time>2022-05-28T17:50:03Z</time></trkpt><trkpt lat="58.055915" lon="38.806788"><ele>103.0</ele><time>2022-05-28T17:50:07Z</time></trkpt><trkpt lat="58.055927" lon="38.806647"><ele>103.0</ele><time>2022-05-28T17:50:12Z</time></trkpt><trkpt lat="58.055942" lon="38.806498"><ele>103.0</ele><time>2022-05-28T17:50:16Z</time></trkpt><trkpt lat="58.055958" lon="38.806335"><ele>102.0</ele><time>2022-05-28T17:50:21Z</time></trkpt><trkpt lat="58.05597" lon="38.806193"><ele>103.0</ele><time>2022-05-28T17:50:25Z</time></trkpt><trkpt lat="58.055987" lon="38.806053"><ele>103.0</ele><time>2022-05-28T17:50:29Z</time></trkpt><trkpt lat="58.055998" lon="38.805907"><ele>103.0</ele><time>2022-05-28T17:50:33Z</time></trkpt><trkpt lat="58.056008" lon="38.805762"><ele>102.0</ele><time>2022-05-28T17:50:37Z</time></trkpt><trkpt lat="58.056012" lon="38.80561"><ele>102.0</ele><time>2022-05-28T17:50:42Z</time></trkpt><trkpt lat="58.056005" lon="38.805458"><ele>101.0</ele><time>2022-05-28T17:50:46Z</time></trkpt><trkpt lat="58.056018" lon="38.805293"><ele>102.0</ele><time>2022-05-28T17:50:51Z</time></trkpt><trkpt lat="58.05604" lon="38.805148"><ele>102.0</ele><time>2022-05-28T17:50:55Z</time></trkpt><trkpt lat="58.056057" lon="38.80501"><ele>102.0</ele><time>2022-05-28T17:50:59Z</time></trkpt><trkpt lat="58.056077" lon="38.804852"><ele>102.0</ele><time>2022-05-28T17:51:03Z</time></trkpt><trkpt lat="58.056088" lon="38.804682"><ele>102.0</ele><time>2022-05-28T17:51:07Z</time></trkpt><trkpt lat="58.05609" lon="38.804535"><ele>102.0</ele><time>2022-05-28T17:51:11Z</time></trkpt><trkpt lat="58.056077" lon="38.804402"><ele>102.0</ele><time>2022-05-28T17:51:15Z</time></trkpt><trkpt lat="58.056102" lon="38.804248"><ele>101.0</ele><time>2022-05-28T17:51:21Z</time></trkpt><trkpt lat="58.05611" lon="38.80411"><ele>102.0</ele><time>2022-05-28T17:51:26Z</time></trkpt><trkpt lat="58.056098" lon="38.803938"><ele>102.0</ele><time>2022-05-28T17:51:30Z</time></trkpt><trkpt lat="58.056113" lon="38.803777"><ele>102.0</ele><time>2022-05-28T17:51:34Z</time></trkpt><trkpt lat="58.056133" lon="38.803625"><ele>102.0</ele><time>2022-05-28T17:51:39Z</time></trkpt><trkpt lat="58.056113" lon="38.803463"><ele>102.0</ele><time>2022-05-28T17:51:44Z</time></trkpt><trkpt lat="58.05616" lon="38.803328"><ele>101.0</ele><time>2022-05-28T17:51:51Z</time></trkpt><trkpt lat="58.05618" lon="38.803182"><ele>101.0</ele><time>2022-05-28T17:51:56Z</time></trkpt><trkpt lat="58.05619" lon="38.803028"><ele>101.0</ele><time>2022-05-28T17:52:00Z</time></trkpt><trkpt lat="58.0562" lon="38.802888"><ele>101.0</ele><time>2022-05-28T17:52:04Z</time></trkpt><trkpt lat="58.056212" lon="38.802753"><ele>101.0</ele><time>2022-05-28T17:52:08Z</time></trkpt><trkpt lat="58.056223" lon="38.802597"><ele>101.0</ele><time>2022-05-28T17:52:12Z</time></trkpt><trkpt lat="58.056235" lon="38.802447"><ele>101.0</ele><time>2022-05-28T17:52:16Z</time></trkpt><trkpt lat="58.056245" lon="38.802307"><ele>102.0</ele><time>2022-05-28T17:52:20Z</time></trkpt><trkpt lat="58.056248" lon="38.80215"><ele>102.0</ele><time>2022-05-28T17:52:25Z</time></trkpt><trkpt lat="58.056258" lon="38.801985"><ele>102.0</ele><time>2022-05-28T17:52:30Z</time></trkpt><trkpt lat="58.056265" lon="38.801837"><ele>102.0</ele><time>2022-05-28T17:52:34Z</time></trkpt><trkpt lat="58.056273" lon="38.801692"><ele>101.0</ele><time>2022-05-28T17:52:38Z</time></trkpt><trkpt lat="58.056285" lon="38.801557"><ele>102.0</ele><time>2022-05-28T17:52:42Z</time></trkpt><trkpt lat="58.0563" lon="38.801397"><ele>102.0</ele><time>2022-05-28T17:52:47Z</time></trkpt><trkpt lat="58.056318" lon="38.801255"><ele>102.0</ele><time>2022-05-28T17:52:51Z</time></trkpt><trkpt lat="58.056333" lon="38.8011"><ele>102.0</ele><time>2022-05-28T17:52:56Z</time></trkpt><trkpt lat="58.056343" lon="38.800957"><ele>102.0</ele><time>2022-05-28T17:53:00Z</time></trkpt><trkpt lat="58.05636" lon="38.800813"><ele>102.0</ele><time>2022-05-28T17:53:04Z</time></trkpt><trkpt lat="58.056373" lon="38.80065"><ele>102.0</ele><time>2022-05-28T17:53:08Z</time></trkpt><trkpt lat="58.05638" lon="38.800492"><ele>102.0</ele><time>2022-05-28T17:53:12Z</time></trkpt><trkpt lat="58.056383" lon="38.800353"><ele>103.0</ele><time>2022-05-28T17:53:16Z</time></trkpt><trkpt lat="58.056395" lon="38.80019"><ele>103.0</ele><time>2022-05-28T17:53:21Z</time></trkpt><trkpt lat="58.056417" lon="38.80003"><ele>102.0</ele><time>2022-05-28T17:53:26Z</time></trkpt><trkpt lat="58.056438" lon="38.799883"><ele>103.0</ele><time>2022-05-28T17:53:30Z</time></trkpt><trkpt lat="58.056455" lon="38.799738"><ele>103.0</ele><time>2022-05-28T17:53:34Z</time></trkpt><trkpt lat="58.05647" lon="38.799578"><ele>103.0</ele><time>2022-05-28T17:53:38Z</time></trkpt><trkpt lat="58.056485" lon="38.799405"><ele>103.0</ele><time>2022-05-28T17:53:42Z</time></trkpt><trkpt lat="58.056498" lon="38.799247"><ele>102.0</ele><time>2022-05-28T17:53:46Z</time></trkpt><trkpt lat="58.05651" lon="38.799078"><ele>103.0</ele><time>2022-05-28T17:53:50Z</time></trkpt><trkpt lat="58.056527" lon="38.798923"><ele>103.0</ele><time>2022-05-28T17:53:53Z</time></trkpt><trkpt lat="58.056548" lon="38.798758"><ele>103.0</ele><time>2022-05-28T17:53:57Z</time></trkpt><trkpt lat="58.056547" lon="38.798615"><ele>104.0</ele><time>2022-05-28T17:54:01Z</time></trkpt><trkpt lat="58.05655" lon="38.798452"><ele>104.0</ele><time>2022-05-28T17:54:05Z</time></trkpt><trkpt lat="58.056563" lon="38.798313"><ele>104.0</ele><time>2022-05-28T17:54:09Z</time></trkpt><trkpt lat="58.056567" lon="38.798162"><ele>102.0</ele><time>2022-05-28T17:54:13Z</time></trkpt><trkpt lat="58.05657" lon="38.798023"><ele>101.0</ele><time>2022-05-28T17:54:18Z</time></trkpt><trkpt lat="58.05657" lon="38.797857"><ele>102.0</ele><time>2022-05-28T17:55:10Z</time></trkpt><trkpt lat="58.056572" lon="38.797695"><ele>102.0</ele><time>2022-05-28T17:55:15Z</time></trkpt><trkpt lat="58.056582" lon="38.797547"><ele>102.0</ele><time>2022-05-28T17:55:25Z</time></trkpt><trkpt lat="58.056587" lon="38.797395"><ele>102.0</ele><time>2022-05-28T17:55:30Z</time></trkpt><trkpt lat="58.056587" lon="38.797233"><ele>104.0</ele><time>2022-05-28T17:55:35Z</time></trkpt><trkpt lat="58.056587" lon="38.797072"><ele>105.0</ele><time>2022-05-28T17:55:39Z</time></trkpt><trkpt lat="58.056593" lon="38.796905"><ele>106.0</ele><time>2022-05-28T17:55:44Z</time></trkpt><trkpt lat="58.056622" lon="38.796763"><ele>107.0</ele><time>2022-05-28T17:55:48Z</time></trkpt><trkpt lat="58.056638" lon="38.796613"><ele>108.0</ele><time>2022-05-28T17:55:52Z</time></trkpt><trkpt lat="58.056643" lon="38.796468"><ele>108.0</ele><time>2022-05-28T17:55:56Z</time></trkpt><trkpt lat="58.056645" lon="38.796307"><ele>109.0</ele><time>2022-05-28T17:56:01Z</time></trkpt><trkpt lat="58.056658" lon="38.796162"><ele>110.0</ele><time>2022-05-28T17:56:06Z</time></trkpt><trkpt lat="58.056683" lon="38.796008"><ele>110.0</ele><time>2022-05-28T17:56:11Z</time></trkpt><trkpt lat="58.056703" lon="38.795867"><ele>109.0</ele><time>2022-05-28T17:56:15Z</time></trkpt><trkpt lat="58.056675" lon="38.795703"><ele>109.0</ele><time>2022-05-28T17:56:19Z</time></trkpt><trkpt lat="58.0567" lon="38.795552"><ele>110.0</ele><time>2022-05-28T17:56:23Z</time></trkpt><trkpt lat="58.056712" lon="38.795392"><ele>111.0</ele><time>2022-05-28T17:56:27Z</time></trkpt><trkpt lat="58.05672" lon="38.795255"><ele>109.0</ele><time>2022-05-28T17:56:31Z</time></trkpt><trkpt lat="58.056732" lon="38.795073"><ele>111.0</ele><time>2022-05-28T17:56:35Z</time></trkpt><trkpt lat="58.056755" lon="38.794918"><ele>110.0</ele><time>2022-05-28T17:56:38Z</time></trkpt><trkpt lat="58.05676" lon="38.794772"><ele>108.0</ele><time>2022-05-28T17:56:42Z</time></trkpt><trkpt lat="58.05677" lon="38.794615"><ele>109.0</ele><time>2022-05-28T17:56:46Z</time></trkpt><trkpt lat="58.056775" lon="38.794458"><ele>107.0</ele><time>2022-05-28T17:56:51Z</time></trkpt><trkpt lat="58.056758" lon="38.794292"><ele>107.0</ele><time>2022-05-28T17:56:56Z</time></trkpt><trkpt lat="58.056778" lon="38.79413"><ele>109.0</ele><time>2022-05-28T17:57:01Z</time></trkpt><trkpt lat="58.056805" lon="38.793988"><ele>108.0</ele><time>2022-05-28T17:57:05Z</time></trkpt><trkpt lat="58.05682" lon="38.793853"><ele>108.0</ele><time>2022-05-28T17:57:09Z</time></trkpt><trkpt lat="58.056818" lon="38.7937"><ele>108.0</ele><time>2022-05-28T17:57:13Z</time></trkpt><trkpt lat="58.056818" lon="38.793557"><ele>106.0</ele><time>2022-05-28T17:57:18Z</time></trkpt><trkpt lat="58.05682" lon="38.793405"><ele>105.0</ele><time>2022-05-28T17:57:22Z</time></trkpt><trkpt lat="58.056838" lon="38.793255"><ele>106.0</ele><time>2022-05-28T17:57:26Z</time></trkpt><trkpt lat="58.056843" lon="38.793112"><ele>105.0</ele><time>2022-05-28T17:57:30Z</time></trkpt><trkpt lat="58.056857" lon="38.792937"><ele>105.0</ele><time>2022-05-28T17:57:34Z</time></trkpt><trkpt lat="58.056868" lon="38.792762"><ele>105.0</ele><time>2022-05-28T17:57:38Z</time></trkpt><trkpt lat="58.05688" lon="38.792603"><ele>104.0</ele><time>2022-05-28T17:57:42Z</time></trkpt><trkpt lat="58.056895" lon="38.79247"><ele>105.0</ele><time>2022-05-28T17:57:45Z</time></trkpt><trkpt lat="58.056905" lon="38.792328"><ele>104.0</ele><time>2022-05-28T17:57:48Z</time></trkpt><trkpt lat="58.05691" lon="38.792155"><ele>104.0</ele><time>2022-05-28T17:57:52Z</time></trkpt><trkpt lat="58.05692" lon="38.791992"><ele>103.0</ele><time>2022-05-28T17:57:56Z</time></trkpt><trkpt lat="58.056923" lon="38.791825"><ele>102.0</ele><time>2022-05-28T17:58:00Z</time></trkpt><trkpt lat="58.05693" lon="38.791667"><ele>103.0</ele><time>2022-05-28T17:58:04Z</time></trkpt><trkpt lat="58.056942" lon="38.7915"><ele>104.0</ele><time>2022-05-28T17:58:08Z</time></trkpt><trkpt lat="58.056955" lon="38.791333"><ele>103.0</ele><time>2022-05-28T17:58:12Z</time></trkpt><trkpt lat="58.056967" lon="38.791168"><ele>102.0</ele><time>2022-05-28T17:58:16Z</time></trkpt><trkpt lat="58.056973" lon="38.790993"><ele>102.0</ele><time>2022-05-28T17:58:20Z</time></trkpt><trkpt lat="58.056983" lon="38.790837"><ele>102.0</ele><time>2022-05-28T17:58:24Z</time></trkpt><trkpt lat="58.056997" lon="38.790687"><ele>103.0</ele><time>2022-05-28T17:58:28Z</time></trkpt><trkpt lat="58.057013" lon="38.790525"><ele>104.0</ele><time>2022-05-28T17:58:32Z</time></trkpt><trkpt lat="58.057028" lon="38.79036"><ele>104.0</ele><time>2022-05-28T17:58:36Z</time></trkpt><trkpt lat="58.057057" lon="38.790228"><ele>104.0</ele><time>2022-05-28T17:58:39Z</time></trkpt><trkpt lat="58.057088" lon="38.790087"><ele>104.0</ele><time>2022-05-28T17:58:43Z</time></trkpt><trkpt lat="58.057087" lon="38.789938"><ele>104.0</ele><time>2022-05-28T17:58:46Z</time></trkpt><trkpt lat="58.057095" lon="38.789775"><ele>104.0</ele><time>2022-05-28T17:58:50Z</time></trkpt><trkpt lat="58.057117" lon="38.789603"><ele>103.0</ele><time>2022-05-28T17:58:55Z</time></trkpt><trkpt lat="58.057117" lon="38.789468"><ele>104.0</ele><time>2022-05-28T17:58:58Z</time></trkpt><trkpt lat="58.057122" lon="38.78931"><ele>105.0</ele><time>2022-05-28T17:59:02Z</time></trkpt><trkpt lat="58.057118" lon="38.789158"><ele>106.0</ele><time>2022-05-28T17:59:06Z</time></trkpt><trkpt lat="58.057118" lon="38.788985"><ele>107.0</ele><time>2022-05-28T17:59:10Z</time></trkpt><trkpt lat="58.057123" lon="38.78881"><ele>107.0</ele><time>2022-05-28T17:59:14Z</time></trkpt><trkpt lat="58.057123" lon="38.788648"><ele>106.0</ele><time>2022-05-28T17:59:18Z</time></trkpt><trkpt lat="58.05706" lon="38.788557"><ele>108.0</ele><time>2022-05-28T18:00:17Z</time></trkpt><trkpt lat="58.056987" lon="38.78859"><ele>106.0</ele><time>2022-05-28T18:00:23Z</time></trkpt><trkpt lat="58.056913" lon="38.788557"><ele>104.0</ele><time>2022-05-28T18:00:29Z</time></trkpt><trkpt lat="58.056858" lon="38.788443"><ele>105.0</ele><time>2022-05-28T18:00:43Z</time></trkpt><trkpt lat="58.056892" lon="38.788287"><ele>104.0</ele><time>2022-05-28T18:00:49Z</time></trkpt><trkpt lat="58.05691" lon="38.788118"><ele>104.0</ele><time>2022-05-28T18:00:53Z</time></trkpt><trkpt lat="58.056962" lon="38.787968"><ele>104.0</ele><time>2022-05-28T18:00:57Z</time></trkpt><trkpt lat="58.056975" lon="38.787797"><ele>104.0</ele><time>2022-05-28T18:01:01Z</time></trkpt><trkpt lat="58.056975" lon="38.787652"><ele>104.0</ele><time>2022-05-28T18:01:04Z</time></trkpt><trkpt lat="58.056975" lon="38.787492"><ele>104.0</ele><time>2022-05-28T18:01:07Z</time></trkpt><trkpt lat="58.056965" lon="38.787298"><ele>103.0</ele><time>2022-05-28T18:01:10Z</time></trkpt><trkpt lat="58.056955" lon="38.78713"><ele>103.0</ele><time>2022-05-28T18:01:13Z</time></trkpt><trkpt lat="58.056947" lon="38.786978"><ele>103.0</ele><time>2022-05-28T18:01:16Z</time></trkpt><trkpt lat="58.056953" lon="38.786818"><ele>103.0</ele><time>2022-05-28T18:01:19Z</time></trkpt><trkpt lat="58.056967" lon="38.786658"><ele>104.0</ele><time>2022-05-28T18:01:22Z</time></trkpt><trkpt lat="58.056975" lon="38.786508"><ele>104.0</ele><time>2022-05-28T18:01:25Z</time></trkpt><trkpt lat="58.056972" lon="38.78635"><ele>104.0</ele><time>2022-05-28T18:01:28Z</time></trkpt><trkpt lat="58.056943" lon="38.78622"><ele>104.0</ele><time>2022-05-28T18:01:30Z</time></trkpt><trkpt lat="58.056937" lon="38.786058"><ele>104.0</ele><time>2022-05-28T18:01:33Z</time></trkpt><trkpt lat="58.056933" lon="38.785883"><ele>104.0</ele><time>2022-05-28T18:01:36Z</time></trkpt><trkpt lat="58.056937" lon="38.785695"><ele>103.0</ele><time>2022-05-28T18:01:39Z</time></trkpt><trkpt lat="58.05695" lon="38.785535"><ele>103.0</ele><time>2022-05-28T18:01:42Z</time></trkpt><trkpt lat="58.05698" lon="38.785395"><ele>103.0</ele><time>2022-05-28T18:01:45Z</time></trkpt><trkpt lat="58.057005" lon="38.78525"><ele>103.0</ele><time>2022-05-28T18:01:48Z</time></trkpt><trkpt lat="58.056985" lon="38.785095"><ele>102.0</ele><time>2022-05-28T18:01:51Z</time></trkpt><trkpt lat="58.057047" lon="38.785023"><ele>101.0</ele><time>2022-05-28T18:02:33Z</time></trkpt><trkpt lat="58.057075" lon="38.784895"><ele>102.0</ele><time>2022-05-28T18:02:38Z</time></trkpt><trkpt lat="58.057118" lon="38.784753"><ele>101.0</ele><time>2022-05-28T18:02:43Z</time></trkpt><trkpt lat="58.057165" lon="38.784642"><ele>101.0</ele><time>2022-05-28T18:02:48Z</time></trkpt><trkpt lat="58.057187" lon="38.784512"><ele>102.0</ele><time>2022-05-28T18:02:57Z</time></trkpt><trkpt lat="58.057228" lon="38.784393"><ele>102.0</ele><time>2022-05-28T18:03:01Z</time></trkpt><trkpt lat="58.057275" lon="38.78426"><ele>102.0</ele><time>2022-05-28T18:03:06Z</time></trkpt><trkpt lat="58.057322" lon="38.784128"><ele>102.0</ele><time>2022-05-28T18:03:10Z</time></trkpt><trkpt lat="58.057367" lon="38.783998"><ele>101.0</ele><time>2022-05-28T18:03:13Z</time></trkpt><trkpt lat="58.057417" lon="38.783853"><ele>101.0</ele><time>2022-05-28T18:03:16Z</time></trkpt><trkpt lat="58.05747" lon="38.783702"><ele>102.0</ele><time>2022-05-28T18:03:19Z</time></trkpt><trkpt lat="58.057523" lon="38.78355"><ele>101.0</ele><time>2022-05-28T18:03:22Z</time></trkpt><trkpt lat="58.057582" lon="38.783398"><ele>101.0</ele><time>2022-05-28T18:03:25Z</time></trkpt><trkpt lat="58.057633" lon="38.78325"><ele>101.0</ele><time>2022-05-28T18:03:28Z</time></trkpt><trkpt lat="58.057678" lon="38.783112"><ele>101.0</ele><time>2022-05-28T18:03:31Z</time></trkpt><trkpt lat="58.05773" lon="38.782978"><ele>100.0</ele><time>2022-05-28T18:03:34Z</time></trkpt><trkpt lat="58.057778" lon="38.782855"><ele>101.0</ele><time>2022-05-28T18:03:37Z</time></trkpt><trkpt lat="58.05783" lon="38.782705"><ele>101.0</ele><time>2022-05-28T18:03:41Z</time></trkpt><trkpt lat="58.057875" lon="38.782567"><ele>102.0</ele><time>2022-05-28T18:03:44Z</time></trkpt><trkpt lat="58.057918" lon="38.782437"><ele>100.0</ele><time>2022-05-28T18:03:47Z</time></trkpt><trkpt lat="58.057957" lon="38.782317"><ele>101.0</ele><time>2022-05-28T18:03:49Z</time></trkpt><trkpt lat="58.057987" lon="38.782192"><ele>102.0</ele><time>2022-05-28T18:03:52Z</time></trkpt><trkpt lat="58.058023" lon="38.78205"><ele>102.0</ele><time>2022-05-28T18:03:56Z</time></trkpt><trkpt lat="58.058065" lon="38.781912"><ele>103.0</ele><time>2022-05-28T18:04:00Z</time></trkpt><trkpt lat="58.05811" lon="38.781777"><ele>103.0</ele><time>2022-05-28T18:04:04Z</time></trkpt><trkpt lat="58.058153" lon="38.781647"><ele>105.0</ele><time>2022-05-28T18:04:08Z</time></trkpt><trkpt lat="58.058187" lon="38.781518"><ele>103.0</ele><time>2022-05-28T18:04:12Z</time></trkpt><trkpt lat="58.058197" lon="38.781373"><ele>104.0</ele><time>2022-05-28T18:04:17Z</time></trkpt><trkpt lat="58.058183" lon="38.781225"><ele>105.0</ele><time>2022-05-28T18:04:21Z</time></trkpt><trkpt lat="58.058182" lon="38.781057"><ele>106.0</ele><time>2022-05-28T18:04:26Z</time></trkpt><trkpt lat="58.058163" lon="38.780917"><ele>105.0</ele><time>2022-05-28T18:04:31Z</time></trkpt><trkpt lat="58.058133" lon="38.780792"><ele>104.0</ele><time>2022-05-28T18:04:35Z</time></trkpt><trkpt lat="58.058107" lon="38.780662"><ele>105.0</ele><time>2022-05-28T18:04:39Z</time></trkpt><trkpt lat="58.058083" lon="38.780512"><ele>104.0</ele><time>2022-05-28T18:04:44Z</time></trkpt><trkpt lat="58.058093" lon="38.780357"><ele>105.0</ele><time>2022-05-28T18:04:50Z</time></trkpt><trkpt lat="58.058152" lon="38.780228"><ele>105.0</ele><time>2022-05-28T18:04:54Z</time></trkpt><trkpt lat="58.058175" lon="38.780095"><ele>104.0</ele><time>2022-05-28T18:04:58Z</time></trkpt><trkpt lat="58.05821" lon="38.779953"><ele>103.0</ele><time>2022-05-28T18:05:02Z</time></trkpt><trkpt lat="58.058255" lon="38.779845"><ele>103.0</ele><time>2022-05-28T18:05:05Z</time></trkpt><trkpt lat="58.058322" lon="38.779723"><ele>102.0</ele><time>2022-05-28T18:05:09Z</time></trkpt><trkpt lat="58.05837" lon="38.779572"><ele>101.0</ele><time>2022-05-28T18:05:13Z</time></trkpt><trkpt lat="58.058412" lon="38.779437"><ele>103.0</ele><time>2022-05-28T18:05:17Z</time></trkpt><trkpt lat="58.058417" lon="38.779292"><ele>102.0</ele><time>2022-05-28T18:05:22Z</time></trkpt><trkpt lat="58.05844" lon="38.779142"><ele>100.0</ele><time>2022-05-28T18:05:26Z</time></trkpt><trkpt lat="58.058493" lon="38.779018"><ele>100.0</ele><time>2022-05-28T18:05:30Z</time></trkpt><trkpt lat="58.058542" lon="38.778907"><ele>100.0</ele><time>2022-05-28T18:05:34Z</time></trkpt><trkpt lat="58.058588" lon="38.778775"><ele>100.0</ele><time>2022-05-28T18:05:38Z</time></trkpt><trkpt lat="58.058613" lon="38.77864"><ele>101.0</ele><time>2022-05-28T18:05:42Z</time></trkpt><trkpt lat="58.058667" lon="38.778505"><ele>102.0</ele><time>2022-05-28T18:05:46Z</time></trkpt><trkpt lat="58.058722" lon="38.778412"><ele>102.0</ele><time>2022-05-28T18:05:50Z</time></trkpt><trkpt lat="58.058767" lon="38.778292"><ele>103.0</ele><time>2022-05-28T18:05:54Z</time></trkpt><trkpt lat="58.058827" lon="38.778167"><ele>103.0</ele><time>2022-05-28T18:05:58Z</time></trkpt><trkpt lat="58.058873" lon="38.778055"><ele>103.0</ele><time>2022-05-28T18:06:02Z</time></trkpt><trkpt lat="58.058932" lon="38.777972"><ele>104.0</ele><time>2022-05-28T18:06:06Z</time></trkpt><trkpt lat="58.058977" lon="38.777855"><ele>103.0</ele><time>2022-05-28T18:06:10Z</time></trkpt><trkpt lat="58.059048" lon="38.77785"><ele>103.0</ele><time>2022-05-28T18:06:41Z</time></trkpt><trkpt lat="58.058982" lon="38.777923"><ele>107.0</ele><time>2022-05-28T18:06:53Z</time></trkpt><trkpt lat="58.058752" lon="38.777378"><ele>107.0</ele><time>2022-05-28T18:07:20Z</time></trkpt><trkpt lat="58.058655" lon="38.77697"><ele>109.0</ele><time>2022-05-28T18:07:28Z</time></trkpt><trkpt lat="58.05914" lon="38.77772"><ele>106.0</ele><time>2022-05-28T18:07:36Z</time></trkpt><trkpt lat="58.058993" lon="38.777727"><ele>108.0</ele><time>2022-05-28T18:07:37Z</time></trkpt><trkpt lat="58.059167" lon="38.777835"><ele>107.0</ele><time>2022-05-28T18:07:44Z</time></trkpt><trkpt lat="58.058967" lon="38.777685"><ele>107.0</ele><time>2022-05-28T18:07:45Z</time></trkpt><trkpt lat="58.059153" lon="38.777788"><ele>107.0</ele><time>2022-05-28T18:07:51Z</time></trkpt><trkpt lat="58.058992" lon="38.777627"><ele>106.0</ele><time>2022-05-28T18:07:53Z</time></trkpt><trkpt lat="58.059117" lon="38.777842"><ele>106.0</ele><time>2022-05-28T18:07:59Z</time></trkpt><trkpt lat="58.059017" lon="38.777743"><ele>106.0</ele><time>2022-05-28T18:08:00Z</time></trkpt><trkpt lat="58.05913" lon="38.777908"><ele>106.0</ele><time>2022-05-28T18:08:07Z</time></trkpt><trkpt lat="58.05903" lon="38.777787"><ele>106.0</ele><time>2022-05-28T18:08:08Z</time></trkpt><trkpt lat="58.059148" lon="38.777815"><ele>106.0</ele><time>2022-05-28T18:08:14Z</time></trkpt><trkpt lat="58.059137" lon="38.777975"><ele>106.0</ele><time>2022-05-28T18:08:39Z</time></trkpt><trkpt lat="58.059098" lon="38.778112"><ele>106.0</ele><time>2022-05-28T18:08:47Z</time></trkpt><trkpt lat="58.05888" lon="38.777885"><ele>106.0</ele><time>2022-05-28T18:09:00Z</time></trkpt><trkpt lat="58.05883" lon="38.77766"><ele>107.0</ele><time>2022-05-28T18:09:14Z</time></trkpt><trkpt lat="58.058915" lon="38.777713"><ele>108.0</ele><time>2022-05-28T18:09:30Z</time></trkpt><trkpt lat="58.058925" lon="38.777955"><ele>107.0</ele><time>2022-05-28T18:09:36Z</time></trkpt><trkpt lat="58.058817" lon="38.777828"><ele>107.0</ele><time>2022-05-28T18:09:50Z</time></trkpt><trkpt lat="58.058777" lon="38.77766"><ele>107.0</ele><time>2022-05-28T18:09:58Z</time></trkpt><trkpt lat="58.05882" lon="38.77802"><ele>107.0</ele><time>2022-05-28T18:10:05Z</time></trkpt><trkpt lat="58.058813" lon="38.77835"><ele>107.0</ele><time>2022-05-28T18:10:21Z</time></trkpt><trkpt lat="58.058805" lon="38.778043"><ele>107.0</ele><time>2022-05-28T18:10:22Z</time></trkpt><trkpt lat="58.058823" lon="38.778343"><ele>106.0</ele><time>2022-05-28T18:10:36Z</time></trkpt><trkpt lat="58.058828" lon="38.77815"><ele>106.0</ele><time>2022-05-28T18:10:37Z</time></trkpt></trkseg></trk></gpx>