<?xml version="1.0" encoding="UTF-8" standalone="no"?><gpx xmlns="http://www.topografix.com/GPX/1/1" xmlns:gpxtpx="http://www.garmin.com/xmlschemas/TrackPointExtension/v1" xmlns:xsi="http://www.w3.org/2001/XMLSchema-instance" creator="Sports Tracker" version="1.1" xsi:schemaLocation="http://www.topografix.com/GPX/1/1 http://www.topografix.com/GPX/1/1/gpx.xsd http://www.garmin.com/xmlschemas/TrackPointExtension/v1 http://www.garmin.com/xmlschemas/TrackPointExtensionv1.xsd"><metadata><name/><desc/><author><name>Александр</name></author></metadata><trk><name/><trkseg><trkpt lat="58.058575" lon="38.80751"><ele>112.4</ele><time>2022-08-05T14:39:36Z</time></trkpt><trkpt lat="58.058615" lon="38.80737"><ele>106.0</ele><time>2022-08-05T14:39:48Z</time></trkpt><trkpt lat="58.058617" lon="38.80723"><ele>105.8</ele><time>2022-08-05T14:39:52Z</time></trkpt><trkpt lat="58.058627" lon="38.807095"><ele>106.1</ele><time>2022-08-05T14:39:56Z</time></trkpt><trkpt lat="58.05864" lon="38.806933"><ele>105.9</ele><time>2022-08-05T14:40:01Z</time></trkpt><trkpt lat="58.058655" lon="38.806783"><ele>105.6</ele><time>2022-08-05T14:40:06Z</time></trkpt><trkpt lat="58.058662" lon="38.806645"><ele>105.7</ele><time>2022-08-05T14:40:10Z</time></trkpt><trkpt lat="58.058687" lon="38.806503"><ele>106.1</ele><time>2022-08-05T14:40:14Z</time></trkpt><trkpt lat="58.058707" lon="38.806345"><ele>105.7</ele><time>2022-08-05T14:40:18Z</time></trkpt><trkpt lat="58.058715" lon="38.806182"><ele>105.2</ele><time>2022-08-05T14:40:23Z</time></trkpt><trkpt lat="58.058718" lon="38.80602"><ele>105.4</ele><time>2022-08-05T14:40:27Z</time></trkpt><trkpt lat="58.058737" lon="38.805843"><ele>105.2</ele><time>2022-08-05T14:40:31Z</time></trkpt><trkpt lat="58.058742" lon="38.805685"><ele>104.9</ele><time>2022-08-05T14:40:35Z</time></trkpt><trkpt lat="58.058725" lon="38.80551"><ele>104.6</ele><time>2022-08-05T14:40:39Z</time></trkpt><trkpt lat="58.058652" lon="38.805408"><ele>104.6</ele><time>2022-08-05T14:40:43Z</time></trkpt><trkpt lat="58.058567" lon="38.805363"><ele>104.8</ele><time>2022-08-05T14:40:47Z</time></trkpt><trkpt lat="58.058497" lon="38.805267"><ele>104.7</ele><time>2022-08-05T14:40:51Z</time></trkpt><trkpt lat="58.058493" lon="38.805122"><ele>104.6</ele><time>2022-08-05T14:40:54Z</time></trkpt><trkpt lat="58.058502" lon="38.804978"><ele>104.6</ele><time>2022-08-05T14:40:57Z</time></trkpt><trkpt lat="58.058502" lon="38.80482"><ele>104.7</ele><time>2022-08-05T14:41:00Z</time></trkpt><trkpt lat="58.058507" lon="38.804645"><ele>104.9</ele><time>2022-08-05T14:41:03Z</time></trkpt><trkpt lat="58.058522" lon="38.804473"><ele>104.9</ele><time>2022-08-05T14:41:06Z</time></trkpt><trkpt lat="58.058552" lon="38.804307"><ele>105.2</ele><time>2022-08-05T14:41:09Z</time></trkpt><trkpt lat="58.058538" lon="38.804147"><ele>105.1</ele><time>2022-08-05T14:41:12Z</time></trkpt><trkpt lat="58.058462" lon="38.804048"><ele>105.4</ele><time>2022-08-05T14:41:15Z</time></trkpt><trkpt lat="58.058377" lon="38.804015"><ele>105.5</ele><time>2022-08-05T14:41:18Z</time></trkpt><trkpt lat="58.058282" lon="38.803978"><ele>105.4</ele><time>2022-08-05T14:41:21Z</time></trkpt><trkpt lat="58.058212" lon="38.803895"><ele>105.6</ele><time>2022-08-05T14:41:24Z</time></trkpt><trkpt lat="58.058147" lon="38.803783"><ele>105.7</ele><time>2022-08-05T14:41:27Z</time></trkpt><trkpt lat="58.05808" lon="38.803717"><ele>106.1</ele><time>2022-08-05T14:41:30Z</time></trkpt><trkpt lat="58.057998" lon="38.803695"><ele>106.6</ele><time>2022-08-05T14:41:33Z</time></trkpt><trkpt lat="58.057915" lon="38.803672"><ele>106.7</ele><time>2022-08-05T14:41:36Z</time></trkpt><trkpt lat="58.05782" lon="38.80364"><ele>107.2</ele><time>2022-08-05T14:41:39Z</time></trkpt><trkpt lat="58.057743" lon="38.803623"><ele>107.2</ele><time>2022-08-05T14:41:41Z</time></trkpt><trkpt lat="58.057637" lon="38.803607"><ele>107.2</ele><time>2022-08-05T14:41:44Z</time></trkpt><trkpt lat="58.057563" lon="38.8036"><ele>107.5</ele><time>2022-08-05T14:41:46Z</time></trkpt><trkpt lat="58.05749" lon="38.803585"><ele>107.7</ele><time>2022-08-05T14:41:48Z</time></trkpt><trkpt lat="58.057388" lon="38.803582"><ele>106.8</ele><time>2022-08-05T14:41:51Z</time></trkpt><trkpt lat="58.057273" lon="38.80358"><ele>106.3</ele><time>2022-08-05T14:41:54Z</time></trkpt><trkpt lat="58.057197" lon="38.803558"><ele>106.3</ele><time>2022-08-05T14:41:56Z</time></trkpt><trkpt lat="58.05712" lon="38.803557"><ele>105.8</ele><time>2022-08-05T14:41:58Z</time></trkpt><trkpt lat="58.057017" lon="38.803543"><ele>105.5</ele><time>2022-08-05T14:42:01Z</time></trkpt><trkpt lat="58.056917" lon="38.803533"><ele>104.8</ele><time>2022-08-05T14:42:04Z</time></trkpt><trkpt lat="58.056813" lon="38.803528"><ele>104.4</ele><time>2022-08-05T14:42:07Z</time></trkpt><trkpt lat="58.056717" lon="38.80348"><ele>105.1</ele><time>2022-08-05T14:42:10Z</time></trkpt><trkpt lat="58.056655" lon="38.803345"><ele>105.5</ele><time>2022-08-05T14:42:13Z</time></trkpt><trkpt lat="58.056597" lon="38.80323"><ele>105.9</ele><time>2022-08-05T14:42:16Z</time></trkpt><trkpt lat="58.056505" lon="38.803173"><ele>106.5</ele><time>2022-08-05T14:42:19Z</time></trkpt><trkpt lat="58.056398" lon="38.803125"><ele>106.6</ele><time>2022-08-05T14:42:22Z</time></trkpt><trkpt lat="58.05631" lon="38.803083"><ele>105.8</ele><time>2022-08-05T14:42:25Z</time></trkpt><trkpt lat="58.056242" lon="38.803035"><ele>105.9</ele><time>2022-08-05T14:42:28Z</time></trkpt><trkpt lat="58.05619" lon="38.802915"><ele>106.9</ele><time>2022-08-05T14:42:33Z</time></trkpt><trkpt lat="58.056218" lon="38.802742"><ele>107.2</ele><time>2022-08-05T14:42:36Z</time></trkpt><trkpt lat="58.056237" lon="38.802558"><ele>107.6</ele><time>2022-08-05T14:42:39Z</time></trkpt><trkpt lat="58.056255" lon="38.802378"><ele>107.3</ele><time>2022-08-05T14:42:42Z</time></trkpt><trkpt lat="58.056277" lon="38.802218"><ele>107.2</ele><time>2022-08-05T14:42:45Z</time></trkpt><trkpt lat="58.056288" lon="38.802063"><ele>106.9</ele><time>2022-08-05T14:42:48Z</time></trkpt><trkpt lat="58.056297" lon="38.801907"><ele>107.0</ele><time>2022-08-05T14:42:51Z</time></trkpt><trkpt lat="58.056305" lon="38.80173"><ele>107.9</ele><time>2022-08-05T14:42:54Z</time></trkpt><trkpt lat="58.05632" lon="38.80155"><ele>108.5</ele><time>2022-08-05T14:42:57Z</time></trkpt><trkpt lat="58.056337" lon="38.801365"><ele>107.9</ele><time>2022-08-05T14:43:00Z</time></trkpt><trkpt lat="58.056353" lon="38.80117"><ele>108.0</ele><time>2022-08-05T14:43:03Z</time></trkpt><trkpt lat="58.05636" lon="38.801035"><ele>107.8</ele><time>2022-08-05T14:43:05Z</time></trkpt><trkpt lat="58.056368" lon="38.800897"><ele>108.0</ele><time>2022-08-05T14:43:07Z</time></trkpt><trkpt lat="58.056375" lon="38.80076"><ele>107.8</ele><time>2022-08-05T14:43:09Z</time></trkpt><trkpt lat="58.05638" lon="38.80056"><ele>108.2</ele><time>2022-08-05T14:43:12Z</time></trkpt><trkpt lat="58.056393" lon="38.800387"><ele>108.1</ele><time>2022-08-05T14:43:15Z</time></trkpt><trkpt lat="58.056408" lon="38.800247"><ele>108.0</ele><time>2022-08-05T14:43:18Z</time></trkpt><trkpt lat="58.056425" lon="38.800085"><ele>108.5</ele><time>2022-08-05T14:43:21Z</time></trkpt><trkpt lat="58.056443" lon="38.799897"><ele>107.9</ele><time>2022-08-05T14:43:24Z</time></trkpt><trkpt lat="58.056458" lon="38.799715"><ele>106.6</ele><time>2022-08-05T14:43:27Z</time></trkpt><trkpt lat="58.056472" lon="38.799525"><ele>106.3</ele><time>2022-08-05T14:43:30Z</time></trkpt><trkpt lat="58.056477" lon="38.799382"><ele>107.0</ele><time>2022-08-05T14:43:32Z</time></trkpt><trkpt lat="58.056488" lon="38.799172"><ele>107.5</ele><time>2022-08-05T14:43:34Z</time></trkpt><trkpt lat="58.056498" lon="38.798987"><ele>107.8</ele><time>2022-08-05T14:43:36Z</time></trkpt><trkpt lat="58.056508" lon="38.79884"><ele>108.2</ele><time>2022-08-05T14:43:38Z</time></trkpt><trkpt lat="58.05652" lon="38.798703"><ele>108.2</ele><time>2022-08-05T14:43:40Z</time></trkpt><trkpt lat="58.056533" lon="38.798505"><ele>108.8</ele><time>2022-08-05T14:43:43Z</time></trkpt><trkpt lat="58.056543" lon="38.798368"><ele>108.6</ele><time>2022-08-05T14:43:45Z</time></trkpt><trkpt lat="58.056555" lon="38.798235"><ele>108.7</ele><time>2022-08-05T14:43:47Z</time></trkpt><trkpt lat="58.056567" lon="38.798067"><ele>108.0</ele><time>2022-08-05T14:43:50Z</time></trkpt><trkpt lat="58.056567" lon="38.79791"><ele>110.6</ele><time>2022-08-05T14:45:09Z</time></trkpt><trkpt lat="58.056587" lon="38.797755"><ele>110.3</ele><time>2022-08-05T14:45:12Z</time></trkpt><trkpt lat="58.0566" lon="38.79759"><ele>109.8</ele><time>2022-08-05T14:45:15Z</time></trkpt><trkpt lat="58.056612" lon="38.797408"><ele>109.9</ele><time>2022-08-05T14:45:18Z</time></trkpt><trkpt lat="58.056625" lon="38.797212"><ele>109.1</ele><time>2022-08-05T14:45:21Z</time></trkpt><trkpt lat="58.056638" lon="38.797075"><ele>109.2</ele><time>2022-08-05T14:45:23Z</time></trkpt><trkpt lat="58.056652" lon="38.79693"><ele>109.9</ele><time>2022-08-05T14:45:25Z</time></trkpt><trkpt lat="58.056672" lon="38.796738"><ele>109.4</ele><time>2022-08-05T14:45:28Z</time></trkpt><trkpt lat="58.056678" lon="38.79659"><ele>109.8</ele><time>2022-08-05T14:45:30Z</time></trkpt><trkpt lat="58.05667" lon="38.7964"><ele>109.6</ele><time>2022-08-05T14:45:33Z</time></trkpt><trkpt lat="58.056673" lon="38.796248"><ele>109.7</ele><time>2022-08-05T14:45:35Z</time></trkpt><trkpt lat="58.056682" lon="38.796092"><ele>109.5</ele><time>2022-08-05T14:45:37Z</time></trkpt><trkpt lat="58.056688" lon="38.795938"><ele>109.9</ele><time>2022-08-05T14:45:39Z</time></trkpt><trkpt lat="58.056705" lon="38.795785"><ele>111.6</ele><time>2022-08-05T14:45:41Z</time></trkpt><trkpt lat="58.056717" lon="38.795628"><ele>110.5</ele><time>2022-08-05T14:45:43Z</time></trkpt><trkpt lat="58.056727" lon="38.795467"><ele>109.9</ele><time>2022-08-05T14:45:45Z</time></trkpt><trkpt lat="58.056723" lon="38.7953"><ele>108.5</ele><time>2022-08-05T14:45:47Z</time></trkpt><trkpt lat="58.056742" lon="38.795127"><ele>107.6</ele><time>2022-08-05T14:45:49Z</time></trkpt><trkpt lat="58.056767" lon="38.79495"><ele>106.9</ele><time>2022-08-05T14:45:51Z</time></trkpt><trkpt lat="58.056787" lon="38.794753"><ele>107.3</ele><time>2022-08-05T14:45:53Z</time></trkpt><trkpt lat="58.056818" lon="38.794582"><ele>106.7</ele><time>2022-08-05T14:45:55Z</time></trkpt><trkpt lat="58.056832" lon="38.794402"><ele>107.8</ele><time>2022-08-05T14:45:57Z</time></trkpt><trkpt lat="58.05685" lon="38.79422"><ele>108.3</ele><time>2022-08-05T14:45:59Z</time></trkpt><trkpt lat="58.056863" lon="38.794068"><ele>106.4</ele><time>2022-08-05T14:46:01Z</time></trkpt><trkpt lat="58.056862" lon="38.793897"><ele>107.1</ele><time>2022-08-05T14:46:03Z</time></trkpt><trkpt lat="58.056863" lon="38.793738"><ele>107.7</ele><time>2022-08-05T14:46:05Z</time></trkpt><trkpt lat="58.056858" lon="38.793563"><ele>107.9</ele><time>2022-08-05T14:46:07Z</time></trkpt><trkpt lat="58.056863" lon="38.793393"><ele>108.1</ele><time>2022-08-05T14:46:09Z</time></trkpt><trkpt lat="58.05688" lon="38.793203"><ele>107.3</ele><time>2022-08-05T14:46:11Z</time></trkpt><trkpt lat="58.05688" lon="38.793018"><ele>107.4</ele><time>2022-08-05T14:46:13Z</time></trkpt><trkpt lat="58.0569" lon="38.792837"><ele>108.8</ele><time>2022-08-05T14:46:15Z</time></trkpt><trkpt lat="58.056883" lon="38.79267"><ele>109.1</ele><time>2022-08-05T14:46:17Z</time></trkpt><trkpt lat="58.056897" lon="38.79247"><ele>109.2</ele><time>2022-08-05T14:46:19Z</time></trkpt><trkpt lat="58.056942" lon="38.792253"><ele>109.3</ele><time>2022-08-05T14:46:21Z</time></trkpt><trkpt lat="58.056948" lon="38.792062"><ele>109.3</ele><time>2022-08-05T14:46:23Z</time></trkpt><trkpt lat="58.056968" lon="38.791885"><ele>108.9</ele><time>2022-08-05T14:46:25Z</time></trkpt><trkpt lat="58.056983" lon="38.791682"><ele>108.9</ele><time>2022-08-05T14:46:27Z</time></trkpt><trkpt lat="58.056982" lon="38.79151"><ele>111.1</ele><time>2022-08-05T14:46:29Z</time></trkpt><trkpt lat="58.05699" lon="38.791335"><ele>111.6</ele><time>2022-08-05T14:46:31Z</time></trkpt><trkpt lat="58.057003" lon="38.791147"><ele>111.2</ele><time>2022-08-05T14:46:33Z</time></trkpt><trkpt lat="58.057003" lon="38.790965"><ele>111.6</ele><time>2022-08-05T14:46:35Z</time></trkpt><trkpt lat="58.057008" lon="38.790803"><ele>111.1</ele><time>2022-08-05T14:46:37Z</time></trkpt><trkpt lat="58.057037" lon="38.790622"><ele>110.6</ele><time>2022-08-05T14:46:40Z</time></trkpt><trkpt lat="58.057058" lon="38.790418"><ele>110.0</ele><time>2022-08-05T14:46:43Z</time></trkpt><trkpt lat="58.057087" lon="38.79022"><ele>110.1</ele><time>2022-08-05T14:46:46Z</time></trkpt><trkpt lat="58.057113" lon="38.79008"><ele>110.4</ele><time>2022-08-05T14:46:48Z</time></trkpt><trkpt lat="58.05714" lon="38.789928"><ele>110.6</ele><time>2022-08-05T14:46:50Z</time></trkpt><trkpt lat="58.057135" lon="38.789775"><ele>110.0</ele><time>2022-08-05T14:46:52Z</time></trkpt><trkpt lat="58.057132" lon="38.789617"><ele>108.5</ele><time>2022-08-05T14:46:54Z</time></trkpt><trkpt lat="58.057128" lon="38.789465"><ele>108.7</ele><time>2022-08-05T14:46:56Z</time></trkpt><trkpt lat="58.057125" lon="38.789325"><ele>108.7</ele><time>2022-08-05T14:46:58Z</time></trkpt><trkpt lat="58.057127" lon="38.789118"><ele>108.3</ele><time>2022-08-05T14:47:01Z</time></trkpt><trkpt lat="58.057137" lon="38.788972"><ele>107.4</ele><time>2022-08-05T14:47:03Z</time></trkpt><trkpt lat="58.057152" lon="38.788817"><ele>107.3</ele><time>2022-08-05T14:47:05Z</time></trkpt><trkpt lat="58.05716" lon="38.788648"><ele>108.2</ele><time>2022-08-05T14:47:07Z</time></trkpt><trkpt lat="58.057155" lon="38.788485"><ele>108.9</ele><time>2022-08-05T14:47:09Z</time></trkpt><trkpt lat="58.057133" lon="38.788312"><ele>109.1</ele><time>2022-08-05T14:47:11Z</time></trkpt><trkpt lat="58.057173" lon="38.788148"><ele>109.8</ele><time>2022-08-05T14:47:13Z</time></trkpt><trkpt lat="58.057182" lon="38.78796"><ele>109.5</ele><time>2022-08-05T14:47:15Z</time></trkpt><trkpt lat="58.057195" lon="38.787762"><ele>109.7</ele><time>2022-08-05T14:47:17Z</time></trkpt><trkpt lat="58.05721" lon="38.787565"><ele>110.4</ele><time>2022-08-05T14:47:19Z</time></trkpt><trkpt lat="58.057222" lon="38.787387"><ele>111.2</ele><time>2022-08-05T14:47:21Z</time></trkpt><trkpt lat="58.057238" lon="38.787233"><ele>110.6</ele><time>2022-08-05T14:47:23Z</time></trkpt><trkpt lat="58.057233" lon="38.787092"><ele>109.0</ele><time>2022-08-05T14:47:25Z</time></trkpt><trkpt lat="58.057238" lon="38.786943"><ele>109.9</ele><time>2022-08-05T14:47:27Z</time></trkpt><trkpt lat="58.05725" lon="38.786803"><ele>109.1</ele><time>2022-08-05T14:47:29Z</time></trkpt><trkpt lat="58.05726" lon="38.786635"><ele>107.8</ele><time>2022-08-05T14:47:31Z</time></trkpt><trkpt lat="58.057263" lon="38.786462"><ele>107.1</ele><time>2022-08-05T14:47:33Z</time></trkpt><trkpt lat="58.057262" lon="38.786282"><ele>106.6</ele><time>2022-08-05T14:47:35Z</time></trkpt><trkpt lat="58.057277" lon="38.786083"><ele>107.5</ele><time>2022-08-05T14:47:37Z</time></trkpt><trkpt lat="58.057263" lon="38.785882"><ele>108.6</ele><time>2022-08-05T14:47:39Z</time></trkpt><trkpt lat="58.057277" lon="38.785698"><ele>107.8</ele><time>2022-08-05T14:47:41Z</time></trkpt><trkpt lat="58.057263" lon="38.785512"><ele>108.7</ele><time>2022-08-05T14:47:43Z</time></trkpt><trkpt lat="58.057283" lon="38.785315"><ele>108.0</ele><time>2022-08-05T14:47:45Z</time></trkpt><trkpt lat="58.05731" lon="38.785092"><ele>108.4</ele><time>2022-08-05T14:47:47Z</time></trkpt><trkpt lat="58.057402" lon="38.784892"><ele>108.5</ele><time>2022-08-05T14:47:49Z</time></trkpt><trkpt lat="58.057448" lon="38.784785"><ele>108.0</ele><time>2022-08-05T14:47:50Z</time></trkpt><trkpt lat="58.057527" lon="38.78456"><ele>107.4</ele><time>2022-08-05T14:47:52Z</time></trkpt><trkpt lat="58.0576" lon="38.784343"><ele>108.2</ele><time>2022-08-05T14:47:54Z</time></trkpt><trkpt lat="58.05767" lon="38.784157"><ele>108.6</ele><time>2022-08-05T14:47:56Z</time></trkpt><trkpt lat="58.057735" lon="38.783985"><ele>108.8</ele><time>2022-08-05T14:47:58Z</time></trkpt><trkpt lat="58.057798" lon="38.783833"><ele>108.2</ele><time>2022-08-05T14:48:00Z</time></trkpt><trkpt lat="58.057863" lon="38.783665"><ele>107.6</ele><time>2022-08-05T14:48:02Z</time></trkpt><trkpt lat="58.057922" lon="38.783497"><ele>107.2</ele><time>2022-08-05T14:48:04Z</time></trkpt><trkpt lat="58.057972" lon="38.78334"><ele>106.8</ele><time>2022-08-05T14:48:06Z</time></trkpt><trkpt lat="58.058023" lon="38.783192"><ele>106.2</ele><time>2022-08-05T14:48:08Z</time></trkpt><trkpt lat="58.058078" lon="38.783047"><ele>106.2</ele><time>2022-08-05T14:48:10Z</time></trkpt><trkpt lat="58.058128" lon="38.782893"><ele>105.7</ele><time>2022-08-05T14:48:12Z</time></trkpt><trkpt lat="58.058183" lon="38.782737"><ele>105.8</ele><time>2022-08-05T14:48:14Z</time></trkpt><trkpt lat="58.058235" lon="38.782597"><ele>106.5</ele><time>2022-08-05T14:48:16Z</time></trkpt><trkpt lat="58.05828" lon="38.782455"><ele>106.2</ele><time>2022-08-05T14:48:18Z</time></trkpt><trkpt lat="58.05833" lon="38.782318"><ele>106.8</ele><time>2022-08-05T14:48:20Z</time></trkpt><trkpt lat="58.058388" lon="38.78215"><ele>105.4</ele><time>2022-08-05T14:48:23Z</time></trkpt><trkpt lat="58.058443" lon="38.781988"><ele>105.3</ele><time>2022-08-05T14:48:25Z</time></trkpt><trkpt lat="58.058487" lon="38.78185"><ele>105.5</ele><time>2022-08-05T14:48:27Z</time></trkpt><trkpt lat="58.058533" lon="38.781727"><ele>105.9</ele><time>2022-08-05T14:48:29Z</time></trkpt><trkpt lat="58.058585" lon="38.781573"><ele>105.9</ele><time>2022-08-05T14:48:31Z</time></trkpt><trkpt lat="58.058632" lon="38.78142"><ele>106.4</ele><time>2022-08-05T14:48:33Z</time></trkpt><trkpt lat="58.058677" lon="38.781295"><ele>105.0</ele><time>2022-08-05T14:48:35Z</time></trkpt><trkpt lat="58.058723" lon="38.781175"><ele>103.3</ele><time>2022-08-05T14:48:37Z</time></trkpt><trkpt lat="58.058777" lon="38.781035"><ele>103.9</ele><time>2022-08-05T14:48:39Z</time></trkpt><trkpt lat="58.058832" lon="38.780892"><ele>103.9</ele><time>2022-08-05T14:48:41Z</time></trkpt><trkpt lat="58.058885" lon="38.780763"><ele>103.6</ele><time>2022-08-05T14:48:43Z</time></trkpt><trkpt lat="58.05894" lon="38.780623"><ele>102.2</ele><time>2022-08-05T14:48:45Z</time></trkpt><trkpt lat="58.05899" lon="38.780478"><ele>102.0</ele><time>2022-08-05T14:48:47Z</time></trkpt><trkpt lat="58.059027" lon="38.780305"><ele>102.5</ele><time>2022-08-05T14:48:49Z</time></trkpt><trkpt lat="58.059067" lon="38.780128"><ele>103.3</ele><time>2022-08-05T14:48:51Z</time></trkpt><trkpt lat="58.059127" lon="38.77996"><ele>104.3</ele><time>2022-08-05T14:48:53Z</time></trkpt><trkpt lat="58.059175" lon="38.779793"><ele>104.7</ele><time>2022-08-05T14:48:55Z</time></trkpt><trkpt lat="58.05922" lon="38.77962"><ele>104.7</ele><time>2022-08-05T14:48:57Z</time></trkpt><trkpt lat="58.059263" lon="38.779468"><ele>103.5</ele><time>2022-08-05T14:48:59Z</time></trkpt><trkpt lat="58.059322" lon="38.779295"><ele>103.7</ele><time>2022-08-05T14:49:01Z</time></trkpt><trkpt lat="58.059395" lon="38.779165"><ele>101.7</ele><time>2022-08-05T14:49:03Z</time></trkpt><trkpt lat="58.059442" lon="38.779022"><ele>101.5</ele><time>2022-08-05T14:49:05Z</time></trkpt><trkpt lat="58.059492" lon="38.77886"><ele>101.4</ele><time>2022-08-05T14:49:07Z</time></trkpt><trkpt lat="58.059545" lon="38.778717"><ele>102.3</ele><time>2022-08-05T14:49:09Z</time></trkpt><trkpt lat="58.059588" lon="38.778572"><ele>100.6</ele><time>2022-08-05T14:49:11Z</time></trkpt><trkpt lat="58.059642" lon="38.778412"><ele>100.9</ele><time>2022-08-05T14:49:13Z</time></trkpt><trkpt lat="58.059672" lon="38.778255"><ele>99.7</ele><time>2022-08-05T14:49:15Z</time></trkpt><trkpt lat="58.059725" lon="38.778085"><ele>99.7</ele><time>2022-08-05T14:49:17Z</time></trkpt><trkpt lat="58.059778" lon="38.777902"><ele>100.1</ele><time>2022-08-05T14:49:19Z</time></trkpt><trkpt lat="58.059845" lon="38.777733"><ele>99.2</ele><time>2022-08-05T14:49:21Z</time></trkpt><trkpt lat="58.059908" lon="38.777573"><ele>99.0</ele><time>2022-08-05T14:49:23Z</time></trkpt><trkpt lat="58.059985" lon="38.777405"><ele>99.2</ele><time>2022-08-05T14:49:25Z</time></trkpt><trkpt lat="58.06004" lon="38.777237"><ele>99.3</ele><time>2022-08-05T14:49:27Z</time></trkpt><trkpt lat="58.060098" lon="38.777063"><ele>100.7</ele><time>2022-08-05T14:49:29Z</time></trkpt><trkpt lat="58.060152" lon="38.776897"><ele>100.8</ele><time>2022-08-05T14:49:31Z</time></trkpt><trkpt lat="58.060215" lon="38.776735"><ele>100.3</ele><time>2022-08-05T14:49:33Z</time></trkpt><trkpt lat="58.060263" lon="38.776565"><ele>100.4</ele><time>2022-08-05T14:49:35Z</time></trkpt><trkpt lat="58.06032" lon="38.776398"><ele>101.3</ele><time>2022-08-05T14:49:37Z</time></trkpt><trkpt lat="58.060375" lon="38.776245"><ele>101.2</ele><time>2022-08-05T14:49:39Z</time></trkpt><trkpt lat="58.060438" lon="38.776098"><ele>101.1</ele><time>2022-08-05T14:49:41Z</time></trkpt><trkpt lat="58.060503" lon="38.775967"><ele>102.3</ele><time>2022-08-05T14:49:43Z</time></trkpt><trkpt lat="58.060572" lon="38.775882"><ele>103.1</ele><time>2022-08-05T14:49:45Z</time></trkpt><trkpt lat="58.060647" lon="38.775822"><ele>103.9</ele><time>2022-08-05T14:49:47Z</time></trkpt><trkpt lat="58.060735" lon="38.775762"><ele>104.9</ele><time>2022-08-05T14:49:49Z</time></trkpt><trkpt lat="58.060818" lon="38.775708"><ele>106.0</ele><time>2022-08-05T14:49:51Z</time></trkpt><trkpt lat="58.06089" lon="38.775657"><ele>106.0</ele><time>2022-08-05T14:49:53Z</time></trkpt><trkpt lat="58.060967" lon="38.775587"><ele>105.2</ele><time>2022-08-05T14:49:55Z</time></trkpt><trkpt lat="58.06104" lon="38.77553"><ele>105.9</ele><time>2022-08-05T14:49:57Z</time></trkpt><trkpt lat="58.061137" lon="38.775527"><ele>106.5</ele><time>2022-08-05T14:50:00Z</time></trkpt><trkpt lat="58.061237" lon="38.77561"><ele>105.6</ele><time>2022-08-05T14:50:03Z</time></trkpt><trkpt lat="58.061312" lon="38.7757"><ele>105.9</ele><time>2022-08-05T14:50:05Z</time></trkpt><trkpt lat="58.061407" lon="38.775808"><ele>104.8</ele><time>2022-08-05T14:50:07Z</time></trkpt><trkpt lat="58.061513" lon="38.775918"><ele>104.5</ele><time>2022-08-05T14:50:09Z</time></trkpt><trkpt lat="58.061605" lon="38.776062"><ele>104.5</ele><time>2022-08-05T14:50:11Z</time></trkpt><trkpt lat="58.061698" lon="38.77618"><ele>104.0</ele><time>2022-08-05T14:50:13Z</time></trkpt><trkpt lat="58.061818" lon="38.77629"><ele>105.3</ele><time>2022-08-05T14:50:15Z</time></trkpt><trkpt lat="58.061912" lon="38.776415"><ele>105.2</ele><time>2022-08-05T14:50:17Z</time></trkpt><trkpt lat="58.062002" lon="38.776527"><ele>104.3</ele><time>2022-08-05T14:50:19Z</time></trkpt><trkpt lat="58.062083" lon="38.776642"><ele>103.4</ele><time>2022-08-05T14:50:21Z</time></trkpt><trkpt lat="58.062175" lon="38.776753"><ele>102.7</ele><time>2022-08-05T14:50:23Z</time></trkpt><trkpt lat="58.062278" lon="38.77689"><ele>103.4</ele><time>2022-08-05T14:50:25Z</time></trkpt><trkpt lat="58.062373" lon="38.777018"><ele>104.3</ele><time>2022-08-05T14:50:27Z</time></trkpt><trkpt lat="58.062488" lon="38.777133"><ele>104.3</ele><time>2022-08-05T14:50:29Z</time></trkpt><trkpt lat="58.062587" lon="38.777268"><ele>105.2</ele><time>2022-08-05T14:50:31Z</time></trkpt><trkpt lat="58.062687" lon="38.77741"><ele>105.0</ele><time>2022-08-05T14:50:33Z</time></trkpt><trkpt lat="58.062797" lon="38.777563"><ele>104.9</ele><time>2022-08-05T14:50:35Z</time></trkpt><trkpt lat="58.06291" lon="38.77769"><ele>104.8</ele><time>2022-08-05T14:50:37Z</time></trkpt><trkpt lat="58.06301" lon="38.777818"><ele>104.6</ele><time>2022-08-05T14:50:39Z</time></trkpt><trkpt lat="58.063117" lon="38.777973"><ele>105.3</ele><time>2022-08-05T14:50:41Z</time></trkpt><trkpt lat="58.063223" lon="38.778127"><ele>105.4</ele><time>2022-08-05T14:50:43Z</time></trkpt><trkpt lat="58.063337" lon="38.778258"><ele>105.2</ele><time>2022-08-05T14:50:45Z</time></trkpt><trkpt lat="58.063453" lon="38.7784"><ele>105.4</ele><time>2022-08-05T14:50:47Z</time></trkpt><trkpt lat="58.063567" lon="38.778537"><ele>104.9</ele><time>2022-08-05T14:50:49Z</time></trkpt><trkpt lat="58.063677" lon="38.778675"><ele>105.4</ele><time>2022-08-05T14:50:51Z</time></trkpt><trkpt lat="58.063775" lon="38.778812"><ele>105.3</ele><time>2022-08-05T14:50:53Z</time></trkpt><trkpt lat="58.063873" lon="38.778947"><ele>105.5</ele><time>2022-08-05T14:50:55Z</time></trkpt><trkpt lat="58.063978" lon="38.779097"><ele>105.5</ele><time>2022-08-05T14:50:57Z</time></trkpt><trkpt lat="58.06409" lon="38.779215"><ele>106.4</ele><time>2022-08-05T14:50:59Z</time></trkpt><trkpt lat="58.064198" lon="38.779352"><ele>107.6</ele><time>2022-08-05T14:51:01Z</time></trkpt><trkpt lat="58.064298" lon="38.77948"><ele>107.2</ele><time>2022-08-05T14:51:03Z</time></trkpt><trkpt lat="58.064403" lon="38.779613"><ele>107.2</ele><time>2022-08-05T14:51:05Z</time></trkpt><trkpt lat="58.06452" lon="38.77974"><ele>107.2</ele><time>2022-08-05T14:51:07Z</time></trkpt><trkpt lat="58.06462" lon="38.779882"><ele>108.0</ele><time>2022-08-05T14:51:09Z</time></trkpt><trkpt lat="58.064712" lon="38.780008"><ele>107.6</ele><time>2022-08-05T14:51:11Z</time></trkpt><trkpt lat="58.06481" lon="38.780142"><ele>108.2</ele><time>2022-08-05T14:51:13Z</time></trkpt><trkpt lat="58.064917" lon="38.780272"><ele>106.9</ele><time>2022-08-05T14:51:15Z</time></trkpt><trkpt lat="58.065015" lon="38.780397"><ele>106.3</ele><time>2022-08-05T14:51:17Z</time></trkpt><trkpt lat="58.065108" lon="38.78047"><ele>106.3</ele><time>2022-08-05T14:51:19Z</time></trkpt><trkpt lat="58.065213" lon="38.780463"><ele>106.3</ele><time>2022-08-05T14:51:21Z</time></trkpt><trkpt lat="58.065278" lon="38.780323"><ele>106.0</ele><time>2022-08-05T14:51:23Z</time></trkpt><trkpt lat="58.065332" lon="38.780143"><ele>105.5</ele><time>2022-08-05T14:51:25Z</time></trkpt><trkpt lat="58.065397" lon="38.779958"><ele>105.2</ele><time>2022-08-05T14:51:27Z</time></trkpt><trkpt lat="58.065463" lon="38.779752"><ele>105.4</ele><time>2022-08-05T14:51:29Z</time></trkpt><trkpt lat="58.065557" lon="38.779553"><ele>105.4</ele><time>2022-08-05T14:51:31Z</time></trkpt><trkpt lat="58.065608" lon="38.779455"><ele>105.6</ele><time>2022-08-05T14:51:32Z</time></trkpt><trkpt lat="58.065698" lon="38.779262"><ele>105.5</ele><time>2022-08-05T14:51:34Z</time></trkpt><trkpt lat="58.065775" lon="38.779045"><ele>105.4</ele><time>2022-08-05T14:51:36Z</time></trkpt><trkpt lat="58.065853" lon="38.77886"><ele>106.1</ele><time>2022-08-05T14:51:38Z</time></trkpt><trkpt lat="58.065937" lon="38.7787"><ele>105.6</ele><time>2022-08-05T14:51:40Z</time></trkpt><trkpt lat="58.066003" lon="38.778572"><ele>105.1</ele><time>2022-08-05T14:51:42Z</time></trkpt><trkpt lat="58.066103" lon="38.778635"><ele>105.1</ele><time>2022-08-05T14:51:44Z</time></trkpt><trkpt lat="58.066188" lon="38.778748"><ele>105.0</ele><time>2022-08-05T14:51:46Z</time></trkpt><trkpt lat="58.066277" lon="38.77885"><ele>105.0</ele><time>2022-08-05T14:51:48Z</time></trkpt><trkpt lat="58.066363" lon="38.778953"><ele>106.0</ele><time>2022-08-05T14:51:50Z</time></trkpt><trkpt lat="58.06644" lon="38.779057"><ele>106.0</ele><time>2022-08-05T14:51:52Z</time></trkpt><trkpt lat="58.066508" lon="38.779145"><ele>105.3</ele><time>2022-08-05T14:51:54Z</time></trkpt><trkpt lat="58.066573" lon="38.779218"><ele>105.9</ele><time>2022-08-05T14:51:56Z</time></trkpt><trkpt lat="58.066653" lon="38.779325"><ele>107.6</ele><time>2022-08-05T14:51:59Z</time></trkpt><trkpt lat="58.066742" lon="38.77937"><ele>108.0</ele><time>2022-08-05T14:52:02Z</time></trkpt><trkpt lat="58.066818" lon="38.77938"><ele>107.2</ele><time>2022-08-05T14:52:05Z</time></trkpt><trkpt lat="58.066908" lon="38.779343"><ele>106.5</ele><time>2022-08-05T14:52:08Z</time></trkpt><trkpt lat="58.066985" lon="38.779323"><ele>106.3</ele><time>2022-08-05T14:52:10Z</time></trkpt><trkpt lat="58.067065" lon="38.779315"><ele>107.0</ele><time>2022-08-05T14:52:12Z</time></trkpt><trkpt lat="58.067147" lon="38.7793"><ele>108.2</ele><time>2022-08-05T14:52:14Z</time></trkpt><trkpt lat="58.06724" lon="38.779277"><ele>108.1</ele><time>2022-08-05T14:52:16Z</time></trkpt><trkpt lat="58.067327" lon="38.77922"><ele>109.3</ele><time>2022-08-05T14:52:18Z</time></trkpt><trkpt lat="58.067402" lon="38.779137"><ele>109.3</ele><time>2022-08-05T14:52:20Z</time></trkpt><trkpt lat="58.067488" lon="38.779045"><ele>107.8</ele><time>2022-08-05T14:52:23Z</time></trkpt><trkpt lat="58.067567" lon="38.779052"><ele>107.5</ele><time>2022-08-05T14:52:27Z</time></trkpt><trkpt lat="58.06764" lon="38.779058"><ele>106.3</ele><time>2022-08-05T14:52:32Z</time></trkpt><trkpt lat="58.067692" lon="38.77894"><ele>106.1</ele><time>2022-08-05T14:52:34Z</time></trkpt><trkpt lat="58.067738" lon="38.778788"><ele>105.3</ele><time>2022-08-05T14:52:36Z</time></trkpt><trkpt lat="58.06778" lon="38.778648"><ele>104.7</ele><time>2022-08-05T14:52:38Z</time></trkpt><trkpt lat="58.06785" lon="38.778585"><ele>102.1</ele><time>2022-08-05T14:52:40Z</time></trkpt><trkpt lat="58.067935" lon="38.778612"><ele>100.3</ele><time>2022-08-05T14:52:42Z</time></trkpt><trkpt lat="58.067967" lon="38.778793"><ele>100.3</ele><time>2022-08-05T14:52:43Z</time></trkpt><trkpt lat="58.068048" lon="38.778892"><ele>100.6</ele><time>2022-08-05T14:52:45Z</time></trkpt><trkpt lat="58.068167" lon="38.779005"><ele>102.0</ele><time>2022-08-05T14:52:48Z</time></trkpt><trkpt lat="58.068225" lon="38.77909"><ele>101.5</ele><time>2022-08-05T14:52:51Z</time></trkpt><trkpt lat="58.06831" lon="38.779072"><ele>103.4</ele><time>2022-08-05T14:52:55Z</time></trkpt><trkpt lat="58.068368" lon="38.778967"><ele>103.7</ele><time>2022-08-05T14:52:58Z</time></trkpt><trkpt lat="58.068437" lon="38.778827"><ele>103.1</ele><time>2022-08-05T14:53:01Z</time></trkpt><trkpt lat="58.068542" lon="38.778713"><ele>104.1</ele><time>2022-08-05T14:53:03Z</time></trkpt><trkpt lat="58.068608" lon="38.778545"><ele>104.2</ele><time>2022-08-05T14:53:05Z</time></trkpt><trkpt lat="58.068685" lon="38.778358"><ele>104.4</ele><time>2022-08-05T14:53:07Z</time></trkpt><trkpt lat="58.068772" lon="38.778188"><ele>103.3</ele><time>2022-08-05T14:53:09Z</time></trkpt><trkpt lat="58.068852" lon="38.778042"><ele>102.9</ele><time>2022-08-05T14:53:11Z</time></trkpt><trkpt lat="58.068918" lon="38.777885"><ele>104.3</ele><time>2022-08-05T14:53:13Z</time></trkpt><trkpt lat="58.068988" lon="38.777728"><ele>103.8</ele><time>2022-08-05T14:53:15Z</time></trkpt><trkpt lat="58.069057" lon="38.777582"><ele>103.8</ele><time>2022-08-05T14:53:17Z</time></trkpt><trkpt lat="58.069123" lon="38.777413"><ele>103.6</ele><time>2022-08-05T14:53:19Z</time></trkpt><trkpt lat="58.069192" lon="38.77724"><ele>104.5</ele><time>2022-08-05T14:53:21Z</time></trkpt><trkpt lat="58.069262" lon="38.77705"><ele>104.9</ele><time>2022-08-05T14:53:23Z</time></trkpt><trkpt lat="58.069333" lon="38.77687"><ele>105.1</ele><time>2022-08-05T14:53:25Z</time></trkpt><trkpt lat="58.069415" lon="38.776698"><ele>105.2</ele><time>2022-08-05T14:53:27Z</time></trkpt><trkpt lat="58.06949" lon="38.776535"><ele>105.0</ele><time>2022-08-05T14:53:29Z</time></trkpt><trkpt lat="58.069565" lon="38.776343"><ele>104.8</ele><time>2022-08-05T14:53:31Z</time></trkpt><trkpt lat="58.069648" lon="38.77617"><ele>105.5</ele><time>2022-08-05T14:53:33Z</time></trkpt><trkpt lat="58.069728" lon="38.776002"><ele>104.0</ele><time>2022-08-05T14:53:35Z</time></trkpt><trkpt lat="58.069812" lon="38.775808"><ele>104.2</ele><time>2022-08-05T14:53:37Z</time></trkpt><trkpt lat="58.069883" lon="38.775613"><ele>103.5</ele><time>2022-08-05T14:53:39Z</time></trkpt><trkpt lat="58.06998" lon="38.775457"><ele>102.3</ele><time>2022-08-05T14:53:41Z</time></trkpt><trkpt lat="58.07005" lon="38.775323"><ele>104.0</ele><time>2022-08-05T14:53:43Z</time></trkpt><trkpt lat="58.070112" lon="38.775175"><ele>101.5</ele><time>2022-08-05T14:53:45Z</time></trkpt><trkpt lat="58.070168" lon="38.775025"><ele>101.4</ele><time>2022-08-05T14:53:47Z</time></trkpt><trkpt lat="58.070207" lon="38.774907"><ele>102.2</ele><time>2022-08-05T14:53:49Z</time></trkpt><trkpt lat="58.070265" lon="38.774803"><ele>103.0</ele><time>2022-08-05T14:53:53Z</time></trkpt><trkpt lat="58.070318" lon="38.774665"><ele>104.3</ele><time>2022-08-05T14:53:56Z</time></trkpt><trkpt lat="58.07037" lon="38.77456"><ele>104.6</ele><time>2022-08-05T14:53:58Z</time></trkpt><trkpt lat="58.070432" lon="38.77445"><ele>105.1</ele><time>2022-08-05T14:54:00Z</time></trkpt><trkpt lat="58.07049" lon="38.774338"><ele>104.5</ele><time>2022-08-05T14:54:02Z</time></trkpt><trkpt lat="58.070537" lon="38.774217"><ele>105.0</ele><time>2022-08-05T14:54:04Z</time></trkpt><trkpt lat="58.070588" lon="38.774058"><ele>107.6</ele><time>2022-08-05T14:54:07Z</time></trkpt><trkpt lat="58.070678" lon="38.774053"><ele>109.6</ele><time>2022-08-05T14:54:17Z</time></trkpt><trkpt lat="58.070775" lon="38.774128"><ele>109.5</ele><time>2022-08-05T14:54:20Z</time></trkpt><trkpt lat="58.070905" lon="38.774308"><ele>109.3</ele><time>2022-08-05T14:54:23Z</time></trkpt><trkpt lat="58.070992" lon="38.774408"><ele>109.3</ele><time>2022-08-05T14:54:25Z</time></trkpt><trkpt lat="58.071063" lon="38.774515"><ele>108.6</ele><time>2022-08-05T14:54:27Z</time></trkpt><trkpt lat="58.071133" lon="38.77463"><ele>107.8</ele><time>2022-08-05T14:54:29Z</time></trkpt><trkpt lat="58.071225" lon="38.774712"><ele>107.1</ele><time>2022-08-05T14:54:31Z</time></trkpt><trkpt lat="58.071322" lon="38.774672"><ele>104.7</ele><time>2022-08-05T14:54:34Z</time></trkpt><trkpt lat="58.07139" lon="38.774603"><ele>105.0</ele><time>2022-08-05T14:54:36Z</time></trkpt><trkpt lat="58.071445" lon="38.774505"><ele>104.7</ele><time>2022-08-05T14:54:38Z</time></trkpt><trkpt lat="58.071473" lon="38.77435"><ele>104.1</ele><time>2022-08-05T14:54:40Z</time></trkpt><trkpt lat="58.071517" lon="38.77424"><ele>102.3</ele><time>2022-08-05T14:54:42Z</time></trkpt><trkpt lat="58.071558" lon="38.774108"><ele>103.0</ele><time>2022-08-05T14:54:44Z</time></trkpt><trkpt lat="58.071608" lon="38.773958"><ele>102.2</ele><time>2022-08-05T14:54:46Z</time></trkpt><trkpt lat="58.071677" lon="38.773848"><ele>101.9</ele><time>2022-08-05T14:54:48Z</time></trkpt><trkpt lat="58.071742" lon="38.773692"><ele>101.4</ele><time>2022-08-05T14:54:51Z</time></trkpt><trkpt lat="58.071785" lon="38.77354"><ele>101.4</ele><time>2022-08-05T14:54:54Z</time></trkpt><trkpt lat="58.071845" lon="38.773427"><ele>101.0</ele><time>2022-08-05T14:54:56Z</time></trkpt><trkpt lat="58.071887" lon="38.7733"><ele>101.8</ele><time>2022-08-05T14:54:58Z</time></trkpt><trkpt lat="58.071923" lon="38.773175"><ele>99.9</ele><time>2022-08-05T14:55:00Z</time></trkpt><trkpt lat="58.071967" lon="38.773038"><ele>99.4</ele><time>2022-08-05T14:55:02Z</time></trkpt><trkpt lat="58.072025" lon="38.77286"><ele>99.3</ele><time>2022-08-05T14:55:04Z</time></trkpt><trkpt lat="58.072075" lon="38.772702"><ele>99.3</ele><time>2022-08-05T14:55:06Z</time></trkpt><trkpt lat="58.072125" lon="38.77253"><ele>98.8</ele><time>2022-08-05T14:55:08Z</time></trkpt><trkpt lat="58.072163" lon="38.772405"><ele>99.0</ele><time>2022-08-05T14:55:10Z</time></trkpt><trkpt lat="58.072238" lon="38.77229"><ele>98.6</ele><time>2022-08-05T14:55:12Z</time></trkpt><trkpt lat="58.072283" lon="38.772137"><ele>97.9</ele><time>2022-08-05T14:55:14Z</time></trkpt><trkpt lat="58.072325" lon="38.77199"><ele>96.6</ele><time>2022-08-05T14:55:16Z</time></trkpt><trkpt lat="58.072362" lon="38.77183"><ele>95.4</ele><time>2022-08-05T14:55:18Z</time></trkpt><trkpt lat="58.072427" lon="38.771675"><ele>94.8</ele><time>2022-08-05T14:55:21Z</time></trkpt><trkpt lat="58.07247" lon="38.771528"><ele>94.8</ele><time>2022-08-05T14:55:23Z</time></trkpt><trkpt lat="58.072532" lon="38.77142"><ele>94.3</ele><time>2022-08-05T14:55:25Z</time></trkpt><trkpt lat="58.072597" lon="38.771322"><ele>94.9</ele><time>2022-08-05T14:55:27Z</time></trkpt><trkpt lat="58.07267" lon="38.771218"><ele>95.8</ele><time>2022-08-05T14:55:29Z</time></trkpt><trkpt lat="58.072747" lon="38.771128"><ele>96.9</ele><time>2022-08-05T14:55:31Z</time></trkpt><trkpt lat="58.072825" lon="38.771043"><ele>96.8</ele><time>2022-08-05T14:55:33Z</time></trkpt><trkpt lat="58.07289" lon="38.770982"><ele>95.5</ele><time>2022-08-05T14:55:35Z</time></trkpt><trkpt lat="58.072995" lon="38.770918"><ele>96.5</ele><time>2022-08-05T14:55:38Z</time></trkpt><trkpt lat="58.073085" lon="38.770848"><ele>96.9</ele><time>2022-08-05T14:55:40Z</time></trkpt><trkpt lat="58.073162" lon="38.770735"><ele>97.6</ele><time>2022-08-05T14:55:42Z</time></trkpt><trkpt lat="58.073232" lon="38.77061"><ele>97.1</ele><time>2022-08-05T14:55:44Z</time></trkpt><trkpt lat="58.07329" lon="38.770455"><ele>97.9</ele><time>2022-08-05T14:55:46Z</time></trkpt><trkpt lat="58.073348" lon="38.770275"><ele>98.7</ele><time>2022-08-05T14:55:48Z</time></trkpt><trkpt lat="58.073417" lon="38.770153"><ele>98.8</ele><time>2022-08-05T14:55:50Z</time></trkpt><trkpt lat="58.07345" lon="38.769992"><ele>97.5</ele><time>2022-08-05T14:55:52Z</time></trkpt><trkpt lat="58.073488" lon="38.769842"><ele>98.3</ele><time>2022-08-05T14:55:54Z</time></trkpt><trkpt lat="58.073562" lon="38.769673"><ele>100.2</ele><time>2022-08-05T14:55:56Z</time></trkpt><trkpt lat="58.07362" lon="38.769537"><ele>102.3</ele><time>2022-08-05T14:55:58Z</time></trkpt><trkpt lat="58.07368" lon="38.769382"><ele>99.3</ele><time>2022-08-05T14:56:01Z</time></trkpt><trkpt lat="58.073712" lon="38.769247"><ele>99.2</ele><time>2022-08-05T14:56:03Z</time></trkpt><trkpt lat="58.073752" lon="38.769103"><ele>98.2</ele><time>2022-08-05T14:56:05Z</time></trkpt><trkpt lat="58.07379" lon="38.768967"><ele>98.4</ele><time>2022-08-05T14:56:07Z</time></trkpt><trkpt lat="58.073833" lon="38.768833"><ele>98.9</ele><time>2022-08-05T14:56:09Z</time></trkpt><trkpt lat="58.073882" lon="38.768703"><ele>98.5</ele><time>2022-08-05T14:56:11Z</time></trkpt><trkpt lat="58.073925" lon="38.768587"><ele>98.5</ele><time>2022-08-05T14:56:13Z</time></trkpt><trkpt lat="58.073972" lon="38.768465"><ele>99.2</ele><time>2022-08-05T14:56:15Z</time></trkpt><trkpt lat="58.074023" lon="38.768335"><ele>99.1</ele><time>2022-08-05T14:56:17Z</time></trkpt><trkpt lat="58.074077" lon="38.768203"><ele>100.0</ele><time>2022-08-05T14:56:19Z</time></trkpt><trkpt lat="58.074137" lon="38.768065"><ele>100.7</ele><time>2022-08-05T14:56:21Z</time></trkpt><trkpt lat="58.07419" lon="38.76795"><ele>100.9</ele><time>2022-08-05T14:56:23Z</time></trkpt><trkpt lat="58.074248" lon="38.767797"><ele>101.3</ele><time>2022-08-05T14:56:25Z</time></trkpt><trkpt lat="58.07431" lon="38.767665"><ele>101.8</ele><time>2022-08-05T14:56:27Z</time></trkpt><trkpt lat="58.074357" lon="38.767507"><ele>102.0</ele><time>2022-08-05T14:56:29Z</time></trkpt><trkpt lat="58.074398" lon="38.76738"><ele>102.9</ele><time>2022-08-05T14:56:31Z</time></trkpt><trkpt lat="58.074432" lon="38.767255"><ele>102.4</ele><time>2022-08-05T14:56:33Z</time></trkpt><trkpt lat="58.074478" lon="38.767077"><ele>101.7</ele><time>2022-08-05T14:56:36Z</time></trkpt><trkpt lat="58.074535" lon="38.766935"><ele>99.5</ele><time>2022-08-05T14:56:39Z</time></trkpt><trkpt lat="58.074588" lon="38.766788"><ele>99.1</ele><time>2022-08-05T14:56:42Z</time></trkpt><trkpt lat="58.074647" lon="38.76663"><ele>99.6</ele><time>2022-08-05T14:56:45Z</time></trkpt><trkpt lat="58.0747" lon="38.766495"><ele>100.4</ele><time>2022-08-05T14:56:48Z</time></trkpt><trkpt lat="58.07473" lon="38.76636"><ele>100.0</ele><time>2022-08-05T14:57:57Z</time></trkpt><trkpt lat="58.074787" lon="38.766215"><ele>100.6</ele><time>2022-08-05T14:58:00Z</time></trkpt><trkpt lat="58.074845" lon="38.766043"><ele>102.7</ele><time>2022-08-05T14:58:03Z</time></trkpt><trkpt lat="58.074908" lon="38.765887"><ele>102.6</ele><time>2022-08-05T14:58:06Z</time></trkpt><trkpt lat="58.074972" lon="38.765753"><ele>102.3</ele><time>2022-08-05T14:58:09Z</time></trkpt><trkpt lat="58.075032" lon="38.765587"><ele>102.3</ele><time>2022-08-05T14:58:12Z</time></trkpt><trkpt lat="58.075073" lon="38.765468"><ele>103.0</ele><time>2022-08-05T14:58:14Z</time></trkpt><trkpt lat="58.07512" lon="38.765347"><ele>102.7</ele><time>2022-08-05T14:58:16Z</time></trkpt><trkpt lat="58.07517" lon="38.765227"><ele>104.4</ele><time>2022-08-05T14:58:18Z</time></trkpt><trkpt lat="58.075213" lon="38.765103"><ele>104.1</ele><time>2022-08-05T14:58:20Z</time></trkpt><trkpt lat="58.075273" lon="38.76494"><ele>102.4</ele><time>2022-08-05T14:58:23Z</time></trkpt><trkpt lat="58.075317" lon="38.764827"><ele>103.1</ele><time>2022-08-05T14:58:25Z</time></trkpt><trkpt lat="58.07536" lon="38.764688"><ele>102.8</ele><time>2022-08-05T14:58:27Z</time></trkpt><trkpt lat="58.075405" lon="38.764565"><ele>103.3</ele><time>2022-08-05T14:58:29Z</time></trkpt><trkpt lat="58.075443" lon="38.764448"><ele>101.9</ele><time>2022-08-05T14:58:31Z</time></trkpt><trkpt lat="58.075478" lon="38.764318"><ele>101.8</ele><time>2022-08-05T14:58:33Z</time></trkpt><trkpt lat="58.075512" lon="38.764188"><ele>101.3</ele><time>2022-08-05T14:58:35Z</time></trkpt><trkpt lat="58.075543" lon="38.764055"><ele>101.4</ele><time>2022-08-05T14:58:37Z</time></trkpt><trkpt lat="58.075577" lon="38.763925"><ele>101.6</ele><time>2022-08-05T14:58:39Z</time></trkpt><trkpt lat="58.075605" lon="38.763793"><ele>101.2</ele><time>2022-08-05T14:58:41Z</time></trkpt><trkpt lat="58.075628" lon="38.763657"><ele>101.1</ele><time>2022-08-05T14:58:43Z</time></trkpt><trkpt lat="58.075653" lon="38.763528"><ele>100.5</ele><time>2022-08-05T14:58:45Z</time></trkpt><trkpt lat="58.075695" lon="38.76336"><ele>97.1</ele><time>2022-08-05T14:58:48Z</time></trkpt><trkpt lat="58.07574" lon="38.763198"><ele>97.0</ele><time>2022-08-05T14:58:51Z</time></trkpt><trkpt lat="58.07579" lon="38.763043"><ele>98.4</ele><time>2022-08-05T14:58:54Z</time></trkpt><trkpt lat="58.075852" lon="38.762875"><ele>98.9</ele><time>2022-08-05T14:58:57Z</time></trkpt><trkpt lat="58.075915" lon="38.762775"><ele>99.3</ele><time>2022-08-05T14:58:59Z</time></trkpt><trkpt lat="58.075993" lon="38.762632"><ele>98.3</ele><time>2022-08-05T14:59:01Z</time></trkpt><trkpt lat="58.076048" lon="38.76247"><ele>98.3</ele><time>2022-08-05T14:59:03Z</time></trkpt><trkpt lat="58.076082" lon="38.762302"><ele>98.5</ele><time>2022-08-05T14:59:05Z</time></trkpt><trkpt lat="58.076115" lon="38.762162"><ele>99.2</ele><time>2022-08-05T14:59:07Z</time></trkpt><trkpt lat="58.076143" lon="38.762002"><ele>100.3</ele><time>2022-08-05T14:59:09Z</time></trkpt><trkpt lat="58.076185" lon="38.761865"><ele>101.0</ele><time>2022-08-05T14:59:11Z</time></trkpt><trkpt lat="58.076217" lon="38.761738"><ele>100.6</ele><time>2022-08-05T14:59:13Z</time></trkpt><trkpt lat="58.076262" lon="38.761597"><ele>100.3</ele><time>2022-08-05T14:59:15Z</time></trkpt><trkpt lat="58.076303" lon="38.761465"><ele>100.6</ele><time>2022-08-05T14:59:17Z</time></trkpt><trkpt lat="58.076345" lon="38.761335"><ele>100.7</ele><time>2022-08-05T14:59:19Z</time></trkpt><trkpt lat="58.07639" lon="38.761213"><ele>101.1</ele><time>2022-08-05T14:59:21Z</time></trkpt><trkpt lat="58.076457" lon="38.761065"><ele>102.1</ele><time>2022-08-05T14:59:24Z</time></trkpt><trkpt lat="58.076502" lon="38.760947"><ele>102.5</ele><time>2022-08-05T14:59:26Z</time></trkpt><trkpt lat="58.076545" lon="38.760822"><ele>101.7</ele><time>2022-08-05T14:59:28Z</time></trkpt><trkpt lat="58.076602" lon="38.760657"><ele>101.7</ele><time>2022-08-05T14:59:31Z</time></trkpt><trkpt lat="58.076642" lon="38.760542"><ele>100.6</ele><time>2022-08-05T14:59:33Z</time></trkpt><trkpt lat="58.076703" lon="38.76038"><ele>99.7</ele><time>2022-08-05T14:59:36Z</time></trkpt><trkpt lat="58.076747" lon="38.760263"><ele>100.3</ele><time>2022-08-05T14:59:38Z</time></trkpt><trkpt lat="58.076795" lon="38.76016"><ele>100.7</ele><time>2022-08-05T14:59:40Z</time></trkpt><trkpt lat="58.076843" lon="38.76003"><ele>102.0</ele><time>2022-08-05T14:59:42Z</time></trkpt><trkpt lat="58.076888" lon="38.759892"><ele>101.7</ele><time>2022-08-05T14:59:44Z</time></trkpt><trkpt lat="58.076928" lon="38.759762"><ele>102.6</ele><time>2022-08-05T14:59:46Z</time></trkpt><trkpt lat="58.076977" lon="38.759605"><ele>103.7</ele><time>2022-08-05T14:59:49Z</time></trkpt><trkpt lat="58.07703" lon="38.759438"><ele>103.5</ele><time>2022-08-05T14:59:52Z</time></trkpt><trkpt lat="58.077077" lon="38.75932"><ele>102.9</ele><time>2022-08-05T14:59:54Z</time></trkpt><trkpt lat="58.077142" lon="38.759155"><ele>100.1</ele><time>2022-08-05T14:59:57Z</time></trkpt><trkpt lat="58.077197" lon="38.759018"><ele>101.4</ele><time>2022-08-05T14:59:59Z</time></trkpt><trkpt lat="58.077242" lon="38.758887"><ele>100.0</ele><time>2022-08-05T15:00:01Z</time></trkpt><trkpt lat="58.0773" lon="38.758742"><ele>100.3</ele><time>2022-08-05T15:00:04Z</time></trkpt><trkpt lat="58.077362" lon="38.758577"><ele>101.0</ele><time>2022-08-05T15:00:07Z</time></trkpt><trkpt lat="58.077403" lon="38.758453"><ele>103.4</ele><time>2022-08-05T15:00:09Z</time></trkpt><trkpt lat="58.077445" lon="38.758333"><ele>100.0</ele><time>2022-08-05T15:00:11Z</time></trkpt><trkpt lat="58.077488" lon="38.758203"><ele>99.8</ele><time>2022-08-05T15:00:13Z</time></trkpt><trkpt lat="58.077535" lon="38.75803"><ele>101.8</ele><time>2022-08-05T15:00:15Z</time></trkpt><trkpt lat="58.077573" lon="38.75791"><ele>102.0</ele><time>2022-08-05T15:00:17Z</time></trkpt><trkpt lat="58.077615" lon="38.757777"><ele>100.3</ele><time>2022-08-05T15:00:19Z</time></trkpt><trkpt lat="58.077648" lon="38.75762"><ele>101.3</ele><time>2022-08-05T15:00:21Z</time></trkpt><trkpt lat="58.077685" lon="38.757497"><ele>102.9</ele><time>2022-08-05T15:00:23Z</time></trkpt><trkpt lat="58.07772" lon="38.757355"><ele>103.9</ele><time>2022-08-05T15:00:25Z</time></trkpt><trkpt lat="58.077762" lon="38.75722"><ele>105.0</ele><time>2022-08-05T15:00:27Z</time></trkpt><trkpt lat="58.077805" lon="38.75709"><ele>105.5</ele><time>2022-08-05T15:00:29Z</time></trkpt><trkpt lat="58.077848" lon="38.756978"><ele>106.3</ele><time>2022-08-05T15:00:31Z</time></trkpt><trkpt lat="58.077898" lon="38.756858"><ele>103.5</ele><time>2022-08-05T15:00:33Z</time></trkpt><trkpt lat="58.077948" lon="38.756732"><ele>103.3</ele><time>2022-08-05T15:00:35Z</time></trkpt><trkpt lat="58.078002" lon="38.756613"><ele>103.7</ele><time>2022-08-05T15:00:37Z</time></trkpt><trkpt lat="58.078063" lon="38.756493"><ele>103.3</ele><time>2022-08-05T15:00:39Z</time></trkpt><trkpt lat="58.078122" lon="38.756388"><ele>103.3</ele><time>2022-08-05T15:00:41Z</time></trkpt><trkpt lat="58.078178" lon="38.75628"><ele>103.8</ele><time>2022-08-05T15:00:43Z</time></trkpt><trkpt lat="58.07824" lon="38.756175"><ele>103.6</ele><time>2022-08-05T15:00:45Z</time></trkpt><trkpt lat="58.0783" lon="38.756062"><ele>101.9</ele><time>2022-08-05T15:00:47Z</time></trkpt><trkpt lat="58.078355" lon="38.75594"><ele>102.3</ele><time>2022-08-05T15:00:49Z</time></trkpt><trkpt lat="58.078408" lon="38.755828"><ele>102.2</ele><time>2022-08-05T15:00:51Z</time></trkpt><trkpt lat="58.078458" lon="38.755707"><ele>102.2</ele><time>2022-08-05T15:00:53Z</time></trkpt><trkpt lat="58.078508" lon="38.75557"><ele>102.1</ele><time>2022-08-05T15:00:55Z</time></trkpt><trkpt lat="58.078558" lon="38.75543"><ele>102.2</ele><time>2022-08-05T15:00:57Z</time></trkpt><trkpt lat="58.078603" lon="38.755287"><ele>103.0</ele><time>2022-08-05T15:00:59Z</time></trkpt><trkpt lat="58.078645" lon="38.755155"><ele>103.7</ele><time>2022-08-05T15:01:01Z</time></trkpt><trkpt lat="58.078687" lon="38.755017"><ele>104.1</ele><time>2022-08-05T15:01:03Z</time></trkpt><trkpt lat="58.07873" lon="38.754897"><ele>103.4</ele><time>2022-08-05T15:01:05Z</time></trkpt><trkpt lat="58.078777" lon="38.754778"><ele>103.2</ele><time>2022-08-05T15:01:07Z</time></trkpt><trkpt lat="58.078827" lon="38.754657"><ele>102.5</ele><time>2022-08-05T15:01:09Z</time></trkpt><trkpt lat="58.078873" lon="38.754533"><ele>100.5</ele><time>2022-08-05T15:01:11Z</time></trkpt><trkpt lat="58.07892" lon="38.75441"><ele>99.7</ele><time>2022-08-05T15:01:13Z</time></trkpt><trkpt lat="58.078965" lon="38.754287"><ele>100.0</ele><time>2022-08-05T15:01:15Z</time></trkpt><trkpt lat="58.079" lon="38.754168"><ele>99.5</ele><time>2022-08-05T15:01:17Z</time></trkpt><trkpt lat="58.079042" lon="38.754057"><ele>98.7</ele><time>2022-08-05T15:01:19Z</time></trkpt><trkpt lat="58.079083" lon="38.753935"><ele>98.8</ele><time>2022-08-05T15:01:21Z</time></trkpt><trkpt lat="58.079125" lon="38.753805"><ele>99.7</ele><time>2022-08-05T15:01:23Z</time></trkpt><trkpt lat="58.079182" lon="38.753655"><ele>99.1</ele><time>2022-08-05T15:01:26Z</time></trkpt><trkpt lat="58.079237" lon="38.753495"><ele>98.8</ele><time>2022-08-05T15:01:29Z</time></trkpt><trkpt lat="58.07928" lon="38.753382"><ele>98.4</ele><time>2022-08-05T15:01:31Z</time></trkpt><trkpt lat="58.079323" lon="38.753265"><ele>98.5</ele><time>2022-08-05T15:01:33Z</time></trkpt><trkpt lat="58.079382" lon="38.753107"><ele>99.1</ele><time>2022-08-05T15:01:35Z</time></trkpt><trkpt lat="58.079432" lon="38.752955"><ele>100.1</ele><time>2022-08-05T15:01:37Z</time></trkpt><trkpt lat="58.079477" lon="38.752845"><ele>99.4</ele><time>2022-08-05T15:01:39Z</time></trkpt><trkpt lat="58.079537" lon="38.75274"><ele>101.1</ele><time>2022-08-05T15:01:41Z</time></trkpt><trkpt lat="58.079612" lon="38.752608"><ele>100.4</ele><time>2022-08-05T15:01:43Z</time></trkpt><trkpt lat="58.079668" lon="38.752447"><ele>101.0</ele><time>2022-08-05T15:01:45Z</time></trkpt><trkpt lat="58.079755" lon="38.752298"><ele>101.2</ele><time>2022-08-05T15:01:47Z</time></trkpt><trkpt lat="58.079828" lon="38.752137"><ele>101.9</ele><time>2022-08-05T15:01:49Z</time></trkpt><trkpt lat="58.079888" lon="38.752043"><ele>101.8</ele><time>2022-08-05T15:01:51Z</time></trkpt><trkpt lat="58.079928" lon="38.75191"><ele>101.6</ele><time>2022-08-05T15:01:53Z</time></trkpt><trkpt lat="58.079988" lon="38.75179"><ele>102.1</ele><time>2022-08-05T15:01:55Z</time></trkpt><trkpt lat="58.080045" lon="38.751663"><ele>102.6</ele><time>2022-08-05T15:01:57Z</time></trkpt><trkpt lat="58.080088" lon="38.751528"><ele>103.1</ele><time>2022-08-05T15:01:59Z</time></trkpt><trkpt lat="58.080138" lon="38.751393"><ele>103.1</ele><time>2022-08-05T15:02:01Z</time></trkpt><trkpt lat="58.080188" lon="38.751258"><ele>103.7</ele><time>2022-08-05T15:02:03Z</time></trkpt><trkpt lat="58.08023" lon="38.75112"><ele>104.1</ele><time>2022-08-05T15:02:05Z</time></trkpt><trkpt lat="58.080263" lon="38.750982"><ele>104.4</ele><time>2022-08-05T15:02:07Z</time></trkpt><trkpt lat="58.080295" lon="38.750848"><ele>104.3</ele><time>2022-08-05T15:02:09Z</time></trkpt><trkpt lat="58.080342" lon="38.750718"><ele>104.3</ele><time>2022-08-05T15:02:12Z</time></trkpt><trkpt lat="58.080393" lon="38.750612"><ele>105.9</ele><time>2022-08-05T15:02:18Z</time></trkpt><trkpt lat="58.080375" lon="38.75078"><ele>102.1</ele><time>2022-08-05T15:02:32Z</time></trkpt><trkpt lat="58.080452" lon="38.750805"><ele>103.4</ele><time>2022-08-05T15:02:37Z</time></trkpt><trkpt lat="58.08054" lon="38.750782"><ele>104.9</ele><time>2022-08-05T15:02:40Z</time></trkpt><trkpt lat="58.080625" lon="38.75086"><ele>104.2</ele><time>2022-08-05T15:02:43Z</time></trkpt><trkpt lat="58.080693" lon="38.750955"><ele>103.1</ele><time>2022-08-05T15:02:45Z</time></trkpt><trkpt lat="58.080778" lon="38.75108"><ele>102.7</ele><time>2022-08-05T15:02:47Z</time></trkpt><trkpt lat="58.080847" lon="38.751202"><ele>101.6</ele><time>2022-08-05T15:02:49Z</time></trkpt><trkpt lat="58.080903" lon="38.751338"><ele>100.5</ele><time>2022-08-05T15:02:51Z</time></trkpt><trkpt lat="58.08096" lon="38.751518"><ele>101.1</ele><time>2022-08-05T15:02:53Z</time></trkpt><trkpt lat="58.081018" lon="38.7517"><ele>99.6</ele><time>2022-08-05T15:02:55Z</time></trkpt><trkpt lat="58.081048" lon="38.751868"><ele>99.1</ele><time>2022-08-05T15:02:57Z</time></trkpt><trkpt lat="58.081123" lon="38.751992"><ele>97.6</ele><time>2022-08-05T15:02:59Z</time></trkpt><trkpt lat="58.081177" lon="38.752098"><ele>95.5</ele><time>2022-08-05T15:03:01Z</time></trkpt><trkpt lat="58.081258" lon="38.752182"><ele>95.8</ele><time>2022-08-05T15:03:04Z</time></trkpt><trkpt lat="58.081278" lon="38.75233"><ele>96.5</ele><time>2022-08-05T15:03:08Z</time></trkpt><trkpt lat="58.08132" lon="38.752462"><ele>97.5</ele><time>2022-08-05T15:03:12Z</time></trkpt><trkpt lat="58.081372" lon="38.752563"><ele>97.3</ele><time>2022-08-05T15:03:15Z</time></trkpt><trkpt lat="58.08132" lon="38.752432"><ele>101.3</ele><time>2022-08-05T15:06:56Z</time></trkpt><trkpt lat="58.081278" lon="38.752288"><ele>101.2</ele><time>2022-08-05T15:07:00Z</time></trkpt><trkpt lat="58.081262" lon="38.752132"><ele>101.0</ele><time>2022-08-05T15:07:03Z</time></trkpt><trkpt lat="58.081192" lon="38.752033"><ele>100.6</ele><time>2022-08-05T15:07:08Z</time></trkpt><trkpt lat="58.081125" lon="38.751877"><ele>100.8</ele><time>2022-08-05T15:07:12Z</time></trkpt><trkpt lat="58.081072" lon="38.751788"><ele>100.5</ele><time>2022-08-05T15:07:14Z</time></trkpt><trkpt lat="58.081008" lon="38.751692"><ele>100.2</ele><time>2022-08-05T15:07:17Z</time></trkpt><trkpt lat="58.080957" lon="38.751583"><ele>100.0</ele><time>2022-08-05T15:07:20Z</time></trkpt><trkpt lat="58.080913" lon="38.75146"><ele>99.7</ele><time>2022-08-05T15:07:23Z</time></trkpt><trkpt lat="58.080865" lon="38.751315"><ele>99.8</ele><time>2022-08-05T15:07:27Z</time></trkpt><trkpt lat="58.080837" lon="38.751185"><ele>99.5</ele><time>2022-08-05T15:07:31Z</time></trkpt><trkpt lat="58.080787" lon="38.751052"><ele>100.1</ele><time>2022-08-05T15:07:35Z</time></trkpt><trkpt lat="58.08073" lon="38.750967"><ele>99.8</ele><time>2022-08-05T15:07:38Z</time></trkpt><trkpt lat="58.080663" lon="38.75089"><ele>100.6</ele><time>2022-08-05T15:07:41Z</time></trkpt><trkpt lat="58.080598" lon="38.750817"><ele>101.0</ele><time>2022-08-05T15:07:44Z</time></trkpt><trkpt lat="58.080525" lon="38.750767"><ele>100.7</ele><time>2022-08-05T15:07:47Z</time></trkpt><trkpt lat="58.080448" lon="38.750777"><ele>101.2</ele><time>2022-08-05T15:07:50Z</time></trkpt><trkpt lat="58.080375" lon="38.750777"><ele>101.7</ele><time>2022-08-05T15:07:53Z</time></trkpt><trkpt lat="58.080398" lon="38.750618"><ele>102.5</ele><time>2022-08-05T15:07:58Z</time></trkpt><trkpt lat="58.080457" lon="38.750532"><ele>102.9</ele><time>2022-08-05T15:08:02Z</time></trkpt><trkpt lat="58.080518" lon="38.750452"><ele>102.9</ele><time>2022-08-05T15:08:09Z</time></trkpt><trkpt lat="58.08058" lon="38.75036"><ele>103.5</ele><time>2022-08-05T15:08:21Z</time></trkpt><trkpt lat="58.080642" lon="38.75026"><ele>103.9</ele><time>2022-08-05T15:08:25Z</time></trkpt><trkpt lat="58.08072" lon="38.750155"><ele>104.0</ele><time>2022-08-05T15:08:28Z</time></trkpt><trkpt lat="58.080788" lon="38.750062"><ele>104.3</ele><time>2022-08-05T15:08:31Z</time></trkpt><trkpt lat="58.080858" lon="38.749918"><ele>104.8</ele><time>2022-08-05T15:08:34Z</time></trkpt><trkpt lat="58.080903" lon="38.749805"><ele>105.1</ele><time>2022-08-05T15:08:36Z</time></trkpt><trkpt lat="58.080947" lon="38.74968"><ele>105.2</ele><time>2022-08-05T15:08:38Z</time></trkpt><trkpt lat="58.080983" lon="38.749553"><ele>105.6</ele><time>2022-08-05T15:08:40Z</time></trkpt><trkpt lat="58.08102" lon="38.749423"><ele>106.1</ele><time>2022-08-05T15:08:42Z</time></trkpt><trkpt lat="58.08106" lon="38.749293"><ele>106.2</ele><time>2022-08-05T15:08:44Z</time></trkpt><trkpt lat="58.08112" lon="38.749193"><ele>105.9</ele><time>2022-08-05T15:08:46Z</time></trkpt><trkpt lat="58.081203" lon="38.749282"><ele>104.0</ele><time>2022-08-05T15:08:50Z</time></trkpt><trkpt lat="58.081243" lon="38.749447"><ele>104.5</ele><time>2022-08-05T15:08:53Z</time></trkpt><trkpt lat="58.081258" lon="38.74958"><ele>105.1</ele><time>2022-08-05T15:08:57Z</time></trkpt><trkpt lat="58.081197" lon="38.749652"><ele>105.2</ele><time>2022-08-05T15:09:09Z</time></trkpt><trkpt lat="58.081258" lon="38.749565"><ele>103.1</ele><time>2022-08-05T15:09:45Z</time></trkpt><trkpt lat="58.081193" lon="38.749452"><ele>97.1</ele><time>2022-08-05T15:13:17Z</time></trkpt><trkpt lat="58.081127" lon="38.749332"><ele>97.1</ele><time>2022-08-05T15:13:21Z</time></trkpt><trkpt lat="58.081082" lon="38.74921"><ele>97.0</ele><time>2022-08-05T15:13:26Z</time></trkpt><trkpt lat="58.081157" lon="38.749152"><ele>97.4</ele><time>2022-08-05T15:13:29Z</time></trkpt><trkpt lat="58.081243" lon="38.749097"><ele>97.2</ele><time>2022-08-05T15:13:32Z</time></trkpt><trkpt lat="58.081298" lon="38.749"><ele>97.2</ele><time>2022-08-05T15:13:34Z</time></trkpt><trkpt lat="58.081353" lon="38.74882"><ele>96.0</ele><time>2022-08-05T15:13:37Z</time></trkpt><trkpt lat="58.0814" lon="38.748703"><ele>96.3</ele><time>2022-08-05T15:13:39Z</time></trkpt><trkpt lat="58.081455" lon="38.7486"><ele>96.7</ele><time>2022-08-05T15:13:41Z</time></trkpt><trkpt lat="58.081507" lon="38.748487"><ele>96.8</ele><time>2022-08-05T15:13:43Z</time></trkpt><trkpt lat="58.081572" lon="38.748355"><ele>96.4</ele><time>2022-08-05T15:13:46Z</time></trkpt><trkpt lat="58.081625" lon="38.748257"><ele>96.4</ele><time>2022-08-05T15:13:48Z</time></trkpt><trkpt lat="58.081688" lon="38.748128"><ele>96.6</ele><time>2022-08-05T15:13:51Z</time></trkpt><trkpt lat="58.081762" lon="38.748135"><ele>97.0</ele><time>2022-08-05T15:14:11Z</time></trkpt><trkpt lat="58.081855" lon="38.748127"><ele>95.1</ele><time>2022-08-05T15:14:14Z</time></trkpt><trkpt lat="58.081913" lon="38.748212"><ele>99.8</ele><time>2022-08-05T15:14:52Z</time></trkpt><trkpt lat="58.081847" lon="38.748282"><ele>99.7</ele><time>2022-08-05T15:15:28Z</time></trkpt><trkpt lat="58.081775" lon="38.7483"><ele>99.5</ele><time>2022-08-05T15:15:46Z</time></trkpt><trkpt lat="58.081722" lon="38.748205"><ele>106.9</ele><time>2022-08-05T15:21:01Z</time></trkpt><trkpt lat="58.081775" lon="38.748298"><ele>112.5</ele><time>2022-08-05T15:47:54Z</time></trkpt><trkpt lat="58.08179" lon="38.748158"><ele>107.3</ele><time>2022-08-05T15:49:06Z</time></trkpt><trkpt lat="58.08185" lon="38.748062"><ele>104.2</ele><time>2022-08-05T15:49:25Z</time></trkpt><trkpt lat="58.081923" lon="38.748135"><ele>103.5</ele><time>2022-08-05T15:49:31Z</time></trkpt><trkpt lat="58.081997" lon="38.748178"><ele>101.0</ele><time>2022-08-05T15:51:37Z</time></trkpt><trkpt lat="58.081928" lon="38.748137"><ele>100.5</ele><time>2022-08-05T15:53:36Z</time></trkpt><trkpt lat="58.081865" lon="38.74804"><ele>100.9</ele><time>2022-08-05T15:53:44Z</time></trkpt><trkpt lat="58.081873" lon="38.747903"><ele>100.8</ele><time>2022-08-05T15:53:57Z</time></trkpt><trkpt lat="58.081923" lon="38.747808"><ele>100.8</ele><time>2022-08-05T15:54:01Z</time></trkpt><trkpt lat="58.081972" lon="38.747685"><ele>100.6</ele><time>2022-08-05T15:54:06Z</time></trkpt><trkpt lat="58.082018" lon="38.747567"><ele>100.6</ele><time>2022-08-05T15:54:11Z</time></trkpt><trkpt lat="58.082067" lon="38.74746"><ele>100.0</ele><time>2022-08-05T15:54:15Z</time></trkpt><trkpt lat="58.082138" lon="38.747368"><ele>100.1</ele><time>2022-08-05T15:54:20Z</time></trkpt><trkpt lat="58.082212" lon="38.747295"><ele>100.4</ele><time>2022-08-05T15:54:24Z</time></trkpt><trkpt lat="58.082293" lon="38.747238"><ele>100.4</ele><time>2022-08-05T15:54:28Z</time></trkpt><trkpt lat="58.08237" lon="38.747165"><ele>100.7</ele><time>2022-08-05T15:54:32Z</time></trkpt><trkpt lat="58.082435" lon="38.747077"><ele>100.6</ele><time>2022-08-05T15:54:36Z</time></trkpt><trkpt lat="58.082487" lon="38.746945"><ele>100.0</ele><time>2022-08-05T15:54:41Z</time></trkpt><trkpt lat="58.082528" lon="38.746803"><ele>100.4</ele><time>2022-08-05T15:54:46Z</time></trkpt><trkpt lat="58.082555" lon="38.746675"><ele>100.3</ele><time>2022-08-05T15:54:49Z</time></trkpt><trkpt lat="58.082597" lon="38.746528"><ele>100.4</ele><time>2022-08-05T15:54:54Z</time></trkpt><trkpt lat="58.082662" lon="38.746435"><ele>100.4</ele><time>2022-08-05T15:54:58Z</time></trkpt><trkpt lat="58.082732" lon="38.746365"><ele>100.7</ele><time>2022-08-05T15:55:02Z</time></trkpt><trkpt lat="58.082803" lon="38.746272"><ele>100.6</ele><time>2022-08-05T15:55:07Z</time></trkpt><trkpt lat="58.082878" lon="38.746178"><ele>101.0</ele><time>2022-08-05T15:55:11Z</time></trkpt><trkpt lat="58.082945" lon="38.746068"><ele>101.0</ele><time>2022-08-05T15:55:15Z</time></trkpt><trkpt lat="58.082988" lon="38.74595"><ele>100.7</ele><time>2022-08-05T15:55:18Z</time></trkpt><trkpt lat="58.083037" lon="38.745823"><ele>100.5</ele><time>2022-08-05T15:55:21Z</time></trkpt><trkpt lat="58.083092" lon="38.745698"><ele>100.3</ele><time>2022-08-05T15:55:24Z</time></trkpt><trkpt lat="58.083133" lon="38.745543"><ele>99.7</ele><time>2022-08-05T15:55:27Z</time></trkpt><trkpt lat="58.083172" lon="38.74538"><ele>99.6</ele><time>2022-08-05T15:55:30Z</time></trkpt><trkpt lat="58.083223" lon="38.74523"><ele>99.4</ele><time>2022-08-05T15:55:33Z</time></trkpt><trkpt lat="58.083282" lon="38.745085"><ele>99.6</ele><time>2022-08-05T15:55:36Z</time></trkpt><trkpt lat="58.083332" lon="38.744923"><ele>99.2</ele><time>2022-08-05T15:55:39Z</time></trkpt><trkpt lat="58.08337" lon="38.744783"><ele>99.3</ele><time>2022-08-05T15:55:42Z</time></trkpt><trkpt lat="58.083373" lon="38.74464"><ele>100.0</ele><time>2022-08-05T15:55:47Z</time></trkpt><trkpt lat="58.083307" lon="38.744588"><ele>100.2</ele><time>2022-08-05T15:55:52Z</time></trkpt><trkpt lat="58.08323" lon="38.744593"><ele>100.0</ele><time>2022-08-05T15:56:01Z</time></trkpt><trkpt lat="58.083138" lon="38.74461"><ele>101.4</ele><time>2022-08-05T15:56:06Z</time></trkpt><trkpt lat="58.083038" lon="38.744608"><ele>101.2</ele><time>2022-08-05T15:56:10Z</time></trkpt><trkpt lat="58.082942" lon="38.744597"><ele>100.7</ele><time>2022-08-05T15:56:13Z</time></trkpt><trkpt lat="58.082833" lon="38.744587"><ele>99.7</ele><time>2022-08-05T15:56:16Z</time></trkpt><trkpt lat="58.08276" lon="38.74458"><ele>100.3</ele><time>2022-08-05T15:56:18Z</time></trkpt><trkpt lat="58.082685" lon="38.74458"><ele>99.9</ele><time>2022-08-05T15:56:20Z</time></trkpt><trkpt lat="58.08261" lon="38.744575"><ele>100.0</ele><time>2022-08-05T15:56:22Z</time></trkpt><trkpt lat="58.082537" lon="38.74456"><ele>100.1</ele><time>2022-08-05T15:56:24Z</time></trkpt><trkpt lat="58.082435" lon="38.74455"><ele>101.0</ele><time>2022-08-05T15:56:27Z</time></trkpt><trkpt lat="58.082338" lon="38.744543"><ele>101.4</ele><time>2022-08-05T15:56:30Z</time></trkpt><trkpt lat="58.082243" lon="38.744537"><ele>102.1</ele><time>2022-08-05T15:56:33Z</time></trkpt><trkpt lat="58.082157" lon="38.744525"><ele>102.4</ele><time>2022-08-05T15:56:36Z</time></trkpt><trkpt lat="58.082067" lon="38.744515"><ele>102.4</ele><time>2022-08-05T15:56:39Z</time></trkpt><trkpt lat="58.081983" lon="38.744508"><ele>102.9</ele><time>2022-08-05T15:56:42Z</time></trkpt><trkpt lat="58.081903" lon="38.74451"><ele>103.4</ele><time>2022-08-05T15:56:45Z</time></trkpt><trkpt lat="58.081823" lon="38.744513"><ele>103.8</ele><time>2022-08-05T15:56:48Z</time></trkpt><trkpt lat="58.081728" lon="38.744503"><ele>103.8</ele><time>2022-08-05T15:56:52Z</time></trkpt><trkpt lat="58.081655" lon="38.744492"><ele>103.9</ele><time>2022-08-05T15:56:55Z</time></trkpt><trkpt lat="58.081585" lon="38.744473"><ele>104.4</ele><time>2022-08-05T15:56:58Z</time></trkpt><trkpt lat="58.081513" lon="38.74445"><ele>104.5</ele><time>2022-08-05T15:57:01Z</time></trkpt><trkpt lat="58.08144" lon="38.744438"><ele>104.6</ele><time>2022-08-05T15:57:04Z</time></trkpt><trkpt lat="58.08136" lon="38.744422"><ele>104.8</ele><time>2022-08-05T15:57:07Z</time></trkpt><trkpt lat="58.081278" lon="38.7444"><ele>104.6</ele><time>2022-08-05T15:57:10Z</time></trkpt><trkpt lat="58.081195" lon="38.744388"><ele>104.7</ele><time>2022-08-05T15:57:13Z</time></trkpt><trkpt lat="58.081112" lon="38.744378"><ele>104.9</ele><time>2022-08-05T15:57:16Z</time></trkpt><trkpt lat="58.081025" lon="38.744357"><ele>105.3</ele><time>2022-08-05T15:57:19Z</time></trkpt><trkpt lat="58.08094" lon="38.74434"><ele>105.3</ele><time>2022-08-05T15:57:22Z</time></trkpt><trkpt lat="58.080852" lon="38.744335"><ele>105.9</ele><time>2022-08-05T15:57:25Z</time></trkpt><trkpt lat="58.080763" lon="38.744342"><ele>105.7</ele><time>2022-08-05T15:57:28Z</time></trkpt><trkpt lat="58.080673" lon="38.744353"><ele>106.0</ele><time>2022-08-05T15:57:31Z</time></trkpt><trkpt lat="58.080578" lon="38.74438"><ele>106.3</ele><time>2022-08-05T15:57:34Z</time></trkpt><trkpt lat="58.080483" lon="38.744415"><ele>105.8</ele><time>2022-08-05T15:57:37Z</time></trkpt><trkpt lat="58.080385" lon="38.744453"><ele>106.3</ele><time>2022-08-05T15:57:40Z</time></trkpt><trkpt lat="58.080283" lon="38.744492"><ele>106.4</ele><time>2022-08-05T15:57:43Z</time></trkpt><trkpt lat="58.080185" lon="38.744505"><ele>105.9</ele><time>2022-08-05T15:57:46Z</time></trkpt><trkpt lat="58.080085" lon="38.744518"><ele>105.4</ele><time>2022-08-05T15:57:49Z</time></trkpt><trkpt lat="58.079992" lon="38.744537"><ele>105.7</ele><time>2022-08-05T15:57:52Z</time></trkpt><trkpt lat="58.079888" lon="38.744552"><ele>105.4</ele><time>2022-08-05T15:57:55Z</time></trkpt><trkpt lat="58.079812" lon="38.74457"><ele>105.2</ele><time>2022-08-05T15:57:57Z</time></trkpt><trkpt lat="58.079737" lon="38.74459"><ele>105.2</ele><time>2022-08-05T15:57:59Z</time></trkpt><trkpt lat="58.079665" lon="38.744617"><ele>105.0</ele><time>2022-08-05T15:58:01Z</time></trkpt><trkpt lat="58.07959" lon="38.744637"><ele>105.0</ele><time>2022-08-05T15:58:03Z</time></trkpt><trkpt lat="58.079517" lon="38.744655"><ele>105.5</ele><time>2022-08-05T15:58:05Z</time></trkpt><trkpt lat="58.079412" lon="38.744672"><ele>105.7</ele><time>2022-08-05T15:58:08Z</time></trkpt><trkpt lat="58.079307" lon="38.744685"><ele>106.3</ele><time>2022-08-05T15:58:11Z</time></trkpt><trkpt lat="58.079232" lon="38.744693"><ele>106.7</ele><time>2022-08-05T15:58:13Z</time></trkpt><trkpt lat="58.079153" lon="38.744693"><ele>106.1</ele><time>2022-08-05T15:58:15Z</time></trkpt><trkpt lat="58.079078" lon="38.744687"><ele>105.9</ele><time>2022-08-05T15:58:17Z</time></trkpt><trkpt lat="58.079003" lon="38.744675"><ele>105.8</ele><time>2022-08-05T15:58:19Z</time></trkpt><trkpt lat="58.078925" lon="38.744662"><ele>105.7</ele><time>2022-08-05T15:58:21Z</time></trkpt><trkpt lat="58.078843" lon="38.744648"><ele>105.8</ele><time>2022-08-05T15:58:23Z</time></trkpt><trkpt lat="58.078762" lon="38.744635"><ele>105.9</ele><time>2022-08-05T15:58:25Z</time></trkpt><trkpt lat="58.078688" lon="38.744617"><ele>105.7</ele><time>2022-08-05T15:58:27Z</time></trkpt><trkpt lat="58.078617" lon="38.74459"><ele>105.6</ele><time>2022-08-05T15:58:29Z</time></trkpt><trkpt lat="58.078545" lon="38.744557"><ele>105.4</ele><time>2022-08-05T15:58:31Z</time></trkpt><trkpt lat="58.078477" lon="38.744522"><ele>105.6</ele><time>2022-08-05T15:58:33Z</time></trkpt><trkpt lat="58.078405" lon="38.744475"><ele>105.1</ele><time>2022-08-05T15:58:35Z</time></trkpt><trkpt lat="58.078333" lon="38.744425"><ele>105.0</ele><time>2022-08-05T15:58:37Z</time></trkpt><trkpt lat="58.078265" lon="38.744373"><ele>104.8</ele><time>2022-08-05T15:58:39Z</time></trkpt><trkpt lat="58.078165" lon="38.7443"><ele>104.9</ele><time>2022-08-05T15:58:42Z</time></trkpt><trkpt lat="58.0781" lon="38.744245"><ele>104.7</ele><time>2022-08-05T15:58:44Z</time></trkpt><trkpt lat="58.078008" lon="38.744168"><ele>104.7</ele><time>2022-08-05T15:58:47Z</time></trkpt><trkpt lat="58.077918" lon="38.74408"><ele>104.7</ele><time>2022-08-05T15:58:50Z</time></trkpt><trkpt lat="58.07785" lon="38.744023"><ele>104.4</ele><time>2022-08-05T15:58:52Z</time></trkpt><trkpt lat="58.077787" lon="38.743955"><ele>104.5</ele><time>2022-08-05T15:58:54Z</time></trkpt><trkpt lat="58.077708" lon="38.74386"><ele>104.6</ele><time>2022-08-05T15:58:57Z</time></trkpt><trkpt lat="58.077643" lon="38.74377"><ele>104.4</ele><time>2022-08-05T15:59:01Z</time></trkpt><trkpt lat="58.07759" lon="38.743683"><ele>106.2</ele><time>2022-08-05T15:59:51Z</time></trkpt><trkpt lat="58.077518" lon="38.74363"><ele>105.7</ele><time>2022-08-05T15:59:54Z</time></trkpt><trkpt lat="58.077432" lon="38.743572"><ele>106.0</ele><time>2022-08-05T15:59:57Z</time></trkpt><trkpt lat="58.077338" lon="38.743497"><ele>105.1</ele><time>2022-08-05T16:00:00Z</time></trkpt><trkpt lat="58.077247" lon="38.74342"><ele>105.1</ele><time>2022-08-05T16:00:03Z</time></trkpt><trkpt lat="58.077158" lon="38.743348"><ele>105.0</ele><time>2022-08-05T16:00:06Z</time></trkpt><trkpt lat="58.077063" lon="38.743265"><ele>105.0</ele><time>2022-08-05T16:00:09Z</time></trkpt><trkpt lat="58.076998" lon="38.743192"><ele>104.9</ele><time>2022-08-05T16:00:11Z</time></trkpt><trkpt lat="58.076932" lon="38.74312"><ele>104.7</ele><time>2022-08-05T16:00:13Z</time></trkpt><trkpt lat="58.07686" lon="38.743063"><ele>104.5</ele><time>2022-08-05T16:00:15Z</time></trkpt><trkpt lat="58.076792" lon="38.743003"><ele>104.0</ele><time>2022-08-05T16:00:17Z</time></trkpt><trkpt lat="58.076725" lon="38.742938"><ele>104.0</ele><time>2022-08-05T16:00:19Z</time></trkpt><trkpt lat="58.076653" lon="38.742862"><ele>103.8</ele><time>2022-08-05T16:00:21Z</time></trkpt><trkpt lat="58.07658" lon="38.742785"><ele>104.6</ele><time>2022-08-05T16:00:23Z</time></trkpt><trkpt lat="58.076507" lon="38.742715"><ele>104.2</ele><time>2022-08-05T16:00:25Z</time></trkpt><trkpt lat="58.076435" lon="38.74266"><ele>103.9</ele><time>2022-08-05T16:00:27Z</time></trkpt><trkpt lat="58.076362" lon="38.742598"><ele>103.7</ele><time>2022-08-05T16:00:29Z</time></trkpt><trkpt lat="58.076292" lon="38.742535"><ele>103.4</ele><time>2022-08-05T16:00:31Z</time></trkpt><trkpt lat="58.076222" lon="38.742465"><ele>103.4</ele><time>2022-08-05T16:00:33Z</time></trkpt><trkpt lat="58.076152" lon="38.742395"><ele>103.3</ele><time>2022-08-05T16:00:35Z</time></trkpt><trkpt lat="58.076078" lon="38.742325"><ele>103.2</ele><time>2022-08-05T16:00:37Z</time></trkpt><trkpt lat="58.076012" lon="38.74226"><ele>103.1</ele><time>2022-08-05T16:00:39Z</time></trkpt><trkpt lat="58.075942" lon="38.742188"><ele>103.2</ele><time>2022-08-05T16:00:41Z</time></trkpt><trkpt lat="58.075872" lon="38.742118"><ele>102.7</ele><time>2022-08-05T16:00:43Z</time></trkpt><trkpt lat="58.075802" lon="38.74205"><ele>101.9</ele><time>2022-08-05T16:00:45Z</time></trkpt><trkpt lat="58.075728" lon="38.741977"><ele>101.7</ele><time>2022-08-05T16:00:47Z</time></trkpt><trkpt lat="58.075658" lon="38.741905"><ele>101.5</ele><time>2022-08-05T16:00:49Z</time></trkpt><trkpt lat="58.075588" lon="38.741833"><ele>102.3</ele><time>2022-08-05T16:00:51Z</time></trkpt><trkpt lat="58.07552" lon="38.741758"><ele>102.1</ele><time>2022-08-05T16:00:53Z</time></trkpt><trkpt lat="58.075457" lon="38.741688"><ele>102.0</ele><time>2022-08-05T16:00:55Z</time></trkpt><trkpt lat="58.075365" lon="38.741588"><ele>102.2</ele><time>2022-08-05T16:00:58Z</time></trkpt><trkpt lat="58.075302" lon="38.741515"><ele>102.4</ele><time>2022-08-05T16:01:00Z</time></trkpt><trkpt lat="58.075212" lon="38.741418"><ele>102.1</ele><time>2022-08-05T16:01:03Z</time></trkpt><trkpt lat="58.07512" lon="38.741325"><ele>102.3</ele><time>2022-08-05T16:01:06Z</time></trkpt><trkpt lat="58.075032" lon="38.741245"><ele>102.2</ele><time>2022-08-05T16:01:09Z</time></trkpt><trkpt lat="58.07495" lon="38.741187"><ele>103.5</ele><time>2022-08-05T16:01:13Z</time></trkpt><trkpt lat="58.074867" lon="38.741135"><ele>104.3</ele><time>2022-08-05T16:01:18Z</time></trkpt><trkpt lat="58.074787" lon="38.741117"><ele>104.6</ele><time>2022-08-05T16:01:23Z</time></trkpt><trkpt lat="58.074855" lon="38.741197"><ele>103.7</ele><time>2022-08-05T16:03:10Z</time></trkpt><trkpt lat="58.074943" lon="38.741267"><ele>103.3</ele><time>2022-08-05T16:03:14Z</time></trkpt><trkpt lat="58.07501" lon="38.741322"><ele>102.3</ele><time>2022-08-05T16:03:17Z</time></trkpt><trkpt lat="58.075085" lon="38.74138"><ele>101.8</ele><time>2022-08-05T16:03:20Z</time></trkpt><trkpt lat="58.07516" lon="38.741438"><ele>101.2</ele><time>2022-08-05T16:03:23Z</time></trkpt><trkpt lat="58.07524" lon="38.741523"><ele>101.7</ele><time>2022-08-05T16:03:26Z</time></trkpt><trkpt lat="58.07533" lon="38.741627"><ele>102.6</ele><time>2022-08-05T16:03:29Z</time></trkpt><trkpt lat="58.075392" lon="38.741703"><ele>102.6</ele><time>2022-08-05T16:03:31Z</time></trkpt><trkpt lat="58.075455" lon="38.741777"><ele>102.4</ele><time>2022-08-05T16:03:33Z</time></trkpt><trkpt lat="58.075522" lon="38.741845"><ele>101.9</ele><time>2022-08-05T16:03:35Z</time></trkpt><trkpt lat="58.075587" lon="38.741908"><ele>101.5</ele><time>2022-08-05T16:03:37Z</time></trkpt><trkpt lat="58.075653" lon="38.74197"><ele>101.6</ele><time>2022-08-05T16:03:39Z</time></trkpt><trkpt lat="58.075723" lon="38.742037"><ele>102.4</ele><time>2022-08-05T16:03:41Z</time></trkpt><trkpt lat="58.075792" lon="38.742108"><ele>102.7</ele><time>2022-08-05T16:03:43Z</time></trkpt><trkpt lat="58.075885" lon="38.742195"><ele>103.7</ele><time>2022-08-05T16:03:46Z</time></trkpt><trkpt lat="58.075983" lon="38.742282"><ele>104.2</ele><time>2022-08-05T16:03:49Z</time></trkpt><trkpt lat="58.076048" lon="38.74234"><ele>104.8</ele><time>2022-08-05T16:03:51Z</time></trkpt><trkpt lat="58.076118" lon="38.742402"><ele>104.4</ele><time>2022-08-05T16:03:53Z</time></trkpt><trkpt lat="58.076185" lon="38.74247"><ele>105.3</ele><time>2022-08-05T16:03:55Z</time></trkpt><trkpt lat="58.076253" lon="38.74253"><ele>105.5</ele><time>2022-08-05T16:03:57Z</time></trkpt><trkpt lat="58.07632" lon="38.742592"><ele>105.4</ele><time>2022-08-05T16:03:59Z</time></trkpt><trkpt lat="58.076383" lon="38.742655"><ele>105.0</ele><time>2022-08-05T16:04:01Z</time></trkpt><trkpt lat="58.076453" lon="38.742725"><ele>105.4</ele><time>2022-08-05T16:04:03Z</time></trkpt><trkpt lat="58.076522" lon="38.742793"><ele>105.0</ele><time>2022-08-05T16:04:05Z</time></trkpt><trkpt lat="58.076592" lon="38.74286"><ele>105.2</ele><time>2022-08-05T16:04:07Z</time></trkpt><trkpt lat="58.076662" lon="38.742928"><ele>105.0</ele><time>2022-08-05T16:04:09Z</time></trkpt><trkpt lat="58.076732" lon="38.742988"><ele>105.2</ele><time>2022-08-05T16:04:11Z</time></trkpt><trkpt lat="58.0768" lon="38.743052"><ele>105.1</ele><time>2022-08-05T16:04:13Z</time></trkpt><trkpt lat="58.076868" lon="38.74312"><ele>105.0</ele><time>2022-08-05T16:04:15Z</time></trkpt><trkpt lat="58.076933" lon="38.743182"><ele>104.9</ele><time>2022-08-05T16:04:17Z</time></trkpt><trkpt lat="58.077027" lon="38.743275"><ele>104.6</ele><time>2022-08-05T16:04:20Z</time></trkpt><trkpt lat="58.077122" lon="38.743363"><ele>104.8</ele><time>2022-08-05T16:04:23Z</time></trkpt><trkpt lat="58.077213" lon="38.743453"><ele>103.5</ele><time>2022-08-05T16:04:26Z</time></trkpt><trkpt lat="58.077278" lon="38.743515"><ele>103.3</ele><time>2022-08-05T16:04:28Z</time></trkpt><trkpt lat="58.077345" lon="38.743577"><ele>103.4</ele><time>2022-08-05T16:04:30Z</time></trkpt><trkpt lat="58.07741" lon="38.74364"><ele>104.4</ele><time>2022-08-05T16:04:32Z</time></trkpt><trkpt lat="58.077497" lon="38.743723"><ele>103.8</ele><time>2022-08-05T16:04:35Z</time></trkpt><trkpt lat="58.077565" lon="38.743798"><ele>103.4</ele><time>2022-08-05T16:04:38Z</time></trkpt><trkpt lat="58.077593" lon="38.74395"><ele>103.8</ele><time>2022-08-05T16:04:42Z</time></trkpt><trkpt lat="58.077568" lon="38.744078"><ele>103.6</ele><time>2022-08-05T16:04:45Z</time></trkpt><trkpt lat="58.077538" lon="38.744215"><ele>104.4</ele><time>2022-08-05T16:04:48Z</time></trkpt><trkpt lat="58.077502" lon="38.744348"><ele>104.2</ele><time>2022-08-05T16:04:51Z</time></trkpt><trkpt lat="58.077452" lon="38.744463"><ele>104.6</ele><time>2022-08-05T16:04:54Z</time></trkpt><trkpt lat="58.0774" lon="38.744563"><ele>104.3</ele><time>2022-08-05T16:04:57Z</time></trkpt><trkpt lat="58.077342" lon="38.74469"><ele>105.3</ele><time>2022-08-05T16:05:01Z</time></trkpt><trkpt lat="58.077293" lon="38.744805"><ele>105.4</ele><time>2022-08-05T16:05:04Z</time></trkpt><trkpt lat="58.077235" lon="38.744917"><ele>105.5</ele><time>2022-08-05T16:05:07Z</time></trkpt><trkpt lat="58.077182" lon="38.745012"><ele>105.4</ele><time>2022-08-05T16:05:10Z</time></trkpt><trkpt lat="58.07712" lon="38.745148"><ele>106.5</ele><time>2022-08-05T16:05:14Z</time></trkpt><trkpt lat="58.077055" lon="38.745278"><ele>106.3</ele><time>2022-08-05T16:05:18Z</time></trkpt><trkpt lat="58.077007" lon="38.745382"><ele>106.5</ele><time>2022-08-05T16:05:21Z</time></trkpt><trkpt lat="58.076972" lon="38.745537"><ele>106.5</ele><time>2022-08-05T16:05:25Z</time></trkpt><trkpt lat="58.07694" lon="38.745658"><ele>107.4</ele><time>2022-08-05T16:05:28Z</time></trkpt><trkpt lat="58.076897" lon="38.74578"><ele>107.0</ele><time>2022-08-05T16:05:31Z</time></trkpt><trkpt lat="58.076852" lon="38.745918"><ele>107.7</ele><time>2022-08-05T16:05:35Z</time></trkpt><trkpt lat="58.076803" lon="38.746053"><ele>107.9</ele><time>2022-08-05T16:05:39Z</time></trkpt><trkpt lat="58.076763" lon="38.746177"><ele>108.2</ele><time>2022-08-05T16:05:42Z</time></trkpt><trkpt lat="58.076725" lon="38.746317"><ele>108.2</ele><time>2022-08-05T16:05:45Z</time></trkpt><trkpt lat="58.076683" lon="38.74646"><ele>109.1</ele><time>2022-08-05T16:05:48Z</time></trkpt><trkpt lat="58.076632" lon="38.7466"><ele>107.9</ele><time>2022-08-05T16:05:51Z</time></trkpt><trkpt lat="58.076572" lon="38.74674"><ele>107.3</ele><time>2022-08-05T16:05:54Z</time></trkpt><trkpt lat="58.076505" lon="38.746885"><ele>107.3</ele><time>2022-08-05T16:05:57Z</time></trkpt><trkpt lat="58.076458" lon="38.746995"><ele>107.8</ele><time>2022-08-05T16:05:59Z</time></trkpt><trkpt lat="58.07641" lon="38.747112"><ele>108.2</ele><time>2022-08-05T16:06:01Z</time></trkpt><trkpt lat="58.076362" lon="38.74722"><ele>107.9</ele><time>2022-08-05T16:06:03Z</time></trkpt><trkpt lat="58.076318" lon="38.747335"><ele>108.6</ele><time>2022-08-05T16:06:05Z</time></trkpt><trkpt lat="58.07627" lon="38.747452"><ele>108.4</ele><time>2022-08-05T16:06:07Z</time></trkpt><trkpt lat="58.076212" lon="38.747563"><ele>108.3</ele><time>2022-08-05T16:06:09Z</time></trkpt><trkpt lat="58.076158" lon="38.747673"><ele>108.3</ele><time>2022-08-05T16:06:11Z</time></trkpt><trkpt lat="58.076112" lon="38.74778"><ele>108.7</ele><time>2022-08-05T16:06:13Z</time></trkpt><trkpt lat="58.076058" lon="38.747933"><ele>107.9</ele><time>2022-08-05T16:06:16Z</time></trkpt><trkpt lat="58.075998" lon="38.748092"><ele>108.7</ele><time>2022-08-05T16:06:19Z</time></trkpt><trkpt lat="58.07594" lon="38.74824"><ele>108.3</ele><time>2022-08-05T16:06:22Z</time></trkpt><trkpt lat="58.07588" lon="38.74839"><ele>107.9</ele><time>2022-08-05T16:06:25Z</time></trkpt><trkpt lat="58.07583" lon="38.748523"><ele>108.2</ele><time>2022-08-05T16:06:28Z</time></trkpt><trkpt lat="58.07577" lon="38.74867"><ele>109.1</ele><time>2022-08-05T16:06:31Z</time></trkpt><trkpt lat="58.075705" lon="38.74883"><ele>109.7</ele><time>2022-08-05T16:06:34Z</time></trkpt><trkpt lat="58.075638" lon="38.748983"><ele>109.1</ele><time>2022-08-05T16:06:37Z</time></trkpt><trkpt lat="58.07559" lon="38.749092"><ele>109.3</ele><time>2022-08-05T16:06:39Z</time></trkpt><trkpt lat="58.075543" lon="38.749202"><ele>109.1</ele><time>2022-08-05T16:06:41Z</time></trkpt><trkpt lat="58.075495" lon="38.749317"><ele>108.8</ele><time>2022-08-05T16:06:43Z</time></trkpt><trkpt lat="58.07545" lon="38.749433"><ele>108.4</ele><time>2022-08-05T16:06:45Z</time></trkpt><trkpt lat="58.075405" lon="38.749552"><ele>108.0</ele><time>2022-08-05T16:06:47Z</time></trkpt><trkpt lat="58.07536" lon="38.749667"><ele>107.3</ele><time>2022-08-05T16:06:49Z</time></trkpt><trkpt lat="58.07531" lon="38.749778"><ele>106.5</ele><time>2022-08-05T16:06:51Z</time></trkpt><trkpt lat="58.075263" lon="38.749893"><ele>107.0</ele><time>2022-08-05T16:06:53Z</time></trkpt><trkpt lat="58.075217" lon="38.750013"><ele>107.3</ele><time>2022-08-05T16:06:55Z</time></trkpt><trkpt lat="58.07517" lon="38.750123"><ele>107.1</ele><time>2022-08-05T16:06:57Z</time></trkpt><trkpt lat="58.075123" lon="38.750238"><ele>107.4</ele><time>2022-08-05T16:06:59Z</time></trkpt><trkpt lat="58.075075" lon="38.750352"><ele>107.1</ele><time>2022-08-05T16:07:01Z</time></trkpt><trkpt lat="58.075023" lon="38.75046"><ele>106.9</ele><time>2022-08-05T16:07:03Z</time></trkpt><trkpt lat="58.074967" lon="38.75056"><ele>106.9</ele><time>2022-08-05T16:07:05Z</time></trkpt><trkpt lat="58.074905" lon="38.75065"><ele>107.3</ele><time>2022-08-05T16:07:07Z</time></trkpt><trkpt lat="58.074845" lon="38.750732"><ele>108.8</ele><time>2022-08-05T16:07:09Z</time></trkpt><trkpt lat="58.074782" lon="38.750823"><ele>107.2</ele><time>2022-08-05T16:07:11Z</time></trkpt><trkpt lat="58.07472" lon="38.7509"><ele>106.2</ele><time>2022-08-05T16:07:13Z</time></trkpt><trkpt lat="58.074657" lon="38.750975"><ele>106.0</ele><time>2022-08-05T16:07:15Z</time></trkpt><trkpt lat="58.074582" lon="38.751078"><ele>105.6</ele><time>2022-08-05T16:07:18Z</time></trkpt><trkpt lat="58.074528" lon="38.751173"><ele>105.5</ele><time>2022-08-05T16:07:20Z</time></trkpt><trkpt lat="58.074465" lon="38.751283"><ele>106.1</ele><time>2022-08-05T16:07:23Z</time></trkpt><trkpt lat="58.074395" lon="38.751397"><ele>106.7</ele><time>2022-08-05T16:07:26Z</time></trkpt><trkpt lat="58.07433" lon="38.751522"><ele>106.8</ele><time>2022-08-05T16:07:29Z</time></trkpt><trkpt lat="58.074252" lon="38.751637"><ele>106.3</ele><time>2022-08-05T16:07:32Z</time></trkpt><trkpt lat="58.074197" lon="38.751725"><ele>106.2</ele><time>2022-08-05T16:07:34Z</time></trkpt><trkpt lat="58.074137" lon="38.751815"><ele>105.2</ele><time>2022-08-05T16:07:36Z</time></trkpt><trkpt lat="58.07408" lon="38.75191"><ele>106.2</ele><time>2022-08-05T16:07:38Z</time></trkpt><trkpt lat="58.07402" lon="38.751995"><ele>106.4</ele><time>2022-08-05T16:07:40Z</time></trkpt><trkpt lat="58.073963" lon="38.752088"><ele>107.1</ele><time>2022-08-05T16:07:42Z</time></trkpt><trkpt lat="58.073887" lon="38.752225"><ele>107.5</ele><time>2022-08-05T16:07:45Z</time></trkpt><trkpt lat="58.073817" lon="38.752343"><ele>106.9</ele><time>2022-08-05T16:07:48Z</time></trkpt><trkpt lat="58.073758" lon="38.75244"><ele>107.4</ele><time>2022-08-05T16:07:50Z</time></trkpt><trkpt lat="58.073702" lon="38.752533"><ele>107.2</ele><time>2022-08-05T16:07:52Z</time></trkpt><trkpt lat="58.073648" lon="38.752627"><ele>107.6</ele><time>2022-08-05T16:07:54Z</time></trkpt><trkpt lat="58.073597" lon="38.752727"><ele>108.9</ele><time>2022-08-05T16:07:56Z</time></trkpt><trkpt lat="58.073527" lon="38.75287"><ele>108.9</ele><time>2022-08-05T16:07:59Z</time></trkpt><trkpt lat="58.073453" lon="38.753017"><ele>109.1</ele><time>2022-08-05T16:08:02Z</time></trkpt><trkpt lat="58.073383" lon="38.753142"><ele>108.4</ele><time>2022-08-05T16:08:05Z</time></trkpt><trkpt lat="58.073318" lon="38.753285"><ele>109.0</ele><time>2022-08-05T16:08:08Z</time></trkpt><trkpt lat="58.073245" lon="38.753385"><ele>109.6</ele><time>2022-08-05T16:08:11Z</time></trkpt><trkpt lat="58.073167" lon="38.753508"><ele>108.5</ele><time>2022-08-05T16:08:14Z</time></trkpt><trkpt lat="58.073112" lon="38.753607"><ele>106.6</ele><time>2022-08-05T16:08:16Z</time></trkpt><trkpt lat="58.073033" lon="38.753733"><ele>107.4</ele><time>2022-08-05T16:08:19Z</time></trkpt><trkpt lat="58.072963" lon="38.753843"><ele>108.1</ele><time>2022-08-05T16:08:22Z</time></trkpt><trkpt lat="58.072892" lon="38.75397"><ele>107.5</ele><time>2022-08-05T16:08:25Z</time></trkpt><trkpt lat="58.072823" lon="38.754098"><ele>107.5</ele><time>2022-08-05T16:08:28Z</time></trkpt><trkpt lat="58.072755" lon="38.754238"><ele>107.9</ele><time>2022-08-05T16:08:31Z</time></trkpt><trkpt lat="58.072685" lon="38.754387"><ele>108.4</ele><time>2022-08-05T16:08:34Z</time></trkpt><trkpt lat="58.07262" lon="38.754522"><ele>109.2</ele><time>2022-08-05T16:08:37Z</time></trkpt><trkpt lat="58.072545" lon="38.754657"><ele>109.0</ele><time>2022-08-05T16:08:40Z</time></trkpt><trkpt lat="58.072465" lon="38.754775"><ele>109.1</ele><time>2022-08-05T16:08:43Z</time></trkpt><trkpt lat="58.072393" lon="38.754903"><ele>109.0</ele><time>2022-08-05T16:08:46Z</time></trkpt><trkpt lat="58.07232" lon="38.75504"><ele>109.5</ele><time>2022-08-05T16:08:49Z</time></trkpt><trkpt lat="58.072248" lon="38.755175"><ele>109.9</ele><time>2022-08-05T16:08:52Z</time></trkpt><trkpt lat="58.072172" lon="38.7553"><ele>108.9</ele><time>2022-08-05T16:08:55Z</time></trkpt><trkpt lat="58.072103" lon="38.755422"><ele>108.8</ele><time>2022-08-05T16:08:58Z</time></trkpt><trkpt lat="58.072027" lon="38.755557"><ele>108.7</ele><time>2022-08-05T16:09:01Z</time></trkpt><trkpt lat="58.071973" lon="38.755653"><ele>108.9</ele><time>2022-08-05T16:09:03Z</time></trkpt><trkpt lat="58.071918" lon="38.755753"><ele>108.5</ele><time>2022-08-05T16:09:05Z</time></trkpt><trkpt lat="58.071867" lon="38.755848"><ele>108.7</ele><time>2022-08-05T16:09:07Z</time></trkpt><trkpt lat="58.071815" lon="38.75595"><ele>109.2</ele><time>2022-08-05T16:09:09Z</time></trkpt><trkpt lat="58.07174" lon="38.756092"><ele>110.2</ele><time>2022-08-05T16:09:12Z</time></trkpt><trkpt lat="58.07169" lon="38.75619"><ele>110.2</ele><time>2022-08-05T16:09:14Z</time></trkpt><trkpt lat="58.071647" lon="38.756303"><ele>108.2</ele><time>2022-08-05T16:09:17Z</time></trkpt><trkpt lat="58.071588" lon="38.756427"><ele>108.1</ele><time>2022-08-05T16:09:20Z</time></trkpt><trkpt lat="58.071538" lon="38.756563"><ele>106.2</ele><time>2022-08-05T16:09:23Z</time></trkpt><trkpt lat="58.071493" lon="38.756725"><ele>106.2</ele><time>2022-08-05T16:09:27Z</time></trkpt><trkpt lat="58.071445" lon="38.756878"><ele>106.7</ele><time>2022-08-05T16:09:30Z</time></trkpt><trkpt lat="58.071385" lon="38.757018"><ele>106.7</ele><time>2022-08-05T16:09:33Z</time></trkpt><trkpt lat="58.071343" lon="38.757205"><ele>106.3</ele><time>2022-08-05T16:09:36Z</time></trkpt><trkpt lat="58.0713" lon="38.757385"><ele>108.3</ele><time>2022-08-05T16:09:39Z</time></trkpt><trkpt lat="58.07124" lon="38.757537"><ele>108.9</ele><time>2022-08-05T16:09:42Z</time></trkpt><trkpt lat="58.071177" lon="38.757665"><ele>108.1</ele><time>2022-08-05T16:09:45Z</time></trkpt><trkpt lat="58.071123" lon="38.757783"><ele>107.4</ele><time>2022-08-05T16:09:48Z</time></trkpt><trkpt lat="58.071077" lon="38.75791"><ele>109.0</ele><time>2022-08-05T16:09:51Z</time></trkpt><trkpt lat="58.071035" lon="38.758052"><ele>108.9</ele><time>2022-08-05T16:09:55Z</time></trkpt><trkpt lat="58.071003" lon="38.758182"><ele>106.6</ele><time>2022-08-05T16:11:59Z</time></trkpt><trkpt lat="58.070952" lon="38.758325"><ele>105.6</ele><time>2022-08-05T16:12:03Z</time></trkpt><trkpt lat="58.070905" lon="38.758443"><ele>105.6</ele><time>2022-08-05T16:12:06Z</time></trkpt><trkpt lat="58.070858" lon="38.758572"><ele>105.0</ele><time>2022-08-05T16:12:10Z</time></trkpt><trkpt lat="58.070803" lon="38.758667"><ele>105.1</ele><time>2022-08-05T16:12:13Z</time></trkpt><trkpt lat="58.070768" lon="38.758795"><ele>104.7</ele><time>2022-08-05T16:12:16Z</time></trkpt><trkpt lat="58.070745" lon="38.758925"><ele>104.2</ele><time>2022-08-05T16:12:19Z</time></trkpt><trkpt lat="58.070702" lon="38.759072"><ele>105.6</ele><time>2022-08-05T16:12:22Z</time></trkpt><trkpt lat="58.070652" lon="38.75923"><ele>104.3</ele><time>2022-08-05T16:12:25Z</time></trkpt><trkpt lat="58.070597" lon="38.759383"><ele>104.3</ele><time>2022-08-05T16:12:28Z</time></trkpt><trkpt lat="58.07056" lon="38.759538"><ele>105.2</ele><time>2022-08-05T16:12:31Z</time></trkpt><trkpt lat="58.070505" lon="38.759697"><ele>105.1</ele><time>2022-08-05T16:12:34Z</time></trkpt><trkpt lat="58.070457" lon="38.759833"><ele>105.3</ele><time>2022-08-05T16:12:37Z</time></trkpt><trkpt lat="58.070412" lon="38.759957"><ele>105.3</ele><time>2022-08-05T16:12:41Z</time></trkpt><trkpt lat="58.070362" lon="38.760103"><ele>105.0</ele><time>2022-08-05T16:12:45Z</time></trkpt><trkpt lat="58.070317" lon="38.760243"><ele>105.6</ele><time>2022-08-05T16:12:49Z</time></trkpt><trkpt lat="58.07028" lon="38.760363"><ele>105.6</ele><time>2022-08-05T16:12:52Z</time></trkpt><trkpt lat="58.070237" lon="38.760477"><ele>105.5</ele><time>2022-08-05T16:12:55Z</time></trkpt><trkpt lat="58.07018" lon="38.760573"><ele>106.0</ele><time>2022-08-05T16:12:58Z</time></trkpt><trkpt lat="58.07013" lon="38.76071"><ele>105.0</ele><time>2022-08-05T16:13:02Z</time></trkpt><trkpt lat="58.070083" lon="38.760845"><ele>104.8</ele><time>2022-08-05T16:13:06Z</time></trkpt><trkpt lat="58.070048" lon="38.760995"><ele>105.3</ele><time>2022-08-05T16:13:10Z</time></trkpt><trkpt lat="58.069988" lon="38.76113"><ele>106.0</ele><time>2022-08-05T16:13:14Z</time></trkpt><trkpt lat="58.069935" lon="38.761263"><ele>106.0</ele><time>2022-08-05T16:13:17Z</time></trkpt><trkpt lat="58.069902" lon="38.7614"><ele>106.4</ele><time>2022-08-05T16:13:20Z</time></trkpt><trkpt lat="58.06985" lon="38.761523"><ele>106.5</ele><time>2022-08-05T16:13:23Z</time></trkpt><trkpt lat="58.06979" lon="38.761648"><ele>105.6</ele><time>2022-08-05T16:13:26Z</time></trkpt><trkpt lat="58.069745" lon="38.761805"><ele>105.6</ele><time>2022-08-05T16:13:29Z</time></trkpt><trkpt lat="58.069695" lon="38.761955"><ele>105.4</ele><time>2022-08-05T16:13:32Z</time></trkpt><trkpt lat="58.069652" lon="38.762087"><ele>105.5</ele><time>2022-08-05T16:13:35Z</time></trkpt><trkpt lat="58.069605" lon="38.762233"><ele>105.8</ele><time>2022-08-05T16:13:38Z</time></trkpt><trkpt lat="58.06956" lon="38.762385"><ele>106.0</ele><time>2022-08-05T16:13:41Z</time></trkpt><trkpt lat="58.069505" lon="38.762538"><ele>105.4</ele><time>2022-08-05T16:13:44Z</time></trkpt><trkpt lat="58.069453" lon="38.762643"><ele>104.9</ele><time>2022-08-05T16:13:46Z</time></trkpt><trkpt lat="58.069395" lon="38.762818"><ele>105.4</ele><time>2022-08-05T16:13:49Z</time></trkpt><trkpt lat="58.06936" lon="38.762948"><ele>106.4</ele><time>2022-08-05T16:13:51Z</time></trkpt><trkpt lat="58.069323" lon="38.763068"><ele>105.4</ele><time>2022-08-05T16:13:53Z</time></trkpt><trkpt lat="58.069272" lon="38.763187"><ele>105.3</ele><time>2022-08-05T16:13:55Z</time></trkpt><trkpt lat="58.069223" lon="38.76331"><ele>106.1</ele><time>2022-08-05T16:13:57Z</time></trkpt><trkpt lat="58.069188" lon="38.763438"><ele>106.8</ele><time>2022-08-05T16:13:59Z</time></trkpt><trkpt lat="58.069148" lon="38.763582"><ele>107.9</ele><time>2022-08-05T16:14:02Z</time></trkpt><trkpt lat="58.06911" lon="38.763728"><ele>108.3</ele><time>2022-08-05T16:14:05Z</time></trkpt><trkpt lat="58.069067" lon="38.763843"><ele>109.6</ele><time>2022-08-05T16:14:08Z</time></trkpt><trkpt lat="58.069027" lon="38.763977"><ele>110.2</ele><time>2022-08-05T16:14:11Z</time></trkpt><trkpt lat="58.068998" lon="38.764123"><ele>109.3</ele><time>2022-08-05T16:14:14Z</time></trkpt><trkpt lat="58.068953" lon="38.764257"><ele>109.3</ele><time>2022-08-05T16:14:17Z</time></trkpt><trkpt lat="58.068893" lon="38.764408"><ele>108.6</ele><time>2022-08-05T16:14:20Z</time></trkpt><trkpt lat="58.068843" lon="38.764552"><ele>108.1</ele><time>2022-08-05T16:14:23Z</time></trkpt><trkpt lat="58.068785" lon="38.764697"><ele>108.2</ele><time>2022-08-05T16:14:26Z</time></trkpt><trkpt lat="58.06874" lon="38.764832"><ele>108.2</ele><time>2022-08-05T16:14:29Z</time></trkpt><trkpt lat="58.068697" lon="38.764958"><ele>107.4</ele><time>2022-08-05T16:14:32Z</time></trkpt><trkpt lat="58.068648" lon="38.765103"><ele>106.9</ele><time>2022-08-05T16:14:35Z</time></trkpt><trkpt lat="58.068603" lon="38.765248"><ele>107.6</ele><time>2022-08-05T16:14:38Z</time></trkpt><trkpt lat="58.068555" lon="38.765383"><ele>108.7</ele><time>2022-08-05T16:14:41Z</time></trkpt><trkpt lat="58.0685" lon="38.76551"><ele>108.6</ele><time>2022-08-05T16:14:44Z</time></trkpt><trkpt lat="58.068448" lon="38.765635"><ele>109.7</ele><time>2022-08-05T16:14:47Z</time></trkpt><trkpt lat="58.068398" lon="38.765758"><ele>110.0</ele><time>2022-08-05T16:14:50Z</time></trkpt><trkpt lat="58.068357" lon="38.765872"><ele>108.6</ele><time>2022-08-05T16:14:53Z</time></trkpt><trkpt lat="58.06831" lon="38.76599"><ele>109.2</ele><time>2022-08-05T16:14:56Z</time></trkpt><trkpt lat="58.068257" lon="38.76615"><ele>109.1</ele><time>2022-08-05T16:14:59Z</time></trkpt><trkpt lat="58.068208" lon="38.766308"><ele>109.2</ele><time>2022-08-05T16:15:02Z</time></trkpt><trkpt lat="58.068167" lon="38.766432"><ele>106.9</ele><time>2022-08-05T16:15:05Z</time></trkpt><trkpt lat="58.068113" lon="38.766575"><ele>109.2</ele><time>2022-08-05T16:15:08Z</time></trkpt><trkpt lat="58.068053" lon="38.766718"><ele>109.6</ele><time>2022-08-05T16:15:11Z</time></trkpt><trkpt lat="58.06799" lon="38.766873"><ele>109.5</ele><time>2022-08-05T16:15:14Z</time></trkpt><trkpt lat="58.067945" lon="38.766978"><ele>110.5</ele><time>2022-08-05T16:15:16Z</time></trkpt><trkpt lat="58.067885" lon="38.767145"><ele>109.1</ele><time>2022-08-05T16:15:19Z</time></trkpt><trkpt lat="58.067847" lon="38.767267"><ele>110.4</ele><time>2022-08-05T16:15:21Z</time></trkpt><trkpt lat="58.067802" lon="38.767395"><ele>110.0</ele><time>2022-08-05T16:15:23Z</time></trkpt><trkpt lat="58.06776" lon="38.767522"><ele>110.3</ele><time>2022-08-05T16:15:25Z</time></trkpt><trkpt lat="58.067718" lon="38.767645"><ele>111.2</ele><time>2022-08-05T16:15:27Z</time></trkpt><trkpt lat="58.06767" lon="38.767758"><ele>112.7</ele><time>2022-08-05T16:15:29Z</time></trkpt><trkpt lat="58.067623" lon="38.767877"><ele>112.5</ele><time>2022-08-05T16:15:31Z</time></trkpt><trkpt lat="58.06758" lon="38.768002"><ele>112.3</ele><time>2022-08-05T16:15:33Z</time></trkpt><trkpt lat="58.067537" lon="38.768123"><ele>111.3</ele><time>2022-08-05T16:15:35Z</time></trkpt><trkpt lat="58.067497" lon="38.768247"><ele>111.1</ele><time>2022-08-05T16:15:37Z</time></trkpt><trkpt lat="58.06746" lon="38.76837"><ele>111.9</ele><time>2022-08-05T16:15:39Z</time></trkpt><trkpt lat="58.067425" lon="38.76849"><ele>111.7</ele><time>2022-08-05T16:15:41Z</time></trkpt><trkpt lat="58.06737" lon="38.768658"><ele>110.8</ele><time>2022-08-05T16:15:44Z</time></trkpt><trkpt lat="58.067333" lon="38.768778"><ele>111.8</ele><time>2022-08-05T16:15:46Z</time></trkpt><trkpt lat="58.067297" lon="38.768902"><ele>111.3</ele><time>2022-08-05T16:15:48Z</time></trkpt><trkpt lat="58.067262" lon="38.769027"><ele>111.5</ele><time>2022-08-05T16:15:50Z</time></trkpt><trkpt lat="58.067225" lon="38.769153"><ele>111.2</ele><time>2022-08-05T16:15:52Z</time></trkpt><trkpt lat="58.067173" lon="38.769318"><ele>109.4</ele><time>2022-08-05T16:15:55Z</time></trkpt><trkpt lat="58.06713" lon="38.769437"><ele>109.5</ele><time>2022-08-05T16:15:57Z</time></trkpt><trkpt lat="58.06709" lon="38.769557"><ele>109.4</ele><time>2022-08-05T16:15:59Z</time></trkpt><trkpt lat="58.067047" lon="38.769675"><ele>109.6</ele><time>2022-08-05T16:16:01Z</time></trkpt><trkpt lat="58.067005" lon="38.7698"><ele>109.6</ele><time>2022-08-05T16:16:03Z</time></trkpt><trkpt lat="58.066965" lon="38.769915"><ele>109.7</ele><time>2022-08-05T16:16:05Z</time></trkpt><trkpt lat="58.066907" lon="38.77006"><ele>109.5</ele><time>2022-08-05T16:16:08Z</time></trkpt><trkpt lat="58.066855" lon="38.770225"><ele>108.5</ele><time>2022-08-05T16:16:11Z</time></trkpt><trkpt lat="58.066803" lon="38.77037"><ele>109.9</ele><time>2022-08-05T16:16:14Z</time></trkpt><trkpt lat="58.066743" lon="38.770495"><ele>110.9</ele><time>2022-08-05T16:16:18Z</time></trkpt><trkpt lat="58.066662" lon="38.77055"><ele>110.2</ele><time>2022-08-05T16:16:24Z</time></trkpt><trkpt lat="58.066587" lon="38.770507"><ele>110.3</ele><time>2022-08-05T16:16:28Z</time></trkpt><trkpt lat="58.066533" lon="38.770413"><ele>110.1</ele><time>2022-08-05T16:16:33Z</time></trkpt><trkpt lat="58.066455" lon="38.770315"><ele>109.8</ele><time>2022-08-05T16:16:37Z</time></trkpt><trkpt lat="58.066358" lon="38.770338"><ele>108.0</ele><time>2022-08-05T16:16:58Z</time></trkpt><trkpt lat="58.066353" lon="38.770488"><ele>110.0</ele><time>2022-08-05T16:18:02Z</time></trkpt><trkpt lat="58.06628" lon="38.77046"><ele>119.8</ele><time>2022-08-05T16:22:37Z</time></trkpt><trkpt lat="58.066275" lon="38.77062"><ele>122.0</ele><time>2022-08-05T16:26:42Z</time></trkpt><trkpt lat="58.066193" lon="38.77049"><ele>124.1</ele><time>2022-08-05T16:30:31Z</time></trkpt><trkpt lat="58.066132" lon="38.770387"><ele>123.7</ele><time>2022-08-05T16:30:33Z</time></trkpt><trkpt lat="58.066068" lon="38.770265"><ele>123.6</ele><time>2022-08-05T16:30:35Z</time></trkpt><trkpt lat="58.066012" lon="38.770133"><ele>118.9</ele><time>2022-08-05T16:30:37Z</time></trkpt><trkpt lat="58.065943" lon="38.770017"><ele>118.6</ele><time>2022-08-05T16:30:39Z</time></trkpt><trkpt lat="58.065873" lon="38.769865"><ele>118.4</ele><time>2022-08-05T16:30:41Z</time></trkpt><trkpt lat="58.065792" lon="38.769745"><ele>118.3</ele><time>2022-08-05T16:30:43Z</time></trkpt><trkpt lat="58.06574" lon="38.76958"><ele>115.0</ele><time>2022-08-05T16:30:45Z</time></trkpt><trkpt lat="58.06565" lon="38.769462"><ele>113.3</ele><time>2022-08-05T16:30:47Z</time></trkpt><trkpt lat="58.065558" lon="38.76934"><ele>112.7</ele><time>2022-08-05T16:30:49Z</time></trkpt><trkpt lat="58.065485" lon="38.769195"><ele>112.4</ele><time>2022-08-05T16:30:51Z</time></trkpt><trkpt lat="58.065403" lon="38.769092"><ele>111.1</ele><time>2022-08-05T16:30:53Z</time></trkpt><trkpt lat="58.065312" lon="38.768985"><ele>111.5</ele><time>2022-08-05T16:30:55Z</time></trkpt><trkpt lat="58.065212" lon="38.76889"><ele>110.2</ele><time>2022-08-05T16:30:57Z</time></trkpt><trkpt lat="58.065125" lon="38.768767"><ele>110.9</ele><time>2022-08-05T16:30:59Z</time></trkpt><trkpt lat="58.065047" lon="38.768648"><ele>109.9</ele><time>2022-08-05T16:31:01Z</time></trkpt><trkpt lat="58.06496" lon="38.768545"><ele>109.4</ele><time>2022-08-05T16:31:03Z</time></trkpt><trkpt lat="58.06488" lon="38.768447"><ele>109.8</ele><time>2022-08-05T16:31:05Z</time></trkpt><trkpt lat="58.064787" lon="38.768338"><ele>110.8</ele><time>2022-08-05T16:31:07Z</time></trkpt><trkpt lat="58.06469" lon="38.768212"><ele>110.8</ele><time>2022-08-05T16:31:09Z</time></trkpt><trkpt lat="58.06457" lon="38.76808"><ele>110.5</ele><time>2022-08-05T16:31:11Z</time></trkpt><trkpt lat="58.064468" lon="38.767955"><ele>109.9</ele><time>2022-08-05T16:31:13Z</time></trkpt><trkpt lat="58.064368" lon="38.767827"><ele>108.9</ele><time>2022-08-05T16:31:15Z</time></trkpt><trkpt lat="58.064267" lon="38.767708"><ele>108.2</ele><time>2022-08-05T16:31:17Z</time></trkpt><trkpt lat="58.064167" lon="38.767585"><ele>107.6</ele><time>2022-08-05T16:31:19Z</time></trkpt><trkpt lat="58.064062" lon="38.767465"><ele>107.8</ele><time>2022-08-05T16:31:21Z</time></trkpt><trkpt lat="58.063962" lon="38.767332"><ele>107.3</ele><time>2022-08-05T16:31:23Z</time></trkpt><trkpt lat="58.063865" lon="38.767207"><ele>107.3</ele><time>2022-08-05T16:31:25Z</time></trkpt><trkpt lat="58.063777" lon="38.767083"><ele>107.4</ele><time>2022-08-05T16:31:27Z</time></trkpt><trkpt lat="58.063688" lon="38.766992"><ele>107.0</ele><time>2022-08-05T16:31:29Z</time></trkpt><trkpt lat="58.063617" lon="38.766895"><ele>106.5</ele><time>2022-08-05T16:31:31Z</time></trkpt><trkpt lat="58.06356" lon="38.766765"><ele>106.5</ele><time>2022-08-05T16:31:33Z</time></trkpt><trkpt lat="58.063492" lon="38.76663"><ele>106.0</ele><time>2022-08-05T16:31:35Z</time></trkpt><trkpt lat="58.063397" lon="38.766518"><ele>105.8</ele><time>2022-08-05T16:31:37Z</time></trkpt><trkpt lat="58.063297" lon="38.766393"><ele>105.4</ele><time>2022-08-05T16:31:39Z</time></trkpt><trkpt lat="58.063197" lon="38.766292"><ele>105.6</ele><time>2022-08-05T16:31:41Z</time></trkpt><trkpt lat="58.063103" lon="38.766213"><ele>106.1</ele><time>2022-08-05T16:31:43Z</time></trkpt><trkpt lat="58.063017" lon="38.766142"><ele>106.4</ele><time>2022-08-05T16:31:45Z</time></trkpt><trkpt lat="58.062927" lon="38.76602"><ele>106.4</ele><time>2022-08-05T16:31:47Z</time></trkpt><trkpt lat="58.062823" lon="38.765898"><ele>106.4</ele><time>2022-08-05T16:31:49Z</time></trkpt><trkpt lat="58.062707" lon="38.765775"><ele>106.1</ele><time>2022-08-05T16:31:51Z</time></trkpt><trkpt lat="58.062603" lon="38.765645"><ele>106.3</ele><time>2022-08-05T16:31:53Z</time></trkpt><trkpt lat="58.062503" lon="38.765522"><ele>106.2</ele><time>2022-08-05T16:31:55Z</time></trkpt><trkpt lat="58.06241" lon="38.765403"><ele>107.0</ele><time>2022-08-05T16:31:57Z</time></trkpt><trkpt lat="58.062318" lon="38.765298"><ele>107.2</ele><time>2022-08-05T16:31:59Z</time></trkpt><trkpt lat="58.062235" lon="38.765188"><ele>106.9</ele><time>2022-08-05T16:32:01Z</time></trkpt><trkpt lat="58.062143" lon="38.765075"><ele>107.7</ele><time>2022-08-05T16:32:03Z</time></trkpt><trkpt lat="58.06205" lon="38.764963"><ele>107.6</ele><time>2022-08-05T16:32:05Z</time></trkpt><trkpt lat="58.061955" lon="38.764853"><ele>107.0</ele><time>2022-08-05T16:32:07Z</time></trkpt><trkpt lat="58.061838" lon="38.764718"><ele>106.5</ele><time>2022-08-05T16:32:09Z</time></trkpt><trkpt lat="58.061778" lon="38.764643"><ele>106.5</ele><time>2022-08-05T16:32:10Z</time></trkpt><trkpt lat="58.061717" lon="38.764563"><ele>106.3</ele><time>2022-08-05T16:32:11Z</time></trkpt><trkpt lat="58.061653" lon="38.764488"><ele>106.4</ele><time>2022-08-05T16:32:12Z</time></trkpt><trkpt lat="58.061592" lon="38.764415"><ele>106.2</ele><time>2022-08-05T16:32:13Z</time></trkpt><trkpt lat="58.061475" lon="38.764265"><ele>106.5</ele><time>2022-08-05T16:32:15Z</time></trkpt><trkpt lat="58.061368" lon="38.764138"><ele>106.8</ele><time>2022-08-05T16:32:17Z</time></trkpt><trkpt lat="58.061267" lon="38.764018"><ele>106.8</ele><time>2022-08-05T16:32:19Z</time></trkpt><trkpt lat="58.061172" lon="38.763908"><ele>107.4</ele><time>2022-08-05T16:32:21Z</time></trkpt><trkpt lat="58.061073" lon="38.763797"><ele>107.2</ele><time>2022-08-05T16:32:23Z</time></trkpt><trkpt lat="58.06098" lon="38.763682"><ele>107.7</ele><time>2022-08-05T16:32:25Z</time></trkpt><trkpt lat="58.060888" lon="38.763558"><ele>108.0</ele><time>2022-08-05T16:32:27Z</time></trkpt><trkpt lat="58.060797" lon="38.763437"><ele>108.0</ele><time>2022-08-05T16:32:29Z</time></trkpt><trkpt lat="58.060697" lon="38.763317"><ele>106.9</ele><time>2022-08-05T16:32:31Z</time></trkpt><trkpt lat="58.060602" lon="38.763198"><ele>107.3</ele><time>2022-08-05T16:32:33Z</time></trkpt><trkpt lat="58.0605" lon="38.763083"><ele>106.8</ele><time>2022-08-05T16:32:35Z</time></trkpt><trkpt lat="58.060412" lon="38.76297"><ele>107.1</ele><time>2022-08-05T16:32:37Z</time></trkpt><trkpt lat="58.060322" lon="38.76287"><ele>107.2</ele><time>2022-08-05T16:32:39Z</time></trkpt><trkpt lat="58.060228" lon="38.762757"><ele>106.6</ele><time>2022-08-05T16:32:41Z</time></trkpt><trkpt lat="58.060133" lon="38.762653"><ele>106.2</ele><time>2022-08-05T16:32:43Z</time></trkpt><trkpt lat="58.060042" lon="38.762547"><ele>106.5</ele><time>2022-08-05T16:32:45Z</time></trkpt><trkpt lat="58.059945" lon="38.762433"><ele>106.3</ele><time>2022-08-05T16:32:47Z</time></trkpt><trkpt lat="58.05985" lon="38.762312"><ele>105.9</ele><time>2022-08-05T16:32:49Z</time></trkpt><trkpt lat="58.059753" lon="38.762187"><ele>105.8</ele><time>2022-08-05T16:32:51Z</time></trkpt><trkpt lat="58.05966" lon="38.762072"><ele>105.1</ele><time>2022-08-05T16:32:53Z</time></trkpt><trkpt lat="58.059563" lon="38.761967"><ele>105.0</ele><time>2022-08-05T16:32:55Z</time></trkpt><trkpt lat="58.05947" lon="38.761853"><ele>104.9</ele><time>2022-08-05T16:32:57Z</time></trkpt><trkpt lat="58.059383" lon="38.761747"><ele>104.2</ele><time>2022-08-05T16:32:59Z</time></trkpt><trkpt lat="58.05929" lon="38.761657"><ele>105.2</ele><time>2022-08-05T16:33:01Z</time></trkpt><trkpt lat="58.059208" lon="38.761598"><ele>105.0</ele><time>2022-08-05T16:33:03Z</time></trkpt><trkpt lat="58.059117" lon="38.76167"><ele>105.7</ele><time>2022-08-05T16:33:05Z</time></trkpt><trkpt lat="58.059012" lon="38.76164"><ele>105.7</ele><time>2022-08-05T16:33:07Z</time></trkpt><trkpt lat="58.058912" lon="38.761525"><ele>105.7</ele><time>2022-08-05T16:33:09Z</time></trkpt><trkpt lat="58.058823" lon="38.761412"><ele>106.3</ele><time>2022-08-05T16:33:11Z</time></trkpt><trkpt lat="58.058745" lon="38.761305"><ele>106.3</ele><time>2022-08-05T16:33:13Z</time></trkpt><trkpt lat="58.058663" lon="38.761243"><ele>107.0</ele><time>2022-08-05T16:33:15Z</time></trkpt><trkpt lat="58.058582" lon="38.76118"><ele>107.3</ele><time>2022-08-05T16:33:17Z</time></trkpt><trkpt lat="58.058505" lon="38.761107"><ele>107.1</ele><time>2022-08-05T16:33:19Z</time></trkpt><trkpt lat="58.058435" lon="38.761065"><ele>107.3</ele><time>2022-08-05T16:33:21Z</time></trkpt><trkpt lat="58.058358" lon="38.761097"><ele>107.1</ele><time>2022-08-05T16:33:24Z</time></trkpt><trkpt lat="58.058295" lon="38.761013"><ele>108.6</ele><time>2022-08-05T16:34:14Z</time></trkpt><trkpt lat="58.058227" lon="38.760933"><ele>108.5</ele><time>2022-08-05T16:34:19Z</time></trkpt><trkpt lat="58.058153" lon="38.760857"><ele>108.8</ele><time>2022-08-05T16:34:28Z</time></trkpt><trkpt lat="58.0581" lon="38.760952"><ele>109.4</ele><time>2022-08-05T16:34:32Z</time></trkpt><trkpt lat="58.058063" lon="38.761077"><ele>109.1</ele><time>2022-08-05T16:34:34Z</time></trkpt><trkpt lat="58.058013" lon="38.761218"><ele>109.6</ele><time>2022-08-05T16:34:36Z</time></trkpt><trkpt lat="58.05796" lon="38.761382"><ele>109.8</ele><time>2022-08-05T16:34:38Z</time></trkpt><trkpt lat="58.0579" lon="38.761573"><ele>110.1</ele><time>2022-08-05T16:34:40Z</time></trkpt><trkpt lat="58.057835" lon="38.761768"><ele>109.9</ele><time>2022-08-05T16:34:42Z</time></trkpt><trkpt lat="58.057772" lon="38.761962"><ele>110.2</ele><time>2022-08-05T16:34:44Z</time></trkpt><trkpt lat="58.057715" lon="38.762172"><ele>110.2</ele><time>2022-08-05T16:34:46Z</time></trkpt><trkpt lat="58.057657" lon="38.76236"><ele>109.9</ele><time>2022-08-05T16:34:48Z</time></trkpt><trkpt lat="58.057592" lon="38.762557"><ele>110.4</ele><time>2022-08-05T16:34:50Z</time></trkpt><trkpt lat="58.057522" lon="38.762768"><ele>110.4</ele><time>2022-08-05T16:34:52Z</time></trkpt><trkpt lat="58.057467" lon="38.762958"><ele>110.5</ele><time>2022-08-05T16:34:54Z</time></trkpt><trkpt lat="58.057432" lon="38.763085"><ele>111.6</ele><time>2022-08-05T16:34:56Z</time></trkpt><trkpt lat="58.057363" lon="38.763242"><ele>111.2</ele><time>2022-08-05T16:34:59Z</time></trkpt><trkpt lat="58.057302" lon="38.76338"><ele>110.4</ele><time>2022-08-05T16:35:01Z</time></trkpt><trkpt lat="58.057237" lon="38.763573"><ele>110.4</ele><time>2022-08-05T16:35:03Z</time></trkpt><trkpt lat="58.057173" lon="38.763765"><ele>110.0</ele><time>2022-08-05T16:35:05Z</time></trkpt><trkpt lat="58.057105" lon="38.76397"><ele>110.8</ele><time>2022-08-05T16:35:07Z</time></trkpt><trkpt lat="58.057052" lon="38.764193"><ele>110.6</ele><time>2022-08-05T16:35:09Z</time></trkpt><trkpt lat="58.05699" lon="38.764445"><ele>110.3</ele><time>2022-08-05T16:35:11Z</time></trkpt><trkpt lat="58.056913" lon="38.764615"><ele>109.4</ele><time>2022-08-05T16:35:13Z</time></trkpt><trkpt lat="58.056848" lon="38.764802"><ele>110.4</ele><time>2022-08-05T16:35:15Z</time></trkpt><trkpt lat="58.056793" lon="38.764995"><ele>110.7</ele><time>2022-08-05T16:35:17Z</time></trkpt><trkpt lat="58.056742" lon="38.765147"><ele>110.8</ele><time>2022-08-05T16:35:19Z</time></trkpt><trkpt lat="58.056707" lon="38.765303"><ele>110.4</ele><time>2022-08-05T16:35:22Z</time></trkpt><trkpt lat="58.056647" lon="38.765473"><ele>110.9</ele><time>2022-08-05T16:35:25Z</time></trkpt><trkpt lat="58.056587" lon="38.765613"><ele>110.5</ele><time>2022-08-05T16:35:27Z</time></trkpt><trkpt lat="58.056537" lon="38.765752"><ele>111.8</ele><time>2022-08-05T16:35:29Z</time></trkpt><trkpt lat="58.05647" lon="38.765905"><ele>111.5</ele><time>2022-08-05T16:35:31Z</time></trkpt><trkpt lat="58.056407" lon="38.766068"><ele>111.8</ele><time>2022-08-05T16:35:33Z</time></trkpt><trkpt lat="58.056337" lon="38.766178"><ele>110.2</ele><time>2022-08-05T16:35:35Z</time></trkpt><trkpt lat="58.056252" lon="38.76623"><ele>111.0</ele><time>2022-08-05T16:35:37Z</time></trkpt><trkpt lat="58.056152" lon="38.76629"><ele>111.1</ele><time>2022-08-05T16:35:39Z</time></trkpt><trkpt lat="58.056052" lon="38.766347"><ele>111.2</ele><time>2022-08-05T16:35:41Z</time></trkpt><trkpt lat="58.055948" lon="38.766377"><ele>110.8</ele><time>2022-08-05T16:35:43Z</time></trkpt><trkpt lat="58.055852" lon="38.76642"><ele>110.7</ele><time>2022-08-05T16:35:45Z</time></trkpt><trkpt lat="58.055753" lon="38.766468"><ele>110.6</ele><time>2022-08-05T16:35:47Z</time></trkpt><trkpt lat="58.055657" lon="38.766522"><ele>110.9</ele><time>2022-08-05T16:35:49Z</time></trkpt><trkpt lat="58.055557" lon="38.766507"><ele>110.3</ele><time>2022-08-05T16:35:51Z</time></trkpt><trkpt lat="58.05546" lon="38.766485"><ele>110.8</ele><time>2022-08-05T16:35:53Z</time></trkpt><trkpt lat="58.055365" lon="38.766463"><ele>109.9</ele><time>2022-08-05T16:35:55Z</time></trkpt><trkpt lat="58.055272" lon="38.766492"><ele>109.7</ele><time>2022-08-05T16:35:57Z</time></trkpt><trkpt lat="58.055187" lon="38.766585"><ele>110.0</ele><time>2022-08-05T16:35:59Z</time></trkpt><trkpt lat="58.055113" lon="38.766702"><ele>110.9</ele><time>2022-08-05T16:36:01Z</time></trkpt><trkpt lat="58.055025" lon="38.766812"><ele>111.7</ele><time>2022-08-05T16:36:03Z</time></trkpt><trkpt lat="58.054937" lon="38.766893"><ele>111.6</ele><time>2022-08-05T16:36:05Z</time></trkpt><trkpt lat="58.05485" lon="38.766985"><ele>111.1</ele><time>2022-08-05T16:36:07Z</time></trkpt><trkpt lat="58.054758" lon="38.767062"><ele>110.9</ele><time>2022-08-05T16:36:09Z</time></trkpt><trkpt lat="58.054657" lon="38.767082"><ele>109.9</ele><time>2022-08-05T16:36:11Z</time></trkpt><trkpt lat="58.054552" lon="38.767018"><ele>109.9</ele><time>2022-08-05T16:36:13Z</time></trkpt><trkpt lat="58.054418" lon="38.766978"><ele>110.0</ele><time>2022-08-05T16:36:15Z</time></trkpt><trkpt lat="58.054283" lon="38.766953"><ele>110.1</ele><time>2022-08-05T16:36:17Z</time></trkpt><trkpt lat="58.054152" lon="38.766948"><ele>109.4</ele><time>2022-08-05T16:36:19Z</time></trkpt><trkpt lat="58.054028" lon="38.766968"><ele>109.4</ele><time>2022-08-05T16:36:21Z</time></trkpt><trkpt lat="58.053895" lon="38.767008"><ele>108.5</ele><time>2022-08-05T16:36:23Z</time></trkpt><trkpt lat="58.053793" lon="38.767027"><ele>107.8</ele><time>2022-08-05T16:36:25Z</time></trkpt><trkpt lat="58.053692" lon="38.767058"><ele>108.4</ele><time>2022-08-05T16:36:27Z</time></trkpt><trkpt lat="58.053563" lon="38.767082"><ele>108.9</ele><time>2022-08-05T16:36:29Z</time></trkpt><trkpt lat="58.053428" lon="38.767107"><ele>109.2</ele><time>2022-08-05T16:36:31Z</time></trkpt><trkpt lat="58.053307" lon="38.767132"><ele>108.8</ele><time>2022-08-05T16:36:33Z</time></trkpt><trkpt lat="58.053172" lon="38.767145"><ele>107.6</ele><time>2022-08-05T16:36:35Z</time></trkpt><trkpt lat="58.053047" lon="38.76716"><ele>107.4</ele><time>2022-08-05T16:36:37Z</time></trkpt><trkpt lat="58.05293" lon="38.76717"><ele>107.2</ele><time>2022-08-05T16:36:39Z</time></trkpt><trkpt lat="58.052805" lon="38.767198"><ele>106.2</ele><time>2022-08-05T16:36:41Z</time></trkpt><trkpt lat="58.052683" lon="38.767232"><ele>106.3</ele><time>2022-08-05T16:36:43Z</time></trkpt><trkpt lat="58.052562" lon="38.767255"><ele>108.3</ele><time>2022-08-05T16:36:45Z</time></trkpt><trkpt lat="58.05244" lon="38.76727"><ele>108.4</ele><time>2022-08-05T16:36:47Z</time></trkpt><trkpt lat="58.052327" lon="38.767293"><ele>107.9</ele><time>2022-08-05T16:36:49Z</time></trkpt><trkpt lat="58.052205" lon="38.767335"><ele>108.2</ele><time>2022-08-05T16:36:51Z</time></trkpt><trkpt lat="58.05208" lon="38.767365"><ele>108.2</ele><time>2022-08-05T16:36:53Z</time></trkpt><trkpt lat="58.051955" lon="38.76738"><ele>107.5</ele><time>2022-08-05T16:36:55Z</time></trkpt><trkpt lat="58.051835" lon="38.767408"><ele>107.2</ele><time>2022-08-05T16:36:57Z</time></trkpt><trkpt lat="58.051725" lon="38.767418"><ele>107.1</ele><time>2022-08-05T16:36:59Z</time></trkpt><trkpt lat="58.051615" lon="38.76743"><ele>107.9</ele><time>2022-08-05T16:37:01Z</time></trkpt><trkpt lat="58.051513" lon="38.767438"><ele>105.7</ele><time>2022-08-05T16:37:03Z</time></trkpt><trkpt lat="58.051378" lon="38.767462"><ele>105.8</ele><time>2022-08-05T16:37:05Z</time></trkpt><trkpt lat="58.05125" lon="38.767493"><ele>106.2</ele><time>2022-08-05T16:37:07Z</time></trkpt><trkpt lat="58.051137" lon="38.767507"><ele>105.8</ele><time>2022-08-05T16:37:09Z</time></trkpt><trkpt lat="58.051028" lon="38.767518"><ele>105.4</ele><time>2022-08-05T16:37:11Z</time></trkpt><trkpt lat="58.05092" lon="38.767548"><ele>105.4</ele><time>2022-08-05T16:37:13Z</time></trkpt><trkpt lat="58.050817" lon="38.767547"><ele>105.5</ele><time>2022-08-05T16:37:15Z</time></trkpt><trkpt lat="58.050733" lon="38.767545"><ele>105.2</ele><time>2022-08-05T16:37:17Z</time></trkpt><trkpt lat="58.050658" lon="38.767598"><ele>105.4</ele><time>2022-08-05T16:37:20Z</time></trkpt><trkpt lat="58.050682" lon="38.76774"><ele>107.4</ele><time>2022-08-05T16:37:43Z</time></trkpt><trkpt lat="58.050697" lon="38.767887"><ele>107.4</ele><time>2022-08-05T16:37:48Z</time></trkpt><trkpt lat="58.050692" lon="38.768023"><ele>108.0</ele><time>2022-08-05T16:37:55Z</time></trkpt><trkpt lat="58.050595" lon="38.768015"><ele>108.4</ele><time>2022-08-05T16:38:03Z</time></trkpt><trkpt lat="58.050508" lon="38.76801"><ele>108.2</ele><time>2022-08-05T16:38:06Z</time></trkpt><trkpt lat="58.050417" lon="38.768018"><ele>108.3</ele><time>2022-08-05T16:38:09Z</time></trkpt><trkpt lat="58.050317" lon="38.768035"><ele>108.3</ele><time>2022-08-05T16:38:12Z</time></trkpt><trkpt lat="58.050213" lon="38.76805"><ele>108.1</ele><time>2022-08-05T16:38:15Z</time></trkpt><trkpt lat="58.050117" lon="38.768075"><ele>108.2</ele><time>2022-08-05T16:38:18Z</time></trkpt><trkpt lat="58.050045" lon="38.768097"><ele>108.2</ele><time>2022-08-05T16:38:20Z</time></trkpt><trkpt lat="58.049933" lon="38.768123"><ele>109.1</ele><time>2022-08-05T16:38:23Z</time></trkpt><trkpt lat="58.04984" lon="38.76816"><ele>108.8</ele><time>2022-08-05T16:38:25Z</time></trkpt><trkpt lat="58.049735" lon="38.768187"><ele>109.1</ele><time>2022-08-05T16:38:27Z</time></trkpt><trkpt lat="58.049635" lon="38.768203"><ele>110.1</ele><time>2022-08-05T16:38:29Z</time></trkpt><trkpt lat="58.04953" lon="38.76822"><ele>110.0</ele><time>2022-08-05T16:38:31Z</time></trkpt><trkpt lat="58.049437" lon="38.768235"><ele>110.1</ele><time>2022-08-05T16:38:33Z</time></trkpt><trkpt lat="58.049343" lon="38.768328"><ele>109.7</ele><time>2022-08-05T16:38:35Z</time></trkpt><trkpt lat="58.049292" lon="38.768503"><ele>109.5</ele><time>2022-08-05T16:38:37Z</time></trkpt><trkpt lat="58.049283" lon="38.768683"><ele>109.4</ele><time>2022-08-05T16:38:39Z</time></trkpt><trkpt lat="58.049282" lon="38.768827"><ele>109.3</ele><time>2022-08-05T16:38:41Z</time></trkpt><trkpt lat="58.049222" lon="38.768915"><ele>109.4</ele><time>2022-08-05T16:38:46Z</time></trkpt><trkpt lat="58.049138" lon="38.768897"><ele>107.6</ele><time>2022-08-05T16:38:51Z</time></trkpt><trkpt lat="58.049062" lon="38.768905"><ele>108.3</ele><time>2022-08-05T16:38:55Z</time></trkpt><trkpt lat="58.048977" lon="38.76891"><ele>107.7</ele><time>2022-08-05T16:39:04Z</time></trkpt><trkpt lat="58.048883" lon="38.768905"><ele>107.5</ele><time>2022-08-05T16:39:08Z</time></trkpt><trkpt lat="58.048797" lon="38.768933"><ele>107.5</ele><time>2022-08-05T16:39:11Z</time></trkpt><trkpt lat="58.048722" lon="38.769008"><ele>107.7</ele><time>2022-08-05T16:39:14Z</time></trkpt><trkpt lat="58.048645" lon="38.769115"><ele>108.0</ele><time>2022-08-05T16:39:17Z</time></trkpt><trkpt lat="58.048563" lon="38.769213"><ele>107.9</ele><time>2022-08-05T16:39:20Z</time></trkpt><trkpt lat="58.048473" lon="38.76932"><ele>108.0</ele><time>2022-08-05T16:39:23Z</time></trkpt><trkpt lat="58.04838" lon="38.769428"><ele>107.9</ele><time>2022-08-05T16:39:26Z</time></trkpt><trkpt lat="58.04832" lon="38.769512"><ele>108.4</ele><time>2022-08-05T16:39:28Z</time></trkpt><trkpt lat="58.048253" lon="38.769602"><ele>108.5</ele><time>2022-08-05T16:39:30Z</time></trkpt><trkpt lat="58.048182" lon="38.769693"><ele>108.5</ele><time>2022-08-05T16:39:32Z</time></trkpt><trkpt lat="58.048108" lon="38.769833"><ele>107.9</ele><time>2022-08-05T16:39:34Z</time></trkpt><trkpt lat="58.048028" lon="38.769935"><ele>106.7</ele><time>2022-08-05T16:39:36Z</time></trkpt><trkpt lat="58.04795" lon="38.769992"><ele>105.9</ele><time>2022-08-05T16:39:38Z</time></trkpt><trkpt lat="58.047883" lon="38.770087"><ele>106.4</ele><time>2022-08-05T16:39:40Z</time></trkpt><trkpt lat="58.047813" lon="38.770163"><ele>106.7</ele><time>2022-08-05T16:39:42Z</time></trkpt><trkpt lat="58.047745" lon="38.77025"><ele>107.0</ele><time>2022-08-05T16:39:44Z</time></trkpt><trkpt lat="58.047673" lon="38.770343"><ele>107.2</ele><time>2022-08-05T16:39:46Z</time></trkpt><trkpt lat="58.047598" lon="38.770442"><ele>106.4</ele><time>2022-08-05T16:39:48Z</time></trkpt><trkpt lat="58.047532" lon="38.770513"><ele>106.7</ele><time>2022-08-05T16:39:49Z</time></trkpt><trkpt lat="58.047458" lon="38.770605"><ele>107.6</ele><time>2022-08-05T16:39:51Z</time></trkpt><trkpt lat="58.047387" lon="38.770677"><ele>107.5</ele><time>2022-08-05T16:39:53Z</time></trkpt><trkpt lat="58.047318" lon="38.770755"><ele>108.0</ele><time>2022-08-05T16:39:55Z</time></trkpt><trkpt lat="58.047253" lon="38.770847"><ele>108.3</ele><time>2022-08-05T16:39:57Z</time></trkpt><trkpt lat="58.04717" lon="38.770952"><ele>109.2</ele><time>2022-08-05T16:39:59Z</time></trkpt><trkpt lat="58.047083" lon="38.771063"><ele>108.0</ele><time>2022-08-05T16:40:01Z</time></trkpt><trkpt lat="58.046995" lon="38.771197"><ele>108.5</ele><time>2022-08-05T16:40:03Z</time></trkpt><trkpt lat="58.04688" lon="38.771283"><ele>107.5</ele><time>2022-08-05T16:40:05Z</time></trkpt><trkpt lat="58.046778" lon="38.771412"><ele>107.7</ele><time>2022-08-05T16:40:07Z</time></trkpt><trkpt lat="58.046692" lon="38.77152"><ele>107.4</ele><time>2022-08-05T16:40:09Z</time></trkpt><trkpt lat="58.046608" lon="38.771635"><ele>107.7</ele><time>2022-08-05T16:40:11Z</time></trkpt><trkpt lat="58.046515" lon="38.771733"><ele>108.9</ele><time>2022-08-05T16:40:13Z</time></trkpt><trkpt lat="58.046443" lon="38.771815"><ele>109.1</ele><time>2022-08-05T16:40:15Z</time></trkpt><trkpt lat="58.046375" lon="38.771913"><ele>108.4</ele><time>2022-08-05T16:40:17Z</time></trkpt><trkpt lat="58.046302" lon="38.772"><ele>107.4</ele><time>2022-08-05T16:40:19Z</time></trkpt><trkpt lat="58.046222" lon="38.77211"><ele>106.8</ele><time>2022-08-05T16:40:21Z</time></trkpt><trkpt lat="58.046148" lon="38.7722"><ele>107.2</ele><time>2022-08-05T16:40:23Z</time></trkpt><trkpt lat="58.046082" lon="38.772303"><ele>107.3</ele><time>2022-08-05T16:40:25Z</time></trkpt><trkpt lat="58.046028" lon="38.7724"><ele>106.8</ele><time>2022-08-05T16:40:27Z</time></trkpt><trkpt lat="58.045948" lon="38.77249"><ele>107.4</ele><time>2022-08-05T16:40:29Z</time></trkpt><trkpt lat="58.04587" lon="38.772578"><ele>107.3</ele><time>2022-08-05T16:40:31Z</time></trkpt><trkpt lat="58.045777" lon="38.77264"><ele>106.1</ele><time>2022-08-05T16:40:33Z</time></trkpt><trkpt lat="58.04571" lon="38.772742"><ele>106.4</ele><time>2022-08-05T16:40:35Z</time></trkpt><trkpt lat="58.04563" lon="38.772853"><ele>105.8</ele><time>2022-08-05T16:40:37Z</time></trkpt><trkpt lat="58.045548" lon="38.77296"><ele>104.9</ele><time>2022-08-05T16:40:39Z</time></trkpt><trkpt lat="58.045462" lon="38.77305"><ele>105.1</ele><time>2022-08-05T16:40:41Z</time></trkpt><trkpt lat="58.04538" lon="38.773148"><ele>104.9</ele><time>2022-08-05T16:40:43Z</time></trkpt><trkpt lat="58.045293" lon="38.773248"><ele>104.6</ele><time>2022-08-05T16:40:45Z</time></trkpt><trkpt lat="58.045223" lon="38.773353"><ele>105.2</ele><time>2022-08-05T16:40:47Z</time></trkpt><trkpt lat="58.04516" lon="38.773422"><ele>106.4</ele><time>2022-08-05T16:40:50Z</time></trkpt><trkpt lat="58.0451" lon="38.773523"><ele>107.1</ele><time>2022-08-05T16:41:27Z</time></trkpt><trkpt lat="58.045037" lon="38.773608"><ele>107.8</ele><time>2022-08-05T16:41:30Z</time></trkpt><trkpt lat="58.044963" lon="38.77371"><ele>107.8</ele><time>2022-08-05T16:41:33Z</time></trkpt><trkpt lat="58.044893" lon="38.773818"><ele>107.4</ele><time>2022-08-05T16:41:36Z</time></trkpt><trkpt lat="58.044827" lon="38.773887"><ele>108.9</ele><time>2022-08-05T16:42:25Z</time></trkpt><trkpt lat="58.044752" lon="38.773972"><ele>108.8</ele><time>2022-08-05T16:42:28Z</time></trkpt><trkpt lat="58.04466" lon="38.774082"><ele>108.5</ele><time>2022-08-05T16:42:31Z</time></trkpt><trkpt lat="58.044598" lon="38.774162"><ele>108.7</ele><time>2022-08-05T16:42:33Z</time></trkpt><trkpt lat="58.04454" lon="38.774243"><ele>108.7</ele><time>2022-08-05T16:42:35Z</time></trkpt><trkpt lat="58.044467" lon="38.774342"><ele>108.5</ele><time>2022-08-05T16:42:38Z</time></trkpt><trkpt lat="58.044402" lon="38.77442"><ele>108.3</ele><time>2022-08-05T16:42:41Z</time></trkpt><trkpt lat="58.044323" lon="38.77453"><ele>108.7</ele><time>2022-08-05T16:42:44Z</time></trkpt><trkpt lat="58.044263" lon="38.774612"><ele>108.9</ele><time>2022-08-05T16:42:46Z</time></trkpt><trkpt lat="58.044195" lon="38.774707"><ele>110.2</ele><time>2022-08-05T16:42:48Z</time></trkpt><trkpt lat="58.044128" lon="38.7748"><ele>109.5</ele><time>2022-08-05T16:42:50Z</time></trkpt><trkpt lat="58.044068" lon="38.774892"><ele>109.0</ele><time>2022-08-05T16:42:52Z</time></trkpt><trkpt lat="58.044007" lon="38.774988"><ele>108.7</ele><time>2022-08-05T16:42:54Z</time></trkpt><trkpt lat="58.04394" lon="38.775083"><ele>108.9</ele><time>2022-08-05T16:42:56Z</time></trkpt><trkpt lat="58.043878" lon="38.775165"><ele>109.4</ele><time>2022-08-05T16:42:58Z</time></trkpt><trkpt lat="58.043803" lon="38.775268"><ele>108.7</ele><time>2022-08-05T16:43:01Z</time></trkpt><trkpt lat="58.043745" lon="38.775402"><ele>108.6</ele><time>2022-08-05T16:43:04Z</time></trkpt><trkpt lat="58.043713" lon="38.775578"><ele>107.4</ele><time>2022-08-05T16:43:07Z</time></trkpt><trkpt lat="58.043685" lon="38.775753"><ele>107.4</ele><time>2022-08-05T16:43:10Z</time></trkpt><trkpt lat="58.043652" lon="38.7759"><ele>108.4</ele><time>2022-08-05T16:43:13Z</time></trkpt><trkpt lat="58.0436" lon="38.776005"><ele>109.9</ele><time>2022-08-05T16:43:16Z</time></trkpt><trkpt lat="58.043547" lon="38.77612"><ele>108.8</ele><time>2022-08-05T16:43:19Z</time></trkpt><trkpt lat="58.043487" lon="38.77627"><ele>108.0</ele><time>2022-08-05T16:43:22Z</time></trkpt><trkpt lat="58.043447" lon="38.776435"><ele>108.1</ele><time>2022-08-05T16:43:25Z</time></trkpt><trkpt lat="58.043415" lon="38.776588"><ele>108.7</ele><time>2022-08-05T16:43:28Z</time></trkpt><trkpt lat="58.043402" lon="38.776723"><ele>109.1</ele><time>2022-08-05T16:43:34Z</time></trkpt><trkpt lat="58.043397" lon="38.776878"><ele>107.6</ele><time>2022-08-05T16:43:38Z</time></trkpt><trkpt lat="58.043373" lon="38.777022"><ele>107.6</ele><time>2022-08-05T16:43:41Z</time></trkpt><trkpt lat="58.043335" lon="38.777173"><ele>107.8</ele><time>2022-08-05T16:43:44Z</time></trkpt><trkpt lat="58.043298" lon="38.777355"><ele>109.3</ele><time>2022-08-05T16:43:47Z</time></trkpt><trkpt lat="58.043252" lon="38.777548"><ele>108.6</ele><time>2022-08-05T16:43:50Z</time></trkpt><trkpt lat="58.043213" lon="38.777687"><ele>108.6</ele><time>2022-08-05T16:43:52Z</time></trkpt><trkpt lat="58.043175" lon="38.777803"><ele>107.2</ele><time>2022-08-05T16:43:54Z</time></trkpt><trkpt lat="58.04314" lon="38.77793"><ele>106.1</ele><time>2022-08-05T16:43:56Z</time></trkpt><trkpt lat="58.043088" lon="38.778127"><ele>105.7</ele><time>2022-08-05T16:43:58Z</time></trkpt><trkpt lat="58.04305" lon="38.778325"><ele>104.8</ele><time>2022-08-05T16:44:00Z</time></trkpt><trkpt lat="58.043" lon="38.778445"><ele>103.3</ele><time>2022-08-05T16:44:02Z</time></trkpt><trkpt lat="58.042968" lon="38.77863"><ele>104.2</ele><time>2022-08-05T16:44:05Z</time></trkpt><trkpt lat="58.042912" lon="38.77877"><ele>105.1</ele><time>2022-08-05T16:44:07Z</time></trkpt><trkpt lat="58.042857" lon="38.778948"><ele>105.9</ele><time>2022-08-05T16:44:09Z</time></trkpt><trkpt lat="58.04282" lon="38.77914"><ele>105.8</ele><time>2022-08-05T16:44:11Z</time></trkpt><trkpt lat="58.042778" lon="38.779302"><ele>106.1</ele><time>2022-08-05T16:44:13Z</time></trkpt><trkpt lat="58.042712" lon="38.779463"><ele>106.3</ele><time>2022-08-05T16:44:15Z</time></trkpt><trkpt lat="58.04268" lon="38.779615"><ele>106.6</ele><time>2022-08-05T16:44:17Z</time></trkpt><trkpt lat="58.04263" lon="38.779803"><ele>106.5</ele><time>2022-08-05T16:44:20Z</time></trkpt><trkpt lat="58.042607" lon="38.779932"><ele>107.3</ele><time>2022-08-05T16:44:22Z</time></trkpt><trkpt lat="58.04258" lon="38.780062"><ele>107.5</ele><time>2022-08-05T16:44:24Z</time></trkpt><trkpt lat="58.042538" lon="38.780232"><ele>107.1</ele><time>2022-08-05T16:44:27Z</time></trkpt><trkpt lat="58.042487" lon="38.780415"><ele>106.6</ele><time>2022-08-05T16:44:30Z</time></trkpt><trkpt lat="58.042448" lon="38.78055"><ele>107.2</ele><time>2022-08-05T16:44:32Z</time></trkpt><trkpt lat="58.042408" lon="38.780688"><ele>107.1</ele><time>2022-08-05T16:44:34Z</time></trkpt><trkpt lat="58.042373" lon="38.780823"><ele>108.0</ele><time>2022-08-05T16:44:36Z</time></trkpt><trkpt lat="58.04234" lon="38.780948"><ele>108.4</ele><time>2022-08-05T16:44:38Z</time></trkpt><trkpt lat="58.0423" lon="38.781097"><ele>109.0</ele><time>2022-08-05T16:44:40Z</time></trkpt><trkpt lat="58.042257" lon="38.781257"><ele>110.5</ele><time>2022-08-05T16:44:42Z</time></trkpt><trkpt lat="58.042222" lon="38.781382"><ele>110.4</ele><time>2022-08-05T16:44:44Z</time></trkpt><trkpt lat="58.042198" lon="38.781517"><ele>107.9</ele><time>2022-08-05T16:44:49Z</time></trkpt><trkpt lat="58.042177" lon="38.781655"><ele>107.2</ele><time>2022-08-05T16:44:52Z</time></trkpt><trkpt lat="58.042143" lon="38.781825"><ele>106.1</ele><time>2022-08-05T16:44:55Z</time></trkpt><trkpt lat="58.0421" lon="38.782"><ele>105.4</ele><time>2022-08-05T16:44:58Z</time></trkpt><trkpt lat="58.04207" lon="38.782138"><ele>106.2</ele><time>2022-08-05T16:45:00Z</time></trkpt><trkpt lat="58.042037" lon="38.782265"><ele>106.6</ele><time>2022-08-05T16:45:02Z</time></trkpt><trkpt lat="58.041988" lon="38.782437"><ele>106.6</ele><time>2022-08-05T16:45:05Z</time></trkpt><trkpt lat="58.041957" lon="38.782562"><ele>106.5</ele><time>2022-08-05T16:45:07Z</time></trkpt><trkpt lat="58.041913" lon="38.782737"><ele>106.3</ele><time>2022-08-05T16:45:10Z</time></trkpt><trkpt lat="58.041862" lon="38.782908"><ele>107.2</ele><time>2022-08-05T16:45:13Z</time></trkpt><trkpt lat="58.041822" lon="38.783028"><ele>107.9</ele><time>2022-08-05T16:45:15Z</time></trkpt><trkpt lat="58.041787" lon="38.783158"><ele>107.5</ele><time>2022-08-05T16:45:17Z</time></trkpt><trkpt lat="58.041755" lon="38.783282"><ele>107.8</ele><time>2022-08-05T16:45:19Z</time></trkpt><trkpt lat="58.04172" lon="38.783407"><ele>107.5</ele><time>2022-08-05T16:45:21Z</time></trkpt><trkpt lat="58.04168" lon="38.783578"><ele>108.1</ele><time>2022-08-05T16:45:24Z</time></trkpt><trkpt lat="58.041637" lon="38.783713"><ele>108.2</ele><time>2022-08-05T16:45:27Z</time></trkpt><trkpt lat="58.041582" lon="38.783847"><ele>106.9</ele><time>2022-08-05T16:45:30Z</time></trkpt><trkpt lat="58.041525" lon="38.783988"><ele>107.4</ele><time>2022-08-05T16:45:33Z</time></trkpt><trkpt lat="58.041467" lon="38.784133"><ele>106.5</ele><time>2022-08-05T16:45:36Z</time></trkpt><trkpt lat="58.041408" lon="38.784292"><ele>106.3</ele><time>2022-08-05T16:45:39Z</time></trkpt><trkpt lat="58.041355" lon="38.784443"><ele>106.2</ele><time>2022-08-05T16:45:42Z</time></trkpt><trkpt lat="58.041313" lon="38.78461"><ele>106.9</ele><time>2022-08-05T16:45:45Z</time></trkpt><trkpt lat="58.04129" lon="38.78477"><ele>105.7</ele><time>2022-08-05T16:45:48Z</time></trkpt><trkpt lat="58.041257" lon="38.784943"><ele>103.7</ele><time>2022-08-05T16:45:52Z</time></trkpt><trkpt lat="58.041218" lon="38.785063"><ele>103.9</ele><time>2022-08-05T16:45:54Z</time></trkpt><trkpt lat="58.041175" lon="38.785183"><ele>103.8</ele><time>2022-08-05T16:45:56Z</time></trkpt><trkpt lat="58.041145" lon="38.785342"><ele>104.4</ele><time>2022-08-05T16:45:59Z</time></trkpt><trkpt lat="58.04111" lon="38.785525"><ele>104.1</ele><time>2022-08-05T16:46:02Z</time></trkpt><trkpt lat="58.041072" lon="38.785698"><ele>103.7</ele><time>2022-08-05T16:46:05Z</time></trkpt><trkpt lat="58.04105" lon="38.78585"><ele>103.8</ele><time>2022-08-05T16:46:08Z</time></trkpt><trkpt lat="58.041023" lon="38.785998"><ele>104.2</ele><time>2022-08-05T16:46:11Z</time></trkpt><trkpt lat="58.041005" lon="38.786133"><ele>104.1</ele><time>2022-08-05T16:46:15Z</time></trkpt><trkpt lat="58.040973" lon="38.786303"><ele>106.2</ele><time>2022-08-05T16:46:19Z</time></trkpt><trkpt lat="58.040935" lon="38.786427"><ele>107.3</ele><time>2022-08-05T16:46:22Z</time></trkpt><trkpt lat="58.040922" lon="38.786583"><ele>107.7</ele><time>2022-08-05T16:46:26Z</time></trkpt><trkpt lat="58.040938" lon="38.786773"><ele>107.5</ele><time>2022-08-05T16:46:29Z</time></trkpt><trkpt lat="58.04096" lon="38.786907"><ele>106.9</ele><time>2022-08-05T16:46:31Z</time></trkpt><trkpt lat="58.040988" lon="38.787088"><ele>106.9</ele><time>2022-08-05T16:46:34Z</time></trkpt><trkpt lat="58.04101" lon="38.787233"><ele>107.0</ele><time>2022-08-05T16:46:36Z</time></trkpt><trkpt lat="58.041035" lon="38.78738"><ele>107.2</ele><time>2022-08-05T16:46:38Z</time></trkpt><trkpt lat="58.041058" lon="38.787532"><ele>107.9</ele><time>2022-08-05T16:46:40Z</time></trkpt><trkpt lat="58.041082" lon="38.787675"><ele>107.7</ele><time>2022-08-05T16:46:42Z</time></trkpt><trkpt lat="58.041107" lon="38.787812"><ele>108.5</ele><time>2022-08-05T16:46:44Z</time></trkpt><trkpt lat="58.041138" lon="38.787977"><ele>108.9</ele><time>2022-08-05T16:46:47Z</time></trkpt><trkpt lat="58.041172" lon="38.788168"><ele>108.0</ele><time>2022-08-05T16:46:50Z</time></trkpt><trkpt lat="58.041195" lon="38.78836"><ele>108.0</ele><time>2022-08-05T16:46:52Z</time></trkpt><trkpt lat="58.04123" lon="38.788527"><ele>109.1</ele><time>2022-08-05T16:46:54Z</time></trkpt><trkpt lat="58.041243" lon="38.788715"><ele>110.6</ele><time>2022-08-05T16:46:56Z</time></trkpt><trkpt lat="58.041288" lon="38.788882"><ele>112.0</ele><time>2022-08-05T16:46:58Z</time></trkpt><trkpt lat="58.041315" lon="38.789027"><ele>112.2</ele><time>2022-08-05T16:47:00Z</time></trkpt><trkpt lat="58.041342" lon="38.78917"><ele>111.1</ele><time>2022-08-05T16:47:02Z</time></trkpt><trkpt lat="58.041338" lon="38.789328"><ele>112.1</ele><time>2022-08-05T16:47:04Z</time></trkpt><trkpt lat="58.041358" lon="38.789485"><ele>114.4</ele><time>2022-08-05T16:47:06Z</time></trkpt><trkpt lat="58.041377" lon="38.789628"><ele>113.4</ele><time>2022-08-05T16:47:08Z</time></trkpt><trkpt lat="58.041398" lon="38.789777"><ele>112.3</ele><time>2022-08-05T16:47:10Z</time></trkpt><trkpt lat="58.04142" lon="38.789922"><ele>112.3</ele><time>2022-08-05T16:47:12Z</time></trkpt><trkpt lat="58.041442" lon="38.790067"><ele>111.4</ele><time>2022-08-05T16:47:14Z</time></trkpt><trkpt lat="58.041462" lon="38.790222"><ele>111.9</ele><time>2022-08-05T16:47:16Z</time></trkpt><trkpt lat="58.041483" lon="38.79037"><ele>113.1</ele><time>2022-08-05T16:47:18Z</time></trkpt><trkpt lat="58.041505" lon="38.79051"><ele>113.5</ele><time>2022-08-05T16:47:20Z</time></trkpt><trkpt lat="58.041537" lon="38.7907"><ele>113.6</ele><time>2022-08-05T16:47:23Z</time></trkpt><trkpt lat="58.04156" lon="38.790837"><ele>115.0</ele><time>2022-08-05T16:47:25Z</time></trkpt><trkpt lat="58.041582" lon="38.790982"><ele>114.4</ele><time>2022-08-05T16:47:27Z</time></trkpt><trkpt lat="58.041605" lon="38.79114"><ele>114.0</ele><time>2022-08-05T16:47:29Z</time></trkpt><trkpt lat="58.041607" lon="38.791298"><ele>112.7</ele><time>2022-08-05T16:47:31Z</time></trkpt><trkpt lat="58.041577" lon="38.79146"><ele>111.0</ele><time>2022-08-05T16:47:34Z</time></trkpt><trkpt lat="58.041525" lon="38.79157"><ele>111.6</ele><time>2022-08-05T16:47:38Z</time></trkpt><trkpt lat="58.041435" lon="38.791605"><ele>110.9</ele><time>2022-08-05T16:47:42Z</time></trkpt><trkpt lat="58.041352" lon="38.791645"><ele>110.9</ele><time>2022-08-05T16:47:47Z</time></trkpt><trkpt lat="58.041338" lon="38.79178"><ele>113.2</ele><time>2022-08-05T16:48:06Z</time></trkpt><trkpt lat="58.041365" lon="38.79193"><ele>113.1</ele><time>2022-08-05T16:48:10Z</time></trkpt><trkpt lat="58.041388" lon="38.792072"><ele>112.7</ele><time>2022-08-05T16:48:13Z</time></trkpt><trkpt lat="58.04142" lon="38.79225"><ele>112.7</ele><time>2022-08-05T16:48:16Z</time></trkpt><trkpt lat="58.04145" lon="38.792435"><ele>112.5</ele><time>2022-08-05T16:48:19Z</time></trkpt><trkpt lat="58.041482" lon="38.792627"><ele>111.6</ele><time>2022-08-05T16:48:22Z</time></trkpt><trkpt lat="58.041505" lon="38.792762"><ele>111.5</ele><time>2022-08-05T16:48:24Z</time></trkpt><trkpt lat="58.041527" lon="38.792898"><ele>111.1</ele><time>2022-08-05T16:48:26Z</time></trkpt><trkpt lat="58.041558" lon="38.793092"><ele>111.0</ele><time>2022-08-05T16:48:29Z</time></trkpt><trkpt lat="58.041587" lon="38.79322"><ele>110.9</ele><time>2022-08-05T16:48:31Z</time></trkpt><trkpt lat="58.041613" lon="38.79336"><ele>111.8</ele><time>2022-08-05T16:48:33Z</time></trkpt><trkpt lat="58.041632" lon="38.79351"><ele>111.9</ele><time>2022-08-05T16:48:35Z</time></trkpt><trkpt lat="58.041657" lon="38.793657"><ele>112.2</ele><time>2022-08-05T16:48:37Z</time></trkpt><trkpt lat="58.04168" lon="38.793805"><ele>111.2</ele><time>2022-08-05T16:48:39Z</time></trkpt><trkpt lat="58.0417" lon="38.793947"><ele>111.4</ele><time>2022-08-05T16:48:41Z</time></trkpt><trkpt lat="58.04172" lon="38.794087"><ele>110.7</ele><time>2022-08-05T16:48:43Z</time></trkpt><trkpt lat="58.041743" lon="38.79428"><ele>111.0</ele><time>2022-08-05T16:48:46Z</time></trkpt><trkpt lat="58.04174" lon="38.794443"><ele>111.2</ele><time>2022-08-05T16:48:49Z</time></trkpt><trkpt lat="58.041683" lon="38.794547"><ele>111.1</ele><time>2022-08-05T16:49:46Z</time></trkpt><trkpt lat="58.041692" lon="38.7947"><ele>110.2</ele><time>2022-08-05T16:49:50Z</time></trkpt><trkpt lat="58.04171" lon="38.794863"><ele>110.1</ele><time>2022-08-05T16:49:55Z</time></trkpt><trkpt lat="58.041718" lon="38.795005"><ele>109.7</ele><time>2022-08-05T16:50:01Z</time></trkpt><trkpt lat="58.041673" lon="38.795147"><ele>110.1</ele><time>2022-08-05T16:50:11Z</time></trkpt><trkpt lat="58.041657" lon="38.795283"><ele>110.6</ele><time>2022-08-05T16:50:14Z</time></trkpt><trkpt lat="58.041645" lon="38.795453"><ele>110.8</ele><time>2022-08-05T16:50:17Z</time></trkpt><trkpt lat="58.041632" lon="38.795643"><ele>111.1</ele><time>2022-08-05T16:50:20Z</time></trkpt><trkpt lat="58.041648" lon="38.795823"><ele>111.1</ele><time>2022-08-05T16:50:23Z</time></trkpt><trkpt lat="58.041675" lon="38.795997"><ele>111.3</ele><time>2022-08-05T16:50:26Z</time></trkpt><trkpt lat="58.041697" lon="38.796142"><ele>110.7</ele><time>2022-08-05T16:50:29Z</time></trkpt><trkpt lat="58.041725" lon="38.796292"><ele>112.9</ele><time>2022-08-05T16:50:49Z</time></trkpt><trkpt lat="58.04175" lon="38.796448"><ele>113.2</ele><time>2022-08-05T16:50:52Z</time></trkpt><trkpt lat="58.041748" lon="38.796627"><ele>112.8</ele><time>2022-08-05T16:50:55Z</time></trkpt><trkpt lat="58.041658" lon="38.796685"><ele>113.2</ele><time>2022-08-05T16:50:58Z</time></trkpt><trkpt lat="58.041595" lon="38.796615"><ele>112.9</ele><time>2022-08-05T16:51:01Z</time></trkpt><trkpt lat="58.041548" lon="38.796743"><ele>110.0</ele><time>2022-08-05T16:54:28Z</time></trkpt><trkpt lat="58.041493" lon="38.796857"><ele>110.5</ele><time>2022-08-05T16:54:32Z</time></trkpt><trkpt lat="58.04149" lon="38.796995"><ele>111.2</ele><time>2022-08-05T16:54:38Z</time></trkpt><trkpt lat="58.04145" lon="38.79712"><ele>110.8</ele><time>2022-08-05T16:54:45Z</time></trkpt><trkpt lat="58.041525" lon="38.797145"><ele>110.1</ele><time>2022-08-05T16:54:59Z</time></trkpt><trkpt lat="58.041615" lon="38.797085"><ele>109.8</ele><time>2022-08-05T16:55:02Z</time></trkpt><trkpt lat="58.041702" lon="38.797155"><ele>109.7</ele><time>2022-08-05T16:55:05Z</time></trkpt><trkpt lat="58.041748" lon="38.797263"><ele>110.1</ele><time>2022-08-05T16:55:07Z</time></trkpt><trkpt lat="58.04179" lon="38.797435"><ele>110.3</ele><time>2022-08-05T16:55:10Z</time></trkpt><trkpt lat="58.041847" lon="38.797568"><ele>110.5</ele><time>2022-08-05T16:55:13Z</time></trkpt><trkpt lat="58.041918" lon="38.79758"><ele>111.1</ele><time>2022-08-05T16:55:16Z</time></trkpt><trkpt lat="58.041963" lon="38.79772"><ele>110.8</ele><time>2022-08-05T16:55:20Z</time></trkpt><trkpt lat="58.041977" lon="38.797857"><ele>110.2</ele><time>2022-08-05T16:55:23Z</time></trkpt><trkpt lat="58.042" lon="38.798025"><ele>109.7</ele><time>2022-08-05T16:55:27Z</time></trkpt><trkpt lat="58.04202" lon="38.798167"><ele>110.7</ele><time>2022-08-05T16:55:30Z</time></trkpt><trkpt lat="58.04205" lon="38.798328"><ele>109.9</ele><time>2022-08-05T16:55:33Z</time></trkpt><trkpt lat="58.04209" lon="38.7985"><ele>109.6</ele><time>2022-08-05T16:55:36Z</time></trkpt><trkpt lat="58.042118" lon="38.798685"><ele>109.4</ele><time>2022-08-05T16:55:39Z</time></trkpt><trkpt lat="58.042138" lon="38.798818"><ele>108.5</ele><time>2022-08-05T16:55:41Z</time></trkpt><trkpt lat="58.042158" lon="38.798955"><ele>109.4</ele><time>2022-08-05T16:55:43Z</time></trkpt><trkpt lat="58.042185" lon="38.799143"><ele>109.2</ele><time>2022-08-05T16:55:46Z</time></trkpt><trkpt lat="58.042207" lon="38.799328"><ele>109.8</ele><time>2022-08-05T16:55:49Z</time></trkpt><trkpt lat="58.04223" lon="38.799462"><ele>110.3</ele><time>2022-08-05T16:55:51Z</time></trkpt><trkpt lat="58.042258" lon="38.799588"><ele>110.7</ele><time>2022-08-05T16:55:53Z</time></trkpt><trkpt lat="58.042298" lon="38.799742"><ele>110.8</ele><time>2022-08-05T16:55:56Z</time></trkpt><trkpt lat="58.042318" lon="38.79989"><ele>111.7</ele><time>2022-08-05T16:56:00Z</time></trkpt><trkpt lat="58.04234" lon="38.80002"><ele>110.1</ele><time>2022-08-05T16:56:13Z</time></trkpt><trkpt lat="58.042357" lon="38.80018"><ele>108.5</ele><time>2022-08-05T16:56:26Z</time></trkpt><trkpt lat="58.042372" lon="38.800335"><ele>110.2</ele><time>2022-08-05T16:56:29Z</time></trkpt><trkpt lat="58.042402" lon="38.800473"><ele>110.3</ele><time>2022-08-05T16:56:31Z</time></trkpt><trkpt lat="58.042435" lon="38.800625"><ele>110.7</ele><time>2022-08-05T16:56:33Z</time></trkpt><trkpt lat="58.042458" lon="38.800777"><ele>111.4</ele><time>2022-08-05T16:56:35Z</time></trkpt><trkpt lat="58.042477" lon="38.800933"><ele>112.0</ele><time>2022-08-05T16:56:37Z</time></trkpt><trkpt lat="58.042493" lon="38.801087"><ele>111.2</ele><time>2022-08-05T16:56:39Z</time></trkpt><trkpt lat="58.04251" lon="38.80125"><ele>111.0</ele><time>2022-08-05T16:56:41Z</time></trkpt><trkpt lat="58.042532" lon="38.801425"><ele>111.1</ele><time>2022-08-05T16:56:43Z</time></trkpt><trkpt lat="58.042547" lon="38.801592"><ele>112.6</ele><time>2022-08-05T16:56:45Z</time></trkpt><trkpt lat="58.042568" lon="38.801762"><ele>113.3</ele><time>2022-08-05T16:56:47Z</time></trkpt><trkpt lat="58.042582" lon="38.801943"><ele>110.7</ele><time>2022-08-05T16:56:49Z</time></trkpt><trkpt lat="58.042605" lon="38.802108"><ele>111.0</ele><time>2022-08-05T16:56:51Z</time></trkpt><trkpt lat="58.042632" lon="38.802283"><ele>111.5</ele><time>2022-08-05T16:56:53Z</time></trkpt><trkpt lat="58.04265" lon="38.802455"><ele>111.5</ele><time>2022-08-05T16:56:55Z</time></trkpt><trkpt lat="58.042673" lon="38.802603"><ele>111.7</ele><time>2022-08-05T16:56:57Z</time></trkpt><trkpt lat="58.04264" lon="38.802742"><ele>111.5</ele><time>2022-08-05T16:57:00Z</time></trkpt><trkpt lat="58.04257" lon="38.802807"><ele>111.2</ele><time>2022-08-05T16:57:03Z</time></trkpt><trkpt lat="58.042478" lon="38.802833"><ele>111.2</ele><time>2022-08-05T16:57:06Z</time></trkpt><trkpt lat="58.042378" lon="38.802832"><ele>110.4</ele><time>2022-08-05T16:57:09Z</time></trkpt><trkpt lat="58.042305" lon="38.80287"><ele>109.8</ele><time>2022-08-05T16:57:11Z</time></trkpt><trkpt lat="58.042227" lon="38.803007"><ele>110.6</ele><time>2022-08-05T16:57:14Z</time></trkpt><trkpt lat="58.042208" lon="38.803138"><ele>110.9</ele><time>2022-08-05T16:57:16Z</time></trkpt><trkpt lat="58.042208" lon="38.803325"><ele>110.2</ele><time>2022-08-05T16:57:19Z</time></trkpt><trkpt lat="58.042222" lon="38.803523"><ele>110.5</ele><time>2022-08-05T16:57:22Z</time></trkpt><trkpt lat="58.042247" lon="38.80369"><ele>110.7</ele><time>2022-08-05T16:57:25Z</time></trkpt><trkpt lat="58.042277" lon="38.803847"><ele>111.1</ele><time>2022-08-05T16:57:29Z</time></trkpt><trkpt lat="58.042205" lon="38.803907"><ele>111.7</ele><time>2022-08-05T16:57:34Z</time></trkpt><trkpt lat="58.042133" lon="38.803898"><ele>111.2</ele><time>2022-08-05T16:57:36Z</time></trkpt><trkpt lat="58.042052" lon="38.803922"><ele>111.2</ele><time>2022-08-05T16:57:38Z</time></trkpt><trkpt lat="58.041972" lon="38.803955"><ele>111.9</ele><time>2022-08-05T16:57:40Z</time></trkpt><trkpt lat="58.04188" lon="38.803995"><ele>112.4</ele><time>2022-08-05T16:57:42Z</time></trkpt><trkpt lat="58.041795" lon="38.80405"><ele>112.3</ele><time>2022-08-05T16:57:44Z</time></trkpt><trkpt lat="58.041708" lon="38.804105"><ele>112.3</ele><time>2022-08-05T16:57:46Z</time></trkpt><trkpt lat="58.041622" lon="38.804165"><ele>112.2</ele><time>2022-08-05T16:57:48Z</time></trkpt><trkpt lat="58.041533" lon="38.80421"><ele>113.0</ele><time>2022-08-05T16:57:50Z</time></trkpt><trkpt lat="58.041465" lon="38.804252"><ele>113.4</ele><time>2022-08-05T16:57:52Z</time></trkpt><trkpt lat="58.041403" lon="38.804328"><ele>112.4</ele><time>2022-08-05T16:57:55Z</time></trkpt><trkpt lat="58.041405" lon="38.804477"><ele>112.2</ele><time>2022-08-05T16:57:58Z</time></trkpt><trkpt lat="58.041435" lon="38.80466"><ele>112.0</ele><time>2022-08-05T16:58:01Z</time></trkpt><trkpt lat="58.04147" lon="38.804832"><ele>111.4</ele><time>2022-08-05T16:58:04Z</time></trkpt><trkpt lat="58.041495" lon="38.804995"><ele>111.5</ele><time>2022-08-05T16:58:07Z</time></trkpt><trkpt lat="58.041503" lon="38.805158"><ele>111.2</ele><time>2022-08-05T16:58:10Z</time></trkpt><trkpt lat="58.041495" lon="38.805297"><ele>111.6</ele><time>2022-08-05T16:58:12Z</time></trkpt><trkpt lat="58.041475" lon="38.805457"><ele>111.9</ele><time>2022-08-05T16:58:14Z</time></trkpt><trkpt lat="58.041452" lon="38.80563"><ele>112.1</ele><time>2022-08-05T16:58:16Z</time></trkpt><trkpt lat="58.041437" lon="38.80581"><ele>111.9</ele><time>2022-08-05T16:58:18Z</time></trkpt><trkpt lat="58.04142" lon="38.805987"><ele>111.9</ele><time>2022-08-05T16:58:20Z</time></trkpt><trkpt lat="58.041407" lon="38.806152"><ele>111.6</ele><time>2022-08-05T16:58:22Z</time></trkpt><trkpt lat="58.041397" lon="38.806308"><ele>111.1</ele><time>2022-08-05T16:58:24Z</time></trkpt><trkpt lat="58.041382" lon="38.806465"><ele>111.1</ele><time>2022-08-05T16:58:26Z</time></trkpt><trkpt lat="58.041363" lon="38.806607"><ele>110.9</ele><time>2022-08-05T16:58:28Z</time></trkpt><trkpt lat="58.04135" lon="38.806763"><ele>111.0</ele><time>2022-08-05T16:58:30Z</time></trkpt><trkpt lat="58.041348" lon="38.806928"><ele>111.0</ele><time>2022-08-05T16:58:32Z</time></trkpt><trkpt lat="58.041347" lon="38.807092"><ele>111.0</ele><time>2022-08-05T16:58:34Z</time></trkpt><trkpt lat="58.041333" lon="38.80725"><ele>110.9</ele><time>2022-08-05T16:58:36Z</time></trkpt><trkpt lat="58.04132" lon="38.807407"><ele>111.3</ele><time>2022-08-05T16:58:38Z</time></trkpt><trkpt lat="58.041312" lon="38.807563"><ele>111.7</ele><time>2022-08-05T16:58:40Z</time></trkpt><trkpt lat="58.041308" lon="38.80772"><ele>111.9</ele><time>2022-08-05T16:58:42Z</time></trkpt><trkpt lat="58.041317" lon="38.807878"><ele>111.9</ele><time>2022-08-05T16:58:44Z</time></trkpt><trkpt lat="58.041327" lon="38.808028"><ele>111.1</ele><time>2022-08-05T16:58:46Z</time></trkpt><trkpt lat="58.041335" lon="38.808172"><ele>110.4</ele><time>2022-08-05T16:58:48Z</time></trkpt><trkpt lat="58.041347" lon="38.808312"><ele>110.7</ele><time>2022-08-05T16:58:50Z</time></trkpt><trkpt lat="58.041355" lon="38.808458"><ele>110.9</ele><time>2022-08-05T16:58:52Z</time></trkpt><trkpt lat="58.041363" lon="38.808603"><ele>111.0</ele><time>2022-08-05T16:58:54Z</time></trkpt><trkpt lat="58.041373" lon="38.808762"><ele>111.4</ele><time>2022-08-05T16:58:56Z</time></trkpt><trkpt lat="58.041388" lon="38.808905"><ele>111.7</ele><time>2022-08-05T16:58:58Z</time></trkpt><trkpt lat="58.041405" lon="38.809055"><ele>111.9</ele><time>2022-08-05T16:59:00Z</time></trkpt><trkpt lat="58.041417" lon="38.809205"><ele>112.2</ele><time>2022-08-05T16:59:02Z</time></trkpt><trkpt lat="58.041428" lon="38.80936"><ele>112.4</ele><time>2022-08-05T16:59:04Z</time></trkpt><trkpt lat="58.041438" lon="38.809517"><ele>111.7</ele><time>2022-08-05T16:59:06Z</time></trkpt><trkpt lat="58.041458" lon="38.809677"><ele>111.5</ele><time>2022-08-05T16:59:08Z</time></trkpt><trkpt lat="58.041483" lon="38.809832"><ele>112.1</ele><time>2022-08-05T16:59:10Z</time></trkpt><trkpt lat="58.0415" lon="38.809983"><ele>112.0</ele><time>2022-08-05T16:59:12Z</time></trkpt><trkpt lat="58.041515" lon="38.810133"><ele>112.1</ele><time>2022-08-05T16:59:14Z</time></trkpt><trkpt lat="58.04154" lon="38.810297"><ele>111.9</ele><time>2022-08-05T16:59:16Z</time></trkpt><trkpt lat="58.041568" lon="38.810453"><ele>111.4</ele><time>2022-08-05T16:59:18Z</time></trkpt><trkpt lat="58.041593" lon="38.810608"><ele>111.4</ele><time>2022-08-05T16:59:20Z</time></trkpt><trkpt lat="58.041613" lon="38.81077"><ele>110.4</ele><time>2022-08-05T16:59:22Z</time></trkpt><trkpt lat="58.041688" lon="38.810947"><ele>110.1</ele><time>2022-08-05T16:59:24Z</time></trkpt><trkpt lat="58.04174" lon="38.81108"><ele>109.9</ele><time>2022-08-05T16:59:26Z</time></trkpt><trkpt lat="58.041732" lon="38.811237"><ele>109.3</ele><time>2022-08-05T16:59:28Z</time></trkpt><trkpt lat="58.041728" lon="38.811428"><ele>108.9</ele><time>2022-08-05T16:59:30Z</time></trkpt><trkpt lat="58.041742" lon="38.811593"><ele>108.4</ele><time>2022-08-05T16:59:32Z</time></trkpt><trkpt lat="58.041743" lon="38.811758"><ele>109.1</ele><time>2022-08-05T16:59:34Z</time></trkpt><trkpt lat="58.04176" lon="38.811898"><ele>109.1</ele><time>2022-08-05T16:59:36Z</time></trkpt><trkpt lat="58.041777" lon="38.812122"><ele>108.7</ele><time>2022-08-05T16:59:39Z</time></trkpt><trkpt lat="58.041787" lon="38.812287"><ele>108.5</ele><time>2022-08-05T16:59:41Z</time></trkpt><trkpt lat="58.041788" lon="38.812458"><ele>108.4</ele><time>2022-08-05T16:59:43Z</time></trkpt><trkpt lat="58.041808" lon="38.812627"><ele>108.5</ele><time>2022-08-05T16:59:45Z</time></trkpt><trkpt lat="58.041813" lon="38.812787"><ele>108.4</ele><time>2022-08-05T16:59:47Z</time></trkpt><trkpt lat="58.041813" lon="38.812958"><ele>108.1</ele><time>2022-08-05T16:59:49Z</time></trkpt><trkpt lat="58.041842" lon="38.813133"><ele>108.5</ele><time>2022-08-05T16:59:51Z</time></trkpt><trkpt lat="58.041843" lon="38.813297"><ele>108.6</ele><time>2022-08-05T16:59:53Z</time></trkpt><trkpt lat="58.041852" lon="38.813472"><ele>108.4</ele><time>2022-08-05T16:59:55Z</time></trkpt><trkpt lat="58.04187" lon="38.813658"><ele>108.8</ele><time>2022-08-05T16:59:57Z</time></trkpt><trkpt lat="58.041878" lon="38.813843"><ele>108.4</ele><time>2022-08-05T16:59:59Z</time></trkpt><trkpt lat="58.041887" lon="38.814017"><ele>108.3</ele><time>2022-08-05T17:00:01Z</time></trkpt><trkpt lat="58.041903" lon="38.81418"><ele>107.9</ele><time>2022-08-05T17:00:03Z</time></trkpt><trkpt lat="58.041908" lon="38.814343"><ele>107.4</ele><time>2022-08-05T17:00:05Z</time></trkpt><trkpt lat="58.041923" lon="38.814543"><ele>107.5</ele><time>2022-08-05T17:00:07Z</time></trkpt><trkpt lat="58.041945" lon="38.814707"><ele>107.7</ele><time>2022-08-05T17:00:09Z</time></trkpt><trkpt lat="58.04196" lon="38.814908"><ele>108.4</ele><time>2022-08-05T17:00:12Z</time></trkpt><trkpt lat="58.04197" lon="38.815048"><ele>108.5</ele><time>2022-08-05T17:00:14Z</time></trkpt><trkpt lat="58.041935" lon="38.815182"><ele>108.8</ele><time>2022-08-05T17:00:17Z</time></trkpt><trkpt lat="58.041888" lon="38.815297"><ele>110.0</ele><time>2022-08-05T17:00:22Z</time></trkpt><trkpt lat="58.041822" lon="38.815442"><ele>109.7</ele><time>2022-08-05T17:00:25Z</time></trkpt><trkpt lat="58.041767" lon="38.815577"><ele>110.4</ele><time>2022-08-05T17:00:27Z</time></trkpt><trkpt lat="58.041643" lon="38.81558"><ele>110.2</ele><time>2022-08-05T17:00:29Z</time></trkpt><trkpt lat="58.041542" lon="38.815605"><ele>109.9</ele><time>2022-08-05T17:00:31Z</time></trkpt><trkpt lat="58.041452" lon="38.815632"><ele>109.8</ele><time>2022-08-05T17:00:33Z</time></trkpt><trkpt lat="58.041338" lon="38.81566"><ele>109.4</ele><time>2022-08-05T17:00:35Z</time></trkpt><trkpt lat="58.041232" lon="38.815677"><ele>109.6</ele><time>2022-08-05T17:00:37Z</time></trkpt><trkpt lat="58.041125" lon="38.81569"><ele>109.7</ele><time>2022-08-05T17:00:39Z</time></trkpt><trkpt lat="58.041025" lon="38.815688"><ele>109.6</ele><time>2022-08-05T17:00:41Z</time></trkpt><trkpt lat="58.040935" lon="38.815692"><ele>109.3</ele><time>2022-08-05T17:00:43Z</time></trkpt><trkpt lat="58.040848" lon="38.815692"><ele>109.3</ele><time>2022-08-05T17:00:45Z</time></trkpt><trkpt lat="58.040763" lon="38.815688"><ele>109.3</ele><time>2022-08-05T17:00:47Z</time></trkpt><trkpt lat="58.040665" lon="38.815642"><ele>107.3</ele><time>2022-08-05T17:00:50Z</time></trkpt><trkpt lat="58.04058" lon="38.815697"><ele>107.4</ele><time>2022-08-05T17:00:54Z</time></trkpt><trkpt lat="58.040505" lon="38.81564"><ele>108.0</ele><time>2022-08-05T17:00:57Z</time></trkpt><trkpt lat="58.040448" lon="38.815543"><ele>108.7</ele><time>2022-08-05T17:01:00Z</time></trkpt><trkpt lat="58.040395" lon="38.81545"><ele>107.3</ele><time>2022-08-05T17:01:03Z</time></trkpt><trkpt lat="58.040302" lon="38.815435"><ele>106.3</ele><time>2022-08-05T17:01:06Z</time></trkpt><trkpt lat="58.040223" lon="38.815458"><ele>105.7</ele><time>2022-08-05T17:01:09Z</time></trkpt><trkpt lat="58.040133" lon="38.815467"><ele>105.4</ele><time>2022-08-05T17:01:12Z</time></trkpt><trkpt lat="58.040065" lon="38.815577"><ele>104.5</ele><time>2022-08-05T17:01:15Z</time></trkpt><trkpt lat="58.040048" lon="38.815708"><ele>105.4</ele><time>2022-08-05T17:01:17Z</time></trkpt><trkpt lat="58.040045" lon="38.815845"><ele>105.8</ele><time>2022-08-05T17:01:19Z</time></trkpt><trkpt lat="58.040065" lon="38.816035"><ele>105.1</ele><time>2022-08-05T17:01:22Z</time></trkpt><trkpt lat="58.040082" lon="38.816178"><ele>104.3</ele><time>2022-08-05T17:01:24Z</time></trkpt><trkpt lat="58.040105" lon="38.816355"><ele>103.0</ele><time>2022-08-05T17:01:27Z</time></trkpt><trkpt lat="58.04015" lon="38.816542"><ele>103.3</ele><time>2022-08-05T17:01:30Z</time></trkpt><trkpt lat="58.040175" lon="38.81667"><ele>103.5</ele><time>2022-08-05T17:01:32Z</time></trkpt><trkpt lat="58.040213" lon="38.816848"><ele>104.1</ele><time>2022-08-05T17:01:35Z</time></trkpt><trkpt lat="58.04024" lon="38.81704"><ele>104.6</ele><time>2022-08-05T17:01:38Z</time></trkpt><trkpt lat="58.04025" lon="38.817188"><ele>103.7</ele><time>2022-08-05T17:01:40Z</time></trkpt><trkpt lat="58.040263" lon="38.817322"><ele>103.3</ele><time>2022-08-05T17:01:42Z</time></trkpt><trkpt lat="58.040292" lon="38.817513"><ele>103.4</ele><time>2022-08-05T17:01:45Z</time></trkpt><trkpt lat="58.040315" lon="38.817642"><ele>103.8</ele><time>2022-08-05T17:01:47Z</time></trkpt><trkpt lat="58.040352" lon="38.817818"><ele>104.3</ele><time>2022-08-05T17:01:50Z</time></trkpt><trkpt lat="58.040383" lon="38.817992"><ele>105.0</ele><time>2022-08-05T17:01:53Z</time></trkpt><trkpt lat="58.040405" lon="38.81818"><ele>105.3</ele><time>2022-08-05T17:01:56Z</time></trkpt><trkpt lat="58.040413" lon="38.818318"><ele>105.4</ele><time>2022-08-05T17:01:58Z</time></trkpt><trkpt lat="58.04041" lon="38.818467"><ele>105.4</ele><time>2022-08-05T17:02:00Z</time></trkpt><trkpt lat="58.040412" lon="38.818603"><ele>105.8</ele><time>2022-08-05T17:02:02Z</time></trkpt><trkpt lat="58.040415" lon="38.818753"><ele>106.0</ele><time>2022-08-05T17:02:04Z</time></trkpt><trkpt lat="58.040412" lon="38.818892"><ele>105.7</ele><time>2022-08-05T17:02:06Z</time></trkpt><trkpt lat="58.040407" lon="38.819097"><ele>105.8</ele><time>2022-08-05T17:02:09Z</time></trkpt><trkpt lat="58.040418" lon="38.81924"><ele>106.0</ele><time>2022-08-05T17:02:11Z</time></trkpt><trkpt lat="58.040427" lon="38.819442"><ele>106.7</ele><time>2022-08-05T17:02:14Z</time></trkpt><trkpt lat="58.040423" lon="38.819592"><ele>107.1</ele><time>2022-08-05T17:02:16Z</time></trkpt><trkpt lat="58.04042" lon="38.819735"><ele>107.2</ele><time>2022-08-05T17:02:18Z</time></trkpt><trkpt lat="58.040418" lon="38.819883"><ele>107.3</ele><time>2022-08-05T17:02:20Z</time></trkpt><trkpt lat="58.04041" lon="38.820027"><ele>107.3</ele><time>2022-08-05T17:02:22Z</time></trkpt><trkpt lat="58.040392" lon="38.820218"><ele>107.0</ele><time>2022-08-05T17:02:25Z</time></trkpt><trkpt lat="58.040382" lon="38.82041"><ele>107.0</ele><time>2022-08-05T17:02:28Z</time></trkpt><trkpt lat="58.040383" lon="38.820585"><ele>106.1</ele><time>2022-08-05T17:02:31Z</time></trkpt><trkpt lat="58.04039" lon="38.820735"><ele>105.5</ele><time>2022-08-05T17:02:35Z</time></trkpt><trkpt lat="58.040395" lon="38.820953"><ele>104.5</ele><time>2022-08-05T17:02:38Z</time></trkpt><trkpt lat="58.040403" lon="38.821138"><ele>105.5</ele><time>2022-08-05T17:02:40Z</time></trkpt><trkpt lat="58.040415" lon="38.821332"><ele>105.6</ele><time>2022-08-05T17:02:42Z</time></trkpt><trkpt lat="58.040432" lon="38.821503"><ele>105.9</ele><time>2022-08-05T17:02:44Z</time></trkpt><trkpt lat="58.040452" lon="38.821652"><ele>106.1</ele><time>2022-08-05T17:02:46Z</time></trkpt><trkpt lat="58.040483" lon="38.821833"><ele>105.7</ele><time>2022-08-05T17:02:49Z</time></trkpt><trkpt lat="58.040503" lon="38.822005"><ele>106.1</ele><time>2022-08-05T17:02:52Z</time></trkpt><trkpt lat="58.04047" lon="38.822155"><ele>107.8</ele><time>2022-08-05T17:02:57Z</time></trkpt><trkpt lat="58.040398" lon="38.822183"><ele>106.7</ele><time>2022-08-05T17:03:02Z</time></trkpt><trkpt lat="58.040325" lon="38.822187"><ele>105.6</ele><time>2022-08-05T17:03:08Z</time></trkpt><trkpt lat="58.040248" lon="38.822213"><ele>105.5</ele><time>2022-08-05T17:03:15Z</time></trkpt><trkpt lat="58.04018" lon="38.822255"><ele>105.8</ele><time>2022-08-05T17:03:21Z</time></trkpt><trkpt lat="58.040108" lon="38.822302"><ele>105.9</ele><time>2022-08-05T17:03:27Z</time></trkpt><trkpt lat="58.04003" lon="38.822285"><ele>105.9</ele><time>2022-08-05T17:03:35Z</time></trkpt><trkpt lat="58.039992" lon="38.82216"><ele>105.4</ele><time>2022-08-05T17:03:41Z</time></trkpt><trkpt lat="58.039933" lon="38.822042"><ele>104.7</ele><time>2022-08-05T17:04:01Z</time></trkpt><trkpt lat="58.03996" lon="38.821902"><ele>103.5</ele><time>2022-08-05T17:04:12Z</time></trkpt><trkpt lat="58.039918" lon="38.821792"><ele>103.5</ele><time>2022-08-05T17:04:18Z</time></trkpt><trkpt lat="58.039883" lon="38.821657"><ele>103.3</ele><time>2022-08-05T17:04:24Z</time></trkpt><trkpt lat="58.039843" lon="38.82152"><ele>103.4</ele><time>2022-08-05T17:04:30Z</time></trkpt><trkpt lat="58.039827" lon="38.821385"><ele>103.4</ele><time>2022-08-05T17:04:34Z</time></trkpt><trkpt lat="58.039788" lon="38.821262"><ele>102.6</ele><time>2022-08-05T17:04:41Z</time></trkpt><trkpt lat="58.03976" lon="38.821117"><ele>103.2</ele><time>2022-08-05T17:04:47Z</time></trkpt><trkpt lat="58.039728" lon="38.820988"><ele>103.2</ele><time>2022-08-05T17:04:52Z</time></trkpt><trkpt lat="58.039698" lon="38.820852"><ele>102.6</ele><time>2022-08-05T17:04:57Z</time></trkpt><trkpt lat="58.039672" lon="38.820703"><ele>102.8</ele><time>2022-08-05T17:05:03Z</time></trkpt><trkpt lat="58.039648" lon="38.82056"><ele>103.1</ele><time>2022-08-05T17:05:09Z</time></trkpt><trkpt lat="58.039632" lon="38.820422"><ele>103.9</ele><time>2022-08-05T17:05:15Z</time></trkpt><trkpt lat="58.039602" lon="38.820298"><ele>103.9</ele><time>2022-08-05T17:05:20Z</time></trkpt><trkpt lat="58.039582" lon="38.820142"><ele>104.3</ele><time>2022-08-05T17:05:26Z</time></trkpt><trkpt lat="58.039562" lon="38.819988"><ele>104.7</ele><time>2022-08-05T17:05:32Z</time></trkpt><trkpt lat="58.039537" lon="38.81984"><ele>104.6</ele><time>2022-08-05T17:05:38Z</time></trkpt><trkpt lat="58.039498" lon="38.819708"><ele>104.4</ele><time>2022-08-05T17:05:44Z</time></trkpt><trkpt lat="58.039477" lon="38.819577"><ele>104.3</ele><time>2022-08-05T17:05:50Z</time></trkpt><trkpt lat="58.039452" lon="38.819433"><ele>104.9</ele><time>2022-08-05T17:05:56Z</time></trkpt><trkpt lat="58.039437" lon="38.819283"><ele>104.6</ele><time>2022-08-05T17:06:03Z</time></trkpt><trkpt lat="58.039438" lon="38.819145"><ele>104.1</ele><time>2022-08-05T17:06:10Z</time></trkpt><trkpt lat="58.039423" lon="38.818973"><ele>103.4</ele><time>2022-08-05T17:07:59Z</time></trkpt><trkpt lat="58.03941" lon="38.818823"><ele>103.4</ele><time>2022-08-05T17:08:02Z</time></trkpt><trkpt lat="58.039383" lon="38.818652"><ele>103.4</ele><time>2022-08-05T17:08:05Z</time></trkpt><trkpt lat="58.039352" lon="38.818478"><ele>103.7</ele><time>2022-08-05T17:08:08Z</time></trkpt><trkpt lat="58.039333" lon="38.818342"><ele>103.9</ele><time>2022-08-05T17:08:10Z</time></trkpt><trkpt lat="58.039317" lon="38.818207"><ele>103.9</ele><time>2022-08-05T17:08:12Z</time></trkpt><trkpt lat="58.039242" lon="38.818178"><ele>104.5</ele><time>2022-08-05T17:08:23Z</time></trkpt><trkpt lat="58.03917" lon="38.81821"><ele>104.5</ele><time>2022-08-05T17:08:28Z</time></trkpt><trkpt lat="58.039102" lon="38.818273"><ele>104.7</ele><time>2022-08-05T17:08:37Z</time></trkpt><trkpt lat="58.039027" lon="38.818333"><ele>104.9</ele><time>2022-08-05T17:08:48Z</time></trkpt><trkpt lat="58.03895" lon="38.818315"><ele>105.1</ele><time>2022-08-05T17:08:54Z</time></trkpt><trkpt lat="58.038875" lon="38.818325"><ele>104.0</ele><time>2022-08-05T17:09:03Z</time></trkpt><trkpt lat="58.0388" lon="38.81835"><ele>103.7</ele><time>2022-08-05T17:09:12Z</time></trkpt><trkpt lat="58.038722" lon="38.818377"><ele>103.3</ele><time>2022-08-05T17:09:20Z</time></trkpt><trkpt lat="58.038797" lon="38.818388"><ele>104.3</ele><time>2022-08-05T17:10:21Z</time></trkpt><trkpt lat="58.03872" lon="38.81842"><ele>104.7</ele><time>2022-08-05T17:11:40Z</time></trkpt><trkpt lat="58.038692" lon="38.818285"><ele>105.0</ele><time>2022-08-05T17:11:51Z</time></trkpt><trkpt lat="58.038695" lon="38.818145"><ele>105.3</ele><time>2022-08-05T17:11:59Z</time></trkpt><trkpt lat="58.038685" lon="38.81801"><ele>105.4</ele><time>2022-08-05T17:12:06Z</time></trkpt><trkpt lat="58.038682" lon="38.817872"><ele>105.2</ele><time>2022-08-05T17:12:15Z</time></trkpt><trkpt lat="58.038677" lon="38.817732"><ele>105.3</ele><time>2022-08-05T17:12:30Z</time></trkpt><trkpt lat="58.038735" lon="38.817643"><ele>104.8</ele><time>2022-08-05T17:13:48Z</time></trkpt><trkpt lat="58.0388" lon="38.817707"><ele>104.2</ele><time>2022-08-05T17:14:01Z</time></trkpt><trkpt lat="58.038727" lon="38.817642"><ele>103.4</ele><time>2022-08-05T17:15:38Z</time></trkpt><trkpt lat="58.038705" lon="38.817778"><ele>102.6</ele><time>2022-08-05T17:16:22Z</time></trkpt><trkpt lat="58.03875" lon="38.817885"><ele>103.6</ele><time>2022-08-05T17:16:57Z</time></trkpt><trkpt lat="58.038715" lon="38.817762"><ele>101.2</ele><time>2022-08-05T17:18:41Z</time></trkpt><trkpt lat="58.03863" lon="38.817827"><ele>101.6</ele><time>2022-08-05T17:18:48Z</time></trkpt><trkpt lat="58.038723" lon="38.817858"><ele>101.2</ele><time>2022-08-05T17:19:01Z</time></trkpt><trkpt lat="58.038762" lon="38.817727"><ele>101.7</ele><time>2022-08-05T17:19:07Z</time></trkpt><trkpt lat="58.038693" lon="38.817655"><ele>104.0</ele><time>2022-08-05T17:19:58Z</time></trkpt><trkpt lat="58.03875" lon="38.81776"><ele>103.3</ele><time>2022-08-05T17:21:59Z</time></trkpt><trkpt lat="58.038818" lon="38.817795"><ele>104.6</ele><time>2022-08-05T17:24:25Z</time></trkpt><trkpt lat="58.03876" lon="38.817713"><ele>101.2</ele><time>2022-08-05T17:25:51Z</time></trkpt><trkpt lat="58.038712" lon="38.817608"><ele>101.9</ele><time>2022-08-05T17:29:04Z</time></trkpt><trkpt lat="58.03866" lon="38.817495"><ele>100.3</ele><time>2022-08-05T17:29:23Z</time></trkpt><trkpt lat="58.038737" lon="38.817497"><ele>102.4</ele><time>2022-08-05T17:30:19Z</time></trkpt><trkpt lat="58.038798" lon="38.817568"><ele>103.6</ele><time>2022-08-05T17:31:03Z</time></trkpt><trkpt lat="58.038737" lon="38.817487"><ele>103.7</ele><time>2022-08-05T17:33:40Z</time></trkpt><trkpt lat="58.038743" lon="38.817343"><ele>102.2</ele><time>2022-08-05T17:37:01Z</time></trkpt><trkpt lat="58.038783" lon="38.817462"><ele>103.7</ele><time>2022-08-05T17:41:58Z</time></trkpt><trkpt lat="58.038798" lon="38.817595"><ele>102.8</ele><time>2022-08-05T17:42:24Z</time></trkpt><trkpt lat="58.038873" lon="38.817603"><ele>103.6</ele><time>2022-08-05T17:43:26Z</time></trkpt><trkpt lat="58.038937" lon="38.817677"><ele>104.0</ele><time>2022-08-05T17:43:43Z</time></trkpt><trkpt lat="58.03893" lon="38.817815"><ele>103.0</ele><time>2022-08-05T17:44:08Z</time></trkpt><trkpt lat="58.038937" lon="38.817953"><ele>102.5</ele><time>2022-08-05T17:44:17Z</time></trkpt><trkpt lat="58.038883" lon="38.818063"><ele>102.8</ele><time>2022-08-05T17:44:24Z</time></trkpt><trkpt lat="58.038935" lon="38.818168"><ele>103.2</ele><time>2022-08-05T17:44:41Z</time></trkpt><trkpt lat="58.038958" lon="38.818327"><ele>104.7</ele><time>2022-08-05T17:47:04Z</time></trkpt><trkpt lat="58.038885" lon="38.818385"><ele>103.3</ele><time>2022-08-05T17:47:14Z</time></trkpt><trkpt lat="58.03881" lon="38.818377"><ele>103.2</ele><time>2022-08-05T17:47:35Z</time></trkpt><trkpt lat="58.038883" lon="38.818365"><ele>102.9</ele><time>2022-08-05T17:50:10Z</time></trkpt><trkpt lat="58.038838" lon="38.81847"><ele>103.9</ele><time>2022-08-05T17:50:23Z</time></trkpt><trkpt lat="58.03876" lon="38.818472"><ele>104.5</ele><time>2022-08-05T17:50:28Z</time></trkpt><trkpt lat="58.038672" lon="38.818477"><ele>104.7</ele><time>2022-08-05T17:50:34Z</time></trkpt><trkpt lat="58.038585" lon="38.81849"><ele>104.4</ele><time>2022-08-05T17:50:38Z</time></trkpt><trkpt lat="58.03851" lon="38.818477"><ele>104.3</ele><time>2022-08-05T17:50:42Z</time></trkpt><trkpt lat="58.03844" lon="38.818405"><ele>104.4</ele><time>2022-08-05T17:50:45Z</time></trkpt><trkpt lat="58.038342" lon="38.818342"><ele>104.3</ele><time>2022-08-05T17:50:48Z</time></trkpt><trkpt lat="58.038258" lon="38.818325"><ele>103.9</ele><time>2022-08-05T17:50:51Z</time></trkpt><trkpt lat="58.038192" lon="38.818378"><ele>104.6</ele><time>2022-08-05T17:50:55Z</time></trkpt><trkpt lat="58.038118" lon="38.818457"><ele>104.1</ele><time>2022-08-05T17:50:59Z</time></trkpt><trkpt lat="58.038045" lon="38.818483"><ele>103.8</ele><time>2022-08-05T17:51:03Z</time></trkpt><trkpt lat="58.03797" lon="38.81852"><ele>104.1</ele><time>2022-08-05T17:51:10Z</time></trkpt><trkpt lat="58.037885" lon="38.818563"><ele>105.3</ele><time>2022-08-05T17:51:18Z</time></trkpt><trkpt lat="58.03781" lon="38.818627"><ele>105.7</ele><time>2022-08-05T17:51:21Z</time></trkpt><trkpt lat="58.037735" lon="38.818688"><ele>105.6</ele><time>2022-08-05T17:51:24Z</time></trkpt><trkpt lat="58.037653" lon="38.818727"><ele>106.0</ele><time>2022-08-05T17:51:27Z</time></trkpt><trkpt lat="58.037573" lon="38.81876"><ele>106.0</ele><time>2022-08-05T17:51:30Z</time></trkpt><trkpt lat="58.037483" lon="38.818797"><ele>106.4</ele><time>2022-08-05T17:51:33Z</time></trkpt><trkpt lat="58.037402" lon="38.818845"><ele>106.9</ele><time>2022-08-05T17:51:36Z</time></trkpt><trkpt lat="58.037327" lon="38.818903"><ele>106.7</ele><time>2022-08-05T17:51:39Z</time></trkpt><trkpt lat="58.03723" lon="38.818948"><ele>106.4</ele><time>2022-08-05T17:51:42Z</time></trkpt><trkpt lat="58.037143" lon="38.818993"><ele>106.0</ele><time>2022-08-05T17:51:45Z</time></trkpt><trkpt lat="58.037055" lon="38.81903"><ele>105.9</ele><time>2022-08-05T17:51:48Z</time></trkpt><trkpt lat="58.036975" lon="38.819057"><ele>106.0</ele><time>2022-08-05T17:51:51Z</time></trkpt><trkpt lat="58.036892" lon="38.8191"><ele>106.3</ele><time>2022-08-05T17:51:54Z</time></trkpt><trkpt lat="58.036818" lon="38.819137"><ele>106.3</ele><time>2022-08-05T17:51:57Z</time></trkpt><trkpt lat="58.036742" lon="38.819183"><ele>106.0</ele><time>2022-08-05T17:52:01Z</time></trkpt><trkpt lat="58.036673" lon="38.819235"><ele>105.8</ele><time>2022-08-05T17:52:05Z</time></trkpt><trkpt lat="58.036598" lon="38.819262"><ele>105.2</ele><time>2022-08-05T17:52:09Z</time></trkpt><trkpt lat="58.036527" lon="38.819317"><ele>105.1</ele><time>2022-08-05T17:52:12Z</time></trkpt><trkpt lat="58.03644" lon="38.819365"><ele>105.6</ele><time>2022-08-05T17:52:15Z</time></trkpt><trkpt lat="58.036368" lon="38.819402"><ele>105.8</ele><time>2022-08-05T17:52:18Z</time></trkpt><trkpt lat="58.036292" lon="38.81943"><ele>106.1</ele><time>2022-08-05T17:52:21Z</time></trkpt><trkpt lat="58.0362" lon="38.819467"><ele>105.9</ele><time>2022-08-05T17:52:25Z</time></trkpt><trkpt lat="58.03612" lon="38.819508"><ele>105.5</ele><time>2022-08-05T17:52:29Z</time></trkpt><trkpt lat="58.03604" lon="38.819533"><ele>105.4</ele><time>2022-08-05T17:52:32Z</time></trkpt><trkpt lat="58.035963" lon="38.819562"><ele>105.8</ele><time>2022-08-05T17:52:36Z</time></trkpt><trkpt lat="58.035893" lon="38.819597"><ele>105.7</ele><time>2022-08-05T17:52:40Z</time></trkpt><trkpt lat="58.035813" lon="38.81964"><ele>106.4</ele><time>2022-08-05T17:52:46Z</time></trkpt><trkpt lat="58.035815" lon="38.81978"><ele>107.1</ele><time>2022-08-05T17:52:51Z</time></trkpt><trkpt lat="58.035842" lon="38.819955"><ele>106.9</ele><time>2022-08-05T17:52:55Z</time></trkpt><trkpt lat="58.03587" lon="38.820103"><ele>106.3</ele><time>2022-08-05T17:52:58Z</time></trkpt><trkpt lat="58.035897" lon="38.820243"><ele>106.1</ele><time>2022-08-05T17:53:01Z</time></trkpt><trkpt lat="58.035937" lon="38.820398"><ele>105.9</ele><time>2022-08-05T17:53:05Z</time></trkpt><trkpt lat="58.035987" lon="38.820557"><ele>105.9</ele><time>2022-08-05T17:53:09Z</time></trkpt><trkpt lat="58.036018" lon="38.820683"><ele>106.3</ele><time>2022-08-05T17:53:12Z</time></trkpt><trkpt lat="58.036038" lon="38.820855"><ele>106.7</ele><time>2022-08-05T17:53:16Z</time></trkpt><trkpt lat="58.036028" lon="38.821022"><ele>106.7</ele><time>2022-08-05T17:53:20Z</time></trkpt><trkpt lat="58.036035" lon="38.821168"><ele>106.5</ele><time>2022-08-05T17:53:23Z</time></trkpt><trkpt lat="58.036065" lon="38.821325"><ele>106.3</ele><time>2022-08-05T17:53:26Z</time></trkpt><trkpt lat="58.036098" lon="38.821492"><ele>106.1</ele><time>2022-08-05T17:53:29Z</time></trkpt><trkpt lat="58.036122" lon="38.82165"><ele>105.7</ele><time>2022-08-05T17:53:32Z</time></trkpt><trkpt lat="58.036145" lon="38.82183"><ele>105.5</ele><time>2022-08-05T17:53:35Z</time></trkpt><trkpt lat="58.036175" lon="38.822002"><ele>104.9</ele><time>2022-08-05T17:53:38Z</time></trkpt><trkpt lat="58.036207" lon="38.822145"><ele>105.1</ele><time>2022-08-05T17:53:41Z</time></trkpt><trkpt lat="58.036207" lon="38.822318"><ele>105.1</ele><time>2022-08-05T17:53:45Z</time></trkpt><trkpt lat="58.03622" lon="38.822467"><ele>105.2</ele><time>2022-08-05T17:53:48Z</time></trkpt><trkpt lat="58.036248" lon="38.822623"><ele>105.2</ele><time>2022-08-05T17:53:51Z</time></trkpt><trkpt lat="58.036268" lon="38.822795"><ele>104.9</ele><time>2022-08-05T17:53:54Z</time></trkpt><trkpt lat="58.036283" lon="38.822968"><ele>104.7</ele><time>2022-08-05T17:53:57Z</time></trkpt><trkpt lat="58.03631" lon="38.823133"><ele>104.3</ele><time>2022-08-05T17:54:00Z</time></trkpt><trkpt lat="58.036332" lon="38.823313"><ele>104.2</ele><time>2022-08-05T17:54:03Z</time></trkpt><trkpt lat="58.036345" lon="38.823495"><ele>104.0</ele><time>2022-08-05T17:54:06Z</time></trkpt><trkpt lat="58.036365" lon="38.823663"><ele>103.8</ele><time>2022-08-05T17:54:09Z</time></trkpt><trkpt lat="58.036398" lon="38.823822"><ele>103.9</ele><time>2022-08-05T17:54:12Z</time></trkpt><trkpt lat="58.036418" lon="38.823983"><ele>103.5</ele><time>2022-08-05T17:54:15Z</time></trkpt><trkpt lat="58.036435" lon="38.824152"><ele>104.0</ele><time>2022-08-05T17:54:18Z</time></trkpt><trkpt lat="58.036453" lon="38.824307"><ele>103.3</ele><time>2022-08-05T17:54:21Z</time></trkpt><trkpt lat="58.036512" lon="38.824427"><ele>102.2</ele><time>2022-08-05T17:54:25Z</time></trkpt><trkpt lat="58.036558" lon="38.824577"><ele>102.7</ele><time>2022-08-05T17:54:29Z</time></trkpt><trkpt lat="58.03658" lon="38.82472"><ele>102.9</ele><time>2022-08-05T17:54:32Z</time></trkpt><trkpt lat="58.036612" lon="38.824865"><ele>102.9</ele><time>2022-08-05T17:54:35Z</time></trkpt><trkpt lat="58.036653" lon="38.825007"><ele>102.7</ele><time>2022-08-05T17:54:38Z</time></trkpt><trkpt lat="58.036688" lon="38.825143"><ele>102.8</ele><time>2022-08-05T17:54:41Z</time></trkpt><trkpt lat="58.036702" lon="38.825307"><ele>102.7</ele><time>2022-08-05T17:54:44Z</time></trkpt><trkpt lat="58.036735" lon="38.825475"><ele>103.0</ele><time>2022-08-05T17:54:47Z</time></trkpt><trkpt lat="58.036795" lon="38.825617"><ele>102.3</ele><time>2022-08-05T17:54:50Z</time></trkpt><trkpt lat="58.036843" lon="38.82578"><ele>102.7</ele><time>2022-08-05T17:54:53Z</time></trkpt><trkpt lat="58.03688" lon="38.82595"><ele>102.8</ele><time>2022-08-05T17:54:56Z</time></trkpt><trkpt lat="58.036917" lon="38.826103"><ele>103.8</ele><time>2022-08-05T17:54:59Z</time></trkpt><trkpt lat="58.036955" lon="38.826272"><ele>103.9</ele><time>2022-08-05T17:55:02Z</time></trkpt><trkpt lat="58.036995" lon="38.826397"><ele>103.2</ele><time>2022-08-05T17:55:04Z</time></trkpt><trkpt lat="58.037038" lon="38.826528"><ele>103.4</ele><time>2022-08-05T17:55:06Z</time></trkpt><trkpt lat="58.037078" lon="38.826652"><ele>103.3</ele><time>2022-08-05T17:55:08Z</time></trkpt><trkpt lat="58.037123" lon="38.826783"><ele>102.4</ele><time>2022-08-05T17:55:10Z</time></trkpt><trkpt lat="58.037163" lon="38.826983"><ele>101.6</ele><time>2022-08-05T17:55:12Z</time></trkpt><trkpt lat="58.037198" lon="38.827123"><ele>101.0</ele><time>2022-08-05T17:55:14Z</time></trkpt><trkpt lat="58.03725" lon="38.82731"><ele>102.0</ele><time>2022-08-05T17:55:17Z</time></trkpt><trkpt lat="58.037303" lon="38.82744"><ele>101.5</ele><time>2022-08-05T17:55:19Z</time></trkpt><trkpt lat="58.037353" lon="38.827558"><ele>101.1</ele><time>2022-08-05T17:55:21Z</time></trkpt><trkpt lat="58.037403" lon="38.827717"><ele>101.0</ele><time>2022-08-05T17:55:24Z</time></trkpt><trkpt lat="58.037455" lon="38.827853"><ele>101.0</ele><time>2022-08-05T17:55:27Z</time></trkpt><trkpt lat="58.03749" lon="38.827972"><ele>100.4</ele><time>2022-08-05T17:55:29Z</time></trkpt><trkpt lat="58.037527" lon="38.828103"><ele>100.2</ele><time>2022-08-05T17:55:31Z</time></trkpt><trkpt lat="58.037585" lon="38.828232"><ele>100.4</ele><time>2022-08-05T17:55:33Z</time></trkpt><trkpt lat="58.037607" lon="38.82837"><ele>100.9</ele><time>2022-08-05T17:55:35Z</time></trkpt><trkpt lat="58.037648" lon="38.828532"><ele>100.2</ele><time>2022-08-05T17:55:37Z</time></trkpt><trkpt lat="58.037697" lon="38.828682"><ele>99.8</ele><time>2022-08-05T17:55:39Z</time></trkpt><trkpt lat="58.03774" lon="38.828803"><ele>99.7</ele><time>2022-08-05T17:55:41Z</time></trkpt><trkpt lat="58.037788" lon="38.828948"><ele>100.2</ele><time>2022-08-05T17:55:43Z</time></trkpt><trkpt lat="58.037832" lon="38.829072"><ele>99.4</ele><time>2022-08-05T17:55:45Z</time></trkpt><trkpt lat="58.03788" lon="38.82923"><ele>100.0</ele><time>2022-08-05T17:55:48Z</time></trkpt><trkpt lat="58.037925" lon="38.829405"><ele>99.7</ele><time>2022-08-05T17:55:51Z</time></trkpt><trkpt lat="58.037973" lon="38.829535"><ele>99.8</ele><time>2022-08-05T17:55:53Z</time></trkpt><trkpt lat="58.038018" lon="38.829658"><ele>99.4</ele><time>2022-08-05T17:55:55Z</time></trkpt><trkpt lat="58.038068" lon="38.829793"><ele>99.5</ele><time>2022-08-05T17:55:57Z</time></trkpt><trkpt lat="58.038103" lon="38.82991"><ele>99.1</ele><time>2022-08-05T17:55:59Z</time></trkpt><trkpt lat="58.038145" lon="38.830067"><ele>98.6</ele><time>2022-08-05T17:56:01Z</time></trkpt><trkpt lat="58.038173" lon="38.830212"><ele>97.9</ele><time>2022-08-05T17:56:03Z</time></trkpt><trkpt lat="58.038222" lon="38.830373"><ele>98.0</ele><time>2022-08-05T17:56:06Z</time></trkpt><trkpt lat="58.038253" lon="38.830522"><ele>97.4</ele><time>2022-08-05T17:56:09Z</time></trkpt><trkpt lat="58.038298" lon="38.830653"><ele>97.8</ele><time>2022-08-05T17:56:12Z</time></trkpt><trkpt lat="58.038333" lon="38.83078"><ele>98.2</ele><time>2022-08-05T17:56:14Z</time></trkpt><trkpt lat="58.038373" lon="38.830935"><ele>99.0</ele><time>2022-08-05T17:56:17Z</time></trkpt><trkpt lat="58.038403" lon="38.83106"><ele>98.8</ele><time>2022-08-05T17:56:21Z</time></trkpt><trkpt lat="58.038472" lon="38.831168"><ele>99.2</ele><time>2022-08-05T17:56:25Z</time></trkpt><trkpt lat="58.038525" lon="38.831295"><ele>98.6</ele><time>2022-08-05T17:56:29Z</time></trkpt><trkpt lat="58.038613" lon="38.831393"><ele>99.5</ele><time>2022-08-05T17:56:32Z</time></trkpt><trkpt lat="58.0387" lon="38.831457"><ele>100.7</ele><time>2022-08-05T17:56:35Z</time></trkpt><trkpt lat="58.038768" lon="38.831523"><ele>101.2</ele><time>2022-08-05T17:56:39Z</time></trkpt><trkpt lat="58.038868" lon="38.831542"><ele>100.9</ele><time>2022-08-05T17:56:42Z</time></trkpt><trkpt lat="58.038942" lon="38.831572"><ele>100.7</ele><time>2022-08-05T17:56:45Z</time></trkpt><trkpt lat="58.039012" lon="38.83161"><ele>101.0</ele><time>2022-08-05T17:56:48Z</time></trkpt><trkpt lat="58.0391" lon="38.83167"><ele>100.7</ele><time>2022-08-05T17:56:51Z</time></trkpt><trkpt lat="58.039183" lon="38.831707"><ele>101.7</ele><time>2022-08-05T17:56:55Z</time></trkpt><trkpt lat="58.039257" lon="38.831755"><ele>101.5</ele><time>2022-08-05T17:56:58Z</time></trkpt><trkpt lat="58.039332" lon="38.8318"><ele>101.7</ele><time>2022-08-05T17:57:00Z</time></trkpt><trkpt lat="58.039435" lon="38.831838"><ele>102.2</ele><time>2022-08-05T17:57:03Z</time></trkpt><trkpt lat="58.039508" lon="38.831852"><ele>101.8</ele><time>2022-08-05T17:57:05Z</time></trkpt><trkpt lat="58.03958" lon="38.831877"><ele>103.0</ele><time>2022-08-05T17:57:07Z</time></trkpt><trkpt lat="58.039655" lon="38.831897"><ele>104.1</ele><time>2022-08-05T17:57:09Z</time></trkpt><trkpt lat="58.039758" lon="38.831953"><ele>103.9</ele><time>2022-08-05T17:57:12Z</time></trkpt><trkpt lat="58.03983" lon="38.832032"><ele>103.4</ele><time>2022-08-05T17:57:15Z</time></trkpt><trkpt lat="58.039895" lon="38.832133"><ele>102.9</ele><time>2022-08-05T17:57:18Z</time></trkpt><trkpt lat="58.039968" lon="38.832247"><ele>103.5</ele><time>2022-08-05T17:57:21Z</time></trkpt><trkpt lat="58.040037" lon="38.83234"><ele>103.3</ele><time>2022-08-05T17:57:24Z</time></trkpt><trkpt lat="58.0401" lon="38.832435"><ele>103.7</ele><time>2022-08-05T18:01:28Z</time></trkpt><trkpt lat="58.040157" lon="38.832565"><ele>104.1</ele><time>2022-08-05T18:01:33Z</time></trkpt><trkpt lat="58.040213" lon="38.83269"><ele>104.0</ele><time>2022-08-05T18:01:36Z</time></trkpt><trkpt lat="58.040265" lon="38.832815"><ele>103.5</ele><time>2022-08-05T18:01:39Z</time></trkpt><trkpt lat="58.040307" lon="38.832957"><ele>104.3</ele><time>2022-08-05T18:01:42Z</time></trkpt><trkpt lat="58.040337" lon="38.833088"><ele>104.3</ele><time>2022-08-05T18:01:45Z</time></trkpt><trkpt lat="58.04038" lon="38.833243"><ele>104.2</ele><time>2022-08-05T18:01:48Z</time></trkpt><trkpt lat="58.040427" lon="38.833388"><ele>103.7</ele><time>2022-08-05T18:01:51Z</time></trkpt><trkpt lat="58.04047" lon="38.833547"><ele>103.7</ele><time>2022-08-05T18:01:54Z</time></trkpt><trkpt lat="58.040503" lon="38.833687"><ele>103.8</ele><time>2022-08-05T18:01:57Z</time></trkpt><trkpt lat="58.04055" lon="38.833852"><ele>104.0</ele><time>2022-08-05T18:02:00Z</time></trkpt><trkpt lat="58.040608" lon="38.83399"><ele>103.8</ele><time>2022-08-05T18:02:03Z</time></trkpt><trkpt lat="58.040658" lon="38.834165"><ele>103.6</ele><time>2022-08-05T18:02:06Z</time></trkpt><trkpt lat="58.040693" lon="38.834292"><ele>103.0</ele><time>2022-08-05T18:02:08Z</time></trkpt><trkpt lat="58.040742" lon="38.834423"><ele>102.4</ele><time>2022-08-05T18:02:10Z</time></trkpt><trkpt lat="58.040795" lon="38.834543"><ele>102.0</ele><time>2022-08-05T18:02:12Z</time></trkpt><trkpt lat="58.040843" lon="38.834692"><ele>102.3</ele><time>2022-08-05T18:02:15Z</time></trkpt><trkpt lat="58.040883" lon="38.834837"><ele>102.7</ele><time>2022-08-05T18:02:18Z</time></trkpt><trkpt lat="58.04094" lon="38.834997"><ele>103.3</ele><time>2022-08-05T18:02:21Z</time></trkpt><trkpt lat="58.040985" lon="38.835158"><ele>103.7</ele><time>2022-08-05T18:02:24Z</time></trkpt><trkpt lat="58.04103" lon="38.835307"><ele>104.1</ele><time>2022-08-05T18:02:27Z</time></trkpt><trkpt lat="58.04109" lon="38.835423"><ele>104.0</ele><time>2022-08-05T18:02:30Z</time></trkpt><trkpt lat="58.041177" lon="38.835445"><ele>103.3</ele><time>2022-08-05T18:02:33Z</time></trkpt><trkpt lat="58.04126" lon="38.835408"><ele>103.4</ele><time>2022-08-05T18:02:36Z</time></trkpt><trkpt lat="58.041337" lon="38.8354"><ele>103.0</ele><time>2022-08-05T18:02:40Z</time></trkpt><trkpt lat="58.041413" lon="38.835428"><ele>102.6</ele><time>2022-08-05T18:02:44Z</time></trkpt><trkpt lat="58.041487" lon="38.835455"><ele>104.5</ele><time>2022-08-05T18:02:53Z</time></trkpt><trkpt lat="58.041557" lon="38.835502"><ele>103.4</ele><time>2022-08-05T18:03:08Z</time></trkpt><trkpt lat="58.041632" lon="38.835518"><ele>103.8</ele><time>2022-08-05T18:03:16Z</time></trkpt><trkpt lat="58.041703" lon="38.835528"><ele>105.1</ele><time>2022-08-05T18:03:23Z</time></trkpt><trkpt lat="58.04179" lon="38.83552"><ele>105.3</ele><time>2022-08-05T18:03:30Z</time></trkpt><trkpt lat="58.041875" lon="38.835535"><ele>104.6</ele><time>2022-08-05T18:03:37Z</time></trkpt><trkpt lat="58.041933" lon="38.835618"><ele>104.6</ele><time>2022-08-05T18:03:41Z</time></trkpt><trkpt lat="58.042005" lon="38.835657"><ele>104.7</ele><time>2022-08-05T18:03:45Z</time></trkpt><trkpt lat="58.042073" lon="38.835563"><ele>105.2</ele><time>2022-08-05T18:03:49Z</time></trkpt><trkpt lat="58.042115" lon="38.835405"><ele>105.0</ele><time>2022-08-05T18:03:52Z</time></trkpt><trkpt lat="58.042142" lon="38.835235"><ele>104.9</ele><time>2022-08-05T18:03:55Z</time></trkpt><trkpt lat="58.042173" lon="38.835108"><ele>104.8</ele><time>2022-08-05T18:03:58Z</time></trkpt><trkpt lat="58.042193" lon="38.834942"><ele>104.5</ele><time>2022-08-05T18:04:05Z</time></trkpt><trkpt lat="58.042195" lon="38.834792"><ele>104.1</ele><time>2022-08-05T18:04:08Z</time></trkpt><trkpt lat="58.042185" lon="38.834627"><ele>103.8</ele><time>2022-08-05T18:04:12Z</time></trkpt><trkpt lat="58.042153" lon="38.834497"><ele>104.4</ele><time>2022-08-05T18:04:18Z</time></trkpt><trkpt lat="58.042147" lon="38.834338"><ele>104.6</ele><time>2022-08-05T18:04:22Z</time></trkpt><trkpt lat="58.042148" lon="38.834165"><ele>104.6</ele><time>2022-08-05T18:04:26Z</time></trkpt><trkpt lat="58.042167" lon="38.834015"><ele>103.8</ele><time>2022-08-05T18:04:30Z</time></trkpt><trkpt lat="58.042218" lon="38.833895"><ele>103.5</ele><time>2022-08-05T18:04:33Z</time></trkpt><trkpt lat="58.042268" lon="38.83379"><ele>103.8</ele><time>2022-08-05T18:04:36Z</time></trkpt><trkpt lat="58.042253" lon="38.833632"><ele>105.0</ele><time>2022-08-05T18:04:39Z</time></trkpt><trkpt lat="58.042237" lon="38.8335"><ele>105.1</ele><time>2022-08-05T18:04:41Z</time></trkpt><trkpt lat="58.042233" lon="38.833342"><ele>105.2</ele><time>2022-08-05T18:04:43Z</time></trkpt><trkpt lat="58.042232" lon="38.833192"><ele>104.7</ele><time>2022-08-05T18:04:45Z</time></trkpt><trkpt lat="58.04224" lon="38.833055"><ele>105.1</ele><time>2022-08-05T18:04:47Z</time></trkpt><trkpt lat="58.042248" lon="38.832907"><ele>104.3</ele><time>2022-08-05T18:04:49Z</time></trkpt><trkpt lat="58.04225" lon="38.83276"><ele>103.5</ele><time>2022-08-05T18:04:51Z</time></trkpt><trkpt lat="58.042245" lon="38.832613"><ele>103.0</ele><time>2022-08-05T18:04:53Z</time></trkpt><trkpt lat="58.04224" lon="38.832473"><ele>102.7</ele><time>2022-08-05T18:04:55Z</time></trkpt><trkpt lat="58.042235" lon="38.832277"><ele>103.8</ele><time>2022-08-05T18:04:58Z</time></trkpt><trkpt lat="58.042235" lon="38.832105"><ele>104.4</ele><time>2022-08-05T18:05:01Z</time></trkpt><trkpt lat="58.042235" lon="38.831947"><ele>104.1</ele><time>2022-08-05T18:05:04Z</time></trkpt><trkpt lat="58.04222" lon="38.831775"><ele>104.3</ele><time>2022-08-05T18:05:07Z</time></trkpt><trkpt lat="58.042212" lon="38.83164"><ele>104.1</ele><time>2022-08-05T18:05:10Z</time></trkpt><trkpt lat="58.042252" lon="38.831503"><ele>104.2</ele><time>2022-08-05T18:05:14Z</time></trkpt><trkpt lat="58.042327" lon="38.831557"><ele>104.0</ele><time>2022-08-05T18:05:15Z</time></trkpt><trkpt lat="58.042433" lon="38.831527"><ele>104.5</ele><time>2022-08-05T18:05:18Z</time></trkpt><trkpt lat="58.04251" lon="38.831598"><ele>104.3</ele><time>2022-08-05T18:05:20Z</time></trkpt><trkpt lat="58.0426" lon="38.831652"><ele>105.1</ele><time>2022-08-05T18:05:22Z</time></trkpt><trkpt lat="58.042688" lon="38.831712"><ele>105.5</ele><time>2022-08-05T18:05:24Z</time></trkpt><trkpt lat="58.042763" lon="38.831745"><ele>106.0</ele><time>2022-08-05T18:05:26Z</time></trkpt><trkpt lat="58.042853" lon="38.831803"><ele>105.8</ele><time>2022-08-05T18:05:28Z</time></trkpt><trkpt lat="58.042925" lon="38.831867"><ele>105.3</ele><time>2022-08-05T18:05:30Z</time></trkpt><trkpt lat="58.042998" lon="38.831918"><ele>105.1</ele><time>2022-08-05T18:05:32Z</time></trkpt><trkpt lat="58.043073" lon="38.831932"><ele>104.6</ele><time>2022-08-05T18:05:34Z</time></trkpt><trkpt lat="58.043128" lon="38.831782"><ele>104.9</ele><time>2022-08-05T18:05:37Z</time></trkpt><trkpt lat="58.043143" lon="38.831605"><ele>105.4</ele><time>2022-08-05T18:05:40Z</time></trkpt><trkpt lat="58.043157" lon="38.831403"><ele>105.8</ele><time>2022-08-05T18:05:43Z</time></trkpt><trkpt lat="58.043167" lon="38.83126"><ele>106.0</ele><time>2022-08-05T18:05:45Z</time></trkpt><trkpt lat="58.043177" lon="38.831068"><ele>105.9</ele><time>2022-08-05T18:05:48Z</time></trkpt><trkpt lat="58.043193" lon="38.830935"><ele>106.1</ele><time>2022-08-05T18:05:50Z</time></trkpt><trkpt lat="58.043227" lon="38.830753"><ele>106.2</ele><time>2022-08-05T18:05:53Z</time></trkpt><trkpt lat="58.043272" lon="38.830578"><ele>106.4</ele><time>2022-08-05T18:05:56Z</time></trkpt><trkpt lat="58.043322" lon="38.830398"><ele>107.7</ele><time>2022-08-05T18:05:59Z</time></trkpt><trkpt lat="58.043355" lon="38.830208"><ele>107.0</ele><time>2022-08-05T18:06:02Z</time></trkpt><trkpt lat="58.043393" lon="38.830028"><ele>107.3</ele><time>2022-08-05T18:06:05Z</time></trkpt><trkpt lat="58.043412" lon="38.829857"><ele>107.0</ele><time>2022-08-05T18:06:08Z</time></trkpt><trkpt lat="58.043425" lon="38.82971"><ele>106.8</ele><time>2022-08-05T18:06:11Z</time></trkpt><trkpt lat="58.043465" lon="38.82956"><ele>106.3</ele><time>2022-08-05T18:06:15Z</time></trkpt><trkpt lat="58.043533" lon="38.829458"><ele>106.0</ele><time>2022-08-05T18:06:18Z</time></trkpt><trkpt lat="58.0436" lon="38.829407"><ele>105.9</ele><time>2022-08-05T18:06:20Z</time></trkpt><trkpt lat="58.043702" lon="38.82943"><ele>105.7</ele><time>2022-08-05T18:06:23Z</time></trkpt><trkpt lat="58.043813" lon="38.829433"><ele>104.8</ele><time>2022-08-05T18:06:26Z</time></trkpt><trkpt lat="58.043888" lon="38.829398"><ele>104.4</ele><time>2022-08-05T18:06:28Z</time></trkpt><trkpt lat="58.043952" lon="38.829303"><ele>104.0</ele><time>2022-08-05T18:06:29Z</time></trkpt><trkpt lat="58.044015" lon="38.829198"><ele>104.2</ele><time>2022-08-05T18:06:31Z</time></trkpt><trkpt lat="58.04406" lon="38.829018"><ele>103.8</ele><time>2022-08-05T18:06:34Z</time></trkpt><trkpt lat="58.044078" lon="38.828865"><ele>104.1</ele><time>2022-08-05T18:06:36Z</time></trkpt><trkpt lat="58.044108" lon="38.82874"><ele>103.7</ele><time>2022-08-05T18:06:41Z</time></trkpt><trkpt lat="58.04419" lon="38.828725"><ele>103.9</ele><time>2022-08-05T18:06:46Z</time></trkpt><trkpt lat="58.044282" lon="38.828693"><ele>104.0</ele><time>2022-08-05T18:06:49Z</time></trkpt><trkpt lat="58.04436" lon="38.828687"><ele>104.3</ele><time>2022-08-05T18:06:51Z</time></trkpt><trkpt lat="58.044433" lon="38.828678"><ele>104.0</ele><time>2022-08-05T18:06:53Z</time></trkpt><trkpt lat="58.044498" lon="38.828543"><ele>103.7</ele><time>2022-08-05T18:06:56Z</time></trkpt><trkpt lat="58.044525" lon="38.828407"><ele>103.7</ele><time>2022-08-05T18:06:59Z</time></trkpt><trkpt lat="58.044547" lon="38.828267"><ele>103.5</ele><time>2022-08-05T18:07:02Z</time></trkpt><trkpt lat="58.044553" lon="38.828082"><ele>104.3</ele><time>2022-08-05T18:07:06Z</time></trkpt><trkpt lat="58.044577" lon="38.827895"><ele>104.5</ele><time>2022-08-05T18:07:09Z</time></trkpt><trkpt lat="58.044617" lon="38.827747"><ele>104.5</ele><time>2022-08-05T18:07:11Z</time></trkpt><trkpt lat="58.044657" lon="38.827578"><ele>103.9</ele><time>2022-08-05T18:07:13Z</time></trkpt><trkpt lat="58.044692" lon="38.827427"><ele>104.1</ele><time>2022-08-05T18:07:15Z</time></trkpt><trkpt lat="58.044722" lon="38.82728"><ele>104.2</ele><time>2022-08-05T18:07:17Z</time></trkpt><trkpt lat="58.044743" lon="38.827138"><ele>103.9</ele><time>2022-08-05T18:07:19Z</time></trkpt><trkpt lat="58.044783" lon="38.826977"><ele>104.4</ele><time>2022-08-05T18:07:22Z</time></trkpt><trkpt lat="58.04481" lon="38.826795"><ele>104.6</ele><time>2022-08-05T18:07:25Z</time></trkpt><trkpt lat="58.044853" lon="38.826628"><ele>105.5</ele><time>2022-08-05T18:07:28Z</time></trkpt><trkpt lat="58.04487" lon="38.826492"><ele>105.3</ele><time>2022-08-05T18:07:30Z</time></trkpt><trkpt lat="58.04488" lon="38.826353"><ele>105.7</ele><time>2022-08-05T18:07:32Z</time></trkpt><trkpt lat="58.044922" lon="38.826183"><ele>106.5</ele><time>2022-08-05T18:07:35Z</time></trkpt><trkpt lat="58.044977" lon="38.826018"><ele>106.7</ele><time>2022-08-05T18:07:38Z</time></trkpt><trkpt lat="58.045008" lon="38.825872"><ele>106.3</ele><time>2022-08-05T18:07:40Z</time></trkpt><trkpt lat="58.045043" lon="38.825737"><ele>106.6</ele><time>2022-08-05T18:07:42Z</time></trkpt><trkpt lat="58.045072" lon="38.82559"><ele>107.0</ele><time>2022-08-05T18:07:44Z</time></trkpt><trkpt lat="58.045098" lon="38.825457"><ele>106.4</ele><time>2022-08-05T18:07:46Z</time></trkpt><trkpt lat="58.045123" lon="38.825312"><ele>106.3</ele><time>2022-08-05T18:07:48Z</time></trkpt><trkpt lat="58.045145" lon="38.825163"><ele>105.9</ele><time>2022-08-05T18:07:50Z</time></trkpt><trkpt lat="58.045167" lon="38.825027"><ele>105.7</ele><time>2022-08-05T18:07:52Z</time></trkpt><trkpt lat="58.0452" lon="38.824868"><ele>106.2</ele><time>2022-08-05T18:07:55Z</time></trkpt><trkpt lat="58.045223" lon="38.824733"><ele>106.2</ele><time>2022-08-05T18:07:58Z</time></trkpt><trkpt lat="58.045273" lon="38.824632"><ele>106.2</ele><time>2022-08-05T18:08:03Z</time></trkpt><trkpt lat="58.04531" lon="38.824478"><ele>106.9</ele><time>2022-08-05T18:08:07Z</time></trkpt><trkpt lat="58.045342" lon="38.824338"><ele>107.8</ele><time>2022-08-05T18:08:11Z</time></trkpt><trkpt lat="58.04538" lon="38.824187"><ele>108.0</ele><time>2022-08-05T18:08:15Z</time></trkpt><trkpt lat="58.045412" lon="38.824045"><ele>108.0</ele><time>2022-08-05T18:08:18Z</time></trkpt><trkpt lat="58.045437" lon="38.823913"><ele>108.1</ele><time>2022-08-05T18:08:21Z</time></trkpt><trkpt lat="58.045443" lon="38.823767"><ele>108.3</ele><time>2022-08-05T18:08:24Z</time></trkpt><trkpt lat="58.045482" lon="38.823635"><ele>107.1</ele><time>2022-08-05T18:08:28Z</time></trkpt><trkpt lat="58.045555" lon="38.823623"><ele>106.8</ele><time>2022-08-05T18:08:31Z</time></trkpt><trkpt lat="58.04563" lon="38.823683"><ele>106.6</ele><time>2022-08-05T18:08:33Z</time></trkpt><trkpt lat="58.045692" lon="38.823603"><ele>106.1</ele><time>2022-08-05T18:08:36Z</time></trkpt><trkpt lat="58.045742" lon="38.823437"><ele>106.2</ele><time>2022-08-05T18:08:38Z</time></trkpt><trkpt lat="58.045773" lon="38.823277"><ele>105.8</ele><time>2022-08-05T18:08:40Z</time></trkpt><trkpt lat="58.045867" lon="38.823283"><ele>107.5</ele><time>2022-08-05T18:08:45Z</time></trkpt><trkpt lat="58.046027" lon="38.823278"><ele>106.9</ele><time>2022-08-05T18:08:50Z</time></trkpt><trkpt lat="58.0461" lon="38.823223"><ele>106.6</ele><time>2022-08-05T18:08:54Z</time></trkpt><trkpt lat="58.04616" lon="38.823122"><ele>107.7</ele><time>2022-08-05T18:08:57Z</time></trkpt><trkpt lat="58.046225" lon="38.822985"><ele>107.3</ele><time>2022-08-05T18:09:00Z</time></trkpt><trkpt lat="58.046312" lon="38.82286"><ele>107.9</ele><time>2022-08-05T18:09:03Z</time></trkpt><trkpt lat="58.046397" lon="38.822792"><ele>109.0</ele><time>2022-08-05T18:09:06Z</time></trkpt><trkpt lat="58.046472" lon="38.822777"><ele>109.2</ele><time>2022-08-05T18:09:08Z</time></trkpt><trkpt lat="58.046548" lon="38.82279"><ele>109.7</ele><time>2022-08-05T18:09:10Z</time></trkpt><trkpt lat="58.046647" lon="38.82284"><ele>109.0</ele><time>2022-08-05T18:09:13Z</time></trkpt><trkpt lat="58.046743" lon="38.822853"><ele>107.8</ele><time>2022-08-05T18:09:15Z</time></trkpt><trkpt lat="58.046842" lon="38.822863"><ele>107.9</ele><time>2022-08-05T18:09:17Z</time></trkpt><trkpt lat="58.046942" lon="38.822862"><ele>107.7</ele><time>2022-08-05T18:09:20Z</time></trkpt><trkpt lat="58.047032" lon="38.822908"><ele>108.4</ele><time>2022-08-05T18:09:23Z</time></trkpt><trkpt lat="58.04712" lon="38.822952"><ele>107.4</ele><time>2022-08-05T18:09:26Z</time></trkpt><trkpt lat="58.04722" lon="38.822958"><ele>107.4</ele><time>2022-08-05T18:09:29Z</time></trkpt><trkpt lat="58.047305" lon="38.822933"><ele>108.0</ele><time>2022-08-05T18:09:31Z</time></trkpt><trkpt lat="58.047372" lon="38.822845"><ele>107.9</ele><time>2022-08-05T18:09:33Z</time></trkpt><trkpt lat="58.047408" lon="38.822715"><ele>107.3</ele><time>2022-08-05T18:09:35Z</time></trkpt><trkpt lat="58.047492" lon="38.8226"><ele>107.0</ele><time>2022-08-05T18:09:38Z</time></trkpt><trkpt lat="58.047567" lon="38.822593"><ele>107.2</ele><time>2022-08-05T18:09:40Z</time></trkpt><trkpt lat="58.047662" lon="38.822655"><ele>106.9</ele><time>2022-08-05T18:09:43Z</time></trkpt><trkpt lat="58.047732" lon="38.822705"><ele>106.2</ele><time>2022-08-05T18:09:45Z</time></trkpt><trkpt lat="58.047807" lon="38.82273"><ele>107.2</ele><time>2022-08-05T18:09:48Z</time></trkpt><trkpt lat="58.047802" lon="38.822595"><ele>107.6</ele><time>2022-08-05T18:09:55Z</time></trkpt><trkpt lat="58.047768" lon="38.82244"><ele>107.1</ele><time>2022-08-05T18:09:58Z</time></trkpt><trkpt lat="58.0478" lon="38.822307"><ele>107.1</ele><time>2022-08-05T18:10:01Z</time></trkpt><trkpt lat="58.047877" lon="38.822293"><ele>108.9</ele><time>2022-08-05T18:10:07Z</time></trkpt><trkpt lat="58.047948" lon="38.822363"><ele>109.4</ele><time>2022-08-05T18:10:12Z</time></trkpt><trkpt lat="58.048025" lon="38.822372"><ele>109.1</ele><time>2022-08-05T18:10:15Z</time></trkpt><trkpt lat="58.048092" lon="38.822308"><ele>108.8</ele><time>2022-08-05T18:10:18Z</time></trkpt><trkpt lat="58.048173" lon="38.822197"><ele>108.3</ele><time>2022-08-05T18:10:22Z</time></trkpt><trkpt lat="58.04824" lon="38.822118"><ele>108.5</ele><time>2022-08-05T18:10:24Z</time></trkpt><trkpt lat="58.048323" lon="38.822"><ele>108.7</ele><time>2022-08-05T18:10:27Z</time></trkpt><trkpt lat="58.048398" lon="38.821885"><ele>108.0</ele><time>2022-08-05T18:10:30Z</time></trkpt><trkpt lat="58.048468" lon="38.821797"><ele>107.3</ele><time>2022-08-05T18:10:33Z</time></trkpt><trkpt lat="58.048535" lon="38.821708"><ele>107.3</ele><time>2022-08-05T18:10:35Z</time></trkpt><trkpt lat="58.048608" lon="38.821602"><ele>107.4</ele><time>2022-08-05T18:10:37Z</time></trkpt><trkpt lat="58.048682" lon="38.821502"><ele>107.3</ele><time>2022-08-05T18:10:39Z</time></trkpt><trkpt lat="58.048752" lon="38.821412"><ele>107.3</ele><time>2022-08-05T18:10:41Z</time></trkpt><trkpt lat="58.04881" lon="38.821333"><ele>107.6</ele><time>2022-08-05T18:10:43Z</time></trkpt><trkpt lat="58.048892" lon="38.821208"><ele>106.6</ele><time>2022-08-05T18:10:46Z</time></trkpt><trkpt lat="58.048952" lon="38.821113"><ele>106.5</ele><time>2022-08-05T18:10:48Z</time></trkpt><trkpt lat="58.049018" lon="38.821012"><ele>105.4</ele><time>2022-08-05T18:10:50Z</time></trkpt><trkpt lat="58.04907" lon="38.820907"><ele>104.5</ele><time>2022-08-05T18:10:52Z</time></trkpt><trkpt lat="58.049138" lon="38.820832"><ele>104.6</ele><time>2022-08-05T18:10:54Z</time></trkpt><trkpt lat="58.04923" lon="38.820735"><ele>104.5</ele><time>2022-08-05T18:10:56Z</time></trkpt><trkpt lat="58.049295" lon="38.820648"><ele>104.6</ele><time>2022-08-05T18:10:58Z</time></trkpt><trkpt lat="58.049383" lon="38.82055"><ele>104.3</ele><time>2022-08-05T18:11:01Z</time></trkpt><trkpt lat="58.049447" lon="38.820472"><ele>105.1</ele><time>2022-08-05T18:11:04Z</time></trkpt><trkpt lat="58.049518" lon="38.820363"><ele>104.9</ele><time>2022-08-05T18:11:07Z</time></trkpt><trkpt lat="58.049585" lon="38.82024"><ele>104.0</ele><time>2022-08-05T18:11:11Z</time></trkpt><trkpt lat="58.049633" lon="38.820098"><ele>104.5</ele><time>2022-08-05T18:11:14Z</time></trkpt><trkpt lat="58.04967" lon="38.819928"><ele>104.6</ele><time>2022-08-05T18:11:17Z</time></trkpt><trkpt lat="58.049757" lon="38.819892"><ele>104.3</ele><time>2022-08-05T18:11:19Z</time></trkpt><trkpt lat="58.04986" lon="38.819902"><ele>103.8</ele><time>2022-08-05T18:11:22Z</time></trkpt><trkpt lat="58.049962" lon="38.819937"><ele>103.8</ele><time>2022-08-05T18:11:25Z</time></trkpt><trkpt lat="58.050068" lon="38.819957"><ele>103.6</ele><time>2022-08-05T18:11:28Z</time></trkpt><trkpt lat="58.050142" lon="38.819963"><ele>103.1</ele><time>2022-08-05T18:11:30Z</time></trkpt><trkpt lat="58.050213" lon="38.819967"><ele>103.3</ele><time>2022-08-05T18:11:32Z</time></trkpt><trkpt lat="58.05029" lon="38.819972"><ele>102.8</ele><time>2022-08-05T18:11:34Z</time></trkpt><trkpt lat="58.050382" lon="38.82"><ele>102.6</ele><time>2022-08-05T18:11:36Z</time></trkpt><trkpt lat="58.050458" lon="38.820037"><ele>102.9</ele><time>2022-08-05T18:11:38Z</time></trkpt><trkpt lat="58.050542" lon="38.820083"><ele>102.7</ele><time>2022-08-05T18:11:40Z</time></trkpt><trkpt lat="58.050615" lon="38.820112"><ele>102.8</ele><time>2022-08-05T18:11:42Z</time></trkpt><trkpt lat="58.050692" lon="38.82014"><ele>102.7</ele><time>2022-08-05T18:11:44Z</time></trkpt><trkpt lat="58.050777" lon="38.820153"><ele>102.7</ele><time>2022-08-05T18:11:46Z</time></trkpt><trkpt lat="58.050862" lon="38.820142"><ele>101.4</ele><time>2022-08-05T18:11:48Z</time></trkpt><trkpt lat="58.050947" lon="38.820135"><ele>101.4</ele><time>2022-08-05T18:11:50Z</time></trkpt><trkpt lat="58.05102" lon="38.820142"><ele>102.1</ele><time>2022-08-05T18:11:52Z</time></trkpt><trkpt lat="58.051118" lon="38.820152"><ele>102.2</ele><time>2022-08-05T18:11:54Z</time></trkpt><trkpt lat="58.051203" lon="38.820153"><ele>102.5</ele><time>2022-08-05T18:11:56Z</time></trkpt><trkpt lat="58.051297" lon="38.820153"><ele>102.6</ele><time>2022-08-05T18:11:58Z</time></trkpt><trkpt lat="58.051385" lon="38.820157"><ele>103.2</ele><time>2022-08-05T18:12:00Z</time></trkpt><trkpt lat="58.051483" lon="38.820152"><ele>103.2</ele><time>2022-08-05T18:12:02Z</time></trkpt><trkpt lat="58.051583" lon="38.820152"><ele>103.4</ele><time>2022-08-05T18:12:04Z</time></trkpt><trkpt lat="58.051655" lon="38.82012"><ele>103.7</ele><time>2022-08-05T18:12:06Z</time></trkpt><trkpt lat="58.05175" lon="38.820127"><ele>104.1</ele><time>2022-08-05T18:12:08Z</time></trkpt><trkpt lat="58.051842" lon="38.82016"><ele>104.1</ele><time>2022-08-05T18:12:11Z</time></trkpt><trkpt lat="58.051935" lon="38.820178"><ele>104.6</ele><time>2022-08-05T18:12:13Z</time></trkpt><trkpt lat="58.052022" lon="38.82018"><ele>104.6</ele><time>2022-08-05T18:12:15Z</time></trkpt><trkpt lat="58.052098" lon="38.820228"><ele>104.4</ele><time>2022-08-05T18:12:17Z</time></trkpt><trkpt lat="58.052183" lon="38.820235"><ele>104.4</ele><time>2022-08-05T18:12:18Z</time></trkpt><trkpt lat="58.05228" lon="38.820282"><ele>104.3</ele><time>2022-08-05T18:12:21Z</time></trkpt><trkpt lat="58.052375" lon="38.820313"><ele>104.3</ele><time>2022-08-05T18:12:24Z</time></trkpt><trkpt lat="58.052463" lon="38.82032"><ele>104.4</ele><time>2022-08-05T18:12:26Z</time></trkpt><trkpt lat="58.05256" lon="38.820328"><ele>104.0</ele><time>2022-08-05T18:12:29Z</time></trkpt><trkpt lat="58.052635" lon="38.820325"><ele>103.8</ele><time>2022-08-05T18:12:31Z</time></trkpt><trkpt lat="58.052753" lon="38.820317"><ele>103.6</ele><time>2022-08-05T18:12:34Z</time></trkpt><trkpt lat="58.052853" lon="38.820317"><ele>103.5</ele><time>2022-08-05T18:12:36Z</time></trkpt><trkpt lat="58.052942" lon="38.820367"><ele>103.6</ele><time>2022-08-05T18:12:38Z</time></trkpt><trkpt lat="58.053038" lon="38.820358"><ele>103.3</ele><time>2022-08-05T18:12:40Z</time></trkpt><trkpt lat="58.053123" lon="38.820407"><ele>103.0</ele><time>2022-08-05T18:12:43Z</time></trkpt><trkpt lat="58.053207" lon="38.820437"><ele>102.7</ele><time>2022-08-05T18:12:45Z</time></trkpt><trkpt lat="58.053283" lon="38.82039"><ele>102.2</ele><time>2022-08-05T18:12:47Z</time></trkpt><trkpt lat="58.053357" lon="38.820262"><ele>102.4</ele><time>2022-08-05T18:12:50Z</time></trkpt><trkpt lat="58.05344" lon="38.820255"><ele>102.7</ele><time>2022-08-05T18:12:54Z</time></trkpt><trkpt lat="58.05352" lon="38.820255"><ele>102.3</ele><time>2022-08-05T18:12:57Z</time></trkpt><trkpt lat="58.053602" lon="38.820245"><ele>102.0</ele><time>2022-08-05T18:13:00Z</time></trkpt><trkpt lat="58.053697" lon="38.82019"><ele>101.8</ele><time>2022-08-05T18:13:03Z</time></trkpt><trkpt lat="58.05374" lon="38.820067"><ele>102.7</ele><time>2022-08-05T18:13:06Z</time></trkpt><trkpt lat="58.053767" lon="38.819888"><ele>101.9</ele><time>2022-08-05T18:13:10Z</time></trkpt><trkpt lat="58.053783" lon="38.819735"><ele>101.8</ele><time>2022-08-05T18:13:12Z</time></trkpt><trkpt lat="58.053813" lon="38.819592"><ele>102.0</ele><time>2022-08-05T18:13:14Z</time></trkpt><trkpt lat="58.053865" lon="38.819495"><ele>102.2</ele><time>2022-08-05T18:13:16Z</time></trkpt><trkpt lat="58.053922" lon="38.81941"><ele>102.2</ele><time>2022-08-05T18:13:18Z</time></trkpt><trkpt lat="58.053978" lon="38.819317"><ele>102.5</ele><time>2022-08-05T18:13:20Z</time></trkpt><trkpt lat="58.054038" lon="38.819215"><ele>102.5</ele><time>2022-08-05T18:13:22Z</time></trkpt><trkpt lat="58.054115" lon="38.819065"><ele>101.2</ele><time>2022-08-05T18:13:25Z</time></trkpt><trkpt lat="58.054177" lon="38.818955"><ele>101.9</ele><time>2022-08-05T18:13:27Z</time></trkpt><trkpt lat="58.05424" lon="38.81886"><ele>101.7</ele><time>2022-08-05T18:13:29Z</time></trkpt><trkpt lat="58.054298" lon="38.818762"><ele>100.8</ele><time>2022-08-05T18:13:31Z</time></trkpt><trkpt lat="58.054367" lon="38.818625"><ele>100.5</ele><time>2022-08-05T18:13:34Z</time></trkpt><trkpt lat="58.054387" lon="38.818452"><ele>100.0</ele><time>2022-08-05T18:13:37Z</time></trkpt><trkpt lat="58.054403" lon="38.818273"><ele>100.4</ele><time>2022-08-05T18:13:40Z</time></trkpt><trkpt lat="58.054415" lon="38.818085"><ele>100.6</ele><time>2022-08-05T18:13:43Z</time></trkpt><trkpt lat="58.054427" lon="38.817898"><ele>100.9</ele><time>2022-08-05T18:13:46Z</time></trkpt><trkpt lat="58.054458" lon="38.817738"><ele>101.1</ele><time>2022-08-05T18:13:50Z</time></trkpt><trkpt lat="58.054543" lon="38.817673"><ele>101.2</ele><time>2022-08-05T18:13:53Z</time></trkpt><trkpt lat="58.054617" lon="38.817612"><ele>100.5</ele><time>2022-08-05T18:13:56Z</time></trkpt><trkpt lat="58.054668" lon="38.817507"><ele>100.8</ele><time>2022-08-05T18:13:59Z</time></trkpt><trkpt lat="58.054737" lon="38.817337"><ele>100.4</ele><time>2022-08-05T18:14:02Z</time></trkpt><trkpt lat="58.054817" lon="38.817243"><ele>100.4</ele><time>2022-08-05T18:14:03Z</time></trkpt><trkpt lat="58.054892" lon="38.817102"><ele>100.7</ele><time>2022-08-05T18:14:05Z</time></trkpt><trkpt lat="58.054915" lon="38.816972"><ele>100.8</ele><time>2022-08-05T18:14:07Z</time></trkpt><trkpt lat="58.054947" lon="38.81684"><ele>100.3</ele><time>2022-08-05T18:14:09Z</time></trkpt><trkpt lat="58.054977" lon="38.816667"><ele>100.5</ele><time>2022-08-05T18:14:12Z</time></trkpt><trkpt lat="58.054985" lon="38.8165"><ele>100.6</ele><time>2022-08-05T18:14:14Z</time></trkpt><trkpt lat="58.055002" lon="38.816337"><ele>100.4</ele><time>2022-08-05T18:14:17Z</time></trkpt><trkpt lat="58.055037" lon="38.81621"><ele>100.5</ele><time>2022-08-05T18:14:21Z</time></trkpt><trkpt lat="58.055123" lon="38.816195"><ele>102.6</ele><time>2022-08-05T18:15:24Z</time></trkpt><trkpt lat="58.055197" lon="38.816232"><ele>102.1</ele><time>2022-08-05T18:15:31Z</time></trkpt><trkpt lat="58.055272" lon="38.816192"><ele>102.4</ele><time>2022-08-05T18:15:37Z</time></trkpt><trkpt lat="58.055285" lon="38.816053"><ele>103.4</ele><time>2022-08-05T18:15:45Z</time></trkpt><trkpt lat="58.055307" lon="38.815898"><ele>103.3</ele><time>2022-08-05T18:15:49Z</time></trkpt><trkpt lat="58.055357" lon="38.815792"><ele>103.5</ele><time>2022-08-05T18:15:52Z</time></trkpt><trkpt lat="58.055422" lon="38.815693"><ele>103.5</ele><time>2022-08-05T18:15:55Z</time></trkpt><trkpt lat="58.055482" lon="38.815555"><ele>104.1</ele><time>2022-08-05T18:15:58Z</time></trkpt><trkpt lat="58.05553" lon="38.815413"><ele>104.3</ele><time>2022-08-05T18:16:01Z</time></trkpt><trkpt lat="58.055595" lon="38.815288"><ele>104.3</ele><time>2022-08-05T18:16:04Z</time></trkpt><trkpt lat="58.055655" lon="38.815155"><ele>104.6</ele><time>2022-08-05T18:16:07Z</time></trkpt><trkpt lat="58.055713" lon="38.815017"><ele>104.3</ele><time>2022-08-05T18:16:11Z</time></trkpt><trkpt lat="58.05579" lon="38.814917"><ele>104.1</ele><time>2022-08-05T18:16:14Z</time></trkpt><trkpt lat="58.055853" lon="38.814815"><ele>104.1</ele><time>2022-08-05T18:16:17Z</time></trkpt><trkpt lat="58.055878" lon="38.81467"><ele>104.2</ele><time>2022-08-05T18:16:20Z</time></trkpt><trkpt lat="58.05594" lon="38.814515"><ele>104.1</ele><time>2022-08-05T18:16:23Z</time></trkpt><trkpt lat="58.056015" lon="38.814378"><ele>104.3</ele><time>2022-08-05T18:16:26Z</time></trkpt><trkpt lat="58.056077" lon="38.814237"><ele>104.1</ele><time>2022-08-05T18:16:29Z</time></trkpt><trkpt lat="58.056137" lon="38.814098"><ele>104.1</ele><time>2022-08-05T18:16:32Z</time></trkpt><trkpt lat="58.056197" lon="38.813985"><ele>103.5</ele><time>2022-08-05T18:16:35Z</time></trkpt><trkpt lat="58.056248" lon="38.813878"><ele>103.2</ele><time>2022-08-05T18:16:38Z</time></trkpt><trkpt lat="58.056295" lon="38.81377"><ele>103.4</ele><time>2022-08-05T18:16:41Z</time></trkpt><trkpt lat="58.05634" lon="38.813652"><ele>104.6</ele><time>2022-08-05T18:16:44Z</time></trkpt><trkpt lat="58.056415" lon="38.81359"><ele>104.8</ele><time>2022-08-05T18:16:48Z</time></trkpt><trkpt lat="58.056495" lon="38.813623"><ele>104.4</ele><time>2022-08-05T18:16:52Z</time></trkpt><trkpt lat="58.056567" lon="38.81365"><ele>104.4</ele><time>2022-08-05T18:16:58Z</time></trkpt><trkpt lat="58.056643" lon="38.813645"><ele>104.8</ele><time>2022-08-05T18:17:02Z</time></trkpt><trkpt lat="58.056732" lon="38.81364"><ele>104.6</ele><time>2022-08-05T18:17:06Z</time></trkpt><trkpt lat="58.056827" lon="38.813648"><ele>104.7</ele><time>2022-08-05T18:17:10Z</time></trkpt><trkpt lat="58.056908" lon="38.8136"><ele>104.7</ele><time>2022-08-05T18:17:16Z</time></trkpt><trkpt lat="58.056992" lon="38.813623"><ele>105.2</ele><time>2022-08-05T18:17:20Z</time></trkpt><trkpt lat="58.057062" lon="38.81355"><ele>105.8</ele><time>2022-08-05T18:17:25Z</time></trkpt><trkpt lat="58.057065" lon="38.813385"><ele>105.7</ele><time>2022-08-05T18:17:28Z</time></trkpt><trkpt lat="58.057085" lon="38.813207"><ele>105.7</ele><time>2022-08-05T18:17:31Z</time></trkpt><trkpt lat="58.057082" lon="38.81303"><ele>105.3</ele><time>2022-08-05T18:17:34Z</time></trkpt><trkpt lat="58.057083" lon="38.812855"><ele>105.2</ele><time>2022-08-05T18:17:37Z</time></trkpt><trkpt lat="58.057093" lon="38.812692"><ele>105.0</ele><time>2022-08-05T18:17:40Z</time></trkpt><trkpt lat="58.057118" lon="38.81252"><ele>105.0</ele><time>2022-08-05T18:17:44Z</time></trkpt><trkpt lat="58.057137" lon="38.812342"><ele>105.4</ele><time>2022-08-05T18:17:48Z</time></trkpt><trkpt lat="58.057217" lon="38.812267"><ele>106.0</ele><time>2022-08-05T18:17:51Z</time></trkpt><trkpt lat="58.057298" lon="38.81232"><ele>107.1</ele><time>2022-08-05T18:17:54Z</time></trkpt><trkpt lat="58.057395" lon="38.812385"><ele>107.3</ele><time>2022-08-05T18:17:57Z</time></trkpt><trkpt lat="58.057495" lon="38.812463"><ele>108.0</ele><time>2022-08-05T18:18:00Z</time></trkpt><trkpt lat="58.057582" lon="38.812517"><ele>109.7</ele><time>2022-08-05T18:18:03Z</time></trkpt><trkpt lat="58.057653" lon="38.812568"><ele>110.2</ele><time>2022-08-05T18:18:05Z</time></trkpt><trkpt lat="58.057717" lon="38.812662"><ele>111.3</ele><time>2022-08-05T18:18:07Z</time></trkpt><trkpt lat="58.057777" lon="38.81276"><ele>111.3</ele><time>2022-08-05T18:18:09Z</time></trkpt><trkpt lat="58.057838" lon="38.812832"><ele>111.7</ele><time>2022-08-05T18:18:12Z</time></trkpt><trkpt lat="58.057918" lon="38.812847"><ele>110.8</ele><time>2022-08-05T18:18:15Z</time></trkpt><trkpt lat="58.057992" lon="38.812812"><ele>111.3</ele><time>2022-08-05T18:18:18Z</time></trkpt><trkpt lat="58.058067" lon="38.812785"><ele>111.1</ele><time>2022-08-05T18:18:21Z</time></trkpt><trkpt lat="58.058142" lon="38.812692"><ele>109.8</ele><time>2022-08-05T18:18:24Z</time></trkpt><trkpt lat="58.058187" lon="38.812547"><ele>109.3</ele><time>2022-08-05T18:18:27Z</time></trkpt><trkpt lat="58.058215" lon="38.81241"><ele>109.5</ele><time>2022-08-05T18:18:31Z</time></trkpt><trkpt lat="58.058223" lon="38.812237"><ele>108.4</ele><time>2022-08-05T18:18:36Z</time></trkpt><trkpt lat="58.05823" lon="38.81208"><ele>108.1</ele><time>2022-08-05T18:18:39Z</time></trkpt><trkpt lat="58.058232" lon="38.811915"><ele>108.4</ele><time>2022-08-05T18:18:42Z</time></trkpt><trkpt lat="58.058243" lon="38.811778"><ele>108.6</ele><time>2022-08-05T18:18:45Z</time></trkpt><trkpt lat="58.058263" lon="38.81162"><ele>108.9</ele><time>2022-08-05T18:18:49Z</time></trkpt><trkpt lat="58.058297" lon="38.811462"><ele>108.4</ele><time>2022-08-05T18:18:53Z</time></trkpt><trkpt lat="58.058335" lon="38.81132"><ele>107.0</ele><time>2022-08-05T18:18:56Z</time></trkpt><trkpt lat="58.058415" lon="38.811292"><ele>106.1</ele><time>2022-08-05T18:18:58Z</time></trkpt><trkpt lat="58.058493" lon="38.811305"><ele>105.8</ele><time>2022-08-05T18:19:00Z</time></trkpt><trkpt lat="58.058573" lon="38.811322"><ele>106.1</ele><time>2022-08-05T18:19:02Z</time></trkpt><trkpt lat="58.058635" lon="38.811252"><ele>105.7</ele><time>2022-08-05T18:19:08Z</time></trkpt><trkpt lat="58.05871" lon="38.811162"><ele>105.9</ele><time>2022-08-05T18:19:13Z</time></trkpt><trkpt lat="58.058783" lon="38.811188"><ele>105.5</ele><time>2022-08-05T18:19:16Z</time></trkpt><trkpt lat="58.058818" lon="38.811042"><ele>103.8</ele><time>2022-08-05T18:19:20Z</time></trkpt><trkpt lat="58.05882" lon="38.810885"><ele>103.8</ele><time>2022-08-05T18:19:23Z</time></trkpt><trkpt lat="58.058828" lon="38.810695"><ele>104.6</ele><time>2022-08-05T18:19:26Z</time></trkpt><trkpt lat="58.058838" lon="38.810542"><ele>104.7</ele><time>2022-08-05T18:19:28Z</time></trkpt><trkpt lat="58.058858" lon="38.810402"><ele>104.8</ele><time>2022-08-05T18:19:30Z</time></trkpt><trkpt lat="58.05888" lon="38.810265"><ele>104.6</ele><time>2022-08-05T18:19:32Z</time></trkpt><trkpt lat="58.058868" lon="38.810072"><ele>103.0</ele><time>2022-08-05T18:19:35Z</time></trkpt><trkpt lat="58.058865" lon="38.809885"><ele>103.4</ele><time>2022-08-05T18:19:38Z</time></trkpt><trkpt lat="58.05887" lon="38.809698"><ele>102.1</ele><time>2022-08-05T18:19:41Z</time></trkpt><trkpt lat="58.058885" lon="38.80951"><ele>102.8</ele><time>2022-08-05T18:19:44Z</time></trkpt><trkpt lat="58.058882" lon="38.809303"><ele>103.0</ele><time>2022-08-05T18:19:47Z</time></trkpt><trkpt lat="58.058893" lon="38.809107"><ele>102.6</ele><time>2022-08-05T18:19:50Z</time></trkpt><trkpt lat="58.058917" lon="38.808918"><ele>103.2</ele><time>2022-08-05T18:19:53Z</time></trkpt><trkpt lat="58.058928" lon="38.808775"><ele>103.6</ele><time>2022-08-05T18:19:55Z</time></trkpt><trkpt lat="58.058938" lon="38.808632"><ele>103.8</ele><time>2022-08-05T18:19:57Z</time></trkpt><trkpt lat="58.05895" lon="38.808492"><ele>103.9</ele><time>2022-08-05T18:19:59Z</time></trkpt><trkpt lat="58.058967" lon="38.808322"><ele>103.9</ele><time>2022-08-05T18:20:02Z</time></trkpt><trkpt lat="58.058987" lon="38.80818"><ele>104.2</ele><time>2022-08-05T18:20:05Z</time></trkpt><trkpt lat="58.059008" lon="38.808028"><ele>104.3</ele><time>2022-08-05T18:20:08Z</time></trkpt><trkpt lat="58.05902" lon="38.80788"><ele>104.2</ele><time>2022-08-05T18:20:11Z</time></trkpt><trkpt lat="58.059022" lon="38.80772"><ele>104.7</ele><time>2022-08-05T18:20:15Z</time></trkpt><trkpt lat="58.059005" lon="38.807582"><ele>105.4</ele><time>2022-08-05T18:20:24Z</time></trkpt><trkpt lat="58.058913" lon="38.80754"><ele>105.3</ele><time>2022-08-05T18:20:27Z</time></trkpt><trkpt lat="58.058837" lon="38.807533"><ele>105.2</ele><time>2022-08-05T18:20:29Z</time></trkpt><trkpt lat="58.05876" lon="38.807527"><ele>105.2</ele><time>2022-08-05T18:20:31Z</time></trkpt><trkpt lat="58.058683" lon="38.807523"><ele>104.8</ele><time>2022-08-05T18:20:33Z</time></trkpt><trkpt lat="58.058603" lon="38.807573"><ele>104.8</ele><time>2022-08-05T18:20:37Z</time></trkpt><trkpt lat="58.058577" lon="38.807698"><ele>105.5</ele><time>2022-08-05T18:21:26Z</time></trkpt><trkpt lat="58.058355" lon="38.8079"><ele>105.5</ele><time>2022-08-05T18:22:04Z</time></trkpt><trkpt lat="58.05879" lon="38.807792"><ele>108.3</ele><time>2022-08-05T18:22:55Z</time></trkpt><trkpt lat="58.058913" lon="38.8078"><ele>105.3</ele><time>2022-08-05T18:23:19Z</time></trkpt><trkpt lat="58.058852" lon="38.807605"><ele>105.2</ele><time>2022-08-05T18:23:20Z</time></trkpt><trkpt lat="58.058777" lon="38.80733"><ele>105.1</ele><time>2022-08-05T18:23:29Z</time></trkpt></trkseg></trk></gpx>