<?xml version="1.0" encoding="UTF-8" standalone="no"?><gpx xmlns="http://www.topografix.com/GPX/1/1" xmlns:gpxtpx="http://www.garmin.com/xmlschemas/TrackPointExtension/v1" xmlns:xsi="http://www.w3.org/2001/XMLSchema-instance" creator="Sports Tracker" version="1.1" xsi:schemaLocation="http://www.topografix.com/GPX/1/1 http://www.topografix.com/GPX/1/1/gpx.xsd http://www.garmin.com/xmlschemas/TrackPointExtension/v1 http://www.garmin.com/xmlschemas/TrackPointExtensionv1.xsd"><metadata><name>28.01.2024 21:15</name><desc/><author><name>Александр</name></author></metadata><trk><name>28.01.2024 21:15</name><trkseg><trkpt lat="58.058517" lon="38.80866"><ele>148.3</ele><time>2024-01-28T18:15:12Z</time></trkpt><trkpt lat="58.058517" lon="38.80866"><ele>148.3</ele><time>2024-01-28T18:15:18Z</time></trkpt><trkpt lat="58.058617" lon="38.808155"><ele>133.7</ele><time>2024-01-28T18:15:19Z</time></trkpt><trkpt lat="58.058515" lon="38.808427"><ele>141.3</ele><time>2024-01-28T18:15:20Z</time></trkpt><trkpt lat="58.05859" lon="38.808095"><ele>118.9</ele><time>2024-01-28T18:15:21Z</time></trkpt><trkpt lat="58.05869" lon="38.807965"><ele>84.6</ele><time>2024-01-28T18:15:23Z</time></trkpt><trkpt lat="58.058675" lon="38.80813"><ele>104.5</ele><time>2024-01-28T18:15:25Z</time></trkpt><trkpt lat="58.05863" lon="38.80827"><ele>111.4</ele><time>2024-01-28T18:15:29Z</time></trkpt><trkpt lat="58.058625" lon="38.80843"><ele>116.2</ele><time>2024-01-28T18:15:35Z</time></trkpt><trkpt lat="58.058622" lon="38.80858"><ele>116.3</ele><time>2024-01-28T18:15:42Z</time></trkpt><trkpt lat="58.058617" lon="38.808723"><ele>118.6</ele><time>2024-01-28T18:15:49Z</time></trkpt><trkpt lat="58.058595" lon="38.808837"><ele>118.2</ele><time>2024-01-28T18:15:56Z</time></trkpt><trkpt lat="58.058582" lon="38.808945"><ele>116.3</ele><time>2024-01-28T18:16:03Z</time></trkpt><trkpt lat="58.05861" lon="38.809065"><ele>114.5</ele><time>2024-01-28T18:16:10Z</time></trkpt><trkpt lat="58.0586" lon="38.809225"><ele>117.8</ele><time>2024-01-28T18:16:17Z</time></trkpt><trkpt lat="58.058575" lon="38.80923"><ele>117.3</ele><time>2024-01-28T18:16:24Z</time></trkpt><trkpt lat="58.05856" lon="38.80923"><ele>111.3</ele><time>2024-01-28T18:16:31Z</time></trkpt><trkpt lat="58.058555" lon="38.80939"><ele>108.9</ele><time>2024-01-28T18:16:35Z</time></trkpt><trkpt lat="58.0586" lon="38.809552"><ele>113.9</ele><time>2024-01-28T18:16:42Z</time></trkpt><trkpt lat="58.058605" lon="38.809717"><ele>117.2</ele><time>2024-01-28T18:16:45Z</time></trkpt><trkpt lat="58.058613" lon="38.809385"><ele>114.8</ele><time>2024-01-28T18:16:48Z</time></trkpt><trkpt lat="58.058685" lon="38.80942"><ele>113.9</ele><time>2024-01-28T18:16:50Z</time></trkpt><trkpt lat="58.058675" lon="38.809585"><ele>116.6</ele><time>2024-01-28T18:16:54Z</time></trkpt><trkpt lat="58.058675" lon="38.809745"><ele>116.1</ele><time>2024-01-28T18:16:58Z</time></trkpt><trkpt lat="58.058715" lon="38.80989"><ele>116.5</ele><time>2024-01-28T18:17:02Z</time></trkpt><trkpt lat="58.058715" lon="38.810023"><ele>114.0</ele><time>2024-01-28T18:17:07Z</time></trkpt><trkpt lat="58.058687" lon="38.810162"><ele>108.1</ele><time>2024-01-28T18:17:13Z</time></trkpt><trkpt lat="58.058665" lon="38.8103"><ele>110.0</ele><time>2024-01-28T18:17:20Z</time></trkpt><trkpt lat="58.058697" lon="38.810415"><ele>108.9</ele><time>2024-01-28T18:17:27Z</time></trkpt><trkpt lat="58.05873" lon="38.810592"><ele>107.5</ele><time>2024-01-28T18:17:32Z</time></trkpt><trkpt lat="58.058685" lon="38.81072"><ele>111.5</ele><time>2024-01-28T18:17:39Z</time></trkpt><trkpt lat="58.05869" lon="38.81087"><ele>112.6</ele><time>2024-01-28T18:17:46Z</time></trkpt><trkpt lat="58.058755" lon="38.810923"><ele>111.7</ele><time>2024-01-28T18:17:53Z</time></trkpt><trkpt lat="58.0588" lon="38.811045"><ele>114.6</ele><time>2024-01-28T18:18:00Z</time></trkpt><trkpt lat="58.05885" lon="38.811155"><ele>116.1</ele><time>2024-01-28T18:18:04Z</time></trkpt><trkpt lat="58.058857" lon="38.811315"><ele>118.4</ele><time>2024-01-28T18:18:08Z</time></trkpt><trkpt lat="58.058805" lon="38.811172"><ele>118.7</ele><time>2024-01-28T18:18:12Z</time></trkpt><trkpt lat="58.05888" lon="38.81121"><ele>118.8</ele><time>2024-01-28T18:18:16Z</time></trkpt><trkpt lat="58.05895" lon="38.81125"><ele>118.6</ele><time>2024-01-28T18:18:23Z</time></trkpt><trkpt lat="58.059035" lon="38.81125"><ele>119.4</ele><time>2024-01-28T18:18:29Z</time></trkpt><trkpt lat="58.059115" lon="38.81128"><ele>119.8</ele><time>2024-01-28T18:18:35Z</time></trkpt><trkpt lat="58.05918" lon="38.811225"><ele>119.5</ele><time>2024-01-28T18:18:39Z</time></trkpt><trkpt lat="58.059255" lon="38.81128"><ele>119.5</ele><time>2024-01-28T18:18:44Z</time></trkpt><trkpt lat="58.059305" lon="38.811365"><ele>120.3</ele><time>2024-01-28T18:18:51Z</time></trkpt><trkpt lat="58.059375" lon="38.811387"><ele>122.1</ele><time>2024-01-28T18:18:58Z</time></trkpt><trkpt lat="58.059447" lon="38.811367"><ele>123.6</ele><time>2024-01-28T18:19:04Z</time></trkpt><trkpt lat="58.059525" lon="38.81137"><ele>122.7</ele><time>2024-01-28T18:19:11Z</time></trkpt><trkpt lat="58.059603" lon="38.811357"><ele>123.1</ele><time>2024-01-28T18:19:17Z</time></trkpt><trkpt lat="58.05968" lon="38.81137"><ele>123.3</ele><time>2024-01-28T18:19:24Z</time></trkpt><trkpt lat="58.059757" lon="38.8114"><ele>121.9</ele><time>2024-01-28T18:19:31Z</time></trkpt><trkpt lat="58.059828" lon="38.81141"><ele>120.7</ele><time>2024-01-28T18:19:38Z</time></trkpt><trkpt lat="58.05991" lon="38.811395"><ele>121.5</ele><time>2024-01-28T18:19:44Z</time></trkpt><trkpt lat="58.059975" lon="38.81149"><ele>121.9</ele><time>2024-01-28T18:19:51Z</time></trkpt><trkpt lat="58.06005" lon="38.811487"><ele>121.0</ele><time>2024-01-28T18:19:57Z</time></trkpt><trkpt lat="58.060115" lon="38.81157"><ele>121.5</ele><time>2024-01-28T18:20:02Z</time></trkpt><trkpt lat="58.060197" lon="38.811605"><ele>118.1</ele><time>2024-01-28T18:20:08Z</time></trkpt><trkpt lat="58.060195" lon="38.811742"><ele>114.9</ele><time>2024-01-28T18:20:15Z</time></trkpt><trkpt lat="58.06017" lon="38.811817"><ele>113.9</ele><time>2024-01-28T18:20:22Z</time></trkpt><trkpt lat="58.060152" lon="38.81193"><ele>112.3</ele><time>2024-01-28T18:20:29Z</time></trkpt><trkpt lat="58.060138" lon="38.812062"><ele>111.8</ele><time>2024-01-28T18:20:34Z</time></trkpt><trkpt lat="58.0601" lon="38.81218"><ele>112.7</ele><time>2024-01-28T18:20:40Z</time></trkpt><trkpt lat="58.060115" lon="38.812332"><ele>112.4</ele><time>2024-01-28T18:20:46Z</time></trkpt><trkpt lat="58.060115" lon="38.812475"><ele>113.5</ele><time>2024-01-28T18:20:51Z</time></trkpt><trkpt lat="58.06011" lon="38.81263"><ele>114.1</ele><time>2024-01-28T18:20:56Z</time></trkpt><trkpt lat="58.060092" lon="38.812772"><ele>116.6</ele><time>2024-01-28T18:21:02Z</time></trkpt><trkpt lat="58.060075" lon="38.81292"><ele>116.0</ele><time>2024-01-28T18:21:09Z</time></trkpt><trkpt lat="58.06008" lon="38.813062"><ele>117.9</ele><time>2024-01-28T18:21:14Z</time></trkpt><trkpt lat="58.06006" lon="38.813195"><ele>117.4</ele><time>2024-01-28T18:21:20Z</time></trkpt><trkpt lat="58.060037" lon="38.81333"><ele>116.2</ele><time>2024-01-28T18:21:27Z</time></trkpt><trkpt lat="58.060032" lon="38.813507"><ele>116.9</ele><time>2024-01-28T18:21:31Z</time></trkpt><trkpt lat="58.060027" lon="38.813668"><ele>116.3</ele><time>2024-01-28T18:21:35Z</time></trkpt><trkpt lat="58.060035" lon="38.813807"><ele>116.7</ele><time>2024-01-28T18:21:38Z</time></trkpt><trkpt lat="58.06007" lon="38.81378"><ele>114.1</ele><time>2024-01-28T18:21:45Z</time></trkpt><trkpt lat="58.060135" lon="38.813757"><ele>111.8</ele><time>2024-01-28T18:21:52Z</time></trkpt><trkpt lat="58.06017" lon="38.813927"><ele>114.9</ele><time>2024-01-28T18:21:56Z</time></trkpt><trkpt lat="58.060205" lon="38.81407"><ele>117.2</ele><time>2024-01-28T18:22:01Z</time></trkpt><trkpt lat="58.06019" lon="38.814182"><ele>115.8</ele><time>2024-01-28T18:22:08Z</time></trkpt><trkpt lat="58.060185" lon="38.81425"><ele>112.3</ele><time>2024-01-28T18:22:15Z</time></trkpt><trkpt lat="58.060165" lon="38.814395"><ele>114.0</ele><time>2024-01-28T18:22:22Z</time></trkpt><trkpt lat="58.060137" lon="38.81452"><ele>112.3</ele><time>2024-01-28T18:22:29Z</time></trkpt><trkpt lat="58.060142" lon="38.81466"><ele>113.9</ele><time>2024-01-28T18:22:34Z</time></trkpt><trkpt lat="58.06012" lon="38.814815"><ele>110.3</ele><time>2024-01-28T18:22:40Z</time></trkpt><trkpt lat="58.060102" lon="38.814975"><ele>113.2</ele><time>2024-01-28T18:22:43Z</time></trkpt><trkpt lat="58.060105" lon="38.815145"><ele>116.5</ele><time>2024-01-28T18:22:48Z</time></trkpt><trkpt lat="58.060105" lon="38.81527"><ele>117.9</ele><time>2024-01-28T18:22:55Z</time></trkpt><trkpt lat="58.06008" lon="38.815287"><ele>116.7</ele><time>2024-01-28T18:23:02Z</time></trkpt><trkpt lat="58.06008" lon="38.815382"><ele>115.1</ele><time>2024-01-28T18:23:09Z</time></trkpt><trkpt lat="58.06007" lon="38.81552"><ele>114.3</ele><time>2024-01-28T18:23:15Z</time></trkpt><trkpt lat="58.06006" lon="38.81566"><ele>113.5</ele><time>2024-01-28T18:23:21Z</time></trkpt><trkpt lat="58.06006" lon="38.815795"><ele>113.8</ele><time>2024-01-28T18:23:26Z</time></trkpt><trkpt lat="58.06006" lon="38.815932"><ele>115.3</ele><time>2024-01-28T18:23:32Z</time></trkpt><trkpt lat="58.060052" lon="38.8161"><ele>117.0</ele><time>2024-01-28T18:23:37Z</time></trkpt><trkpt lat="58.060025" lon="38.816245"><ele>114.9</ele><time>2024-01-28T18:23:43Z</time></trkpt><trkpt lat="58.060025" lon="38.8164"><ele>115.8</ele><time>2024-01-28T18:23:49Z</time></trkpt><trkpt lat="58.060007" lon="38.816537"><ele>115.9</ele><time>2024-01-28T18:23:54Z</time></trkpt><trkpt lat="58.059997" lon="38.81669"><ele>117.3</ele><time>2024-01-28T18:23:59Z</time></trkpt><trkpt lat="58.06" lon="38.816822"><ele>116.3</ele><time>2024-01-28T18:24:06Z</time></trkpt><trkpt lat="58.059978" lon="38.816918"><ele>114.6</ele><time>2024-01-28T18:24:13Z</time></trkpt><trkpt lat="58.05997" lon="38.817065"><ele>116.8</ele><time>2024-01-28T18:24:18Z</time></trkpt><trkpt lat="58.059977" lon="38.817207"><ele>116.6</ele><time>2024-01-28T18:24:23Z</time></trkpt><trkpt lat="58.059972" lon="38.817345"><ele>116.4</ele><time>2024-01-28T18:24:28Z</time></trkpt><trkpt lat="58.05999" lon="38.817505"><ele>115.7</ele><time>2024-01-28T18:24:32Z</time></trkpt><trkpt lat="58.059983" lon="38.817662"><ele>114.8</ele><time>2024-01-28T18:24:39Z</time></trkpt><trkpt lat="58.05996" lon="38.81779"><ele>114.9</ele><time>2024-01-28T18:24:45Z</time></trkpt><trkpt lat="58.05995" lon="38.817935"><ele>116.1</ele><time>2024-01-28T18:24:52Z</time></trkpt><trkpt lat="58.059925" lon="38.818087"><ele>115.7</ele><time>2024-01-28T18:24:59Z</time></trkpt><trkpt lat="58.059935" lon="38.818225"><ele>116.3</ele><time>2024-01-28T18:25:03Z</time></trkpt><trkpt lat="58.059913" lon="38.818375"><ele>116.4</ele><time>2024-01-28T18:25:10Z</time></trkpt><trkpt lat="58.05989" lon="38.818475"><ele>114.3</ele><time>2024-01-28T18:25:17Z</time></trkpt><trkpt lat="58.059895" lon="38.818625"><ele>114.7</ele><time>2024-01-28T18:25:24Z</time></trkpt><trkpt lat="58.059895" lon="38.818725"><ele>115.9</ele><time>2024-01-28T18:25:31Z</time></trkpt><trkpt lat="58.059908" lon="38.818792"><ele>118.0</ele><time>2024-01-28T18:25:38Z</time></trkpt><trkpt lat="58.059912" lon="38.818815"><ele>116.4</ele><time>2024-01-28T18:25:44Z</time></trkpt><trkpt lat="58.0599" lon="38.81884"><ele>114.8</ele><time>2024-01-28T18:26:06Z</time></trkpt><trkpt lat="58.0599" lon="38.818837"><ele>115.3</ele><time>2024-01-28T18:26:07Z</time></trkpt><trkpt lat="58.05989" lon="38.818855"><ele>115.5</ele><time>2024-01-28T18:26:35Z</time></trkpt><trkpt lat="58.059865" lon="38.81898"><ele>116.5</ele><time>2024-01-28T18:26:41Z</time></trkpt><trkpt lat="58.059862" lon="38.81912"><ele>115.7</ele><time>2024-01-28T18:26:47Z</time></trkpt><trkpt lat="58.059865" lon="38.81926"><ele>118.4</ele><time>2024-01-28T18:26:53Z</time></trkpt><trkpt lat="58.059875" lon="38.8194"><ele>120.7</ele><time>2024-01-28T18:27:00Z</time></trkpt><trkpt lat="58.05986" lon="38.81954"><ele>122.3</ele><time>2024-01-28T18:27:07Z</time></trkpt><trkpt lat="58.05985" lon="38.819685"><ele>122.5</ele><time>2024-01-28T18:27:14Z</time></trkpt><trkpt lat="58.059828" lon="38.81983"><ele>121.4</ele><time>2024-01-28T18:27:21Z</time></trkpt><trkpt lat="58.059815" lon="38.81998"><ele>120.1</ele><time>2024-01-28T18:27:27Z</time></trkpt><trkpt lat="58.059805" lon="38.820135"><ele>117.9</ele><time>2024-01-28T18:27:32Z</time></trkpt><trkpt lat="58.059785" lon="38.82027"><ele>117.3</ele><time>2024-01-28T18:27:37Z</time></trkpt><trkpt lat="58.059785" lon="38.820415"><ele>117.1</ele><time>2024-01-28T18:27:42Z</time></trkpt><trkpt lat="58.05979" lon="38.820557"><ele>115.7</ele><time>2024-01-28T18:27:49Z</time></trkpt><trkpt lat="58.059785" lon="38.820665"><ele>117.0</ele><time>2024-01-28T18:27:56Z</time></trkpt><trkpt lat="58.059777" lon="38.82082"><ele>116.1</ele><time>2024-01-28T18:28:03Z</time></trkpt><trkpt lat="58.059758" lon="38.82096"><ele>114.0</ele><time>2024-01-28T18:28:09Z</time></trkpt><trkpt lat="58.059735" lon="38.821083"><ele>113.3</ele><time>2024-01-28T18:28:16Z</time></trkpt><trkpt lat="58.05973" lon="38.821255"><ele>114.0</ele><time>2024-01-28T18:28:21Z</time></trkpt><trkpt lat="58.059725" lon="38.821415"><ele>115.0</ele><time>2024-01-28T18:28:26Z</time></trkpt><trkpt lat="58.059715" lon="38.821572"><ele>115.1</ele><time>2024-01-28T18:28:32Z</time></trkpt><trkpt lat="58.059702" lon="38.82167"><ele>116.1</ele><time>2024-01-28T18:28:39Z</time></trkpt><trkpt lat="58.0597" lon="38.82182"><ele>114.7</ele><time>2024-01-28T18:28:44Z</time></trkpt><trkpt lat="58.05968" lon="38.821945"><ele>112.1</ele><time>2024-01-28T18:28:51Z</time></trkpt><trkpt lat="58.059682" lon="38.8221"><ele>113.2</ele><time>2024-01-28T18:28:57Z</time></trkpt><trkpt lat="58.05967" lon="38.82224"><ele>111.8</ele><time>2024-01-28T18:29:02Z</time></trkpt><trkpt lat="58.05965" lon="38.82237"><ele>113.0</ele><time>2024-01-28T18:29:09Z</time></trkpt><trkpt lat="58.059652" lon="38.822505"><ele>113.6</ele><time>2024-01-28T18:29:16Z</time></trkpt><trkpt lat="58.05964" lon="38.82266"><ele>113.6</ele><time>2024-01-28T18:29:23Z</time></trkpt><trkpt lat="58.059625" lon="38.822813"><ele>113.3</ele><time>2024-01-28T18:29:29Z</time></trkpt><trkpt lat="58.059612" lon="38.822893"><ele>113.0</ele><time>2024-01-28T18:29:36Z</time></trkpt><trkpt lat="58.059585" lon="38.82303"><ele>112.0</ele><time>2024-01-28T18:29:43Z</time></trkpt><trkpt lat="58.059552" lon="38.823175"><ele>112.7</ele><time>2024-01-28T18:29:48Z</time></trkpt><trkpt lat="58.05951" lon="38.823305"><ele>114.4</ele><time>2024-01-28T18:29:53Z</time></trkpt><trkpt lat="58.059467" lon="38.823445"><ele>113.8</ele><time>2024-01-28T18:29:59Z</time></trkpt><trkpt lat="58.059415" lon="38.823573"><ele>115.6</ele><time>2024-01-28T18:30:05Z</time></trkpt><trkpt lat="58.05936" lon="38.823697"><ele>115.5</ele><time>2024-01-28T18:30:10Z</time></trkpt><trkpt lat="58.05931" lon="38.823813"><ele>114.6</ele><time>2024-01-28T18:30:15Z</time></trkpt><trkpt lat="58.059265" lon="38.823925"><ele>114.1</ele><time>2024-01-28T18:30:20Z</time></trkpt><trkpt lat="58.059215" lon="38.82401"><ele>113.2</ele><time>2024-01-28T18:30:27Z</time></trkpt><trkpt lat="58.059153" lon="38.824107"><ele>111.6</ele><time>2024-01-28T18:30:34Z</time></trkpt><trkpt lat="58.0591" lon="38.82422"><ele>109.0</ele><time>2024-01-28T18:30:40Z</time></trkpt><trkpt lat="58.059042" lon="38.82433"><ele>109.9</ele><time>2024-01-28T18:30:46Z</time></trkpt><trkpt lat="58.058985" lon="38.824445"><ele>109.2</ele><time>2024-01-28T18:30:52Z</time></trkpt><trkpt lat="58.05894" lon="38.824558"><ele>111.0</ele><time>2024-01-28T18:30:58Z</time></trkpt><trkpt lat="58.058892" lon="38.82469"><ele>111.5</ele><time>2024-01-28T18:31:04Z</time></trkpt><trkpt lat="58.058843" lon="38.824795"><ele>112.9</ele><time>2024-01-28T18:31:09Z</time></trkpt><trkpt lat="58.05879" lon="38.824895"><ele>113.9</ele><time>2024-01-28T18:31:15Z</time></trkpt><trkpt lat="58.058742" lon="38.82501"><ele>115.1</ele><time>2024-01-28T18:31:20Z</time></trkpt><trkpt lat="58.058695" lon="38.82512"><ele>115.4</ele><time>2024-01-28T18:31:24Z</time></trkpt><trkpt lat="58.05865" lon="38.825248"><ele>116.2</ele><time>2024-01-28T18:31:30Z</time></trkpt><trkpt lat="58.05859" lon="38.825342"><ele>117.4</ele><time>2024-01-28T18:31:35Z</time></trkpt><trkpt lat="58.058543" lon="38.82541"><ele>115.3</ele><time>2024-01-28T18:31:42Z</time></trkpt><trkpt lat="58.05851" lon="38.825487"><ele>115.6</ele><time>2024-01-28T18:31:49Z</time></trkpt><trkpt lat="58.058455" lon="38.825605"><ele>114.0</ele><time>2024-01-28T18:31:56Z</time></trkpt><trkpt lat="58.058407" lon="38.825725"><ele>111.9</ele><time>2024-01-28T18:32:02Z</time></trkpt><trkpt lat="58.058377" lon="38.825735"><ele>111.6</ele><time>2024-01-28T18:32:09Z</time></trkpt><trkpt lat="58.058335" lon="38.825868"><ele>110.0</ele><time>2024-01-28T18:32:12Z</time></trkpt><trkpt lat="58.058285" lon="38.82603"><ele>110.8</ele><time>2024-01-28T18:32:16Z</time></trkpt><trkpt lat="58.058252" lon="38.826165"><ele>110.3</ele><time>2024-01-28T18:32:21Z</time></trkpt><trkpt lat="58.058195" lon="38.826285"><ele>111.9</ele><time>2024-01-28T18:32:28Z</time></trkpt><trkpt lat="58.058125" lon="38.82638"><ele>110.8</ele><time>2024-01-28T18:32:35Z</time></trkpt><trkpt lat="58.05805" lon="38.826437"><ele>111.7</ele><time>2024-01-28T18:32:42Z</time></trkpt><trkpt lat="58.057997" lon="38.82656"><ele>113.2</ele><time>2024-01-28T18:32:46Z</time></trkpt><trkpt lat="58.057935" lon="38.826625"><ele>113.8</ele><time>2024-01-28T18:32:53Z</time></trkpt><trkpt lat="58.057872" lon="38.82673"><ele>111.0</ele><time>2024-01-28T18:32:58Z</time></trkpt><trkpt lat="58.05781" lon="38.826822"><ele>112.4</ele><time>2024-01-28T18:33:04Z</time></trkpt><trkpt lat="58.057755" lon="38.826915"><ele>113.0</ele><time>2024-01-28T18:33:11Z</time></trkpt><trkpt lat="58.0577" lon="38.82701"><ele>112.2</ele><time>2024-01-28T18:33:15Z</time></trkpt><trkpt lat="58.057633" lon="38.827115"><ele>112.8</ele><time>2024-01-28T18:33:20Z</time></trkpt><trkpt lat="58.057585" lon="38.827215"><ele>116.0</ele><time>2024-01-28T18:33:26Z</time></trkpt><trkpt lat="58.057575" lon="38.827232"><ele>116.4</ele><time>2024-01-28T18:33:33Z</time></trkpt><trkpt lat="58.057525" lon="38.827345"><ele>115.7</ele><time>2024-01-28T18:33:38Z</time></trkpt><trkpt lat="58.057475" lon="38.82747"><ele>113.1</ele><time>2024-01-28T18:33:43Z</time></trkpt><trkpt lat="58.05743" lon="38.827595"><ele>112.6</ele><time>2024-01-28T18:33:48Z</time></trkpt><trkpt lat="58.057375" lon="38.82771"><ele>110.5</ele><time>2024-01-28T18:33:55Z</time></trkpt><trkpt lat="58.05732" lon="38.827805"><ele>109.6</ele><time>2024-01-28T18:34:02Z</time></trkpt><trkpt lat="58.057265" lon="38.827915"><ele>111.9</ele><time>2024-01-28T18:34:08Z</time></trkpt><trkpt lat="58.05721" lon="38.82802"><ele>111.7</ele><time>2024-01-28T18:34:14Z</time></trkpt><trkpt lat="58.057147" lon="38.82809"><ele>108.5</ele><time>2024-01-28T18:34:21Z</time></trkpt><trkpt lat="58.057117" lon="38.828235"><ele>106.7</ele><time>2024-01-28T18:34:27Z</time></trkpt><trkpt lat="58.05704" lon="38.82834"><ele>107.7</ele><time>2024-01-28T18:34:33Z</time></trkpt><trkpt lat="58.057" lon="38.82846"><ele>107.7</ele><time>2024-01-28T18:34:40Z</time></trkpt><trkpt lat="58.05695" lon="38.82854"><ele>108.1</ele><time>2024-01-28T18:34:47Z</time></trkpt><trkpt lat="58.056885" lon="38.82864"><ele>110.2</ele><time>2024-01-28T18:34:52Z</time></trkpt><trkpt lat="58.056845" lon="38.828765"><ele>110.3</ele><time>2024-01-28T18:34:56Z</time></trkpt><trkpt lat="58.056775" lon="38.828922"><ele>110.9</ele><time>2024-01-28T18:34:59Z</time></trkpt><trkpt lat="58.056785" lon="38.828915"><ele>109.0</ele><time>2024-01-28T18:35:06Z</time></trkpt><trkpt lat="58.05677" lon="38.82896"><ele>105.3</ele><time>2024-01-28T18:35:13Z</time></trkpt><trkpt lat="58.056737" lon="38.829087"><ele>106.3</ele><time>2024-01-28T18:35:17Z</time></trkpt><trkpt lat="58.05677" lon="38.829005"><ele>103.9</ele><time>2024-01-28T18:35:24Z</time></trkpt><trkpt lat="58.056705" lon="38.829117"><ele>104.9</ele><time>2024-01-28T18:35:27Z</time></trkpt><trkpt lat="58.05667" lon="38.82923"><ele>105.4</ele><time>2024-01-28T18:35:32Z</time></trkpt><trkpt lat="58.05662" lon="38.829265"><ele>102.9</ele><time>2024-01-28T18:35:39Z</time></trkpt><trkpt lat="58.05662" lon="38.82929"><ele>104.6</ele><time>2024-01-28T18:35:46Z</time></trkpt><trkpt lat="58.05662" lon="38.829305"><ele>104.7</ele><time>2024-01-28T18:35:53Z</time></trkpt><trkpt lat="58.05661" lon="38.82933"><ele>106.1</ele><time>2024-01-28T18:36:11Z</time></trkpt><trkpt lat="58.056532" lon="38.829355"><ele>107.5</ele><time>2024-01-28T18:36:15Z</time></trkpt><trkpt lat="58.05647" lon="38.829435"><ele>107.5</ele><time>2024-01-28T18:36:18Z</time></trkpt><trkpt lat="58.0564" lon="38.829483"><ele>107.5</ele><time>2024-01-28T18:36:23Z</time></trkpt><trkpt lat="58.056335" lon="38.82942"><ele>110.3</ele><time>2024-01-28T18:36:28Z</time></trkpt><trkpt lat="58.056285" lon="38.829332"><ele>111.7</ele><time>2024-01-28T18:36:35Z</time></trkpt><trkpt lat="58.056295" lon="38.829157"><ele>112.2</ele><time>2024-01-28T18:36:38Z</time></trkpt><trkpt lat="58.056335" lon="38.82902"><ele>112.8</ele><time>2024-01-28T18:36:42Z</time></trkpt><trkpt lat="58.056255" lon="38.82907"><ele>114.6</ele><time>2024-01-28T18:36:45Z</time></trkpt><trkpt lat="58.05617" lon="38.82915"><ele>109.4</ele><time>2024-01-28T18:36:48Z</time></trkpt><trkpt lat="58.056097" lon="38.829115"><ele>108.5</ele><time>2024-01-28T18:36:55Z</time></trkpt><trkpt lat="58.056042" lon="38.829005"><ele>108.3</ele><time>2024-01-28T18:37:00Z</time></trkpt><trkpt lat="58.056035" lon="38.82892"><ele>105.1</ele><time>2024-01-28T18:37:07Z</time></trkpt><trkpt lat="58.055945" lon="38.82893"><ele>101.0</ele><time>2024-01-28T18:37:11Z</time></trkpt><trkpt lat="58.055875" lon="38.828878"><ele>101.8</ele><time>2024-01-28T18:37:16Z</time></trkpt><trkpt lat="58.055785" lon="38.82885"><ele>105.7</ele><time>2024-01-28T18:37:22Z</time></trkpt><trkpt lat="58.055735" lon="38.828755"><ele>108.1</ele><time>2024-01-28T18:37:27Z</time></trkpt><trkpt lat="58.055662" lon="38.82873"><ele>107.0</ele><time>2024-01-28T18:37:31Z</time></trkpt><trkpt lat="58.055593" lon="38.828687"><ele>103.7</ele><time>2024-01-28T18:37:38Z</time></trkpt><trkpt lat="58.05553" lon="38.828652"><ele>103.4</ele><time>2024-01-28T18:37:45Z</time></trkpt><trkpt lat="58.055465" lon="38.82859"><ele>103.3</ele><time>2024-01-28T18:37:52Z</time></trkpt><trkpt lat="58.055405" lon="38.828525"><ele>103.3</ele><time>2024-01-28T18:37:58Z</time></trkpt><trkpt lat="58.05533" lon="38.82849"><ele>105.7</ele><time>2024-01-28T18:38:04Z</time></trkpt><trkpt lat="58.05526" lon="38.828428"><ele>106.1</ele><time>2024-01-28T18:38:10Z</time></trkpt><trkpt lat="58.055165" lon="38.828405"><ele>108.0</ele><time>2024-01-28T18:38:15Z</time></trkpt><trkpt lat="58.055085" lon="38.828395"><ele>107.7</ele><time>2024-01-28T18:38:18Z</time></trkpt><trkpt lat="58.05503" lon="38.828347"><ele>107.3</ele><time>2024-01-28T18:38:25Z</time></trkpt><trkpt lat="58.054988" lon="38.82825"><ele>105.9</ele><time>2024-01-28T18:38:32Z</time></trkpt><trkpt lat="58.054925" lon="38.828197"><ele>105.9</ele><time>2024-01-28T18:38:39Z</time></trkpt><trkpt lat="58.054865" lon="38.8281"><ele>106.6</ele><time>2024-01-28T18:38:46Z</time></trkpt><trkpt lat="58.054795" lon="38.828047"><ele>104.5</ele><time>2024-01-28T18:38:52Z</time></trkpt><trkpt lat="58.054722" lon="38.827995"><ele>106.7</ele><time>2024-01-28T18:38:59Z</time></trkpt><trkpt lat="58.054678" lon="38.82792"><ele>104.3</ele><time>2024-01-28T18:39:06Z</time></trkpt><trkpt lat="58.054602" lon="38.8279"><ele>103.8</ele><time>2024-01-28T18:39:10Z</time></trkpt><trkpt lat="58.05452" lon="38.827905"><ele>105.6</ele><time>2024-01-28T18:39:15Z</time></trkpt><trkpt lat="58.05443" lon="38.827907"><ele>106.5</ele><time>2024-01-28T18:39:18Z</time></trkpt><trkpt lat="58.054405" lon="38.827915"><ele>105.8</ele><time>2024-01-28T18:39:25Z</time></trkpt><trkpt lat="58.054325" lon="38.827907"><ele>107.2</ele><time>2024-01-28T18:39:32Z</time></trkpt><trkpt lat="58.05425" lon="38.827908"><ele>108.4</ele><time>2024-01-28T18:39:35Z</time></trkpt><trkpt lat="58.054215" lon="38.82777"><ele>108.0</ele><time>2024-01-28T18:39:40Z</time></trkpt><trkpt lat="58.054227" lon="38.827627"><ele>103.0</ele><time>2024-01-28T18:39:45Z</time></trkpt><trkpt lat="58.05416" lon="38.827577"><ele>103.3</ele><time>2024-01-28T18:39:51Z</time></trkpt><trkpt lat="58.05411" lon="38.827535"><ele>106.4</ele><time>2024-01-28T18:39:58Z</time></trkpt><trkpt lat="58.054055" lon="38.82745"><ele>105.9</ele><time>2024-01-28T18:40:05Z</time></trkpt><trkpt lat="58.053995" lon="38.82739"><ele>105.6</ele><time>2024-01-28T18:40:12Z</time></trkpt><trkpt lat="58.053955" lon="38.82736"><ele>103.3</ele><time>2024-01-28T18:40:19Z</time></trkpt><trkpt lat="58.053915" lon="38.827335"><ele>104.0</ele><time>2024-01-28T18:40:26Z</time></trkpt><trkpt lat="58.05386" lon="38.827295"><ele>102.6</ele><time>2024-01-28T18:40:33Z</time></trkpt><trkpt lat="58.05381" lon="38.827255"><ele>104.9</ele><time>2024-01-28T18:40:40Z</time></trkpt><trkpt lat="58.053825" lon="38.827217"><ele>105.2</ele><time>2024-01-28T18:40:47Z</time></trkpt><trkpt lat="58.05382" lon="38.827217"><ele>105.4</ele><time>2024-01-28T18:40:49Z</time></trkpt><trkpt lat="58.053815" lon="38.827235"><ele>105.7</ele><time>2024-01-28T18:40:58Z</time></trkpt><trkpt lat="58.053812" lon="38.82724"><ele>106.2</ele><time>2024-01-28T18:40:59Z</time></trkpt><trkpt lat="58.0538" lon="38.827275"><ele>107.6</ele><time>2024-01-28T18:41:06Z</time></trkpt><trkpt lat="58.0538" lon="38.827275"><ele>107.6</ele><time>2024-01-28T18:41:09Z</time></trkpt><trkpt lat="58.0538" lon="38.827285"><ele>107.4</ele><time>2024-01-28T18:42:32Z</time></trkpt><trkpt lat="58.0538" lon="38.827285"><ele>107.5</ele><time>2024-01-28T18:42:33Z</time></trkpt><trkpt lat="58.0538" lon="38.827295"><ele>107.7</ele><time>2024-01-28T18:46:01Z</time></trkpt><trkpt lat="58.0538" lon="38.827295"><ele>107.7</ele><time>2024-01-28T18:46:02Z</time></trkpt><trkpt lat="58.053795" lon="38.827295"><ele>108.2</ele><time>2024-01-28T18:57:06Z</time></trkpt><trkpt lat="58.053795" lon="38.827295"><ele>108.1</ele><time>2024-01-28T18:57:07Z</time></trkpt><trkpt lat="58.05376" lon="38.827397"><ele>106.9</ele><time>2024-01-28T18:57:23Z</time></trkpt><trkpt lat="58.05372" lon="38.827487"><ele>106.3</ele><time>2024-01-28T18:57:30Z</time></trkpt><trkpt lat="58.05373" lon="38.827312"><ele>105.3</ele><time>2024-01-28T18:57:35Z</time></trkpt><trkpt lat="58.053763" lon="38.827155"><ele>105.8</ele><time>2024-01-28T18:57:38Z</time></trkpt><trkpt lat="58.05378" lon="38.827075"><ele>103.9</ele><time>2024-01-28T18:57:45Z</time></trkpt><trkpt lat="58.05376" lon="38.826985"><ele>102.3</ele><time>2024-01-28T18:57:52Z</time></trkpt><trkpt lat="58.053785" lon="38.826842"><ele>104.1</ele><time>2024-01-28T18:57:59Z</time></trkpt><trkpt lat="58.05382" lon="38.826612"><ele>106.1</ele><time>2024-01-28T18:58:01Z</time></trkpt><trkpt lat="58.053863" lon="38.826395"><ele>105.1</ele><time>2024-01-28T18:58:03Z</time></trkpt><trkpt lat="58.053925" lon="38.826162"><ele>107.3</ele><time>2024-01-28T18:58:05Z</time></trkpt><trkpt lat="58.053957" lon="38.826025"><ele>107.8</ele><time>2024-01-28T18:58:06Z</time></trkpt><trkpt lat="58.053985" lon="38.825885"><ele>108.5</ele><time>2024-01-28T18:58:07Z</time></trkpt><trkpt lat="58.054015" lon="38.82574"><ele>107.6</ele><time>2024-01-28T18:58:08Z</time></trkpt><trkpt lat="58.054035" lon="38.825565"><ele>109.0</ele><time>2024-01-28T18:58:09Z</time></trkpt><trkpt lat="58.054087" lon="38.825387"><ele>107.7</ele><time>2024-01-28T18:58:10Z</time></trkpt><trkpt lat="58.054125" lon="38.825207"><ele>107.0</ele><time>2024-01-28T18:58:11Z</time></trkpt><trkpt lat="58.054157" lon="38.825022"><ele>107.2</ele><time>2024-01-28T18:58:12Z</time></trkpt><trkpt lat="58.0542" lon="38.82488"><ele>108.4</ele><time>2024-01-28T18:58:13Z</time></trkpt><trkpt lat="58.0542" lon="38.82469"><ele>109.0</ele><time>2024-01-28T18:58:14Z</time></trkpt><trkpt lat="58.054235" lon="38.824495"><ele>108.6</ele><time>2024-01-28T18:58:15Z</time></trkpt><trkpt lat="58.05428" lon="38.824312"><ele>107.9</ele><time>2024-01-28T18:58:16Z</time></trkpt><trkpt lat="58.05429" lon="38.824123"><ele>109.4</ele><time>2024-01-28T18:58:17Z</time></trkpt><trkpt lat="58.054325" lon="38.82393"><ele>110.7</ele><time>2024-01-28T18:58:18Z</time></trkpt><trkpt lat="58.05437" lon="38.823692"><ele>111.0</ele><time>2024-01-28T18:58:19Z</time></trkpt><trkpt lat="58.05443" lon="38.82351"><ele>112.3</ele><time>2024-01-28T18:58:20Z</time></trkpt><trkpt lat="58.054465" lon="38.82332"><ele>112.4</ele><time>2024-01-28T18:58:21Z</time></trkpt><trkpt lat="58.0545" lon="38.823175"><ele>112.7</ele><time>2024-01-28T18:58:22Z</time></trkpt><trkpt lat="58.05452" lon="38.82301"><ele>112.3</ele><time>2024-01-28T18:58:23Z</time></trkpt><trkpt lat="58.054547" lon="38.822845"><ele>112.2</ele><time>2024-01-28T18:58:24Z</time></trkpt><trkpt lat="58.054615" lon="38.822555"><ele>112.2</ele><time>2024-01-28T18:58:26Z</time></trkpt><trkpt lat="58.054645" lon="38.82239"><ele>112.3</ele><time>2024-01-28T18:58:27Z</time></trkpt><trkpt lat="58.054685" lon="38.822255"><ele>112.0</ele><time>2024-01-28T18:58:28Z</time></trkpt><trkpt lat="58.05471" lon="38.82203"><ele>111.6</ele><time>2024-01-28T18:58:29Z</time></trkpt><trkpt lat="58.054755" lon="38.821885"><ele>113.5</ele><time>2024-01-28T18:58:32Z</time></trkpt><trkpt lat="58.054765" lon="38.821735"><ele>112.9</ele><time>2024-01-28T18:58:33Z</time></trkpt><trkpt lat="58.054775" lon="38.821505"><ele>113.1</ele><time>2024-01-28T18:58:35Z</time></trkpt><trkpt lat="58.054785" lon="38.821237"><ele>114.5</ele><time>2024-01-28T18:58:37Z</time></trkpt><trkpt lat="58.054795" lon="38.821025"><ele>113.6</ele><time>2024-01-28T18:58:38Z</time></trkpt><trkpt lat="58.054822" lon="38.820885"><ele>112.9</ele><time>2024-01-28T18:58:39Z</time></trkpt><trkpt lat="58.05484" lon="38.820567"><ele>116.2</ele><time>2024-01-28T18:58:41Z</time></trkpt><trkpt lat="58.05485" lon="38.820385"><ele>116.4</ele><time>2024-01-28T18:58:42Z</time></trkpt><trkpt lat="58.054872" lon="38.82012"><ele>115.6</ele><time>2024-01-28T18:58:43Z</time></trkpt><trkpt lat="58.054892" lon="38.819907"><ele>115.0</ele><time>2024-01-28T18:58:44Z</time></trkpt><trkpt lat="58.054915" lon="38.819718"><ele>114.7</ele><time>2024-01-28T18:58:45Z</time></trkpt><trkpt lat="58.054915" lon="38.819525"><ele>113.4</ele><time>2024-01-28T18:58:46Z</time></trkpt><trkpt lat="58.05493" lon="38.819342"><ele>113.6</ele><time>2024-01-28T18:58:47Z</time></trkpt><trkpt lat="58.05496" lon="38.819162"><ele>111.3</ele><time>2024-01-28T18:58:48Z</time></trkpt><trkpt lat="58.05497" lon="38.818992"><ele>114.6</ele><time>2024-01-28T18:58:49Z</time></trkpt><trkpt lat="58.054975" lon="38.818802"><ele>115.2</ele><time>2024-01-28T18:58:50Z</time></trkpt><trkpt lat="58.054988" lon="38.81861"><ele>115.3</ele><time>2024-01-28T18:58:51Z</time></trkpt><trkpt lat="58.055" lon="38.818435"><ele>114.1</ele><time>2024-01-28T18:58:52Z</time></trkpt><trkpt lat="58.055015" lon="38.81824"><ele>114.5</ele><time>2024-01-28T18:58:53Z</time></trkpt><trkpt lat="58.05503" lon="38.818055"><ele>114.1</ele><time>2024-01-28T18:58:54Z</time></trkpt><trkpt lat="58.05504" lon="38.817887"><ele>112.8</ele><time>2024-01-28T18:58:55Z</time></trkpt><trkpt lat="58.05505" lon="38.817715"><ele>111.0</ele><time>2024-01-28T18:58:56Z</time></trkpt><trkpt lat="58.055065" lon="38.817522"><ele>110.0</ele><time>2024-01-28T18:58:57Z</time></trkpt><trkpt lat="58.055075" lon="38.817368"><ele>109.9</ele><time>2024-01-28T18:58:58Z</time></trkpt><trkpt lat="58.055085" lon="38.817195"><ele>109.9</ele><time>2024-01-28T18:58:59Z</time></trkpt><trkpt lat="58.055095" lon="38.81704"><ele>109.8</ele><time>2024-01-28T18:59:00Z</time></trkpt><trkpt lat="58.055085" lon="38.816902"><ele>110.4</ele><time>2024-01-28T18:59:03Z</time></trkpt><trkpt lat="58.055085" lon="38.81685"><ele>109.1</ele><time>2024-01-28T18:59:10Z</time></trkpt><trkpt lat="58.05507" lon="38.81671"><ele>109.0</ele><time>2024-01-28T18:59:12Z</time></trkpt><trkpt lat="58.055085" lon="38.81684"><ele>107.5</ele><time>2024-01-28T18:59:18Z</time></trkpt><trkpt lat="58.05511" lon="38.816775"><ele>107.8</ele><time>2024-01-28T18:59:25Z</time></trkpt><trkpt lat="58.05512" lon="38.81677"><ele>105.4</ele><time>2024-01-28T18:59:29Z</time></trkpt><trkpt lat="58.055127" lon="38.81658"><ele>104.5</ele><time>2024-01-28T18:59:39Z</time></trkpt><trkpt lat="58.05515" lon="38.81644"><ele>105.0</ele><time>2024-01-28T18:59:40Z</time></trkpt><trkpt lat="58.055185" lon="38.81621"><ele>103.5</ele><time>2024-01-28T18:59:42Z</time></trkpt><trkpt lat="58.055205" lon="38.81596"><ele>103.4</ele><time>2024-01-28T18:59:44Z</time></trkpt><trkpt lat="58.055217" lon="38.815797"><ele>103.9</ele><time>2024-01-28T18:59:45Z</time></trkpt><trkpt lat="58.05523" lon="38.815647"><ele>104.2</ele><time>2024-01-28T18:59:46Z</time></trkpt><trkpt lat="58.05526" lon="38.815407"><ele>104.8</ele><time>2024-01-28T18:59:48Z</time></trkpt><trkpt lat="58.05527" lon="38.815165"><ele>103.9</ele><time>2024-01-28T18:59:50Z</time></trkpt><trkpt lat="58.055293" lon="38.81498"><ele>106.1</ele><time>2024-01-28T18:59:52Z</time></trkpt><trkpt lat="58.05531" lon="38.814815"><ele>106.2</ele><time>2024-01-28T18:59:54Z</time></trkpt><trkpt lat="58.055305" lon="38.81484"><ele>108.6</ele><time>2024-01-28T19:00:01Z</time></trkpt><trkpt lat="58.055297" lon="38.81486"><ele>108.7</ele><time>2024-01-28T19:00:08Z</time></trkpt><trkpt lat="58.055282" lon="38.81469"><ele>111.9</ele><time>2024-01-28T19:00:13Z</time></trkpt><trkpt lat="58.05528" lon="38.814505"><ele>111.9</ele><time>2024-01-28T19:00:15Z</time></trkpt><trkpt lat="58.05528" lon="38.81429"><ele>113.6</ele><time>2024-01-28T19:00:17Z</time></trkpt><trkpt lat="58.05529" lon="38.814032"><ele>115.8</ele><time>2024-01-28T19:00:19Z</time></trkpt><trkpt lat="58.055315" lon="38.81387"><ele>116.1</ele><time>2024-01-28T19:00:20Z</time></trkpt><trkpt lat="58.055315" lon="38.813712"><ele>117.1</ele><time>2024-01-28T19:00:21Z</time></trkpt><trkpt lat="58.055325" lon="38.813555"><ele>116.6</ele><time>2024-01-28T19:00:22Z</time></trkpt><trkpt lat="58.055335" lon="38.813385"><ele>114.8</ele><time>2024-01-28T19:00:23Z</time></trkpt><trkpt lat="58.055355" lon="38.813182"><ele>115.7</ele><time>2024-01-28T19:00:24Z</time></trkpt><trkpt lat="58.055385" lon="38.81303"><ele>116.2</ele><time>2024-01-28T19:00:25Z</time></trkpt><trkpt lat="58.05539" lon="38.8128"><ele>116.2</ele><time>2024-01-28T19:00:26Z</time></trkpt><trkpt lat="58.0554" lon="38.81258"><ele>116.5</ele><time>2024-01-28T19:00:27Z</time></trkpt><trkpt lat="58.05541" lon="38.812377"><ele>114.4</ele><time>2024-01-28T19:00:28Z</time></trkpt><trkpt lat="58.055425" lon="38.812165"><ele>114.4</ele><time>2024-01-28T19:00:29Z</time></trkpt><trkpt lat="58.055437" lon="38.811945"><ele>115.1</ele><time>2024-01-28T19:00:30Z</time></trkpt><trkpt lat="58.055447" lon="38.8117"><ele>118.7</ele><time>2024-01-28T19:00:31Z</time></trkpt><trkpt lat="58.055465" lon="38.811475"><ele>118.1</ele><time>2024-01-28T19:00:32Z</time></trkpt><trkpt lat="58.055485" lon="38.811225"><ele>117.6</ele><time>2024-01-28T19:00:33Z</time></trkpt><trkpt lat="58.0555" lon="38.811"><ele>117.6</ele><time>2024-01-28T19:00:34Z</time></trkpt><trkpt lat="58.055512" lon="38.810775"><ele>117.4</ele><time>2024-01-28T19:00:35Z</time></trkpt><trkpt lat="58.055525" lon="38.810555"><ele>117.5</ele><time>2024-01-28T19:00:36Z</time></trkpt><trkpt lat="58.05554" lon="38.810342"><ele>117.3</ele><time>2024-01-28T19:00:37Z</time></trkpt><trkpt lat="58.055557" lon="38.81014"><ele>116.6</ele><time>2024-01-28T19:00:38Z</time></trkpt><trkpt lat="58.055577" lon="38.80993"><ele>116.9</ele><time>2024-01-28T19:00:39Z</time></trkpt><trkpt lat="58.055585" lon="38.809717"><ele>117.0</ele><time>2024-01-28T19:00:40Z</time></trkpt><trkpt lat="58.055602" lon="38.8095"><ele>117.1</ele><time>2024-01-28T19:00:41Z</time></trkpt><trkpt lat="58.055625" lon="38.80929"><ele>117.3</ele><time>2024-01-28T19:00:42Z</time></trkpt><trkpt lat="58.055645" lon="38.80907"><ele>117.0</ele><time>2024-01-28T19:00:43Z</time></trkpt><trkpt lat="58.055663" lon="38.80885"><ele>117.7</ele><time>2024-01-28T19:00:44Z</time></trkpt><trkpt lat="58.05568" lon="38.80863"><ele>117.5</ele><time>2024-01-28T19:00:45Z</time></trkpt><trkpt lat="58.05569" lon="38.808425"><ele>118.8</ele><time>2024-01-28T19:00:46Z</time></trkpt><trkpt lat="58.05571" lon="38.808215"><ele>118.3</ele><time>2024-01-28T19:00:47Z</time></trkpt><trkpt lat="58.055725" lon="38.808022"><ele>118.5</ele><time>2024-01-28T19:00:48Z</time></trkpt><trkpt lat="58.055747" lon="38.807812"><ele>118.2</ele><time>2024-01-28T19:00:49Z</time></trkpt><trkpt lat="58.05576" lon="38.8076"><ele>118.3</ele><time>2024-01-28T19:00:50Z</time></trkpt><trkpt lat="58.055735" lon="38.8074"><ele>120.3</ele><time>2024-01-28T19:00:51Z</time></trkpt><trkpt lat="58.055735" lon="38.807167"><ele>120.1</ele><time>2024-01-28T19:00:52Z</time></trkpt><trkpt lat="58.055705" lon="38.80685"><ele>121.0</ele><time>2024-01-28T19:00:53Z</time></trkpt><trkpt lat="58.055662" lon="38.806552"><ele>121.1</ele><time>2024-01-28T19:00:54Z</time></trkpt><trkpt lat="58.0556" lon="38.80626"><ele>121.8</ele><time>2024-01-28T19:00:55Z</time></trkpt><trkpt lat="58.055497" lon="38.805975"><ele>122.0</ele><time>2024-01-28T19:00:56Z</time></trkpt><trkpt lat="58.055385" lon="38.805735"><ele>121.9</ele><time>2024-01-28T19:00:57Z</time></trkpt><trkpt lat="58.05532" lon="38.80545"><ele>121.7</ele><time>2024-01-28T19:00:58Z</time></trkpt><trkpt lat="58.0557" lon="38.805515"><ele>122.6</ele><time>2024-01-28T19:01:00Z</time></trkpt><trkpt lat="58.055815" lon="38.805295"><ele>123.2</ele><time>2024-01-28T19:01:02Z</time></trkpt><trkpt lat="58.055897" lon="38.805185"><ele>123.2</ele><time>2024-01-28T19:01:03Z</time></trkpt><trkpt lat="58.055945" lon="38.80508"><ele>124.3</ele><time>2024-01-28T19:01:04Z</time></trkpt><trkpt lat="58.056015" lon="38.804975"><ele>124.3</ele><time>2024-01-28T19:01:05Z</time></trkpt><trkpt lat="58.05605" lon="38.804837"><ele>123.9</ele><time>2024-01-28T19:01:06Z</time></trkpt><trkpt lat="58.056113" lon="38.804605"><ele>122.4</ele><time>2024-01-28T19:01:08Z</time></trkpt><trkpt lat="58.05619" lon="38.804477"><ele>122.6</ele><time>2024-01-28T19:01:10Z</time></trkpt><trkpt lat="58.056107" lon="38.80443"><ele>123.9</ele><time>2024-01-28T19:01:11Z</time></trkpt><trkpt lat="58.05608" lon="38.804302"><ele>125.6</ele><time>2024-01-28T19:01:13Z</time></trkpt><trkpt lat="58.056085" lon="38.80414"><ele>127.5</ele><time>2024-01-28T19:01:15Z</time></trkpt><trkpt lat="58.05611" lon="38.803947"><ele>122.8</ele><time>2024-01-28T19:01:18Z</time></trkpt><trkpt lat="58.056123" lon="38.80387"><ele>119.3</ele><time>2024-01-28T19:01:25Z</time></trkpt><trkpt lat="58.05617" lon="38.803845"><ele>118.9</ele><time>2024-01-28T19:01:32Z</time></trkpt><trkpt lat="58.056095" lon="38.803665"><ele>120.7</ele><time>2024-01-28T19:01:35Z</time></trkpt><trkpt lat="58.0561" lon="38.803438"><ele>118.6</ele><time>2024-01-28T19:01:37Z</time></trkpt><trkpt lat="58.056105" lon="38.803198"><ele>119.7</ele><time>2024-01-28T19:01:39Z</time></trkpt><trkpt lat="58.05612" lon="38.803052"><ele>119.4</ele><time>2024-01-28T19:01:40Z</time></trkpt><trkpt lat="58.056127" lon="38.802885"><ele>118.6</ele><time>2024-01-28T19:01:41Z</time></trkpt><trkpt lat="58.05615" lon="38.802705"><ele>118.2</ele><time>2024-01-28T19:01:42Z</time></trkpt><trkpt lat="58.056165" lon="38.802522"><ele>117.0</ele><time>2024-01-28T19:01:43Z</time></trkpt><trkpt lat="58.05618" lon="38.80233"><ele>117.3</ele><time>2024-01-28T19:01:44Z</time></trkpt><trkpt lat="58.056192" lon="38.802147"><ele>117.1</ele><time>2024-01-28T19:01:45Z</time></trkpt><trkpt lat="58.056207" lon="38.80197"><ele>118.1</ele><time>2024-01-28T19:01:46Z</time></trkpt><trkpt lat="58.056213" lon="38.80179"><ele>118.7</ele><time>2024-01-28T19:01:47Z</time></trkpt><trkpt lat="58.056225" lon="38.80162"><ele>120.0</ele><time>2024-01-28T19:01:48Z</time></trkpt><trkpt lat="58.056235" lon="38.801452"><ele>120.7</ele><time>2024-01-28T19:01:49Z</time></trkpt><trkpt lat="58.056247" lon="38.801295"><ele>120.3</ele><time>2024-01-28T19:01:50Z</time></trkpt><trkpt lat="58.056257" lon="38.801137"><ele>119.5</ele><time>2024-01-28T19:01:51Z</time></trkpt><trkpt lat="58.056267" lon="38.80098"><ele>119.4</ele><time>2024-01-28T19:01:52Z</time></trkpt><trkpt lat="58.056283" lon="38.80084"><ele>119.5</ele><time>2024-01-28T19:01:53Z</time></trkpt><trkpt lat="58.05629" lon="38.8007"><ele>119.0</ele><time>2024-01-28T19:01:54Z</time></trkpt><trkpt lat="58.056302" lon="38.800455"><ele>119.2</ele><time>2024-01-28T19:01:56Z</time></trkpt><trkpt lat="58.05631" lon="38.800252"><ele>119.0</ele><time>2024-01-28T19:01:58Z</time></trkpt><trkpt lat="58.056317" lon="38.800077"><ele>119.8</ele><time>2024-01-28T19:02:00Z</time></trkpt><trkpt lat="58.05633" lon="38.799897"><ele>120.3</ele><time>2024-01-28T19:02:02Z</time></trkpt><trkpt lat="58.056348" lon="38.79968"><ele>120.6</ele><time>2024-01-28T19:02:04Z</time></trkpt><trkpt lat="58.05637" lon="38.79943"><ele>121.7</ele><time>2024-01-28T19:02:06Z</time></trkpt><trkpt lat="58.05638" lon="38.799285"><ele>121.9</ele><time>2024-01-28T19:02:07Z</time></trkpt><trkpt lat="58.056395" lon="38.799135"><ele>121.9</ele><time>2024-01-28T19:02:08Z</time></trkpt><trkpt lat="58.05641" lon="38.79898"><ele>121.5</ele><time>2024-01-28T19:02:09Z</time></trkpt><trkpt lat="58.056417" lon="38.798832"><ele>121.7</ele><time>2024-01-28T19:02:10Z</time></trkpt><trkpt lat="58.056422" lon="38.798687"><ele>121.9</ele><time>2024-01-28T19:02:11Z</time></trkpt><trkpt lat="58.056437" lon="38.79854"><ele>121.9</ele><time>2024-01-28T19:02:12Z</time></trkpt><trkpt lat="58.05647" lon="38.798282"><ele>122.0</ele><time>2024-01-28T19:02:14Z</time></trkpt><trkpt lat="58.05649" lon="38.798042"><ele>123.0</ele><time>2024-01-28T19:02:16Z</time></trkpt><trkpt lat="58.0565" lon="38.79783"><ele>121.8</ele><time>2024-01-28T19:02:18Z</time></trkpt><trkpt lat="58.056505" lon="38.797637"><ele>121.5</ele><time>2024-01-28T19:02:20Z</time></trkpt><trkpt lat="58.05652" lon="38.79744"><ele>119.9</ele><time>2024-01-28T19:02:22Z</time></trkpt><trkpt lat="58.056535" lon="38.79721"><ele>121.7</ele><time>2024-01-28T19:02:24Z</time></trkpt><trkpt lat="58.05655" lon="38.797072"><ele>121.5</ele><time>2024-01-28T19:02:25Z</time></trkpt><trkpt lat="58.056555" lon="38.79693"><ele>121.3</ele><time>2024-01-28T19:02:26Z</time></trkpt><trkpt lat="58.056567" lon="38.796775"><ele>122.2</ele><time>2024-01-28T19:02:27Z</time></trkpt><trkpt lat="58.056573" lon="38.79661"><ele>122.5</ele><time>2024-01-28T19:02:28Z</time></trkpt><trkpt lat="58.05659" lon="38.79643"><ele>121.6</ele><time>2024-01-28T19:02:29Z</time></trkpt><trkpt lat="58.0566" lon="38.796245"><ele>122.1</ele><time>2024-01-28T19:02:30Z</time></trkpt><trkpt lat="58.05661" lon="38.796045"><ele>122.7</ele><time>2024-01-28T19:02:31Z</time></trkpt><trkpt lat="58.05662" lon="38.795835"><ele>122.9</ele><time>2024-01-28T19:02:32Z</time></trkpt><trkpt lat="58.056632" lon="38.795625"><ele>122.6</ele><time>2024-01-28T19:02:33Z</time></trkpt><trkpt lat="58.056635" lon="38.795415"><ele>121.6</ele><time>2024-01-28T19:02:34Z</time></trkpt><trkpt lat="58.05666" lon="38.7952"><ele>122.2</ele><time>2024-01-28T19:02:35Z</time></trkpt><trkpt lat="58.056645" lon="38.794938"><ele>122.1</ele><time>2024-01-28T19:02:36Z</time></trkpt><trkpt lat="58.056655" lon="38.794755"><ele>125.0</ele><time>2024-01-28T19:02:37Z</time></trkpt><trkpt lat="58.056667" lon="38.794487"><ele>126.3</ele><time>2024-01-28T19:02:38Z</time></trkpt><trkpt lat="58.056685" lon="38.794232"><ele>127.0</ele><time>2024-01-28T19:02:39Z</time></trkpt><trkpt lat="58.0567" lon="38.793987"><ele>129.2</ele><time>2024-01-28T19:02:40Z</time></trkpt><trkpt lat="58.05674" lon="38.793745"><ele>131.3</ele><time>2024-01-28T19:02:41Z</time></trkpt><trkpt lat="58.05676" lon="38.793482"><ele>131.1</ele><time>2024-01-28T19:02:42Z</time></trkpt><trkpt lat="58.056775" lon="38.793225"><ele>131.0</ele><time>2024-01-28T19:02:43Z</time></trkpt><trkpt lat="58.056782" lon="38.792975"><ele>130.8</ele><time>2024-01-28T19:02:44Z</time></trkpt><trkpt lat="58.056817" lon="38.792732"><ele>129.5</ele><time>2024-01-28T19:02:45Z</time></trkpt><trkpt lat="58.05685" lon="38.79251"><ele>129.6</ele><time>2024-01-28T19:02:46Z</time></trkpt><trkpt lat="58.05688" lon="38.79226"><ele>129.6</ele><time>2024-01-28T19:02:47Z</time></trkpt><trkpt lat="58.056845" lon="38.79206"><ele>129.5</ele><time>2024-01-28T19:02:48Z</time></trkpt><trkpt lat="58.056845" lon="38.79185"><ele>130.6</ele><time>2024-01-28T19:02:49Z</time></trkpt><trkpt lat="58.056865" lon="38.79164"><ele>130.6</ele><time>2024-01-28T19:02:50Z</time></trkpt><trkpt lat="58.05687" lon="38.79142"><ele>129.9</ele><time>2024-01-28T19:02:51Z</time></trkpt><trkpt lat="58.05687" lon="38.79123"><ele>131.6</ele><time>2024-01-28T19:02:52Z</time></trkpt><trkpt lat="58.056895" lon="38.791022"><ele>129.0</ele><time>2024-01-28T19:02:53Z</time></trkpt><trkpt lat="58.056905" lon="38.79081"><ele>129.0</ele><time>2024-01-28T19:02:54Z</time></trkpt><trkpt lat="58.056917" lon="38.79063"><ele>128.5</ele><time>2024-01-28T19:02:55Z</time></trkpt><trkpt lat="58.056935" lon="38.790457"><ele>128.0</ele><time>2024-01-28T19:02:56Z</time></trkpt><trkpt lat="58.05697" lon="38.790265"><ele>125.3</ele><time>2024-01-28T19:02:57Z</time></trkpt><trkpt lat="58.05698" lon="38.790087"><ele>127.7</ele><time>2024-01-28T19:02:58Z</time></trkpt><trkpt lat="58.056992" lon="38.789915"><ele>127.4</ele><time>2024-01-28T19:02:59Z</time></trkpt><trkpt lat="58.057005" lon="38.78974"><ele>127.8</ele><time>2024-01-28T19:03:00Z</time></trkpt><trkpt lat="58.057012" lon="38.78959"><ele>129.2</ele><time>2024-01-28T19:03:01Z</time></trkpt><trkpt lat="58.057023" lon="38.789432"><ele>128.6</ele><time>2024-01-28T19:03:02Z</time></trkpt><trkpt lat="58.057035" lon="38.789275"><ele>127.7</ele><time>2024-01-28T19:03:03Z</time></trkpt><trkpt lat="58.057055" lon="38.789117"><ele>126.8</ele><time>2024-01-28T19:03:04Z</time></trkpt><trkpt lat="58.05707" lon="38.78898"><ele>128.4</ele><time>2024-01-28T19:03:05Z</time></trkpt><trkpt lat="58.05708" lon="38.78883"><ele>127.8</ele><time>2024-01-28T19:03:06Z</time></trkpt><trkpt lat="58.057095" lon="38.788615"><ele>126.6</ele><time>2024-01-28T19:03:08Z</time></trkpt><trkpt lat="58.057108" lon="38.788405"><ele>127.6</ele><time>2024-01-28T19:03:10Z</time></trkpt><trkpt lat="58.057045" lon="38.788255"><ele>131.9</ele><time>2024-01-28T19:03:13Z</time></trkpt><trkpt lat="58.057055" lon="38.78809"><ele>129.3</ele><time>2024-01-28T19:03:19Z</time></trkpt><trkpt lat="58.05707" lon="38.787955"><ele>128.9</ele><time>2024-01-28T19:03:21Z</time></trkpt><trkpt lat="58.057075" lon="38.78771"><ele>125.8</ele><time>2024-01-28T19:03:23Z</time></trkpt><trkpt lat="58.057077" lon="38.78756"><ele>125.4</ele><time>2024-01-28T19:03:24Z</time></trkpt><trkpt lat="58.057085" lon="38.78741"><ele>126.0</ele><time>2024-01-28T19:03:25Z</time></trkpt><trkpt lat="58.057097" lon="38.787275"><ele>125.1</ele><time>2024-01-28T19:03:26Z</time></trkpt><trkpt lat="58.05708" lon="38.787105"><ele>121.6</ele><time>2024-01-28T19:03:27Z</time></trkpt><trkpt lat="58.057105" lon="38.78693"><ele>122.6</ele><time>2024-01-28T19:03:28Z</time></trkpt><trkpt lat="58.057113" lon="38.786752"><ele>121.8</ele><time>2024-01-28T19:03:29Z</time></trkpt><trkpt lat="58.05714" lon="38.78659"><ele>122.3</ele><time>2024-01-28T19:03:30Z</time></trkpt><trkpt lat="58.05716" lon="38.78642"><ele>121.6</ele><time>2024-01-28T19:03:31Z</time></trkpt><trkpt lat="58.057167" lon="38.786267"><ele>120.0</ele><time>2024-01-28T19:03:32Z</time></trkpt><trkpt lat="58.057175" lon="38.786112"><ele>121.8</ele><time>2024-01-28T19:03:33Z</time></trkpt><trkpt lat="58.057175" lon="38.785952"><ele>122.2</ele><time>2024-01-28T19:03:34Z</time></trkpt><trkpt lat="58.05719" lon="38.785705"><ele>122.0</ele><time>2024-01-28T19:03:36Z</time></trkpt><trkpt lat="58.057195" lon="38.78552"><ele>121.8</ele><time>2024-01-28T19:03:38Z</time></trkpt><trkpt lat="58.057175" lon="38.785435"><ele>118.5</ele><time>2024-01-28T19:03:45Z</time></trkpt><trkpt lat="58.057178" lon="38.785435"><ele>117.5</ele><time>2024-01-28T19:03:52Z</time></trkpt><trkpt lat="58.057172" lon="38.785432"><ele>119.3</ele><time>2024-01-28T19:03:58Z</time></trkpt><trkpt lat="58.057177" lon="38.785235"><ele>116.8</ele><time>2024-01-28T19:04:07Z</time></trkpt><trkpt lat="58.057135" lon="38.785045"><ele>118.3</ele><time>2024-01-28T19:04:09Z</time></trkpt><trkpt lat="58.05707" lon="38.7849"><ele>115.9</ele><time>2024-01-28T19:04:11Z</time></trkpt><trkpt lat="58.057005" lon="38.784835"><ele>115.2</ele><time>2024-01-28T19:04:12Z</time></trkpt><trkpt lat="58.056895" lon="38.784727"><ele>117.7</ele><time>2024-01-28T19:04:14Z</time></trkpt><trkpt lat="58.05681" lon="38.784645"><ele>118.2</ele><time>2024-01-28T19:04:16Z</time></trkpt><trkpt lat="58.056725" lon="38.784565"><ele>116.9</ele><time>2024-01-28T19:04:19Z</time></trkpt><trkpt lat="58.056692" lon="38.784585"><ele>117.1</ele><time>2024-01-28T19:04:26Z</time></trkpt><trkpt lat="58.05669" lon="38.784575"><ele>117.1</ele><time>2024-01-28T19:04:33Z</time></trkpt><trkpt lat="58.056595" lon="38.784482"><ele>117.9</ele><time>2024-01-28T19:04:35Z</time></trkpt><trkpt lat="58.056485" lon="38.784355"><ele>120.7</ele><time>2024-01-28T19:04:37Z</time></trkpt><trkpt lat="58.05636" lon="38.78423"><ele>118.6</ele><time>2024-01-28T19:04:39Z</time></trkpt><trkpt lat="58.056285" lon="38.78414"><ele>120.8</ele><time>2024-01-28T19:04:40Z</time></trkpt><trkpt lat="58.056213" lon="38.784045"><ele>119.9</ele><time>2024-01-28T19:04:41Z</time></trkpt><trkpt lat="58.05614" lon="38.783942"><ele>120.1</ele><time>2024-01-28T19:04:42Z</time></trkpt><trkpt lat="58.056065" lon="38.78385"><ele>120.5</ele><time>2024-01-28T19:04:43Z</time></trkpt><trkpt lat="58.055985" lon="38.783755"><ele>119.0</ele><time>2024-01-28T19:04:44Z</time></trkpt><trkpt lat="58.055888" lon="38.783677"><ele>117.9</ele><time>2024-01-28T19:04:45Z</time></trkpt><trkpt lat="58.055797" lon="38.783595"><ele>119.3</ele><time>2024-01-28T19:04:46Z</time></trkpt><trkpt lat="58.055705" lon="38.783527"><ele>119.3</ele><time>2024-01-28T19:04:47Z</time></trkpt><trkpt lat="58.055605" lon="38.78344"><ele>119.4</ele><time>2024-01-28T19:04:48Z</time></trkpt><trkpt lat="58.05549" lon="38.783382"><ele>117.7</ele><time>2024-01-28T19:04:49Z</time></trkpt><trkpt lat="58.055375" lon="38.783337"><ele>118.4</ele><time>2024-01-28T19:04:50Z</time></trkpt><trkpt lat="58.055265" lon="38.783322"><ele>120.1</ele><time>2024-01-28T19:04:51Z</time></trkpt><trkpt lat="58.05516" lon="38.783285"><ele>120.2</ele><time>2024-01-28T19:04:52Z</time></trkpt><trkpt lat="58.055045" lon="38.78325"><ele>119.5</ele><time>2024-01-28T19:04:53Z</time></trkpt><trkpt lat="58.054925" lon="38.783235"><ele>118.8</ele><time>2024-01-28T19:04:54Z</time></trkpt><trkpt lat="58.054792" lon="38.78323"><ele>118.6</ele><time>2024-01-28T19:04:55Z</time></trkpt><trkpt lat="58.054672" lon="38.78321"><ele>117.1</ele><time>2024-01-28T19:04:56Z</time></trkpt><trkpt lat="58.05456" lon="38.783212"><ele>116.5</ele><time>2024-01-28T19:04:57Z</time></trkpt><trkpt lat="58.054445" lon="38.783215"><ele>117.2</ele><time>2024-01-28T19:04:58Z</time></trkpt><trkpt lat="58.054337" lon="38.783215"><ele>117.9</ele><time>2024-01-28T19:04:59Z</time></trkpt><trkpt lat="58.054227" lon="38.783215"><ele>117.8</ele><time>2024-01-28T19:05:00Z</time></trkpt><trkpt lat="58.054115" lon="38.783215"><ele>117.9</ele><time>2024-01-28T19:05:01Z</time></trkpt><trkpt lat="58.054002" lon="38.78323"><ele>119.1</ele><time>2024-01-28T19:05:02Z</time></trkpt><trkpt lat="58.053895" lon="38.78324"><ele>118.6</ele><time>2024-01-28T19:05:03Z</time></trkpt><trkpt lat="58.05379" lon="38.78327"><ele>118.8</ele><time>2024-01-28T19:05:04Z</time></trkpt><trkpt lat="58.05369" lon="38.783295"><ele>118.5</ele><time>2024-01-28T19:05:05Z</time></trkpt><trkpt lat="58.053592" lon="38.783305"><ele>119.2</ele><time>2024-01-28T19:05:06Z</time></trkpt><trkpt lat="58.053492" lon="38.783332"><ele>117.5</ele><time>2024-01-28T19:05:07Z</time></trkpt><trkpt lat="58.053405" lon="38.783365"><ele>118.7</ele><time>2024-01-28T19:05:08Z</time></trkpt><trkpt lat="58.053322" lon="38.78339"><ele>118.3</ele><time>2024-01-28T19:05:09Z</time></trkpt><trkpt lat="58.05324" lon="38.783405"><ele>118.7</ele><time>2024-01-28T19:05:10Z</time></trkpt><trkpt lat="58.053157" lon="38.783425"><ele>117.3</ele><time>2024-01-28T19:05:11Z</time></trkpt><trkpt lat="58.05307" lon="38.783445"><ele>115.8</ele><time>2024-01-28T19:05:12Z</time></trkpt><trkpt lat="58.05297" lon="38.78346"><ele>114.3</ele><time>2024-01-28T19:05:13Z</time></trkpt><trkpt lat="58.05287" lon="38.783482"><ele>115.5</ele><time>2024-01-28T19:05:15Z</time></trkpt><trkpt lat="58.052785" lon="38.783395"><ele>113.5</ele><time>2024-01-28T19:05:17Z</time></trkpt><trkpt lat="58.05272" lon="38.783325"><ele>113.0</ele><time>2024-01-28T19:05:18Z</time></trkpt><trkpt lat="58.052715" lon="38.783067"><ele>113.5</ele><time>2024-01-28T19:05:19Z</time></trkpt><trkpt lat="58.05265" lon="38.782805"><ele>114.2</ele><time>2024-01-28T19:05:21Z</time></trkpt><trkpt lat="58.052615" lon="38.782662"><ele>114.0</ele><time>2024-01-28T19:05:22Z</time></trkpt><trkpt lat="58.052585" lon="38.78248"><ele>115.1</ele><time>2024-01-28T19:05:23Z</time></trkpt><trkpt lat="58.052545" lon="38.782282"><ele>114.6</ele><time>2024-01-28T19:05:24Z</time></trkpt><trkpt lat="58.05251" lon="38.78214"><ele>114.5</ele><time>2024-01-28T19:05:25Z</time></trkpt><trkpt lat="58.052505" lon="38.781895"><ele>116.3</ele><time>2024-01-28T19:05:27Z</time></trkpt><trkpt lat="58.052475" lon="38.78168"><ele>115.3</ele><time>2024-01-28T19:05:29Z</time></trkpt><trkpt lat="58.052477" lon="38.781535"><ele>115.6</ele><time>2024-01-28T19:05:30Z</time></trkpt><trkpt lat="58.052467" lon="38.7814"><ele>115.8</ele><time>2024-01-28T19:05:31Z</time></trkpt><trkpt lat="58.052437" lon="38.78117"><ele>115.6</ele><time>2024-01-28T19:05:33Z</time></trkpt><trkpt lat="58.052435" lon="38.780562"><ele>117.2</ele><time>2024-01-28T19:05:36Z</time></trkpt><trkpt lat="58.052478" lon="38.780345"><ele>120.3</ele><time>2024-01-28T19:05:37Z</time></trkpt><trkpt lat="58.052307" lon="38.78064"><ele>117.3</ele><time>2024-01-28T19:05:39Z</time></trkpt><trkpt lat="58.05223" lon="38.780427"><ele>117.8</ele><time>2024-01-28T19:05:42Z</time></trkpt><trkpt lat="58.052215" lon="38.78062"><ele>117.9</ele><time>2024-01-28T19:05:44Z</time></trkpt><trkpt lat="58.05222" lon="38.780757"><ele>119.5</ele><time>2024-01-28T19:05:47Z</time></trkpt><trkpt lat="58.0523" lon="38.78072"><ele>118.1</ele><time>2024-01-28T19:05:52Z</time></trkpt><trkpt lat="58.052282" lon="38.780575"><ele>117.0</ele><time>2024-01-28T19:05:55Z</time></trkpt><trkpt lat="58.05225" lon="38.780452"><ele>117.2</ele><time>2024-01-28T19:05:57Z</time></trkpt><trkpt lat="58.0522" lon="38.780245"><ele>116.5</ele><time>2024-01-28T19:05:59Z</time></trkpt><trkpt lat="58.052195" lon="38.780105"><ele>116.4</ele><time>2024-01-28T19:06:00Z</time></trkpt><trkpt lat="58.05217" lon="38.77996"><ele>117.4</ele><time>2024-01-28T19:06:01Z</time></trkpt><trkpt lat="58.052165" lon="38.779815"><ele>116.1</ele><time>2024-01-28T19:06:02Z</time></trkpt><trkpt lat="58.052155" lon="38.779622"><ele>116.6</ele><time>2024-01-28T19:06:03Z</time></trkpt><trkpt lat="58.05214" lon="38.77946"><ele>117.1</ele><time>2024-01-28T19:06:04Z</time></trkpt><trkpt lat="58.052152" lon="38.779177"><ele>117.3</ele><time>2024-01-28T19:06:06Z</time></trkpt><trkpt lat="58.052162" lon="38.779023"><ele>115.6</ele><time>2024-01-28T19:06:07Z</time></trkpt><trkpt lat="58.05218" lon="38.77888"><ele>116.1</ele><time>2024-01-28T19:06:08Z</time></trkpt><trkpt lat="58.05225" lon="38.7787"><ele>113.9</ele><time>2024-01-28T19:06:09Z</time></trkpt><trkpt lat="58.05228" lon="38.77855"><ele>114.3</ele><time>2024-01-28T19:06:10Z</time></trkpt><trkpt lat="58.052352" lon="38.77838"><ele>115.9</ele><time>2024-01-28T19:06:11Z</time></trkpt><trkpt lat="58.052395" lon="38.778193"><ele>114.7</ele><time>2024-01-28T19:06:12Z</time></trkpt><trkpt lat="58.05245" lon="38.778015"><ele>114.9</ele><time>2024-01-28T19:06:13Z</time></trkpt><trkpt lat="58.05249" lon="38.777867"><ele>115.0</ele><time>2024-01-28T19:06:14Z</time></trkpt><trkpt lat="58.052562" lon="38.777705"><ele>113.8</ele><time>2024-01-28T19:06:15Z</time></trkpt><trkpt lat="58.052615" lon="38.777525"><ele>113.2</ele><time>2024-01-28T19:06:16Z</time></trkpt><trkpt lat="58.052655" lon="38.777325"><ele>113.8</ele><time>2024-01-28T19:06:17Z</time></trkpt><trkpt lat="58.05273" lon="38.77719"><ele>116.0</ele><time>2024-01-28T19:06:18Z</time></trkpt><trkpt lat="58.05276" lon="38.777025"><ele>114.3</ele><time>2024-01-28T19:06:19Z</time></trkpt><trkpt lat="58.052825" lon="38.77687"><ele>113.6</ele><time>2024-01-28T19:06:20Z</time></trkpt><trkpt lat="58.05288" lon="38.77671"><ele>113.9</ele><time>2024-01-28T19:06:21Z</time></trkpt><trkpt lat="58.052952" lon="38.77661"><ele>114.0</ele><time>2024-01-28T19:06:22Z</time></trkpt><trkpt lat="58.053032" lon="38.776485"><ele>114.3</ele><time>2024-01-28T19:06:23Z</time></trkpt><trkpt lat="58.0531" lon="38.776347"><ele>114.9</ele><time>2024-01-28T19:06:24Z</time></trkpt><trkpt lat="58.053165" lon="38.776195"><ele>113.7</ele><time>2024-01-28T19:06:25Z</time></trkpt><trkpt lat="58.053195" lon="38.77602"><ele>115.4</ele><time>2024-01-28T19:06:26Z</time></trkpt><trkpt lat="58.053225" lon="38.775865"><ele>114.1</ele><time>2024-01-28T19:06:27Z</time></trkpt><trkpt lat="58.05327" lon="38.775705"><ele>115.7</ele><time>2024-01-28T19:06:28Z</time></trkpt><trkpt lat="58.053313" lon="38.775565"><ele>116.5</ele><time>2024-01-28T19:06:29Z</time></trkpt><trkpt lat="58.053362" lon="38.7754"><ele>117.0</ele><time>2024-01-28T19:06:30Z</time></trkpt><trkpt lat="58.053395" lon="38.775245"><ele>116.5</ele><time>2024-01-28T19:06:31Z</time></trkpt><trkpt lat="58.053445" lon="38.77511"><ele>116.1</ele><time>2024-01-28T19:06:32Z</time></trkpt><trkpt lat="58.053507" lon="38.774977"><ele>116.1</ele><time>2024-01-28T19:06:33Z</time></trkpt><trkpt lat="58.05355" lon="38.774845"><ele>115.5</ele><time>2024-01-28T19:06:34Z</time></trkpt><trkpt lat="58.05359" lon="38.77473"><ele>114.2</ele><time>2024-01-28T19:06:35Z</time></trkpt><trkpt lat="58.053637" lon="38.77458"><ele>115.5</ele><time>2024-01-28T19:06:36Z</time></trkpt><trkpt lat="58.053675" lon="38.77446"><ele>115.5</ele><time>2024-01-28T19:06:37Z</time></trkpt><trkpt lat="58.053725" lon="38.774322"><ele>114.5</ele><time>2024-01-28T19:06:38Z</time></trkpt><trkpt lat="58.053762" lon="38.77419"><ele>114.2</ele><time>2024-01-28T19:06:39Z</time></trkpt><trkpt lat="58.053805" lon="38.77407"><ele>115.5</ele><time>2024-01-28T19:06:40Z</time></trkpt><trkpt lat="58.05384" lon="38.773927"><ele>116.3</ele><time>2024-01-28T19:06:41Z</time></trkpt><trkpt lat="58.053885" lon="38.7738"><ele>115.6</ele><time>2024-01-28T19:06:42Z</time></trkpt><trkpt lat="58.05395" lon="38.773578"><ele>118.3</ele><time>2024-01-28T19:06:44Z</time></trkpt><trkpt lat="58.05403" lon="38.773395"><ele>118.2</ele><time>2024-01-28T19:06:46Z</time></trkpt><trkpt lat="58.054085" lon="38.77324"><ele>118.2</ele><time>2024-01-28T19:06:48Z</time></trkpt><trkpt lat="58.054115" lon="38.7731"><ele>122.2</ele><time>2024-01-28T19:06:51Z</time></trkpt><trkpt lat="58.054127" lon="38.773085"><ele>121.3</ele><time>2024-01-28T19:06:58Z</time></trkpt><trkpt lat="58.054125" lon="38.77308"><ele>121.8</ele><time>2024-01-28T19:07:01Z</time></trkpt><trkpt lat="58.05417" lon="38.772972"><ele>120.4</ele><time>2024-01-28T19:07:04Z</time></trkpt><trkpt lat="58.054227" lon="38.772812"><ele>119.3</ele><time>2024-01-28T19:07:06Z</time></trkpt><trkpt lat="58.05429" lon="38.772632"><ele>117.8</ele><time>2024-01-28T19:07:08Z</time></trkpt><trkpt lat="58.05437" lon="38.77241"><ele>116.7</ele><time>2024-01-28T19:07:10Z</time></trkpt><trkpt lat="58.054422" lon="38.772277"><ele>115.7</ele><time>2024-01-28T19:07:11Z</time></trkpt><trkpt lat="58.05447" lon="38.77215"><ele>114.9</ele><time>2024-01-28T19:07:12Z</time></trkpt><trkpt lat="58.05453" lon="38.77203"><ele>114.5</ele><time>2024-01-28T19:07:13Z</time></trkpt><trkpt lat="58.054575" lon="38.77188"><ele>114.4</ele><time>2024-01-28T19:07:14Z</time></trkpt><trkpt lat="58.05462" lon="38.77173"><ele>114.3</ele><time>2024-01-28T19:07:15Z</time></trkpt><trkpt lat="58.05466" lon="38.771597"><ele>114.2</ele><time>2024-01-28T19:07:16Z</time></trkpt><trkpt lat="58.05472" lon="38.771455"><ele>113.8</ele><time>2024-01-28T19:07:17Z</time></trkpt><trkpt lat="58.054762" lon="38.771315"><ele>112.8</ele><time>2024-01-28T19:07:18Z</time></trkpt><trkpt lat="58.054817" lon="38.771205"><ele>114.7</ele><time>2024-01-28T19:07:19Z</time></trkpt><trkpt lat="58.054865" lon="38.771077"><ele>114.7</ele><time>2024-01-28T19:07:20Z</time></trkpt><trkpt lat="58.05491" lon="38.770955"><ele>115.0</ele><time>2024-01-28T19:07:21Z</time></trkpt><trkpt lat="58.054945" lon="38.77082"><ele>115.6</ele><time>2024-01-28T19:07:22Z</time></trkpt><trkpt lat="58.05502" lon="38.770635"><ele>114.9</ele><time>2024-01-28T19:07:24Z</time></trkpt><trkpt lat="58.05509" lon="38.7705"><ele>115.6</ele><time>2024-01-28T19:07:26Z</time></trkpt><trkpt lat="58.055145" lon="38.770295"><ele>116.5</ele><time>2024-01-28T19:07:28Z</time></trkpt><trkpt lat="58.055202" lon="38.770072"><ele>115.1</ele><time>2024-01-28T19:07:30Z</time></trkpt><trkpt lat="58.055265" lon="38.769845"><ele>117.4</ele><time>2024-01-28T19:07:32Z</time></trkpt><trkpt lat="58.055345" lon="38.769605"><ele>116.4</ele><time>2024-01-28T19:07:34Z</time></trkpt><trkpt lat="58.05538" lon="38.76948"><ele>117.5</ele><time>2024-01-28T19:07:35Z</time></trkpt><trkpt lat="58.055425" lon="38.76937"><ele>116.8</ele><time>2024-01-28T19:07:36Z</time></trkpt><trkpt lat="58.055525" lon="38.769182"><ele>117.0</ele><time>2024-01-28T19:07:38Z</time></trkpt><trkpt lat="58.055575" lon="38.769075"><ele>116.0</ele><time>2024-01-28T19:07:39Z</time></trkpt><trkpt lat="58.055655" lon="38.768885"><ele>114.4</ele><time>2024-01-28T19:07:41Z</time></trkpt><trkpt lat="58.055752" lon="38.768735"><ele>115.0</ele><time>2024-01-28T19:07:43Z</time></trkpt><trkpt lat="58.0558" lon="38.768575"><ele>114.4</ele><time>2024-01-28T19:07:45Z</time></trkpt><trkpt lat="58.05586" lon="38.768445"><ele>113.5</ele><time>2024-01-28T19:07:47Z</time></trkpt><trkpt lat="58.055897" lon="38.768305"><ele>114.3</ele><time>2024-01-28T19:07:49Z</time></trkpt><trkpt lat="58.055925" lon="38.76818"><ele>114.0</ele><time>2024-01-28T19:07:51Z</time></trkpt><trkpt lat="58.055965" lon="38.76804"><ele>113.7</ele><time>2024-01-28T19:07:54Z</time></trkpt><trkpt lat="58.056" lon="38.767885"><ele>113.8</ele><time>2024-01-28T19:08:01Z</time></trkpt><trkpt lat="58.05604" lon="38.76771"><ele>112.6</ele><time>2024-01-28T19:08:04Z</time></trkpt><trkpt lat="58.056095" lon="38.767545"><ele>115.1</ele><time>2024-01-28T19:08:06Z</time></trkpt><trkpt lat="58.056185" lon="38.767322"><ele>115.6</ele><time>2024-01-28T19:08:08Z</time></trkpt><trkpt lat="58.056235" lon="38.7672"><ele>116.0</ele><time>2024-01-28T19:08:09Z</time></trkpt><trkpt lat="58.056275" lon="38.767055"><ele>115.7</ele><time>2024-01-28T19:08:10Z</time></trkpt><trkpt lat="58.056325" lon="38.766892"><ele>115.8</ele><time>2024-01-28T19:08:11Z</time></trkpt><trkpt lat="58.05637" lon="38.766735"><ele>115.1</ele><time>2024-01-28T19:08:12Z</time></trkpt><trkpt lat="58.056423" lon="38.766565"><ele>114.8</ele><time>2024-01-28T19:08:13Z</time></trkpt><trkpt lat="58.056475" lon="38.7664"><ele>115.7</ele><time>2024-01-28T19:08:14Z</time></trkpt><trkpt lat="58.05656" lon="38.7663"><ele>115.0</ele><time>2024-01-28T19:08:15Z</time></trkpt><trkpt lat="58.056575" lon="38.766125"><ele>115.2</ele><time>2024-01-28T19:08:16Z</time></trkpt><trkpt lat="58.05662" lon="38.765965"><ele>116.2</ele><time>2024-01-28T19:08:17Z</time></trkpt><trkpt lat="58.056682" lon="38.765845"><ele>117.5</ele><time>2024-01-28T19:08:18Z</time></trkpt><trkpt lat="58.05673" lon="38.765725"><ele>117.3</ele><time>2024-01-28T19:08:19Z</time></trkpt><trkpt lat="58.056765" lon="38.765592"><ele>117.1</ele><time>2024-01-28T19:08:20Z</time></trkpt><trkpt lat="58.05686" lon="38.7654"><ele>116.8</ele><time>2024-01-28T19:08:22Z</time></trkpt><trkpt lat="58.05691" lon="38.76526"><ele>115.5</ele><time>2024-01-28T19:08:23Z</time></trkpt><trkpt lat="58.05697" lon="38.765145"><ele>116.1</ele><time>2024-01-28T19:08:26Z</time></trkpt><trkpt lat="58.05704" lon="38.765015"><ele>113.9</ele><time>2024-01-28T19:08:31Z</time></trkpt><trkpt lat="58.057085" lon="38.76485"><ele>113.3</ele><time>2024-01-28T19:08:34Z</time></trkpt><trkpt lat="58.057082" lon="38.764992"><ele>110.4</ele><time>2024-01-28T19:08:40Z</time></trkpt><trkpt lat="58.057022" lon="38.76505"><ele>111.1</ele><time>2024-01-28T19:08:47Z</time></trkpt><trkpt lat="58.057035" lon="38.764902"><ele>114.9</ele><time>2024-01-28T19:08:53Z</time></trkpt><trkpt lat="58.05706" lon="38.764697"><ele>116.5</ele><time>2024-01-28T19:08:55Z</time></trkpt><trkpt lat="58.057092" lon="38.764537"><ele>115.2</ele><time>2024-01-28T19:08:56Z</time></trkpt><trkpt lat="58.057135" lon="38.764403"><ele>115.5</ele><time>2024-01-28T19:08:57Z</time></trkpt><trkpt lat="58.057195" lon="38.76426"><ele>115.7</ele><time>2024-01-28T19:08:58Z</time></trkpt><trkpt lat="58.05725" lon="38.764088"><ele>115.0</ele><time>2024-01-28T19:08:59Z</time></trkpt><trkpt lat="58.0573" lon="38.76389"><ele>115.3</ele><time>2024-01-28T19:09:00Z</time></trkpt><trkpt lat="58.05737" lon="38.763755"><ele>116.7</ele><time>2024-01-28T19:09:01Z</time></trkpt><trkpt lat="58.057395" lon="38.763567"><ele>117.0</ele><time>2024-01-28T19:09:02Z</time></trkpt><trkpt lat="58.057445" lon="38.7634"><ele>115.0</ele><time>2024-01-28T19:09:03Z</time></trkpt><trkpt lat="58.057497" lon="38.76325"><ele>113.5</ele><time>2024-01-28T19:09:04Z</time></trkpt><trkpt lat="58.057555" lon="38.763102"><ele>115.6</ele><time>2024-01-28T19:09:05Z</time></trkpt><trkpt lat="58.057605" lon="38.762953"><ele>115.0</ele><time>2024-01-28T19:09:06Z</time></trkpt><trkpt lat="58.057655" lon="38.762795"><ele>113.9</ele><time>2024-01-28T19:09:07Z</time></trkpt><trkpt lat="58.05771" lon="38.76264"><ele>114.0</ele><time>2024-01-28T19:09:08Z</time></trkpt><trkpt lat="58.05775" lon="38.762495"><ele>112.9</ele><time>2024-01-28T19:09:09Z</time></trkpt><trkpt lat="58.057795" lon="38.762345"><ele>114.2</ele><time>2024-01-28T19:09:10Z</time></trkpt><trkpt lat="58.05783" lon="38.762208"><ele>114.0</ele><time>2024-01-28T19:09:11Z</time></trkpt><trkpt lat="58.057873" lon="38.762075"><ele>114.5</ele><time>2024-01-28T19:09:12Z</time></trkpt><trkpt lat="58.05792" lon="38.761945"><ele>114.9</ele><time>2024-01-28T19:09:13Z</time></trkpt><trkpt lat="58.057955" lon="38.76182"><ele>114.7</ele><time>2024-01-28T19:09:14Z</time></trkpt><trkpt lat="58.058032" lon="38.761595"><ele>115.0</ele><time>2024-01-28T19:09:16Z</time></trkpt><trkpt lat="58.058098" lon="38.76139"><ele>114.5</ele><time>2024-01-28T19:09:18Z</time></trkpt><trkpt lat="58.058145" lon="38.761225"><ele>117.0</ele><time>2024-01-28T19:09:20Z</time></trkpt><trkpt lat="58.058185" lon="38.761125"><ele>120.1</ele><time>2024-01-28T19:09:27Z</time></trkpt><trkpt lat="58.058185" lon="38.761125"><ele>119.7</ele><time>2024-01-28T19:09:30Z</time></trkpt><trkpt lat="58.058247" lon="38.760967"><ele>118.0</ele><time>2024-01-28T19:09:42Z</time></trkpt><trkpt lat="58.058275" lon="38.760837"><ele>118.7</ele><time>2024-01-28T19:09:44Z</time></trkpt><trkpt lat="58.058265" lon="38.760655"><ele>121.5</ele><time>2024-01-28T19:09:46Z</time></trkpt><trkpt lat="58.058215" lon="38.760485"><ele>119.5</ele><time>2024-01-28T19:09:48Z</time></trkpt><trkpt lat="58.05812" lon="38.760307"><ele>120.5</ele><time>2024-01-28T19:09:50Z</time></trkpt><trkpt lat="58.058012" lon="38.76012"><ele>119.8</ele><time>2024-01-28T19:09:52Z</time></trkpt><trkpt lat="58.057955" lon="38.760017"><ele>120.1</ele><time>2024-01-28T19:09:53Z</time></trkpt><trkpt lat="58.057905" lon="38.759905"><ele>119.8</ele><time>2024-01-28T19:09:54Z</time></trkpt><trkpt lat="58.05784" lon="38.759787"><ele>119.1</ele><time>2024-01-28T19:09:55Z</time></trkpt><trkpt lat="58.05778" lon="38.759657"><ele>119.4</ele><time>2024-01-28T19:09:56Z</time></trkpt><trkpt lat="58.057717" lon="38.759512"><ele>118.8</ele><time>2024-01-28T19:09:57Z</time></trkpt><trkpt lat="58.057665" lon="38.759355"><ele>119.3</ele><time>2024-01-28T19:09:58Z</time></trkpt><trkpt lat="58.05761" lon="38.759205"><ele>119.1</ele><time>2024-01-28T19:09:59Z</time></trkpt><trkpt lat="58.057555" lon="38.75904"><ele>120.1</ele><time>2024-01-28T19:10:00Z</time></trkpt><trkpt lat="58.05751" lon="38.75882"><ele>120.3</ele><time>2024-01-28T19:10:01Z</time></trkpt><trkpt lat="58.05746" lon="38.75866"><ele>120.3</ele><time>2024-01-28T19:10:02Z</time></trkpt><trkpt lat="58.057435" lon="38.758457"><ele>120.5</ele><time>2024-01-28T19:10:03Z</time></trkpt><trkpt lat="58.057403" lon="38.75828"><ele>121.0</ele><time>2024-01-28T19:10:04Z</time></trkpt><trkpt lat="58.05736" lon="38.75813"><ele>121.2</ele><time>2024-01-28T19:10:05Z</time></trkpt><trkpt lat="58.057325" lon="38.75795"><ele>122.7</ele><time>2024-01-28T19:10:06Z</time></trkpt><trkpt lat="58.0573" lon="38.757817"><ele>124.3</ele><time>2024-01-28T19:10:07Z</time></trkpt><trkpt lat="58.057245" lon="38.757605"><ele>124.1</ele><time>2024-01-28T19:10:08Z</time></trkpt><trkpt lat="58.057183" lon="38.757385"><ele>124.4</ele><time>2024-01-28T19:10:09Z</time></trkpt><trkpt lat="58.05715" lon="38.75718"><ele>123.9</ele><time>2024-01-28T19:10:10Z</time></trkpt><trkpt lat="58.057102" lon="38.75696"><ele>124.3</ele><time>2024-01-28T19:10:11Z</time></trkpt><trkpt lat="58.057075" lon="38.756775"><ele>124.9</ele><time>2024-01-28T19:10:12Z</time></trkpt><trkpt lat="58.05701" lon="38.7565"><ele>124.9</ele><time>2024-01-28T19:10:13Z</time></trkpt><trkpt lat="58.056965" lon="38.75628"><ele>124.5</ele><time>2024-01-28T19:10:14Z</time></trkpt><trkpt lat="58.056905" lon="38.756065"><ele>126.2</ele><time>2024-01-28T19:10:15Z</time></trkpt><trkpt lat="58.056862" lon="38.755817"><ele>125.5</ele><time>2024-01-28T19:10:16Z</time></trkpt><trkpt lat="58.056815" lon="38.755617"><ele>125.4</ele><time>2024-01-28T19:10:17Z</time></trkpt><trkpt lat="58.056765" lon="38.75534"><ele>125.3</ele><time>2024-01-28T19:10:18Z</time></trkpt><trkpt lat="58.056722" lon="38.75515"><ele>126.1</ele><time>2024-01-28T19:10:19Z</time></trkpt><trkpt lat="58.05668" lon="38.75494"><ele>127.6</ele><time>2024-01-28T19:10:20Z</time></trkpt><trkpt lat="58.056635" lon="38.754735"><ele>127.8</ele><time>2024-01-28T19:10:21Z</time></trkpt><trkpt lat="58.05659" lon="38.75458"><ele>127.1</ele><time>2024-01-28T19:10:22Z</time></trkpt><trkpt lat="58.056535" lon="38.75439"><ele>130.0</ele><time>2024-01-28T19:10:23Z</time></trkpt><trkpt lat="58.0565" lon="38.754142"><ele>128.8</ele><time>2024-01-28T19:10:24Z</time></trkpt><trkpt lat="58.05643" lon="38.753945"><ele>129.4</ele><time>2024-01-28T19:10:25Z</time></trkpt><trkpt lat="58.056385" lon="38.753762"><ele>128.5</ele><time>2024-01-28T19:10:26Z</time></trkpt><trkpt lat="58.05636" lon="38.75358"><ele>129.4</ele><time>2024-01-28T19:10:27Z</time></trkpt><trkpt lat="58.056347" lon="38.753413"><ele>130.3</ele><time>2024-01-28T19:10:28Z</time></trkpt><trkpt lat="58.05631" lon="38.753285"><ele>130.8</ele><time>2024-01-28T19:10:29Z</time></trkpt><trkpt lat="58.056252" lon="38.753152"><ele>130.2</ele><time>2024-01-28T19:10:30Z</time></trkpt><trkpt lat="58.05618" lon="38.753002"><ele>132.6</ele><time>2024-01-28T19:10:32Z</time></trkpt><trkpt lat="58.056112" lon="38.752835"><ele>130.9</ele><time>2024-01-28T19:10:34Z</time></trkpt><trkpt lat="58.05602" lon="38.75282"><ele>128.8</ele><time>2024-01-28T19:10:36Z</time></trkpt><trkpt lat="58.05591" lon="38.75278"><ele>129.2</ele><time>2024-01-28T19:10:38Z</time></trkpt><trkpt lat="58.05584" lon="38.752765"><ele>131.1</ele><time>2024-01-28T19:10:39Z</time></trkpt><trkpt lat="58.055765" lon="38.75275"><ele>131.6</ele><time>2024-01-28T19:10:40Z</time></trkpt><trkpt lat="58.055655" lon="38.752737"><ele>130.8</ele><time>2024-01-28T19:10:42Z</time></trkpt><trkpt lat="58.055545" lon="38.75271"><ele>131.6</ele><time>2024-01-28T19:10:44Z</time></trkpt><trkpt lat="58.055445" lon="38.752695"><ele>130.6</ele><time>2024-01-28T19:10:46Z</time></trkpt><trkpt lat="58.055355" lon="38.752667"><ele>129.7</ele><time>2024-01-28T19:10:48Z</time></trkpt><trkpt lat="58.05527" lon="38.75268"><ele>131.4</ele><time>2024-01-28T19:10:50Z</time></trkpt><trkpt lat="58.055182" lon="38.752712"><ele>132.0</ele><time>2024-01-28T19:10:53Z</time></trkpt><trkpt lat="58.055192" lon="38.752947"><ele>132.4</ele><time>2024-01-28T19:10:55Z</time></trkpt><trkpt lat="58.055127" lon="38.75287"><ele>132.7</ele><time>2024-01-28T19:10:56Z</time></trkpt><trkpt lat="58.05507" lon="38.752995"><ele>132.1</ele><time>2024-01-28T19:10:58Z</time></trkpt><trkpt lat="58.054988" lon="38.75302"><ele>132.1</ele><time>2024-01-28T19:10:59Z</time></trkpt><trkpt lat="58.054892" lon="38.753072"><ele>132.1</ele><time>2024-01-28T19:11:01Z</time></trkpt><trkpt lat="58.054865" lon="38.753258"><ele>131.3</ele><time>2024-01-28T19:11:04Z</time></trkpt><trkpt lat="58.054892" lon="38.753585"><ele>131.8</ele><time>2024-01-28T19:11:06Z</time></trkpt><trkpt lat="58.054915" lon="38.753835"><ele>131.0</ele><time>2024-01-28T19:11:07Z</time></trkpt><trkpt lat="58.054987" lon="38.754067"><ele>130.8</ele><time>2024-01-28T19:11:08Z</time></trkpt><trkpt lat="58.05505" lon="38.75428"><ele>130.2</ele><time>2024-01-28T19:11:09Z</time></trkpt><trkpt lat="58.054892" lon="38.754207"><ele>130.7</ele><time>2024-01-28T19:11:10Z</time></trkpt><trkpt lat="58.054702" lon="38.753495"><ele>125.0</ele><time>2024-01-28T19:11:12Z</time></trkpt><trkpt lat="58.054675" lon="38.753227"><ele>124.5</ele><time>2024-01-28T19:11:14Z</time></trkpt><trkpt lat="58.054608" lon="38.75296"><ele>126.4</ele><time>2024-01-28T19:11:15Z</time></trkpt><trkpt lat="58.054627" lon="38.7528"><ele>126.9</ele><time>2024-01-28T19:11:17Z</time></trkpt><trkpt lat="58.054625" lon="38.752542"><ele>127.4</ele><time>2024-01-28T19:11:19Z</time></trkpt><trkpt lat="58.05454" lon="38.75239"><ele>125.8</ele><time>2024-01-28T19:11:21Z</time></trkpt><trkpt lat="58.054437" lon="38.75253"><ele>125.4</ele><time>2024-01-28T19:11:22Z</time></trkpt><trkpt lat="58.05444" lon="38.752845"><ele>124.8</ele><time>2024-01-28T19:11:23Z</time></trkpt><trkpt lat="58.054395" lon="38.752995"><ele>125.6</ele><time>2024-01-28T19:11:24Z</time></trkpt><trkpt lat="58.054355" lon="38.75313"><ele>126.1</ele><time>2024-01-28T19:11:25Z</time></trkpt><trkpt lat="58.054325" lon="38.753355"><ele>127.6</ele><time>2024-01-28T19:11:26Z</time></trkpt><trkpt lat="58.054307" lon="38.753525"><ele>126.5</ele><time>2024-01-28T19:11:27Z</time></trkpt><trkpt lat="58.05425" lon="38.753785"><ele>124.2</ele><time>2024-01-28T19:11:29Z</time></trkpt><trkpt lat="58.05422" lon="38.753925"><ele>123.9</ele><time>2024-01-28T19:11:30Z</time></trkpt><trkpt lat="58.054182" lon="38.754045"><ele>123.8</ele><time>2024-01-28T19:11:31Z</time></trkpt><trkpt lat="58.054142" lon="38.754175"><ele>123.5</ele><time>2024-01-28T19:11:32Z</time></trkpt><trkpt lat="58.054095" lon="38.7543"><ele>122.8</ele><time>2024-01-28T19:11:33Z</time></trkpt><trkpt lat="58.054055" lon="38.75442"><ele>122.9</ele><time>2024-01-28T19:11:34Z</time></trkpt><trkpt lat="58.05402" lon="38.754595"><ele>124.3</ele><time>2024-01-28T19:11:35Z</time></trkpt><trkpt lat="58.054015" lon="38.75481"><ele>124.8</ele><time>2024-01-28T19:11:36Z</time></trkpt><trkpt lat="58.05397" lon="38.7554"><ele>126.7</ele><time>2024-01-28T19:11:38Z</time></trkpt><trkpt lat="58.053865" lon="38.755345"><ele>126.8</ele><time>2024-01-28T19:11:39Z</time></trkpt><trkpt lat="58.0538" lon="38.755608"><ele>124.9</ele><time>2024-01-28T19:11:41Z</time></trkpt><trkpt lat="58.053755" lon="38.755833"><ele>125.0</ele><time>2024-01-28T19:11:42Z</time></trkpt><trkpt lat="58.05374" lon="38.7561"><ele>125.9</ele><time>2024-01-28T19:11:43Z</time></trkpt><trkpt lat="58.053685" lon="38.755945"><ele>125.9</ele><time>2024-01-28T19:11:44Z</time></trkpt><trkpt lat="58.05357" lon="38.75605"><ele>126.9</ele><time>2024-01-28T19:11:46Z</time></trkpt><trkpt lat="58.053555" lon="38.756207"><ele>126.1</ele><time>2024-01-28T19:11:47Z</time></trkpt><trkpt lat="58.053465" lon="38.756295"><ele>128.4</ele><time>2024-01-28T19:11:49Z</time></trkpt><trkpt lat="58.05343" lon="38.756425"><ele>127.6</ele><time>2024-01-28T19:11:50Z</time></trkpt><trkpt lat="58.05336" lon="38.756472"><ele>126.6</ele><time>2024-01-28T19:11:51Z</time></trkpt><trkpt lat="58.053305" lon="38.756585"><ele>124.6</ele><time>2024-01-28T19:11:53Z</time></trkpt><trkpt lat="58.053237" lon="38.756715"><ele>122.6</ele><time>2024-01-28T19:11:55Z</time></trkpt><trkpt lat="58.053157" lon="38.756862"><ele>118.9</ele><time>2024-01-28T19:11:58Z</time></trkpt><trkpt lat="58.053145" lon="38.756885"><ele>123.1</ele><time>2024-01-28T19:12:05Z</time></trkpt><trkpt lat="58.05318" lon="38.757055"><ele>122.7</ele><time>2024-01-28T19:12:10Z</time></trkpt><trkpt lat="58.053065" lon="38.757207"><ele>123.4</ele><time>2024-01-28T19:12:12Z</time></trkpt><trkpt lat="58.053" lon="38.757405"><ele>123.2</ele><time>2024-01-28T19:12:14Z</time></trkpt><trkpt lat="58.05289" lon="38.757642"><ele>123.6</ele><time>2024-01-28T19:12:16Z</time></trkpt><trkpt lat="58.05285" lon="38.757782"><ele>123.9</ele><time>2024-01-28T19:12:17Z</time></trkpt><trkpt lat="58.05282" lon="38.757922"><ele>123.1</ele><time>2024-01-28T19:12:18Z</time></trkpt><trkpt lat="58.05274" lon="38.75805"><ele>120.1</ele><time>2024-01-28T19:12:19Z</time></trkpt><trkpt lat="58.052675" lon="38.758183"><ele>118.5</ele><time>2024-01-28T19:12:20Z</time></trkpt><trkpt lat="58.052625" lon="38.758345"><ele>117.4</ele><time>2024-01-28T19:12:21Z</time></trkpt><trkpt lat="58.05256" lon="38.758485"><ele>117.3</ele><time>2024-01-28T19:12:22Z</time></trkpt><trkpt lat="58.052507" lon="38.758625"><ele>119.2</ele><time>2024-01-28T19:12:23Z</time></trkpt><trkpt lat="58.05244" lon="38.75877"><ele>117.0</ele><time>2024-01-28T19:12:24Z</time></trkpt><trkpt lat="58.052382" lon="38.758925"><ele>116.4</ele><time>2024-01-28T19:12:25Z</time></trkpt><trkpt lat="58.052325" lon="38.759085"><ele>116.5</ele><time>2024-01-28T19:12:26Z</time></trkpt><trkpt lat="58.052273" lon="38.759265"><ele>114.6</ele><time>2024-01-28T19:12:27Z</time></trkpt><trkpt lat="58.05221" lon="38.759435"><ele>115.5</ele><time>2024-01-28T19:12:28Z</time></trkpt><trkpt lat="58.05223" lon="38.759745"><ele>116.2</ele><time>2024-01-28T19:12:29Z</time></trkpt><trkpt lat="58.052207" lon="38.759995"><ele>115.9</ele><time>2024-01-28T19:12:30Z</time></trkpt><trkpt lat="58.052205" lon="38.760302"><ele>115.5</ele><time>2024-01-28T19:12:31Z</time></trkpt><trkpt lat="58.0522" lon="38.760575"><ele>116.0</ele><time>2024-01-28T19:12:32Z</time></trkpt><trkpt lat="58.052135" lon="38.760402"><ele>116.2</ele><time>2024-01-28T19:12:33Z</time></trkpt><trkpt lat="58.052075" lon="38.760545"><ele>116.0</ele><time>2024-01-28T19:12:34Z</time></trkpt><trkpt lat="58.051985" lon="38.760752"><ele>115.8</ele><time>2024-01-28T19:12:36Z</time></trkpt><trkpt lat="58.051878" lon="38.760802"><ele>115.6</ele><time>2024-01-28T19:12:37Z</time></trkpt><trkpt lat="58.051825" lon="38.760892"><ele>115.0</ele><time>2024-01-28T19:12:38Z</time></trkpt><trkpt lat="58.051715" lon="38.76108"><ele>114.7</ele><time>2024-01-28T19:12:40Z</time></trkpt><trkpt lat="58.05167" lon="38.76124"><ele>114.2</ele><time>2024-01-28T19:12:41Z</time></trkpt><trkpt lat="58.051605" lon="38.76136"><ele>115.5</ele><time>2024-01-28T19:12:42Z</time></trkpt><trkpt lat="58.051542" lon="38.761505"><ele>114.7</ele><time>2024-01-28T19:12:43Z</time></trkpt><trkpt lat="58.05149" lon="38.761677"><ele>114.7</ele><time>2024-01-28T19:12:44Z</time></trkpt><trkpt lat="58.051428" lon="38.761835"><ele>115.6</ele><time>2024-01-28T19:12:45Z</time></trkpt><trkpt lat="58.051352" lon="38.761985"><ele>114.5</ele><time>2024-01-28T19:12:46Z</time></trkpt><trkpt lat="58.051285" lon="38.76214"><ele>116.8</ele><time>2024-01-28T19:12:47Z</time></trkpt><trkpt lat="58.05121" lon="38.762305"><ele>117.0</ele><time>2024-01-28T19:12:48Z</time></trkpt><trkpt lat="58.051085" lon="38.76244"><ele>114.3</ele><time>2024-01-28T19:12:49Z</time></trkpt><trkpt lat="58.051042" lon="38.76262"><ele>114.5</ele><time>2024-01-28T19:12:50Z</time></trkpt><trkpt lat="58.050995" lon="38.762775"><ele>113.7</ele><time>2024-01-28T19:12:51Z</time></trkpt><trkpt lat="58.050935" lon="38.76294"><ele>113.6</ele><time>2024-01-28T19:12:52Z</time></trkpt><trkpt lat="58.050882" lon="38.76309"><ele>113.3</ele><time>2024-01-28T19:12:53Z</time></trkpt><trkpt lat="58.050827" lon="38.763235"><ele>114.2</ele><time>2024-01-28T19:12:54Z</time></trkpt><trkpt lat="58.050785" lon="38.763375"><ele>113.1</ele><time>2024-01-28T19:12:55Z</time></trkpt><trkpt lat="58.050738" lon="38.763502"><ele>114.4</ele><time>2024-01-28T19:12:56Z</time></trkpt><trkpt lat="58.05065" lon="38.76372"><ele>112.7</ele><time>2024-01-28T19:12:58Z</time></trkpt><trkpt lat="58.050593" lon="38.76393"><ele>113.8</ele><time>2024-01-28T19:13:00Z</time></trkpt><trkpt lat="58.05053" lon="38.76413"><ele>113.9</ele><time>2024-01-28T19:13:02Z</time></trkpt><trkpt lat="58.05046" lon="38.76429"><ele>114.4</ele><time>2024-01-28T19:13:04Z</time></trkpt><trkpt lat="58.050407" lon="38.764455"><ele>113.9</ele><time>2024-01-28T19:13:06Z</time></trkpt><trkpt lat="58.05034" lon="38.764635"><ele>112.8</ele><time>2024-01-28T19:13:08Z</time></trkpt><trkpt lat="58.05026" lon="38.76482"><ele>111.6</ele><time>2024-01-28T19:13:10Z</time></trkpt><trkpt lat="58.050202" lon="38.764977"><ele>113.2</ele><time>2024-01-28T19:13:12Z</time></trkpt><trkpt lat="58.05016" lon="38.765105"><ele>111.1</ele><time>2024-01-28T19:13:14Z</time></trkpt><trkpt lat="58.0501" lon="38.765255"><ele>112.8</ele><time>2024-01-28T19:13:17Z</time></trkpt><trkpt lat="58.050042" lon="38.765382"><ele>111.4</ele><time>2024-01-28T19:13:19Z</time></trkpt><trkpt lat="58.050017" lon="38.765525"><ele>110.8</ele><time>2024-01-28T19:13:21Z</time></trkpt><trkpt lat="58.049965" lon="38.765655"><ele>113.6</ele><time>2024-01-28T19:13:23Z</time></trkpt><trkpt lat="58.049907" lon="38.765735"><ele>116.2</ele><time>2024-01-28T19:13:26Z</time></trkpt><trkpt lat="58.049895" lon="38.76577"><ele>118.6</ele><time>2024-01-28T19:13:33Z</time></trkpt><trkpt lat="58.049855" lon="38.765952"><ele>119.9</ele><time>2024-01-28T19:13:38Z</time></trkpt><trkpt lat="58.049792" lon="38.76611"><ele>119.2</ele><time>2024-01-28T19:13:40Z</time></trkpt><trkpt lat="58.0497" lon="38.766337"><ele>120.5</ele><time>2024-01-28T19:13:42Z</time></trkpt><trkpt lat="58.04966" lon="38.766467"><ele>120.8</ele><time>2024-01-28T19:13:43Z</time></trkpt><trkpt lat="58.049605" lon="38.76659"><ele>120.3</ele><time>2024-01-28T19:13:44Z</time></trkpt><trkpt lat="58.04955" lon="38.766705"><ele>120.1</ele><time>2024-01-28T19:13:45Z</time></trkpt><trkpt lat="58.049512" lon="38.766837"><ele>119.1</ele><time>2024-01-28T19:13:46Z</time></trkpt><trkpt lat="58.04949" lon="38.766965"><ele>118.8</ele><time>2024-01-28T19:13:47Z</time></trkpt><trkpt lat="58.049465" lon="38.767102"><ele>119.4</ele><time>2024-01-28T19:13:48Z</time></trkpt><trkpt lat="58.049425" lon="38.767225"><ele>119.8</ele><time>2024-01-28T19:13:49Z</time></trkpt><trkpt lat="58.04936" lon="38.767395"><ele>119.3</ele><time>2024-01-28T19:13:51Z</time></trkpt><trkpt lat="58.049285" lon="38.767505"><ele>118.4</ele><time>2024-01-28T19:13:53Z</time></trkpt><trkpt lat="58.04925" lon="38.767625"><ele>119.4</ele><time>2024-01-28T19:13:57Z</time></trkpt><trkpt lat="58.049275" lon="38.7678"><ele>120.2</ele><time>2024-01-28T19:13:59Z</time></trkpt><trkpt lat="58.049145" lon="38.767878"><ele>118.7</ele><time>2024-01-28T19:14:00Z</time></trkpt><trkpt lat="58.04906" lon="38.767775"><ele>119.1</ele><time>2024-01-28T19:14:03Z</time></trkpt><trkpt lat="58.048877" lon="38.76768"><ele>116.8</ele><time>2024-01-28T19:14:06Z</time></trkpt><trkpt lat="58.048795" lon="38.76773"><ele>116.3</ele><time>2024-01-28T19:14:07Z</time></trkpt><trkpt lat="58.048675" lon="38.767835"><ele>115.2</ele><time>2024-01-28T19:14:09Z</time></trkpt><trkpt lat="58.048645" lon="38.767963"><ele>115.4</ele><time>2024-01-28T19:14:10Z</time></trkpt><trkpt lat="58.048635" lon="38.76813"><ele>115.3</ele><time>2024-01-28T19:14:11Z</time></trkpt><trkpt lat="58.048647" lon="38.768265"><ele>114.5</ele><time>2024-01-28T19:14:12Z</time></trkpt><trkpt lat="58.048605" lon="38.7684"><ele>113.3</ele><time>2024-01-28T19:14:13Z</time></trkpt><trkpt lat="58.048605" lon="38.768547"><ele>113.9</ele><time>2024-01-28T19:14:14Z</time></trkpt><trkpt lat="58.048555" lon="38.768655"><ele>115.2</ele><time>2024-01-28T19:14:15Z</time></trkpt><trkpt lat="58.048515" lon="38.768775"><ele>114.1</ele><time>2024-01-28T19:14:16Z</time></trkpt><trkpt lat="58.048465" lon="38.768875"><ele>115.6</ele><time>2024-01-28T19:14:17Z</time></trkpt><trkpt lat="58.048388" lon="38.769"><ele>115.7</ele><time>2024-01-28T19:14:18Z</time></trkpt><trkpt lat="58.048305" lon="38.76911"><ele>117.0</ele><time>2024-01-28T19:14:19Z</time></trkpt><trkpt lat="58.04823" lon="38.76921"><ele>118.9</ele><time>2024-01-28T19:14:20Z</time></trkpt><trkpt lat="58.04815" lon="38.769325"><ele>120.8</ele><time>2024-01-28T19:14:21Z</time></trkpt><trkpt lat="58.048057" lon="38.769442"><ele>119.1</ele><time>2024-01-28T19:14:22Z</time></trkpt><trkpt lat="58.047972" lon="38.76957"><ele>117.4</ele><time>2024-01-28T19:14:23Z</time></trkpt><trkpt lat="58.04789" lon="38.76966"><ele>116.4</ele><time>2024-01-28T19:14:24Z</time></trkpt><trkpt lat="58.047815" lon="38.76976"><ele>115.8</ele><time>2024-01-28T19:14:25Z</time></trkpt><trkpt lat="58.04774" lon="38.76986"><ele>115.9</ele><time>2024-01-28T19:14:26Z</time></trkpt><trkpt lat="58.047667" lon="38.76994"><ele>116.1</ele><time>2024-01-28T19:14:27Z</time></trkpt><trkpt lat="58.047595" lon="38.770015"><ele>118.0</ele><time>2024-01-28T19:14:28Z</time></trkpt><trkpt lat="58.047535" lon="38.770105"><ele>117.1</ele><time>2024-01-28T19:14:29Z</time></trkpt><trkpt lat="58.047455" lon="38.770195"><ele>114.9</ele><time>2024-01-28T19:14:30Z</time></trkpt><trkpt lat="58.047375" lon="38.770262"><ele>116.4</ele><time>2024-01-28T19:14:31Z</time></trkpt><trkpt lat="58.047295" lon="38.770375"><ele>114.8</ele><time>2024-01-28T19:14:32Z</time></trkpt><trkpt lat="58.047225" lon="38.770477"><ele>114.8</ele><time>2024-01-28T19:14:33Z</time></trkpt><trkpt lat="58.047155" lon="38.770575"><ele>115.7</ele><time>2024-01-28T19:14:34Z</time></trkpt><trkpt lat="58.04709" lon="38.770655"><ele>115.7</ele><time>2024-01-28T19:14:35Z</time></trkpt><trkpt lat="58.046985" lon="38.770775"><ele>113.8</ele><time>2024-01-28T19:14:37Z</time></trkpt><trkpt lat="58.046912" lon="38.770857"><ele>113.0</ele><time>2024-01-28T19:14:39Z</time></trkpt><trkpt lat="58.046882" lon="38.770825"><ele>113.6</ele><time>2024-01-28T19:14:46Z</time></trkpt><trkpt lat="58.04692" lon="38.770777"><ele>115.8</ele><time>2024-01-28T19:14:53Z</time></trkpt><trkpt lat="58.046937" lon="38.770632"><ele>117.7</ele><time>2024-01-28T19:14:56Z</time></trkpt><trkpt lat="58.04692" lon="38.770475"><ele>118.0</ele><time>2024-01-28T19:14:59Z</time></trkpt><trkpt lat="58.04699" lon="38.77039"><ele>116.8</ele><time>2024-01-28T19:15:03Z</time></trkpt><trkpt lat="58.04705" lon="38.77046"><ele>117.1</ele><time>2024-01-28T19:15:07Z</time></trkpt><trkpt lat="58.047077" lon="38.770555"><ele>119.4</ele><time>2024-01-28T19:15:14Z</time></trkpt><trkpt lat="58.04711" lon="38.7707"><ele>117.3</ele><time>2024-01-28T19:15:19Z</time></trkpt><trkpt lat="58.047155" lon="38.77082"><ele>115.1</ele><time>2024-01-28T19:15:25Z</time></trkpt><trkpt lat="58.047142" lon="38.770975"><ele>114.8</ele><time>2024-01-28T19:15:28Z</time></trkpt><trkpt lat="58.047225" lon="38.770977"><ele>115.9</ele><time>2024-01-28T19:15:33Z</time></trkpt><trkpt lat="58.04731" lon="38.77102"><ele>119.4</ele><time>2024-01-28T19:15:38Z</time></trkpt><trkpt lat="58.04739" lon="38.771065"><ele>121.2</ele><time>2024-01-28T19:15:42Z</time></trkpt><trkpt lat="58.04742" lon="38.770932"><ele>120.6</ele><time>2024-01-28T19:15:45Z</time></trkpt><trkpt lat="58.047355" lon="38.771"><ele>122.8</ele><time>2024-01-28T19:15:49Z</time></trkpt><trkpt lat="58.04737" lon="38.771158"><ele>120.9</ele><time>2024-01-28T19:15:54Z</time></trkpt><trkpt lat="58.04741" lon="38.771195"><ele>120.0</ele><time>2024-01-28T19:16:01Z</time></trkpt><trkpt lat="58.047365" lon="38.771205"><ele>118.8</ele><time>2024-01-28T19:16:08Z</time></trkpt><trkpt lat="58.047367" lon="38.77101"><ele>118.7</ele><time>2024-01-28T19:16:11Z</time></trkpt><trkpt lat="58.04733" lon="38.77116"><ele>119.4</ele><time>2024-01-28T19:16:15Z</time></trkpt><trkpt lat="58.0473" lon="38.771325"><ele>119.7</ele><time>2024-01-28T19:16:17Z</time></trkpt><trkpt lat="58.04726" lon="38.77145"><ele>116.2</ele><time>2024-01-28T19:16:21Z</time></trkpt><trkpt lat="58.04721" lon="38.771555"><ele>114.9</ele><time>2024-01-28T19:16:27Z</time></trkpt><trkpt lat="58.047142" lon="38.77154"><ele>114.0</ele><time>2024-01-28T19:16:34Z</time></trkpt><trkpt lat="58.047085" lon="38.77163"><ele>113.4</ele><time>2024-01-28T19:16:41Z</time></trkpt><trkpt lat="58.04703" lon="38.7717"><ele>113.5</ele><time>2024-01-28T19:16:48Z</time></trkpt><trkpt lat="58.046967" lon="38.771752"><ele>114.0</ele><time>2024-01-28T19:16:55Z</time></trkpt><trkpt lat="58.04697" lon="38.771795"><ele>115.3</ele><time>2024-01-28T19:17:02Z</time></trkpt><trkpt lat="58.046965" lon="38.771795"><ele>114.9</ele><time>2024-01-28T19:17:04Z</time></trkpt><trkpt lat="58.04693" lon="38.77183"><ele>112.9</ele><time>2024-01-28T19:17:12Z</time></trkpt><trkpt lat="58.046865" lon="38.771915"><ele>115.4</ele><time>2024-01-28T19:17:17Z</time></trkpt><trkpt lat="58.04681" lon="38.77189"><ele>114.5</ele><time>2024-01-28T19:17:24Z</time></trkpt><trkpt lat="58.046807" lon="38.771895"><ele>115.2</ele><time>2024-01-28T19:17:30Z</time></trkpt><trkpt lat="58.046742" lon="38.772"><ele>117.1</ele><time>2024-01-28T19:17:39Z</time></trkpt><trkpt lat="58.04672" lon="38.772198"><ele>118.2</ele><time>2024-01-28T19:17:42Z</time></trkpt><trkpt lat="58.046732" lon="38.772337"><ele>113.1</ele><time>2024-01-28T19:17:48Z</time></trkpt><trkpt lat="58.046652" lon="38.77236"><ele>117.9</ele><time>2024-01-28T19:17:52Z</time></trkpt><trkpt lat="58.046585" lon="38.772255"><ele>118.6</ele><time>2024-01-28T19:17:55Z</time></trkpt><trkpt lat="58.046515" lon="38.772247"><ele>120.1</ele><time>2024-01-28T19:18:02Z</time></trkpt><trkpt lat="58.04644" lon="38.77236"><ele>120.2</ele><time>2024-01-28T19:18:09Z</time></trkpt><trkpt lat="58.046425" lon="38.77257"><ele>119.8</ele><time>2024-01-28T19:18:11Z</time></trkpt><trkpt lat="58.04646" lon="38.772365"><ele>119.6</ele><time>2024-01-28T19:18:16Z</time></trkpt><trkpt lat="58.046405" lon="38.77244"><ele>119.3</ele><time>2024-01-28T19:18:23Z</time></trkpt><trkpt lat="58.046412" lon="38.772585"><ele>118.7</ele><time>2024-01-28T19:18:29Z</time></trkpt><trkpt lat="58.04648" lon="38.772632"><ele>120.8</ele><time>2024-01-28T19:18:32Z</time></trkpt><trkpt lat="58.046495" lon="38.772457"><ele>119.9</ele><time>2024-01-28T19:18:39Z</time></trkpt><trkpt lat="58.046452" lon="38.772307"><ele>119.7</ele><time>2024-01-28T19:18:41Z</time></trkpt><trkpt lat="58.04652" lon="38.772265"><ele>118.3</ele><time>2024-01-28T19:18:48Z</time></trkpt><trkpt lat="58.04653" lon="38.77243"><ele>120.3</ele><time>2024-01-28T19:18:50Z</time></trkpt><trkpt lat="58.04649" lon="38.77241"><ele>119.6</ele><time>2024-01-28T19:18:57Z</time></trkpt><trkpt lat="58.04645" lon="38.77236"><ele>125.5</ele><time>2024-01-28T19:19:04Z</time></trkpt><trkpt lat="58.046432" lon="38.772353"><ele>129.9</ele><time>2024-01-28T19:19:11Z</time></trkpt><trkpt lat="58.046492" lon="38.772435"><ele>133.5</ele><time>2024-01-28T19:19:18Z</time></trkpt><trkpt lat="58.046512" lon="38.772457"><ele>133.7</ele><time>2024-01-28T19:19:25Z</time></trkpt><trkpt lat="58.046517" lon="38.772465"><ele>134.4</ele><time>2024-01-28T19:19:27Z</time></trkpt><trkpt lat="58.04653" lon="38.772475"><ele>135.1</ele><time>2024-01-28T19:19:36Z</time></trkpt><trkpt lat="58.04653" lon="38.772475"><ele>135.2</ele><time>2024-01-28T19:19:37Z</time></trkpt><trkpt lat="58.04655" lon="38.77248"><ele>136.3</ele><time>2024-01-28T19:19:58Z</time></trkpt><trkpt lat="58.046545" lon="38.77246"><ele>137.0</ele><time>2024-01-28T19:20:03Z</time></trkpt><trkpt lat="58.046525" lon="38.77245"><ele>134.2</ele><time>2024-01-28T19:20:16Z</time></trkpt><trkpt lat="58.046525" lon="38.77245"><ele>133.7</ele><time>2024-01-28T19:20:17Z</time></trkpt><trkpt lat="58.046485" lon="38.772475"><ele>128.0</ele><time>2024-01-28T19:20:24Z</time></trkpt><trkpt lat="58.046427" lon="38.772487"><ele>117.9</ele><time>2024-01-28T19:20:31Z</time></trkpt><trkpt lat="58.046415" lon="38.772508"><ele>120.3</ele><time>2024-01-28T19:20:38Z</time></trkpt><trkpt lat="58.046422" lon="38.772435"><ele>117.3</ele><time>2024-01-28T19:20:45Z</time></trkpt><trkpt lat="58.046435" lon="38.772445"><ele>115.4</ele><time>2024-01-28T19:20:52Z</time></trkpt><trkpt lat="58.046442" lon="38.772455"><ele>115.5</ele><time>2024-01-28T19:20:59Z</time></trkpt><trkpt lat="58.046425" lon="38.772472"><ele>118.4</ele><time>2024-01-28T19:21:12Z</time></trkpt><trkpt lat="58.046425" lon="38.772435"><ele>115.2</ele><time>2024-01-28T19:21:19Z</time></trkpt><trkpt lat="58.046425" lon="38.772422"><ele>115.7</ele><time>2024-01-28T19:21:26Z</time></trkpt><trkpt lat="58.046432" lon="38.772427"><ele>119.0</ele><time>2024-01-28T19:21:34Z</time></trkpt><trkpt lat="58.046465" lon="38.772455"><ele>122.0</ele><time>2024-01-28T19:21:41Z</time></trkpt><trkpt lat="58.04649" lon="38.77245"><ele>124.7</ele><time>2024-01-28T19:21:48Z</time></trkpt><trkpt lat="58.04649" lon="38.772447"><ele>125.6</ele><time>2024-01-28T19:21:51Z</time></trkpt><trkpt lat="58.0465" lon="38.772457"><ele>126.1</ele><time>2024-01-28T19:22:01Z</time></trkpt><trkpt lat="58.0465" lon="38.772457"><ele>126.1</ele><time>2024-01-28T19:22:02Z</time></trkpt><trkpt lat="58.046557" lon="38.772407"><ele>124.4</ele><time>2024-01-28T19:22:13Z</time></trkpt><trkpt lat="58.046535" lon="38.77237"><ele>120.5</ele><time>2024-01-28T19:22:20Z</time></trkpt><trkpt lat="58.046515" lon="38.77238"><ele>117.2</ele><time>2024-01-28T19:22:27Z</time></trkpt><trkpt lat="58.04651" lon="38.77238"><ele>117.4</ele><time>2024-01-28T19:22:30Z</time></trkpt><trkpt lat="58.046507" lon="38.772375"><ele>117.8</ele><time>2024-01-28T19:22:43Z</time></trkpt><trkpt lat="58.046507" lon="38.772375"><ele>117.8</ele><time>2024-01-28T19:22:44Z</time></trkpt><trkpt lat="58.046515" lon="38.772372"><ele>119.3</ele><time>2024-01-28T19:22:54Z</time></trkpt><trkpt lat="58.046515" lon="38.772372"><ele>119.5</ele><time>2024-01-28T19:22:55Z</time></trkpt><trkpt lat="58.046515" lon="38.772392"><ele>119.3</ele><time>2024-01-28T19:23:08Z</time></trkpt><trkpt lat="58.046517" lon="38.772395"><ele>119.3</ele><time>2024-01-28T19:23:09Z</time></trkpt><trkpt lat="58.046573" lon="38.772422"><ele>121.0</ele><time>2024-01-28T19:23:27Z</time></trkpt><trkpt lat="58.046605" lon="38.772435"><ele>124.2</ele><time>2024-01-28T19:23:34Z</time></trkpt><trkpt lat="58.046632" lon="38.772445"><ele>124.5</ele><time>2024-01-28T19:23:41Z</time></trkpt><trkpt lat="58.046635" lon="38.772445"><ele>124.6</ele><time>2024-01-28T19:23:42Z</time></trkpt><trkpt lat="58.046642" lon="38.772445"><ele>124.9</ele><time>2024-01-28T19:23:52Z</time></trkpt><trkpt lat="58.046642" lon="38.772445"><ele>124.8</ele><time>2024-01-28T19:23:53Z</time></trkpt><trkpt lat="58.046635" lon="38.772415"><ele>125.0</ele><time>2024-01-28T19:24:14Z</time></trkpt><trkpt lat="58.046615" lon="38.772395"><ele>124.7</ele><time>2024-01-28T19:24:21Z</time></trkpt><trkpt lat="58.04661" lon="38.772392"><ele>124.8</ele><time>2024-01-28T19:24:23Z</time></trkpt><trkpt lat="58.046605" lon="38.77239"><ele>124.7</ele><time>2024-01-28T19:24:34Z</time></trkpt><trkpt lat="58.046605" lon="38.77239"><ele>124.8</ele><time>2024-01-28T19:24:35Z</time></trkpt><trkpt lat="58.0466" lon="38.772395"><ele>125.6</ele><time>2024-01-28T19:24:46Z</time></trkpt><trkpt lat="58.046573" lon="38.772385"><ele>124.7</ele><time>2024-01-28T19:24:53Z</time></trkpt><trkpt lat="58.04658" lon="38.772385"><ele>124.9</ele><time>2024-01-28T19:24:58Z</time></trkpt><trkpt lat="58.04655" lon="38.77237"><ele>119.9</ele><time>2024-01-28T19:25:08Z</time></trkpt><trkpt lat="58.046542" lon="38.77236"><ele>121.0</ele><time>2024-01-28T19:25:15Z</time></trkpt><trkpt lat="58.046545" lon="38.772357"><ele>121.3</ele><time>2024-01-28T19:25:16Z</time></trkpt><trkpt lat="58.04655" lon="38.772345"><ele>120.4</ele><time>2024-01-28T19:25:25Z</time></trkpt><trkpt lat="58.04655" lon="38.772345"><ele>120.4</ele><time>2024-01-28T19:25:26Z</time></trkpt><trkpt lat="58.046555" lon="38.772325"><ele>120.4</ele><time>2024-01-28T19:25:37Z</time></trkpt><trkpt lat="58.046557" lon="38.77233"><ele>120.2</ele><time>2024-01-28T19:25:38Z</time></trkpt><trkpt lat="58.046565" lon="38.772352"><ele>117.4</ele><time>2024-01-28T19:25:48Z</time></trkpt><trkpt lat="58.046535" lon="38.772342"><ele>116.9</ele><time>2024-01-28T19:25:55Z</time></trkpt><trkpt lat="58.046535" lon="38.772377"><ele>118.5</ele><time>2024-01-28T19:26:02Z</time></trkpt><trkpt lat="58.046545" lon="38.77233"><ele>118.8</ele><time>2024-01-28T19:26:09Z</time></trkpt><trkpt lat="58.046555" lon="38.772335"><ele>119.5</ele><time>2024-01-28T19:26:14Z</time></trkpt><trkpt lat="58.04652" lon="38.77236"><ele>117.1</ele><time>2024-01-28T19:26:22Z</time></trkpt><trkpt lat="58.046505" lon="38.772345"><ele>117.3</ele><time>2024-01-28T19:26:29Z</time></trkpt><trkpt lat="58.04651" lon="38.77233"><ele>117.8</ele><time>2024-01-28T19:26:38Z</time></trkpt><trkpt lat="58.046505" lon="38.77233"><ele>117.2</ele><time>2024-01-28T19:26:42Z</time></trkpt><trkpt lat="58.04654" lon="38.772345"><ele>120.5</ele><time>2024-01-28T19:26:52Z</time></trkpt><trkpt lat="58.04653" lon="38.77233"><ele>120.0</ele><time>2024-01-28T19:26:56Z</time></trkpt><trkpt lat="58.046535" lon="38.77232"><ele>120.8</ele><time>2024-01-28T19:27:06Z</time></trkpt><trkpt lat="58.04654" lon="38.77232"><ele>121.0</ele><time>2024-01-28T19:27:07Z</time></trkpt><trkpt lat="58.04655" lon="38.77233"><ele>124.7</ele><time>2024-01-28T19:27:22Z</time></trkpt><trkpt lat="58.046545" lon="38.772332"><ele>125.2</ele><time>2024-01-28T19:27:23Z</time></trkpt><trkpt lat="58.046545" lon="38.77236"><ele>123.4</ele><time>2024-01-28T19:27:31Z</time></trkpt><trkpt lat="58.046552" lon="38.77236"><ele>123.8</ele><time>2024-01-28T19:27:33Z</time></trkpt><trkpt lat="58.046557" lon="38.772365"><ele>122.2</ele><time>2024-01-28T19:27:41Z</time></trkpt><trkpt lat="58.046555" lon="38.772365"><ele>122.5</ele><time>2024-01-28T19:27:42Z</time></trkpt><trkpt lat="58.04655" lon="38.772357"><ele>122.3</ele><time>2024-01-28T19:27:52Z</time></trkpt><trkpt lat="58.04655" lon="38.772357"><ele>122.3</ele><time>2024-01-28T19:27:53Z</time></trkpt><trkpt lat="58.046555" lon="38.772295"><ele>125.2</ele><time>2024-01-28T19:28:01Z</time></trkpt><trkpt lat="58.04655" lon="38.77232"><ele>124.4</ele><time>2024-01-28T19:28:08Z</time></trkpt><trkpt lat="58.04655" lon="38.77232"><ele>124.5</ele><time>2024-01-28T19:28:13Z</time></trkpt><trkpt lat="58.046517" lon="38.772295"><ele>124.2</ele><time>2024-01-28T19:28:30Z</time></trkpt><trkpt lat="58.046568" lon="38.77249"><ele>122.3</ele><time>2024-01-28T19:28:32Z</time></trkpt><trkpt lat="58.04655" lon="38.77271"><ele>120.0</ele><time>2024-01-28T19:28:34Z</time></trkpt><trkpt lat="58.046545" lon="38.772575"><ele>121.5</ele><time>2024-01-28T19:28:39Z</time></trkpt><trkpt lat="58.04652" lon="38.772525"><ele>121.6</ele><time>2024-01-28T19:28:46Z</time></trkpt><trkpt lat="58.046507" lon="38.772407"><ele>116.7</ele><time>2024-01-28T19:28:53Z</time></trkpt><trkpt lat="58.046525" lon="38.772375"><ele>118.7</ele><time>2024-01-28T19:29:00Z</time></trkpt><trkpt lat="58.046537" lon="38.77232"><ele>122.3</ele><time>2024-01-28T19:29:07Z</time></trkpt><trkpt lat="58.046542" lon="38.77228"><ele>124.3</ele><time>2024-01-28T19:29:14Z</time></trkpt><trkpt lat="58.046542" lon="38.772277"><ele>124.0</ele><time>2024-01-28T19:29:15Z</time></trkpt><trkpt lat="58.046537" lon="38.772267"><ele>124.2</ele><time>2024-01-28T19:29:23Z</time></trkpt><trkpt lat="58.04654" lon="38.772265"><ele>124.4</ele><time>2024-01-28T19:29:24Z</time></trkpt><trkpt lat="58.04653" lon="38.77229"><ele>126.9</ele><time>2024-01-28T19:29:31Z</time></trkpt><trkpt lat="58.046522" lon="38.772283"><ele>125.4</ele><time>2024-01-28T19:29:38Z</time></trkpt><trkpt lat="58.046525" lon="38.772282"><ele>125.7</ele><time>2024-01-28T19:29:40Z</time></trkpt><trkpt lat="58.04647" lon="38.772375"><ele>124.1</ele><time>2024-01-28T19:29:44Z</time></trkpt><trkpt lat="58.046405" lon="38.77248"><ele>123.6</ele><time>2024-01-28T19:29:46Z</time></trkpt><trkpt lat="58.046505" lon="38.77183"><ele>99.1</ele><time>2024-01-28T19:30:11Z</time></trkpt><trkpt lat="58.04655" lon="38.771695"><ele>123.0</ele><time>2024-01-28T19:30:14Z</time></trkpt><trkpt lat="58.04667" lon="38.77169"><ele>122.2</ele><time>2024-01-28T19:30:15Z</time></trkpt><trkpt lat="58.046755" lon="38.77161"><ele>122.2</ele><time>2024-01-28T19:30:16Z</time></trkpt><trkpt lat="58.047107" lon="38.771005"><ele>116.2</ele><time>2024-01-28T19:30:19Z</time></trkpt><trkpt lat="58.04721" lon="38.770787"><ele>116.8</ele><time>2024-01-28T19:30:20Z</time></trkpt><trkpt lat="58.04731" lon="38.77053"><ele>115.8</ele><time>2024-01-28T19:30:21Z</time></trkpt><trkpt lat="58.047425" lon="38.77035"><ele>114.0</ele><time>2024-01-28T19:30:22Z</time></trkpt><trkpt lat="58.047535" lon="38.770215"><ele>111.7</ele><time>2024-01-28T19:30:23Z</time></trkpt><trkpt lat="58.047635" lon="38.770085"><ele>112.2</ele><time>2024-01-28T19:30:24Z</time></trkpt><trkpt lat="58.04774" lon="38.76996"><ele>111.3</ele><time>2024-01-28T19:30:25Z</time></trkpt><trkpt lat="58.047827" lon="38.769815"><ele>111.4</ele><time>2024-01-28T19:30:26Z</time></trkpt><trkpt lat="58.047925" lon="38.769785"><ele>109.0</ele><time>2024-01-28T19:30:27Z</time></trkpt><trkpt lat="58.048015" lon="38.769605"><ele>110.3</ele><time>2024-01-28T19:30:28Z</time></trkpt><trkpt lat="58.048115" lon="38.76951"><ele>109.7</ele><time>2024-01-28T19:30:29Z</time></trkpt><trkpt lat="58.04821" lon="38.769397"><ele>108.8</ele><time>2024-01-28T19:30:30Z</time></trkpt><trkpt lat="58.0483" lon="38.76928"><ele>109.1</ele><time>2024-01-28T19:30:31Z</time></trkpt><trkpt lat="58.048387" lon="38.76918"><ele>110.0</ele><time>2024-01-28T19:30:32Z</time></trkpt><trkpt lat="58.04847" lon="38.76908"><ele>111.3</ele><time>2024-01-28T19:30:33Z</time></trkpt><trkpt lat="58.048543" lon="38.768985"><ele>110.8</ele><time>2024-01-28T19:30:34Z</time></trkpt><trkpt lat="58.04868" lon="38.76885"><ele>106.4</ele><time>2024-01-28T19:30:36Z</time></trkpt><trkpt lat="58.04876" lon="38.76874"><ele>106.6</ele><time>2024-01-28T19:30:37Z</time></trkpt><trkpt lat="58.048875" lon="38.768685"><ele>106.0</ele><time>2024-01-28T19:30:39Z</time></trkpt><trkpt lat="58.048982" lon="38.76861"><ele>106.0</ele><time>2024-01-28T19:30:41Z</time></trkpt><trkpt lat="58.049087" lon="38.768652"><ele>106.1</ele><time>2024-01-28T19:30:43Z</time></trkpt><trkpt lat="58.049115" lon="38.768808"><ele>105.2</ele><time>2024-01-28T19:30:45Z</time></trkpt><trkpt lat="58.04912" lon="38.76904"><ele>104.4</ele><time>2024-01-28T19:30:46Z</time></trkpt><trkpt lat="58.04911" lon="38.76926"><ele>108.9</ele><time>2024-01-28T19:30:47Z</time></trkpt><trkpt lat="58.049125" lon="38.76948"><ele>106.8</ele><time>2024-01-28T19:30:48Z</time></trkpt><trkpt lat="58.049132" lon="38.769637"><ele>107.4</ele><time>2024-01-28T19:30:49Z</time></trkpt><trkpt lat="58.049155" lon="38.76983"><ele>106.9</ele><time>2024-01-28T19:30:50Z</time></trkpt><trkpt lat="58.049148" lon="38.770045"><ele>105.6</ele><time>2024-01-28T19:30:51Z</time></trkpt><trkpt lat="58.049157" lon="38.770285"><ele>106.4</ele><time>2024-01-28T19:30:52Z</time></trkpt><trkpt lat="58.049142" lon="38.770545"><ele>105.8</ele><time>2024-01-28T19:30:53Z</time></trkpt><trkpt lat="58.049142" lon="38.7708"><ele>104.8</ele><time>2024-01-28T19:30:54Z</time></trkpt><trkpt lat="58.049135" lon="38.77109"><ele>105.0</ele><time>2024-01-28T19:30:55Z</time></trkpt><trkpt lat="58.049135" lon="38.77133"><ele>104.4</ele><time>2024-01-28T19:30:56Z</time></trkpt><trkpt lat="58.049125" lon="38.771645"><ele>105.0</ele><time>2024-01-28T19:30:57Z</time></trkpt><trkpt lat="58.04911" lon="38.771957"><ele>105.9</ele><time>2024-01-28T19:30:58Z</time></trkpt><trkpt lat="58.04909" lon="38.772282"><ele>109.8</ele><time>2024-01-28T19:30:59Z</time></trkpt><trkpt lat="58.049097" lon="38.77256"><ele>109.4</ele><time>2024-01-28T19:31:00Z</time></trkpt><trkpt lat="58.049082" lon="38.77286"><ele>109.4</ele><time>2024-01-28T19:31:01Z</time></trkpt><trkpt lat="58.049075" lon="38.773195"><ele>108.7</ele><time>2024-01-28T19:31:02Z</time></trkpt><trkpt lat="58.049073" lon="38.77352"><ele>107.3</ele><time>2024-01-28T19:31:03Z</time></trkpt><trkpt lat="58.04911" lon="38.773715"><ele>104.0</ele><time>2024-01-28T19:31:04Z</time></trkpt><trkpt lat="58.04912" lon="38.773975"><ele>102.7</ele><time>2024-01-28T19:31:05Z</time></trkpt><trkpt lat="58.04911" lon="38.774285"><ele>103.0</ele><time>2024-01-28T19:31:06Z</time></trkpt><trkpt lat="58.049115" lon="38.774595"><ele>103.4</ele><time>2024-01-28T19:31:07Z</time></trkpt><trkpt lat="58.049115" lon="38.774877"><ele>104.0</ele><time>2024-01-28T19:31:08Z</time></trkpt><trkpt lat="58.04913" lon="38.77519"><ele>104.5</ele><time>2024-01-28T19:31:09Z</time></trkpt><trkpt lat="58.049117" lon="38.775462"><ele>104.6</ele><time>2024-01-28T19:31:10Z</time></trkpt><trkpt lat="58.04912" lon="38.775722"><ele>103.8</ele><time>2024-01-28T19:31:11Z</time></trkpt><trkpt lat="58.04912" lon="38.77603"><ele>105.3</ele><time>2024-01-28T19:31:12Z</time></trkpt><trkpt lat="58.049115" lon="38.776312"><ele>104.5</ele><time>2024-01-28T19:31:13Z</time></trkpt><trkpt lat="58.04913" lon="38.776597"><ele>104.5</ele><time>2024-01-28T19:31:14Z</time></trkpt><trkpt lat="58.049142" lon="38.776897"><ele>107.7</ele><time>2024-01-28T19:31:15Z</time></trkpt><trkpt lat="58.04914" lon="38.777165"><ele>109.4</ele><time>2024-01-28T19:31:16Z</time></trkpt><trkpt lat="58.049152" lon="38.777445"><ele>109.0</ele><time>2024-01-28T19:31:17Z</time></trkpt><trkpt lat="58.049147" lon="38.777727"><ele>107.8</ele><time>2024-01-28T19:31:18Z</time></trkpt><trkpt lat="58.049135" lon="38.778035"><ele>105.7</ele><time>2024-01-28T19:31:19Z</time></trkpt><trkpt lat="58.04914" lon="38.778297"><ele>105.7</ele><time>2024-01-28T19:31:20Z</time></trkpt><trkpt lat="58.049132" lon="38.778562"><ele>105.7</ele><time>2024-01-28T19:31:21Z</time></trkpt><trkpt lat="58.049142" lon="38.77884"><ele>106.2</ele><time>2024-01-28T19:31:22Z</time></trkpt><trkpt lat="58.04911" lon="38.779093"><ele>106.3</ele><time>2024-01-28T19:31:23Z</time></trkpt><trkpt lat="58.04909" lon="38.779327"><ele>106.5</ele><time>2024-01-28T19:31:24Z</time></trkpt><trkpt lat="58.0491" lon="38.779535"><ele>109.4</ele><time>2024-01-28T19:31:25Z</time></trkpt><trkpt lat="58.049105" lon="38.779782"><ele>109.6</ele><time>2024-01-28T19:31:26Z</time></trkpt><trkpt lat="58.0491" lon="38.78003"><ele>109.4</ele><time>2024-01-28T19:31:27Z</time></trkpt><trkpt lat="58.0491" lon="38.7803"><ele>109.3</ele><time>2024-01-28T19:31:28Z</time></trkpt><trkpt lat="58.04909" lon="38.78052"><ele>107.9</ele><time>2024-01-28T19:31:29Z</time></trkpt><trkpt lat="58.04909" lon="38.780745"><ele>108.5</ele><time>2024-01-28T19:31:30Z</time></trkpt><trkpt lat="58.049077" lon="38.781007"><ele>109.9</ele><time>2024-01-28T19:31:31Z</time></trkpt><trkpt lat="58.04907" lon="38.78124"><ele>110.6</ele><time>2024-01-28T19:31:32Z</time></trkpt><trkpt lat="58.04906" lon="38.781505"><ele>110.2</ele><time>2024-01-28T19:31:33Z</time></trkpt><trkpt lat="58.04906" lon="38.781732"><ele>110.2</ele><time>2024-01-28T19:31:34Z</time></trkpt><trkpt lat="58.049057" lon="38.781965"><ele>110.1</ele><time>2024-01-28T19:31:35Z</time></trkpt><trkpt lat="58.049065" lon="38.782172"><ele>110.1</ele><time>2024-01-28T19:31:36Z</time></trkpt><trkpt lat="58.049042" lon="38.7824"><ele>110.1</ele><time>2024-01-28T19:31:37Z</time></trkpt><trkpt lat="58.049045" lon="38.782635"><ele>110.0</ele><time>2024-01-28T19:31:38Z</time></trkpt><trkpt lat="58.04904" lon="38.78286"><ele>110.0</ele><time>2024-01-28T19:31:39Z</time></trkpt><trkpt lat="58.049055" lon="38.78311"><ele>110.0</ele><time>2024-01-28T19:31:40Z</time></trkpt><trkpt lat="58.049085" lon="38.78336"><ele>110.0</ele><time>2024-01-28T19:31:41Z</time></trkpt><trkpt lat="58.049065" lon="38.783505"><ele>110.3</ele><time>2024-01-28T19:31:42Z</time></trkpt><trkpt lat="58.04909" lon="38.783695"><ele>110.7</ele><time>2024-01-28T19:31:43Z</time></trkpt><trkpt lat="58.049097" lon="38.78386"><ele>110.9</ele><time>2024-01-28T19:31:44Z</time></trkpt><trkpt lat="58.04909" lon="38.784103"><ele>111.4</ele><time>2024-01-28T19:31:45Z</time></trkpt><trkpt lat="58.049085" lon="38.784327"><ele>111.3</ele><time>2024-01-28T19:31:46Z</time></trkpt><trkpt lat="58.04909" lon="38.78448"><ele>111.6</ele><time>2024-01-28T19:31:47Z</time></trkpt><trkpt lat="58.04907" lon="38.78465"><ele>111.8</ele><time>2024-01-28T19:31:48Z</time></trkpt><trkpt lat="58.049072" lon="38.784855"><ele>111.8</ele><time>2024-01-28T19:31:49Z</time></trkpt><trkpt lat="58.049072" lon="38.78505"><ele>111.6</ele><time>2024-01-28T19:31:50Z</time></trkpt><trkpt lat="58.04905" lon="38.785195"><ele>111.5</ele><time>2024-01-28T19:31:51Z</time></trkpt><trkpt lat="58.049065" lon="38.78534"><ele>111.8</ele><time>2024-01-28T19:31:52Z</time></trkpt><trkpt lat="58.04905" lon="38.785507"><ele>111.8</ele><time>2024-01-28T19:31:53Z</time></trkpt><trkpt lat="58.049035" lon="38.785712"><ele>111.7</ele><time>2024-01-28T19:31:55Z</time></trkpt><trkpt lat="58.049085" lon="38.785732"><ele>112.0</ele><time>2024-01-28T19:32:02Z</time></trkpt><trkpt lat="58.04912" lon="38.78571"><ele>113.0</ele><time>2024-01-28T19:32:09Z</time></trkpt><trkpt lat="58.049197" lon="38.78571"><ele>112.3</ele><time>2024-01-28T19:32:12Z</time></trkpt><trkpt lat="58.049307" lon="38.785762"><ele>114.5</ele><time>2024-01-28T19:32:14Z</time></trkpt><trkpt lat="58.04954" lon="38.78582"><ele>114.4</ele><time>2024-01-28T19:32:16Z</time></trkpt><trkpt lat="58.04961" lon="38.78578"><ele>114.0</ele><time>2024-01-28T19:32:17Z</time></trkpt><trkpt lat="58.049682" lon="38.78574"><ele>114.1</ele><time>2024-01-28T19:32:18Z</time></trkpt><trkpt lat="58.049775" lon="38.785725"><ele>113.8</ele><time>2024-01-28T19:32:19Z</time></trkpt><trkpt lat="58.04985" lon="38.785685"><ele>113.8</ele><time>2024-01-28T19:32:20Z</time></trkpt><trkpt lat="58.05005" lon="38.785335"><ele>112.6</ele><time>2024-01-28T19:32:22Z</time></trkpt><trkpt lat="58.05014" lon="38.785185"><ele>112.3</ele><time>2024-01-28T19:32:23Z</time></trkpt><trkpt lat="58.050215" lon="38.785087"><ele>112.3</ele><time>2024-01-28T19:32:24Z</time></trkpt><trkpt lat="58.05061" lon="38.785015"><ele>112.1</ele><time>2024-01-28T19:32:26Z</time></trkpt><trkpt lat="58.050792" lon="38.78496"><ele>113.4</ele><time>2024-01-28T19:32:27Z</time></trkpt><trkpt lat="58.050985" lon="38.784952"><ele>115.3</ele><time>2024-01-28T19:32:28Z</time></trkpt><trkpt lat="58.0511" lon="38.78473"><ele>117.6</ele><time>2024-01-28T19:32:29Z</time></trkpt><trkpt lat="58.05124" lon="38.784645"><ele>119.7</ele><time>2024-01-28T19:32:30Z</time></trkpt><trkpt lat="58.0514" lon="38.78452"><ele>119.4</ele><time>2024-01-28T19:32:31Z</time></trkpt><trkpt lat="58.051545" lon="38.784382"><ele>119.3</ele><time>2024-01-28T19:32:32Z</time></trkpt><trkpt lat="58.051722" lon="38.784317"><ele>118.4</ele><time>2024-01-28T19:32:33Z</time></trkpt><trkpt lat="58.051875" lon="38.784173"><ele>117.1</ele><time>2024-01-28T19:32:34Z</time></trkpt><trkpt lat="58.05203" lon="38.78406"><ele>117.6</ele><time>2024-01-28T19:32:35Z</time></trkpt><trkpt lat="58.0522" lon="38.783975"><ele>119.2</ele><time>2024-01-28T19:32:36Z</time></trkpt><trkpt lat="58.05238" lon="38.783872"><ele>118.0</ele><time>2024-01-28T19:32:37Z</time></trkpt><trkpt lat="58.05254" lon="38.7838"><ele>117.3</ele><time>2024-01-28T19:32:38Z</time></trkpt><trkpt lat="58.052685" lon="38.78368"><ele>117.0</ele><time>2024-01-28T19:32:39Z</time></trkpt><trkpt lat="58.052835" lon="38.783585"><ele>117.0</ele><time>2024-01-28T19:32:40Z</time></trkpt><trkpt lat="58.053025" lon="38.783583"><ele>117.4</ele><time>2024-01-28T19:32:41Z</time></trkpt><trkpt lat="58.053195" lon="38.783505"><ele>118.2</ele><time>2024-01-28T19:32:42Z</time></trkpt><trkpt lat="58.05336" lon="38.783412"><ele>117.1</ele><time>2024-01-28T19:32:43Z</time></trkpt><trkpt lat="58.053525" lon="38.78332"><ele>117.1</ele><time>2024-01-28T19:32:44Z</time></trkpt><trkpt lat="58.053692" lon="38.783245"><ele>117.2</ele><time>2024-01-28T19:32:45Z</time></trkpt><trkpt lat="58.05386" lon="38.783195"><ele>117.4</ele><time>2024-01-28T19:32:46Z</time></trkpt><trkpt lat="58.054003" lon="38.78313"><ele>117.8</ele><time>2024-01-28T19:32:47Z</time></trkpt><trkpt lat="58.054125" lon="38.783085"><ele>117.0</ele><time>2024-01-28T19:32:48Z</time></trkpt><trkpt lat="58.054262" lon="38.783015"><ele>117.2</ele><time>2024-01-28T19:32:49Z</time></trkpt><trkpt lat="58.05441" lon="38.782977"><ele>117.0</ele><time>2024-01-28T19:32:50Z</time></trkpt><trkpt lat="58.054565" lon="38.783005"><ele>117.4</ele><time>2024-01-28T19:32:51Z</time></trkpt><trkpt lat="58.05471" lon="38.783"><ele>116.7</ele><time>2024-01-28T19:32:52Z</time></trkpt><trkpt lat="58.054845" lon="38.783045"><ele>117.6</ele><time>2024-01-28T19:32:53Z</time></trkpt><trkpt lat="58.05497" lon="38.78309"><ele>118.6</ele><time>2024-01-28T19:32:54Z</time></trkpt><trkpt lat="58.055102" lon="38.7831"><ele>120.0</ele><time>2024-01-28T19:32:55Z</time></trkpt><trkpt lat="58.055227" lon="38.783085"><ele>119.3</ele><time>2024-01-28T19:32:56Z</time></trkpt><trkpt lat="58.055397" lon="38.78318"><ele>120.7</ele><time>2024-01-28T19:32:57Z</time></trkpt><trkpt lat="58.05555" lon="38.78323"><ele>121.1</ele><time>2024-01-28T19:32:58Z</time></trkpt><trkpt lat="58.055685" lon="38.783335"><ele>120.8</ele><time>2024-01-28T19:32:59Z</time></trkpt><trkpt lat="58.05583" lon="38.78341"><ele>119.9</ele><time>2024-01-28T19:33:00Z</time></trkpt><trkpt lat="58.05596" lon="38.783505"><ele>119.2</ele><time>2024-01-28T19:33:01Z</time></trkpt><trkpt lat="58.056075" lon="38.78365"><ele>118.1</ele><time>2024-01-28T19:33:02Z</time></trkpt><trkpt lat="58.056175" lon="38.78385"><ele>118.3</ele><time>2024-01-28T19:33:03Z</time></trkpt><trkpt lat="58.056275" lon="38.784"><ele>116.9</ele><time>2024-01-28T19:33:04Z</time></trkpt><trkpt lat="58.05636" lon="38.784162"><ele>115.1</ele><time>2024-01-28T19:33:05Z</time></trkpt><trkpt lat="58.05647" lon="38.7843"><ele>115.2</ele><time>2024-01-28T19:33:06Z</time></trkpt><trkpt lat="58.05657" lon="38.784425"><ele>114.9</ele><time>2024-01-28T19:33:07Z</time></trkpt><trkpt lat="58.05667" lon="38.784552"><ele>115.1</ele><time>2024-01-28T19:33:08Z</time></trkpt><trkpt lat="58.05677" lon="38.784697"><ele>115.6</ele><time>2024-01-28T19:33:09Z</time></trkpt><trkpt lat="58.05681" lon="38.78483"><ele>118.1</ele><time>2024-01-28T19:33:10Z</time></trkpt><trkpt lat="58.056865" lon="38.784948"><ele>119.4</ele><time>2024-01-28T19:33:11Z</time></trkpt><trkpt lat="58.056937" lon="38.78503"><ele>120.3</ele><time>2024-01-28T19:33:12Z</time></trkpt><trkpt lat="58.057027" lon="38.785072"><ele>117.4</ele><time>2024-01-28T19:33:14Z</time></trkpt><trkpt lat="58.05695" lon="38.78496"><ele>113.5</ele><time>2024-01-28T19:33:17Z</time></trkpt><trkpt lat="58.05694" lon="38.78501"><ele>113.4</ele><time>2024-01-28T19:33:24Z</time></trkpt><trkpt lat="58.056905" lon="38.785002"><ele>112.1</ele><time>2024-01-28T19:33:31Z</time></trkpt><trkpt lat="58.0569" lon="38.785007"><ele>111.7</ele><time>2024-01-28T19:33:34Z</time></trkpt><trkpt lat="58.056955" lon="38.78513"><ele>114.5</ele><time>2024-01-28T19:33:42Z</time></trkpt><trkpt lat="58.057017" lon="38.785227"><ele>113.8</ele><time>2024-01-28T19:33:43Z</time></trkpt><trkpt lat="58.057075" lon="38.785325"><ele>113.9</ele><time>2024-01-28T19:33:44Z</time></trkpt><trkpt lat="58.057075" lon="38.78556"><ele>114.0</ele><time>2024-01-28T19:33:46Z</time></trkpt><trkpt lat="58.057075" lon="38.785745"><ele>111.8</ele><time>2024-01-28T19:33:47Z</time></trkpt><trkpt lat="58.05706" lon="38.785885"><ele>111.7</ele><time>2024-01-28T19:33:48Z</time></trkpt><trkpt lat="58.05704" lon="38.786045"><ele>111.8</ele><time>2024-01-28T19:33:49Z</time></trkpt><trkpt lat="58.057035" lon="38.78623"><ele>112.0</ele><time>2024-01-28T19:33:50Z</time></trkpt><trkpt lat="58.05702" lon="38.786445"><ele>112.6</ele><time>2024-01-28T19:33:51Z</time></trkpt><trkpt lat="58.05702" lon="38.786625"><ele>112.4</ele><time>2024-01-28T19:33:52Z</time></trkpt><trkpt lat="58.057023" lon="38.78681"><ele>115.8</ele><time>2024-01-28T19:33:53Z</time></trkpt><trkpt lat="58.057015" lon="38.787037"><ele>116.6</ele><time>2024-01-28T19:33:54Z</time></trkpt><trkpt lat="58.057" lon="38.787283"><ele>116.0</ele><time>2024-01-28T19:33:55Z</time></trkpt><trkpt lat="58.057005" lon="38.787507"><ele>115.8</ele><time>2024-01-28T19:33:56Z</time></trkpt><trkpt lat="58.05699" lon="38.787757"><ele>114.5</ele><time>2024-01-28T19:33:57Z</time></trkpt><trkpt lat="58.05699" lon="38.78799"><ele>113.3</ele><time>2024-01-28T19:33:58Z</time></trkpt><trkpt lat="58.05697" lon="38.78824"><ele>114.0</ele><time>2024-01-28T19:33:59Z</time></trkpt><trkpt lat="58.05695" lon="38.788507"><ele>112.4</ele><time>2024-01-28T19:34:00Z</time></trkpt><trkpt lat="58.056935" lon="38.78878"><ele>113.2</ele><time>2024-01-28T19:34:01Z</time></trkpt><trkpt lat="58.056915" lon="38.789055"><ele>114.3</ele><time>2024-01-28T19:34:02Z</time></trkpt><trkpt lat="58.05691" lon="38.789345"><ele>114.8</ele><time>2024-01-28T19:34:03Z</time></trkpt><trkpt lat="58.056885" lon="38.789615"><ele>115.2</ele><time>2024-01-28T19:34:04Z</time></trkpt><trkpt lat="58.05687" lon="38.7899"><ele>116.3</ele><time>2024-01-28T19:34:05Z</time></trkpt><trkpt lat="58.05685" lon="38.79019"><ele>117.4</ele><time>2024-01-28T19:34:06Z</time></trkpt><trkpt lat="58.056845" lon="38.790463"><ele>116.3</ele><time>2024-01-28T19:34:07Z</time></trkpt><trkpt lat="58.056818" lon="38.790765"><ele>115.6</ele><time>2024-01-28T19:34:08Z</time></trkpt><trkpt lat="58.056802" lon="38.79108"><ele>115.4</ele><time>2024-01-28T19:34:09Z</time></trkpt><trkpt lat="58.056782" lon="38.791378"><ele>114.6</ele><time>2024-01-28T19:34:10Z</time></trkpt><trkpt lat="58.05677" lon="38.791687"><ele>114.7</ele><time>2024-01-28T19:34:11Z</time></trkpt><trkpt lat="58.05675" lon="38.792005"><ele>115.2</ele><time>2024-01-28T19:34:12Z</time></trkpt><trkpt lat="58.056732" lon="38.79231"><ele>115.8</ele><time>2024-01-28T19:34:13Z</time></trkpt><trkpt lat="58.056715" lon="38.79261"><ele>115.8</ele><time>2024-01-28T19:34:14Z</time></trkpt><trkpt lat="58.056687" lon="38.79293"><ele>116.3</ele><time>2024-01-28T19:34:15Z</time></trkpt><trkpt lat="58.056662" lon="38.79326"><ele>116.8</ele><time>2024-01-28T19:34:16Z</time></trkpt><trkpt lat="58.056642" lon="38.79358"><ele>117.5</ele><time>2024-01-28T19:34:17Z</time></trkpt><trkpt lat="58.05662" lon="38.7939"><ele>117.3</ele><time>2024-01-28T19:34:18Z</time></trkpt><trkpt lat="58.056592" lon="38.794235"><ele>117.0</ele><time>2024-01-28T19:34:19Z</time></trkpt><trkpt lat="58.056577" lon="38.79455"><ele>117.5</ele><time>2024-01-28T19:34:20Z</time></trkpt><trkpt lat="58.05655" lon="38.794867"><ele>115.7</ele><time>2024-01-28T19:34:21Z</time></trkpt><trkpt lat="58.056527" lon="38.795177"><ele>116.1</ele><time>2024-01-28T19:34:22Z</time></trkpt><trkpt lat="58.05651" lon="38.79547"><ele>115.9</ele><time>2024-01-28T19:34:23Z</time></trkpt><trkpt lat="58.056493" lon="38.795767"><ele>115.4</ele><time>2024-01-28T19:34:24Z</time></trkpt><trkpt lat="58.056475" lon="38.796062"><ele>115.7</ele><time>2024-01-28T19:34:25Z</time></trkpt><trkpt lat="58.056465" lon="38.79635"><ele>116.7</ele><time>2024-01-28T19:34:26Z</time></trkpt><trkpt lat="58.056435" lon="38.79661"><ele>116.6</ele><time>2024-01-28T19:34:27Z</time></trkpt><trkpt lat="58.056412" lon="38.796887"><ele>116.6</ele><time>2024-01-28T19:34:28Z</time></trkpt><trkpt lat="58.056395" lon="38.79715"><ele>117.3</ele><time>2024-01-28T19:34:29Z</time></trkpt><trkpt lat="58.056375" lon="38.797405"><ele>116.6</ele><time>2024-01-28T19:34:30Z</time></trkpt><trkpt lat="58.056357" lon="38.797657"><ele>116.3</ele><time>2024-01-28T19:34:31Z</time></trkpt><trkpt lat="58.056335" lon="38.797905"><ele>115.9</ele><time>2024-01-28T19:34:32Z</time></trkpt><trkpt lat="58.05633" lon="38.798155"><ele>115.5</ele><time>2024-01-28T19:34:33Z</time></trkpt><trkpt lat="58.05632" lon="38.798405"><ele>115.3</ele><time>2024-01-28T19:34:34Z</time></trkpt><trkpt lat="58.05632" lon="38.798635"><ele>116.7</ele><time>2024-01-28T19:34:35Z</time></trkpt><trkpt lat="58.056302" lon="38.79886"><ele>116.0</ele><time>2024-01-28T19:34:36Z</time></trkpt><trkpt lat="58.05628" lon="38.799087"><ele>115.1</ele><time>2024-01-28T19:34:37Z</time></trkpt><trkpt lat="58.056265" lon="38.799328"><ele>115.0</ele><time>2024-01-28T19:34:38Z</time></trkpt><trkpt lat="58.056255" lon="38.79955"><ele>115.3</ele><time>2024-01-28T19:34:39Z</time></trkpt><trkpt lat="58.05625" lon="38.79973"><ele>113.5</ele><time>2024-01-28T19:34:40Z</time></trkpt><trkpt lat="58.05624" lon="38.799932"><ele>114.7</ele><time>2024-01-28T19:34:41Z</time></trkpt><trkpt lat="58.05623" lon="38.800132"><ele>114.9</ele><time>2024-01-28T19:34:42Z</time></trkpt><trkpt lat="58.05622" lon="38.800335"><ele>115.2</ele><time>2024-01-28T19:34:43Z</time></trkpt><trkpt lat="58.056198" lon="38.80052"><ele>113.7</ele><time>2024-01-28T19:34:44Z</time></trkpt><trkpt lat="58.056198" lon="38.800692"><ele>113.6</ele><time>2024-01-28T19:34:45Z</time></trkpt><trkpt lat="58.056185" lon="38.800885"><ele>113.6</ele><time>2024-01-28T19:34:46Z</time></trkpt><trkpt lat="58.05616" lon="38.801107"><ele>115.0</ele><time>2024-01-28T19:34:47Z</time></trkpt><trkpt lat="58.05614" lon="38.801342"><ele>115.8</ele><time>2024-01-28T19:34:48Z</time></trkpt><trkpt lat="58.056122" lon="38.80158"><ele>115.9</ele><time>2024-01-28T19:34:49Z</time></trkpt><trkpt lat="58.0561" lon="38.801842"><ele>116.1</ele><time>2024-01-28T19:34:50Z</time></trkpt><trkpt lat="58.056082" lon="38.80208"><ele>116.1</ele><time>2024-01-28T19:34:51Z</time></trkpt><trkpt lat="58.056062" lon="38.80232"><ele>117.0</ele><time>2024-01-28T19:34:52Z</time></trkpt><trkpt lat="58.056035" lon="38.802555"><ele>118.4</ele><time>2024-01-28T19:34:53Z</time></trkpt><trkpt lat="58.055985" lon="38.802895"><ele>119.3</ele><time>2024-01-28T19:34:54Z</time></trkpt><trkpt lat="58.055973" lon="38.803165"><ele>119.0</ele><time>2024-01-28T19:34:55Z</time></trkpt><trkpt lat="58.055945" lon="38.80345"><ele>119.5</ele><time>2024-01-28T19:34:56Z</time></trkpt><trkpt lat="58.05593" lon="38.803732"><ele>118.9</ele><time>2024-01-28T19:34:57Z</time></trkpt><trkpt lat="58.05592" lon="38.804"><ele>119.0</ele><time>2024-01-28T19:34:58Z</time></trkpt><trkpt lat="58.055905" lon="38.80426"><ele>118.8</ele><time>2024-01-28T19:34:59Z</time></trkpt><trkpt lat="58.055895" lon="38.804517"><ele>118.6</ele><time>2024-01-28T19:35:00Z</time></trkpt><trkpt lat="58.055865" lon="38.804825"><ele>118.1</ele><time>2024-01-28T19:35:01Z</time></trkpt><trkpt lat="58.05584" lon="38.80512"><ele>116.9</ele><time>2024-01-28T19:35:02Z</time></trkpt><trkpt lat="58.055817" lon="38.80541"><ele>116.5</ele><time>2024-01-28T19:35:03Z</time></trkpt><trkpt lat="58.055797" lon="38.805695"><ele>117.0</ele><time>2024-01-28T19:35:04Z</time></trkpt><trkpt lat="58.05578" lon="38.805997"><ele>117.3</ele><time>2024-01-28T19:35:05Z</time></trkpt><trkpt lat="58.05576" lon="38.80628"><ele>116.9</ele><time>2024-01-28T19:35:06Z</time></trkpt><trkpt lat="58.055742" lon="38.80656"><ele>117.5</ele><time>2024-01-28T19:35:07Z</time></trkpt><trkpt lat="58.055715" lon="38.806852"><ele>116.5</ele><time>2024-01-28T19:35:08Z</time></trkpt><trkpt lat="58.055697" lon="38.80711"><ele>115.8</ele><time>2024-01-28T19:35:09Z</time></trkpt><trkpt lat="58.055677" lon="38.80737"><ele>116.5</ele><time>2024-01-28T19:35:10Z</time></trkpt><trkpt lat="58.055662" lon="38.807607"><ele>117.0</ele><time>2024-01-28T19:35:11Z</time></trkpt><trkpt lat="58.055645" lon="38.807865"><ele>117.1</ele><time>2024-01-28T19:35:12Z</time></trkpt><trkpt lat="58.055608" lon="38.80816"><ele>116.2</ele><time>2024-01-28T19:35:13Z</time></trkpt><trkpt lat="58.055588" lon="38.808395"><ele>116.9</ele><time>2024-01-28T19:35:14Z</time></trkpt><trkpt lat="58.055575" lon="38.808607"><ele>117.1</ele><time>2024-01-28T19:35:15Z</time></trkpt><trkpt lat="58.05556" lon="38.80884"><ele>116.1</ele><time>2024-01-28T19:35:16Z</time></trkpt><trkpt lat="58.05555" lon="38.80905"><ele>116.3</ele><time>2024-01-28T19:35:17Z</time></trkpt><trkpt lat="58.05555" lon="38.80923"><ele>115.1</ele><time>2024-01-28T19:35:18Z</time></trkpt><trkpt lat="58.05555" lon="38.80938"><ele>115.3</ele><time>2024-01-28T19:35:19Z</time></trkpt><trkpt lat="58.055545" lon="38.809545"><ele>115.1</ele><time>2024-01-28T19:35:20Z</time></trkpt><trkpt lat="58.055535" lon="38.809782"><ele>113.5</ele><time>2024-01-28T19:35:22Z</time></trkpt><trkpt lat="58.055525" lon="38.809955"><ele>113.9</ele><time>2024-01-28T19:35:24Z</time></trkpt><trkpt lat="58.0555" lon="38.80992"><ele>115.1</ele><time>2024-01-28T19:35:31Z</time></trkpt><trkpt lat="58.055517" lon="38.809885"><ele>109.7</ele><time>2024-01-28T19:35:38Z</time></trkpt><trkpt lat="58.055508" lon="38.810032"><ele>108.9</ele><time>2024-01-28T19:35:42Z</time></trkpt><trkpt lat="58.05553" lon="38.810162"><ele>109.1</ele><time>2024-01-28T19:35:44Z</time></trkpt><trkpt lat="58.055577" lon="38.81027"><ele>108.9</ele><time>2024-01-28T19:35:46Z</time></trkpt><trkpt lat="58.05568" lon="38.810345"><ele>108.8</ele><time>2024-01-28T19:35:49Z</time></trkpt><trkpt lat="58.055817" lon="38.810362"><ele>108.8</ele><time>2024-01-28T19:35:51Z</time></trkpt><trkpt lat="58.055897" lon="38.8104"><ele>109.0</ele><time>2024-01-28T19:35:52Z</time></trkpt><trkpt lat="58.055967" lon="38.810442"><ele>111.7</ele><time>2024-01-28T19:35:53Z</time></trkpt><trkpt lat="58.05612" lon="38.810542"><ele>117.7</ele><time>2024-01-28T19:35:55Z</time></trkpt><trkpt lat="58.056267" lon="38.81059"><ele>116.8</ele><time>2024-01-28T19:35:57Z</time></trkpt><trkpt lat="58.056385" lon="38.810635"><ele>116.9</ele><time>2024-01-28T19:35:58Z</time></trkpt><trkpt lat="58.056485" lon="38.81065"><ele>117.0</ele><time>2024-01-28T19:35:59Z</time></trkpt><trkpt lat="58.056585" lon="38.810657"><ele>116.7</ele><time>2024-01-28T19:36:00Z</time></trkpt><trkpt lat="58.056675" lon="38.81071"><ele>115.7</ele><time>2024-01-28T19:36:01Z</time></trkpt><trkpt lat="58.056775" lon="38.810712"><ele>115.9</ele><time>2024-01-28T19:36:02Z</time></trkpt><trkpt lat="58.05688" lon="38.810725"><ele>115.9</ele><time>2024-01-28T19:36:03Z</time></trkpt><trkpt lat="58.05697" lon="38.81076"><ele>115.6</ele><time>2024-01-28T19:36:04Z</time></trkpt><trkpt lat="58.05707" lon="38.810795"><ele>115.1</ele><time>2024-01-28T19:36:05Z</time></trkpt><trkpt lat="58.057167" lon="38.810835"><ele>115.3</ele><time>2024-01-28T19:36:06Z</time></trkpt><trkpt lat="58.057245" lon="38.81087"><ele>115.6</ele><time>2024-01-28T19:36:07Z</time></trkpt><trkpt lat="58.057332" lon="38.81088"><ele>115.6</ele><time>2024-01-28T19:36:08Z</time></trkpt><trkpt lat="58.057425" lon="38.81088"><ele>114.4</ele><time>2024-01-28T19:36:09Z</time></trkpt><trkpt lat="58.057597" lon="38.81091"><ele>113.8</ele><time>2024-01-28T19:36:11Z</time></trkpt><trkpt lat="58.057745" lon="38.810935"><ele>111.6</ele><time>2024-01-28T19:36:13Z</time></trkpt><trkpt lat="58.057882" lon="38.810985"><ele>112.7</ele><time>2024-01-28T19:36:15Z</time></trkpt><trkpt lat="58.05802" lon="38.81097"><ele>111.0</ele><time>2024-01-28T19:36:17Z</time></trkpt><trkpt lat="58.05809" lon="38.811007"><ele>112.1</ele><time>2024-01-28T19:36:18Z</time></trkpt><trkpt lat="58.05822" lon="38.811062"><ele>112.6</ele><time>2024-01-28T19:36:20Z</time></trkpt><trkpt lat="58.058312" lon="38.811095"><ele>112.6</ele><time>2024-01-28T19:36:21Z</time></trkpt><trkpt lat="58.058435" lon="38.81109"><ele>116.5</ele><time>2024-01-28T19:36:23Z</time></trkpt><trkpt lat="58.058535" lon="38.811077"><ele>116.4</ele><time>2024-01-28T19:36:25Z</time></trkpt><trkpt lat="58.058612" lon="38.811008"><ele>115.2</ele><time>2024-01-28T19:36:27Z</time></trkpt><trkpt lat="58.058665" lon="38.810845"><ele>109.3</ele><time>2024-01-28T19:36:29Z</time></trkpt><trkpt lat="58.05868" lon="38.810645"><ele>108.7</ele><time>2024-01-28T19:36:31Z</time></trkpt><trkpt lat="58.058725" lon="38.81042"><ele>108.2</ele><time>2024-01-28T19:36:33Z</time></trkpt><trkpt lat="58.058745" lon="38.81017"><ele>107.8</ele><time>2024-01-28T19:36:35Z</time></trkpt><trkpt lat="58.058732" lon="38.80998"><ele>107.6</ele><time>2024-01-28T19:36:36Z</time></trkpt><trkpt lat="58.05875" lon="38.80982"><ele>107.7</ele><time>2024-01-28T19:36:37Z</time></trkpt><trkpt lat="58.058755" lon="38.809685"><ele>107.7</ele><time>2024-01-28T19:36:38Z</time></trkpt><trkpt lat="58.058752" lon="38.80955"><ele>107.6</ele><time>2024-01-28T19:36:39Z</time></trkpt><trkpt lat="58.05875" lon="38.80939"><ele>107.6</ele><time>2024-01-28T19:36:40Z</time></trkpt><trkpt lat="58.058785" lon="38.809245"><ele>106.9</ele><time>2024-01-28T19:36:41Z</time></trkpt><trkpt lat="58.058792" lon="38.809107"><ele>106.6</ele><time>2024-01-28T19:36:42Z</time></trkpt><trkpt lat="58.0588" lon="38.80896"><ele>106.4</ele><time>2024-01-28T19:36:43Z</time></trkpt><trkpt lat="58.058797" lon="38.808775"><ele>105.7</ele><time>2024-01-28T19:36:45Z</time></trkpt><trkpt lat="58.058815" lon="38.808635"><ele>103.4</ele><time>2024-01-28T19:36:46Z</time></trkpt><trkpt lat="58.05884" lon="38.808425"><ele>103.4</ele><time>2024-01-28T19:36:48Z</time></trkpt><trkpt lat="58.058835" lon="38.808215"><ele>100.9</ele><time>2024-01-28T19:36:50Z</time></trkpt><trkpt lat="58.058843" lon="38.807965"><ele>100.2</ele><time>2024-01-28T19:36:52Z</time></trkpt><trkpt lat="58.058875" lon="38.807813"><ele>99.4</ele><time>2024-01-28T19:36:53Z</time></trkpt><trkpt lat="58.058887" lon="38.80757"><ele>99.9</ele><time>2024-01-28T19:36:55Z</time></trkpt><trkpt lat="58.058905" lon="38.807382"><ele>100.3</ele><time>2024-01-28T19:36:58Z</time></trkpt><trkpt lat="58.05886" lon="38.807272"><ele>101.2</ele><time>2024-01-28T19:37:00Z</time></trkpt><trkpt lat="58.05875" lon="38.807257"><ele>101.7</ele><time>2024-01-28T19:37:04Z</time></trkpt><trkpt lat="58.058685" lon="38.807325"><ele>100.2</ele><time>2024-01-28T19:37:07Z</time></trkpt><trkpt lat="58.058698" lon="38.8073"><ele>111.7</ele><time>2024-01-28T19:37:14Z</time></trkpt><trkpt lat="58.058707" lon="38.807425"><ele>116.8</ele><time>2024-01-28T19:37:21Z</time></trkpt><trkpt lat="58.058665" lon="38.807555"><ele>116.7</ele><time>2024-01-28T19:37:26Z</time></trkpt><trkpt lat="58.058615" lon="38.80784"><ele>119.9</ele><time>2024-01-28T19:37:28Z</time></trkpt><trkpt lat="58.058622" lon="38.807705"><ele>119.6</ele><time>2024-01-28T19:37:31Z</time></trkpt></trkseg></trk></gpx>