<?xml version="1.0" encoding="UTF-8" standalone="no"?><gpx xmlns="http://www.topografix.com/GPX/1/1" xmlns:gpxtpx="http://www.garmin.com/xmlschemas/TrackPointExtension/v1" xmlns:xsi="http://www.w3.org/2001/XMLSchema-instance" creator="Sports Tracker" version="1.1" xsi:schemaLocation="http://www.topografix.com/GPX/1/1 http://www.topografix.com/GPX/1/1/gpx.xsd http://www.garmin.com/xmlschemas/TrackPointExtension/v1 http://www.garmin.com/xmlschemas/TrackPointExtensionv1.xsd"><metadata><name>26.02.2025 19:39</name><desc/><author><name>Александр</name></author></metadata><trk><name>26.02.2025 19:39</name><trkseg><trkpt lat="58.03819" lon="39.115845"><ele>101.1</ele><time>2025-02-26T16:39:59Z</time></trkpt><trkpt lat="58.037995" lon="39.115608"><ele>101.9</ele><time>2025-02-26T16:40:04Z</time></trkpt><trkpt lat="58.03792" lon="39.11549"><ele>101.3</ele><time>2025-02-26T16:40:07Z</time></trkpt><trkpt lat="58.03784" lon="39.115395"><ele>101.9</ele><time>2025-02-26T16:40:10Z</time></trkpt><trkpt lat="58.03775" lon="39.11529"><ele>102.9</ele><time>2025-02-26T16:40:13Z</time></trkpt><trkpt lat="58.03769" lon="39.11521"><ele>103.6</ele><time>2025-02-26T16:40:15Z</time></trkpt><trkpt lat="58.037602" lon="39.115095"><ele>103.4</ele><time>2025-02-26T16:40:18Z</time></trkpt><trkpt lat="58.037525" lon="39.114975"><ele>102.8</ele><time>2025-02-26T16:40:21Z</time></trkpt><trkpt lat="58.037452" lon="39.1149"><ele>102.3</ele><time>2025-02-26T16:40:23Z</time></trkpt><trkpt lat="58.03738" lon="39.11483"><ele>102.5</ele><time>2025-02-26T16:40:25Z</time></trkpt><trkpt lat="58.03729" lon="39.114777"><ele>103.0</ele><time>2025-02-26T16:40:27Z</time></trkpt><trkpt lat="58.037217" lon="39.114707"><ele>102.9</ele><time>2025-02-26T16:40:29Z</time></trkpt><trkpt lat="58.037132" lon="39.11464"><ele>102.2</ele><time>2025-02-26T16:40:31Z</time></trkpt><trkpt lat="58.03704" lon="39.114557"><ele>102.0</ele><time>2025-02-26T16:40:33Z</time></trkpt><trkpt lat="58.036967" lon="39.114495"><ele>102.4</ele><time>2025-02-26T16:40:35Z</time></trkpt><trkpt lat="58.03689" lon="39.114427"><ele>102.7</ele><time>2025-02-26T16:40:37Z</time></trkpt><trkpt lat="58.036807" lon="39.114365"><ele>103.0</ele><time>2025-02-26T16:40:39Z</time></trkpt><trkpt lat="58.036745" lon="39.114275"><ele>102.3</ele><time>2025-02-26T16:40:41Z</time></trkpt><trkpt lat="58.036662" lon="39.114205"><ele>101.9</ele><time>2025-02-26T16:40:43Z</time></trkpt><trkpt lat="58.036587" lon="39.114145"><ele>101.9</ele><time>2025-02-26T16:40:45Z</time></trkpt><trkpt lat="58.03651" lon="39.11408"><ele>102.4</ele><time>2025-02-26T16:40:47Z</time></trkpt><trkpt lat="58.036412" lon="39.11401"><ele>102.3</ele><time>2025-02-26T16:40:50Z</time></trkpt><trkpt lat="58.03635" lon="39.113947"><ele>102.8</ele><time>2025-02-26T16:40:52Z</time></trkpt><trkpt lat="58.036255" lon="39.113887"><ele>101.3</ele><time>2025-02-26T16:40:55Z</time></trkpt><trkpt lat="58.036157" lon="39.11384"><ele>101.4</ele><time>2025-02-26T16:40:58Z</time></trkpt><trkpt lat="58.036085" lon="39.113825"><ele>101.1</ele><time>2025-02-26T16:41:00Z</time></trkpt><trkpt lat="58.035985" lon="39.11388"><ele>100.0</ele><time>2025-02-26T16:41:03Z</time></trkpt><trkpt lat="58.035897" lon="39.11399"><ele>99.8</ele><time>2025-02-26T16:41:06Z</time></trkpt><trkpt lat="58.035817" lon="39.114125"><ele>101.4</ele><time>2025-02-26T16:41:09Z</time></trkpt><trkpt lat="58.03576" lon="39.114252"><ele>102.3</ele><time>2025-02-26T16:41:12Z</time></trkpt><trkpt lat="58.035668" lon="39.11439"><ele>101.8</ele><time>2025-02-26T16:41:15Z</time></trkpt><trkpt lat="58.035582" lon="39.11451"><ele>101.6</ele><time>2025-02-26T16:41:18Z</time></trkpt><trkpt lat="58.035527" lon="39.1146"><ele>102.7</ele><time>2025-02-26T16:41:20Z</time></trkpt><trkpt lat="58.03546" lon="39.114715"><ele>103.1</ele><time>2025-02-26T16:41:23Z</time></trkpt><trkpt lat="58.035405" lon="39.11483"><ele>103.2</ele><time>2025-02-26T16:41:26Z</time></trkpt><trkpt lat="58.03533" lon="39.11496"><ele>102.3</ele><time>2025-02-26T16:41:29Z</time></trkpt><trkpt lat="58.035265" lon="39.115065"><ele>102.6</ele><time>2025-02-26T16:41:31Z</time></trkpt><trkpt lat="58.035218" lon="39.115185"><ele>102.5</ele><time>2025-02-26T16:41:33Z</time></trkpt><trkpt lat="58.03517" lon="39.11529"><ele>102.6</ele><time>2025-02-26T16:41:35Z</time></trkpt><trkpt lat="58.0351" lon="39.11544"><ele>102.0</ele><time>2025-02-26T16:41:38Z</time></trkpt><trkpt lat="58.03504" lon="39.115585"><ele>103.2</ele><time>2025-02-26T16:41:41Z</time></trkpt><trkpt lat="58.034978" lon="39.115705"><ele>102.8</ele><time>2025-02-26T16:41:44Z</time></trkpt><trkpt lat="58.03492" lon="39.115805"><ele>103.2</ele><time>2025-02-26T16:41:47Z</time></trkpt><trkpt lat="58.034845" lon="39.1159"><ele>102.3</ele><time>2025-02-26T16:41:50Z</time></trkpt><trkpt lat="58.034795" lon="39.116015"><ele>104.5</ele><time>2025-02-26T16:41:52Z</time></trkpt><trkpt lat="58.034737" lon="39.116122"><ele>105.4</ele><time>2025-02-26T16:41:54Z</time></trkpt><trkpt lat="58.03468" lon="39.116255"><ele>105.9</ele><time>2025-02-26T16:41:57Z</time></trkpt><trkpt lat="58.034625" lon="39.11636"><ele>106.6</ele><time>2025-02-26T16:42:00Z</time></trkpt><trkpt lat="58.03454" lon="39.116405"><ele>106.2</ele><time>2025-02-26T16:42:04Z</time></trkpt><trkpt lat="58.03447" lon="39.116442"><ele>105.5</ele><time>2025-02-26T16:42:07Z</time></trkpt><trkpt lat="58.034385" lon="39.11646"><ele>104.5</ele><time>2025-02-26T16:42:11Z</time></trkpt><trkpt lat="58.034297" lon="39.11645"><ele>105.4</ele><time>2025-02-26T16:42:15Z</time></trkpt><trkpt lat="58.03421" lon="39.116465"><ele>106.0</ele><time>2025-02-26T16:42:19Z</time></trkpt><trkpt lat="58.03414" lon="39.11649"><ele>105.2</ele><time>2025-02-26T16:42:24Z</time></trkpt><trkpt lat="58.03406" lon="39.116535"><ele>106.2</ele><time>2025-02-26T16:42:29Z</time></trkpt><trkpt lat="58.033993" lon="39.116658"><ele>106.8</ele><time>2025-02-26T16:42:34Z</time></trkpt><trkpt lat="58.033932" lon="39.11678"><ele>106.8</ele><time>2025-02-26T16:42:37Z</time></trkpt><trkpt lat="58.033852" lon="39.11692"><ele>106.3</ele><time>2025-02-26T16:42:40Z</time></trkpt><trkpt lat="58.03379" lon="39.117035"><ele>107.8</ele><time>2025-02-26T16:42:42Z</time></trkpt><trkpt lat="58.033707" lon="39.117192"><ele>107.5</ele><time>2025-02-26T16:42:44Z</time></trkpt><trkpt lat="58.033635" lon="39.117295"><ele>107.2</ele><time>2025-02-26T16:42:46Z</time></trkpt><trkpt lat="58.03357" lon="39.11741"><ele>106.9</ele><time>2025-02-26T16:42:48Z</time></trkpt><trkpt lat="58.033512" lon="39.11752"><ele>105.9</ele><time>2025-02-26T16:42:50Z</time></trkpt><trkpt lat="58.033455" lon="39.117615"><ele>105.1</ele><time>2025-02-26T16:42:52Z</time></trkpt><trkpt lat="58.033402" lon="39.117715"><ele>105.6</ele><time>2025-02-26T16:42:54Z</time></trkpt><trkpt lat="58.033335" lon="39.11785"><ele>105.8</ele><time>2025-02-26T16:42:57Z</time></trkpt><trkpt lat="58.033275" lon="39.118005"><ele>106.2</ele><time>2025-02-26T16:43:00Z</time></trkpt><trkpt lat="58.033232" lon="39.118145"><ele>106.0</ele><time>2025-02-26T16:43:02Z</time></trkpt><trkpt lat="58.033195" lon="39.1183"><ele>106.3</ele><time>2025-02-26T16:43:04Z</time></trkpt><trkpt lat="58.03316" lon="39.11846"><ele>105.7</ele><time>2025-02-26T16:43:06Z</time></trkpt><trkpt lat="58.033135" lon="39.118625"><ele>106.7</ele><time>2025-02-26T16:43:08Z</time></trkpt><trkpt lat="58.033152" lon="39.118805"><ele>106.3</ele><time>2025-02-26T16:43:11Z</time></trkpt><trkpt lat="58.033225" lon="39.118892"><ele>107.5</ele><time>2025-02-26T16:43:15Z</time></trkpt><trkpt lat="58.03333" lon="39.118915"><ele>107.6</ele><time>2025-02-26T16:43:18Z</time></trkpt><trkpt lat="58.033415" lon="39.11895"><ele>107.2</ele><time>2025-02-26T16:43:20Z</time></trkpt><trkpt lat="58.033485" lon="39.118995"><ele>108.0</ele><time>2025-02-26T16:43:22Z</time></trkpt><trkpt lat="58.033575" lon="39.11908"><ele>107.8</ele><time>2025-02-26T16:43:25Z</time></trkpt><trkpt lat="58.033645" lon="39.119155"><ele>107.8</ele><time>2025-02-26T16:43:28Z</time></trkpt><trkpt lat="58.033702" lon="39.119235"><ele>108.1</ele><time>2025-02-26T16:43:31Z</time></trkpt><trkpt lat="58.033775" lon="39.119332"><ele>106.7</ele><time>2025-02-26T16:43:34Z</time></trkpt><trkpt lat="58.033837" lon="39.119427"><ele>106.6</ele><time>2025-02-26T16:43:37Z</time></trkpt><trkpt lat="58.033895" lon="39.119525"><ele>105.8</ele><time>2025-02-26T16:43:40Z</time></trkpt><trkpt lat="58.03397" lon="39.11963"><ele>106.4</ele><time>2025-02-26T16:43:43Z</time></trkpt><trkpt lat="58.034055" lon="39.119742"><ele>107.1</ele><time>2025-02-26T16:43:46Z</time></trkpt><trkpt lat="58.03413" lon="39.11984"><ele>107.7</ele><time>2025-02-26T16:43:49Z</time></trkpt><trkpt lat="58.034215" lon="39.119905"><ele>109.5</ele><time>2025-02-26T16:43:52Z</time></trkpt><trkpt lat="58.034295" lon="39.119975"><ele>110.0</ele><time>2025-02-26T16:43:56Z</time></trkpt><trkpt lat="58.03437" lon="39.12006"><ele>110.4</ele><time>2025-02-26T16:44:00Z</time></trkpt><trkpt lat="58.034435" lon="39.120125"><ele>111.4</ele><time>2025-02-26T16:44:03Z</time></trkpt><trkpt lat="58.03451" lon="39.120212"><ele>111.8</ele><time>2025-02-26T16:44:07Z</time></trkpt><trkpt lat="58.03455" lon="39.12026"><ele>111.3</ele><time>2025-02-26T16:44:14Z</time></trkpt><trkpt lat="58.034597" lon="39.12033"><ele>111.4</ele><time>2025-02-26T16:44:21Z</time></trkpt><trkpt lat="58.034665" lon="39.120392"><ele>110.7</ele><time>2025-02-26T16:44:25Z</time></trkpt><trkpt lat="58.034735" lon="39.120455"><ele>111.8</ele><time>2025-02-26T16:44:30Z</time></trkpt><trkpt lat="58.034812" lon="39.120525"><ele>113.5</ele><time>2025-02-26T16:44:36Z</time></trkpt><trkpt lat="58.034875" lon="39.120595"><ele>113.5</ele><time>2025-02-26T16:44:41Z</time></trkpt><trkpt lat="58.034935" lon="39.120695"><ele>113.2</ele><time>2025-02-26T16:44:47Z</time></trkpt><trkpt lat="58.034997" lon="39.120775"><ele>114.4</ele><time>2025-02-26T16:44:51Z</time></trkpt><trkpt lat="58.035065" lon="39.120875"><ele>118.0</ele><time>2025-02-26T16:44:56Z</time></trkpt><trkpt lat="58.035127" lon="39.120975"><ele>120.5</ele><time>2025-02-26T16:45:02Z</time></trkpt><trkpt lat="58.03517" lon="39.121095"><ele>122.5</ele><time>2025-02-26T16:45:07Z</time></trkpt><trkpt lat="58.035197" lon="39.121235"><ele>121.5</ele><time>2025-02-26T16:45:13Z</time></trkpt><trkpt lat="58.035265" lon="39.121325"><ele>120.5</ele><time>2025-02-26T16:45:20Z</time></trkpt><trkpt lat="58.03532" lon="39.12143"><ele>120.5</ele><time>2025-02-26T16:45:25Z</time></trkpt><trkpt lat="58.035385" lon="39.121513"><ele>122.5</ele><time>2025-02-26T16:45:30Z</time></trkpt><trkpt lat="58.035455" lon="39.12161"><ele>125.0</ele><time>2025-02-26T16:45:36Z</time></trkpt><trkpt lat="58.035513" lon="39.1217"><ele>125.2</ele><time>2025-02-26T16:45:42Z</time></trkpt><trkpt lat="58.035582" lon="39.121743"><ele>128.5</ele><time>2025-02-26T16:45:48Z</time></trkpt><trkpt lat="58.035663" lon="39.121775"><ele>135.3</ele><time>2025-02-26T16:45:54Z</time></trkpt><trkpt lat="58.03573" lon="39.121855"><ele>136.5</ele><time>2025-02-26T16:46:01Z</time></trkpt><trkpt lat="58.035805" lon="39.121922"><ele>136.7</ele><time>2025-02-26T16:46:06Z</time></trkpt><trkpt lat="58.035875" lon="39.121965"><ele>138.9</ele><time>2025-02-26T16:46:11Z</time></trkpt><trkpt lat="58.03595" lon="39.122015"><ele>137.1</ele><time>2025-02-26T16:46:17Z</time></trkpt><trkpt lat="58.036015" lon="39.12208"><ele>135.8</ele><time>2025-02-26T16:46:23Z</time></trkpt><trkpt lat="58.03609" lon="39.122122"><ele>133.3</ele><time>2025-02-26T16:46:29Z</time></trkpt><trkpt lat="58.036165" lon="39.122165"><ele>132.1</ele><time>2025-02-26T16:46:34Z</time></trkpt><trkpt lat="58.03625" lon="39.122192"><ele>131.4</ele><time>2025-02-26T16:46:39Z</time></trkpt><trkpt lat="58.036325" lon="39.122212"><ele>132.0</ele><time>2025-02-26T16:46:43Z</time></trkpt><trkpt lat="58.036412" lon="39.122225"><ele>130.4</ele><time>2025-02-26T16:46:48Z</time></trkpt><trkpt lat="58.036497" lon="39.122202"><ele>129.6</ele><time>2025-02-26T16:46:53Z</time></trkpt><trkpt lat="58.036567" lon="39.12216"><ele>131.8</ele><time>2025-02-26T16:46:59Z</time></trkpt><trkpt lat="58.03661" lon="39.122038"><ele>133.3</ele><time>2025-02-26T16:47:02Z</time></trkpt><trkpt lat="58.03669" lon="39.121857"><ele>138.0</ele><time>2025-02-26T16:47:06Z</time></trkpt><trkpt lat="58.036742" lon="39.121715"><ele>138.7</ele><time>2025-02-26T16:47:09Z</time></trkpt><trkpt lat="58.03683" lon="39.121675"><ele>137.7</ele><time>2025-02-26T16:47:13Z</time></trkpt><trkpt lat="58.03692" lon="39.121695"><ele>137.3</ele><time>2025-02-26T16:47:16Z</time></trkpt><trkpt lat="58.037027" lon="39.121697"><ele>136.7</ele><time>2025-02-26T16:47:19Z</time></trkpt><trkpt lat="58.037127" lon="39.121702"><ele>135.9</ele><time>2025-02-26T16:47:22Z</time></trkpt><trkpt lat="58.03723" lon="39.12173"><ele>136.2</ele><time>2025-02-26T16:47:25Z</time></trkpt><trkpt lat="58.037315" lon="39.121795"><ele>136.8</ele><time>2025-02-26T16:47:28Z</time></trkpt><trkpt lat="58.037372" lon="39.121893"><ele>136.2</ele><time>2025-02-26T16:47:31Z</time></trkpt><trkpt lat="58.037415" lon="39.122035"><ele>137.5</ele><time>2025-02-26T16:47:34Z</time></trkpt><trkpt lat="58.037442" lon="39.12219"><ele>138.2</ele><time>2025-02-26T16:47:37Z</time></trkpt><trkpt lat="58.037465" lon="39.122345"><ele>138.1</ele><time>2025-02-26T16:47:40Z</time></trkpt><trkpt lat="58.037495" lon="39.122515"><ele>138.2</ele><time>2025-02-26T16:47:43Z</time></trkpt><trkpt lat="58.03752" lon="39.1227"><ele>139.9</ele><time>2025-02-26T16:47:46Z</time></trkpt><trkpt lat="58.03757" lon="39.122852"><ele>138.6</ele><time>2025-02-26T16:47:50Z</time></trkpt><trkpt lat="58.037645" lon="39.122967"><ele>131.2</ele><time>2025-02-26T16:47:57Z</time></trkpt><trkpt lat="58.037685" lon="39.123115"><ele>131.1</ele><time>2025-02-26T16:48:00Z</time></trkpt><trkpt lat="58.03772" lon="39.12326"><ele>128.9</ele><time>2025-02-26T16:48:03Z</time></trkpt><trkpt lat="58.037727" lon="39.1234"><ele>131.1</ele><time>2025-02-26T16:48:07Z</time></trkpt><trkpt lat="58.03769" lon="39.12354"><ele>129.4</ele><time>2025-02-26T16:48:13Z</time></trkpt><trkpt lat="58.037665" lon="39.123692"><ele>129.7</ele><time>2025-02-26T16:48:16Z</time></trkpt><trkpt lat="58.03763" lon="39.123865"><ele>130.2</ele><time>2025-02-26T16:48:20Z</time></trkpt><trkpt lat="58.03761" lon="39.123995"><ele>130.1</ele><time>2025-02-26T16:48:23Z</time></trkpt><trkpt lat="58.03758" lon="39.124135"><ele>130.8</ele><time>2025-02-26T16:48:26Z</time></trkpt><trkpt lat="58.037547" lon="39.12428"><ele>131.0</ele><time>2025-02-26T16:48:29Z</time></trkpt><trkpt lat="58.03749" lon="39.12445"><ele>132.1</ele><time>2025-02-26T16:48:32Z</time></trkpt><trkpt lat="58.03745" lon="39.12457"><ele>134.4</ele><time>2025-02-26T16:48:34Z</time></trkpt><trkpt lat="58.037398" lon="39.124742"><ele>134.4</ele><time>2025-02-26T16:48:37Z</time></trkpt><trkpt lat="58.037355" lon="39.12489"><ele>134.6</ele><time>2025-02-26T16:48:40Z</time></trkpt><trkpt lat="58.0373" lon="39.12506"><ele>136.1</ele><time>2025-02-26T16:48:43Z</time></trkpt><trkpt lat="58.03726" lon="39.12518"><ele>136.2</ele><time>2025-02-26T16:48:45Z</time></trkpt><trkpt lat="58.03722" lon="39.125307"><ele>136.6</ele><time>2025-02-26T16:48:47Z</time></trkpt><trkpt lat="58.037168" lon="39.12541"><ele>137.0</ele><time>2025-02-26T16:48:49Z</time></trkpt><trkpt lat="58.03712" lon="39.125527"><ele>137.4</ele><time>2025-02-26T16:48:51Z</time></trkpt><trkpt lat="58.037075" lon="39.125635"><ele>137.1</ele><time>2025-02-26T16:48:53Z</time></trkpt><trkpt lat="58.037025" lon="39.12578"><ele>138.5</ele><time>2025-02-26T16:48:55Z</time></trkpt><trkpt lat="58.03697" lon="39.125905"><ele>139.9</ele><time>2025-02-26T16:48:57Z</time></trkpt><trkpt lat="58.036917" lon="39.12602"><ele>141.4</ele><time>2025-02-26T16:48:59Z</time></trkpt><trkpt lat="58.03687" lon="39.126125"><ele>141.7</ele><time>2025-02-26T16:49:01Z</time></trkpt><trkpt lat="58.036802" lon="39.12625"><ele>141.6</ele><time>2025-02-26T16:49:04Z</time></trkpt><trkpt lat="58.036722" lon="39.126365"><ele>142.6</ele><time>2025-02-26T16:49:07Z</time></trkpt><trkpt lat="58.036635" lon="39.126442"><ele>141.6</ele><time>2025-02-26T16:49:10Z</time></trkpt><trkpt lat="58.036555" lon="39.126555"><ele>140.3</ele><time>2025-02-26T16:49:13Z</time></trkpt><trkpt lat="58.03647" lon="39.126682"><ele>140.7</ele><time>2025-02-26T16:49:16Z</time></trkpt><trkpt lat="58.0364" lon="39.12677"><ele>141.4</ele><time>2025-02-26T16:49:18Z</time></trkpt><trkpt lat="58.036335" lon="39.126912"><ele>141.1</ele><time>2025-02-26T16:49:21Z</time></trkpt><trkpt lat="58.036285" lon="39.127075"><ele>141.1</ele><time>2025-02-26T16:49:24Z</time></trkpt><trkpt lat="58.036245" lon="39.127195"><ele>140.8</ele><time>2025-02-26T16:49:26Z</time></trkpt><trkpt lat="58.036212" lon="39.12733"><ele>140.5</ele><time>2025-02-26T16:49:28Z</time></trkpt><trkpt lat="58.03617" lon="39.127455"><ele>140.4</ele><time>2025-02-26T16:49:30Z</time></trkpt><trkpt lat="58.03611" lon="39.12762"><ele>139.4</ele><time>2025-02-26T16:49:33Z</time></trkpt><trkpt lat="58.03606" lon="39.12778"><ele>139.5</ele><time>2025-02-26T16:49:36Z</time></trkpt><trkpt lat="58.036025" lon="39.12791"><ele>139.9</ele><time>2025-02-26T16:49:38Z</time></trkpt><trkpt lat="58.035985" lon="39.128045"><ele>140.8</ele><time>2025-02-26T16:49:40Z</time></trkpt><trkpt lat="58.035945" lon="39.128172"><ele>141.6</ele><time>2025-02-26T16:49:42Z</time></trkpt><trkpt lat="58.035915" lon="39.128307"><ele>142.1</ele><time>2025-02-26T16:49:44Z</time></trkpt><trkpt lat="58.03587" lon="39.128465"><ele>142.8</ele><time>2025-02-26T16:49:47Z</time></trkpt><trkpt lat="58.03583" lon="39.12861"><ele>143.9</ele><time>2025-02-26T16:49:49Z</time></trkpt><trkpt lat="58.035795" lon="39.128745"><ele>145.1</ele><time>2025-02-26T16:49:51Z</time></trkpt><trkpt lat="58.03576" lon="39.128875"><ele>144.3</ele><time>2025-02-26T16:49:53Z</time></trkpt><trkpt lat="58.03572" lon="39.129013"><ele>144.7</ele><time>2025-02-26T16:49:55Z</time></trkpt><trkpt lat="58.03569" lon="39.129145"><ele>146.0</ele><time>2025-02-26T16:49:57Z</time></trkpt><trkpt lat="58.035652" lon="39.129265"><ele>146.2</ele><time>2025-02-26T16:49:59Z</time></trkpt><trkpt lat="58.03562" lon="39.12944"><ele>144.7</ele><time>2025-02-26T16:50:02Z</time></trkpt><trkpt lat="58.035605" lon="39.129585"><ele>144.9</ele><time>2025-02-26T16:50:04Z</time></trkpt><trkpt lat="58.035595" lon="39.12973"><ele>145.3</ele><time>2025-02-26T16:50:06Z</time></trkpt><trkpt lat="58.035583" lon="39.129865"><ele>145.5</ele><time>2025-02-26T16:50:08Z</time></trkpt><trkpt lat="58.035575" lon="39.130025"><ele>144.9</ele><time>2025-02-26T16:50:11Z</time></trkpt><trkpt lat="58.03556" lon="39.13019"><ele>143.0</ele><time>2025-02-26T16:50:14Z</time></trkpt><trkpt lat="58.035535" lon="39.13037"><ele>142.3</ele><time>2025-02-26T16:50:17Z</time></trkpt><trkpt lat="58.0355" lon="39.130532"><ele>143.5</ele><time>2025-02-26T16:50:20Z</time></trkpt><trkpt lat="58.035467" lon="39.130665"><ele>144.2</ele><time>2025-02-26T16:50:22Z</time></trkpt><trkpt lat="58.035432" lon="39.130795"><ele>144.3</ele><time>2025-02-26T16:50:24Z</time></trkpt><trkpt lat="58.0354" lon="39.13093"><ele>145.5</ele><time>2025-02-26T16:50:26Z</time></trkpt><trkpt lat="58.03538" lon="39.131058"><ele>145.4</ele><time>2025-02-26T16:50:28Z</time></trkpt><trkpt lat="58.035347" lon="39.131185"><ele>145.9</ele><time>2025-02-26T16:50:30Z</time></trkpt><trkpt lat="58.03531" lon="39.13135"><ele>143.3</ele><time>2025-02-26T16:50:33Z</time></trkpt><trkpt lat="58.03526" lon="39.131522"><ele>142.0</ele><time>2025-02-26T16:50:36Z</time></trkpt><trkpt lat="58.035222" lon="39.131707"><ele>141.0</ele><time>2025-02-26T16:50:39Z</time></trkpt><trkpt lat="58.035175" lon="39.131887"><ele>141.4</ele><time>2025-02-26T16:50:42Z</time></trkpt><trkpt lat="58.035145" lon="39.132025"><ele>141.8</ele><time>2025-02-26T16:50:44Z</time></trkpt><trkpt lat="58.035125" lon="39.132185"><ele>142.2</ele><time>2025-02-26T16:50:47Z</time></trkpt><trkpt lat="58.03513" lon="39.132222"><ele>145.1</ele><time>2025-02-26T16:50:54Z</time></trkpt><trkpt lat="58.035105" lon="39.13239"><ele>145.7</ele><time>2025-02-26T16:51:00Z</time></trkpt><trkpt lat="58.035058" lon="39.13255"><ele>146.5</ele><time>2025-02-26T16:51:03Z</time></trkpt><trkpt lat="58.035" lon="39.132732"><ele>144.8</ele><time>2025-02-26T16:51:06Z</time></trkpt><trkpt lat="58.03496" lon="39.132865"><ele>144.9</ele><time>2025-02-26T16:51:08Z</time></trkpt><trkpt lat="58.034935" lon="39.133"><ele>144.1</ele><time>2025-02-26T16:51:10Z</time></trkpt><trkpt lat="58.034903" lon="39.133125"><ele>144.7</ele><time>2025-02-26T16:51:12Z</time></trkpt><trkpt lat="58.034872" lon="39.133252"><ele>144.0</ele><time>2025-02-26T16:51:14Z</time></trkpt><trkpt lat="58.034837" lon="39.13338"><ele>144.6</ele><time>2025-02-26T16:51:16Z</time></trkpt><trkpt lat="58.0348" lon="39.133563"><ele>144.9</ele><time>2025-02-26T16:51:19Z</time></trkpt><trkpt lat="58.034772" lon="39.133695"><ele>146.6</ele><time>2025-02-26T16:51:21Z</time></trkpt><trkpt lat="58.034745" lon="39.133825"><ele>146.4</ele><time>2025-02-26T16:51:23Z</time></trkpt><trkpt lat="58.034715" lon="39.13396"><ele>146.6</ele><time>2025-02-26T16:51:25Z</time></trkpt><trkpt lat="58.034685" lon="39.13409"><ele>146.5</ele><time>2025-02-26T16:51:27Z</time></trkpt><trkpt lat="58.034655" lon="39.134225"><ele>145.9</ele><time>2025-02-26T16:51:29Z</time></trkpt><trkpt lat="58.034577" lon="39.13436"><ele>144.1</ele><time>2025-02-26T16:51:32Z</time></trkpt><trkpt lat="58.034497" lon="39.1345"><ele>143.4</ele><time>2025-02-26T16:51:35Z</time></trkpt><trkpt lat="58.034422" lon="39.13464"><ele>141.3</ele><time>2025-02-26T16:51:38Z</time></trkpt><trkpt lat="58.034345" lon="39.134772"><ele>139.1</ele><time>2025-02-26T16:51:41Z</time></trkpt><trkpt lat="58.03426" lon="39.134905"><ele>137.8</ele><time>2025-02-26T16:51:44Z</time></trkpt><trkpt lat="58.0342" lon="39.134985"><ele>137.2</ele><time>2025-02-26T16:51:46Z</time></trkpt><trkpt lat="58.03412" lon="39.13511"><ele>136.2</ele><time>2025-02-26T16:51:49Z</time></trkpt><trkpt lat="58.034045" lon="39.135223"><ele>136.4</ele><time>2025-02-26T16:51:52Z</time></trkpt><trkpt lat="58.034" lon="39.135335"><ele>136.4</ele><time>2025-02-26T16:51:54Z</time></trkpt><trkpt lat="58.03395" lon="39.135505"><ele>137.3</ele><time>2025-02-26T16:51:57Z</time></trkpt><trkpt lat="58.03392" lon="39.13568"><ele>138.4</ele><time>2025-02-26T16:52:00Z</time></trkpt><trkpt lat="58.033895" lon="39.135865"><ele>140.0</ele><time>2025-02-26T16:52:03Z</time></trkpt><trkpt lat="58.033875" lon="39.13606"><ele>139.7</ele><time>2025-02-26T16:52:06Z</time></trkpt><trkpt lat="58.033875" lon="39.136195"><ele>140.6</ele><time>2025-02-26T16:52:08Z</time></trkpt><trkpt lat="58.03389" lon="39.136345"><ele>139.6</ele><time>2025-02-26T16:52:10Z</time></trkpt><trkpt lat="58.033915" lon="39.136485"><ele>139.8</ele><time>2025-02-26T16:52:12Z</time></trkpt><trkpt lat="58.033935" lon="39.13662"><ele>138.3</ele><time>2025-02-26T16:52:14Z</time></trkpt><trkpt lat="58.033955" lon="39.13681"><ele>137.9</ele><time>2025-02-26T16:52:17Z</time></trkpt><trkpt lat="58.033977" lon="39.136983"><ele>137.8</ele><time>2025-02-26T16:52:20Z</time></trkpt><trkpt lat="58.034005" lon="39.137135"><ele>137.1</ele><time>2025-02-26T16:52:23Z</time></trkpt><trkpt lat="58.03404" lon="39.13727"><ele>136.3</ele><time>2025-02-26T16:52:25Z</time></trkpt><trkpt lat="58.03407" lon="39.1374"><ele>136.3</ele><time>2025-02-26T16:52:27Z</time></trkpt><trkpt lat="58.034115" lon="39.137572"><ele>136.2</ele><time>2025-02-26T16:52:30Z</time></trkpt><trkpt lat="58.034148" lon="39.13763"><ele>134.8</ele><time>2025-02-26T16:52:37Z</time></trkpt><trkpt lat="58.034185" lon="39.137775"><ele>136.8</ele><time>2025-02-26T16:52:40Z</time></trkpt><trkpt lat="58.03423" lon="39.137895"><ele>136.4</ele><time>2025-02-26T16:52:43Z</time></trkpt><trkpt lat="58.034275" lon="39.138017"><ele>136.0</ele><time>2025-02-26T16:52:46Z</time></trkpt><trkpt lat="58.034302" lon="39.138165"><ele>135.8</ele><time>2025-02-26T16:52:49Z</time></trkpt><trkpt lat="58.034367" lon="39.138325"><ele>135.6</ele><time>2025-02-26T16:52:52Z</time></trkpt><trkpt lat="58.03444" lon="39.138417"><ele>134.2</ele><time>2025-02-26T16:52:55Z</time></trkpt><trkpt lat="58.03449" lon="39.13855"><ele>135.1</ele><time>2025-02-26T16:52:58Z</time></trkpt><trkpt lat="58.034522" lon="39.13867"><ele>134.3</ele><time>2025-02-26T16:53:00Z</time></trkpt><trkpt lat="58.03456" lon="39.138795"><ele>133.6</ele><time>2025-02-26T16:53:02Z</time></trkpt><trkpt lat="58.034575" lon="39.13897"><ele>131.6</ele><time>2025-02-26T16:53:04Z</time></trkpt><trkpt lat="58.034577" lon="39.139135"><ele>131.9</ele><time>2025-02-26T16:53:06Z</time></trkpt><trkpt lat="58.034555" lon="39.139355"><ele>131.1</ele><time>2025-02-26T16:53:08Z</time></trkpt><trkpt lat="58.034555" lon="39.139565"><ele>132.5</ele><time>2025-02-26T16:53:10Z</time></trkpt><trkpt lat="58.034523" lon="39.139825"><ele>131.5</ele><time>2025-02-26T16:53:12Z</time></trkpt><trkpt lat="58.03451" lon="39.13997"><ele>131.4</ele><time>2025-02-26T16:53:13Z</time></trkpt><trkpt lat="58.034505" lon="39.140135"><ele>130.9</ele><time>2025-02-26T16:53:14Z</time></trkpt><trkpt lat="58.03447" lon="39.140285"><ele>129.5</ele><time>2025-02-26T16:53:15Z</time></trkpt><trkpt lat="58.03445" lon="39.14042"><ele>129.1</ele><time>2025-02-26T16:53:16Z</time></trkpt><trkpt lat="58.034387" lon="39.14066"><ele>126.9</ele><time>2025-02-26T16:53:18Z</time></trkpt><trkpt lat="58.03433" lon="39.140755"><ele>126.0</ele><time>2025-02-26T16:53:20Z</time></trkpt><trkpt lat="58.034285" lon="39.14086"><ele>124.6</ele><time>2025-02-26T16:53:22Z</time></trkpt><trkpt lat="58.03423" lon="39.140972"><ele>123.8</ele><time>2025-02-26T16:53:25Z</time></trkpt><trkpt lat="58.034185" lon="39.14109"><ele>125.3</ele><time>2025-02-26T16:53:28Z</time></trkpt><trkpt lat="58.034148" lon="39.14125"><ele>127.8</ele><time>2025-02-26T16:53:32Z</time></trkpt><trkpt lat="58.03413" lon="39.141405"><ele>128.7</ele><time>2025-02-26T16:53:35Z</time></trkpt><trkpt lat="58.03411" lon="39.141565"><ele>129.3</ele><time>2025-02-26T16:53:38Z</time></trkpt><trkpt lat="58.034062" lon="39.141715"><ele>128.9</ele><time>2025-02-26T16:53:41Z</time></trkpt><trkpt lat="58.034002" lon="39.141845"><ele>128.0</ele><time>2025-02-26T16:53:44Z</time></trkpt><trkpt lat="58.03394" lon="39.141977"><ele>128.1</ele><time>2025-02-26T16:53:47Z</time></trkpt><trkpt lat="58.03389" lon="39.142087"><ele>128.4</ele><time>2025-02-26T16:53:49Z</time></trkpt><trkpt lat="58.033848" lon="39.142218"><ele>128.8</ele><time>2025-02-26T16:53:51Z</time></trkpt><trkpt lat="58.033822" lon="39.142385"><ele>129.3</ele><time>2025-02-26T16:53:53Z</time></trkpt><trkpt lat="58.03381" lon="39.142522"><ele>129.3</ele><time>2025-02-26T16:53:55Z</time></trkpt><trkpt lat="58.033785" lon="39.142653"><ele>128.6</ele><time>2025-02-26T16:53:57Z</time></trkpt><trkpt lat="58.03376" lon="39.142807"><ele>128.7</ele><time>2025-02-26T16:54:00Z</time></trkpt><trkpt lat="58.033722" lon="39.142958"><ele>128.3</ele><time>2025-02-26T16:54:03Z</time></trkpt><trkpt lat="58.03369" lon="39.143115"><ele>128.0</ele><time>2025-02-26T16:54:06Z</time></trkpt><trkpt lat="58.03367" lon="39.14329"><ele>128.7</ele><time>2025-02-26T16:54:09Z</time></trkpt><trkpt lat="58.033637" lon="39.143482"><ele>127.5</ele><time>2025-02-26T16:54:12Z</time></trkpt><trkpt lat="58.033613" lon="39.14362"><ele>128.6</ele><time>2025-02-26T16:54:14Z</time></trkpt><trkpt lat="58.0336" lon="39.14376"><ele>129.1</ele><time>2025-02-26T16:54:16Z</time></trkpt><trkpt lat="58.033585" lon="39.143895"><ele>128.2</ele><time>2025-02-26T16:54:18Z</time></trkpt><trkpt lat="58.03356" lon="39.14404"><ele>127.8</ele><time>2025-02-26T16:54:21Z</time></trkpt><trkpt lat="58.03355" lon="39.1442"><ele>127.3</ele><time>2025-02-26T16:54:24Z</time></trkpt><trkpt lat="58.03355" lon="39.144355"><ele>129.5</ele><time>2025-02-26T16:54:27Z</time></trkpt><trkpt lat="58.033543" lon="39.1445"><ele>128.7</ele><time>2025-02-26T16:54:30Z</time></trkpt><trkpt lat="58.03355" lon="39.144635"><ele>130.4</ele><time>2025-02-26T16:54:33Z</time></trkpt><trkpt lat="58.033527" lon="39.14479"><ele>129.5</ele><time>2025-02-26T16:54:38Z</time></trkpt><trkpt lat="58.03353" lon="39.144927"><ele>129.9</ele><time>2025-02-26T16:54:42Z</time></trkpt><trkpt lat="58.033542" lon="39.145077"><ele>131.1</ele><time>2025-02-26T16:54:48Z</time></trkpt><trkpt lat="58.03355" lon="39.145217"><ele>133.0</ele><time>2025-02-26T16:54:53Z</time></trkpt><trkpt lat="58.033597" lon="39.14534"><ele>133.9</ele><time>2025-02-26T16:54:58Z</time></trkpt><trkpt lat="58.033635" lon="39.14546"><ele>134.8</ele><time>2025-02-26T16:55:02Z</time></trkpt><trkpt lat="58.03368" lon="39.145595"><ele>137.0</ele><time>2025-02-26T16:55:07Z</time></trkpt><trkpt lat="58.03372" lon="39.145735"><ele>138.0</ele><time>2025-02-26T16:55:12Z</time></trkpt><trkpt lat="58.033775" lon="39.145847"><ele>138.0</ele><time>2025-02-26T16:55:18Z</time></trkpt><trkpt lat="58.03383" lon="39.145972"><ele>139.9</ele><time>2025-02-26T16:55:22Z</time></trkpt><trkpt lat="58.03388" lon="39.146115"><ele>139.8</ele><time>2025-02-26T16:55:26Z</time></trkpt><trkpt lat="58.033923" lon="39.146237"><ele>139.6</ele><time>2025-02-26T16:55:30Z</time></trkpt><trkpt lat="58.033975" lon="39.146368"><ele>140.3</ele><time>2025-02-26T16:55:34Z</time></trkpt><trkpt lat="58.034015" lon="39.146505"><ele>138.5</ele><time>2025-02-26T16:55:38Z</time></trkpt><trkpt lat="58.034047" lon="39.14665"><ele>138.5</ele><time>2025-02-26T16:55:41Z</time></trkpt><trkpt lat="58.034072" lon="39.14681"><ele>138.5</ele><time>2025-02-26T16:55:44Z</time></trkpt><trkpt lat="58.03408" lon="39.146955"><ele>138.1</ele><time>2025-02-26T16:55:47Z</time></trkpt><trkpt lat="58.034073" lon="39.1471"><ele>137.8</ele><time>2025-02-26T16:55:50Z</time></trkpt><trkpt lat="58.034035" lon="39.147235"><ele>138.0</ele><time>2025-02-26T16:55:54Z</time></trkpt><trkpt lat="58.034015" lon="39.14738"><ele>140.1</ele><time>2025-02-26T16:56:01Z</time></trkpt><trkpt lat="58.034005" lon="39.147525"><ele>138.9</ele><time>2025-02-26T16:56:08Z</time></trkpt><trkpt lat="58.033985" lon="39.147682"><ele>139.4</ele><time>2025-02-26T16:56:13Z</time></trkpt><trkpt lat="58.033975" lon="39.14785"><ele>141.0</ele><time>2025-02-26T16:56:18Z</time></trkpt><trkpt lat="58.03395" lon="39.148"><ele>142.7</ele><time>2025-02-26T16:56:23Z</time></trkpt><trkpt lat="58.033912" lon="39.148127"><ele>142.9</ele><time>2025-02-26T16:56:27Z</time></trkpt><trkpt lat="58.03392" lon="39.14828"><ele>143.9</ele><time>2025-02-26T16:56:32Z</time></trkpt><trkpt lat="58.033957" lon="39.1484"><ele>143.6</ele><time>2025-02-26T16:56:36Z</time></trkpt><trkpt lat="58.033935" lon="39.148545"><ele>144.7</ele><time>2025-02-26T16:56:41Z</time></trkpt><trkpt lat="58.033935" lon="39.14869"><ele>143.9</ele><time>2025-02-26T16:56:46Z</time></trkpt><trkpt lat="58.03391" lon="39.14885"><ele>143.2</ele><time>2025-02-26T16:56:52Z</time></trkpt><trkpt lat="58.033895" lon="39.149012"><ele>142.5</ele><time>2025-02-26T16:56:57Z</time></trkpt><trkpt lat="58.03388" lon="39.149155"><ele>144.1</ele><time>2025-02-26T16:57:01Z</time></trkpt><trkpt lat="58.03386" lon="39.149292"><ele>144.5</ele><time>2025-02-26T16:57:05Z</time></trkpt><trkpt lat="58.03388" lon="39.149467"><ele>145.3</ele><time>2025-02-26T16:57:10Z</time></trkpt><trkpt lat="58.03392" lon="39.14963"><ele>146.5</ele><time>2025-02-26T16:57:14Z</time></trkpt><trkpt lat="58.033975" lon="39.149767"><ele>146.3</ele><time>2025-02-26T16:57:18Z</time></trkpt><trkpt lat="58.03403" lon="39.149905"><ele>144.1</ele><time>2025-02-26T16:57:23Z</time></trkpt><trkpt lat="58.03408" lon="39.15002"><ele>145.5</ele><time>2025-02-26T16:57:27Z</time></trkpt><trkpt lat="58.034132" lon="39.15012"><ele>146.6</ele><time>2025-02-26T16:57:32Z</time></trkpt><trkpt lat="58.034155" lon="39.150175"><ele>146.1</ele><time>2025-02-26T16:57:39Z</time></trkpt><trkpt lat="58.034217" lon="39.150287"><ele>146.2</ele><time>2025-02-26T16:57:44Z</time></trkpt><trkpt lat="58.034265" lon="39.150405"><ele>146.7</ele><time>2025-02-26T16:57:48Z</time></trkpt><trkpt lat="58.034317" lon="39.150495"><ele>145.7</ele><time>2025-02-26T16:57:53Z</time></trkpt><trkpt lat="58.034385" lon="39.150565"><ele>147.9</ele><time>2025-02-26T16:57:59Z</time></trkpt><trkpt lat="58.034443" lon="39.15067"><ele>148.3</ele><time>2025-02-26T16:58:05Z</time></trkpt><trkpt lat="58.0345" lon="39.150815"><ele>147.6</ele><time>2025-02-26T16:58:10Z</time></trkpt><trkpt lat="58.03456" lon="39.150925"><ele>146.9</ele><time>2025-02-26T16:58:13Z</time></trkpt><trkpt lat="58.03462" lon="39.15101"><ele>148.0</ele><time>2025-02-26T16:58:15Z</time></trkpt><trkpt lat="58.034655" lon="39.151165"><ele>152.2</ele><time>2025-02-26T16:58:17Z</time></trkpt><trkpt lat="58.03473" lon="39.15125"><ele>148.7</ele><time>2025-02-26T16:58:21Z</time></trkpt><trkpt lat="58.034815" lon="39.151293"><ele>147.0</ele><time>2025-02-26T16:58:24Z</time></trkpt><trkpt lat="58.034905" lon="39.15128"><ele>147.2</ele><time>2025-02-26T16:58:27Z</time></trkpt><trkpt lat="58.03499" lon="39.15129"><ele>146.1</ele><time>2025-02-26T16:58:30Z</time></trkpt><trkpt lat="58.035075" lon="39.15131"><ele>143.9</ele><time>2025-02-26T16:58:33Z</time></trkpt><trkpt lat="58.035165" lon="39.151288"><ele>144.4</ele><time>2025-02-26T16:58:36Z</time></trkpt><trkpt lat="58.035255" lon="39.15127"><ele>145.0</ele><time>2025-02-26T16:58:39Z</time></trkpt><trkpt lat="58.035337" lon="39.151223"><ele>144.1</ele><time>2025-02-26T16:58:42Z</time></trkpt><trkpt lat="58.03541" lon="39.15117"><ele>144.3</ele><time>2025-02-26T16:58:45Z</time></trkpt><trkpt lat="58.035495" lon="39.151165"><ele>145.3</ele><time>2025-02-26T16:58:48Z</time></trkpt><trkpt lat="58.035572" lon="39.151115"><ele>144.7</ele><time>2025-02-26T16:58:51Z</time></trkpt><trkpt lat="58.03565" lon="39.15103"><ele>145.0</ele><time>2025-02-26T16:58:54Z</time></trkpt><trkpt lat="58.03572" lon="39.15095"><ele>144.6</ele><time>2025-02-26T16:58:57Z</time></trkpt><trkpt lat="58.03579" lon="39.15084"><ele>144.3</ele><time>2025-02-26T16:59:00Z</time></trkpt><trkpt lat="58.035875" lon="39.150735"><ele>143.9</ele><time>2025-02-26T16:59:03Z</time></trkpt><trkpt lat="58.035935" lon="39.150665"><ele>143.9</ele><time>2025-02-26T16:59:05Z</time></trkpt><trkpt lat="58.035955" lon="39.15059"><ele>144.4</ele><time>2025-02-26T16:59:12Z</time></trkpt><trkpt lat="58.035997" lon="39.150457"><ele>144.8</ele><time>2025-02-26T16:59:16Z</time></trkpt><trkpt lat="58.036045" lon="39.15033"><ele>144.1</ele><time>2025-02-26T16:59:19Z</time></trkpt><trkpt lat="58.03608" lon="39.15021"><ele>144.7</ele><time>2025-02-26T16:59:23Z</time></trkpt><trkpt lat="58.036117" lon="39.150095"><ele>144.4</ele><time>2025-02-26T16:59:26Z</time></trkpt><trkpt lat="58.03617" lon="39.149985"><ele>145.0</ele><time>2025-02-26T16:59:29Z</time></trkpt><trkpt lat="58.03623" lon="39.149875"><ele>143.6</ele><time>2025-02-26T16:59:33Z</time></trkpt><trkpt lat="58.036272" lon="39.14976"><ele>144.6</ele><time>2025-02-26T16:59:36Z</time></trkpt><trkpt lat="58.036325" lon="39.149628"><ele>145.6</ele><time>2025-02-26T16:59:39Z</time></trkpt><trkpt lat="58.03638" lon="39.149492"><ele>144.6</ele><time>2025-02-26T16:59:42Z</time></trkpt><trkpt lat="58.03644" lon="39.149375"><ele>144.6</ele><time>2025-02-26T16:59:45Z</time></trkpt><trkpt lat="58.036505" lon="39.14926"><ele>144.7</ele><time>2025-02-26T16:59:48Z</time></trkpt><trkpt lat="58.036575" lon="39.14911"><ele>144.8</ele><time>2025-02-26T16:59:51Z</time></trkpt><trkpt lat="58.036637" lon="39.148955"><ele>144.9</ele><time>2025-02-26T16:59:54Z</time></trkpt><trkpt lat="58.036705" lon="39.148855"><ele>146.3</ele><time>2025-02-26T16:59:56Z</time></trkpt><trkpt lat="58.036775" lon="39.148715"><ele>144.4</ele><time>2025-02-26T16:59:59Z</time></trkpt><trkpt lat="58.03683" lon="39.14861"><ele>144.3</ele><time>2025-02-26T17:00:02Z</time></trkpt><trkpt lat="58.036905" lon="39.14855"><ele>144.3</ele><time>2025-02-26T17:00:05Z</time></trkpt><trkpt lat="58.036995" lon="39.14849"><ele>143.4</ele><time>2025-02-26T17:00:08Z</time></trkpt><trkpt lat="58.037075" lon="39.148445"><ele>143.9</ele><time>2025-02-26T17:00:11Z</time></trkpt><trkpt lat="58.03716" lon="39.14845"><ele>144.0</ele><time>2025-02-26T17:00:14Z</time></trkpt><trkpt lat="58.037252" lon="39.148497"><ele>145.7</ele><time>2025-02-26T17:00:17Z</time></trkpt><trkpt lat="58.037337" lon="39.14857"><ele>146.5</ele><time>2025-02-26T17:00:20Z</time></trkpt><trkpt lat="58.037412" lon="39.14865"><ele>146.2</ele><time>2025-02-26T17:00:22Z</time></trkpt><trkpt lat="58.037495" lon="39.14874"><ele>148.0</ele><time>2025-02-26T17:00:25Z</time></trkpt><trkpt lat="58.037575" lon="39.14876"><ele>146.4</ele><time>2025-02-26T17:00:28Z</time></trkpt><trkpt lat="58.03765" lon="39.148782"><ele>145.4</ele><time>2025-02-26T17:00:30Z</time></trkpt><trkpt lat="58.037745" lon="39.148785"><ele>145.6</ele><time>2025-02-26T17:00:33Z</time></trkpt><trkpt lat="58.037847" lon="39.148772"><ele>146.8</ele><time>2025-02-26T17:00:36Z</time></trkpt><trkpt lat="58.037955" lon="39.14876"><ele>146.9</ele><time>2025-02-26T17:00:39Z</time></trkpt><trkpt lat="58.038037" lon="39.1488"><ele>148.1</ele><time>2025-02-26T17:00:42Z</time></trkpt><trkpt lat="58.03812" lon="39.148837"><ele>147.7</ele><time>2025-02-26T17:00:45Z</time></trkpt><trkpt lat="58.038215" lon="39.14889"><ele>146.6</ele><time>2025-02-26T17:00:48Z</time></trkpt><trkpt lat="58.03829" lon="39.14897"><ele>148.7</ele><time>2025-02-26T17:00:50Z</time></trkpt><trkpt lat="58.038355" lon="39.149065"><ele>150.1</ele><time>2025-02-26T17:00:52Z</time></trkpt><trkpt lat="58.038415" lon="39.14914"><ele>150.7</ele><time>2025-02-26T17:00:54Z</time></trkpt><trkpt lat="58.038475" lon="39.14928"><ele>150.0</ele><time>2025-02-26T17:00:57Z</time></trkpt><trkpt lat="58.038535" lon="39.149425"><ele>150.3</ele><time>2025-02-26T17:01:00Z</time></trkpt><trkpt lat="58.038575" lon="39.149595"><ele>150.0</ele><time>2025-02-26T17:01:03Z</time></trkpt><trkpt lat="58.038595" lon="39.14974"><ele>150.2</ele><time>2025-02-26T17:01:06Z</time></trkpt><trkpt lat="58.038635" lon="39.14989"><ele>148.9</ele><time>2025-02-26T17:01:08Z</time></trkpt><trkpt lat="58.038655" lon="39.150025"><ele>148.5</ele><time>2025-02-26T17:01:10Z</time></trkpt><trkpt lat="58.038715" lon="39.150115"><ele>148.2</ele><time>2025-02-26T17:01:13Z</time></trkpt><trkpt lat="58.038787" lon="39.150265"><ele>144.8</ele><time>2025-02-26T17:01:17Z</time></trkpt><trkpt lat="58.03886" lon="39.150365"><ele>147.3</ele><time>2025-02-26T17:01:19Z</time></trkpt><trkpt lat="58.03897" lon="39.150442"><ele>149.3</ele><time>2025-02-26T17:01:21Z</time></trkpt><trkpt lat="58.039042" lon="39.15047"><ele>149.9</ele><time>2025-02-26T17:01:23Z</time></trkpt><trkpt lat="58.039135" lon="39.15056"><ele>148.6</ele><time>2025-02-26T17:01:26Z</time></trkpt><trkpt lat="58.039187" lon="39.15065"><ele>149.4</ele><time>2025-02-26T17:01:28Z</time></trkpt><trkpt lat="58.03927" lon="39.150772"><ele>149.4</ele><time>2025-02-26T17:01:31Z</time></trkpt><trkpt lat="58.039325" lon="39.150877"><ele>150.9</ele><time>2025-02-26T17:01:33Z</time></trkpt><trkpt lat="58.039377" lon="39.15099"><ele>150.7</ele><time>2025-02-26T17:01:35Z</time></trkpt><trkpt lat="58.039425" lon="39.151095"><ele>151.6</ele><time>2025-02-26T17:01:37Z</time></trkpt><trkpt lat="58.039495" lon="39.151223"><ele>151.2</ele><time>2025-02-26T17:01:40Z</time></trkpt><trkpt lat="58.039555" lon="39.151375"><ele>152.2</ele><time>2025-02-26T17:02:45Z</time></trkpt><trkpt lat="58.041195" lon="39.15488"><ele>150.6</ele><time>2025-02-26T17:02:47Z</time></trkpt><trkpt lat="58.04125" lon="39.154995"><ele>150.8</ele><time>2025-02-26T17:02:49Z</time></trkpt><trkpt lat="58.0413" lon="39.155097"><ele>149.5</ele><time>2025-02-26T17:02:51Z</time></trkpt><trkpt lat="58.041365" lon="39.15517"><ele>150.5</ele><time>2025-02-26T17:02:53Z</time></trkpt><trkpt lat="58.041432" lon="39.155225"><ele>150.7</ele><time>2025-02-26T17:02:55Z</time></trkpt><trkpt lat="58.04154" lon="39.155155"><ele>148.2</ele><time>2025-02-26T17:02:58Z</time></trkpt><trkpt lat="58.041595" lon="39.155055"><ele>147.9</ele><time>2025-02-26T17:03:00Z</time></trkpt><trkpt lat="58.041632" lon="39.154932"><ele>148.6</ele><time>2025-02-26T17:03:02Z</time></trkpt><trkpt lat="58.041647" lon="39.15478"><ele>149.5</ele><time>2025-02-26T17:03:04Z</time></trkpt><trkpt lat="58.041667" lon="39.154627"><ele>149.2</ele><time>2025-02-26T17:03:06Z</time></trkpt><trkpt lat="58.04168" lon="39.15447"><ele>149.1</ele><time>2025-02-26T17:03:08Z</time></trkpt><trkpt lat="58.041705" lon="39.15434"><ele>148.5</ele><time>2025-02-26T17:03:10Z</time></trkpt><trkpt lat="58.041765" lon="39.154172"><ele>147.4</ele><time>2025-02-26T17:03:13Z</time></trkpt><trkpt lat="58.041803" lon="39.15405"><ele>147.1</ele><time>2025-02-26T17:03:15Z</time></trkpt><trkpt lat="58.04185" lon="39.153945"><ele>147.7</ele><time>2025-02-26T17:03:17Z</time></trkpt><trkpt lat="58.041888" lon="39.153825"><ele>147.0</ele><time>2025-02-26T17:03:19Z</time></trkpt><trkpt lat="58.041943" lon="39.15369"><ele>146.9</ele><time>2025-02-26T17:03:21Z</time></trkpt><trkpt lat="58.041997" lon="39.15354"><ele>146.3</ele><time>2025-02-26T17:03:23Z</time></trkpt><trkpt lat="58.04205" lon="39.15339"><ele>146.6</ele><time>2025-02-26T17:03:25Z</time></trkpt><trkpt lat="58.042125" lon="39.15329"><ele>146.9</ele><time>2025-02-26T17:03:27Z</time></trkpt><trkpt lat="58.042195" lon="39.153205"><ele>147.4</ele><time>2025-02-26T17:03:29Z</time></trkpt><trkpt lat="58.042272" lon="39.15312"><ele>147.3</ele><time>2025-02-26T17:03:32Z</time></trkpt><trkpt lat="58.042312" lon="39.15299"><ele>149.5</ele><time>2025-02-26T17:03:35Z</time></trkpt><trkpt lat="58.042305" lon="39.152825"><ele>148.5</ele><time>2025-02-26T17:03:38Z</time></trkpt><trkpt lat="58.042275" lon="39.152695"><ele>148.3</ele><time>2025-02-26T17:03:40Z</time></trkpt><trkpt lat="58.042252" lon="39.152555"><ele>147.1</ele><time>2025-02-26T17:03:42Z</time></trkpt><trkpt lat="58.042217" lon="39.15242"><ele>148.0</ele><time>2025-02-26T17:03:44Z</time></trkpt><trkpt lat="58.04219" lon="39.15229"><ele>148.3</ele><time>2025-02-26T17:03:46Z</time></trkpt><trkpt lat="58.042165" lon="39.152165"><ele>147.8</ele><time>2025-02-26T17:03:48Z</time></trkpt><trkpt lat="58.042145" lon="39.152015"><ele>147.4</ele><time>2025-02-26T17:03:50Z</time></trkpt><trkpt lat="58.042117" lon="39.15188"><ele>147.2</ele><time>2025-02-26T17:03:52Z</time></trkpt><trkpt lat="58.042092" lon="39.151755"><ele>147.5</ele><time>2025-02-26T17:03:54Z</time></trkpt><trkpt lat="58.042055" lon="39.151562"><ele>148.8</ele><time>2025-02-26T17:03:57Z</time></trkpt><trkpt lat="58.042037" lon="39.15142"><ele>148.1</ele><time>2025-02-26T17:03:59Z</time></trkpt><trkpt lat="58.042015" lon="39.151217"><ele>148.7</ele><time>2025-02-26T17:04:02Z</time></trkpt><trkpt lat="58.042005" lon="39.151067"><ele>148.9</ele><time>2025-02-26T17:04:04Z</time></trkpt><trkpt lat="58.04199" lon="39.150905"><ele>149.1</ele><time>2025-02-26T17:04:06Z</time></trkpt><trkpt lat="58.04198" lon="39.150752"><ele>149.3</ele><time>2025-02-26T17:04:08Z</time></trkpt><trkpt lat="58.04196" lon="39.150612"><ele>148.8</ele><time>2025-02-26T17:04:10Z</time></trkpt><trkpt lat="58.041925" lon="39.150455"><ele>149.1</ele><time>2025-02-26T17:04:12Z</time></trkpt><trkpt lat="58.04188" lon="39.15029"><ele>148.1</ele><time>2025-02-26T17:04:14Z</time></trkpt><trkpt lat="58.04183" lon="39.15014"><ele>147.5</ele><time>2025-02-26T17:04:16Z</time></trkpt><trkpt lat="58.041802" lon="39.15001"><ele>146.9</ele><time>2025-02-26T17:04:18Z</time></trkpt><trkpt lat="58.04174" lon="39.149857"><ele>147.8</ele><time>2025-02-26T17:04:21Z</time></trkpt><trkpt lat="58.041682" lon="39.149762"><ele>146.3</ele><time>2025-02-26T17:04:24Z</time></trkpt><trkpt lat="58.041625" lon="39.14963"><ele>148.2</ele><time>2025-02-26T17:04:27Z</time></trkpt><trkpt lat="58.04155" lon="39.14952"><ele>149.5</ele><time>2025-02-26T17:04:31Z</time></trkpt><trkpt lat="58.041475" lon="39.149412"><ele>149.3</ele><time>2025-02-26T17:04:33Z</time></trkpt><trkpt lat="58.0414" lon="39.14933"><ele>149.8</ele><time>2025-02-26T17:04:36Z</time></trkpt><trkpt lat="58.041315" lon="39.149232"><ele>148.4</ele><time>2025-02-26T17:04:39Z</time></trkpt><trkpt lat="58.041225" lon="39.149125"><ele>149.1</ele><time>2025-02-26T17:04:42Z</time></trkpt><trkpt lat="58.04115" lon="39.14901"><ele>148.2</ele><time>2025-02-26T17:04:45Z</time></trkpt><trkpt lat="58.041085" lon="39.148887"><ele>149.2</ele><time>2025-02-26T17:04:48Z</time></trkpt><trkpt lat="58.04103" lon="39.14877"><ele>150.1</ele><time>2025-02-26T17:04:51Z</time></trkpt><trkpt lat="58.040972" lon="39.14864"><ele>150.2</ele><time>2025-02-26T17:04:54Z</time></trkpt><trkpt lat="58.04091" lon="39.148492"><ele>150.1</ele><time>2025-02-26T17:04:57Z</time></trkpt><trkpt lat="58.040855" lon="39.148357"><ele>149.5</ele><time>2025-02-26T17:05:00Z</time></trkpt><trkpt lat="58.0408" lon="39.1482"><ele>149.0</ele><time>2025-02-26T17:05:03Z</time></trkpt><trkpt lat="58.040755" lon="39.14808"><ele>148.2</ele><time>2025-02-26T17:05:05Z</time></trkpt><trkpt lat="58.040705" lon="39.14795"><ele>147.9</ele><time>2025-02-26T17:05:07Z</time></trkpt><trkpt lat="58.040663" lon="39.147835"><ele>148.2</ele><time>2025-02-26T17:05:09Z</time></trkpt><trkpt lat="58.040645" lon="39.14768"><ele>146.7</ele><time>2025-02-26T17:05:12Z</time></trkpt><trkpt lat="58.04062" lon="39.147503"><ele>144.9</ele><time>2025-02-26T17:05:15Z</time></trkpt><trkpt lat="58.040585" lon="39.147332"><ele>144.0</ele><time>2025-02-26T17:05:18Z</time></trkpt><trkpt lat="58.04055" lon="39.147187"><ele>144.9</ele><time>2025-02-26T17:05:21Z</time></trkpt><trkpt lat="58.04053" lon="39.14705"><ele>144.8</ele><time>2025-02-26T17:05:24Z</time></trkpt><trkpt lat="58.04049" lon="39.14689"><ele>143.9</ele><time>2025-02-26T17:05:27Z</time></trkpt><trkpt lat="58.04047" lon="39.146705"><ele>142.5</ele><time>2025-02-26T17:05:30Z</time></trkpt><trkpt lat="58.040432" lon="39.14652"><ele>143.4</ele><time>2025-02-26T17:05:33Z</time></trkpt><trkpt lat="58.040405" lon="39.146382"><ele>143.7</ele><time>2025-02-26T17:05:35Z</time></trkpt><trkpt lat="58.04038" lon="39.146225"><ele>143.9</ele><time>2025-02-26T17:05:37Z</time></trkpt><trkpt lat="58.040335" lon="39.146065"><ele>144.1</ele><time>2025-02-26T17:05:39Z</time></trkpt><trkpt lat="58.04031" lon="39.145927"><ele>144.5</ele><time>2025-02-26T17:05:41Z</time></trkpt><trkpt lat="58.040295" lon="39.14579"><ele>144.5</ele><time>2025-02-26T17:05:43Z</time></trkpt><trkpt lat="58.040277" lon="39.145615"><ele>144.0</ele><time>2025-02-26T17:05:45Z</time></trkpt><trkpt lat="58.040282" lon="39.145467"><ele>145.3</ele><time>2025-02-26T17:05:47Z</time></trkpt><trkpt lat="58.040295" lon="39.145312"><ele>146.0</ele><time>2025-02-26T17:05:49Z</time></trkpt><trkpt lat="58.04029" lon="39.145152"><ele>148.3</ele><time>2025-02-26T17:05:51Z</time></trkpt><trkpt lat="58.040305" lon="39.145003"><ele>148.4</ele><time>2025-02-26T17:05:53Z</time></trkpt><trkpt lat="58.040305" lon="39.144857"><ele>146.8</ele><time>2025-02-26T17:05:55Z</time></trkpt><trkpt lat="58.040305" lon="39.1447"><ele>147.3</ele><time>2025-02-26T17:05:57Z</time></trkpt><trkpt lat="58.040287" lon="39.144535"><ele>147.6</ele><time>2025-02-26T17:05:59Z</time></trkpt><trkpt lat="58.040282" lon="39.144375"><ele>147.8</ele><time>2025-02-26T17:06:01Z</time></trkpt><trkpt lat="58.040277" lon="39.14424"><ele>147.6</ele><time>2025-02-26T17:06:03Z</time></trkpt><trkpt lat="58.040275" lon="39.144097"><ele>146.9</ele><time>2025-02-26T17:06:05Z</time></trkpt><trkpt lat="58.040302" lon="39.143955"><ele>145.4</ele><time>2025-02-26T17:06:07Z</time></trkpt><trkpt lat="58.040325" lon="39.143815"><ele>145.0</ele><time>2025-02-26T17:06:09Z</time></trkpt><trkpt lat="58.04034" lon="39.143625"><ele>145.4</ele><time>2025-02-26T17:06:11Z</time></trkpt><trkpt lat="58.040353" lon="39.143472"><ele>143.7</ele><time>2025-02-26T17:06:13Z</time></trkpt><trkpt lat="58.04037" lon="39.1433"><ele>143.8</ele><time>2025-02-26T17:06:15Z</time></trkpt><trkpt lat="58.040387" lon="39.143095"><ele>144.4</ele><time>2025-02-26T17:06:17Z</time></trkpt><trkpt lat="58.04045" lon="39.142975"><ele>142.2</ele><time>2025-02-26T17:06:19Z</time></trkpt><trkpt lat="58.040465" lon="39.142808"><ele>141.6</ele><time>2025-02-26T17:06:21Z</time></trkpt><trkpt lat="58.040475" lon="39.14262"><ele>141.3</ele><time>2025-02-26T17:06:23Z</time></trkpt><trkpt lat="58.0405" lon="39.14249"><ele>141.4</ele><time>2025-02-26T17:06:25Z</time></trkpt><trkpt lat="58.04053" lon="39.14232"><ele>141.1</ele><time>2025-02-26T17:06:28Z</time></trkpt><trkpt lat="58.040565" lon="39.142185"><ele>141.3</ele><time>2025-02-26T17:06:30Z</time></trkpt><trkpt lat="58.04062" lon="39.142045"><ele>140.0</ele><time>2025-02-26T17:06:32Z</time></trkpt><trkpt lat="58.04068" lon="39.141925"><ele>139.3</ele><time>2025-02-26T17:06:33Z</time></trkpt><trkpt lat="58.040805" lon="39.141702"><ele>137.6</ele><time>2025-02-26T17:06:35Z</time></trkpt><trkpt lat="58.04088" lon="39.141585"><ele>137.2</ele><time>2025-02-26T17:06:36Z</time></trkpt><trkpt lat="58.04094" lon="39.141455"><ele>138.1</ele><time>2025-02-26T17:06:37Z</time></trkpt><trkpt lat="58.04101" lon="39.14134"><ele>137.3</ele><time>2025-02-26T17:06:38Z</time></trkpt><trkpt lat="58.041125" lon="39.141245"><ele>137.3</ele><time>2025-02-26T17:06:41Z</time></trkpt><trkpt lat="58.04118" lon="39.141148"><ele>134.4</ele><time>2025-02-26T17:06:45Z</time></trkpt><trkpt lat="58.041262" lon="39.14114"><ele>136.6</ele><time>2025-02-26T17:06:49Z</time></trkpt><trkpt lat="58.041357" lon="39.141115"><ele>137.7</ele><time>2025-02-26T17:06:53Z</time></trkpt><trkpt lat="58.041445" lon="39.141057"><ele>138.6</ele><time>2025-02-26T17:06:56Z</time></trkpt><trkpt lat="58.04153" lon="39.141035"><ele>138.2</ele><time>2025-02-26T17:06:59Z</time></trkpt><trkpt lat="58.041625" lon="39.141"><ele>138.0</ele><time>2025-02-26T17:07:03Z</time></trkpt><trkpt lat="58.041727" lon="39.14098"><ele>139.1</ele><time>2025-02-26T17:07:06Z</time></trkpt><trkpt lat="58.041825" lon="39.14092"><ele>138.9</ele><time>2025-02-26T17:07:09Z</time></trkpt><trkpt lat="58.041895" lon="39.14088"><ele>138.9</ele><time>2025-02-26T17:07:11Z</time></trkpt><trkpt lat="58.042" lon="39.14083"><ele>138.4</ele><time>2025-02-26T17:07:14Z</time></trkpt><trkpt lat="58.042085" lon="39.14079"><ele>139.1</ele><time>2025-02-26T17:07:16Z</time></trkpt><trkpt lat="58.042155" lon="39.14075"><ele>140.1</ele><time>2025-02-26T17:07:18Z</time></trkpt><trkpt lat="58.04224" lon="39.140682"><ele>141.2</ele><time>2025-02-26T17:07:21Z</time></trkpt><trkpt lat="58.042323" lon="39.140595"><ele>141.8</ele><time>2025-02-26T17:07:24Z</time></trkpt><trkpt lat="58.042407" lon="39.140525"><ele>142.1</ele><time>2025-02-26T17:07:27Z</time></trkpt><trkpt lat="58.042478" lon="39.14045"><ele>142.6</ele><time>2025-02-26T17:07:30Z</time></trkpt><trkpt lat="58.042545" lon="39.14038"><ele>141.5</ele><time>2025-02-26T17:07:33Z</time></trkpt><trkpt lat="58.04261" lon="39.140285"><ele>141.3</ele><time>2025-02-26T17:07:36Z</time></trkpt><trkpt lat="58.04268" lon="39.140185"><ele>140.3</ele><time>2025-02-26T17:07:39Z</time></trkpt><trkpt lat="58.04276" lon="39.140072"><ele>140.2</ele><time>2025-02-26T17:07:42Z</time></trkpt><trkpt lat="58.042825" lon="39.139975"><ele>140.0</ele><time>2025-02-26T17:07:44Z</time></trkpt><trkpt lat="58.04289" lon="39.13989"><ele>140.7</ele><time>2025-02-26T17:07:46Z</time></trkpt><trkpt lat="58.04297" lon="39.139775"><ele>139.9</ele><time>2025-02-26T17:07:49Z</time></trkpt><trkpt lat="58.043045" lon="39.139657"><ele>140.6</ele><time>2025-02-26T17:07:52Z</time></trkpt><trkpt lat="58.04311" lon="39.13954"><ele>139.9</ele><time>2025-02-26T17:07:55Z</time></trkpt><trkpt lat="58.043157" lon="39.139425"><ele>141.7</ele><time>2025-02-26T17:07:57Z</time></trkpt><trkpt lat="58.04318" lon="39.139243"><ele>140.2</ele><time>2025-02-26T17:08:00Z</time></trkpt><trkpt lat="58.043175" lon="39.139065"><ele>142.0</ele><time>2025-02-26T17:08:03Z</time></trkpt><trkpt lat="58.04315" lon="39.138935"><ele>142.5</ele><time>2025-02-26T17:08:05Z</time></trkpt><trkpt lat="58.043105" lon="39.138805"><ele>142.1</ele><time>2025-02-26T17:08:07Z</time></trkpt><trkpt lat="58.043052" lon="39.138705"><ele>141.6</ele><time>2025-02-26T17:08:09Z</time></trkpt><trkpt lat="58.043" lon="39.13861"><ele>141.9</ele><time>2025-02-26T17:08:11Z</time></trkpt><trkpt lat="58.042945" lon="39.13851"><ele>141.5</ele><time>2025-02-26T17:08:13Z</time></trkpt><trkpt lat="58.042885" lon="39.138417"><ele>141.1</ele><time>2025-02-26T17:08:15Z</time></trkpt><trkpt lat="58.042815" lon="39.138315"><ele>140.9</ele><time>2025-02-26T17:08:17Z</time></trkpt><trkpt lat="58.042715" lon="39.13822"><ele>140.2</ele><time>2025-02-26T17:08:19Z</time></trkpt><trkpt lat="58.042632" lon="39.138122"><ele>140.2</ele><time>2025-02-26T17:08:21Z</time></trkpt><trkpt lat="58.042557" lon="39.138038"><ele>138.0</ele><time>2025-02-26T17:08:24Z</time></trkpt><trkpt lat="58.04247" lon="39.137925"><ele>139.3</ele><time>2025-02-26T17:08:26Z</time></trkpt><trkpt lat="58.042387" lon="39.13785"><ele>136.5</ele><time>2025-02-26T17:08:28Z</time></trkpt><trkpt lat="58.04231" lon="39.137762"><ele>135.6</ele><time>2025-02-26T17:08:30Z</time></trkpt><trkpt lat="58.04224" lon="39.137665"><ele>135.3</ele><time>2025-02-26T17:08:32Z</time></trkpt><trkpt lat="58.042175" lon="39.137572"><ele>135.5</ele><time>2025-02-26T17:08:34Z</time></trkpt><trkpt lat="58.04211" lon="39.13749"><ele>135.9</ele><time>2025-02-26T17:08:36Z</time></trkpt><trkpt lat="58.04204" lon="39.137362"><ele>136.4</ele><time>2025-02-26T17:08:39Z</time></trkpt><trkpt lat="58.041975" lon="39.137287"><ele>138.1</ele><time>2025-02-26T17:08:41Z</time></trkpt><trkpt lat="58.041895" lon="39.137138"><ele>141.1</ele><time>2025-02-26T17:08:44Z</time></trkpt><trkpt lat="58.04184" lon="39.137037"><ele>142.0</ele><time>2025-02-26T17:08:46Z</time></trkpt><trkpt lat="58.041772" lon="39.136967"><ele>140.9</ele><time>2025-02-26T17:08:48Z</time></trkpt><trkpt lat="58.041705" lon="39.13687"><ele>141.0</ele><time>2025-02-26T17:08:50Z</time></trkpt><trkpt lat="58.041645" lon="39.136795"><ele>141.3</ele><time>2025-02-26T17:08:52Z</time></trkpt><trkpt lat="58.041585" lon="39.13671"><ele>140.5</ele><time>2025-02-26T17:08:54Z</time></trkpt><trkpt lat="58.041507" lon="39.136627"><ele>137.2</ele><time>2025-02-26T17:08:57Z</time></trkpt><trkpt lat="58.041435" lon="39.13655"><ele>137.6</ele><time>2025-02-26T17:09:00Z</time></trkpt><trkpt lat="58.04136" lon="39.136425"><ele>137.8</ele><time>2025-02-26T17:09:03Z</time></trkpt><trkpt lat="58.04129" lon="39.136335"><ele>137.7</ele><time>2025-02-26T17:09:07Z</time></trkpt><trkpt lat="58.041225" lon="39.136255"><ele>139.5</ele><time>2025-02-26T17:09:10Z</time></trkpt><trkpt lat="58.041155" lon="39.13616"><ele>141.9</ele><time>2025-02-26T17:09:13Z</time></trkpt><trkpt lat="58.041097" lon="39.13603"><ele>143.7</ele><time>2025-02-26T17:09:16Z</time></trkpt><trkpt lat="58.041042" lon="39.135895"><ele>143.4</ele><time>2025-02-26T17:09:19Z</time></trkpt><trkpt lat="58.040962" lon="39.135755"><ele>144.5</ele><time>2025-02-26T17:09:22Z</time></trkpt><trkpt lat="58.040885" lon="39.13565"><ele>144.5</ele><time>2025-02-26T17:09:25Z</time></trkpt><trkpt lat="58.04083" lon="39.135555"><ele>144.5</ele><time>2025-02-26T17:09:28Z</time></trkpt><trkpt lat="58.04077" lon="39.135465"><ele>145.7</ele><time>2025-02-26T17:09:30Z</time></trkpt><trkpt lat="58.040705" lon="39.135375"><ele>144.6</ele><time>2025-02-26T17:09:32Z</time></trkpt><trkpt lat="58.040645" lon="39.13527"><ele>144.9</ele><time>2025-02-26T17:09:35Z</time></trkpt><trkpt lat="58.04057" lon="39.13521"><ele>144.7</ele><time>2025-02-26T17:09:37Z</time></trkpt><trkpt lat="58.040495" lon="39.135148"><ele>142.3</ele><time>2025-02-26T17:09:38Z</time></trkpt><trkpt lat="58.040417" lon="39.135077"><ele>145.2</ele><time>2025-02-26T17:09:41Z</time></trkpt><trkpt lat="58.04034" lon="39.13499"><ele>145.9</ele><time>2025-02-26T17:09:44Z</time></trkpt><trkpt lat="58.04026" lon="39.134917"><ele>144.4</ele><time>2025-02-26T17:09:47Z</time></trkpt><trkpt lat="58.04017" lon="39.13483"><ele>143.2</ele><time>2025-02-26T17:09:50Z</time></trkpt><trkpt lat="58.040107" lon="39.134765"><ele>142.2</ele><time>2025-02-26T17:09:52Z</time></trkpt><trkpt lat="58.040025" lon="39.134682"><ele>141.5</ele><time>2025-02-26T17:09:55Z</time></trkpt><trkpt lat="58.03993" lon="39.1346"><ele>139.8</ele><time>2025-02-26T17:09:58Z</time></trkpt><trkpt lat="58.039855" lon="39.13456"><ele>141.6</ele><time>2025-02-26T17:10:00Z</time></trkpt><trkpt lat="58.03978" lon="39.134515"><ele>140.4</ele><time>2025-02-26T17:10:02Z</time></trkpt><trkpt lat="58.039702" lon="39.134465"><ele>139.0</ele><time>2025-02-26T17:10:04Z</time></trkpt><trkpt lat="58.039625" lon="39.134437"><ele>138.1</ele><time>2025-02-26T17:10:06Z</time></trkpt><trkpt lat="58.039527" lon="39.134425"><ele>137.3</ele><time>2025-02-26T17:10:09Z</time></trkpt><trkpt lat="58.039435" lon="39.13445"><ele>139.1</ele><time>2025-02-26T17:10:11Z</time></trkpt><trkpt lat="58.03933" lon="39.13444"><ele>139.6</ele><time>2025-02-26T17:10:13Z</time></trkpt><trkpt lat="58.03922" lon="39.13446"><ele>140.8</ele><time>2025-02-26T17:10:16Z</time></trkpt><trkpt lat="58.039142" lon="39.134455"><ele>139.8</ele><time>2025-02-26T17:10:18Z</time></trkpt><trkpt lat="58.03906" lon="39.13444"><ele>139.3</ele><time>2025-02-26T17:10:20Z</time></trkpt><trkpt lat="58.038975" lon="39.134407"><ele>139.2</ele><time>2025-02-26T17:10:22Z</time></trkpt><trkpt lat="58.038895" lon="39.134375"><ele>139.8</ele><time>2025-02-26T17:10:24Z</time></trkpt><trkpt lat="58.038817" lon="39.13434"><ele>137.9</ele><time>2025-02-26T17:10:26Z</time></trkpt><trkpt lat="58.038735" lon="39.134285"><ele>137.1</ele><time>2025-02-26T17:10:28Z</time></trkpt><trkpt lat="58.03865" lon="39.13425"><ele>137.0</ele><time>2025-02-26T17:10:30Z</time></trkpt><trkpt lat="58.038572" lon="39.134205"><ele>136.5</ele><time>2025-02-26T17:10:32Z</time></trkpt><trkpt lat="58.03849" lon="39.134175"><ele>136.6</ele><time>2025-02-26T17:10:34Z</time></trkpt><trkpt lat="58.03841" lon="39.13418"><ele>135.9</ele><time>2025-02-26T17:10:36Z</time></trkpt><trkpt lat="58.038312" lon="39.13416"><ele>137.4</ele><time>2025-02-26T17:10:38Z</time></trkpt><trkpt lat="58.038238" lon="39.13416"><ele>138.2</ele><time>2025-02-26T17:10:40Z</time></trkpt><trkpt lat="58.038165" lon="39.134155"><ele>138.7</ele><time>2025-02-26T17:10:42Z</time></trkpt><trkpt lat="58.038087" lon="39.134152"><ele>138.4</ele><time>2025-02-26T17:10:44Z</time></trkpt><trkpt lat="58.038" lon="39.134168"><ele>138.4</ele><time>2025-02-26T17:10:46Z</time></trkpt><trkpt lat="58.037915" lon="39.134205"><ele>137.6</ele><time>2025-02-26T17:10:49Z</time></trkpt><trkpt lat="58.037845" lon="39.13423"><ele>137.8</ele><time>2025-02-26T17:10:51Z</time></trkpt><trkpt lat="58.037735" lon="39.134265"><ele>137.2</ele><time>2025-02-26T17:10:54Z</time></trkpt><trkpt lat="58.037632" lon="39.134277"><ele>137.7</ele><time>2025-02-26T17:10:57Z</time></trkpt><trkpt lat="58.037553" lon="39.1343"><ele>137.6</ele><time>2025-02-26T17:10:59Z</time></trkpt><trkpt lat="58.037455" lon="39.134315"><ele>137.3</ele><time>2025-02-26T17:11:01Z</time></trkpt><trkpt lat="58.037365" lon="39.134332"><ele>137.3</ele><time>2025-02-26T17:11:03Z</time></trkpt><trkpt lat="58.03727" lon="39.134365"><ele>137.8</ele><time>2025-02-26T17:11:05Z</time></trkpt><trkpt lat="58.037188" lon="39.13437"><ele>137.5</ele><time>2025-02-26T17:11:07Z</time></trkpt><trkpt lat="58.0371" lon="39.134385"><ele>137.8</ele><time>2025-02-26T17:11:09Z</time></trkpt><trkpt lat="58.03701" lon="39.1344"><ele>136.9</ele><time>2025-02-26T17:11:11Z</time></trkpt><trkpt lat="58.03693" lon="39.134405"><ele>137.6</ele><time>2025-02-26T17:11:13Z</time></trkpt><trkpt lat="58.036847" lon="39.13442"><ele>138.5</ele><time>2025-02-26T17:11:15Z</time></trkpt><trkpt lat="58.036765" lon="39.13442"><ele>138.1</ele><time>2025-02-26T17:11:17Z</time></trkpt><trkpt lat="58.03668" lon="39.134455"><ele>137.7</ele><time>2025-02-26T17:11:19Z</time></trkpt><trkpt lat="58.036605" lon="39.13449"><ele>137.6</ele><time>2025-02-26T17:11:21Z</time></trkpt><trkpt lat="58.036515" lon="39.134505"><ele>137.2</ele><time>2025-02-26T17:11:23Z</time></trkpt><trkpt lat="58.036435" lon="39.13453"><ele>137.2</ele><time>2025-02-26T17:11:25Z</time></trkpt><trkpt lat="58.036355" lon="39.134535"><ele>136.5</ele><time>2025-02-26T17:11:27Z</time></trkpt><trkpt lat="58.036272" lon="39.13453"><ele>135.3</ele><time>2025-02-26T17:11:29Z</time></trkpt><trkpt lat="58.036197" lon="39.134555"><ele>136.7</ele><time>2025-02-26T17:11:31Z</time></trkpt><trkpt lat="58.036122" lon="39.134563"><ele>137.4</ele><time>2025-02-26T17:11:33Z</time></trkpt><trkpt lat="58.036045" lon="39.13457"><ele>137.0</ele><time>2025-02-26T17:11:35Z</time></trkpt><trkpt lat="58.03597" lon="39.134582"><ele>138.1</ele><time>2025-02-26T17:11:37Z</time></trkpt><trkpt lat="58.03586" lon="39.1346"><ele>137.3</ele><time>2025-02-26T17:11:40Z</time></trkpt><trkpt lat="58.035775" lon="39.13461"><ele>137.5</ele><time>2025-02-26T17:11:42Z</time></trkpt><trkpt lat="58.035695" lon="39.134625"><ele>136.9</ele><time>2025-02-26T17:11:44Z</time></trkpt><trkpt lat="58.03561" lon="39.134645"><ele>137.0</ele><time>2025-02-26T17:11:46Z</time></trkpt><trkpt lat="58.03553" lon="39.134632"><ele>138.0</ele><time>2025-02-26T17:11:48Z</time></trkpt><trkpt lat="58.035435" lon="39.13464"><ele>137.1</ele><time>2025-02-26T17:11:50Z</time></trkpt><trkpt lat="58.035345" lon="39.134632"><ele>137.3</ele><time>2025-02-26T17:11:52Z</time></trkpt><trkpt lat="58.035275" lon="39.134645"><ele>137.5</ele><time>2025-02-26T17:11:54Z</time></trkpt><trkpt lat="58.03519" lon="39.134655"><ele>136.8</ele><time>2025-02-26T17:11:56Z</time></trkpt><trkpt lat="58.035112" lon="39.134657"><ele>136.8</ele><time>2025-02-26T17:11:58Z</time></trkpt><trkpt lat="58.035027" lon="39.13465"><ele>136.1</ele><time>2025-02-26T17:12:00Z</time></trkpt><trkpt lat="58.03495" lon="39.134615"><ele>137.0</ele><time>2025-02-26T17:12:02Z</time></trkpt><trkpt lat="58.03487" lon="39.134547"><ele>137.3</ele><time>2025-02-26T17:12:05Z</time></trkpt><trkpt lat="58.034795" lon="39.13446"><ele>137.0</ele><time>2025-02-26T17:12:08Z</time></trkpt><trkpt lat="58.034752" lon="39.134295"><ele>138.1</ele><time>2025-02-26T17:12:11Z</time></trkpt><trkpt lat="58.034747" lon="39.13416"><ele>139.0</ele><time>2025-02-26T17:12:13Z</time></trkpt><trkpt lat="58.03475" lon="39.133977"><ele>138.5</ele><time>2025-02-26T17:12:16Z</time></trkpt><trkpt lat="58.03476" lon="39.133775"><ele>138.2</ele><time>2025-02-26T17:12:19Z</time></trkpt><trkpt lat="58.034795" lon="39.13362"><ele>138.3</ele><time>2025-02-26T17:12:21Z</time></trkpt><trkpt lat="58.03483" lon="39.133465"><ele>139.2</ele><time>2025-02-26T17:12:23Z</time></trkpt><trkpt lat="58.034875" lon="39.133315"><ele>140.3</ele><time>2025-02-26T17:12:25Z</time></trkpt><trkpt lat="58.034907" lon="39.133165"><ele>140.6</ele><time>2025-02-26T17:12:27Z</time></trkpt><trkpt lat="58.034945" lon="39.133"><ele>141.1</ele><time>2025-02-26T17:12:29Z</time></trkpt><trkpt lat="58.034972" lon="39.132847"><ele>141.3</ele><time>2025-02-26T17:12:31Z</time></trkpt><trkpt lat="58.03501" lon="39.132715"><ele>141.6</ele><time>2025-02-26T17:12:33Z</time></trkpt><trkpt lat="58.03504" lon="39.132578"><ele>141.0</ele><time>2025-02-26T17:12:35Z</time></trkpt><trkpt lat="58.035067" lon="39.132442"><ele>142.0</ele><time>2025-02-26T17:12:37Z</time></trkpt><trkpt lat="58.035097" lon="39.132315"><ele>142.6</ele><time>2025-02-26T17:12:39Z</time></trkpt><trkpt lat="58.035125" lon="39.132185"><ele>143.1</ele><time>2025-02-26T17:12:41Z</time></trkpt><trkpt lat="58.03517" lon="39.132"><ele>142.4</ele><time>2025-02-26T17:12:44Z</time></trkpt><trkpt lat="58.03521" lon="39.131825"><ele>142.2</ele><time>2025-02-26T17:12:47Z</time></trkpt><trkpt lat="58.03525" lon="39.13164"><ele>143.7</ele><time>2025-02-26T17:12:50Z</time></trkpt><trkpt lat="58.035285" lon="39.131487"><ele>143.5</ele><time>2025-02-26T17:12:52Z</time></trkpt><trkpt lat="58.035327" lon="39.131345"><ele>143.0</ele><time>2025-02-26T17:12:54Z</time></trkpt><trkpt lat="58.035362" lon="39.13119"><ele>143.3</ele><time>2025-02-26T17:12:56Z</time></trkpt><trkpt lat="58.035405" lon="39.131055"><ele>142.8</ele><time>2025-02-26T17:12:58Z</time></trkpt><trkpt lat="58.035435" lon="39.1309"><ele>143.0</ele><time>2025-02-26T17:13:00Z</time></trkpt><trkpt lat="58.03547" lon="39.13084"><ele>144.7</ele><time>2025-02-26T17:13:07Z</time></trkpt><trkpt lat="58.0355" lon="39.130715"><ele>145.7</ele><time>2025-02-26T17:13:13Z</time></trkpt><trkpt lat="58.035522" lon="39.130535"><ele>144.7</ele><time>2025-02-26T17:13:17Z</time></trkpt><trkpt lat="58.03557" lon="39.130355"><ele>144.5</ele><time>2025-02-26T17:13:20Z</time></trkpt><trkpt lat="58.035597" lon="39.130227"><ele>144.2</ele><time>2025-02-26T17:13:22Z</time></trkpt><trkpt lat="58.035615" lon="39.130025"><ele>143.4</ele><time>2025-02-26T17:13:25Z</time></trkpt><trkpt lat="58.035615" lon="39.12987"><ele>143.2</ele><time>2025-02-26T17:13:27Z</time></trkpt><trkpt lat="58.03561" lon="39.129715"><ele>141.6</ele><time>2025-02-26T17:13:29Z</time></trkpt><trkpt lat="58.035625" lon="39.129572"><ele>143.1</ele><time>2025-02-26T17:13:31Z</time></trkpt><trkpt lat="58.03564" lon="39.129437"><ele>142.5</ele><time>2025-02-26T17:13:33Z</time></trkpt><trkpt lat="58.035675" lon="39.129265"><ele>141.8</ele><time>2025-02-26T17:13:36Z</time></trkpt><trkpt lat="58.035715" lon="39.129115"><ele>142.0</ele><time>2025-02-26T17:13:39Z</time></trkpt><trkpt lat="58.035738" lon="39.128925"><ele>141.6</ele><time>2025-02-26T17:13:42Z</time></trkpt><trkpt lat="58.035762" lon="39.12878"><ele>141.9</ele><time>2025-02-26T17:13:44Z</time></trkpt><trkpt lat="58.035805" lon="39.128605"><ele>142.0</ele><time>2025-02-26T17:13:47Z</time></trkpt><trkpt lat="58.03587" lon="39.12844"><ele>142.5</ele><time>2025-02-26T17:13:50Z</time></trkpt><trkpt lat="58.0359" lon="39.128312"><ele>141.2</ele><time>2025-02-26T17:13:52Z</time></trkpt><trkpt lat="58.03594" lon="39.128187"><ele>140.7</ele><time>2025-02-26T17:13:54Z</time></trkpt><trkpt lat="58.03598" lon="39.128055"><ele>140.5</ele><time>2025-02-26T17:13:56Z</time></trkpt><trkpt lat="58.03603" lon="39.127925"><ele>141.5</ele><time>2025-02-26T17:13:58Z</time></trkpt><trkpt lat="58.03608" lon="39.127825"><ele>141.4</ele><time>2025-02-26T17:14:00Z</time></trkpt><trkpt lat="58.03617" lon="39.127755"><ele>141.2</ele><time>2025-02-26T17:14:03Z</time></trkpt><trkpt lat="58.03625" lon="39.127738"><ele>141.3</ele><time>2025-02-26T17:14:06Z</time></trkpt><trkpt lat="58.03633" lon="39.127737"><ele>141.3</ele><time>2025-02-26T17:14:09Z</time></trkpt><trkpt lat="58.036412" lon="39.127732"><ele>142.2</ele><time>2025-02-26T17:14:11Z</time></trkpt><trkpt lat="58.036498" lon="39.127717"><ele>139.9</ele><time>2025-02-26T17:14:14Z</time></trkpt><trkpt lat="58.03659" lon="39.127648"><ele>139.4</ele><time>2025-02-26T17:14:17Z</time></trkpt><trkpt lat="58.03666" lon="39.127525"><ele>138.4</ele><time>2025-02-26T17:14:20Z</time></trkpt><trkpt lat="58.036735" lon="39.127385"><ele>137.9</ele><time>2025-02-26T17:14:23Z</time></trkpt><trkpt lat="58.03678" lon="39.127267"><ele>137.5</ele><time>2025-02-26T17:14:25Z</time></trkpt><trkpt lat="58.036832" lon="39.127165"><ele>137.9</ele><time>2025-02-26T17:14:27Z</time></trkpt><trkpt lat="58.036877" lon="39.127055"><ele>137.9</ele><time>2025-02-26T17:14:29Z</time></trkpt><trkpt lat="58.03693" lon="39.12695"><ele>138.6</ele><time>2025-02-26T17:14:31Z</time></trkpt><trkpt lat="58.036995" lon="39.126835"><ele>141.2</ele><time>2025-02-26T17:14:33Z</time></trkpt><trkpt lat="58.037055" lon="39.12666"><ele>141.8</ele><time>2025-02-26T17:14:36Z</time></trkpt><trkpt lat="58.03711" lon="39.126545"><ele>142.3</ele><time>2025-02-26T17:14:38Z</time></trkpt><trkpt lat="58.03715" lon="39.12642"><ele>143.1</ele><time>2025-02-26T17:14:40Z</time></trkpt><trkpt lat="58.037195" lon="39.126297"><ele>143.5</ele><time>2025-02-26T17:14:42Z</time></trkpt><trkpt lat="58.037247" lon="39.12619"><ele>144.0</ele><time>2025-02-26T17:14:44Z</time></trkpt><trkpt lat="58.0373" lon="39.12608"><ele>143.5</ele><time>2025-02-26T17:14:46Z</time></trkpt><trkpt lat="58.037342" lon="39.125972"><ele>142.7</ele><time>2025-02-26T17:14:48Z</time></trkpt><trkpt lat="58.037405" lon="39.12582"><ele>143.5</ele><time>2025-02-26T17:14:51Z</time></trkpt><trkpt lat="58.037465" lon="39.12565"><ele>143.5</ele><time>2025-02-26T17:14:54Z</time></trkpt><trkpt lat="58.03749" lon="39.125517"><ele>141.3</ele><time>2025-02-26T17:14:56Z</time></trkpt><trkpt lat="58.037517" lon="39.125372"><ele>140.7</ele><time>2025-02-26T17:14:58Z</time></trkpt><trkpt lat="58.037552" lon="39.12523"><ele>140.8</ele><time>2025-02-26T17:15:00Z</time></trkpt><trkpt lat="58.037595" lon="39.125078"><ele>141.6</ele><time>2025-02-26T17:15:02Z</time></trkpt><trkpt lat="58.037622" lon="39.12493"><ele>141.6</ele><time>2025-02-26T17:15:04Z</time></trkpt><trkpt lat="58.037655" lon="39.124805"><ele>141.6</ele><time>2025-02-26T17:15:06Z</time></trkpt><trkpt lat="58.03769" lon="39.12468"><ele>141.8</ele><time>2025-02-26T17:15:08Z</time></trkpt><trkpt lat="58.037715" lon="39.12455"><ele>141.1</ele><time>2025-02-26T17:15:10Z</time></trkpt><trkpt lat="58.037735" lon="39.12442"><ele>140.5</ele><time>2025-02-26T17:15:12Z</time></trkpt><trkpt lat="58.03776" lon="39.124285"><ele>141.0</ele><time>2025-02-26T17:15:14Z</time></trkpt><trkpt lat="58.037785" lon="39.12414"><ele>140.3</ele><time>2025-02-26T17:15:16Z</time></trkpt><trkpt lat="58.037805" lon="39.12399"><ele>140.4</ele><time>2025-02-26T17:15:18Z</time></trkpt><trkpt lat="58.03781" lon="39.123783"><ele>139.7</ele><time>2025-02-26T17:15:21Z</time></trkpt><trkpt lat="58.0378" lon="39.12363"><ele>140.0</ele><time>2025-02-26T17:15:23Z</time></trkpt><trkpt lat="58.037777" lon="39.123485"><ele>139.0</ele><time>2025-02-26T17:15:25Z</time></trkpt><trkpt lat="58.03774" lon="39.123375"><ele>139.1</ele><time>2025-02-26T17:15:27Z</time></trkpt><trkpt lat="58.03768" lon="39.12324"><ele>137.7</ele><time>2025-02-26T17:15:30Z</time></trkpt><trkpt lat="58.037622" lon="39.123085"><ele>137.5</ele><time>2025-02-26T17:15:33Z</time></trkpt><trkpt lat="58.03758" lon="39.122967"><ele>137.1</ele><time>2025-02-26T17:15:35Z</time></trkpt><trkpt lat="58.03753" lon="39.122845"><ele>136.9</ele><time>2025-02-26T17:15:37Z</time></trkpt><trkpt lat="58.03749" lon="39.12267"><ele>139.0</ele><time>2025-02-26T17:15:39Z</time></trkpt><trkpt lat="58.037465" lon="39.122522"><ele>138.2</ele><time>2025-02-26T17:15:41Z</time></trkpt><trkpt lat="58.037435" lon="39.122325"><ele>139.5</ele><time>2025-02-26T17:15:44Z</time></trkpt><trkpt lat="58.037425" lon="39.122187"><ele>139.8</ele><time>2025-02-26T17:15:46Z</time></trkpt><trkpt lat="58.037412" lon="39.122045"><ele>139.1</ele><time>2025-02-26T17:15:48Z</time></trkpt><trkpt lat="58.037377" lon="39.12188"><ele>139.0</ele><time>2025-02-26T17:15:51Z</time></trkpt><trkpt lat="58.03732" lon="39.121785"><ele>138.3</ele><time>2025-02-26T17:15:54Z</time></trkpt><trkpt lat="58.037252" lon="39.121722"><ele>137.8</ele><time>2025-02-26T17:15:58Z</time></trkpt><trkpt lat="58.03716" lon="39.121743"><ele>138.2</ele><time>2025-02-26T17:16:01Z</time></trkpt><trkpt lat="58.037065" lon="39.12175"><ele>136.9</ele><time>2025-02-26T17:16:04Z</time></trkpt><trkpt lat="58.036962" lon="39.121737"><ele>135.2</ele><time>2025-02-26T17:16:07Z</time></trkpt><trkpt lat="58.036877" lon="39.121738"><ele>135.2</ele><time>2025-02-26T17:16:09Z</time></trkpt><trkpt lat="58.036785" lon="39.121727"><ele>134.7</ele><time>2025-02-26T17:16:11Z</time></trkpt><trkpt lat="58.036695" lon="39.121742"><ele>134.5</ele><time>2025-02-26T17:16:13Z</time></trkpt><trkpt lat="58.036615" lon="39.121765"><ele>134.5</ele><time>2025-02-26T17:16:15Z</time></trkpt><trkpt lat="58.03653" lon="39.121765"><ele>134.5</ele><time>2025-02-26T17:16:18Z</time></trkpt><trkpt lat="58.03645" lon="39.121705"><ele>134.0</ele><time>2025-02-26T17:16:22Z</time></trkpt><trkpt lat="58.03638" lon="39.12166"><ele>134.6</ele><time>2025-02-26T17:16:25Z</time></trkpt><trkpt lat="58.036295" lon="39.121587"><ele>135.0</ele><time>2025-02-26T17:16:28Z</time></trkpt><trkpt lat="58.03621" lon="39.1215"><ele>134.5</ele><time>2025-02-26T17:16:31Z</time></trkpt><trkpt lat="58.03616" lon="39.12139"><ele>135.2</ele><time>2025-02-26T17:16:34Z</time></trkpt><trkpt lat="58.03615" lon="39.121362"><ele>134.7</ele><time>2025-02-26T17:16:41Z</time></trkpt><trkpt lat="58.03607" lon="39.121287"><ele>131.7</ele><time>2025-02-26T17:16:53Z</time></trkpt><trkpt lat="58.035985" lon="39.1212"><ele>130.4</ele><time>2025-02-26T17:16:56Z</time></trkpt><trkpt lat="58.0359" lon="39.121095"><ele>129.4</ele><time>2025-02-26T17:16:58Z</time></trkpt><trkpt lat="58.035812" lon="39.120935"><ele>128.0</ele><time>2025-02-26T17:17:00Z</time></trkpt><trkpt lat="58.035715" lon="39.120757"><ele>127.2</ele><time>2025-02-26T17:17:02Z</time></trkpt><trkpt lat="58.03564" lon="39.120665"><ele>125.9</ele><time>2025-02-26T17:17:03Z</time></trkpt><trkpt lat="58.035565" lon="39.120555"><ele>124.3</ele><time>2025-02-26T17:17:04Z</time></trkpt><trkpt lat="58.03548" lon="39.120447"><ele>123.2</ele><time>2025-02-26T17:17:05Z</time></trkpt><trkpt lat="58.03539" lon="39.12034"><ele>120.6</ele><time>2025-02-26T17:17:06Z</time></trkpt><trkpt lat="58.0353" lon="39.120212"><ele>119.7</ele><time>2025-02-26T17:17:07Z</time></trkpt><trkpt lat="58.035202" lon="39.120083"><ele>117.9</ele><time>2025-02-26T17:17:08Z</time></trkpt><trkpt lat="58.035095" lon="39.11997"><ele>116.8</ele><time>2025-02-26T17:17:09Z</time></trkpt><trkpt lat="58.034992" lon="39.119842"><ele>115.7</ele><time>2025-02-26T17:17:10Z</time></trkpt><trkpt lat="58.03488" lon="39.119727"><ele>113.8</ele><time>2025-02-26T17:17:11Z</time></trkpt><trkpt lat="58.03477" lon="39.119617"><ele>111.6</ele><time>2025-02-26T17:17:12Z</time></trkpt><trkpt lat="58.034665" lon="39.1195"><ele>110.4</ele><time>2025-02-26T17:17:13Z</time></trkpt><trkpt lat="58.03456" lon="39.11939"><ele>109.8</ele><time>2025-02-26T17:17:14Z</time></trkpt><trkpt lat="58.034465" lon="39.11929"><ele>109.0</ele><time>2025-02-26T17:17:15Z</time></trkpt><trkpt lat="58.034365" lon="39.11918"><ele>108.7</ele><time>2025-02-26T17:17:16Z</time></trkpt><trkpt lat="58.034267" lon="39.11908"><ele>107.8</ele><time>2025-02-26T17:17:17Z</time></trkpt><trkpt lat="58.03418" lon="39.118975"><ele>108.5</ele><time>2025-02-26T17:17:18Z</time></trkpt><trkpt lat="58.0341" lon="39.11888"><ele>108.3</ele><time>2025-02-26T17:17:19Z</time></trkpt><trkpt lat="58.034025" lon="39.118775"><ele>107.8</ele><time>2025-02-26T17:17:20Z</time></trkpt><trkpt lat="58.03395" lon="39.118665"><ele>107.3</ele><time>2025-02-26T17:17:21Z</time></trkpt><trkpt lat="58.033885" lon="39.11856"><ele>107.7</ele><time>2025-02-26T17:17:22Z</time></trkpt><trkpt lat="58.033835" lon="39.118465"><ele>107.9</ele><time>2025-02-26T17:17:23Z</time></trkpt><trkpt lat="58.033775" lon="39.1183"><ele>107.8</ele><time>2025-02-26T17:17:25Z</time></trkpt><trkpt lat="58.033755" lon="39.11817"><ele>107.9</ele><time>2025-02-26T17:17:27Z</time></trkpt><trkpt lat="58.033737" lon="39.118"><ele>108.6</ele><time>2025-02-26T17:17:30Z</time></trkpt><trkpt lat="58.033752" lon="39.11783"><ele>109.1</ele><time>2025-02-26T17:17:33Z</time></trkpt><trkpt lat="58.033777" lon="39.1177"><ele>109.0</ele><time>2025-02-26T17:17:35Z</time></trkpt><trkpt lat="58.03382" lon="39.11756"><ele>109.6</ele><time>2025-02-26T17:17:37Z</time></trkpt><trkpt lat="58.033895" lon="39.117417"><ele>109.7</ele><time>2025-02-26T17:17:39Z</time></trkpt><trkpt lat="58.033965" lon="39.117285"><ele>107.2</ele><time>2025-02-26T17:17:41Z</time></trkpt><trkpt lat="58.034047" lon="39.117167"><ele>106.3</ele><time>2025-02-26T17:17:43Z</time></trkpt><trkpt lat="58.034135" lon="39.11709"><ele>105.5</ele><time>2025-02-26T17:17:45Z</time></trkpt><trkpt lat="58.034217" lon="39.11704"><ele>105.1</ele><time>2025-02-26T17:17:47Z</time></trkpt><trkpt lat="58.034295" lon="39.117027"><ele>104.3</ele><time>2025-02-26T17:17:49Z</time></trkpt><trkpt lat="58.034367" lon="39.117027"><ele>105.0</ele><time>2025-02-26T17:17:51Z</time></trkpt><trkpt lat="58.034462" lon="39.11703"><ele>104.1</ele><time>2025-02-26T17:17:54Z</time></trkpt><trkpt lat="58.034565" lon="39.11709"><ele>104.7</ele><time>2025-02-26T17:17:57Z</time></trkpt><trkpt lat="58.034655" lon="39.11712"><ele>102.9</ele><time>2025-02-26T17:17:59Z</time></trkpt><trkpt lat="58.03475" lon="39.117155"><ele>101.5</ele><time>2025-02-26T17:18:01Z</time></trkpt><trkpt lat="58.034845" lon="39.11723"><ele>99.7</ele><time>2025-02-26T17:18:03Z</time></trkpt><trkpt lat="58.034955" lon="39.117375"><ele>100.5</ele><time>2025-02-26T17:18:05Z</time></trkpt><trkpt lat="58.035015" lon="39.117465"><ele>99.9</ele><time>2025-02-26T17:18:06Z</time></trkpt><trkpt lat="58.035075" lon="39.117555"><ele>99.4</ele><time>2025-02-26T17:18:07Z</time></trkpt><trkpt lat="58.03514" lon="39.117655"><ele>99.0</ele><time>2025-02-26T17:18:08Z</time></trkpt><trkpt lat="58.035198" lon="39.117732"><ele>99.0</ele><time>2025-02-26T17:18:09Z</time></trkpt><trkpt lat="58.03528" lon="39.117815"><ele>96.8</ele><time>2025-02-26T17:18:11Z</time></trkpt><trkpt lat="58.03535" lon="39.117947"><ele>100.7</ele><time>2025-02-26T17:18:24Z</time></trkpt><trkpt lat="58.035425" lon="39.117985"><ele>101.0</ele><time>2025-02-26T17:18:29Z</time></trkpt><trkpt lat="58.035425" lon="39.11797"><ele>100.4</ele><time>2025-02-26T17:18:47Z</time></trkpt><trkpt lat="58.03549" lon="39.11807"><ele>99.2</ele><time>2025-02-26T17:18:55Z</time></trkpt><trkpt lat="58.035555" lon="39.11817"><ele>101.7</ele><time>2025-02-26T17:19:00Z</time></trkpt><trkpt lat="58.03563" lon="39.118272"><ele>102.2</ele><time>2025-02-26T17:19:05Z</time></trkpt><trkpt lat="58.035705" lon="39.118365"><ele>101.8</ele><time>2025-02-26T17:19:10Z</time></trkpt><trkpt lat="58.03578" lon="39.11845"><ele>99.0</ele><time>2025-02-26T17:19:15Z</time></trkpt><trkpt lat="58.03586" lon="39.11856"><ele>96.5</ele><time>2025-02-26T17:19:18Z</time></trkpt><trkpt lat="58.03595" lon="39.118645"><ele>97.9</ele><time>2025-02-26T17:19:21Z</time></trkpt><trkpt lat="58.036032" lon="39.118725"><ele>97.6</ele><time>2025-02-26T17:19:24Z</time></trkpt><trkpt lat="58.03611" lon="39.118825"><ele>97.4</ele><time>2025-02-26T17:19:27Z</time></trkpt><trkpt lat="58.03618" lon="39.118935"><ele>97.3</ele><time>2025-02-26T17:19:30Z</time></trkpt><trkpt lat="58.036245" lon="39.11902"><ele>97.3</ele><time>2025-02-26T17:19:33Z</time></trkpt><trkpt lat="58.03631" lon="39.119097"><ele>98.0</ele><time>2025-02-26T17:19:36Z</time></trkpt><trkpt lat="58.036375" lon="39.119175"><ele>98.5</ele><time>2025-02-26T17:19:39Z</time></trkpt><trkpt lat="58.036445" lon="39.119225"><ele>99.3</ele><time>2025-02-26T17:19:43Z</time></trkpt><trkpt lat="58.036515" lon="39.11923"><ele>100.9</ele><time>2025-02-26T17:19:47Z</time></trkpt><trkpt lat="58.036605" lon="39.119215"><ele>102.8</ele><time>2025-02-26T17:19:51Z</time></trkpt><trkpt lat="58.03668" lon="39.11921"><ele>103.5</ele><time>2025-02-26T17:19:54Z</time></trkpt><trkpt lat="58.03676" lon="39.119168"><ele>105.4</ele><time>2025-02-26T17:19:58Z</time></trkpt><trkpt lat="58.03685" lon="39.11913"><ele>106.5</ele><time>2025-02-26T17:20:02Z</time></trkpt><trkpt lat="58.03693" lon="39.119095"><ele>106.8</ele><time>2025-02-26T17:20:06Z</time></trkpt><trkpt lat="58.037" lon="39.119057"><ele>107.6</ele><time>2025-02-26T17:20:11Z</time></trkpt><trkpt lat="58.03707" lon="39.119002"><ele>105.7</ele><time>2025-02-26T17:20:15Z</time></trkpt><trkpt lat="58.037152" lon="39.118935"><ele>105.8</ele><time>2025-02-26T17:20:19Z</time></trkpt><trkpt lat="58.03721" lon="39.11885"><ele>107.1</ele><time>2025-02-26T17:20:22Z</time></trkpt><trkpt lat="58.03727" lon="39.118722"><ele>107.0</ele><time>2025-02-26T17:20:25Z</time></trkpt><trkpt lat="58.037315" lon="39.1186"><ele>106.6</ele><time>2025-02-26T17:20:27Z</time></trkpt><trkpt lat="58.037355" lon="39.118442"><ele>106.5</ele><time>2025-02-26T17:20:29Z</time></trkpt><trkpt lat="58.037397" lon="39.118265"><ele>105.8</ele><time>2025-02-26T17:20:31Z</time></trkpt><trkpt lat="58.037445" lon="39.118085"><ele>104.8</ele><time>2025-02-26T17:20:33Z</time></trkpt><trkpt lat="58.037495" lon="39.117915"><ele>104.2</ele><time>2025-02-26T17:20:35Z</time></trkpt><trkpt lat="58.03755" lon="39.11775"><ele>103.3</ele><time>2025-02-26T17:20:37Z</time></trkpt><trkpt lat="58.03761" lon="39.11761"><ele>103.5</ele><time>2025-02-26T17:20:39Z</time></trkpt><trkpt lat="58.037685" lon="39.11749"><ele>102.3</ele><time>2025-02-26T17:20:42Z</time></trkpt><trkpt lat="58.037775" lon="39.11739"><ele>102.1</ele><time>2025-02-26T17:20:45Z</time></trkpt><trkpt lat="58.037858" lon="39.117285"><ele>101.6</ele><time>2025-02-26T17:20:48Z</time></trkpt><trkpt lat="58.037955" lon="39.11719"><ele>101.8</ele><time>2025-02-26T17:20:51Z</time></trkpt><trkpt lat="58.03804" lon="39.117105"><ele>103.4</ele><time>2025-02-26T17:20:54Z</time></trkpt><trkpt lat="58.03813" lon="39.117012"><ele>102.8</ele><time>2025-02-26T17:20:57Z</time></trkpt><trkpt lat="58.03822" lon="39.116907"><ele>101.9</ele><time>2025-02-26T17:21:00Z</time></trkpt><trkpt lat="58.03828" lon="39.116832"><ele>102.0</ele><time>2025-02-26T17:21:02Z</time></trkpt><trkpt lat="58.03836" lon="39.11672"><ele>102.4</ele><time>2025-02-26T17:21:05Z</time></trkpt><trkpt lat="58.038432" lon="39.11661"><ele>103.1</ele><time>2025-02-26T17:21:08Z</time></trkpt><trkpt lat="58.038495" lon="39.116485"><ele>104.2</ele><time>2025-02-26T17:21:11Z</time></trkpt><trkpt lat="58.038542" lon="39.116355"><ele>104.6</ele><time>2025-02-26T17:21:14Z</time></trkpt><trkpt lat="58.03855" lon="39.11616"><ele>105.7</ele><time>2025-02-26T17:21:17Z</time></trkpt><trkpt lat="58.038565" lon="39.116025"><ele>105.6</ele><time>2025-02-26T17:21:19Z</time></trkpt><trkpt lat="58.03858" lon="39.115882"><ele>105.5</ele><time>2025-02-26T17:21:21Z</time></trkpt><trkpt lat="58.038605" lon="39.11571"><ele>106.2</ele><time>2025-02-26T17:21:24Z</time></trkpt><trkpt lat="58.038632" lon="39.11557"><ele>105.9</ele><time>2025-02-26T17:21:27Z</time></trkpt><trkpt lat="58.03865" lon="39.115382"><ele>107.0</ele><time>2025-02-26T17:21:30Z</time></trkpt><trkpt lat="58.038657" lon="39.115197"><ele>105.5</ele><time>2025-02-26T17:21:33Z</time></trkpt><trkpt lat="58.038677" lon="39.115015"><ele>105.2</ele><time>2025-02-26T17:21:36Z</time></trkpt><trkpt lat="58.038692" lon="39.11488"><ele>105.4</ele><time>2025-02-26T17:21:38Z</time></trkpt><trkpt lat="58.03871" lon="39.114732"><ele>104.8</ele><time>2025-02-26T17:21:40Z</time></trkpt><trkpt lat="58.038725" lon="39.11459"><ele>104.8</ele><time>2025-02-26T17:21:42Z</time></trkpt><trkpt lat="58.038747" lon="39.11445"><ele>104.0</ele><time>2025-02-26T17:21:44Z</time></trkpt><trkpt lat="58.03877" lon="39.114307"><ele>103.6</ele><time>2025-02-26T17:21:46Z</time></trkpt><trkpt lat="58.038787" lon="39.114172"><ele>104.0</ele><time>2025-02-26T17:21:48Z</time></trkpt><trkpt lat="58.03882" lon="39.114"><ele>104.0</ele><time>2025-02-26T17:21:51Z</time></trkpt><trkpt lat="58.038845" lon="39.113817"><ele>103.8</ele><time>2025-02-26T17:21:54Z</time></trkpt><trkpt lat="58.03887" lon="39.113638"><ele>103.9</ele><time>2025-02-26T17:21:57Z</time></trkpt><trkpt lat="58.038887" lon="39.113447"><ele>103.7</ele><time>2025-02-26T17:22:00Z</time></trkpt><trkpt lat="58.0389" lon="39.113247"><ele>104.1</ele><time>2025-02-26T17:22:03Z</time></trkpt><trkpt lat="58.038905" lon="39.113042"><ele>103.7</ele><time>2025-02-26T17:22:06Z</time></trkpt><trkpt lat="58.038895" lon="39.11289"><ele>102.3</ele><time>2025-02-26T17:22:08Z</time></trkpt><trkpt lat="58.03886" lon="39.112742"><ele>102.6</ele><time>2025-02-26T17:22:10Z</time></trkpt><trkpt lat="58.038815" lon="39.11259"><ele>101.5</ele><time>2025-02-26T17:22:12Z</time></trkpt><trkpt lat="58.03876" lon="39.11247"><ele>101.1</ele><time>2025-02-26T17:22:14Z</time></trkpt><trkpt lat="58.038688" lon="39.112375"><ele>101.8</ele><time>2025-02-26T17:22:16Z</time></trkpt><trkpt lat="58.038622" lon="39.11229"><ele>101.3</ele><time>2025-02-26T17:22:18Z</time></trkpt><trkpt lat="58.038525" lon="39.11222"><ele>101.0</ele><time>2025-02-26T17:22:21Z</time></trkpt><trkpt lat="58.038425" lon="39.112215"><ele>101.4</ele><time>2025-02-26T17:22:24Z</time></trkpt><trkpt lat="58.03832" lon="39.112245"><ele>99.8</ele><time>2025-02-26T17:22:27Z</time></trkpt><trkpt lat="58.038235" lon="39.112335"><ele>100.0</ele><time>2025-02-26T17:22:30Z</time></trkpt><trkpt lat="58.038185" lon="39.112495"><ele>100.4</ele><time>2025-02-26T17:22:33Z</time></trkpt><trkpt lat="58.038172" lon="39.112635"><ele>99.5</ele><time>2025-02-26T17:22:35Z</time></trkpt><trkpt lat="58.038205" lon="39.11283"><ele>100.6</ele><time>2025-02-26T17:22:38Z</time></trkpt><trkpt lat="58.038243" lon="39.113015"><ele>100.7</ele><time>2025-02-26T17:22:41Z</time></trkpt><trkpt lat="58.03828" lon="39.1132"><ele>101.1</ele><time>2025-02-26T17:22:44Z</time></trkpt><trkpt lat="58.038312" lon="39.113322"><ele>101.4</ele><time>2025-02-26T17:22:46Z</time></trkpt><trkpt lat="58.038352" lon="39.11346"><ele>101.1</ele><time>2025-02-26T17:22:48Z</time></trkpt><trkpt lat="58.038382" lon="39.113615"><ele>101.6</ele><time>2025-02-26T17:22:50Z</time></trkpt><trkpt lat="58.038392" lon="39.113777"><ele>101.2</ele><time>2025-02-26T17:22:52Z</time></trkpt><trkpt lat="58.03838" lon="39.113925"><ele>101.1</ele><time>2025-02-26T17:22:54Z</time></trkpt><trkpt lat="58.038352" lon="39.1141"><ele>101.4</ele><time>2025-02-26T17:22:57Z</time></trkpt><trkpt lat="58.038313" lon="39.11428"><ele>100.9</ele><time>2025-02-26T17:23:00Z</time></trkpt><trkpt lat="58.038275" lon="39.114455"><ele>100.0</ele><time>2025-02-26T17:23:03Z</time></trkpt><trkpt lat="58.03823" lon="39.11462"><ele>100.1</ele><time>2025-02-26T17:23:06Z</time></trkpt><trkpt lat="58.038185" lon="39.114787"><ele>101.2</ele><time>2025-02-26T17:23:09Z</time></trkpt><trkpt lat="58.03815" lon="39.114945"><ele>100.7</ele><time>2025-02-26T17:23:12Z</time></trkpt><trkpt lat="58.03812" lon="39.115112"><ele>99.0</ele><time>2025-02-26T17:23:15Z</time></trkpt><trkpt lat="58.038088" lon="39.115255"><ele>99.6</ele><time>2025-02-26T17:23:18Z</time></trkpt><trkpt lat="58.038065" lon="39.1154"><ele>100.9</ele><time>2025-02-26T17:23:21Z</time></trkpt><trkpt lat="58.038002" lon="39.11552"><ele>101.8</ele><time>2025-02-26T17:23:25Z</time></trkpt><trkpt lat="58.037928" lon="39.115515"><ele>102.5</ele><time>2025-02-26T17:23:29Z</time></trkpt><trkpt lat="58.03785" lon="39.115432"><ele>102.1</ele><time>2025-02-26T17:23:33Z</time></trkpt><trkpt lat="58.03776" lon="39.11534"><ele>101.3</ele><time>2025-02-26T17:23:37Z</time></trkpt><trkpt lat="58.03768" lon="39.11525"><ele>101.7</ele><time>2025-02-26T17:23:40Z</time></trkpt><trkpt lat="58.037595" lon="39.115155"><ele>102.1</ele><time>2025-02-26T17:23:43Z</time></trkpt><trkpt lat="58.037502" lon="39.115072"><ele>101.4</ele><time>2025-02-26T17:23:46Z</time></trkpt><trkpt lat="58.037425" lon="39.115"><ele>100.5</ele><time>2025-02-26T17:23:48Z</time></trkpt><trkpt lat="58.03734" lon="39.11491"><ele>99.8</ele><time>2025-02-26T17:23:50Z</time></trkpt><trkpt lat="58.037252" lon="39.114812"><ele>100.8</ele><time>2025-02-26T17:23:52Z</time></trkpt><trkpt lat="58.03716" lon="39.114717"><ele>100.3</ele><time>2025-02-26T17:23:54Z</time></trkpt><trkpt lat="58.037082" lon="39.11462"><ele>98.7</ele><time>2025-02-26T17:23:56Z</time></trkpt><trkpt lat="58.036992" lon="39.114565"><ele>100.0</ele><time>2025-02-26T17:23:58Z</time></trkpt><trkpt lat="58.036905" lon="39.114472"><ele>100.4</ele><time>2025-02-26T17:24:00Z</time></trkpt><trkpt lat="58.03682" lon="39.114402"><ele>101.0</ele><time>2025-02-26T17:24:02Z</time></trkpt><trkpt lat="58.036747" lon="39.114335"><ele>99.7</ele><time>2025-02-26T17:24:04Z</time></trkpt><trkpt lat="58.036675" lon="39.11426"><ele>99.9</ele><time>2025-02-26T17:24:06Z</time></trkpt><trkpt lat="58.0366" lon="39.114195"><ele>100.2</ele><time>2025-02-26T17:24:08Z</time></trkpt><trkpt lat="58.036525" lon="39.114135"><ele>100.1</ele><time>2025-02-26T17:24:10Z</time></trkpt><trkpt lat="58.036457" lon="39.114088"><ele>100.1</ele><time>2025-02-26T17:24:12Z</time></trkpt><trkpt lat="58.036358" lon="39.114025"><ele>99.1</ele><time>2025-02-26T17:24:15Z</time></trkpt><trkpt lat="58.036292" lon="39.113967"><ele>99.5</ele><time>2025-02-26T17:24:17Z</time></trkpt><trkpt lat="58.0362" lon="39.11389"><ele>99.4</ele><time>2025-02-26T17:24:20Z</time></trkpt><trkpt lat="58.0361" lon="39.11384"><ele>99.3</ele><time>2025-02-26T17:24:23Z</time></trkpt><trkpt lat="58.036005" lon="39.113825"><ele>98.8</ele><time>2025-02-26T17:24:26Z</time></trkpt><trkpt lat="58.035925" lon="39.1139"><ele>99.8</ele><time>2025-02-26T17:24:29Z</time></trkpt><trkpt lat="58.035855" lon="39.114005"><ele>100.1</ele><time>2025-02-26T17:24:32Z</time></trkpt><trkpt lat="58.035785" lon="39.11413"><ele>99.9</ele><time>2025-02-26T17:24:35Z</time></trkpt><trkpt lat="58.035722" lon="39.114262"><ele>99.2</ele><time>2025-02-26T17:24:38Z</time></trkpt><trkpt lat="58.03565" lon="39.11438"><ele>99.8</ele><time>2025-02-26T17:24:41Z</time></trkpt><trkpt lat="58.035577" lon="39.114515"><ele>101.1</ele><time>2025-02-26T17:24:44Z</time></trkpt><trkpt lat="58.035507" lon="39.11464"><ele>101.8</ele><time>2025-02-26T17:24:47Z</time></trkpt><trkpt lat="58.03545" lon="39.114742"><ele>102.5</ele><time>2025-02-26T17:24:50Z</time></trkpt><trkpt lat="58.035392" lon="39.11487"><ele>103.0</ele><time>2025-02-26T17:24:53Z</time></trkpt><trkpt lat="58.035325" lon="39.114995"><ele>102.6</ele><time>2025-02-26T17:24:57Z</time></trkpt><trkpt lat="58.03527" lon="39.115097"><ele>102.7</ele><time>2025-02-26T17:25:00Z</time></trkpt><trkpt lat="58.035215" lon="39.115205"><ele>103.6</ele><time>2025-02-26T17:25:03Z</time></trkpt><trkpt lat="58.035155" lon="39.115312"><ele>103.6</ele><time>2025-02-26T17:25:06Z</time></trkpt><trkpt lat="58.035085" lon="39.11544"><ele>103.7</ele><time>2025-02-26T17:25:09Z</time></trkpt><trkpt lat="58.03502" lon="39.11557"><ele>103.4</ele><time>2025-02-26T17:25:12Z</time></trkpt><trkpt lat="58.03495" lon="39.115682"><ele>103.8</ele><time>2025-02-26T17:25:15Z</time></trkpt><trkpt lat="58.034895" lon="39.11582"><ele>102.4</ele><time>2025-02-26T17:25:18Z</time></trkpt><trkpt lat="58.03484" lon="39.11594"><ele>103.4</ele><time>2025-02-26T17:25:21Z</time></trkpt><trkpt lat="58.034777" lon="39.116077"><ele>104.9</ele><time>2025-02-26T17:25:25Z</time></trkpt><trkpt lat="58.034735" lon="39.116195"><ele>105.1</ele><time>2025-02-26T17:25:28Z</time></trkpt><trkpt lat="58.034682" lon="39.116322"><ele>106.3</ele><time>2025-02-26T17:25:31Z</time></trkpt><trkpt lat="58.03464" lon="39.11645"><ele>106.5</ele><time>2025-02-26T17:25:34Z</time></trkpt><trkpt lat="58.03462" lon="39.116585"><ele>106.2</ele><time>2025-02-26T17:25:37Z</time></trkpt><trkpt lat="58.034597" lon="39.11673"><ele>105.5</ele><time>2025-02-26T17:25:41Z</time></trkpt><trkpt lat="58.03457" lon="39.11688"><ele>106.3</ele><time>2025-02-26T17:25:44Z</time></trkpt><trkpt lat="58.03454" lon="39.117025"><ele>105.8</ele><time>2025-02-26T17:25:48Z</time></trkpt><trkpt lat="58.034465" lon="39.117042"><ele>104.6</ele><time>2025-02-26T17:25:51Z</time></trkpt><trkpt lat="58.034368" lon="39.116995"><ele>104.2</ele><time>2025-02-26T17:25:54Z</time></trkpt><trkpt lat="58.034285" lon="39.11692"><ele>104.5</ele><time>2025-02-26T17:25:57Z</time></trkpt><trkpt lat="58.034205" lon="39.116832"><ele>104.1</ele><time>2025-02-26T17:26:00Z</time></trkpt><trkpt lat="58.03413" lon="39.116767"><ele>104.4</ele><time>2025-02-26T17:26:03Z</time></trkpt><trkpt lat="58.034055" lon="39.11667"><ele>103.4</ele><time>2025-02-26T17:26:07Z</time></trkpt><trkpt lat="58.03397" lon="39.116715"><ele>104.5</ele><time>2025-02-26T17:26:11Z</time></trkpt><trkpt lat="58.0339" lon="39.116815"><ele>103.7</ele><time>2025-02-26T17:26:14Z</time></trkpt><trkpt lat="58.033838" lon="39.116915"><ele>104.2</ele><time>2025-02-26T17:26:16Z</time></trkpt><trkpt lat="58.033777" lon="39.117025"><ele>104.5</ele><time>2025-02-26T17:26:18Z</time></trkpt><trkpt lat="58.033707" lon="39.117147"><ele>105.0</ele><time>2025-02-26T17:26:20Z</time></trkpt><trkpt lat="58.03364" lon="39.117275"><ele>104.6</ele><time>2025-02-26T17:26:22Z</time></trkpt><trkpt lat="58.033572" lon="39.117385"><ele>104.8</ele><time>2025-02-26T17:26:24Z</time></trkpt><trkpt lat="58.033515" lon="39.11748"><ele>104.6</ele><time>2025-02-26T17:26:26Z</time></trkpt><trkpt lat="58.033452" lon="39.11761"><ele>104.8</ele><time>2025-02-26T17:26:29Z</time></trkpt><trkpt lat="58.0334" lon="39.117725"><ele>106.2</ele><time>2025-02-26T17:26:32Z</time></trkpt><trkpt lat="58.033372" lon="39.117855"><ele>106.9</ele><time>2025-02-26T17:26:35Z</time></trkpt><trkpt lat="58.033388" lon="39.118015"><ele>106.6</ele><time>2025-02-26T17:26:38Z</time></trkpt><trkpt lat="58.033435" lon="39.118172"><ele>105.4</ele><time>2025-02-26T17:26:41Z</time></trkpt><trkpt lat="58.03349" lon="39.11833"><ele>105.0</ele><time>2025-02-26T17:26:44Z</time></trkpt><trkpt lat="58.033547" lon="39.11846"><ele>104.5</ele><time>2025-02-26T17:26:47Z</time></trkpt><trkpt lat="58.033607" lon="39.118567"><ele>105.3</ele><time>2025-02-26T17:26:50Z</time></trkpt><trkpt lat="58.033682" lon="39.11868"><ele>107.1</ele><time>2025-02-26T17:26:53Z</time></trkpt><trkpt lat="58.03374" lon="39.118765"><ele>107.3</ele><time>2025-02-26T17:26:56Z</time></trkpt><trkpt lat="58.033815" lon="39.11881"><ele>106.2</ele><time>2025-02-26T17:26:59Z</time></trkpt><trkpt lat="58.033895" lon="39.118897"><ele>106.3</ele><time>2025-02-26T17:27:03Z</time></trkpt><trkpt lat="58.033975" lon="39.118955"><ele>104.9</ele><time>2025-02-26T17:27:07Z</time></trkpt><trkpt lat="58.034057" lon="39.11904"><ele>105.7</ele><time>2025-02-26T17:27:11Z</time></trkpt><trkpt lat="58.034125" lon="39.119115"><ele>105.7</ele><time>2025-02-26T17:27:14Z</time></trkpt><trkpt lat="58.0342" lon="39.119167"><ele>105.5</ele><time>2025-02-26T17:27:17Z</time></trkpt><trkpt lat="58.03428" lon="39.119237"><ele>105.8</ele><time>2025-02-26T17:27:21Z</time></trkpt><trkpt lat="58.03433" lon="39.119285"><ele>105.7</ele><time>2025-02-26T17:27:28Z</time></trkpt><trkpt lat="58.034405" lon="39.119355"><ele>108.2</ele><time>2025-02-26T17:27:31Z</time></trkpt><trkpt lat="58.034487" lon="39.119435"><ele>107.6</ele><time>2025-02-26T17:27:34Z</time></trkpt><trkpt lat="58.03456" lon="39.119515"><ele>108.3</ele><time>2025-02-26T17:27:37Z</time></trkpt><trkpt lat="58.03463" lon="39.119602"><ele>107.6</ele><time>2025-02-26T17:27:40Z</time></trkpt><trkpt lat="58.034705" lon="39.119687"><ele>108.8</ele><time>2025-02-26T17:27:43Z</time></trkpt><trkpt lat="58.03477" lon="39.119765"><ele>108.6</ele><time>2025-02-26T17:27:46Z</time></trkpt><trkpt lat="58.03483" lon="39.119875"><ele>109.9</ele><time>2025-02-26T17:27:50Z</time></trkpt><trkpt lat="58.034833" lon="39.120045"><ele>110.7</ele><time>2025-02-26T17:27:56Z</time></trkpt><trkpt lat="58.03479" lon="39.12016"><ele>112.8</ele><time>2025-02-26T17:28:02Z</time></trkpt><trkpt lat="58.034705" lon="39.1201"><ele>111.9</ele><time>2025-02-26T17:28:07Z</time></trkpt><trkpt lat="58.034645" lon="39.119997"><ele>112.1</ele><time>2025-02-26T17:28:09Z</time></trkpt><trkpt lat="58.034565" lon="39.119895"><ele>112.0</ele><time>2025-02-26T17:28:11Z</time></trkpt><trkpt lat="58.034475" lon="39.11978"><ele>109.9</ele><time>2025-02-26T17:28:13Z</time></trkpt><trkpt lat="58.034352" lon="39.119637"><ele>108.1</ele><time>2025-02-26T17:28:15Z</time></trkpt><trkpt lat="58.03424" lon="39.119495"><ele>107.6</ele><time>2025-02-26T17:28:17Z</time></trkpt><trkpt lat="58.034135" lon="39.11937"><ele>106.5</ele><time>2025-02-26T17:28:19Z</time></trkpt><trkpt lat="58.03403" lon="39.11927"><ele>106.6</ele><time>2025-02-26T17:28:21Z</time></trkpt><trkpt lat="58.03392" lon="39.119145"><ele>106.2</ele><time>2025-02-26T17:28:23Z</time></trkpt><trkpt lat="58.033817" lon="39.119028"><ele>104.3</ele><time>2025-02-26T17:28:25Z</time></trkpt><trkpt lat="58.03373" lon="39.11891"><ele>103.7</ele><time>2025-02-26T17:28:27Z</time></trkpt><trkpt lat="58.033647" lon="39.11881"><ele>103.7</ele><time>2025-02-26T17:28:29Z</time></trkpt><trkpt lat="58.033567" lon="39.11872"><ele>103.1</ele><time>2025-02-26T17:28:31Z</time></trkpt><trkpt lat="58.0335" lon="39.118633"><ele>103.7</ele><time>2025-02-26T17:28:33Z</time></trkpt><trkpt lat="58.033435" lon="39.118567"><ele>104.1</ele><time>2025-02-26T17:28:35Z</time></trkpt><trkpt lat="58.033332" lon="39.118505"><ele>102.7</ele><time>2025-02-26T17:28:38Z</time></trkpt><trkpt lat="58.033227" lon="39.118505"><ele>102.8</ele><time>2025-02-26T17:28:41Z</time></trkpt><trkpt lat="58.033135" lon="39.118563"><ele>103.6</ele><time>2025-02-26T17:28:44Z</time></trkpt><trkpt lat="58.033117" lon="39.11873"><ele>103.9</ele><time>2025-02-26T17:28:48Z</time></trkpt><trkpt lat="58.033175" lon="39.118862"><ele>105.3</ele><time>2025-02-26T17:28:52Z</time></trkpt><trkpt lat="58.033255" lon="39.118895"><ele>105.3</ele><time>2025-02-26T17:28:56Z</time></trkpt><trkpt lat="58.03335" lon="39.11892"><ele>104.4</ele><time>2025-02-26T17:29:00Z</time></trkpt><trkpt lat="58.03342" lon="39.11897"><ele>104.6</ele><time>2025-02-26T17:29:03Z</time></trkpt><trkpt lat="58.03349" lon="39.119027"><ele>103.7</ele><time>2025-02-26T17:29:06Z</time></trkpt><trkpt lat="58.03357" lon="39.11912"><ele>103.5</ele><time>2025-02-26T17:29:09Z</time></trkpt><trkpt lat="58.033645" lon="39.119192"><ele>103.8</ele><time>2025-02-26T17:29:12Z</time></trkpt><trkpt lat="58.03373" lon="39.11928"><ele>103.2</ele><time>2025-02-26T17:29:16Z</time></trkpt><trkpt lat="58.033795" lon="39.11938"><ele>104.6</ele><time>2025-02-26T17:29:19Z</time></trkpt><trkpt lat="58.03386" lon="39.119495"><ele>105.2</ele><time>2025-02-26T17:29:22Z</time></trkpt><trkpt lat="58.033922" lon="39.119585"><ele>106.2</ele><time>2025-02-26T17:29:25Z</time></trkpt><trkpt lat="58.033985" lon="39.119675"><ele>106.0</ele><time>2025-02-26T17:29:28Z</time></trkpt><trkpt lat="58.034047" lon="39.119765"><ele>106.6</ele><time>2025-02-26T17:29:31Z</time></trkpt><trkpt lat="58.03411" lon="39.11983"><ele>106.7</ele><time>2025-02-26T17:29:34Z</time></trkpt><trkpt lat="58.03419" lon="39.119928"><ele>108.2</ele><time>2025-02-26T17:29:38Z</time></trkpt><trkpt lat="58.03425" lon="39.120005"><ele>109.0</ele><time>2025-02-26T17:29:41Z</time></trkpt><trkpt lat="58.034315" lon="39.120085"><ele>109.1</ele><time>2025-02-26T17:29:44Z</time></trkpt><trkpt lat="58.034387" lon="39.12013"><ele>109.2</ele><time>2025-02-26T17:29:47Z</time></trkpt><trkpt lat="58.034455" lon="39.12021"><ele>110.2</ele><time>2025-02-26T17:29:50Z</time></trkpt><trkpt lat="58.034528" lon="39.120277"><ele>110.3</ele><time>2025-02-26T17:29:54Z</time></trkpt><trkpt lat="58.034605" lon="39.120355"><ele>111.5</ele><time>2025-02-26T17:29:58Z</time></trkpt><trkpt lat="58.034677" lon="39.12043"><ele>111.9</ele><time>2025-02-26T17:30:02Z</time></trkpt><trkpt lat="58.034735" lon="39.120515"><ele>113.3</ele><time>2025-02-26T17:30:07Z</time></trkpt><trkpt lat="58.034725" lon="39.120515"><ele>114.3</ele><time>2025-02-26T17:30:14Z</time></trkpt><trkpt lat="58.034742" lon="39.120505"><ele>116.1</ele><time>2025-02-26T17:30:59Z</time></trkpt><trkpt lat="58.03476" lon="39.12049"><ele>117.0</ele><time>2025-02-26T17:36:01Z</time></trkpt><trkpt lat="58.034768" lon="39.120482"><ele>113.9</ele><time>2025-02-26T17:42:32Z</time></trkpt><trkpt lat="58.034815" lon="39.12034"><ele>116.1</ele><time>2025-02-26T17:42:42Z</time></trkpt><trkpt lat="58.03484" lon="39.1202"><ele>117.0</ele><time>2025-02-26T17:42:46Z</time></trkpt><trkpt lat="58.03488" lon="39.120025"><ele>115.2</ele><time>2025-02-26T17:42:50Z</time></trkpt><trkpt lat="58.034865" lon="39.11986"><ele>113.6</ele><time>2025-02-26T17:42:53Z</time></trkpt><trkpt lat="58.034823" lon="39.119735"><ele>112.7</ele><time>2025-02-26T17:42:55Z</time></trkpt><trkpt lat="58.03476" lon="39.119612"><ele>111.2</ele><time>2025-02-26T17:42:57Z</time></trkpt><trkpt lat="58.034675" lon="39.119495"><ele>109.4</ele><time>2025-02-26T17:42:59Z</time></trkpt><trkpt lat="58.03457" lon="39.119385"><ele>108.6</ele><time>2025-02-26T17:43:01Z</time></trkpt><trkpt lat="58.034453" lon="39.11925"><ele>107.3</ele><time>2025-02-26T17:43:03Z</time></trkpt><trkpt lat="58.034387" lon="39.11918"><ele>107.0</ele><time>2025-02-26T17:43:04Z</time></trkpt><trkpt lat="58.034275" lon="39.11905"><ele>106.7</ele><time>2025-02-26T17:43:06Z</time></trkpt><trkpt lat="58.03417" lon="39.11896"><ele>103.7</ele><time>2025-02-26T17:43:08Z</time></trkpt><trkpt lat="58.034062" lon="39.11884"><ele>105.8</ele><time>2025-02-26T17:43:10Z</time></trkpt><trkpt lat="58.033975" lon="39.11873"><ele>106.4</ele><time>2025-02-26T17:43:12Z</time></trkpt><trkpt lat="58.033905" lon="39.118645"><ele>107.0</ele><time>2025-02-26T17:43:14Z</time></trkpt><trkpt lat="58.033848" lon="39.11855"><ele>107.1</ele><time>2025-02-26T17:43:17Z</time></trkpt><trkpt lat="58.033783" lon="39.118423"><ele>107.7</ele><time>2025-02-26T17:43:21Z</time></trkpt><trkpt lat="58.033752" lon="39.11827"><ele>108.9</ele><time>2025-02-26T17:43:24Z</time></trkpt><trkpt lat="58.03374" lon="39.11812"><ele>108.9</ele><time>2025-02-26T17:43:27Z</time></trkpt><trkpt lat="58.03376" lon="39.11794"><ele>108.9</ele><time>2025-02-26T17:43:30Z</time></trkpt><trkpt lat="58.03378" lon="39.117803"><ele>110.2</ele><time>2025-02-26T17:43:32Z</time></trkpt><trkpt lat="58.033815" lon="39.11763"><ele>109.6</ele><time>2025-02-26T17:43:35Z</time></trkpt><trkpt lat="58.033855" lon="39.117508"><ele>110.3</ele><time>2025-02-26T17:43:37Z</time></trkpt><trkpt lat="58.033915" lon="39.117377"><ele>109.5</ele><time>2025-02-26T17:43:39Z</time></trkpt><trkpt lat="58.033987" lon="39.11724"><ele>108.4</ele><time>2025-02-26T17:43:41Z</time></trkpt><trkpt lat="58.034077" lon="39.117112"><ele>109.7</ele><time>2025-02-26T17:43:43Z</time></trkpt><trkpt lat="58.034147" lon="39.117065"><ele>108.9</ele><time>2025-02-26T17:43:45Z</time></trkpt><trkpt lat="58.034245" lon="39.117025"><ele>109.8</ele><time>2025-02-26T17:43:48Z</time></trkpt><trkpt lat="58.034325" lon="39.117015"><ele>109.6</ele><time>2025-02-26T17:43:54Z</time></trkpt><trkpt lat="58.0344" lon="39.11703"><ele>108.3</ele><time>2025-02-26T17:43:58Z</time></trkpt><trkpt lat="58.03447" lon="39.117055"><ele>108.3</ele><time>2025-02-26T17:44:02Z</time></trkpt><trkpt lat="58.03454" lon="39.117085"><ele>106.5</ele><time>2025-02-26T17:44:05Z</time></trkpt><trkpt lat="58.034612" lon="39.11712"><ele>108.1</ele><time>2025-02-26T17:44:08Z</time></trkpt><trkpt lat="58.034702" lon="39.11718"><ele>106.2</ele><time>2025-02-26T17:44:11Z</time></trkpt><trkpt lat="58.03478" lon="39.11721"><ele>105.2</ele><time>2025-02-26T17:44:13Z</time></trkpt><trkpt lat="58.034875" lon="39.117267"><ele>104.5</ele><time>2025-02-26T17:44:15Z</time></trkpt><trkpt lat="58.034995" lon="39.117385"><ele>103.3</ele><time>2025-02-26T17:44:17Z</time></trkpt><trkpt lat="58.035115" lon="39.117545"><ele>101.8</ele><time>2025-02-26T17:44:19Z</time></trkpt><trkpt lat="58.035225" lon="39.1177"><ele>101.5</ele><time>2025-02-26T17:44:21Z</time></trkpt><trkpt lat="58.03528" lon="39.117795"><ele>101.1</ele><time>2025-02-26T17:44:22Z</time></trkpt><trkpt lat="58.03537" lon="39.117935"><ele>100.9</ele><time>2025-02-26T17:44:24Z</time></trkpt><trkpt lat="58.035452" lon="39.118055"><ele>101.3</ele><time>2025-02-26T17:44:26Z</time></trkpt><trkpt lat="58.035517" lon="39.118145"><ele>100.8</ele><time>2025-02-26T17:44:28Z</time></trkpt><trkpt lat="58.035615" lon="39.118245"><ele>100.3</ele><time>2025-02-26T17:44:31Z</time></trkpt><trkpt lat="58.035685" lon="39.118345"><ele>99.0</ele><time>2025-02-26T17:44:34Z</time></trkpt><trkpt lat="58.035755" lon="39.118412"><ele>98.6</ele><time>2025-02-26T17:44:37Z</time></trkpt><trkpt lat="58.035835" lon="39.118492"><ele>98.4</ele><time>2025-02-26T17:44:40Z</time></trkpt><trkpt lat="58.035905" lon="39.118562"><ele>99.1</ele><time>2025-02-26T17:44:43Z</time></trkpt><trkpt lat="58.035975" lon="39.118645"><ele>100.1</ele><time>2025-02-26T17:44:47Z</time></trkpt><trkpt lat="58.036048" lon="39.118755"><ele>101.1</ele><time>2025-02-26T17:44:50Z</time></trkpt><trkpt lat="58.03611" lon="39.118835"><ele>100.1</ele><time>2025-02-26T17:44:52Z</time></trkpt><trkpt lat="58.03617" lon="39.118915"><ele>100.0</ele><time>2025-02-26T17:44:54Z</time></trkpt><trkpt lat="58.03625" lon="39.119035"><ele>99.3</ele><time>2025-02-26T17:44:57Z</time></trkpt><trkpt lat="58.03633" lon="39.11911"><ele>99.7</ele><time>2025-02-26T17:45:00Z</time></trkpt><trkpt lat="58.036412" lon="39.119175"><ele>100.0</ele><time>2025-02-26T17:45:03Z</time></trkpt><trkpt lat="58.036493" lon="39.11923"><ele>100.2</ele><time>2025-02-26T17:45:06Z</time></trkpt><trkpt lat="58.036577" lon="39.119265"><ele>99.8</ele><time>2025-02-26T17:45:09Z</time></trkpt><trkpt lat="58.036657" lon="39.11925"><ele>101.7</ele><time>2025-02-26T17:45:12Z</time></trkpt><trkpt lat="58.03673" lon="39.119222"><ele>104.2</ele><time>2025-02-26T17:45:15Z</time></trkpt><trkpt lat="58.03682" lon="39.119177"><ele>104.3</ele><time>2025-02-26T17:45:18Z</time></trkpt><trkpt lat="58.0369" lon="39.119152"><ele>104.3</ele><time>2025-02-26T17:45:21Z</time></trkpt><trkpt lat="58.03698" lon="39.119105"><ele>104.3</ele><time>2025-02-26T17:45:25Z</time></trkpt><trkpt lat="58.03705" lon="39.11906"><ele>105.8</ele><time>2025-02-26T17:45:28Z</time></trkpt><trkpt lat="58.037125" lon="39.119"><ele>104.2</ele><time>2025-02-26T17:45:31Z</time></trkpt><trkpt lat="58.037205" lon="39.11888"><ele>103.6</ele><time>2025-02-26T17:45:34Z</time></trkpt><trkpt lat="58.037255" lon="39.118765"><ele>102.5</ele><time>2025-02-26T17:45:36Z</time></trkpt><trkpt lat="58.03731" lon="39.118625"><ele>102.8</ele><time>2025-02-26T17:45:38Z</time></trkpt><trkpt lat="58.037385" lon="39.118412"><ele>99.1</ele><time>2025-02-26T17:45:40Z</time></trkpt><trkpt lat="58.037445" lon="39.118175"><ele>100.0</ele><time>2025-02-26T17:45:42Z</time></trkpt><trkpt lat="58.037487" lon="39.117947"><ele>100.9</ele><time>2025-02-26T17:45:44Z</time></trkpt><trkpt lat="58.037565" lon="39.11773"><ele>100.9</ele><time>2025-02-26T17:45:46Z</time></trkpt><trkpt lat="58.03765" lon="39.117607"><ele>100.8</ele><time>2025-02-26T17:45:48Z</time></trkpt><trkpt lat="58.037725" lon="39.117485"><ele>101.5</ele><time>2025-02-26T17:45:50Z</time></trkpt><trkpt lat="58.037785" lon="39.1174"><ele>100.7</ele><time>2025-02-26T17:45:52Z</time></trkpt><trkpt lat="58.03785" lon="39.117325"><ele>101.6</ele><time>2025-02-26T17:45:54Z</time></trkpt><trkpt lat="58.037925" lon="39.117235"><ele>102.0</ele><time>2025-02-26T17:45:57Z</time></trkpt><trkpt lat="58.038015" lon="39.117127"><ele>102.4</ele><time>2025-02-26T17:46:00Z</time></trkpt><trkpt lat="58.038087" lon="39.11707"><ele>102.4</ele><time>2025-02-26T17:46:02Z</time></trkpt><trkpt lat="58.038157" lon="39.117005"><ele>103.0</ele><time>2025-02-26T17:46:04Z</time></trkpt><trkpt lat="58.038255" lon="39.116907"><ele>105.0</ele><time>2025-02-26T17:46:07Z</time></trkpt><trkpt lat="58.038325" lon="39.116812"><ele>104.8</ele><time>2025-02-26T17:46:09Z</time></trkpt><trkpt lat="58.038392" lon="39.11673"><ele>105.1</ele><time>2025-02-26T17:46:11Z</time></trkpt><trkpt lat="58.038445" lon="39.116635"><ele>104.4</ele><time>2025-02-26T17:46:13Z</time></trkpt><trkpt lat="58.038455" lon="39.116475"><ele>103.4</ele><time>2025-02-26T17:46:16Z</time></trkpt><trkpt lat="58.03838" lon="39.116385"><ele>102.5</ele><time>2025-02-26T17:46:19Z</time></trkpt><trkpt lat="58.0383" lon="39.11634"><ele>102.5</ele><time>2025-02-26T17:46:24Z</time></trkpt><trkpt lat="58.038285" lon="39.11635"><ele>104.8</ele><time>2025-02-26T17:46:31Z</time></trkpt></trkseg></trk></gpx>