<?xml version="1.0" encoding="UTF-8" standalone="no"?><gpx xmlns="http://www.topografix.com/GPX/1/1" xmlns:gpxtpx="http://www.garmin.com/xmlschemas/TrackPointExtension/v1" xmlns:xsi="http://www.w3.org/2001/XMLSchema-instance" creator="Sports Tracker" version="1.1" xsi:schemaLocation="http://www.topografix.com/GPX/1/1 http://www.topografix.com/GPX/1/1/gpx.xsd http://www.garmin.com/xmlschemas/TrackPointExtension/v1 http://www.garmin.com/xmlschemas/TrackPointExtensionv1.xsd"><metadata><name/><desc/><author><name>Александр</name></author></metadata><trk><name/><trkseg><trkpt lat="58.058617" lon="38.807815"><ele>95.4</ele><time>2023-08-24T14:15:40Z</time></trkpt><trkpt lat="58.058548" lon="38.807897"><ele>103.3</ele><time>2023-08-24T14:16:02Z</time></trkpt><trkpt lat="58.05854" lon="38.808037"><ele>103.4</ele><time>2023-08-24T14:16:05Z</time></trkpt><trkpt lat="58.058525" lon="38.808213"><ele>105.8</ele><time>2023-08-24T14:16:09Z</time></trkpt><trkpt lat="58.058532" lon="38.808395"><ele>100.5</ele><time>2023-08-24T14:16:13Z</time></trkpt><trkpt lat="58.058543" lon="38.80855"><ele>99.8</ele><time>2023-08-24T14:16:16Z</time></trkpt><trkpt lat="58.058618" lon="38.808542"><ele>101.0</ele><time>2023-08-24T14:16:20Z</time></trkpt><trkpt lat="58.058698" lon="38.808528"><ele>101.2</ele><time>2023-08-24T14:16:23Z</time></trkpt><trkpt lat="58.058755" lon="38.808628"><ele>101.4</ele><time>2023-08-24T14:16:27Z</time></trkpt><trkpt lat="58.058742" lon="38.808765"><ele>101.3</ele><time>2023-08-24T14:16:30Z</time></trkpt><trkpt lat="58.058722" lon="38.80891"><ele>100.5</ele><time>2023-08-24T14:16:38Z</time></trkpt><trkpt lat="58.058742" lon="38.80907"><ele>102.5</ele><time>2023-08-24T14:16:55Z</time></trkpt><trkpt lat="58.058727" lon="38.809267"><ele>102.0</ele><time>2023-08-24T14:16:58Z</time></trkpt><trkpt lat="58.058693" lon="38.80941"><ele>101.9</ele><time>2023-08-24T14:17:00Z</time></trkpt><trkpt lat="58.058687" lon="38.809547"><ele>100.8</ele><time>2023-08-24T14:17:02Z</time></trkpt><trkpt lat="58.05872" lon="38.8097"><ele>100.4</ele><time>2023-08-24T14:17:05Z</time></trkpt><trkpt lat="58.058777" lon="38.809813"><ele>100.2</ele><time>2023-08-24T14:17:08Z</time></trkpt><trkpt lat="58.058853" lon="38.809937"><ele>100.5</ele><time>2023-08-24T14:17:11Z</time></trkpt><trkpt lat="58.058893" lon="38.810053"><ele>100.4</ele><time>2023-08-24T14:17:13Z</time></trkpt><trkpt lat="58.0589" lon="38.810235"><ele>101.2</ele><time>2023-08-24T14:17:16Z</time></trkpt><trkpt lat="58.058872" lon="38.810392"><ele>102.1</ele><time>2023-08-24T14:17:19Z</time></trkpt><trkpt lat="58.05885" lon="38.810573"><ele>102.2</ele><time>2023-08-24T14:17:22Z</time></trkpt><trkpt lat="58.058825" lon="38.810745"><ele>103.0</ele><time>2023-08-24T14:17:25Z</time></trkpt><trkpt lat="58.058813" lon="38.810892"><ele>102.6</ele><time>2023-08-24T14:17:28Z</time></trkpt><trkpt lat="58.05878" lon="38.811065"><ele>102.8</ele><time>2023-08-24T14:17:35Z</time></trkpt><trkpt lat="58.058795" lon="38.811243"><ele>102.4</ele><time>2023-08-24T14:17:38Z</time></trkpt><trkpt lat="58.058888" lon="38.811312"><ele>102.0</ele><time>2023-08-24T14:17:40Z</time></trkpt><trkpt lat="58.058997" lon="38.811303"><ele>101.0</ele><time>2023-08-24T14:17:42Z</time></trkpt><trkpt lat="58.059093" lon="38.811297"><ele>100.7</ele><time>2023-08-24T14:17:44Z</time></trkpt><trkpt lat="58.059175" lon="38.81129"><ele>101.0</ele><time>2023-08-24T14:17:46Z</time></trkpt><trkpt lat="58.059248" lon="38.811295"><ele>100.0</ele><time>2023-08-24T14:17:48Z</time></trkpt><trkpt lat="58.059328" lon="38.811323"><ele>100.1</ele><time>2023-08-24T14:17:50Z</time></trkpt><trkpt lat="58.05941" lon="38.811347"><ele>100.5</ele><time>2023-08-24T14:17:52Z</time></trkpt><trkpt lat="58.059488" lon="38.811362"><ele>100.7</ele><time>2023-08-24T14:17:54Z</time></trkpt><trkpt lat="58.059562" lon="38.811387"><ele>100.0</ele><time>2023-08-24T14:17:56Z</time></trkpt><trkpt lat="58.05966" lon="38.811425"><ele>99.2</ele><time>2023-08-24T14:17:59Z</time></trkpt><trkpt lat="58.059758" lon="38.811455"><ele>99.1</ele><time>2023-08-24T14:18:02Z</time></trkpt><trkpt lat="58.059847" lon="38.811462"><ele>98.4</ele><time>2023-08-24T14:18:05Z</time></trkpt><trkpt lat="58.059938" lon="38.811477"><ele>98.2</ele><time>2023-08-24T14:18:08Z</time></trkpt><trkpt lat="58.060033" lon="38.81151"><ele>98.5</ele><time>2023-08-24T14:18:11Z</time></trkpt><trkpt lat="58.060105" lon="38.811538"><ele>99.2</ele><time>2023-08-24T14:18:14Z</time></trkpt><trkpt lat="58.060203" lon="38.811543"><ele>98.2</ele><time>2023-08-24T14:18:18Z</time></trkpt><trkpt lat="58.06029" lon="38.81166"><ele>97.0</ele><time>2023-08-24T14:18:21Z</time></trkpt><trkpt lat="58.060292" lon="38.81182"><ele>98.6</ele><time>2023-08-24T14:18:23Z</time></trkpt><trkpt lat="58.060273" lon="38.811968"><ele>98.8</ele><time>2023-08-24T14:18:25Z</time></trkpt><trkpt lat="58.06026" lon="38.812142"><ele>99.3</ele><time>2023-08-24T14:18:28Z</time></trkpt><trkpt lat="58.060248" lon="38.812277"><ele>100.0</ele><time>2023-08-24T14:18:30Z</time></trkpt><trkpt lat="58.06024" lon="38.812412"><ele>100.5</ele><time>2023-08-24T14:18:32Z</time></trkpt><trkpt lat="58.060232" lon="38.812552"><ele>101.1</ele><time>2023-08-24T14:18:34Z</time></trkpt><trkpt lat="58.06022" lon="38.812692"><ele>100.3</ele><time>2023-08-24T14:18:36Z</time></trkpt><trkpt lat="58.060203" lon="38.812837"><ele>100.5</ele><time>2023-08-24T14:18:38Z</time></trkpt><trkpt lat="58.060188" lon="38.813045"><ele>102.5</ele><time>2023-08-24T14:18:41Z</time></trkpt><trkpt lat="58.060183" lon="38.813205"><ele>102.8</ele><time>2023-08-24T14:18:43Z</time></trkpt><trkpt lat="58.060175" lon="38.813355"><ele>103.1</ele><time>2023-08-24T14:18:45Z</time></trkpt><trkpt lat="58.060165" lon="38.813513"><ele>103.7</ele><time>2023-08-24T14:18:47Z</time></trkpt><trkpt lat="58.060152" lon="38.813668"><ele>103.0</ele><time>2023-08-24T14:18:49Z</time></trkpt><trkpt lat="58.06014" lon="38.813848"><ele>102.8</ele><time>2023-08-24T14:18:52Z</time></trkpt><trkpt lat="58.06024" lon="38.813935"><ele>102.0</ele><time>2023-08-24T14:18:55Z</time></trkpt><trkpt lat="58.060323" lon="38.813935"><ele>101.3</ele><time>2023-08-24T14:18:57Z</time></trkpt><trkpt lat="58.06041" lon="38.813973"><ele>101.0</ele><time>2023-08-24T14:19:00Z</time></trkpt><trkpt lat="58.06048" lon="38.814025"><ele>101.6</ele><time>2023-08-24T14:19:02Z</time></trkpt><trkpt lat="58.060585" lon="38.814045"><ele>102.0</ele><time>2023-08-24T14:19:04Z</time></trkpt><trkpt lat="58.060663" lon="38.814082"><ele>101.6</ele><time>2023-08-24T14:19:06Z</time></trkpt><trkpt lat="58.06076" lon="38.814108"><ele>100.8</ele><time>2023-08-24T14:19:08Z</time></trkpt><trkpt lat="58.060865" lon="38.81413"><ele>100.9</ele><time>2023-08-24T14:19:10Z</time></trkpt><trkpt lat="58.060978" lon="38.814147"><ele>100.4</ele><time>2023-08-24T14:19:12Z</time></trkpt><trkpt lat="58.061057" lon="38.814177"><ele>100.6</ele><time>2023-08-24T14:19:14Z</time></trkpt><trkpt lat="58.061152" lon="38.814197"><ele>100.8</ele><time>2023-08-24T14:19:16Z</time></trkpt><trkpt lat="58.06124" lon="38.814237"><ele>100.4</ele><time>2023-08-24T14:19:18Z</time></trkpt><trkpt lat="58.061323" lon="38.814267"><ele>100.2</ele><time>2023-08-24T14:19:20Z</time></trkpt><trkpt lat="58.061438" lon="38.814203"><ele>99.2</ele><time>2023-08-24T14:19:22Z</time></trkpt><trkpt lat="58.061505" lon="38.814272"><ele>98.3</ele><time>2023-08-24T14:19:24Z</time></trkpt><trkpt lat="58.0616" lon="38.81428"><ele>99.2</ele><time>2023-08-24T14:19:26Z</time></trkpt><trkpt lat="58.06171" lon="38.814293"><ele>98.5</ele><time>2023-08-24T14:19:28Z</time></trkpt><trkpt lat="58.061812" lon="38.814323"><ele>98.7</ele><time>2023-08-24T14:19:30Z</time></trkpt><trkpt lat="58.061907" lon="38.814342"><ele>98.4</ele><time>2023-08-24T14:19:32Z</time></trkpt><trkpt lat="58.061995" lon="38.814343"><ele>99.0</ele><time>2023-08-24T14:19:34Z</time></trkpt><trkpt lat="58.062072" lon="38.81435"><ele>100.3</ele><time>2023-08-24T14:19:36Z</time></trkpt><trkpt lat="58.062173" lon="38.814413"><ele>99.4</ele><time>2023-08-24T14:19:38Z</time></trkpt><trkpt lat="58.062278" lon="38.814438"><ele>100.4</ele><time>2023-08-24T14:19:40Z</time></trkpt><trkpt lat="58.062385" lon="38.814465"><ele>99.2</ele><time>2023-08-24T14:19:42Z</time></trkpt><trkpt lat="58.062502" lon="38.81449"><ele>99.0</ele><time>2023-08-24T14:19:44Z</time></trkpt><trkpt lat="58.062615" lon="38.814515"><ele>99.2</ele><time>2023-08-24T14:19:46Z</time></trkpt><trkpt lat="58.062707" lon="38.814563"><ele>98.6</ele><time>2023-08-24T14:19:48Z</time></trkpt><trkpt lat="58.062792" lon="38.814495"><ele>98.7</ele><time>2023-08-24T14:19:49Z</time></trkpt><trkpt lat="58.062882" lon="38.814523"><ele>97.6</ele><time>2023-08-24T14:19:51Z</time></trkpt><trkpt lat="58.062957" lon="38.814598"><ele>97.1</ele><time>2023-08-24T14:19:53Z</time></trkpt><trkpt lat="58.063038" lon="38.814632"><ele>97.1</ele><time>2023-08-24T14:19:55Z</time></trkpt><trkpt lat="58.063118" lon="38.814668"><ele>97.2</ele><time>2023-08-24T14:19:57Z</time></trkpt><trkpt lat="58.063212" lon="38.814695"><ele>96.9</ele><time>2023-08-24T14:19:59Z</time></trkpt><trkpt lat="58.063292" lon="38.814732"><ele>97.1</ele><time>2023-08-24T14:20:01Z</time></trkpt><trkpt lat="58.063375" lon="38.814705"><ele>97.3</ele><time>2023-08-24T14:20:03Z</time></trkpt><trkpt lat="58.063465" lon="38.814678"><ele>97.5</ele><time>2023-08-24T14:20:05Z</time></trkpt><trkpt lat="58.063507" lon="38.814547"><ele>97.3</ele><time>2023-08-24T14:20:07Z</time></trkpt><trkpt lat="58.06352" lon="38.814367"><ele>96.5</ele><time>2023-08-24T14:20:09Z</time></trkpt><trkpt lat="58.063525" lon="38.814212"><ele>95.8</ele><time>2023-08-24T14:20:11Z</time></trkpt><trkpt lat="58.06354" lon="38.814075"><ele>95.4</ele><time>2023-08-24T14:20:13Z</time></trkpt><trkpt lat="58.063542" lon="38.813922"><ele>94.7</ele><time>2023-08-24T14:20:16Z</time></trkpt><trkpt lat="58.063562" lon="38.81374"><ele>95.0</ele><time>2023-08-24T14:20:19Z</time></trkpt><trkpt lat="58.06357" lon="38.813597"><ele>96.0</ele><time>2023-08-24T14:20:21Z</time></trkpt><trkpt lat="58.06358" lon="38.813462"><ele>96.2</ele><time>2023-08-24T14:20:23Z</time></trkpt><trkpt lat="58.063592" lon="38.813273"><ele>96.4</ele><time>2023-08-24T14:20:26Z</time></trkpt><trkpt lat="58.063593" lon="38.813127"><ele>95.6</ele><time>2023-08-24T14:20:28Z</time></trkpt><trkpt lat="58.063607" lon="38.812957"><ele>95.6</ele><time>2023-08-24T14:20:30Z</time></trkpt><trkpt lat="58.063622" lon="38.812797"><ele>95.1</ele><time>2023-08-24T14:20:32Z</time></trkpt><trkpt lat="58.063637" lon="38.81264"><ele>96.1</ele><time>2023-08-24T14:20:34Z</time></trkpt><trkpt lat="58.063657" lon="38.812492"><ele>96.6</ele><time>2023-08-24T14:20:36Z</time></trkpt><trkpt lat="58.063678" lon="38.812343"><ele>96.1</ele><time>2023-08-24T14:20:38Z</time></trkpt><trkpt lat="58.063702" lon="38.812212"><ele>96.5</ele><time>2023-08-24T14:20:40Z</time></trkpt><trkpt lat="58.063795" lon="38.812127"><ele>96.4</ele><time>2023-08-24T14:20:43Z</time></trkpt><trkpt lat="58.063865" lon="38.812153"><ele>97.8</ele><time>2023-08-24T14:20:45Z</time></trkpt><trkpt lat="58.063968" lon="38.812202"><ele>97.5</ele><time>2023-08-24T14:20:48Z</time></trkpt><trkpt lat="58.064075" lon="38.81221"><ele>96.3</ele><time>2023-08-24T14:20:51Z</time></trkpt><trkpt lat="58.064147" lon="38.812185"><ele>95.9</ele><time>2023-08-24T14:20:53Z</time></trkpt><trkpt lat="58.06422" lon="38.812163"><ele>95.8</ele><time>2023-08-24T14:20:55Z</time></trkpt><trkpt lat="58.064327" lon="38.812163"><ele>96.3</ele><time>2023-08-24T14:20:58Z</time></trkpt><trkpt lat="58.06443" lon="38.812172"><ele>96.3</ele><time>2023-08-24T14:21:01Z</time></trkpt><trkpt lat="58.064525" lon="38.812158"><ele>95.7</ele><time>2023-08-24T14:21:04Z</time></trkpt><trkpt lat="58.064605" lon="38.812095"><ele>96.5</ele><time>2023-08-24T14:21:07Z</time></trkpt><trkpt lat="58.064665" lon="38.812002"><ele>96.8</ele><time>2023-08-24T14:21:10Z</time></trkpt><trkpt lat="58.064712" lon="38.811893"><ele>97.2</ele><time>2023-08-24T14:21:13Z</time></trkpt><trkpt lat="58.064752" lon="38.811755"><ele>98.5</ele><time>2023-08-24T14:21:17Z</time></trkpt><trkpt lat="58.064775" lon="38.811597"><ele>98.5</ele><time>2023-08-24T14:21:23Z</time></trkpt><trkpt lat="58.064778" lon="38.811445"><ele>99.2</ele><time>2023-08-24T14:21:28Z</time></trkpt><trkpt lat="58.064775" lon="38.81129"><ele>99.5</ele><time>2023-08-24T14:21:34Z</time></trkpt><trkpt lat="58.0648" lon="38.811153"><ele>98.8</ele><time>2023-08-24T14:21:39Z</time></trkpt><trkpt lat="58.064815" lon="38.811015"><ele>99.3</ele><time>2023-08-24T14:21:44Z</time></trkpt><trkpt lat="58.064822" lon="38.810848"><ele>99.7</ele><time>2023-08-24T14:21:49Z</time></trkpt><trkpt lat="58.064865" lon="38.810735"><ele>99.4</ele><time>2023-08-24T14:21:53Z</time></trkpt><trkpt lat="58.064922" lon="38.810613"><ele>98.9</ele><time>2023-08-24T14:21:58Z</time></trkpt><trkpt lat="58.064923" lon="38.810478"><ele>99.7</ele><time>2023-08-24T14:22:29Z</time></trkpt><trkpt lat="58.065012" lon="38.810403"><ele>99.3</ele><time>2023-08-24T14:22:34Z</time></trkpt><trkpt lat="58.065075" lon="38.810312"><ele>99.1</ele><time>2023-08-24T14:22:36Z</time></trkpt><trkpt lat="58.065142" lon="38.810203"><ele>99.1</ele><time>2023-08-24T14:22:38Z</time></trkpt><trkpt lat="58.065198" lon="38.810108"><ele>99.3</ele><time>2023-08-24T14:22:40Z</time></trkpt><trkpt lat="58.065237" lon="38.809968"><ele>99.0</ele><time>2023-08-24T14:22:43Z</time></trkpt><trkpt lat="58.065203" lon="38.80981"><ele>97.8</ele><time>2023-08-24T14:22:47Z</time></trkpt><trkpt lat="58.065118" lon="38.80977"><ele>97.3</ele><time>2023-08-24T14:22:50Z</time></trkpt><trkpt lat="58.065043" lon="38.809767"><ele>97.7</ele><time>2023-08-24T14:22:52Z</time></trkpt><trkpt lat="58.06495" lon="38.809753"><ele>97.4</ele><time>2023-08-24T14:22:55Z</time></trkpt><trkpt lat="58.064875" lon="38.809735"><ele>97.2</ele><time>2023-08-24T14:22:58Z</time></trkpt><trkpt lat="58.064793" lon="38.809713"><ele>97.9</ele><time>2023-08-24T14:23:02Z</time></trkpt><trkpt lat="58.0647" lon="38.809722"><ele>98.6</ele><time>2023-08-24T14:23:07Z</time></trkpt><trkpt lat="58.064615" lon="38.80972"><ele>98.8</ele><time>2023-08-24T14:23:10Z</time></trkpt><trkpt lat="58.064533" lon="38.809728"><ele>98.2</ele><time>2023-08-24T14:23:13Z</time></trkpt><trkpt lat="58.064457" lon="38.809707"><ele>97.6</ele><time>2023-08-24T14:23:16Z</time></trkpt><trkpt lat="58.064367" lon="38.809682"><ele>97.1</ele><time>2023-08-24T14:23:19Z</time></trkpt><trkpt lat="58.064292" lon="38.809628"><ele>97.0</ele><time>2023-08-24T14:23:22Z</time></trkpt><trkpt lat="58.064227" lon="38.809562"><ele>96.6</ele><time>2023-08-24T14:23:26Z</time></trkpt><trkpt lat="58.064145" lon="38.809537"><ele>97.5</ele><time>2023-08-24T14:23:30Z</time></trkpt><trkpt lat="58.064075" lon="38.809472"><ele>97.9</ele><time>2023-08-24T14:23:35Z</time></trkpt><trkpt lat="58.064055" lon="38.809328"><ele>97.0</ele><time>2023-08-24T14:23:42Z</time></trkpt><trkpt lat="58.064015" lon="38.809157"><ele>96.4</ele><time>2023-08-24T14:23:46Z</time></trkpt><trkpt lat="58.063942" lon="38.809107"><ele>97.7</ele><time>2023-08-24T14:23:50Z</time></trkpt><trkpt lat="58.063843" lon="38.809097"><ele>97.6</ele><time>2023-08-24T14:23:57Z</time></trkpt><trkpt lat="58.063757" lon="38.809115"><ele>97.6</ele><time>2023-08-24T14:24:00Z</time></trkpt><trkpt lat="58.06381" lon="38.809"><ele>98.2</ele><time>2023-08-24T14:24:08Z</time></trkpt><trkpt lat="58.0638" lon="38.808862"><ele>98.5</ele><time>2023-08-24T14:24:13Z</time></trkpt><trkpt lat="58.063777" lon="38.808732"><ele>98.9</ele><time>2023-08-24T14:24:18Z</time></trkpt><trkpt lat="58.06377" lon="38.808592"><ele>98.6</ele><time>2023-08-24T14:24:23Z</time></trkpt><trkpt lat="58.063772" lon="38.808423"><ele>102.0</ele><time>2023-08-24T14:26:49Z</time></trkpt><trkpt lat="58.063707" lon="38.808365"><ele>102.4</ele><time>2023-08-24T14:26:51Z</time></trkpt><trkpt lat="58.063635" lon="38.808338"><ele>102.7</ele><time>2023-08-24T14:26:53Z</time></trkpt><trkpt lat="58.063553" lon="38.808322"><ele>103.6</ele><time>2023-08-24T14:26:56Z</time></trkpt><trkpt lat="58.063473" lon="38.808308"><ele>104.0</ele><time>2023-08-24T14:27:01Z</time></trkpt><trkpt lat="58.063395" lon="38.808273"><ele>104.0</ele><time>2023-08-24T14:27:06Z</time></trkpt><trkpt lat="58.06332" lon="38.808277"><ele>104.5</ele><time>2023-08-24T14:27:11Z</time></trkpt><trkpt lat="58.063238" lon="38.808268"><ele>104.3</ele><time>2023-08-24T14:27:15Z</time></trkpt><trkpt lat="58.06315" lon="38.808262"><ele>105.0</ele><time>2023-08-24T14:27:19Z</time></trkpt><trkpt lat="58.063077" lon="38.80825"><ele>104.9</ele><time>2023-08-24T14:27:23Z</time></trkpt><trkpt lat="58.06299" lon="38.80824"><ele>104.9</ele><time>2023-08-24T14:27:26Z</time></trkpt><trkpt lat="58.062907" lon="38.808213"><ele>104.7</ele><time>2023-08-24T14:27:29Z</time></trkpt><trkpt lat="58.062818" lon="38.808173"><ele>104.4</ele><time>2023-08-24T14:27:33Z</time></trkpt><trkpt lat="58.06274" lon="38.808132"><ele>104.5</ele><time>2023-08-24T14:27:36Z</time></trkpt><trkpt lat="58.06267" lon="38.80811"><ele>104.2</ele><time>2023-08-24T14:27:38Z</time></trkpt><trkpt lat="58.062577" lon="38.80809"><ele>104.2</ele><time>2023-08-24T14:27:41Z</time></trkpt><trkpt lat="58.062492" lon="38.808078"><ele>103.5</ele><time>2023-08-24T14:27:45Z</time></trkpt><trkpt lat="58.062408" lon="38.808062"><ele>103.4</ele><time>2023-08-24T14:27:50Z</time></trkpt><trkpt lat="58.062322" lon="38.808063"><ele>103.2</ele><time>2023-08-24T14:27:54Z</time></trkpt><trkpt lat="58.06222" lon="38.80806"><ele>103.1</ele><time>2023-08-24T14:27:58Z</time></trkpt><trkpt lat="58.062117" lon="38.808047"><ele>103.1</ele><time>2023-08-24T14:28:01Z</time></trkpt><trkpt lat="58.062035" lon="38.80805"><ele>103.4</ele><time>2023-08-24T14:28:03Z</time></trkpt><trkpt lat="58.061932" lon="38.80803"><ele>103.4</ele><time>2023-08-24T14:28:06Z</time></trkpt><trkpt lat="58.061842" lon="38.808013"><ele>103.2</ele><time>2023-08-24T14:28:09Z</time></trkpt><trkpt lat="58.061763" lon="38.808008"><ele>103.1</ele><time>2023-08-24T14:28:12Z</time></trkpt><trkpt lat="58.061673" lon="38.807993"><ele>103.3</ele><time>2023-08-24T14:28:16Z</time></trkpt><trkpt lat="58.061593" lon="38.807962"><ele>103.5</ele><time>2023-08-24T14:28:27Z</time></trkpt><trkpt lat="58.061517" lon="38.807947"><ele>103.7</ele><time>2023-08-24T14:28:29Z</time></trkpt><trkpt lat="58.061437" lon="38.807928"><ele>103.3</ele><time>2023-08-24T14:28:31Z</time></trkpt><trkpt lat="58.06136" lon="38.807895"><ele>103.3</ele><time>2023-08-24T14:28:33Z</time></trkpt><trkpt lat="58.061285" lon="38.807853"><ele>103.5</ele><time>2023-08-24T14:28:35Z</time></trkpt><trkpt lat="58.061205" lon="38.80784"><ele>103.2</ele><time>2023-08-24T14:28:37Z</time></trkpt><trkpt lat="58.061123" lon="38.807827"><ele>103.5</ele><time>2023-08-24T14:28:40Z</time></trkpt><trkpt lat="58.06104" lon="38.807807"><ele>102.5</ele><time>2023-08-24T14:28:44Z</time></trkpt><trkpt lat="58.060953" lon="38.807805"><ele>102.3</ele><time>2023-08-24T14:28:49Z</time></trkpt><trkpt lat="58.060848" lon="38.807807"><ele>103.1</ele><time>2023-08-24T14:28:52Z</time></trkpt><trkpt lat="58.060775" lon="38.807792"><ele>102.9</ele><time>2023-08-24T14:28:55Z</time></trkpt><trkpt lat="58.060693" lon="38.807757"><ele>102.8</ele><time>2023-08-24T14:28:59Z</time></trkpt><trkpt lat="58.060613" lon="38.807732"><ele>103.2</ele><time>2023-08-24T14:29:03Z</time></trkpt><trkpt lat="58.06055" lon="38.807657"><ele>101.8</ele><time>2023-08-24T14:31:31Z</time></trkpt><trkpt lat="58.060622" lon="38.807703"><ele>102.4</ele><time>2023-08-24T14:31:37Z</time></trkpt><trkpt lat="58.06072" lon="38.807723"><ele>101.4</ele><time>2023-08-24T14:32:30Z</time></trkpt><trkpt lat="58.060818" lon="38.807742"><ele>101.7</ele><time>2023-08-24T14:32:33Z</time></trkpt><trkpt lat="58.060903" lon="38.807752"><ele>101.3</ele><time>2023-08-24T14:32:36Z</time></trkpt><trkpt lat="58.061002" lon="38.807762"><ele>101.5</ele><time>2023-08-24T14:32:39Z</time></trkpt><trkpt lat="58.061083" lon="38.807772"><ele>101.6</ele><time>2023-08-24T14:32:42Z</time></trkpt><trkpt lat="58.061158" lon="38.807775"><ele>101.4</ele><time>2023-08-24T14:32:45Z</time></trkpt><trkpt lat="58.06124" lon="38.807808"><ele>101.7</ele><time>2023-08-24T14:32:49Z</time></trkpt><trkpt lat="58.061328" lon="38.807833"><ele>102.1</ele><time>2023-08-24T14:32:53Z</time></trkpt><trkpt lat="58.061407" lon="38.807862"><ele>102.3</ele><time>2023-08-24T14:32:57Z</time></trkpt><trkpt lat="58.061487" lon="38.807908"><ele>102.4</ele><time>2023-08-24T14:33:01Z</time></trkpt><trkpt lat="58.061547" lon="38.808015"><ele>102.2</ele><time>2023-08-24T14:33:04Z</time></trkpt><trkpt lat="58.061612" lon="38.808095"><ele>101.8</ele><time>2023-08-24T14:33:07Z</time></trkpt><trkpt lat="58.061693" lon="38.808103"><ele>101.9</ele><time>2023-08-24T14:33:10Z</time></trkpt><trkpt lat="58.061782" lon="38.808113"><ele>101.8</ele><time>2023-08-24T14:33:14Z</time></trkpt><trkpt lat="58.061868" lon="38.80813"><ele>102.2</ele><time>2023-08-24T14:33:17Z</time></trkpt><trkpt lat="58.061943" lon="38.808148"><ele>102.0</ele><time>2023-08-24T14:33:20Z</time></trkpt><trkpt lat="58.062023" lon="38.808182"><ele>102.3</ele><time>2023-08-24T14:33:34Z</time></trkpt><trkpt lat="58.062125" lon="38.808217"><ele>102.5</ele><time>2023-08-24T14:33:37Z</time></trkpt><trkpt lat="58.06221" lon="38.808235"><ele>102.4</ele><time>2023-08-24T14:33:39Z</time></trkpt><trkpt lat="58.06229" lon="38.80823"><ele>102.3</ele><time>2023-08-24T14:33:42Z</time></trkpt><trkpt lat="58.062385" lon="38.808242"><ele>102.2</ele><time>2023-08-24T14:33:45Z</time></trkpt><trkpt lat="58.06247" lon="38.808252"><ele>102.6</ele><time>2023-08-24T14:33:48Z</time></trkpt><trkpt lat="58.06256" lon="38.808255"><ele>102.9</ele><time>2023-08-24T14:33:51Z</time></trkpt><trkpt lat="58.062648" lon="38.808275"><ele>103.6</ele><time>2023-08-24T14:33:54Z</time></trkpt><trkpt lat="58.06274" lon="38.808302"><ele>103.4</ele><time>2023-08-24T14:33:57Z</time></trkpt><trkpt lat="58.062827" lon="38.80834"><ele>102.9</ele><time>2023-08-24T14:34:00Z</time></trkpt><trkpt lat="58.062923" lon="38.808377"><ele>102.9</ele><time>2023-08-24T14:34:03Z</time></trkpt><trkpt lat="58.06302" lon="38.808397"><ele>103.5</ele><time>2023-08-24T14:34:06Z</time></trkpt><trkpt lat="58.063107" lon="38.808393"><ele>103.8</ele><time>2023-08-24T14:34:09Z</time></trkpt><trkpt lat="58.063185" lon="38.808377"><ele>103.4</ele><time>2023-08-24T14:34:13Z</time></trkpt><trkpt lat="58.063283" lon="38.808365"><ele>103.4</ele><time>2023-08-24T14:34:17Z</time></trkpt><trkpt lat="58.06336" lon="38.808363"><ele>103.7</ele><time>2023-08-24T14:34:19Z</time></trkpt><trkpt lat="58.063463" lon="38.808367"><ele>103.2</ele><time>2023-08-24T14:34:22Z</time></trkpt><trkpt lat="58.06356" lon="38.808355"><ele>102.8</ele><time>2023-08-24T14:34:25Z</time></trkpt><trkpt lat="58.063645" lon="38.808345"><ele>102.6</ele><time>2023-08-24T14:34:28Z</time></trkpt><trkpt lat="58.063725" lon="38.808355"><ele>102.2</ele><time>2023-08-24T14:34:31Z</time></trkpt><trkpt lat="58.063795" lon="38.80831"><ele>102.8</ele><time>2023-08-24T14:34:34Z</time></trkpt><trkpt lat="58.063835" lon="38.808147"><ele>103.5</ele><time>2023-08-24T14:34:38Z</time></trkpt><trkpt lat="58.063853" lon="38.807997"><ele>103.4</ele><time>2023-08-24T14:34:41Z</time></trkpt><trkpt lat="58.06388" lon="38.807807"><ele>102.9</ele><time>2023-08-24T14:34:44Z</time></trkpt><trkpt lat="58.063915" lon="38.807647"><ele>102.9</ele><time>2023-08-24T14:34:46Z</time></trkpt><trkpt lat="58.063935" lon="38.807503"><ele>103.5</ele><time>2023-08-24T14:34:48Z</time></trkpt><trkpt lat="58.063943" lon="38.807335"><ele>103.4</ele><time>2023-08-24T14:34:50Z</time></trkpt><trkpt lat="58.06393" lon="38.807173"><ele>103.7</ele><time>2023-08-24T14:34:52Z</time></trkpt><trkpt lat="58.063915" lon="38.80703"><ele>103.9</ele><time>2023-08-24T14:34:54Z</time></trkpt><trkpt lat="58.063907" lon="38.806845"><ele>105.4</ele><time>2023-08-24T14:34:57Z</time></trkpt><trkpt lat="58.063935" lon="38.806718"><ele>104.8</ele><time>2023-08-24T14:35:01Z</time></trkpt><trkpt lat="58.063993" lon="38.806635"><ele>104.5</ele><time>2023-08-24T14:35:05Z</time></trkpt><trkpt lat="58.064065" lon="38.806712"><ele>103.8</ele><time>2023-08-24T14:35:10Z</time></trkpt><trkpt lat="58.064142" lon="38.806805"><ele>102.7</ele><time>2023-08-24T14:35:13Z</time></trkpt><trkpt lat="58.064253" lon="38.806825"><ele>103.7</ele><time>2023-08-24T14:35:15Z</time></trkpt><trkpt lat="58.064327" lon="38.80692"><ele>102.7</ele><time>2023-08-24T14:35:19Z</time></trkpt><trkpt lat="58.064297" lon="38.807047"><ele>102.5</ele><time>2023-08-24T14:35:21Z</time></trkpt><trkpt lat="58.064273" lon="38.807235"><ele>101.9</ele><time>2023-08-24T14:35:24Z</time></trkpt><trkpt lat="58.064255" lon="38.8074"><ele>101.9</ele><time>2023-08-24T14:35:27Z</time></trkpt><trkpt lat="58.064228" lon="38.807535"><ele>102.0</ele><time>2023-08-24T14:35:30Z</time></trkpt><trkpt lat="58.064235" lon="38.807373"><ele>102.6</ele><time>2023-08-24T14:35:54Z</time></trkpt><trkpt lat="58.064277" lon="38.807213"><ele>103.3</ele><time>2023-08-24T14:35:58Z</time></trkpt><trkpt lat="58.064275" lon="38.807058"><ele>104.4</ele><time>2023-08-24T14:36:03Z</time></trkpt><trkpt lat="58.064197" lon="38.807043"><ele>104.7</ele><time>2023-08-24T14:36:10Z</time></trkpt><trkpt lat="58.064122" lon="38.80707"><ele>103.2</ele><time>2023-08-24T14:36:16Z</time></trkpt><trkpt lat="58.064035" lon="38.807105"><ele>103.4</ele><time>2023-08-24T14:36:24Z</time></trkpt><trkpt lat="58.063945" lon="38.807143"><ele>103.2</ele><time>2023-08-24T14:36:28Z</time></trkpt><trkpt lat="58.063867" lon="38.807123"><ele>103.1</ele><time>2023-08-24T14:36:31Z</time></trkpt><trkpt lat="58.063762" lon="38.807102"><ele>103.2</ele><time>2023-08-24T14:36:35Z</time></trkpt><trkpt lat="58.063668" lon="38.807065"><ele>103.4</ele><time>2023-08-24T14:36:38Z</time></trkpt><trkpt lat="58.063567" lon="38.807027"><ele>104.4</ele><time>2023-08-24T14:36:41Z</time></trkpt><trkpt lat="58.063468" lon="38.806995"><ele>105.2</ele><time>2023-08-24T14:36:44Z</time></trkpt><trkpt lat="58.06337" lon="38.806968"><ele>105.1</ele><time>2023-08-24T14:36:47Z</time></trkpt><trkpt lat="58.063298" lon="38.806942"><ele>104.8</ele><time>2023-08-24T14:36:49Z</time></trkpt><trkpt lat="58.06321" lon="38.807002"><ele>104.8</ele><time>2023-08-24T14:36:52Z</time></trkpt><trkpt lat="58.063192" lon="38.807212"><ele>104.2</ele><time>2023-08-24T14:36:55Z</time></trkpt><trkpt lat="58.063185" lon="38.807372"><ele>104.5</ele><time>2023-08-24T14:36:57Z</time></trkpt><trkpt lat="58.063177" lon="38.807532"><ele>104.8</ele><time>2023-08-24T14:36:59Z</time></trkpt><trkpt lat="58.063167" lon="38.807672"><ele>104.4</ele><time>2023-08-24T14:37:01Z</time></trkpt><trkpt lat="58.063157" lon="38.807825"><ele>104.0</ele><time>2023-08-24T14:37:03Z</time></trkpt><trkpt lat="58.063147" lon="38.807963"><ele>103.1</ele><time>2023-08-24T14:37:05Z</time></trkpt><trkpt lat="58.063083" lon="38.808087"><ele>103.2</ele><time>2023-08-24T14:37:09Z</time></trkpt><trkpt lat="58.063012" lon="38.808142"><ele>103.2</ele><time>2023-08-24T14:37:12Z</time></trkpt><trkpt lat="58.062928" lon="38.80813"><ele>103.6</ele><time>2023-08-24T14:37:14Z</time></trkpt><trkpt lat="58.062835" lon="38.808102"><ele>103.9</ele><time>2023-08-24T14:37:16Z</time></trkpt><trkpt lat="58.062747" lon="38.808092"><ele>103.6</ele><time>2023-08-24T14:37:18Z</time></trkpt><trkpt lat="58.062645" lon="38.808075"><ele>103.8</ele><time>2023-08-24T14:37:21Z</time></trkpt><trkpt lat="58.062542" lon="38.80804"><ele>104.0</ele><time>2023-08-24T14:37:24Z</time></trkpt><trkpt lat="58.062463" lon="38.808027"><ele>103.8</ele><time>2023-08-24T14:37:26Z</time></trkpt><trkpt lat="58.06239" lon="38.808018"><ele>103.0</ele><time>2023-08-24T14:37:28Z</time></trkpt><trkpt lat="58.062315" lon="38.807952"><ele>104.1</ele><time>2023-08-24T14:37:32Z</time></trkpt><trkpt lat="58.06222" lon="38.80794"><ele>103.3</ele><time>2023-08-24T14:37:35Z</time></trkpt><trkpt lat="58.06214" lon="38.80793"><ele>102.9</ele><time>2023-08-24T14:37:38Z</time></trkpt><trkpt lat="58.06205" lon="38.80791"><ele>102.6</ele><time>2023-08-24T14:37:41Z</time></trkpt><trkpt lat="58.061968" lon="38.8079"><ele>102.5</ele><time>2023-08-24T14:37:44Z</time></trkpt><trkpt lat="58.061863" lon="38.807893"><ele>102.8</ele><time>2023-08-24T14:37:47Z</time></trkpt><trkpt lat="58.061783" lon="38.807898"><ele>103.0</ele><time>2023-08-24T14:37:49Z</time></trkpt><trkpt lat="58.061708" lon="38.807902"><ele>103.0</ele><time>2023-08-24T14:37:51Z</time></trkpt><trkpt lat="58.061607" lon="38.807897"><ele>102.4</ele><time>2023-08-24T14:37:54Z</time></trkpt><trkpt lat="58.061525" lon="38.807882"><ele>102.8</ele><time>2023-08-24T14:37:57Z</time></trkpt><trkpt lat="58.061422" lon="38.807873"><ele>104.0</ele><time>2023-08-24T14:38:00Z</time></trkpt><trkpt lat="58.061335" lon="38.807875"><ele>103.6</ele><time>2023-08-24T14:38:03Z</time></trkpt><trkpt lat="58.06124" lon="38.807842"><ele>103.7</ele><time>2023-08-24T14:38:06Z</time></trkpt><trkpt lat="58.061143" lon="38.807808"><ele>104.3</ele><time>2023-08-24T14:38:09Z</time></trkpt><trkpt lat="58.06106" lon="38.807773"><ele>104.5</ele><time>2023-08-24T14:38:12Z</time></trkpt><trkpt lat="58.060978" lon="38.807745"><ele>104.4</ele><time>2023-08-24T14:38:15Z</time></trkpt><trkpt lat="58.060888" lon="38.807738"><ele>105.1</ele><time>2023-08-24T14:38:18Z</time></trkpt><trkpt lat="58.0608" lon="38.807743"><ele>104.4</ele><time>2023-08-24T14:38:21Z</time></trkpt><trkpt lat="58.060698" lon="38.807753"><ele>106.0</ele><time>2023-08-24T14:38:24Z</time></trkpt><trkpt lat="58.060618" lon="38.807717"><ele>105.6</ele><time>2023-08-24T14:38:28Z</time></trkpt><trkpt lat="58.060545" lon="38.807725"><ele>104.7</ele><time>2023-08-24T14:38:34Z</time></trkpt><trkpt lat="58.060473" lon="38.807637"><ele>104.2</ele><time>2023-08-24T14:39:03Z</time></trkpt><trkpt lat="58.060393" lon="38.807612"><ele>103.7</ele><time>2023-08-24T14:39:08Z</time></trkpt><trkpt lat="58.060317" lon="38.807585"><ele>104.2</ele><time>2023-08-24T14:39:15Z</time></trkpt><trkpt lat="58.060237" lon="38.807575"><ele>105.0</ele><time>2023-08-24T14:39:27Z</time></trkpt><trkpt lat="58.060158" lon="38.807537"><ele>104.5</ele><time>2023-08-24T14:39:31Z</time></trkpt><trkpt lat="58.060063" lon="38.80753"><ele>105.8</ele><time>2023-08-24T14:39:34Z</time></trkpt><trkpt lat="58.059952" lon="38.807517"><ele>105.3</ele><time>2023-08-24T14:39:37Z</time></trkpt><trkpt lat="58.059863" lon="38.80749"><ele>105.3</ele><time>2023-08-24T14:39:39Z</time></trkpt><trkpt lat="58.059775" lon="38.807473"><ele>105.5</ele><time>2023-08-24T14:39:41Z</time></trkpt><trkpt lat="58.05968" lon="38.807485"><ele>105.8</ele><time>2023-08-24T14:39:44Z</time></trkpt><trkpt lat="58.0596" lon="38.807533"><ele>105.6</ele><time>2023-08-24T14:39:47Z</time></trkpt><trkpt lat="58.05952" lon="38.807493"><ele>105.2</ele><time>2023-08-24T14:39:50Z</time></trkpt><trkpt lat="58.059428" lon="38.807458"><ele>105.2</ele><time>2023-08-24T14:39:53Z</time></trkpt><trkpt lat="58.059343" lon="38.807447"><ele>105.0</ele><time>2023-08-24T14:39:56Z</time></trkpt><trkpt lat="58.059235" lon="38.80742"><ele>105.0</ele><time>2023-08-24T14:39:59Z</time></trkpt><trkpt lat="58.059148" lon="38.80741"><ele>105.2</ele><time>2023-08-24T14:40:01Z</time></trkpt><trkpt lat="58.059028" lon="38.807382"><ele>105.8</ele><time>2023-08-24T14:40:03Z</time></trkpt><trkpt lat="58.058958" lon="38.807305"><ele>105.9</ele><time>2023-08-24T14:40:05Z</time></trkpt><trkpt lat="58.058863" lon="38.807258"><ele>106.3</ele><time>2023-08-24T14:40:07Z</time></trkpt><trkpt lat="58.058772" lon="38.807212"><ele>106.7</ele><time>2023-08-24T14:40:09Z</time></trkpt><trkpt lat="58.058645" lon="38.807243"><ele>106.8</ele><time>2023-08-24T14:40:11Z</time></trkpt><trkpt lat="58.058543" lon="38.80724"><ele>105.7</ele><time>2023-08-24T14:40:13Z</time></trkpt><trkpt lat="58.058457" lon="38.807233"><ele>105.4</ele><time>2023-08-24T14:40:15Z</time></trkpt><trkpt lat="58.058385" lon="38.807215"><ele>105.5</ele><time>2023-08-24T14:40:17Z</time></trkpt><trkpt lat="58.058275" lon="38.807183"><ele>105.4</ele><time>2023-08-24T14:40:19Z</time></trkpt><trkpt lat="58.058165" lon="38.807173"><ele>105.5</ele><time>2023-08-24T14:40:21Z</time></trkpt><trkpt lat="58.058062" lon="38.807148"><ele>105.4</ele><time>2023-08-24T14:40:23Z</time></trkpt><trkpt lat="58.057932" lon="38.80717"><ele>104.6</ele><time>2023-08-24T14:40:25Z</time></trkpt><trkpt lat="58.057837" lon="38.807185"><ele>104.2</ele><time>2023-08-24T14:40:27Z</time></trkpt><trkpt lat="58.057765" lon="38.80715"><ele>104.1</ele><time>2023-08-24T14:40:29Z</time></trkpt><trkpt lat="58.057635" lon="38.807123"><ele>104.2</ele><time>2023-08-24T14:40:32Z</time></trkpt><trkpt lat="58.057635" lon="38.806985"><ele>103.1</ele><time>2023-08-24T14:40:34Z</time></trkpt><trkpt lat="58.057622" lon="38.806845"><ele>103.3</ele><time>2023-08-24T14:40:37Z</time></trkpt><trkpt lat="58.057577" lon="38.806713"><ele>103.9</ele><time>2023-08-24T14:40:41Z</time></trkpt><trkpt lat="58.05749" lon="38.806697"><ele>103.8</ele><time>2023-08-24T14:40:44Z</time></trkpt><trkpt lat="58.057388" lon="38.806688"><ele>104.1</ele><time>2023-08-24T14:40:46Z</time></trkpt><trkpt lat="58.057313" lon="38.806675"><ele>104.2</ele><time>2023-08-24T14:40:48Z</time></trkpt><trkpt lat="58.057207" lon="38.806675"><ele>104.6</ele><time>2023-08-24T14:40:51Z</time></trkpt><trkpt lat="58.057118" lon="38.806667"><ele>104.5</ele><time>2023-08-24T14:40:53Z</time></trkpt><trkpt lat="58.057033" lon="38.806652"><ele>105.2</ele><time>2023-08-24T14:40:55Z</time></trkpt><trkpt lat="58.056958" lon="38.806633"><ele>105.7</ele><time>2023-08-24T14:40:57Z</time></trkpt><trkpt lat="58.056875" lon="38.806605"><ele>106.3</ele><time>2023-08-24T14:41:01Z</time></trkpt><trkpt lat="58.056803" lon="38.806572"><ele>105.9</ele><time>2023-08-24T14:41:04Z</time></trkpt><trkpt lat="58.056718" lon="38.806525"><ele>106.0</ele><time>2023-08-24T14:41:07Z</time></trkpt><trkpt lat="58.056638" lon="38.806433"><ele>105.2</ele><time>2023-08-24T14:41:11Z</time></trkpt><trkpt lat="58.05658" lon="38.806312"><ele>104.6</ele><time>2023-08-24T14:41:14Z</time></trkpt><trkpt lat="58.056488" lon="38.806235"><ele>106.1</ele><time>2023-08-24T14:41:17Z</time></trkpt><trkpt lat="58.056412" lon="38.806217"><ele>106.1</ele><time>2023-08-24T14:41:19Z</time></trkpt><trkpt lat="58.056332" lon="38.806203"><ele>106.5</ele><time>2023-08-24T14:41:21Z</time></trkpt><trkpt lat="58.056238" lon="38.806165"><ele>106.8</ele><time>2023-08-24T14:41:24Z</time></trkpt><trkpt lat="58.056167" lon="38.806065"><ele>104.8</ele><time>2023-08-24T14:41:27Z</time></trkpt><trkpt lat="58.05615" lon="38.805903"><ele>105.3</ele><time>2023-08-24T14:41:30Z</time></trkpt><trkpt lat="58.056165" lon="38.805765"><ele>105.0</ele><time>2023-08-24T14:41:33Z</time></trkpt><trkpt lat="58.056198" lon="38.80558"><ele>105.1</ele><time>2023-08-24T14:41:36Z</time></trkpt><trkpt lat="58.05622" lon="38.80545"><ele>104.9</ele><time>2023-08-24T14:41:38Z</time></trkpt><trkpt lat="58.056218" lon="38.805268"><ele>105.1</ele><time>2023-08-24T14:41:41Z</time></trkpt><trkpt lat="58.056137" lon="38.805193"><ele>103.9</ele><time>2023-08-24T14:41:44Z</time></trkpt><trkpt lat="58.056085" lon="38.805063"><ele>103.7</ele><time>2023-08-24T14:41:48Z</time></trkpt><trkpt lat="58.056102" lon="38.804872"><ele>104.5</ele><time>2023-08-24T14:41:51Z</time></trkpt><trkpt lat="58.056108" lon="38.804672"><ele>105.2</ele><time>2023-08-24T14:41:54Z</time></trkpt><trkpt lat="58.056115" lon="38.804478"><ele>105.5</ele><time>2023-08-24T14:41:57Z</time></trkpt><trkpt lat="58.056125" lon="38.804303"><ele>105.6</ele><time>2023-08-24T14:42:00Z</time></trkpt><trkpt lat="58.056118" lon="38.804152"><ele>105.9</ele><time>2023-08-24T14:42:03Z</time></trkpt><trkpt lat="58.056132" lon="38.803978"><ele>106.3</ele><time>2023-08-24T14:42:06Z</time></trkpt><trkpt lat="58.056155" lon="38.803802"><ele>106.6</ele><time>2023-08-24T14:42:09Z</time></trkpt><trkpt lat="58.05618" lon="38.803617"><ele>106.3</ele><time>2023-08-24T14:42:12Z</time></trkpt><trkpt lat="58.056197" lon="38.803447"><ele>106.9</ele><time>2023-08-24T14:42:15Z</time></trkpt><trkpt lat="58.056203" lon="38.803285"><ele>106.0</ele><time>2023-08-24T14:42:18Z</time></trkpt><trkpt lat="58.056212" lon="38.803147"><ele>106.0</ele><time>2023-08-24T14:42:21Z</time></trkpt><trkpt lat="58.056222" lon="38.80299"><ele>106.0</ele><time>2023-08-24T14:42:24Z</time></trkpt><trkpt lat="58.056223" lon="38.802843"><ele>106.4</ele><time>2023-08-24T14:42:27Z</time></trkpt><trkpt lat="58.056237" lon="38.802693"><ele>105.8</ele><time>2023-08-24T14:42:30Z</time></trkpt><trkpt lat="58.056248" lon="38.802553"><ele>105.1</ele><time>2023-08-24T14:42:33Z</time></trkpt><trkpt lat="58.056262" lon="38.802398"><ele>105.5</ele><time>2023-08-24T14:42:36Z</time></trkpt><trkpt lat="58.056282" lon="38.802227"><ele>105.3</ele><time>2023-08-24T14:42:40Z</time></trkpt><trkpt lat="58.056297" lon="38.802067"><ele>105.8</ele><time>2023-08-24T14:42:44Z</time></trkpt><trkpt lat="58.056313" lon="38.80191"><ele>105.7</ele><time>2023-08-24T14:42:47Z</time></trkpt><trkpt lat="58.056328" lon="38.801765"><ele>104.8</ele><time>2023-08-24T14:42:50Z</time></trkpt><trkpt lat="58.056337" lon="38.801605"><ele>104.3</ele><time>2023-08-24T14:42:53Z</time></trkpt><trkpt lat="58.056348" lon="38.801432"><ele>104.7</ele><time>2023-08-24T14:42:56Z</time></trkpt><trkpt lat="58.056357" lon="38.801255"><ele>105.1</ele><time>2023-08-24T14:42:59Z</time></trkpt><trkpt lat="58.056362" lon="38.801097"><ele>105.4</ele><time>2023-08-24T14:43:02Z</time></trkpt><trkpt lat="58.056383" lon="38.800965"><ele>105.7</ele><time>2023-08-24T14:43:07Z</time></trkpt><trkpt lat="58.05638" lon="38.800793"><ele>106.8</ele><time>2023-08-24T14:45:55Z</time></trkpt><trkpt lat="58.056398" lon="38.800608"><ele>106.9</ele><time>2023-08-24T14:45:57Z</time></trkpt><trkpt lat="58.056418" lon="38.800408"><ele>107.4</ele><time>2023-08-24T14:45:59Z</time></trkpt><trkpt lat="58.056442" lon="38.800172"><ele>106.7</ele><time>2023-08-24T14:46:01Z</time></trkpt><trkpt lat="58.05646" lon="38.799937"><ele>106.1</ele><time>2023-08-24T14:46:03Z</time></trkpt><trkpt lat="58.056467" lon="38.799675"><ele>105.7</ele><time>2023-08-24T14:46:05Z</time></trkpt><trkpt lat="58.056485" lon="38.799408"><ele>106.4</ele><time>2023-08-24T14:46:07Z</time></trkpt><trkpt lat="58.056503" lon="38.79918"><ele>106.9</ele><time>2023-08-24T14:46:09Z</time></trkpt><trkpt lat="58.056508" lon="38.798993"><ele>106.9</ele><time>2023-08-24T14:46:11Z</time></trkpt><trkpt lat="58.056518" lon="38.798802"><ele>107.2</ele><time>2023-08-24T14:46:13Z</time></trkpt><trkpt lat="58.056532" lon="38.798608"><ele>107.8</ele><time>2023-08-24T14:46:15Z</time></trkpt><trkpt lat="58.056553" lon="38.798413"><ele>108.2</ele><time>2023-08-24T14:46:17Z</time></trkpt><trkpt lat="58.056565" lon="38.798223"><ele>108.7</ele><time>2023-08-24T14:46:19Z</time></trkpt><trkpt lat="58.056572" lon="38.798028"><ele>109.6</ele><time>2023-08-24T14:46:21Z</time></trkpt><trkpt lat="58.056582" lon="38.797822"><ele>116.0</ele><time>2023-08-24T14:46:40Z</time></trkpt><trkpt lat="58.056593" lon="38.79765"><ele>116.7</ele><time>2023-08-24T14:46:43Z</time></trkpt><trkpt lat="58.056608" lon="38.797498"><ele>115.0</ele><time>2023-08-24T14:46:46Z</time></trkpt><trkpt lat="58.05662" lon="38.797273"><ele>114.2</ele><time>2023-08-24T14:46:49Z</time></trkpt><trkpt lat="58.056628" lon="38.797062"><ele>113.4</ele><time>2023-08-24T14:46:51Z</time></trkpt><trkpt lat="58.056643" lon="38.796867"><ele>113.8</ele><time>2023-08-24T14:46:53Z</time></trkpt><trkpt lat="58.056663" lon="38.79667"><ele>113.4</ele><time>2023-08-24T14:46:55Z</time></trkpt><trkpt lat="58.056675" lon="38.796473"><ele>111.6</ele><time>2023-08-24T14:46:57Z</time></trkpt><trkpt lat="58.056685" lon="38.796273"><ele>111.4</ele><time>2023-08-24T14:46:59Z</time></trkpt><trkpt lat="58.056702" lon="38.796063"><ele>110.1</ele><time>2023-08-24T14:47:01Z</time></trkpt><trkpt lat="58.056707" lon="38.79583"><ele>111.3</ele><time>2023-08-24T14:47:03Z</time></trkpt><trkpt lat="58.056737" lon="38.795615"><ele>112.2</ele><time>2023-08-24T14:47:05Z</time></trkpt><trkpt lat="58.056742" lon="38.795392"><ele>111.8</ele><time>2023-08-24T14:47:07Z</time></trkpt><trkpt lat="58.056765" lon="38.795197"><ele>109.1</ele><time>2023-08-24T14:47:09Z</time></trkpt><trkpt lat="58.056765" lon="38.794967"><ele>107.5</ele><time>2023-08-24T14:47:11Z</time></trkpt><trkpt lat="58.056777" lon="38.794697"><ele>108.0</ele><time>2023-08-24T14:47:13Z</time></trkpt><trkpt lat="58.056797" lon="38.794448"><ele>108.0</ele><time>2023-08-24T14:47:15Z</time></trkpt><trkpt lat="58.056807" lon="38.794207"><ele>105.2</ele><time>2023-08-24T14:47:17Z</time></trkpt><trkpt lat="58.056817" lon="38.793947"><ele>105.4</ele><time>2023-08-24T14:47:19Z</time></trkpt><trkpt lat="58.056832" lon="38.793792"><ele>104.7</ele><time>2023-08-24T14:47:20Z</time></trkpt><trkpt lat="58.056833" lon="38.793607"><ele>104.7</ele><time>2023-08-24T14:47:21Z</time></trkpt><trkpt lat="58.056855" lon="38.793308"><ele>105.5</ele><time>2023-08-24T14:47:23Z</time></trkpt><trkpt lat="58.05688" lon="38.793175"><ele>105.1</ele><time>2023-08-24T14:47:24Z</time></trkpt><trkpt lat="58.056885" lon="38.793027"><ele>106.6</ele><time>2023-08-24T14:47:25Z</time></trkpt><trkpt lat="58.056897" lon="38.792877"><ele>106.6</ele><time>2023-08-24T14:47:26Z</time></trkpt><trkpt lat="58.0569" lon="38.792733"><ele>107.4</ele><time>2023-08-24T14:47:27Z</time></trkpt><trkpt lat="58.05693" lon="38.79248"><ele>109.4</ele><time>2023-08-24T14:47:29Z</time></trkpt><trkpt lat="58.056932" lon="38.79224"><ele>111.2</ele><time>2023-08-24T14:47:31Z</time></trkpt><trkpt lat="58.056935" lon="38.792028"><ele>111.3</ele><time>2023-08-24T14:47:33Z</time></trkpt><trkpt lat="58.056938" lon="38.791838"><ele>111.4</ele><time>2023-08-24T14:47:35Z</time></trkpt><trkpt lat="58.056945" lon="38.791635"><ele>110.1</ele><time>2023-08-24T14:47:37Z</time></trkpt><trkpt lat="58.056958" lon="38.791487"><ele>107.6</ele><time>2023-08-24T14:47:39Z</time></trkpt><trkpt lat="58.05697" lon="38.791343"><ele>108.4</ele><time>2023-08-24T14:47:41Z</time></trkpt><trkpt lat="58.05697" lon="38.791178"><ele>108.6</ele><time>2023-08-24T14:47:43Z</time></trkpt><trkpt lat="58.056988" lon="38.790975"><ele>108.3</ele><time>2023-08-24T14:47:45Z</time></trkpt><trkpt lat="58.056995" lon="38.79075"><ele>108.5</ele><time>2023-08-24T14:47:47Z</time></trkpt><trkpt lat="58.057028" lon="38.790473"><ele>108.0</ele><time>2023-08-24T14:47:49Z</time></trkpt><trkpt lat="58.057035" lon="38.790323"><ele>109.1</ele><time>2023-08-24T14:47:50Z</time></trkpt><trkpt lat="58.057038" lon="38.790172"><ele>108.6</ele><time>2023-08-24T14:47:51Z</time></trkpt><trkpt lat="58.057078" lon="38.789915"><ele>109.8</ele><time>2023-08-24T14:47:53Z</time></trkpt><trkpt lat="58.057087" lon="38.789683"><ele>110.0</ele><time>2023-08-24T14:47:55Z</time></trkpt><trkpt lat="58.057137" lon="38.789482"><ele>106.0</ele><time>2023-08-24T14:47:58Z</time></trkpt><trkpt lat="58.057177" lon="38.789325"><ele>101.5</ele><time>2023-08-24T14:48:00Z</time></trkpt><trkpt lat="58.057182" lon="38.789108"><ele>102.9</ele><time>2023-08-24T14:48:02Z</time></trkpt><trkpt lat="58.057188" lon="38.788922"><ele>101.5</ele><time>2023-08-24T14:48:05Z</time></trkpt><trkpt lat="58.057177" lon="38.788773"><ele>100.5</ele><time>2023-08-24T14:48:07Z</time></trkpt><trkpt lat="58.057185" lon="38.788622"><ele>100.9</ele><time>2023-08-24T14:48:09Z</time></trkpt><trkpt lat="58.057183" lon="38.788442"><ele>100.4</ele><time>2023-08-24T14:48:11Z</time></trkpt><trkpt lat="58.057183" lon="38.788217"><ele>100.6</ele><time>2023-08-24T14:48:13Z</time></trkpt><trkpt lat="58.057202" lon="38.78799"><ele>101.4</ele><time>2023-08-24T14:48:15Z</time></trkpt><trkpt lat="58.057207" lon="38.787752"><ele>102.2</ele><time>2023-08-24T14:48:17Z</time></trkpt><trkpt lat="58.057222" lon="38.78751"><ele>103.4</ele><time>2023-08-24T14:48:19Z</time></trkpt><trkpt lat="58.057237" lon="38.787282"><ele>104.8</ele><time>2023-08-24T14:48:21Z</time></trkpt><trkpt lat="58.057243" lon="38.78709"><ele>102.9</ele><time>2023-08-24T14:48:23Z</time></trkpt><trkpt lat="58.057248" lon="38.78686"><ele>102.8</ele><time>2023-08-24T14:48:25Z</time></trkpt><trkpt lat="58.057267" lon="38.786627"><ele>103.1</ele><time>2023-08-24T14:48:27Z</time></trkpt><trkpt lat="58.057288" lon="38.786413"><ele>102.9</ele><time>2023-08-24T14:48:29Z</time></trkpt><trkpt lat="58.057317" lon="38.786177"><ele>103.3</ele><time>2023-08-24T14:48:31Z</time></trkpt><trkpt lat="58.057335" lon="38.78594"><ele>104.2</ele><time>2023-08-24T14:48:33Z</time></trkpt><trkpt lat="58.057363" lon="38.78568"><ele>103.0</ele><time>2023-08-24T14:48:35Z</time></trkpt><trkpt lat="58.057365" lon="38.78554"><ele>102.9</ele><time>2023-08-24T14:48:36Z</time></trkpt><trkpt lat="58.057357" lon="38.785315"><ele>104.4</ele><time>2023-08-24T14:48:38Z</time></trkpt><trkpt lat="58.057352" lon="38.785148"><ele>104.5</ele><time>2023-08-24T14:48:40Z</time></trkpt><trkpt lat="58.057392" lon="38.785033"><ele>107.3</ele><time>2023-08-24T14:49:14Z</time></trkpt><trkpt lat="58.057427" lon="38.784883"><ele>108.5</ele><time>2023-08-24T14:49:18Z</time></trkpt><trkpt lat="58.05748" lon="38.784743"><ele>110.2</ele><time>2023-08-24T14:49:24Z</time></trkpt><trkpt lat="58.057538" lon="38.784598"><ele>110.6</ele><time>2023-08-24T14:49:27Z</time></trkpt><trkpt lat="58.057583" lon="38.784453"><ele>110.8</ele><time>2023-08-24T14:49:29Z</time></trkpt><trkpt lat="58.057642" lon="38.78429"><ele>111.4</ele><time>2023-08-24T14:49:31Z</time></trkpt><trkpt lat="58.057695" lon="38.784115"><ele>111.8</ele><time>2023-08-24T14:49:33Z</time></trkpt><trkpt lat="58.057755" lon="38.783948"><ele>113.2</ele><time>2023-08-24T14:49:35Z</time></trkpt><trkpt lat="58.05781" lon="38.783762"><ele>111.3</ele><time>2023-08-24T14:49:37Z</time></trkpt><trkpt lat="58.05787" lon="38.783593"><ele>111.9</ele><time>2023-08-24T14:49:39Z</time></trkpt><trkpt lat="58.057932" lon="38.783403"><ele>111.8</ele><time>2023-08-24T14:49:41Z</time></trkpt><trkpt lat="58.057997" lon="38.783217"><ele>111.4</ele><time>2023-08-24T14:49:43Z</time></trkpt><trkpt lat="58.058055" lon="38.783032"><ele>111.9</ele><time>2023-08-24T14:49:45Z</time></trkpt><trkpt lat="58.058117" lon="38.782868"><ele>111.4</ele><time>2023-08-24T14:49:47Z</time></trkpt><trkpt lat="58.05818" lon="38.782678"><ele>112.2</ele><time>2023-08-24T14:49:49Z</time></trkpt><trkpt lat="58.058238" lon="38.782503"><ele>112.7</ele><time>2023-08-24T14:49:51Z</time></trkpt><trkpt lat="58.058292" lon="38.782317"><ele>113.5</ele><time>2023-08-24T14:49:53Z</time></trkpt><trkpt lat="58.058332" lon="38.782172"><ele>114.3</ele><time>2023-08-24T14:49:56Z</time></trkpt><trkpt lat="58.058385" lon="38.782012"><ele>116.0</ele><time>2023-08-24T14:49:58Z</time></trkpt><trkpt lat="58.058445" lon="38.781903"><ele>114.6</ele><time>2023-08-24T14:50:00Z</time></trkpt><trkpt lat="58.058492" lon="38.781798"><ele>112.7</ele><time>2023-08-24T14:50:02Z</time></trkpt><trkpt lat="58.05853" lon="38.781658"><ele>109.4</ele><time>2023-08-24T14:50:04Z</time></trkpt><trkpt lat="58.058573" lon="38.781542"><ele>110.8</ele><time>2023-08-24T14:50:06Z</time></trkpt><trkpt lat="58.058627" lon="38.781382"><ele>110.6</ele><time>2023-08-24T14:50:09Z</time></trkpt><trkpt lat="58.058665" lon="38.78126"><ele>111.0</ele><time>2023-08-24T14:50:11Z</time></trkpt><trkpt lat="58.058732" lon="38.781147"><ele>108.9</ele><time>2023-08-24T14:50:13Z</time></trkpt><trkpt lat="58.058785" lon="38.781002"><ele>109.1</ele><time>2023-08-24T14:50:15Z</time></trkpt><trkpt lat="58.058832" lon="38.780835"><ele>108.5</ele><time>2023-08-24T14:50:17Z</time></trkpt><trkpt lat="58.058893" lon="38.780707"><ele>104.6</ele><time>2023-08-24T14:50:19Z</time></trkpt><trkpt lat="58.058938" lon="38.780577"><ele>104.3</ele><time>2023-08-24T14:50:21Z</time></trkpt><trkpt lat="58.059003" lon="38.780407"><ele>107.6</ele><time>2023-08-24T14:50:23Z</time></trkpt><trkpt lat="58.059078" lon="38.780305"><ele>105.5</ele><time>2023-08-24T14:50:25Z</time></trkpt><trkpt lat="58.059138" lon="38.78019"><ele>103.9</ele><time>2023-08-24T14:50:27Z</time></trkpt><trkpt lat="58.059188" lon="38.779998"><ele>106.4</ele><time>2023-08-24T14:50:29Z</time></trkpt><trkpt lat="58.059237" lon="38.779808"><ele>106.9</ele><time>2023-08-24T14:50:31Z</time></trkpt><trkpt lat="58.059285" lon="38.779622"><ele>107.8</ele><time>2023-08-24T14:50:33Z</time></trkpt><trkpt lat="58.059342" lon="38.779447"><ele>107.5</ele><time>2023-08-24T14:50:35Z</time></trkpt><trkpt lat="58.059393" lon="38.779283"><ele>108.5</ele><time>2023-08-24T14:50:37Z</time></trkpt><trkpt lat="58.059448" lon="38.77911"><ele>109.9</ele><time>2023-08-24T14:50:39Z</time></trkpt><trkpt lat="58.059503" lon="38.778958"><ele>111.7</ele><time>2023-08-24T14:50:41Z</time></trkpt><trkpt lat="58.05948" lon="38.778823"><ele>105.5</ele><time>2023-08-24T14:53:50Z</time></trkpt><trkpt lat="58.05953" lon="38.77869"><ele>105.4</ele><time>2023-08-24T14:53:53Z</time></trkpt><trkpt lat="58.059588" lon="38.778537"><ele>106.3</ele><time>2023-08-24T14:53:56Z</time></trkpt><trkpt lat="58.059643" lon="38.77839"><ele>106.8</ele><time>2023-08-24T14:53:59Z</time></trkpt><trkpt lat="58.059723" lon="38.778273"><ele>98.7</ele><time>2023-08-24T14:54:02Z</time></trkpt><trkpt lat="58.059773" lon="38.778168"><ele>98.2</ele><time>2023-08-24T14:54:04Z</time></trkpt><trkpt lat="58.059818" lon="38.778023"><ele>100.0</ele><time>2023-08-24T14:54:06Z</time></trkpt><trkpt lat="58.059873" lon="38.777862"><ele>100.1</ele><time>2023-08-24T14:54:08Z</time></trkpt><trkpt lat="58.05993" lon="38.777688"><ele>101.0</ele><time>2023-08-24T14:54:10Z</time></trkpt><trkpt lat="58.059972" lon="38.777523"><ele>101.5</ele><time>2023-08-24T14:54:12Z</time></trkpt><trkpt lat="58.060033" lon="38.777368"><ele>101.5</ele><time>2023-08-24T14:54:14Z</time></trkpt><trkpt lat="58.060077" lon="38.777192"><ele>101.8</ele><time>2023-08-24T14:54:16Z</time></trkpt><trkpt lat="58.060135" lon="38.77703"><ele>103.7</ele><time>2023-08-24T14:54:18Z</time></trkpt><trkpt lat="58.060212" lon="38.77681"><ele>104.2</ele><time>2023-08-24T14:54:20Z</time></trkpt><trkpt lat="58.060265" lon="38.776613"><ele>106.3</ele><time>2023-08-24T14:54:22Z</time></trkpt><trkpt lat="58.060273" lon="38.776455"><ele>103.2</ele><time>2023-08-24T14:54:24Z</time></trkpt><trkpt lat="58.060343" lon="38.776263"><ele>104.9</ele><time>2023-08-24T14:54:26Z</time></trkpt><trkpt lat="58.060422" lon="38.776115"><ele>105.6</ele><time>2023-08-24T14:54:28Z</time></trkpt><trkpt lat="58.060492" lon="38.77594"><ele>104.9</ele><time>2023-08-24T14:54:30Z</time></trkpt><trkpt lat="58.060532" lon="38.775807"><ele>101.8</ele><time>2023-08-24T14:54:32Z</time></trkpt><trkpt lat="58.060585" lon="38.775638"><ele>99.1</ele><time>2023-08-24T14:54:34Z</time></trkpt><trkpt lat="58.060637" lon="38.775463"><ele>101.5</ele><time>2023-08-24T14:54:36Z</time></trkpt><trkpt lat="58.060708" lon="38.775282"><ele>101.0</ele><time>2023-08-24T14:54:38Z</time></trkpt><trkpt lat="58.060783" lon="38.775107"><ele>101.7</ele><time>2023-08-24T14:54:40Z</time></trkpt><trkpt lat="58.060838" lon="38.774945"><ele>98.5</ele><time>2023-08-24T14:54:42Z</time></trkpt><trkpt lat="58.06088" lon="38.774813"><ele>99.1</ele><time>2023-08-24T14:54:44Z</time></trkpt><trkpt lat="58.060923" lon="38.774683"><ele>101.4</ele><time>2023-08-24T14:54:46Z</time></trkpt><trkpt lat="58.060975" lon="38.774543"><ele>101.7</ele><time>2023-08-24T14:54:48Z</time></trkpt><trkpt lat="58.061033" lon="38.774447"><ele>100.0</ele><time>2023-08-24T14:54:51Z</time></trkpt><trkpt lat="58.06108" lon="38.774313"><ele>100.1</ele><time>2023-08-24T14:54:53Z</time></trkpt><trkpt lat="58.061152" lon="38.774192"><ele>99.5</ele><time>2023-08-24T14:54:55Z</time></trkpt><trkpt lat="58.061182" lon="38.774037"><ele>98.7</ele><time>2023-08-24T14:54:57Z</time></trkpt><trkpt lat="58.06123" lon="38.773892"><ele>97.8</ele><time>2023-08-24T14:54:59Z</time></trkpt><trkpt lat="58.061325" lon="38.773785"><ele>93.7</ele><time>2023-08-24T14:55:01Z</time></trkpt><trkpt lat="58.061373" lon="38.773647"><ele>93.5</ele><time>2023-08-24T14:55:03Z</time></trkpt><trkpt lat="58.061418" lon="38.77351"><ele>94.8</ele><time>2023-08-24T14:55:05Z</time></trkpt><trkpt lat="58.061463" lon="38.773333"><ele>94.9</ele><time>2023-08-24T14:55:07Z</time></trkpt><trkpt lat="58.061507" lon="38.773218"><ele>93.7</ele><time>2023-08-24T14:55:09Z</time></trkpt><trkpt lat="58.06155" lon="38.77309"><ele>93.6</ele><time>2023-08-24T14:55:11Z</time></trkpt><trkpt lat="58.061592" lon="38.772952"><ele>95.0</ele><time>2023-08-24T14:55:13Z</time></trkpt><trkpt lat="58.061618" lon="38.772818"><ele>98.2</ele><time>2023-08-24T14:55:15Z</time></trkpt><trkpt lat="58.06167" lon="38.772683"><ele>97.1</ele><time>2023-08-24T14:55:17Z</time></trkpt><trkpt lat="58.06172" lon="38.77254"><ele>97.9</ele><time>2023-08-24T14:55:19Z</time></trkpt><trkpt lat="58.061768" lon="38.772365"><ele>98.4</ele><time>2023-08-24T14:55:22Z</time></trkpt><trkpt lat="58.06181" lon="38.772237"><ele>97.3</ele><time>2023-08-24T14:55:24Z</time></trkpt><trkpt lat="58.061833" lon="38.7721"><ele>97.0</ele><time>2023-08-24T14:55:26Z</time></trkpt><trkpt lat="58.061862" lon="38.771925"><ele>97.0</ele><time>2023-08-24T14:55:28Z</time></trkpt><trkpt lat="58.061933" lon="38.771757"><ele>97.9</ele><time>2023-08-24T14:55:31Z</time></trkpt><trkpt lat="58.06199" lon="38.771558"><ele>99.2</ele><time>2023-08-24T14:55:33Z</time></trkpt><trkpt lat="58.06203" lon="38.771385"><ele>99.8</ele><time>2023-08-24T14:55:35Z</time></trkpt><trkpt lat="58.06209" lon="38.771223"><ele>99.7</ele><time>2023-08-24T14:55:37Z</time></trkpt><trkpt lat="58.062163" lon="38.77108"><ele>99.4</ele><time>2023-08-24T14:55:39Z</time></trkpt><trkpt lat="58.062218" lon="38.770932"><ele>99.5</ele><time>2023-08-24T14:55:41Z</time></trkpt><trkpt lat="58.062278" lon="38.770745"><ele>99.2</ele><time>2023-08-24T14:55:43Z</time></trkpt><trkpt lat="58.062375" lon="38.770498"><ele>100.9</ele><time>2023-08-24T14:55:45Z</time></trkpt><trkpt lat="58.062463" lon="38.77034"><ele>102.1</ele><time>2023-08-24T14:55:47Z</time></trkpt><trkpt lat="58.06254" lon="38.770142"><ele>101.5</ele><time>2023-08-24T14:55:49Z</time></trkpt><trkpt lat="58.0626" lon="38.769903"><ele>102.6</ele><time>2023-08-24T14:55:51Z</time></trkpt><trkpt lat="58.062675" lon="38.769737"><ele>104.5</ele><time>2023-08-24T14:55:53Z</time></trkpt><trkpt lat="58.062733" lon="38.769565"><ele>104.3</ele><time>2023-08-24T14:55:55Z</time></trkpt><trkpt lat="58.062793" lon="38.769368"><ele>105.3</ele><time>2023-08-24T14:55:57Z</time></trkpt><trkpt lat="58.062862" lon="38.769175"><ele>104.5</ele><time>2023-08-24T14:55:59Z</time></trkpt><trkpt lat="58.062917" lon="38.768973"><ele>100.8</ele><time>2023-08-24T14:56:01Z</time></trkpt><trkpt lat="58.062965" lon="38.768732"><ele>102.6</ele><time>2023-08-24T14:56:03Z</time></trkpt><trkpt lat="58.063025" lon="38.768623"><ele>103.1</ele><time>2023-08-24T14:56:05Z</time></trkpt><trkpt lat="58.063078" lon="38.768502"><ele>101.3</ele><time>2023-08-24T14:56:08Z</time></trkpt><trkpt lat="58.063122" lon="38.768333"><ele>100.8</ele><time>2023-08-24T14:56:12Z</time></trkpt><trkpt lat="58.063175" lon="38.768188"><ele>99.2</ele><time>2023-08-24T14:56:15Z</time></trkpt><trkpt lat="58.063237" lon="38.768052"><ele>98.1</ele><time>2023-08-24T14:56:18Z</time></trkpt><trkpt lat="58.063292" lon="38.76789"><ele>101.0</ele><time>2023-08-24T14:56:21Z</time></trkpt><trkpt lat="58.06334" lon="38.767733"><ele>102.3</ele><time>2023-08-24T14:56:24Z</time></trkpt><trkpt lat="58.06339" lon="38.767555"><ele>103.4</ele><time>2023-08-24T14:56:26Z</time></trkpt><trkpt lat="58.063432" lon="38.767423"><ele>108.3</ele><time>2023-08-24T14:56:28Z</time></trkpt><trkpt lat="58.063477" lon="38.76726"><ele>108.3</ele><time>2023-08-24T14:56:31Z</time></trkpt><trkpt lat="58.063558" lon="38.767185"><ele>106.3</ele><time>2023-08-24T14:56:34Z</time></trkpt><trkpt lat="58.063597" lon="38.767063"><ele>107.0</ele><time>2023-08-24T14:56:38Z</time></trkpt><trkpt lat="58.063685" lon="38.767072"><ele>104.3</ele><time>2023-08-24T14:56:41Z</time></trkpt><trkpt lat="58.063768" lon="38.767167"><ele>105.7</ele><time>2023-08-24T14:56:44Z</time></trkpt><trkpt lat="58.063853" lon="38.767273"><ele>104.9</ele><time>2023-08-24T14:56:47Z</time></trkpt><trkpt lat="58.063933" lon="38.767383"><ele>104.3</ele><time>2023-08-24T14:56:50Z</time></trkpt><trkpt lat="58.064013" lon="38.767488"><ele>103.1</ele><time>2023-08-24T14:56:53Z</time></trkpt><trkpt lat="58.064083" lon="38.767592"><ele>101.2</ele><time>2023-08-24T14:56:56Z</time></trkpt><trkpt lat="58.06415" lon="38.767697"><ele>100.2</ele><time>2023-08-24T14:56:59Z</time></trkpt><trkpt lat="58.06421" lon="38.767783"><ele>99.2</ele><time>2023-08-24T14:57:02Z</time></trkpt><trkpt lat="58.064272" lon="38.767852"><ele>101.0</ele><time>2023-08-24T14:57:04Z</time></trkpt><trkpt lat="58.064352" lon="38.767928"><ele>100.6</ele><time>2023-08-24T14:57:06Z</time></trkpt><trkpt lat="58.064438" lon="38.768027"><ele>100.3</ele><time>2023-08-24T14:57:08Z</time></trkpt><trkpt lat="58.064518" lon="38.768167"><ele>99.9</ele><time>2023-08-24T14:57:10Z</time></trkpt><trkpt lat="58.064625" lon="38.76831"><ele>102.2</ele><time>2023-08-24T14:57:12Z</time></trkpt><trkpt lat="58.064718" lon="38.768412"><ele>104.9</ele><time>2023-08-24T14:57:14Z</time></trkpt><trkpt lat="58.064807" lon="38.768525"><ele>103.6</ele><time>2023-08-24T14:57:16Z</time></trkpt><trkpt lat="58.064883" lon="38.768617"><ele>102.9</ele><time>2023-08-24T14:57:18Z</time></trkpt><trkpt lat="58.064967" lon="38.76872"><ele>104.6</ele><time>2023-08-24T14:57:20Z</time></trkpt><trkpt lat="58.065085" lon="38.768812"><ele>102.0</ele><time>2023-08-24T14:57:22Z</time></trkpt><trkpt lat="58.065188" lon="38.768905"><ele>102.1</ele><time>2023-08-24T14:57:24Z</time></trkpt><trkpt lat="58.065283" lon="38.769013"><ele>102.3</ele><time>2023-08-24T14:57:26Z</time></trkpt><trkpt lat="58.065352" lon="38.76917"><ele>103.8</ele><time>2023-08-24T14:57:28Z</time></trkpt><trkpt lat="58.065447" lon="38.769315"><ele>101.0</ele><time>2023-08-24T14:57:30Z</time></trkpt><trkpt lat="58.065558" lon="38.769432"><ele>99.2</ele><time>2023-08-24T14:57:32Z</time></trkpt><trkpt lat="58.065662" lon="38.769565"><ele>97.2</ele><time>2023-08-24T14:57:34Z</time></trkpt><trkpt lat="58.06576" lon="38.769673"><ele>98.2</ele><time>2023-08-24T14:57:36Z</time></trkpt><trkpt lat="58.06588" lon="38.769783"><ele>99.8</ele><time>2023-08-24T14:57:38Z</time></trkpt><trkpt lat="58.066003" lon="38.769927"><ele>101.9</ele><time>2023-08-24T14:57:40Z</time></trkpt><trkpt lat="58.066113" lon="38.770032"><ele>102.5</ele><time>2023-08-24T14:57:42Z</time></trkpt><trkpt lat="58.066177" lon="38.770197"><ele>100.4</ele><time>2023-08-24T14:57:44Z</time></trkpt><trkpt lat="58.066242" lon="38.77027"><ele>98.7</ele><time>2023-08-24T14:57:45Z</time></trkpt><trkpt lat="58.066342" lon="38.770418"><ele>99.1</ele><time>2023-08-24T14:57:47Z</time></trkpt><trkpt lat="58.066445" lon="38.770538"><ele>98.6</ele><time>2023-08-24T14:57:49Z</time></trkpt><trkpt lat="58.066547" lon="38.770665"><ele>98.1</ele><time>2023-08-24T14:57:51Z</time></trkpt><trkpt lat="58.066607" lon="38.770745"><ele>97.6</ele><time>2023-08-24T14:57:52Z</time></trkpt><trkpt lat="58.066737" lon="38.770867"><ele>101.1</ele><time>2023-08-24T14:57:54Z</time></trkpt><trkpt lat="58.066828" lon="38.770952"><ele>103.4</ele><time>2023-08-24T14:57:56Z</time></trkpt><trkpt lat="58.066897" lon="38.771038"><ele>100.1</ele><time>2023-08-24T14:57:57Z</time></trkpt><trkpt lat="58.067015" lon="38.771158"><ele>102.3</ele><time>2023-08-24T14:57:59Z</time></trkpt><trkpt lat="58.067108" lon="38.771288"><ele>102.7</ele><time>2023-08-24T14:58:01Z</time></trkpt><trkpt lat="58.06723" lon="38.771412"><ele>102.4</ele><time>2023-08-24T14:58:03Z</time></trkpt><trkpt lat="58.067353" lon="38.77155"><ele>102.0</ele><time>2023-08-24T14:58:05Z</time></trkpt><trkpt lat="58.067417" lon="38.771627"><ele>103.5</ele><time>2023-08-24T14:58:06Z</time></trkpt><trkpt lat="58.067525" lon="38.771768"><ele>104.4</ele><time>2023-08-24T14:58:08Z</time></trkpt><trkpt lat="58.067582" lon="38.771853"><ele>103.9</ele><time>2023-08-24T14:58:09Z</time></trkpt><trkpt lat="58.067683" lon="38.772007"><ele>102.9</ele><time>2023-08-24T14:58:11Z</time></trkpt><trkpt lat="58.06779" lon="38.772132"><ele>102.5</ele><time>2023-08-24T14:58:13Z</time></trkpt><trkpt lat="58.067905" lon="38.77228"><ele>103.1</ele><time>2023-08-24T14:58:15Z</time></trkpt><trkpt lat="58.067972" lon="38.772343"><ele>100.6</ele><time>2023-08-24T14:58:16Z</time></trkpt><trkpt lat="58.068082" lon="38.772483"><ele>101.5</ele><time>2023-08-24T14:58:18Z</time></trkpt><trkpt lat="58.068165" lon="38.772543"><ele>101.6</ele><time>2023-08-24T14:58:19Z</time></trkpt><trkpt lat="58.06825" lon="38.77265"><ele>103.1</ele><time>2023-08-24T14:58:21Z</time></trkpt><trkpt lat="58.06835" lon="38.772783"><ele>104.5</ele><time>2023-08-24T14:58:23Z</time></trkpt><trkpt lat="58.06846" lon="38.772923"><ele>105.1</ele><time>2023-08-24T14:58:25Z</time></trkpt><trkpt lat="58.06855" lon="38.773063"><ele>106.5</ele><time>2023-08-24T14:58:27Z</time></trkpt><trkpt lat="58.068647" lon="38.773193"><ele>105.1</ele><time>2023-08-24T14:58:29Z</time></trkpt><trkpt lat="58.068757" lon="38.773328"><ele>101.9</ele><time>2023-08-24T14:58:31Z</time></trkpt><trkpt lat="58.068858" lon="38.773448"><ele>101.6</ele><time>2023-08-24T14:58:32Z</time></trkpt><trkpt lat="58.068965" lon="38.773563"><ele>101.2</ele><time>2023-08-24T14:58:34Z</time></trkpt><trkpt lat="58.069065" lon="38.773685"><ele>101.8</ele><time>2023-08-24T14:58:36Z</time></trkpt><trkpt lat="58.069165" lon="38.773803"><ele>102.8</ele><time>2023-08-24T14:58:38Z</time></trkpt><trkpt lat="58.069265" lon="38.773915"><ele>102.7</ele><time>2023-08-24T14:58:40Z</time></trkpt><trkpt lat="58.069367" lon="38.774007"><ele>102.0</ele><time>2023-08-24T14:58:42Z</time></trkpt><trkpt lat="58.06945" lon="38.77412"><ele>102.8</ele><time>2023-08-24T14:58:44Z</time></trkpt><trkpt lat="58.069542" lon="38.774252"><ele>101.1</ele><time>2023-08-24T14:58:46Z</time></trkpt><trkpt lat="58.069637" lon="38.774383"><ele>102.9</ele><time>2023-08-24T14:58:48Z</time></trkpt><trkpt lat="58.06972" lon="38.774507"><ele>103.7</ele><time>2023-08-24T14:58:50Z</time></trkpt><trkpt lat="58.069783" lon="38.774607"><ele>103.8</ele><time>2023-08-24T14:58:52Z</time></trkpt><trkpt lat="58.069853" lon="38.774702"><ele>103.0</ele><time>2023-08-24T14:58:54Z</time></trkpt><trkpt lat="58.069912" lon="38.774797"><ele>103.1</ele><time>2023-08-24T14:58:56Z</time></trkpt><trkpt lat="58.069953" lon="38.774908"><ele>104.3</ele><time>2023-08-24T14:58:59Z</time></trkpt><trkpt lat="58.070017" lon="38.775022"><ele>103.6</ele><time>2023-08-24T14:59:20Z</time></trkpt><trkpt lat="58.070005" lon="38.775165"><ele>101.4</ele><time>2023-08-24T14:59:25Z</time></trkpt><trkpt lat="58.069945" lon="38.775287"><ele>102.3</ele><time>2023-08-24T14:59:29Z</time></trkpt><trkpt lat="58.069888" lon="38.775427"><ele>103.3</ele><time>2023-08-24T14:59:33Z</time></trkpt><trkpt lat="58.069842" lon="38.775537"><ele>101.9</ele><time>2023-08-24T14:59:39Z</time></trkpt><trkpt lat="58.069923" lon="38.775572"><ele>103.5</ele><time>2023-08-24T14:59:44Z</time></trkpt><trkpt lat="58.069985" lon="38.775438"><ele>104.7</ele><time>2023-08-24T14:59:48Z</time></trkpt><trkpt lat="58.070048" lon="38.775305"><ele>105.3</ele><time>2023-08-24T14:59:51Z</time></trkpt><trkpt lat="58.070097" lon="38.775188"><ele>105.3</ele><time>2023-08-24T14:59:53Z</time></trkpt><trkpt lat="58.070152" lon="38.77505"><ele>104.1</ele><time>2023-08-24T14:59:55Z</time></trkpt><trkpt lat="58.070207" lon="38.774882"><ele>104.1</ele><time>2023-08-24T14:59:57Z</time></trkpt><trkpt lat="58.070277" lon="38.774727"><ele>105.0</ele><time>2023-08-24T14:59:59Z</time></trkpt><trkpt lat="58.070337" lon="38.774578"><ele>106.7</ele><time>2023-08-24T15:00:01Z</time></trkpt><trkpt lat="58.070407" lon="38.774482"><ele>105.6</ele><time>2023-08-24T15:00:03Z</time></trkpt><trkpt lat="58.070483" lon="38.774352"><ele>104.5</ele><time>2023-08-24T15:00:05Z</time></trkpt><trkpt lat="58.07053" lon="38.774243"><ele>104.6</ele><time>2023-08-24T15:00:07Z</time></trkpt><trkpt lat="58.070587" lon="38.774122"><ele>105.5</ele><time>2023-08-24T15:00:09Z</time></trkpt><trkpt lat="58.070638" lon="38.77402"><ele>106.3</ele><time>2023-08-24T15:00:11Z</time></trkpt><trkpt lat="58.070717" lon="38.774138"><ele>107.1</ele><time>2023-08-24T15:00:13Z</time></trkpt><trkpt lat="58.070805" lon="38.77424"><ele>107.0</ele><time>2023-08-24T15:00:15Z</time></trkpt><trkpt lat="58.070905" lon="38.77431"><ele>105.6</ele><time>2023-08-24T15:00:17Z</time></trkpt><trkpt lat="58.071007" lon="38.774377"><ele>106.1</ele><time>2023-08-24T15:00:19Z</time></trkpt><trkpt lat="58.071103" lon="38.774483"><ele>106.9</ele><time>2023-08-24T15:00:21Z</time></trkpt><trkpt lat="58.071205" lon="38.77458"><ele>107.1</ele><time>2023-08-24T15:00:23Z</time></trkpt><trkpt lat="58.07131" lon="38.774645"><ele>107.9</ele><time>2023-08-24T15:00:25Z</time></trkpt><trkpt lat="58.071418" lon="38.774605"><ele>109.5</ele><time>2023-08-24T15:00:27Z</time></trkpt><trkpt lat="58.071503" lon="38.774473"><ele>108.8</ele><time>2023-08-24T15:00:29Z</time></trkpt><trkpt lat="58.071552" lon="38.774313"><ele>107.9</ele><time>2023-08-24T15:00:31Z</time></trkpt><trkpt lat="58.071615" lon="38.774163"><ele>106.4</ele><time>2023-08-24T15:00:33Z</time></trkpt><trkpt lat="58.071673" lon="38.774007"><ele>106.6</ele><time>2023-08-24T15:00:35Z</time></trkpt><trkpt lat="58.071728" lon="38.773868"><ele>106.9</ele><time>2023-08-24T15:00:37Z</time></trkpt><trkpt lat="58.071757" lon="38.77373"><ele>107.4</ele><time>2023-08-24T15:00:39Z</time></trkpt><trkpt lat="58.071797" lon="38.7736"><ele>106.1</ele><time>2023-08-24T15:00:41Z</time></trkpt><trkpt lat="58.07184" lon="38.773452"><ele>105.1</ele><time>2023-08-24T15:00:43Z</time></trkpt><trkpt lat="58.071865" lon="38.7733"><ele>104.8</ele><time>2023-08-24T15:00:45Z</time></trkpt><trkpt lat="58.071933" lon="38.773173"><ele>106.7</ele><time>2023-08-24T15:00:47Z</time></trkpt><trkpt lat="58.071963" lon="38.772977"><ele>99.5</ele><time>2023-08-24T15:00:49Z</time></trkpt><trkpt lat="58.072035" lon="38.772797"><ele>99.0</ele><time>2023-08-24T15:00:51Z</time></trkpt><trkpt lat="58.07209" lon="38.772583"><ele>98.4</ele><time>2023-08-24T15:00:53Z</time></trkpt><trkpt lat="58.072158" lon="38.772373"><ele>97.4</ele><time>2023-08-24T15:00:55Z</time></trkpt><trkpt lat="58.072195" lon="38.772245"><ele>97.4</ele><time>2023-08-24T15:00:56Z</time></trkpt><trkpt lat="58.072267" lon="38.772053"><ele>99.3</ele><time>2023-08-24T15:00:58Z</time></trkpt><trkpt lat="58.072337" lon="38.771908"><ele>99.5</ele><time>2023-08-24T15:01:00Z</time></trkpt><trkpt lat="58.072377" lon="38.771797"><ele>100.8</ele><time>2023-08-24T15:01:01Z</time></trkpt><trkpt lat="58.072447" lon="38.771578"><ele>100.9</ele><time>2023-08-24T15:01:03Z</time></trkpt><trkpt lat="58.072535" lon="38.771467"><ele>99.6</ele><time>2023-08-24T15:01:05Z</time></trkpt><trkpt lat="58.072652" lon="38.771308"><ele>98.9</ele><time>2023-08-24T15:01:07Z</time></trkpt><trkpt lat="58.072727" lon="38.771238"><ele>98.7</ele><time>2023-08-24T15:01:08Z</time></trkpt><trkpt lat="58.072847" lon="38.771095"><ele>95.6</ele><time>2023-08-24T15:01:10Z</time></trkpt><trkpt lat="58.072978" lon="38.770985"><ele>95.3</ele><time>2023-08-24T15:01:12Z</time></trkpt><trkpt lat="58.073047" lon="38.770925"><ele>93.9</ele><time>2023-08-24T15:01:13Z</time></trkpt><trkpt lat="58.073163" lon="38.770808"><ele>95.1</ele><time>2023-08-24T15:01:15Z</time></trkpt><trkpt lat="58.073248" lon="38.770638"><ele>93.9</ele><time>2023-08-24T15:01:17Z</time></trkpt><trkpt lat="58.073325" lon="38.77043"><ele>91.8</ele><time>2023-08-24T15:01:19Z</time></trkpt><trkpt lat="58.073368" lon="38.770322"><ele>93.1</ele><time>2023-08-24T15:01:20Z</time></trkpt><trkpt lat="58.073447" lon="38.770115"><ele>93.7</ele><time>2023-08-24T15:01:22Z</time></trkpt><trkpt lat="58.073522" lon="38.769893"><ele>96.1</ele><time>2023-08-24T15:01:24Z</time></trkpt><trkpt lat="58.073588" lon="38.769733"><ele>95.6</ele><time>2023-08-24T15:01:26Z</time></trkpt><trkpt lat="58.07366" lon="38.76955"><ele>97.1</ele><time>2023-08-24T15:01:28Z</time></trkpt><trkpt lat="58.07371" lon="38.769383"><ele>97.6</ele><time>2023-08-24T15:01:30Z</time></trkpt><trkpt lat="58.07378" lon="38.769195"><ele>97.2</ele><time>2023-08-24T15:01:32Z</time></trkpt><trkpt lat="58.073853" lon="38.769022"><ele>97.2</ele><time>2023-08-24T15:01:34Z</time></trkpt><trkpt lat="58.073932" lon="38.76885"><ele>97.6</ele><time>2023-08-24T15:01:36Z</time></trkpt><trkpt lat="58.07398" lon="38.768693"><ele>98.3</ele><time>2023-08-24T15:01:38Z</time></trkpt><trkpt lat="58.074053" lon="38.76846"><ele>96.3</ele><time>2023-08-24T15:01:40Z</time></trkpt><trkpt lat="58.074123" lon="38.76825"><ele>98.2</ele><time>2023-08-24T15:01:42Z</time></trkpt><trkpt lat="58.074193" lon="38.768043"><ele>99.2</ele><time>2023-08-24T15:01:44Z</time></trkpt><trkpt lat="58.074265" lon="38.767822"><ele>98.6</ele><time>2023-08-24T15:01:46Z</time></trkpt><trkpt lat="58.074332" lon="38.767607"><ele>97.9</ele><time>2023-08-24T15:01:48Z</time></trkpt><trkpt lat="58.074408" lon="38.767397"><ele>98.0</ele><time>2023-08-24T15:01:50Z</time></trkpt><trkpt lat="58.074475" lon="38.767198"><ele>98.8</ele><time>2023-08-24T15:01:52Z</time></trkpt><trkpt lat="58.074537" lon="38.767018"><ele>97.3</ele><time>2023-08-24T15:01:54Z</time></trkpt><trkpt lat="58.074597" lon="38.76686"><ele>96.7</ele><time>2023-08-24T15:01:56Z</time></trkpt><trkpt lat="58.074655" lon="38.766692"><ele>97.7</ele><time>2023-08-24T15:01:58Z</time></trkpt><trkpt lat="58.074717" lon="38.766512"><ele>97.5</ele><time>2023-08-24T15:02:00Z</time></trkpt><trkpt lat="58.074775" lon="38.76631"><ele>98.7</ele><time>2023-08-24T15:02:02Z</time></trkpt><trkpt lat="58.074838" lon="38.76611"><ele>99.2</ele><time>2023-08-24T15:02:04Z</time></trkpt><trkpt lat="58.074905" lon="38.765917"><ele>98.9</ele><time>2023-08-24T15:02:06Z</time></trkpt><trkpt lat="58.074978" lon="38.765728"><ele>98.4</ele><time>2023-08-24T15:02:08Z</time></trkpt><trkpt lat="58.075047" lon="38.765557"><ele>99.1</ele><time>2023-08-24T15:02:10Z</time></trkpt><trkpt lat="58.075115" lon="38.765358"><ele>99.8</ele><time>2023-08-24T15:02:12Z</time></trkpt><trkpt lat="58.075187" lon="38.76517"><ele>100.3</ele><time>2023-08-24T15:02:14Z</time></trkpt><trkpt lat="58.075263" lon="38.76498"><ele>101.0</ele><time>2023-08-24T15:02:16Z</time></trkpt><trkpt lat="58.075342" lon="38.764772"><ele>100.4</ele><time>2023-08-24T15:02:18Z</time></trkpt><trkpt lat="58.075417" lon="38.764568"><ele>103.6</ele><time>2023-08-24T15:02:20Z</time></trkpt><trkpt lat="58.075478" lon="38.764387"><ele>103.4</ele><time>2023-08-24T15:02:22Z</time></trkpt><trkpt lat="58.075525" lon="38.764203"><ele>103.0</ele><time>2023-08-24T15:02:24Z</time></trkpt><trkpt lat="58.075565" lon="38.764005"><ele>102.3</ele><time>2023-08-24T15:02:26Z</time></trkpt><trkpt lat="58.075595" lon="38.763815"><ele>102.8</ele><time>2023-08-24T15:02:28Z</time></trkpt><trkpt lat="58.075618" lon="38.76366"><ele>102.8</ele><time>2023-08-24T15:02:30Z</time></trkpt><trkpt lat="58.075663" lon="38.763508"><ele>102.0</ele><time>2023-08-24T15:02:32Z</time></trkpt><trkpt lat="58.075705" lon="38.763377"><ele>101.9</ele><time>2023-08-24T15:02:34Z</time></trkpt><trkpt lat="58.075755" lon="38.763208"><ele>102.5</ele><time>2023-08-24T15:02:36Z</time></trkpt><trkpt lat="58.075825" lon="38.763053"><ele>103.0</ele><time>2023-08-24T15:02:38Z</time></trkpt><trkpt lat="58.075882" lon="38.76288"><ele>102.2</ele><time>2023-08-24T15:02:40Z</time></trkpt><trkpt lat="58.075947" lon="38.76269"><ele>101.4</ele><time>2023-08-24T15:02:42Z</time></trkpt><trkpt lat="58.076007" lon="38.7625"><ele>101.7</ele><time>2023-08-24T15:02:44Z</time></trkpt><trkpt lat="58.076077" lon="38.762317"><ele>102.0</ele><time>2023-08-24T15:02:46Z</time></trkpt><trkpt lat="58.076132" lon="38.762128"><ele>103.7</ele><time>2023-08-24T15:02:48Z</time></trkpt><trkpt lat="58.07617" lon="38.761948"><ele>102.3</ele><time>2023-08-24T15:02:50Z</time></trkpt><trkpt lat="58.076215" lon="38.761768"><ele>102.9</ele><time>2023-08-24T15:02:52Z</time></trkpt><trkpt lat="58.076275" lon="38.761587"><ele>102.7</ele><time>2023-08-24T15:02:54Z</time></trkpt><trkpt lat="58.076347" lon="38.761408"><ele>100.4</ele><time>2023-08-24T15:02:56Z</time></trkpt><trkpt lat="58.076412" lon="38.761213"><ele>100.4</ele><time>2023-08-24T15:02:58Z</time></trkpt><trkpt lat="58.076463" lon="38.761077"><ele>104.2</ele><time>2023-08-24T15:03:00Z</time></trkpt><trkpt lat="58.076525" lon="38.760935"><ele>100.6</ele><time>2023-08-24T15:03:02Z</time></trkpt><trkpt lat="58.076573" lon="38.760743"><ele>99.7</ele><time>2023-08-24T15:03:04Z</time></trkpt><trkpt lat="58.07663" lon="38.760602"><ele>98.6</ele><time>2023-08-24T15:03:06Z</time></trkpt><trkpt lat="58.076682" lon="38.760482"><ele>99.0</ele><time>2023-08-24T15:03:08Z</time></trkpt><trkpt lat="58.076727" lon="38.760347"><ele>99.0</ele><time>2023-08-24T15:03:10Z</time></trkpt><trkpt lat="58.076798" lon="38.760185"><ele>96.9</ele><time>2023-08-24T15:03:12Z</time></trkpt><trkpt lat="58.076855" lon="38.760052"><ele>97.9</ele><time>2023-08-24T15:03:14Z</time></trkpt><trkpt lat="58.076923" lon="38.759882"><ele>95.3</ele><time>2023-08-24T15:03:16Z</time></trkpt><trkpt lat="58.076957" lon="38.759757"><ele>97.3</ele><time>2023-08-24T15:03:18Z</time></trkpt><trkpt lat="58.07702" lon="38.759638"><ele>90.4</ele><time>2023-08-24T15:03:20Z</time></trkpt><trkpt lat="58.077078" lon="38.759493"><ele>89.8</ele><time>2023-08-24T15:03:22Z</time></trkpt><trkpt lat="58.077143" lon="38.759348"><ele>89.2</ele><time>2023-08-24T15:03:24Z</time></trkpt><trkpt lat="58.07719" lon="38.75922"><ele>90.6</ele><time>2023-08-24T15:03:25Z</time></trkpt><trkpt lat="58.077247" lon="38.759058"><ele>91.1</ele><time>2023-08-24T15:03:27Z</time></trkpt><trkpt lat="58.077305" lon="38.758897"><ele>91.9</ele><time>2023-08-24T15:03:29Z</time></trkpt><trkpt lat="58.077363" lon="38.758707"><ele>93.0</ele><time>2023-08-24T15:03:31Z</time></trkpt><trkpt lat="58.077442" lon="38.758568"><ele>96.9</ele><time>2023-08-24T15:03:33Z</time></trkpt><trkpt lat="58.077502" lon="38.758377"><ele>93.7</ele><time>2023-08-24T15:03:35Z</time></trkpt><trkpt lat="58.07754" lon="38.758192"><ele>95.8</ele><time>2023-08-24T15:03:37Z</time></trkpt><trkpt lat="58.077588" lon="38.758008"><ele>95.9</ele><time>2023-08-24T15:03:39Z</time></trkpt><trkpt lat="58.077642" lon="38.757818"><ele>96.7</ele><time>2023-08-24T15:03:41Z</time></trkpt><trkpt lat="58.077693" lon="38.757632"><ele>95.8</ele><time>2023-08-24T15:03:43Z</time></trkpt><trkpt lat="58.077743" lon="38.757442"><ele>94.9</ele><time>2023-08-24T15:03:45Z</time></trkpt><trkpt lat="58.077797" lon="38.757305"><ele>96.3</ele><time>2023-08-24T15:03:47Z</time></trkpt><trkpt lat="58.077842" lon="38.757167"><ele>94.9</ele><time>2023-08-24T15:03:49Z</time></trkpt><trkpt lat="58.077898" lon="38.757047"><ele>94.7</ele><time>2023-08-24T15:03:51Z</time></trkpt><trkpt lat="58.077945" lon="38.756915"><ele>94.8</ele><time>2023-08-24T15:03:53Z</time></trkpt><trkpt lat="58.078002" lon="38.756758"><ele>95.7</ele><time>2023-08-24T15:03:55Z</time></trkpt><trkpt lat="58.078088" lon="38.756612"><ele>96.2</ele><time>2023-08-24T15:03:57Z</time></trkpt><trkpt lat="58.07818" lon="38.756472"><ele>95.0</ele><time>2023-08-24T15:03:59Z</time></trkpt><trkpt lat="58.078273" lon="38.756307"><ele>95.9</ele><time>2023-08-24T15:04:01Z</time></trkpt><trkpt lat="58.078345" lon="38.756092"><ele>95.0</ele><time>2023-08-24T15:04:03Z</time></trkpt><trkpt lat="58.078412" lon="38.755937"><ele>94.9</ele><time>2023-08-24T15:04:05Z</time></trkpt><trkpt lat="58.078453" lon="38.755753"><ele>98.0</ele><time>2023-08-24T15:04:07Z</time></trkpt><trkpt lat="58.078515" lon="38.755597"><ele>94.7</ele><time>2023-08-24T15:04:09Z</time></trkpt><trkpt lat="58.078565" lon="38.755423"><ele>95.6</ele><time>2023-08-24T15:04:11Z</time></trkpt><trkpt lat="58.078613" lon="38.755272"><ele>95.8</ele><time>2023-08-24T15:04:13Z</time></trkpt><trkpt lat="58.078662" lon="38.755077"><ele>94.8</ele><time>2023-08-24T15:04:15Z</time></trkpt><trkpt lat="58.078737" lon="38.754933"><ele>92.2</ele><time>2023-08-24T15:04:17Z</time></trkpt><trkpt lat="58.078795" lon="38.754762"><ele>93.2</ele><time>2023-08-24T15:04:19Z</time></trkpt><trkpt lat="58.078865" lon="38.754622"><ele>95.8</ele><time>2023-08-24T15:04:21Z</time></trkpt><trkpt lat="58.078918" lon="38.75448"><ele>94.6</ele><time>2023-08-24T15:04:23Z</time></trkpt><trkpt lat="58.078975" lon="38.754363"><ele>94.7</ele><time>2023-08-24T15:04:25Z</time></trkpt><trkpt lat="58.079023" lon="38.75423"><ele>95.2</ele><time>2023-08-24T15:04:27Z</time></trkpt><trkpt lat="58.07909" lon="38.754058"><ele>93.8</ele><time>2023-08-24T15:04:30Z</time></trkpt><trkpt lat="58.079143" lon="38.753907"><ele>95.1</ele><time>2023-08-24T15:04:32Z</time></trkpt><trkpt lat="58.079192" lon="38.753783"><ele>95.2</ele><time>2023-08-24T15:04:34Z</time></trkpt><trkpt lat="58.079233" lon="38.753665"><ele>95.7</ele><time>2023-08-24T15:04:36Z</time></trkpt><trkpt lat="58.079272" lon="38.75355"><ele>96.1</ele><time>2023-08-24T15:04:38Z</time></trkpt><trkpt lat="58.079335" lon="38.753388"><ele>95.9</ele><time>2023-08-24T15:04:41Z</time></trkpt><trkpt lat="58.079382" lon="38.753267"><ele>97.5</ele><time>2023-08-24T15:04:43Z</time></trkpt><trkpt lat="58.079423" lon="38.753137"><ele>98.6</ele><time>2023-08-24T15:04:45Z</time></trkpt><trkpt lat="58.079458" lon="38.752998"><ele>99.3</ele><time>2023-08-24T15:04:47Z</time></trkpt><trkpt lat="58.079488" lon="38.752845"><ele>100.1</ele><time>2023-08-24T15:04:49Z</time></trkpt><trkpt lat="58.079555" lon="38.752718"><ele>100.3</ele><time>2023-08-24T15:04:51Z</time></trkpt><trkpt lat="58.079615" lon="38.752592"><ele>100.0</ele><time>2023-08-24T15:04:53Z</time></trkpt><trkpt lat="58.079682" lon="38.75246"><ele>100.6</ele><time>2023-08-24T15:04:55Z</time></trkpt><trkpt lat="58.07975" lon="38.752347"><ele>103.4</ele><time>2023-08-24T15:04:57Z</time></trkpt><trkpt lat="58.079817" lon="38.75224"><ele>105.9</ele><time>2023-08-24T15:04:59Z</time></trkpt><trkpt lat="58.079875" lon="38.752133"><ele>104.1</ele><time>2023-08-24T15:05:01Z</time></trkpt><trkpt lat="58.079938" lon="38.751973"><ele>104.0</ele><time>2023-08-24T15:05:04Z</time></trkpt><trkpt lat="58.079998" lon="38.751817"><ele>106.0</ele><time>2023-08-24T15:05:07Z</time></trkpt><trkpt lat="58.080053" lon="38.751707"><ele>104.6</ele><time>2023-08-24T15:05:09Z</time></trkpt><trkpt lat="58.0801" lon="38.751578"><ele>104.5</ele><time>2023-08-24T15:05:11Z</time></trkpt><trkpt lat="58.080157" lon="38.751453"><ele>105.5</ele><time>2023-08-24T15:05:13Z</time></trkpt><trkpt lat="58.080198" lon="38.751312"><ele>105.9</ele><time>2023-08-24T15:05:15Z</time></trkpt><trkpt lat="58.080252" lon="38.75118"><ele>107.0</ele><time>2023-08-24T15:05:17Z</time></trkpt><trkpt lat="58.080287" lon="38.751047"><ele>104.3</ele><time>2023-08-24T15:05:19Z</time></trkpt><trkpt lat="58.080327" lon="38.750913"><ele>101.4</ele><time>2023-08-24T15:05:21Z</time></trkpt><trkpt lat="58.080377" lon="38.750805"><ele>101.9</ele><time>2023-08-24T15:05:23Z</time></trkpt><trkpt lat="58.080427" lon="38.750697"><ele>103.9</ele><time>2023-08-24T15:05:25Z</time></trkpt><trkpt lat="58.080502" lon="38.750562"><ele>104.9</ele><time>2023-08-24T15:05:28Z</time></trkpt><trkpt lat="58.080557" lon="38.750468"><ele>105.2</ele><time>2023-08-24T15:05:30Z</time></trkpt><trkpt lat="58.080633" lon="38.75033"><ele>106.2</ele><time>2023-08-24T15:05:33Z</time></trkpt><trkpt lat="58.080685" lon="38.750237"><ele>106.9</ele><time>2023-08-24T15:05:35Z</time></trkpt><trkpt lat="58.080747" lon="38.75015"><ele>108.6</ele><time>2023-08-24T15:05:37Z</time></trkpt><trkpt lat="58.080808" lon="38.750068"><ele>106.9</ele><time>2023-08-24T15:05:39Z</time></trkpt><trkpt lat="58.080872" lon="38.74994"><ele>104.2</ele><time>2023-08-24T15:05:42Z</time></trkpt><trkpt lat="58.080912" lon="38.749823"><ele>104.9</ele><time>2023-08-24T15:05:44Z</time></trkpt><trkpt lat="58.080958" lon="38.749673"><ele>103.5</ele><time>2023-08-24T15:05:47Z</time></trkpt><trkpt lat="58.080995" lon="38.749547"><ele>103.5</ele><time>2023-08-24T15:05:50Z</time></trkpt><trkpt lat="58.081042" lon="38.749385"><ele>104.3</ele><time>2023-08-24T15:05:54Z</time></trkpt><trkpt lat="58.081108" lon="38.749272"><ele>106.7</ele><time>2023-08-24T15:05:57Z</time></trkpt><trkpt lat="58.081178" lon="38.749195"><ele>108.0</ele><time>2023-08-24T15:06:00Z</time></trkpt><trkpt lat="58.08126" lon="38.7491"><ele>108.2</ele><time>2023-08-24T15:06:04Z</time></trkpt><trkpt lat="58.081328" lon="38.748973"><ele>105.9</ele><time>2023-08-24T15:06:07Z</time></trkpt><trkpt lat="58.081377" lon="38.74882"><ele>105.2</ele><time>2023-08-24T15:06:09Z</time></trkpt><trkpt lat="58.08145" lon="38.748713"><ele>105.1</ele><time>2023-08-24T15:06:11Z</time></trkpt><trkpt lat="58.081505" lon="38.748603"><ele>101.0</ele><time>2023-08-24T15:06:13Z</time></trkpt><trkpt lat="58.081557" lon="38.748495"><ele>101.6</ele><time>2023-08-24T15:06:15Z</time></trkpt><trkpt lat="58.081612" lon="38.7484"><ele>102.7</ele><time>2023-08-24T15:06:17Z</time></trkpt><trkpt lat="58.081668" lon="38.748275"><ele>101.4</ele><time>2023-08-24T15:06:19Z</time></trkpt><trkpt lat="58.081713" lon="38.748162"><ele>102.9</ele><time>2023-08-24T15:06:21Z</time></trkpt><trkpt lat="58.081782" lon="38.748033"><ele>102.0</ele><time>2023-08-24T15:06:24Z</time></trkpt><trkpt lat="58.081855" lon="38.747985"><ele>99.6</ele><time>2023-08-24T15:06:27Z</time></trkpt><trkpt lat="58.081903" lon="38.748088"><ele>102.8</ele><time>2023-08-24T15:06:40Z</time></trkpt><trkpt lat="58.081973" lon="38.74816"><ele>101.4</ele><time>2023-08-24T15:06:45Z</time></trkpt><trkpt lat="58.082047" lon="38.748212"><ele>103.0</ele><time>2023-08-24T15:06:49Z</time></trkpt><trkpt lat="58.082117" lon="38.748163"><ele>102.1</ele><time>2023-08-24T15:06:52Z</time></trkpt><trkpt lat="58.082178" lon="38.748062"><ele>100.8</ele><time>2023-08-24T15:06:55Z</time></trkpt><trkpt lat="58.08223" lon="38.747922"><ele>101.9</ele><time>2023-08-24T15:06:58Z</time></trkpt><trkpt lat="58.082292" lon="38.74778"><ele>100.8</ele><time>2023-08-24T15:07:01Z</time></trkpt><trkpt lat="58.082352" lon="38.747682"><ele>102.1</ele><time>2023-08-24T15:07:03Z</time></trkpt><trkpt lat="58.082403" lon="38.747582"><ele>98.8</ele><time>2023-08-24T15:07:05Z</time></trkpt><trkpt lat="58.082462" lon="38.74743"><ele>97.6</ele><time>2023-08-24T15:07:08Z</time></trkpt><trkpt lat="58.082508" lon="38.747262"><ele>97.6</ele><time>2023-08-24T15:07:11Z</time></trkpt><trkpt lat="58.082522" lon="38.747085"><ele>97.3</ele><time>2023-08-24T15:07:14Z</time></trkpt><trkpt lat="58.08252" lon="38.74693"><ele>97.0</ele><time>2023-08-24T15:07:17Z</time></trkpt><trkpt lat="58.082528" lon="38.746763"><ele>97.7</ele><time>2023-08-24T15:07:20Z</time></trkpt><trkpt lat="58.082547" lon="38.746615"><ele>97.8</ele><time>2023-08-24T15:07:22Z</time></trkpt><trkpt lat="58.082593" lon="38.746458"><ele>99.9</ele><time>2023-08-24T15:07:24Z</time></trkpt><trkpt lat="58.082653" lon="38.746362"><ele>100.6</ele><time>2023-08-24T15:07:26Z</time></trkpt><trkpt lat="58.082725" lon="38.746295"><ele>99.6</ele><time>2023-08-24T15:07:28Z</time></trkpt><trkpt lat="58.082797" lon="38.746242"><ele>95.9</ele><time>2023-08-24T15:07:30Z</time></trkpt><trkpt lat="58.0829" lon="38.746212"><ele>98.1</ele><time>2023-08-24T15:07:33Z</time></trkpt><trkpt lat="58.082978" lon="38.74622"><ele>98.0</ele><time>2023-08-24T15:07:35Z</time></trkpt><trkpt lat="58.083065" lon="38.746233"><ele>95.8</ele><time>2023-08-24T15:07:37Z</time></trkpt><trkpt lat="58.08312" lon="38.746333"><ele>94.6</ele><time>2023-08-24T15:07:40Z</time></trkpt><trkpt lat="58.083095" lon="38.746485"><ele>92.7</ele><time>2023-08-24T15:07:43Z</time></trkpt><trkpt lat="58.083088" lon="38.74634"><ele>92.8</ele><time>2023-08-24T15:09:45Z</time></trkpt><trkpt lat="58.083017" lon="38.74629"><ele>93.3</ele><time>2023-08-24T15:09:53Z</time></trkpt><trkpt lat="58.082942" lon="38.746328"><ele>92.5</ele><time>2023-08-24T15:09:58Z</time></trkpt><trkpt lat="58.082862" lon="38.74629"><ele>93.1</ele><time>2023-08-24T15:10:04Z</time></trkpt><trkpt lat="58.082873" lon="38.746148"><ele>97.1</ele><time>2023-08-24T15:10:32Z</time></trkpt><trkpt lat="58.082937" lon="38.74601"><ele>97.7</ele><time>2023-08-24T15:10:35Z</time></trkpt><trkpt lat="58.082982" lon="38.745898"><ele>98.1</ele><time>2023-08-24T15:10:37Z</time></trkpt><trkpt lat="58.083052" lon="38.745748"><ele>98.9</ele><time>2023-08-24T15:10:40Z</time></trkpt><trkpt lat="58.083102" lon="38.745637"><ele>99.0</ele><time>2023-08-24T15:10:42Z</time></trkpt><trkpt lat="58.083132" lon="38.745507"><ele>99.1</ele><time>2023-08-24T15:10:44Z</time></trkpt><trkpt lat="58.083177" lon="38.74534"><ele>98.3</ele><time>2023-08-24T15:10:47Z</time></trkpt><trkpt lat="58.08325" lon="38.745188"><ele>98.7</ele><time>2023-08-24T15:10:51Z</time></trkpt><trkpt lat="58.083305" lon="38.745085"><ele>97.9</ele><time>2023-08-24T15:10:53Z</time></trkpt><trkpt lat="58.083353" lon="38.744923"><ele>97.7</ele><time>2023-08-24T15:10:56Z</time></trkpt><trkpt lat="58.083395" lon="38.744752"><ele>95.8</ele><time>2023-08-24T15:10:59Z</time></trkpt><trkpt lat="58.083447" lon="38.744585"><ele>97.6</ele><time>2023-08-24T15:11:02Z</time></trkpt><trkpt lat="58.0835" lon="38.744472"><ele>98.0</ele><time>2023-08-24T15:11:04Z</time></trkpt><trkpt lat="58.083558" lon="38.744367"><ele>98.4</ele><time>2023-08-24T15:11:06Z</time></trkpt><trkpt lat="58.083613" lon="38.744257"><ele>98.4</ele><time>2023-08-24T15:11:08Z</time></trkpt><trkpt lat="58.083667" lon="38.744138"><ele>98.6</ele><time>2023-08-24T15:11:10Z</time></trkpt><trkpt lat="58.083713" lon="38.744017"><ele>97.3</ele><time>2023-08-24T15:11:12Z</time></trkpt><trkpt lat="58.083762" lon="38.743915"><ele>97.8</ele><time>2023-08-24T15:11:14Z</time></trkpt><trkpt lat="58.083818" lon="38.74383"><ele>97.7</ele><time>2023-08-24T15:11:16Z</time></trkpt><trkpt lat="58.083873" lon="38.743708"><ele>99.5</ele><time>2023-08-24T15:11:18Z</time></trkpt><trkpt lat="58.083945" lon="38.743585"><ele>99.5</ele><time>2023-08-24T15:11:20Z</time></trkpt><trkpt lat="58.084" lon="38.743478"><ele>101.0</ele><time>2023-08-24T15:11:22Z</time></trkpt><trkpt lat="58.084067" lon="38.74335"><ele>103.0</ele><time>2023-08-24T15:11:24Z</time></trkpt><trkpt lat="58.084127" lon="38.743223"><ele>102.0</ele><time>2023-08-24T15:11:26Z</time></trkpt><trkpt lat="58.08419" lon="38.743093"><ele>99.5</ele><time>2023-08-24T15:11:28Z</time></trkpt><trkpt lat="58.084247" lon="38.742943"><ele>101.1</ele><time>2023-08-24T15:11:30Z</time></trkpt><trkpt lat="58.084295" lon="38.742797"><ele>100.7</ele><time>2023-08-24T15:11:32Z</time></trkpt><trkpt lat="58.084337" lon="38.742658"><ele>100.9</ele><time>2023-08-24T15:11:34Z</time></trkpt><trkpt lat="58.084383" lon="38.74254"><ele>100.3</ele><time>2023-08-24T15:11:36Z</time></trkpt><trkpt lat="58.084433" lon="38.742427"><ele>101.0</ele><time>2023-08-24T15:11:38Z</time></trkpt><trkpt lat="58.084482" lon="38.742297"><ele>101.3</ele><time>2023-08-24T15:11:40Z</time></trkpt><trkpt lat="58.084547" lon="38.742133"><ele>98.9</ele><time>2023-08-24T15:11:43Z</time></trkpt><trkpt lat="58.084593" lon="38.741992"><ele>98.9</ele><time>2023-08-24T15:11:45Z</time></trkpt><trkpt lat="58.084632" lon="38.741865"><ele>99.1</ele><time>2023-08-24T15:11:47Z</time></trkpt><trkpt lat="58.08468" lon="38.741733"><ele>99.3</ele><time>2023-08-24T15:11:49Z</time></trkpt><trkpt lat="58.084733" lon="38.741627"><ele>100.9</ele><time>2023-08-24T15:11:51Z</time></trkpt><trkpt lat="58.08478" lon="38.74151"><ele>100.5</ele><time>2023-08-24T15:11:54Z</time></trkpt><trkpt lat="58.084822" lon="38.741373"><ele>99.7</ele><time>2023-08-24T15:11:58Z</time></trkpt><trkpt lat="58.084877" lon="38.741277"><ele>101.2</ele><time>2023-08-24T15:12:00Z</time></trkpt><trkpt lat="58.084955" lon="38.741163"><ele>98.2</ele><time>2023-08-24T15:12:03Z</time></trkpt><trkpt lat="58.085037" lon="38.741058"><ele>97.5</ele><time>2023-08-24T15:12:06Z</time></trkpt><trkpt lat="58.085108" lon="38.740917"><ele>98.7</ele><time>2023-08-24T15:12:08Z</time></trkpt><trkpt lat="58.085172" lon="38.74081"><ele>99.9</ele><time>2023-08-24T15:12:10Z</time></trkpt><trkpt lat="58.085232" lon="38.740707"><ele>100.6</ele><time>2023-08-24T15:12:12Z</time></trkpt><trkpt lat="58.085275" lon="38.740595"><ele>99.6</ele><time>2023-08-24T15:12:14Z</time></trkpt><trkpt lat="58.08533" lon="38.740477"><ele>100.4</ele><time>2023-08-24T15:12:16Z</time></trkpt><trkpt lat="58.08538" lon="38.740363"><ele>100.9</ele><time>2023-08-24T15:12:18Z</time></trkpt><trkpt lat="58.085432" lon="38.740232"><ele>100.9</ele><time>2023-08-24T15:12:20Z</time></trkpt><trkpt lat="58.085488" lon="38.740113"><ele>103.8</ele><time>2023-08-24T15:12:22Z</time></trkpt><trkpt lat="58.085545" lon="38.740007"><ele>102.0</ele><time>2023-08-24T15:12:24Z</time></trkpt><trkpt lat="58.085595" lon="38.739883"><ele>101.0</ele><time>2023-08-24T15:12:26Z</time></trkpt><trkpt lat="58.08564" lon="38.739763"><ele>100.1</ele><time>2023-08-24T15:12:28Z</time></trkpt><trkpt lat="58.085693" lon="38.739635"><ele>100.1</ele><time>2023-08-24T15:12:30Z</time></trkpt><trkpt lat="58.085747" lon="38.739503"><ele>99.0</ele><time>2023-08-24T15:12:32Z</time></trkpt><trkpt lat="58.085797" lon="38.739382"><ele>99.0</ele><time>2023-08-24T15:12:34Z</time></trkpt><trkpt lat="58.085857" lon="38.739258"><ele>100.8</ele><time>2023-08-24T15:12:36Z</time></trkpt><trkpt lat="58.085902" lon="38.739143"><ele>99.7</ele><time>2023-08-24T15:12:38Z</time></trkpt><trkpt lat="58.085942" lon="38.739013"><ele>101.0</ele><time>2023-08-24T15:12:40Z</time></trkpt><trkpt lat="58.085985" lon="38.738898"><ele>101.3</ele><time>2023-08-24T15:12:42Z</time></trkpt><trkpt lat="58.086035" lon="38.738737"><ele>103.0</ele><time>2023-08-24T15:12:44Z</time></trkpt><trkpt lat="58.086105" lon="38.738552"><ele>102.1</ele><time>2023-08-24T15:12:46Z</time></trkpt><trkpt lat="58.086173" lon="38.738395"><ele>101.9</ele><time>2023-08-24T15:12:48Z</time></trkpt><trkpt lat="58.086222" lon="38.738243"><ele>102.4</ele><time>2023-08-24T15:12:50Z</time></trkpt><trkpt lat="58.086278" lon="38.738105"><ele>102.3</ele><time>2023-08-24T15:12:52Z</time></trkpt><trkpt lat="58.08634" lon="38.737975"><ele>102.6</ele><time>2023-08-24T15:12:54Z</time></trkpt><trkpt lat="58.086397" lon="38.737832"><ele>103.7</ele><time>2023-08-24T15:12:56Z</time></trkpt><trkpt lat="58.086435" lon="38.737712"><ele>102.3</ele><time>2023-08-24T15:12:58Z</time></trkpt><trkpt lat="58.08649" lon="38.737558"><ele>102.6</ele><time>2023-08-24T15:13:01Z</time></trkpt><trkpt lat="58.08653" lon="38.737445"><ele>101.0</ele><time>2023-08-24T15:13:03Z</time></trkpt><trkpt lat="58.08659" lon="38.737282"><ele>100.0</ele><time>2023-08-24T15:13:06Z</time></trkpt><trkpt lat="58.08663" lon="38.737168"><ele>100.2</ele><time>2023-08-24T15:13:08Z</time></trkpt><trkpt lat="58.086667" lon="38.737043"><ele>101.1</ele><time>2023-08-24T15:13:10Z</time></trkpt><trkpt lat="58.086705" lon="38.7369"><ele>102.0</ele><time>2023-08-24T15:13:12Z</time></trkpt><trkpt lat="58.086738" lon="38.736767"><ele>102.7</ele><time>2023-08-24T15:13:14Z</time></trkpt><trkpt lat="58.086777" lon="38.736643"><ele>103.7</ele><time>2023-08-24T15:13:16Z</time></trkpt><trkpt lat="58.086818" lon="38.736518"><ele>103.7</ele><time>2023-08-24T15:13:18Z</time></trkpt><trkpt lat="58.086863" lon="38.736375"><ele>105.5</ele><time>2023-08-24T15:13:20Z</time></trkpt><trkpt lat="58.08691" lon="38.736198"><ele>105.3</ele><time>2023-08-24T15:13:22Z</time></trkpt><trkpt lat="58.086952" lon="38.73604"><ele>104.8</ele><time>2023-08-24T15:13:24Z</time></trkpt><trkpt lat="58.087005" lon="38.735875"><ele>105.6</ele><time>2023-08-24T15:13:26Z</time></trkpt><trkpt lat="58.087053" lon="38.735715"><ele>107.4</ele><time>2023-08-24T15:13:28Z</time></trkpt><trkpt lat="58.087093" lon="38.73556"><ele>107.9</ele><time>2023-08-24T15:13:30Z</time></trkpt><trkpt lat="58.087133" lon="38.735405"><ele>108.1</ele><time>2023-08-24T15:13:32Z</time></trkpt><trkpt lat="58.087173" lon="38.735235"><ele>109.3</ele><time>2023-08-24T15:13:34Z</time></trkpt><trkpt lat="58.087212" lon="38.735083"><ele>109.1</ele><time>2023-08-24T15:13:36Z</time></trkpt><trkpt lat="58.08726" lon="38.734923"><ele>109.8</ele><time>2023-08-24T15:13:38Z</time></trkpt><trkpt lat="58.087302" lon="38.734802"><ele>107.8</ele><time>2023-08-24T15:13:40Z</time></trkpt><trkpt lat="58.087348" lon="38.734657"><ele>107.2</ele><time>2023-08-24T15:13:42Z</time></trkpt><trkpt lat="58.087408" lon="38.7345"><ele>107.5</ele><time>2023-08-24T15:13:44Z</time></trkpt><trkpt lat="58.087458" lon="38.73433"><ele>107.6</ele><time>2023-08-24T15:13:46Z</time></trkpt><trkpt lat="58.087513" lon="38.734165"><ele>108.5</ele><time>2023-08-24T15:13:48Z</time></trkpt><trkpt lat="58.087573" lon="38.733993"><ele>109.2</ele><time>2023-08-24T15:13:50Z</time></trkpt><trkpt lat="58.087638" lon="38.733852"><ele>109.0</ele><time>2023-08-24T15:13:52Z</time></trkpt><trkpt lat="58.087698" lon="38.733725"><ele>108.7</ele><time>2023-08-24T15:13:54Z</time></trkpt><trkpt lat="58.08775" lon="38.733568"><ele>109.3</ele><time>2023-08-24T15:13:56Z</time></trkpt><trkpt lat="58.087795" lon="38.73343"><ele>108.9</ele><time>2023-08-24T15:13:58Z</time></trkpt><trkpt lat="58.08786" lon="38.733292"><ele>110.0</ele><time>2023-08-24T15:14:00Z</time></trkpt><trkpt lat="58.087917" lon="38.733162"><ele>110.8</ele><time>2023-08-24T15:14:02Z</time></trkpt><trkpt lat="58.08798" lon="38.733035"><ele>111.1</ele><time>2023-08-24T15:14:04Z</time></trkpt><trkpt lat="58.088032" lon="38.7329"><ele>111.7</ele><time>2023-08-24T15:14:06Z</time></trkpt><trkpt lat="58.088087" lon="38.732762"><ele>111.3</ele><time>2023-08-24T15:14:08Z</time></trkpt><trkpt lat="58.088132" lon="38.732622"><ele>111.3</ele><time>2023-08-24T15:14:10Z</time></trkpt><trkpt lat="58.08818" lon="38.732487"><ele>112.3</ele><time>2023-08-24T15:14:12Z</time></trkpt><trkpt lat="58.088232" lon="38.732352"><ele>110.0</ele><time>2023-08-24T15:14:14Z</time></trkpt><trkpt lat="58.088288" lon="38.732222"><ele>108.9</ele><time>2023-08-24T15:14:16Z</time></trkpt><trkpt lat="58.088342" lon="38.732073"><ele>109.1</ele><time>2023-08-24T15:14:18Z</time></trkpt><trkpt lat="58.088397" lon="38.731937"><ele>108.1</ele><time>2023-08-24T15:14:20Z</time></trkpt><trkpt lat="58.088445" lon="38.73181"><ele>107.6</ele><time>2023-08-24T15:14:22Z</time></trkpt><trkpt lat="58.088495" lon="38.73166"><ele>107.8</ele><time>2023-08-24T15:14:24Z</time></trkpt><trkpt lat="58.088552" lon="38.731518"><ele>108.0</ele><time>2023-08-24T15:14:26Z</time></trkpt><trkpt lat="58.088602" lon="38.731368"><ele>106.9</ele><time>2023-08-24T15:14:28Z</time></trkpt><trkpt lat="58.08866" lon="38.731203"><ele>106.2</ele><time>2023-08-24T15:14:30Z</time></trkpt><trkpt lat="58.088718" lon="38.731037"><ele>106.6</ele><time>2023-08-24T15:14:32Z</time></trkpt><trkpt lat="58.088792" lon="38.730903"><ele>106.3</ele><time>2023-08-24T15:14:34Z</time></trkpt><trkpt lat="58.088867" lon="38.730735"><ele>104.5</ele><time>2023-08-24T15:14:36Z</time></trkpt><trkpt lat="58.088952" lon="38.730557"><ele>104.9</ele><time>2023-08-24T15:14:38Z</time></trkpt><trkpt lat="58.089023" lon="38.73041"><ele>104.5</ele><time>2023-08-24T15:14:40Z</time></trkpt><trkpt lat="58.08909" lon="38.730265"><ele>103.8</ele><time>2023-08-24T15:14:42Z</time></trkpt><trkpt lat="58.089155" lon="38.73013"><ele>103.7</ele><time>2023-08-24T15:14:44Z</time></trkpt><trkpt lat="58.089243" lon="38.729962"><ele>103.5</ele><time>2023-08-24T15:14:46Z</time></trkpt><trkpt lat="58.089313" lon="38.729802"><ele>103.8</ele><time>2023-08-24T15:14:48Z</time></trkpt><trkpt lat="58.089385" lon="38.729622"><ele>103.1</ele><time>2023-08-24T15:14:50Z</time></trkpt><trkpt lat="58.089465" lon="38.729458"><ele>104.1</ele><time>2023-08-24T15:14:52Z</time></trkpt><trkpt lat="58.089543" lon="38.729278"><ele>104.8</ele><time>2023-08-24T15:14:54Z</time></trkpt><trkpt lat="58.089612" lon="38.729093"><ele>105.2</ele><time>2023-08-24T15:14:56Z</time></trkpt><trkpt lat="58.08968" lon="38.728937"><ele>104.5</ele><time>2023-08-24T15:14:58Z</time></trkpt><trkpt lat="58.089747" lon="38.728788"><ele>104.3</ele><time>2023-08-24T15:15:00Z</time></trkpt><trkpt lat="58.089808" lon="38.72863"><ele>104.3</ele><time>2023-08-24T15:15:02Z</time></trkpt><trkpt lat="58.089867" lon="38.72844"><ele>104.8</ele><time>2023-08-24T15:15:04Z</time></trkpt><trkpt lat="58.089928" lon="38.728258"><ele>104.5</ele><time>2023-08-24T15:15:06Z</time></trkpt><trkpt lat="58.089993" lon="38.728045"><ele>105.6</ele><time>2023-08-24T15:15:08Z</time></trkpt><trkpt lat="58.09004" lon="38.727858"><ele>105.4</ele><time>2023-08-24T15:15:10Z</time></trkpt><trkpt lat="58.09003" lon="38.72771"><ele>105.3</ele><time>2023-08-24T15:15:12Z</time></trkpt><trkpt lat="58.090038" lon="38.727552"><ele>105.9</ele><time>2023-08-24T15:15:14Z</time></trkpt><trkpt lat="58.090098" lon="38.727388"><ele>106.9</ele><time>2023-08-24T15:15:17Z</time></trkpt><trkpt lat="58.090165" lon="38.72724"><ele>107.5</ele><time>2023-08-24T15:15:19Z</time></trkpt><trkpt lat="58.090228" lon="38.727092"><ele>109.5</ele><time>2023-08-24T15:15:21Z</time></trkpt><trkpt lat="58.090277" lon="38.726923"><ele>109.3</ele><time>2023-08-24T15:15:23Z</time></trkpt><trkpt lat="58.090338" lon="38.726788"><ele>108.7</ele><time>2023-08-24T15:15:26Z</time></trkpt><trkpt lat="58.090375" lon="38.726603"><ele>108.6</ele><time>2023-08-24T15:15:28Z</time></trkpt><trkpt lat="58.090425" lon="38.726442"><ele>107.1</ele><time>2023-08-24T15:15:31Z</time></trkpt><trkpt lat="58.090507" lon="38.726315"><ele>103.1</ele><time>2023-08-24T15:15:35Z</time></trkpt><trkpt lat="58.090547" lon="38.726197"><ele>103.2</ele><time>2023-08-24T15:15:37Z</time></trkpt><trkpt lat="58.090583" lon="38.726075"><ele>103.4</ele><time>2023-08-24T15:15:39Z</time></trkpt><trkpt lat="58.09062" lon="38.72595"><ele>101.6</ele><time>2023-08-24T15:15:41Z</time></trkpt><trkpt lat="58.090627" lon="38.725765"><ele>101.8</ele><time>2023-08-24T15:15:44Z</time></trkpt><trkpt lat="58.090617" lon="38.725575"><ele>99.8</ele><time>2023-08-24T15:15:47Z</time></trkpt><trkpt lat="58.090615" lon="38.7254"><ele>99.5</ele><time>2023-08-24T15:15:50Z</time></trkpt><trkpt lat="58.090607" lon="38.725255"><ele>96.5</ele><time>2023-08-24T15:15:53Z</time></trkpt><trkpt lat="58.090608" lon="38.725083"><ele>91.1</ele><time>2023-08-24T15:15:57Z</time></trkpt><trkpt lat="58.0906" lon="38.724915"><ele>86.2</ele><time>2023-08-24T15:16:01Z</time></trkpt><trkpt lat="58.090622" lon="38.724782"><ele>85.5</ele><time>2023-08-24T15:16:04Z</time></trkpt><trkpt lat="58.090657" lon="38.724627"><ele>86.7</ele><time>2023-08-24T15:16:07Z</time></trkpt><trkpt lat="58.090655" lon="38.72444"><ele>87.7</ele><time>2023-08-24T15:16:10Z</time></trkpt><trkpt lat="58.090662" lon="38.724302"><ele>89.2</ele><time>2023-08-24T15:16:12Z</time></trkpt><trkpt lat="58.090688" lon="38.724168"><ele>89.3</ele><time>2023-08-24T15:16:14Z</time></trkpt><trkpt lat="58.090717" lon="38.724018"><ele>88.5</ele><time>2023-08-24T15:16:16Z</time></trkpt><trkpt lat="58.09072" lon="38.723832"><ele>88.3</ele><time>2023-08-24T15:16:19Z</time></trkpt><trkpt lat="58.090693" lon="38.723662"><ele>91.0</ele><time>2023-08-24T15:16:22Z</time></trkpt><trkpt lat="58.090682" lon="38.723522"><ele>89.6</ele><time>2023-08-24T15:16:25Z</time></trkpt><trkpt lat="58.090698" lon="38.72337"><ele>91.2</ele><time>2023-08-24T15:16:29Z</time></trkpt><trkpt lat="58.090707" lon="38.72321"><ele>89.1</ele><time>2023-08-24T15:16:33Z</time></trkpt><trkpt lat="58.090698" lon="38.723017"><ele>87.2</ele><time>2023-08-24T15:16:36Z</time></trkpt><trkpt lat="58.090698" lon="38.722872"><ele>85.2</ele><time>2023-08-24T15:16:38Z</time></trkpt><trkpt lat="58.090692" lon="38.722735"><ele>91.9</ele><time>2023-08-24T15:17:18Z</time></trkpt><trkpt lat="58.090747" lon="38.722645"><ele>91.7</ele><time>2023-08-24T15:17:32Z</time></trkpt><trkpt lat="58.09071" lon="38.722528"><ele>90.0</ele><time>2023-08-24T15:17:38Z</time></trkpt><trkpt lat="58.090723" lon="38.722395"><ele>95.3</ele><time>2023-08-24T15:18:18Z</time></trkpt><trkpt lat="58.09068" lon="38.722518"><ele>97.8</ele><time>2023-08-24T15:21:29Z</time></trkpt><trkpt lat="58.090723" lon="38.722655"><ele>96.5</ele><time>2023-08-24T15:21:35Z</time></trkpt><trkpt lat="58.090672" lon="38.722755"><ele>95.5</ele><time>2023-08-24T15:24:07Z</time></trkpt><trkpt lat="58.090582" lon="38.722738"><ele>95.8</ele><time>2023-08-24T15:24:16Z</time></trkpt><trkpt lat="58.09051" lon="38.722727"><ele>96.2</ele><time>2023-08-24T15:24:19Z</time></trkpt><trkpt lat="58.090432" lon="38.722717"><ele>96.8</ele><time>2023-08-24T15:24:22Z</time></trkpt><trkpt lat="58.090332" lon="38.722755"><ele>97.1</ele><time>2023-08-24T15:24:25Z</time></trkpt><trkpt lat="58.090253" lon="38.722843"><ele>97.3</ele><time>2023-08-24T15:24:28Z</time></trkpt><trkpt lat="58.090155" lon="38.722913"><ele>96.9</ele><time>2023-08-24T15:24:31Z</time></trkpt><trkpt lat="58.090057" lon="38.72299"><ele>97.1</ele><time>2023-08-24T15:24:34Z</time></trkpt><trkpt lat="58.089973" lon="38.72304"><ele>97.7</ele><time>2023-08-24T15:24:36Z</time></trkpt><trkpt lat="58.089892" lon="38.72308"><ele>97.1</ele><time>2023-08-24T15:24:38Z</time></trkpt><trkpt lat="58.089968" lon="38.723043"><ele>94.2</ele><time>2023-08-24T15:28:43Z</time></trkpt><trkpt lat="58.09005" lon="38.722988"><ele>94.3</ele><time>2023-08-24T15:28:51Z</time></trkpt><trkpt lat="58.090152" lon="38.722913"><ele>95.6</ele><time>2023-08-24T15:28:54Z</time></trkpt><trkpt lat="58.090225" lon="38.722865"><ele>96.2</ele><time>2023-08-24T15:28:56Z</time></trkpt><trkpt lat="58.090303" lon="38.722818"><ele>95.6</ele><time>2023-08-24T15:28:58Z</time></trkpt><trkpt lat="58.09038" lon="38.722753"><ele>94.9</ele><time>2023-08-24T15:29:00Z</time></trkpt><trkpt lat="58.090473" lon="38.722702"><ele>94.2</ele><time>2023-08-24T15:29:03Z</time></trkpt><trkpt lat="58.090555" lon="38.722718"><ele>94.2</ele><time>2023-08-24T15:29:07Z</time></trkpt><trkpt lat="58.090643" lon="38.722762"><ele>94.9</ele><time>2023-08-24T15:29:11Z</time></trkpt><trkpt lat="58.090712" lon="38.722848"><ele>96.8</ele><time>2023-08-24T15:29:15Z</time></trkpt><trkpt lat="58.090682" lon="38.722975"><ele>97.4</ele><time>2023-08-24T15:29:26Z</time></trkpt><trkpt lat="58.090705" lon="38.723112"><ele>97.1</ele><time>2023-08-24T15:29:42Z</time></trkpt><trkpt lat="58.090718" lon="38.723247"><ele>99.1</ele><time>2023-08-24T15:29:50Z</time></trkpt><trkpt lat="58.09066" lon="38.72334"><ele>97.4</ele><time>2023-08-24T15:30:16Z</time></trkpt><trkpt lat="58.090712" lon="38.723457"><ele>94.0</ele><time>2023-08-24T15:30:22Z</time></trkpt><trkpt lat="58.090717" lon="38.723593"><ele>95.5</ele><time>2023-08-24T15:30:27Z</time></trkpt><trkpt lat="58.090738" lon="38.723727"><ele>93.4</ele><time>2023-08-24T15:30:32Z</time></trkpt><trkpt lat="58.090685" lon="38.723588"><ele>94.3</ele><time>2023-08-24T15:30:46Z</time></trkpt><trkpt lat="58.090692" lon="38.72344"><ele>97.9</ele><time>2023-08-24T15:30:49Z</time></trkpt><trkpt lat="58.090698" lon="38.723593"><ele>95.9</ele><time>2023-08-24T15:31:04Z</time></trkpt><trkpt lat="58.09072" lon="38.72373"><ele>95.5</ele><time>2023-08-24T15:31:08Z</time></trkpt><trkpt lat="58.090738" lon="38.723865"><ele>95.6</ele><time>2023-08-24T15:31:11Z</time></trkpt><trkpt lat="58.090728" lon="38.724033"><ele>94.9</ele><time>2023-08-24T15:31:14Z</time></trkpt><trkpt lat="58.090703" lon="38.724178"><ele>94.5</ele><time>2023-08-24T15:31:17Z</time></trkpt><trkpt lat="58.090678" lon="38.724318"><ele>92.5</ele><time>2023-08-24T15:31:21Z</time></trkpt><trkpt lat="58.090693" lon="38.724483"><ele>98.2</ele><time>2023-08-24T15:31:49Z</time></trkpt><trkpt lat="58.090662" lon="38.72465"><ele>97.5</ele><time>2023-08-24T15:31:52Z</time></trkpt><trkpt lat="58.09064" lon="38.72479"><ele>96.8</ele><time>2023-08-24T15:31:55Z</time></trkpt><trkpt lat="58.090548" lon="38.724842"><ele>96.2</ele><time>2023-08-24T15:32:00Z</time></trkpt><trkpt lat="58.090477" lon="38.724857"><ele>95.8</ele><time>2023-08-24T15:32:02Z</time></trkpt><trkpt lat="58.090382" lon="38.724877"><ele>95.5</ele><time>2023-08-24T15:32:04Z</time></trkpt><trkpt lat="58.090268" lon="38.724892"><ele>95.9</ele><time>2023-08-24T15:32:06Z</time></trkpt><trkpt lat="58.090187" lon="38.724892"><ele>96.0</ele><time>2023-08-24T15:32:08Z</time></trkpt><trkpt lat="58.090113" lon="38.72491"><ele>97.1</ele><time>2023-08-24T15:32:10Z</time></trkpt><trkpt lat="58.09002" lon="38.724933"><ele>98.5</ele><time>2023-08-24T15:32:13Z</time></trkpt><trkpt lat="58.089923" lon="38.724945"><ele>100.4</ele><time>2023-08-24T15:32:16Z</time></trkpt><trkpt lat="58.089818" lon="38.724952"><ele>104.3</ele><time>2023-08-24T15:32:19Z</time></trkpt><trkpt lat="58.089722" lon="38.724943"><ele>104.5</ele><time>2023-08-24T15:32:22Z</time></trkpt><trkpt lat="58.08963" lon="38.724963"><ele>104.5</ele><time>2023-08-24T15:32:25Z</time></trkpt><trkpt lat="58.089558" lon="38.724928"><ele>104.5</ele><time>2023-08-24T15:32:46Z</time></trkpt><trkpt lat="58.089537" lon="38.72476"><ele>105.4</ele><time>2023-08-24T15:32:49Z</time></trkpt><trkpt lat="58.089538" lon="38.724605"><ele>103.2</ele><time>2023-08-24T15:32:51Z</time></trkpt><trkpt lat="58.089537" lon="38.724442"><ele>103.3</ele><time>2023-08-24T15:32:53Z</time></trkpt><trkpt lat="58.08953" lon="38.724307"><ele>102.5</ele><time>2023-08-24T15:32:55Z</time></trkpt><trkpt lat="58.089507" lon="38.724142"><ele>102.6</ele><time>2023-08-24T15:32:57Z</time></trkpt><trkpt lat="58.089462" lon="38.724035"><ele>102.2</ele><time>2023-08-24T15:32:59Z</time></trkpt><trkpt lat="58.089377" lon="38.723915"><ele>102.1</ele><time>2023-08-24T15:33:02Z</time></trkpt><trkpt lat="58.089308" lon="38.723842"><ele>101.9</ele><time>2023-08-24T15:33:04Z</time></trkpt><trkpt lat="58.089223" lon="38.723743"><ele>101.4</ele><time>2023-08-24T15:33:06Z</time></trkpt><trkpt lat="58.089155" lon="38.723632"><ele>103.4</ele><time>2023-08-24T15:33:08Z</time></trkpt><trkpt lat="58.089073" lon="38.723527"><ele>103.3</ele><time>2023-08-24T15:33:10Z</time></trkpt><trkpt lat="58.08898" lon="38.723462"><ele>102.1</ele><time>2023-08-24T15:33:12Z</time></trkpt><trkpt lat="58.088883" lon="38.723415"><ele>100.0</ele><time>2023-08-24T15:33:14Z</time></trkpt><trkpt lat="58.088807" lon="38.723365"><ele>99.8</ele><time>2023-08-24T15:33:16Z</time></trkpt><trkpt lat="58.08871" lon="38.723333"><ele>99.5</ele><time>2023-08-24T15:33:19Z</time></trkpt><trkpt lat="58.088627" lon="38.723347"><ele>101.1</ele><time>2023-08-24T15:33:22Z</time></trkpt><trkpt lat="58.088545" lon="38.72329"><ele>103.7</ele><time>2023-08-24T15:33:26Z</time></trkpt><trkpt lat="58.088477" lon="38.72321"><ele>97.6</ele><time>2023-08-24T15:33:31Z</time></trkpt><trkpt lat="58.088403" lon="38.723153"><ele>99.6</ele><time>2023-08-24T15:33:41Z</time></trkpt><trkpt lat="58.08833" lon="38.723118"><ele>96.2</ele><time>2023-08-24T15:35:31Z</time></trkpt><trkpt lat="58.088253" lon="38.723065"><ele>94.2</ele><time>2023-08-24T15:35:37Z</time></trkpt><trkpt lat="58.088162" lon="38.723008"><ele>92.7</ele><time>2023-08-24T15:35:44Z</time></trkpt><trkpt lat="58.088078" lon="38.722913"><ele>92.2</ele><time>2023-08-24T15:35:47Z</time></trkpt><trkpt lat="58.087995" lon="38.722863"><ele>92.8</ele><time>2023-08-24T15:35:50Z</time></trkpt><trkpt lat="58.087922" lon="38.722797"><ele>92.8</ele><time>2023-08-24T15:35:53Z</time></trkpt><trkpt lat="58.08784" lon="38.722743"><ele>91.4</ele><time>2023-08-24T15:35:56Z</time></trkpt><trkpt lat="58.08777" lon="38.722645"><ele>91.4</ele><time>2023-08-24T15:35:59Z</time></trkpt><trkpt lat="58.087703" lon="38.722548"><ele>91.7</ele><time>2023-08-24T15:36:05Z</time></trkpt><trkpt lat="58.087635" lon="38.7225"><ele>93.0</ele><time>2023-08-24T15:36:42Z</time></trkpt><trkpt lat="58.08756" lon="38.722458"><ele>93.0</ele><time>2023-08-24T15:36:45Z</time></trkpt><trkpt lat="58.087468" lon="38.722427"><ele>95.1</ele><time>2023-08-24T15:36:48Z</time></trkpt><trkpt lat="58.087375" lon="38.722372"><ele>93.1</ele><time>2023-08-24T15:36:51Z</time></trkpt><trkpt lat="58.0873" lon="38.722317"><ele>93.8</ele><time>2023-08-24T15:36:54Z</time></trkpt><trkpt lat="58.087218" lon="38.722235"><ele>92.1</ele><time>2023-08-24T15:36:57Z</time></trkpt><trkpt lat="58.087143" lon="38.722143"><ele>92.4</ele><time>2023-08-24T15:37:00Z</time></trkpt><trkpt lat="58.087045" lon="38.722138"><ele>92.0</ele><time>2023-08-24T15:37:04Z</time></trkpt><trkpt lat="58.086973" lon="38.722108"><ele>93.3</ele><time>2023-08-24T15:37:07Z</time></trkpt><trkpt lat="58.086887" lon="38.722082"><ele>94.4</ele><time>2023-08-24T15:37:11Z</time></trkpt><trkpt lat="58.086817" lon="38.72203"><ele>95.0</ele><time>2023-08-24T15:37:14Z</time></trkpt><trkpt lat="58.086737" lon="38.721967"><ele>95.0</ele><time>2023-08-24T15:37:17Z</time></trkpt><trkpt lat="58.086657" lon="38.721902"><ele>94.1</ele><time>2023-08-24T15:37:20Z</time></trkpt><trkpt lat="58.086567" lon="38.721833"><ele>94.9</ele><time>2023-08-24T15:37:23Z</time></trkpt><trkpt lat="58.086473" lon="38.721752"><ele>93.9</ele><time>2023-08-24T15:37:26Z</time></trkpt><trkpt lat="58.086382" lon="38.721668"><ele>95.7</ele><time>2023-08-24T15:37:29Z</time></trkpt><trkpt lat="58.086317" lon="38.721535"><ele>96.3</ele><time>2023-08-24T15:37:32Z</time></trkpt><trkpt lat="58.086273" lon="38.721395"><ele>97.5</ele><time>2023-08-24T15:37:35Z</time></trkpt><trkpt lat="58.086255" lon="38.721217"><ele>97.9</ele><time>2023-08-24T15:37:38Z</time></trkpt><trkpt lat="58.086232" lon="38.721085"><ele>96.8</ele><time>2023-08-24T15:37:40Z</time></trkpt><trkpt lat="58.086202" lon="38.720962"><ele>96.3</ele><time>2023-08-24T15:37:42Z</time></trkpt><trkpt lat="58.086187" lon="38.720818"><ele>97.0</ele><time>2023-08-24T15:37:44Z</time></trkpt><trkpt lat="58.086203" lon="38.720667"><ele>96.7</ele><time>2023-08-24T15:37:48Z</time></trkpt><trkpt lat="58.086233" lon="38.720525"><ele>94.5</ele><time>2023-08-24T15:37:52Z</time></trkpt><trkpt lat="58.086268" lon="38.720338"><ele>96.5</ele><time>2023-08-24T15:37:56Z</time></trkpt><trkpt lat="58.086297" lon="38.720205"><ele>96.3</ele><time>2023-08-24T15:37:58Z</time></trkpt><trkpt lat="58.086323" lon="38.720057"><ele>96.3</ele><time>2023-08-24T15:38:01Z</time></trkpt><trkpt lat="58.086363" lon="38.71994"><ele>97.9</ele><time>2023-08-24T15:38:04Z</time></trkpt><trkpt lat="58.08643" lon="38.719853"><ele>98.3</ele><time>2023-08-24T15:38:07Z</time></trkpt><trkpt lat="58.086505" lon="38.719803"><ele>100.4</ele><time>2023-08-24T15:38:10Z</time></trkpt><trkpt lat="58.08657" lon="38.71972"><ele>99.5</ele><time>2023-08-24T15:38:16Z</time></trkpt><trkpt lat="58.086622" lon="38.719622"><ele>104.4</ele><time>2023-08-24T15:38:29Z</time></trkpt><trkpt lat="58.086678" lon="38.719538"><ele>103.5</ele><time>2023-08-24T15:38:34Z</time></trkpt><trkpt lat="58.086748" lon="38.719518"><ele>97.9</ele><time>2023-08-24T15:40:34Z</time></trkpt><trkpt lat="58.086757" lon="38.719355"><ele>98.3</ele><time>2023-08-24T15:40:42Z</time></trkpt><trkpt lat="58.086762" lon="38.719193"><ele>98.9</ele><time>2023-08-24T15:40:46Z</time></trkpt><trkpt lat="58.086732" lon="38.719043"><ele>99.6</ele><time>2023-08-24T15:41:06Z</time></trkpt><trkpt lat="58.086733" lon="38.7189"><ele>100.3</ele><time>2023-08-24T15:41:09Z</time></trkpt><trkpt lat="58.086725" lon="38.718747"><ele>100.6</ele><time>2023-08-24T15:41:12Z</time></trkpt><trkpt lat="58.086702" lon="38.71861"><ele>100.9</ele><time>2023-08-24T15:41:15Z</time></trkpt><trkpt lat="58.086667" lon="38.718467"><ele>100.1</ele><time>2023-08-24T15:41:18Z</time></trkpt><trkpt lat="58.086637" lon="38.7183"><ele>99.4</ele><time>2023-08-24T15:41:22Z</time></trkpt><trkpt lat="58.08661" lon="38.718122"><ele>100.0</ele><time>2023-08-24T15:41:26Z</time></trkpt><trkpt lat="58.08662" lon="38.717975"><ele>100.6</ele><time>2023-08-24T15:41:29Z</time></trkpt><trkpt lat="58.086627" lon="38.717793"><ele>100.5</ele><time>2023-08-24T15:41:33Z</time></trkpt><trkpt lat="58.086627" lon="38.71762"><ele>100.7</ele><time>2023-08-24T15:41:37Z</time></trkpt><trkpt lat="58.086637" lon="38.717453"><ele>100.9</ele><time>2023-08-24T15:41:41Z</time></trkpt><trkpt lat="58.086637" lon="38.717315"><ele>101.3</ele><time>2023-08-24T15:41:46Z</time></trkpt><trkpt lat="58.086623" lon="38.717153"><ele>101.3</ele><time>2023-08-24T15:41:51Z</time></trkpt><trkpt lat="58.086628" lon="38.71701"><ele>101.7</ele><time>2023-08-24T15:41:55Z</time></trkpt><trkpt lat="58.086595" lon="38.716845"><ele>102.5</ele><time>2023-08-24T15:41:59Z</time></trkpt><trkpt lat="58.086613" lon="38.71669"><ele>102.9</ele><time>2023-08-24T15:42:03Z</time></trkpt><trkpt lat="58.086637" lon="38.716545"><ele>101.9</ele><time>2023-08-24T15:42:07Z</time></trkpt><trkpt lat="58.08667" lon="38.716408"><ele>101.9</ele><time>2023-08-24T15:42:11Z</time></trkpt><trkpt lat="58.086718" lon="38.716273"><ele>102.3</ele><time>2023-08-24T15:42:15Z</time></trkpt><trkpt lat="58.086758" lon="38.716142"><ele>101.7</ele><time>2023-08-24T15:42:18Z</time></trkpt><trkpt lat="58.086787" lon="38.716005"><ele>101.7</ele><time>2023-08-24T15:42:20Z</time></trkpt><trkpt lat="58.086808" lon="38.715863"><ele>101.8</ele><time>2023-08-24T15:42:22Z</time></trkpt><trkpt lat="58.086828" lon="38.715722"><ele>101.5</ele><time>2023-08-24T15:42:24Z</time></trkpt><trkpt lat="58.086847" lon="38.715578"><ele>101.7</ele><time>2023-08-24T15:42:26Z</time></trkpt><trkpt lat="58.086868" lon="38.715432"><ele>102.0</ele><time>2023-08-24T15:42:28Z</time></trkpt><trkpt lat="58.086888" lon="38.715285"><ele>102.2</ele><time>2023-08-24T15:42:30Z</time></trkpt><trkpt lat="58.086908" lon="38.715143"><ele>102.4</ele><time>2023-08-24T15:42:32Z</time></trkpt><trkpt lat="58.086927" lon="38.71501"><ele>102.5</ele><time>2023-08-24T15:42:34Z</time></trkpt><trkpt lat="58.086952" lon="38.71481"><ele>101.8</ele><time>2023-08-24T15:42:37Z</time></trkpt><trkpt lat="58.086975" lon="38.714635"><ele>102.6</ele><time>2023-08-24T15:42:40Z</time></trkpt><trkpt lat="58.086983" lon="38.714483"><ele>103.1</ele><time>2023-08-24T15:42:43Z</time></trkpt><trkpt lat="58.086957" lon="38.714328"><ele>103.2</ele><time>2023-08-24T15:42:48Z</time></trkpt><trkpt lat="58.087033" lon="38.714315"><ele>102.3</ele><time>2023-08-24T15:42:59Z</time></trkpt><trkpt lat="58.08701" lon="38.714457"><ele>105.6</ele><time>2023-08-24T15:47:02Z</time></trkpt><trkpt lat="58.087027" lon="38.714608"><ele>105.8</ele><time>2023-08-24T15:47:05Z</time></trkpt><trkpt lat="58.087005" lon="38.71481"><ele>104.0</ele><time>2023-08-24T15:47:08Z</time></trkpt><trkpt lat="58.086983" lon="38.71495"><ele>104.9</ele><time>2023-08-24T15:47:10Z</time></trkpt><trkpt lat="58.086962" lon="38.71509"><ele>105.9</ele><time>2023-08-24T15:47:12Z</time></trkpt><trkpt lat="58.086937" lon="38.715238"><ele>104.9</ele><time>2023-08-24T15:47:14Z</time></trkpt><trkpt lat="58.086902" lon="38.715388"><ele>104.6</ele><time>2023-08-24T15:47:16Z</time></trkpt><trkpt lat="58.086877" lon="38.715533"><ele>106.0</ele><time>2023-08-24T15:47:18Z</time></trkpt><trkpt lat="58.08685" lon="38.715723"><ele>107.0</ele><time>2023-08-24T15:47:21Z</time></trkpt><trkpt lat="58.086828" lon="38.715907"><ele>108.3</ele><time>2023-08-24T15:47:24Z</time></trkpt><trkpt lat="58.086807" lon="38.716055"><ele>107.1</ele><time>2023-08-24T15:47:27Z</time></trkpt><trkpt lat="58.086773" lon="38.716205"><ele>106.0</ele><time>2023-08-24T15:47:30Z</time></trkpt><trkpt lat="58.086723" lon="38.716348"><ele>107.1</ele><time>2023-08-24T15:47:33Z</time></trkpt><trkpt lat="58.086673" lon="38.716483"><ele>108.0</ele><time>2023-08-24T15:47:36Z</time></trkpt><trkpt lat="58.08665" lon="38.716648"><ele>107.5</ele><time>2023-08-24T15:47:39Z</time></trkpt><trkpt lat="58.086627" lon="38.716813"><ele>106.8</ele><time>2023-08-24T15:47:42Z</time></trkpt><trkpt lat="58.086645" lon="38.717"><ele>107.5</ele><time>2023-08-24T15:47:45Z</time></trkpt><trkpt lat="58.086668" lon="38.717138"><ele>107.3</ele><time>2023-08-24T15:47:48Z</time></trkpt><trkpt lat="58.086743" lon="38.717143"><ele>107.4</ele><time>2023-08-24T15:48:50Z</time></trkpt><trkpt lat="58.086645" lon="38.716755"><ele>107.2</ele><time>2023-08-24T15:48:54Z</time></trkpt><trkpt lat="58.086602" lon="38.716895"><ele>98.4</ele><time>2023-08-24T15:49:02Z</time></trkpt><trkpt lat="58.086607" lon="38.717032"><ele>103.3</ele><time>2023-08-24T15:49:05Z</time></trkpt><trkpt lat="58.08664" lon="38.717153"><ele>102.0</ele><time>2023-08-24T15:49:43Z</time></trkpt><trkpt lat="58.086652" lon="38.717298"><ele>101.4</ele><time>2023-08-24T15:49:47Z</time></trkpt><trkpt lat="58.086652" lon="38.717437"><ele>101.3</ele><time>2023-08-24T15:49:49Z</time></trkpt><trkpt lat="58.086642" lon="38.71761"><ele>101.4</ele><time>2023-08-24T15:49:51Z</time></trkpt><trkpt lat="58.086647" lon="38.717775"><ele>101.3</ele><time>2023-08-24T15:49:53Z</time></trkpt><trkpt lat="58.086667" lon="38.717928"><ele>102.6</ele><time>2023-08-24T15:49:55Z</time></trkpt><trkpt lat="58.08667" lon="38.718073"><ele>102.0</ele><time>2023-08-24T15:49:57Z</time></trkpt><trkpt lat="58.086688" lon="38.718267"><ele>105.2</ele><time>2023-08-24T15:50:00Z</time></trkpt><trkpt lat="58.086705" lon="38.718445"><ele>106.7</ele><time>2023-08-24T15:50:03Z</time></trkpt><trkpt lat="58.08673" lon="38.718597"><ele>106.0</ele><time>2023-08-24T15:50:06Z</time></trkpt><trkpt lat="58.086767" lon="38.71874"><ele>106.5</ele><time>2023-08-24T15:50:09Z</time></trkpt><trkpt lat="58.086798" lon="38.718868"><ele>105.1</ele><time>2023-08-24T15:50:12Z</time></trkpt><trkpt lat="58.086798" lon="38.719022"><ele>105.0</ele><time>2023-08-24T15:50:16Z</time></trkpt><trkpt lat="58.086785" lon="38.719182"><ele>103.9</ele><time>2023-08-24T15:50:19Z</time></trkpt><trkpt lat="58.08676" lon="38.719365"><ele>101.8</ele><time>2023-08-24T15:50:22Z</time></trkpt><trkpt lat="58.086745" lon="38.719557"><ele>106.7</ele><time>2023-08-24T15:50:25Z</time></trkpt><trkpt lat="58.086688" lon="38.719648"><ele>104.7</ele><time>2023-08-24T15:50:28Z</time></trkpt><trkpt lat="58.086638" lon="38.71976"><ele>101.3</ele><time>2023-08-24T15:50:31Z</time></trkpt><trkpt lat="58.086577" lon="38.719858"><ele>99.3</ele><time>2023-08-24T15:50:34Z</time></trkpt><trkpt lat="58.086503" lon="38.719918"><ele>99.0</ele><time>2023-08-24T15:50:36Z</time></trkpt><trkpt lat="58.08642" lon="38.719967"><ele>98.8</ele><time>2023-08-24T15:50:38Z</time></trkpt><trkpt lat="58.08634" lon="38.720105"><ele>94.7</ele><time>2023-08-24T15:50:41Z</time></trkpt><trkpt lat="58.086317" lon="38.720235"><ele>94.3</ele><time>2023-08-24T15:50:43Z</time></trkpt><trkpt lat="58.086282" lon="38.72041"><ele>96.6</ele><time>2023-08-24T15:50:46Z</time></trkpt><trkpt lat="58.086248" lon="38.720577"><ele>99.1</ele><time>2023-08-24T15:50:50Z</time></trkpt><trkpt lat="58.086227" lon="38.720707"><ele>98.7</ele><time>2023-08-24T15:50:52Z</time></trkpt><trkpt lat="58.086222" lon="38.720888"><ele>96.6</ele><time>2023-08-24T15:50:55Z</time></trkpt><trkpt lat="58.086247" lon="38.721037"><ele>97.1</ele><time>2023-08-24T15:50:57Z</time></trkpt><trkpt lat="58.086288" lon="38.721187"><ele>98.0</ele><time>2023-08-24T15:50:59Z</time></trkpt><trkpt lat="58.08631" lon="38.72132"><ele>98.7</ele><time>2023-08-24T15:51:01Z</time></trkpt><trkpt lat="58.086333" lon="38.721475"><ele>100.4</ele><time>2023-08-24T15:52:27Z</time></trkpt><trkpt lat="58.086373" lon="38.721625"><ele>98.7</ele><time>2023-08-24T15:53:20Z</time></trkpt><trkpt lat="58.08642" lon="38.72174"><ele>100.0</ele><time>2023-08-24T15:53:23Z</time></trkpt><trkpt lat="58.086512" lon="38.721808"><ele>99.2</ele><time>2023-08-24T15:53:26Z</time></trkpt><trkpt lat="58.08661" lon="38.721875"><ele>101.8</ele><time>2023-08-24T15:53:29Z</time></trkpt><trkpt lat="58.086683" lon="38.721922"><ele>102.3</ele><time>2023-08-24T15:53:31Z</time></trkpt><trkpt lat="58.086753" lon="38.72197"><ele>101.3</ele><time>2023-08-24T15:53:33Z</time></trkpt><trkpt lat="58.086838" lon="38.722037"><ele>104.9</ele><time>2023-08-24T15:53:36Z</time></trkpt><trkpt lat="58.08693" lon="38.722103"><ele>105.1</ele><time>2023-08-24T15:53:39Z</time></trkpt><trkpt lat="58.087012" lon="38.722248"><ele>106.7</ele><time>2023-08-24T15:53:41Z</time></trkpt><trkpt lat="58.087067" lon="38.722338"><ele>108.7</ele><time>2023-08-24T15:53:43Z</time></trkpt><trkpt lat="58.087128" lon="38.722462"><ele>108.7</ele><time>2023-08-24T15:53:46Z</time></trkpt><trkpt lat="58.087208" lon="38.72254"><ele>103.6</ele><time>2023-08-24T15:53:50Z</time></trkpt><trkpt lat="58.087285" lon="38.722572"><ele>99.5</ele><time>2023-08-24T15:53:53Z</time></trkpt><trkpt lat="58.087347" lon="38.722642"><ele>99.0</ele><time>2023-08-24T15:53:55Z</time></trkpt><trkpt lat="58.087422" lon="38.722768"><ele>98.3</ele><time>2023-08-24T15:53:58Z</time></trkpt><trkpt lat="58.0875" lon="38.722875"><ele>97.9</ele><time>2023-08-24T15:54:01Z</time></trkpt><trkpt lat="58.087567" lon="38.722935"><ele>100.2</ele><time>2023-08-24T15:54:03Z</time></trkpt><trkpt lat="58.087643" lon="38.723023"><ele>100.1</ele><time>2023-08-24T15:54:06Z</time></trkpt><trkpt lat="58.087723" lon="38.723112"><ele>99.5</ele><time>2023-08-24T15:54:09Z</time></trkpt><trkpt lat="58.087795" lon="38.723192"><ele>99.9</ele><time>2023-08-24T15:54:12Z</time></trkpt><trkpt lat="58.087835" lon="38.723328"><ele>99.7</ele><time>2023-08-24T15:54:15Z</time></trkpt><trkpt lat="58.087843" lon="38.723473"><ele>101.7</ele><time>2023-08-24T15:54:18Z</time></trkpt><trkpt lat="58.08785" lon="38.72363"><ele>103.6</ele><time>2023-08-24T15:54:22Z</time></trkpt><trkpt lat="58.087872" lon="38.723802"><ele>104.4</ele><time>2023-08-24T15:54:26Z</time></trkpt><trkpt lat="58.087912" lon="38.723932"><ele>103.0</ele><time>2023-08-24T15:54:30Z</time></trkpt><trkpt lat="58.087945" lon="38.72408"><ele>105.6</ele><time>2023-08-24T15:54:35Z</time></trkpt><trkpt lat="58.087957" lon="38.72423"><ele>106.9</ele><time>2023-08-24T15:54:41Z</time></trkpt><trkpt lat="58.088012" lon="38.724338"><ele>106.0</ele><time>2023-08-24T15:54:47Z</time></trkpt><trkpt lat="58.088073" lon="38.724427"><ele>110.1</ele><time>2023-08-24T15:54:54Z</time></trkpt><trkpt lat="58.08813" lon="38.724512"><ele>108.0</ele><time>2023-08-24T15:54:59Z</time></trkpt><trkpt lat="58.088188" lon="38.724597"><ele>112.3</ele><time>2023-08-24T15:55:01Z</time></trkpt><trkpt lat="58.088258" lon="38.724692"><ele>115.3</ele><time>2023-08-24T15:55:04Z</time></trkpt><trkpt lat="58.088333" lon="38.724748"><ele>117.9</ele><time>2023-08-24T15:55:08Z</time></trkpt><trkpt lat="58.088402" lon="38.724805"><ele>118.3</ele><time>2023-08-24T15:55:12Z</time></trkpt><trkpt lat="58.088465" lon="38.72487"><ele>118.3</ele><time>2023-08-24T15:55:16Z</time></trkpt><trkpt lat="58.08853" lon="38.724935"><ele>115.3</ele><time>2023-08-24T15:55:20Z</time></trkpt><trkpt lat="58.0886" lon="38.725003"><ele>114.6</ele><time>2023-08-24T15:55:24Z</time></trkpt><trkpt lat="58.088672" lon="38.725095"><ele>114.3</ele><time>2023-08-24T15:55:28Z</time></trkpt><trkpt lat="58.08872" lon="38.7252"><ele>115.1</ele><time>2023-08-24T15:55:31Z</time></trkpt><trkpt lat="58.08876" lon="38.725317"><ele>116.5</ele><time>2023-08-24T15:55:34Z</time></trkpt><trkpt lat="58.088805" lon="38.72545"><ele>113.3</ele><time>2023-08-24T15:55:37Z</time></trkpt><trkpt lat="58.088853" lon="38.725562"><ele>113.6</ele><time>2023-08-24T15:55:39Z</time></trkpt><trkpt lat="58.088928" lon="38.725673"><ele>111.5</ele><time>2023-08-24T15:55:42Z</time></trkpt><trkpt lat="58.088993" lon="38.725742"><ele>110.4</ele><time>2023-08-24T15:55:44Z</time></trkpt><trkpt lat="58.08906" lon="38.725822"><ele>110.8</ele><time>2023-08-24T15:55:46Z</time></trkpt><trkpt lat="58.089142" lon="38.725938"><ele>117.7</ele><time>2023-08-24T15:55:49Z</time></trkpt><trkpt lat="58.089242" lon="38.72609"><ele>116.2</ele><time>2023-08-24T15:55:52Z</time></trkpt><trkpt lat="58.089307" lon="38.726223"><ele>115.3</ele><time>2023-08-24T15:55:54Z</time></trkpt><trkpt lat="58.089375" lon="38.726275"><ele>114.6</ele><time>2023-08-24T15:55:56Z</time></trkpt><trkpt lat="58.08946" lon="38.726365"><ele>114.6</ele><time>2023-08-24T15:55:59Z</time></trkpt><trkpt lat="58.089543" lon="38.726455"><ele>112.5</ele><time>2023-08-24T15:56:03Z</time></trkpt><trkpt lat="58.0896" lon="38.726543"><ele>109.8</ele><time>2023-08-24T15:57:20Z</time></trkpt><trkpt lat="58.089542" lon="38.726463"><ele>105.2</ele><time>2023-08-24T15:58:05Z</time></trkpt><trkpt lat="58.089547" lon="38.726603"><ele>106.3</ele><time>2023-08-24T15:58:21Z</time></trkpt><trkpt lat="58.089583" lon="38.726745"><ele>107.0</ele><time>2023-08-24T15:58:25Z</time></trkpt><trkpt lat="58.089627" lon="38.726878"><ele>106.5</ele><time>2023-08-24T15:58:27Z</time></trkpt><trkpt lat="58.089678" lon="38.727022"><ele>105.8</ele><time>2023-08-24T15:58:29Z</time></trkpt><trkpt lat="58.089737" lon="38.72715"><ele>106.0</ele><time>2023-08-24T15:58:31Z</time></trkpt><trkpt lat="58.089802" lon="38.727272"><ele>105.9</ele><time>2023-08-24T15:58:33Z</time></trkpt><trkpt lat="58.08987" lon="38.727393"><ele>105.4</ele><time>2023-08-24T15:58:35Z</time></trkpt><trkpt lat="58.089932" lon="38.7275"><ele>105.3</ele><time>2023-08-24T15:58:37Z</time></trkpt><trkpt lat="58.089983" lon="38.727613"><ele>105.1</ele><time>2023-08-24T15:58:41Z</time></trkpt><trkpt lat="58.09005" lon="38.72768"><ele>105.6</ele><time>2023-08-24T15:58:49Z</time></trkpt><trkpt lat="58.089998" lon="38.727582"><ele>104.0</ele><time>2023-08-24T15:59:00Z</time></trkpt><trkpt lat="58.090035" lon="38.727708"><ele>104.6</ele><time>2023-08-24T15:59:15Z</time></trkpt><trkpt lat="58.090042" lon="38.72788"><ele>103.5</ele><time>2023-08-24T15:59:19Z</time></trkpt><trkpt lat="58.090012" lon="38.728013"><ele>102.7</ele><time>2023-08-24T15:59:22Z</time></trkpt><trkpt lat="58.089965" lon="38.72817"><ele>102.9</ele><time>2023-08-24T15:59:25Z</time></trkpt><trkpt lat="58.089918" lon="38.72833"><ele>103.7</ele><time>2023-08-24T15:59:28Z</time></trkpt><trkpt lat="58.08988" lon="38.72845"><ele>104.0</ele><time>2023-08-24T15:59:31Z</time></trkpt><trkpt lat="58.089833" lon="38.72857"><ele>102.9</ele><time>2023-08-24T15:59:34Z</time></trkpt><trkpt lat="58.089795" lon="38.728687"><ele>103.8</ele><time>2023-08-24T15:59:37Z</time></trkpt><trkpt lat="58.089747" lon="38.728815"><ele>104.5</ele><time>2023-08-24T15:59:40Z</time></trkpt><trkpt lat="58.089687" lon="38.728967"><ele>103.0</ele><time>2023-08-24T15:59:43Z</time></trkpt><trkpt lat="58.089642" lon="38.72908"><ele>104.2</ele><time>2023-08-24T15:59:45Z</time></trkpt><trkpt lat="58.089592" lon="38.729198"><ele>106.0</ele><time>2023-08-24T15:59:47Z</time></trkpt><trkpt lat="58.089542" lon="38.729312"><ele>104.1</ele><time>2023-08-24T15:59:49Z</time></trkpt><trkpt lat="58.089492" lon="38.729417"><ele>104.1</ele><time>2023-08-24T15:59:51Z</time></trkpt><trkpt lat="58.089438" lon="38.72954"><ele>106.5</ele><time>2023-08-24T15:59:53Z</time></trkpt><trkpt lat="58.089388" lon="38.729672"><ele>107.0</ele><time>2023-08-24T15:59:55Z</time></trkpt><trkpt lat="58.089338" lon="38.729788"><ele>107.3</ele><time>2023-08-24T15:59:57Z</time></trkpt><trkpt lat="58.089295" lon="38.729917"><ele>107.6</ele><time>2023-08-24T15:59:59Z</time></trkpt><trkpt lat="58.089243" lon="38.730053"><ele>107.7</ele><time>2023-08-24T16:00:01Z</time></trkpt><trkpt lat="58.089197" lon="38.730197"><ele>112.4</ele><time>2023-08-24T16:00:03Z</time></trkpt><trkpt lat="58.089148" lon="38.730332"><ele>112.5</ele><time>2023-08-24T16:00:05Z</time></trkpt><trkpt lat="58.089092" lon="38.730452"><ele>112.0</ele><time>2023-08-24T16:00:07Z</time></trkpt><trkpt lat="58.089018" lon="38.730578"><ele>107.9</ele><time>2023-08-24T16:00:10Z</time></trkpt><trkpt lat="58.088972" lon="38.730682"><ele>109.6</ele><time>2023-08-24T16:00:12Z</time></trkpt><trkpt lat="58.088905" lon="38.730815"><ele>109.6</ele><time>2023-08-24T16:00:15Z</time></trkpt><trkpt lat="58.088842" lon="38.730952"><ele>108.3</ele><time>2023-08-24T16:00:18Z</time></trkpt><trkpt lat="58.08877" lon="38.731097"><ele>105.4</ele><time>2023-08-24T16:00:21Z</time></trkpt><trkpt lat="58.088715" lon="38.731212"><ele>105.1</ele><time>2023-08-24T16:00:23Z</time></trkpt><trkpt lat="58.088645" lon="38.731353"><ele>103.0</ele><time>2023-08-24T16:00:26Z</time></trkpt><trkpt lat="58.088567" lon="38.73145"><ele>91.3</ele><time>2023-08-24T16:00:29Z</time></trkpt><trkpt lat="58.088515" lon="38.731548"><ele>91.4</ele><time>2023-08-24T16:00:31Z</time></trkpt><trkpt lat="58.088467" lon="38.731678"><ele>92.8</ele><time>2023-08-24T16:00:33Z</time></trkpt><trkpt lat="58.088415" lon="38.731813"><ele>93.8</ele><time>2023-08-24T16:00:35Z</time></trkpt><trkpt lat="58.088357" lon="38.731943"><ele>93.6</ele><time>2023-08-24T16:00:37Z</time></trkpt><trkpt lat="58.088292" lon="38.732083"><ele>95.1</ele><time>2023-08-24T16:00:39Z</time></trkpt><trkpt lat="58.088242" lon="38.732227"><ele>94.7</ele><time>2023-08-24T16:00:41Z</time></trkpt><trkpt lat="58.088188" lon="38.732353"><ele>95.3</ele><time>2023-08-24T16:00:43Z</time></trkpt><trkpt lat="58.08813" lon="38.732472"><ele>96.3</ele><time>2023-08-24T16:00:45Z</time></trkpt><trkpt lat="58.088087" lon="38.732583"><ele>96.9</ele><time>2023-08-24T16:00:47Z</time></trkpt><trkpt lat="58.088038" lon="38.732718"><ele>96.7</ele><time>2023-08-24T16:00:50Z</time></trkpt><trkpt lat="58.087988" lon="38.732873"><ele>98.9</ele><time>2023-08-24T16:00:53Z</time></trkpt><trkpt lat="58.087947" lon="38.73299"><ele>98.4</ele><time>2023-08-24T16:00:56Z</time></trkpt><trkpt lat="58.0879" lon="38.733132"><ele>101.1</ele><time>2023-08-24T16:00:59Z</time></trkpt><trkpt lat="58.087845" lon="38.733287"><ele>102.2</ele><time>2023-08-24T16:01:02Z</time></trkpt><trkpt lat="58.087803" lon="38.733403"><ele>102.5</ele><time>2023-08-24T16:01:04Z</time></trkpt><trkpt lat="58.087762" lon="38.733532"><ele>102.9</ele><time>2023-08-24T16:01:06Z</time></trkpt><trkpt lat="58.087713" lon="38.733665"><ele>103.4</ele><time>2023-08-24T16:01:08Z</time></trkpt><trkpt lat="58.08766" lon="38.733787"><ele>101.8</ele><time>2023-08-24T16:01:10Z</time></trkpt><trkpt lat="58.087608" lon="38.733917"><ele>103.4</ele><time>2023-08-24T16:01:12Z</time></trkpt><trkpt lat="58.087565" lon="38.734042"><ele>103.4</ele><time>2023-08-24T16:01:14Z</time></trkpt><trkpt lat="58.087523" lon="38.734165"><ele>103.0</ele><time>2023-08-24T16:01:16Z</time></trkpt><trkpt lat="58.087488" lon="38.734283"><ele>102.9</ele><time>2023-08-24T16:01:18Z</time></trkpt><trkpt lat="58.087447" lon="38.734395"><ele>104.0</ele><time>2023-08-24T16:01:20Z</time></trkpt><trkpt lat="58.087397" lon="38.734508"><ele>103.4</ele><time>2023-08-24T16:01:22Z</time></trkpt><trkpt lat="58.087352" lon="38.734627"><ele>101.5</ele><time>2023-08-24T16:01:24Z</time></trkpt><trkpt lat="58.087305" lon="38.734762"><ele>101.3</ele><time>2023-08-24T16:01:26Z</time></trkpt><trkpt lat="58.087262" lon="38.734902"><ele>102.8</ele><time>2023-08-24T16:01:28Z</time></trkpt><trkpt lat="58.087218" lon="38.73504"><ele>100.3</ele><time>2023-08-24T16:01:30Z</time></trkpt><trkpt lat="58.08718" lon="38.735185"><ele>99.5</ele><time>2023-08-24T16:01:32Z</time></trkpt><trkpt lat="58.087145" lon="38.735347"><ele>99.5</ele><time>2023-08-24T16:01:34Z</time></trkpt><trkpt lat="58.087107" lon="38.735525"><ele>99.2</ele><time>2023-08-24T16:01:36Z</time></trkpt><trkpt lat="58.087057" lon="38.735663"><ele>97.4</ele><time>2023-08-24T16:01:38Z</time></trkpt><trkpt lat="58.087032" lon="38.735812"><ele>96.9</ele><time>2023-08-24T16:01:40Z</time></trkpt><trkpt lat="58.086958" lon="38.735948"><ele>100.2</ele><time>2023-08-24T16:01:42Z</time></trkpt><trkpt lat="58.08692" lon="38.736092"><ele>98.6</ele><time>2023-08-24T16:01:44Z</time></trkpt><trkpt lat="58.086873" lon="38.736242"><ele>100.9</ele><time>2023-08-24T16:01:46Z</time></trkpt><trkpt lat="58.086827" lon="38.736428"><ele>100.3</ele><time>2023-08-24T16:01:48Z</time></trkpt><trkpt lat="58.086782" lon="38.736585"><ele>101.1</ele><time>2023-08-24T16:01:50Z</time></trkpt><trkpt lat="58.08674" lon="38.736745"><ele>99.7</ele><time>2023-08-24T16:01:52Z</time></trkpt><trkpt lat="58.0867" lon="38.736895"><ele>101.0</ele><time>2023-08-24T16:01:54Z</time></trkpt><trkpt lat="58.086658" lon="38.737078"><ele>103.0</ele><time>2023-08-24T16:01:56Z</time></trkpt><trkpt lat="58.086597" lon="38.737185"><ele>103.7</ele><time>2023-08-24T16:01:58Z</time></trkpt><trkpt lat="58.086553" lon="38.737313"><ele>104.5</ele><time>2023-08-24T16:02:00Z</time></trkpt><trkpt lat="58.086493" lon="38.737487"><ele>103.8</ele><time>2023-08-24T16:02:02Z</time></trkpt><trkpt lat="58.086445" lon="38.737608"><ele>106.4</ele><time>2023-08-24T16:02:04Z</time></trkpt><trkpt lat="58.086392" lon="38.737743"><ele>104.8</ele><time>2023-08-24T16:02:06Z</time></trkpt><trkpt lat="58.086335" lon="38.737897"><ele>104.0</ele><time>2023-08-24T16:02:08Z</time></trkpt><trkpt lat="58.08628" lon="38.738038"><ele>104.1</ele><time>2023-08-24T16:02:10Z</time></trkpt><trkpt lat="58.086212" lon="38.738202"><ele>103.9</ele><time>2023-08-24T16:02:12Z</time></trkpt><trkpt lat="58.086167" lon="38.738317"><ele>101.1</ele><time>2023-08-24T16:02:14Z</time></trkpt><trkpt lat="58.086107" lon="38.73847"><ele>100.1</ele><time>2023-08-24T16:02:16Z</time></trkpt><trkpt lat="58.086047" lon="38.738633"><ele>100.5</ele><time>2023-08-24T16:02:18Z</time></trkpt><trkpt lat="58.08599" lon="38.738832"><ele>100.9</ele><time>2023-08-24T16:02:20Z</time></trkpt><trkpt lat="58.085927" lon="38.739015"><ele>98.9</ele><time>2023-08-24T16:02:23Z</time></trkpt><trkpt lat="58.085857" lon="38.73912"><ele>96.4</ele><time>2023-08-24T16:02:25Z</time></trkpt><trkpt lat="58.085805" lon="38.739263"><ele>96.3</ele><time>2023-08-24T16:02:27Z</time></trkpt><trkpt lat="58.08575" lon="38.73942"><ele>96.9</ele><time>2023-08-24T16:02:29Z</time></trkpt><trkpt lat="58.0857" lon="38.739567"><ele>97.6</ele><time>2023-08-24T16:02:31Z</time></trkpt><trkpt lat="58.08564" lon="38.739715"><ele>97.9</ele><time>2023-08-24T16:02:33Z</time></trkpt><trkpt lat="58.085588" lon="38.739902"><ele>102.6</ele><time>2023-08-24T16:02:35Z</time></trkpt><trkpt lat="58.085543" lon="38.740025"><ele>102.0</ele><time>2023-08-24T16:02:37Z</time></trkpt><trkpt lat="58.085488" lon="38.740173"><ele>103.2</ele><time>2023-08-24T16:02:39Z</time></trkpt><trkpt lat="58.085435" lon="38.740278"><ele>103.3</ele><time>2023-08-24T16:02:41Z</time></trkpt><trkpt lat="58.085383" lon="38.740378"><ele>100.2</ele><time>2023-08-24T16:02:43Z</time></trkpt><trkpt lat="58.085325" lon="38.740487"><ele>99.2</ele><time>2023-08-24T16:02:45Z</time></trkpt><trkpt lat="58.085265" lon="38.740565"><ele>98.7</ele><time>2023-08-24T16:02:47Z</time></trkpt><trkpt lat="58.085203" lon="38.740647"><ele>97.9</ele><time>2023-08-24T16:02:49Z</time></trkpt><trkpt lat="58.085148" lon="38.740753"><ele>97.9</ele><time>2023-08-24T16:02:51Z</time></trkpt><trkpt lat="58.085098" lon="38.740867"><ele>99.2</ele><time>2023-08-24T16:02:53Z</time></trkpt><trkpt lat="58.085025" lon="38.741025"><ele>100.4</ele><time>2023-08-24T16:02:56Z</time></trkpt><trkpt lat="58.084967" lon="38.741125"><ele>100.5</ele><time>2023-08-24T16:02:58Z</time></trkpt><trkpt lat="58.084875" lon="38.741228"><ele>98.1</ele><time>2023-08-24T16:03:01Z</time></trkpt><trkpt lat="58.084815" lon="38.741308"><ele>96.8</ele><time>2023-08-24T16:03:03Z</time></trkpt><trkpt lat="58.084757" lon="38.741397"><ele>96.1</ele><time>2023-08-24T16:03:05Z</time></trkpt><trkpt lat="58.084702" lon="38.741507"><ele>96.1</ele><time>2023-08-24T16:03:07Z</time></trkpt><trkpt lat="58.084657" lon="38.741625"><ele>95.8</ele><time>2023-08-24T16:03:09Z</time></trkpt><trkpt lat="58.08462" lon="38.741743"><ele>93.4</ele><time>2023-08-24T16:03:11Z</time></trkpt><trkpt lat="58.084585" lon="38.741862"><ele>92.7</ele><time>2023-08-24T16:03:13Z</time></trkpt><trkpt lat="58.084543" lon="38.741982"><ele>93.8</ele><time>2023-08-24T16:03:15Z</time></trkpt><trkpt lat="58.084505" lon="38.742108"><ele>95.2</ele><time>2023-08-24T16:03:17Z</time></trkpt><trkpt lat="58.084463" lon="38.742233"><ele>98.1</ele><time>2023-08-24T16:03:19Z</time></trkpt><trkpt lat="58.08442" lon="38.742397"><ele>99.2</ele><time>2023-08-24T16:03:21Z</time></trkpt><trkpt lat="58.08438" lon="38.742547"><ele>99.3</ele><time>2023-08-24T16:03:23Z</time></trkpt><trkpt lat="58.084347" lon="38.742707"><ele>100.9</ele><time>2023-08-24T16:03:25Z</time></trkpt><trkpt lat="58.08431" lon="38.742862"><ele>100.1</ele><time>2023-08-24T16:03:27Z</time></trkpt><trkpt lat="58.084248" lon="38.743028"><ele>98.6</ele><time>2023-08-24T16:03:30Z</time></trkpt><trkpt lat="58.08419" lon="38.743142"><ele>98.9</ele><time>2023-08-24T16:03:32Z</time></trkpt><trkpt lat="58.084133" lon="38.743247"><ele>98.9</ele><time>2023-08-24T16:03:34Z</time></trkpt><trkpt lat="58.084067" lon="38.74335"><ele>95.7</ele><time>2023-08-24T16:03:36Z</time></trkpt><trkpt lat="58.08401" lon="38.743443"><ele>97.1</ele><time>2023-08-24T16:03:38Z</time></trkpt><trkpt lat="58.083943" lon="38.74355"><ele>96.1</ele><time>2023-08-24T16:03:40Z</time></trkpt><trkpt lat="58.083877" lon="38.743655"><ele>97.2</ele><time>2023-08-24T16:03:42Z</time></trkpt><trkpt lat="58.083815" lon="38.743758"><ele>99.1</ele><time>2023-08-24T16:03:44Z</time></trkpt><trkpt lat="58.083758" lon="38.74386"><ele>98.7</ele><time>2023-08-24T16:03:46Z</time></trkpt><trkpt lat="58.083685" lon="38.744018"><ele>101.3</ele><time>2023-08-24T16:03:49Z</time></trkpt><trkpt lat="58.08363" lon="38.744125"><ele>101.2</ele><time>2023-08-24T16:03:51Z</time></trkpt><trkpt lat="58.083578" lon="38.744252"><ele>102.7</ele><time>2023-08-24T16:03:53Z</time></trkpt><trkpt lat="58.083533" lon="38.744378"><ele>102.3</ele><time>2023-08-24T16:03:55Z</time></trkpt><trkpt lat="58.083488" lon="38.744503"><ele>104.5</ele><time>2023-08-24T16:03:57Z</time></trkpt><trkpt lat="58.083447" lon="38.744632"><ele>105.0</ele><time>2023-08-24T16:03:59Z</time></trkpt><trkpt lat="58.083388" lon="38.744802"><ele>103.8</ele><time>2023-08-24T16:04:02Z</time></trkpt><trkpt lat="58.083353" lon="38.744927"><ele>102.3</ele><time>2023-08-24T16:04:04Z</time></trkpt><trkpt lat="58.083302" lon="38.745097"><ele>99.1</ele><time>2023-08-24T16:04:07Z</time></trkpt><trkpt lat="58.08324" lon="38.745248"><ele>97.6</ele><time>2023-08-24T16:04:10Z</time></trkpt><trkpt lat="58.083188" lon="38.745372"><ele>98.0</ele><time>2023-08-24T16:04:12Z</time></trkpt><trkpt lat="58.083143" lon="38.745507"><ele>97.2</ele><time>2023-08-24T16:04:14Z</time></trkpt><trkpt lat="58.083093" lon="38.745663"><ele>97.1</ele><time>2023-08-24T16:04:16Z</time></trkpt><trkpt lat="58.08306" lon="38.745795"><ele>98.5</ele><time>2023-08-24T16:04:18Z</time></trkpt><trkpt lat="58.082987" lon="38.745892"><ele>98.5</ele><time>2023-08-24T16:04:20Z</time></trkpt><trkpt lat="58.082937" lon="38.746017"><ele>97.2</ele><time>2023-08-24T16:04:22Z</time></trkpt><trkpt lat="58.08287" lon="38.746107"><ele>95.7</ele><time>2023-08-24T16:04:24Z</time></trkpt><trkpt lat="58.0828" lon="38.746198"><ele>95.3</ele><time>2023-08-24T16:04:26Z</time></trkpt><trkpt lat="58.082738" lon="38.746315"><ele>96.1</ele><time>2023-08-24T16:04:28Z</time></trkpt><trkpt lat="58.08267" lon="38.746437"><ele>97.1</ele><time>2023-08-24T16:04:30Z</time></trkpt><trkpt lat="58.082585" lon="38.746588"><ele>100.2</ele><time>2023-08-24T16:04:32Z</time></trkpt><trkpt lat="58.082543" lon="38.746748"><ele>102.1</ele><time>2023-08-24T16:04:34Z</time></trkpt><trkpt lat="58.082492" lon="38.74693"><ele>100.0</ele><time>2023-08-24T16:04:36Z</time></trkpt><trkpt lat="58.082413" lon="38.74704"><ele>98.6</ele><time>2023-08-24T16:04:38Z</time></trkpt><trkpt lat="58.08231" lon="38.747158"><ele>101.0</ele><time>2023-08-24T16:04:40Z</time></trkpt><trkpt lat="58.082198" lon="38.747243"><ele>97.9</ele><time>2023-08-24T16:04:42Z</time></trkpt><trkpt lat="58.082105" lon="38.747367"><ele>98.7</ele><time>2023-08-24T16:04:44Z</time></trkpt><trkpt lat="58.082042" lon="38.747507"><ele>100.2</ele><time>2023-08-24T16:04:46Z</time></trkpt><trkpt lat="58.081967" lon="38.747643"><ele>97.9</ele><time>2023-08-24T16:04:48Z</time></trkpt><trkpt lat="58.0819" lon="38.747765"><ele>96.0</ele><time>2023-08-24T16:04:50Z</time></trkpt><trkpt lat="58.081822" lon="38.747855"><ele>96.3</ele><time>2023-08-24T16:04:52Z</time></trkpt><trkpt lat="58.081745" lon="38.747962"><ele>96.3</ele><time>2023-08-24T16:04:54Z</time></trkpt><trkpt lat="58.081675" lon="38.748095"><ele>96.7</ele><time>2023-08-24T16:04:56Z</time></trkpt><trkpt lat="58.081607" lon="38.748243"><ele>97.0</ele><time>2023-08-24T16:04:58Z</time></trkpt><trkpt lat="58.081545" lon="38.748373"><ele>98.3</ele><time>2023-08-24T16:05:00Z</time></trkpt><trkpt lat="58.081478" lon="38.748527"><ele>97.1</ele><time>2023-08-24T16:05:02Z</time></trkpt><trkpt lat="58.081413" lon="38.748673"><ele>97.4</ele><time>2023-08-24T16:05:04Z</time></trkpt><trkpt lat="58.081332" lon="38.748828"><ele>98.5</ele><time>2023-08-24T16:05:06Z</time></trkpt><trkpt lat="58.081283" lon="38.748953"><ele>97.0</ele><time>2023-08-24T16:05:08Z</time></trkpt><trkpt lat="58.081203" lon="38.749042"><ele>97.1</ele><time>2023-08-24T16:05:10Z</time></trkpt><trkpt lat="58.081132" lon="38.74917"><ele>99.4</ele><time>2023-08-24T16:05:12Z</time></trkpt><trkpt lat="58.081047" lon="38.749298"><ele>99.9</ele><time>2023-08-24T16:05:15Z</time></trkpt><trkpt lat="58.080993" lon="38.749412"><ele>98.4</ele><time>2023-08-24T16:05:17Z</time></trkpt><trkpt lat="58.080967" lon="38.749545"><ele>98.9</ele><time>2023-08-24T16:05:19Z</time></trkpt><trkpt lat="58.080932" lon="38.749672"><ele>99.2</ele><time>2023-08-24T16:05:21Z</time></trkpt><trkpt lat="58.080875" lon="38.749848"><ele>98.4</ele><time>2023-08-24T16:05:24Z</time></trkpt><trkpt lat="58.080832" lon="38.749958"><ele>99.7</ele><time>2023-08-24T16:05:26Z</time></trkpt><trkpt lat="58.080753" lon="38.750097"><ele>99.4</ele><time>2023-08-24T16:05:29Z</time></trkpt><trkpt lat="58.080673" lon="38.750207"><ele>100.8</ele><time>2023-08-24T16:05:32Z</time></trkpt><trkpt lat="58.080593" lon="38.750318"><ele>97.9</ele><time>2023-08-24T16:05:35Z</time></trkpt><trkpt lat="58.080518" lon="38.750448"><ele>97.7</ele><time>2023-08-24T16:05:38Z</time></trkpt><trkpt lat="58.080453" lon="38.750545"><ele>97.7</ele><time>2023-08-24T16:05:41Z</time></trkpt><trkpt lat="58.080393" lon="38.750663"><ele>96.3</ele><time>2023-08-24T16:05:44Z</time></trkpt><trkpt lat="58.08033" lon="38.750782"><ele>95.1</ele><time>2023-08-24T16:05:47Z</time></trkpt><trkpt lat="58.080273" lon="38.75093"><ele>94.6</ele><time>2023-08-24T16:05:50Z</time></trkpt><trkpt lat="58.080235" lon="38.751087"><ele>94.3</ele><time>2023-08-24T16:05:52Z</time></trkpt><trkpt lat="58.080205" lon="38.751268"><ele>96.6</ele><time>2023-08-24T16:05:54Z</time></trkpt><trkpt lat="58.080188" lon="38.75141"><ele>98.4</ele><time>2023-08-24T16:05:56Z</time></trkpt><trkpt lat="58.08011" lon="38.75157"><ele>99.2</ele><time>2023-08-24T16:05:59Z</time></trkpt><trkpt lat="58.080055" lon="38.751688"><ele>97.3</ele><time>2023-08-24T16:06:01Z</time></trkpt><trkpt lat="58.080007" lon="38.751798"><ele>98.0</ele><time>2023-08-24T16:06:03Z</time></trkpt><trkpt lat="58.07995" lon="38.751972"><ele>99.7</ele><time>2023-08-24T16:06:06Z</time></trkpt><trkpt lat="58.079905" lon="38.752085"><ele>99.8</ele><time>2023-08-24T16:06:08Z</time></trkpt><trkpt lat="58.079855" lon="38.75219"><ele>97.3</ele><time>2023-08-24T16:06:10Z</time></trkpt><trkpt lat="58.079778" lon="38.752323"><ele>97.4</ele><time>2023-08-24T16:06:13Z</time></trkpt><trkpt lat="58.079717" lon="38.752463"><ele>99.0</ele><time>2023-08-24T16:06:16Z</time></trkpt><trkpt lat="58.07967" lon="38.752567"><ele>96.8</ele><time>2023-08-24T16:06:18Z</time></trkpt><trkpt lat="58.079597" lon="38.752703"><ele>98.8</ele><time>2023-08-24T16:06:21Z</time></trkpt><trkpt lat="58.07955" lon="38.752813"><ele>99.5</ele><time>2023-08-24T16:06:23Z</time></trkpt><trkpt lat="58.079505" lon="38.75293"><ele>99.6</ele><time>2023-08-24T16:06:25Z</time></trkpt><trkpt lat="58.079462" lon="38.753083"><ele>99.9</ele><time>2023-08-24T16:06:27Z</time></trkpt><trkpt lat="58.079417" lon="38.753208"><ele>99.3</ele><time>2023-08-24T16:06:29Z</time></trkpt><trkpt lat="58.079358" lon="38.75332"><ele>100.3</ele><time>2023-08-24T16:06:31Z</time></trkpt><trkpt lat="58.07929" lon="38.75347"><ele>100.1</ele><time>2023-08-24T16:06:34Z</time></trkpt><trkpt lat="58.07924" lon="38.753575"><ele>99.8</ele><time>2023-08-24T16:06:37Z</time></trkpt><trkpt lat="58.079185" lon="38.75371"><ele>101.4</ele><time>2023-08-24T16:06:41Z</time></trkpt><trkpt lat="58.07914" lon="38.753827"><ele>102.4</ele><time>2023-08-24T16:06:44Z</time></trkpt><trkpt lat="58.079083" lon="38.754"><ele>100.8</ele><time>2023-08-24T16:06:47Z</time></trkpt><trkpt lat="58.079048" lon="38.75412"><ele>100.3</ele><time>2023-08-24T16:06:49Z</time></trkpt><trkpt lat="58.078987" lon="38.754282"><ele>98.6</ele><time>2023-08-24T16:06:52Z</time></trkpt><trkpt lat="58.078948" lon="38.754398"><ele>99.2</ele><time>2023-08-24T16:06:54Z</time></trkpt><trkpt lat="58.07891" lon="38.754522"><ele>99.8</ele><time>2023-08-24T16:06:56Z</time></trkpt><trkpt lat="58.078868" lon="38.754652"><ele>100.2</ele><time>2023-08-24T16:06:58Z</time></trkpt><trkpt lat="58.078823" lon="38.754785"><ele>98.5</ele><time>2023-08-24T16:07:00Z</time></trkpt><trkpt lat="58.078788" lon="38.754907"><ele>98.7</ele><time>2023-08-24T16:07:02Z</time></trkpt><trkpt lat="58.078707" lon="38.755038"><ele>101.8</ele><time>2023-08-24T16:07:05Z</time></trkpt><trkpt lat="58.078667" lon="38.755187"><ele>101.4</ele><time>2023-08-24T16:07:07Z</time></trkpt><trkpt lat="58.078617" lon="38.755305"><ele>102.2</ele><time>2023-08-24T16:07:09Z</time></trkpt><trkpt lat="58.078568" lon="38.755443"><ele>103.0</ele><time>2023-08-24T16:07:11Z</time></trkpt><trkpt lat="58.078523" lon="38.755563"><ele>103.8</ele><time>2023-08-24T16:07:13Z</time></trkpt><trkpt lat="58.078477" lon="38.75568"><ele>103.1</ele><time>2023-08-24T16:07:15Z</time></trkpt><trkpt lat="58.078433" lon="38.755797"><ele>103.0</ele><time>2023-08-24T16:07:17Z</time></trkpt><trkpt lat="58.078387" lon="38.75591"><ele>103.6</ele><time>2023-08-24T16:07:19Z</time></trkpt><trkpt lat="58.078325" lon="38.75603"><ele>100.1</ele><time>2023-08-24T16:07:21Z</time></trkpt><trkpt lat="58.078262" lon="38.756148"><ele>101.3</ele><time>2023-08-24T16:07:23Z</time></trkpt><trkpt lat="58.078197" lon="38.756258"><ele>102.4</ele><time>2023-08-24T16:07:25Z</time></trkpt><trkpt lat="58.07813" lon="38.756357"><ele>100.9</ele><time>2023-08-24T16:07:27Z</time></trkpt><trkpt lat="58.07806" lon="38.75647"><ele>100.9</ele><time>2023-08-24T16:07:29Z</time></trkpt><trkpt lat="58.07801" lon="38.756595"><ele>100.5</ele><time>2023-08-24T16:07:31Z</time></trkpt><trkpt lat="58.07796" lon="38.75673"><ele>99.7</ele><time>2023-08-24T16:07:33Z</time></trkpt><trkpt lat="58.077897" lon="38.756872"><ele>100.4</ele><time>2023-08-24T16:07:35Z</time></trkpt><trkpt lat="58.077847" lon="38.756998"><ele>100.9</ele><time>2023-08-24T16:07:37Z</time></trkpt><trkpt lat="58.077828" lon="38.75717"><ele>102.3</ele><time>2023-08-24T16:07:39Z</time></trkpt><trkpt lat="58.07778" lon="38.7573"><ele>103.4</ele><time>2023-08-24T16:07:41Z</time></trkpt><trkpt lat="58.077755" lon="38.757433"><ele>103.5</ele><time>2023-08-24T16:07:43Z</time></trkpt><trkpt lat="58.077717" lon="38.757587"><ele>105.1</ele><time>2023-08-24T16:07:45Z</time></trkpt><trkpt lat="58.077665" lon="38.757692"><ele>105.6</ele><time>2023-08-24T16:07:47Z</time></trkpt><trkpt lat="58.077615" lon="38.757848"><ele>100.4</ele><time>2023-08-24T16:07:50Z</time></trkpt><trkpt lat="58.077563" lon="38.758023"><ele>102.0</ele><time>2023-08-24T16:07:53Z</time></trkpt><trkpt lat="58.077535" lon="38.758155"><ele>102.1</ele><time>2023-08-24T16:07:55Z</time></trkpt><trkpt lat="58.077497" lon="38.758273"><ele>101.2</ele><time>2023-08-24T16:07:57Z</time></trkpt><trkpt lat="58.077465" lon="38.758448"><ele>107.1</ele><time>2023-08-24T16:07:59Z</time></trkpt><trkpt lat="58.077407" lon="38.758587"><ele>108.5</ele><time>2023-08-24T16:08:01Z</time></trkpt><trkpt lat="58.07734" lon="38.758743"><ele>108.6</ele><time>2023-08-24T16:08:03Z</time></trkpt><trkpt lat="58.077317" lon="38.758902"><ele>105.2</ele><time>2023-08-24T16:08:05Z</time></trkpt><trkpt lat="58.077268" lon="38.759035"><ele>107.3</ele><time>2023-08-24T16:08:07Z</time></trkpt><trkpt lat="58.077203" lon="38.759185"><ele>106.7</ele><time>2023-08-24T16:08:09Z</time></trkpt><trkpt lat="58.07714" lon="38.759328"><ele>105.4</ele><time>2023-08-24T16:08:11Z</time></trkpt><trkpt lat="58.077062" lon="38.759453"><ele>105.1</ele><time>2023-08-24T16:08:12Z</time></trkpt><trkpt lat="58.077017" lon="38.759625"><ele>105.5</ele><time>2023-08-24T16:08:14Z</time></trkpt><trkpt lat="58.077005" lon="38.7598"><ele>104.4</ele><time>2023-08-24T16:08:16Z</time></trkpt><trkpt lat="58.076952" lon="38.759912"><ele>103.3</ele><time>2023-08-24T16:08:18Z</time></trkpt><trkpt lat="58.07692" lon="38.760043"><ele>104.6</ele><time>2023-08-24T16:08:20Z</time></trkpt><trkpt lat="58.076838" lon="38.760175"><ele>101.9</ele><time>2023-08-24T16:08:23Z</time></trkpt><trkpt lat="58.076788" lon="38.760287"><ele>101.5</ele><time>2023-08-24T16:08:25Z</time></trkpt><trkpt lat="58.076735" lon="38.76041"><ele>102.4</ele><time>2023-08-24T16:08:27Z</time></trkpt><trkpt lat="58.07669" lon="38.760527"><ele>101.9</ele><time>2023-08-24T16:08:29Z</time></trkpt><trkpt lat="58.076652" lon="38.760663"><ele>105.8</ele><time>2023-08-24T16:08:31Z</time></trkpt><trkpt lat="58.076615" lon="38.760787"><ele>103.0</ele><time>2023-08-24T16:08:33Z</time></trkpt><trkpt lat="58.076575" lon="38.760925"><ele>104.2</ele><time>2023-08-24T16:08:35Z</time></trkpt><trkpt lat="58.07654" lon="38.76105"><ele>101.4</ele><time>2023-08-24T16:08:37Z</time></trkpt><trkpt lat="58.076487" lon="38.761208"><ele>99.5</ele><time>2023-08-24T16:08:40Z</time></trkpt><trkpt lat="58.076438" lon="38.761327"><ele>99.3</ele><time>2023-08-24T16:08:42Z</time></trkpt><trkpt lat="58.07639" lon="38.761438"><ele>99.0</ele><time>2023-08-24T16:08:44Z</time></trkpt><trkpt lat="58.076335" lon="38.76155"><ele>96.9</ele><time>2023-08-24T16:08:46Z</time></trkpt><trkpt lat="58.076275" lon="38.761655"><ele>97.6</ele><time>2023-08-24T16:08:48Z</time></trkpt><trkpt lat="58.076218" lon="38.761758"><ele>97.9</ele><time>2023-08-24T16:08:50Z</time></trkpt><trkpt lat="58.076163" lon="38.761932"><ele>97.6</ele><time>2023-08-24T16:08:53Z</time></trkpt><trkpt lat="58.076128" lon="38.76207"><ele>97.0</ele><time>2023-08-24T16:08:55Z</time></trkpt><trkpt lat="58.076095" lon="38.76221"><ele>97.9</ele><time>2023-08-24T16:08:57Z</time></trkpt><trkpt lat="58.076057" lon="38.76234"><ele>98.0</ele><time>2023-08-24T16:08:59Z</time></trkpt><trkpt lat="58.076013" lon="38.762452"><ele>95.8</ele><time>2023-08-24T16:09:01Z</time></trkpt><trkpt lat="58.075968" lon="38.762567"><ele>95.6</ele><time>2023-08-24T16:09:03Z</time></trkpt><trkpt lat="58.075917" lon="38.762732"><ele>96.3</ele><time>2023-08-24T16:09:07Z</time></trkpt><trkpt lat="58.075885" lon="38.762852"><ele>97.1</ele><time>2023-08-24T16:09:09Z</time></trkpt><trkpt lat="58.075843" lon="38.76297"><ele>98.3</ele><time>2023-08-24T16:09:11Z</time></trkpt><trkpt lat="58.075785" lon="38.763123"><ele>97.8</ele><time>2023-08-24T16:09:14Z</time></trkpt><trkpt lat="58.075748" lon="38.763257"><ele>100.2</ele><time>2023-08-24T16:09:16Z</time></trkpt><trkpt lat="58.075717" lon="38.763388"><ele>100.5</ele><time>2023-08-24T16:09:18Z</time></trkpt><trkpt lat="58.075687" lon="38.76352"><ele>101.3</ele><time>2023-08-24T16:09:20Z</time></trkpt><trkpt lat="58.075655" lon="38.763657"><ele>102.3</ele><time>2023-08-24T16:09:22Z</time></trkpt><trkpt lat="58.075628" lon="38.763813"><ele>102.7</ele><time>2023-08-24T16:09:24Z</time></trkpt><trkpt lat="58.075612" lon="38.76397"><ele>105.0</ele><time>2023-08-24T16:09:26Z</time></trkpt><trkpt lat="58.075588" lon="38.7641"><ele>103.9</ele><time>2023-08-24T16:09:28Z</time></trkpt><trkpt lat="58.075558" lon="38.764225"><ele>102.6</ele><time>2023-08-24T16:09:30Z</time></trkpt><trkpt lat="58.075525" lon="38.764353"><ele>101.3</ele><time>2023-08-24T16:09:32Z</time></trkpt><trkpt lat="58.075478" lon="38.764498"><ele>102.4</ele><time>2023-08-24T16:09:34Z</time></trkpt><trkpt lat="58.075432" lon="38.764623"><ele>102.4</ele><time>2023-08-24T16:09:36Z</time></trkpt><trkpt lat="58.075367" lon="38.764782"><ele>100.7</ele><time>2023-08-24T16:09:39Z</time></trkpt><trkpt lat="58.075322" lon="38.764903"><ele>101.0</ele><time>2023-08-24T16:09:41Z</time></trkpt><trkpt lat="58.075278" lon="38.765025"><ele>100.6</ele><time>2023-08-24T16:09:43Z</time></trkpt><trkpt lat="58.075233" lon="38.765145"><ele>99.4</ele><time>2023-08-24T16:09:45Z</time></trkpt><trkpt lat="58.075183" lon="38.765275"><ele>99.6</ele><time>2023-08-24T16:09:47Z</time></trkpt><trkpt lat="58.075133" lon="38.765433"><ele>102.6</ele><time>2023-08-24T16:09:50Z</time></trkpt><trkpt lat="58.07507" lon="38.765603"><ele>102.2</ele><time>2023-08-24T16:09:53Z</time></trkpt><trkpt lat="58.075005" lon="38.765747"><ele>105.3</ele><time>2023-08-24T16:09:56Z</time></trkpt><trkpt lat="58.07496" lon="38.765853"><ele>106.0</ele><time>2023-08-24T16:09:58Z</time></trkpt><trkpt lat="58.074902" lon="38.766022"><ele>106.2</ele><time>2023-08-24T16:10:01Z</time></trkpt><trkpt lat="58.074857" lon="38.766155"><ele>107.5</ele><time>2023-08-24T16:10:03Z</time></trkpt><trkpt lat="58.074808" lon="38.766272"><ele>105.3</ele><time>2023-08-24T16:10:05Z</time></trkpt><trkpt lat="58.074757" lon="38.766427"><ele>105.8</ele><time>2023-08-24T16:10:07Z</time></trkpt><trkpt lat="58.074718" lon="38.766558"><ele>105.2</ele><time>2023-08-24T16:10:09Z</time></trkpt><trkpt lat="58.074667" lon="38.766672"><ele>103.4</ele><time>2023-08-24T16:10:11Z</time></trkpt><trkpt lat="58.074593" lon="38.766782"><ele>105.4</ele><time>2023-08-24T16:10:13Z</time></trkpt><trkpt lat="58.074547" lon="38.766903"><ele>103.4</ele><time>2023-08-24T16:10:15Z</time></trkpt><trkpt lat="58.074495" lon="38.767033"><ele>101.9</ele><time>2023-08-24T16:10:17Z</time></trkpt><trkpt lat="58.07446" lon="38.767175"><ele>101.8</ele><time>2023-08-24T16:10:19Z</time></trkpt><trkpt lat="58.074412" lon="38.767332"><ele>98.8</ele><time>2023-08-24T16:10:21Z</time></trkpt><trkpt lat="58.074362" lon="38.767463"><ele>100.5</ele><time>2023-08-24T16:10:23Z</time></trkpt><trkpt lat="58.074305" lon="38.767613"><ele>99.9</ele><time>2023-08-24T16:10:25Z</time></trkpt><trkpt lat="58.074247" lon="38.76778"><ele>99.7</ele><time>2023-08-24T16:10:27Z</time></trkpt><trkpt lat="58.074198" lon="38.76791"><ele>100.1</ele><time>2023-08-24T16:10:29Z</time></trkpt><trkpt lat="58.074147" lon="38.768033"><ele>98.9</ele><time>2023-08-24T16:10:31Z</time></trkpt><trkpt lat="58.074102" lon="38.768182"><ele>97.3</ele><time>2023-08-24T16:10:33Z</time></trkpt><trkpt lat="58.074055" lon="38.768308"><ele>98.8</ele><time>2023-08-24T16:10:35Z</time></trkpt><trkpt lat="58.07399" lon="38.768407"><ele>102.2</ele><time>2023-08-24T16:10:37Z</time></trkpt><trkpt lat="58.073963" lon="38.768538"><ele>102.2</ele><time>2023-08-24T16:10:39Z</time></trkpt><trkpt lat="58.073925" lon="38.768663"><ele>103.2</ele><time>2023-08-24T16:10:41Z</time></trkpt><trkpt lat="58.07388" lon="38.768788"><ele>102.6</ele><time>2023-08-24T16:10:43Z</time></trkpt><trkpt lat="58.073837" lon="38.768913"><ele>103.7</ele><time>2023-08-24T16:10:45Z</time></trkpt><trkpt lat="58.07378" lon="38.76905"><ele>103.0</ele><time>2023-08-24T16:10:47Z</time></trkpt><trkpt lat="58.07374" lon="38.769185"><ele>102.0</ele><time>2023-08-24T16:10:49Z</time></trkpt><trkpt lat="58.073697" lon="38.769353"><ele>101.3</ele><time>2023-08-24T16:10:51Z</time></trkpt><trkpt lat="58.073648" lon="38.769498"><ele>102.0</ele><time>2023-08-24T16:10:53Z</time></trkpt><trkpt lat="58.073597" lon="38.769653"><ele>100.5</ele><time>2023-08-24T16:10:55Z</time></trkpt><trkpt lat="58.073525" lon="38.769837"><ele>100.8</ele><time>2023-08-24T16:10:58Z</time></trkpt><trkpt lat="58.073457" lon="38.76999"><ele>98.7</ele><time>2023-08-24T16:11:00Z</time></trkpt><trkpt lat="58.073382" lon="38.770155"><ele>99.2</ele><time>2023-08-24T16:11:02Z</time></trkpt><trkpt lat="58.073313" lon="38.770353"><ele>99.8</ele><time>2023-08-24T16:11:04Z</time></trkpt><trkpt lat="58.073225" lon="38.770542"><ele>100.7</ele><time>2023-08-24T16:11:06Z</time></trkpt><trkpt lat="58.073155" lon="38.770703"><ele>99.6</ele><time>2023-08-24T16:11:08Z</time></trkpt><trkpt lat="58.073057" lon="38.770818"><ele>101.5</ele><time>2023-08-24T16:11:10Z</time></trkpt><trkpt lat="58.072955" lon="38.770952"><ele>99.4</ele><time>2023-08-24T16:11:12Z</time></trkpt><trkpt lat="58.072853" lon="38.771068"><ele>102.5</ele><time>2023-08-24T16:11:14Z</time></trkpt><trkpt lat="58.072748" lon="38.771188"><ele>101.7</ele><time>2023-08-24T16:11:16Z</time></trkpt><trkpt lat="58.072652" lon="38.771298"><ele>101.6</ele><time>2023-08-24T16:11:18Z</time></trkpt><trkpt lat="58.072565" lon="38.771445"><ele>102.0</ele><time>2023-08-24T16:11:20Z</time></trkpt><trkpt lat="58.0725" lon="38.771598"><ele>102.0</ele><time>2023-08-24T16:11:22Z</time></trkpt><trkpt lat="58.072453" lon="38.771758"><ele>101.8</ele><time>2023-08-24T16:11:24Z</time></trkpt><trkpt lat="58.072408" lon="38.771895"><ele>102.5</ele><time>2023-08-24T16:11:26Z</time></trkpt><trkpt lat="58.072322" lon="38.772037"><ele>103.6</ele><time>2023-08-24T16:11:28Z</time></trkpt><trkpt lat="58.072283" lon="38.77219"><ele>101.6</ele><time>2023-08-24T16:11:30Z</time></trkpt><trkpt lat="58.072233" lon="38.772388"><ele>100.4</ele><time>2023-08-24T16:11:32Z</time></trkpt><trkpt lat="58.072175" lon="38.772533"><ele>102.3</ele><time>2023-08-24T16:11:34Z</time></trkpt><trkpt lat="58.072097" lon="38.772553"><ele>102.1</ele><time>2023-08-24T16:11:35Z</time></trkpt><trkpt lat="58.072043" lon="38.772682"><ele>99.4</ele><time>2023-08-24T16:11:37Z</time></trkpt><trkpt lat="58.07203" lon="38.772855"><ele>97.6</ele><time>2023-08-24T16:11:40Z</time></trkpt><trkpt lat="58.071993" lon="38.772987"><ele>97.3</ele><time>2023-08-24T16:11:42Z</time></trkpt><trkpt lat="58.071925" lon="38.773087"><ele>99.1</ele><time>2023-08-24T16:11:44Z</time></trkpt><trkpt lat="58.071897" lon="38.773283"><ele>99.4</ele><time>2023-08-24T16:11:46Z</time></trkpt><trkpt lat="58.07187" lon="38.773442"><ele>101.3</ele><time>2023-08-24T16:11:48Z</time></trkpt><trkpt lat="58.071807" lon="38.773582"><ele>104.7</ele><time>2023-08-24T16:11:50Z</time></trkpt><trkpt lat="58.071748" lon="38.773705"><ele>104.6</ele><time>2023-08-24T16:11:52Z</time></trkpt><trkpt lat="58.07169" lon="38.773817"><ele>103.3</ele><time>2023-08-24T16:11:54Z</time></trkpt><trkpt lat="58.07163" lon="38.773923"><ele>102.2</ele><time>2023-08-24T16:11:57Z</time></trkpt><trkpt lat="58.071557" lon="38.77398"><ele>98.2</ele><time>2023-08-24T16:12:01Z</time></trkpt><trkpt lat="58.071495" lon="38.77405"><ele>102.3</ele><time>2023-08-24T16:13:33Z</time></trkpt><trkpt lat="58.071493" lon="38.774197"><ele>98.9</ele><time>2023-08-24T16:15:03Z</time></trkpt><trkpt lat="58.071485" lon="38.774333"><ele>100.8</ele><time>2023-08-24T16:15:07Z</time></trkpt><trkpt lat="58.071458" lon="38.774473"><ele>100.4</ele><time>2023-08-24T16:15:11Z</time></trkpt><trkpt lat="58.071395" lon="38.774577"><ele>99.1</ele><time>2023-08-24T16:15:15Z</time></trkpt><trkpt lat="58.071305" lon="38.774628"><ele>99.5</ele><time>2023-08-24T16:15:19Z</time></trkpt><trkpt lat="58.071232" lon="38.7746"><ele>105.5</ele><time>2023-08-24T16:15:24Z</time></trkpt><trkpt lat="58.071285" lon="38.77472"><ele>109.0</ele><time>2023-08-24T16:15:39Z</time></trkpt><trkpt lat="58.071207" lon="38.774615"><ele>109.8</ele><time>2023-08-24T16:15:47Z</time></trkpt><trkpt lat="58.071115" lon="38.774512"><ele>105.4</ele><time>2023-08-24T16:15:49Z</time></trkpt><trkpt lat="58.071048" lon="38.774432"><ele>104.8</ele><time>2023-08-24T16:15:51Z</time></trkpt><trkpt lat="58.070968" lon="38.77435"><ele>105.3</ele><time>2023-08-24T16:15:54Z</time></trkpt><trkpt lat="58.070885" lon="38.774272"><ele>104.5</ele><time>2023-08-24T16:15:57Z</time></trkpt><trkpt lat="58.070795" lon="38.77418"><ele>104.4</ele><time>2023-08-24T16:16:00Z</time></trkpt><trkpt lat="58.070713" lon="38.774103"><ele>105.7</ele><time>2023-08-24T16:16:03Z</time></trkpt><trkpt lat="58.070638" lon="38.774047"><ele>105.8</ele><time>2023-08-24T16:16:06Z</time></trkpt><trkpt lat="58.070568" lon="38.774022"><ele>106.5</ele><time>2023-08-24T16:16:09Z</time></trkpt><trkpt lat="58.070488" lon="38.774058"><ele>105.8</ele><time>2023-08-24T16:16:13Z</time></trkpt><trkpt lat="58.070428" lon="38.774163"><ele>103.6</ele><time>2023-08-24T16:16:18Z</time></trkpt><trkpt lat="58.07037" lon="38.774253"><ele>102.7</ele><time>2023-08-24T16:16:22Z</time></trkpt><trkpt lat="58.070315" lon="38.77434"><ele>102.8</ele><time>2023-08-24T16:16:25Z</time></trkpt><trkpt lat="58.070267" lon="38.77444"><ele>101.6</ele><time>2023-08-24T16:16:28Z</time></trkpt><trkpt lat="58.070215" lon="38.774583"><ele>100.8</ele><time>2023-08-24T16:16:32Z</time></trkpt><trkpt lat="58.070167" lon="38.774723"><ele>100.3</ele><time>2023-08-24T16:16:36Z</time></trkpt><trkpt lat="58.070132" lon="38.774845"><ele>101.7</ele><time>2023-08-24T16:18:37Z</time></trkpt><trkpt lat="58.07005" lon="38.774922"><ele>101.9</ele><time>2023-08-24T16:18:44Z</time></trkpt><trkpt lat="58.069982" lon="38.774853"><ele>102.1</ele><time>2023-08-24T16:18:46Z</time></trkpt><trkpt lat="58.069902" lon="38.774748"><ele>100.8</ele><time>2023-08-24T16:18:48Z</time></trkpt><trkpt lat="58.069815" lon="38.774578"><ele>98.9</ele><time>2023-08-24T16:18:50Z</time></trkpt><trkpt lat="58.069728" lon="38.774465"><ele>101.2</ele><time>2023-08-24T16:18:52Z</time></trkpt><trkpt lat="58.06965" lon="38.774343"><ele>101.5</ele><time>2023-08-24T16:18:54Z</time></trkpt><trkpt lat="58.069575" lon="38.774238"><ele>102.1</ele><time>2023-08-24T16:18:56Z</time></trkpt><trkpt lat="58.069483" lon="38.774117"><ele>101.7</ele><time>2023-08-24T16:18:58Z</time></trkpt><trkpt lat="58.0694" lon="38.774007"><ele>101.5</ele><time>2023-08-24T16:19:00Z</time></trkpt><trkpt lat="58.069303" lon="38.773892"><ele>102.5</ele><time>2023-08-24T16:19:02Z</time></trkpt><trkpt lat="58.069212" lon="38.77378"><ele>102.9</ele><time>2023-08-24T16:19:04Z</time></trkpt><trkpt lat="58.069137" lon="38.773702"><ele>101.4</ele><time>2023-08-24T16:19:06Z</time></trkpt><trkpt lat="58.069045" lon="38.773595"><ele>104.3</ele><time>2023-08-24T16:19:08Z</time></trkpt><trkpt lat="58.068975" lon="38.773495"><ele>104.7</ele><time>2023-08-24T16:19:10Z</time></trkpt><trkpt lat="58.068902" lon="38.77339"><ele>105.8</ele><time>2023-08-24T16:19:12Z</time></trkpt><trkpt lat="58.068822" lon="38.773302"><ele>102.6</ele><time>2023-08-24T16:19:14Z</time></trkpt><trkpt lat="58.068737" lon="38.773168"><ele>103.5</ele><time>2023-08-24T16:19:17Z</time></trkpt><trkpt lat="58.068652" lon="38.773062"><ele>99.9</ele><time>2023-08-24T16:19:19Z</time></trkpt><trkpt lat="58.068568" lon="38.772942"><ele>97.0</ele><time>2023-08-24T16:19:22Z</time></trkpt><trkpt lat="58.068482" lon="38.772868"><ele>99.5</ele><time>2023-08-24T16:19:24Z</time></trkpt><trkpt lat="58.068417" lon="38.772792"><ele>102.5</ele><time>2023-08-24T16:19:26Z</time></trkpt><trkpt lat="58.06835" lon="38.772683"><ele>104.7</ele><time>2023-08-24T16:19:28Z</time></trkpt><trkpt lat="58.068262" lon="38.772563"><ele>105.2</ele><time>2023-08-24T16:19:30Z</time></trkpt><trkpt lat="58.068163" lon="38.772452"><ele>103.1</ele><time>2023-08-24T16:19:32Z</time></trkpt><trkpt lat="58.068073" lon="38.772348"><ele>101.8</ele><time>2023-08-24T16:19:34Z</time></trkpt><trkpt lat="58.06798" lon="38.772243"><ele>101.0</ele><time>2023-08-24T16:19:36Z</time></trkpt><trkpt lat="58.067882" lon="38.772137"><ele>100.3</ele><time>2023-08-24T16:19:38Z</time></trkpt><trkpt lat="58.067775" lon="38.772002"><ele>100.2</ele><time>2023-08-24T16:19:40Z</time></trkpt><trkpt lat="58.067683" lon="38.771848"><ele>101.8</ele><time>2023-08-24T16:19:42Z</time></trkpt><trkpt lat="58.067593" lon="38.771747"><ele>98.7</ele><time>2023-08-24T16:19:44Z</time></trkpt><trkpt lat="58.067502" lon="38.771632"><ele>96.1</ele><time>2023-08-24T16:19:46Z</time></trkpt><trkpt lat="58.06739" lon="38.771468"><ele>95.6</ele><time>2023-08-24T16:19:48Z</time></trkpt><trkpt lat="58.067293" lon="38.771337"><ele>96.7</ele><time>2023-08-24T16:19:50Z</time></trkpt><trkpt lat="58.067182" lon="38.771207"><ele>96.6</ele><time>2023-08-24T16:19:52Z</time></trkpt><trkpt lat="58.067088" lon="38.7711"><ele>97.3</ele><time>2023-08-24T16:19:54Z</time></trkpt><trkpt lat="58.066985" lon="38.770998"><ele>97.2</ele><time>2023-08-24T16:19:56Z</time></trkpt><trkpt lat="58.066885" lon="38.770875"><ele>96.9</ele><time>2023-08-24T16:19:58Z</time></trkpt><trkpt lat="58.066785" lon="38.770787"><ele>97.0</ele><time>2023-08-24T16:20:00Z</time></trkpt><trkpt lat="58.066702" lon="38.770687"><ele>98.6</ele><time>2023-08-24T16:20:02Z</time></trkpt><trkpt lat="58.06662" lon="38.770575"><ele>95.2</ele><time>2023-08-24T16:20:04Z</time></trkpt><trkpt lat="58.066533" lon="38.770488"><ele>93.8</ele><time>2023-08-24T16:20:06Z</time></trkpt><trkpt lat="58.066457" lon="38.77038"><ele>92.6</ele><time>2023-08-24T16:20:08Z</time></trkpt><trkpt lat="58.066365" lon="38.770292"><ele>94.6</ele><time>2023-08-24T16:20:10Z</time></trkpt><trkpt lat="58.06626" lon="38.770108"><ele>96.4</ele><time>2023-08-24T16:20:12Z</time></trkpt><trkpt lat="58.066167" lon="38.769977"><ele>97.8</ele><time>2023-08-24T16:20:14Z</time></trkpt><trkpt lat="58.066078" lon="38.76984"><ele>99.0</ele><time>2023-08-24T16:20:16Z</time></trkpt><trkpt lat="58.065972" lon="38.769738"><ele>98.8</ele><time>2023-08-24T16:20:18Z</time></trkpt><trkpt lat="58.065905" lon="38.769612"><ele>99.8</ele><time>2023-08-24T16:20:20Z</time></trkpt><trkpt lat="58.065832" lon="38.769577"><ele>99.6</ele><time>2023-08-24T16:20:21Z</time></trkpt><trkpt lat="58.065763" lon="38.769515"><ele>100.0</ele><time>2023-08-24T16:20:22Z</time></trkpt><trkpt lat="58.065665" lon="38.769398"><ele>98.3</ele><time>2023-08-24T16:20:24Z</time></trkpt><trkpt lat="58.065557" lon="38.769255"><ele>100.0</ele><time>2023-08-24T16:20:26Z</time></trkpt><trkpt lat="58.065455" lon="38.769157"><ele>98.5</ele><time>2023-08-24T16:20:28Z</time></trkpt><trkpt lat="58.06539" lon="38.769028"><ele>99.0</ele><time>2023-08-24T16:20:30Z</time></trkpt><trkpt lat="58.065287" lon="38.768917"><ele>98.1</ele><time>2023-08-24T16:20:32Z</time></trkpt><trkpt lat="58.065192" lon="38.768825"><ele>99.2</ele><time>2023-08-24T16:20:34Z</time></trkpt><trkpt lat="58.06509" lon="38.768677"><ele>99.6</ele><time>2023-08-24T16:20:36Z</time></trkpt><trkpt lat="58.065023" lon="38.768613"><ele>101.3</ele><time>2023-08-24T16:20:37Z</time></trkpt><trkpt lat="58.064913" lon="38.768482"><ele>102.6</ele><time>2023-08-24T16:20:39Z</time></trkpt><trkpt lat="58.06482" lon="38.768348"><ele>101.2</ele><time>2023-08-24T16:20:41Z</time></trkpt><trkpt lat="58.064727" lon="38.768248"><ele>101.3</ele><time>2023-08-24T16:20:43Z</time></trkpt><trkpt lat="58.064633" lon="38.76813"><ele>100.2</ele><time>2023-08-24T16:20:45Z</time></trkpt><trkpt lat="58.064535" lon="38.768017"><ele>101.1</ele><time>2023-08-24T16:20:47Z</time></trkpt><trkpt lat="58.064435" lon="38.767897"><ele>97.9</ele><time>2023-08-24T16:20:49Z</time></trkpt><trkpt lat="58.06434" lon="38.767772"><ele>96.5</ele><time>2023-08-24T16:20:51Z</time></trkpt><trkpt lat="58.064235" lon="38.76765"><ele>96.1</ele><time>2023-08-24T16:20:53Z</time></trkpt><trkpt lat="58.064177" lon="38.767568"><ele>95.4</ele><time>2023-08-24T16:20:54Z</time></trkpt><trkpt lat="58.064072" lon="38.767443"><ele>97.5</ele><time>2023-08-24T16:20:56Z</time></trkpt><trkpt lat="58.063958" lon="38.767292"><ele>95.9</ele><time>2023-08-24T16:20:58Z</time></trkpt><trkpt lat="58.063835" lon="38.767153"><ele>94.5</ele><time>2023-08-24T16:21:00Z</time></trkpt><trkpt lat="58.063747" lon="38.767062"><ele>95.0</ele><time>2023-08-24T16:21:02Z</time></trkpt><trkpt lat="58.063673" lon="38.766992"><ele>94.4</ele><time>2023-08-24T16:21:04Z</time></trkpt><trkpt lat="58.063613" lon="38.766907"><ele>94.0</ele><time>2023-08-24T16:21:10Z</time></trkpt><trkpt lat="58.063553" lon="38.766812"><ele>94.7</ele><time>2023-08-24T16:21:17Z</time></trkpt><trkpt lat="58.063495" lon="38.766712"><ele>94.3</ele><time>2023-08-24T16:21:21Z</time></trkpt><trkpt lat="58.063397" lon="38.76661"><ele>94.1</ele><time>2023-08-24T16:21:23Z</time></trkpt><trkpt lat="58.06329" lon="38.766505"><ele>92.5</ele><time>2023-08-24T16:21:25Z</time></trkpt><trkpt lat="58.063203" lon="38.766425"><ele>93.7</ele><time>2023-08-24T16:21:27Z</time></trkpt><trkpt lat="58.063115" lon="38.766322"><ele>96.2</ele><time>2023-08-24T16:21:30Z</time></trkpt><trkpt lat="58.063042" lon="38.766185"><ele>96.1</ele><time>2023-08-24T16:21:32Z</time></trkpt><trkpt lat="58.062967" lon="38.766077"><ele>97.1</ele><time>2023-08-24T16:21:34Z</time></trkpt><trkpt lat="58.062882" lon="38.765977"><ele>97.8</ele><time>2023-08-24T16:21:36Z</time></trkpt><trkpt lat="58.062783" lon="38.765863"><ele>96.6</ele><time>2023-08-24T16:21:38Z</time></trkpt><trkpt lat="58.062697" lon="38.76576"><ele>95.9</ele><time>2023-08-24T16:21:40Z</time></trkpt><trkpt lat="58.062597" lon="38.765633"><ele>96.8</ele><time>2023-08-24T16:21:42Z</time></trkpt><trkpt lat="58.062505" lon="38.765533"><ele>98.4</ele><time>2023-08-24T16:21:44Z</time></trkpt><trkpt lat="58.06241" lon="38.765423"><ele>98.4</ele><time>2023-08-24T16:21:46Z</time></trkpt><trkpt lat="58.062318" lon="38.765303"><ele>96.8</ele><time>2023-08-24T16:21:48Z</time></trkpt><trkpt lat="58.06223" lon="38.765187"><ele>97.3</ele><time>2023-08-24T16:21:50Z</time></trkpt><trkpt lat="58.062163" lon="38.76508"><ele>99.9</ele><time>2023-08-24T16:21:52Z</time></trkpt><trkpt lat="58.062068" lon="38.76498"><ele>97.3</ele><time>2023-08-24T16:21:54Z</time></trkpt><trkpt lat="58.061977" lon="38.764873"><ele>98.1</ele><time>2023-08-24T16:21:56Z</time></trkpt><trkpt lat="58.061887" lon="38.764783"><ele>98.1</ele><time>2023-08-24T16:21:58Z</time></trkpt><trkpt lat="58.061788" lon="38.764677"><ele>101.1</ele><time>2023-08-24T16:22:00Z</time></trkpt><trkpt lat="58.061712" lon="38.764555"><ele>98.4</ele><time>2023-08-24T16:22:02Z</time></trkpt><trkpt lat="58.061618" lon="38.76445"><ele>99.9</ele><time>2023-08-24T16:22:04Z</time></trkpt><trkpt lat="58.061538" lon="38.764322"><ele>102.9</ele><time>2023-08-24T16:22:06Z</time></trkpt><trkpt lat="58.061453" lon="38.764193"><ele>102.3</ele><time>2023-08-24T16:22:08Z</time></trkpt><trkpt lat="58.061358" lon="38.764098"><ele>102.6</ele><time>2023-08-24T16:22:10Z</time></trkpt><trkpt lat="58.06126" lon="38.763988"><ele>102.0</ele><time>2023-08-24T16:22:12Z</time></trkpt><trkpt lat="58.061163" lon="38.763868"><ele>99.2</ele><time>2023-08-24T16:22:14Z</time></trkpt><trkpt lat="58.06107" lon="38.76375"><ele>96.9</ele><time>2023-08-24T16:22:16Z</time></trkpt><trkpt lat="58.060995" lon="38.763648"><ele>97.5</ele><time>2023-08-24T16:22:18Z</time></trkpt><trkpt lat="58.060897" lon="38.763562"><ele>93.7</ele><time>2023-08-24T16:22:21Z</time></trkpt><trkpt lat="58.060807" lon="38.763487"><ele>92.7</ele><time>2023-08-24T16:22:23Z</time></trkpt><trkpt lat="58.060717" lon="38.763388"><ele>93.3</ele><time>2023-08-24T16:22:25Z</time></trkpt><trkpt lat="58.060632" lon="38.763282"><ele>93.7</ele><time>2023-08-24T16:22:27Z</time></trkpt><trkpt lat="58.06055" lon="38.76319"><ele>93.8</ele><time>2023-08-24T16:22:29Z</time></trkpt><trkpt lat="58.06048" lon="38.76312"><ele>92.7</ele><time>2023-08-24T16:22:31Z</time></trkpt><trkpt lat="58.060417" lon="38.763055"><ele>95.1</ele><time>2023-08-24T16:22:33Z</time></trkpt><trkpt lat="58.060322" lon="38.762937"><ele>97.3</ele><time>2023-08-24T16:22:35Z</time></trkpt><trkpt lat="58.060267" lon="38.762843"><ele>97.9</ele><time>2023-08-24T16:22:37Z</time></trkpt><trkpt lat="58.060175" lon="38.762743"><ele>98.3</ele><time>2023-08-24T16:22:39Z</time></trkpt><trkpt lat="58.0601" lon="38.762617"><ele>95.5</ele><time>2023-08-24T16:22:41Z</time></trkpt><trkpt lat="58.060012" lon="38.76252"><ele>94.6</ele><time>2023-08-24T16:22:43Z</time></trkpt><trkpt lat="58.05992" lon="38.762425"><ele>98.4</ele><time>2023-08-24T16:22:45Z</time></trkpt><trkpt lat="58.059837" lon="38.762343"><ele>101.0</ele><time>2023-08-24T16:22:47Z</time></trkpt><trkpt lat="58.059748" lon="38.762245"><ele>100.8</ele><time>2023-08-24T16:22:49Z</time></trkpt><trkpt lat="58.059677" lon="38.762153"><ele>101.3</ele><time>2023-08-24T16:22:51Z</time></trkpt><trkpt lat="58.059607" lon="38.762048"><ele>101.0</ele><time>2023-08-24T16:22:53Z</time></trkpt><trkpt lat="58.05951" lon="38.761938"><ele>99.9</ele><time>2023-08-24T16:22:55Z</time></trkpt><trkpt lat="58.059438" lon="38.76183"><ele>98.9</ele><time>2023-08-24T16:22:57Z</time></trkpt><trkpt lat="58.059368" lon="38.761707"><ele>100.3</ele><time>2023-08-24T16:22:59Z</time></trkpt><trkpt lat="58.059293" lon="38.761603"><ele>99.4</ele><time>2023-08-24T16:23:01Z</time></trkpt><trkpt lat="58.059213" lon="38.761485"><ele>100.4</ele><time>2023-08-24T16:23:03Z</time></trkpt><trkpt lat="58.05914" lon="38.761363"><ele>103.6</ele><time>2023-08-24T16:23:05Z</time></trkpt><trkpt lat="58.059072" lon="38.76124"><ele>103.6</ele><time>2023-08-24T16:23:07Z</time></trkpt><trkpt lat="58.058983" lon="38.76107"><ele>102.0</ele><time>2023-08-24T16:23:10Z</time></trkpt><trkpt lat="58.058895" lon="38.760962"><ele>102.2</ele><time>2023-08-24T16:23:12Z</time></trkpt><trkpt lat="58.058783" lon="38.76084"><ele>102.6</ele><time>2023-08-24T16:23:14Z</time></trkpt><trkpt lat="58.058715" lon="38.760758"><ele>101.5</ele><time>2023-08-24T16:23:16Z</time></trkpt><trkpt lat="58.058628" lon="38.760745"><ele>98.8</ele><time>2023-08-24T16:23:18Z</time></trkpt><trkpt lat="58.058592" lon="38.760863"><ele>99.5</ele><time>2023-08-24T16:23:20Z</time></trkpt><trkpt lat="58.05852" lon="38.761017"><ele>99.4</ele><time>2023-08-24T16:23:22Z</time></trkpt><trkpt lat="58.058417" lon="38.761063"><ele>101.7</ele><time>2023-08-24T16:23:24Z</time></trkpt><trkpt lat="58.058337" lon="38.761043"><ele>100.5</ele><time>2023-08-24T16:23:27Z</time></trkpt><trkpt lat="58.058272" lon="38.760955"><ele>101.8</ele><time>2023-08-24T16:23:59Z</time></trkpt><trkpt lat="58.058212" lon="38.76085"><ele>101.7</ele><time>2023-08-24T16:24:04Z</time></trkpt><trkpt lat="58.058142" lon="38.760915"><ele>102.2</ele><time>2023-08-24T16:24:10Z</time></trkpt><trkpt lat="58.058092" lon="38.761043"><ele>102.5</ele><time>2023-08-24T16:24:16Z</time></trkpt><trkpt lat="58.058045" lon="38.761203"><ele>104.6</ele><time>2023-08-24T16:24:20Z</time></trkpt><trkpt lat="58.057992" lon="38.76136"><ele>105.5</ele><time>2023-08-24T16:24:23Z</time></trkpt><trkpt lat="58.05794" lon="38.76148"><ele>106.4</ele><time>2023-08-24T16:24:27Z</time></trkpt><trkpt lat="58.057872" lon="38.76158"><ele>105.8</ele><time>2023-08-24T16:25:54Z</time></trkpt><trkpt lat="58.05783" lon="38.76171"><ele>105.2</ele><time>2023-08-24T16:25:57Z</time></trkpt><trkpt lat="58.057773" lon="38.761873"><ele>105.3</ele><time>2023-08-24T16:26:00Z</time></trkpt><trkpt lat="58.057733" lon="38.761993"><ele>105.0</ele><time>2023-08-24T16:26:02Z</time></trkpt><trkpt lat="58.057692" lon="38.76212"><ele>104.2</ele><time>2023-08-24T16:26:04Z</time></trkpt><trkpt lat="58.057652" lon="38.76225"><ele>104.3</ele><time>2023-08-24T16:26:06Z</time></trkpt><trkpt lat="58.057613" lon="38.762382"><ele>103.9</ele><time>2023-08-24T16:26:08Z</time></trkpt><trkpt lat="58.057568" lon="38.762508"><ele>103.9</ele><time>2023-08-24T16:26:10Z</time></trkpt><trkpt lat="58.057525" lon="38.762643"><ele>103.4</ele><time>2023-08-24T16:26:12Z</time></trkpt><trkpt lat="58.057482" lon="38.762783"><ele>102.8</ele><time>2023-08-24T16:26:14Z</time></trkpt><trkpt lat="58.057437" lon="38.762925"><ele>103.5</ele><time>2023-08-24T16:26:16Z</time></trkpt><trkpt lat="58.057388" lon="38.763067"><ele>103.2</ele><time>2023-08-24T16:26:18Z</time></trkpt><trkpt lat="58.057342" lon="38.763207"><ele>104.1</ele><time>2023-08-24T16:26:20Z</time></trkpt><trkpt lat="58.057302" lon="38.763345"><ele>103.2</ele><time>2023-08-24T16:26:22Z</time></trkpt><trkpt lat="58.057253" lon="38.763497"><ele>103.9</ele><time>2023-08-24T16:26:24Z</time></trkpt><trkpt lat="58.057208" lon="38.763647"><ele>104.6</ele><time>2023-08-24T16:26:26Z</time></trkpt><trkpt lat="58.057168" lon="38.763798"><ele>104.4</ele><time>2023-08-24T16:26:28Z</time></trkpt><trkpt lat="58.057122" lon="38.763945"><ele>106.5</ele><time>2023-08-24T16:26:30Z</time></trkpt><trkpt lat="58.057075" lon="38.764087"><ele>107.6</ele><time>2023-08-24T16:26:32Z</time></trkpt><trkpt lat="58.057028" lon="38.764253"><ele>108.9</ele><time>2023-08-24T16:26:34Z</time></trkpt><trkpt lat="58.056965" lon="38.764398"><ele>110.2</ele><time>2023-08-24T16:26:36Z</time></trkpt><trkpt lat="58.05691" lon="38.764538"><ele>108.2</ele><time>2023-08-24T16:26:38Z</time></trkpt><trkpt lat="58.056858" lon="38.764698"><ele>109.1</ele><time>2023-08-24T16:26:40Z</time></trkpt><trkpt lat="58.05684" lon="38.764908"><ele>113.9</ele><time>2023-08-24T16:26:42Z</time></trkpt><trkpt lat="58.056797" lon="38.765037"><ele>114.8</ele><time>2023-08-24T16:26:44Z</time></trkpt><trkpt lat="58.056758" lon="38.765173"><ele>115.9</ele><time>2023-08-24T16:26:46Z</time></trkpt><trkpt lat="58.056713" lon="38.765333"><ele>114.5</ele><time>2023-08-24T16:26:48Z</time></trkpt><trkpt lat="58.056655" lon="38.765475"><ele>114.4</ele><time>2023-08-24T16:26:51Z</time></trkpt><trkpt lat="58.056585" lon="38.765578"><ele>114.1</ele><time>2023-08-24T16:26:53Z</time></trkpt><trkpt lat="58.056543" lon="38.76571"><ele>114.7</ele><time>2023-08-24T16:26:55Z</time></trkpt><trkpt lat="58.0565" lon="38.765858"><ele>115.4</ele><time>2023-08-24T16:26:57Z</time></trkpt><trkpt lat="58.056447" lon="38.765998"><ele>116.2</ele><time>2023-08-24T16:26:59Z</time></trkpt><trkpt lat="58.056405" lon="38.766147"><ele>115.1</ele><time>2023-08-24T16:27:01Z</time></trkpt><trkpt lat="58.056332" lon="38.766263"><ele>114.2</ele><time>2023-08-24T16:27:03Z</time></trkpt><trkpt lat="58.056238" lon="38.766392"><ele>115.0</ele><time>2023-08-24T16:27:05Z</time></trkpt><trkpt lat="58.056137" lon="38.766412"><ele>114.5</ele><time>2023-08-24T16:27:07Z</time></trkpt><trkpt lat="58.056032" lon="38.766417"><ele>113.2</ele><time>2023-08-24T16:27:09Z</time></trkpt><trkpt lat="58.055937" lon="38.76643"><ele>113.3</ele><time>2023-08-24T16:27:11Z</time></trkpt><trkpt lat="58.055822" lon="38.766435"><ele>112.7</ele><time>2023-08-24T16:27:13Z</time></trkpt><trkpt lat="58.05571" lon="38.766477"><ele>110.8</ele><time>2023-08-24T16:27:15Z</time></trkpt><trkpt lat="58.05562" lon="38.766512"><ele>110.7</ele><time>2023-08-24T16:27:17Z</time></trkpt><trkpt lat="58.055525" lon="38.766572"><ele>109.3</ele><time>2023-08-24T16:27:20Z</time></trkpt><trkpt lat="58.055435" lon="38.766592"><ele>109.6</ele><time>2023-08-24T16:27:23Z</time></trkpt><trkpt lat="58.05537" lon="38.766665"><ele>111.6</ele><time>2023-08-24T16:27:26Z</time></trkpt><trkpt lat="58.055305" lon="38.766602"><ele>110.6</ele><time>2023-08-24T16:27:30Z</time></trkpt><trkpt lat="58.055243" lon="38.76651"><ele>105.3</ele><time>2023-08-24T16:28:16Z</time></trkpt><trkpt lat="58.055182" lon="38.766612"><ele>104.6</ele><time>2023-08-24T16:28:20Z</time></trkpt><trkpt lat="58.055105" lon="38.766745"><ele>105.1</ele><time>2023-08-24T16:28:23Z</time></trkpt><trkpt lat="58.055018" lon="38.76685"><ele>104.9</ele><time>2023-08-24T16:28:25Z</time></trkpt><trkpt lat="58.054928" lon="38.76695"><ele>106.7</ele><time>2023-08-24T16:28:27Z</time></trkpt><trkpt lat="58.054843" lon="38.767042"><ele>107.3</ele><time>2023-08-24T16:28:29Z</time></trkpt><trkpt lat="58.054727" lon="38.767098"><ele>106.2</ele><time>2023-08-24T16:28:31Z</time></trkpt><trkpt lat="58.054615" lon="38.76708"><ele>105.4</ele><time>2023-08-24T16:28:33Z</time></trkpt><trkpt lat="58.054502" lon="38.76703"><ele>106.0</ele><time>2023-08-24T16:28:35Z</time></trkpt><trkpt lat="58.0544" lon="38.766972"><ele>106.1</ele><time>2023-08-24T16:28:37Z</time></trkpt><trkpt lat="58.054285" lon="38.76695"><ele>105.0</ele><time>2023-08-24T16:28:39Z</time></trkpt><trkpt lat="58.05417" lon="38.766948"><ele>104.1</ele><time>2023-08-24T16:28:41Z</time></trkpt><trkpt lat="58.054058" lon="38.766962"><ele>104.5</ele><time>2023-08-24T16:28:43Z</time></trkpt><trkpt lat="58.053957" lon="38.767008"><ele>104.7</ele><time>2023-08-24T16:28:45Z</time></trkpt><trkpt lat="58.053842" lon="38.767045"><ele>104.5</ele><time>2023-08-24T16:28:47Z</time></trkpt><trkpt lat="58.053717" lon="38.767057"><ele>104.6</ele><time>2023-08-24T16:28:49Z</time></trkpt><trkpt lat="58.053598" lon="38.767058"><ele>104.8</ele><time>2023-08-24T16:28:51Z</time></trkpt><trkpt lat="58.05349" lon="38.767063"><ele>104.2</ele><time>2023-08-24T16:28:53Z</time></trkpt><trkpt lat="58.053358" lon="38.767088"><ele>103.5</ele><time>2023-08-24T16:28:55Z</time></trkpt><trkpt lat="58.053223" lon="38.76711"><ele>103.6</ele><time>2023-08-24T16:28:57Z</time></trkpt><trkpt lat="58.053085" lon="38.76714"><ele>103.2</ele><time>2023-08-24T16:28:59Z</time></trkpt><trkpt lat="58.053012" lon="38.767147"><ele>103.2</ele><time>2023-08-24T16:29:00Z</time></trkpt><trkpt lat="58.052933" lon="38.76716"><ele>103.4</ele><time>2023-08-24T16:29:01Z</time></trkpt><trkpt lat="58.052858" lon="38.767178"><ele>103.2</ele><time>2023-08-24T16:29:02Z</time></trkpt><trkpt lat="58.052727" lon="38.767178"><ele>102.5</ele><time>2023-08-24T16:29:04Z</time></trkpt><trkpt lat="58.052642" lon="38.767187"><ele>102.5</ele><time>2023-08-24T16:29:05Z</time></trkpt><trkpt lat="58.052572" lon="38.767223"><ele>102.8</ele><time>2023-08-24T16:29:06Z</time></trkpt><trkpt lat="58.05249" lon="38.767243"><ele>103.6</ele><time>2023-08-24T16:29:07Z</time></trkpt><trkpt lat="58.052408" lon="38.767268"><ele>103.6</ele><time>2023-08-24T16:29:08Z</time></trkpt><trkpt lat="58.052327" lon="38.767267"><ele>103.0</ele><time>2023-08-24T16:29:09Z</time></trkpt><trkpt lat="58.052242" lon="38.767283"><ele>102.9</ele><time>2023-08-24T16:29:10Z</time></trkpt><trkpt lat="58.05216" lon="38.767303"><ele>102.0</ele><time>2023-08-24T16:29:11Z</time></trkpt><trkpt lat="58.052078" lon="38.76732"><ele>102.7</ele><time>2023-08-24T16:29:12Z</time></trkpt><trkpt lat="58.051998" lon="38.767345"><ele>103.5</ele><time>2023-08-24T16:29:13Z</time></trkpt><trkpt lat="58.05192" lon="38.767365"><ele>104.7</ele><time>2023-08-24T16:29:14Z</time></trkpt><trkpt lat="58.051843" lon="38.76738"><ele>105.3</ele><time>2023-08-24T16:29:15Z</time></trkpt><trkpt lat="58.051703" lon="38.767432"><ele>104.8</ele><time>2023-08-24T16:29:17Z</time></trkpt><trkpt lat="58.05163" lon="38.767445"><ele>104.5</ele><time>2023-08-24T16:29:18Z</time></trkpt><trkpt lat="58.051543" lon="38.767437"><ele>104.5</ele><time>2023-08-24T16:29:19Z</time></trkpt><trkpt lat="58.051415" lon="38.767495"><ele>103.4</ele><time>2023-08-24T16:29:21Z</time></trkpt><trkpt lat="58.051343" lon="38.767505"><ele>102.7</ele><time>2023-08-24T16:29:22Z</time></trkpt><trkpt lat="58.051265" lon="38.767522"><ele>103.0</ele><time>2023-08-24T16:29:23Z</time></trkpt><trkpt lat="58.05119" lon="38.76753"><ele>102.7</ele><time>2023-08-24T16:29:24Z</time></trkpt><trkpt lat="58.051037" lon="38.767578"><ele>102.0</ele><time>2023-08-24T16:29:26Z</time></trkpt><trkpt lat="58.050928" lon="38.767622"><ele>101.9</ele><time>2023-08-24T16:29:28Z</time></trkpt><trkpt lat="58.050855" lon="38.767647"><ele>100.4</ele><time>2023-08-24T16:29:30Z</time></trkpt><trkpt lat="58.05078" lon="38.767612"><ele>98.0</ele><time>2023-08-24T16:29:35Z</time></trkpt><trkpt lat="58.050725" lon="38.767518"><ele>98.8</ele><time>2023-08-24T16:29:39Z</time></trkpt><trkpt lat="58.050653" lon="38.767537"><ele>100.1</ele><time>2023-08-24T16:29:51Z</time></trkpt><trkpt lat="58.050597" lon="38.767628"><ele>100.8</ele><time>2023-08-24T16:29:54Z</time></trkpt><trkpt lat="58.050497" lon="38.767665"><ele>102.1</ele><time>2023-08-24T16:29:57Z</time></trkpt><trkpt lat="58.050402" lon="38.7677"><ele>101.4</ele><time>2023-08-24T16:29:59Z</time></trkpt><trkpt lat="58.050305" lon="38.767698"><ele>100.4</ele><time>2023-08-24T16:30:01Z</time></trkpt><trkpt lat="58.050183" lon="38.767703"><ele>102.2</ele><time>2023-08-24T16:30:03Z</time></trkpt><trkpt lat="58.050108" lon="38.767713"><ele>102.7</ele><time>2023-08-24T16:30:04Z</time></trkpt><trkpt lat="58.050032" lon="38.767703"><ele>103.9</ele><time>2023-08-24T16:30:05Z</time></trkpt><trkpt lat="58.049902" lon="38.767638"><ele>102.8</ele><time>2023-08-24T16:30:07Z</time></trkpt><trkpt lat="58.049825" lon="38.767595"><ele>101.6</ele><time>2023-08-24T16:30:08Z</time></trkpt><trkpt lat="58.049702" lon="38.767505"><ele>103.8</ele><time>2023-08-24T16:30:10Z</time></trkpt><trkpt lat="58.049603" lon="38.767427"><ele>103.2</ele><time>2023-08-24T16:30:12Z</time></trkpt><trkpt lat="58.049525" lon="38.767323"><ele>104.1</ele><time>2023-08-24T16:30:15Z</time></trkpt><trkpt lat="58.049458" lon="38.767222"><ele>106.6</ele><time>2023-08-24T16:30:24Z</time></trkpt><trkpt lat="58.049385" lon="38.767135"><ele>107.1</ele><time>2023-08-24T16:30:28Z</time></trkpt><trkpt lat="58.049317" lon="38.767065"><ele>105.4</ele><time>2023-08-24T16:30:36Z</time></trkpt><trkpt lat="58.049243" lon="38.76705"><ele>104.3</ele><time>2023-08-24T16:30:39Z</time></trkpt><trkpt lat="58.049165" lon="38.76704"><ele>105.3</ele><time>2023-08-24T16:30:41Z</time></trkpt><trkpt lat="58.049068" lon="38.767033"><ele>106.9</ele><time>2023-08-24T16:30:43Z</time></trkpt><trkpt lat="58.048977" lon="38.767027"><ele>106.8</ele><time>2023-08-24T16:30:45Z</time></trkpt><trkpt lat="58.04889" lon="38.767018"><ele>106.1</ele><time>2023-08-24T16:30:47Z</time></trkpt><trkpt lat="58.048817" lon="38.767012"><ele>105.8</ele><time>2023-08-24T16:30:49Z</time></trkpt><trkpt lat="58.048743" lon="38.767013"><ele>104.6</ele><time>2023-08-24T16:30:52Z</time></trkpt><trkpt lat="58.048665" lon="38.76688"><ele>103.7</ele><time>2023-08-24T16:30:55Z</time></trkpt><trkpt lat="58.048595" lon="38.76677"><ele>102.5</ele><time>2023-08-24T16:30:57Z</time></trkpt><trkpt lat="58.048508" lon="38.76664"><ele>101.0</ele><time>2023-08-24T16:30:59Z</time></trkpt><trkpt lat="58.048417" lon="38.766533"><ele>100.4</ele><time>2023-08-24T16:31:01Z</time></trkpt><trkpt lat="58.048325" lon="38.766408"><ele>100.6</ele><time>2023-08-24T16:31:03Z</time></trkpt><trkpt lat="58.04824" lon="38.766297"><ele>101.1</ele><time>2023-08-24T16:31:05Z</time></trkpt><trkpt lat="58.04817" lon="38.766195"><ele>101.9</ele><time>2023-08-24T16:31:07Z</time></trkpt><trkpt lat="58.048093" lon="38.766092"><ele>102.3</ele><time>2023-08-24T16:31:09Z</time></trkpt><trkpt lat="58.048022" lon="38.765998"><ele>101.8</ele><time>2023-08-24T16:31:11Z</time></trkpt><trkpt lat="58.047947" lon="38.765905"><ele>102.5</ele><time>2023-08-24T16:31:13Z</time></trkpt><trkpt lat="58.04788" lon="38.765828"><ele>103.3</ele><time>2023-08-24T16:31:15Z</time></trkpt><trkpt lat="58.047802" lon="38.765747"><ele>103.5</ele><time>2023-08-24T16:31:18Z</time></trkpt><trkpt lat="58.047743" lon="38.765647"><ele>106.1</ele><time>2023-08-24T16:31:23Z</time></trkpt><trkpt lat="58.04766" lon="38.765623"><ele>108.0</ele><time>2023-08-24T16:31:27Z</time></trkpt><trkpt lat="58.047587" lon="38.765688"><ele>108.0</ele><time>2023-08-24T16:31:30Z</time></trkpt><trkpt lat="58.047498" lon="38.765582"><ele>107.0</ele><time>2023-08-24T16:31:33Z</time></trkpt><trkpt lat="58.047432" lon="38.765465"><ele>107.5</ele><time>2023-08-24T16:31:35Z</time></trkpt><trkpt lat="58.047382" lon="38.765353"><ele>107.8</ele><time>2023-08-24T16:31:36Z</time></trkpt><trkpt lat="58.047315" lon="38.765253"><ele>108.1</ele><time>2023-08-24T16:31:38Z</time></trkpt><trkpt lat="58.04724" lon="38.765173"><ele>108.1</ele><time>2023-08-24T16:31:40Z</time></trkpt><trkpt lat="58.047165" lon="38.765088"><ele>107.1</ele><time>2023-08-24T16:31:42Z</time></trkpt><trkpt lat="58.047082" lon="38.764995"><ele>107.0</ele><time>2023-08-24T16:31:44Z</time></trkpt><trkpt lat="58.046997" lon="38.764887"><ele>106.7</ele><time>2023-08-24T16:31:46Z</time></trkpt><trkpt lat="58.046935" lon="38.764805"><ele>105.4</ele><time>2023-08-24T16:31:48Z</time></trkpt><trkpt lat="58.046867" lon="38.764702"><ele>105.0</ele><time>2023-08-24T16:31:50Z</time></trkpt><trkpt lat="58.046793" lon="38.764588"><ele>103.6</ele><time>2023-08-24T16:31:53Z</time></trkpt><trkpt lat="58.046702" lon="38.764498"><ele>107.6</ele><time>2023-08-24T16:31:57Z</time></trkpt><trkpt lat="58.046637" lon="38.764385"><ele>107.6</ele><time>2023-08-24T16:32:00Z</time></trkpt><trkpt lat="58.04658" lon="38.764297"><ele>105.9</ele><time>2023-08-24T16:32:03Z</time></trkpt><trkpt lat="58.046498" lon="38.764275"><ele>109.0</ele><time>2023-08-24T16:32:21Z</time></trkpt><trkpt lat="58.046567" lon="38.764322"><ele>107.6</ele><time>2023-08-24T16:32:27Z</time></trkpt><trkpt lat="58.04663" lon="38.764398"><ele>108.1</ele><time>2023-08-24T16:32:31Z</time></trkpt><trkpt lat="58.046698" lon="38.764472"><ele>108.2</ele><time>2023-08-24T16:32:34Z</time></trkpt><trkpt lat="58.04676" lon="38.76457"><ele>107.8</ele><time>2023-08-24T16:32:38Z</time></trkpt><trkpt lat="58.046685" lon="38.764552"><ele>105.7</ele><time>2023-08-24T16:32:53Z</time></trkpt><trkpt lat="58.0466" lon="38.764412"><ele>104.7</ele><time>2023-08-24T16:32:55Z</time></trkpt><trkpt lat="58.046508" lon="38.764288"><ele>105.1</ele><time>2023-08-24T16:32:57Z</time></trkpt><trkpt lat="58.046412" lon="38.764267"><ele>104.5</ele><time>2023-08-24T16:32:59Z</time></trkpt><trkpt lat="58.04635" lon="38.764355"><ele>105.1</ele><time>2023-08-24T16:33:01Z</time></trkpt><trkpt lat="58.04628" lon="38.764472"><ele>102.4</ele><time>2023-08-24T16:33:03Z</time></trkpt><trkpt lat="58.04622" lon="38.764608"><ele>103.9</ele><time>2023-08-24T16:33:05Z</time></trkpt><trkpt lat="58.046153" lon="38.764758"><ele>104.1</ele><time>2023-08-24T16:33:07Z</time></trkpt><trkpt lat="58.046097" lon="38.764888"><ele>103.4</ele><time>2023-08-24T16:33:09Z</time></trkpt><trkpt lat="58.046033" lon="38.76503"><ele>107.5</ele><time>2023-08-24T16:33:11Z</time></trkpt><trkpt lat="58.045983" lon="38.765207"><ele>109.0</ele><time>2023-08-24T16:33:13Z</time></trkpt><trkpt lat="58.04592" lon="38.76538"><ele>109.4</ele><time>2023-08-24T16:33:15Z</time></trkpt><trkpt lat="58.045865" lon="38.765533"><ele>108.8</ele><time>2023-08-24T16:33:17Z</time></trkpt><trkpt lat="58.04581" lon="38.765693"><ele>110.0</ele><time>2023-08-24T16:33:19Z</time></trkpt><trkpt lat="58.045762" lon="38.765822"><ele>109.5</ele><time>2023-08-24T16:33:21Z</time></trkpt><trkpt lat="58.045702" lon="38.765948"><ele>111.3</ele><time>2023-08-24T16:33:23Z</time></trkpt><trkpt lat="58.045645" lon="38.766082"><ele>108.3</ele><time>2023-08-24T16:33:25Z</time></trkpt><trkpt lat="58.0456" lon="38.76623"><ele>106.9</ele><time>2023-08-24T16:33:27Z</time></trkpt><trkpt lat="58.045543" lon="38.766383"><ele>109.4</ele><time>2023-08-24T16:33:29Z</time></trkpt><trkpt lat="58.04548" lon="38.766545"><ele>108.5</ele><time>2023-08-24T16:33:31Z</time></trkpt><trkpt lat="58.045423" lon="38.766697"><ele>109.5</ele><time>2023-08-24T16:33:33Z</time></trkpt><trkpt lat="58.045367" lon="38.76681"><ele>110.9</ele><time>2023-08-24T16:33:35Z</time></trkpt><trkpt lat="58.04533" lon="38.766932"><ele>110.2</ele><time>2023-08-24T16:33:37Z</time></trkpt><trkpt lat="58.045335" lon="38.767093"><ele>110.1</ele><time>2023-08-24T16:33:41Z</time></trkpt><trkpt lat="58.045287" lon="38.767195"><ele>107.6</ele><time>2023-08-24T16:33:43Z</time></trkpt><trkpt lat="58.045232" lon="38.767343"><ele>108.8</ele><time>2023-08-24T16:33:45Z</time></trkpt><trkpt lat="58.04514" lon="38.76752"><ele>108.3</ele><time>2023-08-24T16:33:47Z</time></trkpt><trkpt lat="58.045093" lon="38.767695"><ele>107.0</ele><time>2023-08-24T16:33:49Z</time></trkpt><trkpt lat="58.045027" lon="38.76783"><ele>107.0</ele><time>2023-08-24T16:33:51Z</time></trkpt><trkpt lat="58.044943" lon="38.767883"><ele>106.8</ele><time>2023-08-24T16:33:53Z</time></trkpt><trkpt lat="58.044853" lon="38.767853"><ele>106.2</ele><time>2023-08-24T16:33:55Z</time></trkpt><trkpt lat="58.044778" lon="38.767792"><ele>105.3</ele><time>2023-08-24T16:33:57Z</time></trkpt><trkpt lat="58.044697" lon="38.767745"><ele>105.4</ele><time>2023-08-24T16:33:59Z</time></trkpt><trkpt lat="58.044618" lon="38.767672"><ele>105.0</ele><time>2023-08-24T16:34:01Z</time></trkpt><trkpt lat="58.044553" lon="38.767593"><ele>104.2</ele><time>2023-08-24T16:34:03Z</time></trkpt><trkpt lat="58.044453" lon="38.767493"><ele>105.1</ele><time>2023-08-24T16:34:06Z</time></trkpt><trkpt lat="58.044383" lon="38.767432"><ele>104.3</ele><time>2023-08-24T16:34:08Z</time></trkpt><trkpt lat="58.044317" lon="38.767373"><ele>104.2</ele><time>2023-08-24T16:34:10Z</time></trkpt><trkpt lat="58.044235" lon="38.767307"><ele>104.9</ele><time>2023-08-24T16:34:13Z</time></trkpt><trkpt lat="58.044163" lon="38.76727"><ele>105.2</ele><time>2023-08-24T16:34:16Z</time></trkpt><trkpt lat="58.044097" lon="38.767185"><ele>103.9</ele><time>2023-08-24T16:34:21Z</time></trkpt><trkpt lat="58.044027" lon="38.76716"><ele>100.0</ele><time>2023-08-24T16:34:30Z</time></trkpt><trkpt lat="58.0441" lon="38.7672"><ele>106.4</ele><time>2023-08-24T16:36:00Z</time></trkpt><trkpt lat="58.044045" lon="38.767108"><ele>102.4</ele><time>2023-08-24T16:36:34Z</time></trkpt><trkpt lat="58.04398" lon="38.76701"><ele>102.6</ele><time>2023-08-24T16:37:00Z</time></trkpt><trkpt lat="58.043943" lon="38.766883"><ele>103.0</ele><time>2023-08-24T16:37:20Z</time></trkpt><trkpt lat="58.043875" lon="38.766818"><ele>105.0</ele><time>2023-08-24T16:37:52Z</time></trkpt><trkpt lat="58.043833" lon="38.766688"><ele>104.7</ele><time>2023-08-24T16:37:59Z</time></trkpt><trkpt lat="58.043875" lon="38.766805"><ele>105.5</ele><time>2023-08-24T16:39:28Z</time></trkpt><trkpt lat="58.043928" lon="38.76691"><ele>103.2</ele><time>2023-08-24T16:39:38Z</time></trkpt><trkpt lat="58.043995" lon="38.766982"><ele>104.0</ele><time>2023-08-24T16:40:17Z</time></trkpt><trkpt lat="58.044038" lon="38.7671"><ele>104.1</ele><time>2023-08-24T16:40:26Z</time></trkpt><trkpt lat="58.043983" lon="38.767192"><ele>103.5</ele><time>2023-08-24T16:40:52Z</time></trkpt><trkpt lat="58.044033" lon="38.767078"><ele>105.5</ele><time>2023-08-24T16:46:22Z</time></trkpt><trkpt lat="58.044005" lon="38.766953"><ele>107.1</ele><time>2023-08-24T16:53:26Z</time></trkpt><trkpt lat="58.044022" lon="38.76709"><ele>106.6</ele><time>2023-08-24T16:54:44Z</time></trkpt><trkpt lat="58.04407" lon="38.767192"><ele>106.9</ele><time>2023-08-24T16:54:50Z</time></trkpt><trkpt lat="58.044143" lon="38.767292"><ele>105.9</ele><time>2023-08-24T16:54:54Z</time></trkpt><trkpt lat="58.044212" lon="38.767353"><ele>105.5</ele><time>2023-08-24T16:54:57Z</time></trkpt><trkpt lat="58.044285" lon="38.76742"><ele>105.0</ele><time>2023-08-24T16:55:00Z</time></trkpt><trkpt lat="58.044358" lon="38.767485"><ele>105.5</ele><time>2023-08-24T16:55:03Z</time></trkpt><trkpt lat="58.04443" lon="38.767563"><ele>105.1</ele><time>2023-08-24T16:55:06Z</time></trkpt><trkpt lat="58.044493" lon="38.767652"><ele>105.0</ele><time>2023-08-24T16:55:09Z</time></trkpt><trkpt lat="58.04455" lon="38.767735"><ele>106.2</ele><time>2023-08-24T16:55:16Z</time></trkpt><trkpt lat="58.04463" lon="38.767817"><ele>102.4</ele><time>2023-08-24T16:55:34Z</time></trkpt><trkpt lat="58.044688" lon="38.767923"><ele>103.4</ele><time>2023-08-24T16:55:38Z</time></trkpt><trkpt lat="58.044725" lon="38.768043"><ele>103.9</ele><time>2023-08-24T16:55:41Z</time></trkpt><trkpt lat="58.04478" lon="38.768163"><ele>105.1</ele><time>2023-08-24T16:55:44Z</time></trkpt><trkpt lat="58.044868" lon="38.768225"><ele>104.2</ele><time>2023-08-24T16:55:47Z</time></trkpt><trkpt lat="58.044953" lon="38.768205"><ele>100.8</ele><time>2023-08-24T16:55:50Z</time></trkpt><trkpt lat="58.045027" lon="38.768102"><ele>100.4</ele><time>2023-08-24T16:55:53Z</time></trkpt><trkpt lat="58.04508" lon="38.767975"><ele>100.6</ele><time>2023-08-24T16:55:56Z</time></trkpt><trkpt lat="58.04513" lon="38.76781"><ele>100.8</ele><time>2023-08-24T16:55:59Z</time></trkpt><trkpt lat="58.04517" lon="38.767648"><ele>101.1</ele><time>2023-08-24T16:56:02Z</time></trkpt><trkpt lat="58.045208" lon="38.767507"><ele>99.1</ele><time>2023-08-24T16:56:05Z</time></trkpt><trkpt lat="58.045257" lon="38.767393"><ele>99.6</ele><time>2023-08-24T16:56:08Z</time></trkpt><trkpt lat="58.045317" lon="38.767283"><ele>97.8</ele><time>2023-08-24T16:56:11Z</time></trkpt><trkpt lat="58.045377" lon="38.767178"><ele>97.6</ele><time>2023-08-24T16:56:14Z</time></trkpt><trkpt lat="58.045445" lon="38.76707"><ele>97.4</ele><time>2023-08-24T16:56:17Z</time></trkpt><trkpt lat="58.045498" lon="38.766938"><ele>100.1</ele><time>2023-08-24T16:56:20Z</time></trkpt><trkpt lat="58.045538" lon="38.766795"><ele>99.7</ele><time>2023-08-24T16:56:23Z</time></trkpt><trkpt lat="58.045593" lon="38.76665"><ele>100.6</ele><time>2023-08-24T16:56:26Z</time></trkpt><trkpt lat="58.045663" lon="38.766502"><ele>103.6</ele><time>2023-08-24T16:56:29Z</time></trkpt><trkpt lat="58.045722" lon="38.766347"><ele>105.1</ele><time>2023-08-24T16:56:32Z</time></trkpt><trkpt lat="58.045765" lon="38.766225"><ele>104.7</ele><time>2023-08-24T16:56:34Z</time></trkpt><trkpt lat="58.04581" lon="38.766113"><ele>107.8</ele><time>2023-08-24T16:56:36Z</time></trkpt><trkpt lat="58.045872" lon="38.765958"><ele>105.7</ele><time>2023-08-24T16:56:39Z</time></trkpt><trkpt lat="58.045927" lon="38.76581"><ele>105.9</ele><time>2023-08-24T16:56:42Z</time></trkpt><trkpt lat="58.045975" lon="38.76566"><ele>103.0</ele><time>2023-08-24T16:56:45Z</time></trkpt><trkpt lat="58.046017" lon="38.765487"><ele>102.7</ele><time>2023-08-24T16:56:48Z</time></trkpt><trkpt lat="58.046052" lon="38.765365"><ele>101.1</ele><time>2023-08-24T16:56:50Z</time></trkpt><trkpt lat="58.046108" lon="38.765188"><ele>99.4</ele><time>2023-08-24T16:56:53Z</time></trkpt><trkpt lat="58.04615" lon="38.765072"><ele>99.5</ele><time>2023-08-24T16:56:55Z</time></trkpt><trkpt lat="58.046193" lon="38.764955"><ele>99.0</ele><time>2023-08-24T16:56:57Z</time></trkpt><trkpt lat="58.046237" lon="38.764845"><ele>100.3</ele><time>2023-08-24T16:56:59Z</time></trkpt><trkpt lat="58.046278" lon="38.764735"><ele>99.0</ele><time>2023-08-24T16:57:01Z</time></trkpt><trkpt lat="58.046355" lon="38.764598"><ele>100.3</ele><time>2023-08-24T16:57:04Z</time></trkpt><trkpt lat="58.046453" lon="38.764535"><ele>102.0</ele><time>2023-08-24T16:57:07Z</time></trkpt><trkpt lat="58.04655" lon="38.764575"><ele>101.3</ele><time>2023-08-24T16:57:10Z</time></trkpt><trkpt lat="58.046637" lon="38.764678"><ele>102.1</ele><time>2023-08-24T16:57:13Z</time></trkpt><trkpt lat="58.046695" lon="38.764773"><ele>101.6</ele><time>2023-08-24T16:57:15Z</time></trkpt><trkpt lat="58.046755" lon="38.76486"><ele>102.7</ele><time>2023-08-24T16:57:17Z</time></trkpt><trkpt lat="58.046843" lon="38.764978"><ele>105.3</ele><time>2023-08-24T16:57:20Z</time></trkpt><trkpt lat="58.046907" lon="38.765063"><ele>106.0</ele><time>2023-08-24T16:57:22Z</time></trkpt><trkpt lat="58.046972" lon="38.765143"><ele>105.8</ele><time>2023-08-24T16:57:24Z</time></trkpt><trkpt lat="58.047045" lon="38.765223"><ele>105.2</ele><time>2023-08-24T16:57:26Z</time></trkpt><trkpt lat="58.047115" lon="38.765308"><ele>105.6</ele><time>2023-08-24T16:57:28Z</time></trkpt><trkpt lat="58.047187" lon="38.765402"><ele>105.8</ele><time>2023-08-24T16:57:30Z</time></trkpt><trkpt lat="58.047272" lon="38.765502"><ele>105.4</ele><time>2023-08-24T16:57:32Z</time></trkpt><trkpt lat="58.04734" lon="38.765593"><ele>105.0</ele><time>2023-08-24T16:57:34Z</time></trkpt><trkpt lat="58.047418" lon="38.765678"><ele>106.1</ele><time>2023-08-24T16:57:36Z</time></trkpt><trkpt lat="58.04749" lon="38.765772"><ele>106.9</ele><time>2023-08-24T16:57:38Z</time></trkpt><trkpt lat="58.04756" lon="38.765888"><ele>107.0</ele><time>2023-08-24T16:57:40Z</time></trkpt><trkpt lat="58.047642" lon="38.765978"><ele>106.6</ele><time>2023-08-24T16:57:42Z</time></trkpt><trkpt lat="58.047732" lon="38.766033"><ele>106.6</ele><time>2023-08-24T16:57:44Z</time></trkpt><trkpt lat="58.047807" lon="38.766123"><ele>104.7</ele><time>2023-08-24T16:57:46Z</time></trkpt><trkpt lat="58.04787" lon="38.766233"><ele>104.5</ele><time>2023-08-24T16:57:48Z</time></trkpt><trkpt lat="58.047948" lon="38.76631"><ele>104.2</ele><time>2023-08-24T16:57:50Z</time></trkpt><trkpt lat="58.048023" lon="38.766402"><ele>104.2</ele><time>2023-08-24T16:57:52Z</time></trkpt><trkpt lat="58.048098" lon="38.766517"><ele>104.5</ele><time>2023-08-24T16:57:54Z</time></trkpt><trkpt lat="58.048168" lon="38.766622"><ele>104.2</ele><time>2023-08-24T16:57:56Z</time></trkpt><trkpt lat="58.048217" lon="38.766752"><ele>105.2</ele><time>2023-08-24T16:57:58Z</time></trkpt><trkpt lat="58.048258" lon="38.766875"><ele>103.1</ele><time>2023-08-24T16:58:00Z</time></trkpt><trkpt lat="58.048312" lon="38.766982"><ele>100.6</ele><time>2023-08-24T16:58:02Z</time></trkpt><trkpt lat="58.048382" lon="38.767105"><ele>99.5</ele><time>2023-08-24T16:58:05Z</time></trkpt><trkpt lat="58.048452" lon="38.767188"><ele>100.5</ele><time>2023-08-24T16:58:07Z</time></trkpt><trkpt lat="58.048515" lon="38.767273"><ele>100.9</ele><time>2023-08-24T16:58:09Z</time></trkpt><trkpt lat="58.048592" lon="38.767378"><ele>101.0</ele><time>2023-08-24T16:58:12Z</time></trkpt><trkpt lat="58.048633" lon="38.767495"><ele>101.9</ele><time>2023-08-24T16:58:15Z</time></trkpt><trkpt lat="58.048617" lon="38.767678"><ele>102.0</ele><time>2023-08-24T16:58:18Z</time></trkpt><trkpt lat="58.048588" lon="38.767863"><ele>101.6</ele><time>2023-08-24T16:58:21Z</time></trkpt><trkpt lat="58.048567" lon="38.768038"><ele>101.5</ele><time>2023-08-24T16:58:24Z</time></trkpt><trkpt lat="58.04855" lon="38.768212"><ele>100.6</ele><time>2023-08-24T16:58:27Z</time></trkpt><trkpt lat="58.048538" lon="38.768377"><ele>100.7</ele><time>2023-08-24T16:58:30Z</time></trkpt><trkpt lat="58.048527" lon="38.768528"><ele>101.1</ele><time>2023-08-24T16:58:33Z</time></trkpt><trkpt lat="58.048563" lon="38.768648"><ele>101.2</ele><time>2023-08-24T16:58:51Z</time></trkpt><trkpt lat="58.048605" lon="38.768773"><ele>103.0</ele><time>2023-08-24T16:58:56Z</time></trkpt><trkpt lat="58.048645" lon="38.768897"><ele>102.2</ele><time>2023-08-24T16:59:00Z</time></trkpt><trkpt lat="58.048693" lon="38.76901"><ele>100.6</ele><time>2023-08-24T16:59:04Z</time></trkpt><trkpt lat="58.04876" lon="38.769075"><ele>99.6</ele><time>2023-08-24T16:59:09Z</time></trkpt><trkpt lat="58.04884" lon="38.769002"><ele>99.3</ele><time>2023-08-24T16:59:13Z</time></trkpt><trkpt lat="58.048913" lon="38.768993"><ele>98.7</ele><time>2023-08-24T16:59:16Z</time></trkpt><trkpt lat="58.048993" lon="38.769057"><ele>98.8</ele><time>2023-08-24T16:59:20Z</time></trkpt><trkpt lat="58.049" lon="38.769205"><ele>98.9</ele><time>2023-08-24T16:59:23Z</time></trkpt><trkpt lat="58.049" lon="38.769362"><ele>100.0</ele><time>2023-08-24T16:59:26Z</time></trkpt><trkpt lat="58.049003" lon="38.769538"><ele>100.5</ele><time>2023-08-24T16:59:29Z</time></trkpt><trkpt lat="58.049008" lon="38.769713"><ele>100.5</ele><time>2023-08-24T16:59:32Z</time></trkpt><trkpt lat="58.049015" lon="38.76989"><ele>100.3</ele><time>2023-08-24T16:59:35Z</time></trkpt><trkpt lat="58.049017" lon="38.770068"><ele>100.4</ele><time>2023-08-24T16:59:38Z</time></trkpt><trkpt lat="58.04902" lon="38.770255"><ele>101.1</ele><time>2023-08-24T16:59:41Z</time></trkpt><trkpt lat="58.04902" lon="38.770455"><ele>102.6</ele><time>2023-08-24T16:59:44Z</time></trkpt><trkpt lat="58.049018" lon="38.770593"><ele>103.0</ele><time>2023-08-24T16:59:46Z</time></trkpt><trkpt lat="58.04902" lon="38.770738"><ele>103.6</ele><time>2023-08-24T16:59:48Z</time></trkpt><trkpt lat="58.04902" lon="38.770873"><ele>104.3</ele><time>2023-08-24T16:59:50Z</time></trkpt><trkpt lat="58.049022" lon="38.771012"><ele>104.0</ele><time>2023-08-24T16:59:52Z</time></trkpt><trkpt lat="58.049023" lon="38.771157"><ele>103.4</ele><time>2023-08-24T16:59:54Z</time></trkpt><trkpt lat="58.049023" lon="38.771298"><ele>103.8</ele><time>2023-08-24T16:59:56Z</time></trkpt><trkpt lat="58.049025" lon="38.771443"><ele>103.6</ele><time>2023-08-24T16:59:58Z</time></trkpt><trkpt lat="58.049025" lon="38.771602"><ele>103.1</ele><time>2023-08-24T17:00:00Z</time></trkpt><trkpt lat="58.049023" lon="38.77176"><ele>102.4</ele><time>2023-08-24T17:00:02Z</time></trkpt><trkpt lat="58.049023" lon="38.77192"><ele>102.4</ele><time>2023-08-24T17:00:04Z</time></trkpt><trkpt lat="58.049025" lon="38.77208"><ele>102.1</ele><time>2023-08-24T17:00:06Z</time></trkpt><trkpt lat="58.049027" lon="38.772237"><ele>102.0</ele><time>2023-08-24T17:00:08Z</time></trkpt><trkpt lat="58.049028" lon="38.772397"><ele>102.4</ele><time>2023-08-24T17:00:10Z</time></trkpt><trkpt lat="58.049028" lon="38.772558"><ele>102.3</ele><time>2023-08-24T17:00:12Z</time></trkpt><trkpt lat="58.049028" lon="38.77272"><ele>102.1</ele><time>2023-08-24T17:00:14Z</time></trkpt><trkpt lat="58.049025" lon="38.77287"><ele>101.9</ele><time>2023-08-24T17:00:16Z</time></trkpt><trkpt lat="58.049023" lon="38.773027"><ele>102.1</ele><time>2023-08-24T17:00:18Z</time></trkpt><trkpt lat="58.04902" lon="38.77317"><ele>102.5</ele><time>2023-08-24T17:00:20Z</time></trkpt><trkpt lat="58.049015" lon="38.773368"><ele>102.3</ele><time>2023-08-24T17:00:23Z</time></trkpt><trkpt lat="58.049005" lon="38.77356"><ele>103.2</ele><time>2023-08-24T17:00:26Z</time></trkpt><trkpt lat="58.049005" lon="38.773732"><ele>103.0</ele><time>2023-08-24T17:00:29Z</time></trkpt><trkpt lat="58.049007" lon="38.773937"><ele>102.8</ele><time>2023-08-24T17:00:32Z</time></trkpt><trkpt lat="58.049007" lon="38.774075"><ele>102.2</ele><time>2023-08-24T17:00:34Z</time></trkpt><trkpt lat="58.049005" lon="38.774268"><ele>101.8</ele><time>2023-08-24T17:00:37Z</time></trkpt><trkpt lat="58.049008" lon="38.77441"><ele>102.3</ele><time>2023-08-24T17:00:39Z</time></trkpt><trkpt lat="58.04901" lon="38.774548"><ele>102.8</ele><time>2023-08-24T17:00:41Z</time></trkpt><trkpt lat="58.04901" lon="38.774742"><ele>102.1</ele><time>2023-08-24T17:00:44Z</time></trkpt><trkpt lat="58.04903" lon="38.774892"><ele>101.0</ele><time>2023-08-24T17:00:47Z</time></trkpt><trkpt lat="58.049125" lon="38.774922"><ele>100.5</ele><time>2023-08-24T17:00:51Z</time></trkpt><trkpt lat="58.049212" lon="38.774892"><ele>101.8</ele><time>2023-08-24T17:00:54Z</time></trkpt><trkpt lat="58.049287" lon="38.774935"><ele>101.3</ele><time>2023-08-24T17:00:58Z</time></trkpt><trkpt lat="58.049277" lon="38.775097"><ele>102.0</ele><time>2023-08-24T17:01:01Z</time></trkpt><trkpt lat="58.049267" lon="38.775288"><ele>102.2</ele><time>2023-08-24T17:01:04Z</time></trkpt><trkpt lat="58.04926" lon="38.775488"><ele>102.2</ele><time>2023-08-24T17:01:07Z</time></trkpt><trkpt lat="58.04926" lon="38.775687"><ele>102.4</ele><time>2023-08-24T17:01:10Z</time></trkpt><trkpt lat="58.04926" lon="38.775885"><ele>102.9</ele><time>2023-08-24T17:01:13Z</time></trkpt><trkpt lat="58.049263" lon="38.776085"><ele>102.8</ele><time>2023-08-24T17:01:15Z</time></trkpt><trkpt lat="58.049265" lon="38.776265"><ele>102.5</ele><time>2023-08-24T17:01:18Z</time></trkpt><trkpt lat="58.049267" lon="38.776427"><ele>102.8</ele><time>2023-08-24T17:01:21Z</time></trkpt><trkpt lat="58.049265" lon="38.776583"><ele>102.8</ele><time>2023-08-24T17:01:24Z</time></trkpt><trkpt lat="58.049267" lon="38.776748"><ele>102.4</ele><time>2023-08-24T17:01:27Z</time></trkpt><trkpt lat="58.049272" lon="38.776912"><ele>102.5</ele><time>2023-08-24T17:01:30Z</time></trkpt><trkpt lat="58.049267" lon="38.777107"><ele>103.6</ele><time>2023-08-24T17:01:33Z</time></trkpt><trkpt lat="58.04926" lon="38.777303"><ele>103.8</ele><time>2023-08-24T17:01:36Z</time></trkpt><trkpt lat="58.049258" lon="38.777485"><ele>103.6</ele><time>2023-08-24T17:01:39Z</time></trkpt><trkpt lat="58.049258" lon="38.777642"><ele>104.3</ele><time>2023-08-24T17:01:42Z</time></trkpt><trkpt lat="58.049267" lon="38.777808"><ele>104.1</ele><time>2023-08-24T17:01:45Z</time></trkpt><trkpt lat="58.049283" lon="38.777952"><ele>104.4</ele><time>2023-08-24T17:01:47Z</time></trkpt><trkpt lat="58.049292" lon="38.778128"><ele>107.5</ele><time>2023-08-24T17:01:51Z</time></trkpt><trkpt lat="58.049282" lon="38.778305"><ele>108.9</ele><time>2023-08-24T17:01:54Z</time></trkpt><trkpt lat="58.049273" lon="38.778465"><ele>109.0</ele><time>2023-08-24T17:01:57Z</time></trkpt><trkpt lat="58.049275" lon="38.77866"><ele>109.3</ele><time>2023-08-24T17:02:00Z</time></trkpt><trkpt lat="58.049275" lon="38.778812"><ele>109.2</ele><time>2023-08-24T17:02:02Z</time></trkpt><trkpt lat="58.049273" lon="38.778975"><ele>109.8</ele><time>2023-08-24T17:02:04Z</time></trkpt><trkpt lat="58.049273" lon="38.779132"><ele>110.0</ele><time>2023-08-24T17:02:06Z</time></trkpt><trkpt lat="58.049273" lon="38.779292"><ele>109.2</ele><time>2023-08-24T17:02:08Z</time></trkpt><trkpt lat="58.049273" lon="38.77945"><ele>109.2</ele><time>2023-08-24T17:02:10Z</time></trkpt><trkpt lat="58.049277" lon="38.77961"><ele>109.4</ele><time>2023-08-24T17:02:12Z</time></trkpt><trkpt lat="58.04928" lon="38.779767"><ele>108.7</ele><time>2023-08-24T17:02:14Z</time></trkpt><trkpt lat="58.049282" lon="38.779915"><ele>108.1</ele><time>2023-08-24T17:02:16Z</time></trkpt><trkpt lat="58.049283" lon="38.780073"><ele>108.2</ele><time>2023-08-24T17:02:18Z</time></trkpt><trkpt lat="58.049282" lon="38.780228"><ele>107.7</ele><time>2023-08-24T17:02:20Z</time></trkpt><trkpt lat="58.04928" lon="38.780387"><ele>108.1</ele><time>2023-08-24T17:02:22Z</time></trkpt><trkpt lat="58.049278" lon="38.780545"><ele>108.0</ele><time>2023-08-24T17:02:24Z</time></trkpt><trkpt lat="58.04928" lon="38.780703"><ele>107.4</ele><time>2023-08-24T17:02:26Z</time></trkpt><trkpt lat="58.049282" lon="38.78086"><ele>107.5</ele><time>2023-08-24T17:02:28Z</time></trkpt><trkpt lat="58.04929" lon="38.781007"><ele>108.3</ele><time>2023-08-24T17:02:30Z</time></trkpt><trkpt lat="58.049295" lon="38.781153"><ele>108.4</ele><time>2023-08-24T17:02:32Z</time></trkpt><trkpt lat="58.049293" lon="38.781355"><ele>107.9</ele><time>2023-08-24T17:02:35Z</time></trkpt><trkpt lat="58.049293" lon="38.781492"><ele>107.9</ele><time>2023-08-24T17:02:37Z</time></trkpt><trkpt lat="58.049288" lon="38.781697"><ele>107.5</ele><time>2023-08-24T17:02:40Z</time></trkpt><trkpt lat="58.04929" lon="38.781845"><ele>107.7</ele><time>2023-08-24T17:02:42Z</time></trkpt><trkpt lat="58.049292" lon="38.781995"><ele>108.0</ele><time>2023-08-24T17:02:44Z</time></trkpt><trkpt lat="58.049293" lon="38.782147"><ele>108.1</ele><time>2023-08-24T17:02:46Z</time></trkpt><trkpt lat="58.049292" lon="38.78231"><ele>107.3</ele><time>2023-08-24T17:02:48Z</time></trkpt><trkpt lat="58.049288" lon="38.78246"><ele>106.6</ele><time>2023-08-24T17:02:50Z</time></trkpt><trkpt lat="58.04929" lon="38.782612"><ele>106.6</ele><time>2023-08-24T17:02:52Z</time></trkpt><trkpt lat="58.049288" lon="38.78275"><ele>107.2</ele><time>2023-08-24T17:02:54Z</time></trkpt><trkpt lat="58.049288" lon="38.782892"><ele>106.9</ele><time>2023-08-24T17:02:56Z</time></trkpt><trkpt lat="58.049287" lon="38.78304"><ele>106.2</ele><time>2023-08-24T17:02:58Z</time></trkpt><trkpt lat="58.049287" lon="38.783185"><ele>106.2</ele><time>2023-08-24T17:03:00Z</time></trkpt><trkpt lat="58.049287" lon="38.783328"><ele>105.3</ele><time>2023-08-24T17:03:02Z</time></trkpt><trkpt lat="58.049288" lon="38.783475"><ele>105.3</ele><time>2023-08-24T17:03:04Z</time></trkpt><trkpt lat="58.049288" lon="38.783655"><ele>105.5</ele><time>2023-08-24T17:03:07Z</time></trkpt><trkpt lat="58.049305" lon="38.783818"><ele>105.4</ele><time>2023-08-24T17:03:11Z</time></trkpt><trkpt lat="58.04937" lon="38.783892"><ele>106.6</ele><time>2023-08-24T17:03:15Z</time></trkpt><trkpt lat="58.049463" lon="38.783982"><ele>108.2</ele><time>2023-08-24T17:03:18Z</time></trkpt><trkpt lat="58.049555" lon="38.784058"><ele>107.3</ele><time>2023-08-24T17:03:21Z</time></trkpt><trkpt lat="58.049638" lon="38.784115"><ele>106.1</ele><time>2023-08-24T17:03:24Z</time></trkpt><trkpt lat="58.049715" lon="38.784208"><ele>104.8</ele><time>2023-08-24T17:03:27Z</time></trkpt><trkpt lat="58.04974" lon="38.784372"><ele>102.5</ele><time>2023-08-24T17:03:30Z</time></trkpt><trkpt lat="58.049778" lon="38.78454"><ele>101.2</ele><time>2023-08-24T17:03:33Z</time></trkpt><trkpt lat="58.049862" lon="38.784635"><ele>98.6</ele><time>2023-08-24T17:03:36Z</time></trkpt><trkpt lat="58.049933" lon="38.78467"><ele>97.9</ele><time>2023-08-24T17:03:38Z</time></trkpt><trkpt lat="58.050027" lon="38.78474"><ele>97.7</ele><time>2023-08-24T17:03:41Z</time></trkpt><trkpt lat="58.050115" lon="38.784832"><ele>97.2</ele><time>2023-08-24T17:03:44Z</time></trkpt><trkpt lat="58.050173" lon="38.784913"><ele>98.4</ele><time>2023-08-24T17:03:46Z</time></trkpt><trkpt lat="58.05024" lon="38.785023"><ele>100.6</ele><time>2023-08-24T17:03:49Z</time></trkpt><trkpt lat="58.050312" lon="38.785042"><ele>100.8</ele><time>2023-08-24T17:03:52Z</time></trkpt><trkpt lat="58.05039" lon="38.784988"><ele>103.3</ele><time>2023-08-24T17:03:54Z</time></trkpt><trkpt lat="58.050463" lon="38.78493"><ele>103.8</ele><time>2023-08-24T17:03:56Z</time></trkpt><trkpt lat="58.050542" lon="38.784858"><ele>103.9</ele><time>2023-08-24T17:03:58Z</time></trkpt><trkpt lat="58.050622" lon="38.784798"><ele>102.3</ele><time>2023-08-24T17:04:00Z</time></trkpt><trkpt lat="58.050705" lon="38.784748"><ele>102.2</ele><time>2023-08-24T17:04:03Z</time></trkpt><trkpt lat="58.050695" lon="38.78491"><ele>106.3</ele><time>2023-08-24T17:04:24Z</time></trkpt><trkpt lat="58.050708" lon="38.785072"><ele>107.5</ele><time>2023-08-24T17:04:28Z</time></trkpt><trkpt lat="58.050753" lon="38.785178"><ele>106.3</ele><time>2023-08-24T17:04:33Z</time></trkpt><trkpt lat="58.05083" lon="38.78527"><ele>105.9</ele><time>2023-08-24T17:04:39Z</time></trkpt><trkpt lat="58.05086" lon="38.785447"><ele>105.9</ele><time>2023-08-24T17:04:42Z</time></trkpt><trkpt lat="58.050905" lon="38.785643"><ele>106.9</ele><time>2023-08-24T17:04:45Z</time></trkpt><trkpt lat="58.050935" lon="38.785793"><ele>107.5</ele><time>2023-08-24T17:04:47Z</time></trkpt><trkpt lat="58.050978" lon="38.785962"><ele>109.7</ele><time>2023-08-24T17:04:50Z</time></trkpt><trkpt lat="58.051065" lon="38.78601"><ele>111.6</ele><time>2023-08-24T17:04:54Z</time></trkpt><trkpt lat="58.05114" lon="38.785973"><ele>111.5</ele><time>2023-08-24T17:04:56Z</time></trkpt><trkpt lat="58.051215" lon="38.785942"><ele>110.3</ele><time>2023-08-24T17:04:58Z</time></trkpt><trkpt lat="58.051302" lon="38.785967"><ele>109.2</ele><time>2023-08-24T17:05:01Z</time></trkpt><trkpt lat="58.0514" lon="38.786032"><ele>107.9</ele><time>2023-08-24T17:05:04Z</time></trkpt><trkpt lat="58.0515" lon="38.786077"><ele>107.4</ele><time>2023-08-24T17:05:07Z</time></trkpt><trkpt lat="58.051572" lon="38.786118"><ele>106.1</ele><time>2023-08-24T17:05:09Z</time></trkpt><trkpt lat="58.051633" lon="38.786195"><ele>107.2</ele><time>2023-08-24T17:05:11Z</time></trkpt><trkpt lat="58.05167" lon="38.786335"><ele>107.7</ele><time>2023-08-24T17:05:13Z</time></trkpt><trkpt lat="58.051708" lon="38.786478"><ele>107.7</ele><time>2023-08-24T17:05:15Z</time></trkpt><trkpt lat="58.05177" lon="38.786578"><ele>108.8</ele><time>2023-08-24T17:05:17Z</time></trkpt><trkpt lat="58.05186" lon="38.786613"><ele>110.3</ele><time>2023-08-24T17:05:19Z</time></trkpt><trkpt lat="58.051947" lon="38.786612"><ele>110.4</ele><time>2023-08-24T17:05:22Z</time></trkpt><trkpt lat="58.051867" lon="38.786607"><ele>117.5</ele><time>2023-08-24T17:05:43Z</time></trkpt><trkpt lat="58.051965" lon="38.78662"><ele>119.1</ele><time>2023-08-24T17:06:15Z</time></trkpt><trkpt lat="58.052058" lon="38.786578"><ele>117.4</ele><time>2023-08-24T17:06:18Z</time></trkpt><trkpt lat="58.052155" lon="38.786543"><ele>115.6</ele><time>2023-08-24T17:06:21Z</time></trkpt><trkpt lat="58.052242" lon="38.786508"><ele>116.6</ele><time>2023-08-24T17:06:24Z</time></trkpt><trkpt lat="58.052328" lon="38.786472"><ele>114.0</ele><time>2023-08-24T17:06:28Z</time></trkpt><trkpt lat="58.05241" lon="38.786467"><ele>111.1</ele><time>2023-08-24T17:06:31Z</time></trkpt><trkpt lat="58.05249" lon="38.786557"><ele>110.6</ele><time>2023-08-24T17:06:34Z</time></trkpt><trkpt lat="58.052507" lon="38.786695"><ele>110.7</ele><time>2023-08-24T17:06:36Z</time></trkpt><trkpt lat="58.052498" lon="38.786855"><ele>110.3</ele><time>2023-08-24T17:06:38Z</time></trkpt><trkpt lat="58.052493" lon="38.787013"><ele>110.4</ele><time>2023-08-24T17:06:40Z</time></trkpt><trkpt lat="58.052492" lon="38.787153"><ele>109.3</ele><time>2023-08-24T17:06:42Z</time></trkpt><trkpt lat="58.052488" lon="38.787353"><ele>110.0</ele><time>2023-08-24T17:06:45Z</time></trkpt><trkpt lat="58.05248" lon="38.787547"><ele>109.7</ele><time>2023-08-24T17:06:48Z</time></trkpt><trkpt lat="58.052473" lon="38.787723"><ele>109.3</ele><time>2023-08-24T17:06:51Z</time></trkpt><trkpt lat="58.052467" lon="38.787867"><ele>109.4</ele><time>2023-08-24T17:06:54Z</time></trkpt><trkpt lat="58.05247" lon="38.788005"><ele>108.1</ele><time>2023-08-24T17:06:57Z</time></trkpt><trkpt lat="58.05248" lon="38.78814"><ele>109.8</ele><time>2023-08-24T17:07:01Z</time></trkpt><trkpt lat="58.052528" lon="38.788263"><ele>110.3</ele><time>2023-08-24T17:07:08Z</time></trkpt><trkpt lat="58.052627" lon="38.788273"><ele>107.3</ele><time>2023-08-24T17:07:12Z</time></trkpt><trkpt lat="58.052712" lon="38.788265"><ele>106.4</ele><time>2023-08-24T17:07:14Z</time></trkpt><trkpt lat="58.052812" lon="38.788262"><ele>104.1</ele><time>2023-08-24T17:07:17Z</time></trkpt><trkpt lat="58.052897" lon="38.78828"><ele>105.7</ele><time>2023-08-24T17:07:20Z</time></trkpt><trkpt lat="58.052993" lon="38.788248"><ele>106.9</ele><time>2023-08-24T17:07:23Z</time></trkpt><trkpt lat="58.053067" lon="38.788233"><ele>106.6</ele><time>2023-08-24T17:07:25Z</time></trkpt><trkpt lat="58.053145" lon="38.788242"><ele>106.8</ele><time>2023-08-24T17:07:27Z</time></trkpt><trkpt lat="58.05324" lon="38.788277"><ele>106.6</ele><time>2023-08-24T17:07:30Z</time></trkpt><trkpt lat="58.053298" lon="38.788417"><ele>105.4</ele><time>2023-08-24T17:07:33Z</time></trkpt><trkpt lat="58.053335" lon="38.788588"><ele>107.2</ele><time>2023-08-24T17:07:36Z</time></trkpt><trkpt lat="58.053397" lon="38.788675"><ele>106.4</ele><time>2023-08-24T17:07:39Z</time></trkpt><trkpt lat="58.053478" lon="38.788665"><ele>106.6</ele><time>2023-08-24T17:07:41Z</time></trkpt><trkpt lat="58.053567" lon="38.788655"><ele>106.6</ele><time>2023-08-24T17:07:43Z</time></trkpt><trkpt lat="58.053658" lon="38.788652"><ele>106.5</ele><time>2023-08-24T17:07:45Z</time></trkpt><trkpt lat="58.053743" lon="38.788652"><ele>107.7</ele><time>2023-08-24T17:07:47Z</time></trkpt><trkpt lat="58.053823" lon="38.788663"><ele>106.3</ele><time>2023-08-24T17:07:49Z</time></trkpt><trkpt lat="58.053903" lon="38.788667"><ele>106.8</ele><time>2023-08-24T17:07:51Z</time></trkpt><trkpt lat="58.053987" lon="38.788663"><ele>107.5</ele><time>2023-08-24T17:07:53Z</time></trkpt><trkpt lat="58.05407" lon="38.788657"><ele>108.6</ele><time>2023-08-24T17:07:55Z</time></trkpt><trkpt lat="58.054148" lon="38.78865"><ele>107.5</ele><time>2023-08-24T17:07:57Z</time></trkpt><trkpt lat="58.054223" lon="38.788647"><ele>107.2</ele><time>2023-08-24T17:07:59Z</time></trkpt><trkpt lat="58.054332" lon="38.78865"><ele>105.9</ele><time>2023-08-24T17:08:02Z</time></trkpt><trkpt lat="58.05441" lon="38.788652"><ele>107.1</ele><time>2023-08-24T17:08:04Z</time></trkpt><trkpt lat="58.054505" lon="38.788658"><ele>105.8</ele><time>2023-08-24T17:08:07Z</time></trkpt><trkpt lat="58.054607" lon="38.788655"><ele>104.3</ele><time>2023-08-24T17:08:10Z</time></trkpt><trkpt lat="58.054685" lon="38.788645"><ele>105.6</ele><time>2023-08-24T17:08:12Z</time></trkpt><trkpt lat="58.054767" lon="38.788642"><ele>105.3</ele><time>2023-08-24T17:08:14Z</time></trkpt><trkpt lat="58.05487" lon="38.788682"><ele>106.3</ele><time>2023-08-24T17:08:17Z</time></trkpt><trkpt lat="58.054945" lon="38.788685"><ele>105.5</ele><time>2023-08-24T17:08:19Z</time></trkpt><trkpt lat="58.055028" lon="38.788665"><ele>105.9</ele><time>2023-08-24T17:08:21Z</time></trkpt><trkpt lat="58.055107" lon="38.788657"><ele>106.3</ele><time>2023-08-24T17:08:23Z</time></trkpt><trkpt lat="58.05518" lon="38.788657"><ele>105.5</ele><time>2023-08-24T17:08:25Z</time></trkpt><trkpt lat="58.055252" lon="38.788652"><ele>104.7</ele><time>2023-08-24T17:08:26Z</time></trkpt><trkpt lat="58.055352" lon="38.788652"><ele>102.9</ele><time>2023-08-24T17:08:29Z</time></trkpt><trkpt lat="58.055402" lon="38.788777"><ele>102.6</ele><time>2023-08-24T17:08:32Z</time></trkpt><trkpt lat="58.05539" lon="38.788943"><ele>102.9</ele><time>2023-08-24T17:08:34Z</time></trkpt><trkpt lat="58.055427" lon="38.789095"><ele>102.7</ele><time>2023-08-24T17:08:37Z</time></trkpt><trkpt lat="58.055507" lon="38.789223"><ele>102.2</ele><time>2023-08-24T17:08:40Z</time></trkpt><trkpt lat="58.055577" lon="38.78932"><ele>103.1</ele><time>2023-08-24T17:08:43Z</time></trkpt><trkpt lat="58.055667" lon="38.789372"><ele>102.2</ele><time>2023-08-24T17:08:46Z</time></trkpt><trkpt lat="58.055725" lon="38.789472"><ele>102.7</ele><time>2023-08-24T17:08:49Z</time></trkpt><trkpt lat="58.05581" lon="38.789598"><ele>103.4</ele><time>2023-08-24T17:08:52Z</time></trkpt><trkpt lat="58.055903" lon="38.789685"><ele>101.9</ele><time>2023-08-24T17:08:55Z</time></trkpt><trkpt lat="58.055993" lon="38.789777"><ele>102.7</ele><time>2023-08-24T17:08:59Z</time></trkpt><trkpt lat="58.056053" lon="38.789943"><ele>102.2</ele><time>2023-08-24T17:09:02Z</time></trkpt><trkpt lat="58.056082" lon="38.790075"><ele>102.6</ele><time>2023-08-24T17:09:04Z</time></trkpt><trkpt lat="58.05613" lon="38.79018"><ele>102.3</ele><time>2023-08-24T17:09:06Z</time></trkpt><trkpt lat="58.05621" lon="38.790243"><ele>103.2</ele><time>2023-08-24T17:09:08Z</time></trkpt><trkpt lat="58.056302" lon="38.790242"><ele>103.9</ele><time>2023-08-24T17:09:10Z</time></trkpt><trkpt lat="58.056395" lon="38.790243"><ele>103.9</ele><time>2023-08-24T17:09:12Z</time></trkpt><trkpt lat="58.056482" lon="38.790252"><ele>104.6</ele><time>2023-08-24T17:09:14Z</time></trkpt><trkpt lat="58.056575" lon="38.79027"><ele>106.4</ele><time>2023-08-24T17:09:17Z</time></trkpt><trkpt lat="58.05664" lon="38.790342"><ele>104.3</ele><time>2023-08-24T17:09:20Z</time></trkpt><trkpt lat="58.056678" lon="38.79049"><ele>104.6</ele><time>2023-08-24T17:09:23Z</time></trkpt><trkpt lat="58.056672" lon="38.79067"><ele>104.1</ele><time>2023-08-24T17:09:26Z</time></trkpt><trkpt lat="58.056655" lon="38.790862"><ele>103.9</ele><time>2023-08-24T17:09:29Z</time></trkpt><trkpt lat="58.056642" lon="38.790998"><ele>104.8</ele><time>2023-08-24T17:09:31Z</time></trkpt><trkpt lat="58.05663" lon="38.791198"><ele>105.9</ele><time>2023-08-24T17:09:34Z</time></trkpt><trkpt lat="58.056623" lon="38.79134"><ele>105.9</ele><time>2023-08-24T17:09:36Z</time></trkpt><trkpt lat="58.05661" lon="38.791475"><ele>107.3</ele><time>2023-08-24T17:09:38Z</time></trkpt><trkpt lat="58.056593" lon="38.791675"><ele>107.8</ele><time>2023-08-24T17:09:41Z</time></trkpt><trkpt lat="58.05658" lon="38.79182"><ele>105.2</ele><time>2023-08-24T17:09:43Z</time></trkpt><trkpt lat="58.056567" lon="38.791973"><ele>104.2</ele><time>2023-08-24T17:09:45Z</time></trkpt><trkpt lat="58.05656" lon="38.792123"><ele>104.4</ele><time>2023-08-24T17:09:47Z</time></trkpt><trkpt lat="58.05656" lon="38.79227"><ele>107.9</ele><time>2023-08-24T17:09:49Z</time></trkpt><trkpt lat="58.056557" lon="38.792418"><ele>108.3</ele><time>2023-08-24T17:09:51Z</time></trkpt><trkpt lat="58.056555" lon="38.792607"><ele>107.6</ele><time>2023-08-24T17:09:54Z</time></trkpt><trkpt lat="58.05657" lon="38.792777"><ele>105.8</ele><time>2023-08-24T17:09:57Z</time></trkpt><trkpt lat="58.05657" lon="38.792927"><ele>104.8</ele><time>2023-08-24T17:09:59Z</time></trkpt><trkpt lat="58.056557" lon="38.793062"><ele>102.7</ele><time>2023-08-24T17:10:01Z</time></trkpt><trkpt lat="58.056533" lon="38.793213"><ele>101.6</ele><time>2023-08-24T17:10:03Z</time></trkpt><trkpt lat="58.0565" lon="38.793403"><ele>102.1</ele><time>2023-08-24T17:10:06Z</time></trkpt><trkpt lat="58.056482" lon="38.793562"><ele>101.8</ele><time>2023-08-24T17:10:08Z</time></trkpt><trkpt lat="58.05646" lon="38.793737"><ele>102.7</ele><time>2023-08-24T17:10:10Z</time></trkpt><trkpt lat="58.056452" lon="38.793893"><ele>104.3</ele><time>2023-08-24T17:10:12Z</time></trkpt><trkpt lat="58.056455" lon="38.794042"><ele>105.6</ele><time>2023-08-24T17:10:14Z</time></trkpt><trkpt lat="58.056447" lon="38.794208"><ele>104.9</ele><time>2023-08-24T17:10:16Z</time></trkpt><trkpt lat="58.05644" lon="38.794365"><ele>103.7</ele><time>2023-08-24T17:10:18Z</time></trkpt><trkpt lat="58.056428" lon="38.794523"><ele>104.3</ele><time>2023-08-24T17:10:20Z</time></trkpt><trkpt lat="58.056413" lon="38.794685"><ele>102.4</ele><time>2023-08-24T17:10:22Z</time></trkpt><trkpt lat="58.056402" lon="38.794838"><ele>101.7</ele><time>2023-08-24T17:10:24Z</time></trkpt><trkpt lat="58.056397" lon="38.794973"><ele>102.1</ele><time>2023-08-24T17:10:26Z</time></trkpt><trkpt lat="58.056393" lon="38.795122"><ele>103.0</ele><time>2023-08-24T17:10:28Z</time></trkpt><trkpt lat="58.056392" lon="38.795278"><ele>104.8</ele><time>2023-08-24T17:10:30Z</time></trkpt><trkpt lat="58.056385" lon="38.795437"><ele>105.6</ele><time>2023-08-24T17:10:32Z</time></trkpt><trkpt lat="58.056382" lon="38.795588"><ele>105.7</ele><time>2023-08-24T17:10:34Z</time></trkpt><trkpt lat="58.056377" lon="38.795742"><ele>106.4</ele><time>2023-08-24T17:10:36Z</time></trkpt><trkpt lat="58.056368" lon="38.795907"><ele>105.9</ele><time>2023-08-24T17:10:38Z</time></trkpt><trkpt lat="58.056362" lon="38.796065"><ele>106.8</ele><time>2023-08-24T17:10:40Z</time></trkpt><trkpt lat="58.056345" lon="38.796235"><ele>105.7</ele><time>2023-08-24T17:10:42Z</time></trkpt><trkpt lat="58.056332" lon="38.796398"><ele>103.5</ele><time>2023-08-24T17:10:44Z</time></trkpt><trkpt lat="58.056327" lon="38.796568"><ele>103.4</ele><time>2023-08-24T17:10:46Z</time></trkpt><trkpt lat="58.05632" lon="38.79673"><ele>105.7</ele><time>2023-08-24T17:10:48Z</time></trkpt><trkpt lat="58.056317" lon="38.796882"><ele>106.8</ele><time>2023-08-24T17:10:50Z</time></trkpt><trkpt lat="58.056313" lon="38.797037"><ele>109.2</ele><time>2023-08-24T17:10:52Z</time></trkpt><trkpt lat="58.056305" lon="38.797193"><ele>109.7</ele><time>2023-08-24T17:10:54Z</time></trkpt><trkpt lat="58.056293" lon="38.797335"><ele>109.3</ele><time>2023-08-24T17:10:56Z</time></trkpt><trkpt lat="58.056282" lon="38.79751"><ele>108.5</ele><time>2023-08-24T17:10:59Z</time></trkpt><trkpt lat="58.056303" lon="38.797672"><ele>109.1</ele><time>2023-08-24T17:11:03Z</time></trkpt><trkpt lat="58.056317" lon="38.797825"><ele>109.5</ele><time>2023-08-24T17:11:06Z</time></trkpt><trkpt lat="58.056293" lon="38.797993"><ele>109.7</ele><time>2023-08-24T17:11:09Z</time></trkpt><trkpt lat="58.056283" lon="38.798142"><ele>106.8</ele><time>2023-08-24T17:11:12Z</time></trkpt><trkpt lat="58.056243" lon="38.798335"><ele>105.3</ele><time>2023-08-24T17:11:15Z</time></trkpt><trkpt lat="58.056225" lon="38.798472"><ele>109.0</ele><time>2023-08-24T17:11:17Z</time></trkpt><trkpt lat="58.056198" lon="38.798657"><ele>109.0</ele><time>2023-08-24T17:11:20Z</time></trkpt><trkpt lat="58.056177" lon="38.798803"><ele>109.1</ele><time>2023-08-24T17:11:24Z</time></trkpt><trkpt lat="58.056155" lon="38.798983"><ele>109.3</ele><time>2023-08-24T17:11:28Z</time></trkpt><trkpt lat="58.056133" lon="38.799158"><ele>109.5</ele><time>2023-08-24T17:11:31Z</time></trkpt><trkpt lat="58.056112" lon="38.799353"><ele>109.3</ele><time>2023-08-24T17:11:34Z</time></trkpt><trkpt lat="58.05611" lon="38.799553"><ele>109.3</ele><time>2023-08-24T17:11:37Z</time></trkpt><trkpt lat="58.056102" lon="38.799738"><ele>109.1</ele><time>2023-08-24T17:11:40Z</time></trkpt><trkpt lat="58.056103" lon="38.79988"><ele>108.0</ele><time>2023-08-24T17:11:43Z</time></trkpt><trkpt lat="58.056095" lon="38.80006"><ele>107.6</ele><time>2023-08-24T17:11:46Z</time></trkpt><trkpt lat="58.056093" lon="38.8002"><ele>106.8</ele><time>2023-08-24T17:11:48Z</time></trkpt><trkpt lat="58.056085" lon="38.800388"><ele>106.5</ele><time>2023-08-24T17:11:51Z</time></trkpt><trkpt lat="58.056073" lon="38.800585"><ele>105.9</ele><time>2023-08-24T17:11:54Z</time></trkpt><trkpt lat="58.05606" lon="38.80073"><ele>105.7</ele><time>2023-08-24T17:11:56Z</time></trkpt><trkpt lat="58.056047" lon="38.800863"><ele>106.6</ele><time>2023-08-24T17:11:58Z</time></trkpt><trkpt lat="58.056035" lon="38.800998"><ele>106.1</ele><time>2023-08-24T17:12:00Z</time></trkpt><trkpt lat="58.056025" lon="38.801143"><ele>106.1</ele><time>2023-08-24T17:12:02Z</time></trkpt><trkpt lat="58.056017" lon="38.801292"><ele>105.4</ele><time>2023-08-24T17:12:04Z</time></trkpt><trkpt lat="58.05601" lon="38.801437"><ele>105.1</ele><time>2023-08-24T17:12:06Z</time></trkpt><trkpt lat="58.055998" lon="38.801577"><ele>105.1</ele><time>2023-08-24T17:12:08Z</time></trkpt><trkpt lat="58.055988" lon="38.801782"><ele>105.6</ele><time>2023-08-24T17:12:11Z</time></trkpt><trkpt lat="58.055978" lon="38.80192"><ele>105.7</ele><time>2023-08-24T17:12:13Z</time></trkpt><trkpt lat="58.055965" lon="38.80211"><ele>105.8</ele><time>2023-08-24T17:12:16Z</time></trkpt><trkpt lat="58.055955" lon="38.802268"><ele>106.2</ele><time>2023-08-24T17:12:19Z</time></trkpt><trkpt lat="58.055937" lon="38.802468"><ele>106.0</ele><time>2023-08-24T17:12:22Z</time></trkpt><trkpt lat="58.055922" lon="38.802607"><ele>105.8</ele><time>2023-08-24T17:12:24Z</time></trkpt><trkpt lat="58.055907" lon="38.802747"><ele>105.9</ele><time>2023-08-24T17:12:26Z</time></trkpt><trkpt lat="58.055893" lon="38.802882"><ele>106.2</ele><time>2023-08-24T17:12:28Z</time></trkpt><trkpt lat="58.055882" lon="38.80308"><ele>105.7</ele><time>2023-08-24T17:12:31Z</time></trkpt><trkpt lat="58.055872" lon="38.803267"><ele>105.4</ele><time>2023-08-24T17:12:34Z</time></trkpt><trkpt lat="58.055858" lon="38.803408"><ele>105.9</ele><time>2023-08-24T17:12:36Z</time></trkpt><trkpt lat="58.055847" lon="38.803573"><ele>106.6</ele><time>2023-08-24T17:12:38Z</time></trkpt><trkpt lat="58.055835" lon="38.803717"><ele>106.6</ele><time>2023-08-24T17:12:40Z</time></trkpt><trkpt lat="58.055822" lon="38.803865"><ele>105.9</ele><time>2023-08-24T17:12:43Z</time></trkpt><trkpt lat="58.05581" lon="38.803998"><ele>105.5</ele><time>2023-08-24T17:12:46Z</time></trkpt><trkpt lat="58.055798" lon="38.80416"><ele>103.0</ele><time>2023-08-24T17:12:50Z</time></trkpt><trkpt lat="58.055872" lon="38.804177"><ele>104.0</ele><time>2023-08-24T17:13:23Z</time></trkpt><trkpt lat="58.055948" lon="38.804228"><ele>103.6</ele><time>2023-08-24T17:13:28Z</time></trkpt><trkpt lat="58.056028" lon="38.804247"><ele>104.1</ele><time>2023-08-24T17:13:32Z</time></trkpt><trkpt lat="58.056108" lon="38.804242"><ele>105.0</ele><time>2023-08-24T17:13:39Z</time></trkpt><trkpt lat="58.056173" lon="38.804145"><ele>105.6</ele><time>2023-08-24T17:13:43Z</time></trkpt><trkpt lat="58.056227" lon="38.804037"><ele>106.4</ele><time>2023-08-24T17:13:46Z</time></trkpt><trkpt lat="58.056265" lon="38.803915"><ele>104.8</ele><time>2023-08-24T17:13:49Z</time></trkpt><trkpt lat="58.056302" lon="38.803765"><ele>104.7</ele><time>2023-08-24T17:13:53Z</time></trkpt><trkpt lat="58.056337" lon="38.803613"><ele>104.5</ele><time>2023-08-24T17:13:56Z</time></trkpt><trkpt lat="58.056413" lon="38.803487"><ele>105.3</ele><time>2023-08-24T17:13:59Z</time></trkpt><trkpt lat="58.056485" lon="38.80344"><ele>104.8</ele><time>2023-08-24T17:14:01Z</time></trkpt><trkpt lat="58.056568" lon="38.803435"><ele>104.7</ele><time>2023-08-24T17:14:03Z</time></trkpt><trkpt lat="58.056655" lon="38.80344"><ele>104.2</ele><time>2023-08-24T17:14:05Z</time></trkpt><trkpt lat="58.056733" lon="38.803452"><ele>104.1</ele><time>2023-08-24T17:14:07Z</time></trkpt><trkpt lat="58.056815" lon="38.803468"><ele>104.4</ele><time>2023-08-24T17:14:09Z</time></trkpt><trkpt lat="58.056895" lon="38.803488"><ele>104.2</ele><time>2023-08-24T17:14:11Z</time></trkpt><trkpt lat="58.056973" lon="38.80351"><ele>103.9</ele><time>2023-08-24T17:14:13Z</time></trkpt><trkpt lat="58.057047" lon="38.803528"><ele>104.0</ele><time>2023-08-24T17:14:15Z</time></trkpt><trkpt lat="58.057122" lon="38.803555"><ele>103.5</ele><time>2023-08-24T17:14:17Z</time></trkpt><trkpt lat="58.057225" lon="38.803593"><ele>102.7</ele><time>2023-08-24T17:14:20Z</time></trkpt><trkpt lat="58.05732" lon="38.803635"><ele>101.6</ele><time>2023-08-24T17:14:23Z</time></trkpt><trkpt lat="58.057413" lon="38.803673"><ele>101.1</ele><time>2023-08-24T17:14:26Z</time></trkpt><trkpt lat="58.057518" lon="38.803693"><ele>101.0</ele><time>2023-08-24T17:14:29Z</time></trkpt><trkpt lat="58.057617" lon="38.803707"><ele>100.2</ele><time>2023-08-24T17:14:32Z</time></trkpt><trkpt lat="58.057707" lon="38.803725"><ele>101.0</ele><time>2023-08-24T17:14:35Z</time></trkpt><trkpt lat="58.057792" lon="38.803735"><ele>101.9</ele><time>2023-08-24T17:14:38Z</time></trkpt><trkpt lat="58.057887" lon="38.80376"><ele>101.3</ele><time>2023-08-24T17:14:41Z</time></trkpt><trkpt lat="58.057983" lon="38.803763"><ele>101.8</ele><time>2023-08-24T17:14:44Z</time></trkpt><trkpt lat="58.05806" lon="38.803755"><ele>103.2</ele><time>2023-08-24T17:14:46Z</time></trkpt><trkpt lat="58.058158" lon="38.80374"><ele>103.6</ele><time>2023-08-24T17:14:49Z</time></trkpt><trkpt lat="58.058235" lon="38.803745"><ele>103.5</ele><time>2023-08-24T17:14:51Z</time></trkpt><trkpt lat="58.05833" lon="38.803742"><ele>103.8</ele><time>2023-08-24T17:14:53Z</time></trkpt><trkpt lat="58.058413" lon="38.803742"><ele>103.3</ele><time>2023-08-24T17:14:55Z</time></trkpt><trkpt lat="58.05849" lon="38.803768"><ele>102.9</ele><time>2023-08-24T17:14:57Z</time></trkpt><trkpt lat="58.058593" lon="38.803803"><ele>103.3</ele><time>2023-08-24T17:15:00Z</time></trkpt><trkpt lat="58.058698" lon="38.803823"><ele>103.2</ele><time>2023-08-24T17:15:03Z</time></trkpt><trkpt lat="58.05877" lon="38.80383"><ele>103.1</ele><time>2023-08-24T17:15:05Z</time></trkpt><trkpt lat="58.05887" lon="38.803878"><ele>102.7</ele><time>2023-08-24T17:15:08Z</time></trkpt><trkpt lat="58.058937" lon="38.803942"><ele>103.0</ele><time>2023-08-24T17:15:12Z</time></trkpt><trkpt lat="58.059" lon="38.804022"><ele>102.9</ele><time>2023-08-24T17:15:16Z</time></trkpt><trkpt lat="58.059078" lon="38.804117"><ele>103.2</ele><time>2023-08-24T17:15:20Z</time></trkpt><trkpt lat="58.059157" lon="38.804185"><ele>103.6</ele><time>2023-08-24T17:15:23Z</time></trkpt><trkpt lat="58.059217" lon="38.804297"><ele>104.4</ele><time>2023-08-24T17:15:26Z</time></trkpt><trkpt lat="58.059307" lon="38.804373"><ele>104.5</ele><time>2023-08-24T17:15:29Z</time></trkpt><trkpt lat="58.059358" lon="38.804488"><ele>104.2</ele><time>2023-08-24T17:15:32Z</time></trkpt><trkpt lat="58.059405" lon="38.804592"><ele>104.7</ele><time>2023-08-24T17:15:35Z</time></trkpt><trkpt lat="58.059495" lon="38.804583"><ele>105.0</ele><time>2023-08-24T17:15:38Z</time></trkpt><trkpt lat="58.05959" lon="38.804592"><ele>105.6</ele><time>2023-08-24T17:15:40Z</time></trkpt><trkpt lat="58.059695" lon="38.804587"><ele>105.6</ele><time>2023-08-24T17:15:43Z</time></trkpt><trkpt lat="58.059798" lon="38.804593"><ele>105.0</ele><time>2023-08-24T17:15:46Z</time></trkpt><trkpt lat="58.059902" lon="38.804585"><ele>105.4</ele><time>2023-08-24T17:15:49Z</time></trkpt><trkpt lat="58.06" lon="38.804617"><ele>104.9</ele><time>2023-08-24T17:15:52Z</time></trkpt><trkpt lat="58.060085" lon="38.80465"><ele>105.3</ele><time>2023-08-24T17:15:55Z</time></trkpt><trkpt lat="58.060168" lon="38.804673"><ele>104.6</ele><time>2023-08-24T17:15:58Z</time></trkpt><trkpt lat="58.060245" lon="38.804718"><ele>104.1</ele><time>2023-08-24T17:16:01Z</time></trkpt><trkpt lat="58.060317" lon="38.804787"><ele>103.6</ele><time>2023-08-24T17:16:05Z</time></trkpt><trkpt lat="58.060397" lon="38.804843"><ele>103.3</ele><time>2023-08-24T17:16:09Z</time></trkpt><trkpt lat="58.060482" lon="38.80486"><ele>102.9</ele><time>2023-08-24T17:16:13Z</time></trkpt><trkpt lat="58.06053" lon="38.804988"><ele>103.7</ele><time>2023-08-24T17:16:20Z</time></trkpt><trkpt lat="58.060607" lon="38.805028"><ele>106.1</ele><time>2023-08-24T17:16:45Z</time></trkpt><trkpt lat="58.060683" lon="38.80497"><ele>105.7</ele><time>2023-08-24T17:16:48Z</time></trkpt><trkpt lat="58.060788" lon="38.804883"><ele>105.8</ele><time>2023-08-24T17:16:52Z</time></trkpt><trkpt lat="58.060748" lon="38.805"><ele>106.2</ele><time>2023-08-24T17:17:03Z</time></trkpt><trkpt lat="58.060698" lon="38.805108"><ele>107.1</ele><time>2023-08-24T17:17:06Z</time></trkpt><trkpt lat="58.060677" lon="38.805303"><ele>107.5</ele><time>2023-08-24T17:17:09Z</time></trkpt><trkpt lat="58.060665" lon="38.805442"><ele>109.7</ele><time>2023-08-24T17:17:11Z</time></trkpt><trkpt lat="58.06065" lon="38.805588"><ele>110.4</ele><time>2023-08-24T17:17:13Z</time></trkpt><trkpt lat="58.060628" lon="38.805725"><ele>111.2</ele><time>2023-08-24T17:17:15Z</time></trkpt><trkpt lat="58.060598" lon="38.80585"><ele>111.1</ele><time>2023-08-24T17:17:17Z</time></trkpt><trkpt lat="58.06057" lon="38.806022"><ele>111.8</ele><time>2023-08-24T17:17:20Z</time></trkpt><trkpt lat="58.060562" lon="38.806175"><ele>112.4</ele><time>2023-08-24T17:17:23Z</time></trkpt><trkpt lat="58.060552" lon="38.80631"><ele>112.4</ele><time>2023-08-24T17:17:26Z</time></trkpt><trkpt lat="58.060543" lon="38.806475"><ele>109.6</ele><time>2023-08-24T17:17:30Z</time></trkpt><trkpt lat="58.060512" lon="38.806607"><ele>108.3</ele><time>2023-08-24T17:17:33Z</time></trkpt><trkpt lat="58.060502" lon="38.806752"><ele>107.6</ele><time>2023-08-24T17:17:36Z</time></trkpt><trkpt lat="58.060483" lon="38.806925"><ele>107.2</ele><time>2023-08-24T17:17:40Z</time></trkpt><trkpt lat="58.060467" lon="38.807063"><ele>108.5</ele><time>2023-08-24T17:17:43Z</time></trkpt><trkpt lat="58.060462" lon="38.807247"><ele>108.5</ele><time>2023-08-24T17:17:46Z</time></trkpt><trkpt lat="58.060448" lon="38.807382"><ele>108.7</ele><time>2023-08-24T17:17:48Z</time></trkpt><trkpt lat="58.060427" lon="38.80754"><ele>108.7</ele><time>2023-08-24T17:17:50Z</time></trkpt><trkpt lat="58.060418" lon="38.807692"><ele>108.1</ele><time>2023-08-24T17:17:52Z</time></trkpt><trkpt lat="58.060387" lon="38.80786"><ele>108.5</ele><time>2023-08-24T17:17:55Z</time></trkpt><trkpt lat="58.060298" lon="38.807865"><ele>108.9</ele><time>2023-08-24T17:17:58Z</time></trkpt><trkpt lat="58.060192" lon="38.807813"><ele>107.5</ele><time>2023-08-24T17:18:01Z</time></trkpt><trkpt lat="58.060122" lon="38.807778"><ele>107.1</ele><time>2023-08-24T17:18:03Z</time></trkpt><trkpt lat="58.060043" lon="38.807752"><ele>106.9</ele><time>2023-08-24T17:18:05Z</time></trkpt><trkpt lat="58.059972" lon="38.807718"><ele>106.1</ele><time>2023-08-24T17:18:07Z</time></trkpt><trkpt lat="58.059872" lon="38.807698"><ele>106.2</ele><time>2023-08-24T17:18:10Z</time></trkpt><trkpt lat="58.0598" lon="38.80769"><ele>106.8</ele><time>2023-08-24T17:18:12Z</time></trkpt><trkpt lat="58.059722" lon="38.80768"><ele>105.8</ele><time>2023-08-24T17:18:14Z</time></trkpt><trkpt lat="58.059648" lon="38.807653"><ele>106.0</ele><time>2023-08-24T17:18:16Z</time></trkpt><trkpt lat="58.059575" lon="38.807637"><ele>105.8</ele><time>2023-08-24T17:18:18Z</time></trkpt><trkpt lat="58.059472" lon="38.807615"><ele>105.0</ele><time>2023-08-24T17:18:21Z</time></trkpt><trkpt lat="58.059378" lon="38.807587"><ele>105.2</ele><time>2023-08-24T17:18:24Z</time></trkpt><trkpt lat="58.0593" lon="38.80759"><ele>104.6</ele><time>2023-08-24T17:18:27Z</time></trkpt><trkpt lat="58.059227" lon="38.807583"><ele>105.0</ele><time>2023-08-24T17:18:30Z</time></trkpt><trkpt lat="58.059145" lon="38.807583"><ele>105.5</ele><time>2023-08-24T17:18:33Z</time></trkpt><trkpt lat="58.059068" lon="38.807562"><ele>105.8</ele><time>2023-08-24T17:18:36Z</time></trkpt><trkpt lat="58.058987" lon="38.80754"><ele>106.0</ele><time>2023-08-24T17:18:39Z</time></trkpt><trkpt lat="58.05892" lon="38.80748"><ele>106.4</ele><time>2023-08-24T17:18:41Z</time></trkpt><trkpt lat="58.058828" lon="38.807405"><ele>106.0</ele><time>2023-08-24T17:18:44Z</time></trkpt><trkpt lat="58.058745" lon="38.807387"><ele>105.8</ele><time>2023-08-24T17:18:47Z</time></trkpt><trkpt lat="58.05869" lon="38.807477"><ele>105.9</ele><time>2023-08-24T17:18:53Z</time></trkpt></trkseg></trk></gpx>