<?xml version="1.0" encoding="UTF-8" standalone="no"?><gpx xmlns="http://www.topografix.com/GPX/1/1" xmlns:gpxtpx="http://www.garmin.com/xmlschemas/TrackPointExtension/v1" xmlns:xsi="http://www.w3.org/2001/XMLSchema-instance" creator="Sports Tracker" version="1.1" xsi:schemaLocation="http://www.topografix.com/GPX/1/1 http://www.topografix.com/GPX/1/1/gpx.xsd http://www.garmin.com/xmlschemas/TrackPointExtension/v1 http://www.garmin.com/xmlschemas/TrackPointExtensionv1.xsd"><metadata><name/><desc/><author><name>Александр</name></author></metadata><trk><name/><trkseg><trkpt lat="57.99344" lon="38.87909"><ele>121.0</ele><time>2021-10-10T10:20:09Z</time><extensions><gpxtpx:TrackPointExtension><gpxtpx:hr>81</gpxtpx:hr></gpxtpx:TrackPointExtension></extensions></trkpt><trkpt lat="57.993442" lon="38.879097"><ele>121.0</ele><time>2021-10-10T10:20:10Z</time><extensions><gpxtpx:TrackPointExtension><gpxtpx:hr>81</gpxtpx:hr></gpxtpx:TrackPointExtension></extensions></trkpt><trkpt lat="57.993453" lon="38.879115"><ele>121.0</ele><time>2021-10-10T10:20:11Z</time><extensions><gpxtpx:TrackPointExtension><gpxtpx:hr>81</gpxtpx:hr></gpxtpx:TrackPointExtension></extensions></trkpt><trkpt lat="57.993465" lon="38.879142"><ele>121.0</ele><time>2021-10-10T10:20:12Z</time><extensions><gpxtpx:TrackPointExtension><gpxtpx:hr>81</gpxtpx:hr></gpxtpx:TrackPointExtension></extensions></trkpt><trkpt lat="57.993483" lon="38.879172"><ele>121.0</ele><time>2021-10-10T10:20:13Z</time><extensions><gpxtpx:TrackPointExtension><gpxtpx:hr>81</gpxtpx:hr></gpxtpx:TrackPointExtension></extensions></trkpt><trkpt lat="57.993503" lon="38.879203"><ele>121.0</ele><time>2021-10-10T10:20:14Z</time><extensions><gpxtpx:TrackPointExtension><gpxtpx:hr>81</gpxtpx:hr></gpxtpx:TrackPointExtension></extensions></trkpt><trkpt lat="57.993522" lon="38.87924"><ele>121.0</ele><time>2021-10-10T10:20:15Z</time><extensions><gpxtpx:TrackPointExtension><gpxtpx:hr>81</gpxtpx:hr></gpxtpx:TrackPointExtension></extensions></trkpt><trkpt lat="57.993545" lon="38.879272"><ele>121.0</ele><time>2021-10-10T10:20:16Z</time><extensions><gpxtpx:TrackPointExtension><gpxtpx:hr>81</gpxtpx:hr></gpxtpx:TrackPointExtension></extensions></trkpt><trkpt lat="57.99357" lon="38.879307"><ele>121.0</ele><time>2021-10-10T10:20:17Z</time><extensions><gpxtpx:TrackPointExtension><gpxtpx:hr>81</gpxtpx:hr></gpxtpx:TrackPointExtension></extensions></trkpt><trkpt lat="57.99359" lon="38.87934"><ele>121.0</ele><time>2021-10-10T10:20:18Z</time><extensions><gpxtpx:TrackPointExtension><gpxtpx:hr>81</gpxtpx:hr></gpxtpx:TrackPointExtension></extensions></trkpt><trkpt lat="57.993613" lon="38.879375"><ele>121.0</ele><time>2021-10-10T10:20:19Z</time><extensions><gpxtpx:TrackPointExtension><gpxtpx:hr>81</gpxtpx:hr></gpxtpx:TrackPointExtension></extensions></trkpt><trkpt lat="57.993637" lon="38.87941"><ele>121.0</ele><time>2021-10-10T10:20:20Z</time><extensions><gpxtpx:TrackPointExtension><gpxtpx:hr>81</gpxtpx:hr></gpxtpx:TrackPointExtension></extensions></trkpt><trkpt lat="57.99366" lon="38.87944"><ele>121.0</ele><time>2021-10-10T10:20:21Z</time><extensions><gpxtpx:TrackPointExtension><gpxtpx:hr>81</gpxtpx:hr></gpxtpx:TrackPointExtension></extensions></trkpt><trkpt lat="57.993687" lon="38.87947"><ele>121.0</ele><time>2021-10-10T10:20:22Z</time><extensions><gpxtpx:TrackPointExtension><gpxtpx:hr>81</gpxtpx:hr></gpxtpx:TrackPointExtension></extensions></trkpt><trkpt lat="57.993712" lon="38.8795"><ele>121.0</ele><time>2021-10-10T10:20:23Z</time><extensions><gpxtpx:TrackPointExtension><gpxtpx:hr>81</gpxtpx:hr></gpxtpx:TrackPointExtension></extensions></trkpt><trkpt lat="57.99374" lon="38.87953"><ele>121.0</ele><time>2021-10-10T10:20:24Z</time><extensions><gpxtpx:TrackPointExtension><gpxtpx:hr>81</gpxtpx:hr></gpxtpx:TrackPointExtension></extensions></trkpt><trkpt lat="57.993767" lon="38.879562"><ele>121.0</ele><time>2021-10-10T10:20:25Z</time><extensions><gpxtpx:TrackPointExtension><gpxtpx:hr>81</gpxtpx:hr></gpxtpx:TrackPointExtension></extensions></trkpt><trkpt lat="57.993797" lon="38.879585"><ele>121.0</ele><time>2021-10-10T10:20:26Z</time><extensions><gpxtpx:TrackPointExtension><gpxtpx:hr>81</gpxtpx:hr></gpxtpx:TrackPointExtension></extensions></trkpt><trkpt lat="57.993823" lon="38.8796"><ele>121.0</ele><time>2021-10-10T10:20:27Z</time><extensions><gpxtpx:TrackPointExtension><gpxtpx:hr>81</gpxtpx:hr></gpxtpx:TrackPointExtension></extensions></trkpt><trkpt lat="57.99385" lon="38.8796"><ele>121.0</ele><time>2021-10-10T10:20:28Z</time><extensions><gpxtpx:TrackPointExtension><gpxtpx:hr>81</gpxtpx:hr></gpxtpx:TrackPointExtension></extensions></trkpt><trkpt lat="57.993873" lon="38.879578"><ele>121.0</ele><time>2021-10-10T10:20:29Z</time><extensions><gpxtpx:TrackPointExtension><gpxtpx:hr>81</gpxtpx:hr></gpxtpx:TrackPointExtension></extensions></trkpt><trkpt lat="57.993892" lon="38.87955"><ele>121.0</ele><time>2021-10-10T10:20:30Z</time><extensions><gpxtpx:TrackPointExtension><gpxtpx:hr>81</gpxtpx:hr></gpxtpx:TrackPointExtension></extensions></trkpt><trkpt lat="57.993907" lon="38.879512"><ele>121.0</ele><time>2021-10-10T10:20:31Z</time><extensions><gpxtpx:TrackPointExtension><gpxtpx:hr>81</gpxtpx:hr></gpxtpx:TrackPointExtension></extensions></trkpt><trkpt lat="57.993922" lon="38.879475"><ele>121.0</ele><time>2021-10-10T10:20:32Z</time><extensions><gpxtpx:TrackPointExtension><gpxtpx:hr>81</gpxtpx:hr></gpxtpx:TrackPointExtension></extensions></trkpt><trkpt lat="57.993935" lon="38.87944"><ele>121.0</ele><time>2021-10-10T10:20:33Z</time><extensions><gpxtpx:TrackPointExtension><gpxtpx:hr>81</gpxtpx:hr></gpxtpx:TrackPointExtension></extensions></trkpt><trkpt lat="57.993945" lon="38.879405"><ele>121.0</ele><time>2021-10-10T10:20:34Z</time><extensions><gpxtpx:TrackPointExtension><gpxtpx:hr>81</gpxtpx:hr></gpxtpx:TrackPointExtension></extensions></trkpt><trkpt lat="57.993953" lon="38.87938"><ele>121.0</ele><time>2021-10-10T10:20:35Z</time><extensions><gpxtpx:TrackPointExtension><gpxtpx:hr>81</gpxtpx:hr></gpxtpx:TrackPointExtension></extensions></trkpt><trkpt lat="57.99396" lon="38.87935"><ele>121.0</ele><time>2021-10-10T10:20:36Z</time><extensions><gpxtpx:TrackPointExtension><gpxtpx:hr>81</gpxtpx:hr></gpxtpx:TrackPointExtension></extensions></trkpt><trkpt lat="57.993965" lon="38.879325"><ele>121.0</ele><time>2021-10-10T10:20:37Z</time><extensions><gpxtpx:TrackPointExtension><gpxtpx:hr>82</gpxtpx:hr></gpxtpx:TrackPointExtension></extensions></trkpt><trkpt lat="57.99397" lon="38.879307"><ele>121.0</ele><time>2021-10-10T10:20:38Z</time><extensions><gpxtpx:TrackPointExtension><gpxtpx:hr>82</gpxtpx:hr></gpxtpx:TrackPointExtension></extensions></trkpt><trkpt lat="57.993977" lon="38.879287"><ele>121.0</ele><time>2021-10-10T10:20:39Z</time><extensions><gpxtpx:TrackPointExtension><gpxtpx:hr>82</gpxtpx:hr></gpxtpx:TrackPointExtension></extensions></trkpt><trkpt lat="57.99398" lon="38.879275"><ele>121.0</ele><time>2021-10-10T10:20:40Z</time><extensions><gpxtpx:TrackPointExtension><gpxtpx:hr>81</gpxtpx:hr></gpxtpx:TrackPointExtension></extensions></trkpt><trkpt lat="57.993983" lon="38.879265"><ele>121.0</ele><time>2021-10-10T10:20:41Z</time><extensions><gpxtpx:TrackPointExtension><gpxtpx:hr>80</gpxtpx:hr></gpxtpx:TrackPointExtension></extensions></trkpt><trkpt lat="57.993987" lon="38.879257"><ele>121.0</ele><time>2021-10-10T10:20:42Z</time><extensions><gpxtpx:TrackPointExtension><gpxtpx:hr>80</gpxtpx:hr></gpxtpx:TrackPointExtension></extensions></trkpt><trkpt lat="57.99399" lon="38.87925"><ele>121.0</ele><time>2021-10-10T10:20:43Z</time><extensions><gpxtpx:TrackPointExtension><gpxtpx:hr>78</gpxtpx:hr></gpxtpx:TrackPointExtension></extensions></trkpt><trkpt lat="57.99399" lon="38.879245"><ele>121.0</ele><time>2021-10-10T10:20:44Z</time><extensions><gpxtpx:TrackPointExtension><gpxtpx:hr>78</gpxtpx:hr></gpxtpx:TrackPointExtension></extensions></trkpt><trkpt lat="57.993995" lon="38.87924"><ele>121.0</ele><time>2021-10-10T10:20:46Z</time><extensions><gpxtpx:TrackPointExtension><gpxtpx:hr>79</gpxtpx:hr></gpxtpx:TrackPointExtension></extensions></trkpt><trkpt lat="57.994" lon="38.87923"><ele>121.0</ele><time>2021-10-10T10:20:46Z</time><extensions><gpxtpx:TrackPointExtension><gpxtpx:hr>79</gpxtpx:hr></gpxtpx:TrackPointExtension></extensions></trkpt><trkpt lat="57.994007" lon="38.879207"><ele>121.0</ele><time>2021-10-10T10:20:49Z</time><extensions><gpxtpx:TrackPointExtension><gpxtpx:hr>79</gpxtpx:hr></gpxtpx:TrackPointExtension></extensions></trkpt><trkpt lat="57.994007" lon="38.879203"><ele>121.0</ele><time>2021-10-10T10:20:50Z</time><extensions><gpxtpx:TrackPointExtension><gpxtpx:hr>80</gpxtpx:hr></gpxtpx:TrackPointExtension></extensions></trkpt><trkpt lat="57.994007" lon="38.879195"><ele>121.0</ele><time>2021-10-10T10:20:51Z</time><extensions><gpxtpx:TrackPointExtension><gpxtpx:hr>80</gpxtpx:hr></gpxtpx:TrackPointExtension></extensions></trkpt><trkpt lat="57.99401" lon="38.879185"><ele>121.0</ele><time>2021-10-10T10:20:52Z</time><extensions><gpxtpx:TrackPointExtension><gpxtpx:hr>79</gpxtpx:hr></gpxtpx:TrackPointExtension></extensions></trkpt><trkpt lat="57.994015" lon="38.879165"><ele>121.0</ele><time>2021-10-10T10:20:53Z</time><extensions><gpxtpx:TrackPointExtension><gpxtpx:hr>79</gpxtpx:hr></gpxtpx:TrackPointExtension></extensions></trkpt><trkpt lat="57.99402" lon="38.879147"><ele>121.0</ele><time>2021-10-10T10:20:54Z</time><extensions><gpxtpx:TrackPointExtension><gpxtpx:hr>79</gpxtpx:hr></gpxtpx:TrackPointExtension></extensions></trkpt><trkpt lat="57.994022" lon="38.87912"><ele>121.0</ele><time>2021-10-10T10:20:55Z</time><extensions><gpxtpx:TrackPointExtension><gpxtpx:hr>78</gpxtpx:hr></gpxtpx:TrackPointExtension></extensions></trkpt><trkpt lat="57.994025" lon="38.879092"><ele>121.0</ele><time>2021-10-10T10:20:56Z</time><extensions><gpxtpx:TrackPointExtension><gpxtpx:hr>78</gpxtpx:hr></gpxtpx:TrackPointExtension></extensions></trkpt><trkpt lat="57.99403" lon="38.879065"><ele>121.0</ele><time>2021-10-10T10:20:57Z</time><extensions><gpxtpx:TrackPointExtension><gpxtpx:hr>78</gpxtpx:hr></gpxtpx:TrackPointExtension></extensions></trkpt><trkpt lat="57.994037" lon="38.87904"><ele>121.0</ele><time>2021-10-10T10:20:58Z</time><extensions><gpxtpx:TrackPointExtension><gpxtpx:hr>77</gpxtpx:hr></gpxtpx:TrackPointExtension></extensions></trkpt><trkpt lat="57.99404" lon="38.879012"><ele>121.0</ele><time>2021-10-10T10:20:59Z</time><extensions><gpxtpx:TrackPointExtension><gpxtpx:hr>76</gpxtpx:hr></gpxtpx:TrackPointExtension></extensions></trkpt><trkpt lat="57.994045" lon="38.878993"><ele>121.0</ele><time>2021-10-10T10:21:00Z</time><extensions><gpxtpx:TrackPointExtension><gpxtpx:hr>76</gpxtpx:hr></gpxtpx:TrackPointExtension></extensions></trkpt><trkpt lat="57.994057" lon="38.878937"><ele>121.0</ele><time>2021-10-10T10:21:05Z</time><extensions><gpxtpx:TrackPointExtension><gpxtpx:hr>76</gpxtpx:hr></gpxtpx:TrackPointExtension></extensions></trkpt><trkpt lat="57.99406" lon="38.87893"><ele>121.0</ele><time>2021-10-10T10:21:06Z</time><extensions><gpxtpx:TrackPointExtension><gpxtpx:hr>76</gpxtpx:hr></gpxtpx:TrackPointExtension></extensions></trkpt><trkpt lat="57.994063" lon="38.87891"><ele>121.0</ele><time>2021-10-10T10:21:07Z</time><extensions><gpxtpx:TrackPointExtension><gpxtpx:hr>76</gpxtpx:hr></gpxtpx:TrackPointExtension></extensions></trkpt><trkpt lat="57.99407" lon="38.878882"><ele>121.0</ele><time>2021-10-10T10:21:08Z</time><extensions><gpxtpx:TrackPointExtension><gpxtpx:hr>76</gpxtpx:hr></gpxtpx:TrackPointExtension></extensions></trkpt><trkpt lat="57.994075" lon="38.878845"><ele>121.0</ele><time>2021-10-10T10:21:09Z</time><extensions><gpxtpx:TrackPointExtension><gpxtpx:hr>76</gpxtpx:hr></gpxtpx:TrackPointExtension></extensions></trkpt><trkpt lat="57.994078" lon="38.878802"><ele>121.0</ele><time>2021-10-10T10:21:10Z</time><extensions><gpxtpx:TrackPointExtension><gpxtpx:hr>76</gpxtpx:hr></gpxtpx:TrackPointExtension></extensions></trkpt><trkpt lat="57.994082" lon="38.878753"><ele>121.0</ele><time>2021-10-10T10:21:11Z</time><extensions><gpxtpx:TrackPointExtension><gpxtpx:hr>77</gpxtpx:hr></gpxtpx:TrackPointExtension></extensions></trkpt><trkpt lat="57.99409" lon="38.878703"><ele>121.0</ele><time>2021-10-10T10:21:12Z</time><extensions><gpxtpx:TrackPointExtension><gpxtpx:hr>77</gpxtpx:hr></gpxtpx:TrackPointExtension></extensions></trkpt><trkpt lat="57.994095" lon="38.878647"><ele>121.0</ele><time>2021-10-10T10:21:13Z</time><extensions><gpxtpx:TrackPointExtension><gpxtpx:hr>77</gpxtpx:hr></gpxtpx:TrackPointExtension></extensions></trkpt><trkpt lat="57.994102" lon="38.87859"><ele>121.0</ele><time>2021-10-10T10:21:14Z</time><extensions><gpxtpx:TrackPointExtension><gpxtpx:hr>78</gpxtpx:hr></gpxtpx:TrackPointExtension></extensions></trkpt><trkpt lat="57.994105" lon="38.87853"><ele>121.0</ele><time>2021-10-10T10:21:15Z</time><extensions><gpxtpx:TrackPointExtension><gpxtpx:hr>78</gpxtpx:hr></gpxtpx:TrackPointExtension></extensions></trkpt><trkpt lat="57.994113" lon="38.878467"><ele>121.0</ele><time>2021-10-10T10:21:16Z</time><extensions><gpxtpx:TrackPointExtension><gpxtpx:hr>79</gpxtpx:hr></gpxtpx:TrackPointExtension></extensions></trkpt><trkpt lat="57.994117" lon="38.878402"><ele>121.0</ele><time>2021-10-10T10:21:17Z</time><extensions><gpxtpx:TrackPointExtension><gpxtpx:hr>80</gpxtpx:hr></gpxtpx:TrackPointExtension></extensions></trkpt><trkpt lat="57.99412" lon="38.87834"><ele>121.0</ele><time>2021-10-10T10:21:18Z</time><extensions><gpxtpx:TrackPointExtension><gpxtpx:hr>80</gpxtpx:hr></gpxtpx:TrackPointExtension></extensions></trkpt><trkpt lat="57.994132" lon="38.878277"><ele>121.0</ele><time>2021-10-10T10:21:19Z</time><extensions><gpxtpx:TrackPointExtension><gpxtpx:hr>81</gpxtpx:hr></gpxtpx:TrackPointExtension></extensions></trkpt><trkpt lat="57.994143" lon="38.87822"><ele>121.0</ele><time>2021-10-10T10:21:20Z</time><extensions><gpxtpx:TrackPointExtension><gpxtpx:hr>81</gpxtpx:hr></gpxtpx:TrackPointExtension></extensions></trkpt><trkpt lat="57.994155" lon="38.87817"><ele>121.0</ele><time>2021-10-10T10:21:21Z</time><extensions><gpxtpx:TrackPointExtension><gpxtpx:hr>83</gpxtpx:hr></gpxtpx:TrackPointExtension></extensions></trkpt><trkpt lat="57.99417" lon="38.878123"><ele>121.0</ele><time>2021-10-10T10:21:22Z</time><extensions><gpxtpx:TrackPointExtension><gpxtpx:hr>83</gpxtpx:hr></gpxtpx:TrackPointExtension></extensions></trkpt><trkpt lat="57.994182" lon="38.878075"><ele>121.0</ele><time>2021-10-10T10:21:23Z</time><extensions><gpxtpx:TrackPointExtension><gpxtpx:hr>82</gpxtpx:hr></gpxtpx:TrackPointExtension></extensions></trkpt><trkpt lat="57.994193" lon="38.878032"><ele>121.0</ele><time>2021-10-10T10:21:24Z</time><extensions><gpxtpx:TrackPointExtension><gpxtpx:hr>82</gpxtpx:hr></gpxtpx:TrackPointExtension></extensions></trkpt><trkpt lat="57.9942" lon="38.877995"><ele>121.0</ele><time>2021-10-10T10:21:25Z</time><extensions><gpxtpx:TrackPointExtension><gpxtpx:hr>82</gpxtpx:hr></gpxtpx:TrackPointExtension></extensions></trkpt><trkpt lat="57.99421" lon="38.87796"><ele>121.0</ele><time>2021-10-10T10:21:26Z</time><extensions><gpxtpx:TrackPointExtension><gpxtpx:hr>82</gpxtpx:hr></gpxtpx:TrackPointExtension></extensions></trkpt><trkpt lat="57.994217" lon="38.877925"><ele>121.0</ele><time>2021-10-10T10:21:27Z</time><extensions><gpxtpx:TrackPointExtension><gpxtpx:hr>82</gpxtpx:hr></gpxtpx:TrackPointExtension></extensions></trkpt><trkpt lat="57.99423" lon="38.8779"><ele>121.0</ele><time>2021-10-10T10:21:28Z</time><extensions><gpxtpx:TrackPointExtension><gpxtpx:hr>82</gpxtpx:hr></gpxtpx:TrackPointExtension></extensions></trkpt><trkpt lat="57.994243" lon="38.877872"><ele>121.0</ele><time>2021-10-10T10:21:29Z</time><extensions><gpxtpx:TrackPointExtension><gpxtpx:hr>83</gpxtpx:hr></gpxtpx:TrackPointExtension></extensions></trkpt><trkpt lat="57.99426" lon="38.877845"><ele>121.0</ele><time>2021-10-10T10:21:30Z</time><extensions><gpxtpx:TrackPointExtension><gpxtpx:hr>83</gpxtpx:hr></gpxtpx:TrackPointExtension></extensions></trkpt><trkpt lat="57.99427" lon="38.877822"><ele>121.0</ele><time>2021-10-10T10:21:31Z</time><extensions><gpxtpx:TrackPointExtension><gpxtpx:hr>86</gpxtpx:hr></gpxtpx:TrackPointExtension></extensions></trkpt><trkpt lat="57.99428" lon="38.8778"><ele>121.0</ele><time>2021-10-10T10:21:32Z</time><extensions><gpxtpx:TrackPointExtension><gpxtpx:hr>86</gpxtpx:hr></gpxtpx:TrackPointExtension></extensions></trkpt><trkpt lat="57.99429" lon="38.877772"><ele>121.0</ele><time>2021-10-10T10:21:33Z</time><extensions><gpxtpx:TrackPointExtension><gpxtpx:hr>82</gpxtpx:hr></gpxtpx:TrackPointExtension></extensions></trkpt><trkpt lat="57.994297" lon="38.877742"><ele>121.0</ele><time>2021-10-10T10:21:34Z</time><extensions><gpxtpx:TrackPointExtension><gpxtpx:hr>79</gpxtpx:hr></gpxtpx:TrackPointExtension></extensions></trkpt><trkpt lat="57.994303" lon="38.87772"><ele>121.0</ele><time>2021-10-10T10:21:35Z</time><extensions><gpxtpx:TrackPointExtension><gpxtpx:hr>78</gpxtpx:hr></gpxtpx:TrackPointExtension></extensions></trkpt><trkpt lat="57.994303" lon="38.877692"><ele>121.0</ele><time>2021-10-10T10:21:36Z</time><extensions><gpxtpx:TrackPointExtension><gpxtpx:hr>78</gpxtpx:hr></gpxtpx:TrackPointExtension></extensions></trkpt><trkpt lat="57.99431" lon="38.87767"><ele>121.0</ele><time>2021-10-10T10:21:37Z</time><extensions><gpxtpx:TrackPointExtension><gpxtpx:hr>77</gpxtpx:hr></gpxtpx:TrackPointExtension></extensions></trkpt><trkpt lat="57.994312" lon="38.877647"><ele>121.0</ele><time>2021-10-10T10:21:38Z</time><extensions><gpxtpx:TrackPointExtension><gpxtpx:hr>77</gpxtpx:hr></gpxtpx:TrackPointExtension></extensions></trkpt><trkpt lat="57.994315" lon="38.877625"><ele>121.0</ele><time>2021-10-10T10:21:39Z</time><extensions><gpxtpx:TrackPointExtension><gpxtpx:hr>78</gpxtpx:hr></gpxtpx:TrackPointExtension></extensions></trkpt><trkpt lat="57.99432" lon="38.877597"><ele>121.0</ele><time>2021-10-10T10:21:40Z</time><extensions><gpxtpx:TrackPointExtension><gpxtpx:hr>78</gpxtpx:hr></gpxtpx:TrackPointExtension></extensions></trkpt><trkpt lat="57.994323" lon="38.877575"><ele>121.0</ele><time>2021-10-10T10:21:41Z</time><extensions><gpxtpx:TrackPointExtension><gpxtpx:hr>78</gpxtpx:hr></gpxtpx:TrackPointExtension></extensions></trkpt><trkpt lat="57.99433" lon="38.87755"><ele>121.0</ele><time>2021-10-10T10:21:42Z</time><extensions><gpxtpx:TrackPointExtension><gpxtpx:hr>78</gpxtpx:hr></gpxtpx:TrackPointExtension></extensions></trkpt><trkpt lat="57.99434" lon="38.87752"><ele>121.0</ele><time>2021-10-10T10:21:43Z</time><extensions><gpxtpx:TrackPointExtension><gpxtpx:hr>78</gpxtpx:hr></gpxtpx:TrackPointExtension></extensions></trkpt><trkpt lat="57.994342" lon="38.877495"><ele>121.0</ele><time>2021-10-10T10:21:44Z</time><extensions><gpxtpx:TrackPointExtension><gpxtpx:hr>79</gpxtpx:hr></gpxtpx:TrackPointExtension></extensions></trkpt><trkpt lat="57.99435" lon="38.87747"><ele>121.0</ele><time>2021-10-10T10:21:45Z</time><extensions><gpxtpx:TrackPointExtension><gpxtpx:hr>79</gpxtpx:hr></gpxtpx:TrackPointExtension></extensions></trkpt><trkpt lat="57.994357" lon="38.87744"><ele>121.0</ele><time>2021-10-10T10:21:46Z</time><extensions><gpxtpx:TrackPointExtension><gpxtpx:hr>80</gpxtpx:hr></gpxtpx:TrackPointExtension></extensions></trkpt><trkpt lat="57.994365" lon="38.87741"><ele>121.0</ele><time>2021-10-10T10:21:47Z</time><extensions><gpxtpx:TrackPointExtension><gpxtpx:hr>80</gpxtpx:hr></gpxtpx:TrackPointExtension></extensions></trkpt><trkpt lat="57.994372" lon="38.87738"><ele>121.0</ele><time>2021-10-10T10:21:48Z</time><extensions><gpxtpx:TrackPointExtension><gpxtpx:hr>80</gpxtpx:hr></gpxtpx:TrackPointExtension></extensions></trkpt><trkpt lat="57.99438" lon="38.877345"><ele>121.0</ele><time>2021-10-10T10:21:49Z</time><extensions><gpxtpx:TrackPointExtension><gpxtpx:hr>80</gpxtpx:hr></gpxtpx:TrackPointExtension></extensions></trkpt><trkpt lat="57.99439" lon="38.877315"><ele>121.0</ele><time>2021-10-10T10:21:50Z</time><extensions><gpxtpx:TrackPointExtension><gpxtpx:hr>80</gpxtpx:hr></gpxtpx:TrackPointExtension></extensions></trkpt><trkpt lat="57.994395" lon="38.87728"><ele>121.0</ele><time>2021-10-10T10:21:51Z</time><extensions><gpxtpx:TrackPointExtension><gpxtpx:hr>79</gpxtpx:hr></gpxtpx:TrackPointExtension></extensions></trkpt><trkpt lat="57.994407" lon="38.877247"><ele>121.0</ele><time>2021-10-10T10:21:52Z</time><extensions><gpxtpx:TrackPointExtension><gpxtpx:hr>79</gpxtpx:hr></gpxtpx:TrackPointExtension></extensions></trkpt><trkpt lat="57.994415" lon="38.87721"><ele>121.0</ele><time>2021-10-10T10:21:53Z</time><extensions><gpxtpx:TrackPointExtension><gpxtpx:hr>80</gpxtpx:hr></gpxtpx:TrackPointExtension></extensions></trkpt><trkpt lat="57.994427" lon="38.87717"><ele>121.0</ele><time>2021-10-10T10:21:54Z</time><extensions><gpxtpx:TrackPointExtension><gpxtpx:hr>80</gpxtpx:hr></gpxtpx:TrackPointExtension></extensions></trkpt><trkpt lat="57.994433" lon="38.877132"><ele>121.0</ele><time>2021-10-10T10:21:55Z</time><extensions><gpxtpx:TrackPointExtension><gpxtpx:hr>80</gpxtpx:hr></gpxtpx:TrackPointExtension></extensions></trkpt><trkpt lat="57.994445" lon="38.877093"><ele>121.0</ele><time>2021-10-10T10:21:56Z</time><extensions><gpxtpx:TrackPointExtension><gpxtpx:hr>80</gpxtpx:hr></gpxtpx:TrackPointExtension></extensions></trkpt><trkpt lat="57.994452" lon="38.87706"><ele>121.0</ele><time>2021-10-10T10:21:57Z</time><extensions><gpxtpx:TrackPointExtension><gpxtpx:hr>79</gpxtpx:hr></gpxtpx:TrackPointExtension></extensions></trkpt><trkpt lat="57.994465" lon="38.877025"><ele>121.0</ele><time>2021-10-10T10:21:58Z</time><extensions><gpxtpx:TrackPointExtension><gpxtpx:hr>79</gpxtpx:hr></gpxtpx:TrackPointExtension></extensions></trkpt><trkpt lat="57.994472" lon="38.876995"><ele>121.0</ele><time>2021-10-10T10:21:59Z</time><extensions><gpxtpx:TrackPointExtension><gpxtpx:hr>79</gpxtpx:hr></gpxtpx:TrackPointExtension></extensions></trkpt><trkpt lat="57.99448" lon="38.876965"><ele>121.0</ele><time>2021-10-10T10:22:00Z</time><extensions><gpxtpx:TrackPointExtension><gpxtpx:hr>79</gpxtpx:hr></gpxtpx:TrackPointExtension></extensions></trkpt><trkpt lat="57.994487" lon="38.876933"><ele>121.0</ele><time>2021-10-10T10:22:01Z</time><extensions><gpxtpx:TrackPointExtension><gpxtpx:hr>79</gpxtpx:hr></gpxtpx:TrackPointExtension></extensions></trkpt><trkpt lat="57.994495" lon="38.876907"><ele>121.0</ele><time>2021-10-10T10:22:02Z</time><extensions><gpxtpx:TrackPointExtension><gpxtpx:hr>78</gpxtpx:hr></gpxtpx:TrackPointExtension></extensions></trkpt><trkpt lat="57.9945" lon="38.87688"><ele>121.0</ele><time>2021-10-10T10:22:03Z</time><extensions><gpxtpx:TrackPointExtension><gpxtpx:hr>78</gpxtpx:hr></gpxtpx:TrackPointExtension></extensions></trkpt><trkpt lat="57.994507" lon="38.876853"><ele>121.0</ele><time>2021-10-10T10:22:04Z</time><extensions><gpxtpx:TrackPointExtension><gpxtpx:hr>80</gpxtpx:hr></gpxtpx:TrackPointExtension></extensions></trkpt><trkpt lat="57.994513" lon="38.87683"><ele>121.0</ele><time>2021-10-10T10:22:05Z</time><extensions><gpxtpx:TrackPointExtension><gpxtpx:hr>81</gpxtpx:hr></gpxtpx:TrackPointExtension></extensions></trkpt><trkpt lat="57.994522" lon="38.876812"><ele>121.0</ele><time>2021-10-10T10:22:06Z</time><extensions><gpxtpx:TrackPointExtension><gpxtpx:hr>81</gpxtpx:hr></gpxtpx:TrackPointExtension></extensions></trkpt><trkpt lat="57.994528" lon="38.876797"><ele>121.0</ele><time>2021-10-10T10:22:07Z</time><extensions><gpxtpx:TrackPointExtension><gpxtpx:hr>83</gpxtpx:hr></gpxtpx:TrackPointExtension></extensions></trkpt><trkpt lat="57.994533" lon="38.876785"><ele>121.0</ele><time>2021-10-10T10:22:08Z</time><extensions><gpxtpx:TrackPointExtension><gpxtpx:hr>85</gpxtpx:hr></gpxtpx:TrackPointExtension></extensions></trkpt><trkpt lat="57.994537" lon="38.876777"><ele>121.0</ele><time>2021-10-10T10:22:09Z</time><extensions><gpxtpx:TrackPointExtension><gpxtpx:hr>85</gpxtpx:hr></gpxtpx:TrackPointExtension></extensions></trkpt><trkpt lat="57.994537" lon="38.87677"><ele>121.0</ele><time>2021-10-10T10:22:10Z</time><extensions><gpxtpx:TrackPointExtension><gpxtpx:hr>84</gpxtpx:hr></gpxtpx:TrackPointExtension></extensions></trkpt><trkpt lat="57.994537" lon="38.876765"><ele>121.0</ele><time>2021-10-10T10:22:11Z</time><extensions><gpxtpx:TrackPointExtension><gpxtpx:hr>84</gpxtpx:hr></gpxtpx:TrackPointExtension></extensions></trkpt><trkpt lat="57.994537" lon="38.87675"><ele>121.0</ele><time>2021-10-10T10:22:25Z</time><extensions><gpxtpx:TrackPointExtension><gpxtpx:hr>88</gpxtpx:hr></gpxtpx:TrackPointExtension></extensions></trkpt><trkpt lat="57.994533" lon="38.876747"><ele>121.0</ele><time>2021-10-10T10:22:26Z</time><extensions><gpxtpx:TrackPointExtension><gpxtpx:hr>88</gpxtpx:hr></gpxtpx:TrackPointExtension></extensions></trkpt><trkpt lat="57.994533" lon="38.87674"><ele>121.0</ele><time>2021-10-10T10:22:27Z</time><extensions><gpxtpx:TrackPointExtension><gpxtpx:hr>89</gpxtpx:hr></gpxtpx:TrackPointExtension></extensions></trkpt><trkpt lat="57.994528" lon="38.87673"><ele>121.0</ele><time>2021-10-10T10:22:28Z</time><extensions><gpxtpx:TrackPointExtension><gpxtpx:hr>89</gpxtpx:hr></gpxtpx:TrackPointExtension></extensions></trkpt><trkpt lat="57.994522" lon="38.87672"><ele>121.0</ele><time>2021-10-10T10:22:29Z</time><extensions><gpxtpx:TrackPointExtension><gpxtpx:hr>89</gpxtpx:hr></gpxtpx:TrackPointExtension></extensions></trkpt><trkpt lat="57.99452" lon="38.87671"><ele>121.0</ele><time>2021-10-10T10:22:30Z</time><extensions><gpxtpx:TrackPointExtension><gpxtpx:hr>89</gpxtpx:hr></gpxtpx:TrackPointExtension></extensions></trkpt><trkpt lat="57.994513" lon="38.87669"><ele>121.0</ele><time>2021-10-10T10:22:31Z</time><extensions><gpxtpx:TrackPointExtension><gpxtpx:hr>89</gpxtpx:hr></gpxtpx:TrackPointExtension></extensions></trkpt><trkpt lat="57.994507" lon="38.876675"><ele>121.0</ele><time>2021-10-10T10:22:32Z</time><extensions><gpxtpx:TrackPointExtension><gpxtpx:hr>90</gpxtpx:hr></gpxtpx:TrackPointExtension></extensions></trkpt><trkpt lat="57.9945" lon="38.87666"><ele>121.0</ele><time>2021-10-10T10:22:33Z</time><extensions><gpxtpx:TrackPointExtension><gpxtpx:hr>90</gpxtpx:hr></gpxtpx:TrackPointExtension></extensions></trkpt><trkpt lat="57.994487" lon="38.876647"><ele>121.0</ele><time>2021-10-10T10:22:34Z</time><extensions><gpxtpx:TrackPointExtension><gpxtpx:hr>92</gpxtpx:hr></gpxtpx:TrackPointExtension></extensions></trkpt><trkpt lat="57.99448" lon="38.876637"><ele>121.0</ele><time>2021-10-10T10:22:35Z</time><extensions><gpxtpx:TrackPointExtension><gpxtpx:hr>92</gpxtpx:hr></gpxtpx:TrackPointExtension></extensions></trkpt><trkpt lat="57.99447" lon="38.87663"><ele>121.0</ele><time>2021-10-10T10:22:36Z</time><extensions><gpxtpx:TrackPointExtension><gpxtpx:hr>92</gpxtpx:hr></gpxtpx:TrackPointExtension></extensions></trkpt><trkpt lat="57.994458" lon="38.876617"><ele>121.0</ele><time>2021-10-10T10:22:37Z</time><extensions><gpxtpx:TrackPointExtension><gpxtpx:hr>92</gpxtpx:hr></gpxtpx:TrackPointExtension></extensions></trkpt><trkpt lat="57.994452" lon="38.87661"><ele>121.0</ele><time>2021-10-10T10:22:38Z</time><extensions><gpxtpx:TrackPointExtension><gpxtpx:hr>95</gpxtpx:hr></gpxtpx:TrackPointExtension></extensions></trkpt><trkpt lat="57.994445" lon="38.876605"><ele>121.0</ele><time>2021-10-10T10:22:39Z</time><extensions><gpxtpx:TrackPointExtension><gpxtpx:hr>97</gpxtpx:hr></gpxtpx:TrackPointExtension></extensions></trkpt><trkpt lat="57.994433" lon="38.87659"><ele>121.0</ele><time>2021-10-10T10:22:52Z</time><extensions><gpxtpx:TrackPointExtension><gpxtpx:hr>91</gpxtpx:hr></gpxtpx:TrackPointExtension></extensions></trkpt><trkpt lat="57.994433" lon="38.87659"><ele>121.0</ele><time>2021-10-10T10:22:53Z</time><extensions><gpxtpx:TrackPointExtension><gpxtpx:hr>92</gpxtpx:hr></gpxtpx:TrackPointExtension></extensions></trkpt><trkpt lat="57.99443" lon="38.876587"><ele>121.0</ele><time>2021-10-10T10:22:54Z</time><extensions><gpxtpx:TrackPointExtension><gpxtpx:hr>92</gpxtpx:hr></gpxtpx:TrackPointExtension></extensions></trkpt><trkpt lat="57.994427" lon="38.876582"><ele>121.0</ele><time>2021-10-10T10:22:55Z</time><extensions><gpxtpx:TrackPointExtension><gpxtpx:hr>92</gpxtpx:hr></gpxtpx:TrackPointExtension></extensions></trkpt><trkpt lat="57.994422" lon="38.87658"><ele>121.0</ele><time>2021-10-10T10:22:56Z</time><extensions><gpxtpx:TrackPointExtension><gpxtpx:hr>92</gpxtpx:hr></gpxtpx:TrackPointExtension></extensions></trkpt><trkpt lat="57.994415" lon="38.87657"><ele>121.0</ele><time>2021-10-10T10:22:57Z</time><extensions><gpxtpx:TrackPointExtension><gpxtpx:hr>92</gpxtpx:hr></gpxtpx:TrackPointExtension></extensions></trkpt><trkpt lat="57.994407" lon="38.876563"><ele>121.0</ele><time>2021-10-10T10:22:58Z</time><extensions><gpxtpx:TrackPointExtension><gpxtpx:hr>92</gpxtpx:hr></gpxtpx:TrackPointExtension></extensions></trkpt><trkpt lat="57.9944" lon="38.876552"><ele>121.0</ele><time>2021-10-10T10:22:59Z</time><extensions><gpxtpx:TrackPointExtension><gpxtpx:hr>93</gpxtpx:hr></gpxtpx:TrackPointExtension></extensions></trkpt><trkpt lat="57.994392" lon="38.876545"><ele>121.0</ele><time>2021-10-10T10:23:00Z</time><extensions><gpxtpx:TrackPointExtension><gpxtpx:hr>93</gpxtpx:hr></gpxtpx:TrackPointExtension></extensions></trkpt><trkpt lat="57.994385" lon="38.87653"><ele>121.0</ele><time>2021-10-10T10:23:01Z</time><extensions><gpxtpx:TrackPointExtension><gpxtpx:hr>94</gpxtpx:hr></gpxtpx:TrackPointExtension></extensions></trkpt><trkpt lat="57.994377" lon="38.87652"><ele>121.0</ele><time>2021-10-10T10:23:02Z</time><extensions><gpxtpx:TrackPointExtension><gpxtpx:hr>95</gpxtpx:hr></gpxtpx:TrackPointExtension></extensions></trkpt><trkpt lat="57.99437" lon="38.8765"><ele>121.0</ele><time>2021-10-10T10:23:03Z</time><extensions><gpxtpx:TrackPointExtension><gpxtpx:hr>95</gpxtpx:hr></gpxtpx:TrackPointExtension></extensions></trkpt><trkpt lat="57.994365" lon="38.87648"><ele>121.0</ele><time>2021-10-10T10:23:04Z</time><extensions><gpxtpx:TrackPointExtension><gpxtpx:hr>96</gpxtpx:hr></gpxtpx:TrackPointExtension></extensions></trkpt><trkpt lat="57.994365" lon="38.87646"><ele>121.0</ele><time>2021-10-10T10:23:05Z</time><extensions><gpxtpx:TrackPointExtension><gpxtpx:hr>97</gpxtpx:hr></gpxtpx:TrackPointExtension></extensions></trkpt><trkpt lat="57.994365" lon="38.87644"><ele>121.0</ele><time>2021-10-10T10:23:06Z</time><extensions><gpxtpx:TrackPointExtension><gpxtpx:hr>97</gpxtpx:hr></gpxtpx:TrackPointExtension></extensions></trkpt><trkpt lat="57.994372" lon="38.87642"><ele>121.0</ele><time>2021-10-10T10:23:07Z</time><extensions><gpxtpx:TrackPointExtension><gpxtpx:hr>98</gpxtpx:hr></gpxtpx:TrackPointExtension></extensions></trkpt><trkpt lat="57.99438" lon="38.876403"><ele>121.0</ele><time>2021-10-10T10:23:08Z</time><extensions><gpxtpx:TrackPointExtension><gpxtpx:hr>98</gpxtpx:hr></gpxtpx:TrackPointExtension></extensions></trkpt><trkpt lat="57.994385" lon="38.87639"><ele>121.0</ele><time>2021-10-10T10:23:09Z</time><extensions><gpxtpx:TrackPointExtension><gpxtpx:hr>98</gpxtpx:hr></gpxtpx:TrackPointExtension></extensions></trkpt><trkpt lat="57.994395" lon="38.87637"><ele>121.0</ele><time>2021-10-10T10:23:10Z</time><extensions><gpxtpx:TrackPointExtension><gpxtpx:hr>100</gpxtpx:hr></gpxtpx:TrackPointExtension></extensions></trkpt><trkpt lat="57.994403" lon="38.876347"><ele>121.0</ele><time>2021-10-10T10:23:11Z</time><extensions><gpxtpx:TrackPointExtension><gpxtpx:hr>101</gpxtpx:hr></gpxtpx:TrackPointExtension></extensions></trkpt><trkpt lat="57.994407" lon="38.876323"><ele>121.0</ele><time>2021-10-10T10:23:12Z</time><extensions><gpxtpx:TrackPointExtension><gpxtpx:hr>101</gpxtpx:hr></gpxtpx:TrackPointExtension></extensions></trkpt><trkpt lat="57.994407" lon="38.8763"><ele>121.0</ele><time>2021-10-10T10:23:13Z</time><extensions><gpxtpx:TrackPointExtension><gpxtpx:hr>101</gpxtpx:hr></gpxtpx:TrackPointExtension></extensions></trkpt><trkpt lat="57.994407" lon="38.876277"><ele>121.0</ele><time>2021-10-10T10:23:14Z</time><extensions><gpxtpx:TrackPointExtension><gpxtpx:hr>101</gpxtpx:hr></gpxtpx:TrackPointExtension></extensions></trkpt><trkpt lat="57.994407" lon="38.876255"><ele>121.0</ele><time>2021-10-10T10:23:15Z</time><extensions><gpxtpx:TrackPointExtension><gpxtpx:hr>101</gpxtpx:hr></gpxtpx:TrackPointExtension></extensions></trkpt><trkpt lat="57.994407" lon="38.87623"><ele>121.0</ele><time>2021-10-10T10:23:16Z</time><extensions><gpxtpx:TrackPointExtension><gpxtpx:hr>101</gpxtpx:hr></gpxtpx:TrackPointExtension></extensions></trkpt><trkpt lat="57.994407" lon="38.876197"><ele>121.0</ele><time>2021-10-10T10:23:17Z</time><extensions><gpxtpx:TrackPointExtension><gpxtpx:hr>102</gpxtpx:hr></gpxtpx:TrackPointExtension></extensions></trkpt><trkpt lat="57.994407" lon="38.87617"><ele>121.0</ele><time>2021-10-10T10:23:18Z</time><extensions><gpxtpx:TrackPointExtension><gpxtpx:hr>102</gpxtpx:hr></gpxtpx:TrackPointExtension></extensions></trkpt><trkpt lat="57.994407" lon="38.87614"><ele>121.0</ele><time>2021-10-10T10:23:19Z</time><extensions><gpxtpx:TrackPointExtension><gpxtpx:hr>101</gpxtpx:hr></gpxtpx:TrackPointExtension></extensions></trkpt><trkpt lat="57.994407" lon="38.876113"><ele>121.0</ele><time>2021-10-10T10:23:20Z</time><extensions><gpxtpx:TrackPointExtension><gpxtpx:hr>100</gpxtpx:hr></gpxtpx:TrackPointExtension></extensions></trkpt><trkpt lat="57.994403" lon="38.876095"><ele>121.0</ele><time>2021-10-10T10:23:21Z</time><extensions><gpxtpx:TrackPointExtension><gpxtpx:hr>99</gpxtpx:hr></gpxtpx:TrackPointExtension></extensions></trkpt><trkpt lat="57.994395" lon="38.876075"><ele>121.0</ele><time>2021-10-10T10:23:22Z</time><extensions><gpxtpx:TrackPointExtension><gpxtpx:hr>99</gpxtpx:hr></gpxtpx:TrackPointExtension></extensions></trkpt><trkpt lat="57.994392" lon="38.876057"><ele>121.0</ele><time>2021-10-10T10:23:23Z</time><extensions><gpxtpx:TrackPointExtension><gpxtpx:hr>98</gpxtpx:hr></gpxtpx:TrackPointExtension></extensions></trkpt><trkpt lat="57.99439" lon="38.876037"><ele>121.0</ele><time>2021-10-10T10:23:24Z</time><extensions><gpxtpx:TrackPointExtension><gpxtpx:hr>98</gpxtpx:hr></gpxtpx:TrackPointExtension></extensions></trkpt><trkpt lat="57.99439" lon="38.876018"><ele>121.0</ele><time>2021-10-10T10:23:25Z</time><extensions><gpxtpx:TrackPointExtension><gpxtpx:hr>97</gpxtpx:hr></gpxtpx:TrackPointExtension></extensions></trkpt><trkpt lat="57.994385" lon="38.876"><ele>121.0</ele><time>2021-10-10T10:23:26Z</time><extensions><gpxtpx:TrackPointExtension><gpxtpx:hr>97</gpxtpx:hr></gpxtpx:TrackPointExtension></extensions></trkpt><trkpt lat="57.994385" lon="38.87598"><ele>121.0</ele><time>2021-10-10T10:23:27Z</time><extensions><gpxtpx:TrackPointExtension><gpxtpx:hr>97</gpxtpx:hr></gpxtpx:TrackPointExtension></extensions></trkpt><trkpt lat="57.994385" lon="38.87596"><ele>121.0</ele><time>2021-10-10T10:23:28Z</time><extensions><gpxtpx:TrackPointExtension><gpxtpx:hr>97</gpxtpx:hr></gpxtpx:TrackPointExtension></extensions></trkpt><trkpt lat="57.994392" lon="38.875945"><ele>121.0</ele><time>2021-10-10T10:23:29Z</time><extensions><gpxtpx:TrackPointExtension><gpxtpx:hr>96</gpxtpx:hr></gpxtpx:TrackPointExtension></extensions></trkpt><trkpt lat="57.9944" lon="38.875933"><ele>121.0</ele><time>2021-10-10T10:23:30Z</time><extensions><gpxtpx:TrackPointExtension><gpxtpx:hr>96</gpxtpx:hr></gpxtpx:TrackPointExtension></extensions></trkpt><trkpt lat="57.99441" lon="38.875922"><ele>121.0</ele><time>2021-10-10T10:23:31Z</time><extensions><gpxtpx:TrackPointExtension><gpxtpx:hr>97</gpxtpx:hr></gpxtpx:TrackPointExtension></extensions></trkpt><trkpt lat="57.994422" lon="38.87592"><ele>121.0</ele><time>2021-10-10T10:23:32Z</time><extensions><gpxtpx:TrackPointExtension><gpxtpx:hr>99</gpxtpx:hr></gpxtpx:TrackPointExtension></extensions></trkpt><trkpt lat="57.994433" lon="38.87591"><ele>121.0</ele><time>2021-10-10T10:23:33Z</time><extensions><gpxtpx:TrackPointExtension><gpxtpx:hr>99</gpxtpx:hr></gpxtpx:TrackPointExtension></extensions></trkpt><trkpt lat="57.994445" lon="38.875907"><ele>121.0</ele><time>2021-10-10T10:23:34Z</time><extensions><gpxtpx:TrackPointExtension><gpxtpx:hr>100</gpxtpx:hr></gpxtpx:TrackPointExtension></extensions></trkpt><trkpt lat="57.994458" lon="38.875903"><ele>121.0</ele><time>2021-10-10T10:23:35Z</time><extensions><gpxtpx:TrackPointExtension><gpxtpx:hr>101</gpxtpx:hr></gpxtpx:TrackPointExtension></extensions></trkpt><trkpt lat="57.994472" lon="38.875903"><ele>121.0</ele><time>2021-10-10T10:23:36Z</time><extensions><gpxtpx:TrackPointExtension><gpxtpx:hr>101</gpxtpx:hr></gpxtpx:TrackPointExtension></extensions></trkpt><trkpt lat="57.994483" lon="38.875903"><ele>121.0</ele><time>2021-10-10T10:23:37Z</time><extensions><gpxtpx:TrackPointExtension><gpxtpx:hr>102</gpxtpx:hr></gpxtpx:TrackPointExtension></extensions></trkpt><trkpt lat="57.9945" lon="38.8759"><ele>121.0</ele><time>2021-10-10T10:23:38Z</time><extensions><gpxtpx:TrackPointExtension><gpxtpx:hr>102</gpxtpx:hr></gpxtpx:TrackPointExtension></extensions></trkpt><trkpt lat="57.99451" lon="38.8759"><ele>121.0</ele><time>2021-10-10T10:23:39Z</time><extensions><gpxtpx:TrackPointExtension><gpxtpx:hr>102</gpxtpx:hr></gpxtpx:TrackPointExtension></extensions></trkpt><trkpt lat="57.994525" lon="38.875895"><ele>121.0</ele><time>2021-10-10T10:23:40Z</time><extensions><gpxtpx:TrackPointExtension><gpxtpx:hr>103</gpxtpx:hr></gpxtpx:TrackPointExtension></extensions></trkpt><trkpt lat="57.994537" lon="38.875895"><ele>121.0</ele><time>2021-10-10T10:23:41Z</time><extensions><gpxtpx:TrackPointExtension><gpxtpx:hr>103</gpxtpx:hr></gpxtpx:TrackPointExtension></extensions></trkpt><trkpt lat="57.994552" lon="38.875895"><ele>121.0</ele><time>2021-10-10T10:23:42Z</time><extensions><gpxtpx:TrackPointExtension><gpxtpx:hr>104</gpxtpx:hr></gpxtpx:TrackPointExtension></extensions></trkpt><trkpt lat="57.994563" lon="38.875892"><ele>121.0</ele><time>2021-10-10T10:23:43Z</time><extensions><gpxtpx:TrackPointExtension><gpxtpx:hr>104</gpxtpx:hr></gpxtpx:TrackPointExtension></extensions></trkpt><trkpt lat="57.99458" lon="38.875892"><ele>121.0</ele><time>2021-10-10T10:23:44Z</time><extensions><gpxtpx:TrackPointExtension><gpxtpx:hr>104</gpxtpx:hr></gpxtpx:TrackPointExtension></extensions></trkpt><trkpt lat="57.994595" lon="38.87589"><ele>121.0</ele><time>2021-10-10T10:23:45Z</time><extensions><gpxtpx:TrackPointExtension><gpxtpx:hr>104</gpxtpx:hr></gpxtpx:TrackPointExtension></extensions></trkpt><trkpt lat="57.994605" lon="38.87588"><ele>121.0</ele><time>2021-10-10T10:23:46Z</time><extensions><gpxtpx:TrackPointExtension><gpxtpx:hr>104</gpxtpx:hr></gpxtpx:TrackPointExtension></extensions></trkpt><trkpt lat="57.994617" lon="38.87587"><ele>121.0</ele><time>2021-10-10T10:23:47Z</time><extensions><gpxtpx:TrackPointExtension><gpxtpx:hr>104</gpxtpx:hr></gpxtpx:TrackPointExtension></extensions></trkpt><trkpt lat="57.994625" lon="38.87585"><ele>121.0</ele><time>2021-10-10T10:23:48Z</time><extensions><gpxtpx:TrackPointExtension><gpxtpx:hr>104</gpxtpx:hr></gpxtpx:TrackPointExtension></extensions></trkpt><trkpt lat="57.994625" lon="38.87583"><ele>121.0</ele><time>2021-10-10T10:23:49Z</time><extensions><gpxtpx:TrackPointExtension><gpxtpx:hr>104</gpxtpx:hr></gpxtpx:TrackPointExtension></extensions></trkpt><trkpt lat="57.994617" lon="38.875835"><ele>121.0</ele><time>2021-10-10T10:23:50Z</time><extensions><gpxtpx:TrackPointExtension><gpxtpx:hr>103</gpxtpx:hr></gpxtpx:TrackPointExtension></extensions></trkpt><trkpt lat="57.994617" lon="38.87585"><ele>121.0</ele><time>2021-10-10T10:23:51Z</time><extensions><gpxtpx:TrackPointExtension><gpxtpx:hr>103</gpxtpx:hr></gpxtpx:TrackPointExtension></extensions></trkpt><trkpt lat="57.99462" lon="38.875862"><ele>121.0</ele><time>2021-10-10T10:23:52Z</time><extensions><gpxtpx:TrackPointExtension><gpxtpx:hr>104</gpxtpx:hr></gpxtpx:TrackPointExtension></extensions></trkpt><trkpt lat="57.99462" lon="38.875873"><ele>121.0</ele><time>2021-10-10T10:23:53Z</time><extensions><gpxtpx:TrackPointExtension><gpxtpx:hr>105</gpxtpx:hr></gpxtpx:TrackPointExtension></extensions></trkpt><trkpt lat="57.99462" lon="38.875877"><ele>121.0</ele><time>2021-10-10T10:23:54Z</time><extensions><gpxtpx:TrackPointExtension><gpxtpx:hr>105</gpxtpx:hr></gpxtpx:TrackPointExtension></extensions></trkpt><trkpt lat="57.994617" lon="38.875895"><ele>121.0</ele><time>2021-10-10T10:24:00Z</time><extensions><gpxtpx:TrackPointExtension><gpxtpx:hr>105</gpxtpx:hr></gpxtpx:TrackPointExtension></extensions></trkpt><trkpt lat="57.994613" lon="38.875903"><ele>121.0</ele><time>2021-10-10T10:24:03Z</time><extensions><gpxtpx:TrackPointExtension><gpxtpx:hr>105</gpxtpx:hr></gpxtpx:TrackPointExtension></extensions></trkpt><trkpt lat="57.994613" lon="38.875903"><ele>121.0</ele><time>2021-10-10T10:24:04Z</time><extensions><gpxtpx:TrackPointExtension><gpxtpx:hr>105</gpxtpx:hr></gpxtpx:TrackPointExtension></extensions></trkpt><trkpt lat="57.994605" lon="38.875907"><ele>121.0</ele><time>2021-10-10T10:24:31Z</time><extensions><gpxtpx:TrackPointExtension><gpxtpx:hr>100</gpxtpx:hr></gpxtpx:TrackPointExtension></extensions></trkpt><trkpt lat="57.994602" lon="38.875907"><ele>121.0</ele><time>2021-10-10T10:24:32Z</time><extensions><gpxtpx:TrackPointExtension><gpxtpx:hr>99</gpxtpx:hr></gpxtpx:TrackPointExtension></extensions></trkpt><trkpt lat="57.994595" lon="38.875903"><ele>121.0</ele><time>2021-10-10T10:24:33Z</time><extensions><gpxtpx:TrackPointExtension><gpxtpx:hr>99</gpxtpx:hr></gpxtpx:TrackPointExtension></extensions></trkpt><trkpt lat="57.994582" lon="38.875903"><ele>121.0</ele><time>2021-10-10T10:24:34Z</time><extensions><gpxtpx:TrackPointExtension><gpxtpx:hr>100</gpxtpx:hr></gpxtpx:TrackPointExtension></extensions></trkpt><trkpt lat="57.99458" lon="38.875915"><ele>121.0</ele><time>2021-10-10T10:24:35Z</time><extensions><gpxtpx:TrackPointExtension><gpxtpx:hr>100</gpxtpx:hr></gpxtpx:TrackPointExtension></extensions></trkpt><trkpt lat="57.994582" lon="38.87592"><ele>121.0</ele><time>2021-10-10T10:24:36Z</time><extensions><gpxtpx:TrackPointExtension><gpxtpx:hr>102</gpxtpx:hr></gpxtpx:TrackPointExtension></extensions></trkpt><trkpt lat="57.994582" lon="38.87591"><ele>121.0</ele><time>2021-10-10T10:24:37Z</time><extensions><gpxtpx:TrackPointExtension><gpxtpx:hr>102</gpxtpx:hr></gpxtpx:TrackPointExtension></extensions></trkpt><trkpt lat="57.994595" lon="38.875915"><ele>121.0</ele><time>2021-10-10T10:24:38Z</time><extensions><gpxtpx:TrackPointExtension><gpxtpx:hr>103</gpxtpx:hr></gpxtpx:TrackPointExtension></extensions></trkpt><trkpt lat="57.994605" lon="38.875915"><ele>121.0</ele><time>2021-10-10T10:24:39Z</time><extensions><gpxtpx:TrackPointExtension><gpxtpx:hr>103</gpxtpx:hr></gpxtpx:TrackPointExtension></extensions></trkpt><trkpt lat="57.994602" lon="38.875933"><ele>121.0</ele><time>2021-10-10T10:24:40Z</time><extensions><gpxtpx:TrackPointExtension><gpxtpx:hr>103</gpxtpx:hr></gpxtpx:TrackPointExtension></extensions></trkpt><trkpt lat="57.994595" lon="38.875942"><ele>121.0</ele><time>2021-10-10T10:24:41Z</time><extensions><gpxtpx:TrackPointExtension><gpxtpx:hr>103</gpxtpx:hr></gpxtpx:TrackPointExtension></extensions></trkpt><trkpt lat="57.994582" lon="38.875942"><ele>121.0</ele><time>2021-10-10T10:24:42Z</time><extensions><gpxtpx:TrackPointExtension><gpxtpx:hr>103</gpxtpx:hr></gpxtpx:TrackPointExtension></extensions></trkpt><trkpt lat="57.994567" lon="38.87593"><ele>121.0</ele><time>2021-10-10T10:24:43Z</time><extensions><gpxtpx:TrackPointExtension><gpxtpx:hr>103</gpxtpx:hr></gpxtpx:TrackPointExtension></extensions></trkpt><trkpt lat="57.994533" lon="38.875877"><ele>121.0</ele><time>2021-10-10T10:24:44Z</time><extensions><gpxtpx:TrackPointExtension><gpxtpx:hr>103</gpxtpx:hr></gpxtpx:TrackPointExtension></extensions></trkpt><trkpt lat="57.994502" lon="38.87584"><ele>121.0</ele><time>2021-10-10T10:24:45Z</time><extensions><gpxtpx:TrackPointExtension><gpxtpx:hr>103</gpxtpx:hr></gpxtpx:TrackPointExtension></extensions></trkpt><trkpt lat="57.994475" lon="38.87581"><ele>121.0</ele><time>2021-10-10T10:24:46Z</time><extensions><gpxtpx:TrackPointExtension><gpxtpx:hr>103</gpxtpx:hr></gpxtpx:TrackPointExtension></extensions></trkpt><trkpt lat="57.994452" lon="38.87579"><ele>121.0</ele><time>2021-10-10T10:24:47Z</time><extensions><gpxtpx:TrackPointExtension><gpxtpx:hr>103</gpxtpx:hr></gpxtpx:TrackPointExtension></extensions></trkpt><trkpt lat="57.994433" lon="38.87577"><ele>121.0</ele><time>2021-10-10T10:24:48Z</time><extensions><gpxtpx:TrackPointExtension><gpxtpx:hr>103</gpxtpx:hr></gpxtpx:TrackPointExtension></extensions></trkpt><trkpt lat="57.994415" lon="38.875755"><ele>121.0</ele><time>2021-10-10T10:24:49Z</time><extensions><gpxtpx:TrackPointExtension><gpxtpx:hr>104</gpxtpx:hr></gpxtpx:TrackPointExtension></extensions></trkpt><trkpt lat="57.9944" lon="38.875747"><ele>121.0</ele><time>2021-10-10T10:24:50Z</time><extensions><gpxtpx:TrackPointExtension><gpxtpx:hr>104</gpxtpx:hr></gpxtpx:TrackPointExtension></extensions></trkpt><trkpt lat="57.99439" lon="38.87574"><ele>121.0</ele><time>2021-10-10T10:24:51Z</time><extensions><gpxtpx:TrackPointExtension><gpxtpx:hr>106</gpxtpx:hr></gpxtpx:TrackPointExtension></extensions></trkpt><trkpt lat="57.99438" lon="38.875732"><ele>121.0</ele><time>2021-10-10T10:24:52Z</time><extensions><gpxtpx:TrackPointExtension><gpxtpx:hr>106</gpxtpx:hr></gpxtpx:TrackPointExtension></extensions></trkpt><trkpt lat="57.99437" lon="38.875725"><ele>121.0</ele><time>2021-10-10T10:24:53Z</time><extensions><gpxtpx:TrackPointExtension><gpxtpx:hr>106</gpxtpx:hr></gpxtpx:TrackPointExtension></extensions></trkpt><trkpt lat="57.99436" lon="38.87572"><ele>121.0</ele><time>2021-10-10T10:24:54Z</time><extensions><gpxtpx:TrackPointExtension><gpxtpx:hr>107</gpxtpx:hr></gpxtpx:TrackPointExtension></extensions></trkpt><trkpt lat="57.99435" lon="38.875712"><ele>121.0</ele><time>2021-10-10T10:24:55Z</time><extensions><gpxtpx:TrackPointExtension><gpxtpx:hr>110</gpxtpx:hr></gpxtpx:TrackPointExtension></extensions></trkpt><trkpt lat="57.994335" lon="38.875705"><ele>121.0</ele><time>2021-10-10T10:24:56Z</time><extensions><gpxtpx:TrackPointExtension><gpxtpx:hr>111</gpxtpx:hr></gpxtpx:TrackPointExtension></extensions></trkpt><trkpt lat="57.994323" lon="38.875697"><ele>121.0</ele><time>2021-10-10T10:24:57Z</time><extensions><gpxtpx:TrackPointExtension><gpxtpx:hr>110</gpxtpx:hr></gpxtpx:TrackPointExtension></extensions></trkpt><trkpt lat="57.994312" lon="38.87569"><ele>121.0</ele><time>2021-10-10T10:24:58Z</time><extensions><gpxtpx:TrackPointExtension><gpxtpx:hr>109</gpxtpx:hr></gpxtpx:TrackPointExtension></extensions></trkpt><trkpt lat="57.9943" lon="38.875682"><ele>121.0</ele><time>2021-10-10T10:24:59Z</time><extensions><gpxtpx:TrackPointExtension><gpxtpx:hr>109</gpxtpx:hr></gpxtpx:TrackPointExtension></extensions></trkpt><trkpt lat="57.994292" lon="38.875667"><ele>121.0</ele><time>2021-10-10T10:25:00Z</time><extensions><gpxtpx:TrackPointExtension><gpxtpx:hr>110</gpxtpx:hr></gpxtpx:TrackPointExtension></extensions></trkpt><trkpt lat="57.994292" lon="38.875652"><ele>121.0</ele><time>2021-10-10T10:25:01Z</time><extensions><gpxtpx:TrackPointExtension><gpxtpx:hr>110</gpxtpx:hr></gpxtpx:TrackPointExtension></extensions></trkpt><trkpt lat="57.994292" lon="38.875637"><ele>121.0</ele><time>2021-10-10T10:25:02Z</time><extensions><gpxtpx:TrackPointExtension><gpxtpx:hr>109</gpxtpx:hr></gpxtpx:TrackPointExtension></extensions></trkpt><trkpt lat="57.994292" lon="38.875617"><ele>121.0</ele><time>2021-10-10T10:25:03Z</time><extensions><gpxtpx:TrackPointExtension><gpxtpx:hr>109</gpxtpx:hr></gpxtpx:TrackPointExtension></extensions></trkpt><trkpt lat="57.99429" lon="38.8756"><ele>121.0</ele><time>2021-10-10T10:25:04Z</time><extensions><gpxtpx:TrackPointExtension><gpxtpx:hr>108</gpxtpx:hr></gpxtpx:TrackPointExtension></extensions></trkpt><trkpt lat="57.99429" lon="38.87558"><ele>121.0</ele><time>2021-10-10T10:25:05Z</time><extensions><gpxtpx:TrackPointExtension><gpxtpx:hr>108</gpxtpx:hr></gpxtpx:TrackPointExtension></extensions></trkpt><trkpt lat="57.99428" lon="38.875557"><ele>121.0</ele><time>2021-10-10T10:25:06Z</time><extensions><gpxtpx:TrackPointExtension><gpxtpx:hr>108</gpxtpx:hr></gpxtpx:TrackPointExtension></extensions></trkpt><trkpt lat="57.994277" lon="38.875537"><ele>121.0</ele><time>2021-10-10T10:25:07Z</time><extensions><gpxtpx:TrackPointExtension><gpxtpx:hr>108</gpxtpx:hr></gpxtpx:TrackPointExtension></extensions></trkpt><trkpt lat="57.994273" lon="38.875515"><ele>121.0</ele><time>2021-10-10T10:25:08Z</time><extensions><gpxtpx:TrackPointExtension><gpxtpx:hr>107</gpxtpx:hr></gpxtpx:TrackPointExtension></extensions></trkpt><trkpt lat="57.99427" lon="38.875495"><ele>121.0</ele><time>2021-10-10T10:25:09Z</time><extensions><gpxtpx:TrackPointExtension><gpxtpx:hr>107</gpxtpx:hr></gpxtpx:TrackPointExtension></extensions></trkpt><trkpt lat="57.994267" lon="38.875477"><ele>121.0</ele><time>2021-10-10T10:25:10Z</time><extensions><gpxtpx:TrackPointExtension><gpxtpx:hr>108</gpxtpx:hr></gpxtpx:TrackPointExtension></extensions></trkpt><trkpt lat="57.994267" lon="38.87546"><ele>121.0</ele><time>2021-10-10T10:25:11Z</time><extensions><gpxtpx:TrackPointExtension><gpxtpx:hr>108</gpxtpx:hr></gpxtpx:TrackPointExtension></extensions></trkpt><trkpt lat="57.99427" lon="38.87545"><ele>121.0</ele><time>2021-10-10T10:25:12Z</time><extensions><gpxtpx:TrackPointExtension><gpxtpx:hr>108</gpxtpx:hr></gpxtpx:TrackPointExtension></extensions></trkpt><trkpt lat="57.994273" lon="38.875445"><ele>121.0</ele><time>2021-10-10T10:25:13Z</time><extensions><gpxtpx:TrackPointExtension><gpxtpx:hr>108</gpxtpx:hr></gpxtpx:TrackPointExtension></extensions></trkpt><trkpt lat="57.994277" lon="38.875442"><ele>121.0</ele><time>2021-10-10T10:25:14Z</time><extensions><gpxtpx:TrackPointExtension><gpxtpx:hr>109</gpxtpx:hr></gpxtpx:TrackPointExtension></extensions></trkpt><trkpt lat="57.994285" lon="38.87544"><ele>121.0</ele><time>2021-10-10T10:25:15Z</time><extensions><gpxtpx:TrackPointExtension><gpxtpx:hr>109</gpxtpx:hr></gpxtpx:TrackPointExtension></extensions></trkpt><trkpt lat="57.994292" lon="38.875435"><ele>121.0</ele><time>2021-10-10T10:25:16Z</time><extensions><gpxtpx:TrackPointExtension><gpxtpx:hr>110</gpxtpx:hr></gpxtpx:TrackPointExtension></extensions></trkpt><trkpt lat="57.9943" lon="38.875427"><ele>121.0</ele><time>2021-10-10T10:25:17Z</time><extensions><gpxtpx:TrackPointExtension><gpxtpx:hr>110</gpxtpx:hr></gpxtpx:TrackPointExtension></extensions></trkpt><trkpt lat="57.99431" lon="38.875415"><ele>121.0</ele><time>2021-10-10T10:25:18Z</time><extensions><gpxtpx:TrackPointExtension><gpxtpx:hr>110</gpxtpx:hr></gpxtpx:TrackPointExtension></extensions></trkpt><trkpt lat="57.994315" lon="38.87541"><ele>121.0</ele><time>2021-10-10T10:25:19Z</time><extensions><gpxtpx:TrackPointExtension><gpxtpx:hr>108</gpxtpx:hr></gpxtpx:TrackPointExtension></extensions></trkpt><trkpt lat="57.994347" lon="38.87539"><ele>121.0</ele><time>2021-10-10T10:25:21Z</time><extensions><gpxtpx:TrackPointExtension><gpxtpx:hr>109</gpxtpx:hr></gpxtpx:TrackPointExtension></extensions></trkpt><trkpt lat="57.99435" lon="38.87539"><ele>121.0</ele><time>2021-10-10T10:25:22Z</time><extensions><gpxtpx:TrackPointExtension><gpxtpx:hr>109</gpxtpx:hr></gpxtpx:TrackPointExtension></extensions></trkpt><trkpt lat="57.994353" lon="38.875385"><ele>121.0</ele><time>2021-10-10T10:25:23Z</time><extensions><gpxtpx:TrackPointExtension><gpxtpx:hr>110</gpxtpx:hr></gpxtpx:TrackPointExtension></extensions></trkpt><trkpt lat="57.99436" lon="38.87538"><ele>121.0</ele><time>2021-10-10T10:25:24Z</time><extensions><gpxtpx:TrackPointExtension><gpxtpx:hr>110</gpxtpx:hr></gpxtpx:TrackPointExtension></extensions></trkpt><trkpt lat="57.994365" lon="38.875373"><ele>121.0</ele><time>2021-10-10T10:25:25Z</time><extensions><gpxtpx:TrackPointExtension><gpxtpx:hr>110</gpxtpx:hr></gpxtpx:TrackPointExtension></extensions></trkpt><trkpt lat="57.99437" lon="38.875365"><ele>121.0</ele><time>2021-10-10T10:25:26Z</time><extensions><gpxtpx:TrackPointExtension><gpxtpx:hr>110</gpxtpx:hr></gpxtpx:TrackPointExtension></extensions></trkpt><trkpt lat="57.994372" lon="38.87536"><ele>121.0</ele><time>2021-10-10T10:25:27Z</time><extensions><gpxtpx:TrackPointExtension><gpxtpx:hr>110</gpxtpx:hr></gpxtpx:TrackPointExtension></extensions></trkpt><trkpt lat="57.994377" lon="38.875355"><ele>121.0</ele><time>2021-10-10T10:25:28Z</time><extensions><gpxtpx:TrackPointExtension><gpxtpx:hr>110</gpxtpx:hr></gpxtpx:TrackPointExtension></extensions></trkpt><trkpt lat="57.99438" lon="38.87535"><ele>121.0</ele><time>2021-10-10T10:25:29Z</time><extensions><gpxtpx:TrackPointExtension><gpxtpx:hr>110</gpxtpx:hr></gpxtpx:TrackPointExtension></extensions></trkpt><trkpt lat="57.99438" lon="38.87535"><ele>121.0</ele><time>2021-10-10T10:25:30Z</time><extensions><gpxtpx:TrackPointExtension><gpxtpx:hr>110</gpxtpx:hr></gpxtpx:TrackPointExtension></extensions></trkpt><trkpt lat="57.99439" lon="38.87535"><ele>121.0</ele><time>2021-10-10T10:25:34Z</time><extensions><gpxtpx:TrackPointExtension><gpxtpx:hr>111</gpxtpx:hr></gpxtpx:TrackPointExtension></extensions></trkpt><trkpt lat="57.99439" lon="38.875347"><ele>121.0</ele><time>2021-10-10T10:25:35Z</time><extensions><gpxtpx:TrackPointExtension><gpxtpx:hr>111</gpxtpx:hr></gpxtpx:TrackPointExtension></extensions></trkpt><trkpt lat="57.994392" lon="38.875342"><ele>121.0</ele><time>2021-10-10T10:25:36Z</time><extensions><gpxtpx:TrackPointExtension><gpxtpx:hr>111</gpxtpx:hr></gpxtpx:TrackPointExtension></extensions></trkpt><trkpt lat="57.994392" lon="38.875328"><ele>121.0</ele><time>2021-10-10T10:25:37Z</time><extensions><gpxtpx:TrackPointExtension><gpxtpx:hr>111</gpxtpx:hr></gpxtpx:TrackPointExtension></extensions></trkpt><trkpt lat="57.994395" lon="38.875312"><ele>121.0</ele><time>2021-10-10T10:25:38Z</time><extensions><gpxtpx:TrackPointExtension><gpxtpx:hr>111</gpxtpx:hr></gpxtpx:TrackPointExtension></extensions></trkpt><trkpt lat="57.994395" lon="38.875293"><ele>121.0</ele><time>2021-10-10T10:25:39Z</time><extensions><gpxtpx:TrackPointExtension><gpxtpx:hr>113</gpxtpx:hr></gpxtpx:TrackPointExtension></extensions></trkpt><trkpt lat="57.994395" lon="38.875275"><ele>121.0</ele><time>2021-10-10T10:25:40Z</time><extensions><gpxtpx:TrackPointExtension><gpxtpx:hr>113</gpxtpx:hr></gpxtpx:TrackPointExtension></extensions></trkpt><trkpt lat="57.9944" lon="38.875258"><ele>121.0</ele><time>2021-10-10T10:25:41Z</time><extensions><gpxtpx:TrackPointExtension><gpxtpx:hr>113</gpxtpx:hr></gpxtpx:TrackPointExtension></extensions></trkpt><trkpt lat="57.994407" lon="38.875243"><ele>121.0</ele><time>2021-10-10T10:25:42Z</time><extensions><gpxtpx:TrackPointExtension><gpxtpx:hr>112</gpxtpx:hr></gpxtpx:TrackPointExtension></extensions></trkpt><trkpt lat="57.994415" lon="38.875225"><ele>121.0</ele><time>2021-10-10T10:25:43Z</time><extensions><gpxtpx:TrackPointExtension><gpxtpx:hr>111</gpxtpx:hr></gpxtpx:TrackPointExtension></extensions></trkpt><trkpt lat="57.994422" lon="38.875205"><ele>121.0</ele><time>2021-10-10T10:25:44Z</time><extensions><gpxtpx:TrackPointExtension><gpxtpx:hr>111</gpxtpx:hr></gpxtpx:TrackPointExtension></extensions></trkpt><trkpt lat="57.99443" lon="38.875195"><ele>121.0</ele><time>2021-10-10T10:25:45Z</time><extensions><gpxtpx:TrackPointExtension><gpxtpx:hr>111</gpxtpx:hr></gpxtpx:TrackPointExtension></extensions></trkpt><trkpt lat="57.99444" lon="38.87518"><ele>121.0</ele><time>2021-10-10T10:25:46Z</time><extensions><gpxtpx:TrackPointExtension><gpxtpx:hr>111</gpxtpx:hr></gpxtpx:TrackPointExtension></extensions></trkpt><trkpt lat="57.994445" lon="38.87516"><ele>121.0</ele><time>2021-10-10T10:25:47Z</time><extensions><gpxtpx:TrackPointExtension><gpxtpx:hr>111</gpxtpx:hr></gpxtpx:TrackPointExtension></extensions></trkpt><trkpt lat="57.994452" lon="38.87514"><ele>121.0</ele><time>2021-10-10T10:25:48Z</time><extensions><gpxtpx:TrackPointExtension><gpxtpx:hr>111</gpxtpx:hr></gpxtpx:TrackPointExtension></extensions></trkpt><trkpt lat="57.994465" lon="38.87512"><ele>121.0</ele><time>2021-10-10T10:25:49Z</time><extensions><gpxtpx:TrackPointExtension><gpxtpx:hr>113</gpxtpx:hr></gpxtpx:TrackPointExtension></extensions></trkpt><trkpt lat="57.994472" lon="38.875095"><ele>121.0</ele><time>2021-10-10T10:25:50Z</time><extensions><gpxtpx:TrackPointExtension><gpxtpx:hr>113</gpxtpx:hr></gpxtpx:TrackPointExtension></extensions></trkpt><trkpt lat="57.994483" lon="38.875072"><ele>121.0</ele><time>2021-10-10T10:25:51Z</time><extensions><gpxtpx:TrackPointExtension><gpxtpx:hr>113</gpxtpx:hr></gpxtpx:TrackPointExtension></extensions></trkpt><trkpt lat="57.994495" lon="38.87505"><ele>121.0</ele><time>2021-10-10T10:25:52Z</time><extensions><gpxtpx:TrackPointExtension><gpxtpx:hr>113</gpxtpx:hr></gpxtpx:TrackPointExtension></extensions></trkpt><trkpt lat="57.994502" lon="38.87503"><ele>121.0</ele><time>2021-10-10T10:25:53Z</time><extensions><gpxtpx:TrackPointExtension><gpxtpx:hr>113</gpxtpx:hr></gpxtpx:TrackPointExtension></extensions></trkpt><trkpt lat="57.99451" lon="38.87501"><ele>121.0</ele><time>2021-10-10T10:25:54Z</time><extensions><gpxtpx:TrackPointExtension><gpxtpx:hr>113</gpxtpx:hr></gpxtpx:TrackPointExtension></extensions></trkpt><trkpt lat="57.99452" lon="38.874995"><ele>121.0</ele><time>2021-10-10T10:25:55Z</time><extensions><gpxtpx:TrackPointExtension><gpxtpx:hr>114</gpxtpx:hr></gpxtpx:TrackPointExtension></extensions></trkpt><trkpt lat="57.994522" lon="38.874977"><ele>121.0</ele><time>2021-10-10T10:25:56Z</time><extensions><gpxtpx:TrackPointExtension><gpxtpx:hr>114</gpxtpx:hr></gpxtpx:TrackPointExtension></extensions></trkpt><trkpt lat="57.994528" lon="38.874957"><ele>121.0</ele><time>2021-10-10T10:25:57Z</time><extensions><gpxtpx:TrackPointExtension><gpxtpx:hr>113</gpxtpx:hr></gpxtpx:TrackPointExtension></extensions></trkpt><trkpt lat="57.994537" lon="38.874947"><ele>121.0</ele><time>2021-10-10T10:25:58Z</time><extensions><gpxtpx:TrackPointExtension><gpxtpx:hr>113</gpxtpx:hr></gpxtpx:TrackPointExtension></extensions></trkpt><trkpt lat="57.994545" lon="38.87494"><ele>121.0</ele><time>2021-10-10T10:25:59Z</time><extensions><gpxtpx:TrackPointExtension><gpxtpx:hr>113</gpxtpx:hr></gpxtpx:TrackPointExtension></extensions></trkpt><trkpt lat="57.994552" lon="38.87493"><ele>121.0</ele><time>2021-10-10T10:26:00Z</time><extensions><gpxtpx:TrackPointExtension><gpxtpx:hr>113</gpxtpx:hr></gpxtpx:TrackPointExtension></extensions></trkpt><trkpt lat="57.994552" lon="38.87493"><ele>121.0</ele><time>2021-10-10T10:26:01Z</time><extensions><gpxtpx:TrackPointExtension><gpxtpx:hr>113</gpxtpx:hr></gpxtpx:TrackPointExtension></extensions></trkpt><trkpt lat="57.99455" lon="38.874935"><ele>121.0</ele><time>2021-10-10T10:26:02Z</time><extensions><gpxtpx:TrackPointExtension><gpxtpx:hr>110</gpxtpx:hr></gpxtpx:TrackPointExtension></extensions></trkpt><trkpt lat="57.99455" lon="38.874935"><ele>121.0</ele><time>2021-10-10T10:26:03Z</time><extensions><gpxtpx:TrackPointExtension><gpxtpx:hr>110</gpxtpx:hr></gpxtpx:TrackPointExtension></extensions></trkpt><trkpt lat="57.994545" lon="38.874923"><ele>121.0</ele><time>2021-10-10T10:26:04Z</time><extensions><gpxtpx:TrackPointExtension><gpxtpx:hr>110</gpxtpx:hr></gpxtpx:TrackPointExtension></extensions></trkpt><trkpt lat="57.99454" lon="38.874915"><ele>121.0</ele><time>2021-10-10T10:26:05Z</time><extensions><gpxtpx:TrackPointExtension><gpxtpx:hr>110</gpxtpx:hr></gpxtpx:TrackPointExtension></extensions></trkpt><trkpt lat="57.994537" lon="38.874905"><ele>121.0</ele><time>2021-10-10T10:26:06Z</time><extensions><gpxtpx:TrackPointExtension><gpxtpx:hr>109</gpxtpx:hr></gpxtpx:TrackPointExtension></extensions></trkpt><trkpt lat="57.994533" lon="38.874885"><ele>121.0</ele><time>2021-10-10T10:26:07Z</time><extensions><gpxtpx:TrackPointExtension><gpxtpx:hr>108</gpxtpx:hr></gpxtpx:TrackPointExtension></extensions></trkpt><trkpt lat="57.994533" lon="38.874865"><ele>121.0</ele><time>2021-10-10T10:26:08Z</time><extensions><gpxtpx:TrackPointExtension><gpxtpx:hr>109</gpxtpx:hr></gpxtpx:TrackPointExtension></extensions></trkpt><trkpt lat="57.994537" lon="38.87485"><ele>121.0</ele><time>2021-10-10T10:26:09Z</time><extensions><gpxtpx:TrackPointExtension><gpxtpx:hr>109</gpxtpx:hr></gpxtpx:TrackPointExtension></extensions></trkpt><trkpt lat="57.99454" lon="38.874832"><ele>121.0</ele><time>2021-10-10T10:26:10Z</time><extensions><gpxtpx:TrackPointExtension><gpxtpx:hr>110</gpxtpx:hr></gpxtpx:TrackPointExtension></extensions></trkpt><trkpt lat="57.994545" lon="38.874812"><ele>121.0</ele><time>2021-10-10T10:26:11Z</time><extensions><gpxtpx:TrackPointExtension><gpxtpx:hr>110</gpxtpx:hr></gpxtpx:TrackPointExtension></extensions></trkpt><trkpt lat="57.994552" lon="38.87479"><ele>121.0</ele><time>2021-10-10T10:26:12Z</time><extensions><gpxtpx:TrackPointExtension><gpxtpx:hr>111</gpxtpx:hr></gpxtpx:TrackPointExtension></extensions></trkpt><trkpt lat="57.994555" lon="38.874767"><ele>121.0</ele><time>2021-10-10T10:26:13Z</time><extensions><gpxtpx:TrackPointExtension><gpxtpx:hr>111</gpxtpx:hr></gpxtpx:TrackPointExtension></extensions></trkpt><trkpt lat="57.994555" lon="38.874743"><ele>121.0</ele><time>2021-10-10T10:26:14Z</time><extensions><gpxtpx:TrackPointExtension><gpxtpx:hr>111</gpxtpx:hr></gpxtpx:TrackPointExtension></extensions></trkpt><trkpt lat="57.99456" lon="38.874723"><ele>121.0</ele><time>2021-10-10T10:26:15Z</time><extensions><gpxtpx:TrackPointExtension><gpxtpx:hr>111</gpxtpx:hr></gpxtpx:TrackPointExtension></extensions></trkpt><trkpt lat="57.99456" lon="38.874702"><ele>121.0</ele><time>2021-10-10T10:26:16Z</time><extensions><gpxtpx:TrackPointExtension><gpxtpx:hr>113</gpxtpx:hr></gpxtpx:TrackPointExtension></extensions></trkpt><trkpt lat="57.99456" lon="38.87468"><ele>121.0</ele><time>2021-10-10T10:26:17Z</time><extensions><gpxtpx:TrackPointExtension><gpxtpx:hr>113</gpxtpx:hr></gpxtpx:TrackPointExtension></extensions></trkpt><trkpt lat="57.99456" lon="38.87466"><ele>121.0</ele><time>2021-10-10T10:26:18Z</time><extensions><gpxtpx:TrackPointExtension><gpxtpx:hr>114</gpxtpx:hr></gpxtpx:TrackPointExtension></extensions></trkpt><trkpt lat="57.994563" lon="38.874637"><ele>121.0</ele><time>2021-10-10T10:26:19Z</time><extensions><gpxtpx:TrackPointExtension><gpxtpx:hr>114</gpxtpx:hr></gpxtpx:TrackPointExtension></extensions></trkpt><trkpt lat="57.994563" lon="38.874615"><ele>121.0</ele><time>2021-10-10T10:26:20Z</time><extensions><gpxtpx:TrackPointExtension><gpxtpx:hr>114</gpxtpx:hr></gpxtpx:TrackPointExtension></extensions></trkpt><trkpt lat="57.994567" lon="38.874587"><ele>121.0</ele><time>2021-10-10T10:26:21Z</time><extensions><gpxtpx:TrackPointExtension><gpxtpx:hr>114</gpxtpx:hr></gpxtpx:TrackPointExtension></extensions></trkpt><trkpt lat="57.99457" lon="38.87456"><ele>121.0</ele><time>2021-10-10T10:26:22Z</time><extensions><gpxtpx:TrackPointExtension><gpxtpx:hr>114</gpxtpx:hr></gpxtpx:TrackPointExtension></extensions></trkpt><trkpt lat="57.994575" lon="38.874535"><ele>121.0</ele><time>2021-10-10T10:26:23Z</time><extensions><gpxtpx:TrackPointExtension><gpxtpx:hr>115</gpxtpx:hr></gpxtpx:TrackPointExtension></extensions></trkpt><trkpt lat="57.994582" lon="38.874507"><ele>121.0</ele><time>2021-10-10T10:26:24Z</time><extensions><gpxtpx:TrackPointExtension><gpxtpx:hr>115</gpxtpx:hr></gpxtpx:TrackPointExtension></extensions></trkpt><trkpt lat="57.99459" lon="38.87449"><ele>121.0</ele><time>2021-10-10T10:26:25Z</time><extensions><gpxtpx:TrackPointExtension><gpxtpx:hr>115</gpxtpx:hr></gpxtpx:TrackPointExtension></extensions></trkpt><trkpt lat="57.994598" lon="38.874465"><ele>121.0</ele><time>2021-10-10T10:26:26Z</time><extensions><gpxtpx:TrackPointExtension><gpxtpx:hr>118</gpxtpx:hr></gpxtpx:TrackPointExtension></extensions></trkpt><trkpt lat="57.994605" lon="38.874442"><ele>121.0</ele><time>2021-10-10T10:26:27Z</time><extensions><gpxtpx:TrackPointExtension><gpxtpx:hr>118</gpxtpx:hr></gpxtpx:TrackPointExtension></extensions></trkpt><trkpt lat="57.99461" lon="38.87442"><ele>121.0</ele><time>2021-10-10T10:26:28Z</time><extensions><gpxtpx:TrackPointExtension><gpxtpx:hr>118</gpxtpx:hr></gpxtpx:TrackPointExtension></extensions></trkpt><trkpt lat="57.994613" lon="38.874397"><ele>121.0</ele><time>2021-10-10T10:26:29Z</time><extensions><gpxtpx:TrackPointExtension><gpxtpx:hr>118</gpxtpx:hr></gpxtpx:TrackPointExtension></extensions></trkpt><trkpt lat="57.994617" lon="38.87438"><ele>121.0</ele><time>2021-10-10T10:26:30Z</time><extensions><gpxtpx:TrackPointExtension><gpxtpx:hr>119</gpxtpx:hr></gpxtpx:TrackPointExtension></extensions></trkpt><trkpt lat="57.99462" lon="38.874362"><ele>121.0</ele><time>2021-10-10T10:26:31Z</time><extensions><gpxtpx:TrackPointExtension><gpxtpx:hr>119</gpxtpx:hr></gpxtpx:TrackPointExtension></extensions></trkpt><trkpt lat="57.99463" lon="38.87435"><ele>121.0</ele><time>2021-10-10T10:26:32Z</time><extensions><gpxtpx:TrackPointExtension><gpxtpx:hr>120</gpxtpx:hr></gpxtpx:TrackPointExtension></extensions></trkpt><trkpt lat="57.99464" lon="38.87434"><ele>121.0</ele><time>2021-10-10T10:26:33Z</time><extensions><gpxtpx:TrackPointExtension><gpxtpx:hr>121</gpxtpx:hr></gpxtpx:TrackPointExtension></extensions></trkpt><trkpt lat="57.994647" lon="38.874325"><ele>121.0</ele><time>2021-10-10T10:26:34Z</time><extensions><gpxtpx:TrackPointExtension><gpxtpx:hr>122</gpxtpx:hr></gpxtpx:TrackPointExtension></extensions></trkpt><trkpt lat="57.994655" lon="38.87431"><ele>121.0</ele><time>2021-10-10T10:26:35Z</time><extensions><gpxtpx:TrackPointExtension><gpxtpx:hr>122</gpxtpx:hr></gpxtpx:TrackPointExtension></extensions></trkpt><trkpt lat="57.994662" lon="38.87429"><ele>121.0</ele><time>2021-10-10T10:26:36Z</time><extensions><gpxtpx:TrackPointExtension><gpxtpx:hr>118</gpxtpx:hr></gpxtpx:TrackPointExtension></extensions></trkpt><trkpt lat="57.99467" lon="38.874273"><ele>121.0</ele><time>2021-10-10T10:26:37Z</time><extensions><gpxtpx:TrackPointExtension><gpxtpx:hr>119</gpxtpx:hr></gpxtpx:TrackPointExtension></extensions></trkpt><trkpt lat="57.99468" lon="38.87426"><ele>121.0</ele><time>2021-10-10T10:26:38Z</time><extensions><gpxtpx:TrackPointExtension><gpxtpx:hr>118</gpxtpx:hr></gpxtpx:TrackPointExtension></extensions></trkpt><trkpt lat="57.99468" lon="38.874245"><ele>121.0</ele><time>2021-10-10T10:26:39Z</time><extensions><gpxtpx:TrackPointExtension><gpxtpx:hr>117</gpxtpx:hr></gpxtpx:TrackPointExtension></extensions></trkpt><trkpt lat="57.994682" lon="38.87423"><ele>121.0</ele><time>2021-10-10T10:26:40Z</time><extensions><gpxtpx:TrackPointExtension><gpxtpx:hr>117</gpxtpx:hr></gpxtpx:TrackPointExtension></extensions></trkpt><trkpt lat="57.994682" lon="38.874207"><ele>121.0</ele><time>2021-10-10T10:26:41Z</time><extensions><gpxtpx:TrackPointExtension><gpxtpx:hr>118</gpxtpx:hr></gpxtpx:TrackPointExtension></extensions></trkpt><trkpt lat="57.994682" lon="38.874187"><ele>121.0</ele><time>2021-10-10T10:26:42Z</time><extensions><gpxtpx:TrackPointExtension><gpxtpx:hr>118</gpxtpx:hr></gpxtpx:TrackPointExtension></extensions></trkpt><trkpt lat="57.994682" lon="38.874172"><ele>121.0</ele><time>2021-10-10T10:26:43Z</time><extensions><gpxtpx:TrackPointExtension><gpxtpx:hr>117</gpxtpx:hr></gpxtpx:TrackPointExtension></extensions></trkpt><trkpt lat="57.994682" lon="38.874152"><ele>121.0</ele><time>2021-10-10T10:26:44Z</time><extensions><gpxtpx:TrackPointExtension><gpxtpx:hr>117</gpxtpx:hr></gpxtpx:TrackPointExtension></extensions></trkpt><trkpt lat="57.994682" lon="38.874133"><ele>121.0</ele><time>2021-10-10T10:26:45Z</time><extensions><gpxtpx:TrackPointExtension><gpxtpx:hr>117</gpxtpx:hr></gpxtpx:TrackPointExtension></extensions></trkpt><trkpt lat="57.994682" lon="38.874115"><ele>121.0</ele><time>2021-10-10T10:26:46Z</time><extensions><gpxtpx:TrackPointExtension><gpxtpx:hr>117</gpxtpx:hr></gpxtpx:TrackPointExtension></extensions></trkpt><trkpt lat="57.994682" lon="38.8741"><ele>121.0</ele><time>2021-10-10T10:26:47Z</time><extensions><gpxtpx:TrackPointExtension><gpxtpx:hr>117</gpxtpx:hr></gpxtpx:TrackPointExtension></extensions></trkpt><trkpt lat="57.994682" lon="38.874083"><ele>121.0</ele><time>2021-10-10T10:26:48Z</time><extensions><gpxtpx:TrackPointExtension><gpxtpx:hr>117</gpxtpx:hr></gpxtpx:TrackPointExtension></extensions></trkpt><trkpt lat="57.994682" lon="38.874065"><ele>121.0</ele><time>2021-10-10T10:26:49Z</time><extensions><gpxtpx:TrackPointExtension><gpxtpx:hr>117</gpxtpx:hr></gpxtpx:TrackPointExtension></extensions></trkpt><trkpt lat="57.994682" lon="38.874053"><ele>121.0</ele><time>2021-10-10T10:26:50Z</time><extensions><gpxtpx:TrackPointExtension><gpxtpx:hr>116</gpxtpx:hr></gpxtpx:TrackPointExtension></extensions></trkpt><trkpt lat="57.99468" lon="38.87404"><ele>121.0</ele><time>2021-10-10T10:26:51Z</time><extensions><gpxtpx:TrackPointExtension><gpxtpx:hr>116</gpxtpx:hr></gpxtpx:TrackPointExtension></extensions></trkpt><trkpt lat="57.99468" lon="38.874022"><ele>121.0</ele><time>2021-10-10T10:26:52Z</time><extensions><gpxtpx:TrackPointExtension><gpxtpx:hr>116</gpxtpx:hr></gpxtpx:TrackPointExtension></extensions></trkpt><trkpt lat="57.994675" lon="38.874003"><ele>121.0</ele><time>2021-10-10T10:26:53Z</time><extensions><gpxtpx:TrackPointExtension><gpxtpx:hr>116</gpxtpx:hr></gpxtpx:TrackPointExtension></extensions></trkpt><trkpt lat="57.994667" lon="38.87399"><ele>121.0</ele><time>2021-10-10T10:26:54Z</time><extensions><gpxtpx:TrackPointExtension><gpxtpx:hr>116</gpxtpx:hr></gpxtpx:TrackPointExtension></extensions></trkpt><trkpt lat="57.99466" lon="38.873973"><ele>121.0</ele><time>2021-10-10T10:26:55Z</time><extensions><gpxtpx:TrackPointExtension><gpxtpx:hr>116</gpxtpx:hr></gpxtpx:TrackPointExtension></extensions></trkpt><trkpt lat="57.994647" lon="38.87396"><ele>121.0</ele><time>2021-10-10T10:26:56Z</time><extensions><gpxtpx:TrackPointExtension><gpxtpx:hr>116</gpxtpx:hr></gpxtpx:TrackPointExtension></extensions></trkpt><trkpt lat="57.994637" lon="38.873942"><ele>121.0</ele><time>2021-10-10T10:26:57Z</time><extensions><gpxtpx:TrackPointExtension><gpxtpx:hr>116</gpxtpx:hr></gpxtpx:TrackPointExtension></extensions></trkpt><trkpt lat="57.99463" lon="38.87392"><ele>121.0</ele><time>2021-10-10T10:26:58Z</time><extensions><gpxtpx:TrackPointExtension><gpxtpx:hr>116</gpxtpx:hr></gpxtpx:TrackPointExtension></extensions></trkpt><trkpt lat="57.99462" lon="38.8739"><ele>121.0</ele><time>2021-10-10T10:26:59Z</time><extensions><gpxtpx:TrackPointExtension><gpxtpx:hr>116</gpxtpx:hr></gpxtpx:TrackPointExtension></extensions></trkpt><trkpt lat="57.99461" lon="38.87388"><ele>121.0</ele><time>2021-10-10T10:27:00Z</time><extensions><gpxtpx:TrackPointExtension><gpxtpx:hr>116</gpxtpx:hr></gpxtpx:TrackPointExtension></extensions></trkpt><trkpt lat="57.994598" lon="38.873875"><ele>121.0</ele><time>2021-10-10T10:27:01Z</time><extensions><gpxtpx:TrackPointExtension><gpxtpx:hr>116</gpxtpx:hr></gpxtpx:TrackPointExtension></extensions></trkpt><trkpt lat="57.994587" lon="38.873882"><ele>121.0</ele><time>2021-10-10T10:27:02Z</time><extensions><gpxtpx:TrackPointExtension><gpxtpx:hr>116</gpxtpx:hr></gpxtpx:TrackPointExtension></extensions></trkpt><trkpt lat="57.994602" lon="38.873935"><ele>121.0</ele><time>2021-10-10T10:27:28Z</time><extensions><gpxtpx:TrackPointExtension><gpxtpx:hr>116</gpxtpx:hr></gpxtpx:TrackPointExtension></extensions></trkpt><trkpt lat="57.99461" lon="38.87399"><ele>121.0</ele><time>2021-10-10T10:27:29Z</time><extensions><gpxtpx:TrackPointExtension><gpxtpx:hr>116</gpxtpx:hr></gpxtpx:TrackPointExtension></extensions></trkpt><trkpt lat="57.994625" lon="38.87402"><ele>121.0</ele><time>2021-10-10T10:27:30Z</time><extensions><gpxtpx:TrackPointExtension><gpxtpx:hr>116</gpxtpx:hr></gpxtpx:TrackPointExtension></extensions></trkpt><trkpt lat="57.994643" lon="38.874045"><ele>121.0</ele><time>2021-10-10T10:27:31Z</time><extensions><gpxtpx:TrackPointExtension><gpxtpx:hr>116</gpxtpx:hr></gpxtpx:TrackPointExtension></extensions></trkpt><trkpt lat="57.99466" lon="38.87406"><ele>121.0</ele><time>2021-10-10T10:27:32Z</time><extensions><gpxtpx:TrackPointExtension><gpxtpx:hr>116</gpxtpx:hr></gpxtpx:TrackPointExtension></extensions></trkpt><trkpt lat="57.994675" lon="38.874072"><ele>121.0</ele><time>2021-10-10T10:27:33Z</time><extensions><gpxtpx:TrackPointExtension><gpxtpx:hr>116</gpxtpx:hr></gpxtpx:TrackPointExtension></extensions></trkpt><trkpt lat="57.994685" lon="38.874083"><ele>121.0</ele><time>2021-10-10T10:27:34Z</time><extensions><gpxtpx:TrackPointExtension><gpxtpx:hr>116</gpxtpx:hr></gpxtpx:TrackPointExtension></extensions></trkpt><trkpt lat="57.9947" lon="38.8741"><ele>121.0</ele><time>2021-10-10T10:27:35Z</time><extensions><gpxtpx:TrackPointExtension><gpxtpx:hr>116</gpxtpx:hr></gpxtpx:TrackPointExtension></extensions></trkpt><trkpt lat="57.99471" lon="38.874118"><ele>121.0</ele><time>2021-10-10T10:27:36Z</time><extensions><gpxtpx:TrackPointExtension><gpxtpx:hr>116</gpxtpx:hr></gpxtpx:TrackPointExtension></extensions></trkpt><trkpt lat="57.994712" lon="38.874137"><ele>121.0</ele><time>2021-10-10T10:27:37Z</time><extensions><gpxtpx:TrackPointExtension><gpxtpx:hr>116</gpxtpx:hr></gpxtpx:TrackPointExtension></extensions></trkpt><trkpt lat="57.994717" lon="38.874157"><ele>121.0</ele><time>2021-10-10T10:27:38Z</time><extensions><gpxtpx:TrackPointExtension><gpxtpx:hr>116</gpxtpx:hr></gpxtpx:TrackPointExtension></extensions></trkpt><trkpt lat="57.994723" lon="38.874172"><ele>121.0</ele><time>2021-10-10T10:27:39Z</time><extensions><gpxtpx:TrackPointExtension><gpxtpx:hr>116</gpxtpx:hr></gpxtpx:TrackPointExtension></extensions></trkpt><trkpt lat="57.994727" lon="38.874187"><ele>121.0</ele><time>2021-10-10T10:27:40Z</time><extensions><gpxtpx:TrackPointExtension><gpxtpx:hr>116</gpxtpx:hr></gpxtpx:TrackPointExtension></extensions></trkpt><trkpt lat="57.994735" lon="38.8742"><ele>121.0</ele><time>2021-10-10T10:27:41Z</time><extensions><gpxtpx:TrackPointExtension><gpxtpx:hr>116</gpxtpx:hr></gpxtpx:TrackPointExtension></extensions></trkpt><trkpt lat="57.99474" lon="38.874207"><ele>121.0</ele><time>2021-10-10T10:27:42Z</time><extensions><gpxtpx:TrackPointExtension><gpxtpx:hr>116</gpxtpx:hr></gpxtpx:TrackPointExtension></extensions></trkpt><trkpt lat="57.994747" lon="38.874213"><ele>121.0</ele><time>2021-10-10T10:27:43Z</time><extensions><gpxtpx:TrackPointExtension><gpxtpx:hr>116</gpxtpx:hr></gpxtpx:TrackPointExtension></extensions></trkpt><trkpt lat="57.99476" lon="38.874217"><ele>121.0</ele><time>2021-10-10T10:27:44Z</time><extensions><gpxtpx:TrackPointExtension><gpxtpx:hr>116</gpxtpx:hr></gpxtpx:TrackPointExtension></extensions></trkpt><trkpt lat="57.99477" lon="38.87422"><ele>121.0</ele><time>2021-10-10T10:27:45Z</time><extensions><gpxtpx:TrackPointExtension><gpxtpx:hr>116</gpxtpx:hr></gpxtpx:TrackPointExtension></extensions></trkpt><trkpt lat="57.99478" lon="38.87422"><ele>121.0</ele><time>2021-10-10T10:27:46Z</time><extensions><gpxtpx:TrackPointExtension><gpxtpx:hr>116</gpxtpx:hr></gpxtpx:TrackPointExtension></extensions></trkpt><trkpt lat="57.994797" lon="38.874217"><ele>121.0</ele><time>2021-10-10T10:27:47Z</time><extensions><gpxtpx:TrackPointExtension><gpxtpx:hr>116</gpxtpx:hr></gpxtpx:TrackPointExtension></extensions></trkpt><trkpt lat="57.994812" lon="38.874213"><ele>121.0</ele><time>2021-10-10T10:27:48Z</time><extensions><gpxtpx:TrackPointExtension><gpxtpx:hr>116</gpxtpx:hr></gpxtpx:TrackPointExtension></extensions></trkpt><trkpt lat="57.994822" lon="38.874213"><ele>121.0</ele><time>2021-10-10T10:27:49Z</time><extensions><gpxtpx:TrackPointExtension><gpxtpx:hr>116</gpxtpx:hr></gpxtpx:TrackPointExtension></extensions></trkpt><trkpt lat="57.99484" lon="38.87422"><ele>121.0</ele><time>2021-10-10T10:27:50Z</time><extensions><gpxtpx:TrackPointExtension><gpxtpx:hr>116</gpxtpx:hr></gpxtpx:TrackPointExtension></extensions></trkpt><trkpt lat="57.994853" lon="38.87423"><ele>121.0</ele><time>2021-10-10T10:27:51Z</time><extensions><gpxtpx:TrackPointExtension><gpxtpx:hr>116</gpxtpx:hr></gpxtpx:TrackPointExtension></extensions></trkpt><trkpt lat="57.99487" lon="38.87424"><ele>121.0</ele><time>2021-10-10T10:27:52Z</time><extensions><gpxtpx:TrackPointExtension><gpxtpx:hr>116</gpxtpx:hr></gpxtpx:TrackPointExtension></extensions></trkpt><trkpt lat="57.994883" lon="38.87426"><ele>121.0</ele><time>2021-10-10T10:27:53Z</time><extensions><gpxtpx:TrackPointExtension><gpxtpx:hr>116</gpxtpx:hr></gpxtpx:TrackPointExtension></extensions></trkpt><trkpt lat="57.9949" lon="38.87428"><ele>121.0</ele><time>2021-10-10T10:27:54Z</time><extensions><gpxtpx:TrackPointExtension><gpxtpx:hr>116</gpxtpx:hr></gpxtpx:TrackPointExtension></extensions></trkpt><trkpt lat="57.994915" lon="38.874293"><ele>121.0</ele><time>2021-10-10T10:27:55Z</time><extensions><gpxtpx:TrackPointExtension><gpxtpx:hr>116</gpxtpx:hr></gpxtpx:TrackPointExtension></extensions></trkpt><trkpt lat="57.994925" lon="38.87431"><ele>121.0</ele><time>2021-10-10T10:27:56Z</time><extensions><gpxtpx:TrackPointExtension><gpxtpx:hr>116</gpxtpx:hr></gpxtpx:TrackPointExtension></extensions></trkpt><trkpt lat="57.994945" lon="38.87432"><ele>121.0</ele><time>2021-10-10T10:27:57Z</time><extensions><gpxtpx:TrackPointExtension><gpxtpx:hr>116</gpxtpx:hr></gpxtpx:TrackPointExtension></extensions></trkpt><trkpt lat="57.99496" lon="38.874335"><ele>121.0</ele><time>2021-10-10T10:27:58Z</time><extensions><gpxtpx:TrackPointExtension><gpxtpx:hr>116</gpxtpx:hr></gpxtpx:TrackPointExtension></extensions></trkpt><trkpt lat="57.994975" lon="38.87435"><ele>121.0</ele><time>2021-10-10T10:27:59Z</time><extensions><gpxtpx:TrackPointExtension><gpxtpx:hr>116</gpxtpx:hr></gpxtpx:TrackPointExtension></extensions></trkpt><trkpt lat="57.99499" lon="38.874367"><ele>121.0</ele><time>2021-10-10T10:28:00Z</time><extensions><gpxtpx:TrackPointExtension><gpxtpx:hr>116</gpxtpx:hr></gpxtpx:TrackPointExtension></extensions></trkpt><trkpt lat="57.995007" lon="38.874385"><ele>121.0</ele><time>2021-10-10T10:28:01Z</time><extensions><gpxtpx:TrackPointExtension><gpxtpx:hr>116</gpxtpx:hr></gpxtpx:TrackPointExtension></extensions></trkpt><trkpt lat="57.995017" lon="38.874405"><ele>121.0</ele><time>2021-10-10T10:28:02Z</time><extensions><gpxtpx:TrackPointExtension><gpxtpx:hr>116</gpxtpx:hr></gpxtpx:TrackPointExtension></extensions></trkpt><trkpt lat="57.99503" lon="38.874427"><ele>121.0</ele><time>2021-10-10T10:28:03Z</time><extensions><gpxtpx:TrackPointExtension><gpxtpx:hr>117</gpxtpx:hr></gpxtpx:TrackPointExtension></extensions></trkpt><trkpt lat="57.995037" lon="38.87445"><ele>121.0</ele><time>2021-10-10T10:28:04Z</time><extensions><gpxtpx:TrackPointExtension><gpxtpx:hr>118</gpxtpx:hr></gpxtpx:TrackPointExtension></extensions></trkpt><trkpt lat="57.995045" lon="38.87447"><ele>121.0</ele><time>2021-10-10T10:28:05Z</time><extensions><gpxtpx:TrackPointExtension><gpxtpx:hr>118</gpxtpx:hr></gpxtpx:TrackPointExtension></extensions></trkpt><trkpt lat="57.99505" lon="38.874492"><ele>121.0</ele><time>2021-10-10T10:28:06Z</time><extensions><gpxtpx:TrackPointExtension><gpxtpx:hr>119</gpxtpx:hr></gpxtpx:TrackPointExtension></extensions></trkpt><trkpt lat="57.995055" lon="38.874515"><ele>121.0</ele><time>2021-10-10T10:28:07Z</time><extensions><gpxtpx:TrackPointExtension><gpxtpx:hr>119</gpxtpx:hr></gpxtpx:TrackPointExtension></extensions></trkpt><trkpt lat="57.995063" lon="38.874535"><ele>121.0</ele><time>2021-10-10T10:28:08Z</time><extensions><gpxtpx:TrackPointExtension><gpxtpx:hr>118</gpxtpx:hr></gpxtpx:TrackPointExtension></extensions></trkpt><trkpt lat="57.995067" lon="38.87455"><ele>121.0</ele><time>2021-10-10T10:28:09Z</time><extensions><gpxtpx:TrackPointExtension><gpxtpx:hr>117</gpxtpx:hr></gpxtpx:TrackPointExtension></extensions></trkpt><trkpt lat="57.99508" lon="38.874565"><ele>121.0</ele><time>2021-10-10T10:28:10Z</time><extensions><gpxtpx:TrackPointExtension><gpxtpx:hr>116</gpxtpx:hr></gpxtpx:TrackPointExtension></extensions></trkpt><trkpt lat="57.995087" lon="38.874577"><ele>121.0</ele><time>2021-10-10T10:28:11Z</time><extensions><gpxtpx:TrackPointExtension><gpxtpx:hr>116</gpxtpx:hr></gpxtpx:TrackPointExtension></extensions></trkpt><trkpt lat="57.9951" lon="38.874587"><ele>121.0</ele><time>2021-10-10T10:28:12Z</time><extensions><gpxtpx:TrackPointExtension><gpxtpx:hr>117</gpxtpx:hr></gpxtpx:TrackPointExtension></extensions></trkpt><trkpt lat="57.995105" lon="38.874595"><ele>121.0</ele><time>2021-10-10T10:28:13Z</time><extensions><gpxtpx:TrackPointExtension><gpxtpx:hr>120</gpxtpx:hr></gpxtpx:TrackPointExtension></extensions></trkpt><trkpt lat="57.995117" lon="38.874602"><ele>121.0</ele><time>2021-10-10T10:28:14Z</time><extensions><gpxtpx:TrackPointExtension><gpxtpx:hr>120</gpxtpx:hr></gpxtpx:TrackPointExtension></extensions></trkpt><trkpt lat="57.99513" lon="38.874615"><ele>121.0</ele><time>2021-10-10T10:28:15Z</time><extensions><gpxtpx:TrackPointExtension><gpxtpx:hr>120</gpxtpx:hr></gpxtpx:TrackPointExtension></extensions></trkpt><trkpt lat="57.995132" lon="38.874622"><ele>121.0</ele><time>2021-10-10T10:28:16Z</time><extensions><gpxtpx:TrackPointExtension><gpxtpx:hr>120</gpxtpx:hr></gpxtpx:TrackPointExtension></extensions></trkpt><trkpt lat="57.995132" lon="38.87463"><ele>121.0</ele><time>2021-10-10T10:28:17Z</time><extensions><gpxtpx:TrackPointExtension><gpxtpx:hr>120</gpxtpx:hr></gpxtpx:TrackPointExtension></extensions></trkpt><trkpt lat="57.995132" lon="38.874633"><ele>121.0</ele><time>2021-10-10T10:28:18Z</time><extensions><gpxtpx:TrackPointExtension><gpxtpx:hr>120</gpxtpx:hr></gpxtpx:TrackPointExtension></extensions></trkpt><trkpt lat="57.99513" lon="38.874637"><ele>121.0</ele><time>2021-10-10T10:28:19Z</time><extensions><gpxtpx:TrackPointExtension><gpxtpx:hr>121</gpxtpx:hr></gpxtpx:TrackPointExtension></extensions></trkpt><trkpt lat="57.99513" lon="38.874633"><ele>121.0</ele><time>2021-10-10T10:28:23Z</time><extensions><gpxtpx:TrackPointExtension><gpxtpx:hr>121</gpxtpx:hr></gpxtpx:TrackPointExtension></extensions></trkpt><trkpt lat="57.99513" lon="38.87463"><ele>121.0</ele><time>2021-10-10T10:28:24Z</time><extensions><gpxtpx:TrackPointExtension><gpxtpx:hr>120</gpxtpx:hr></gpxtpx:TrackPointExtension></extensions></trkpt><trkpt lat="57.995132" lon="38.87462"><ele>121.0</ele><time>2021-10-10T10:28:25Z</time><extensions><gpxtpx:TrackPointExtension><gpxtpx:hr>120</gpxtpx:hr></gpxtpx:TrackPointExtension></extensions></trkpt><trkpt lat="57.995132" lon="38.8746"><ele>121.0</ele><time>2021-10-10T10:28:26Z</time><extensions><gpxtpx:TrackPointExtension><gpxtpx:hr>120</gpxtpx:hr></gpxtpx:TrackPointExtension></extensions></trkpt><trkpt lat="57.995135" lon="38.874565"><ele>121.0</ele><time>2021-10-10T10:28:27Z</time><extensions><gpxtpx:TrackPointExtension><gpxtpx:hr>118</gpxtpx:hr></gpxtpx:TrackPointExtension></extensions></trkpt><trkpt lat="57.995143" lon="38.874527"><ele>121.0</ele><time>2021-10-10T10:28:28Z</time><extensions><gpxtpx:TrackPointExtension><gpxtpx:hr>118</gpxtpx:hr></gpxtpx:TrackPointExtension></extensions></trkpt><trkpt lat="57.99515" lon="38.87448"><ele>121.0</ele><time>2021-10-10T10:28:29Z</time><extensions><gpxtpx:TrackPointExtension><gpxtpx:hr>118</gpxtpx:hr></gpxtpx:TrackPointExtension></extensions></trkpt><trkpt lat="57.99516" lon="38.874435"><ele>121.0</ele><time>2021-10-10T10:28:30Z</time><extensions><gpxtpx:TrackPointExtension><gpxtpx:hr>117</gpxtpx:hr></gpxtpx:TrackPointExtension></extensions></trkpt><trkpt lat="57.995162" lon="38.874385"><ele>121.0</ele><time>2021-10-10T10:28:31Z</time><extensions><gpxtpx:TrackPointExtension><gpxtpx:hr>117</gpxtpx:hr></gpxtpx:TrackPointExtension></extensions></trkpt><trkpt lat="57.99517" lon="38.874332"><ele>121.0</ele><time>2021-10-10T10:28:32Z</time><extensions><gpxtpx:TrackPointExtension><gpxtpx:hr>119</gpxtpx:hr></gpxtpx:TrackPointExtension></extensions></trkpt><trkpt lat="57.99518" lon="38.874287"><ele>121.0</ele><time>2021-10-10T10:28:33Z</time><extensions><gpxtpx:TrackPointExtension><gpxtpx:hr>117</gpxtpx:hr></gpxtpx:TrackPointExtension></extensions></trkpt><trkpt lat="57.995185" lon="38.874232"><ele>121.0</ele><time>2021-10-10T10:28:34Z</time><extensions><gpxtpx:TrackPointExtension><gpxtpx:hr>116</gpxtpx:hr></gpxtpx:TrackPointExtension></extensions></trkpt><trkpt lat="57.995192" lon="38.874183"><ele>121.0</ele><time>2021-10-10T10:28:35Z</time><extensions><gpxtpx:TrackPointExtension><gpxtpx:hr>116</gpxtpx:hr></gpxtpx:TrackPointExtension></extensions></trkpt><trkpt lat="57.9952" lon="38.87413"><ele>121.0</ele><time>2021-10-10T10:28:36Z</time><extensions><gpxtpx:TrackPointExtension><gpxtpx:hr>122</gpxtpx:hr></gpxtpx:TrackPointExtension></extensions></trkpt><trkpt lat="57.9952" lon="38.87408"><ele>121.0</ele><time>2021-10-10T10:28:37Z</time><extensions><gpxtpx:TrackPointExtension><gpxtpx:hr>122</gpxtpx:hr></gpxtpx:TrackPointExtension></extensions></trkpt><trkpt lat="57.9952" lon="38.874042"><ele>121.0</ele><time>2021-10-10T10:28:38Z</time><extensions><gpxtpx:TrackPointExtension><gpxtpx:hr>122</gpxtpx:hr></gpxtpx:TrackPointExtension></extensions></trkpt><trkpt lat="57.9952" lon="38.87401"><ele>121.0</ele><time>2021-10-10T10:28:38Z</time><extensions><gpxtpx:TrackPointExtension><gpxtpx:hr>122</gpxtpx:hr></gpxtpx:TrackPointExtension></extensions></trkpt><trkpt lat="57.995197" lon="38.87398"><ele>121.0</ele><time>2021-10-10T10:28:39Z</time><extensions><gpxtpx:TrackPointExtension><gpxtpx:hr>122</gpxtpx:hr></gpxtpx:TrackPointExtension></extensions></trkpt><trkpt lat="57.99519" lon="38.87396"><ele>121.0</ele><time>2021-10-10T10:28:40Z</time><extensions><gpxtpx:TrackPointExtension><gpxtpx:hr>122</gpxtpx:hr></gpxtpx:TrackPointExtension></extensions></trkpt><trkpt lat="57.995185" lon="38.87394"><ele>121.0</ele><time>2021-10-10T10:28:41Z</time><extensions><gpxtpx:TrackPointExtension><gpxtpx:hr>122</gpxtpx:hr></gpxtpx:TrackPointExtension></extensions></trkpt><trkpt lat="57.99518" lon="38.873917"><ele>121.0</ele><time>2021-10-10T10:28:42Z</time><extensions><gpxtpx:TrackPointExtension><gpxtpx:hr>122</gpxtpx:hr></gpxtpx:TrackPointExtension></extensions></trkpt><trkpt lat="57.99517" lon="38.87389"><ele>121.0</ele><time>2021-10-10T10:28:43Z</time><extensions><gpxtpx:TrackPointExtension><gpxtpx:hr>122</gpxtpx:hr></gpxtpx:TrackPointExtension></extensions></trkpt><trkpt lat="57.995162" lon="38.873867"><ele>121.0</ele><time>2021-10-10T10:28:44Z</time><extensions><gpxtpx:TrackPointExtension><gpxtpx:hr>122</gpxtpx:hr></gpxtpx:TrackPointExtension></extensions></trkpt><trkpt lat="57.995155" lon="38.873843"><ele>121.0</ele><time>2021-10-10T10:28:45Z</time><extensions><gpxtpx:TrackPointExtension><gpxtpx:hr>122</gpxtpx:hr></gpxtpx:TrackPointExtension></extensions></trkpt><trkpt lat="57.995147" lon="38.87382"><ele>121.0</ele><time>2021-10-10T10:28:46Z</time><extensions><gpxtpx:TrackPointExtension><gpxtpx:hr>122</gpxtpx:hr></gpxtpx:TrackPointExtension></extensions></trkpt><trkpt lat="57.995143" lon="38.8738"><ele>121.0</ele><time>2021-10-10T10:28:47Z</time><extensions><gpxtpx:TrackPointExtension><gpxtpx:hr>122</gpxtpx:hr></gpxtpx:TrackPointExtension></extensions></trkpt><trkpt lat="57.995135" lon="38.873775"><ele>121.0</ele><time>2021-10-10T10:28:48Z</time><extensions><gpxtpx:TrackPointExtension><gpxtpx:hr>122</gpxtpx:hr></gpxtpx:TrackPointExtension></extensions></trkpt><trkpt lat="57.99513" lon="38.873752"><ele>121.0</ele><time>2021-10-10T10:28:49Z</time><extensions><gpxtpx:TrackPointExtension><gpxtpx:hr>122</gpxtpx:hr></gpxtpx:TrackPointExtension></extensions></trkpt><trkpt lat="57.99512" lon="38.873737"><ele>121.0</ele><time>2021-10-10T10:28:50Z</time><extensions><gpxtpx:TrackPointExtension><gpxtpx:hr>122</gpxtpx:hr></gpxtpx:TrackPointExtension></extensions></trkpt><trkpt lat="57.99511" lon="38.873713"><ele>121.0</ele><time>2021-10-10T10:28:51Z</time><extensions><gpxtpx:TrackPointExtension><gpxtpx:hr>122</gpxtpx:hr></gpxtpx:TrackPointExtension></extensions></trkpt><trkpt lat="57.995102" lon="38.87369"><ele>121.0</ele><time>2021-10-10T10:28:52Z</time><extensions><gpxtpx:TrackPointExtension><gpxtpx:hr>122</gpxtpx:hr></gpxtpx:TrackPointExtension></extensions></trkpt><trkpt lat="57.995093" lon="38.873665"><ele>121.0</ele><time>2021-10-10T10:28:53Z</time><extensions><gpxtpx:TrackPointExtension><gpxtpx:hr>122</gpxtpx:hr></gpxtpx:TrackPointExtension></extensions></trkpt><trkpt lat="57.995087" lon="38.873642"><ele>121.0</ele><time>2021-10-10T10:28:54Z</time><extensions><gpxtpx:TrackPointExtension><gpxtpx:hr>122</gpxtpx:hr></gpxtpx:TrackPointExtension></extensions></trkpt><trkpt lat="57.99508" lon="38.873615"><ele>121.0</ele><time>2021-10-10T10:28:55Z</time><extensions><gpxtpx:TrackPointExtension><gpxtpx:hr>122</gpxtpx:hr></gpxtpx:TrackPointExtension></extensions></trkpt><trkpt lat="57.995075" lon="38.87359"><ele>121.0</ele><time>2021-10-10T10:28:56Z</time><extensions><gpxtpx:TrackPointExtension><gpxtpx:hr>121</gpxtpx:hr></gpxtpx:TrackPointExtension></extensions></trkpt><trkpt lat="57.99507" lon="38.873557"><ele>121.0</ele><time>2021-10-10T10:28:57Z</time><extensions><gpxtpx:TrackPointExtension><gpxtpx:hr>121</gpxtpx:hr></gpxtpx:TrackPointExtension></extensions></trkpt><trkpt lat="57.995063" lon="38.873527"><ele>121.0</ele><time>2021-10-10T10:28:58Z</time><extensions><gpxtpx:TrackPointExtension><gpxtpx:hr>122</gpxtpx:hr></gpxtpx:TrackPointExtension></extensions></trkpt><trkpt lat="57.99506" lon="38.8735"><ele>121.0</ele><time>2021-10-10T10:28:59Z</time><extensions><gpxtpx:TrackPointExtension><gpxtpx:hr>122</gpxtpx:hr></gpxtpx:TrackPointExtension></extensions></trkpt><trkpt lat="57.995055" lon="38.873462"><ele>121.0</ele><time>2021-10-10T10:29:00Z</time><extensions><gpxtpx:TrackPointExtension><gpxtpx:hr>122</gpxtpx:hr></gpxtpx:TrackPointExtension></extensions></trkpt><trkpt lat="57.995052" lon="38.87342"><ele>121.0</ele><time>2021-10-10T10:29:01Z</time><extensions><gpxtpx:TrackPointExtension><gpxtpx:hr>123</gpxtpx:hr></gpxtpx:TrackPointExtension></extensions></trkpt><trkpt lat="57.99505" lon="38.87338"><ele>121.0</ele><time>2021-10-10T10:29:02Z</time><extensions><gpxtpx:TrackPointExtension><gpxtpx:hr>124</gpxtpx:hr></gpxtpx:TrackPointExtension></extensions></trkpt><trkpt lat="57.995052" lon="38.87333"><ele>121.0</ele><time>2021-10-10T10:29:03Z</time><extensions><gpxtpx:TrackPointExtension><gpxtpx:hr>125</gpxtpx:hr></gpxtpx:TrackPointExtension></extensions></trkpt><trkpt lat="57.995052" lon="38.873282"><ele>121.0</ele><time>2021-10-10T10:29:04Z</time><extensions><gpxtpx:TrackPointExtension><gpxtpx:hr>125</gpxtpx:hr></gpxtpx:TrackPointExtension></extensions></trkpt><trkpt lat="57.995055" lon="38.873237"><ele>121.0</ele><time>2021-10-10T10:29:05Z</time><extensions><gpxtpx:TrackPointExtension><gpxtpx:hr>129</gpxtpx:hr></gpxtpx:TrackPointExtension></extensions></trkpt><trkpt lat="57.995063" lon="38.87319"><ele>121.0</ele><time>2021-10-10T10:29:06Z</time><extensions><gpxtpx:TrackPointExtension><gpxtpx:hr>131</gpxtpx:hr></gpxtpx:TrackPointExtension></extensions></trkpt><trkpt lat="57.99507" lon="38.873145"><ele>121.0</ele><time>2021-10-10T10:29:07Z</time><extensions><gpxtpx:TrackPointExtension><gpxtpx:hr>131</gpxtpx:hr></gpxtpx:TrackPointExtension></extensions></trkpt><trkpt lat="57.995075" lon="38.873092"><ele>121.0</ele><time>2021-10-10T10:29:08Z</time><extensions><gpxtpx:TrackPointExtension><gpxtpx:hr>132</gpxtpx:hr></gpxtpx:TrackPointExtension></extensions></trkpt><trkpt lat="57.99508" lon="38.87304"><ele>121.0</ele><time>2021-10-10T10:29:09Z</time><extensions><gpxtpx:TrackPointExtension><gpxtpx:hr>134</gpxtpx:hr></gpxtpx:TrackPointExtension></extensions></trkpt><trkpt lat="57.995082" lon="38.87299"><ele>121.0</ele><time>2021-10-10T10:29:10Z</time><extensions><gpxtpx:TrackPointExtension><gpxtpx:hr>134</gpxtpx:hr></gpxtpx:TrackPointExtension></extensions></trkpt><trkpt lat="57.995087" lon="38.872935"><ele>121.0</ele><time>2021-10-10T10:29:11Z</time><extensions><gpxtpx:TrackPointExtension><gpxtpx:hr>135</gpxtpx:hr></gpxtpx:TrackPointExtension></extensions></trkpt><trkpt lat="57.99509" lon="38.872882"><ele>121.0</ele><time>2021-10-10T10:29:12Z</time><extensions><gpxtpx:TrackPointExtension><gpxtpx:hr>141</gpxtpx:hr></gpxtpx:TrackPointExtension></extensions></trkpt><trkpt lat="57.9951" lon="38.872825"><ele>121.0</ele><time>2021-10-10T10:29:13Z</time><extensions><gpxtpx:TrackPointExtension><gpxtpx:hr>144</gpxtpx:hr></gpxtpx:TrackPointExtension></extensions></trkpt><trkpt lat="57.99511" lon="38.872775"><ele>121.0</ele><time>2021-10-10T10:29:14Z</time><extensions><gpxtpx:TrackPointExtension><gpxtpx:hr>146</gpxtpx:hr></gpxtpx:TrackPointExtension></extensions></trkpt><trkpt lat="57.995117" lon="38.87273"><ele>121.0</ele><time>2021-10-10T10:29:15Z</time><extensions><gpxtpx:TrackPointExtension><gpxtpx:hr>147</gpxtpx:hr></gpxtpx:TrackPointExtension></extensions></trkpt><trkpt lat="57.995125" lon="38.872683"><ele>121.0</ele><time>2021-10-10T10:29:16Z</time><extensions><gpxtpx:TrackPointExtension><gpxtpx:hr>147</gpxtpx:hr></gpxtpx:TrackPointExtension></extensions></trkpt><trkpt lat="57.99513" lon="38.872645"><ele>121.0</ele><time>2021-10-10T10:29:17Z</time><extensions><gpxtpx:TrackPointExtension><gpxtpx:hr>148</gpxtpx:hr></gpxtpx:TrackPointExtension></extensions></trkpt><trkpt lat="57.99513" lon="38.872612"><ele>121.0</ele><time>2021-10-10T10:29:18Z</time><extensions><gpxtpx:TrackPointExtension><gpxtpx:hr>148</gpxtpx:hr></gpxtpx:TrackPointExtension></extensions></trkpt><trkpt lat="57.99512" lon="38.872573"><ele>121.0</ele><time>2021-10-10T10:29:19Z</time><extensions><gpxtpx:TrackPointExtension><gpxtpx:hr>128</gpxtpx:hr></gpxtpx:TrackPointExtension></extensions></trkpt><trkpt lat="57.995112" lon="38.872542"><ele>121.0</ele><time>2021-10-10T10:29:20Z</time><extensions><gpxtpx:TrackPointExtension><gpxtpx:hr>128</gpxtpx:hr></gpxtpx:TrackPointExtension></extensions></trkpt><trkpt lat="57.99511" lon="38.872517"><ele>121.0</ele><time>2021-10-10T10:29:21Z</time><extensions><gpxtpx:TrackPointExtension><gpxtpx:hr>128</gpxtpx:hr></gpxtpx:TrackPointExtension></extensions></trkpt><trkpt lat="57.995102" lon="38.872493"><ele>121.0</ele><time>2021-10-10T10:29:22Z</time><extensions><gpxtpx:TrackPointExtension><gpxtpx:hr>128</gpxtpx:hr></gpxtpx:TrackPointExtension></extensions></trkpt><trkpt lat="57.995093" lon="38.872475"><ele>121.0</ele><time>2021-10-10T10:29:23Z</time><extensions><gpxtpx:TrackPointExtension><gpxtpx:hr>128</gpxtpx:hr></gpxtpx:TrackPointExtension></extensions></trkpt><trkpt lat="57.995087" lon="38.87245"><ele>121.0</ele><time>2021-10-10T10:29:24Z</time><extensions><gpxtpx:TrackPointExtension><gpxtpx:hr>128</gpxtpx:hr></gpxtpx:TrackPointExtension></extensions></trkpt><trkpt lat="57.99508" lon="38.872432"><ele>121.0</ele><time>2021-10-10T10:29:25Z</time><extensions><gpxtpx:TrackPointExtension><gpxtpx:hr>128</gpxtpx:hr></gpxtpx:TrackPointExtension></extensions></trkpt><trkpt lat="57.995067" lon="38.87241"><ele>121.0</ele><time>2021-10-10T10:29:26Z</time><extensions><gpxtpx:TrackPointExtension><gpxtpx:hr>128</gpxtpx:hr></gpxtpx:TrackPointExtension></extensions></trkpt><trkpt lat="57.995055" lon="38.87239"><ele>121.0</ele><time>2021-10-10T10:29:27Z</time><extensions><gpxtpx:TrackPointExtension><gpxtpx:hr>128</gpxtpx:hr></gpxtpx:TrackPointExtension></extensions></trkpt><trkpt lat="57.995045" lon="38.872373"><ele>121.0</ele><time>2021-10-10T10:29:28Z</time><extensions><gpxtpx:TrackPointExtension><gpxtpx:hr>128</gpxtpx:hr></gpxtpx:TrackPointExtension></extensions></trkpt><trkpt lat="57.99503" lon="38.87236"><ele>121.0</ele><time>2021-10-10T10:29:29Z</time><extensions><gpxtpx:TrackPointExtension><gpxtpx:hr>128</gpxtpx:hr></gpxtpx:TrackPointExtension></extensions></trkpt><trkpt lat="57.995017" lon="38.87234"><ele>121.0</ele><time>2021-10-10T10:29:30Z</time><extensions><gpxtpx:TrackPointExtension><gpxtpx:hr>128</gpxtpx:hr></gpxtpx:TrackPointExtension></extensions></trkpt><trkpt lat="57.995007" lon="38.87233"><ele>121.0</ele><time>2021-10-10T10:29:31Z</time><extensions><gpxtpx:TrackPointExtension><gpxtpx:hr>128</gpxtpx:hr></gpxtpx:TrackPointExtension></extensions></trkpt><trkpt lat="57.994995" lon="38.87231"><ele>121.0</ele><time>2021-10-10T10:29:32Z</time><extensions><gpxtpx:TrackPointExtension><gpxtpx:hr>128</gpxtpx:hr></gpxtpx:TrackPointExtension></extensions></trkpt><trkpt lat="57.994978" lon="38.87229"><ele>121.0</ele><time>2021-10-10T10:29:33Z</time><extensions><gpxtpx:TrackPointExtension><gpxtpx:hr>118</gpxtpx:hr></gpxtpx:TrackPointExtension></extensions></trkpt><trkpt lat="57.994965" lon="38.872272"><ele>121.0</ele><time>2021-10-10T10:29:34Z</time><extensions><gpxtpx:TrackPointExtension><gpxtpx:hr>118</gpxtpx:hr></gpxtpx:TrackPointExtension></extensions></trkpt><trkpt lat="57.99495" lon="38.87225"><ele>121.0</ele><time>2021-10-10T10:29:35Z</time><extensions><gpxtpx:TrackPointExtension><gpxtpx:hr>115</gpxtpx:hr></gpxtpx:TrackPointExtension></extensions></trkpt><trkpt lat="57.994933" lon="38.872233"><ele>121.0</ele><time>2021-10-10T10:29:36Z</time><extensions><gpxtpx:TrackPointExtension><gpxtpx:hr>115</gpxtpx:hr></gpxtpx:TrackPointExtension></extensions></trkpt><trkpt lat="57.994915" lon="38.872215"><ele>121.0</ele><time>2021-10-10T10:29:37Z</time><extensions><gpxtpx:TrackPointExtension><gpxtpx:hr>114</gpxtpx:hr></gpxtpx:TrackPointExtension></extensions></trkpt><trkpt lat="57.994895" lon="38.8722"><ele>121.0</ele><time>2021-10-10T10:29:38Z</time><extensions><gpxtpx:TrackPointExtension><gpxtpx:hr>114</gpxtpx:hr></gpxtpx:TrackPointExtension></extensions></trkpt><trkpt lat="57.994877" lon="38.872185"><ele>121.0</ele><time>2021-10-10T10:29:39Z</time><extensions><gpxtpx:TrackPointExtension><gpxtpx:hr>113</gpxtpx:hr></gpxtpx:TrackPointExtension></extensions></trkpt><trkpt lat="57.99485" lon="38.872172"><ele>121.0</ele><time>2021-10-10T10:29:40Z</time><extensions><gpxtpx:TrackPointExtension><gpxtpx:hr>113</gpxtpx:hr></gpxtpx:TrackPointExtension></extensions></trkpt><trkpt lat="57.994827" lon="38.872165"><ele>121.0</ele><time>2021-10-10T10:29:41Z</time><extensions><gpxtpx:TrackPointExtension><gpxtpx:hr>113</gpxtpx:hr></gpxtpx:TrackPointExtension></extensions></trkpt><trkpt lat="57.9948" lon="38.87216"><ele>121.0</ele><time>2021-10-10T10:29:42Z</time><extensions><gpxtpx:TrackPointExtension><gpxtpx:hr>113</gpxtpx:hr></gpxtpx:TrackPointExtension></extensions></trkpt><trkpt lat="57.994773" lon="38.872157"><ele>121.0</ele><time>2021-10-10T10:29:43Z</time><extensions><gpxtpx:TrackPointExtension><gpxtpx:hr>114</gpxtpx:hr></gpxtpx:TrackPointExtension></extensions></trkpt><trkpt lat="57.994747" lon="38.872157"><ele>121.0</ele><time>2021-10-10T10:29:44Z</time><extensions><gpxtpx:TrackPointExtension><gpxtpx:hr>114</gpxtpx:hr></gpxtpx:TrackPointExtension></extensions></trkpt><trkpt lat="57.994717" lon="38.872153"><ele>121.0</ele><time>2021-10-10T10:29:45Z</time><extensions><gpxtpx:TrackPointExtension><gpxtpx:hr>113</gpxtpx:hr></gpxtpx:TrackPointExtension></extensions></trkpt><trkpt lat="57.994682" lon="38.872147"><ele>121.0</ele><time>2021-10-10T10:29:46Z</time><extensions><gpxtpx:TrackPointExtension><gpxtpx:hr>113</gpxtpx:hr></gpxtpx:TrackPointExtension></extensions></trkpt><trkpt lat="57.99465" lon="38.872142"><ele>121.0</ele><time>2021-10-10T10:29:47Z</time><extensions><gpxtpx:TrackPointExtension><gpxtpx:hr>113</gpxtpx:hr></gpxtpx:TrackPointExtension></extensions></trkpt><trkpt lat="57.99462" lon="38.872135"><ele>121.0</ele><time>2021-10-10T10:29:48Z</time><extensions><gpxtpx:TrackPointExtension><gpxtpx:hr>113</gpxtpx:hr></gpxtpx:TrackPointExtension></extensions></trkpt><trkpt lat="57.994595" lon="38.872127"><ele>121.0</ele><time>2021-10-10T10:29:49Z</time><extensions><gpxtpx:TrackPointExtension><gpxtpx:hr>114</gpxtpx:hr></gpxtpx:TrackPointExtension></extensions></trkpt><trkpt lat="57.994567" lon="38.872115"><ele>121.0</ele><time>2021-10-10T10:29:50Z</time><extensions><gpxtpx:TrackPointExtension><gpxtpx:hr>114</gpxtpx:hr></gpxtpx:TrackPointExtension></extensions></trkpt><trkpt lat="57.99454" lon="38.872097"><ele>121.0</ele><time>2021-10-10T10:29:51Z</time><extensions><gpxtpx:TrackPointExtension><gpxtpx:hr>115</gpxtpx:hr></gpxtpx:TrackPointExtension></extensions></trkpt><trkpt lat="57.994513" lon="38.872077"><ele>121.0</ele><time>2021-10-10T10:29:52Z</time><extensions><gpxtpx:TrackPointExtension><gpxtpx:hr>115</gpxtpx:hr></gpxtpx:TrackPointExtension></extensions></trkpt><trkpt lat="57.99449" lon="38.87206"><ele>121.0</ele><time>2021-10-10T10:29:53Z</time><extensions><gpxtpx:TrackPointExtension><gpxtpx:hr>118</gpxtpx:hr></gpxtpx:TrackPointExtension></extensions></trkpt><trkpt lat="57.994472" lon="38.872032"><ele>121.0</ele><time>2021-10-10T10:29:54Z</time><extensions><gpxtpx:TrackPointExtension><gpxtpx:hr>118</gpxtpx:hr></gpxtpx:TrackPointExtension></extensions></trkpt><trkpt lat="57.994457" lon="38.87201"><ele>121.0</ele><time>2021-10-10T10:29:55Z</time><extensions><gpxtpx:TrackPointExtension><gpxtpx:hr>118</gpxtpx:hr></gpxtpx:TrackPointExtension></extensions></trkpt><trkpt lat="57.994445" lon="38.871985"><ele>121.0</ele><time>2021-10-10T10:29:56Z</time><extensions><gpxtpx:TrackPointExtension><gpxtpx:hr>118</gpxtpx:hr></gpxtpx:TrackPointExtension></extensions></trkpt><trkpt lat="57.99444" lon="38.871963"><ele>121.0</ele><time>2021-10-10T10:29:57Z</time><extensions><gpxtpx:TrackPointExtension><gpxtpx:hr>118</gpxtpx:hr></gpxtpx:TrackPointExtension></extensions></trkpt><trkpt lat="57.99443" lon="38.87194"><ele>121.0</ele><time>2021-10-10T10:29:58Z</time><extensions><gpxtpx:TrackPointExtension><gpxtpx:hr>118</gpxtpx:hr></gpxtpx:TrackPointExtension></extensions></trkpt><trkpt lat="57.994422" lon="38.87192"><ele>121.0</ele><time>2021-10-10T10:29:59Z</time><extensions><gpxtpx:TrackPointExtension><gpxtpx:hr>118</gpxtpx:hr></gpxtpx:TrackPointExtension></extensions></trkpt><trkpt lat="57.994415" lon="38.871902"><ele>121.0</ele><time>2021-10-10T10:30:00Z</time><extensions><gpxtpx:TrackPointExtension><gpxtpx:hr>118</gpxtpx:hr></gpxtpx:TrackPointExtension></extensions></trkpt><trkpt lat="57.994407" lon="38.871887"><ele>121.0</ele><time>2021-10-10T10:30:01Z</time><extensions><gpxtpx:TrackPointExtension><gpxtpx:hr>118</gpxtpx:hr></gpxtpx:TrackPointExtension></extensions></trkpt><trkpt lat="57.994395" lon="38.871872"><ele>121.0</ele><time>2021-10-10T10:30:02Z</time><extensions><gpxtpx:TrackPointExtension><gpxtpx:hr>118</gpxtpx:hr></gpxtpx:TrackPointExtension></extensions></trkpt><trkpt lat="57.994385" lon="38.871857"><ele>121.0</ele><time>2021-10-10T10:30:03Z</time><extensions><gpxtpx:TrackPointExtension><gpxtpx:hr>118</gpxtpx:hr></gpxtpx:TrackPointExtension></extensions></trkpt><trkpt lat="57.994372" lon="38.871845"><ele>121.0</ele><time>2021-10-10T10:30:04Z</time><extensions><gpxtpx:TrackPointExtension><gpxtpx:hr>118</gpxtpx:hr></gpxtpx:TrackPointExtension></extensions></trkpt><trkpt lat="57.994357" lon="38.871837"><ele>121.0</ele><time>2021-10-10T10:30:05Z</time><extensions><gpxtpx:TrackPointExtension><gpxtpx:hr>118</gpxtpx:hr></gpxtpx:TrackPointExtension></extensions></trkpt><trkpt lat="57.994342" lon="38.871825"><ele>121.0</ele><time>2021-10-10T10:30:06Z</time><extensions><gpxtpx:TrackPointExtension><gpxtpx:hr>118</gpxtpx:hr></gpxtpx:TrackPointExtension></extensions></trkpt><trkpt lat="57.994327" lon="38.871815"><ele>121.0</ele><time>2021-10-10T10:30:07Z</time><extensions><gpxtpx:TrackPointExtension><gpxtpx:hr>117</gpxtpx:hr></gpxtpx:TrackPointExtension></extensions></trkpt><trkpt lat="57.994312" lon="38.871802"><ele>121.0</ele><time>2021-10-10T10:30:08Z</time><extensions><gpxtpx:TrackPointExtension><gpxtpx:hr>117</gpxtpx:hr></gpxtpx:TrackPointExtension></extensions></trkpt><trkpt lat="57.994297" lon="38.871783"><ele>121.0</ele><time>2021-10-10T10:30:09Z</time><extensions><gpxtpx:TrackPointExtension><gpxtpx:hr>118</gpxtpx:hr></gpxtpx:TrackPointExtension></extensions></trkpt><trkpt lat="57.99429" lon="38.871765"><ele>121.0</ele><time>2021-10-10T10:30:10Z</time><extensions><gpxtpx:TrackPointExtension><gpxtpx:hr>118</gpxtpx:hr></gpxtpx:TrackPointExtension></extensions></trkpt><trkpt lat="57.994285" lon="38.871742"><ele>121.0</ele><time>2021-10-10T10:30:11Z</time><extensions><gpxtpx:TrackPointExtension><gpxtpx:hr>118</gpxtpx:hr></gpxtpx:TrackPointExtension></extensions></trkpt><trkpt lat="57.99428" lon="38.87172"><ele>121.0</ele><time>2021-10-10T10:30:12Z</time><extensions><gpxtpx:TrackPointExtension><gpxtpx:hr>118</gpxtpx:hr></gpxtpx:TrackPointExtension></extensions></trkpt><trkpt lat="57.99428" lon="38.871695"><ele>121.0</ele><time>2021-10-10T10:30:13Z</time><extensions><gpxtpx:TrackPointExtension><gpxtpx:hr>118</gpxtpx:hr></gpxtpx:TrackPointExtension></extensions></trkpt><trkpt lat="57.99428" lon="38.871673"><ele>121.0</ele><time>2021-10-10T10:30:14Z</time><extensions><gpxtpx:TrackPointExtension><gpxtpx:hr>119</gpxtpx:hr></gpxtpx:TrackPointExtension></extensions></trkpt><trkpt lat="57.994285" lon="38.871655"><ele>121.0</ele><time>2021-10-10T10:30:15Z</time><extensions><gpxtpx:TrackPointExtension><gpxtpx:hr>119</gpxtpx:hr></gpxtpx:TrackPointExtension></extensions></trkpt><trkpt lat="57.99429" lon="38.87163"><ele>121.0</ele><time>2021-10-10T10:30:16Z</time><extensions><gpxtpx:TrackPointExtension><gpxtpx:hr>119</gpxtpx:hr></gpxtpx:TrackPointExtension></extensions></trkpt><trkpt lat="57.994292" lon="38.871612"><ele>121.0</ele><time>2021-10-10T10:30:17Z</time><extensions><gpxtpx:TrackPointExtension><gpxtpx:hr>119</gpxtpx:hr></gpxtpx:TrackPointExtension></extensions></trkpt><trkpt lat="57.994297" lon="38.871592"><ele>121.0</ele><time>2021-10-10T10:30:18Z</time><extensions><gpxtpx:TrackPointExtension><gpxtpx:hr>119</gpxtpx:hr></gpxtpx:TrackPointExtension></extensions></trkpt><trkpt lat="57.994297" lon="38.87157"><ele>121.0</ele><time>2021-10-10T10:30:19Z</time><extensions><gpxtpx:TrackPointExtension><gpxtpx:hr>119</gpxtpx:hr></gpxtpx:TrackPointExtension></extensions></trkpt><trkpt lat="57.9943" lon="38.87155"><ele>121.0</ele><time>2021-10-10T10:30:20Z</time><extensions><gpxtpx:TrackPointExtension><gpxtpx:hr>119</gpxtpx:hr></gpxtpx:TrackPointExtension></extensions></trkpt><trkpt lat="57.9943" lon="38.87153"><ele>121.0</ele><time>2021-10-10T10:30:21Z</time><extensions><gpxtpx:TrackPointExtension><gpxtpx:hr>120</gpxtpx:hr></gpxtpx:TrackPointExtension></extensions></trkpt><trkpt lat="57.9943" lon="38.87151"><ele>121.0</ele><time>2021-10-10T10:30:22Z</time><extensions><gpxtpx:TrackPointExtension><gpxtpx:hr>120</gpxtpx:hr></gpxtpx:TrackPointExtension></extensions></trkpt><trkpt lat="57.9943" lon="38.871487"><ele>121.0</ele><time>2021-10-10T10:30:23Z</time><extensions><gpxtpx:TrackPointExtension><gpxtpx:hr>122</gpxtpx:hr></gpxtpx:TrackPointExtension></extensions></trkpt><trkpt lat="57.994303" lon="38.871463"><ele>121.0</ele><time>2021-10-10T10:30:24Z</time><extensions><gpxtpx:TrackPointExtension><gpxtpx:hr>122</gpxtpx:hr></gpxtpx:TrackPointExtension></extensions></trkpt><trkpt lat="57.994303" lon="38.87144"><ele>121.0</ele><time>2021-10-10T10:30:25Z</time><extensions><gpxtpx:TrackPointExtension><gpxtpx:hr>123</gpxtpx:hr></gpxtpx:TrackPointExtension></extensions></trkpt><trkpt lat="57.994303" lon="38.871413"><ele>121.0</ele><time>2021-10-10T10:30:26Z</time><extensions><gpxtpx:TrackPointExtension><gpxtpx:hr>123</gpxtpx:hr></gpxtpx:TrackPointExtension></extensions></trkpt><trkpt lat="57.99431" lon="38.871388"><ele>121.0</ele><time>2021-10-10T10:30:27Z</time><extensions><gpxtpx:TrackPointExtension><gpxtpx:hr>122</gpxtpx:hr></gpxtpx:TrackPointExtension></extensions></trkpt><trkpt lat="57.99431" lon="38.87137"><ele>121.0</ele><time>2021-10-10T10:30:28Z</time><extensions><gpxtpx:TrackPointExtension><gpxtpx:hr>122</gpxtpx:hr></gpxtpx:TrackPointExtension></extensions></trkpt><trkpt lat="57.994312" lon="38.871345"><ele>121.0</ele><time>2021-10-10T10:30:29Z</time><extensions><gpxtpx:TrackPointExtension><gpxtpx:hr>122</gpxtpx:hr></gpxtpx:TrackPointExtension></extensions></trkpt><trkpt lat="57.994312" lon="38.871322"><ele>121.0</ele><time>2021-10-10T10:30:30Z</time><extensions><gpxtpx:TrackPointExtension><gpxtpx:hr>120</gpxtpx:hr></gpxtpx:TrackPointExtension></extensions></trkpt><trkpt lat="57.994312" lon="38.8713"><ele>121.0</ele><time>2021-10-10T10:30:31Z</time><extensions><gpxtpx:TrackPointExtension><gpxtpx:hr>120</gpxtpx:hr></gpxtpx:TrackPointExtension></extensions></trkpt><trkpt lat="57.99431" lon="38.87128"><ele>121.0</ele><time>2021-10-10T10:30:32Z</time><extensions><gpxtpx:TrackPointExtension><gpxtpx:hr>122</gpxtpx:hr></gpxtpx:TrackPointExtension></extensions></trkpt><trkpt lat="57.994303" lon="38.87126"><ele>121.0</ele><time>2021-10-10T10:30:33Z</time><extensions><gpxtpx:TrackPointExtension><gpxtpx:hr>123</gpxtpx:hr></gpxtpx:TrackPointExtension></extensions></trkpt><trkpt lat="57.9943" lon="38.871242"><ele>121.0</ele><time>2021-10-10T10:30:34Z</time><extensions><gpxtpx:TrackPointExtension><gpxtpx:hr>123</gpxtpx:hr></gpxtpx:TrackPointExtension></extensions></trkpt><trkpt lat="57.9943" lon="38.87123"><ele>121.0</ele><time>2021-10-10T10:30:35Z</time><extensions><gpxtpx:TrackPointExtension><gpxtpx:hr>124</gpxtpx:hr></gpxtpx:TrackPointExtension></extensions></trkpt><trkpt lat="57.994297" lon="38.87122"><ele>121.0</ele><time>2021-10-10T10:30:36Z</time><extensions><gpxtpx:TrackPointExtension><gpxtpx:hr>124</gpxtpx:hr></gpxtpx:TrackPointExtension></extensions></trkpt><trkpt lat="57.994297" lon="38.871203"><ele>121.0</ele><time>2021-10-10T10:30:37Z</time><extensions><gpxtpx:TrackPointExtension><gpxtpx:hr>125</gpxtpx:hr></gpxtpx:TrackPointExtension></extensions></trkpt><trkpt lat="57.994292" lon="38.871192"><ele>121.0</ele><time>2021-10-10T10:30:38Z</time><extensions><gpxtpx:TrackPointExtension><gpxtpx:hr>126</gpxtpx:hr></gpxtpx:TrackPointExtension></extensions></trkpt><trkpt lat="57.994285" lon="38.87118"><ele>121.0</ele><time>2021-10-10T10:30:39Z</time><extensions><gpxtpx:TrackPointExtension><gpxtpx:hr>126</gpxtpx:hr></gpxtpx:TrackPointExtension></extensions></trkpt><trkpt lat="57.994277" lon="38.87117"><ele>121.0</ele><time>2021-10-10T10:30:40Z</time><extensions><gpxtpx:TrackPointExtension><gpxtpx:hr>126</gpxtpx:hr></gpxtpx:TrackPointExtension></extensions></trkpt><trkpt lat="57.99427" lon="38.87116"><ele>121.0</ele><time>2021-10-10T10:30:41Z</time><extensions><gpxtpx:TrackPointExtension><gpxtpx:hr>126</gpxtpx:hr></gpxtpx:TrackPointExtension></extensions></trkpt><trkpt lat="57.99426" lon="38.87115"><ele>121.0</ele><time>2021-10-10T10:30:42Z</time><extensions><gpxtpx:TrackPointExtension><gpxtpx:hr>126</gpxtpx:hr></gpxtpx:TrackPointExtension></extensions></trkpt><trkpt lat="57.994247" lon="38.871142"><ele>121.0</ele><time>2021-10-10T10:30:43Z</time><extensions><gpxtpx:TrackPointExtension><gpxtpx:hr>126</gpxtpx:hr></gpxtpx:TrackPointExtension></extensions></trkpt><trkpt lat="57.994232" lon="38.871135"><ele>121.0</ele><time>2021-10-10T10:30:44Z</time><extensions><gpxtpx:TrackPointExtension><gpxtpx:hr>126</gpxtpx:hr></gpxtpx:TrackPointExtension></extensions></trkpt><trkpt lat="57.994217" lon="38.871127"><ele>121.0</ele><time>2021-10-10T10:30:45Z</time><extensions><gpxtpx:TrackPointExtension><gpxtpx:hr>121</gpxtpx:hr></gpxtpx:TrackPointExtension></extensions></trkpt><trkpt lat="57.994205" lon="38.87112"><ele>121.0</ele><time>2021-10-10T10:30:46Z</time><extensions><gpxtpx:TrackPointExtension><gpxtpx:hr>121</gpxtpx:hr></gpxtpx:TrackPointExtension></extensions></trkpt><trkpt lat="57.99419" lon="38.871117"><ele>121.0</ele><time>2021-10-10T10:30:47Z</time><extensions><gpxtpx:TrackPointExtension><gpxtpx:hr>121</gpxtpx:hr></gpxtpx:TrackPointExtension></extensions></trkpt><trkpt lat="57.994175" lon="38.87111"><ele>121.0</ele><time>2021-10-10T10:30:48Z</time><extensions><gpxtpx:TrackPointExtension><gpxtpx:hr>121</gpxtpx:hr></gpxtpx:TrackPointExtension></extensions></trkpt><trkpt lat="57.99416" lon="38.871097"><ele>121.0</ele><time>2021-10-10T10:30:49Z</time><extensions><gpxtpx:TrackPointExtension><gpxtpx:hr>121</gpxtpx:hr></gpxtpx:TrackPointExtension></extensions></trkpt><trkpt lat="57.994143" lon="38.87109"><ele>121.0</ele><time>2021-10-10T10:30:50Z</time><extensions><gpxtpx:TrackPointExtension><gpxtpx:hr>121</gpxtpx:hr></gpxtpx:TrackPointExtension></extensions></trkpt><trkpt lat="57.99413" lon="38.87109"><ele>121.0</ele><time>2021-10-10T10:30:51Z</time><extensions><gpxtpx:TrackPointExtension><gpxtpx:hr>121</gpxtpx:hr></gpxtpx:TrackPointExtension></extensions></trkpt><trkpt lat="57.99411" lon="38.871085"><ele>121.0</ele><time>2021-10-10T10:30:52Z</time><extensions><gpxtpx:TrackPointExtension><gpxtpx:hr>121</gpxtpx:hr></gpxtpx:TrackPointExtension></extensions></trkpt><trkpt lat="57.9941" lon="38.87107"><ele>121.0</ele><time>2021-10-10T10:30:53Z</time><extensions><gpxtpx:TrackPointExtension><gpxtpx:hr>121</gpxtpx:hr></gpxtpx:TrackPointExtension></extensions></trkpt><trkpt lat="57.994087" lon="38.871047"><ele>121.0</ele><time>2021-10-10T10:30:54Z</time><extensions><gpxtpx:TrackPointExtension><gpxtpx:hr>121</gpxtpx:hr></gpxtpx:TrackPointExtension></extensions></trkpt><trkpt lat="57.994078" lon="38.87103"><ele>121.0</ele><time>2021-10-10T10:30:55Z</time><extensions><gpxtpx:TrackPointExtension><gpxtpx:hr>121</gpxtpx:hr></gpxtpx:TrackPointExtension></extensions></trkpt><trkpt lat="57.994072" lon="38.871005"><ele>121.0</ele><time>2021-10-10T10:30:56Z</time><extensions><gpxtpx:TrackPointExtension><gpxtpx:hr>121</gpxtpx:hr></gpxtpx:TrackPointExtension></extensions></trkpt><trkpt lat="57.994072" lon="38.870982"><ele>121.0</ele><time>2021-10-10T10:30:57Z</time><extensions><gpxtpx:TrackPointExtension><gpxtpx:hr>121</gpxtpx:hr></gpxtpx:TrackPointExtension></extensions></trkpt><trkpt lat="57.994075" lon="38.870975"><ele>121.0</ele><time>2021-10-10T10:30:58Z</time><extensions><gpxtpx:TrackPointExtension><gpxtpx:hr>121</gpxtpx:hr></gpxtpx:TrackPointExtension></extensions></trkpt><trkpt lat="57.994078" lon="38.870967"><ele>121.0</ele><time>2021-10-10T10:30:59Z</time><extensions><gpxtpx:TrackPointExtension><gpxtpx:hr>121</gpxtpx:hr></gpxtpx:TrackPointExtension></extensions></trkpt><trkpt lat="57.994087" lon="38.87096"><ele>121.0</ele><time>2021-10-10T10:31:05Z</time><extensions><gpxtpx:TrackPointExtension><gpxtpx:hr>121</gpxtpx:hr></gpxtpx:TrackPointExtension></extensions></trkpt><trkpt lat="57.994087" lon="38.87096"><ele>121.0</ele><time>2021-10-10T10:31:06Z</time><extensions><gpxtpx:TrackPointExtension><gpxtpx:hr>121</gpxtpx:hr></gpxtpx:TrackPointExtension></extensions></trkpt><trkpt lat="57.994087" lon="38.870963"><ele>121.0</ele><time>2021-10-10T10:31:07Z</time><extensions><gpxtpx:TrackPointExtension><gpxtpx:hr>121</gpxtpx:hr></gpxtpx:TrackPointExtension></extensions></trkpt><trkpt lat="57.994095" lon="38.870975"><ele>121.0</ele><time>2021-10-10T10:31:13Z</time><extensions><gpxtpx:TrackPointExtension><gpxtpx:hr>121</gpxtpx:hr></gpxtpx:TrackPointExtension></extensions></trkpt><trkpt lat="57.9941" lon="38.87097"><ele>121.0</ele><time>2021-10-10T10:31:16Z</time><extensions><gpxtpx:TrackPointExtension><gpxtpx:hr>121</gpxtpx:hr></gpxtpx:TrackPointExtension></extensions></trkpt><trkpt lat="57.9941" lon="38.87097"><ele>121.0</ele><time>2021-10-10T10:31:17Z</time><extensions><gpxtpx:TrackPointExtension><gpxtpx:hr>121</gpxtpx:hr></gpxtpx:TrackPointExtension></extensions></trkpt><trkpt lat="57.994102" lon="38.870967"><ele>121.0</ele><time>2021-10-10T10:31:18Z</time><extensions><gpxtpx:TrackPointExtension><gpxtpx:hr>121</gpxtpx:hr></gpxtpx:TrackPointExtension></extensions></trkpt><trkpt lat="57.994105" lon="38.87096"><ele>121.0</ele><time>2021-10-10T10:31:19Z</time><extensions><gpxtpx:TrackPointExtension><gpxtpx:hr>121</gpxtpx:hr></gpxtpx:TrackPointExtension></extensions></trkpt><trkpt lat="57.994113" lon="38.87095"><ele>121.0</ele><time>2021-10-10T10:31:20Z</time><extensions><gpxtpx:TrackPointExtension><gpxtpx:hr>121</gpxtpx:hr></gpxtpx:TrackPointExtension></extensions></trkpt><trkpt lat="57.99413" lon="38.870937"><ele>121.0</ele><time>2021-10-10T10:31:21Z</time><extensions><gpxtpx:TrackPointExtension><gpxtpx:hr>121</gpxtpx:hr></gpxtpx:TrackPointExtension></extensions></trkpt><trkpt lat="57.99414" lon="38.87092"><ele>121.0</ele><time>2021-10-10T10:31:22Z</time><extensions><gpxtpx:TrackPointExtension><gpxtpx:hr>121</gpxtpx:hr></gpxtpx:TrackPointExtension></extensions></trkpt><trkpt lat="57.994155" lon="38.8709"><ele>121.0</ele><time>2021-10-10T10:31:23Z</time><extensions><gpxtpx:TrackPointExtension><gpxtpx:hr>121</gpxtpx:hr></gpxtpx:TrackPointExtension></extensions></trkpt><trkpt lat="57.99417" lon="38.870875"><ele>121.0</ele><time>2021-10-10T10:31:24Z</time><extensions><gpxtpx:TrackPointExtension><gpxtpx:hr>121</gpxtpx:hr></gpxtpx:TrackPointExtension></extensions></trkpt><trkpt lat="57.994182" lon="38.870852"><ele>121.0</ele><time>2021-10-10T10:31:25Z</time><extensions><gpxtpx:TrackPointExtension><gpxtpx:hr>121</gpxtpx:hr></gpxtpx:TrackPointExtension></extensions></trkpt><trkpt lat="57.994197" lon="38.870833"><ele>121.0</ele><time>2021-10-10T10:31:26Z</time><extensions><gpxtpx:TrackPointExtension><gpxtpx:hr>121</gpxtpx:hr></gpxtpx:TrackPointExtension></extensions></trkpt><trkpt lat="57.99421" lon="38.87082"><ele>121.0</ele><time>2021-10-10T10:31:27Z</time><extensions><gpxtpx:TrackPointExtension><gpxtpx:hr>121</gpxtpx:hr></gpxtpx:TrackPointExtension></extensions></trkpt><trkpt lat="57.994225" lon="38.870807"><ele>121.0</ele><time>2021-10-10T10:31:28Z</time><extensions><gpxtpx:TrackPointExtension><gpxtpx:hr>121</gpxtpx:hr></gpxtpx:TrackPointExtension></extensions></trkpt><trkpt lat="57.99424" lon="38.870792"><ele>121.0</ele><time>2021-10-10T10:31:29Z</time><extensions><gpxtpx:TrackPointExtension><gpxtpx:hr>121</gpxtpx:hr></gpxtpx:TrackPointExtension></extensions></trkpt><trkpt lat="57.994255" lon="38.870777"><ele>121.0</ele><time>2021-10-10T10:31:30Z</time><extensions><gpxtpx:TrackPointExtension><gpxtpx:hr>121</gpxtpx:hr></gpxtpx:TrackPointExtension></extensions></trkpt><trkpt lat="57.994267" lon="38.870757"><ele>121.0</ele><time>2021-10-10T10:31:31Z</time><extensions><gpxtpx:TrackPointExtension><gpxtpx:hr>121</gpxtpx:hr></gpxtpx:TrackPointExtension></extensions></trkpt><trkpt lat="57.99428" lon="38.870735"><ele>121.0</ele><time>2021-10-10T10:31:32Z</time><extensions><gpxtpx:TrackPointExtension><gpxtpx:hr>121</gpxtpx:hr></gpxtpx:TrackPointExtension></extensions></trkpt><trkpt lat="57.994297" lon="38.870712"><ele>121.0</ele><time>2021-10-10T10:31:33Z</time><extensions><gpxtpx:TrackPointExtension><gpxtpx:hr>121</gpxtpx:hr></gpxtpx:TrackPointExtension></extensions></trkpt><trkpt lat="57.99431" lon="38.87069"><ele>121.0</ele><time>2021-10-10T10:31:34Z</time><extensions><gpxtpx:TrackPointExtension><gpxtpx:hr>121</gpxtpx:hr></gpxtpx:TrackPointExtension></extensions></trkpt><trkpt lat="57.994323" lon="38.870667"><ele>121.0</ele><time>2021-10-10T10:31:35Z</time><extensions><gpxtpx:TrackPointExtension><gpxtpx:hr>121</gpxtpx:hr></gpxtpx:TrackPointExtension></extensions></trkpt><trkpt lat="57.99434" lon="38.870643"><ele>121.0</ele><time>2021-10-10T10:31:36Z</time><extensions><gpxtpx:TrackPointExtension><gpxtpx:hr>121</gpxtpx:hr></gpxtpx:TrackPointExtension></extensions></trkpt><trkpt lat="57.99435" lon="38.87062"><ele>121.0</ele><time>2021-10-10T10:31:37Z</time><extensions><gpxtpx:TrackPointExtension><gpxtpx:hr>121</gpxtpx:hr></gpxtpx:TrackPointExtension></extensions></trkpt><trkpt lat="57.994365" lon="38.870597"><ele>121.0</ele><time>2021-10-10T10:31:38Z</time><extensions><gpxtpx:TrackPointExtension><gpxtpx:hr>121</gpxtpx:hr></gpxtpx:TrackPointExtension></extensions></trkpt><trkpt lat="57.994377" lon="38.870575"><ele>121.0</ele><time>2021-10-10T10:31:39Z</time><extensions><gpxtpx:TrackPointExtension><gpxtpx:hr>121</gpxtpx:hr></gpxtpx:TrackPointExtension></extensions></trkpt><trkpt lat="57.99439" lon="38.870552"><ele>121.0</ele><time>2021-10-10T10:31:40Z</time><extensions><gpxtpx:TrackPointExtension><gpxtpx:hr>121</gpxtpx:hr></gpxtpx:TrackPointExtension></extensions></trkpt><trkpt lat="57.9944" lon="38.87053"><ele>121.0</ele><time>2021-10-10T10:31:41Z</time><extensions><gpxtpx:TrackPointExtension><gpxtpx:hr>121</gpxtpx:hr></gpxtpx:TrackPointExtension></extensions></trkpt><trkpt lat="57.99441" lon="38.870505"><ele>121.0</ele><time>2021-10-10T10:31:42Z</time><extensions><gpxtpx:TrackPointExtension><gpxtpx:hr>121</gpxtpx:hr></gpxtpx:TrackPointExtension></extensions></trkpt><trkpt lat="57.994427" lon="38.870488"><ele>121.0</ele><time>2021-10-10T10:31:43Z</time><extensions><gpxtpx:TrackPointExtension><gpxtpx:hr>121</gpxtpx:hr></gpxtpx:TrackPointExtension></extensions></trkpt><trkpt lat="57.994442" lon="38.87048"><ele>121.0</ele><time>2021-10-10T10:31:44Z</time><extensions><gpxtpx:TrackPointExtension><gpxtpx:hr>121</gpxtpx:hr></gpxtpx:TrackPointExtension></extensions></trkpt><trkpt lat="57.994452" lon="38.87047"><ele>121.0</ele><time>2021-10-10T10:31:45Z</time><extensions><gpxtpx:TrackPointExtension><gpxtpx:hr>121</gpxtpx:hr></gpxtpx:TrackPointExtension></extensions></trkpt><trkpt lat="57.994465" lon="38.870452"><ele>121.0</ele><time>2021-10-10T10:31:46Z</time><extensions><gpxtpx:TrackPointExtension><gpxtpx:hr>121</gpxtpx:hr></gpxtpx:TrackPointExtension></extensions></trkpt><trkpt lat="57.994475" lon="38.870433"><ele>121.0</ele><time>2021-10-10T10:31:47Z</time><extensions><gpxtpx:TrackPointExtension><gpxtpx:hr>121</gpxtpx:hr></gpxtpx:TrackPointExtension></extensions></trkpt><trkpt lat="57.994483" lon="38.870415"><ele>121.0</ele><time>2021-10-10T10:31:48Z</time><extensions><gpxtpx:TrackPointExtension><gpxtpx:hr>121</gpxtpx:hr></gpxtpx:TrackPointExtension></extensions></trkpt><trkpt lat="57.99449" lon="38.870395"><ele>121.0</ele><time>2021-10-10T10:31:49Z</time><extensions><gpxtpx:TrackPointExtension><gpxtpx:hr>121</gpxtpx:hr></gpxtpx:TrackPointExtension></extensions></trkpt><trkpt lat="57.9945" lon="38.870383"><ele>121.0</ele><time>2021-10-10T10:31:50Z</time><extensions><gpxtpx:TrackPointExtension><gpxtpx:hr>121</gpxtpx:hr></gpxtpx:TrackPointExtension></extensions></trkpt><trkpt lat="57.99451" lon="38.87036"><ele>121.0</ele><time>2021-10-10T10:31:51Z</time><extensions><gpxtpx:TrackPointExtension><gpxtpx:hr>121</gpxtpx:hr></gpxtpx:TrackPointExtension></extensions></trkpt><trkpt lat="57.994513" lon="38.870345"><ele>121.0</ele><time>2021-10-10T10:31:52Z</time><extensions><gpxtpx:TrackPointExtension><gpxtpx:hr>121</gpxtpx:hr></gpxtpx:TrackPointExtension></extensions></trkpt><trkpt lat="57.994522" lon="38.870333"><ele>121.0</ele><time>2021-10-10T10:31:53Z</time><extensions><gpxtpx:TrackPointExtension><gpxtpx:hr>121</gpxtpx:hr></gpxtpx:TrackPointExtension></extensions></trkpt><trkpt lat="57.994525" lon="38.87033"><ele>121.0</ele><time>2021-10-10T10:31:54Z</time><extensions><gpxtpx:TrackPointExtension><gpxtpx:hr>121</gpxtpx:hr></gpxtpx:TrackPointExtension></extensions></trkpt><trkpt lat="57.994528" lon="38.870327"><ele>121.0</ele><time>2021-10-10T10:31:55Z</time><extensions><gpxtpx:TrackPointExtension><gpxtpx:hr>121</gpxtpx:hr></gpxtpx:TrackPointExtension></extensions></trkpt><trkpt lat="57.99454" lon="38.870327"><ele>121.0</ele><time>2021-10-10T10:31:56Z</time><extensions><gpxtpx:TrackPointExtension><gpxtpx:hr>121</gpxtpx:hr></gpxtpx:TrackPointExtension></extensions></trkpt><trkpt lat="57.994555" lon="38.870322"><ele>121.0</ele><time>2021-10-10T10:31:57Z</time><extensions><gpxtpx:TrackPointExtension><gpxtpx:hr>121</gpxtpx:hr></gpxtpx:TrackPointExtension></extensions></trkpt><trkpt lat="57.994567" lon="38.870307"><ele>121.0</ele><time>2021-10-10T10:31:58Z</time><extensions><gpxtpx:TrackPointExtension><gpxtpx:hr>121</gpxtpx:hr></gpxtpx:TrackPointExtension></extensions></trkpt><trkpt lat="57.994575" lon="38.870285"><ele>121.0</ele><time>2021-10-10T10:31:59Z</time><extensions><gpxtpx:TrackPointExtension><gpxtpx:hr>121</gpxtpx:hr></gpxtpx:TrackPointExtension></extensions></trkpt><trkpt lat="57.99458" lon="38.87026"><ele>121.0</ele><time>2021-10-10T10:32:00Z</time><extensions><gpxtpx:TrackPointExtension><gpxtpx:hr>121</gpxtpx:hr></gpxtpx:TrackPointExtension></extensions></trkpt><trkpt lat="57.994575" lon="38.870227"><ele>121.0</ele><time>2021-10-10T10:32:01Z</time><extensions><gpxtpx:TrackPointExtension><gpxtpx:hr>121</gpxtpx:hr></gpxtpx:TrackPointExtension></extensions></trkpt><trkpt lat="57.99457" lon="38.8702"><ele>121.0</ele><time>2021-10-10T10:32:02Z</time><extensions><gpxtpx:TrackPointExtension><gpxtpx:hr>121</gpxtpx:hr></gpxtpx:TrackPointExtension></extensions></trkpt><trkpt lat="57.994563" lon="38.870173"><ele>121.0</ele><time>2021-10-10T10:32:03Z</time><extensions><gpxtpx:TrackPointExtension><gpxtpx:hr>121</gpxtpx:hr></gpxtpx:TrackPointExtension></extensions></trkpt><trkpt lat="57.99456" lon="38.870143"><ele>121.0</ele><time>2021-10-10T10:32:04Z</time><extensions><gpxtpx:TrackPointExtension><gpxtpx:hr>121</gpxtpx:hr></gpxtpx:TrackPointExtension></extensions></trkpt><trkpt lat="57.994555" lon="38.870112"><ele>121.0</ele><time>2021-10-10T10:32:05Z</time><extensions><gpxtpx:TrackPointExtension><gpxtpx:hr>121</gpxtpx:hr></gpxtpx:TrackPointExtension></extensions></trkpt><trkpt lat="57.99456" lon="38.87009"><ele>121.0</ele><time>2021-10-10T10:32:06Z</time><extensions><gpxtpx:TrackPointExtension><gpxtpx:hr>121</gpxtpx:hr></gpxtpx:TrackPointExtension></extensions></trkpt><trkpt lat="57.994563" lon="38.870075"><ele>121.0</ele><time>2021-10-10T10:32:07Z</time><extensions><gpxtpx:TrackPointExtension><gpxtpx:hr>121</gpxtpx:hr></gpxtpx:TrackPointExtension></extensions></trkpt><trkpt lat="57.994567" lon="38.870067"><ele>121.0</ele><time>2021-10-10T10:32:08Z</time><extensions><gpxtpx:TrackPointExtension><gpxtpx:hr>121</gpxtpx:hr></gpxtpx:TrackPointExtension></extensions></trkpt><trkpt lat="57.994575" lon="38.870063"><ele>121.0</ele><time>2021-10-10T10:32:12Z</time><extensions><gpxtpx:TrackPointExtension><gpxtpx:hr>121</gpxtpx:hr></gpxtpx:TrackPointExtension></extensions></trkpt><trkpt lat="57.994575" lon="38.870063"><ele>121.0</ele><time>2021-10-10T10:32:13Z</time><extensions><gpxtpx:TrackPointExtension><gpxtpx:hr>121</gpxtpx:hr></gpxtpx:TrackPointExtension></extensions></trkpt><trkpt lat="57.994582" lon="38.870067"><ele>121.0</ele><time>2021-10-10T10:32:16Z</time><extensions><gpxtpx:TrackPointExtension><gpxtpx:hr>121</gpxtpx:hr></gpxtpx:TrackPointExtension></extensions></trkpt><trkpt lat="57.994587" lon="38.870067"><ele>121.0</ele><time>2021-10-10T10:32:17Z</time><extensions><gpxtpx:TrackPointExtension><gpxtpx:hr>121</gpxtpx:hr></gpxtpx:TrackPointExtension></extensions></trkpt><trkpt lat="57.99459" lon="38.87007"><ele>121.0</ele><time>2021-10-10T10:32:18Z</time><extensions><gpxtpx:TrackPointExtension><gpxtpx:hr>121</gpxtpx:hr></gpxtpx:TrackPointExtension></extensions></trkpt><trkpt lat="57.994598" lon="38.870082"><ele>121.0</ele><time>2021-10-10T10:32:19Z</time><extensions><gpxtpx:TrackPointExtension><gpxtpx:hr>121</gpxtpx:hr></gpxtpx:TrackPointExtension></extensions></trkpt><trkpt lat="57.994602" lon="38.8701"><ele>121.0</ele><time>2021-10-10T10:32:20Z</time><extensions><gpxtpx:TrackPointExtension><gpxtpx:hr>121</gpxtpx:hr></gpxtpx:TrackPointExtension></extensions></trkpt><trkpt lat="57.99461" lon="38.870112"><ele>121.0</ele><time>2021-10-10T10:32:21Z</time><extensions><gpxtpx:TrackPointExtension><gpxtpx:hr>121</gpxtpx:hr></gpxtpx:TrackPointExtension></extensions></trkpt><trkpt lat="57.994617" lon="38.870125"><ele>121.0</ele><time>2021-10-10T10:32:22Z</time><extensions><gpxtpx:TrackPointExtension><gpxtpx:hr>121</gpxtpx:hr></gpxtpx:TrackPointExtension></extensions></trkpt><trkpt lat="57.994625" lon="38.87014"><ele>121.0</ele><time>2021-10-10T10:32:23Z</time><extensions><gpxtpx:TrackPointExtension><gpxtpx:hr>121</gpxtpx:hr></gpxtpx:TrackPointExtension></extensions></trkpt><trkpt lat="57.994632" lon="38.87015"><ele>121.0</ele><time>2021-10-10T10:32:24Z</time><extensions><gpxtpx:TrackPointExtension><gpxtpx:hr>121</gpxtpx:hr></gpxtpx:TrackPointExtension></extensions></trkpt><trkpt lat="57.994637" lon="38.870162"><ele>121.0</ele><time>2021-10-10T10:32:25Z</time><extensions><gpxtpx:TrackPointExtension><gpxtpx:hr>121</gpxtpx:hr></gpxtpx:TrackPointExtension></extensions></trkpt><trkpt lat="57.994647" lon="38.870197"><ele>121.0</ele><time>2021-10-10T10:32:29Z</time><extensions><gpxtpx:TrackPointExtension><gpxtpx:hr>121</gpxtpx:hr></gpxtpx:TrackPointExtension></extensions></trkpt><trkpt lat="57.994647" lon="38.8702"><ele>121.0</ele><time>2021-10-10T10:32:30Z</time><extensions><gpxtpx:TrackPointExtension><gpxtpx:hr>121</gpxtpx:hr></gpxtpx:TrackPointExtension></extensions></trkpt><trkpt lat="57.99465" lon="38.87021"><ele>121.0</ele><time>2021-10-10T10:32:31Z</time><extensions><gpxtpx:TrackPointExtension><gpxtpx:hr>121</gpxtpx:hr></gpxtpx:TrackPointExtension></extensions></trkpt><trkpt lat="57.99466" lon="38.870215"><ele>121.0</ele><time>2021-10-10T10:32:32Z</time><extensions><gpxtpx:TrackPointExtension><gpxtpx:hr>121</gpxtpx:hr></gpxtpx:TrackPointExtension></extensions></trkpt><trkpt lat="57.994662" lon="38.870223"><ele>121.0</ele><time>2021-10-10T10:32:33Z</time><extensions><gpxtpx:TrackPointExtension><gpxtpx:hr>121</gpxtpx:hr></gpxtpx:TrackPointExtension></extensions></trkpt><trkpt lat="57.994667" lon="38.870235"><ele>121.0</ele><time>2021-10-10T10:32:34Z</time><extensions><gpxtpx:TrackPointExtension><gpxtpx:hr>121</gpxtpx:hr></gpxtpx:TrackPointExtension></extensions></trkpt><trkpt lat="57.994675" lon="38.870227"><ele>121.0</ele><time>2021-10-10T10:32:35Z</time><extensions><gpxtpx:TrackPointExtension><gpxtpx:hr>121</gpxtpx:hr></gpxtpx:TrackPointExtension></extensions></trkpt><trkpt lat="57.99467" lon="38.870215"><ele>121.0</ele><time>2021-10-10T10:32:36Z</time><extensions><gpxtpx:TrackPointExtension><gpxtpx:hr>121</gpxtpx:hr></gpxtpx:TrackPointExtension></extensions></trkpt><trkpt lat="57.994662" lon="38.87021"><ele>121.0</ele><time>2021-10-10T10:32:37Z</time><extensions><gpxtpx:TrackPointExtension><gpxtpx:hr>121</gpxtpx:hr></gpxtpx:TrackPointExtension></extensions></trkpt><trkpt lat="57.994655" lon="38.870205"><ele>121.0</ele><time>2021-10-10T10:32:38Z</time><extensions><gpxtpx:TrackPointExtension><gpxtpx:hr>121</gpxtpx:hr></gpxtpx:TrackPointExtension></extensions></trkpt><trkpt lat="57.994647" lon="38.8702"><ele>121.0</ele><time>2021-10-10T10:32:39Z</time><extensions><gpxtpx:TrackPointExtension><gpxtpx:hr>121</gpxtpx:hr></gpxtpx:TrackPointExtension></extensions></trkpt><trkpt lat="57.994643" lon="38.8702"><ele>121.0</ele><time>2021-10-10T10:32:41Z</time><extensions><gpxtpx:TrackPointExtension><gpxtpx:hr>121</gpxtpx:hr></gpxtpx:TrackPointExtension></extensions></trkpt><trkpt lat="57.994643" lon="38.87019"><ele>121.0</ele><time>2021-10-10T10:32:42Z</time><extensions><gpxtpx:TrackPointExtension><gpxtpx:hr>121</gpxtpx:hr></gpxtpx:TrackPointExtension></extensions></trkpt><trkpt lat="57.99464" lon="38.870182"><ele>121.0</ele><time>2021-10-10T10:32:43Z</time><extensions><gpxtpx:TrackPointExtension><gpxtpx:hr>121</gpxtpx:hr></gpxtpx:TrackPointExtension></extensions></trkpt><trkpt lat="57.99464" lon="38.870173"><ele>121.0</ele><time>2021-10-10T10:32:44Z</time><extensions><gpxtpx:TrackPointExtension><gpxtpx:hr>121</gpxtpx:hr></gpxtpx:TrackPointExtension></extensions></trkpt><trkpt lat="57.994643" lon="38.870173"><ele>121.0</ele><time>2021-10-10T10:32:45Z</time><extensions><gpxtpx:TrackPointExtension><gpxtpx:hr>121</gpxtpx:hr></gpxtpx:TrackPointExtension></extensions></trkpt><trkpt lat="57.99465" lon="38.870178"><ele>121.0</ele><time>2021-10-10T10:32:46Z</time><extensions><gpxtpx:TrackPointExtension><gpxtpx:hr>121</gpxtpx:hr></gpxtpx:TrackPointExtension></extensions></trkpt><trkpt lat="57.994655" lon="38.870185"><ele>121.0</ele><time>2021-10-10T10:32:47Z</time><extensions><gpxtpx:TrackPointExtension><gpxtpx:hr>121</gpxtpx:hr></gpxtpx:TrackPointExtension></extensions></trkpt><trkpt lat="57.994662" lon="38.87019"><ele>121.0</ele><time>2021-10-10T10:32:48Z</time><extensions><gpxtpx:TrackPointExtension><gpxtpx:hr>121</gpxtpx:hr></gpxtpx:TrackPointExtension></extensions></trkpt><trkpt lat="57.994675" lon="38.8702"><ele>121.0</ele><time>2021-10-10T10:32:49Z</time><extensions><gpxtpx:TrackPointExtension><gpxtpx:hr>121</gpxtpx:hr></gpxtpx:TrackPointExtension></extensions></trkpt><trkpt lat="57.994682" lon="38.87021"><ele>121.0</ele><time>2021-10-10T10:32:50Z</time><extensions><gpxtpx:TrackPointExtension><gpxtpx:hr>121</gpxtpx:hr></gpxtpx:TrackPointExtension></extensions></trkpt><trkpt lat="57.99469" lon="38.870223"><ele>121.0</ele><time>2021-10-10T10:32:51Z</time><extensions><gpxtpx:TrackPointExtension><gpxtpx:hr>121</gpxtpx:hr></gpxtpx:TrackPointExtension></extensions></trkpt><trkpt lat="57.994697" lon="38.87024"><ele>121.0</ele><time>2021-10-10T10:32:52Z</time><extensions><gpxtpx:TrackPointExtension><gpxtpx:hr>121</gpxtpx:hr></gpxtpx:TrackPointExtension></extensions></trkpt><trkpt lat="57.994705" lon="38.870255"><ele>121.0</ele><time>2021-10-10T10:32:53Z</time><extensions><gpxtpx:TrackPointExtension><gpxtpx:hr>121</gpxtpx:hr></gpxtpx:TrackPointExtension></extensions></trkpt><trkpt lat="57.99471" lon="38.870273"><ele>121.0</ele><time>2021-10-10T10:32:53Z</time><extensions><gpxtpx:TrackPointExtension><gpxtpx:hr>121</gpxtpx:hr></gpxtpx:TrackPointExtension></extensions></trkpt><trkpt lat="57.994717" lon="38.870285"><ele>121.0</ele><time>2021-10-10T10:32:54Z</time><extensions><gpxtpx:TrackPointExtension><gpxtpx:hr>121</gpxtpx:hr></gpxtpx:TrackPointExtension></extensions></trkpt><trkpt lat="57.99472" lon="38.870295"><ele>121.0</ele><time>2021-10-10T10:32:55Z</time><extensions><gpxtpx:TrackPointExtension><gpxtpx:hr>121</gpxtpx:hr></gpxtpx:TrackPointExtension></extensions></trkpt><trkpt lat="57.994727" lon="38.87031"><ele>121.0</ele><time>2021-10-10T10:32:56Z</time><extensions><gpxtpx:TrackPointExtension><gpxtpx:hr>121</gpxtpx:hr></gpxtpx:TrackPointExtension></extensions></trkpt><trkpt lat="57.99474" lon="38.870327"><ele>121.0</ele><time>2021-10-10T10:32:57Z</time><extensions><gpxtpx:TrackPointExtension><gpxtpx:hr>121</gpxtpx:hr></gpxtpx:TrackPointExtension></extensions></trkpt><trkpt lat="57.994747" lon="38.870342"><ele>121.0</ele><time>2021-10-10T10:32:58Z</time><extensions><gpxtpx:TrackPointExtension><gpxtpx:hr>121</gpxtpx:hr></gpxtpx:TrackPointExtension></extensions></trkpt><trkpt lat="57.99476" lon="38.87036"><ele>121.0</ele><time>2021-10-10T10:32:59Z</time><extensions><gpxtpx:TrackPointExtension><gpxtpx:hr>121</gpxtpx:hr></gpxtpx:TrackPointExtension></extensions></trkpt><trkpt lat="57.99477" lon="38.87038"><ele>121.0</ele><time>2021-10-10T10:33:00Z</time><extensions><gpxtpx:TrackPointExtension><gpxtpx:hr>121</gpxtpx:hr></gpxtpx:TrackPointExtension></extensions></trkpt><trkpt lat="57.99478" lon="38.870395"><ele>121.0</ele><time>2021-10-10T10:33:01Z</time><extensions><gpxtpx:TrackPointExtension><gpxtpx:hr>121</gpxtpx:hr></gpxtpx:TrackPointExtension></extensions></trkpt><trkpt lat="57.99479" lon="38.87041"><ele>121.0</ele><time>2021-10-10T10:33:02Z</time><extensions><gpxtpx:TrackPointExtension><gpxtpx:hr>121</gpxtpx:hr></gpxtpx:TrackPointExtension></extensions></trkpt><trkpt lat="57.9948" lon="38.870422"><ele>121.0</ele><time>2021-10-10T10:33:03Z</time><extensions><gpxtpx:TrackPointExtension><gpxtpx:hr>121</gpxtpx:hr></gpxtpx:TrackPointExtension></extensions></trkpt><trkpt lat="57.994812" lon="38.870433"><ele>121.0</ele><time>2021-10-10T10:33:04Z</time><extensions><gpxtpx:TrackPointExtension><gpxtpx:hr>121</gpxtpx:hr></gpxtpx:TrackPointExtension></extensions></trkpt><trkpt lat="57.994822" lon="38.87044"><ele>121.0</ele><time>2021-10-10T10:33:05Z</time><extensions><gpxtpx:TrackPointExtension><gpxtpx:hr>121</gpxtpx:hr></gpxtpx:TrackPointExtension></extensions></trkpt><trkpt lat="57.994835" lon="38.87045"><ele>121.0</ele><time>2021-10-10T10:33:06Z</time><extensions><gpxtpx:TrackPointExtension><gpxtpx:hr>121</gpxtpx:hr></gpxtpx:TrackPointExtension></extensions></trkpt><trkpt lat="57.994842" lon="38.870457"><ele>121.0</ele><time>2021-10-10T10:33:07Z</time><extensions><gpxtpx:TrackPointExtension><gpxtpx:hr>121</gpxtpx:hr></gpxtpx:TrackPointExtension></extensions></trkpt><trkpt lat="57.994853" lon="38.87047"><ele>121.0</ele><time>2021-10-10T10:33:08Z</time><extensions><gpxtpx:TrackPointExtension><gpxtpx:hr>121</gpxtpx:hr></gpxtpx:TrackPointExtension></extensions></trkpt><trkpt lat="57.99486" lon="38.870475"><ele>121.0</ele><time>2021-10-10T10:33:09Z</time><extensions><gpxtpx:TrackPointExtension><gpxtpx:hr>121</gpxtpx:hr></gpxtpx:TrackPointExtension></extensions></trkpt><trkpt lat="57.994872" lon="38.87048"><ele>121.0</ele><time>2021-10-10T10:33:10Z</time><extensions><gpxtpx:TrackPointExtension><gpxtpx:hr>121</gpxtpx:hr></gpxtpx:TrackPointExtension></extensions></trkpt><trkpt lat="57.99488" lon="38.870488"><ele>121.0</ele><time>2021-10-10T10:33:11Z</time><extensions><gpxtpx:TrackPointExtension><gpxtpx:hr>121</gpxtpx:hr></gpxtpx:TrackPointExtension></extensions></trkpt><trkpt lat="57.994892" lon="38.87051"><ele>121.0</ele><time>2021-10-10T10:33:12Z</time><extensions><gpxtpx:TrackPointExtension><gpxtpx:hr>121</gpxtpx:hr></gpxtpx:TrackPointExtension></extensions></trkpt><trkpt lat="57.994903" lon="38.87053"><ele>121.0</ele><time>2021-10-10T10:33:13Z</time><extensions><gpxtpx:TrackPointExtension><gpxtpx:hr>121</gpxtpx:hr></gpxtpx:TrackPointExtension></extensions></trkpt><trkpt lat="57.994908" lon="38.870555"><ele>121.0</ele><time>2021-10-10T10:33:14Z</time><extensions><gpxtpx:TrackPointExtension><gpxtpx:hr>121</gpxtpx:hr></gpxtpx:TrackPointExtension></extensions></trkpt><trkpt lat="57.994922" lon="38.87058"><ele>121.0</ele><time>2021-10-10T10:33:15Z</time><extensions><gpxtpx:TrackPointExtension><gpxtpx:hr>121</gpxtpx:hr></gpxtpx:TrackPointExtension></extensions></trkpt><trkpt lat="57.994937" lon="38.8706"><ele>121.0</ele><time>2021-10-10T10:33:16Z</time><extensions><gpxtpx:TrackPointExtension><gpxtpx:hr>121</gpxtpx:hr></gpxtpx:TrackPointExtension></extensions></trkpt><trkpt lat="57.99495" lon="38.87062"><ele>121.0</ele><time>2021-10-10T10:33:17Z</time><extensions><gpxtpx:TrackPointExtension><gpxtpx:hr>121</gpxtpx:hr></gpxtpx:TrackPointExtension></extensions></trkpt><trkpt lat="57.99496" lon="38.87064"><ele>121.0</ele><time>2021-10-10T10:33:18Z</time><extensions><gpxtpx:TrackPointExtension><gpxtpx:hr>122</gpxtpx:hr></gpxtpx:TrackPointExtension></extensions></trkpt><trkpt lat="57.994972" lon="38.870655"><ele>121.0</ele><time>2021-10-10T10:33:19Z</time><extensions><gpxtpx:TrackPointExtension><gpxtpx:hr>122</gpxtpx:hr></gpxtpx:TrackPointExtension></extensions></trkpt><trkpt lat="57.994983" lon="38.87067"><ele>121.0</ele><time>2021-10-10T10:33:20Z</time><extensions><gpxtpx:TrackPointExtension><gpxtpx:hr>122</gpxtpx:hr></gpxtpx:TrackPointExtension></extensions></trkpt><trkpt lat="57.994995" lon="38.870677"><ele>121.0</ele><time>2021-10-10T10:33:21Z</time><extensions><gpxtpx:TrackPointExtension><gpxtpx:hr>122</gpxtpx:hr></gpxtpx:TrackPointExtension></extensions></trkpt><trkpt lat="57.995007" lon="38.870692"><ele>121.0</ele><time>2021-10-10T10:33:22Z</time><extensions><gpxtpx:TrackPointExtension><gpxtpx:hr>122</gpxtpx:hr></gpxtpx:TrackPointExtension></extensions></trkpt><trkpt lat="57.995017" lon="38.8707"><ele>121.0</ele><time>2021-10-10T10:33:23Z</time><extensions><gpxtpx:TrackPointExtension><gpxtpx:hr>122</gpxtpx:hr></gpxtpx:TrackPointExtension></extensions></trkpt><trkpt lat="57.995025" lon="38.87071"><ele>121.0</ele><time>2021-10-10T10:33:24Z</time><extensions><gpxtpx:TrackPointExtension><gpxtpx:hr>123</gpxtpx:hr></gpxtpx:TrackPointExtension></extensions></trkpt><trkpt lat="57.995037" lon="38.87072"><ele>121.0</ele><time>2021-10-10T10:33:25Z</time><extensions><gpxtpx:TrackPointExtension><gpxtpx:hr>123</gpxtpx:hr></gpxtpx:TrackPointExtension></extensions></trkpt><trkpt lat="57.995045" lon="38.87074"><ele>121.0</ele><time>2021-10-10T10:33:26Z</time><extensions><gpxtpx:TrackPointExtension><gpxtpx:hr>118</gpxtpx:hr></gpxtpx:TrackPointExtension></extensions></trkpt><trkpt lat="57.995055" lon="38.870753"><ele>121.0</ele><time>2021-10-10T10:33:27Z</time><extensions><gpxtpx:TrackPointExtension><gpxtpx:hr>118</gpxtpx:hr></gpxtpx:TrackPointExtension></extensions></trkpt><trkpt lat="57.995063" lon="38.87077"><ele>121.0</ele><time>2021-10-10T10:33:28Z</time><extensions><gpxtpx:TrackPointExtension><gpxtpx:hr>118</gpxtpx:hr></gpxtpx:TrackPointExtension></extensions></trkpt><trkpt lat="57.995075" lon="38.870783"><ele>121.0</ele><time>2021-10-10T10:33:29Z</time><extensions><gpxtpx:TrackPointExtension><gpxtpx:hr>118</gpxtpx:hr></gpxtpx:TrackPointExtension></extensions></trkpt><trkpt lat="57.995087" lon="38.870803"><ele>121.0</ele><time>2021-10-10T10:33:30Z</time><extensions><gpxtpx:TrackPointExtension><gpxtpx:hr>117</gpxtpx:hr></gpxtpx:TrackPointExtension></extensions></trkpt><trkpt lat="57.9951" lon="38.870822"><ele>121.0</ele><time>2021-10-10T10:33:31Z</time><extensions><gpxtpx:TrackPointExtension><gpxtpx:hr>116</gpxtpx:hr></gpxtpx:TrackPointExtension></extensions></trkpt><trkpt lat="57.99511" lon="38.870842"><ele>121.0</ele><time>2021-10-10T10:33:32Z</time><extensions><gpxtpx:TrackPointExtension><gpxtpx:hr>116</gpxtpx:hr></gpxtpx:TrackPointExtension></extensions></trkpt><trkpt lat="57.995117" lon="38.87086"><ele>121.0</ele><time>2021-10-10T10:33:33Z</time><extensions><gpxtpx:TrackPointExtension><gpxtpx:hr>117</gpxtpx:hr></gpxtpx:TrackPointExtension></extensions></trkpt><trkpt lat="57.99513" lon="38.870872"><ele>121.0</ele><time>2021-10-10T10:33:34Z</time><extensions><gpxtpx:TrackPointExtension><gpxtpx:hr>117</gpxtpx:hr></gpxtpx:TrackPointExtension></extensions></trkpt><trkpt lat="57.99514" lon="38.870887"><ele>121.0</ele><time>2021-10-10T10:33:35Z</time><extensions><gpxtpx:TrackPointExtension><gpxtpx:hr>117</gpxtpx:hr></gpxtpx:TrackPointExtension></extensions></trkpt><trkpt lat="57.99515" lon="38.870907"><ele>121.0</ele><time>2021-10-10T10:33:36Z</time><extensions><gpxtpx:TrackPointExtension><gpxtpx:hr>118</gpxtpx:hr></gpxtpx:TrackPointExtension></extensions></trkpt><trkpt lat="57.995162" lon="38.870922"><ele>121.0</ele><time>2021-10-10T10:33:37Z</time><extensions><gpxtpx:TrackPointExtension><gpxtpx:hr>117</gpxtpx:hr></gpxtpx:TrackPointExtension></extensions></trkpt><trkpt lat="57.995173" lon="38.870937"><ele>121.0</ele><time>2021-10-10T10:33:38Z</time><extensions><gpxtpx:TrackPointExtension><gpxtpx:hr>117</gpxtpx:hr></gpxtpx:TrackPointExtension></extensions></trkpt><trkpt lat="57.995185" lon="38.870952"><ele>121.0</ele><time>2021-10-10T10:33:39Z</time><extensions><gpxtpx:TrackPointExtension><gpxtpx:hr>118</gpxtpx:hr></gpxtpx:TrackPointExtension></extensions></trkpt><trkpt lat="57.995197" lon="38.870967"><ele>121.0</ele><time>2021-10-10T10:33:40Z</time><extensions><gpxtpx:TrackPointExtension><gpxtpx:hr>118</gpxtpx:hr></gpxtpx:TrackPointExtension></extensions></trkpt><trkpt lat="57.99521" lon="38.87098"><ele>121.0</ele><time>2021-10-10T10:33:41Z</time><extensions><gpxtpx:TrackPointExtension><gpxtpx:hr>118</gpxtpx:hr></gpxtpx:TrackPointExtension></extensions></trkpt><trkpt lat="57.99522" lon="38.87099"><ele>121.0</ele><time>2021-10-10T10:33:42Z</time><extensions><gpxtpx:TrackPointExtension><gpxtpx:hr>118</gpxtpx:hr></gpxtpx:TrackPointExtension></extensions></trkpt><trkpt lat="57.99523" lon="38.871"><ele>121.0</ele><time>2021-10-10T10:33:43Z</time><extensions><gpxtpx:TrackPointExtension><gpxtpx:hr>118</gpxtpx:hr></gpxtpx:TrackPointExtension></extensions></trkpt><trkpt lat="57.99524" lon="38.871002"><ele>121.0</ele><time>2021-10-10T10:33:44Z</time><extensions><gpxtpx:TrackPointExtension><gpxtpx:hr>119</gpxtpx:hr></gpxtpx:TrackPointExtension></extensions></trkpt><trkpt lat="57.99525" lon="38.871008"><ele>121.0</ele><time>2021-10-10T10:33:45Z</time><extensions><gpxtpx:TrackPointExtension><gpxtpx:hr>119</gpxtpx:hr></gpxtpx:TrackPointExtension></extensions></trkpt><trkpt lat="57.995262" lon="38.87102"><ele>121.0</ele><time>2021-10-10T10:33:46Z</time><extensions><gpxtpx:TrackPointExtension><gpxtpx:hr>119</gpxtpx:hr></gpxtpx:TrackPointExtension></extensions></trkpt><trkpt lat="57.99527" lon="38.871037"><ele>121.0</ele><time>2021-10-10T10:33:47Z</time><extensions><gpxtpx:TrackPointExtension><gpxtpx:hr>119</gpxtpx:hr></gpxtpx:TrackPointExtension></extensions></trkpt><trkpt lat="57.99528" lon="38.871047"><ele>121.0</ele><time>2021-10-10T10:33:48Z</time><extensions><gpxtpx:TrackPointExtension><gpxtpx:hr>119</gpxtpx:hr></gpxtpx:TrackPointExtension></extensions></trkpt><trkpt lat="57.995288" lon="38.87106"><ele>121.0</ele><time>2021-10-10T10:33:49Z</time><extensions><gpxtpx:TrackPointExtension><gpxtpx:hr>121</gpxtpx:hr></gpxtpx:TrackPointExtension></extensions></trkpt><trkpt lat="57.9953" lon="38.87107"><ele>121.0</ele><time>2021-10-10T10:33:50Z</time><extensions><gpxtpx:TrackPointExtension><gpxtpx:hr>122</gpxtpx:hr></gpxtpx:TrackPointExtension></extensions></trkpt><trkpt lat="57.995307" lon="38.871082"><ele>121.0</ele><time>2021-10-10T10:33:51Z</time><extensions><gpxtpx:TrackPointExtension><gpxtpx:hr>122</gpxtpx:hr></gpxtpx:TrackPointExtension></extensions></trkpt><trkpt lat="57.99532" lon="38.871093"><ele>121.0</ele><time>2021-10-10T10:33:52Z</time><extensions><gpxtpx:TrackPointExtension><gpxtpx:hr>123</gpxtpx:hr></gpxtpx:TrackPointExtension></extensions></trkpt><trkpt lat="57.995327" lon="38.871105"><ele>121.0</ele><time>2021-10-10T10:33:53Z</time><extensions><gpxtpx:TrackPointExtension><gpxtpx:hr>115</gpxtpx:hr></gpxtpx:TrackPointExtension></extensions></trkpt><trkpt lat="57.99534" lon="38.871117"><ele>121.0</ele><time>2021-10-10T10:33:54Z</time><extensions><gpxtpx:TrackPointExtension><gpxtpx:hr>106</gpxtpx:hr></gpxtpx:TrackPointExtension></extensions></trkpt><trkpt lat="57.99535" lon="38.871123"><ele>121.0</ele><time>2021-10-10T10:33:55Z</time><extensions><gpxtpx:TrackPointExtension><gpxtpx:hr>106</gpxtpx:hr></gpxtpx:TrackPointExtension></extensions></trkpt><trkpt lat="57.995358" lon="38.871135"><ele>121.0</ele><time>2021-10-10T10:33:56Z</time><extensions><gpxtpx:TrackPointExtension><gpxtpx:hr>106</gpxtpx:hr></gpxtpx:TrackPointExtension></extensions></trkpt><trkpt lat="57.99537" lon="38.871147"><ele>121.0</ele><time>2021-10-10T10:33:57Z</time><extensions><gpxtpx:TrackPointExtension><gpxtpx:hr>106</gpxtpx:hr></gpxtpx:TrackPointExtension></extensions></trkpt><trkpt lat="57.99538" lon="38.871155"><ele>121.0</ele><time>2021-10-10T10:33:58Z</time><extensions><gpxtpx:TrackPointExtension><gpxtpx:hr>106</gpxtpx:hr></gpxtpx:TrackPointExtension></extensions></trkpt><trkpt lat="57.99539" lon="38.871165"><ele>121.0</ele><time>2021-10-10T10:33:59Z</time><extensions><gpxtpx:TrackPointExtension><gpxtpx:hr>106</gpxtpx:hr></gpxtpx:TrackPointExtension></extensions></trkpt><trkpt lat="57.9954" lon="38.871173"><ele>121.0</ele><time>2021-10-10T10:34:00Z</time><extensions><gpxtpx:TrackPointExtension><gpxtpx:hr>106</gpxtpx:hr></gpxtpx:TrackPointExtension></extensions></trkpt><trkpt lat="57.99541" lon="38.87118"><ele>121.0</ele><time>2021-10-10T10:34:01Z</time><extensions><gpxtpx:TrackPointExtension><gpxtpx:hr>106</gpxtpx:hr></gpxtpx:TrackPointExtension></extensions></trkpt><trkpt lat="57.99542" lon="38.871192"><ele>121.0</ele><time>2021-10-10T10:34:02Z</time><extensions><gpxtpx:TrackPointExtension><gpxtpx:hr>106</gpxtpx:hr></gpxtpx:TrackPointExtension></extensions></trkpt><trkpt lat="57.99543" lon="38.871203"><ele>121.0</ele><time>2021-10-10T10:34:03Z</time><extensions><gpxtpx:TrackPointExtension><gpxtpx:hr>106</gpxtpx:hr></gpxtpx:TrackPointExtension></extensions></trkpt><trkpt lat="57.99544" lon="38.871222"><ele>121.0</ele><time>2021-10-10T10:34:04Z</time><extensions><gpxtpx:TrackPointExtension><gpxtpx:hr>106</gpxtpx:hr></gpxtpx:TrackPointExtension></extensions></trkpt><trkpt lat="57.995452" lon="38.87125"><ele>121.0</ele><time>2021-10-10T10:34:05Z</time><extensions><gpxtpx:TrackPointExtension><gpxtpx:hr>106</gpxtpx:hr></gpxtpx:TrackPointExtension></extensions></trkpt><trkpt lat="57.99547" lon="38.87127"><ele>121.0</ele><time>2021-10-10T10:34:06Z</time><extensions><gpxtpx:TrackPointExtension><gpxtpx:hr>107</gpxtpx:hr></gpxtpx:TrackPointExtension></extensions></trkpt><trkpt lat="57.995482" lon="38.87129"><ele>121.0</ele><time>2021-10-10T10:34:07Z</time><extensions><gpxtpx:TrackPointExtension><gpxtpx:hr>107</gpxtpx:hr></gpxtpx:TrackPointExtension></extensions></trkpt><trkpt lat="57.9955" lon="38.87131"><ele>121.0</ele><time>2021-10-10T10:34:08Z</time><extensions><gpxtpx:TrackPointExtension><gpxtpx:hr>107</gpxtpx:hr></gpxtpx:TrackPointExtension></extensions></trkpt><trkpt lat="57.995513" lon="38.87133"><ele>121.0</ele><time>2021-10-10T10:34:09Z</time><extensions><gpxtpx:TrackPointExtension><gpxtpx:hr>107</gpxtpx:hr></gpxtpx:TrackPointExtension></extensions></trkpt><trkpt lat="57.995532" lon="38.871352"><ele>121.0</ele><time>2021-10-10T10:34:10Z</time><extensions><gpxtpx:TrackPointExtension><gpxtpx:hr>108</gpxtpx:hr></gpxtpx:TrackPointExtension></extensions></trkpt><trkpt lat="57.99555" lon="38.871375"><ele>121.0</ele><time>2021-10-10T10:34:11Z</time><extensions><gpxtpx:TrackPointExtension><gpxtpx:hr>109</gpxtpx:hr></gpxtpx:TrackPointExtension></extensions></trkpt><trkpt lat="57.995567" lon="38.871402"><ele>121.0</ele><time>2021-10-10T10:34:12Z</time><extensions><gpxtpx:TrackPointExtension><gpxtpx:hr>109</gpxtpx:hr></gpxtpx:TrackPointExtension></extensions></trkpt><trkpt lat="57.995585" lon="38.87143"><ele>121.0</ele><time>2021-10-10T10:34:13Z</time><extensions><gpxtpx:TrackPointExtension><gpxtpx:hr>110</gpxtpx:hr></gpxtpx:TrackPointExtension></extensions></trkpt><trkpt lat="57.995605" lon="38.87146"><ele>121.0</ele><time>2021-10-10T10:34:14Z</time><extensions><gpxtpx:TrackPointExtension><gpxtpx:hr>111</gpxtpx:hr></gpxtpx:TrackPointExtension></extensions></trkpt><trkpt lat="57.99563" lon="38.87149"><ele>121.0</ele><time>2021-10-10T10:34:15Z</time><extensions><gpxtpx:TrackPointExtension><gpxtpx:hr>111</gpxtpx:hr></gpxtpx:TrackPointExtension></extensions></trkpt><trkpt lat="57.995647" lon="38.87152"><ele>121.0</ele><time>2021-10-10T10:34:16Z</time><extensions><gpxtpx:TrackPointExtension><gpxtpx:hr>110</gpxtpx:hr></gpxtpx:TrackPointExtension></extensions></trkpt><trkpt lat="57.995668" lon="38.87155"><ele>121.0</ele><time>2021-10-10T10:34:17Z</time><extensions><gpxtpx:TrackPointExtension><gpxtpx:hr>111</gpxtpx:hr></gpxtpx:TrackPointExtension></extensions></trkpt><trkpt lat="57.99569" lon="38.871582"><ele>121.0</ele><time>2021-10-10T10:34:18Z</time><extensions><gpxtpx:TrackPointExtension><gpxtpx:hr>111</gpxtpx:hr></gpxtpx:TrackPointExtension></extensions></trkpt><trkpt lat="57.99571" lon="38.871612"><ele>121.0</ele><time>2021-10-10T10:34:19Z</time><extensions><gpxtpx:TrackPointExtension><gpxtpx:hr>113</gpxtpx:hr></gpxtpx:TrackPointExtension></extensions></trkpt><trkpt lat="57.99573" lon="38.87165"><ele>121.0</ele><time>2021-10-10T10:34:20Z</time><extensions><gpxtpx:TrackPointExtension><gpxtpx:hr>113</gpxtpx:hr></gpxtpx:TrackPointExtension></extensions></trkpt><trkpt lat="57.995747" lon="38.871677"><ele>121.0</ele><time>2021-10-10T10:34:21Z</time><extensions><gpxtpx:TrackPointExtension><gpxtpx:hr>116</gpxtpx:hr></gpxtpx:TrackPointExtension></extensions></trkpt><trkpt lat="57.995765" lon="38.871698"><ele>121.0</ele><time>2021-10-10T10:34:22Z</time><extensions><gpxtpx:TrackPointExtension><gpxtpx:hr>116</gpxtpx:hr></gpxtpx:TrackPointExtension></extensions></trkpt><trkpt lat="57.99579" lon="38.871727"><ele>121.0</ele><time>2021-10-10T10:34:23Z</time><extensions><gpxtpx:TrackPointExtension><gpxtpx:hr>116</gpxtpx:hr></gpxtpx:TrackPointExtension></extensions></trkpt><trkpt lat="57.995807" lon="38.871753"><ele>121.0</ele><time>2021-10-10T10:34:24Z</time><extensions><gpxtpx:TrackPointExtension><gpxtpx:hr>119</gpxtpx:hr></gpxtpx:TrackPointExtension></extensions></trkpt><trkpt lat="57.995827" lon="38.871783"><ele>121.0</ele><time>2021-10-10T10:34:25Z</time><extensions><gpxtpx:TrackPointExtension><gpxtpx:hr>120</gpxtpx:hr></gpxtpx:TrackPointExtension></extensions></trkpt><trkpt lat="57.99585" lon="38.871822"><ele>121.0</ele><time>2021-10-10T10:34:26Z</time><extensions><gpxtpx:TrackPointExtension><gpxtpx:hr>120</gpxtpx:hr></gpxtpx:TrackPointExtension></extensions></trkpt><trkpt lat="57.995872" lon="38.871857"><ele>121.0</ele><time>2021-10-10T10:34:27Z</time><extensions><gpxtpx:TrackPointExtension><gpxtpx:hr>121</gpxtpx:hr></gpxtpx:TrackPointExtension></extensions></trkpt><trkpt lat="57.9959" lon="38.871887"><ele>121.0</ele><time>2021-10-10T10:34:28Z</time><extensions><gpxtpx:TrackPointExtension><gpxtpx:hr>121</gpxtpx:hr></gpxtpx:TrackPointExtension></extensions></trkpt><trkpt lat="57.995925" lon="38.871923"><ele>121.0</ele><time>2021-10-10T10:34:29Z</time><extensions><gpxtpx:TrackPointExtension><gpxtpx:hr>121</gpxtpx:hr></gpxtpx:TrackPointExtension></extensions></trkpt><trkpt lat="57.995955" lon="38.871963"><ele>121.0</ele><time>2021-10-10T10:34:30Z</time><extensions><gpxtpx:TrackPointExtension><gpxtpx:hr>121</gpxtpx:hr></gpxtpx:TrackPointExtension></extensions></trkpt><trkpt lat="57.995982" lon="38.872"><ele>121.0</ele><time>2021-10-10T10:34:31Z</time><extensions><gpxtpx:TrackPointExtension><gpxtpx:hr>121</gpxtpx:hr></gpxtpx:TrackPointExtension></extensions></trkpt><trkpt lat="57.99601" lon="38.87204"><ele>121.0</ele><time>2021-10-10T10:34:32Z</time><extensions><gpxtpx:TrackPointExtension><gpxtpx:hr>121</gpxtpx:hr></gpxtpx:TrackPointExtension></extensions></trkpt><trkpt lat="57.99604" lon="38.872073"><ele>121.0</ele><time>2021-10-10T10:34:33Z</time><extensions><gpxtpx:TrackPointExtension><gpxtpx:hr>121</gpxtpx:hr></gpxtpx:TrackPointExtension></extensions></trkpt><trkpt lat="57.996062" lon="38.872112"><ele>121.0</ele><time>2021-10-10T10:34:34Z</time><extensions><gpxtpx:TrackPointExtension><gpxtpx:hr>121</gpxtpx:hr></gpxtpx:TrackPointExtension></extensions></trkpt><trkpt lat="57.99609" lon="38.872142"><ele>121.0</ele><time>2021-10-10T10:34:35Z</time><extensions><gpxtpx:TrackPointExtension><gpxtpx:hr>121</gpxtpx:hr></gpxtpx:TrackPointExtension></extensions></trkpt><trkpt lat="57.99611" lon="38.872172"><ele>121.0</ele><time>2021-10-10T10:34:36Z</time><extensions><gpxtpx:TrackPointExtension><gpxtpx:hr>121</gpxtpx:hr></gpxtpx:TrackPointExtension></extensions></trkpt><trkpt lat="57.996127" lon="38.872195"><ele>121.0</ele><time>2021-10-10T10:34:37Z</time><extensions><gpxtpx:TrackPointExtension><gpxtpx:hr>121</gpxtpx:hr></gpxtpx:TrackPointExtension></extensions></trkpt><trkpt lat="57.996142" lon="38.87222"><ele>121.0</ele><time>2021-10-10T10:34:38Z</time><extensions><gpxtpx:TrackPointExtension><gpxtpx:hr>121</gpxtpx:hr></gpxtpx:TrackPointExtension></extensions></trkpt><trkpt lat="57.996162" lon="38.872242"><ele>121.0</ele><time>2021-10-10T10:34:39Z</time><extensions><gpxtpx:TrackPointExtension><gpxtpx:hr>121</gpxtpx:hr></gpxtpx:TrackPointExtension></extensions></trkpt><trkpt lat="57.996185" lon="38.872265"><ele>121.0</ele><time>2021-10-10T10:34:40Z</time><extensions><gpxtpx:TrackPointExtension><gpxtpx:hr>121</gpxtpx:hr></gpxtpx:TrackPointExtension></extensions></trkpt><trkpt lat="57.99621" lon="38.872287"><ele>121.0</ele><time>2021-10-10T10:34:41Z</time><extensions><gpxtpx:TrackPointExtension><gpxtpx:hr>121</gpxtpx:hr></gpxtpx:TrackPointExtension></extensions></trkpt><trkpt lat="57.996227" lon="38.872307"><ele>121.0</ele><time>2021-10-10T10:34:42Z</time><extensions><gpxtpx:TrackPointExtension><gpxtpx:hr>121</gpxtpx:hr></gpxtpx:TrackPointExtension></extensions></trkpt><trkpt lat="57.99625" lon="38.87233"><ele>121.0</ele><time>2021-10-10T10:34:43Z</time><extensions><gpxtpx:TrackPointExtension><gpxtpx:hr>121</gpxtpx:hr></gpxtpx:TrackPointExtension></extensions></trkpt><trkpt lat="57.996272" lon="38.87235"><ele>121.0</ele><time>2021-10-10T10:34:44Z</time><extensions><gpxtpx:TrackPointExtension><gpxtpx:hr>121</gpxtpx:hr></gpxtpx:TrackPointExtension></extensions></trkpt><trkpt lat="57.996292" lon="38.872367"><ele>121.0</ele><time>2021-10-10T10:34:45Z</time><extensions><gpxtpx:TrackPointExtension><gpxtpx:hr>121</gpxtpx:hr></gpxtpx:TrackPointExtension></extensions></trkpt><trkpt lat="57.996315" lon="38.872387"><ele>121.0</ele><time>2021-10-10T10:34:46Z</time><extensions><gpxtpx:TrackPointExtension><gpxtpx:hr>121</gpxtpx:hr></gpxtpx:TrackPointExtension></extensions></trkpt><trkpt lat="57.996333" lon="38.87241"><ele>121.0</ele><time>2021-10-10T10:34:47Z</time><extensions><gpxtpx:TrackPointExtension><gpxtpx:hr>121</gpxtpx:hr></gpxtpx:TrackPointExtension></extensions></trkpt><trkpt lat="57.996352" lon="38.872425"><ele>121.0</ele><time>2021-10-10T10:34:48Z</time><extensions><gpxtpx:TrackPointExtension><gpxtpx:hr>121</gpxtpx:hr></gpxtpx:TrackPointExtension></extensions></trkpt><trkpt lat="57.996372" lon="38.87244"><ele>121.0</ele><time>2021-10-10T10:34:49Z</time><extensions><gpxtpx:TrackPointExtension><gpxtpx:hr>121</gpxtpx:hr></gpxtpx:TrackPointExtension></extensions></trkpt><trkpt lat="57.99639" lon="38.872455"><ele>121.0</ele><time>2021-10-10T10:34:50Z</time><extensions><gpxtpx:TrackPointExtension><gpxtpx:hr>121</gpxtpx:hr></gpxtpx:TrackPointExtension></extensions></trkpt><trkpt lat="57.996407" lon="38.87247"><ele>121.0</ele><time>2021-10-10T10:34:51Z</time><extensions><gpxtpx:TrackPointExtension><gpxtpx:hr>121</gpxtpx:hr></gpxtpx:TrackPointExtension></extensions></trkpt><trkpt lat="57.996417" lon="38.872485"><ele>121.0</ele><time>2021-10-10T10:34:52Z</time><extensions><gpxtpx:TrackPointExtension><gpxtpx:hr>121</gpxtpx:hr></gpxtpx:TrackPointExtension></extensions></trkpt><trkpt lat="57.996437" lon="38.8725"><ele>121.0</ele><time>2021-10-10T10:34:53Z</time><extensions><gpxtpx:TrackPointExtension><gpxtpx:hr>121</gpxtpx:hr></gpxtpx:TrackPointExtension></extensions></trkpt><trkpt lat="57.996452" lon="38.87252"><ele>121.0</ele><time>2021-10-10T10:34:54Z</time><extensions><gpxtpx:TrackPointExtension><gpxtpx:hr>121</gpxtpx:hr></gpxtpx:TrackPointExtension></extensions></trkpt><trkpt lat="57.996467" lon="38.872535"><ele>121.0</ele><time>2021-10-10T10:34:55Z</time><extensions><gpxtpx:TrackPointExtension><gpxtpx:hr>121</gpxtpx:hr></gpxtpx:TrackPointExtension></extensions></trkpt><trkpt lat="57.99648" lon="38.872542"><ele>121.0</ele><time>2021-10-10T10:34:56Z</time><extensions><gpxtpx:TrackPointExtension><gpxtpx:hr>121</gpxtpx:hr></gpxtpx:TrackPointExtension></extensions></trkpt><trkpt lat="57.996493" lon="38.87256"><ele>121.0</ele><time>2021-10-10T10:34:57Z</time><extensions><gpxtpx:TrackPointExtension><gpxtpx:hr>120</gpxtpx:hr></gpxtpx:TrackPointExtension></extensions></trkpt><trkpt lat="57.996505" lon="38.872577"><ele>121.0</ele><time>2021-10-10T10:34:58Z</time><extensions><gpxtpx:TrackPointExtension><gpxtpx:hr>120</gpxtpx:hr></gpxtpx:TrackPointExtension></extensions></trkpt><trkpt lat="57.996512" lon="38.87259"><ele>121.0</ele><time>2021-10-10T10:34:59Z</time><extensions><gpxtpx:TrackPointExtension><gpxtpx:hr>120</gpxtpx:hr></gpxtpx:TrackPointExtension></extensions></trkpt><trkpt lat="57.996532" lon="38.87262"><ele>121.0</ele><time>2021-10-10T10:35:07Z</time><extensions><gpxtpx:TrackPointExtension><gpxtpx:hr>119</gpxtpx:hr></gpxtpx:TrackPointExtension></extensions></trkpt><trkpt lat="57.99653" lon="38.872627"><ele>121.0</ele><time>2021-10-10T10:35:11Z</time><extensions><gpxtpx:TrackPointExtension><gpxtpx:hr>118</gpxtpx:hr></gpxtpx:TrackPointExtension></extensions></trkpt><trkpt lat="57.99653" lon="38.87263"><ele>121.0</ele><time>2021-10-10T10:35:12Z</time><extensions><gpxtpx:TrackPointExtension><gpxtpx:hr>118</gpxtpx:hr></gpxtpx:TrackPointExtension></extensions></trkpt><trkpt lat="57.99653" lon="38.87264"><ele>121.0</ele><time>2021-10-10T10:35:13Z</time><extensions><gpxtpx:TrackPointExtension><gpxtpx:hr>120</gpxtpx:hr></gpxtpx:TrackPointExtension></extensions></trkpt><trkpt lat="57.99653" lon="38.87265"><ele>121.0</ele><time>2021-10-10T10:35:14Z</time><extensions><gpxtpx:TrackPointExtension><gpxtpx:hr>120</gpxtpx:hr></gpxtpx:TrackPointExtension></extensions></trkpt><trkpt lat="57.99653" lon="38.872665"><ele>121.0</ele><time>2021-10-10T10:35:15Z</time><extensions><gpxtpx:TrackPointExtension><gpxtpx:hr>120</gpxtpx:hr></gpxtpx:TrackPointExtension></extensions></trkpt><trkpt lat="57.99653" lon="38.872683"><ele>121.0</ele><time>2021-10-10T10:35:16Z</time><extensions><gpxtpx:TrackPointExtension><gpxtpx:hr>119</gpxtpx:hr></gpxtpx:TrackPointExtension></extensions></trkpt><trkpt lat="57.996532" lon="38.872707"><ele>121.0</ele><time>2021-10-10T10:35:17Z</time><extensions><gpxtpx:TrackPointExtension><gpxtpx:hr>119</gpxtpx:hr></gpxtpx:TrackPointExtension></extensions></trkpt><trkpt lat="57.996532" lon="38.872722"><ele>121.0</ele><time>2021-10-10T10:35:18Z</time><extensions><gpxtpx:TrackPointExtension><gpxtpx:hr>118</gpxtpx:hr></gpxtpx:TrackPointExtension></extensions></trkpt><trkpt lat="57.99653" lon="38.87274"><ele>121.0</ele><time>2021-10-10T10:35:19Z</time><extensions><gpxtpx:TrackPointExtension><gpxtpx:hr>117</gpxtpx:hr></gpxtpx:TrackPointExtension></extensions></trkpt><trkpt lat="57.99652" lon="38.872765"><ele>121.0</ele><time>2021-10-10T10:35:20Z</time><extensions><gpxtpx:TrackPointExtension><gpxtpx:hr>117</gpxtpx:hr></gpxtpx:TrackPointExtension></extensions></trkpt><trkpt lat="57.996512" lon="38.872783"><ele>121.0</ele><time>2021-10-10T10:35:21Z</time><extensions><gpxtpx:TrackPointExtension><gpxtpx:hr>114</gpxtpx:hr></gpxtpx:TrackPointExtension></extensions></trkpt><trkpt lat="57.996505" lon="38.872802"><ele>121.0</ele><time>2021-10-10T10:35:22Z</time><extensions><gpxtpx:TrackPointExtension><gpxtpx:hr>114</gpxtpx:hr></gpxtpx:TrackPointExtension></extensions></trkpt><trkpt lat="57.996493" lon="38.87282"><ele>121.0</ele><time>2021-10-10T10:35:23Z</time><extensions><gpxtpx:TrackPointExtension><gpxtpx:hr>114</gpxtpx:hr></gpxtpx:TrackPointExtension></extensions></trkpt><trkpt lat="57.996487" lon="38.872845"><ele>121.0</ele><time>2021-10-10T10:35:24Z</time><extensions><gpxtpx:TrackPointExtension><gpxtpx:hr>114</gpxtpx:hr></gpxtpx:TrackPointExtension></extensions></trkpt><trkpt lat="57.99648" lon="38.87286"><ele>121.0</ele><time>2021-10-10T10:35:25Z</time><extensions><gpxtpx:TrackPointExtension><gpxtpx:hr>114</gpxtpx:hr></gpxtpx:TrackPointExtension></extensions></trkpt><trkpt lat="57.99648" lon="38.872882"><ele>121.0</ele><time>2021-10-10T10:35:26Z</time><extensions><gpxtpx:TrackPointExtension><gpxtpx:hr>114</gpxtpx:hr></gpxtpx:TrackPointExtension></extensions></trkpt><trkpt lat="57.996482" lon="38.872902"><ele>121.0</ele><time>2021-10-10T10:35:27Z</time><extensions><gpxtpx:TrackPointExtension><gpxtpx:hr>114</gpxtpx:hr></gpxtpx:TrackPointExtension></extensions></trkpt><trkpt lat="57.99649" lon="38.872925"><ele>121.0</ele><time>2021-10-10T10:35:28Z</time><extensions><gpxtpx:TrackPointExtension><gpxtpx:hr>114</gpxtpx:hr></gpxtpx:TrackPointExtension></extensions></trkpt><trkpt lat="57.996493" lon="38.872947"><ele>121.0</ele><time>2021-10-10T10:35:29Z</time><extensions><gpxtpx:TrackPointExtension><gpxtpx:hr>114</gpxtpx:hr></gpxtpx:TrackPointExtension></extensions></trkpt><trkpt lat="57.996498" lon="38.872973"><ele>121.0</ele><time>2021-10-10T10:35:30Z</time><extensions><gpxtpx:TrackPointExtension><gpxtpx:hr>114</gpxtpx:hr></gpxtpx:TrackPointExtension></extensions></trkpt><trkpt lat="57.996498" lon="38.872997"><ele>121.0</ele><time>2021-10-10T10:35:31Z</time><extensions><gpxtpx:TrackPointExtension><gpxtpx:hr>114</gpxtpx:hr></gpxtpx:TrackPointExtension></extensions></trkpt><trkpt lat="57.996502" lon="38.873023"><ele>121.0</ele><time>2021-10-10T10:35:32Z</time><extensions><gpxtpx:TrackPointExtension><gpxtpx:hr>114</gpxtpx:hr></gpxtpx:TrackPointExtension></extensions></trkpt><trkpt lat="57.996498" lon="38.87305"><ele>121.0</ele><time>2021-10-10T10:35:33Z</time><extensions><gpxtpx:TrackPointExtension><gpxtpx:hr>114</gpxtpx:hr></gpxtpx:TrackPointExtension></extensions></trkpt><trkpt lat="57.996498" lon="38.873077"><ele>121.0</ele><time>2021-10-10T10:35:34Z</time><extensions><gpxtpx:TrackPointExtension><gpxtpx:hr>114</gpxtpx:hr></gpxtpx:TrackPointExtension></extensions></trkpt><trkpt lat="57.996493" lon="38.873103"><ele>121.0</ele><time>2021-10-10T10:35:35Z</time><extensions><gpxtpx:TrackPointExtension><gpxtpx:hr>114</gpxtpx:hr></gpxtpx:TrackPointExtension></extensions></trkpt><trkpt lat="57.99649" lon="38.87313"><ele>121.0</ele><time>2021-10-10T10:35:36Z</time><extensions><gpxtpx:TrackPointExtension><gpxtpx:hr>114</gpxtpx:hr></gpxtpx:TrackPointExtension></extensions></trkpt><trkpt lat="57.99649" lon="38.87315"><ele>121.0</ele><time>2021-10-10T10:35:37Z</time><extensions><gpxtpx:TrackPointExtension><gpxtpx:hr>114</gpxtpx:hr></gpxtpx:TrackPointExtension></extensions></trkpt><trkpt lat="57.996493" lon="38.87317"><ele>121.0</ele><time>2021-10-10T10:35:38Z</time><extensions><gpxtpx:TrackPointExtension><gpxtpx:hr>114</gpxtpx:hr></gpxtpx:TrackPointExtension></extensions></trkpt><trkpt lat="57.996498" lon="38.873187"><ele>121.0</ele><time>2021-10-10T10:35:39Z</time><extensions><gpxtpx:TrackPointExtension><gpxtpx:hr>114</gpxtpx:hr></gpxtpx:TrackPointExtension></extensions></trkpt><trkpt lat="57.996498" lon="38.873207"><ele>121.0</ele><time>2021-10-10T10:35:40Z</time><extensions><gpxtpx:TrackPointExtension><gpxtpx:hr>113</gpxtpx:hr></gpxtpx:TrackPointExtension></extensions></trkpt><trkpt lat="57.996498" lon="38.873225"><ele>121.0</ele><time>2021-10-10T10:35:41Z</time><extensions><gpxtpx:TrackPointExtension><gpxtpx:hr>113</gpxtpx:hr></gpxtpx:TrackPointExtension></extensions></trkpt><trkpt lat="57.996498" lon="38.873245"><ele>121.0</ele><time>2021-10-10T10:35:42Z</time><extensions><gpxtpx:TrackPointExtension><gpxtpx:hr>113</gpxtpx:hr></gpxtpx:TrackPointExtension></extensions></trkpt><trkpt lat="57.996493" lon="38.873263"><ele>121.0</ele><time>2021-10-10T10:35:43Z</time><extensions><gpxtpx:TrackPointExtension><gpxtpx:hr>113</gpxtpx:hr></gpxtpx:TrackPointExtension></extensions></trkpt><trkpt lat="57.99649" lon="38.873287"><ele>121.0</ele><time>2021-10-10T10:35:44Z</time><extensions><gpxtpx:TrackPointExtension><gpxtpx:hr>115</gpxtpx:hr></gpxtpx:TrackPointExtension></extensions></trkpt><trkpt lat="57.996482" lon="38.873305"><ele>121.0</ele><time>2021-10-10T10:35:45Z</time><extensions><gpxtpx:TrackPointExtension><gpxtpx:hr>115</gpxtpx:hr></gpxtpx:TrackPointExtension></extensions></trkpt><trkpt lat="57.99648" lon="38.87333"><ele>121.0</ele><time>2021-10-10T10:35:46Z</time><extensions><gpxtpx:TrackPointExtension><gpxtpx:hr>115</gpxtpx:hr></gpxtpx:TrackPointExtension></extensions></trkpt><trkpt lat="57.996475" lon="38.873352"><ele>121.0</ele><time>2021-10-10T10:35:47Z</time><extensions><gpxtpx:TrackPointExtension><gpxtpx:hr>116</gpxtpx:hr></gpxtpx:TrackPointExtension></extensions></trkpt><trkpt lat="57.996467" lon="38.873382"><ele>121.0</ele><time>2021-10-10T10:35:48Z</time><extensions><gpxtpx:TrackPointExtension><gpxtpx:hr>116</gpxtpx:hr></gpxtpx:TrackPointExtension></extensions></trkpt><trkpt lat="57.996463" lon="38.87341"><ele>121.0</ele><time>2021-10-10T10:35:49Z</time><extensions><gpxtpx:TrackPointExtension><gpxtpx:hr>115</gpxtpx:hr></gpxtpx:TrackPointExtension></extensions></trkpt><trkpt lat="57.99646" lon="38.873435"><ele>121.0</ele><time>2021-10-10T10:35:50Z</time><extensions><gpxtpx:TrackPointExtension><gpxtpx:hr>115</gpxtpx:hr></gpxtpx:TrackPointExtension></extensions></trkpt><trkpt lat="57.996455" lon="38.87346"><ele>121.0</ele><time>2021-10-10T10:35:51Z</time><extensions><gpxtpx:TrackPointExtension><gpxtpx:hr>116</gpxtpx:hr></gpxtpx:TrackPointExtension></extensions></trkpt><trkpt lat="57.99645" lon="38.87348"><ele>121.0</ele><time>2021-10-10T10:35:52Z</time><extensions><gpxtpx:TrackPointExtension><gpxtpx:hr>116</gpxtpx:hr></gpxtpx:TrackPointExtension></extensions></trkpt><trkpt lat="57.996445" lon="38.8735"><ele>121.0</ele><time>2021-10-10T10:35:53Z</time><extensions><gpxtpx:TrackPointExtension><gpxtpx:hr>116</gpxtpx:hr></gpxtpx:TrackPointExtension></extensions></trkpt><trkpt lat="57.996437" lon="38.873523"><ele>121.0</ele><time>2021-10-10T10:35:54Z</time><extensions><gpxtpx:TrackPointExtension><gpxtpx:hr>117</gpxtpx:hr></gpxtpx:TrackPointExtension></extensions></trkpt><trkpt lat="57.996428" lon="38.873547"><ele>121.0</ele><time>2021-10-10T10:35:55Z</time><extensions><gpxtpx:TrackPointExtension><gpxtpx:hr>118</gpxtpx:hr></gpxtpx:TrackPointExtension></extensions></trkpt><trkpt lat="57.996425" lon="38.873565"><ele>121.0</ele><time>2021-10-10T10:35:56Z</time><extensions><gpxtpx:TrackPointExtension><gpxtpx:hr>119</gpxtpx:hr></gpxtpx:TrackPointExtension></extensions></trkpt><trkpt lat="57.996413" lon="38.87359"><ele>121.0</ele><time>2021-10-10T10:35:57Z</time><extensions><gpxtpx:TrackPointExtension><gpxtpx:hr>119</gpxtpx:hr></gpxtpx:TrackPointExtension></extensions></trkpt><trkpt lat="57.996407" lon="38.87361"><ele>121.0</ele><time>2021-10-10T10:35:58Z</time><extensions><gpxtpx:TrackPointExtension><gpxtpx:hr>120</gpxtpx:hr></gpxtpx:TrackPointExtension></extensions></trkpt><trkpt lat="57.9964" lon="38.87364"><ele>121.0</ele><time>2021-10-10T10:35:59Z</time><extensions><gpxtpx:TrackPointExtension><gpxtpx:hr>122</gpxtpx:hr></gpxtpx:TrackPointExtension></extensions></trkpt><trkpt lat="57.99639" lon="38.87366"><ele>121.0</ele><time>2021-10-10T10:36:00Z</time><extensions><gpxtpx:TrackPointExtension><gpxtpx:hr>123</gpxtpx:hr></gpxtpx:TrackPointExtension></extensions></trkpt><trkpt lat="57.996387" lon="38.873687"><ele>121.0</ele><time>2021-10-10T10:36:01Z</time><extensions><gpxtpx:TrackPointExtension><gpxtpx:hr>123</gpxtpx:hr></gpxtpx:TrackPointExtension></extensions></trkpt><trkpt lat="57.996387" lon="38.873707"><ele>121.0</ele><time>2021-10-10T10:36:02Z</time><extensions><gpxtpx:TrackPointExtension><gpxtpx:hr>124</gpxtpx:hr></gpxtpx:TrackPointExtension></extensions></trkpt><trkpt lat="57.996383" lon="38.873725"><ele>121.0</ele><time>2021-10-10T10:36:03Z</time><extensions><gpxtpx:TrackPointExtension><gpxtpx:hr>124</gpxtpx:hr></gpxtpx:TrackPointExtension></extensions></trkpt><trkpt lat="57.996387" lon="38.873722"><ele>121.0</ele><time>2021-10-10T10:36:04Z</time><extensions><gpxtpx:TrackPointExtension><gpxtpx:hr>118</gpxtpx:hr></gpxtpx:TrackPointExtension></extensions></trkpt><trkpt lat="57.996395" lon="38.87371"><ele>121.0</ele><time>2021-10-10T10:36:05Z</time><extensions><gpxtpx:TrackPointExtension><gpxtpx:hr>119</gpxtpx:hr></gpxtpx:TrackPointExtension></extensions></trkpt><trkpt lat="57.996395" lon="38.873707"><ele>121.0</ele><time>2021-10-10T10:36:06Z</time><extensions><gpxtpx:TrackPointExtension><gpxtpx:hr>118</gpxtpx:hr></gpxtpx:TrackPointExtension></extensions></trkpt><trkpt lat="57.9964" lon="38.873702"><ele>121.0</ele><time>2021-10-10T10:36:07Z</time><extensions><gpxtpx:TrackPointExtension><gpxtpx:hr>118</gpxtpx:hr></gpxtpx:TrackPointExtension></extensions></trkpt><trkpt lat="57.996402" lon="38.8737"><ele>121.0</ele><time>2021-10-10T10:36:08Z</time><extensions><gpxtpx:TrackPointExtension><gpxtpx:hr>117</gpxtpx:hr></gpxtpx:TrackPointExtension></extensions></trkpt><trkpt lat="57.996407" lon="38.8737"><ele>121.0</ele><time>2021-10-10T10:36:09Z</time><extensions><gpxtpx:TrackPointExtension><gpxtpx:hr>117</gpxtpx:hr></gpxtpx:TrackPointExtension></extensions></trkpt><trkpt lat="57.996413" lon="38.873707"><ele>121.0</ele><time>2021-10-10T10:36:11Z</time><extensions><gpxtpx:TrackPointExtension><gpxtpx:hr>117</gpxtpx:hr></gpxtpx:TrackPointExtension></extensions></trkpt><trkpt lat="57.996413" lon="38.87371"><ele>121.0</ele><time>2021-10-10T10:36:12Z</time><extensions><gpxtpx:TrackPointExtension><gpxtpx:hr>117</gpxtpx:hr></gpxtpx:TrackPointExtension></extensions></trkpt><trkpt lat="57.996417" lon="38.873713"><ele>121.0</ele><time>2021-10-10T10:36:13Z</time><extensions><gpxtpx:TrackPointExtension><gpxtpx:hr>117</gpxtpx:hr></gpxtpx:TrackPointExtension></extensions></trkpt><trkpt lat="57.99642" lon="38.873725"><ele>121.0</ele><time>2021-10-10T10:36:14Z</time><extensions><gpxtpx:TrackPointExtension><gpxtpx:hr>117</gpxtpx:hr></gpxtpx:TrackPointExtension></extensions></trkpt><trkpt lat="57.996428" lon="38.873737"><ele>121.0</ele><time>2021-10-10T10:36:15Z</time><extensions><gpxtpx:TrackPointExtension><gpxtpx:hr>117</gpxtpx:hr></gpxtpx:TrackPointExtension></extensions></trkpt><trkpt lat="57.99644" lon="38.873755"><ele>121.0</ele><time>2021-10-10T10:36:16Z</time><extensions><gpxtpx:TrackPointExtension><gpxtpx:hr>117</gpxtpx:hr></gpxtpx:TrackPointExtension></extensions></trkpt><trkpt lat="57.996452" lon="38.87378"><ele>121.0</ele><time>2021-10-10T10:36:17Z</time><extensions><gpxtpx:TrackPointExtension><gpxtpx:hr>116</gpxtpx:hr></gpxtpx:TrackPointExtension></extensions></trkpt><trkpt lat="57.996463" lon="38.873802"><ele>121.0</ele><time>2021-10-10T10:36:18Z</time><extensions><gpxtpx:TrackPointExtension><gpxtpx:hr>115</gpxtpx:hr></gpxtpx:TrackPointExtension></extensions></trkpt><trkpt lat="57.996475" lon="38.873823"><ele>121.0</ele><time>2021-10-10T10:36:19Z</time><extensions><gpxtpx:TrackPointExtension><gpxtpx:hr>115</gpxtpx:hr></gpxtpx:TrackPointExtension></extensions></trkpt><trkpt lat="57.99649" lon="38.87385"><ele>121.0</ele><time>2021-10-10T10:36:20Z</time><extensions><gpxtpx:TrackPointExtension><gpxtpx:hr>117</gpxtpx:hr></gpxtpx:TrackPointExtension></extensions></trkpt><trkpt lat="57.996502" lon="38.87388"><ele>121.0</ele><time>2021-10-10T10:36:21Z</time><extensions><gpxtpx:TrackPointExtension><gpxtpx:hr>117</gpxtpx:hr></gpxtpx:TrackPointExtension></extensions></trkpt><trkpt lat="57.99651" lon="38.8739"><ele>121.0</ele><time>2021-10-10T10:36:22Z</time><extensions><gpxtpx:TrackPointExtension><gpxtpx:hr>118</gpxtpx:hr></gpxtpx:TrackPointExtension></extensions></trkpt><trkpt lat="57.99652" lon="38.873923"><ele>121.0</ele><time>2021-10-10T10:36:23Z</time><extensions><gpxtpx:TrackPointExtension><gpxtpx:hr>120</gpxtpx:hr></gpxtpx:TrackPointExtension></extensions></trkpt><trkpt lat="57.996532" lon="38.873942"><ele>121.0</ele><time>2021-10-10T10:36:24Z</time><extensions><gpxtpx:TrackPointExtension><gpxtpx:hr>121</gpxtpx:hr></gpxtpx:TrackPointExtension></extensions></trkpt><trkpt lat="57.996543" lon="38.87396"><ele>121.0</ele><time>2021-10-10T10:36:25Z</time><extensions><gpxtpx:TrackPointExtension><gpxtpx:hr>121</gpxtpx:hr></gpxtpx:TrackPointExtension></extensions></trkpt><trkpt lat="57.99656" lon="38.87397"><ele>121.0</ele><time>2021-10-10T10:36:26Z</time><extensions><gpxtpx:TrackPointExtension><gpxtpx:hr>113</gpxtpx:hr></gpxtpx:TrackPointExtension></extensions></trkpt><trkpt lat="57.996568" lon="38.873977"><ele>121.0</ele><time>2021-10-10T10:36:27Z</time><extensions><gpxtpx:TrackPointExtension><gpxtpx:hr>113</gpxtpx:hr></gpxtpx:TrackPointExtension></extensions></trkpt><trkpt lat="57.996582" lon="38.87399"><ele>121.0</ele><time>2021-10-10T10:36:28Z</time><extensions><gpxtpx:TrackPointExtension><gpxtpx:hr>113</gpxtpx:hr></gpxtpx:TrackPointExtension></extensions></trkpt><trkpt lat="57.996592" lon="38.873997"><ele>121.0</ele><time>2021-10-10T10:36:29Z</time><extensions><gpxtpx:TrackPointExtension><gpxtpx:hr>113</gpxtpx:hr></gpxtpx:TrackPointExtension></extensions></trkpt><trkpt lat="57.996605" lon="38.874003"><ele>121.0</ele><time>2021-10-10T10:36:30Z</time><extensions><gpxtpx:TrackPointExtension><gpxtpx:hr>113</gpxtpx:hr></gpxtpx:TrackPointExtension></extensions></trkpt><trkpt lat="57.99662" lon="38.87401"><ele>121.0</ele><time>2021-10-10T10:36:31Z</time><extensions><gpxtpx:TrackPointExtension><gpxtpx:hr>113</gpxtpx:hr></gpxtpx:TrackPointExtension></extensions></trkpt><trkpt lat="57.99663" lon="38.874012"><ele>121.0</ele><time>2021-10-10T10:36:32Z</time><extensions><gpxtpx:TrackPointExtension><gpxtpx:hr>113</gpxtpx:hr></gpxtpx:TrackPointExtension></extensions></trkpt><trkpt lat="57.99664" lon="38.87402"><ele>121.0</ele><time>2021-10-10T10:36:33Z</time><extensions><gpxtpx:TrackPointExtension><gpxtpx:hr>113</gpxtpx:hr></gpxtpx:TrackPointExtension></extensions></trkpt><trkpt lat="57.996647" lon="38.874022"><ele>121.0</ele><time>2021-10-10T10:36:34Z</time><extensions><gpxtpx:TrackPointExtension><gpxtpx:hr>113</gpxtpx:hr></gpxtpx:TrackPointExtension></extensions></trkpt><trkpt lat="57.99665" lon="38.87403"><ele>121.0</ele><time>2021-10-10T10:36:35Z</time><extensions><gpxtpx:TrackPointExtension><gpxtpx:hr>113</gpxtpx:hr></gpxtpx:TrackPointExtension></extensions></trkpt><trkpt lat="57.99665" lon="38.87404"><ele>121.0</ele><time>2021-10-10T10:36:36Z</time><extensions><gpxtpx:TrackPointExtension><gpxtpx:hr>113</gpxtpx:hr></gpxtpx:TrackPointExtension></extensions></trkpt><trkpt lat="57.996653" lon="38.87404"><ele>121.0</ele><time>2021-10-10T10:36:37Z</time><extensions><gpxtpx:TrackPointExtension><gpxtpx:hr>113</gpxtpx:hr></gpxtpx:TrackPointExtension></extensions></trkpt><trkpt lat="57.99666" lon="38.87404"><ele>121.0</ele><time>2021-10-10T10:36:38Z</time><extensions><gpxtpx:TrackPointExtension><gpxtpx:hr>113</gpxtpx:hr></gpxtpx:TrackPointExtension></extensions></trkpt><trkpt lat="57.996665" lon="38.87403"><ele>121.0</ele><time>2021-10-10T10:36:39Z</time><extensions><gpxtpx:TrackPointExtension><gpxtpx:hr>113</gpxtpx:hr></gpxtpx:TrackPointExtension></extensions></trkpt><trkpt lat="57.99667" lon="38.874027"><ele>121.0</ele><time>2021-10-10T10:36:40Z</time><extensions><gpxtpx:TrackPointExtension><gpxtpx:hr>113</gpxtpx:hr></gpxtpx:TrackPointExtension></extensions></trkpt><trkpt lat="57.996685" lon="38.874015"><ele>121.0</ele><time>2021-10-10T10:36:41Z</time><extensions><gpxtpx:TrackPointExtension><gpxtpx:hr>113</gpxtpx:hr></gpxtpx:TrackPointExtension></extensions></trkpt><trkpt lat="57.996695" lon="38.874012"><ele>121.0</ele><time>2021-10-10T10:36:42Z</time><extensions><gpxtpx:TrackPointExtension><gpxtpx:hr>113</gpxtpx:hr></gpxtpx:TrackPointExtension></extensions></trkpt><trkpt lat="57.996715" lon="38.874012"><ele>121.0</ele><time>2021-10-10T10:36:43Z</time><extensions><gpxtpx:TrackPointExtension><gpxtpx:hr>113</gpxtpx:hr></gpxtpx:TrackPointExtension></extensions></trkpt><trkpt lat="57.99673" lon="38.874012"><ele>121.0</ele><time>2021-10-10T10:36:44Z</time><extensions><gpxtpx:TrackPointExtension><gpxtpx:hr>113</gpxtpx:hr></gpxtpx:TrackPointExtension></extensions></trkpt><trkpt lat="57.996745" lon="38.87402"><ele>121.0</ele><time>2021-10-10T10:36:45Z</time><extensions><gpxtpx:TrackPointExtension><gpxtpx:hr>113</gpxtpx:hr></gpxtpx:TrackPointExtension></extensions></trkpt><trkpt lat="57.99676" lon="38.874027"><ele>121.0</ele><time>2021-10-10T10:36:46Z</time><extensions><gpxtpx:TrackPointExtension><gpxtpx:hr>113</gpxtpx:hr></gpxtpx:TrackPointExtension></extensions></trkpt><trkpt lat="57.996772" lon="38.874035"><ele>121.0</ele><time>2021-10-10T10:36:47Z</time><extensions><gpxtpx:TrackPointExtension><gpxtpx:hr>109</gpxtpx:hr></gpxtpx:TrackPointExtension></extensions></trkpt><trkpt lat="57.996787" lon="38.87403"><ele>121.0</ele><time>2021-10-10T10:36:48Z</time><extensions><gpxtpx:TrackPointExtension><gpxtpx:hr>108</gpxtpx:hr></gpxtpx:TrackPointExtension></extensions></trkpt><trkpt lat="57.996802" lon="38.874022"><ele>121.0</ele><time>2021-10-10T10:36:49Z</time><extensions><gpxtpx:TrackPointExtension><gpxtpx:hr>108</gpxtpx:hr></gpxtpx:TrackPointExtension></extensions></trkpt><trkpt lat="57.99681" lon="38.87402"><ele>121.0</ele><time>2021-10-10T10:36:50Z</time><extensions><gpxtpx:TrackPointExtension><gpxtpx:hr>109</gpxtpx:hr></gpxtpx:TrackPointExtension></extensions></trkpt><trkpt lat="57.996822" lon="38.87401"><ele>121.0</ele><time>2021-10-10T10:36:51Z</time><extensions><gpxtpx:TrackPointExtension><gpxtpx:hr>109</gpxtpx:hr></gpxtpx:TrackPointExtension></extensions></trkpt><trkpt lat="57.99683" lon="38.874"><ele>121.0</ele><time>2021-10-10T10:36:52Z</time><extensions><gpxtpx:TrackPointExtension><gpxtpx:hr>111</gpxtpx:hr></gpxtpx:TrackPointExtension></extensions></trkpt><trkpt lat="57.996837" lon="38.873997"><ele>121.0</ele><time>2021-10-10T10:36:53Z</time><extensions><gpxtpx:TrackPointExtension><gpxtpx:hr>111</gpxtpx:hr></gpxtpx:TrackPointExtension></extensions></trkpt><trkpt lat="57.996845" lon="38.873997"><ele>121.0</ele><time>2021-10-10T10:36:54Z</time><extensions><gpxtpx:TrackPointExtension><gpxtpx:hr>110</gpxtpx:hr></gpxtpx:TrackPointExtension></extensions></trkpt><trkpt lat="57.996852" lon="38.873997"><ele>121.0</ele><time>2021-10-10T10:36:55Z</time><extensions><gpxtpx:TrackPointExtension><gpxtpx:hr>110</gpxtpx:hr></gpxtpx:TrackPointExtension></extensions></trkpt><trkpt lat="57.99686" lon="38.873997"><ele>121.0</ele><time>2021-10-10T10:36:56Z</time><extensions><gpxtpx:TrackPointExtension><gpxtpx:hr>109</gpxtpx:hr></gpxtpx:TrackPointExtension></extensions></trkpt><trkpt lat="57.99687" lon="38.874"><ele>121.0</ele><time>2021-10-10T10:36:57Z</time><extensions><gpxtpx:TrackPointExtension><gpxtpx:hr>109</gpxtpx:hr></gpxtpx:TrackPointExtension></extensions></trkpt><trkpt lat="57.996875" lon="38.873997"><ele>121.0</ele><time>2021-10-10T10:36:58Z</time><extensions><gpxtpx:TrackPointExtension><gpxtpx:hr>110</gpxtpx:hr></gpxtpx:TrackPointExtension></extensions></trkpt><trkpt lat="57.996887" lon="38.873992"><ele>121.0</ele><time>2021-10-10T10:36:59Z</time><extensions><gpxtpx:TrackPointExtension><gpxtpx:hr>110</gpxtpx:hr></gpxtpx:TrackPointExtension></extensions></trkpt><trkpt lat="57.996895" lon="38.87399"><ele>121.0</ele><time>2021-10-10T10:37:00Z</time><extensions><gpxtpx:TrackPointExtension><gpxtpx:hr>110</gpxtpx:hr></gpxtpx:TrackPointExtension></extensions></trkpt><trkpt lat="57.996902" lon="38.87398"><ele>121.0</ele><time>2021-10-10T10:37:01Z</time><extensions><gpxtpx:TrackPointExtension><gpxtpx:hr>112</gpxtpx:hr></gpxtpx:TrackPointExtension></extensions></trkpt><trkpt lat="57.996905" lon="38.873965"><ele>121.0</ele><time>2021-10-10T10:37:02Z</time><extensions><gpxtpx:TrackPointExtension><gpxtpx:hr>113</gpxtpx:hr></gpxtpx:TrackPointExtension></extensions></trkpt><trkpt lat="57.99691" lon="38.873955"><ele>121.0</ele><time>2021-10-10T10:37:03Z</time><extensions><gpxtpx:TrackPointExtension><gpxtpx:hr>113</gpxtpx:hr></gpxtpx:TrackPointExtension></extensions></trkpt><trkpt lat="57.996913" lon="38.873947"><ele>121.0</ele><time>2021-10-10T10:37:04Z</time><extensions><gpxtpx:TrackPointExtension><gpxtpx:hr>114</gpxtpx:hr></gpxtpx:TrackPointExtension></extensions></trkpt><trkpt lat="57.99692" lon="38.87394"><ele>121.0</ele><time>2021-10-10T10:37:05Z</time><extensions><gpxtpx:TrackPointExtension><gpxtpx:hr>113</gpxtpx:hr></gpxtpx:TrackPointExtension></extensions></trkpt><trkpt lat="57.996925" lon="38.87393"><ele>121.0</ele><time>2021-10-10T10:37:06Z</time><extensions><gpxtpx:TrackPointExtension><gpxtpx:hr>111</gpxtpx:hr></gpxtpx:TrackPointExtension></extensions></trkpt><trkpt lat="57.996932" lon="38.873923"><ele>121.0</ele><time>2021-10-10T10:37:07Z</time><extensions><gpxtpx:TrackPointExtension><gpxtpx:hr>109</gpxtpx:hr></gpxtpx:TrackPointExtension></extensions></trkpt><trkpt lat="57.99694" lon="38.87392"><ele>121.0</ele><time>2021-10-10T10:37:08Z</time><extensions><gpxtpx:TrackPointExtension><gpxtpx:hr>108</gpxtpx:hr></gpxtpx:TrackPointExtension></extensions></trkpt><trkpt lat="57.996943" lon="38.873917"><ele>121.0</ele><time>2021-10-10T10:37:08Z</time><extensions><gpxtpx:TrackPointExtension><gpxtpx:hr>108</gpxtpx:hr></gpxtpx:TrackPointExtension></extensions></trkpt><trkpt lat="57.996952" lon="38.873917"><ele>121.0</ele><time>2021-10-10T10:37:09Z</time><extensions><gpxtpx:TrackPointExtension><gpxtpx:hr>108</gpxtpx:hr></gpxtpx:TrackPointExtension></extensions></trkpt><trkpt lat="57.996963" lon="38.873912"><ele>121.0</ele><time>2021-10-10T10:37:10Z</time><extensions><gpxtpx:TrackPointExtension><gpxtpx:hr>107</gpxtpx:hr></gpxtpx:TrackPointExtension></extensions></trkpt><trkpt lat="57.99697" lon="38.87391"><ele>121.0</ele><time>2021-10-10T10:37:11Z</time><extensions><gpxtpx:TrackPointExtension><gpxtpx:hr>107</gpxtpx:hr></gpxtpx:TrackPointExtension></extensions></trkpt><trkpt lat="57.99698" lon="38.87391"><ele>121.0</ele><time>2021-10-10T10:37:12Z</time><extensions><gpxtpx:TrackPointExtension><gpxtpx:hr>106</gpxtpx:hr></gpxtpx:TrackPointExtension></extensions></trkpt><trkpt lat="57.996985" lon="38.873917"><ele>121.0</ele><time>2021-10-10T10:37:13Z</time><extensions><gpxtpx:TrackPointExtension><gpxtpx:hr>105</gpxtpx:hr></gpxtpx:TrackPointExtension></extensions></trkpt><trkpt lat="57.996993" lon="38.87393"><ele>121.0</ele><time>2021-10-10T10:37:14Z</time><extensions><gpxtpx:TrackPointExtension><gpxtpx:hr>105</gpxtpx:hr></gpxtpx:TrackPointExtension></extensions></trkpt><trkpt lat="57.997" lon="38.873942"><ele>121.0</ele><time>2021-10-10T10:37:15Z</time><extensions><gpxtpx:TrackPointExtension><gpxtpx:hr>106</gpxtpx:hr></gpxtpx:TrackPointExtension></extensions></trkpt><trkpt lat="57.997012" lon="38.873947"><ele>121.0</ele><time>2021-10-10T10:37:16Z</time><extensions><gpxtpx:TrackPointExtension><gpxtpx:hr>106</gpxtpx:hr></gpxtpx:TrackPointExtension></extensions></trkpt><trkpt lat="57.997017" lon="38.87395"><ele>121.0</ele><time>2021-10-10T10:37:17Z</time><extensions><gpxtpx:TrackPointExtension><gpxtpx:hr>106</gpxtpx:hr></gpxtpx:TrackPointExtension></extensions></trkpt><trkpt lat="57.997025" lon="38.873955"><ele>121.0</ele><time>2021-10-10T10:37:18Z</time><extensions><gpxtpx:TrackPointExtension><gpxtpx:hr>106</gpxtpx:hr></gpxtpx:TrackPointExtension></extensions></trkpt><trkpt lat="57.997032" lon="38.873962"><ele>121.0</ele><time>2021-10-10T10:37:19Z</time><extensions><gpxtpx:TrackPointExtension><gpxtpx:hr>107</gpxtpx:hr></gpxtpx:TrackPointExtension></extensions></trkpt><trkpt lat="57.997032" lon="38.873962"><ele>121.0</ele><time>2021-10-10T10:37:20Z</time><extensions><gpxtpx:TrackPointExtension><gpxtpx:hr>107</gpxtpx:hr></gpxtpx:TrackPointExtension></extensions></trkpt><trkpt lat="57.99703" lon="38.873962"><ele>121.0</ele><time>2021-10-10T10:37:21Z</time><extensions><gpxtpx:TrackPointExtension><gpxtpx:hr>106</gpxtpx:hr></gpxtpx:TrackPointExtension></extensions></trkpt><trkpt lat="57.99702" lon="38.873955"><ele>121.0</ele><time>2021-10-10T10:37:25Z</time><extensions><gpxtpx:TrackPointExtension><gpxtpx:hr>106</gpxtpx:hr></gpxtpx:TrackPointExtension></extensions></trkpt><trkpt lat="57.99702" lon="38.873955"><ele>121.0</ele><time>2021-10-10T10:37:26Z</time><extensions><gpxtpx:TrackPointExtension><gpxtpx:hr>107</gpxtpx:hr></gpxtpx:TrackPointExtension></extensions></trkpt><trkpt lat="57.99703" lon="38.87395"><ele>121.0</ele><time>2021-10-10T10:37:29Z</time><extensions><gpxtpx:TrackPointExtension><gpxtpx:hr>107</gpxtpx:hr></gpxtpx:TrackPointExtension></extensions></trkpt><trkpt lat="57.99702" lon="38.873947"><ele>121.0</ele><time>2021-10-10T10:37:30Z</time><extensions><gpxtpx:TrackPointExtension><gpxtpx:hr>107</gpxtpx:hr></gpxtpx:TrackPointExtension></extensions></trkpt><trkpt lat="57.997017" lon="38.873947"><ele>121.0</ele><time>2021-10-10T10:37:31Z</time><extensions><gpxtpx:TrackPointExtension><gpxtpx:hr>108</gpxtpx:hr></gpxtpx:TrackPointExtension></extensions></trkpt><trkpt lat="57.997012" lon="38.87393"><ele>121.0</ele><time>2021-10-10T10:37:32Z</time><extensions><gpxtpx:TrackPointExtension><gpxtpx:hr>108</gpxtpx:hr></gpxtpx:TrackPointExtension></extensions></trkpt><trkpt lat="57.997017" lon="38.87392"><ele>121.0</ele><time>2021-10-10T10:37:33Z</time><extensions><gpxtpx:TrackPointExtension><gpxtpx:hr>108</gpxtpx:hr></gpxtpx:TrackPointExtension></extensions></trkpt><trkpt lat="57.99702" lon="38.873912"><ele>121.0</ele><time>2021-10-10T10:37:34Z</time><extensions><gpxtpx:TrackPointExtension><gpxtpx:hr>109</gpxtpx:hr></gpxtpx:TrackPointExtension></extensions></trkpt><trkpt lat="57.997032" lon="38.873905"><ele>121.0</ele><time>2021-10-10T10:37:35Z</time><extensions><gpxtpx:TrackPointExtension><gpxtpx:hr>109</gpxtpx:hr></gpxtpx:TrackPointExtension></extensions></trkpt><trkpt lat="57.99704" lon="38.873897"><ele>121.0</ele><time>2021-10-10T10:37:36Z</time><extensions><gpxtpx:TrackPointExtension><gpxtpx:hr>112</gpxtpx:hr></gpxtpx:TrackPointExtension></extensions></trkpt><trkpt lat="57.997047" lon="38.873893"><ele>121.0</ele><time>2021-10-10T10:37:37Z</time><extensions><gpxtpx:TrackPointExtension><gpxtpx:hr>112</gpxtpx:hr></gpxtpx:TrackPointExtension></extensions></trkpt><trkpt lat="57.997062" lon="38.873893"><ele>121.0</ele><time>2021-10-10T10:37:38Z</time><extensions><gpxtpx:TrackPointExtension><gpxtpx:hr>112</gpxtpx:hr></gpxtpx:TrackPointExtension></extensions></trkpt><trkpt lat="57.997077" lon="38.873897"><ele>121.0</ele><time>2021-10-10T10:37:39Z</time><extensions><gpxtpx:TrackPointExtension><gpxtpx:hr>112</gpxtpx:hr></gpxtpx:TrackPointExtension></extensions></trkpt><trkpt lat="57.997092" lon="38.873897"><ele>121.0</ele><time>2021-10-10T10:37:40Z</time><extensions><gpxtpx:TrackPointExtension><gpxtpx:hr>114</gpxtpx:hr></gpxtpx:TrackPointExtension></extensions></trkpt><trkpt lat="57.99711" lon="38.873897"><ele>121.0</ele><time>2021-10-10T10:37:41Z</time><extensions><gpxtpx:TrackPointExtension><gpxtpx:hr>115</gpxtpx:hr></gpxtpx:TrackPointExtension></extensions></trkpt><trkpt lat="57.997123" lon="38.87389"><ele>121.0</ele><time>2021-10-10T10:37:42Z</time><extensions><gpxtpx:TrackPointExtension><gpxtpx:hr>117</gpxtpx:hr></gpxtpx:TrackPointExtension></extensions></trkpt><trkpt lat="57.99713" lon="38.87388"><ele>121.0</ele><time>2021-10-10T10:37:43Z</time><extensions><gpxtpx:TrackPointExtension><gpxtpx:hr>117</gpxtpx:hr></gpxtpx:TrackPointExtension></extensions></trkpt><trkpt lat="57.99714" lon="38.873867"><ele>121.0</ele><time>2021-10-10T10:37:44Z</time><extensions><gpxtpx:TrackPointExtension><gpxtpx:hr>109</gpxtpx:hr></gpxtpx:TrackPointExtension></extensions></trkpt><trkpt lat="57.997147" lon="38.873855"><ele>121.0</ele><time>2021-10-10T10:37:45Z</time><extensions><gpxtpx:TrackPointExtension><gpxtpx:hr>109</gpxtpx:hr></gpxtpx:TrackPointExtension></extensions></trkpt><trkpt lat="57.997147" lon="38.873843"><ele>121.0</ele><time>2021-10-10T10:37:46Z</time><extensions><gpxtpx:TrackPointExtension><gpxtpx:hr>109</gpxtpx:hr></gpxtpx:TrackPointExtension></extensions></trkpt><trkpt lat="57.99715" lon="38.87384"><ele>121.0</ele><time>2021-10-10T10:37:47Z</time><extensions><gpxtpx:TrackPointExtension><gpxtpx:hr>109</gpxtpx:hr></gpxtpx:TrackPointExtension></extensions></trkpt><trkpt lat="57.997153" lon="38.87383"><ele>121.0</ele><time>2021-10-10T10:37:48Z</time><extensions><gpxtpx:TrackPointExtension><gpxtpx:hr>109</gpxtpx:hr></gpxtpx:TrackPointExtension></extensions></trkpt><trkpt lat="57.997165" lon="38.87382"><ele>121.0</ele><time>2021-10-10T10:37:49Z</time><extensions><gpxtpx:TrackPointExtension><gpxtpx:hr>109</gpxtpx:hr></gpxtpx:TrackPointExtension></extensions></trkpt><trkpt lat="57.997177" lon="38.873817"><ele>121.0</ele><time>2021-10-10T10:37:50Z</time><extensions><gpxtpx:TrackPointExtension><gpxtpx:hr>109</gpxtpx:hr></gpxtpx:TrackPointExtension></extensions></trkpt><trkpt lat="57.99719" lon="38.873817"><ele>121.0</ele><time>2021-10-10T10:37:51Z</time><extensions><gpxtpx:TrackPointExtension><gpxtpx:hr>109</gpxtpx:hr></gpxtpx:TrackPointExtension></extensions></trkpt><trkpt lat="57.9972" lon="38.873813"><ele>121.0</ele><time>2021-10-10T10:37:52Z</time><extensions><gpxtpx:TrackPointExtension><gpxtpx:hr>109</gpxtpx:hr></gpxtpx:TrackPointExtension></extensions></trkpt><trkpt lat="57.99721" lon="38.873813"><ele>121.0</ele><time>2021-10-10T10:37:53Z</time><extensions><gpxtpx:TrackPointExtension><gpxtpx:hr>109</gpxtpx:hr></gpxtpx:TrackPointExtension></extensions></trkpt><trkpt lat="57.997222" lon="38.873817"><ele>121.0</ele><time>2021-10-10T10:37:54Z</time><extensions><gpxtpx:TrackPointExtension><gpxtpx:hr>109</gpxtpx:hr></gpxtpx:TrackPointExtension></extensions></trkpt><trkpt lat="57.997233" lon="38.87383"><ele>121.0</ele><time>2021-10-10T10:37:55Z</time><extensions><gpxtpx:TrackPointExtension><gpxtpx:hr>109</gpxtpx:hr></gpxtpx:TrackPointExtension></extensions></trkpt><trkpt lat="57.997245" lon="38.87384"><ele>121.0</ele><time>2021-10-10T10:37:56Z</time><extensions><gpxtpx:TrackPointExtension><gpxtpx:hr>109</gpxtpx:hr></gpxtpx:TrackPointExtension></extensions></trkpt><trkpt lat="57.997258" lon="38.873855"><ele>121.0</ele><time>2021-10-10T10:37:57Z</time><extensions><gpxtpx:TrackPointExtension><gpxtpx:hr>109</gpxtpx:hr></gpxtpx:TrackPointExtension></extensions></trkpt><trkpt lat="57.997272" lon="38.873867"><ele>121.0</ele><time>2021-10-10T10:37:58Z</time><extensions><gpxtpx:TrackPointExtension><gpxtpx:hr>109</gpxtpx:hr></gpxtpx:TrackPointExtension></extensions></trkpt><trkpt lat="57.997287" lon="38.87388"><ele>121.0</ele><time>2021-10-10T10:37:59Z</time><extensions><gpxtpx:TrackPointExtension><gpxtpx:hr>108</gpxtpx:hr></gpxtpx:TrackPointExtension></extensions></trkpt><trkpt lat="57.997302" lon="38.873885"><ele>121.0</ele><time>2021-10-10T10:38:00Z</time><extensions><gpxtpx:TrackPointExtension><gpxtpx:hr>108</gpxtpx:hr></gpxtpx:TrackPointExtension></extensions></trkpt><trkpt lat="57.99732" lon="38.87389"><ele>121.0</ele><time>2021-10-10T10:38:01Z</time><extensions><gpxtpx:TrackPointExtension><gpxtpx:hr>108</gpxtpx:hr></gpxtpx:TrackPointExtension></extensions></trkpt><trkpt lat="57.997333" lon="38.873893"><ele>121.0</ele><time>2021-10-10T10:38:02Z</time><extensions><gpxtpx:TrackPointExtension><gpxtpx:hr>108</gpxtpx:hr></gpxtpx:TrackPointExtension></extensions></trkpt><trkpt lat="57.997345" lon="38.873897"><ele>121.0</ele><time>2021-10-10T10:38:03Z</time><extensions><gpxtpx:TrackPointExtension><gpxtpx:hr>108</gpxtpx:hr></gpxtpx:TrackPointExtension></extensions></trkpt><trkpt lat="57.997355" lon="38.8739"><ele>121.0</ele><time>2021-10-10T10:38:04Z</time><extensions><gpxtpx:TrackPointExtension><gpxtpx:hr>108</gpxtpx:hr></gpxtpx:TrackPointExtension></extensions></trkpt><trkpt lat="57.99737" lon="38.873905"><ele>121.0</ele><time>2021-10-10T10:38:05Z</time><extensions><gpxtpx:TrackPointExtension><gpxtpx:hr>109</gpxtpx:hr></gpxtpx:TrackPointExtension></extensions></trkpt><trkpt lat="57.997382" lon="38.873912"><ele>121.0</ele><time>2021-10-10T10:38:06Z</time><extensions><gpxtpx:TrackPointExtension><gpxtpx:hr>109</gpxtpx:hr></gpxtpx:TrackPointExtension></extensions></trkpt><trkpt lat="57.9974" lon="38.873923"><ele>121.0</ele><time>2021-10-10T10:38:07Z</time><extensions><gpxtpx:TrackPointExtension><gpxtpx:hr>109</gpxtpx:hr></gpxtpx:TrackPointExtension></extensions></trkpt><trkpt lat="57.99741" lon="38.87393"><ele>121.0</ele><time>2021-10-10T10:38:08Z</time><extensions><gpxtpx:TrackPointExtension><gpxtpx:hr>109</gpxtpx:hr></gpxtpx:TrackPointExtension></extensions></trkpt><trkpt lat="57.99742" lon="38.87394"><ele>121.0</ele><time>2021-10-10T10:38:09Z</time><extensions><gpxtpx:TrackPointExtension><gpxtpx:hr>109</gpxtpx:hr></gpxtpx:TrackPointExtension></extensions></trkpt><trkpt lat="57.99743" lon="38.87395"><ele>121.0</ele><time>2021-10-10T10:38:10Z</time><extensions><gpxtpx:TrackPointExtension><gpxtpx:hr>109</gpxtpx:hr></gpxtpx:TrackPointExtension></extensions></trkpt><trkpt lat="57.99744" lon="38.873962"><ele>121.0</ele><time>2021-10-10T10:38:11Z</time><extensions><gpxtpx:TrackPointExtension><gpxtpx:hr>109</gpxtpx:hr></gpxtpx:TrackPointExtension></extensions></trkpt><trkpt lat="57.997447" lon="38.873973"><ele>121.0</ele><time>2021-10-10T10:38:12Z</time><extensions><gpxtpx:TrackPointExtension><gpxtpx:hr>116</gpxtpx:hr></gpxtpx:TrackPointExtension></extensions></trkpt><trkpt lat="57.997455" lon="38.873985"><ele>121.0</ele><time>2021-10-10T10:38:13Z</time><extensions><gpxtpx:TrackPointExtension><gpxtpx:hr>116</gpxtpx:hr></gpxtpx:TrackPointExtension></extensions></trkpt><trkpt lat="57.99746" lon="38.873997"><ele>121.0</ele><time>2021-10-10T10:38:14Z</time><extensions><gpxtpx:TrackPointExtension><gpxtpx:hr>116</gpxtpx:hr></gpxtpx:TrackPointExtension></extensions></trkpt><trkpt lat="57.997467" lon="38.874012"><ele>121.0</ele><time>2021-10-10T10:38:15Z</time><extensions><gpxtpx:TrackPointExtension><gpxtpx:hr>116</gpxtpx:hr></gpxtpx:TrackPointExtension></extensions></trkpt><trkpt lat="57.997475" lon="38.874022"><ele>121.0</ele><time>2021-10-10T10:38:16Z</time><extensions><gpxtpx:TrackPointExtension><gpxtpx:hr>116</gpxtpx:hr></gpxtpx:TrackPointExtension></extensions></trkpt><trkpt lat="57.99748" lon="38.87404"><ele>121.0</ele><time>2021-10-10T10:38:17Z</time><extensions><gpxtpx:TrackPointExtension><gpxtpx:hr>116</gpxtpx:hr></gpxtpx:TrackPointExtension></extensions></trkpt><trkpt lat="57.997485" lon="38.874048"><ele>121.0</ele><time>2021-10-10T10:38:18Z</time><extensions><gpxtpx:TrackPointExtension><gpxtpx:hr>116</gpxtpx:hr></gpxtpx:TrackPointExtension></extensions></trkpt><trkpt lat="57.99749" lon="38.874057"><ele>121.0</ele><time>2021-10-10T10:38:19Z</time><extensions><gpxtpx:TrackPointExtension><gpxtpx:hr>116</gpxtpx:hr></gpxtpx:TrackPointExtension></extensions></trkpt><trkpt lat="57.997497" lon="38.874072"><ele>121.0</ele><time>2021-10-10T10:38:23Z</time><extensions><gpxtpx:TrackPointExtension><gpxtpx:hr>116</gpxtpx:hr></gpxtpx:TrackPointExtension></extensions></trkpt><trkpt lat="57.997497" lon="38.874077"><ele>121.0</ele><time>2021-10-10T10:38:24Z</time><extensions><gpxtpx:TrackPointExtension><gpxtpx:hr>116</gpxtpx:hr></gpxtpx:TrackPointExtension></extensions></trkpt><trkpt lat="57.997497" lon="38.874083"><ele>121.0</ele><time>2021-10-10T10:38:25Z</time><extensions><gpxtpx:TrackPointExtension><gpxtpx:hr>116</gpxtpx:hr></gpxtpx:TrackPointExtension></extensions></trkpt><trkpt lat="57.997505" lon="38.874103"><ele>121.0</ele><time>2021-10-10T10:38:26Z</time><extensions><gpxtpx:TrackPointExtension><gpxtpx:hr>116</gpxtpx:hr></gpxtpx:TrackPointExtension></extensions></trkpt><trkpt lat="57.997517" lon="38.874115"><ele>121.0</ele><time>2021-10-10T10:38:27Z</time><extensions><gpxtpx:TrackPointExtension><gpxtpx:hr>116</gpxtpx:hr></gpxtpx:TrackPointExtension></extensions></trkpt><trkpt lat="57.99752" lon="38.874125"><ele>121.0</ele><time>2021-10-10T10:38:28Z</time><extensions><gpxtpx:TrackPointExtension><gpxtpx:hr>116</gpxtpx:hr></gpxtpx:TrackPointExtension></extensions></trkpt><trkpt lat="57.997527" lon="38.874133"><ele>121.0</ele><time>2021-10-10T10:38:29Z</time><extensions><gpxtpx:TrackPointExtension><gpxtpx:hr>116</gpxtpx:hr></gpxtpx:TrackPointExtension></extensions></trkpt><trkpt lat="57.99754" lon="38.87413"><ele>121.0</ele><time>2021-10-10T10:38:30Z</time><extensions><gpxtpx:TrackPointExtension><gpxtpx:hr>116</gpxtpx:hr></gpxtpx:TrackPointExtension></extensions></trkpt><trkpt lat="57.99755" lon="38.874118"><ele>121.0</ele><time>2021-10-10T10:38:31Z</time><extensions><gpxtpx:TrackPointExtension><gpxtpx:hr>116</gpxtpx:hr></gpxtpx:TrackPointExtension></extensions></trkpt><trkpt lat="57.99756" lon="38.874103"><ele>121.0</ele><time>2021-10-10T10:38:32Z</time><extensions><gpxtpx:TrackPointExtension><gpxtpx:hr>116</gpxtpx:hr></gpxtpx:TrackPointExtension></extensions></trkpt><trkpt lat="57.99757" lon="38.87409"><ele>121.0</ele><time>2021-10-10T10:38:33Z</time><extensions><gpxtpx:TrackPointExtension><gpxtpx:hr>116</gpxtpx:hr></gpxtpx:TrackPointExtension></extensions></trkpt><trkpt lat="57.997577" lon="38.87408"><ele>121.0</ele><time>2021-10-10T10:38:34Z</time><extensions><gpxtpx:TrackPointExtension><gpxtpx:hr>116</gpxtpx:hr></gpxtpx:TrackPointExtension></extensions></trkpt><trkpt lat="57.99759" lon="38.874072"><ele>121.0</ele><time>2021-10-10T10:38:35Z</time><extensions><gpxtpx:TrackPointExtension><gpxtpx:hr>116</gpxtpx:hr></gpxtpx:TrackPointExtension></extensions></trkpt><trkpt lat="57.997597" lon="38.874065"><ele>121.0</ele><time>2021-10-10T10:38:36Z</time><extensions><gpxtpx:TrackPointExtension><gpxtpx:hr>116</gpxtpx:hr></gpxtpx:TrackPointExtension></extensions></trkpt><trkpt lat="57.99761" lon="38.874053"><ele>121.0</ele><time>2021-10-10T10:38:37Z</time><extensions><gpxtpx:TrackPointExtension><gpxtpx:hr>116</gpxtpx:hr></gpxtpx:TrackPointExtension></extensions></trkpt><trkpt lat="57.997615" lon="38.874042"><ele>121.0</ele><time>2021-10-10T10:38:38Z</time><extensions><gpxtpx:TrackPointExtension><gpxtpx:hr>116</gpxtpx:hr></gpxtpx:TrackPointExtension></extensions></trkpt><trkpt lat="57.99762" lon="38.87403"><ele>121.0</ele><time>2021-10-10T10:38:39Z</time><extensions><gpxtpx:TrackPointExtension><gpxtpx:hr>116</gpxtpx:hr></gpxtpx:TrackPointExtension></extensions></trkpt><trkpt lat="57.99762" lon="38.87402"><ele>121.0</ele><time>2021-10-10T10:38:40Z</time><extensions><gpxtpx:TrackPointExtension><gpxtpx:hr>116</gpxtpx:hr></gpxtpx:TrackPointExtension></extensions></trkpt><trkpt lat="57.99762" lon="38.874003"><ele>121.0</ele><time>2021-10-10T10:38:41Z</time><extensions><gpxtpx:TrackPointExtension><gpxtpx:hr>116</gpxtpx:hr></gpxtpx:TrackPointExtension></extensions></trkpt><trkpt lat="57.99762" lon="38.873992"><ele>121.0</ele><time>2021-10-10T10:38:42Z</time><extensions><gpxtpx:TrackPointExtension><gpxtpx:hr>116</gpxtpx:hr></gpxtpx:TrackPointExtension></extensions></trkpt><trkpt lat="57.997622" lon="38.873977"><ele>121.0</ele><time>2021-10-10T10:38:43Z</time><extensions><gpxtpx:TrackPointExtension><gpxtpx:hr>116</gpxtpx:hr></gpxtpx:TrackPointExtension></extensions></trkpt><trkpt lat="57.997622" lon="38.873962"><ele>121.0</ele><time>2021-10-10T10:38:44Z</time><extensions><gpxtpx:TrackPointExtension><gpxtpx:hr>116</gpxtpx:hr></gpxtpx:TrackPointExtension></extensions></trkpt><trkpt lat="57.997627" lon="38.873955"><ele>121.0</ele><time>2021-10-10T10:38:45Z</time><extensions><gpxtpx:TrackPointExtension><gpxtpx:hr>116</gpxtpx:hr></gpxtpx:TrackPointExtension></extensions></trkpt><trkpt lat="57.99763" lon="38.87395"><ele>121.0</ele><time>2021-10-10T10:38:46Z</time><extensions><gpxtpx:TrackPointExtension><gpxtpx:hr>116</gpxtpx:hr></gpxtpx:TrackPointExtension></extensions></trkpt><trkpt lat="57.997638" lon="38.873947"><ele>121.0</ele><time>2021-10-10T10:38:47Z</time><extensions><gpxtpx:TrackPointExtension><gpxtpx:hr>116</gpxtpx:hr></gpxtpx:TrackPointExtension></extensions></trkpt><trkpt lat="57.99765" lon="38.873942"><ele>121.0</ele><time>2021-10-10T10:38:48Z</time><extensions><gpxtpx:TrackPointExtension><gpxtpx:hr>116</gpxtpx:hr></gpxtpx:TrackPointExtension></extensions></trkpt><trkpt lat="57.997657" lon="38.873935"><ele>121.0</ele><time>2021-10-10T10:38:49Z</time><extensions><gpxtpx:TrackPointExtension><gpxtpx:hr>116</gpxtpx:hr></gpxtpx:TrackPointExtension></extensions></trkpt><trkpt lat="57.99766" lon="38.873923"><ele>121.0</ele><time>2021-10-10T10:38:50Z</time><extensions><gpxtpx:TrackPointExtension><gpxtpx:hr>116</gpxtpx:hr></gpxtpx:TrackPointExtension></extensions></trkpt><trkpt lat="57.99767" lon="38.873912"><ele>121.0</ele><time>2021-10-10T10:38:51Z</time><extensions><gpxtpx:TrackPointExtension><gpxtpx:hr>116</gpxtpx:hr></gpxtpx:TrackPointExtension></extensions></trkpt><trkpt lat="57.99767" lon="38.87389"><ele>121.0</ele><time>2021-10-10T10:38:52Z</time><extensions><gpxtpx:TrackPointExtension><gpxtpx:hr>116</gpxtpx:hr></gpxtpx:TrackPointExtension></extensions></trkpt><trkpt lat="57.99767" lon="38.87388"><ele>121.0</ele><time>2021-10-10T10:38:53Z</time><extensions><gpxtpx:TrackPointExtension><gpxtpx:hr>116</gpxtpx:hr></gpxtpx:TrackPointExtension></extensions></trkpt><trkpt lat="57.997665" lon="38.873855"><ele>121.0</ele><time>2021-10-10T10:38:54Z</time><extensions><gpxtpx:TrackPointExtension><gpxtpx:hr>116</gpxtpx:hr></gpxtpx:TrackPointExtension></extensions></trkpt><trkpt lat="57.997665" lon="38.873843"><ele>121.0</ele><time>2021-10-10T10:38:55Z</time><extensions><gpxtpx:TrackPointExtension><gpxtpx:hr>116</gpxtpx:hr></gpxtpx:TrackPointExtension></extensions></trkpt><trkpt lat="57.99766" lon="38.87383"><ele>121.0</ele><time>2021-10-10T10:38:56Z</time><extensions><gpxtpx:TrackPointExtension><gpxtpx:hr>116</gpxtpx:hr></gpxtpx:TrackPointExtension></extensions></trkpt><trkpt lat="57.997665" lon="38.873813"><ele>121.0</ele><time>2021-10-10T10:38:57Z</time><extensions><gpxtpx:TrackPointExtension><gpxtpx:hr>116</gpxtpx:hr></gpxtpx:TrackPointExtension></extensions></trkpt><trkpt lat="57.99767" lon="38.873802"><ele>121.0</ele><time>2021-10-10T10:38:58Z</time><extensions><gpxtpx:TrackPointExtension><gpxtpx:hr>116</gpxtpx:hr></gpxtpx:TrackPointExtension></extensions></trkpt><trkpt lat="57.997677" lon="38.873787"><ele>121.0</ele><time>2021-10-10T10:38:59Z</time><extensions><gpxtpx:TrackPointExtension><gpxtpx:hr>116</gpxtpx:hr></gpxtpx:TrackPointExtension></extensions></trkpt><trkpt lat="57.99768" lon="38.87377"><ele>121.0</ele><time>2021-10-10T10:39:00Z</time><extensions><gpxtpx:TrackPointExtension><gpxtpx:hr>116</gpxtpx:hr></gpxtpx:TrackPointExtension></extensions></trkpt><trkpt lat="57.997683" lon="38.87376"><ele>121.0</ele><time>2021-10-10T10:39:01Z</time><extensions><gpxtpx:TrackPointExtension><gpxtpx:hr>116</gpxtpx:hr></gpxtpx:TrackPointExtension></extensions></trkpt><trkpt lat="57.997683" lon="38.873738"><ele>121.0</ele><time>2021-10-10T10:39:02Z</time><extensions><gpxtpx:TrackPointExtension><gpxtpx:hr>116</gpxtpx:hr></gpxtpx:TrackPointExtension></extensions></trkpt><trkpt lat="57.997683" lon="38.87373"><ele>121.0</ele><time>2021-10-10T10:39:03Z</time><extensions><gpxtpx:TrackPointExtension><gpxtpx:hr>116</gpxtpx:hr></gpxtpx:TrackPointExtension></extensions></trkpt><trkpt lat="57.99769" lon="38.873713"><ele>121.0</ele><time>2021-10-10T10:39:04Z</time><extensions><gpxtpx:TrackPointExtension><gpxtpx:hr>116</gpxtpx:hr></gpxtpx:TrackPointExtension></extensions></trkpt><trkpt lat="57.997692" lon="38.8737"><ele>121.0</ele><time>2021-10-10T10:39:05Z</time><extensions><gpxtpx:TrackPointExtension><gpxtpx:hr>116</gpxtpx:hr></gpxtpx:TrackPointExtension></extensions></trkpt><trkpt lat="57.9977" lon="38.87369"><ele>121.0</ele><time>2021-10-10T10:39:06Z</time><extensions><gpxtpx:TrackPointExtension><gpxtpx:hr>116</gpxtpx:hr></gpxtpx:TrackPointExtension></extensions></trkpt><trkpt lat="57.997708" lon="38.873687"><ele>121.0</ele><time>2021-10-10T10:39:07Z</time><extensions><gpxtpx:TrackPointExtension><gpxtpx:hr>116</gpxtpx:hr></gpxtpx:TrackPointExtension></extensions></trkpt><trkpt lat="57.997725" lon="38.873687"><ele>121.0</ele><time>2021-10-10T10:39:08Z</time><extensions><gpxtpx:TrackPointExtension><gpxtpx:hr>116</gpxtpx:hr></gpxtpx:TrackPointExtension></extensions></trkpt><trkpt lat="57.99774" lon="38.87369"><ele>121.0</ele><time>2021-10-10T10:39:09Z</time><extensions><gpxtpx:TrackPointExtension><gpxtpx:hr>116</gpxtpx:hr></gpxtpx:TrackPointExtension></extensions></trkpt><trkpt lat="57.997757" lon="38.8737"><ele>121.0</ele><time>2021-10-10T10:39:10Z</time><extensions><gpxtpx:TrackPointExtension><gpxtpx:hr>116</gpxtpx:hr></gpxtpx:TrackPointExtension></extensions></trkpt><trkpt lat="57.997775" lon="38.873702"><ele>121.0</ele><time>2021-10-10T10:39:11Z</time><extensions><gpxtpx:TrackPointExtension><gpxtpx:hr>116</gpxtpx:hr></gpxtpx:TrackPointExtension></extensions></trkpt><trkpt lat="57.99779" lon="38.87371"><ele>121.0</ele><time>2021-10-10T10:39:12Z</time><extensions><gpxtpx:TrackPointExtension><gpxtpx:hr>116</gpxtpx:hr></gpxtpx:TrackPointExtension></extensions></trkpt><trkpt lat="57.99781" lon="38.87372"><ele>121.0</ele><time>2021-10-10T10:39:13Z</time><extensions><gpxtpx:TrackPointExtension><gpxtpx:hr>116</gpxtpx:hr></gpxtpx:TrackPointExtension></extensions></trkpt><trkpt lat="57.997825" lon="38.873725"><ele>121.0</ele><time>2021-10-10T10:39:14Z</time><extensions><gpxtpx:TrackPointExtension><gpxtpx:hr>116</gpxtpx:hr></gpxtpx:TrackPointExtension></extensions></trkpt><trkpt lat="57.99783" lon="38.873713"><ele>121.0</ele><time>2021-10-10T10:39:15Z</time><extensions><gpxtpx:TrackPointExtension><gpxtpx:hr>116</gpxtpx:hr></gpxtpx:TrackPointExtension></extensions></trkpt><trkpt lat="57.997832" lon="38.8737"><ele>121.0</ele><time>2021-10-10T10:39:16Z</time><extensions><gpxtpx:TrackPointExtension><gpxtpx:hr>116</gpxtpx:hr></gpxtpx:TrackPointExtension></extensions></trkpt><trkpt lat="57.99784" lon="38.873687"><ele>121.0</ele><time>2021-10-10T10:39:17Z</time><extensions><gpxtpx:TrackPointExtension><gpxtpx:hr>115</gpxtpx:hr></gpxtpx:TrackPointExtension></extensions></trkpt><trkpt lat="57.997845" lon="38.873672"><ele>121.0</ele><time>2021-10-10T10:39:18Z</time><extensions><gpxtpx:TrackPointExtension><gpxtpx:hr>115</gpxtpx:hr></gpxtpx:TrackPointExtension></extensions></trkpt><trkpt lat="57.99785" lon="38.873652"><ele>121.0</ele><time>2021-10-10T10:39:19Z</time><extensions><gpxtpx:TrackPointExtension><gpxtpx:hr>92</gpxtpx:hr></gpxtpx:TrackPointExtension></extensions></trkpt><trkpt lat="57.997852" lon="38.873633"><ele>121.0</ele><time>2021-10-10T10:39:20Z</time><extensions><gpxtpx:TrackPointExtension><gpxtpx:hr>92</gpxtpx:hr></gpxtpx:TrackPointExtension></extensions></trkpt><trkpt lat="57.997855" lon="38.873615"><ele>121.0</ele><time>2021-10-10T10:39:21Z</time><extensions><gpxtpx:TrackPointExtension><gpxtpx:hr>92</gpxtpx:hr></gpxtpx:TrackPointExtension></extensions></trkpt><trkpt lat="57.997867" lon="38.87359"><ele>121.0</ele><time>2021-10-10T10:39:22Z</time><extensions><gpxtpx:TrackPointExtension><gpxtpx:hr>92</gpxtpx:hr></gpxtpx:TrackPointExtension></extensions></trkpt><trkpt lat="57.997875" lon="38.873557"><ele>121.0</ele><time>2021-10-10T10:39:23Z</time><extensions><gpxtpx:TrackPointExtension><gpxtpx:hr>92</gpxtpx:hr></gpxtpx:TrackPointExtension></extensions></trkpt><trkpt lat="57.997887" lon="38.87352"><ele>121.0</ele><time>2021-10-10T10:39:24Z</time><extensions><gpxtpx:TrackPointExtension><gpxtpx:hr>92</gpxtpx:hr></gpxtpx:TrackPointExtension></extensions></trkpt><trkpt lat="57.997893" lon="38.87349"><ele>121.0</ele><time>2021-10-10T10:39:25Z</time><extensions><gpxtpx:TrackPointExtension><gpxtpx:hr>92</gpxtpx:hr></gpxtpx:TrackPointExtension></extensions></trkpt><trkpt lat="57.9979" lon="38.873455"><ele>121.0</ele><time>2021-10-10T10:39:26Z</time><extensions><gpxtpx:TrackPointExtension><gpxtpx:hr>92</gpxtpx:hr></gpxtpx:TrackPointExtension></extensions></trkpt><trkpt lat="57.997902" lon="38.873425"><ele>121.0</ele><time>2021-10-10T10:39:27Z</time><extensions><gpxtpx:TrackPointExtension><gpxtpx:hr>92</gpxtpx:hr></gpxtpx:TrackPointExtension></extensions></trkpt><trkpt lat="57.997902" lon="38.873393"><ele>121.0</ele><time>2021-10-10T10:39:28Z</time><extensions><gpxtpx:TrackPointExtension><gpxtpx:hr>92</gpxtpx:hr></gpxtpx:TrackPointExtension></extensions></trkpt><trkpt lat="57.9979" lon="38.87337"><ele>121.0</ele><time>2021-10-10T10:39:29Z</time><extensions><gpxtpx:TrackPointExtension><gpxtpx:hr>92</gpxtpx:hr></gpxtpx:TrackPointExtension></extensions></trkpt><trkpt lat="57.997893" lon="38.873352"><ele>121.0</ele><time>2021-10-10T10:39:30Z</time><extensions><gpxtpx:TrackPointExtension><gpxtpx:hr>92</gpxtpx:hr></gpxtpx:TrackPointExtension></extensions></trkpt><trkpt lat="57.997893" lon="38.873332"><ele>121.0</ele><time>2021-10-10T10:39:31Z</time><extensions><gpxtpx:TrackPointExtension><gpxtpx:hr>92</gpxtpx:hr></gpxtpx:TrackPointExtension></extensions></trkpt><trkpt lat="57.99789" lon="38.87331"><ele>121.0</ele><time>2021-10-10T10:39:32Z</time><extensions><gpxtpx:TrackPointExtension><gpxtpx:hr>92</gpxtpx:hr></gpxtpx:TrackPointExtension></extensions></trkpt><trkpt lat="57.997887" lon="38.873288"><ele>121.0</ele><time>2021-10-10T10:39:33Z</time><extensions><gpxtpx:TrackPointExtension><gpxtpx:hr>92</gpxtpx:hr></gpxtpx:TrackPointExtension></extensions></trkpt><trkpt lat="57.997882" lon="38.873263"><ele>121.0</ele><time>2021-10-10T10:39:34Z</time><extensions><gpxtpx:TrackPointExtension><gpxtpx:hr>92</gpxtpx:hr></gpxtpx:TrackPointExtension></extensions></trkpt><trkpt lat="57.99788" lon="38.873237"><ele>121.0</ele><time>2021-10-10T10:39:35Z</time><extensions><gpxtpx:TrackPointExtension><gpxtpx:hr>92</gpxtpx:hr></gpxtpx:TrackPointExtension></extensions></trkpt><trkpt lat="57.997875" lon="38.87321"><ele>121.0</ele><time>2021-10-10T10:39:36Z</time><extensions><gpxtpx:TrackPointExtension><gpxtpx:hr>92</gpxtpx:hr></gpxtpx:TrackPointExtension></extensions></trkpt><trkpt lat="57.997867" lon="38.873187"><ele>121.0</ele><time>2021-10-10T10:39:37Z</time><extensions><gpxtpx:TrackPointExtension><gpxtpx:hr>92</gpxtpx:hr></gpxtpx:TrackPointExtension></extensions></trkpt><trkpt lat="57.997863" lon="38.873165"><ele>121.0</ele><time>2021-10-10T10:39:38Z</time><extensions><gpxtpx:TrackPointExtension><gpxtpx:hr>92</gpxtpx:hr></gpxtpx:TrackPointExtension></extensions></trkpt><trkpt lat="57.997863" lon="38.873157"><ele>121.0</ele><time>2021-10-10T10:39:39Z</time><extensions><gpxtpx:TrackPointExtension><gpxtpx:hr>92</gpxtpx:hr></gpxtpx:TrackPointExtension></extensions></trkpt><trkpt lat="57.997863" lon="38.87315"><ele>121.0</ele><time>2021-10-10T10:39:40Z</time><extensions><gpxtpx:TrackPointExtension><gpxtpx:hr>92</gpxtpx:hr></gpxtpx:TrackPointExtension></extensions></trkpt><trkpt lat="57.997855" lon="38.87314"><ele>121.0</ele><time>2021-10-10T10:39:42Z</time><extensions><gpxtpx:TrackPointExtension><gpxtpx:hr>92</gpxtpx:hr></gpxtpx:TrackPointExtension></extensions></trkpt><trkpt lat="57.997852" lon="38.873142"><ele>121.0</ele><time>2021-10-10T10:39:43Z</time><extensions><gpxtpx:TrackPointExtension><gpxtpx:hr>92</gpxtpx:hr></gpxtpx:TrackPointExtension></extensions></trkpt><trkpt lat="57.997855" lon="38.873153"><ele>121.0</ele><time>2021-10-10T10:39:44Z</time><extensions><gpxtpx:TrackPointExtension><gpxtpx:hr>92</gpxtpx:hr></gpxtpx:TrackPointExtension></extensions></trkpt><trkpt lat="57.997855" lon="38.873165"><ele>121.0</ele><time>2021-10-10T10:39:45Z</time><extensions><gpxtpx:TrackPointExtension><gpxtpx:hr>92</gpxtpx:hr></gpxtpx:TrackPointExtension></extensions></trkpt><trkpt lat="57.997863" lon="38.873187"><ele>121.0</ele><time>2021-10-10T10:39:46Z</time><extensions><gpxtpx:TrackPointExtension><gpxtpx:hr>92</gpxtpx:hr></gpxtpx:TrackPointExtension></extensions></trkpt><trkpt lat="57.997875" lon="38.873195"><ele>121.0</ele><time>2021-10-10T10:39:47Z</time><extensions><gpxtpx:TrackPointExtension><gpxtpx:hr>92</gpxtpx:hr></gpxtpx:TrackPointExtension></extensions></trkpt><trkpt lat="57.997887" lon="38.873195"><ele>121.0</ele><time>2021-10-10T10:39:48Z</time><extensions><gpxtpx:TrackPointExtension><gpxtpx:hr>92</gpxtpx:hr></gpxtpx:TrackPointExtension></extensions></trkpt><trkpt lat="57.9979" lon="38.873183"><ele>121.0</ele><time>2021-10-10T10:39:49Z</time><extensions><gpxtpx:TrackPointExtension><gpxtpx:hr>92</gpxtpx:hr></gpxtpx:TrackPointExtension></extensions></trkpt><trkpt lat="57.997905" lon="38.87317"><ele>121.0</ele><time>2021-10-10T10:39:50Z</time><extensions><gpxtpx:TrackPointExtension><gpxtpx:hr>92</gpxtpx:hr></gpxtpx:TrackPointExtension></extensions></trkpt><trkpt lat="57.997912" lon="38.873153"><ele>121.0</ele><time>2021-10-10T10:39:51Z</time><extensions><gpxtpx:TrackPointExtension><gpxtpx:hr>92</gpxtpx:hr></gpxtpx:TrackPointExtension></extensions></trkpt><trkpt lat="57.99793" lon="38.87312"><ele>121.0</ele><time>2021-10-10T10:39:55Z</time><extensions><gpxtpx:TrackPointExtension><gpxtpx:hr>92</gpxtpx:hr></gpxtpx:TrackPointExtension></extensions></trkpt><trkpt lat="57.99793" lon="38.873115"><ele>121.0</ele><time>2021-10-10T10:39:56Z</time><extensions><gpxtpx:TrackPointExtension><gpxtpx:hr>92</gpxtpx:hr></gpxtpx:TrackPointExtension></extensions></trkpt><trkpt lat="57.997935" lon="38.873107"><ele>121.0</ele><time>2021-10-10T10:39:57Z</time><extensions><gpxtpx:TrackPointExtension><gpxtpx:hr>92</gpxtpx:hr></gpxtpx:TrackPointExtension></extensions></trkpt><trkpt lat="57.997943" lon="38.873092"><ele>121.0</ele><time>2021-10-10T10:39:58Z</time><extensions><gpxtpx:TrackPointExtension><gpxtpx:hr>92</gpxtpx:hr></gpxtpx:TrackPointExtension></extensions></trkpt><trkpt lat="57.997955" lon="38.87308"><ele>121.0</ele><time>2021-10-10T10:39:59Z</time><extensions><gpxtpx:TrackPointExtension><gpxtpx:hr>92</gpxtpx:hr></gpxtpx:TrackPointExtension></extensions></trkpt><trkpt lat="57.997962" lon="38.87307"><ele>121.0</ele><time>2021-10-10T10:40:00Z</time><extensions><gpxtpx:TrackPointExtension><gpxtpx:hr>92</gpxtpx:hr></gpxtpx:TrackPointExtension></extensions></trkpt><trkpt lat="57.99798" lon="38.873062"><ele>121.0</ele><time>2021-10-10T10:40:01Z</time><extensions><gpxtpx:TrackPointExtension><gpxtpx:hr>92</gpxtpx:hr></gpxtpx:TrackPointExtension></extensions></trkpt><trkpt lat="57.99799" lon="38.873055"><ele>121.0</ele><time>2021-10-10T10:40:02Z</time><extensions><gpxtpx:TrackPointExtension><gpxtpx:hr>92</gpxtpx:hr></gpxtpx:TrackPointExtension></extensions></trkpt><trkpt lat="57.998" lon="38.87305"><ele>121.0</ele><time>2021-10-10T10:40:03Z</time><extensions><gpxtpx:TrackPointExtension><gpxtpx:hr>92</gpxtpx:hr></gpxtpx:TrackPointExtension></extensions></trkpt><trkpt lat="57.998012" lon="38.873047"><ele>121.0</ele><time>2021-10-10T10:40:04Z</time><extensions><gpxtpx:TrackPointExtension><gpxtpx:hr>95</gpxtpx:hr></gpxtpx:TrackPointExtension></extensions></trkpt><trkpt lat="57.998027" lon="38.87304"><ele>121.0</ele><time>2021-10-10T10:40:05Z</time><extensions><gpxtpx:TrackPointExtension><gpxtpx:hr>95</gpxtpx:hr></gpxtpx:TrackPointExtension></extensions></trkpt><trkpt lat="57.998035" lon="38.87303"><ele>121.0</ele><time>2021-10-10T10:40:06Z</time><extensions><gpxtpx:TrackPointExtension><gpxtpx:hr>95</gpxtpx:hr></gpxtpx:TrackPointExtension></extensions></trkpt><trkpt lat="57.998047" lon="38.873027"><ele>121.0</ele><time>2021-10-10T10:40:07Z</time><extensions><gpxtpx:TrackPointExtension><gpxtpx:hr>95</gpxtpx:hr></gpxtpx:TrackPointExtension></extensions></trkpt><trkpt lat="57.998055" lon="38.87302"><ele>121.0</ele><time>2021-10-10T10:40:08Z</time><extensions><gpxtpx:TrackPointExtension><gpxtpx:hr>95</gpxtpx:hr></gpxtpx:TrackPointExtension></extensions></trkpt><trkpt lat="57.998065" lon="38.873023"><ele>121.0</ele><time>2021-10-10T10:40:09Z</time><extensions><gpxtpx:TrackPointExtension><gpxtpx:hr>95</gpxtpx:hr></gpxtpx:TrackPointExtension></extensions></trkpt><trkpt lat="57.998073" lon="38.87302"><ele>121.0</ele><time>2021-10-10T10:40:10Z</time><extensions><gpxtpx:TrackPointExtension><gpxtpx:hr>95</gpxtpx:hr></gpxtpx:TrackPointExtension></extensions></trkpt><trkpt lat="57.998085" lon="38.87302"><ele>121.0</ele><time>2021-10-10T10:40:11Z</time><extensions><gpxtpx:TrackPointExtension><gpxtpx:hr>95</gpxtpx:hr></gpxtpx:TrackPointExtension></extensions></trkpt><trkpt lat="57.998092" lon="38.873012"><ele>121.0</ele><time>2021-10-10T10:40:12Z</time><extensions><gpxtpx:TrackPointExtension><gpxtpx:hr>95</gpxtpx:hr></gpxtpx:TrackPointExtension></extensions></trkpt><trkpt lat="57.998103" lon="38.873"><ele>121.0</ele><time>2021-10-10T10:40:13Z</time><extensions><gpxtpx:TrackPointExtension><gpxtpx:hr>95</gpxtpx:hr></gpxtpx:TrackPointExtension></extensions></trkpt><trkpt lat="57.998107" lon="38.872982"><ele>121.0</ele><time>2021-10-10T10:40:14Z</time><extensions><gpxtpx:TrackPointExtension><gpxtpx:hr>95</gpxtpx:hr></gpxtpx:TrackPointExtension></extensions></trkpt><trkpt lat="57.99811" lon="38.872962"><ele>121.0</ele><time>2021-10-10T10:40:15Z</time><extensions><gpxtpx:TrackPointExtension><gpxtpx:hr>95</gpxtpx:hr></gpxtpx:TrackPointExtension></extensions></trkpt><trkpt lat="57.99811" lon="38.872943"><ele>121.0</ele><time>2021-10-10T10:40:16Z</time><extensions><gpxtpx:TrackPointExtension><gpxtpx:hr>95</gpxtpx:hr></gpxtpx:TrackPointExtension></extensions></trkpt><trkpt lat="57.99811" lon="38.87292"><ele>121.0</ele><time>2021-10-10T10:40:17Z</time><extensions><gpxtpx:TrackPointExtension><gpxtpx:hr>95</gpxtpx:hr></gpxtpx:TrackPointExtension></extensions></trkpt><trkpt lat="57.998115" lon="38.872902"><ele>121.0</ele><time>2021-10-10T10:40:18Z</time><extensions><gpxtpx:TrackPointExtension><gpxtpx:hr>95</gpxtpx:hr></gpxtpx:TrackPointExtension></extensions></trkpt><trkpt lat="57.99812" lon="38.872882"><ele>121.0</ele><time>2021-10-10T10:40:19Z</time><extensions><gpxtpx:TrackPointExtension><gpxtpx:hr>95</gpxtpx:hr></gpxtpx:TrackPointExtension></extensions></trkpt><trkpt lat="57.998122" lon="38.872863"><ele>121.0</ele><time>2021-10-10T10:40:20Z</time><extensions><gpxtpx:TrackPointExtension><gpxtpx:hr>95</gpxtpx:hr></gpxtpx:TrackPointExtension></extensions></trkpt><trkpt lat="57.998127" lon="38.87285"><ele>121.0</ele><time>2021-10-10T10:40:21Z</time><extensions><gpxtpx:TrackPointExtension><gpxtpx:hr>95</gpxtpx:hr></gpxtpx:TrackPointExtension></extensions></trkpt><trkpt lat="57.998135" lon="38.872832"><ele>121.0</ele><time>2021-10-10T10:40:22Z</time><extensions><gpxtpx:TrackPointExtension><gpxtpx:hr>94</gpxtpx:hr></gpxtpx:TrackPointExtension></extensions></trkpt><trkpt lat="57.99814" lon="38.872813"><ele>121.0</ele><time>2021-10-10T10:40:23Z</time><extensions><gpxtpx:TrackPointExtension><gpxtpx:hr>94</gpxtpx:hr></gpxtpx:TrackPointExtension></extensions></trkpt><trkpt lat="57.998142" lon="38.87279"><ele>121.0</ele><time>2021-10-10T10:40:24Z</time><extensions><gpxtpx:TrackPointExtension><gpxtpx:hr>94</gpxtpx:hr></gpxtpx:TrackPointExtension></extensions></trkpt><trkpt lat="57.998145" lon="38.872772"><ele>121.0</ele><time>2021-10-10T10:40:25Z</time><extensions><gpxtpx:TrackPointExtension><gpxtpx:hr>94</gpxtpx:hr></gpxtpx:TrackPointExtension></extensions></trkpt><trkpt lat="57.998145" lon="38.872757"><ele>121.0</ele><time>2021-10-10T10:40:26Z</time><extensions><gpxtpx:TrackPointExtension><gpxtpx:hr>94</gpxtpx:hr></gpxtpx:TrackPointExtension></extensions></trkpt><trkpt lat="57.99815" lon="38.872737"><ele>121.0</ele><time>2021-10-10T10:40:27Z</time><extensions><gpxtpx:TrackPointExtension><gpxtpx:hr>94</gpxtpx:hr></gpxtpx:TrackPointExtension></extensions></trkpt><trkpt lat="57.99815" lon="38.872722"><ele>121.0</ele><time>2021-10-10T10:40:28Z</time><extensions><gpxtpx:TrackPointExtension><gpxtpx:hr>94</gpxtpx:hr></gpxtpx:TrackPointExtension></extensions></trkpt><trkpt lat="57.998153" lon="38.87271"><ele>121.0</ele><time>2021-10-10T10:40:29Z</time><extensions><gpxtpx:TrackPointExtension><gpxtpx:hr>95</gpxtpx:hr></gpxtpx:TrackPointExtension></extensions></trkpt><trkpt lat="57.998157" lon="38.8727"><ele>121.0</ele><time>2021-10-10T10:40:30Z</time><extensions><gpxtpx:TrackPointExtension><gpxtpx:hr>95</gpxtpx:hr></gpxtpx:TrackPointExtension></extensions></trkpt><trkpt lat="57.99816" lon="38.87269"><ele>121.0</ele><time>2021-10-10T10:40:31Z</time><extensions><gpxtpx:TrackPointExtension><gpxtpx:hr>95</gpxtpx:hr></gpxtpx:TrackPointExtension></extensions></trkpt><trkpt lat="57.998165" lon="38.872677"><ele>121.0</ele><time>2021-10-10T10:40:32Z</time><extensions><gpxtpx:TrackPointExtension><gpxtpx:hr>95</gpxtpx:hr></gpxtpx:TrackPointExtension></extensions></trkpt><trkpt lat="57.99817" lon="38.87266"><ele>121.0</ele><time>2021-10-10T10:40:33Z</time><extensions><gpxtpx:TrackPointExtension><gpxtpx:hr>95</gpxtpx:hr></gpxtpx:TrackPointExtension></extensions></trkpt><trkpt lat="57.998177" lon="38.872645"><ele>121.0</ele><time>2021-10-10T10:40:34Z</time><extensions><gpxtpx:TrackPointExtension><gpxtpx:hr>96</gpxtpx:hr></gpxtpx:TrackPointExtension></extensions></trkpt><trkpt lat="57.998177" lon="38.872627"><ele>121.0</ele><time>2021-10-10T10:40:35Z</time><extensions><gpxtpx:TrackPointExtension><gpxtpx:hr>97</gpxtpx:hr></gpxtpx:TrackPointExtension></extensions></trkpt><trkpt lat="57.99818" lon="38.87261"><ele>121.0</ele><time>2021-10-10T10:40:36Z</time><extensions><gpxtpx:TrackPointExtension><gpxtpx:hr>97</gpxtpx:hr></gpxtpx:TrackPointExtension></extensions></trkpt><trkpt lat="57.99818" lon="38.87259"><ele>121.0</ele><time>2021-10-10T10:40:37Z</time><extensions><gpxtpx:TrackPointExtension><gpxtpx:hr>98</gpxtpx:hr></gpxtpx:TrackPointExtension></extensions></trkpt><trkpt lat="57.998183" lon="38.872565"><ele>121.0</ele><time>2021-10-10T10:40:38Z</time><extensions><gpxtpx:TrackPointExtension><gpxtpx:hr>98</gpxtpx:hr></gpxtpx:TrackPointExtension></extensions></trkpt><trkpt lat="57.998183" lon="38.872547"><ele>121.0</ele><time>2021-10-10T10:40:39Z</time><extensions><gpxtpx:TrackPointExtension><gpxtpx:hr>98</gpxtpx:hr></gpxtpx:TrackPointExtension></extensions></trkpt><trkpt lat="57.998187" lon="38.872527"><ele>121.0</ele><time>2021-10-10T10:40:40Z</time><extensions><gpxtpx:TrackPointExtension><gpxtpx:hr>98</gpxtpx:hr></gpxtpx:TrackPointExtension></extensions></trkpt><trkpt lat="57.99819" lon="38.87251"><ele>121.0</ele><time>2021-10-10T10:40:41Z</time><extensions><gpxtpx:TrackPointExtension><gpxtpx:hr>98</gpxtpx:hr></gpxtpx:TrackPointExtension></extensions></trkpt><trkpt lat="57.998195" lon="38.87249"><ele>121.0</ele><time>2021-10-10T10:40:42Z</time><extensions><gpxtpx:TrackPointExtension><gpxtpx:hr>98</gpxtpx:hr></gpxtpx:TrackPointExtension></extensions></trkpt><trkpt lat="57.998195" lon="38.872475"><ele>121.0</ele><time>2021-10-10T10:40:43Z</time><extensions><gpxtpx:TrackPointExtension><gpxtpx:hr>98</gpxtpx:hr></gpxtpx:TrackPointExtension></extensions></trkpt><trkpt lat="57.99819" lon="38.872458"><ele>121.0</ele><time>2021-10-10T10:40:44Z</time><extensions><gpxtpx:TrackPointExtension><gpxtpx:hr>98</gpxtpx:hr></gpxtpx:TrackPointExtension></extensions></trkpt><trkpt lat="57.998187" lon="38.872443"><ele>121.0</ele><time>2021-10-10T10:40:45Z</time><extensions><gpxtpx:TrackPointExtension><gpxtpx:hr>98</gpxtpx:hr></gpxtpx:TrackPointExtension></extensions></trkpt><trkpt lat="57.998183" lon="38.872432"><ele>121.0</ele><time>2021-10-10T10:40:46Z</time><extensions><gpxtpx:TrackPointExtension><gpxtpx:hr>98</gpxtpx:hr></gpxtpx:TrackPointExtension></extensions></trkpt><trkpt lat="57.99818" lon="38.872417"><ele>121.0</ele><time>2021-10-10T10:40:47Z</time><extensions><gpxtpx:TrackPointExtension><gpxtpx:hr>97</gpxtpx:hr></gpxtpx:TrackPointExtension></extensions></trkpt><trkpt lat="57.998177" lon="38.872402"><ele>121.0</ele><time>2021-10-10T10:40:48Z</time><extensions><gpxtpx:TrackPointExtension><gpxtpx:hr>97</gpxtpx:hr></gpxtpx:TrackPointExtension></extensions></trkpt><trkpt lat="57.998177" lon="38.87239"><ele>121.0</ele><time>2021-10-10T10:40:49Z</time><extensions><gpxtpx:TrackPointExtension><gpxtpx:hr>97</gpxtpx:hr></gpxtpx:TrackPointExtension></extensions></trkpt><trkpt lat="57.998177" lon="38.872373"><ele>121.0</ele><time>2021-10-10T10:40:50Z</time><extensions><gpxtpx:TrackPointExtension><gpxtpx:hr>97</gpxtpx:hr></gpxtpx:TrackPointExtension></extensions></trkpt><trkpt lat="57.99818" lon="38.87236"><ele>121.0</ele><time>2021-10-10T10:40:51Z</time><extensions><gpxtpx:TrackPointExtension><gpxtpx:hr>97</gpxtpx:hr></gpxtpx:TrackPointExtension></extensions></trkpt><trkpt lat="57.998187" lon="38.872352"><ele>121.0</ele><time>2021-10-10T10:40:52Z</time><extensions><gpxtpx:TrackPointExtension><gpxtpx:hr>97</gpxtpx:hr></gpxtpx:TrackPointExtension></extensions></trkpt><trkpt lat="57.998195" lon="38.87235"><ele>121.0</ele><time>2021-10-10T10:40:53Z</time><extensions><gpxtpx:TrackPointExtension><gpxtpx:hr>97</gpxtpx:hr></gpxtpx:TrackPointExtension></extensions></trkpt><trkpt lat="57.998202" lon="38.872345"><ele>121.0</ele><time>2021-10-10T10:40:54Z</time><extensions><gpxtpx:TrackPointExtension><gpxtpx:hr>98</gpxtpx:hr></gpxtpx:TrackPointExtension></extensions></trkpt><trkpt lat="57.998215" lon="38.872345"><ele>121.0</ele><time>2021-10-10T10:40:55Z</time><extensions><gpxtpx:TrackPointExtension><gpxtpx:hr>98</gpxtpx:hr></gpxtpx:TrackPointExtension></extensions></trkpt><trkpt lat="57.998222" lon="38.872337"><ele>121.0</ele><time>2021-10-10T10:40:56Z</time><extensions><gpxtpx:TrackPointExtension><gpxtpx:hr>98</gpxtpx:hr></gpxtpx:TrackPointExtension></extensions></trkpt><trkpt lat="57.998233" lon="38.872333"><ele>121.0</ele><time>2021-10-10T10:40:57Z</time><extensions><gpxtpx:TrackPointExtension><gpxtpx:hr>99</gpxtpx:hr></gpxtpx:TrackPointExtension></extensions></trkpt><trkpt lat="57.99824" lon="38.87233"><ele>121.0</ele><time>2021-10-10T10:40:58Z</time><extensions><gpxtpx:TrackPointExtension><gpxtpx:hr>99</gpxtpx:hr></gpxtpx:TrackPointExtension></extensions></trkpt><trkpt lat="57.998263" lon="38.872322"><ele>121.0</ele><time>2021-10-10T10:41:00Z</time><extensions><gpxtpx:TrackPointExtension><gpxtpx:hr>99</gpxtpx:hr></gpxtpx:TrackPointExtension></extensions></trkpt><trkpt lat="57.998263" lon="38.87232"><ele>121.0</ele><time>2021-10-10T10:41:01Z</time><extensions><gpxtpx:TrackPointExtension><gpxtpx:hr>99</gpxtpx:hr></gpxtpx:TrackPointExtension></extensions></trkpt><trkpt lat="57.998272" lon="38.87231"><ele>121.0</ele><time>2021-10-10T10:41:02Z</time><extensions><gpxtpx:TrackPointExtension><gpxtpx:hr>99</gpxtpx:hr></gpxtpx:TrackPointExtension></extensions></trkpt><trkpt lat="57.998275" lon="38.872302"><ele>121.0</ele><time>2021-10-10T10:41:03Z</time><extensions><gpxtpx:TrackPointExtension><gpxtpx:hr>99</gpxtpx:hr></gpxtpx:TrackPointExtension></extensions></trkpt><trkpt lat="57.998282" lon="38.872295"><ele>121.0</ele><time>2021-10-10T10:41:04Z</time><extensions><gpxtpx:TrackPointExtension><gpxtpx:hr>99</gpxtpx:hr></gpxtpx:TrackPointExtension></extensions></trkpt><trkpt lat="57.998287" lon="38.87229"><ele>121.0</ele><time>2021-10-10T10:41:05Z</time><extensions><gpxtpx:TrackPointExtension><gpxtpx:hr>100</gpxtpx:hr></gpxtpx:TrackPointExtension></extensions></trkpt><trkpt lat="57.998295" lon="38.872287"><ele>121.0</ele><time>2021-10-10T10:41:06Z</time><extensions><gpxtpx:TrackPointExtension><gpxtpx:hr>102</gpxtpx:hr></gpxtpx:TrackPointExtension></extensions></trkpt><trkpt lat="57.9983" lon="38.872287"><ele>121.0</ele><time>2021-10-10T10:41:07Z</time><extensions><gpxtpx:TrackPointExtension><gpxtpx:hr>103</gpxtpx:hr></gpxtpx:TrackPointExtension></extensions></trkpt><trkpt lat="57.998305" lon="38.872287"><ele>121.0</ele><time>2021-10-10T10:41:08Z</time><extensions><gpxtpx:TrackPointExtension><gpxtpx:hr>103</gpxtpx:hr></gpxtpx:TrackPointExtension></extensions></trkpt><trkpt lat="57.998313" lon="38.872283"><ele>121.0</ele><time>2021-10-10T10:41:09Z</time><extensions><gpxtpx:TrackPointExtension><gpxtpx:hr>105</gpxtpx:hr></gpxtpx:TrackPointExtension></extensions></trkpt><trkpt lat="57.998317" lon="38.87228"><ele>121.0</ele><time>2021-10-10T10:41:10Z</time><extensions><gpxtpx:TrackPointExtension><gpxtpx:hr>106</gpxtpx:hr></gpxtpx:TrackPointExtension></extensions></trkpt><trkpt lat="57.998317" lon="38.872272"><ele>121.0</ele><time>2021-10-10T10:41:11Z</time><extensions><gpxtpx:TrackPointExtension><gpxtpx:hr>107</gpxtpx:hr></gpxtpx:TrackPointExtension></extensions></trkpt><trkpt lat="57.998313" lon="38.872265"><ele>121.0</ele><time>2021-10-10T10:41:12Z</time><extensions><gpxtpx:TrackPointExtension><gpxtpx:hr>107</gpxtpx:hr></gpxtpx:TrackPointExtension></extensions></trkpt><trkpt lat="57.99831" lon="38.872252"><ele>121.0</ele><time>2021-10-10T10:41:13Z</time><extensions><gpxtpx:TrackPointExtension><gpxtpx:hr>106</gpxtpx:hr></gpxtpx:TrackPointExtension></extensions></trkpt><trkpt lat="57.998317" lon="38.87225"><ele>121.0</ele><time>2021-10-10T10:41:14Z</time><extensions><gpxtpx:TrackPointExtension><gpxtpx:hr>106</gpxtpx:hr></gpxtpx:TrackPointExtension></extensions></trkpt><trkpt lat="57.998325" lon="38.87225"><ele>121.0</ele><time>2021-10-10T10:41:15Z</time><extensions><gpxtpx:TrackPointExtension><gpxtpx:hr>106</gpxtpx:hr></gpxtpx:TrackPointExtension></extensions></trkpt><trkpt lat="57.998332" lon="38.872252"><ele>121.0</ele><time>2021-10-10T10:41:16Z</time><extensions><gpxtpx:TrackPointExtension><gpxtpx:hr>106</gpxtpx:hr></gpxtpx:TrackPointExtension></extensions></trkpt><trkpt lat="57.998343" lon="38.87225"><ele>121.0</ele><time>2021-10-10T10:41:19Z</time><extensions><gpxtpx:TrackPointExtension><gpxtpx:hr>106</gpxtpx:hr></gpxtpx:TrackPointExtension></extensions></trkpt><trkpt lat="57.998343" lon="38.87225"><ele>121.0</ele><time>2021-10-10T10:41:20Z</time><extensions><gpxtpx:TrackPointExtension><gpxtpx:hr>105</gpxtpx:hr></gpxtpx:TrackPointExtension></extensions></trkpt><trkpt lat="57.998343" lon="38.872245"><ele>121.0</ele><time>2021-10-10T10:41:21Z</time><extensions><gpxtpx:TrackPointExtension><gpxtpx:hr>105</gpxtpx:hr></gpxtpx:TrackPointExtension></extensions></trkpt><trkpt lat="57.998343" lon="38.87224"><ele>121.0</ele><time>2021-10-10T10:41:22Z</time><extensions><gpxtpx:TrackPointExtension><gpxtpx:hr>105</gpxtpx:hr></gpxtpx:TrackPointExtension></extensions></trkpt><trkpt lat="57.99834" lon="38.87223"><ele>121.0</ele><time>2021-10-10T10:41:23Z</time><extensions><gpxtpx:TrackPointExtension><gpxtpx:hr>105</gpxtpx:hr></gpxtpx:TrackPointExtension></extensions></trkpt><trkpt lat="57.998337" lon="38.872215"><ele>121.0</ele><time>2021-10-10T10:41:23Z</time><extensions><gpxtpx:TrackPointExtension><gpxtpx:hr>105</gpxtpx:hr></gpxtpx:TrackPointExtension></extensions></trkpt><trkpt lat="57.998332" lon="38.872203"><ele>121.0</ele><time>2021-10-10T10:41:24Z</time><extensions><gpxtpx:TrackPointExtension><gpxtpx:hr>105</gpxtpx:hr></gpxtpx:TrackPointExtension></extensions></trkpt><trkpt lat="57.99833" lon="38.872192"><ele>121.0</ele><time>2021-10-10T10:41:25Z</time><extensions><gpxtpx:TrackPointExtension><gpxtpx:hr>105</gpxtpx:hr></gpxtpx:TrackPointExtension></extensions></trkpt><trkpt lat="57.998325" lon="38.872185"><ele>121.0</ele><time>2021-10-10T10:41:26Z</time><extensions><gpxtpx:TrackPointExtension><gpxtpx:hr>105</gpxtpx:hr></gpxtpx:TrackPointExtension></extensions></trkpt><trkpt lat="57.99832" lon="38.87216"><ele>121.0</ele><time>2021-10-10T10:41:27Z</time><extensions><gpxtpx:TrackPointExtension><gpxtpx:hr>104</gpxtpx:hr></gpxtpx:TrackPointExtension></extensions></trkpt><trkpt lat="57.99832" lon="38.872147"><ele>121.0</ele><time>2021-10-10T10:41:28Z</time><extensions><gpxtpx:TrackPointExtension><gpxtpx:hr>104</gpxtpx:hr></gpxtpx:TrackPointExtension></extensions></trkpt><trkpt lat="57.998325" lon="38.87213"><ele>121.0</ele><time>2021-10-10T10:41:29Z</time><extensions><gpxtpx:TrackPointExtension><gpxtpx:hr>103</gpxtpx:hr></gpxtpx:TrackPointExtension></extensions></trkpt><trkpt lat="57.998332" lon="38.872123"><ele>121.0</ele><time>2021-10-10T10:41:30Z</time><extensions><gpxtpx:TrackPointExtension><gpxtpx:hr>103</gpxtpx:hr></gpxtpx:TrackPointExtension></extensions></trkpt><trkpt lat="57.998337" lon="38.87211"><ele>121.0</ele><time>2021-10-10T10:41:31Z</time><extensions><gpxtpx:TrackPointExtension><gpxtpx:hr>103</gpxtpx:hr></gpxtpx:TrackPointExtension></extensions></trkpt><trkpt lat="57.998343" lon="38.8721"><ele>121.0</ele><time>2021-10-10T10:41:32Z</time><extensions><gpxtpx:TrackPointExtension><gpxtpx:hr>102</gpxtpx:hr></gpxtpx:TrackPointExtension></extensions></trkpt><trkpt lat="57.99835" lon="38.872092"><ele>121.0</ele><time>2021-10-10T10:41:33Z</time><extensions><gpxtpx:TrackPointExtension><gpxtpx:hr>103</gpxtpx:hr></gpxtpx:TrackPointExtension></extensions></trkpt><trkpt lat="57.998355" lon="38.87209"><ele>121.0</ele><time>2021-10-10T10:41:34Z</time><extensions><gpxtpx:TrackPointExtension><gpxtpx:hr>103</gpxtpx:hr></gpxtpx:TrackPointExtension></extensions></trkpt><trkpt lat="57.998362" lon="38.872085"><ele>121.0</ele><time>2021-10-10T10:41:35Z</time><extensions><gpxtpx:TrackPointExtension><gpxtpx:hr>103</gpxtpx:hr></gpxtpx:TrackPointExtension></extensions></trkpt><trkpt lat="57.998367" lon="38.872085"><ele>121.0</ele><time>2021-10-10T10:41:36Z</time><extensions><gpxtpx:TrackPointExtension><gpxtpx:hr>103</gpxtpx:hr></gpxtpx:TrackPointExtension></extensions></trkpt><trkpt lat="57.99838" lon="38.87209"><ele>121.0</ele><time>2021-10-10T10:41:37Z</time><extensions><gpxtpx:TrackPointExtension><gpxtpx:hr>103</gpxtpx:hr></gpxtpx:TrackPointExtension></extensions></trkpt><trkpt lat="57.998385" lon="38.872097"><ele>121.0</ele><time>2021-10-10T10:41:38Z</time><extensions><gpxtpx:TrackPointExtension><gpxtpx:hr>103</gpxtpx:hr></gpxtpx:TrackPointExtension></extensions></trkpt><trkpt lat="57.998393" lon="38.872115"><ele>121.0</ele><time>2021-10-10T10:41:39Z</time><extensions><gpxtpx:TrackPointExtension><gpxtpx:hr>105</gpxtpx:hr></gpxtpx:TrackPointExtension></extensions></trkpt><trkpt lat="57.998398" lon="38.872135"><ele>121.0</ele><time>2021-10-10T10:41:40Z</time><extensions><gpxtpx:TrackPointExtension><gpxtpx:hr>105</gpxtpx:hr></gpxtpx:TrackPointExtension></extensions></trkpt><trkpt lat="57.99841" lon="38.87216"><ele>121.0</ele><time>2021-10-10T10:41:41Z</time><extensions><gpxtpx:TrackPointExtension><gpxtpx:hr>105</gpxtpx:hr></gpxtpx:TrackPointExtension></extensions></trkpt><trkpt lat="57.998417" lon="38.872192"><ele>121.0</ele><time>2021-10-10T10:41:42Z</time><extensions><gpxtpx:TrackPointExtension><gpxtpx:hr>105</gpxtpx:hr></gpxtpx:TrackPointExtension></extensions></trkpt><trkpt lat="57.99842" lon="38.872227"><ele>121.0</ele><time>2021-10-10T10:41:43Z</time><extensions><gpxtpx:TrackPointExtension><gpxtpx:hr>105</gpxtpx:hr></gpxtpx:TrackPointExtension></extensions></trkpt><trkpt lat="57.99843" lon="38.872257"><ele>121.0</ele><time>2021-10-10T10:41:44Z</time><extensions><gpxtpx:TrackPointExtension><gpxtpx:hr>105</gpxtpx:hr></gpxtpx:TrackPointExtension></extensions></trkpt><trkpt lat="57.99843" lon="38.872287"><ele>121.0</ele><time>2021-10-10T10:41:45Z</time><extensions><gpxtpx:TrackPointExtension><gpxtpx:hr>103</gpxtpx:hr></gpxtpx:TrackPointExtension></extensions></trkpt><trkpt lat="57.998432" lon="38.87232"><ele>121.0</ele><time>2021-10-10T10:41:46Z</time><extensions><gpxtpx:TrackPointExtension><gpxtpx:hr>103</gpxtpx:hr></gpxtpx:TrackPointExtension></extensions></trkpt><trkpt lat="57.998432" lon="38.872345"><ele>121.0</ele><time>2021-10-10T10:41:47Z</time><extensions><gpxtpx:TrackPointExtension><gpxtpx:hr>104</gpxtpx:hr></gpxtpx:TrackPointExtension></extensions></trkpt><trkpt lat="57.998432" lon="38.87237"><ele>121.0</ele><time>2021-10-10T10:41:48Z</time><extensions><gpxtpx:TrackPointExtension><gpxtpx:hr>104</gpxtpx:hr></gpxtpx:TrackPointExtension></extensions></trkpt><trkpt lat="57.99844" lon="38.872395"><ele>121.0</ele><time>2021-10-10T10:41:49Z</time><extensions><gpxtpx:TrackPointExtension><gpxtpx:hr>104</gpxtpx:hr></gpxtpx:TrackPointExtension></extensions></trkpt><trkpt lat="57.998447" lon="38.872417"><ele>121.0</ele><time>2021-10-10T10:41:50Z</time><extensions><gpxtpx:TrackPointExtension><gpxtpx:hr>104</gpxtpx:hr></gpxtpx:TrackPointExtension></extensions></trkpt><trkpt lat="57.99846" lon="38.87244"><ele>121.0</ele><time>2021-10-10T10:41:51Z</time><extensions><gpxtpx:TrackPointExtension><gpxtpx:hr>104</gpxtpx:hr></gpxtpx:TrackPointExtension></extensions></trkpt><trkpt lat="57.998468" lon="38.872458"><ele>121.0</ele><time>2021-10-10T10:41:52Z</time><extensions><gpxtpx:TrackPointExtension><gpxtpx:hr>105</gpxtpx:hr></gpxtpx:TrackPointExtension></extensions></trkpt><trkpt lat="57.998485" lon="38.87248"><ele>121.0</ele><time>2021-10-10T10:41:53Z</time><extensions><gpxtpx:TrackPointExtension><gpxtpx:hr>105</gpxtpx:hr></gpxtpx:TrackPointExtension></extensions></trkpt><trkpt lat="57.998497" lon="38.872497"><ele>121.0</ele><time>2021-10-10T10:41:54Z</time><extensions><gpxtpx:TrackPointExtension><gpxtpx:hr>105</gpxtpx:hr></gpxtpx:TrackPointExtension></extensions></trkpt><trkpt lat="57.998515" lon="38.872517"><ele>121.0</ele><time>2021-10-10T10:41:55Z</time><extensions><gpxtpx:TrackPointExtension><gpxtpx:hr>105</gpxtpx:hr></gpxtpx:TrackPointExtension></extensions></trkpt><trkpt lat="57.998535" lon="38.872527"><ele>121.0</ele><time>2021-10-10T10:41:56Z</time><extensions><gpxtpx:TrackPointExtension><gpxtpx:hr>108</gpxtpx:hr></gpxtpx:TrackPointExtension></extensions></trkpt><trkpt lat="57.998553" lon="38.872527"><ele>121.0</ele><time>2021-10-10T10:41:57Z</time><extensions><gpxtpx:TrackPointExtension><gpxtpx:hr>108</gpxtpx:hr></gpxtpx:TrackPointExtension></extensions></trkpt><trkpt lat="57.998565" lon="38.872523"><ele>121.0</ele><time>2021-10-10T10:41:58Z</time><extensions><gpxtpx:TrackPointExtension><gpxtpx:hr>108</gpxtpx:hr></gpxtpx:TrackPointExtension></extensions></trkpt><trkpt lat="57.998577" lon="38.872517"><ele>121.0</ele><time>2021-10-10T10:41:59Z</time><extensions><gpxtpx:TrackPointExtension><gpxtpx:hr>109</gpxtpx:hr></gpxtpx:TrackPointExtension></extensions></trkpt><trkpt lat="57.99859" lon="38.8725"><ele>121.0</ele><time>2021-10-10T10:42:00Z</time><extensions><gpxtpx:TrackPointExtension><gpxtpx:hr>110</gpxtpx:hr></gpxtpx:TrackPointExtension></extensions></trkpt><trkpt lat="57.9986" lon="38.87249"><ele>121.0</ele><time>2021-10-10T10:42:01Z</time><extensions><gpxtpx:TrackPointExtension><gpxtpx:hr>110</gpxtpx:hr></gpxtpx:TrackPointExtension></extensions></trkpt><trkpt lat="57.99861" lon="38.872475"><ele>121.0</ele><time>2021-10-10T10:42:02Z</time><extensions><gpxtpx:TrackPointExtension><gpxtpx:hr>108</gpxtpx:hr></gpxtpx:TrackPointExtension></extensions></trkpt><trkpt lat="57.998622" lon="38.872458"><ele>121.0</ele><time>2021-10-10T10:42:03Z</time><extensions><gpxtpx:TrackPointExtension><gpxtpx:hr>108</gpxtpx:hr></gpxtpx:TrackPointExtension></extensions></trkpt><trkpt lat="57.998633" lon="38.872447"><ele>121.0</ele><time>2021-10-10T10:42:04Z</time><extensions><gpxtpx:TrackPointExtension><gpxtpx:hr>108</gpxtpx:hr></gpxtpx:TrackPointExtension></extensions></trkpt><trkpt lat="57.99865" lon="38.87244"><ele>121.0</ele><time>2021-10-10T10:42:05Z</time><extensions><gpxtpx:TrackPointExtension><gpxtpx:hr>108</gpxtpx:hr></gpxtpx:TrackPointExtension></extensions></trkpt><trkpt lat="57.99866" lon="38.872432"><ele>121.0</ele><time>2021-10-10T10:42:06Z</time><extensions><gpxtpx:TrackPointExtension><gpxtpx:hr>108</gpxtpx:hr></gpxtpx:TrackPointExtension></extensions></trkpt><trkpt lat="57.998675" lon="38.87242"><ele>121.0</ele><time>2021-10-10T10:42:07Z</time><extensions><gpxtpx:TrackPointExtension><gpxtpx:hr>108</gpxtpx:hr></gpxtpx:TrackPointExtension></extensions></trkpt><trkpt lat="57.998683" lon="38.87241"><ele>121.0</ele><time>2021-10-10T10:42:08Z</time><extensions><gpxtpx:TrackPointExtension><gpxtpx:hr>112</gpxtpx:hr></gpxtpx:TrackPointExtension></extensions></trkpt><trkpt lat="57.99869" lon="38.872395"><ele>121.0</ele><time>2021-10-10T10:42:09Z</time><extensions><gpxtpx:TrackPointExtension><gpxtpx:hr>109</gpxtpx:hr></gpxtpx:TrackPointExtension></extensions></trkpt><trkpt lat="57.9987" lon="38.87237"><ele>121.0</ele><time>2021-10-10T10:42:10Z</time><extensions><gpxtpx:TrackPointExtension><gpxtpx:hr>109</gpxtpx:hr></gpxtpx:TrackPointExtension></extensions></trkpt><trkpt lat="57.998702" lon="38.872352"><ele>121.0</ele><time>2021-10-10T10:42:11Z</time><extensions><gpxtpx:TrackPointExtension><gpxtpx:hr>108</gpxtpx:hr></gpxtpx:TrackPointExtension></extensions></trkpt><trkpt lat="57.99871" lon="38.87233"><ele>121.0</ele><time>2021-10-10T10:42:12Z</time><extensions><gpxtpx:TrackPointExtension><gpxtpx:hr>108</gpxtpx:hr></gpxtpx:TrackPointExtension></extensions></trkpt><trkpt lat="57.998713" lon="38.872307"><ele>121.0</ele><time>2021-10-10T10:42:13Z</time><extensions><gpxtpx:TrackPointExtension><gpxtpx:hr>108</gpxtpx:hr></gpxtpx:TrackPointExtension></extensions></trkpt><trkpt lat="57.998722" lon="38.872283"><ele>121.0</ele><time>2021-10-10T10:42:14Z</time><extensions><gpxtpx:TrackPointExtension><gpxtpx:hr>107</gpxtpx:hr></gpxtpx:TrackPointExtension></extensions></trkpt><trkpt lat="57.99873" lon="38.87226"><ele>121.0</ele><time>2021-10-10T10:42:15Z</time><extensions><gpxtpx:TrackPointExtension><gpxtpx:hr>107</gpxtpx:hr></gpxtpx:TrackPointExtension></extensions></trkpt><trkpt lat="57.99874" lon="38.872242"><ele>121.0</ele><time>2021-10-10T10:42:16Z</time><extensions><gpxtpx:TrackPointExtension><gpxtpx:hr>107</gpxtpx:hr></gpxtpx:TrackPointExtension></extensions></trkpt><trkpt lat="57.99875" lon="38.87222"><ele>121.0</ele><time>2021-10-10T10:42:17Z</time><extensions><gpxtpx:TrackPointExtension><gpxtpx:hr>107</gpxtpx:hr></gpxtpx:TrackPointExtension></extensions></trkpt><trkpt lat="57.99876" lon="38.8722"><ele>121.0</ele><time>2021-10-10T10:42:18Z</time><extensions><gpxtpx:TrackPointExtension><gpxtpx:hr>107</gpxtpx:hr></gpxtpx:TrackPointExtension></extensions></trkpt><trkpt lat="57.99877" lon="38.872177"><ele>121.0</ele><time>2021-10-10T10:42:19Z</time><extensions><gpxtpx:TrackPointExtension><gpxtpx:hr>107</gpxtpx:hr></gpxtpx:TrackPointExtension></extensions></trkpt><trkpt lat="57.998778" lon="38.872142"><ele>121.0</ele><time>2021-10-10T10:42:20Z</time><extensions><gpxtpx:TrackPointExtension><gpxtpx:hr>107</gpxtpx:hr></gpxtpx:TrackPointExtension></extensions></trkpt><trkpt lat="57.998775" lon="38.872127"><ele>121.0</ele><time>2021-10-10T10:42:21Z</time><extensions><gpxtpx:TrackPointExtension><gpxtpx:hr>107</gpxtpx:hr></gpxtpx:TrackPointExtension></extensions></trkpt><trkpt lat="57.99877" lon="38.87212"><ele>121.0</ele><time>2021-10-10T10:42:22Z</time><extensions><gpxtpx:TrackPointExtension><gpxtpx:hr>106</gpxtpx:hr></gpxtpx:TrackPointExtension></extensions></trkpt><trkpt lat="57.998767" lon="38.872112"><ele>121.0</ele><time>2021-10-10T10:42:23Z</time><extensions><gpxtpx:TrackPointExtension><gpxtpx:hr>106</gpxtpx:hr></gpxtpx:TrackPointExtension></extensions></trkpt><trkpt lat="57.998763" lon="38.872097"><ele>121.0</ele><time>2021-10-10T10:42:24Z</time><extensions><gpxtpx:TrackPointExtension><gpxtpx:hr>106</gpxtpx:hr></gpxtpx:TrackPointExtension></extensions></trkpt><trkpt lat="57.998763" lon="38.872078"><ele>121.0</ele><time>2021-10-10T10:42:25Z</time><extensions><gpxtpx:TrackPointExtension><gpxtpx:hr>106</gpxtpx:hr></gpxtpx:TrackPointExtension></extensions></trkpt><trkpt lat="57.998767" lon="38.872065"><ele>121.0</ele><time>2021-10-10T10:42:26Z</time><extensions><gpxtpx:TrackPointExtension><gpxtpx:hr>106</gpxtpx:hr></gpxtpx:TrackPointExtension></extensions></trkpt><trkpt lat="57.998775" lon="38.872055"><ele>121.0</ele><time>2021-10-10T10:42:27Z</time><extensions><gpxtpx:TrackPointExtension><gpxtpx:hr>106</gpxtpx:hr></gpxtpx:TrackPointExtension></extensions></trkpt><trkpt lat="57.998782" lon="38.872043"><ele>121.0</ele><time>2021-10-10T10:42:28Z</time><extensions><gpxtpx:TrackPointExtension><gpxtpx:hr>106</gpxtpx:hr></gpxtpx:TrackPointExtension></extensions></trkpt><trkpt lat="57.998795" lon="38.872035"><ele>121.0</ele><time>2021-10-10T10:42:29Z</time><extensions><gpxtpx:TrackPointExtension><gpxtpx:hr>106</gpxtpx:hr></gpxtpx:TrackPointExtension></extensions></trkpt><trkpt lat="57.998805" lon="38.87202"><ele>121.0</ele><time>2021-10-10T10:42:30Z</time><extensions><gpxtpx:TrackPointExtension><gpxtpx:hr>106</gpxtpx:hr></gpxtpx:TrackPointExtension></extensions></trkpt><trkpt lat="57.998813" lon="38.872005"><ele>121.0</ele><time>2021-10-10T10:42:31Z</time><extensions><gpxtpx:TrackPointExtension><gpxtpx:hr>106</gpxtpx:hr></gpxtpx:TrackPointExtension></extensions></trkpt><trkpt lat="57.99882" lon="38.871985"><ele>121.0</ele><time>2021-10-10T10:42:32Z</time><extensions><gpxtpx:TrackPointExtension><gpxtpx:hr>106</gpxtpx:hr></gpxtpx:TrackPointExtension></extensions></trkpt><trkpt lat="57.99883" lon="38.87197"><ele>121.0</ele><time>2021-10-10T10:42:33Z</time><extensions><gpxtpx:TrackPointExtension><gpxtpx:hr>104</gpxtpx:hr></gpxtpx:TrackPointExtension></extensions></trkpt><trkpt lat="57.998832" lon="38.87195"><ele>121.0</ele><time>2021-10-10T10:42:34Z</time><extensions><gpxtpx:TrackPointExtension><gpxtpx:hr>103</gpxtpx:hr></gpxtpx:TrackPointExtension></extensions></trkpt><trkpt lat="57.998832" lon="38.87193"><ele>121.0</ele><time>2021-10-10T10:42:35Z</time><extensions><gpxtpx:TrackPointExtension><gpxtpx:hr>102</gpxtpx:hr></gpxtpx:TrackPointExtension></extensions></trkpt><trkpt lat="57.998832" lon="38.871905"><ele>121.0</ele><time>2021-10-10T10:42:36Z</time><extensions><gpxtpx:TrackPointExtension><gpxtpx:hr>102</gpxtpx:hr></gpxtpx:TrackPointExtension></extensions></trkpt><trkpt lat="57.998832" lon="38.871887"><ele>121.0</ele><time>2021-10-10T10:42:37Z</time><extensions><gpxtpx:TrackPointExtension><gpxtpx:hr>98</gpxtpx:hr></gpxtpx:TrackPointExtension></extensions></trkpt><trkpt lat="57.998832" lon="38.871863"><ele>121.0</ele><time>2021-10-10T10:42:38Z</time><extensions><gpxtpx:TrackPointExtension><gpxtpx:hr>98</gpxtpx:hr></gpxtpx:TrackPointExtension></extensions></trkpt><trkpt lat="57.998832" lon="38.871845"><ele>121.0</ele><time>2021-10-10T10:42:39Z</time><extensions><gpxtpx:TrackPointExtension><gpxtpx:hr>98</gpxtpx:hr></gpxtpx:TrackPointExtension></extensions></trkpt><trkpt lat="57.998832" lon="38.871822"><ele>121.0</ele><time>2021-10-10T10:42:40Z</time><extensions><gpxtpx:TrackPointExtension><gpxtpx:hr>98</gpxtpx:hr></gpxtpx:TrackPointExtension></extensions></trkpt><trkpt lat="57.998832" lon="38.8718"><ele>121.0</ele><time>2021-10-10T10:42:41Z</time><extensions><gpxtpx:TrackPointExtension><gpxtpx:hr>98</gpxtpx:hr></gpxtpx:TrackPointExtension></extensions></trkpt><trkpt lat="57.998837" lon="38.87178"><ele>121.0</ele><time>2021-10-10T10:42:42Z</time><extensions><gpxtpx:TrackPointExtension><gpxtpx:hr>98</gpxtpx:hr></gpxtpx:TrackPointExtension></extensions></trkpt><trkpt lat="57.99884" lon="38.871757"><ele>121.0</ele><time>2021-10-10T10:42:43Z</time><extensions><gpxtpx:TrackPointExtension><gpxtpx:hr>98</gpxtpx:hr></gpxtpx:TrackPointExtension></extensions></trkpt><trkpt lat="57.998843" lon="38.87174"><ele>121.0</ele><time>2021-10-10T10:42:44Z</time><extensions><gpxtpx:TrackPointExtension><gpxtpx:hr>98</gpxtpx:hr></gpxtpx:TrackPointExtension></extensions></trkpt><trkpt lat="57.99884" lon="38.871715"><ele>121.0</ele><time>2021-10-10T10:42:45Z</time><extensions><gpxtpx:TrackPointExtension><gpxtpx:hr>98</gpxtpx:hr></gpxtpx:TrackPointExtension></extensions></trkpt><trkpt lat="57.998837" lon="38.871698"><ele>121.0</ele><time>2021-10-10T10:42:46Z</time><extensions><gpxtpx:TrackPointExtension><gpxtpx:hr>98</gpxtpx:hr></gpxtpx:TrackPointExtension></extensions></trkpt><trkpt lat="57.99883" lon="38.87169"><ele>121.0</ele><time>2021-10-10T10:42:47Z</time><extensions><gpxtpx:TrackPointExtension><gpxtpx:hr>98</gpxtpx:hr></gpxtpx:TrackPointExtension></extensions></trkpt><trkpt lat="57.99882" lon="38.87168"><ele>121.0</ele><time>2021-10-10T10:42:48Z</time><extensions><gpxtpx:TrackPointExtension><gpxtpx:hr>98</gpxtpx:hr></gpxtpx:TrackPointExtension></extensions></trkpt><trkpt lat="57.998813" lon="38.87167"><ele>121.0</ele><time>2021-10-10T10:42:49Z</time><extensions><gpxtpx:TrackPointExtension><gpxtpx:hr>98</gpxtpx:hr></gpxtpx:TrackPointExtension></extensions></trkpt><trkpt lat="57.998805" lon="38.87166"><ele>121.0</ele><time>2021-10-10T10:42:50Z</time><extensions><gpxtpx:TrackPointExtension><gpxtpx:hr>98</gpxtpx:hr></gpxtpx:TrackPointExtension></extensions></trkpt><trkpt lat="57.998802" lon="38.871647"><ele>121.0</ele><time>2021-10-10T10:42:51Z</time><extensions><gpxtpx:TrackPointExtension><gpxtpx:hr>98</gpxtpx:hr></gpxtpx:TrackPointExtension></extensions></trkpt><trkpt lat="57.998795" lon="38.871635"><ele>121.0</ele><time>2021-10-10T10:42:52Z</time><extensions><gpxtpx:TrackPointExtension><gpxtpx:hr>98</gpxtpx:hr></gpxtpx:TrackPointExtension></extensions></trkpt><trkpt lat="57.998787" lon="38.87162"><ele>121.0</ele><time>2021-10-10T10:42:53Z</time><extensions><gpxtpx:TrackPointExtension><gpxtpx:hr>98</gpxtpx:hr></gpxtpx:TrackPointExtension></extensions></trkpt><trkpt lat="57.998782" lon="38.871605"><ele>121.0</ele><time>2021-10-10T10:42:54Z</time><extensions><gpxtpx:TrackPointExtension><gpxtpx:hr>98</gpxtpx:hr></gpxtpx:TrackPointExtension></extensions></trkpt><trkpt lat="57.998775" lon="38.871582"><ele>121.0</ele><time>2021-10-10T10:42:55Z</time><extensions><gpxtpx:TrackPointExtension><gpxtpx:hr>98</gpxtpx:hr></gpxtpx:TrackPointExtension></extensions></trkpt><trkpt lat="57.998767" lon="38.871562"><ele>121.0</ele><time>2021-10-10T10:42:56Z</time><extensions><gpxtpx:TrackPointExtension><gpxtpx:hr>98</gpxtpx:hr></gpxtpx:TrackPointExtension></extensions></trkpt><trkpt lat="57.998755" lon="38.871547"><ele>121.0</ele><time>2021-10-10T10:42:57Z</time><extensions><gpxtpx:TrackPointExtension><gpxtpx:hr>99</gpxtpx:hr></gpxtpx:TrackPointExtension></extensions></trkpt><trkpt lat="57.998745" lon="38.871532"><ele>121.0</ele><time>2021-10-10T10:42:58Z</time><extensions><gpxtpx:TrackPointExtension><gpxtpx:hr>100</gpxtpx:hr></gpxtpx:TrackPointExtension></extensions></trkpt><trkpt lat="57.998737" lon="38.871525"><ele>121.0</ele><time>2021-10-10T10:42:59Z</time><extensions><gpxtpx:TrackPointExtension><gpxtpx:hr>100</gpxtpx:hr></gpxtpx:TrackPointExtension></extensions></trkpt><trkpt lat="57.998733" lon="38.87151"><ele>121.0</ele><time>2021-10-10T10:43:00Z</time><extensions><gpxtpx:TrackPointExtension><gpxtpx:hr>101</gpxtpx:hr></gpxtpx:TrackPointExtension></extensions></trkpt><trkpt lat="57.998737" lon="38.87149"><ele>121.0</ele><time>2021-10-10T10:43:01Z</time><extensions><gpxtpx:TrackPointExtension><gpxtpx:hr>101</gpxtpx:hr></gpxtpx:TrackPointExtension></extensions></trkpt><trkpt lat="57.998745" lon="38.871473"><ele>121.0</ele><time>2021-10-10T10:43:02Z</time><extensions><gpxtpx:TrackPointExtension><gpxtpx:hr>101</gpxtpx:hr></gpxtpx:TrackPointExtension></extensions></trkpt><trkpt lat="57.998752" lon="38.87146"><ele>121.0</ele><time>2021-10-10T10:43:03Z</time><extensions><gpxtpx:TrackPointExtension><gpxtpx:hr>101</gpxtpx:hr></gpxtpx:TrackPointExtension></extensions></trkpt><trkpt lat="57.998755" lon="38.871445"><ele>121.0</ele><time>2021-10-10T10:43:04Z</time><extensions><gpxtpx:TrackPointExtension><gpxtpx:hr>101</gpxtpx:hr></gpxtpx:TrackPointExtension></extensions></trkpt><trkpt lat="57.998763" lon="38.87143"><ele>121.0</ele><time>2021-10-10T10:43:05Z</time><extensions><gpxtpx:TrackPointExtension><gpxtpx:hr>102</gpxtpx:hr></gpxtpx:TrackPointExtension></extensions></trkpt><trkpt lat="57.99877" lon="38.871413"><ele>121.0</ele><time>2021-10-10T10:43:06Z</time><extensions><gpxtpx:TrackPointExtension><gpxtpx:hr>102</gpxtpx:hr></gpxtpx:TrackPointExtension></extensions></trkpt><trkpt lat="57.998778" lon="38.871402"><ele>121.0</ele><time>2021-10-10T10:43:07Z</time><extensions><gpxtpx:TrackPointExtension><gpxtpx:hr>102</gpxtpx:hr></gpxtpx:TrackPointExtension></extensions></trkpt><trkpt lat="57.998787" lon="38.871383"><ele>121.0</ele><time>2021-10-10T10:43:08Z</time><extensions><gpxtpx:TrackPointExtension><gpxtpx:hr>102</gpxtpx:hr></gpxtpx:TrackPointExtension></extensions></trkpt><trkpt lat="57.998795" lon="38.871365"><ele>121.0</ele><time>2021-10-10T10:43:09Z</time><extensions><gpxtpx:TrackPointExtension><gpxtpx:hr>102</gpxtpx:hr></gpxtpx:TrackPointExtension></extensions></trkpt><trkpt lat="57.998802" lon="38.871345"><ele>121.0</ele><time>2021-10-10T10:43:10Z</time><extensions><gpxtpx:TrackPointExtension><gpxtpx:hr>102</gpxtpx:hr></gpxtpx:TrackPointExtension></extensions></trkpt><trkpt lat="57.998802" lon="38.871322"><ele>121.0</ele><time>2021-10-10T10:43:11Z</time><extensions><gpxtpx:TrackPointExtension><gpxtpx:hr>102</gpxtpx:hr></gpxtpx:TrackPointExtension></extensions></trkpt><trkpt lat="57.998802" lon="38.8713"><ele>121.0</ele><time>2021-10-10T10:43:12Z</time><extensions><gpxtpx:TrackPointExtension><gpxtpx:hr>102</gpxtpx:hr></gpxtpx:TrackPointExtension></extensions></trkpt><trkpt lat="57.998802" lon="38.871277"><ele>121.0</ele><time>2021-10-10T10:43:13Z</time><extensions><gpxtpx:TrackPointExtension><gpxtpx:hr>102</gpxtpx:hr></gpxtpx:TrackPointExtension></extensions></trkpt><trkpt lat="57.998802" lon="38.871253"><ele>121.0</ele><time>2021-10-10T10:43:14Z</time><extensions><gpxtpx:TrackPointExtension><gpxtpx:hr>102</gpxtpx:hr></gpxtpx:TrackPointExtension></extensions></trkpt><trkpt lat="57.9988" lon="38.87123"><ele>121.0</ele><time>2021-10-10T10:43:15Z</time><extensions><gpxtpx:TrackPointExtension><gpxtpx:hr>102</gpxtpx:hr></gpxtpx:TrackPointExtension></extensions></trkpt><trkpt lat="57.9988" lon="38.871203"><ele>121.0</ele><time>2021-10-10T10:43:16Z</time><extensions><gpxtpx:TrackPointExtension><gpxtpx:hr>102</gpxtpx:hr></gpxtpx:TrackPointExtension></extensions></trkpt><trkpt lat="57.998802" lon="38.871173"><ele>121.0</ele><time>2021-10-10T10:43:17Z</time><extensions><gpxtpx:TrackPointExtension><gpxtpx:hr>102</gpxtpx:hr></gpxtpx:TrackPointExtension></extensions></trkpt><trkpt lat="57.998802" lon="38.871142"><ele>121.0</ele><time>2021-10-10T10:43:18Z</time><extensions><gpxtpx:TrackPointExtension><gpxtpx:hr>101</gpxtpx:hr></gpxtpx:TrackPointExtension></extensions></trkpt><trkpt lat="57.998805" lon="38.871117"><ele>121.0</ele><time>2021-10-10T10:43:19Z</time><extensions><gpxtpx:TrackPointExtension><gpxtpx:hr>101</gpxtpx:hr></gpxtpx:TrackPointExtension></extensions></trkpt><trkpt lat="57.998805" lon="38.87109"><ele>121.0</ele><time>2021-10-10T10:43:20Z</time><extensions><gpxtpx:TrackPointExtension><gpxtpx:hr>101</gpxtpx:hr></gpxtpx:TrackPointExtension></extensions></trkpt><trkpt lat="57.998802" lon="38.871067"><ele>121.0</ele><time>2021-10-10T10:43:21Z</time><extensions><gpxtpx:TrackPointExtension><gpxtpx:hr>101</gpxtpx:hr></gpxtpx:TrackPointExtension></extensions></trkpt><trkpt lat="57.9988" lon="38.871043"><ele>121.0</ele><time>2021-10-10T10:43:22Z</time><extensions><gpxtpx:TrackPointExtension><gpxtpx:hr>101</gpxtpx:hr></gpxtpx:TrackPointExtension></extensions></trkpt><trkpt lat="57.998795" lon="38.871025"><ele>121.0</ele><time>2021-10-10T10:43:23Z</time><extensions><gpxtpx:TrackPointExtension><gpxtpx:hr>100</gpxtpx:hr></gpxtpx:TrackPointExtension></extensions></trkpt><trkpt lat="57.998787" lon="38.871008"><ele>121.0</ele><time>2021-10-10T10:43:24Z</time><extensions><gpxtpx:TrackPointExtension><gpxtpx:hr>99</gpxtpx:hr></gpxtpx:TrackPointExtension></extensions></trkpt><trkpt lat="57.998782" lon="38.870995"><ele>121.0</ele><time>2021-10-10T10:43:25Z</time><extensions><gpxtpx:TrackPointExtension><gpxtpx:hr>99</gpxtpx:hr></gpxtpx:TrackPointExtension></extensions></trkpt><trkpt lat="57.998778" lon="38.870975"><ele>121.0</ele><time>2021-10-10T10:43:26Z</time><extensions><gpxtpx:TrackPointExtension><gpxtpx:hr>100</gpxtpx:hr></gpxtpx:TrackPointExtension></extensions></trkpt><trkpt lat="57.998775" lon="38.870963"><ele>121.0</ele><time>2021-10-10T10:43:27Z</time><extensions><gpxtpx:TrackPointExtension><gpxtpx:hr>100</gpxtpx:hr></gpxtpx:TrackPointExtension></extensions></trkpt><trkpt lat="57.99877" lon="38.870952"><ele>121.0</ele><time>2021-10-10T10:43:28Z</time><extensions><gpxtpx:TrackPointExtension><gpxtpx:hr>100</gpxtpx:hr></gpxtpx:TrackPointExtension></extensions></trkpt><trkpt lat="57.99877" lon="38.870938"><ele>121.0</ele><time>2021-10-10T10:43:29Z</time><extensions><gpxtpx:TrackPointExtension><gpxtpx:hr>100</gpxtpx:hr></gpxtpx:TrackPointExtension></extensions></trkpt><trkpt lat="57.99877" lon="38.87093"><ele>121.0</ele><time>2021-10-10T10:43:30Z</time><extensions><gpxtpx:TrackPointExtension><gpxtpx:hr>100</gpxtpx:hr></gpxtpx:TrackPointExtension></extensions></trkpt><trkpt lat="57.998775" lon="38.87092"><ele>121.0</ele><time>2021-10-10T10:43:31Z</time><extensions><gpxtpx:TrackPointExtension><gpxtpx:hr>99</gpxtpx:hr></gpxtpx:TrackPointExtension></extensions></trkpt><trkpt lat="57.998787" lon="38.87089"><ele>121.0</ele><time>2021-10-10T10:43:35Z</time><extensions><gpxtpx:TrackPointExtension><gpxtpx:hr>96</gpxtpx:hr></gpxtpx:TrackPointExtension></extensions></trkpt><trkpt lat="57.99879" lon="38.870887"><ele>121.0</ele><time>2021-10-10T10:43:36Z</time><extensions><gpxtpx:TrackPointExtension><gpxtpx:hr>94</gpxtpx:hr></gpxtpx:TrackPointExtension></extensions></trkpt><trkpt lat="57.998795" lon="38.870875"><ele>121.0</ele><time>2021-10-10T10:43:37Z</time><extensions><gpxtpx:TrackPointExtension><gpxtpx:hr>94</gpxtpx:hr></gpxtpx:TrackPointExtension></extensions></trkpt><trkpt lat="57.998802" lon="38.87086"><ele>121.0</ele><time>2021-10-10T10:43:38Z</time><extensions><gpxtpx:TrackPointExtension><gpxtpx:hr>93</gpxtpx:hr></gpxtpx:TrackPointExtension></extensions></trkpt><trkpt lat="57.998805" lon="38.870845"><ele>121.0</ele><time>2021-10-10T10:43:39Z</time><extensions><gpxtpx:TrackPointExtension><gpxtpx:hr>93</gpxtpx:hr></gpxtpx:TrackPointExtension></extensions></trkpt><trkpt lat="57.998805" lon="38.87083"><ele>121.0</ele><time>2021-10-10T10:43:40Z</time><extensions><gpxtpx:TrackPointExtension><gpxtpx:hr>94</gpxtpx:hr></gpxtpx:TrackPointExtension></extensions></trkpt><trkpt lat="57.998813" lon="38.870803"><ele>121.0</ele><time>2021-10-10T10:43:41Z</time><extensions><gpxtpx:TrackPointExtension><gpxtpx:hr>94</gpxtpx:hr></gpxtpx:TrackPointExtension></extensions></trkpt><trkpt lat="57.99882" lon="38.870783"><ele>121.0</ele><time>2021-10-10T10:43:42Z</time><extensions><gpxtpx:TrackPointExtension><gpxtpx:hr>94</gpxtpx:hr></gpxtpx:TrackPointExtension></extensions></trkpt><trkpt lat="57.998825" lon="38.870777"><ele>121.0</ele><time>2021-10-10T10:43:43Z</time><extensions><gpxtpx:TrackPointExtension><gpxtpx:hr>94</gpxtpx:hr></gpxtpx:TrackPointExtension></extensions></trkpt><trkpt lat="57.998832" lon="38.87077"><ele>121.0</ele><time>2021-10-10T10:43:44Z</time><extensions><gpxtpx:TrackPointExtension><gpxtpx:hr>94</gpxtpx:hr></gpxtpx:TrackPointExtension></extensions></trkpt><trkpt lat="57.99884" lon="38.87076"><ele>121.0</ele><time>2021-10-10T10:43:45Z</time><extensions><gpxtpx:TrackPointExtension><gpxtpx:hr>93</gpxtpx:hr></gpxtpx:TrackPointExtension></extensions></trkpt><trkpt lat="57.998848" lon="38.870742"><ele>121.0</ele><time>2021-10-10T10:43:46Z</time><extensions><gpxtpx:TrackPointExtension><gpxtpx:hr>93</gpxtpx:hr></gpxtpx:TrackPointExtension></extensions></trkpt><trkpt lat="57.998862" lon="38.870723"><ele>121.0</ele><time>2021-10-10T10:43:47Z</time><extensions><gpxtpx:TrackPointExtension><gpxtpx:hr>93</gpxtpx:hr></gpxtpx:TrackPointExtension></extensions></trkpt><trkpt lat="57.998875" lon="38.87071"><ele>121.0</ele><time>2021-10-10T10:43:48Z</time><extensions><gpxtpx:TrackPointExtension><gpxtpx:hr>93</gpxtpx:hr></gpxtpx:TrackPointExtension></extensions></trkpt><trkpt lat="57.998885" lon="38.870692"><ele>121.0</ele><time>2021-10-10T10:43:49Z</time><extensions><gpxtpx:TrackPointExtension><gpxtpx:hr>93</gpxtpx:hr></gpxtpx:TrackPointExtension></extensions></trkpt><trkpt lat="57.99889" lon="38.87067"><ele>121.0</ele><time>2021-10-10T10:43:50Z</time><extensions><gpxtpx:TrackPointExtension><gpxtpx:hr>93</gpxtpx:hr></gpxtpx:TrackPointExtension></extensions></trkpt><trkpt lat="57.998893" lon="38.870647"><ele>121.0</ele><time>2021-10-10T10:43:51Z</time><extensions><gpxtpx:TrackPointExtension><gpxtpx:hr>93</gpxtpx:hr></gpxtpx:TrackPointExtension></extensions></trkpt><trkpt lat="57.998897" lon="38.87062"><ele>121.0</ele><time>2021-10-10T10:43:52Z</time><extensions><gpxtpx:TrackPointExtension><gpxtpx:hr>92</gpxtpx:hr></gpxtpx:TrackPointExtension></extensions></trkpt><trkpt lat="57.9989" lon="38.870597"><ele>121.0</ele><time>2021-10-10T10:43:53Z</time><extensions><gpxtpx:TrackPointExtension><gpxtpx:hr>92</gpxtpx:hr></gpxtpx:TrackPointExtension></extensions></trkpt><trkpt lat="57.998897" lon="38.87057"><ele>121.0</ele><time>2021-10-10T10:43:54Z</time><extensions><gpxtpx:TrackPointExtension><gpxtpx:hr>92</gpxtpx:hr></gpxtpx:TrackPointExtension></extensions></trkpt><trkpt lat="57.99889" lon="38.870558"><ele>121.0</ele><time>2021-10-10T10:43:55Z</time><extensions><gpxtpx:TrackPointExtension><gpxtpx:hr>92</gpxtpx:hr></gpxtpx:TrackPointExtension></extensions></trkpt><trkpt lat="57.99888" lon="38.87055"><ele>121.0</ele><time>2021-10-10T10:43:56Z</time><extensions><gpxtpx:TrackPointExtension><gpxtpx:hr>92</gpxtpx:hr></gpxtpx:TrackPointExtension></extensions></trkpt><trkpt lat="57.998867" lon="38.870543"><ele>121.0</ele><time>2021-10-10T10:43:57Z</time><extensions><gpxtpx:TrackPointExtension><gpxtpx:hr>92</gpxtpx:hr></gpxtpx:TrackPointExtension></extensions></trkpt><trkpt lat="57.998855" lon="38.870543"><ele>121.0</ele><time>2021-10-10T10:43:58Z</time><extensions><gpxtpx:TrackPointExtension><gpxtpx:hr>92</gpxtpx:hr></gpxtpx:TrackPointExtension></extensions></trkpt><trkpt lat="57.99884" lon="38.87053"><ele>121.0</ele><time>2021-10-10T10:43:59Z</time><extensions><gpxtpx:TrackPointExtension><gpxtpx:hr>92</gpxtpx:hr></gpxtpx:TrackPointExtension></extensions></trkpt><trkpt lat="57.998832" lon="38.870517"><ele>121.0</ele><time>2021-10-10T10:44:00Z</time><extensions><gpxtpx:TrackPointExtension><gpxtpx:hr>91</gpxtpx:hr></gpxtpx:TrackPointExtension></extensions></trkpt><trkpt lat="57.998825" lon="38.870502"><ele>121.0</ele><time>2021-10-10T10:44:01Z</time><extensions><gpxtpx:TrackPointExtension><gpxtpx:hr>91</gpxtpx:hr></gpxtpx:TrackPointExtension></extensions></trkpt><trkpt lat="57.998817" lon="38.870487"><ele>121.0</ele><time>2021-10-10T10:44:02Z</time><extensions><gpxtpx:TrackPointExtension><gpxtpx:hr>91</gpxtpx:hr></gpxtpx:TrackPointExtension></extensions></trkpt><trkpt lat="57.998813" lon="38.870472"><ele>121.0</ele><time>2021-10-10T10:44:03Z</time><extensions><gpxtpx:TrackPointExtension><gpxtpx:hr>91</gpxtpx:hr></gpxtpx:TrackPointExtension></extensions></trkpt><trkpt lat="57.99881" lon="38.87046"><ele>121.0</ele><time>2021-10-10T10:44:04Z</time><extensions><gpxtpx:TrackPointExtension><gpxtpx:hr>90</gpxtpx:hr></gpxtpx:TrackPointExtension></extensions></trkpt><trkpt lat="57.99881" lon="38.870445"><ele>121.0</ele><time>2021-10-10T10:44:05Z</time><extensions><gpxtpx:TrackPointExtension><gpxtpx:hr>90</gpxtpx:hr></gpxtpx:TrackPointExtension></extensions></trkpt><trkpt lat="57.99881" lon="38.870425"><ele>121.0</ele><time>2021-10-10T10:44:06Z</time><extensions><gpxtpx:TrackPointExtension><gpxtpx:hr>90</gpxtpx:hr></gpxtpx:TrackPointExtension></extensions></trkpt><trkpt lat="57.998805" lon="38.87041"><ele>121.0</ele><time>2021-10-10T10:44:07Z</time><extensions><gpxtpx:TrackPointExtension><gpxtpx:hr>90</gpxtpx:hr></gpxtpx:TrackPointExtension></extensions></trkpt><trkpt lat="57.998805" lon="38.870395"><ele>121.0</ele><time>2021-10-10T10:44:08Z</time><extensions><gpxtpx:TrackPointExtension><gpxtpx:hr>90</gpxtpx:hr></gpxtpx:TrackPointExtension></extensions></trkpt><trkpt lat="57.99881" lon="38.87038"><ele>121.0</ele><time>2021-10-10T10:44:09Z</time><extensions><gpxtpx:TrackPointExtension><gpxtpx:hr>90</gpxtpx:hr></gpxtpx:TrackPointExtension></extensions></trkpt><trkpt lat="57.998813" lon="38.870365"><ele>121.0</ele><time>2021-10-10T10:44:10Z</time><extensions><gpxtpx:TrackPointExtension><gpxtpx:hr>90</gpxtpx:hr></gpxtpx:TrackPointExtension></extensions></trkpt><trkpt lat="57.99882" lon="38.870353"><ele>121.0</ele><time>2021-10-10T10:44:11Z</time><extensions><gpxtpx:TrackPointExtension><gpxtpx:hr>88</gpxtpx:hr></gpxtpx:TrackPointExtension></extensions></trkpt><trkpt lat="57.99883" lon="38.870333"><ele>121.0</ele><time>2021-10-10T10:44:12Z</time><extensions><gpxtpx:TrackPointExtension><gpxtpx:hr>88</gpxtpx:hr></gpxtpx:TrackPointExtension></extensions></trkpt><trkpt lat="57.998837" lon="38.870315"><ele>121.0</ele><time>2021-10-10T10:44:13Z</time><extensions><gpxtpx:TrackPointExtension><gpxtpx:hr>88</gpxtpx:hr></gpxtpx:TrackPointExtension></extensions></trkpt><trkpt lat="57.998843" lon="38.870292"><ele>121.0</ele><time>2021-10-10T10:44:14Z</time><extensions><gpxtpx:TrackPointExtension><gpxtpx:hr>88</gpxtpx:hr></gpxtpx:TrackPointExtension></extensions></trkpt><trkpt lat="57.998848" lon="38.87027"><ele>121.0</ele><time>2021-10-10T10:44:15Z</time><extensions><gpxtpx:TrackPointExtension><gpxtpx:hr>88</gpxtpx:hr></gpxtpx:TrackPointExtension></extensions></trkpt><trkpt lat="57.998862" lon="38.87024"><ele>121.0</ele><time>2021-10-10T10:44:16Z</time><extensions><gpxtpx:TrackPointExtension><gpxtpx:hr>88</gpxtpx:hr></gpxtpx:TrackPointExtension></extensions></trkpt><trkpt lat="57.998875" lon="38.870205"><ele>121.0</ele><time>2021-10-10T10:44:17Z</time><extensions><gpxtpx:TrackPointExtension><gpxtpx:hr>88</gpxtpx:hr></gpxtpx:TrackPointExtension></extensions></trkpt><trkpt lat="57.998885" lon="38.870178"><ele>121.0</ele><time>2021-10-10T10:44:18Z</time><extensions><gpxtpx:TrackPointExtension><gpxtpx:hr>88</gpxtpx:hr></gpxtpx:TrackPointExtension></extensions></trkpt><trkpt lat="57.998893" lon="38.870155"><ele>121.0</ele><time>2021-10-10T10:44:19Z</time><extensions><gpxtpx:TrackPointExtension><gpxtpx:hr>88</gpxtpx:hr></gpxtpx:TrackPointExtension></extensions></trkpt><trkpt lat="57.9989" lon="38.870132"><ele>121.0</ele><time>2021-10-10T10:44:20Z</time><extensions><gpxtpx:TrackPointExtension><gpxtpx:hr>88</gpxtpx:hr></gpxtpx:TrackPointExtension></extensions></trkpt><trkpt lat="57.99891" lon="38.87012"><ele>121.0</ele><time>2021-10-10T10:44:21Z</time><extensions><gpxtpx:TrackPointExtension><gpxtpx:hr>88</gpxtpx:hr></gpxtpx:TrackPointExtension></extensions></trkpt><trkpt lat="57.998955" lon="38.870067"><ele>121.0</ele><time>2021-10-10T10:44:23Z</time><extensions><gpxtpx:TrackPointExtension><gpxtpx:hr>88</gpxtpx:hr></gpxtpx:TrackPointExtension></extensions></trkpt><trkpt lat="57.99896" lon="38.870067"><ele>121.0</ele><time>2021-10-10T10:44:24Z</time><extensions><gpxtpx:TrackPointExtension><gpxtpx:hr>88</gpxtpx:hr></gpxtpx:TrackPointExtension></extensions></trkpt><trkpt lat="57.99896" lon="38.87007"><ele>121.0</ele><time>2021-10-10T10:44:25Z</time><extensions><gpxtpx:TrackPointExtension><gpxtpx:hr>88</gpxtpx:hr></gpxtpx:TrackPointExtension></extensions></trkpt><trkpt lat="57.99897" lon="38.87008"><ele>121.0</ele><time>2021-10-10T10:44:26Z</time><extensions><gpxtpx:TrackPointExtension><gpxtpx:hr>88</gpxtpx:hr></gpxtpx:TrackPointExtension></extensions></trkpt><trkpt lat="57.998985" lon="38.87009"><ele>121.0</ele><time>2021-10-10T10:44:27Z</time><extensions><gpxtpx:TrackPointExtension><gpxtpx:hr>88</gpxtpx:hr></gpxtpx:TrackPointExtension></extensions></trkpt><trkpt lat="57.998992" lon="38.870108"><ele>121.0</ele><time>2021-10-10T10:44:28Z</time><extensions><gpxtpx:TrackPointExtension><gpxtpx:hr>88</gpxtpx:hr></gpxtpx:TrackPointExtension></extensions></trkpt><trkpt lat="57.999003" lon="38.87013"><ele>121.0</ele><time>2021-10-10T10:44:29Z</time><extensions><gpxtpx:TrackPointExtension><gpxtpx:hr>88</gpxtpx:hr></gpxtpx:TrackPointExtension></extensions></trkpt><trkpt lat="57.99901" lon="38.870147"><ele>121.0</ele><time>2021-10-10T10:44:30Z</time><extensions><gpxtpx:TrackPointExtension><gpxtpx:hr>88</gpxtpx:hr></gpxtpx:TrackPointExtension></extensions></trkpt><trkpt lat="57.99902" lon="38.87017"><ele>121.0</ele><time>2021-10-10T10:44:31Z</time><extensions><gpxtpx:TrackPointExtension><gpxtpx:hr>88</gpxtpx:hr></gpxtpx:TrackPointExtension></extensions></trkpt><trkpt lat="57.999027" lon="38.87019"><ele>121.0</ele><time>2021-10-10T10:44:32Z</time><extensions><gpxtpx:TrackPointExtension><gpxtpx:hr>88</gpxtpx:hr></gpxtpx:TrackPointExtension></extensions></trkpt><trkpt lat="57.99903" lon="38.870212"><ele>121.0</ele><time>2021-10-10T10:44:33Z</time><extensions><gpxtpx:TrackPointExtension><gpxtpx:hr>88</gpxtpx:hr></gpxtpx:TrackPointExtension></extensions></trkpt><trkpt lat="57.99904" lon="38.87024"><ele>121.0</ele><time>2021-10-10T10:44:34Z</time><extensions><gpxtpx:TrackPointExtension><gpxtpx:hr>88</gpxtpx:hr></gpxtpx:TrackPointExtension></extensions></trkpt><trkpt lat="57.999042" lon="38.87026"><ele>121.0</ele><time>2021-10-10T10:44:35Z</time><extensions><gpxtpx:TrackPointExtension><gpxtpx:hr>88</gpxtpx:hr></gpxtpx:TrackPointExtension></extensions></trkpt><trkpt lat="57.99905" lon="38.870277"><ele>121.0</ele><time>2021-10-10T10:44:36Z</time><extensions><gpxtpx:TrackPointExtension><gpxtpx:hr>88</gpxtpx:hr></gpxtpx:TrackPointExtension></extensions></trkpt><trkpt lat="57.999057" lon="38.87029"><ele>121.0</ele><time>2021-10-10T10:44:37Z</time><extensions><gpxtpx:TrackPointExtension><gpxtpx:hr>88</gpxtpx:hr></gpxtpx:TrackPointExtension></extensions></trkpt><trkpt lat="57.99906" lon="38.870292"><ele>121.0</ele><time>2021-10-10T10:44:38Z</time><extensions><gpxtpx:TrackPointExtension><gpxtpx:hr>88</gpxtpx:hr></gpxtpx:TrackPointExtension></extensions></trkpt><trkpt lat="57.99907" lon="38.870292"><ele>121.0</ele><time>2021-10-10T10:44:39Z</time><extensions><gpxtpx:TrackPointExtension><gpxtpx:hr>86</gpxtpx:hr></gpxtpx:TrackPointExtension></extensions></trkpt><trkpt lat="57.999072" lon="38.870285"><ele>121.0</ele><time>2021-10-10T10:44:40Z</time><extensions><gpxtpx:TrackPointExtension><gpxtpx:hr>86</gpxtpx:hr></gpxtpx:TrackPointExtension></extensions></trkpt><trkpt lat="57.999077" lon="38.870277"><ele>121.0</ele><time>2021-10-10T10:44:41Z</time><extensions><gpxtpx:TrackPointExtension><gpxtpx:hr>86</gpxtpx:hr></gpxtpx:TrackPointExtension></extensions></trkpt><trkpt lat="57.99908" lon="38.870265"><ele>121.0</ele><time>2021-10-10T10:44:42Z</time><extensions><gpxtpx:TrackPointExtension><gpxtpx:hr>86</gpxtpx:hr></gpxtpx:TrackPointExtension></extensions></trkpt><trkpt lat="57.999083" lon="38.87025"><ele>121.0</ele><time>2021-10-10T10:44:43Z</time><extensions><gpxtpx:TrackPointExtension><gpxtpx:hr>86</gpxtpx:hr></gpxtpx:TrackPointExtension></extensions></trkpt><trkpt lat="57.999083" lon="38.87023"><ele>121.0</ele><time>2021-10-10T10:44:44Z</time><extensions><gpxtpx:TrackPointExtension><gpxtpx:hr>86</gpxtpx:hr></gpxtpx:TrackPointExtension></extensions></trkpt><trkpt lat="57.99909" lon="38.87022"><ele>121.0</ele><time>2021-10-10T10:44:45Z</time><extensions><gpxtpx:TrackPointExtension><gpxtpx:hr>86</gpxtpx:hr></gpxtpx:TrackPointExtension></extensions></trkpt><trkpt lat="57.999095" lon="38.870212"><ele>121.0</ele><time>2021-10-10T10:44:46Z</time><extensions><gpxtpx:TrackPointExtension><gpxtpx:hr>85</gpxtpx:hr></gpxtpx:TrackPointExtension></extensions></trkpt><trkpt lat="57.999103" lon="38.8702"><ele>121.0</ele><time>2021-10-10T10:44:47Z</time><extensions><gpxtpx:TrackPointExtension><gpxtpx:hr>85</gpxtpx:hr></gpxtpx:TrackPointExtension></extensions></trkpt><trkpt lat="57.999115" lon="38.870197"><ele>121.0</ele><time>2021-10-10T10:44:48Z</time><extensions><gpxtpx:TrackPointExtension><gpxtpx:hr>85</gpxtpx:hr></gpxtpx:TrackPointExtension></extensions></trkpt><trkpt lat="57.999133" lon="38.870192"><ele>121.0</ele><time>2021-10-10T10:44:49Z</time><extensions><gpxtpx:TrackPointExtension><gpxtpx:hr>85</gpxtpx:hr></gpxtpx:TrackPointExtension></extensions></trkpt><trkpt lat="57.999145" lon="38.870182"><ele>121.0</ele><time>2021-10-10T10:44:50Z</time><extensions><gpxtpx:TrackPointExtension><gpxtpx:hr>85</gpxtpx:hr></gpxtpx:TrackPointExtension></extensions></trkpt><trkpt lat="57.999157" lon="38.870162"><ele>121.0</ele><time>2021-10-10T10:44:51Z</time><extensions><gpxtpx:TrackPointExtension><gpxtpx:hr>85</gpxtpx:hr></gpxtpx:TrackPointExtension></extensions></trkpt><trkpt lat="57.99917" lon="38.87014"><ele>121.0</ele><time>2021-10-10T10:44:52Z</time><extensions><gpxtpx:TrackPointExtension><gpxtpx:hr>85</gpxtpx:hr></gpxtpx:TrackPointExtension></extensions></trkpt><trkpt lat="57.999175" lon="38.870112"><ele>121.0</ele><time>2021-10-10T10:44:53Z</time><extensions><gpxtpx:TrackPointExtension><gpxtpx:hr>85</gpxtpx:hr></gpxtpx:TrackPointExtension></extensions></trkpt><trkpt lat="57.999187" lon="38.870082"><ele>121.0</ele><time>2021-10-10T10:44:54Z</time><extensions><gpxtpx:TrackPointExtension><gpxtpx:hr>85</gpxtpx:hr></gpxtpx:TrackPointExtension></extensions></trkpt><trkpt lat="57.999195" lon="38.87006"><ele>121.0</ele><time>2021-10-10T10:44:55Z</time><extensions><gpxtpx:TrackPointExtension><gpxtpx:hr>85</gpxtpx:hr></gpxtpx:TrackPointExtension></extensions></trkpt><trkpt lat="57.999202" lon="38.87003"><ele>121.0</ele><time>2021-10-10T10:44:56Z</time><extensions><gpxtpx:TrackPointExtension><gpxtpx:hr>85</gpxtpx:hr></gpxtpx:TrackPointExtension></extensions></trkpt><trkpt lat="57.999207" lon="38.87"><ele>121.0</ele><time>2021-10-10T10:44:57Z</time><extensions><gpxtpx:TrackPointExtension><gpxtpx:hr>85</gpxtpx:hr></gpxtpx:TrackPointExtension></extensions></trkpt><trkpt lat="57.99921" lon="38.86997"><ele>121.0</ele><time>2021-10-10T10:44:58Z</time><extensions><gpxtpx:TrackPointExtension><gpxtpx:hr>85</gpxtpx:hr></gpxtpx:TrackPointExtension></extensions></trkpt><trkpt lat="57.99921" lon="38.869937"><ele>121.0</ele><time>2021-10-10T10:44:59Z</time><extensions><gpxtpx:TrackPointExtension><gpxtpx:hr>85</gpxtpx:hr></gpxtpx:TrackPointExtension></extensions></trkpt><trkpt lat="57.999207" lon="38.86991"><ele>121.0</ele><time>2021-10-10T10:45:00Z</time><extensions><gpxtpx:TrackPointExtension><gpxtpx:hr>85</gpxtpx:hr></gpxtpx:TrackPointExtension></extensions></trkpt><trkpt lat="57.999207" lon="38.86988"><ele>121.0</ele><time>2021-10-10T10:45:01Z</time><extensions><gpxtpx:TrackPointExtension><gpxtpx:hr>85</gpxtpx:hr></gpxtpx:TrackPointExtension></extensions></trkpt><trkpt lat="57.999202" lon="38.869853"><ele>121.0</ele><time>2021-10-10T10:45:02Z</time><extensions><gpxtpx:TrackPointExtension><gpxtpx:hr>85</gpxtpx:hr></gpxtpx:TrackPointExtension></extensions></trkpt><trkpt lat="57.999202" lon="38.869822"><ele>121.0</ele><time>2021-10-10T10:45:03Z</time><extensions><gpxtpx:TrackPointExtension><gpxtpx:hr>85</gpxtpx:hr></gpxtpx:TrackPointExtension></extensions></trkpt><trkpt lat="57.99921" lon="38.869792"><ele>121.0</ele><time>2021-10-10T10:45:04Z</time><extensions><gpxtpx:TrackPointExtension><gpxtpx:hr>85</gpxtpx:hr></gpxtpx:TrackPointExtension></extensions></trkpt><trkpt lat="57.999213" lon="38.869762"><ele>121.0</ele><time>2021-10-10T10:45:05Z</time><extensions><gpxtpx:TrackPointExtension><gpxtpx:hr>85</gpxtpx:hr></gpxtpx:TrackPointExtension></extensions></trkpt><trkpt lat="57.99922" lon="38.869728"><ele>121.0</ele><time>2021-10-10T10:45:06Z</time><extensions><gpxtpx:TrackPointExtension><gpxtpx:hr>85</gpxtpx:hr></gpxtpx:TrackPointExtension></extensions></trkpt><trkpt lat="57.999228" lon="38.869705"><ele>121.0</ele><time>2021-10-10T10:45:07Z</time><extensions><gpxtpx:TrackPointExtension><gpxtpx:hr>85</gpxtpx:hr></gpxtpx:TrackPointExtension></extensions></trkpt><trkpt lat="57.999237" lon="38.86968"><ele>121.0</ele><time>2021-10-10T10:45:08Z</time><extensions><gpxtpx:TrackPointExtension><gpxtpx:hr>85</gpxtpx:hr></gpxtpx:TrackPointExtension></extensions></trkpt><trkpt lat="57.99924" lon="38.86965"><ele>121.0</ele><time>2021-10-10T10:45:09Z</time><extensions><gpxtpx:TrackPointExtension><gpxtpx:hr>85</gpxtpx:hr></gpxtpx:TrackPointExtension></extensions></trkpt><trkpt lat="57.99925" lon="38.86962"><ele>121.0</ele><time>2021-10-10T10:45:10Z</time><extensions><gpxtpx:TrackPointExtension><gpxtpx:hr>86</gpxtpx:hr></gpxtpx:TrackPointExtension></extensions></trkpt><trkpt lat="57.99925" lon="38.86959"><ele>121.0</ele><time>2021-10-10T10:45:11Z</time><extensions><gpxtpx:TrackPointExtension><gpxtpx:hr>86</gpxtpx:hr></gpxtpx:TrackPointExtension></extensions></trkpt><trkpt lat="57.999245" lon="38.86956"><ele>121.0</ele><time>2021-10-10T10:45:12Z</time><extensions><gpxtpx:TrackPointExtension><gpxtpx:hr>90</gpxtpx:hr></gpxtpx:TrackPointExtension></extensions></trkpt><trkpt lat="57.99924" lon="38.869537"><ele>121.0</ele><time>2021-10-10T10:45:13Z</time><extensions><gpxtpx:TrackPointExtension><gpxtpx:hr>90</gpxtpx:hr></gpxtpx:TrackPointExtension></extensions></trkpt><trkpt lat="57.999232" lon="38.869513"><ele>121.0</ele><time>2021-10-10T10:45:14Z</time><extensions><gpxtpx:TrackPointExtension><gpxtpx:hr>90</gpxtpx:hr></gpxtpx:TrackPointExtension></extensions></trkpt><trkpt lat="57.999228" lon="38.8695"><ele>121.0</ele><time>2021-10-10T10:45:15Z</time><extensions><gpxtpx:TrackPointExtension><gpxtpx:hr>91</gpxtpx:hr></gpxtpx:TrackPointExtension></extensions></trkpt><trkpt lat="57.999225" lon="38.869483"><ele>121.0</ele><time>2021-10-10T10:45:16Z</time><extensions><gpxtpx:TrackPointExtension><gpxtpx:hr>92</gpxtpx:hr></gpxtpx:TrackPointExtension></extensions></trkpt><trkpt lat="57.999225" lon="38.869475"><ele>121.0</ele><time>2021-10-10T10:45:17Z</time><extensions><gpxtpx:TrackPointExtension><gpxtpx:hr>93</gpxtpx:hr></gpxtpx:TrackPointExtension></extensions></trkpt><trkpt lat="57.999237" lon="38.86946"><ele>121.0</ele><time>2021-10-10T10:45:19Z</time><extensions><gpxtpx:TrackPointExtension><gpxtpx:hr>94</gpxtpx:hr></gpxtpx:TrackPointExtension></extensions></trkpt><trkpt lat="57.99924" lon="38.86946"><ele>121.0</ele><time>2021-10-10T10:45:20Z</time><extensions><gpxtpx:TrackPointExtension><gpxtpx:hr>95</gpxtpx:hr></gpxtpx:TrackPointExtension></extensions></trkpt><trkpt lat="57.999245" lon="38.869457"><ele>121.0</ele><time>2021-10-10T10:45:21Z</time><extensions><gpxtpx:TrackPointExtension><gpxtpx:hr>97</gpxtpx:hr></gpxtpx:TrackPointExtension></extensions></trkpt><trkpt lat="57.999252" lon="38.869457"><ele>121.0</ele><time>2021-10-10T10:45:22Z</time><extensions><gpxtpx:TrackPointExtension><gpxtpx:hr>91</gpxtpx:hr></gpxtpx:TrackPointExtension></extensions></trkpt><trkpt lat="57.999255" lon="38.86945"><ele>121.0</ele><time>2021-10-10T10:45:23Z</time><extensions><gpxtpx:TrackPointExtension><gpxtpx:hr>95</gpxtpx:hr></gpxtpx:TrackPointExtension></extensions></trkpt><trkpt lat="57.999255" lon="38.869445"><ele>121.0</ele><time>2021-10-10T10:45:24Z</time><extensions><gpxtpx:TrackPointExtension><gpxtpx:hr>92</gpxtpx:hr></gpxtpx:TrackPointExtension></extensions></trkpt><trkpt lat="57.99926" lon="38.869433"><ele>121.0</ele><time>2021-10-10T10:45:25Z</time><extensions><gpxtpx:TrackPointExtension><gpxtpx:hr>92</gpxtpx:hr></gpxtpx:TrackPointExtension></extensions></trkpt><trkpt lat="57.99926" lon="38.869422"><ele>121.0</ele><time>2021-10-10T10:45:26Z</time><extensions><gpxtpx:TrackPointExtension><gpxtpx:hr>90</gpxtpx:hr></gpxtpx:TrackPointExtension></extensions></trkpt><trkpt lat="57.99926" lon="38.86941"><ele>121.0</ele><time>2021-10-10T10:45:27Z</time><extensions><gpxtpx:TrackPointExtension><gpxtpx:hr>86</gpxtpx:hr></gpxtpx:TrackPointExtension></extensions></trkpt><trkpt lat="57.999263" lon="38.869385"><ele>121.0</ele><time>2021-10-10T10:45:32Z</time><extensions><gpxtpx:TrackPointExtension><gpxtpx:hr>83</gpxtpx:hr></gpxtpx:TrackPointExtension></extensions></trkpt><trkpt lat="57.999263" lon="38.86938"><ele>121.0</ele><time>2021-10-10T10:45:33Z</time><extensions><gpxtpx:TrackPointExtension><gpxtpx:hr>83</gpxtpx:hr></gpxtpx:TrackPointExtension></extensions></trkpt><trkpt lat="57.99926" lon="38.869372"><ele>121.0</ele><time>2021-10-10T10:45:34Z</time><extensions><gpxtpx:TrackPointExtension><gpxtpx:hr>83</gpxtpx:hr></gpxtpx:TrackPointExtension></extensions></trkpt><trkpt lat="57.99926" lon="38.869365"><ele>121.0</ele><time>2021-10-10T10:45:35Z</time><extensions><gpxtpx:TrackPointExtension><gpxtpx:hr>83</gpxtpx:hr></gpxtpx:TrackPointExtension></extensions></trkpt><trkpt lat="57.999263" lon="38.86934"><ele>121.0</ele><time>2021-10-10T10:45:36Z</time><extensions><gpxtpx:TrackPointExtension><gpxtpx:hr>82</gpxtpx:hr></gpxtpx:TrackPointExtension></extensions></trkpt><trkpt lat="57.99927" lon="38.869315"><ele>121.0</ele><time>2021-10-10T10:45:37Z</time><extensions><gpxtpx:TrackPointExtension><gpxtpx:hr>82</gpxtpx:hr></gpxtpx:TrackPointExtension></extensions></trkpt><trkpt lat="57.99927" lon="38.86929"><ele>121.0</ele><time>2021-10-10T10:45:38Z</time><extensions><gpxtpx:TrackPointExtension><gpxtpx:hr>81</gpxtpx:hr></gpxtpx:TrackPointExtension></extensions></trkpt><trkpt lat="57.99927" lon="38.869267"><ele>121.0</ele><time>2021-10-10T10:45:38Z</time><extensions><gpxtpx:TrackPointExtension><gpxtpx:hr>81</gpxtpx:hr></gpxtpx:TrackPointExtension></extensions></trkpt><trkpt lat="57.999275" lon="38.869247"><ele>121.0</ele><time>2021-10-10T10:45:39Z</time><extensions><gpxtpx:TrackPointExtension><gpxtpx:hr>81</gpxtpx:hr></gpxtpx:TrackPointExtension></extensions></trkpt><trkpt lat="57.999275" lon="38.86923"><ele>121.0</ele><time>2021-10-10T10:45:40Z</time><extensions><gpxtpx:TrackPointExtension><gpxtpx:hr>81</gpxtpx:hr></gpxtpx:TrackPointExtension></extensions></trkpt><trkpt lat="57.999282" lon="38.86921"><ele>121.0</ele><time>2021-10-10T10:45:41Z</time><extensions><gpxtpx:TrackPointExtension><gpxtpx:hr>81</gpxtpx:hr></gpxtpx:TrackPointExtension></extensions></trkpt><trkpt lat="57.999287" lon="38.86919"><ele>121.0</ele><time>2021-10-10T10:45:42Z</time><extensions><gpxtpx:TrackPointExtension><gpxtpx:hr>81</gpxtpx:hr></gpxtpx:TrackPointExtension></extensions></trkpt><trkpt lat="57.99929" lon="38.869175"><ele>121.0</ele><time>2021-10-10T10:45:43Z</time><extensions><gpxtpx:TrackPointExtension><gpxtpx:hr>81</gpxtpx:hr></gpxtpx:TrackPointExtension></extensions></trkpt><trkpt lat="57.999298" lon="38.869152"><ele>121.0</ele><time>2021-10-10T10:45:44Z</time><extensions><gpxtpx:TrackPointExtension><gpxtpx:hr>82</gpxtpx:hr></gpxtpx:TrackPointExtension></extensions></trkpt><trkpt lat="57.999302" lon="38.869132"><ele>121.0</ele><time>2021-10-10T10:45:45Z</time><extensions><gpxtpx:TrackPointExtension><gpxtpx:hr>82</gpxtpx:hr></gpxtpx:TrackPointExtension></extensions></trkpt><trkpt lat="57.99931" lon="38.869113"><ele>121.0</ele><time>2021-10-10T10:45:46Z</time><extensions><gpxtpx:TrackPointExtension><gpxtpx:hr>83</gpxtpx:hr></gpxtpx:TrackPointExtension></extensions></trkpt><trkpt lat="57.999312" lon="38.86909"><ele>121.0</ele><time>2021-10-10T10:45:47Z</time><extensions><gpxtpx:TrackPointExtension><gpxtpx:hr>84</gpxtpx:hr></gpxtpx:TrackPointExtension></extensions></trkpt><trkpt lat="57.999312" lon="38.869075"><ele>121.0</ele><time>2021-10-10T10:45:48Z</time><extensions><gpxtpx:TrackPointExtension><gpxtpx:hr>84</gpxtpx:hr></gpxtpx:TrackPointExtension></extensions></trkpt><trkpt lat="57.999317" lon="38.869057"><ele>121.0</ele><time>2021-10-10T10:45:49Z</time><extensions><gpxtpx:TrackPointExtension><gpxtpx:hr>83</gpxtpx:hr></gpxtpx:TrackPointExtension></extensions></trkpt><trkpt lat="57.999317" lon="38.869038"><ele>121.0</ele><time>2021-10-10T10:45:50Z</time><extensions><gpxtpx:TrackPointExtension><gpxtpx:hr>84</gpxtpx:hr></gpxtpx:TrackPointExtension></extensions></trkpt><trkpt lat="57.99932" lon="38.86902"><ele>121.0</ele><time>2021-10-10T10:45:51Z</time><extensions><gpxtpx:TrackPointExtension><gpxtpx:hr>84</gpxtpx:hr></gpxtpx:TrackPointExtension></extensions></trkpt><trkpt lat="57.99932" lon="38.868995"><ele>121.0</ele><time>2021-10-10T10:45:52Z</time><extensions><gpxtpx:TrackPointExtension><gpxtpx:hr>84</gpxtpx:hr></gpxtpx:TrackPointExtension></extensions></trkpt><trkpt lat="57.999317" lon="38.868968"><ele>121.0</ele><time>2021-10-10T10:45:53Z</time><extensions><gpxtpx:TrackPointExtension><gpxtpx:hr>84</gpxtpx:hr></gpxtpx:TrackPointExtension></extensions></trkpt><trkpt lat="57.99932" lon="38.868945"><ele>121.0</ele><time>2021-10-10T10:45:54Z</time><extensions><gpxtpx:TrackPointExtension><gpxtpx:hr>84</gpxtpx:hr></gpxtpx:TrackPointExtension></extensions></trkpt><trkpt lat="57.99932" lon="38.868922"><ele>121.0</ele><time>2021-10-10T10:45:55Z</time><extensions><gpxtpx:TrackPointExtension><gpxtpx:hr>84</gpxtpx:hr></gpxtpx:TrackPointExtension></extensions></trkpt><trkpt lat="57.99932" lon="38.868898"><ele>121.0</ele><time>2021-10-10T10:45:56Z</time><extensions><gpxtpx:TrackPointExtension><gpxtpx:hr>84</gpxtpx:hr></gpxtpx:TrackPointExtension></extensions></trkpt><trkpt lat="57.99932" lon="38.868877"><ele>121.0</ele><time>2021-10-10T10:45:57Z</time><extensions><gpxtpx:TrackPointExtension><gpxtpx:hr>84</gpxtpx:hr></gpxtpx:TrackPointExtension></extensions></trkpt><trkpt lat="57.999325" lon="38.868855"><ele>121.0</ele><time>2021-10-10T10:45:58Z</time><extensions><gpxtpx:TrackPointExtension><gpxtpx:hr>84</gpxtpx:hr></gpxtpx:TrackPointExtension></extensions></trkpt><trkpt lat="57.999325" lon="38.86883"><ele>121.0</ele><time>2021-10-10T10:45:59Z</time><extensions><gpxtpx:TrackPointExtension><gpxtpx:hr>84</gpxtpx:hr></gpxtpx:TrackPointExtension></extensions></trkpt><trkpt lat="57.99933" lon="38.868812"><ele>121.0</ele><time>2021-10-10T10:46:00Z</time><extensions><gpxtpx:TrackPointExtension><gpxtpx:hr>84</gpxtpx:hr></gpxtpx:TrackPointExtension></extensions></trkpt><trkpt lat="57.999332" lon="38.86879"><ele>121.0</ele><time>2021-10-10T10:46:01Z</time><extensions><gpxtpx:TrackPointExtension><gpxtpx:hr>84</gpxtpx:hr></gpxtpx:TrackPointExtension></extensions></trkpt><trkpt lat="57.999332" lon="38.86877"><ele>121.0</ele><time>2021-10-10T10:46:02Z</time><extensions><gpxtpx:TrackPointExtension><gpxtpx:hr>83</gpxtpx:hr></gpxtpx:TrackPointExtension></extensions></trkpt><trkpt lat="57.999332" lon="38.868747"><ele>121.0</ele><time>2021-10-10T10:46:03Z</time><extensions><gpxtpx:TrackPointExtension><gpxtpx:hr>83</gpxtpx:hr></gpxtpx:TrackPointExtension></extensions></trkpt><trkpt lat="57.999332" lon="38.86873"><ele>121.0</ele><time>2021-10-10T10:46:04Z</time><extensions><gpxtpx:TrackPointExtension><gpxtpx:hr>84</gpxtpx:hr></gpxtpx:TrackPointExtension></extensions></trkpt><trkpt lat="57.999332" lon="38.86871"><ele>121.0</ele><time>2021-10-10T10:46:05Z</time><extensions><gpxtpx:TrackPointExtension><gpxtpx:hr>84</gpxtpx:hr></gpxtpx:TrackPointExtension></extensions></trkpt><trkpt lat="57.999332" lon="38.868687"><ele>121.0</ele><time>2021-10-10T10:46:06Z</time><extensions><gpxtpx:TrackPointExtension><gpxtpx:hr>84</gpxtpx:hr></gpxtpx:TrackPointExtension></extensions></trkpt><trkpt lat="57.999335" lon="38.868663"><ele>121.0</ele><time>2021-10-10T10:46:07Z</time><extensions><gpxtpx:TrackPointExtension><gpxtpx:hr>84</gpxtpx:hr></gpxtpx:TrackPointExtension></extensions></trkpt><trkpt lat="57.999335" lon="38.86863"><ele>121.0</ele><time>2021-10-10T10:46:08Z</time><extensions><gpxtpx:TrackPointExtension><gpxtpx:hr>84</gpxtpx:hr></gpxtpx:TrackPointExtension></extensions></trkpt><trkpt lat="57.99934" lon="38.868587"><ele>121.0</ele><time>2021-10-10T10:46:09Z</time><extensions><gpxtpx:TrackPointExtension><gpxtpx:hr>84</gpxtpx:hr></gpxtpx:TrackPointExtension></extensions></trkpt><trkpt lat="57.999343" lon="38.86855"><ele>121.0</ele><time>2021-10-10T10:46:10Z</time><extensions><gpxtpx:TrackPointExtension><gpxtpx:hr>83</gpxtpx:hr></gpxtpx:TrackPointExtension></extensions></trkpt><trkpt lat="57.999343" lon="38.86851"><ele>121.0</ele><time>2021-10-10T10:46:11Z</time><extensions><gpxtpx:TrackPointExtension><gpxtpx:hr>83</gpxtpx:hr></gpxtpx:TrackPointExtension></extensions></trkpt><trkpt lat="57.99934" lon="38.868472"><ele>121.0</ele><time>2021-10-10T10:46:12Z</time><extensions><gpxtpx:TrackPointExtension><gpxtpx:hr>82</gpxtpx:hr></gpxtpx:TrackPointExtension></extensions></trkpt><trkpt lat="57.999335" lon="38.868422"><ele>121.0</ele><time>2021-10-10T10:46:13Z</time><extensions><gpxtpx:TrackPointExtension><gpxtpx:hr>82</gpxtpx:hr></gpxtpx:TrackPointExtension></extensions></trkpt><trkpt lat="57.999335" lon="38.868373"><ele>121.0</ele><time>2021-10-10T10:46:14Z</time><extensions><gpxtpx:TrackPointExtension><gpxtpx:hr>83</gpxtpx:hr></gpxtpx:TrackPointExtension></extensions></trkpt><trkpt lat="57.99934" lon="38.868323"><ele>121.0</ele><time>2021-10-10T10:46:15Z</time><extensions><gpxtpx:TrackPointExtension><gpxtpx:hr>83</gpxtpx:hr></gpxtpx:TrackPointExtension></extensions></trkpt><trkpt lat="57.999343" lon="38.86827"><ele>121.0</ele><time>2021-10-10T10:46:16Z</time><extensions><gpxtpx:TrackPointExtension><gpxtpx:hr>82</gpxtpx:hr></gpxtpx:TrackPointExtension></extensions></trkpt><trkpt lat="57.999347" lon="38.868217"><ele>121.0</ele><time>2021-10-10T10:46:17Z</time><extensions><gpxtpx:TrackPointExtension><gpxtpx:hr>82</gpxtpx:hr></gpxtpx:TrackPointExtension></extensions></trkpt><trkpt lat="57.99935" lon="38.868167"><ele>121.0</ele><time>2021-10-10T10:46:18Z</time><extensions><gpxtpx:TrackPointExtension><gpxtpx:hr>82</gpxtpx:hr></gpxtpx:TrackPointExtension></extensions></trkpt><trkpt lat="57.99936" lon="38.868122"><ele>121.0</ele><time>2021-10-10T10:46:19Z</time><extensions><gpxtpx:TrackPointExtension><gpxtpx:hr>84</gpxtpx:hr></gpxtpx:TrackPointExtension></extensions></trkpt><trkpt lat="57.999367" lon="38.86808"><ele>121.0</ele><time>2021-10-10T10:46:20Z</time><extensions><gpxtpx:TrackPointExtension><gpxtpx:hr>84</gpxtpx:hr></gpxtpx:TrackPointExtension></extensions></trkpt><trkpt lat="57.99937" lon="38.86804"><ele>121.0</ele><time>2021-10-10T10:46:21Z</time><extensions><gpxtpx:TrackPointExtension><gpxtpx:hr>84</gpxtpx:hr></gpxtpx:TrackPointExtension></extensions></trkpt><trkpt lat="57.999373" lon="38.867995"><ele>121.0</ele><time>2021-10-10T10:46:22Z</time><extensions><gpxtpx:TrackPointExtension><gpxtpx:hr>85</gpxtpx:hr></gpxtpx:TrackPointExtension></extensions></trkpt><trkpt lat="57.99938" lon="38.867957"><ele>121.0</ele><time>2021-10-10T10:46:23Z</time><extensions><gpxtpx:TrackPointExtension><gpxtpx:hr>85</gpxtpx:hr></gpxtpx:TrackPointExtension></extensions></trkpt><trkpt lat="57.99938" lon="38.867915"><ele>121.0</ele><time>2021-10-10T10:46:24Z</time><extensions><gpxtpx:TrackPointExtension><gpxtpx:hr>85</gpxtpx:hr></gpxtpx:TrackPointExtension></extensions></trkpt><trkpt lat="57.99938" lon="38.867877"><ele>121.0</ele><time>2021-10-10T10:46:25Z</time><extensions><gpxtpx:TrackPointExtension><gpxtpx:hr>84</gpxtpx:hr></gpxtpx:TrackPointExtension></extensions></trkpt><trkpt lat="57.999373" lon="38.86784"><ele>121.0</ele><time>2021-10-10T10:46:26Z</time><extensions><gpxtpx:TrackPointExtension><gpxtpx:hr>84</gpxtpx:hr></gpxtpx:TrackPointExtension></extensions></trkpt><trkpt lat="57.999367" lon="38.867793"><ele>121.0</ele><time>2021-10-10T10:46:27Z</time><extensions><gpxtpx:TrackPointExtension><gpxtpx:hr>85</gpxtpx:hr></gpxtpx:TrackPointExtension></extensions></trkpt><trkpt lat="57.999355" lon="38.867758"><ele>121.0</ele><time>2021-10-10T10:46:28Z</time><extensions><gpxtpx:TrackPointExtension><gpxtpx:hr>85</gpxtpx:hr></gpxtpx:TrackPointExtension></extensions></trkpt><trkpt lat="57.99934" lon="38.86773"><ele>121.0</ele><time>2021-10-10T10:46:29Z</time><extensions><gpxtpx:TrackPointExtension><gpxtpx:hr>86</gpxtpx:hr></gpxtpx:TrackPointExtension></extensions></trkpt><trkpt lat="57.999325" lon="38.867702"><ele>121.0</ele><time>2021-10-10T10:46:30Z</time><extensions><gpxtpx:TrackPointExtension><gpxtpx:hr>86</gpxtpx:hr></gpxtpx:TrackPointExtension></extensions></trkpt><trkpt lat="57.99931" lon="38.867672"><ele>121.0</ele><time>2021-10-10T10:46:31Z</time><extensions><gpxtpx:TrackPointExtension><gpxtpx:hr>86</gpxtpx:hr></gpxtpx:TrackPointExtension></extensions></trkpt><trkpt lat="57.999293" lon="38.86764"><ele>121.0</ele><time>2021-10-10T10:46:32Z</time><extensions><gpxtpx:TrackPointExtension><gpxtpx:hr>86</gpxtpx:hr></gpxtpx:TrackPointExtension></extensions></trkpt><trkpt lat="57.999275" lon="38.86761"><ele>121.0</ele><time>2021-10-10T10:46:33Z</time><extensions><gpxtpx:TrackPointExtension><gpxtpx:hr>85</gpxtpx:hr></gpxtpx:TrackPointExtension></extensions></trkpt><trkpt lat="57.99926" lon="38.86758"><ele>121.0</ele><time>2021-10-10T10:46:34Z</time><extensions><gpxtpx:TrackPointExtension><gpxtpx:hr>84</gpxtpx:hr></gpxtpx:TrackPointExtension></extensions></trkpt><trkpt lat="57.999245" lon="38.867545"><ele>121.0</ele><time>2021-10-10T10:46:35Z</time><extensions><gpxtpx:TrackPointExtension><gpxtpx:hr>83</gpxtpx:hr></gpxtpx:TrackPointExtension></extensions></trkpt><trkpt lat="57.999232" lon="38.86752"><ele>121.0</ele><time>2021-10-10T10:46:36Z</time><extensions><gpxtpx:TrackPointExtension><gpxtpx:hr>83</gpxtpx:hr></gpxtpx:TrackPointExtension></extensions></trkpt><trkpt lat="57.999213" lon="38.86749"><ele>121.0</ele><time>2021-10-10T10:46:37Z</time><extensions><gpxtpx:TrackPointExtension><gpxtpx:hr>82</gpxtpx:hr></gpxtpx:TrackPointExtension></extensions></trkpt><trkpt lat="57.9992" lon="38.867462"><ele>121.0</ele><time>2021-10-10T10:46:38Z</time><extensions><gpxtpx:TrackPointExtension><gpxtpx:hr>82</gpxtpx:hr></gpxtpx:TrackPointExtension></extensions></trkpt><trkpt lat="57.999175" lon="38.867427"><ele>121.0</ele><time>2021-10-10T10:46:39Z</time><extensions><gpxtpx:TrackPointExtension><gpxtpx:hr>83</gpxtpx:hr></gpxtpx:TrackPointExtension></extensions></trkpt><trkpt lat="57.999152" lon="38.867392"><ele>121.0</ele><time>2021-10-10T10:46:40Z</time><extensions><gpxtpx:TrackPointExtension><gpxtpx:hr>83</gpxtpx:hr></gpxtpx:TrackPointExtension></extensions></trkpt><trkpt lat="57.99913" lon="38.86736"><ele>121.0</ele><time>2021-10-10T10:46:41Z</time><extensions><gpxtpx:TrackPointExtension><gpxtpx:hr>84</gpxtpx:hr></gpxtpx:TrackPointExtension></extensions></trkpt><trkpt lat="57.99911" lon="38.86733"><ele>121.0</ele><time>2021-10-10T10:46:42Z</time><extensions><gpxtpx:TrackPointExtension><gpxtpx:hr>84</gpxtpx:hr></gpxtpx:TrackPointExtension></extensions></trkpt><trkpt lat="57.999092" lon="38.867302"><ele>121.0</ele><time>2021-10-10T10:46:43Z</time><extensions><gpxtpx:TrackPointExtension><gpxtpx:hr>84</gpxtpx:hr></gpxtpx:TrackPointExtension></extensions></trkpt><trkpt lat="57.99907" lon="38.86728"><ele>121.0</ele><time>2021-10-10T10:46:44Z</time><extensions><gpxtpx:TrackPointExtension><gpxtpx:hr>83</gpxtpx:hr></gpxtpx:TrackPointExtension></extensions></trkpt><trkpt lat="57.999045" lon="38.867252"><ele>121.0</ele><time>2021-10-10T10:46:45Z</time><extensions><gpxtpx:TrackPointExtension><gpxtpx:hr>81</gpxtpx:hr></gpxtpx:TrackPointExtension></extensions></trkpt><trkpt lat="57.999022" lon="38.86723"><ele>121.0</ele><time>2021-10-10T10:46:46Z</time><extensions><gpxtpx:TrackPointExtension><gpxtpx:hr>80</gpxtpx:hr></gpxtpx:TrackPointExtension></extensions></trkpt><trkpt lat="57.999003" lon="38.867207"><ele>121.0</ele><time>2021-10-10T10:46:47Z</time><extensions><gpxtpx:TrackPointExtension><gpxtpx:hr>78</gpxtpx:hr></gpxtpx:TrackPointExtension></extensions></trkpt><trkpt lat="57.99898" lon="38.867183"><ele>121.0</ele><time>2021-10-10T10:46:48Z</time><extensions><gpxtpx:TrackPointExtension><gpxtpx:hr>78</gpxtpx:hr></gpxtpx:TrackPointExtension></extensions></trkpt><trkpt lat="57.998962" lon="38.86716"><ele>121.0</ele><time>2021-10-10T10:46:49Z</time><extensions><gpxtpx:TrackPointExtension><gpxtpx:hr>77</gpxtpx:hr></gpxtpx:TrackPointExtension></extensions></trkpt><trkpt lat="57.998942" lon="38.867137"><ele>121.0</ele><time>2021-10-10T10:46:50Z</time><extensions><gpxtpx:TrackPointExtension><gpxtpx:hr>77</gpxtpx:hr></gpxtpx:TrackPointExtension></extensions></trkpt><trkpt lat="57.998927" lon="38.867115"><ele>121.0</ele><time>2021-10-10T10:46:51Z</time><extensions><gpxtpx:TrackPointExtension><gpxtpx:hr>77</gpxtpx:hr></gpxtpx:TrackPointExtension></extensions></trkpt><trkpt lat="57.99891" lon="38.867092"><ele>121.0</ele><time>2021-10-10T10:46:52Z</time><extensions><gpxtpx:TrackPointExtension><gpxtpx:hr>77</gpxtpx:hr></gpxtpx:TrackPointExtension></extensions></trkpt><trkpt lat="57.998893" lon="38.867072"><ele>121.0</ele><time>2021-10-10T10:46:53Z</time><extensions><gpxtpx:TrackPointExtension><gpxtpx:hr>76</gpxtpx:hr></gpxtpx:TrackPointExtension></extensions></trkpt><trkpt lat="57.998875" lon="38.867053"><ele>121.0</ele><time>2021-10-10T10:46:54Z</time><extensions><gpxtpx:TrackPointExtension><gpxtpx:hr>76</gpxtpx:hr></gpxtpx:TrackPointExtension></extensions></trkpt><trkpt lat="57.99886" lon="38.867022"><ele>121.0</ele><time>2021-10-10T10:46:55Z</time><extensions><gpxtpx:TrackPointExtension><gpxtpx:hr>75</gpxtpx:hr></gpxtpx:TrackPointExtension></extensions></trkpt><trkpt lat="57.998843" lon="38.866992"><ele>121.0</ele><time>2021-10-10T10:46:56Z</time><extensions><gpxtpx:TrackPointExtension><gpxtpx:hr>75</gpxtpx:hr></gpxtpx:TrackPointExtension></extensions></trkpt><trkpt lat="57.998825" lon="38.866962"><ele>121.0</ele><time>2021-10-10T10:46:57Z</time><extensions><gpxtpx:TrackPointExtension><gpxtpx:hr>75</gpxtpx:hr></gpxtpx:TrackPointExtension></extensions></trkpt><trkpt lat="57.99881" lon="38.86694"><ele>121.0</ele><time>2021-10-10T10:46:58Z</time><extensions><gpxtpx:TrackPointExtension><gpxtpx:hr>75</gpxtpx:hr></gpxtpx:TrackPointExtension></extensions></trkpt><trkpt lat="57.99879" lon="38.866912"><ele>121.0</ele><time>2021-10-10T10:46:59Z</time><extensions><gpxtpx:TrackPointExtension><gpxtpx:hr>75</gpxtpx:hr></gpxtpx:TrackPointExtension></extensions></trkpt><trkpt lat="57.99877" lon="38.86689"><ele>121.0</ele><time>2021-10-10T10:47:00Z</time><extensions><gpxtpx:TrackPointExtension><gpxtpx:hr>75</gpxtpx:hr></gpxtpx:TrackPointExtension></extensions></trkpt><trkpt lat="57.998755" lon="38.866867"><ele>121.0</ele><time>2021-10-10T10:47:01Z</time><extensions><gpxtpx:TrackPointExtension><gpxtpx:hr>75</gpxtpx:hr></gpxtpx:TrackPointExtension></extensions></trkpt><trkpt lat="57.99874" lon="38.866843"><ele>121.0</ele><time>2021-10-10T10:47:02Z</time><extensions><gpxtpx:TrackPointExtension><gpxtpx:hr>74</gpxtpx:hr></gpxtpx:TrackPointExtension></extensions></trkpt><trkpt lat="57.998725" lon="38.866817"><ele>121.0</ele><time>2021-10-10T10:47:03Z</time><extensions><gpxtpx:TrackPointExtension><gpxtpx:hr>74</gpxtpx:hr></gpxtpx:TrackPointExtension></extensions></trkpt><trkpt lat="57.998707" lon="38.86679"><ele>121.0</ele><time>2021-10-10T10:47:04Z</time><extensions><gpxtpx:TrackPointExtension><gpxtpx:hr>73</gpxtpx:hr></gpxtpx:TrackPointExtension></extensions></trkpt><trkpt lat="57.99869" lon="38.866763"><ele>121.0</ele><time>2021-10-10T10:47:05Z</time><extensions><gpxtpx:TrackPointExtension><gpxtpx:hr>73</gpxtpx:hr></gpxtpx:TrackPointExtension></extensions></trkpt><trkpt lat="57.998672" lon="38.866737"><ele>121.0</ele><time>2021-10-10T10:47:06Z</time><extensions><gpxtpx:TrackPointExtension><gpxtpx:hr>73</gpxtpx:hr></gpxtpx:TrackPointExtension></extensions></trkpt><trkpt lat="57.998657" lon="38.86672"><ele>121.0</ele><time>2021-10-10T10:47:07Z</time><extensions><gpxtpx:TrackPointExtension><gpxtpx:hr>73</gpxtpx:hr></gpxtpx:TrackPointExtension></extensions></trkpt><trkpt lat="57.998642" lon="38.8667"><ele>121.0</ele><time>2021-10-10T10:47:08Z</time><extensions><gpxtpx:TrackPointExtension><gpxtpx:hr>72</gpxtpx:hr></gpxtpx:TrackPointExtension></extensions></trkpt><trkpt lat="57.998627" lon="38.866675"><ele>121.0</ele><time>2021-10-10T10:47:09Z</time><extensions><gpxtpx:TrackPointExtension><gpxtpx:hr>72</gpxtpx:hr></gpxtpx:TrackPointExtension></extensions></trkpt><trkpt lat="57.998607" lon="38.866652"><ele>121.0</ele><time>2021-10-10T10:47:10Z</time><extensions><gpxtpx:TrackPointExtension><gpxtpx:hr>73</gpxtpx:hr></gpxtpx:TrackPointExtension></extensions></trkpt><trkpt lat="57.998592" lon="38.866633"><ele>121.0</ele><time>2021-10-10T10:47:11Z</time><extensions><gpxtpx:TrackPointExtension><gpxtpx:hr>73</gpxtpx:hr></gpxtpx:TrackPointExtension></extensions></trkpt><trkpt lat="57.998572" lon="38.86661"><ele>121.0</ele><time>2021-10-10T10:47:12Z</time><extensions><gpxtpx:TrackPointExtension><gpxtpx:hr>73</gpxtpx:hr></gpxtpx:TrackPointExtension></extensions></trkpt><trkpt lat="57.99856" lon="38.866592"><ele>121.0</ele><time>2021-10-10T10:47:13Z</time><extensions><gpxtpx:TrackPointExtension><gpxtpx:hr>74</gpxtpx:hr></gpxtpx:TrackPointExtension></extensions></trkpt><trkpt lat="57.998547" lon="38.866572"><ele>121.0</ele><time>2021-10-10T10:47:14Z</time><extensions><gpxtpx:TrackPointExtension><gpxtpx:hr>74</gpxtpx:hr></gpxtpx:TrackPointExtension></extensions></trkpt><trkpt lat="57.99853" lon="38.866553"><ele>121.0</ele><time>2021-10-10T10:47:15Z</time><extensions><gpxtpx:TrackPointExtension><gpxtpx:hr>75</gpxtpx:hr></gpxtpx:TrackPointExtension></extensions></trkpt><trkpt lat="57.998512" lon="38.866535"><ele>121.0</ele><time>2021-10-10T10:47:16Z</time><extensions><gpxtpx:TrackPointExtension><gpxtpx:hr>76</gpxtpx:hr></gpxtpx:TrackPointExtension></extensions></trkpt><trkpt lat="57.998497" lon="38.866512"><ele>121.0</ele><time>2021-10-10T10:47:17Z</time><extensions><gpxtpx:TrackPointExtension><gpxtpx:hr>76</gpxtpx:hr></gpxtpx:TrackPointExtension></extensions></trkpt><trkpt lat="57.998477" lon="38.86649"><ele>121.0</ele><time>2021-10-10T10:47:18Z</time><extensions><gpxtpx:TrackPointExtension><gpxtpx:hr>78</gpxtpx:hr></gpxtpx:TrackPointExtension></extensions></trkpt><trkpt lat="57.99846" lon="38.86647"><ele>121.0</ele><time>2021-10-10T10:47:19Z</time><extensions><gpxtpx:TrackPointExtension><gpxtpx:hr>78</gpxtpx:hr></gpxtpx:TrackPointExtension></extensions></trkpt><trkpt lat="57.998443" lon="38.866447"><ele>121.0</ele><time>2021-10-10T10:47:20Z</time><extensions><gpxtpx:TrackPointExtension><gpxtpx:hr>81</gpxtpx:hr></gpxtpx:TrackPointExtension></extensions></trkpt><trkpt lat="57.998432" lon="38.86643"><ele>121.0</ele><time>2021-10-10T10:47:21Z</time><extensions><gpxtpx:TrackPointExtension><gpxtpx:hr>81</gpxtpx:hr></gpxtpx:TrackPointExtension></extensions></trkpt><trkpt lat="57.998412" lon="38.866412"><ele>121.0</ele><time>2021-10-10T10:47:22Z</time><extensions><gpxtpx:TrackPointExtension><gpxtpx:hr>81</gpxtpx:hr></gpxtpx:TrackPointExtension></extensions></trkpt><trkpt lat="57.998393" lon="38.866393"><ele>121.0</ele><time>2021-10-10T10:47:23Z</time><extensions><gpxtpx:TrackPointExtension><gpxtpx:hr>81</gpxtpx:hr></gpxtpx:TrackPointExtension></extensions></trkpt><trkpt lat="57.99838" lon="38.86638"><ele>121.0</ele><time>2021-10-10T10:47:24Z</time><extensions><gpxtpx:TrackPointExtension><gpxtpx:hr>81</gpxtpx:hr></gpxtpx:TrackPointExtension></extensions></trkpt><trkpt lat="57.998362" lon="38.866367"><ele>121.0</ele><time>2021-10-10T10:47:25Z</time><extensions><gpxtpx:TrackPointExtension><gpxtpx:hr>81</gpxtpx:hr></gpxtpx:TrackPointExtension></extensions></trkpt><trkpt lat="57.99835" lon="38.866352"><ele>121.0</ele><time>2021-10-10T10:47:26Z</time><extensions><gpxtpx:TrackPointExtension><gpxtpx:hr>82</gpxtpx:hr></gpxtpx:TrackPointExtension></extensions></trkpt><trkpt lat="57.99834" lon="38.86634"><ele>121.0</ele><time>2021-10-10T10:47:27Z</time><extensions><gpxtpx:TrackPointExtension><gpxtpx:hr>83</gpxtpx:hr></gpxtpx:TrackPointExtension></extensions></trkpt><trkpt lat="57.998332" lon="38.86633"><ele>121.0</ele><time>2021-10-10T10:47:28Z</time><extensions><gpxtpx:TrackPointExtension><gpxtpx:hr>83</gpxtpx:hr></gpxtpx:TrackPointExtension></extensions></trkpt><trkpt lat="57.998332" lon="38.866317"><ele>121.0</ele><time>2021-10-10T10:47:29Z</time><extensions><gpxtpx:TrackPointExtension><gpxtpx:hr>84</gpxtpx:hr></gpxtpx:TrackPointExtension></extensions></trkpt><trkpt lat="57.998332" lon="38.86631"><ele>121.0</ele><time>2021-10-10T10:47:30Z</time><extensions><gpxtpx:TrackPointExtension><gpxtpx:hr>84</gpxtpx:hr></gpxtpx:TrackPointExtension></extensions></trkpt><trkpt lat="57.998332" lon="38.866302"><ele>121.0</ele><time>2021-10-10T10:47:31Z</time><extensions><gpxtpx:TrackPointExtension><gpxtpx:hr>78</gpxtpx:hr></gpxtpx:TrackPointExtension></extensions></trkpt><trkpt lat="57.99833" lon="38.86629"><ele>121.0</ele><time>2021-10-10T10:47:32Z</time><extensions><gpxtpx:TrackPointExtension><gpxtpx:hr>77</gpxtpx:hr></gpxtpx:TrackPointExtension></extensions></trkpt><trkpt lat="57.998325" lon="38.86628"><ele>121.0</ele><time>2021-10-10T10:47:33Z</time><extensions><gpxtpx:TrackPointExtension><gpxtpx:hr>75</gpxtpx:hr></gpxtpx:TrackPointExtension></extensions></trkpt><trkpt lat="57.99832" lon="38.86627"><ele>121.0</ele><time>2021-10-10T10:47:34Z</time><extensions><gpxtpx:TrackPointExtension><gpxtpx:hr>75</gpxtpx:hr></gpxtpx:TrackPointExtension></extensions></trkpt><trkpt lat="57.998317" lon="38.866257"><ele>121.0</ele><time>2021-10-10T10:47:35Z</time><extensions><gpxtpx:TrackPointExtension><gpxtpx:hr>74</gpxtpx:hr></gpxtpx:TrackPointExtension></extensions></trkpt><trkpt lat="57.998313" lon="38.866245"><ele>121.0</ele><time>2021-10-10T10:47:36Z</time><extensions><gpxtpx:TrackPointExtension><gpxtpx:hr>74</gpxtpx:hr></gpxtpx:TrackPointExtension></extensions></trkpt><trkpt lat="57.998313" lon="38.86623"><ele>121.0</ele><time>2021-10-10T10:47:37Z</time><extensions><gpxtpx:TrackPointExtension><gpxtpx:hr>74</gpxtpx:hr></gpxtpx:TrackPointExtension></extensions></trkpt><trkpt lat="57.998313" lon="38.866215"><ele>121.0</ele><time>2021-10-10T10:47:38Z</time><extensions><gpxtpx:TrackPointExtension><gpxtpx:hr>74</gpxtpx:hr></gpxtpx:TrackPointExtension></extensions></trkpt><trkpt lat="57.998317" lon="38.8662"><ele>121.0</ele><time>2021-10-10T10:47:39Z</time><extensions><gpxtpx:TrackPointExtension><gpxtpx:hr>75</gpxtpx:hr></gpxtpx:TrackPointExtension></extensions></trkpt><trkpt lat="57.99832" lon="38.866187"><ele>121.0</ele><time>2021-10-10T10:47:40Z</time><extensions><gpxtpx:TrackPointExtension><gpxtpx:hr>75</gpxtpx:hr></gpxtpx:TrackPointExtension></extensions></trkpt><trkpt lat="57.998325" lon="38.866172"><ele>121.0</ele><time>2021-10-10T10:47:41Z</time><extensions><gpxtpx:TrackPointExtension><gpxtpx:hr>75</gpxtpx:hr></gpxtpx:TrackPointExtension></extensions></trkpt><trkpt lat="57.99833" lon="38.866157"><ele>121.0</ele><time>2021-10-10T10:47:42Z</time><extensions><gpxtpx:TrackPointExtension><gpxtpx:hr>75</gpxtpx:hr></gpxtpx:TrackPointExtension></extensions></trkpt><trkpt lat="57.99833" lon="38.866142"><ele>121.0</ele><time>2021-10-10T10:47:43Z</time><extensions><gpxtpx:TrackPointExtension><gpxtpx:hr>75</gpxtpx:hr></gpxtpx:TrackPointExtension></extensions></trkpt><trkpt lat="57.99833" lon="38.866127"><ele>121.0</ele><time>2021-10-10T10:47:44Z</time><extensions><gpxtpx:TrackPointExtension><gpxtpx:hr>75</gpxtpx:hr></gpxtpx:TrackPointExtension></extensions></trkpt><trkpt lat="57.998325" lon="38.86611"><ele>121.0</ele><time>2021-10-10T10:47:45Z</time><extensions><gpxtpx:TrackPointExtension><gpxtpx:hr>75</gpxtpx:hr></gpxtpx:TrackPointExtension></extensions></trkpt><trkpt lat="57.99832" lon="38.8661"><ele>121.0</ele><time>2021-10-10T10:47:46Z</time><extensions><gpxtpx:TrackPointExtension><gpxtpx:hr>75</gpxtpx:hr></gpxtpx:TrackPointExtension></extensions></trkpt><trkpt lat="57.998317" lon="38.866083"><ele>121.0</ele><time>2021-10-10T10:47:47Z</time><extensions><gpxtpx:TrackPointExtension><gpxtpx:hr>75</gpxtpx:hr></gpxtpx:TrackPointExtension></extensions></trkpt><trkpt lat="57.998313" lon="38.866073"><ele>121.0</ele><time>2021-10-10T10:47:48Z</time><extensions><gpxtpx:TrackPointExtension><gpxtpx:hr>75</gpxtpx:hr></gpxtpx:TrackPointExtension></extensions></trkpt><trkpt lat="57.998313" lon="38.866062"><ele>121.0</ele><time>2021-10-10T10:47:49Z</time><extensions><gpxtpx:TrackPointExtension><gpxtpx:hr>75</gpxtpx:hr></gpxtpx:TrackPointExtension></extensions></trkpt><trkpt lat="57.998313" lon="38.86605"><ele>121.0</ele><time>2021-10-10T10:47:50Z</time><extensions><gpxtpx:TrackPointExtension><gpxtpx:hr>75</gpxtpx:hr></gpxtpx:TrackPointExtension></extensions></trkpt><trkpt lat="57.99831" lon="38.86604"><ele>121.0</ele><time>2021-10-10T10:47:51Z</time><extensions><gpxtpx:TrackPointExtension><gpxtpx:hr>74</gpxtpx:hr></gpxtpx:TrackPointExtension></extensions></trkpt><trkpt lat="57.998305" lon="38.866023"><ele>121.0</ele><time>2021-10-10T10:47:52Z</time><extensions><gpxtpx:TrackPointExtension><gpxtpx:hr>74</gpxtpx:hr></gpxtpx:TrackPointExtension></extensions></trkpt><trkpt lat="57.998305" lon="38.86601"><ele>121.0</ele><time>2021-10-10T10:47:53Z</time><extensions><gpxtpx:TrackPointExtension><gpxtpx:hr>74</gpxtpx:hr></gpxtpx:TrackPointExtension></extensions></trkpt><trkpt lat="57.998302" lon="38.865992"><ele>121.0</ele><time>2021-10-10T10:47:54Z</time><extensions><gpxtpx:TrackPointExtension><gpxtpx:hr>75</gpxtpx:hr></gpxtpx:TrackPointExtension></extensions></trkpt><trkpt lat="57.998302" lon="38.86598"><ele>121.0</ele><time>2021-10-10T10:47:55Z</time><extensions><gpxtpx:TrackPointExtension><gpxtpx:hr>75</gpxtpx:hr></gpxtpx:TrackPointExtension></extensions></trkpt><trkpt lat="57.998302" lon="38.865962"><ele>121.0</ele><time>2021-10-10T10:47:56Z</time><extensions><gpxtpx:TrackPointExtension><gpxtpx:hr>77</gpxtpx:hr></gpxtpx:TrackPointExtension></extensions></trkpt><trkpt lat="57.998302" lon="38.865955"><ele>121.0</ele><time>2021-10-10T10:47:57Z</time><extensions><gpxtpx:TrackPointExtension><gpxtpx:hr>80</gpxtpx:hr></gpxtpx:TrackPointExtension></extensions></trkpt><trkpt lat="57.998305" lon="38.86595"><ele>121.0</ele><time>2021-10-10T10:47:58Z</time><extensions><gpxtpx:TrackPointExtension><gpxtpx:hr>82</gpxtpx:hr></gpxtpx:TrackPointExtension></extensions></trkpt><trkpt lat="57.998305" lon="38.865943"><ele>121.0</ele><time>2021-10-10T10:47:59Z</time><extensions><gpxtpx:TrackPointExtension><gpxtpx:hr>83</gpxtpx:hr></gpxtpx:TrackPointExtension></extensions></trkpt><trkpt lat="57.99831" lon="38.86594"><ele>121.0</ele><time>2021-10-10T10:48:00Z</time><extensions><gpxtpx:TrackPointExtension><gpxtpx:hr>83</gpxtpx:hr></gpxtpx:TrackPointExtension></extensions></trkpt><trkpt lat="57.99831" lon="38.865932"><ele>121.0</ele><time>2021-10-10T10:48:01Z</time><extensions><gpxtpx:TrackPointExtension><gpxtpx:hr>85</gpxtpx:hr></gpxtpx:TrackPointExtension></extensions></trkpt><trkpt lat="57.998313" lon="38.865925"><ele>121.0</ele><time>2021-10-10T10:48:02Z</time><extensions><gpxtpx:TrackPointExtension><gpxtpx:hr>85</gpxtpx:hr></gpxtpx:TrackPointExtension></extensions></trkpt><trkpt lat="57.998313" lon="38.86591"><ele>121.0</ele><time>2021-10-10T10:48:03Z</time><extensions><gpxtpx:TrackPointExtension><gpxtpx:hr>85</gpxtpx:hr></gpxtpx:TrackPointExtension></extensions></trkpt><trkpt lat="57.998313" lon="38.86589"><ele>121.0</ele><time>2021-10-10T10:48:04Z</time><extensions><gpxtpx:TrackPointExtension><gpxtpx:hr>85</gpxtpx:hr></gpxtpx:TrackPointExtension></extensions></trkpt><trkpt lat="57.998313" lon="38.865875"><ele>121.0</ele><time>2021-10-10T10:48:05Z</time><extensions><gpxtpx:TrackPointExtension><gpxtpx:hr>85</gpxtpx:hr></gpxtpx:TrackPointExtension></extensions></trkpt><trkpt lat="57.998317" lon="38.865855"><ele>121.0</ele><time>2021-10-10T10:48:06Z</time><extensions><gpxtpx:TrackPointExtension><gpxtpx:hr>85</gpxtpx:hr></gpxtpx:TrackPointExtension></extensions></trkpt><trkpt lat="57.99832" lon="38.865837"><ele>121.0</ele><time>2021-10-10T10:48:07Z</time><extensions><gpxtpx:TrackPointExtension><gpxtpx:hr>85</gpxtpx:hr></gpxtpx:TrackPointExtension></extensions></trkpt><trkpt lat="57.99832" lon="38.86582"><ele>121.0</ele><time>2021-10-10T10:48:08Z</time><extensions><gpxtpx:TrackPointExtension><gpxtpx:hr>86</gpxtpx:hr></gpxtpx:TrackPointExtension></extensions></trkpt><trkpt lat="57.998325" lon="38.865802"><ele>121.0</ele><time>2021-10-10T10:48:09Z</time><extensions><gpxtpx:TrackPointExtension><gpxtpx:hr>86</gpxtpx:hr></gpxtpx:TrackPointExtension></extensions></trkpt><trkpt lat="57.99833" lon="38.865783"><ele>121.0</ele><time>2021-10-10T10:48:10Z</time><extensions><gpxtpx:TrackPointExtension><gpxtpx:hr>80</gpxtpx:hr></gpxtpx:TrackPointExtension></extensions></trkpt><trkpt lat="57.998332" lon="38.865765"><ele>121.0</ele><time>2021-10-10T10:48:11Z</time><extensions><gpxtpx:TrackPointExtension><gpxtpx:hr>80</gpxtpx:hr></gpxtpx:TrackPointExtension></extensions></trkpt><trkpt lat="57.998337" lon="38.86574"><ele>121.0</ele><time>2021-10-10T10:48:12Z</time><extensions><gpxtpx:TrackPointExtension><gpxtpx:hr>80</gpxtpx:hr></gpxtpx:TrackPointExtension></extensions></trkpt><trkpt lat="57.998337" lon="38.865722"><ele>121.0</ele><time>2021-10-10T10:48:13Z</time><extensions><gpxtpx:TrackPointExtension><gpxtpx:hr>82</gpxtpx:hr></gpxtpx:TrackPointExtension></extensions></trkpt><trkpt lat="57.998337" lon="38.865703"><ele>121.0</ele><time>2021-10-10T10:48:14Z</time><extensions><gpxtpx:TrackPointExtension><gpxtpx:hr>78</gpxtpx:hr></gpxtpx:TrackPointExtension></extensions></trkpt><trkpt lat="57.998337" lon="38.865692"><ele>121.0</ele><time>2021-10-10T10:48:15Z</time><extensions><gpxtpx:TrackPointExtension><gpxtpx:hr>78</gpxtpx:hr></gpxtpx:TrackPointExtension></extensions></trkpt><trkpt lat="57.99834" lon="38.86568"><ele>121.0</ele><time>2021-10-10T10:48:16Z</time><extensions><gpxtpx:TrackPointExtension><gpxtpx:hr>78</gpxtpx:hr></gpxtpx:TrackPointExtension></extensions></trkpt><trkpt lat="57.99834" lon="38.86567"><ele>121.0</ele><time>2021-10-10T10:48:17Z</time><extensions><gpxtpx:TrackPointExtension><gpxtpx:hr>78</gpxtpx:hr></gpxtpx:TrackPointExtension></extensions></trkpt><trkpt lat="57.998343" lon="38.86566"><ele>121.0</ele><time>2021-10-10T10:48:18Z</time><extensions><gpxtpx:TrackPointExtension><gpxtpx:hr>78</gpxtpx:hr></gpxtpx:TrackPointExtension></extensions></trkpt><trkpt lat="57.99835" lon="38.865653"><ele>121.0</ele><time>2021-10-10T10:48:19Z</time><extensions><gpxtpx:TrackPointExtension><gpxtpx:hr>78</gpxtpx:hr></gpxtpx:TrackPointExtension></extensions></trkpt><trkpt lat="57.998352" lon="38.865642"><ele>121.0</ele><time>2021-10-10T10:48:20Z</time><extensions><gpxtpx:TrackPointExtension><gpxtpx:hr>78</gpxtpx:hr></gpxtpx:TrackPointExtension></extensions></trkpt><trkpt lat="57.99836" lon="38.86563"><ele>121.0</ele><time>2021-10-10T10:48:21Z</time><extensions><gpxtpx:TrackPointExtension><gpxtpx:hr>78</gpxtpx:hr></gpxtpx:TrackPointExtension></extensions></trkpt><trkpt lat="57.998362" lon="38.86562"><ele>121.0</ele><time>2021-10-10T10:48:22Z</time><extensions><gpxtpx:TrackPointExtension><gpxtpx:hr>78</gpxtpx:hr></gpxtpx:TrackPointExtension></extensions></trkpt><trkpt lat="57.99837" lon="38.86561"><ele>121.0</ele><time>2021-10-10T10:48:23Z</time><extensions><gpxtpx:TrackPointExtension><gpxtpx:hr>78</gpxtpx:hr></gpxtpx:TrackPointExtension></extensions></trkpt><trkpt lat="57.998375" lon="38.865592"><ele>121.0</ele><time>2021-10-10T10:48:24Z</time><extensions><gpxtpx:TrackPointExtension><gpxtpx:hr>78</gpxtpx:hr></gpxtpx:TrackPointExtension></extensions></trkpt><trkpt lat="57.998382" lon="38.865577"><ele>121.0</ele><time>2021-10-10T10:48:25Z</time><extensions><gpxtpx:TrackPointExtension><gpxtpx:hr>78</gpxtpx:hr></gpxtpx:TrackPointExtension></extensions></trkpt><trkpt lat="57.998385" lon="38.865562"><ele>121.0</ele><time>2021-10-10T10:48:26Z</time><extensions><gpxtpx:TrackPointExtension><gpxtpx:hr>78</gpxtpx:hr></gpxtpx:TrackPointExtension></extensions></trkpt><trkpt lat="57.998393" lon="38.865547"><ele>121.0</ele><time>2021-10-10T10:48:27Z</time><extensions><gpxtpx:TrackPointExtension><gpxtpx:hr>78</gpxtpx:hr></gpxtpx:TrackPointExtension></extensions></trkpt><trkpt lat="57.998397" lon="38.86553"><ele>121.0</ele><time>2021-10-10T10:48:28Z</time><extensions><gpxtpx:TrackPointExtension><gpxtpx:hr>78</gpxtpx:hr></gpxtpx:TrackPointExtension></extensions></trkpt><trkpt lat="57.998405" lon="38.86551"><ele>121.0</ele><time>2021-10-10T10:48:29Z</time><extensions><gpxtpx:TrackPointExtension><gpxtpx:hr>78</gpxtpx:hr></gpxtpx:TrackPointExtension></extensions></trkpt><trkpt lat="57.998412" lon="38.865493"><ele>121.0</ele><time>2021-10-10T10:48:30Z</time><extensions><gpxtpx:TrackPointExtension><gpxtpx:hr>78</gpxtpx:hr></gpxtpx:TrackPointExtension></extensions></trkpt><trkpt lat="57.998417" lon="38.86547"><ele>121.0</ele><time>2021-10-10T10:48:31Z</time><extensions><gpxtpx:TrackPointExtension><gpxtpx:hr>78</gpxtpx:hr></gpxtpx:TrackPointExtension></extensions></trkpt><trkpt lat="57.998417" lon="38.86545"><ele>121.0</ele><time>2021-10-10T10:48:32Z</time><extensions><gpxtpx:TrackPointExtension><gpxtpx:hr>78</gpxtpx:hr></gpxtpx:TrackPointExtension></extensions></trkpt><trkpt lat="57.998417" lon="38.865432"><ele>121.0</ele><time>2021-10-10T10:48:33Z</time><extensions><gpxtpx:TrackPointExtension><gpxtpx:hr>79</gpxtpx:hr></gpxtpx:TrackPointExtension></extensions></trkpt><trkpt lat="57.998412" lon="38.865417"><ele>121.0</ele><time>2021-10-10T10:48:34Z</time><extensions><gpxtpx:TrackPointExtension><gpxtpx:hr>79</gpxtpx:hr></gpxtpx:TrackPointExtension></extensions></trkpt><trkpt lat="57.998412" lon="38.8654"><ele>121.0</ele><time>2021-10-10T10:48:35Z</time><extensions><gpxtpx:TrackPointExtension><gpxtpx:hr>81</gpxtpx:hr></gpxtpx:TrackPointExtension></extensions></trkpt><trkpt lat="57.998412" lon="38.865387"><ele>121.0</ele><time>2021-10-10T10:48:36Z</time><extensions><gpxtpx:TrackPointExtension><gpxtpx:hr>81</gpxtpx:hr></gpxtpx:TrackPointExtension></extensions></trkpt><trkpt lat="57.998417" lon="38.865375"><ele>121.0</ele><time>2021-10-10T10:48:37Z</time><extensions><gpxtpx:TrackPointExtension><gpxtpx:hr>83</gpxtpx:hr></gpxtpx:TrackPointExtension></extensions></trkpt><trkpt lat="57.998425" lon="38.86536"><ele>121.0</ele><time>2021-10-10T10:48:38Z</time><extensions><gpxtpx:TrackPointExtension><gpxtpx:hr>85</gpxtpx:hr></gpxtpx:TrackPointExtension></extensions></trkpt><trkpt lat="57.998432" lon="38.865345"><ele>121.0</ele><time>2021-10-10T10:48:39Z</time><extensions><gpxtpx:TrackPointExtension><gpxtpx:hr>84</gpxtpx:hr></gpxtpx:TrackPointExtension></extensions></trkpt><trkpt lat="57.99844" lon="38.86533"><ele>121.0</ele><time>2021-10-10T10:48:40Z</time><extensions><gpxtpx:TrackPointExtension><gpxtpx:hr>84</gpxtpx:hr></gpxtpx:TrackPointExtension></extensions></trkpt><trkpt lat="57.998443" lon="38.86531"><ele>121.0</ele><time>2021-10-10T10:48:41Z</time><extensions><gpxtpx:TrackPointExtension><gpxtpx:hr>84</gpxtpx:hr></gpxtpx:TrackPointExtension></extensions></trkpt><trkpt lat="57.99845" lon="38.8653"><ele>121.0</ele><time>2021-10-10T10:48:42Z</time><extensions><gpxtpx:TrackPointExtension><gpxtpx:hr>84</gpxtpx:hr></gpxtpx:TrackPointExtension></extensions></trkpt><trkpt lat="57.99846" lon="38.865287"><ele>121.0</ele><time>2021-10-10T10:48:43Z</time><extensions><gpxtpx:TrackPointExtension><gpxtpx:hr>84</gpxtpx:hr></gpxtpx:TrackPointExtension></extensions></trkpt><trkpt lat="57.998465" lon="38.86528"><ele>121.0</ele><time>2021-10-10T10:48:44Z</time><extensions><gpxtpx:TrackPointExtension><gpxtpx:hr>84</gpxtpx:hr></gpxtpx:TrackPointExtension></extensions></trkpt><trkpt lat="57.998473" lon="38.865272"><ele>121.0</ele><time>2021-10-10T10:48:45Z</time><extensions><gpxtpx:TrackPointExtension><gpxtpx:hr>85</gpxtpx:hr></gpxtpx:TrackPointExtension></extensions></trkpt><trkpt lat="57.998485" lon="38.865265"><ele>121.0</ele><time>2021-10-10T10:48:46Z</time><extensions><gpxtpx:TrackPointExtension><gpxtpx:hr>87</gpxtpx:hr></gpxtpx:TrackPointExtension></extensions></trkpt><trkpt lat="57.998492" lon="38.865257"><ele>121.0</ele><time>2021-10-10T10:48:47Z</time><extensions><gpxtpx:TrackPointExtension><gpxtpx:hr>88</gpxtpx:hr></gpxtpx:TrackPointExtension></extensions></trkpt><trkpt lat="57.998505" lon="38.86525"><ele>121.0</ele><time>2021-10-10T10:48:48Z</time><extensions><gpxtpx:TrackPointExtension><gpxtpx:hr>88</gpxtpx:hr></gpxtpx:TrackPointExtension></extensions></trkpt><trkpt lat="57.998512" lon="38.865242"><ele>121.0</ele><time>2021-10-10T10:48:49Z</time><extensions><gpxtpx:TrackPointExtension><gpxtpx:hr>89</gpxtpx:hr></gpxtpx:TrackPointExtension></extensions></trkpt><trkpt lat="57.99852" lon="38.865242"><ele>121.0</ele><time>2021-10-10T10:48:50Z</time><extensions><gpxtpx:TrackPointExtension><gpxtpx:hr>84</gpxtpx:hr></gpxtpx:TrackPointExtension></extensions></trkpt><trkpt lat="57.99852" lon="38.865245"><ele>121.0</ele><time>2021-10-10T10:48:51Z</time><extensions><gpxtpx:TrackPointExtension><gpxtpx:hr>86</gpxtpx:hr></gpxtpx:TrackPointExtension></extensions></trkpt><trkpt lat="57.998523" lon="38.86525"><ele>121.0</ele><time>2021-10-10T10:48:52Z</time><extensions><gpxtpx:TrackPointExtension><gpxtpx:hr>84</gpxtpx:hr></gpxtpx:TrackPointExtension></extensions></trkpt><trkpt lat="57.998523" lon="38.865252"><ele>121.0</ele><time>2021-10-10T10:48:53Z</time><extensions><gpxtpx:TrackPointExtension><gpxtpx:hr>84</gpxtpx:hr></gpxtpx:TrackPointExtension></extensions></trkpt><trkpt lat="57.998527" lon="38.86527"><ele>121.0</ele><time>2021-10-10T10:48:56Z</time><extensions><gpxtpx:TrackPointExtension><gpxtpx:hr>89</gpxtpx:hr></gpxtpx:TrackPointExtension></extensions></trkpt><trkpt lat="57.998547" lon="38.865257"><ele>121.0</ele><time>2021-10-10T10:48:58Z</time><extensions><gpxtpx:TrackPointExtension><gpxtpx:hr>88</gpxtpx:hr></gpxtpx:TrackPointExtension></extensions></trkpt><trkpt lat="57.998547" lon="38.865252"><ele>121.0</ele><time>2021-10-10T10:48:59Z</time><extensions><gpxtpx:TrackPointExtension><gpxtpx:hr>88</gpxtpx:hr></gpxtpx:TrackPointExtension></extensions></trkpt><trkpt lat="57.998547" lon="38.865183"><ele>121.0</ele><time>2021-10-10T10:49:06Z</time><extensions><gpxtpx:TrackPointExtension><gpxtpx:hr>88</gpxtpx:hr></gpxtpx:TrackPointExtension></extensions></trkpt><trkpt lat="57.998547" lon="38.865192"><ele>121.0</ele><time>2021-10-10T10:49:07Z</time><extensions><gpxtpx:TrackPointExtension><gpxtpx:hr>88</gpxtpx:hr></gpxtpx:TrackPointExtension></extensions></trkpt><trkpt lat="57.998547" lon="38.865207"><ele>121.0</ele><time>2021-10-10T10:49:08Z</time><extensions><gpxtpx:TrackPointExtension><gpxtpx:hr>88</gpxtpx:hr></gpxtpx:TrackPointExtension></extensions></trkpt><trkpt lat="57.99855" lon="38.865222"><ele>121.0</ele><time>2021-10-10T10:49:09Z</time><extensions><gpxtpx:TrackPointExtension><gpxtpx:hr>88</gpxtpx:hr></gpxtpx:TrackPointExtension></extensions></trkpt><trkpt lat="57.998557" lon="38.865242"><ele>121.0</ele><time>2021-10-10T10:49:10Z</time><extensions><gpxtpx:TrackPointExtension><gpxtpx:hr>90</gpxtpx:hr></gpxtpx:TrackPointExtension></extensions></trkpt><trkpt lat="57.998565" lon="38.865252"><ele>121.0</ele><time>2021-10-10T10:49:11Z</time><extensions><gpxtpx:TrackPointExtension><gpxtpx:hr>90</gpxtpx:hr></gpxtpx:TrackPointExtension></extensions></trkpt><trkpt lat="57.998572" lon="38.865265"><ele>121.0</ele><time>2021-10-10T10:49:12Z</time><extensions><gpxtpx:TrackPointExtension><gpxtpx:hr>90</gpxtpx:hr></gpxtpx:TrackPointExtension></extensions></trkpt><trkpt lat="57.99858" lon="38.865265"><ele>121.0</ele><time>2021-10-10T10:49:13Z</time><extensions><gpxtpx:TrackPointExtension><gpxtpx:hr>91</gpxtpx:hr></gpxtpx:TrackPointExtension></extensions></trkpt><trkpt lat="57.99859" lon="38.86526"><ele>121.0</ele><time>2021-10-10T10:49:14Z</time><extensions><gpxtpx:TrackPointExtension><gpxtpx:hr>91</gpxtpx:hr></gpxtpx:TrackPointExtension></extensions></trkpt><trkpt lat="57.998592" lon="38.865252"><ele>121.0</ele><time>2021-10-10T10:49:15Z</time><extensions><gpxtpx:TrackPointExtension><gpxtpx:hr>92</gpxtpx:hr></gpxtpx:TrackPointExtension></extensions></trkpt><trkpt lat="57.998595" lon="38.865242"><ele>121.0</ele><time>2021-10-10T10:49:16Z</time><extensions><gpxtpx:TrackPointExtension><gpxtpx:hr>92</gpxtpx:hr></gpxtpx:TrackPointExtension></extensions></trkpt><trkpt lat="57.9986" lon="38.865233"><ele>121.0</ele><time>2021-10-10T10:49:17Z</time><extensions><gpxtpx:TrackPointExtension><gpxtpx:hr>92</gpxtpx:hr></gpxtpx:TrackPointExtension></extensions></trkpt><trkpt lat="57.998607" lon="38.865233"><ele>121.0</ele><time>2021-10-10T10:49:18Z</time><extensions><gpxtpx:TrackPointExtension><gpxtpx:hr>92</gpxtpx:hr></gpxtpx:TrackPointExtension></extensions></trkpt><trkpt lat="57.998615" lon="38.865233"><ele>121.0</ele><time>2021-10-10T10:49:19Z</time><extensions><gpxtpx:TrackPointExtension><gpxtpx:hr>92</gpxtpx:hr></gpxtpx:TrackPointExtension></extensions></trkpt><trkpt lat="57.998622" lon="38.865227"><ele>121.0</ele><time>2021-10-10T10:49:20Z</time><extensions><gpxtpx:TrackPointExtension><gpxtpx:hr>92</gpxtpx:hr></gpxtpx:TrackPointExtension></extensions></trkpt><trkpt lat="57.998627" lon="38.865222"><ele>121.0</ele><time>2021-10-10T10:49:21Z</time><extensions><gpxtpx:TrackPointExtension><gpxtpx:hr>89</gpxtpx:hr></gpxtpx:TrackPointExtension></extensions></trkpt><trkpt lat="57.998633" lon="38.865207"><ele>121.0</ele><time>2021-10-10T10:49:22Z</time><extensions><gpxtpx:TrackPointExtension><gpxtpx:hr>89</gpxtpx:hr></gpxtpx:TrackPointExtension></extensions></trkpt><trkpt lat="57.99864" lon="38.865192"><ele>121.0</ele><time>2021-10-10T10:49:23Z</time><extensions><gpxtpx:TrackPointExtension><gpxtpx:hr>89</gpxtpx:hr></gpxtpx:TrackPointExtension></extensions></trkpt><trkpt lat="57.998645" lon="38.86515"><ele>121.0</ele><time>2021-10-10T10:49:28Z</time><extensions><gpxtpx:TrackPointExtension><gpxtpx:hr>89</gpxtpx:hr></gpxtpx:TrackPointExtension></extensions></trkpt><trkpt lat="57.998645" lon="38.865147"><ele>121.0</ele><time>2021-10-10T10:49:29Z</time><extensions><gpxtpx:TrackPointExtension><gpxtpx:hr>88</gpxtpx:hr></gpxtpx:TrackPointExtension></extensions></trkpt><trkpt lat="57.998645" lon="38.86514"><ele>121.0</ele><time>2021-10-10T10:49:30Z</time><extensions><gpxtpx:TrackPointExtension><gpxtpx:hr>88</gpxtpx:hr></gpxtpx:TrackPointExtension></extensions></trkpt><trkpt lat="57.998645" lon="38.865127"><ele>121.0</ele><time>2021-10-10T10:49:31Z</time><extensions><gpxtpx:TrackPointExtension><gpxtpx:hr>89</gpxtpx:hr></gpxtpx:TrackPointExtension></extensions></trkpt><trkpt lat="57.998645" lon="38.865112"><ele>121.0</ele><time>2021-10-10T10:49:32Z</time><extensions><gpxtpx:TrackPointExtension><gpxtpx:hr>89</gpxtpx:hr></gpxtpx:TrackPointExtension></extensions></trkpt><trkpt lat="57.99865" lon="38.865092"><ele>121.0</ele><time>2021-10-10T10:49:33Z</time><extensions><gpxtpx:TrackPointExtension><gpxtpx:hr>89</gpxtpx:hr></gpxtpx:TrackPointExtension></extensions></trkpt><trkpt lat="57.998652" lon="38.865077"><ele>121.0</ele><time>2021-10-10T10:49:34Z</time><extensions><gpxtpx:TrackPointExtension><gpxtpx:hr>89</gpxtpx:hr></gpxtpx:TrackPointExtension></extensions></trkpt><trkpt lat="57.998652" lon="38.86506"><ele>121.0</ele><time>2021-10-10T10:49:35Z</time><extensions><gpxtpx:TrackPointExtension><gpxtpx:hr>89</gpxtpx:hr></gpxtpx:TrackPointExtension></extensions></trkpt><trkpt lat="57.998657" lon="38.865035"><ele>121.0</ele><time>2021-10-10T10:49:36Z</time><extensions><gpxtpx:TrackPointExtension><gpxtpx:hr>88</gpxtpx:hr></gpxtpx:TrackPointExtension></extensions></trkpt><trkpt lat="57.99866" lon="38.86501"><ele>121.0</ele><time>2021-10-10T10:49:37Z</time><extensions><gpxtpx:TrackPointExtension><gpxtpx:hr>88</gpxtpx:hr></gpxtpx:TrackPointExtension></extensions></trkpt><trkpt lat="57.998665" lon="38.864982"><ele>121.0</ele><time>2021-10-10T10:49:38Z</time><extensions><gpxtpx:TrackPointExtension><gpxtpx:hr>88</gpxtpx:hr></gpxtpx:TrackPointExtension></extensions></trkpt><trkpt lat="57.99867" lon="38.864952"><ele>121.0</ele><time>2021-10-10T10:49:39Z</time><extensions><gpxtpx:TrackPointExtension><gpxtpx:hr>88</gpxtpx:hr></gpxtpx:TrackPointExtension></extensions></trkpt><trkpt lat="57.99867" lon="38.86492"><ele>121.0</ele><time>2021-10-10T10:49:40Z</time><extensions><gpxtpx:TrackPointExtension><gpxtpx:hr>88</gpxtpx:hr></gpxtpx:TrackPointExtension></extensions></trkpt><trkpt lat="57.998665" lon="38.86489"><ele>121.0</ele><time>2021-10-10T10:49:41Z</time><extensions><gpxtpx:TrackPointExtension><gpxtpx:hr>86</gpxtpx:hr></gpxtpx:TrackPointExtension></extensions></trkpt><trkpt lat="57.99866" lon="38.864863"><ele>121.0</ele><time>2021-10-10T10:49:42Z</time><extensions><gpxtpx:TrackPointExtension><gpxtpx:hr>86</gpxtpx:hr></gpxtpx:TrackPointExtension></extensions></trkpt><trkpt lat="57.998652" lon="38.864837"><ele>121.0</ele><time>2021-10-10T10:49:43Z</time><extensions><gpxtpx:TrackPointExtension><gpxtpx:hr>88</gpxtpx:hr></gpxtpx:TrackPointExtension></extensions></trkpt><trkpt lat="57.998645" lon="38.864807"><ele>121.0</ele><time>2021-10-10T10:49:44Z</time><extensions><gpxtpx:TrackPointExtension><gpxtpx:hr>88</gpxtpx:hr></gpxtpx:TrackPointExtension></extensions></trkpt><trkpt lat="57.998642" lon="38.86478"><ele>121.0</ele><time>2021-10-10T10:49:45Z</time><extensions><gpxtpx:TrackPointExtension><gpxtpx:hr>89</gpxtpx:hr></gpxtpx:TrackPointExtension></extensions></trkpt><trkpt lat="57.99864" lon="38.86476"><ele>121.0</ele><time>2021-10-10T10:49:46Z</time><extensions><gpxtpx:TrackPointExtension><gpxtpx:hr>89</gpxtpx:hr></gpxtpx:TrackPointExtension></extensions></trkpt><trkpt lat="57.99864" lon="38.864735"><ele>121.0</ele><time>2021-10-10T10:49:47Z</time><extensions><gpxtpx:TrackPointExtension><gpxtpx:hr>89</gpxtpx:hr></gpxtpx:TrackPointExtension></extensions></trkpt><trkpt lat="57.998645" lon="38.864715"><ele>121.0</ele><time>2021-10-10T10:49:48Z</time><extensions><gpxtpx:TrackPointExtension><gpxtpx:hr>89</gpxtpx:hr></gpxtpx:TrackPointExtension></extensions></trkpt><trkpt lat="57.998652" lon="38.864707"><ele>121.0</ele><time>2021-10-10T10:49:49Z</time><extensions><gpxtpx:TrackPointExtension><gpxtpx:hr>89</gpxtpx:hr></gpxtpx:TrackPointExtension></extensions></trkpt><trkpt lat="57.99866" lon="38.864707"><ele>121.0</ele><time>2021-10-10T10:49:50Z</time><extensions><gpxtpx:TrackPointExtension><gpxtpx:hr>89</gpxtpx:hr></gpxtpx:TrackPointExtension></extensions></trkpt><trkpt lat="57.998672" lon="38.86471"><ele>121.0</ele><time>2021-10-10T10:49:51Z</time><extensions><gpxtpx:TrackPointExtension><gpxtpx:hr>89</gpxtpx:hr></gpxtpx:TrackPointExtension></extensions></trkpt><trkpt lat="57.99868" lon="38.86471"><ele>121.0</ele><time>2021-10-10T10:49:52Z</time><extensions><gpxtpx:TrackPointExtension><gpxtpx:hr>91</gpxtpx:hr></gpxtpx:TrackPointExtension></extensions></trkpt><trkpt lat="57.99869" lon="38.86471"><ele>121.0</ele><time>2021-10-10T10:49:53Z</time><extensions><gpxtpx:TrackPointExtension><gpxtpx:hr>92</gpxtpx:hr></gpxtpx:TrackPointExtension></extensions></trkpt><trkpt lat="57.998702" lon="38.864715"><ele>121.0</ele><time>2021-10-10T10:49:53Z</time><extensions><gpxtpx:TrackPointExtension><gpxtpx:hr>92</gpxtpx:hr></gpxtpx:TrackPointExtension></extensions></trkpt><trkpt lat="57.99871" lon="38.864718"><ele>121.0</ele><time>2021-10-10T10:49:54Z</time><extensions><gpxtpx:TrackPointExtension><gpxtpx:hr>94</gpxtpx:hr></gpxtpx:TrackPointExtension></extensions></trkpt><trkpt lat="57.998722" lon="38.864722"><ele>121.0</ele><time>2021-10-10T10:49:55Z</time><extensions><gpxtpx:TrackPointExtension><gpxtpx:hr>94</gpxtpx:hr></gpxtpx:TrackPointExtension></extensions></trkpt><trkpt lat="57.99873" lon="38.86473"><ele>121.0</ele><time>2021-10-10T10:49:56Z</time><extensions><gpxtpx:TrackPointExtension><gpxtpx:hr>95</gpxtpx:hr></gpxtpx:TrackPointExtension></extensions></trkpt><trkpt lat="57.998752" lon="38.86475"><ele>121.0</ele><time>2021-10-10T10:49:58Z</time><extensions><gpxtpx:TrackPointExtension><gpxtpx:hr>95</gpxtpx:hr></gpxtpx:TrackPointExtension></extensions></trkpt><trkpt lat="57.99875" lon="38.86477"><ele>121.0</ele><time>2021-10-10T10:49:59Z</time><extensions><gpxtpx:TrackPointExtension><gpxtpx:hr>96</gpxtpx:hr></gpxtpx:TrackPointExtension></extensions></trkpt><trkpt lat="57.99875" lon="38.8648"><ele>121.0</ele><time>2021-10-10T10:50:00Z</time><extensions><gpxtpx:TrackPointExtension><gpxtpx:hr>96</gpxtpx:hr></gpxtpx:TrackPointExtension></extensions></trkpt><trkpt lat="57.998725" lon="38.8648"><ele>121.0</ele><time>2021-10-10T10:50:01Z</time><extensions><gpxtpx:TrackPointExtension><gpxtpx:hr>96</gpxtpx:hr></gpxtpx:TrackPointExtension></extensions></trkpt><trkpt lat="57.998707" lon="38.864787"><ele>121.0</ele><time>2021-10-10T10:50:02Z</time><extensions><gpxtpx:TrackPointExtension><gpxtpx:hr>95</gpxtpx:hr></gpxtpx:TrackPointExtension></extensions></trkpt><trkpt lat="57.9987" lon="38.86477"><ele>121.0</ele><time>2021-10-10T10:50:03Z</time><extensions><gpxtpx:TrackPointExtension><gpxtpx:hr>95</gpxtpx:hr></gpxtpx:TrackPointExtension></extensions></trkpt><trkpt lat="57.998693" lon="38.864753"><ele>121.0</ele><time>2021-10-10T10:50:04Z</time><extensions><gpxtpx:TrackPointExtension><gpxtpx:hr>95</gpxtpx:hr></gpxtpx:TrackPointExtension></extensions></trkpt><trkpt lat="57.998693" lon="38.864745"><ele>121.0</ele><time>2021-10-10T10:50:05Z</time><extensions><gpxtpx:TrackPointExtension><gpxtpx:hr>95</gpxtpx:hr></gpxtpx:TrackPointExtension></extensions></trkpt><trkpt lat="57.9987" lon="38.864742"><ele>121.0</ele><time>2021-10-10T10:50:06Z</time><extensions><gpxtpx:TrackPointExtension><gpxtpx:hr>95</gpxtpx:hr></gpxtpx:TrackPointExtension></extensions></trkpt><trkpt lat="57.998707" lon="38.864742"><ele>121.0</ele><time>2021-10-10T10:50:07Z</time><extensions><gpxtpx:TrackPointExtension><gpxtpx:hr>95</gpxtpx:hr></gpxtpx:TrackPointExtension></extensions></trkpt><trkpt lat="57.99871" lon="38.864745"><ele>121.0</ele><time>2021-10-10T10:50:08Z</time><extensions><gpxtpx:TrackPointExtension><gpxtpx:hr>94</gpxtpx:hr></gpxtpx:TrackPointExtension></extensions></trkpt><trkpt lat="57.998713" lon="38.86475"><ele>121.0</ele><time>2021-10-10T10:50:09Z</time><extensions><gpxtpx:TrackPointExtension><gpxtpx:hr>94</gpxtpx:hr></gpxtpx:TrackPointExtension></extensions></trkpt><trkpt lat="57.99872" lon="38.864765"><ele>121.0</ele><time>2021-10-10T10:50:10Z</time><extensions><gpxtpx:TrackPointExtension><gpxtpx:hr>94</gpxtpx:hr></gpxtpx:TrackPointExtension></extensions></trkpt><trkpt lat="57.998722" lon="38.864777"><ele>121.0</ele><time>2021-10-10T10:50:11Z</time><extensions><gpxtpx:TrackPointExtension><gpxtpx:hr>94</gpxtpx:hr></gpxtpx:TrackPointExtension></extensions></trkpt><trkpt lat="57.998722" lon="38.86479"><ele>121.0</ele><time>2021-10-10T10:50:12Z</time><extensions><gpxtpx:TrackPointExtension><gpxtpx:hr>94</gpxtpx:hr></gpxtpx:TrackPointExtension></extensions></trkpt><trkpt lat="57.998725" lon="38.864807"><ele>121.0</ele><time>2021-10-10T10:50:13Z</time><extensions><gpxtpx:TrackPointExtension><gpxtpx:hr>94</gpxtpx:hr></gpxtpx:TrackPointExtension></extensions></trkpt><trkpt lat="57.998725" lon="38.86482"><ele>121.0</ele><time>2021-10-10T10:50:14Z</time><extensions><gpxtpx:TrackPointExtension><gpxtpx:hr>94</gpxtpx:hr></gpxtpx:TrackPointExtension></extensions></trkpt><trkpt lat="57.99873" lon="38.86483"><ele>121.0</ele><time>2021-10-10T10:50:15Z</time><extensions><gpxtpx:TrackPointExtension><gpxtpx:hr>95</gpxtpx:hr></gpxtpx:TrackPointExtension></extensions></trkpt><trkpt lat="57.99873" lon="38.86485"><ele>121.0</ele><time>2021-10-10T10:50:16Z</time><extensions><gpxtpx:TrackPointExtension><gpxtpx:hr>96</gpxtpx:hr></gpxtpx:TrackPointExtension></extensions></trkpt><trkpt lat="57.998733" lon="38.86486"><ele>121.0</ele><time>2021-10-10T10:50:17Z</time><extensions><gpxtpx:TrackPointExtension><gpxtpx:hr>96</gpxtpx:hr></gpxtpx:TrackPointExtension></extensions></trkpt><trkpt lat="57.998737" lon="38.864872"><ele>121.0</ele><time>2021-10-10T10:50:18Z</time><extensions><gpxtpx:TrackPointExtension><gpxtpx:hr>97</gpxtpx:hr></gpxtpx:TrackPointExtension></extensions></trkpt><trkpt lat="57.99874" lon="38.864887"><ele>121.0</ele><time>2021-10-10T10:50:19Z</time><extensions><gpxtpx:TrackPointExtension><gpxtpx:hr>97</gpxtpx:hr></gpxtpx:TrackPointExtension></extensions></trkpt><trkpt lat="57.99875" lon="38.8649"><ele>121.0</ele><time>2021-10-10T10:50:20Z</time><extensions><gpxtpx:TrackPointExtension><gpxtpx:hr>97</gpxtpx:hr></gpxtpx:TrackPointExtension></extensions></trkpt><trkpt lat="57.99876" lon="38.86491"><ele>121.0</ele><time>2021-10-10T10:50:21Z</time><extensions><gpxtpx:TrackPointExtension><gpxtpx:hr>97</gpxtpx:hr></gpxtpx:TrackPointExtension></extensions></trkpt><trkpt lat="57.998767" lon="38.86492"><ele>121.0</ele><time>2021-10-10T10:50:22Z</time><extensions><gpxtpx:TrackPointExtension><gpxtpx:hr>97</gpxtpx:hr></gpxtpx:TrackPointExtension></extensions></trkpt><trkpt lat="57.998775" lon="38.86493"><ele>121.0</ele><time>2021-10-10T10:50:23Z</time><extensions><gpxtpx:TrackPointExtension><gpxtpx:hr>98</gpxtpx:hr></gpxtpx:TrackPointExtension></extensions></trkpt><trkpt lat="57.998778" lon="38.864937"><ele>121.0</ele><time>2021-10-10T10:50:24Z</time><extensions><gpxtpx:TrackPointExtension><gpxtpx:hr>98</gpxtpx:hr></gpxtpx:TrackPointExtension></extensions></trkpt><trkpt lat="57.998782" lon="38.864952"><ele>121.0</ele><time>2021-10-10T10:50:25Z</time><extensions><gpxtpx:TrackPointExtension><gpxtpx:hr>99</gpxtpx:hr></gpxtpx:TrackPointExtension></extensions></trkpt><trkpt lat="57.998787" lon="38.864963"><ele>121.0</ele><time>2021-10-10T10:50:26Z</time><extensions><gpxtpx:TrackPointExtension><gpxtpx:hr>99</gpxtpx:hr></gpxtpx:TrackPointExtension></extensions></trkpt><trkpt lat="57.99879" lon="38.864975"><ele>121.0</ele><time>2021-10-10T10:50:27Z</time><extensions><gpxtpx:TrackPointExtension><gpxtpx:hr>100</gpxtpx:hr></gpxtpx:TrackPointExtension></extensions></trkpt><trkpt lat="57.998795" lon="38.864985"><ele>121.0</ele><time>2021-10-10T10:50:28Z</time><extensions><gpxtpx:TrackPointExtension><gpxtpx:hr>100</gpxtpx:hr></gpxtpx:TrackPointExtension></extensions></trkpt><trkpt lat="57.9988" lon="38.864997"><ele>121.0</ele><time>2021-10-10T10:50:29Z</time><extensions><gpxtpx:TrackPointExtension><gpxtpx:hr>99</gpxtpx:hr></gpxtpx:TrackPointExtension></extensions></trkpt><trkpt lat="57.9988" lon="38.865012"><ele>121.0</ele><time>2021-10-10T10:50:30Z</time><extensions><gpxtpx:TrackPointExtension><gpxtpx:hr>99</gpxtpx:hr></gpxtpx:TrackPointExtension></extensions></trkpt><trkpt lat="57.9988" lon="38.865032"><ele>121.0</ele><time>2021-10-10T10:50:31Z</time><extensions><gpxtpx:TrackPointExtension><gpxtpx:hr>99</gpxtpx:hr></gpxtpx:TrackPointExtension></extensions></trkpt><trkpt lat="57.9988" lon="38.86505"><ele>121.0</ele><time>2021-10-10T10:50:32Z</time><extensions><gpxtpx:TrackPointExtension><gpxtpx:hr>99</gpxtpx:hr></gpxtpx:TrackPointExtension></extensions></trkpt><trkpt lat="57.998802" lon="38.86507"><ele>121.0</ele><time>2021-10-10T10:50:33Z</time><extensions><gpxtpx:TrackPointExtension><gpxtpx:hr>99</gpxtpx:hr></gpxtpx:TrackPointExtension></extensions></trkpt><trkpt lat="57.998802" lon="38.86509"><ele>121.0</ele><time>2021-10-10T10:50:34Z</time><extensions><gpxtpx:TrackPointExtension><gpxtpx:hr>99</gpxtpx:hr></gpxtpx:TrackPointExtension></extensions></trkpt><trkpt lat="57.998802" lon="38.865112"><ele>121.0</ele><time>2021-10-10T10:50:35Z</time><extensions><gpxtpx:TrackPointExtension><gpxtpx:hr>99</gpxtpx:hr></gpxtpx:TrackPointExtension></extensions></trkpt><trkpt lat="57.998805" lon="38.865135"><ele>121.0</ele><time>2021-10-10T10:50:36Z</time><extensions><gpxtpx:TrackPointExtension><gpxtpx:hr>99</gpxtpx:hr></gpxtpx:TrackPointExtension></extensions></trkpt><trkpt lat="57.998805" lon="38.865157"><ele>121.0</ele><time>2021-10-10T10:50:37Z</time><extensions><gpxtpx:TrackPointExtension><gpxtpx:hr>99</gpxtpx:hr></gpxtpx:TrackPointExtension></extensions></trkpt><trkpt lat="57.99881" lon="38.86518"><ele>121.0</ele><time>2021-10-10T10:50:38Z</time><extensions><gpxtpx:TrackPointExtension><gpxtpx:hr>96</gpxtpx:hr></gpxtpx:TrackPointExtension></extensions></trkpt><trkpt lat="57.998813" lon="38.865203"><ele>121.0</ele><time>2021-10-10T10:50:39Z</time><extensions><gpxtpx:TrackPointExtension><gpxtpx:hr>96</gpxtpx:hr></gpxtpx:TrackPointExtension></extensions></trkpt><trkpt lat="57.998817" lon="38.865227"><ele>121.0</ele><time>2021-10-10T10:50:40Z</time><extensions><gpxtpx:TrackPointExtension><gpxtpx:hr>96</gpxtpx:hr></gpxtpx:TrackPointExtension></extensions></trkpt><trkpt lat="57.998825" lon="38.865245"><ele>121.0</ele><time>2021-10-10T10:50:41Z</time><extensions><gpxtpx:TrackPointExtension><gpxtpx:hr>96</gpxtpx:hr></gpxtpx:TrackPointExtension></extensions></trkpt><trkpt lat="57.998837" lon="38.865265"><ele>121.0</ele><time>2021-10-10T10:50:42Z</time><extensions><gpxtpx:TrackPointExtension><gpxtpx:hr>96</gpxtpx:hr></gpxtpx:TrackPointExtension></extensions></trkpt><trkpt lat="57.998843" lon="38.865287"><ele>121.0</ele><time>2021-10-10T10:50:43Z</time><extensions><gpxtpx:TrackPointExtension><gpxtpx:hr>96</gpxtpx:hr></gpxtpx:TrackPointExtension></extensions></trkpt><trkpt lat="57.998848" lon="38.86532"><ele>121.0</ele><time>2021-10-10T10:50:44Z</time><extensions><gpxtpx:TrackPointExtension><gpxtpx:hr>96</gpxtpx:hr></gpxtpx:TrackPointExtension></extensions></trkpt><trkpt lat="57.998855" lon="38.865352"><ele>121.0</ele><time>2021-10-10T10:50:45Z</time><extensions><gpxtpx:TrackPointExtension><gpxtpx:hr>96</gpxtpx:hr></gpxtpx:TrackPointExtension></extensions></trkpt><trkpt lat="57.998855" lon="38.865387"><ele>121.0</ele><time>2021-10-10T10:50:46Z</time><extensions><gpxtpx:TrackPointExtension><gpxtpx:hr>96</gpxtpx:hr></gpxtpx:TrackPointExtension></extensions></trkpt><trkpt lat="57.998855" lon="38.865413"><ele>121.0</ele><time>2021-10-10T10:50:47Z</time><extensions><gpxtpx:TrackPointExtension><gpxtpx:hr>96</gpxtpx:hr></gpxtpx:TrackPointExtension></extensions></trkpt><trkpt lat="57.998848" lon="38.865432"><ele>121.0</ele><time>2021-10-10T10:50:48Z</time><extensions><gpxtpx:TrackPointExtension><gpxtpx:hr>97</gpxtpx:hr></gpxtpx:TrackPointExtension></extensions></trkpt><trkpt lat="57.99884" lon="38.865482"><ele>121.0</ele><time>2021-10-10T10:50:50Z</time><extensions><gpxtpx:TrackPointExtension><gpxtpx:hr>98</gpxtpx:hr></gpxtpx:TrackPointExtension></extensions></trkpt><trkpt lat="57.99884" lon="38.865485"><ele>121.0</ele><time>2021-10-10T10:50:51Z</time><extensions><gpxtpx:TrackPointExtension><gpxtpx:hr>98</gpxtpx:hr></gpxtpx:TrackPointExtension></extensions></trkpt><trkpt lat="57.998837" lon="38.865497"><ele>121.0</ele><time>2021-10-10T10:50:52Z</time><extensions><gpxtpx:TrackPointExtension><gpxtpx:hr>98</gpxtpx:hr></gpxtpx:TrackPointExtension></extensions></trkpt><trkpt lat="57.998832" lon="38.86551"><ele>121.0</ele><time>2021-10-10T10:50:53Z</time><extensions><gpxtpx:TrackPointExtension><gpxtpx:hr>98</gpxtpx:hr></gpxtpx:TrackPointExtension></extensions></trkpt><trkpt lat="57.998825" lon="38.865523"><ele>121.0</ele><time>2021-10-10T10:50:54Z</time><extensions><gpxtpx:TrackPointExtension><gpxtpx:hr>98</gpxtpx:hr></gpxtpx:TrackPointExtension></extensions></trkpt><trkpt lat="57.99882" lon="38.865542"><ele>121.0</ele><time>2021-10-10T10:50:55Z</time><extensions><gpxtpx:TrackPointExtension><gpxtpx:hr>98</gpxtpx:hr></gpxtpx:TrackPointExtension></extensions></trkpt><trkpt lat="57.998813" lon="38.86556"><ele>121.0</ele><time>2021-10-10T10:50:56Z</time><extensions><gpxtpx:TrackPointExtension><gpxtpx:hr>99</gpxtpx:hr></gpxtpx:TrackPointExtension></extensions></trkpt><trkpt lat="57.99881" lon="38.865573"><ele>121.0</ele><time>2021-10-10T10:50:57Z</time><extensions><gpxtpx:TrackPointExtension><gpxtpx:hr>99</gpxtpx:hr></gpxtpx:TrackPointExtension></extensions></trkpt><trkpt lat="57.998802" lon="38.865585"><ele>121.0</ele><time>2021-10-10T10:50:58Z</time><extensions><gpxtpx:TrackPointExtension><gpxtpx:hr>98</gpxtpx:hr></gpxtpx:TrackPointExtension></extensions></trkpt><trkpt lat="57.9988" lon="38.865615"><ele>121.0</ele><time>2021-10-10T10:50:59Z</time><extensions><gpxtpx:TrackPointExtension><gpxtpx:hr>98</gpxtpx:hr></gpxtpx:TrackPointExtension></extensions></trkpt><trkpt lat="57.998795" lon="38.86564"><ele>121.0</ele><time>2021-10-10T10:51:00Z</time><extensions><gpxtpx:TrackPointExtension><gpxtpx:hr>98</gpxtpx:hr></gpxtpx:TrackPointExtension></extensions></trkpt><trkpt lat="57.998787" lon="38.865657"><ele>121.0</ele><time>2021-10-10T10:51:01Z</time><extensions><gpxtpx:TrackPointExtension><gpxtpx:hr>98</gpxtpx:hr></gpxtpx:TrackPointExtension></extensions></trkpt><trkpt lat="57.998778" lon="38.86567"><ele>121.0</ele><time>2021-10-10T10:51:02Z</time><extensions><gpxtpx:TrackPointExtension><gpxtpx:hr>98</gpxtpx:hr></gpxtpx:TrackPointExtension></extensions></trkpt><trkpt lat="57.998767" lon="38.865677"><ele>121.0</ele><time>2021-10-10T10:51:03Z</time><extensions><gpxtpx:TrackPointExtension><gpxtpx:hr>98</gpxtpx:hr></gpxtpx:TrackPointExtension></extensions></trkpt><trkpt lat="57.99876" lon="38.865685"><ele>121.0</ele><time>2021-10-10T10:51:04Z</time><extensions><gpxtpx:TrackPointExtension><gpxtpx:hr>98</gpxtpx:hr></gpxtpx:TrackPointExtension></extensions></trkpt><trkpt lat="57.99875" lon="38.865695"><ele>121.0</ele><time>2021-10-10T10:51:05Z</time><extensions><gpxtpx:TrackPointExtension><gpxtpx:hr>98</gpxtpx:hr></gpxtpx:TrackPointExtension></extensions></trkpt><trkpt lat="57.998733" lon="38.865703"><ele>121.0</ele><time>2021-10-10T10:51:06Z</time><extensions><gpxtpx:TrackPointExtension><gpxtpx:hr>98</gpxtpx:hr></gpxtpx:TrackPointExtension></extensions></trkpt><trkpt lat="57.998722" lon="38.865703"><ele>121.0</ele><time>2021-10-10T10:51:07Z</time><extensions><gpxtpx:TrackPointExtension><gpxtpx:hr>99</gpxtpx:hr></gpxtpx:TrackPointExtension></extensions></trkpt><trkpt lat="57.998707" lon="38.8657"><ele>121.0</ele><time>2021-10-10T10:51:08Z</time><extensions><gpxtpx:TrackPointExtension><gpxtpx:hr>99</gpxtpx:hr></gpxtpx:TrackPointExtension></extensions></trkpt><trkpt lat="57.99869" lon="38.865692"><ele>121.0</ele><time>2021-10-10T10:51:09Z</time><extensions><gpxtpx:TrackPointExtension><gpxtpx:hr>100</gpxtpx:hr></gpxtpx:TrackPointExtension></extensions></trkpt><trkpt lat="57.998675" lon="38.86569"><ele>121.0</ele><time>2021-10-10T10:51:10Z</time><extensions><gpxtpx:TrackPointExtension><gpxtpx:hr>100</gpxtpx:hr></gpxtpx:TrackPointExtension></extensions></trkpt><trkpt lat="57.99866" lon="38.86568"><ele>121.0</ele><time>2021-10-10T10:51:11Z</time><extensions><gpxtpx:TrackPointExtension><gpxtpx:hr>100</gpxtpx:hr></gpxtpx:TrackPointExtension></extensions></trkpt><trkpt lat="57.998645" lon="38.865677"><ele>121.0</ele><time>2021-10-10T10:51:12Z</time><extensions><gpxtpx:TrackPointExtension><gpxtpx:hr>100</gpxtpx:hr></gpxtpx:TrackPointExtension></extensions></trkpt><trkpt lat="57.998627" lon="38.865672"><ele>121.0</ele><time>2021-10-10T10:51:13Z</time><extensions><gpxtpx:TrackPointExtension><gpxtpx:hr>102</gpxtpx:hr></gpxtpx:TrackPointExtension></extensions></trkpt><trkpt lat="57.99861" lon="38.865672"><ele>121.0</ele><time>2021-10-10T10:51:14Z</time><extensions><gpxtpx:TrackPointExtension><gpxtpx:hr>103</gpxtpx:hr></gpxtpx:TrackPointExtension></extensions></trkpt><trkpt lat="57.998595" lon="38.86567"><ele>121.0</ele><time>2021-10-10T10:51:15Z</time><extensions><gpxtpx:TrackPointExtension><gpxtpx:hr>103</gpxtpx:hr></gpxtpx:TrackPointExtension></extensions></trkpt><trkpt lat="57.99858" lon="38.86567"><ele>121.0</ele><time>2021-10-10T10:51:16Z</time><extensions><gpxtpx:TrackPointExtension><gpxtpx:hr>104</gpxtpx:hr></gpxtpx:TrackPointExtension></extensions></trkpt><trkpt lat="57.998565" lon="38.86566"><ele>121.0</ele><time>2021-10-10T10:51:17Z</time><extensions><gpxtpx:TrackPointExtension><gpxtpx:hr>104</gpxtpx:hr></gpxtpx:TrackPointExtension></extensions></trkpt><trkpt lat="57.998553" lon="38.865653"><ele>121.0</ele><time>2021-10-10T10:51:18Z</time><extensions><gpxtpx:TrackPointExtension><gpxtpx:hr>103</gpxtpx:hr></gpxtpx:TrackPointExtension></extensions></trkpt><trkpt lat="57.998557" lon="38.865645"><ele>121.0</ele><time>2021-10-10T10:51:19Z</time><extensions><gpxtpx:TrackPointExtension><gpxtpx:hr>103</gpxtpx:hr></gpxtpx:TrackPointExtension></extensions></trkpt><trkpt lat="57.99855" lon="38.865657"><ele>121.0</ele><time>2021-10-10T10:51:20Z</time><extensions><gpxtpx:TrackPointExtension><gpxtpx:hr>103</gpxtpx:hr></gpxtpx:TrackPointExtension></extensions></trkpt><trkpt lat="57.998538" lon="38.86567"><ele>121.0</ele><time>2021-10-10T10:51:21Z</time><extensions><gpxtpx:TrackPointExtension><gpxtpx:hr>103</gpxtpx:hr></gpxtpx:TrackPointExtension></extensions></trkpt><trkpt lat="57.998527" lon="38.86568"><ele>121.0</ele><time>2021-10-10T10:51:22Z</time><extensions><gpxtpx:TrackPointExtension><gpxtpx:hr>102</gpxtpx:hr></gpxtpx:TrackPointExtension></extensions></trkpt><trkpt lat="57.998512" lon="38.865692"><ele>121.0</ele><time>2021-10-10T10:51:23Z</time><extensions><gpxtpx:TrackPointExtension><gpxtpx:hr>102</gpxtpx:hr></gpxtpx:TrackPointExtension></extensions></trkpt><trkpt lat="57.9985" lon="38.865703"><ele>121.0</ele><time>2021-10-10T10:51:24Z</time><extensions><gpxtpx:TrackPointExtension><gpxtpx:hr>101</gpxtpx:hr></gpxtpx:TrackPointExtension></extensions></trkpt><trkpt lat="57.99849" lon="38.865722"><ele>121.0</ele><time>2021-10-10T10:51:25Z</time><extensions><gpxtpx:TrackPointExtension><gpxtpx:hr>101</gpxtpx:hr></gpxtpx:TrackPointExtension></extensions></trkpt><trkpt lat="57.998477" lon="38.865745"><ele>121.0</ele><time>2021-10-10T10:51:26Z</time><extensions><gpxtpx:TrackPointExtension><gpxtpx:hr>100</gpxtpx:hr></gpxtpx:TrackPointExtension></extensions></trkpt><trkpt lat="57.998473" lon="38.865775"><ele>121.0</ele><time>2021-10-10T10:51:27Z</time><extensions><gpxtpx:TrackPointExtension><gpxtpx:hr>98</gpxtpx:hr></gpxtpx:TrackPointExtension></extensions></trkpt><trkpt lat="57.998465" lon="38.865802"><ele>121.0</ele><time>2021-10-10T10:51:28Z</time><extensions><gpxtpx:TrackPointExtension><gpxtpx:hr>98</gpxtpx:hr></gpxtpx:TrackPointExtension></extensions></trkpt><trkpt lat="57.99846" lon="38.865825"><ele>121.0</ele><time>2021-10-10T10:51:29Z</time><extensions><gpxtpx:TrackPointExtension><gpxtpx:hr>97</gpxtpx:hr></gpxtpx:TrackPointExtension></extensions></trkpt><trkpt lat="57.998447" lon="38.865845"><ele>121.0</ele><time>2021-10-10T10:51:30Z</time><extensions><gpxtpx:TrackPointExtension><gpxtpx:hr>97</gpxtpx:hr></gpxtpx:TrackPointExtension></extensions></trkpt><trkpt lat="57.998432" lon="38.865852"><ele>121.0</ele><time>2021-10-10T10:51:31Z</time><extensions><gpxtpx:TrackPointExtension><gpxtpx:hr>97</gpxtpx:hr></gpxtpx:TrackPointExtension></extensions></trkpt><trkpt lat="57.998417" lon="38.865858"><ele>121.0</ele><time>2021-10-10T10:51:32Z</time><extensions><gpxtpx:TrackPointExtension><gpxtpx:hr>98</gpxtpx:hr></gpxtpx:TrackPointExtension></extensions></trkpt><trkpt lat="57.998397" lon="38.86587"><ele>121.0</ele><time>2021-10-10T10:51:33Z</time><extensions><gpxtpx:TrackPointExtension><gpxtpx:hr>98</gpxtpx:hr></gpxtpx:TrackPointExtension></extensions></trkpt><trkpt lat="57.99838" lon="38.86588"><ele>121.0</ele><time>2021-10-10T10:51:34Z</time><extensions><gpxtpx:TrackPointExtension><gpxtpx:hr>98</gpxtpx:hr></gpxtpx:TrackPointExtension></extensions></trkpt><trkpt lat="57.998362" lon="38.865887"><ele>121.0</ele><time>2021-10-10T10:51:35Z</time><extensions><gpxtpx:TrackPointExtension><gpxtpx:hr>98</gpxtpx:hr></gpxtpx:TrackPointExtension></extensions></trkpt><trkpt lat="57.998343" lon="38.865887"><ele>121.0</ele><time>2021-10-10T10:51:36Z</time><extensions><gpxtpx:TrackPointExtension><gpxtpx:hr>98</gpxtpx:hr></gpxtpx:TrackPointExtension></extensions></trkpt><trkpt lat="57.998325" lon="38.865887"><ele>121.0</ele><time>2021-10-10T10:51:37Z</time><extensions><gpxtpx:TrackPointExtension><gpxtpx:hr>98</gpxtpx:hr></gpxtpx:TrackPointExtension></extensions></trkpt><trkpt lat="57.998305" lon="38.86588"><ele>121.0</ele><time>2021-10-10T10:51:38Z</time><extensions><gpxtpx:TrackPointExtension><gpxtpx:hr>100</gpxtpx:hr></gpxtpx:TrackPointExtension></extensions></trkpt><trkpt lat="57.998287" lon="38.865875"><ele>121.0</ele><time>2021-10-10T10:51:39Z</time><extensions><gpxtpx:TrackPointExtension><gpxtpx:hr>100</gpxtpx:hr></gpxtpx:TrackPointExtension></extensions></trkpt><trkpt lat="57.99827" lon="38.865867"><ele>121.0</ele><time>2021-10-10T10:51:40Z</time><extensions><gpxtpx:TrackPointExtension><gpxtpx:hr>101</gpxtpx:hr></gpxtpx:TrackPointExtension></extensions></trkpt><trkpt lat="57.99825" lon="38.865858"><ele>121.0</ele><time>2021-10-10T10:51:41Z</time><extensions><gpxtpx:TrackPointExtension><gpxtpx:hr>101</gpxtpx:hr></gpxtpx:TrackPointExtension></extensions></trkpt><trkpt lat="57.998233" lon="38.865855"><ele>121.0</ele><time>2021-10-10T10:51:42Z</time><extensions><gpxtpx:TrackPointExtension><gpxtpx:hr>100</gpxtpx:hr></gpxtpx:TrackPointExtension></extensions></trkpt><trkpt lat="57.99822" lon="38.865852"><ele>121.0</ele><time>2021-10-10T10:51:43Z</time><extensions><gpxtpx:TrackPointExtension><gpxtpx:hr>100</gpxtpx:hr></gpxtpx:TrackPointExtension></extensions></trkpt><trkpt lat="57.9982" lon="38.865855"><ele>121.0</ele><time>2021-10-10T10:51:44Z</time><extensions><gpxtpx:TrackPointExtension><gpxtpx:hr>100</gpxtpx:hr></gpxtpx:TrackPointExtension></extensions></trkpt><trkpt lat="57.998183" lon="38.865867"><ele>121.0</ele><time>2021-10-10T10:51:45Z</time><extensions><gpxtpx:TrackPointExtension><gpxtpx:hr>99</gpxtpx:hr></gpxtpx:TrackPointExtension></extensions></trkpt><trkpt lat="57.998172" lon="38.865882"><ele>121.0</ele><time>2021-10-10T10:51:46Z</time><extensions><gpxtpx:TrackPointExtension><gpxtpx:hr>99</gpxtpx:hr></gpxtpx:TrackPointExtension></extensions></trkpt><trkpt lat="57.998157" lon="38.865902"><ele>121.0</ele><time>2021-10-10T10:51:47Z</time><extensions><gpxtpx:TrackPointExtension><gpxtpx:hr>99</gpxtpx:hr></gpxtpx:TrackPointExtension></extensions></trkpt><trkpt lat="57.998142" lon="38.865925"><ele>121.0</ele><time>2021-10-10T10:51:48Z</time><extensions><gpxtpx:TrackPointExtension><gpxtpx:hr>99</gpxtpx:hr></gpxtpx:TrackPointExtension></extensions></trkpt><trkpt lat="57.998127" lon="38.865947"><ele>121.0</ele><time>2021-10-10T10:51:49Z</time><extensions><gpxtpx:TrackPointExtension><gpxtpx:hr>99</gpxtpx:hr></gpxtpx:TrackPointExtension></extensions></trkpt><trkpt lat="57.99811" lon="38.865973"><ele>121.0</ele><time>2021-10-10T10:51:50Z</time><extensions><gpxtpx:TrackPointExtension><gpxtpx:hr>99</gpxtpx:hr></gpxtpx:TrackPointExtension></extensions></trkpt><trkpt lat="57.998095" lon="38.866"><ele>121.0</ele><time>2021-10-10T10:51:51Z</time><extensions><gpxtpx:TrackPointExtension><gpxtpx:hr>99</gpxtpx:hr></gpxtpx:TrackPointExtension></extensions></trkpt><trkpt lat="57.99808" lon="38.866023"><ele>121.0</ele><time>2021-10-10T10:51:52Z</time><extensions><gpxtpx:TrackPointExtension><gpxtpx:hr>99</gpxtpx:hr></gpxtpx:TrackPointExtension></extensions></trkpt><trkpt lat="57.998065" lon="38.86604"><ele>121.0</ele><time>2021-10-10T10:51:53Z</time><extensions><gpxtpx:TrackPointExtension><gpxtpx:hr>98</gpxtpx:hr></gpxtpx:TrackPointExtension></extensions></trkpt><trkpt lat="57.998055" lon="38.866042"><ele>121.0</ele><time>2021-10-10T10:51:54Z</time><extensions><gpxtpx:TrackPointExtension><gpxtpx:hr>98</gpxtpx:hr></gpxtpx:TrackPointExtension></extensions></trkpt><trkpt lat="57.99805" lon="38.866047"><ele>121.0</ele><time>2021-10-10T10:51:55Z</time><extensions><gpxtpx:TrackPointExtension><gpxtpx:hr>98</gpxtpx:hr></gpxtpx:TrackPointExtension></extensions></trkpt><trkpt lat="57.998035" lon="38.866062"><ele>121.0</ele><time>2021-10-10T10:52:01Z</time><extensions><gpxtpx:TrackPointExtension><gpxtpx:hr>100</gpxtpx:hr></gpxtpx:TrackPointExtension></extensions></trkpt><trkpt lat="57.998035" lon="38.86606"><ele>121.0</ele><time>2021-10-10T10:52:02Z</time><extensions><gpxtpx:TrackPointExtension><gpxtpx:hr>100</gpxtpx:hr></gpxtpx:TrackPointExtension></extensions></trkpt><trkpt lat="57.998012" lon="38.866062"><ele>121.0</ele><time>2021-10-10T10:52:04Z</time><extensions><gpxtpx:TrackPointExtension><gpxtpx:hr>99</gpxtpx:hr></gpxtpx:TrackPointExtension></extensions></trkpt><trkpt lat="57.998005" lon="38.866062"><ele>121.0</ele><time>2021-10-10T10:52:05Z</time><extensions><gpxtpx:TrackPointExtension><gpxtpx:hr>99</gpxtpx:hr></gpxtpx:TrackPointExtension></extensions></trkpt><trkpt lat="57.998" lon="38.866055"><ele>121.0</ele><time>2021-10-10T10:52:06Z</time><extensions><gpxtpx:TrackPointExtension><gpxtpx:hr>99</gpxtpx:hr></gpxtpx:TrackPointExtension></extensions></trkpt><trkpt lat="57.997992" lon="38.86605"><ele>121.0</ele><time>2021-10-10T10:52:07Z</time><extensions><gpxtpx:TrackPointExtension><gpxtpx:hr>99</gpxtpx:hr></gpxtpx:TrackPointExtension></extensions></trkpt><trkpt lat="57.997985" lon="38.866042"><ele>121.0</ele><time>2021-10-10T10:52:08Z</time><extensions><gpxtpx:TrackPointExtension><gpxtpx:hr>99</gpxtpx:hr></gpxtpx:TrackPointExtension></extensions></trkpt><trkpt lat="57.997973" lon="38.866035"><ele>121.0</ele><time>2021-10-10T10:52:09Z</time><extensions><gpxtpx:TrackPointExtension><gpxtpx:hr>99</gpxtpx:hr></gpxtpx:TrackPointExtension></extensions></trkpt><trkpt lat="57.997962" lon="38.866023"><ele>121.0</ele><time>2021-10-10T10:52:10Z</time><extensions><gpxtpx:TrackPointExtension><gpxtpx:hr>98</gpxtpx:hr></gpxtpx:TrackPointExtension></extensions></trkpt><trkpt lat="57.997955" lon="38.866012"><ele>121.0</ele><time>2021-10-10T10:52:11Z</time><extensions><gpxtpx:TrackPointExtension><gpxtpx:hr>98</gpxtpx:hr></gpxtpx:TrackPointExtension></extensions></trkpt><trkpt lat="57.997943" lon="38.865997"><ele>121.0</ele><time>2021-10-10T10:52:12Z</time><extensions><gpxtpx:TrackPointExtension><gpxtpx:hr>98</gpxtpx:hr></gpxtpx:TrackPointExtension></extensions></trkpt><trkpt lat="57.997932" lon="38.865985"><ele>121.0</ele><time>2021-10-10T10:52:13Z</time><extensions><gpxtpx:TrackPointExtension><gpxtpx:hr>96</gpxtpx:hr></gpxtpx:TrackPointExtension></extensions></trkpt><trkpt lat="57.99792" lon="38.86597"><ele>121.0</ele><time>2021-10-10T10:52:14Z</time><extensions><gpxtpx:TrackPointExtension><gpxtpx:hr>93</gpxtpx:hr></gpxtpx:TrackPointExtension></extensions></trkpt><trkpt lat="57.99791" lon="38.865955"><ele>121.0</ele><time>2021-10-10T10:52:15Z</time><extensions><gpxtpx:TrackPointExtension><gpxtpx:hr>89</gpxtpx:hr></gpxtpx:TrackPointExtension></extensions></trkpt><trkpt lat="57.997893" lon="38.865935"><ele>121.0</ele><time>2021-10-10T10:52:16Z</time><extensions><gpxtpx:TrackPointExtension><gpxtpx:hr>88</gpxtpx:hr></gpxtpx:TrackPointExtension></extensions></trkpt><trkpt lat="57.99788" lon="38.865912"><ele>121.0</ele><time>2021-10-10T10:52:17Z</time><extensions><gpxtpx:TrackPointExtension><gpxtpx:hr>88</gpxtpx:hr></gpxtpx:TrackPointExtension></extensions></trkpt><trkpt lat="57.997863" lon="38.865887"><ele>121.0</ele><time>2021-10-10T10:52:18Z</time><extensions><gpxtpx:TrackPointExtension><gpxtpx:hr>86</gpxtpx:hr></gpxtpx:TrackPointExtension></extensions></trkpt><trkpt lat="57.997845" lon="38.865863"><ele>121.0</ele><time>2021-10-10T10:52:19Z</time><extensions><gpxtpx:TrackPointExtension><gpxtpx:hr>85</gpxtpx:hr></gpxtpx:TrackPointExtension></extensions></trkpt><trkpt lat="57.997825" lon="38.86584"><ele>121.0</ele><time>2021-10-10T10:52:20Z</time><extensions><gpxtpx:TrackPointExtension><gpxtpx:hr>85</gpxtpx:hr></gpxtpx:TrackPointExtension></extensions></trkpt><trkpt lat="57.9978" lon="38.865817"><ele>121.0</ele><time>2021-10-10T10:52:21Z</time><extensions><gpxtpx:TrackPointExtension><gpxtpx:hr>87</gpxtpx:hr></gpxtpx:TrackPointExtension></extensions></trkpt><trkpt lat="57.997775" lon="38.865795"><ele>121.0</ele><time>2021-10-10T10:52:22Z</time><extensions><gpxtpx:TrackPointExtension><gpxtpx:hr>88</gpxtpx:hr></gpxtpx:TrackPointExtension></extensions></trkpt><trkpt lat="57.997752" lon="38.865775"><ele>121.0</ele><time>2021-10-10T10:52:23Z</time><extensions><gpxtpx:TrackPointExtension><gpxtpx:hr>88</gpxtpx:hr></gpxtpx:TrackPointExtension></extensions></trkpt><trkpt lat="57.997733" lon="38.86575"><ele>121.0</ele><time>2021-10-10T10:52:24Z</time><extensions><gpxtpx:TrackPointExtension><gpxtpx:hr>89</gpxtpx:hr></gpxtpx:TrackPointExtension></extensions></trkpt><trkpt lat="57.997708" lon="38.86572"><ele>121.0</ele><time>2021-10-10T10:52:25Z</time><extensions><gpxtpx:TrackPointExtension><gpxtpx:hr>89</gpxtpx:hr></gpxtpx:TrackPointExtension></extensions></trkpt><trkpt lat="57.99769" lon="38.865692"><ele>121.0</ele><time>2021-10-10T10:52:26Z</time><extensions><gpxtpx:TrackPointExtension><gpxtpx:hr>89</gpxtpx:hr></gpxtpx:TrackPointExtension></extensions></trkpt><trkpt lat="57.997665" lon="38.86567"><ele>121.0</ele><time>2021-10-10T10:52:27Z</time><extensions><gpxtpx:TrackPointExtension><gpxtpx:hr>89</gpxtpx:hr></gpxtpx:TrackPointExtension></extensions></trkpt><trkpt lat="57.997645" lon="38.86564"><ele>121.0</ele><time>2021-10-10T10:52:28Z</time><extensions><gpxtpx:TrackPointExtension><gpxtpx:hr>89</gpxtpx:hr></gpxtpx:TrackPointExtension></extensions></trkpt><trkpt lat="57.997627" lon="38.86561"><ele>121.0</ele><time>2021-10-10T10:52:29Z</time><extensions><gpxtpx:TrackPointExtension><gpxtpx:hr>89</gpxtpx:hr></gpxtpx:TrackPointExtension></extensions></trkpt><trkpt lat="57.997603" lon="38.865577"><ele>121.0</ele><time>2021-10-10T10:52:30Z</time><extensions><gpxtpx:TrackPointExtension><gpxtpx:hr>89</gpxtpx:hr></gpxtpx:TrackPointExtension></extensions></trkpt><trkpt lat="57.997585" lon="38.865547"><ele>121.0</ele><time>2021-10-10T10:52:31Z</time><extensions><gpxtpx:TrackPointExtension><gpxtpx:hr>91</gpxtpx:hr></gpxtpx:TrackPointExtension></extensions></trkpt><trkpt lat="57.997565" lon="38.865523"><ele>121.0</ele><time>2021-10-10T10:52:32Z</time><extensions><gpxtpx:TrackPointExtension><gpxtpx:hr>91</gpxtpx:hr></gpxtpx:TrackPointExtension></extensions></trkpt><trkpt lat="57.99755" lon="38.86551"><ele>121.0</ele><time>2021-10-10T10:52:33Z</time><extensions><gpxtpx:TrackPointExtension><gpxtpx:hr>92</gpxtpx:hr></gpxtpx:TrackPointExtension></extensions></trkpt><trkpt lat="57.997535" lon="38.865493"><ele>121.0</ele><time>2021-10-10T10:52:34Z</time><extensions><gpxtpx:TrackPointExtension><gpxtpx:hr>92</gpxtpx:hr></gpxtpx:TrackPointExtension></extensions></trkpt><trkpt lat="57.99752" lon="38.86547"><ele>121.0</ele><time>2021-10-10T10:52:35Z</time><extensions><gpxtpx:TrackPointExtension><gpxtpx:hr>92</gpxtpx:hr></gpxtpx:TrackPointExtension></extensions></trkpt><trkpt lat="57.997505" lon="38.865443"><ele>121.0</ele><time>2021-10-10T10:52:36Z</time><extensions><gpxtpx:TrackPointExtension><gpxtpx:hr>92</gpxtpx:hr></gpxtpx:TrackPointExtension></extensions></trkpt><trkpt lat="57.997493" lon="38.865417"><ele>121.0</ele><time>2021-10-10T10:52:37Z</time><extensions><gpxtpx:TrackPointExtension><gpxtpx:hr>92</gpxtpx:hr></gpxtpx:TrackPointExtension></extensions></trkpt><trkpt lat="57.997475" lon="38.865387"><ele>121.0</ele><time>2021-10-10T10:52:38Z</time><extensions><gpxtpx:TrackPointExtension><gpxtpx:hr>91</gpxtpx:hr></gpxtpx:TrackPointExtension></extensions></trkpt><trkpt lat="57.99746" lon="38.86536"><ele>121.0</ele><time>2021-10-10T10:52:39Z</time><extensions><gpxtpx:TrackPointExtension><gpxtpx:hr>91</gpxtpx:hr></gpxtpx:TrackPointExtension></extensions></trkpt><trkpt lat="57.99744" lon="38.865325"><ele>121.0</ele><time>2021-10-10T10:52:40Z</time><extensions><gpxtpx:TrackPointExtension><gpxtpx:hr>91</gpxtpx:hr></gpxtpx:TrackPointExtension></extensions></trkpt><trkpt lat="57.997417" lon="38.86529"><ele>121.0</ele><time>2021-10-10T10:52:41Z</time><extensions><gpxtpx:TrackPointExtension><gpxtpx:hr>91</gpxtpx:hr></gpxtpx:TrackPointExtension></extensions></trkpt><trkpt lat="57.9974" lon="38.86526"><ele>121.0</ele><time>2021-10-10T10:52:42Z</time><extensions><gpxtpx:TrackPointExtension><gpxtpx:hr>91</gpxtpx:hr></gpxtpx:TrackPointExtension></extensions></trkpt><trkpt lat="57.99738" lon="38.865233"><ele>121.0</ele><time>2021-10-10T10:52:43Z</time><extensions><gpxtpx:TrackPointExtension><gpxtpx:hr>91</gpxtpx:hr></gpxtpx:TrackPointExtension></extensions></trkpt><trkpt lat="57.99736" lon="38.86521"><ele>121.0</ele><time>2021-10-10T10:52:44Z</time><extensions><gpxtpx:TrackPointExtension><gpxtpx:hr>92</gpxtpx:hr></gpxtpx:TrackPointExtension></extensions></trkpt><trkpt lat="57.99734" lon="38.86519"><ele>121.0</ele><time>2021-10-10T10:52:45Z</time><extensions><gpxtpx:TrackPointExtension><gpxtpx:hr>92</gpxtpx:hr></gpxtpx:TrackPointExtension></extensions></trkpt><trkpt lat="57.997322" lon="38.86517"><ele>121.0</ele><time>2021-10-10T10:52:46Z</time><extensions><gpxtpx:TrackPointExtension><gpxtpx:hr>92</gpxtpx:hr></gpxtpx:TrackPointExtension></extensions></trkpt><trkpt lat="57.997302" lon="38.86515"><ele>121.0</ele><time>2021-10-10T10:52:47Z</time><extensions><gpxtpx:TrackPointExtension><gpxtpx:hr>92</gpxtpx:hr></gpxtpx:TrackPointExtension></extensions></trkpt><trkpt lat="57.997283" lon="38.865135"><ele>121.0</ele><time>2021-10-10T10:52:48Z</time><extensions><gpxtpx:TrackPointExtension><gpxtpx:hr>93</gpxtpx:hr></gpxtpx:TrackPointExtension></extensions></trkpt><trkpt lat="57.99727" lon="38.865115"><ele>121.0</ele><time>2021-10-10T10:52:49Z</time><extensions><gpxtpx:TrackPointExtension><gpxtpx:hr>93</gpxtpx:hr></gpxtpx:TrackPointExtension></extensions></trkpt><trkpt lat="57.99725" lon="38.865097"><ele>121.0</ele><time>2021-10-10T10:52:50Z</time><extensions><gpxtpx:TrackPointExtension><gpxtpx:hr>93</gpxtpx:hr></gpxtpx:TrackPointExtension></extensions></trkpt><trkpt lat="57.99723" lon="38.865073"><ele>121.0</ele><time>2021-10-10T10:52:51Z</time><extensions><gpxtpx:TrackPointExtension><gpxtpx:hr>93</gpxtpx:hr></gpxtpx:TrackPointExtension></extensions></trkpt><trkpt lat="57.997215" lon="38.865055"><ele>121.0</ele><time>2021-10-10T10:52:52Z</time><extensions><gpxtpx:TrackPointExtension><gpxtpx:hr>93</gpxtpx:hr></gpxtpx:TrackPointExtension></extensions></trkpt><trkpt lat="57.997207" lon="38.86504"><ele>121.0</ele><time>2021-10-10T10:52:53Z</time><extensions><gpxtpx:TrackPointExtension><gpxtpx:hr>93</gpxtpx:hr></gpxtpx:TrackPointExtension></extensions></trkpt><trkpt lat="57.997203" lon="38.865028"><ele>121.0</ele><time>2021-10-10T10:52:54Z</time><extensions><gpxtpx:TrackPointExtension><gpxtpx:hr>93</gpxtpx:hr></gpxtpx:TrackPointExtension></extensions></trkpt><trkpt lat="57.997207" lon="38.86502"><ele>121.0</ele><time>2021-10-10T10:52:55Z</time><extensions><gpxtpx:TrackPointExtension><gpxtpx:hr>92</gpxtpx:hr></gpxtpx:TrackPointExtension></extensions></trkpt><trkpt lat="57.997207" lon="38.865017"><ele>121.0</ele><time>2021-10-10T10:52:56Z</time><extensions><gpxtpx:TrackPointExtension><gpxtpx:hr>92</gpxtpx:hr></gpxtpx:TrackPointExtension></extensions></trkpt><trkpt lat="57.99721" lon="38.86501"><ele>121.0</ele><time>2021-10-10T10:52:57Z</time><extensions><gpxtpx:TrackPointExtension><gpxtpx:hr>91</gpxtpx:hr></gpxtpx:TrackPointExtension></extensions></trkpt><trkpt lat="57.99722" lon="38.865"><ele>121.0</ele><time>2021-10-10T10:52:58Z</time><extensions><gpxtpx:TrackPointExtension><gpxtpx:hr>91</gpxtpx:hr></gpxtpx:TrackPointExtension></extensions></trkpt><trkpt lat="57.997222" lon="38.864985"><ele>121.0</ele><time>2021-10-10T10:52:59Z</time><extensions><gpxtpx:TrackPointExtension><gpxtpx:hr>92</gpxtpx:hr></gpxtpx:TrackPointExtension></extensions></trkpt><trkpt lat="57.997227" lon="38.864975"><ele>121.0</ele><time>2021-10-10T10:53:00Z</time><extensions><gpxtpx:TrackPointExtension><gpxtpx:hr>92</gpxtpx:hr></gpxtpx:TrackPointExtension></extensions></trkpt><trkpt lat="57.99723" lon="38.864963"><ele>121.0</ele><time>2021-10-10T10:53:01Z</time><extensions><gpxtpx:TrackPointExtension><gpxtpx:hr>94</gpxtpx:hr></gpxtpx:TrackPointExtension></extensions></trkpt><trkpt lat="57.99723" lon="38.86495"><ele>121.0</ele><time>2021-10-10T10:53:02Z</time><extensions><gpxtpx:TrackPointExtension><gpxtpx:hr>95</gpxtpx:hr></gpxtpx:TrackPointExtension></extensions></trkpt><trkpt lat="57.997227" lon="38.86493"><ele>121.0</ele><time>2021-10-10T10:53:03Z</time><extensions><gpxtpx:TrackPointExtension><gpxtpx:hr>94</gpxtpx:hr></gpxtpx:TrackPointExtension></extensions></trkpt><trkpt lat="57.997227" lon="38.864913"><ele>121.0</ele><time>2021-10-10T10:53:04Z</time><extensions><gpxtpx:TrackPointExtension><gpxtpx:hr>92</gpxtpx:hr></gpxtpx:TrackPointExtension></extensions></trkpt><trkpt lat="57.997227" lon="38.86489"><ele>121.0</ele><time>2021-10-10T10:53:05Z</time><extensions><gpxtpx:TrackPointExtension><gpxtpx:hr>92</gpxtpx:hr></gpxtpx:TrackPointExtension></extensions></trkpt><trkpt lat="57.997227" lon="38.86487"><ele>121.0</ele><time>2021-10-10T10:53:06Z</time><extensions><gpxtpx:TrackPointExtension><gpxtpx:hr>90</gpxtpx:hr></gpxtpx:TrackPointExtension></extensions></trkpt><trkpt lat="57.997227" lon="38.864845"><ele>121.0</ele><time>2021-10-10T10:53:07Z</time><extensions><gpxtpx:TrackPointExtension><gpxtpx:hr>89</gpxtpx:hr></gpxtpx:TrackPointExtension></extensions></trkpt><trkpt lat="57.997227" lon="38.864822"><ele>121.0</ele><time>2021-10-10T10:53:08Z</time><extensions><gpxtpx:TrackPointExtension><gpxtpx:hr>89</gpxtpx:hr></gpxtpx:TrackPointExtension></extensions></trkpt><trkpt lat="57.997227" lon="38.864802"><ele>121.0</ele><time>2021-10-10T10:53:09Z</time><extensions><gpxtpx:TrackPointExtension><gpxtpx:hr>90</gpxtpx:hr></gpxtpx:TrackPointExtension></extensions></trkpt><trkpt lat="57.997227" lon="38.864787"><ele>121.0</ele><time>2021-10-10T10:53:10Z</time><extensions><gpxtpx:TrackPointExtension><gpxtpx:hr>90</gpxtpx:hr></gpxtpx:TrackPointExtension></extensions></trkpt><trkpt lat="57.99723" lon="38.86477"><ele>121.0</ele><time>2021-10-10T10:53:11Z</time><extensions><gpxtpx:TrackPointExtension><gpxtpx:hr>90</gpxtpx:hr></gpxtpx:TrackPointExtension></extensions></trkpt><trkpt lat="57.997233" lon="38.864745"><ele>121.0</ele><time>2021-10-10T10:53:12Z</time><extensions><gpxtpx:TrackPointExtension><gpxtpx:hr>90</gpxtpx:hr></gpxtpx:TrackPointExtension></extensions></trkpt><trkpt lat="57.997233" lon="38.864718"><ele>121.0</ele><time>2021-10-10T10:53:13Z</time><extensions><gpxtpx:TrackPointExtension><gpxtpx:hr>90</gpxtpx:hr></gpxtpx:TrackPointExtension></extensions></trkpt><trkpt lat="57.99723" lon="38.864692"><ele>121.0</ele><time>2021-10-10T10:53:14Z</time><extensions><gpxtpx:TrackPointExtension><gpxtpx:hr>91</gpxtpx:hr></gpxtpx:TrackPointExtension></extensions></trkpt><trkpt lat="57.997227" lon="38.864665"><ele>121.0</ele><time>2021-10-10T10:53:15Z</time><extensions><gpxtpx:TrackPointExtension><gpxtpx:hr>91</gpxtpx:hr></gpxtpx:TrackPointExtension></extensions></trkpt><trkpt lat="57.997222" lon="38.864642"><ele>121.0</ele><time>2021-10-10T10:53:16Z</time><extensions><gpxtpx:TrackPointExtension><gpxtpx:hr>92</gpxtpx:hr></gpxtpx:TrackPointExtension></extensions></trkpt><trkpt lat="57.997215" lon="38.864623"><ele>121.0</ele><time>2021-10-10T10:53:17Z</time><extensions><gpxtpx:TrackPointExtension><gpxtpx:hr>92</gpxtpx:hr></gpxtpx:TrackPointExtension></extensions></trkpt><trkpt lat="57.997207" lon="38.8646"><ele>121.0</ele><time>2021-10-10T10:53:18Z</time><extensions><gpxtpx:TrackPointExtension><gpxtpx:hr>90</gpxtpx:hr></gpxtpx:TrackPointExtension></extensions></trkpt><trkpt lat="57.997203" lon="38.864578"><ele>121.0</ele><time>2021-10-10T10:53:19Z</time><extensions><gpxtpx:TrackPointExtension><gpxtpx:hr>90</gpxtpx:hr></gpxtpx:TrackPointExtension></extensions></trkpt><trkpt lat="57.997195" lon="38.86457"><ele>121.0</ele><time>2021-10-10T10:53:20Z</time><extensions><gpxtpx:TrackPointExtension><gpxtpx:hr>90</gpxtpx:hr></gpxtpx:TrackPointExtension></extensions></trkpt><trkpt lat="57.99719" lon="38.864562"><ele>121.0</ele><time>2021-10-10T10:53:21Z</time><extensions><gpxtpx:TrackPointExtension><gpxtpx:hr>90</gpxtpx:hr></gpxtpx:TrackPointExtension></extensions></trkpt><trkpt lat="57.99718" lon="38.86456"><ele>121.0</ele><time>2021-10-10T10:53:22Z</time><extensions><gpxtpx:TrackPointExtension><gpxtpx:hr>90</gpxtpx:hr></gpxtpx:TrackPointExtension></extensions></trkpt><trkpt lat="57.997177" lon="38.86455"><ele>121.0</ele><time>2021-10-10T10:53:23Z</time><extensions><gpxtpx:TrackPointExtension><gpxtpx:hr>90</gpxtpx:hr></gpxtpx:TrackPointExtension></extensions></trkpt><trkpt lat="57.99718" lon="38.864532"><ele>121.0</ele><time>2021-10-10T10:53:24Z</time><extensions><gpxtpx:TrackPointExtension><gpxtpx:hr>90</gpxtpx:hr></gpxtpx:TrackPointExtension></extensions></trkpt><trkpt lat="57.997177" lon="38.86451"><ele>121.0</ele><time>2021-10-10T10:53:25Z</time><extensions><gpxtpx:TrackPointExtension><gpxtpx:hr>88</gpxtpx:hr></gpxtpx:TrackPointExtension></extensions></trkpt><trkpt lat="57.997177" lon="38.864487"><ele>121.0</ele><time>2021-10-10T10:53:26Z</time><extensions><gpxtpx:TrackPointExtension><gpxtpx:hr>86</gpxtpx:hr></gpxtpx:TrackPointExtension></extensions></trkpt><trkpt lat="57.997172" lon="38.86446"><ele>121.0</ele><time>2021-10-10T10:53:27Z</time><extensions><gpxtpx:TrackPointExtension><gpxtpx:hr>86</gpxtpx:hr></gpxtpx:TrackPointExtension></extensions></trkpt><trkpt lat="57.99717" lon="38.864437"><ele>121.0</ele><time>2021-10-10T10:53:28Z</time><extensions><gpxtpx:TrackPointExtension><gpxtpx:hr>85</gpxtpx:hr></gpxtpx:TrackPointExtension></extensions></trkpt><trkpt lat="57.997165" lon="38.864413"><ele>121.0</ele><time>2021-10-10T10:53:29Z</time><extensions><gpxtpx:TrackPointExtension><gpxtpx:hr>85</gpxtpx:hr></gpxtpx:TrackPointExtension></extensions></trkpt><trkpt lat="57.99716" lon="38.864387"><ele>121.0</ele><time>2021-10-10T10:53:30Z</time><extensions><gpxtpx:TrackPointExtension><gpxtpx:hr>84</gpxtpx:hr></gpxtpx:TrackPointExtension></extensions></trkpt><trkpt lat="57.997153" lon="38.86437"><ele>121.0</ele><time>2021-10-10T10:53:31Z</time><extensions><gpxtpx:TrackPointExtension><gpxtpx:hr>84</gpxtpx:hr></gpxtpx:TrackPointExtension></extensions></trkpt><trkpt lat="57.997153" lon="38.86435"><ele>121.0</ele><time>2021-10-10T10:53:32Z</time><extensions><gpxtpx:TrackPointExtension><gpxtpx:hr>83</gpxtpx:hr></gpxtpx:TrackPointExtension></extensions></trkpt><trkpt lat="57.99715" lon="38.86433"><ele>121.0</ele><time>2021-10-10T10:53:33Z</time><extensions><gpxtpx:TrackPointExtension><gpxtpx:hr>83</gpxtpx:hr></gpxtpx:TrackPointExtension></extensions></trkpt><trkpt lat="57.99715" lon="38.864307"><ele>121.0</ele><time>2021-10-10T10:53:34Z</time><extensions><gpxtpx:TrackPointExtension><gpxtpx:hr>83</gpxtpx:hr></gpxtpx:TrackPointExtension></extensions></trkpt><trkpt lat="57.997147" lon="38.864285"><ele>121.0</ele><time>2021-10-10T10:53:35Z</time><extensions><gpxtpx:TrackPointExtension><gpxtpx:hr>82</gpxtpx:hr></gpxtpx:TrackPointExtension></extensions></trkpt><trkpt lat="57.997147" lon="38.864257"><ele>121.0</ele><time>2021-10-10T10:53:36Z</time><extensions><gpxtpx:TrackPointExtension><gpxtpx:hr>82</gpxtpx:hr></gpxtpx:TrackPointExtension></extensions></trkpt><trkpt lat="57.997147" lon="38.86423"><ele>121.0</ele><time>2021-10-10T10:53:37Z</time><extensions><gpxtpx:TrackPointExtension><gpxtpx:hr>82</gpxtpx:hr></gpxtpx:TrackPointExtension></extensions></trkpt><trkpt lat="57.997147" lon="38.864212"><ele>121.0</ele><time>2021-10-10T10:53:38Z</time><extensions><gpxtpx:TrackPointExtension><gpxtpx:hr>82</gpxtpx:hr></gpxtpx:TrackPointExtension></extensions></trkpt><trkpt lat="57.99715" lon="38.864185"><ele>121.0</ele><time>2021-10-10T10:53:39Z</time><extensions><gpxtpx:TrackPointExtension><gpxtpx:hr>82</gpxtpx:hr></gpxtpx:TrackPointExtension></extensions></trkpt><trkpt lat="57.997153" lon="38.864162"><ele>121.0</ele><time>2021-10-10T10:53:40Z</time><extensions><gpxtpx:TrackPointExtension><gpxtpx:hr>82</gpxtpx:hr></gpxtpx:TrackPointExtension></extensions></trkpt><trkpt lat="57.997157" lon="38.864142"><ele>121.0</ele><time>2021-10-10T10:53:41Z</time><extensions><gpxtpx:TrackPointExtension><gpxtpx:hr>82</gpxtpx:hr></gpxtpx:TrackPointExtension></extensions></trkpt><trkpt lat="57.997157" lon="38.86412"><ele>121.0</ele><time>2021-10-10T10:53:42Z</time><extensions><gpxtpx:TrackPointExtension><gpxtpx:hr>82</gpxtpx:hr></gpxtpx:TrackPointExtension></extensions></trkpt><trkpt lat="57.997157" lon="38.86409"><ele>121.0</ele><time>2021-10-10T10:53:43Z</time><extensions><gpxtpx:TrackPointExtension><gpxtpx:hr>83</gpxtpx:hr></gpxtpx:TrackPointExtension></extensions></trkpt><trkpt lat="57.997153" lon="38.86406"><ele>121.0</ele><time>2021-10-10T10:53:44Z</time><extensions><gpxtpx:TrackPointExtension><gpxtpx:hr>83</gpxtpx:hr></gpxtpx:TrackPointExtension></extensions></trkpt><trkpt lat="57.997147" lon="38.86403"><ele>121.0</ele><time>2021-10-10T10:53:45Z</time><extensions><gpxtpx:TrackPointExtension><gpxtpx:hr>83</gpxtpx:hr></gpxtpx:TrackPointExtension></extensions></trkpt><trkpt lat="57.997142" lon="38.864"><ele>121.0</ele><time>2021-10-10T10:53:46Z</time><extensions><gpxtpx:TrackPointExtension><gpxtpx:hr>83</gpxtpx:hr></gpxtpx:TrackPointExtension></extensions></trkpt><trkpt lat="57.997142" lon="38.863975"><ele>121.0</ele><time>2021-10-10T10:53:47Z</time><extensions><gpxtpx:TrackPointExtension><gpxtpx:hr>83</gpxtpx:hr></gpxtpx:TrackPointExtension></extensions></trkpt><trkpt lat="57.99714" lon="38.863955"><ele>121.0</ele><time>2021-10-10T10:53:48Z</time><extensions><gpxtpx:TrackPointExtension><gpxtpx:hr>83</gpxtpx:hr></gpxtpx:TrackPointExtension></extensions></trkpt><trkpt lat="57.99713" lon="38.863933"><ele>121.0</ele><time>2021-10-10T10:53:49Z</time><extensions><gpxtpx:TrackPointExtension><gpxtpx:hr>83</gpxtpx:hr></gpxtpx:TrackPointExtension></extensions></trkpt><trkpt lat="57.99713" lon="38.863922"><ele>121.0</ele><time>2021-10-10T10:53:50Z</time><extensions><gpxtpx:TrackPointExtension><gpxtpx:hr>82</gpxtpx:hr></gpxtpx:TrackPointExtension></extensions></trkpt><trkpt lat="57.99713" lon="38.863902"><ele>121.0</ele><time>2021-10-10T10:53:51Z</time><extensions><gpxtpx:TrackPointExtension><gpxtpx:hr>82</gpxtpx:hr></gpxtpx:TrackPointExtension></extensions></trkpt><trkpt lat="57.997123" lon="38.86388"><ele>121.0</ele><time>2021-10-10T10:53:52Z</time><extensions><gpxtpx:TrackPointExtension><gpxtpx:hr>84</gpxtpx:hr></gpxtpx:TrackPointExtension></extensions></trkpt><trkpt lat="57.99712" lon="38.863865"><ele>121.0</ele><time>2021-10-10T10:53:53Z</time><extensions><gpxtpx:TrackPointExtension><gpxtpx:hr>84</gpxtpx:hr></gpxtpx:TrackPointExtension></extensions></trkpt><trkpt lat="57.997115" lon="38.86385"><ele>121.0</ele><time>2021-10-10T10:53:54Z</time><extensions><gpxtpx:TrackPointExtension><gpxtpx:hr>84</gpxtpx:hr></gpxtpx:TrackPointExtension></extensions></trkpt><trkpt lat="57.99711" lon="38.86384"><ele>121.0</ele><time>2021-10-10T10:53:55Z</time><extensions><gpxtpx:TrackPointExtension><gpxtpx:hr>84</gpxtpx:hr></gpxtpx:TrackPointExtension></extensions></trkpt><trkpt lat="57.997097" lon="38.863822"><ele>121.0</ele><time>2021-10-10T10:53:56Z</time><extensions><gpxtpx:TrackPointExtension><gpxtpx:hr>84</gpxtpx:hr></gpxtpx:TrackPointExtension></extensions></trkpt><trkpt lat="57.99708" lon="38.86381"><ele>121.0</ele><time>2021-10-10T10:53:57Z</time><extensions><gpxtpx:TrackPointExtension><gpxtpx:hr>84</gpxtpx:hr></gpxtpx:TrackPointExtension></extensions></trkpt><trkpt lat="57.997062" lon="38.863803"><ele>121.0</ele><time>2021-10-10T10:53:58Z</time><extensions><gpxtpx:TrackPointExtension><gpxtpx:hr>84</gpxtpx:hr></gpxtpx:TrackPointExtension></extensions></trkpt><trkpt lat="57.997043" lon="38.863795"><ele>121.0</ele><time>2021-10-10T10:53:59Z</time><extensions><gpxtpx:TrackPointExtension><gpxtpx:hr>84</gpxtpx:hr></gpxtpx:TrackPointExtension></extensions></trkpt><trkpt lat="57.997025" lon="38.863792"><ele>121.0</ele><time>2021-10-10T10:54:00Z</time><extensions><gpxtpx:TrackPointExtension><gpxtpx:hr>84</gpxtpx:hr></gpxtpx:TrackPointExtension></extensions></trkpt><trkpt lat="57.997005" lon="38.863792"><ele>121.0</ele><time>2021-10-10T10:54:01Z</time><extensions><gpxtpx:TrackPointExtension><gpxtpx:hr>85</gpxtpx:hr></gpxtpx:TrackPointExtension></extensions></trkpt><trkpt lat="57.99699" lon="38.863795"><ele>121.0</ele><time>2021-10-10T10:54:02Z</time><extensions><gpxtpx:TrackPointExtension><gpxtpx:hr>86</gpxtpx:hr></gpxtpx:TrackPointExtension></extensions></trkpt><trkpt lat="57.996975" lon="38.8638"><ele>121.0</ele><time>2021-10-10T10:54:03Z</time><extensions><gpxtpx:TrackPointExtension><gpxtpx:hr>86</gpxtpx:hr></gpxtpx:TrackPointExtension></extensions></trkpt><trkpt lat="57.99696" lon="38.8638"><ele>121.0</ele><time>2021-10-10T10:54:04Z</time><extensions><gpxtpx:TrackPointExtension><gpxtpx:hr>88</gpxtpx:hr></gpxtpx:TrackPointExtension></extensions></trkpt><trkpt lat="57.99694" lon="38.863803"><ele>121.0</ele><time>2021-10-10T10:54:05Z</time><extensions><gpxtpx:TrackPointExtension><gpxtpx:hr>88</gpxtpx:hr></gpxtpx:TrackPointExtension></extensions></trkpt><trkpt lat="57.996925" lon="38.863803"><ele>121.0</ele><time>2021-10-10T10:54:06Z</time><extensions><gpxtpx:TrackPointExtension><gpxtpx:hr>88</gpxtpx:hr></gpxtpx:TrackPointExtension></extensions></trkpt><trkpt lat="57.99691" lon="38.8638"><ele>121.0</ele><time>2021-10-10T10:54:07Z</time><extensions><gpxtpx:TrackPointExtension><gpxtpx:hr>88</gpxtpx:hr></gpxtpx:TrackPointExtension></extensions></trkpt><trkpt lat="57.99689" lon="38.8638"><ele>121.0</ele><time>2021-10-10T10:54:08Z</time><extensions><gpxtpx:TrackPointExtension><gpxtpx:hr>87</gpxtpx:hr></gpxtpx:TrackPointExtension></extensions></trkpt><trkpt lat="57.996872" lon="38.863795"><ele>121.0</ele><time>2021-10-10T10:54:08Z</time><extensions><gpxtpx:TrackPointExtension><gpxtpx:hr>87</gpxtpx:hr></gpxtpx:TrackPointExtension></extensions></trkpt><trkpt lat="57.996852" lon="38.863792"><ele>121.0</ele><time>2021-10-10T10:54:09Z</time><extensions><gpxtpx:TrackPointExtension><gpxtpx:hr>86</gpxtpx:hr></gpxtpx:TrackPointExtension></extensions></trkpt><trkpt lat="57.996833" lon="38.863795"><ele>121.0</ele><time>2021-10-10T10:54:10Z</time><extensions><gpxtpx:TrackPointExtension><gpxtpx:hr>86</gpxtpx:hr></gpxtpx:TrackPointExtension></extensions></trkpt><trkpt lat="57.996807" lon="38.8638"><ele>121.0</ele><time>2021-10-10T10:54:11Z</time><extensions><gpxtpx:TrackPointExtension><gpxtpx:hr>87</gpxtpx:hr></gpxtpx:TrackPointExtension></extensions></trkpt><trkpt lat="57.996783" lon="38.863803"><ele>121.0</ele><time>2021-10-10T10:54:12Z</time><extensions><gpxtpx:TrackPointExtension><gpxtpx:hr>87</gpxtpx:hr></gpxtpx:TrackPointExtension></extensions></trkpt><trkpt lat="57.99676" lon="38.86381"><ele>121.0</ele><time>2021-10-10T10:54:13Z</time><extensions><gpxtpx:TrackPointExtension><gpxtpx:hr>87</gpxtpx:hr></gpxtpx:TrackPointExtension></extensions></trkpt><trkpt lat="57.99674" lon="38.863818"><ele>121.0</ele><time>2021-10-10T10:54:14Z</time><extensions><gpxtpx:TrackPointExtension><gpxtpx:hr>89</gpxtpx:hr></gpxtpx:TrackPointExtension></extensions></trkpt><trkpt lat="57.996715" lon="38.86383"><ele>121.0</ele><time>2021-10-10T10:54:15Z</time><extensions><gpxtpx:TrackPointExtension><gpxtpx:hr>90</gpxtpx:hr></gpxtpx:TrackPointExtension></extensions></trkpt><trkpt lat="57.996695" lon="38.86384"><ele>121.0</ele><time>2021-10-10T10:54:16Z</time><extensions><gpxtpx:TrackPointExtension><gpxtpx:hr>90</gpxtpx:hr></gpxtpx:TrackPointExtension></extensions></trkpt><trkpt lat="57.996677" lon="38.86385"><ele>121.0</ele><time>2021-10-10T10:54:17Z</time><extensions><gpxtpx:TrackPointExtension><gpxtpx:hr>93</gpxtpx:hr></gpxtpx:TrackPointExtension></extensions></trkpt><trkpt lat="57.996662" lon="38.863872"><ele>121.0</ele><time>2021-10-10T10:54:18Z</time><extensions><gpxtpx:TrackPointExtension><gpxtpx:hr>93</gpxtpx:hr></gpxtpx:TrackPointExtension></extensions></trkpt><trkpt lat="57.996647" lon="38.863895"><ele>121.0</ele><time>2021-10-10T10:54:19Z</time><extensions><gpxtpx:TrackPointExtension><gpxtpx:hr>93</gpxtpx:hr></gpxtpx:TrackPointExtension></extensions></trkpt><trkpt lat="57.99663" lon="38.863922"><ele>121.0</ele><time>2021-10-10T10:54:20Z</time><extensions><gpxtpx:TrackPointExtension><gpxtpx:hr>92</gpxtpx:hr></gpxtpx:TrackPointExtension></extensions></trkpt><trkpt lat="57.996615" lon="38.863937"><ele>121.0</ele><time>2021-10-10T10:54:21Z</time><extensions><gpxtpx:TrackPointExtension><gpxtpx:hr>92</gpxtpx:hr></gpxtpx:TrackPointExtension></extensions></trkpt><trkpt lat="57.9966" lon="38.86395"><ele>121.0</ele><time>2021-10-10T10:54:22Z</time><extensions><gpxtpx:TrackPointExtension><gpxtpx:hr>91</gpxtpx:hr></gpxtpx:TrackPointExtension></extensions></trkpt><trkpt lat="57.996582" lon="38.863967"><ele>121.0</ele><time>2021-10-10T10:54:23Z</time><extensions><gpxtpx:TrackPointExtension><gpxtpx:hr>91</gpxtpx:hr></gpxtpx:TrackPointExtension></extensions></trkpt><trkpt lat="57.996567" lon="38.86399"><ele>121.0</ele><time>2021-10-10T10:54:24Z</time><extensions><gpxtpx:TrackPointExtension><gpxtpx:hr>91</gpxtpx:hr></gpxtpx:TrackPointExtension></extensions></trkpt><trkpt lat="57.996547" lon="38.864013"><ele>121.0</ele><time>2021-10-10T10:54:25Z</time><extensions><gpxtpx:TrackPointExtension><gpxtpx:hr>91</gpxtpx:hr></gpxtpx:TrackPointExtension></extensions></trkpt><trkpt lat="57.99653" lon="38.864032"><ele>121.0</ele><time>2021-10-10T10:54:26Z</time><extensions><gpxtpx:TrackPointExtension><gpxtpx:hr>91</gpxtpx:hr></gpxtpx:TrackPointExtension></extensions></trkpt><trkpt lat="57.99651" lon="38.86405"><ele>121.0</ele><time>2021-10-10T10:54:27Z</time><extensions><gpxtpx:TrackPointExtension><gpxtpx:hr>91</gpxtpx:hr></gpxtpx:TrackPointExtension></extensions></trkpt><trkpt lat="57.996487" lon="38.864055"><ele>121.0</ele><time>2021-10-10T10:54:28Z</time><extensions><gpxtpx:TrackPointExtension><gpxtpx:hr>91</gpxtpx:hr></gpxtpx:TrackPointExtension></extensions></trkpt><trkpt lat="57.996467" lon="38.86405"><ele>121.0</ele><time>2021-10-10T10:54:29Z</time><extensions><gpxtpx:TrackPointExtension><gpxtpx:hr>91</gpxtpx:hr></gpxtpx:TrackPointExtension></extensions></trkpt><trkpt lat="57.996445" lon="38.86404"><ele>121.0</ele><time>2021-10-10T10:54:30Z</time><extensions><gpxtpx:TrackPointExtension><gpxtpx:hr>91</gpxtpx:hr></gpxtpx:TrackPointExtension></extensions></trkpt><trkpt lat="57.996425" lon="38.86403"><ele>121.0</ele><time>2021-10-10T10:54:31Z</time><extensions><gpxtpx:TrackPointExtension><gpxtpx:hr>91</gpxtpx:hr></gpxtpx:TrackPointExtension></extensions></trkpt><trkpt lat="57.99641" lon="38.864013"><ele>121.0</ele><time>2021-10-10T10:54:32Z</time><extensions><gpxtpx:TrackPointExtension><gpxtpx:hr>91</gpxtpx:hr></gpxtpx:TrackPointExtension></extensions></trkpt><trkpt lat="57.99639" lon="38.86399"><ele>121.0</ele><time>2021-10-10T10:54:33Z</time><extensions><gpxtpx:TrackPointExtension><gpxtpx:hr>91</gpxtpx:hr></gpxtpx:TrackPointExtension></extensions></trkpt><trkpt lat="57.996375" lon="38.86397"><ele>121.0</ele><time>2021-10-10T10:54:34Z</time><extensions><gpxtpx:TrackPointExtension><gpxtpx:hr>91</gpxtpx:hr></gpxtpx:TrackPointExtension></extensions></trkpt><trkpt lat="57.99636" lon="38.863945"><ele>121.0</ele><time>2021-10-10T10:54:35Z</time><extensions><gpxtpx:TrackPointExtension><gpxtpx:hr>91</gpxtpx:hr></gpxtpx:TrackPointExtension></extensions></trkpt><trkpt lat="57.996345" lon="38.86392"><ele>121.0</ele><time>2021-10-10T10:54:36Z</time><extensions><gpxtpx:TrackPointExtension><gpxtpx:hr>92</gpxtpx:hr></gpxtpx:TrackPointExtension></extensions></trkpt><trkpt lat="57.996325" lon="38.863888"><ele>121.0</ele><time>2021-10-10T10:54:37Z</time><extensions><gpxtpx:TrackPointExtension><gpxtpx:hr>92</gpxtpx:hr></gpxtpx:TrackPointExtension></extensions></trkpt><trkpt lat="57.99631" lon="38.863872"><ele>121.0</ele><time>2021-10-10T10:54:38Z</time><extensions><gpxtpx:TrackPointExtension><gpxtpx:hr>93</gpxtpx:hr></gpxtpx:TrackPointExtension></extensions></trkpt><trkpt lat="57.996292" lon="38.863845"><ele>121.0</ele><time>2021-10-10T10:54:39Z</time><extensions><gpxtpx:TrackPointExtension><gpxtpx:hr>93</gpxtpx:hr></gpxtpx:TrackPointExtension></extensions></trkpt><trkpt lat="57.996272" lon="38.863818"><ele>121.0</ele><time>2021-10-10T10:54:40Z</time><extensions><gpxtpx:TrackPointExtension><gpxtpx:hr>93</gpxtpx:hr></gpxtpx:TrackPointExtension></extensions></trkpt><trkpt lat="57.996257" lon="38.863792"><ele>121.0</ele><time>2021-10-10T10:54:41Z</time><extensions><gpxtpx:TrackPointExtension><gpxtpx:hr>93</gpxtpx:hr></gpxtpx:TrackPointExtension></extensions></trkpt><trkpt lat="57.99624" lon="38.86377"><ele>121.0</ele><time>2021-10-10T10:54:42Z</time><extensions><gpxtpx:TrackPointExtension><gpxtpx:hr>95</gpxtpx:hr></gpxtpx:TrackPointExtension></extensions></trkpt><trkpt lat="57.996215" lon="38.863757"><ele>121.0</ele><time>2021-10-10T10:54:43Z</time><extensions><gpxtpx:TrackPointExtension><gpxtpx:hr>95</gpxtpx:hr></gpxtpx:TrackPointExtension></extensions></trkpt><trkpt lat="57.996192" lon="38.863747"><ele>121.0</ele><time>2021-10-10T10:54:44Z</time><extensions><gpxtpx:TrackPointExtension><gpxtpx:hr>96</gpxtpx:hr></gpxtpx:TrackPointExtension></extensions></trkpt><trkpt lat="57.996173" lon="38.863733"><ele>121.0</ele><time>2021-10-10T10:54:45Z</time><extensions><gpxtpx:TrackPointExtension><gpxtpx:hr>96</gpxtpx:hr></gpxtpx:TrackPointExtension></extensions></trkpt><trkpt lat="57.99615" lon="38.863715"><ele>121.0</ele><time>2021-10-10T10:54:46Z</time><extensions><gpxtpx:TrackPointExtension><gpxtpx:hr>96</gpxtpx:hr></gpxtpx:TrackPointExtension></extensions></trkpt><trkpt lat="57.99613" lon="38.863697"><ele>121.0</ele><time>2021-10-10T10:54:47Z</time><extensions><gpxtpx:TrackPointExtension><gpxtpx:hr>97</gpxtpx:hr></gpxtpx:TrackPointExtension></extensions></trkpt><trkpt lat="57.996112" lon="38.863677"><ele>121.0</ele><time>2021-10-10T10:54:48Z</time><extensions><gpxtpx:TrackPointExtension><gpxtpx:hr>97</gpxtpx:hr></gpxtpx:TrackPointExtension></extensions></trkpt><trkpt lat="57.996093" lon="38.863655"><ele>121.0</ele><time>2021-10-10T10:54:49Z</time><extensions><gpxtpx:TrackPointExtension><gpxtpx:hr>98</gpxtpx:hr></gpxtpx:TrackPointExtension></extensions></trkpt><trkpt lat="57.996075" lon="38.863632"><ele>121.0</ele><time>2021-10-10T10:54:50Z</time><extensions><gpxtpx:TrackPointExtension><gpxtpx:hr>98</gpxtpx:hr></gpxtpx:TrackPointExtension></extensions></trkpt><trkpt lat="57.996055" lon="38.86361"><ele>121.0</ele><time>2021-10-10T10:54:51Z</time><extensions><gpxtpx:TrackPointExtension><gpxtpx:hr>98</gpxtpx:hr></gpxtpx:TrackPointExtension></extensions></trkpt><trkpt lat="57.996037" lon="38.863597"><ele>121.0</ele><time>2021-10-10T10:54:52Z</time><extensions><gpxtpx:TrackPointExtension><gpxtpx:hr>98</gpxtpx:hr></gpxtpx:TrackPointExtension></extensions></trkpt><trkpt lat="57.996017" lon="38.863593"><ele>121.0</ele><time>2021-10-10T10:54:53Z</time><extensions><gpxtpx:TrackPointExtension><gpxtpx:hr>98</gpxtpx:hr></gpxtpx:TrackPointExtension></extensions></trkpt><trkpt lat="57.99598" lon="38.86358"><ele>121.0</ele><time>2021-10-10T10:54:55Z</time><extensions><gpxtpx:TrackPointExtension><gpxtpx:hr>98</gpxtpx:hr></gpxtpx:TrackPointExtension></extensions></trkpt><trkpt lat="57.995975" lon="38.86357"><ele>121.0</ele><time>2021-10-10T10:54:57Z</time><extensions><gpxtpx:TrackPointExtension><gpxtpx:hr>99</gpxtpx:hr></gpxtpx:TrackPointExtension></extensions></trkpt><trkpt lat="57.995975" lon="38.863567"><ele>121.0</ele><time>2021-10-10T10:54:58Z</time><extensions><gpxtpx:TrackPointExtension><gpxtpx:hr>99</gpxtpx:hr></gpxtpx:TrackPointExtension></extensions></trkpt><trkpt lat="57.995967" lon="38.86356"><ele>121.0</ele><time>2021-10-10T10:54:59Z</time><extensions><gpxtpx:TrackPointExtension><gpxtpx:hr>99</gpxtpx:hr></gpxtpx:TrackPointExtension></extensions></trkpt><trkpt lat="57.995952" lon="38.86356"><ele>121.0</ele><time>2021-10-10T10:55:00Z</time><extensions><gpxtpx:TrackPointExtension><gpxtpx:hr>99</gpxtpx:hr></gpxtpx:TrackPointExtension></extensions></trkpt><trkpt lat="57.995933" lon="38.863567"><ele>121.0</ele><time>2021-10-10T10:55:01Z</time><extensions><gpxtpx:TrackPointExtension><gpxtpx:hr>98</gpxtpx:hr></gpxtpx:TrackPointExtension></extensions></trkpt><trkpt lat="57.995913" lon="38.86359"><ele>121.0</ele><time>2021-10-10T10:55:02Z</time><extensions><gpxtpx:TrackPointExtension><gpxtpx:hr>98</gpxtpx:hr></gpxtpx:TrackPointExtension></extensions></trkpt><trkpt lat="57.995893" lon="38.86362"><ele>121.0</ele><time>2021-10-10T10:55:03Z</time><extensions><gpxtpx:TrackPointExtension><gpxtpx:hr>97</gpxtpx:hr></gpxtpx:TrackPointExtension></extensions></trkpt><trkpt lat="57.995875" lon="38.86366"><ele>121.0</ele><time>2021-10-10T10:55:04Z</time><extensions><gpxtpx:TrackPointExtension><gpxtpx:hr>97</gpxtpx:hr></gpxtpx:TrackPointExtension></extensions></trkpt><trkpt lat="57.99585" lon="38.8637"><ele>121.0</ele><time>2021-10-10T10:55:05Z</time><extensions><gpxtpx:TrackPointExtension><gpxtpx:hr>95</gpxtpx:hr></gpxtpx:TrackPointExtension></extensions></trkpt><trkpt lat="57.995827" lon="38.863747"><ele>121.0</ele><time>2021-10-10T10:55:06Z</time><extensions><gpxtpx:TrackPointExtension><gpxtpx:hr>95</gpxtpx:hr></gpxtpx:TrackPointExtension></extensions></trkpt><trkpt lat="57.995803" lon="38.86379"><ele>121.0</ele><time>2021-10-10T10:55:07Z</time><extensions><gpxtpx:TrackPointExtension><gpxtpx:hr>94</gpxtpx:hr></gpxtpx:TrackPointExtension></extensions></trkpt><trkpt lat="57.995785" lon="38.863833"><ele>121.0</ele><time>2021-10-10T10:55:08Z</time><extensions><gpxtpx:TrackPointExtension><gpxtpx:hr>94</gpxtpx:hr></gpxtpx:TrackPointExtension></extensions></trkpt><trkpt lat="57.99576" lon="38.86388"><ele>121.0</ele><time>2021-10-10T10:55:09Z</time><extensions><gpxtpx:TrackPointExtension><gpxtpx:hr>95</gpxtpx:hr></gpxtpx:TrackPointExtension></extensions></trkpt><trkpt lat="57.995747" lon="38.863922"><ele>121.0</ele><time>2021-10-10T10:55:10Z</time><extensions><gpxtpx:TrackPointExtension><gpxtpx:hr>95</gpxtpx:hr></gpxtpx:TrackPointExtension></extensions></trkpt><trkpt lat="57.995727" lon="38.863963"><ele>121.0</ele><time>2021-10-10T10:55:11Z</time><extensions><gpxtpx:TrackPointExtension><gpxtpx:hr>94</gpxtpx:hr></gpxtpx:TrackPointExtension></extensions></trkpt><trkpt lat="57.995712" lon="38.864005"><ele>121.0</ele><time>2021-10-10T10:55:12Z</time><extensions><gpxtpx:TrackPointExtension><gpxtpx:hr>94</gpxtpx:hr></gpxtpx:TrackPointExtension></extensions></trkpt><trkpt lat="57.995692" lon="38.864043"><ele>121.0</ele><time>2021-10-10T10:55:13Z</time><extensions><gpxtpx:TrackPointExtension><gpxtpx:hr>96</gpxtpx:hr></gpxtpx:TrackPointExtension></extensions></trkpt><trkpt lat="57.995673" lon="38.864082"><ele>121.0</ele><time>2021-10-10T10:55:14Z</time><extensions><gpxtpx:TrackPointExtension><gpxtpx:hr>96</gpxtpx:hr></gpxtpx:TrackPointExtension></extensions></trkpt><trkpt lat="57.995655" lon="38.864117"><ele>121.0</ele><time>2021-10-10T10:55:15Z</time><extensions><gpxtpx:TrackPointExtension><gpxtpx:hr>96</gpxtpx:hr></gpxtpx:TrackPointExtension></extensions></trkpt><trkpt lat="57.99564" lon="38.864155"><ele>121.0</ele><time>2021-10-10T10:55:16Z</time><extensions><gpxtpx:TrackPointExtension><gpxtpx:hr>96</gpxtpx:hr></gpxtpx:TrackPointExtension></extensions></trkpt><trkpt lat="57.995625" lon="38.86419"><ele>121.0</ele><time>2021-10-10T10:55:17Z</time><extensions><gpxtpx:TrackPointExtension><gpxtpx:hr>97</gpxtpx:hr></gpxtpx:TrackPointExtension></extensions></trkpt><trkpt lat="57.99561" lon="38.86423"><ele>121.0</ele><time>2021-10-10T10:55:18Z</time><extensions><gpxtpx:TrackPointExtension><gpxtpx:hr>97</gpxtpx:hr></gpxtpx:TrackPointExtension></extensions></trkpt><trkpt lat="57.995597" lon="38.864268"><ele>121.0</ele><time>2021-10-10T10:55:19Z</time><extensions><gpxtpx:TrackPointExtension><gpxtpx:hr>97</gpxtpx:hr></gpxtpx:TrackPointExtension></extensions></trkpt><trkpt lat="57.995585" lon="38.86431"><ele>121.0</ele><time>2021-10-10T10:55:20Z</time><extensions><gpxtpx:TrackPointExtension><gpxtpx:hr>97</gpxtpx:hr></gpxtpx:TrackPointExtension></extensions></trkpt><trkpt lat="57.99558" lon="38.864352"><ele>121.0</ele><time>2021-10-10T10:55:21Z</time><extensions><gpxtpx:TrackPointExtension><gpxtpx:hr>97</gpxtpx:hr></gpxtpx:TrackPointExtension></extensions></trkpt><trkpt lat="57.995567" lon="38.8644"><ele>121.0</ele><time>2021-10-10T10:55:22Z</time><extensions><gpxtpx:TrackPointExtension><gpxtpx:hr>97</gpxtpx:hr></gpxtpx:TrackPointExtension></extensions></trkpt><trkpt lat="57.995555" lon="38.86444"><ele>121.0</ele><time>2021-10-10T10:55:23Z</time><extensions><gpxtpx:TrackPointExtension><gpxtpx:hr>97</gpxtpx:hr></gpxtpx:TrackPointExtension></extensions></trkpt><trkpt lat="57.99554" lon="38.864487"><ele>121.0</ele><time>2021-10-10T10:55:24Z</time><extensions><gpxtpx:TrackPointExtension><gpxtpx:hr>97</gpxtpx:hr></gpxtpx:TrackPointExtension></extensions></trkpt><trkpt lat="57.99553" lon="38.864532"><ele>121.0</ele><time>2021-10-10T10:55:25Z</time><extensions><gpxtpx:TrackPointExtension><gpxtpx:hr>96</gpxtpx:hr></gpxtpx:TrackPointExtension></extensions></trkpt><trkpt lat="57.995513" lon="38.864578"><ele>121.0</ele><time>2021-10-10T10:55:26Z</time><extensions><gpxtpx:TrackPointExtension><gpxtpx:hr>96</gpxtpx:hr></gpxtpx:TrackPointExtension></extensions></trkpt><trkpt lat="57.995495" lon="38.86462"><ele>121.0</ele><time>2021-10-10T10:55:27Z</time><extensions><gpxtpx:TrackPointExtension><gpxtpx:hr>97</gpxtpx:hr></gpxtpx:TrackPointExtension></extensions></trkpt><trkpt lat="57.99548" lon="38.864662"><ele>121.0</ele><time>2021-10-10T10:55:28Z</time><extensions><gpxtpx:TrackPointExtension><gpxtpx:hr>97</gpxtpx:hr></gpxtpx:TrackPointExtension></extensions></trkpt><trkpt lat="57.995463" lon="38.864697"><ele>121.0</ele><time>2021-10-10T10:55:29Z</time><extensions><gpxtpx:TrackPointExtension><gpxtpx:hr>110</gpxtpx:hr></gpxtpx:TrackPointExtension></extensions></trkpt><trkpt lat="57.99545" lon="38.86473"><ele>121.0</ele><time>2021-10-10T10:55:30Z</time><extensions><gpxtpx:TrackPointExtension><gpxtpx:hr>110</gpxtpx:hr></gpxtpx:TrackPointExtension></extensions></trkpt><trkpt lat="57.995433" lon="38.864757"><ele>121.0</ele><time>2021-10-10T10:55:31Z</time><extensions><gpxtpx:TrackPointExtension><gpxtpx:hr>110</gpxtpx:hr></gpxtpx:TrackPointExtension></extensions></trkpt><trkpt lat="57.99542" lon="38.864777"><ele>121.0</ele><time>2021-10-10T10:55:32Z</time><extensions><gpxtpx:TrackPointExtension><gpxtpx:hr>110</gpxtpx:hr></gpxtpx:TrackPointExtension></extensions></trkpt><trkpt lat="57.995407" lon="38.8648"><ele>121.0</ele><time>2021-10-10T10:55:33Z</time><extensions><gpxtpx:TrackPointExtension><gpxtpx:hr>110</gpxtpx:hr></gpxtpx:TrackPointExtension></extensions></trkpt><trkpt lat="57.995402" lon="38.86482"><ele>121.0</ele><time>2021-10-10T10:55:34Z</time><extensions><gpxtpx:TrackPointExtension><gpxtpx:hr>110</gpxtpx:hr></gpxtpx:TrackPointExtension></extensions></trkpt><trkpt lat="57.995402" lon="38.864845"><ele>121.0</ele><time>2021-10-10T10:55:35Z</time><extensions><gpxtpx:TrackPointExtension><gpxtpx:hr>110</gpxtpx:hr></gpxtpx:TrackPointExtension></extensions></trkpt><trkpt lat="57.995407" lon="38.864875"><ele>121.0</ele><time>2021-10-10T10:55:36Z</time><extensions><gpxtpx:TrackPointExtension><gpxtpx:hr>110</gpxtpx:hr></gpxtpx:TrackPointExtension></extensions></trkpt><trkpt lat="57.995402" lon="38.86491"><ele>121.0</ele><time>2021-10-10T10:55:37Z</time><extensions><gpxtpx:TrackPointExtension><gpxtpx:hr>110</gpxtpx:hr></gpxtpx:TrackPointExtension></extensions></trkpt><trkpt lat="57.995402" lon="38.86494"><ele>121.0</ele><time>2021-10-10T10:55:38Z</time><extensions><gpxtpx:TrackPointExtension><gpxtpx:hr>110</gpxtpx:hr></gpxtpx:TrackPointExtension></extensions></trkpt><trkpt lat="57.995395" lon="38.86497"><ele>121.0</ele><time>2021-10-10T10:55:39Z</time><extensions><gpxtpx:TrackPointExtension><gpxtpx:hr>110</gpxtpx:hr></gpxtpx:TrackPointExtension></extensions></trkpt><trkpt lat="57.995387" lon="38.864997"><ele>121.0</ele><time>2021-10-10T10:55:40Z</time><extensions><gpxtpx:TrackPointExtension><gpxtpx:hr>110</gpxtpx:hr></gpxtpx:TrackPointExtension></extensions></trkpt><trkpt lat="57.99538" lon="38.86502"><ele>121.0</ele><time>2021-10-10T10:55:41Z</time><extensions><gpxtpx:TrackPointExtension><gpxtpx:hr>110</gpxtpx:hr></gpxtpx:TrackPointExtension></extensions></trkpt><trkpt lat="57.995372" lon="38.865043"><ele>121.0</ele><time>2021-10-10T10:55:42Z</time><extensions><gpxtpx:TrackPointExtension><gpxtpx:hr>110</gpxtpx:hr></gpxtpx:TrackPointExtension></extensions></trkpt><trkpt lat="57.995365" lon="38.865067"><ele>121.0</ele><time>2021-10-10T10:55:43Z</time><extensions><gpxtpx:TrackPointExtension><gpxtpx:hr>110</gpxtpx:hr></gpxtpx:TrackPointExtension></extensions></trkpt><trkpt lat="57.995353" lon="38.865097"><ele>121.0</ele><time>2021-10-10T10:55:44Z</time><extensions><gpxtpx:TrackPointExtension><gpxtpx:hr>110</gpxtpx:hr></gpxtpx:TrackPointExtension></extensions></trkpt><trkpt lat="57.995342" lon="38.865123"><ele>121.0</ele><time>2021-10-10T10:55:45Z</time><extensions><gpxtpx:TrackPointExtension><gpxtpx:hr>110</gpxtpx:hr></gpxtpx:TrackPointExtension></extensions></trkpt><trkpt lat="57.99533" lon="38.865153"><ele>121.0</ele><time>2021-10-10T10:55:46Z</time><extensions><gpxtpx:TrackPointExtension><gpxtpx:hr>110</gpxtpx:hr></gpxtpx:TrackPointExtension></extensions></trkpt><trkpt lat="57.995315" lon="38.865183"><ele>121.0</ele><time>2021-10-10T10:55:47Z</time><extensions><gpxtpx:TrackPointExtension><gpxtpx:hr>110</gpxtpx:hr></gpxtpx:TrackPointExtension></extensions></trkpt><trkpt lat="57.995303" lon="38.86522"><ele>121.0</ele><time>2021-10-10T10:55:48Z</time><extensions><gpxtpx:TrackPointExtension><gpxtpx:hr>110</gpxtpx:hr></gpxtpx:TrackPointExtension></extensions></trkpt><trkpt lat="57.995288" lon="38.865252"><ele>121.0</ele><time>2021-10-10T10:55:49Z</time><extensions><gpxtpx:TrackPointExtension><gpxtpx:hr>110</gpxtpx:hr></gpxtpx:TrackPointExtension></extensions></trkpt><trkpt lat="57.995273" lon="38.865287"><ele>121.0</ele><time>2021-10-10T10:55:50Z</time><extensions><gpxtpx:TrackPointExtension><gpxtpx:hr>110</gpxtpx:hr></gpxtpx:TrackPointExtension></extensions></trkpt><trkpt lat="57.99526" lon="38.865322"><ele>121.0</ele><time>2021-10-10T10:55:51Z</time><extensions><gpxtpx:TrackPointExtension><gpxtpx:hr>110</gpxtpx:hr></gpxtpx:TrackPointExtension></extensions></trkpt><trkpt lat="57.99524" lon="38.865352"><ele>121.0</ele><time>2021-10-10T10:55:52Z</time><extensions><gpxtpx:TrackPointExtension><gpxtpx:hr>110</gpxtpx:hr></gpxtpx:TrackPointExtension></extensions></trkpt><trkpt lat="57.99522" lon="38.865387"><ele>121.0</ele><time>2021-10-10T10:55:53Z</time><extensions><gpxtpx:TrackPointExtension><gpxtpx:hr>110</gpxtpx:hr></gpxtpx:TrackPointExtension></extensions></trkpt><trkpt lat="57.995197" lon="38.86542"><ele>121.0</ele><time>2021-10-10T10:55:54Z</time><extensions><gpxtpx:TrackPointExtension><gpxtpx:hr>110</gpxtpx:hr></gpxtpx:TrackPointExtension></extensions></trkpt><trkpt lat="57.99518" lon="38.86546"><ele>121.0</ele><time>2021-10-10T10:55:55Z</time><extensions><gpxtpx:TrackPointExtension><gpxtpx:hr>110</gpxtpx:hr></gpxtpx:TrackPointExtension></extensions></trkpt><trkpt lat="57.995162" lon="38.865493"><ele>121.0</ele><time>2021-10-10T10:55:56Z</time><extensions><gpxtpx:TrackPointExtension><gpxtpx:hr>110</gpxtpx:hr></gpxtpx:TrackPointExtension></extensions></trkpt><trkpt lat="57.995147" lon="38.865535"><ele>121.0</ele><time>2021-10-10T10:55:57Z</time><extensions><gpxtpx:TrackPointExtension><gpxtpx:hr>110</gpxtpx:hr></gpxtpx:TrackPointExtension></extensions></trkpt><trkpt lat="57.99513" lon="38.865573"><ele>121.0</ele><time>2021-10-10T10:55:58Z</time><extensions><gpxtpx:TrackPointExtension><gpxtpx:hr>110</gpxtpx:hr></gpxtpx:TrackPointExtension></extensions></trkpt><trkpt lat="57.995112" lon="38.86561"><ele>121.0</ele><time>2021-10-10T10:55:59Z</time><extensions><gpxtpx:TrackPointExtension><gpxtpx:hr>110</gpxtpx:hr></gpxtpx:TrackPointExtension></extensions></trkpt><trkpt lat="57.9951" lon="38.865642"><ele>121.0</ele><time>2021-10-10T10:56:00Z</time><extensions><gpxtpx:TrackPointExtension><gpxtpx:hr>110</gpxtpx:hr></gpxtpx:TrackPointExtension></extensions></trkpt><trkpt lat="57.995082" lon="38.865677"><ele>121.0</ele><time>2021-10-10T10:56:01Z</time><extensions><gpxtpx:TrackPointExtension><gpxtpx:hr>110</gpxtpx:hr></gpxtpx:TrackPointExtension></extensions></trkpt><trkpt lat="57.995067" lon="38.865715"><ele>121.0</ele><time>2021-10-10T10:56:02Z</time><extensions><gpxtpx:TrackPointExtension><gpxtpx:hr>110</gpxtpx:hr></gpxtpx:TrackPointExtension></extensions></trkpt><trkpt lat="57.995055" lon="38.865757"><ele>121.0</ele><time>2021-10-10T10:56:03Z</time><extensions><gpxtpx:TrackPointExtension><gpxtpx:hr>110</gpxtpx:hr></gpxtpx:TrackPointExtension></extensions></trkpt><trkpt lat="57.99504" lon="38.865807"><ele>121.0</ele><time>2021-10-10T10:56:04Z</time><extensions><gpxtpx:TrackPointExtension><gpxtpx:hr>110</gpxtpx:hr></gpxtpx:TrackPointExtension></extensions></trkpt><trkpt lat="57.995025" lon="38.86585"><ele>121.0</ele><time>2021-10-10T10:56:05Z</time><extensions><gpxtpx:TrackPointExtension><gpxtpx:hr>110</gpxtpx:hr></gpxtpx:TrackPointExtension></extensions></trkpt><trkpt lat="57.995007" lon="38.8659"><ele>121.0</ele><time>2021-10-10T10:56:06Z</time><extensions><gpxtpx:TrackPointExtension><gpxtpx:hr>110</gpxtpx:hr></gpxtpx:TrackPointExtension></extensions></trkpt><trkpt lat="57.99499" lon="38.865947"><ele>121.0</ele><time>2021-10-10T10:56:07Z</time><extensions><gpxtpx:TrackPointExtension><gpxtpx:hr>110</gpxtpx:hr></gpxtpx:TrackPointExtension></extensions></trkpt><trkpt lat="57.994975" lon="38.86599"><ele>121.0</ele><time>2021-10-10T10:56:08Z</time><extensions><gpxtpx:TrackPointExtension><gpxtpx:hr>110</gpxtpx:hr></gpxtpx:TrackPointExtension></extensions></trkpt><trkpt lat="57.99496" lon="38.866027"><ele>121.0</ele><time>2021-10-10T10:56:09Z</time><extensions><gpxtpx:TrackPointExtension><gpxtpx:hr>110</gpxtpx:hr></gpxtpx:TrackPointExtension></extensions></trkpt><trkpt lat="57.99495" lon="38.866065"><ele>121.0</ele><time>2021-10-10T10:56:10Z</time><extensions><gpxtpx:TrackPointExtension><gpxtpx:hr>110</gpxtpx:hr></gpxtpx:TrackPointExtension></extensions></trkpt><trkpt lat="57.994933" lon="38.866107"><ele>121.0</ele><time>2021-10-10T10:56:11Z</time><extensions><gpxtpx:TrackPointExtension><gpxtpx:hr>110</gpxtpx:hr></gpxtpx:TrackPointExtension></extensions></trkpt><trkpt lat="57.99492" lon="38.866145"><ele>121.0</ele><time>2021-10-10T10:56:12Z</time><extensions><gpxtpx:TrackPointExtension><gpxtpx:hr>110</gpxtpx:hr></gpxtpx:TrackPointExtension></extensions></trkpt><trkpt lat="57.994903" lon="38.866183"><ele>121.0</ele><time>2021-10-10T10:56:13Z</time><extensions><gpxtpx:TrackPointExtension><gpxtpx:hr>110</gpxtpx:hr></gpxtpx:TrackPointExtension></extensions></trkpt><trkpt lat="57.994892" lon="38.866222"><ele>121.0</ele><time>2021-10-10T10:56:14Z</time><extensions><gpxtpx:TrackPointExtension><gpxtpx:hr>110</gpxtpx:hr></gpxtpx:TrackPointExtension></extensions></trkpt><trkpt lat="57.994877" lon="38.86626"><ele>121.0</ele><time>2021-10-10T10:56:15Z</time><extensions><gpxtpx:TrackPointExtension><gpxtpx:hr>110</gpxtpx:hr></gpxtpx:TrackPointExtension></extensions></trkpt><trkpt lat="57.994865" lon="38.866302"><ele>121.0</ele><time>2021-10-10T10:56:16Z</time><extensions><gpxtpx:TrackPointExtension><gpxtpx:hr>110</gpxtpx:hr></gpxtpx:TrackPointExtension></extensions></trkpt><trkpt lat="57.994853" lon="38.86635"><ele>121.0</ele><time>2021-10-10T10:56:17Z</time><extensions><gpxtpx:TrackPointExtension><gpxtpx:hr>110</gpxtpx:hr></gpxtpx:TrackPointExtension></extensions></trkpt><trkpt lat="57.99484" lon="38.86639"><ele>121.0</ele><time>2021-10-10T10:56:18Z</time><extensions><gpxtpx:TrackPointExtension><gpxtpx:hr>110</gpxtpx:hr></gpxtpx:TrackPointExtension></extensions></trkpt><trkpt lat="57.994822" lon="38.866432"><ele>121.0</ele><time>2021-10-10T10:56:19Z</time><extensions><gpxtpx:TrackPointExtension><gpxtpx:hr>110</gpxtpx:hr></gpxtpx:TrackPointExtension></extensions></trkpt><trkpt lat="57.99481" lon="38.866473"><ele>121.0</ele><time>2021-10-10T10:56:20Z</time><extensions><gpxtpx:TrackPointExtension><gpxtpx:hr>110</gpxtpx:hr></gpxtpx:TrackPointExtension></extensions></trkpt><trkpt lat="57.99479" lon="38.866512"><ele>121.0</ele><time>2021-10-10T10:56:21Z</time><extensions><gpxtpx:TrackPointExtension><gpxtpx:hr>110</gpxtpx:hr></gpxtpx:TrackPointExtension></extensions></trkpt><trkpt lat="57.99477" lon="38.866547"><ele>121.0</ele><time>2021-10-10T10:56:22Z</time><extensions><gpxtpx:TrackPointExtension><gpxtpx:hr>110</gpxtpx:hr></gpxtpx:TrackPointExtension></extensions></trkpt><trkpt lat="57.99475" lon="38.86658"><ele>121.0</ele><time>2021-10-10T10:56:23Z</time><extensions><gpxtpx:TrackPointExtension><gpxtpx:hr>110</gpxtpx:hr></gpxtpx:TrackPointExtension></extensions></trkpt><trkpt lat="57.99473" lon="38.866615"><ele>121.0</ele><time>2021-10-10T10:56:24Z</time><extensions><gpxtpx:TrackPointExtension><gpxtpx:hr>110</gpxtpx:hr></gpxtpx:TrackPointExtension></extensions></trkpt><trkpt lat="57.994717" lon="38.86665"><ele>121.0</ele><time>2021-10-10T10:56:25Z</time><extensions><gpxtpx:TrackPointExtension><gpxtpx:hr>110</gpxtpx:hr></gpxtpx:TrackPointExtension></extensions></trkpt><trkpt lat="57.994697" lon="38.86668"><ele>121.0</ele><time>2021-10-10T10:56:26Z</time><extensions><gpxtpx:TrackPointExtension><gpxtpx:hr>110</gpxtpx:hr></gpxtpx:TrackPointExtension></extensions></trkpt><trkpt lat="57.994682" lon="38.866707"><ele>121.0</ele><time>2021-10-10T10:56:27Z</time><extensions><gpxtpx:TrackPointExtension><gpxtpx:hr>110</gpxtpx:hr></gpxtpx:TrackPointExtension></extensions></trkpt><trkpt lat="57.994662" lon="38.866725"><ele>121.0</ele><time>2021-10-10T10:56:28Z</time><extensions><gpxtpx:TrackPointExtension><gpxtpx:hr>110</gpxtpx:hr></gpxtpx:TrackPointExtension></extensions></trkpt><trkpt lat="57.99464" lon="38.86675"><ele>121.0</ele><time>2021-10-10T10:56:29Z</time><extensions><gpxtpx:TrackPointExtension><gpxtpx:hr>110</gpxtpx:hr></gpxtpx:TrackPointExtension></extensions></trkpt><trkpt lat="57.99462" lon="38.866775"><ele>121.0</ele><time>2021-10-10T10:56:30Z</time><extensions><gpxtpx:TrackPointExtension><gpxtpx:hr>110</gpxtpx:hr></gpxtpx:TrackPointExtension></extensions></trkpt><trkpt lat="57.994602" lon="38.866802"><ele>121.0</ele><time>2021-10-10T10:56:31Z</time><extensions><gpxtpx:TrackPointExtension><gpxtpx:hr>110</gpxtpx:hr></gpxtpx:TrackPointExtension></extensions></trkpt><trkpt lat="57.994582" lon="38.86683"><ele>121.0</ele><time>2021-10-10T10:56:32Z</time><extensions><gpxtpx:TrackPointExtension><gpxtpx:hr>110</gpxtpx:hr></gpxtpx:TrackPointExtension></extensions></trkpt><trkpt lat="57.994567" lon="38.866862"><ele>121.0</ele><time>2021-10-10T10:56:33Z</time><extensions><gpxtpx:TrackPointExtension><gpxtpx:hr>110</gpxtpx:hr></gpxtpx:TrackPointExtension></extensions></trkpt><trkpt lat="57.994555" lon="38.8669"><ele>121.0</ele><time>2021-10-10T10:56:34Z</time><extensions><gpxtpx:TrackPointExtension><gpxtpx:hr>110</gpxtpx:hr></gpxtpx:TrackPointExtension></extensions></trkpt><trkpt lat="57.99454" lon="38.86694"><ele>121.0</ele><time>2021-10-10T10:56:35Z</time><extensions><gpxtpx:TrackPointExtension><gpxtpx:hr>110</gpxtpx:hr></gpxtpx:TrackPointExtension></extensions></trkpt><trkpt lat="57.994528" lon="38.86698"><ele>121.0</ele><time>2021-10-10T10:56:36Z</time><extensions><gpxtpx:TrackPointExtension><gpxtpx:hr>110</gpxtpx:hr></gpxtpx:TrackPointExtension></extensions></trkpt><trkpt lat="57.99452" lon="38.86702"><ele>121.0</ele><time>2021-10-10T10:56:37Z</time><extensions><gpxtpx:TrackPointExtension><gpxtpx:hr>110</gpxtpx:hr></gpxtpx:TrackPointExtension></extensions></trkpt><trkpt lat="57.994502" lon="38.867057"><ele>121.0</ele><time>2021-10-10T10:56:38Z</time><extensions><gpxtpx:TrackPointExtension><gpxtpx:hr>110</gpxtpx:hr></gpxtpx:TrackPointExtension></extensions></trkpt><trkpt lat="57.994483" lon="38.86709"><ele>121.0</ele><time>2021-10-10T10:56:39Z</time><extensions><gpxtpx:TrackPointExtension><gpxtpx:hr>110</gpxtpx:hr></gpxtpx:TrackPointExtension></extensions></trkpt><trkpt lat="57.994465" lon="38.86712"><ele>121.0</ele><time>2021-10-10T10:56:40Z</time><extensions><gpxtpx:TrackPointExtension><gpxtpx:hr>110</gpxtpx:hr></gpxtpx:TrackPointExtension></extensions></trkpt><trkpt lat="57.994445" lon="38.86714"><ele>121.0</ele><time>2021-10-10T10:56:41Z</time><extensions><gpxtpx:TrackPointExtension><gpxtpx:hr>110</gpxtpx:hr></gpxtpx:TrackPointExtension></extensions></trkpt><trkpt lat="57.994422" lon="38.86717"><ele>121.0</ele><time>2021-10-10T10:56:42Z</time><extensions><gpxtpx:TrackPointExtension><gpxtpx:hr>110</gpxtpx:hr></gpxtpx:TrackPointExtension></extensions></trkpt><trkpt lat="57.994403" lon="38.8672"><ele>121.0</ele><time>2021-10-10T10:56:43Z</time><extensions><gpxtpx:TrackPointExtension><gpxtpx:hr>110</gpxtpx:hr></gpxtpx:TrackPointExtension></extensions></trkpt><trkpt lat="57.994385" lon="38.86723"><ele>121.0</ele><time>2021-10-10T10:56:44Z</time><extensions><gpxtpx:TrackPointExtension><gpxtpx:hr>110</gpxtpx:hr></gpxtpx:TrackPointExtension></extensions></trkpt><trkpt lat="57.994365" lon="38.867263"><ele>121.0</ele><time>2021-10-10T10:56:45Z</time><extensions><gpxtpx:TrackPointExtension><gpxtpx:hr>110</gpxtpx:hr></gpxtpx:TrackPointExtension></extensions></trkpt><trkpt lat="57.994347" lon="38.8673"><ele>121.0</ele><time>2021-10-10T10:56:46Z</time><extensions><gpxtpx:TrackPointExtension><gpxtpx:hr>110</gpxtpx:hr></gpxtpx:TrackPointExtension></extensions></trkpt><trkpt lat="57.994323" lon="38.86733"><ele>121.0</ele><time>2021-10-10T10:56:47Z</time><extensions><gpxtpx:TrackPointExtension><gpxtpx:hr>110</gpxtpx:hr></gpxtpx:TrackPointExtension></extensions></trkpt><trkpt lat="57.994303" lon="38.867362"><ele>121.0</ele><time>2021-10-10T10:56:48Z</time><extensions><gpxtpx:TrackPointExtension><gpxtpx:hr>110</gpxtpx:hr></gpxtpx:TrackPointExtension></extensions></trkpt><trkpt lat="57.994285" lon="38.867397"><ele>121.0</ele><time>2021-10-10T10:56:49Z</time><extensions><gpxtpx:TrackPointExtension><gpxtpx:hr>110</gpxtpx:hr></gpxtpx:TrackPointExtension></extensions></trkpt><trkpt lat="57.994267" lon="38.867423"><ele>121.0</ele><time>2021-10-10T10:56:50Z</time><extensions><gpxtpx:TrackPointExtension><gpxtpx:hr>110</gpxtpx:hr></gpxtpx:TrackPointExtension></extensions></trkpt><trkpt lat="57.994247" lon="38.867447"><ele>121.0</ele><time>2021-10-10T10:56:51Z</time><extensions><gpxtpx:TrackPointExtension><gpxtpx:hr>110</gpxtpx:hr></gpxtpx:TrackPointExtension></extensions></trkpt><trkpt lat="57.99423" lon="38.86747"><ele>121.0</ele><time>2021-10-10T10:56:52Z</time><extensions><gpxtpx:TrackPointExtension><gpxtpx:hr>110</gpxtpx:hr></gpxtpx:TrackPointExtension></extensions></trkpt><trkpt lat="57.994205" lon="38.867492"><ele>121.0</ele><time>2021-10-10T10:56:53Z</time><extensions><gpxtpx:TrackPointExtension><gpxtpx:hr>110</gpxtpx:hr></gpxtpx:TrackPointExtension></extensions></trkpt><trkpt lat="57.994185" lon="38.867515"><ele>121.0</ele><time>2021-10-10T10:56:54Z</time><extensions><gpxtpx:TrackPointExtension><gpxtpx:hr>110</gpxtpx:hr></gpxtpx:TrackPointExtension></extensions></trkpt><trkpt lat="57.994163" lon="38.86754"><ele>121.0</ele><time>2021-10-10T10:56:55Z</time><extensions><gpxtpx:TrackPointExtension><gpxtpx:hr>110</gpxtpx:hr></gpxtpx:TrackPointExtension></extensions></trkpt><trkpt lat="57.994143" lon="38.867565"><ele>121.0</ele><time>2021-10-10T10:56:56Z</time><extensions><gpxtpx:TrackPointExtension><gpxtpx:hr>110</gpxtpx:hr></gpxtpx:TrackPointExtension></extensions></trkpt><trkpt lat="57.99413" lon="38.867595"><ele>121.0</ele><time>2021-10-10T10:56:57Z</time><extensions><gpxtpx:TrackPointExtension><gpxtpx:hr>110</gpxtpx:hr></gpxtpx:TrackPointExtension></extensions></trkpt><trkpt lat="57.99411" lon="38.86763"><ele>121.0</ele><time>2021-10-10T10:56:58Z</time><extensions><gpxtpx:TrackPointExtension><gpxtpx:hr>110</gpxtpx:hr></gpxtpx:TrackPointExtension></extensions></trkpt><trkpt lat="57.994095" lon="38.86766"><ele>121.0</ele><time>2021-10-10T10:56:59Z</time><extensions><gpxtpx:TrackPointExtension><gpxtpx:hr>110</gpxtpx:hr></gpxtpx:TrackPointExtension></extensions></trkpt><trkpt lat="57.994078" lon="38.867695"><ele>121.0</ele><time>2021-10-10T10:57:00Z</time><extensions><gpxtpx:TrackPointExtension><gpxtpx:hr>110</gpxtpx:hr></gpxtpx:TrackPointExtension></extensions></trkpt><trkpt lat="57.994063" lon="38.867732"><ele>121.0</ele><time>2021-10-10T10:57:01Z</time><extensions><gpxtpx:TrackPointExtension><gpxtpx:hr>110</gpxtpx:hr></gpxtpx:TrackPointExtension></extensions></trkpt><trkpt lat="57.99405" lon="38.86777"><ele>121.0</ele><time>2021-10-10T10:57:02Z</time><extensions><gpxtpx:TrackPointExtension><gpxtpx:hr>110</gpxtpx:hr></gpxtpx:TrackPointExtension></extensions></trkpt><trkpt lat="57.99403" lon="38.86781"><ele>121.0</ele><time>2021-10-10T10:57:03Z</time><extensions><gpxtpx:TrackPointExtension><gpxtpx:hr>110</gpxtpx:hr></gpxtpx:TrackPointExtension></extensions></trkpt><trkpt lat="57.994015" lon="38.867843"><ele>121.0</ele><time>2021-10-10T10:57:04Z</time><extensions><gpxtpx:TrackPointExtension><gpxtpx:hr>110</gpxtpx:hr></gpxtpx:TrackPointExtension></extensions></trkpt><trkpt lat="57.99399" lon="38.86788"><ele>121.0</ele><time>2021-10-10T10:57:05Z</time><extensions><gpxtpx:TrackPointExtension><gpxtpx:hr>110</gpxtpx:hr></gpxtpx:TrackPointExtension></extensions></trkpt><trkpt lat="57.993972" lon="38.867915"><ele>121.0</ele><time>2021-10-10T10:57:06Z</time><extensions><gpxtpx:TrackPointExtension><gpxtpx:hr>110</gpxtpx:hr></gpxtpx:TrackPointExtension></extensions></trkpt><trkpt lat="57.993957" lon="38.86795"><ele>121.0</ele><time>2021-10-10T10:57:07Z</time><extensions><gpxtpx:TrackPointExtension><gpxtpx:hr>110</gpxtpx:hr></gpxtpx:TrackPointExtension></extensions></trkpt><trkpt lat="57.993942" lon="38.867977"><ele>121.0</ele><time>2021-10-10T10:57:08Z</time><extensions><gpxtpx:TrackPointExtension><gpxtpx:hr>110</gpxtpx:hr></gpxtpx:TrackPointExtension></extensions></trkpt><trkpt lat="57.99393" lon="38.868"><ele>121.0</ele><time>2021-10-10T10:57:09Z</time><extensions><gpxtpx:TrackPointExtension><gpxtpx:hr>110</gpxtpx:hr></gpxtpx:TrackPointExtension></extensions></trkpt><trkpt lat="57.993915" lon="38.868015"><ele>121.0</ele><time>2021-10-10T10:57:10Z</time><extensions><gpxtpx:TrackPointExtension><gpxtpx:hr>110</gpxtpx:hr></gpxtpx:TrackPointExtension></extensions></trkpt><trkpt lat="57.9939" lon="38.86804"><ele>121.0</ele><time>2021-10-10T10:57:11Z</time><extensions><gpxtpx:TrackPointExtension><gpxtpx:hr>110</gpxtpx:hr></gpxtpx:TrackPointExtension></extensions></trkpt><trkpt lat="57.99388" lon="38.86806"><ele>121.0</ele><time>2021-10-10T10:57:12Z</time><extensions><gpxtpx:TrackPointExtension><gpxtpx:hr>110</gpxtpx:hr></gpxtpx:TrackPointExtension></extensions></trkpt><trkpt lat="57.99386" lon="38.868087"><ele>121.0</ele><time>2021-10-10T10:57:13Z</time><extensions><gpxtpx:TrackPointExtension><gpxtpx:hr>110</gpxtpx:hr></gpxtpx:TrackPointExtension></extensions></trkpt><trkpt lat="57.993835" lon="38.868122"><ele>121.0</ele><time>2021-10-10T10:57:14Z</time><extensions><gpxtpx:TrackPointExtension><gpxtpx:hr>110</gpxtpx:hr></gpxtpx:TrackPointExtension></extensions></trkpt><trkpt lat="57.993815" lon="38.868155"><ele>121.0</ele><time>2021-10-10T10:57:15Z</time><extensions><gpxtpx:TrackPointExtension><gpxtpx:hr>110</gpxtpx:hr></gpxtpx:TrackPointExtension></extensions></trkpt><trkpt lat="57.9938" lon="38.868195"><ele>121.0</ele><time>2021-10-10T10:57:16Z</time><extensions><gpxtpx:TrackPointExtension><gpxtpx:hr>110</gpxtpx:hr></gpxtpx:TrackPointExtension></extensions></trkpt><trkpt lat="57.99379" lon="38.868237"><ele>121.0</ele><time>2021-10-10T10:57:17Z</time><extensions><gpxtpx:TrackPointExtension><gpxtpx:hr>110</gpxtpx:hr></gpxtpx:TrackPointExtension></extensions></trkpt><trkpt lat="57.993782" lon="38.868282"><ele>121.0</ele><time>2021-10-10T10:57:18Z</time><extensions><gpxtpx:TrackPointExtension><gpxtpx:hr>110</gpxtpx:hr></gpxtpx:TrackPointExtension></extensions></trkpt><trkpt lat="57.993782" lon="38.86833"><ele>121.0</ele><time>2021-10-10T10:57:19Z</time><extensions><gpxtpx:TrackPointExtension><gpxtpx:hr>110</gpxtpx:hr></gpxtpx:TrackPointExtension></extensions></trkpt><trkpt lat="57.993782" lon="38.868377"><ele>121.0</ele><time>2021-10-10T10:57:20Z</time><extensions><gpxtpx:TrackPointExtension><gpxtpx:hr>110</gpxtpx:hr></gpxtpx:TrackPointExtension></extensions></trkpt><trkpt lat="57.993785" lon="38.868433"><ele>121.0</ele><time>2021-10-10T10:57:21Z</time><extensions><gpxtpx:TrackPointExtension><gpxtpx:hr>110</gpxtpx:hr></gpxtpx:TrackPointExtension></extensions></trkpt><trkpt lat="57.99379" lon="38.86849"><ele>121.0</ele><time>2021-10-10T10:57:22Z</time><extensions><gpxtpx:TrackPointExtension><gpxtpx:hr>110</gpxtpx:hr></gpxtpx:TrackPointExtension></extensions></trkpt><trkpt lat="57.993792" lon="38.86854"><ele>121.0</ele><time>2021-10-10T10:57:23Z</time><extensions><gpxtpx:TrackPointExtension><gpxtpx:hr>110</gpxtpx:hr></gpxtpx:TrackPointExtension></extensions></trkpt><trkpt lat="57.993797" lon="38.868595"><ele>121.0</ele><time>2021-10-10T10:57:24Z</time><extensions><gpxtpx:TrackPointExtension><gpxtpx:hr>110</gpxtpx:hr></gpxtpx:TrackPointExtension></extensions></trkpt><trkpt lat="57.9938" lon="38.86865"><ele>121.0</ele><time>2021-10-10T10:57:25Z</time><extensions><gpxtpx:TrackPointExtension><gpxtpx:hr>110</gpxtpx:hr></gpxtpx:TrackPointExtension></extensions></trkpt><trkpt lat="57.99381" lon="38.8687"><ele>121.0</ele><time>2021-10-10T10:57:26Z</time><extensions><gpxtpx:TrackPointExtension><gpxtpx:hr>110</gpxtpx:hr></gpxtpx:TrackPointExtension></extensions></trkpt><trkpt lat="57.993812" lon="38.86875"><ele>121.0</ele><time>2021-10-10T10:57:27Z</time><extensions><gpxtpx:TrackPointExtension><gpxtpx:hr>110</gpxtpx:hr></gpxtpx:TrackPointExtension></extensions></trkpt><trkpt lat="57.993823" lon="38.868797"><ele>121.0</ele><time>2021-10-10T10:57:28Z</time><extensions><gpxtpx:TrackPointExtension><gpxtpx:hr>110</gpxtpx:hr></gpxtpx:TrackPointExtension></extensions></trkpt><trkpt lat="57.993835" lon="38.86884"><ele>121.0</ele><time>2021-10-10T10:57:29Z</time><extensions><gpxtpx:TrackPointExtension><gpxtpx:hr>110</gpxtpx:hr></gpxtpx:TrackPointExtension></extensions></trkpt><trkpt lat="57.993847" lon="38.86888"><ele>121.0</ele><time>2021-10-10T10:57:30Z</time><extensions><gpxtpx:TrackPointExtension><gpxtpx:hr>110</gpxtpx:hr></gpxtpx:TrackPointExtension></extensions></trkpt><trkpt lat="57.99386" lon="38.868915"><ele>121.0</ele><time>2021-10-10T10:57:31Z</time><extensions><gpxtpx:TrackPointExtension><gpxtpx:hr>110</gpxtpx:hr></gpxtpx:TrackPointExtension></extensions></trkpt><trkpt lat="57.99387" lon="38.86895"><ele>121.0</ele><time>2021-10-10T10:57:32Z</time><extensions><gpxtpx:TrackPointExtension><gpxtpx:hr>110</gpxtpx:hr></gpxtpx:TrackPointExtension></extensions></trkpt><trkpt lat="57.993877" lon="38.868983"><ele>121.0</ele><time>2021-10-10T10:57:33Z</time><extensions><gpxtpx:TrackPointExtension><gpxtpx:hr>110</gpxtpx:hr></gpxtpx:TrackPointExtension></extensions></trkpt><trkpt lat="57.993885" lon="38.86901"><ele>121.0</ele><time>2021-10-10T10:57:34Z</time><extensions><gpxtpx:TrackPointExtension><gpxtpx:hr>110</gpxtpx:hr></gpxtpx:TrackPointExtension></extensions></trkpt><trkpt lat="57.993892" lon="38.869037"><ele>121.0</ele><time>2021-10-10T10:57:35Z</time><extensions><gpxtpx:TrackPointExtension><gpxtpx:hr>110</gpxtpx:hr></gpxtpx:TrackPointExtension></extensions></trkpt><trkpt lat="57.9939" lon="38.869063"><ele>121.0</ele><time>2021-10-10T10:57:36Z</time><extensions><gpxtpx:TrackPointExtension><gpxtpx:hr>110</gpxtpx:hr></gpxtpx:TrackPointExtension></extensions></trkpt><trkpt lat="57.993903" lon="38.869087"><ele>121.0</ele><time>2021-10-10T10:57:37Z</time><extensions><gpxtpx:TrackPointExtension><gpxtpx:hr>110</gpxtpx:hr></gpxtpx:TrackPointExtension></extensions></trkpt><trkpt lat="57.993907" lon="38.869113"><ele>121.0</ele><time>2021-10-10T10:57:38Z</time><extensions><gpxtpx:TrackPointExtension><gpxtpx:hr>110</gpxtpx:hr></gpxtpx:TrackPointExtension></extensions></trkpt><trkpt lat="57.99391" lon="38.869137"><ele>121.0</ele><time>2021-10-10T10:57:39Z</time><extensions><gpxtpx:TrackPointExtension><gpxtpx:hr>110</gpxtpx:hr></gpxtpx:TrackPointExtension></extensions></trkpt><trkpt lat="57.993915" lon="38.869167"><ele>121.0</ele><time>2021-10-10T10:57:40Z</time><extensions><gpxtpx:TrackPointExtension><gpxtpx:hr>110</gpxtpx:hr></gpxtpx:TrackPointExtension></extensions></trkpt><trkpt lat="57.99392" lon="38.86919"><ele>121.0</ele><time>2021-10-10T10:57:41Z</time><extensions><gpxtpx:TrackPointExtension><gpxtpx:hr>110</gpxtpx:hr></gpxtpx:TrackPointExtension></extensions></trkpt><trkpt lat="57.99392" lon="38.869217"><ele>121.0</ele><time>2021-10-10T10:57:42Z</time><extensions><gpxtpx:TrackPointExtension><gpxtpx:hr>110</gpxtpx:hr></gpxtpx:TrackPointExtension></extensions></trkpt><trkpt lat="57.993922" lon="38.86924"><ele>121.0</ele><time>2021-10-10T10:57:43Z</time><extensions><gpxtpx:TrackPointExtension><gpxtpx:hr>110</gpxtpx:hr></gpxtpx:TrackPointExtension></extensions></trkpt><trkpt lat="57.993922" lon="38.86926"><ele>121.0</ele><time>2021-10-10T10:57:44Z</time><extensions><gpxtpx:TrackPointExtension><gpxtpx:hr>110</gpxtpx:hr></gpxtpx:TrackPointExtension></extensions></trkpt><trkpt lat="57.993927" lon="38.86928"><ele>121.0</ele><time>2021-10-10T10:57:45Z</time><extensions><gpxtpx:TrackPointExtension><gpxtpx:hr>110</gpxtpx:hr></gpxtpx:TrackPointExtension></extensions></trkpt><trkpt lat="57.993935" lon="38.8693"><ele>121.0</ele><time>2021-10-10T10:57:46Z</time><extensions><gpxtpx:TrackPointExtension><gpxtpx:hr>110</gpxtpx:hr></gpxtpx:TrackPointExtension></extensions></trkpt><trkpt lat="57.993942" lon="38.86932"><ele>121.0</ele><time>2021-10-10T10:57:47Z</time><extensions><gpxtpx:TrackPointExtension><gpxtpx:hr>110</gpxtpx:hr></gpxtpx:TrackPointExtension></extensions></trkpt><trkpt lat="57.993945" lon="38.86934"><ele>121.0</ele><time>2021-10-10T10:57:48Z</time><extensions><gpxtpx:TrackPointExtension><gpxtpx:hr>110</gpxtpx:hr></gpxtpx:TrackPointExtension></extensions></trkpt><trkpt lat="57.993957" lon="38.86936"><ele>121.0</ele><time>2021-10-10T10:57:49Z</time><extensions><gpxtpx:TrackPointExtension><gpxtpx:hr>109</gpxtpx:hr></gpxtpx:TrackPointExtension></extensions></trkpt><trkpt lat="57.99397" lon="38.869385"><ele>121.0</ele><time>2021-10-10T10:57:50Z</time><extensions><gpxtpx:TrackPointExtension><gpxtpx:hr>109</gpxtpx:hr></gpxtpx:TrackPointExtension></extensions></trkpt><trkpt lat="57.993983" lon="38.869403"><ele>121.0</ele><time>2021-10-10T10:57:51Z</time><extensions><gpxtpx:TrackPointExtension><gpxtpx:hr>108</gpxtpx:hr></gpxtpx:TrackPointExtension></extensions></trkpt><trkpt lat="57.993995" lon="38.869422"><ele>121.0</ele><time>2021-10-10T10:57:52Z</time><extensions><gpxtpx:TrackPointExtension><gpxtpx:hr>108</gpxtpx:hr></gpxtpx:TrackPointExtension></extensions></trkpt><trkpt lat="57.99401" lon="38.869442"><ele>121.0</ele><time>2021-10-10T10:57:53Z</time><extensions><gpxtpx:TrackPointExtension><gpxtpx:hr>107</gpxtpx:hr></gpxtpx:TrackPointExtension></extensions></trkpt><trkpt lat="57.994022" lon="38.869475"><ele>121.0</ele><time>2021-10-10T10:57:54Z</time><extensions><gpxtpx:TrackPointExtension><gpxtpx:hr>104</gpxtpx:hr></gpxtpx:TrackPointExtension></extensions></trkpt><trkpt lat="57.994033" lon="38.869522"><ele>121.0</ele><time>2021-10-10T10:57:55Z</time><extensions><gpxtpx:TrackPointExtension><gpxtpx:hr>104</gpxtpx:hr></gpxtpx:TrackPointExtension></extensions></trkpt><trkpt lat="57.99405" lon="38.869567"><ele>121.0</ele><time>2021-10-10T10:57:56Z</time><extensions><gpxtpx:TrackPointExtension><gpxtpx:hr>104</gpxtpx:hr></gpxtpx:TrackPointExtension></extensions></trkpt><trkpt lat="57.99407" lon="38.869617"><ele>121.0</ele><time>2021-10-10T10:57:57Z</time><extensions><gpxtpx:TrackPointExtension><gpxtpx:hr>104</gpxtpx:hr></gpxtpx:TrackPointExtension></extensions></trkpt><trkpt lat="57.994087" lon="38.869667"><ele>121.0</ele><time>2021-10-10T10:57:58Z</time><extensions><gpxtpx:TrackPointExtension><gpxtpx:hr>104</gpxtpx:hr></gpxtpx:TrackPointExtension></extensions></trkpt><trkpt lat="57.99411" lon="38.869717"><ele>121.0</ele><time>2021-10-10T10:57:59Z</time><extensions><gpxtpx:TrackPointExtension><gpxtpx:hr>104</gpxtpx:hr></gpxtpx:TrackPointExtension></extensions></trkpt><trkpt lat="57.99413" lon="38.86976"><ele>121.0</ele><time>2021-10-10T10:58:00Z</time><extensions><gpxtpx:TrackPointExtension><gpxtpx:hr>107</gpxtpx:hr></gpxtpx:TrackPointExtension></extensions></trkpt><trkpt lat="57.994152" lon="38.869798"><ele>121.0</ele><time>2021-10-10T10:58:01Z</time><extensions><gpxtpx:TrackPointExtension><gpxtpx:hr>107</gpxtpx:hr></gpxtpx:TrackPointExtension></extensions></trkpt><trkpt lat="57.99417" lon="38.869835"><ele>121.0</ele><time>2021-10-10T10:58:02Z</time><extensions><gpxtpx:TrackPointExtension><gpxtpx:hr>108</gpxtpx:hr></gpxtpx:TrackPointExtension></extensions></trkpt><trkpt lat="57.994193" lon="38.869865"><ele>121.0</ele><time>2021-10-10T10:58:03Z</time><extensions><gpxtpx:TrackPointExtension><gpxtpx:hr>112</gpxtpx:hr></gpxtpx:TrackPointExtension></extensions></trkpt><trkpt lat="57.994212" lon="38.8699"><ele>121.0</ele><time>2021-10-10T10:58:04Z</time><extensions><gpxtpx:TrackPointExtension><gpxtpx:hr>112</gpxtpx:hr></gpxtpx:TrackPointExtension></extensions></trkpt><trkpt lat="57.994235" lon="38.869925"><ele>121.0</ele><time>2021-10-10T10:58:05Z</time><extensions><gpxtpx:TrackPointExtension><gpxtpx:hr>118</gpxtpx:hr></gpxtpx:TrackPointExtension></extensions></trkpt><trkpt lat="57.99426" lon="38.86996"><ele>121.0</ele><time>2021-10-10T10:58:06Z</time><extensions><gpxtpx:TrackPointExtension><gpxtpx:hr>125</gpxtpx:hr></gpxtpx:TrackPointExtension></extensions></trkpt><trkpt lat="57.99428" lon="38.869995"><ele>121.0</ele><time>2021-10-10T10:58:07Z</time><extensions><gpxtpx:TrackPointExtension><gpxtpx:hr>127</gpxtpx:hr></gpxtpx:TrackPointExtension></extensions></trkpt><trkpt lat="57.99431" lon="38.870032"><ele>121.0</ele><time>2021-10-10T10:58:08Z</time><extensions><gpxtpx:TrackPointExtension><gpxtpx:hr>127</gpxtpx:hr></gpxtpx:TrackPointExtension></extensions></trkpt><trkpt lat="57.99433" lon="38.87007"><ele>121.0</ele><time>2021-10-10T10:58:09Z</time><extensions><gpxtpx:TrackPointExtension><gpxtpx:hr>93</gpxtpx:hr></gpxtpx:TrackPointExtension></extensions></trkpt><trkpt lat="57.994357" lon="38.870108"><ele>121.0</ele><time>2021-10-10T10:58:10Z</time><extensions><gpxtpx:TrackPointExtension><gpxtpx:hr>93</gpxtpx:hr></gpxtpx:TrackPointExtension></extensions></trkpt><trkpt lat="57.994377" lon="38.870147"><ele>121.0</ele><time>2021-10-10T10:58:11Z</time><extensions><gpxtpx:TrackPointExtension><gpxtpx:hr>93</gpxtpx:hr></gpxtpx:TrackPointExtension></extensions></trkpt><trkpt lat="57.9944" lon="38.870182"><ele>121.0</ele><time>2021-10-10T10:58:12Z</time><extensions><gpxtpx:TrackPointExtension><gpxtpx:hr>93</gpxtpx:hr></gpxtpx:TrackPointExtension></extensions></trkpt><trkpt lat="57.99442" lon="38.870212"><ele>121.0</ele><time>2021-10-10T10:58:13Z</time><extensions><gpxtpx:TrackPointExtension><gpxtpx:hr>93</gpxtpx:hr></gpxtpx:TrackPointExtension></extensions></trkpt><trkpt lat="57.99444" lon="38.870242"><ele>121.0</ele><time>2021-10-10T10:58:14Z</time><extensions><gpxtpx:TrackPointExtension><gpxtpx:hr>93</gpxtpx:hr></gpxtpx:TrackPointExtension></extensions></trkpt><trkpt lat="57.994452" lon="38.87027"><ele>121.0</ele><time>2021-10-10T10:58:15Z</time><extensions><gpxtpx:TrackPointExtension><gpxtpx:hr>93</gpxtpx:hr></gpxtpx:TrackPointExtension></extensions></trkpt><trkpt lat="57.99447" lon="38.870292"><ele>121.0</ele><time>2021-10-10T10:58:16Z</time><extensions><gpxtpx:TrackPointExtension><gpxtpx:hr>93</gpxtpx:hr></gpxtpx:TrackPointExtension></extensions></trkpt><trkpt lat="57.994483" lon="38.870315"><ele>121.0</ele><time>2021-10-10T10:58:17Z</time><extensions><gpxtpx:TrackPointExtension><gpxtpx:hr>93</gpxtpx:hr></gpxtpx:TrackPointExtension></extensions></trkpt><trkpt lat="57.994495" lon="38.870333"><ele>121.0</ele><time>2021-10-10T10:58:18Z</time><extensions><gpxtpx:TrackPointExtension><gpxtpx:hr>93</gpxtpx:hr></gpxtpx:TrackPointExtension></extensions></trkpt><trkpt lat="57.994507" lon="38.870353"><ele>121.0</ele><time>2021-10-10T10:58:19Z</time><extensions><gpxtpx:TrackPointExtension><gpxtpx:hr>93</gpxtpx:hr></gpxtpx:TrackPointExtension></extensions></trkpt><trkpt lat="57.994507" lon="38.87037"><ele>121.0</ele><time>2021-10-10T10:58:20Z</time><extensions><gpxtpx:TrackPointExtension><gpxtpx:hr>93</gpxtpx:hr></gpxtpx:TrackPointExtension></extensions></trkpt><trkpt lat="57.994507" lon="38.87038"><ele>121.0</ele><time>2021-10-10T10:58:21Z</time><extensions><gpxtpx:TrackPointExtension><gpxtpx:hr>93</gpxtpx:hr></gpxtpx:TrackPointExtension></extensions></trkpt><trkpt lat="57.994502" lon="38.87039"><ele>121.0</ele><time>2021-10-10T10:58:22Z</time><extensions><gpxtpx:TrackPointExtension><gpxtpx:hr>93</gpxtpx:hr></gpxtpx:TrackPointExtension></extensions></trkpt><trkpt lat="57.994502" lon="38.8704"><ele>121.0</ele><time>2021-10-10T10:58:23Z</time><extensions><gpxtpx:TrackPointExtension><gpxtpx:hr>93</gpxtpx:hr></gpxtpx:TrackPointExtension></extensions></trkpt><trkpt lat="57.9945" lon="38.870407"><ele>121.0</ele><time>2021-10-10T10:58:23Z</time><extensions><gpxtpx:TrackPointExtension><gpxtpx:hr>93</gpxtpx:hr></gpxtpx:TrackPointExtension></extensions></trkpt><trkpt lat="57.994495" lon="38.87042"><ele>121.0</ele><time>2021-10-10T10:58:24Z</time><extensions><gpxtpx:TrackPointExtension><gpxtpx:hr>93</gpxtpx:hr></gpxtpx:TrackPointExtension></extensions></trkpt><trkpt lat="57.99449" lon="38.870425"><ele>121.0</ele><time>2021-10-10T10:58:25Z</time><extensions><gpxtpx:TrackPointExtension><gpxtpx:hr>93</gpxtpx:hr></gpxtpx:TrackPointExtension></extensions></trkpt><trkpt lat="57.994495" lon="38.87046"><ele>121.0</ele><time>2021-10-10T10:58:33Z</time><extensions><gpxtpx:TrackPointExtension><gpxtpx:hr>93</gpxtpx:hr></gpxtpx:TrackPointExtension></extensions></trkpt><trkpt lat="57.99449" lon="38.870463"><ele>121.0</ele><time>2021-10-10T10:58:35Z</time><extensions><gpxtpx:TrackPointExtension><gpxtpx:hr>93</gpxtpx:hr></gpxtpx:TrackPointExtension></extensions></trkpt><trkpt lat="57.99449" lon="38.870463"><ele>121.0</ele><time>2021-10-10T10:58:36Z</time><extensions><gpxtpx:TrackPointExtension><gpxtpx:hr>93</gpxtpx:hr></gpxtpx:TrackPointExtension></extensions></trkpt><trkpt lat="57.99449" lon="38.87047"><ele>121.0</ele><time>2021-10-10T10:58:37Z</time><extensions><gpxtpx:TrackPointExtension><gpxtpx:hr>93</gpxtpx:hr></gpxtpx:TrackPointExtension></extensions></trkpt><trkpt lat="57.994487" lon="38.870475"><ele>121.0</ele><time>2021-10-10T10:58:38Z</time><extensions><gpxtpx:TrackPointExtension><gpxtpx:hr>93</gpxtpx:hr></gpxtpx:TrackPointExtension></extensions></trkpt><trkpt lat="57.994487" lon="38.870487"><ele>121.0</ele><time>2021-10-10T10:58:39Z</time><extensions><gpxtpx:TrackPointExtension><gpxtpx:hr>93</gpxtpx:hr></gpxtpx:TrackPointExtension></extensions></trkpt><trkpt lat="57.994483" lon="38.870502"><ele>121.0</ele><time>2021-10-10T10:58:40Z</time><extensions><gpxtpx:TrackPointExtension><gpxtpx:hr>93</gpxtpx:hr></gpxtpx:TrackPointExtension></extensions></trkpt><trkpt lat="57.99448" lon="38.870517"><ele>121.0</ele><time>2021-10-10T10:58:41Z</time><extensions><gpxtpx:TrackPointExtension><gpxtpx:hr>93</gpxtpx:hr></gpxtpx:TrackPointExtension></extensions></trkpt><trkpt lat="57.99448" lon="38.870537"><ele>121.0</ele><time>2021-10-10T10:58:42Z</time><extensions><gpxtpx:TrackPointExtension><gpxtpx:hr>93</gpxtpx:hr></gpxtpx:TrackPointExtension></extensions></trkpt><trkpt lat="57.994475" lon="38.870552"><ele>121.0</ele><time>2021-10-10T10:58:43Z</time><extensions><gpxtpx:TrackPointExtension><gpxtpx:hr>93</gpxtpx:hr></gpxtpx:TrackPointExtension></extensions></trkpt><trkpt lat="57.994475" lon="38.87057"><ele>121.0</ele><time>2021-10-10T10:58:44Z</time><extensions><gpxtpx:TrackPointExtension><gpxtpx:hr>93</gpxtpx:hr></gpxtpx:TrackPointExtension></extensions></trkpt><trkpt lat="57.994472" lon="38.870585"><ele>121.0</ele><time>2021-10-10T10:58:45Z</time><extensions><gpxtpx:TrackPointExtension><gpxtpx:hr>93</gpxtpx:hr></gpxtpx:TrackPointExtension></extensions></trkpt><trkpt lat="57.99447" lon="38.8706"><ele>121.0</ele><time>2021-10-10T10:58:46Z</time><extensions><gpxtpx:TrackPointExtension><gpxtpx:hr>93</gpxtpx:hr></gpxtpx:TrackPointExtension></extensions></trkpt><trkpt lat="57.994465" lon="38.870617"><ele>121.0</ele><time>2021-10-10T10:58:47Z</time><extensions><gpxtpx:TrackPointExtension><gpxtpx:hr>93</gpxtpx:hr></gpxtpx:TrackPointExtension></extensions></trkpt><trkpt lat="57.994458" lon="38.870628"><ele>121.0</ele><time>2021-10-10T10:58:48Z</time><extensions><gpxtpx:TrackPointExtension><gpxtpx:hr>93</gpxtpx:hr></gpxtpx:TrackPointExtension></extensions></trkpt><trkpt lat="57.994457" lon="38.87064"><ele>121.0</ele><time>2021-10-10T10:58:49Z</time><extensions><gpxtpx:TrackPointExtension><gpxtpx:hr>93</gpxtpx:hr></gpxtpx:TrackPointExtension></extensions></trkpt><trkpt lat="57.994457" lon="38.870655"><ele>121.0</ele><time>2021-10-10T10:58:50Z</time><extensions><gpxtpx:TrackPointExtension><gpxtpx:hr>93</gpxtpx:hr></gpxtpx:TrackPointExtension></extensions></trkpt><trkpt lat="57.994452" lon="38.870673"><ele>121.0</ele><time>2021-10-10T10:58:51Z</time><extensions><gpxtpx:TrackPointExtension><gpxtpx:hr>93</gpxtpx:hr></gpxtpx:TrackPointExtension></extensions></trkpt><trkpt lat="57.994452" lon="38.870692"><ele>121.0</ele><time>2021-10-10T10:58:52Z</time><extensions><gpxtpx:TrackPointExtension><gpxtpx:hr>93</gpxtpx:hr></gpxtpx:TrackPointExtension></extensions></trkpt><trkpt lat="57.994457" lon="38.870712"><ele>121.0</ele><time>2021-10-10T10:58:53Z</time><extensions><gpxtpx:TrackPointExtension><gpxtpx:hr>93</gpxtpx:hr></gpxtpx:TrackPointExtension></extensions></trkpt><trkpt lat="57.994452" lon="38.870735"><ele>121.0</ele><time>2021-10-10T10:58:54Z</time><extensions><gpxtpx:TrackPointExtension><gpxtpx:hr>93</gpxtpx:hr></gpxtpx:TrackPointExtension></extensions></trkpt><trkpt lat="57.994452" lon="38.870757"><ele>121.0</ele><time>2021-10-10T10:58:55Z</time><extensions><gpxtpx:TrackPointExtension><gpxtpx:hr>92</gpxtpx:hr></gpxtpx:TrackPointExtension></extensions></trkpt><trkpt lat="57.994452" lon="38.870777"><ele>121.0</ele><time>2021-10-10T10:58:56Z</time><extensions><gpxtpx:TrackPointExtension><gpxtpx:hr>92</gpxtpx:hr></gpxtpx:TrackPointExtension></extensions></trkpt><trkpt lat="57.994457" lon="38.870795"><ele>121.0</ele><time>2021-10-10T10:58:57Z</time><extensions><gpxtpx:TrackPointExtension><gpxtpx:hr>92</gpxtpx:hr></gpxtpx:TrackPointExtension></extensions></trkpt><trkpt lat="57.994465" lon="38.87082"><ele>121.0</ele><time>2021-10-10T10:58:58Z</time><extensions><gpxtpx:TrackPointExtension><gpxtpx:hr>92</gpxtpx:hr></gpxtpx:TrackPointExtension></extensions></trkpt><trkpt lat="57.99447" lon="38.870842"><ele>121.0</ele><time>2021-10-10T10:58:59Z</time><extensions><gpxtpx:TrackPointExtension><gpxtpx:hr>92</gpxtpx:hr></gpxtpx:TrackPointExtension></extensions></trkpt><trkpt lat="57.994472" lon="38.870868"><ele>121.0</ele><time>2021-10-10T10:59:00Z</time><extensions><gpxtpx:TrackPointExtension><gpxtpx:hr>92</gpxtpx:hr></gpxtpx:TrackPointExtension></extensions></trkpt><trkpt lat="57.994472" lon="38.87089"><ele>121.0</ele><time>2021-10-10T10:59:01Z</time><extensions><gpxtpx:TrackPointExtension><gpxtpx:hr>92</gpxtpx:hr></gpxtpx:TrackPointExtension></extensions></trkpt><trkpt lat="57.99447" lon="38.87091"><ele>121.0</ele><time>2021-10-10T10:59:02Z</time><extensions><gpxtpx:TrackPointExtension><gpxtpx:hr>93</gpxtpx:hr></gpxtpx:TrackPointExtension></extensions></trkpt><trkpt lat="57.994458" lon="38.87091"><ele>121.0</ele><time>2021-10-10T10:59:03Z</time><extensions><gpxtpx:TrackPointExtension><gpxtpx:hr>93</gpxtpx:hr></gpxtpx:TrackPointExtension></extensions></trkpt><trkpt lat="57.994465" lon="38.870925"><ele>121.0</ele><time>2021-10-10T10:59:04Z</time><extensions><gpxtpx:TrackPointExtension><gpxtpx:hr>93</gpxtpx:hr></gpxtpx:TrackPointExtension></extensions></trkpt><trkpt lat="57.994465" lon="38.870933"><ele>121.0</ele><time>2021-10-10T10:59:05Z</time><extensions><gpxtpx:TrackPointExtension><gpxtpx:hr>93</gpxtpx:hr></gpxtpx:TrackPointExtension></extensions></trkpt><trkpt lat="57.994472" lon="38.870938"><ele>121.0</ele><time>2021-10-10T10:59:06Z</time><extensions><gpxtpx:TrackPointExtension><gpxtpx:hr>93</gpxtpx:hr></gpxtpx:TrackPointExtension></extensions></trkpt><trkpt lat="57.994472" lon="38.87095"><ele>121.0</ele><time>2021-10-10T10:59:07Z</time><extensions><gpxtpx:TrackPointExtension><gpxtpx:hr>93</gpxtpx:hr></gpxtpx:TrackPointExtension></extensions></trkpt><trkpt lat="57.994475" lon="38.87096"><ele>121.0</ele><time>2021-10-10T10:59:08Z</time><extensions><gpxtpx:TrackPointExtension><gpxtpx:hr>93</gpxtpx:hr></gpxtpx:TrackPointExtension></extensions></trkpt><trkpt lat="57.994475" lon="38.870967"><ele>121.0</ele><time>2021-10-10T10:59:09Z</time><extensions><gpxtpx:TrackPointExtension><gpxtpx:hr>93</gpxtpx:hr></gpxtpx:TrackPointExtension></extensions></trkpt><trkpt lat="57.994475" lon="38.871"><ele>121.0</ele><time>2021-10-10T10:59:16Z</time><extensions><gpxtpx:TrackPointExtension><gpxtpx:hr>93</gpxtpx:hr></gpxtpx:TrackPointExtension></extensions></trkpt><trkpt lat="57.994475" lon="38.871017"><ele>121.0</ele><time>2021-10-10T10:59:38Z</time><extensions><gpxtpx:TrackPointExtension><gpxtpx:hr>95</gpxtpx:hr></gpxtpx:TrackPointExtension></extensions></trkpt><trkpt lat="57.994475" lon="38.87102"><ele>121.0</ele><time>2021-10-10T10:59:39Z</time><extensions><gpxtpx:TrackPointExtension><gpxtpx:hr>95</gpxtpx:hr></gpxtpx:TrackPointExtension></extensions></trkpt><trkpt lat="57.99448" lon="38.87103"><ele>121.0</ele><time>2021-10-10T10:59:40Z</time><extensions><gpxtpx:TrackPointExtension><gpxtpx:hr>95</gpxtpx:hr></gpxtpx:TrackPointExtension></extensions></trkpt><trkpt lat="57.99448" lon="38.871043"><ele>121.0</ele><time>2021-10-10T10:59:41Z</time><extensions><gpxtpx:TrackPointExtension><gpxtpx:hr>95</gpxtpx:hr></gpxtpx:TrackPointExtension></extensions></trkpt><trkpt lat="57.99448" lon="38.87106"><ele>121.0</ele><time>2021-10-10T10:59:42Z</time><extensions><gpxtpx:TrackPointExtension><gpxtpx:hr>95</gpxtpx:hr></gpxtpx:TrackPointExtension></extensions></trkpt><trkpt lat="57.994475" lon="38.871075"><ele>121.0</ele><time>2021-10-10T10:59:43Z</time><extensions><gpxtpx:TrackPointExtension><gpxtpx:hr>95</gpxtpx:hr></gpxtpx:TrackPointExtension></extensions></trkpt><trkpt lat="57.994472" lon="38.871097"><ele>121.0</ele><time>2021-10-10T10:59:44Z</time><extensions><gpxtpx:TrackPointExtension><gpxtpx:hr>95</gpxtpx:hr></gpxtpx:TrackPointExtension></extensions></trkpt><trkpt lat="57.994472" lon="38.87112"><ele>121.0</ele><time>2021-10-10T10:59:45Z</time><extensions><gpxtpx:TrackPointExtension><gpxtpx:hr>95</gpxtpx:hr></gpxtpx:TrackPointExtension></extensions></trkpt><trkpt lat="57.99447" lon="38.871142"><ele>121.0</ele><time>2021-10-10T10:59:46Z</time><extensions><gpxtpx:TrackPointExtension><gpxtpx:hr>95</gpxtpx:hr></gpxtpx:TrackPointExtension></extensions></trkpt><trkpt lat="57.994458" lon="38.871162"><ele>121.0</ele><time>2021-10-10T10:59:47Z</time><extensions><gpxtpx:TrackPointExtension><gpxtpx:hr>95</gpxtpx:hr></gpxtpx:TrackPointExtension></extensions></trkpt><trkpt lat="57.994457" lon="38.871173"><ele>121.0</ele><time>2021-10-10T10:59:48Z</time><extensions><gpxtpx:TrackPointExtension><gpxtpx:hr>95</gpxtpx:hr></gpxtpx:TrackPointExtension></extensions></trkpt><trkpt lat="57.99445" lon="38.87118"><ele>121.0</ele><time>2021-10-10T10:59:49Z</time><extensions><gpxtpx:TrackPointExtension><gpxtpx:hr>95</gpxtpx:hr></gpxtpx:TrackPointExtension></extensions></trkpt><trkpt lat="57.994445" lon="38.871185"><ele>121.0</ele><time>2021-10-10T10:59:50Z</time><extensions><gpxtpx:TrackPointExtension><gpxtpx:hr>95</gpxtpx:hr></gpxtpx:TrackPointExtension></extensions></trkpt><trkpt lat="57.994442" lon="38.87119"><ele>121.0</ele><time>2021-10-10T10:59:51Z</time><extensions><gpxtpx:TrackPointExtension><gpxtpx:hr>95</gpxtpx:hr></gpxtpx:TrackPointExtension></extensions></trkpt><trkpt lat="57.994433" lon="38.87119"><ele>121.0</ele><time>2021-10-10T10:59:52Z</time><extensions><gpxtpx:TrackPointExtension><gpxtpx:hr>95</gpxtpx:hr></gpxtpx:TrackPointExtension></extensions></trkpt><trkpt lat="57.99443" lon="38.87119"><ele>121.0</ele><time>2021-10-10T10:59:53Z</time><extensions><gpxtpx:TrackPointExtension><gpxtpx:hr>95</gpxtpx:hr></gpxtpx:TrackPointExtension></extensions></trkpt><trkpt lat="57.994422" lon="38.871192"><ele>121.0</ele><time>2021-10-10T10:59:54Z</time><extensions><gpxtpx:TrackPointExtension><gpxtpx:hr>95</gpxtpx:hr></gpxtpx:TrackPointExtension></extensions></trkpt><trkpt lat="57.994415" lon="38.871197"><ele>121.0</ele><time>2021-10-10T10:59:55Z</time><extensions><gpxtpx:TrackPointExtension><gpxtpx:hr>95</gpxtpx:hr></gpxtpx:TrackPointExtension></extensions></trkpt><trkpt lat="57.994407" lon="38.871197"><ele>121.0</ele><time>2021-10-10T10:59:56Z</time><extensions><gpxtpx:TrackPointExtension><gpxtpx:hr>118</gpxtpx:hr></gpxtpx:TrackPointExtension></extensions></trkpt><trkpt lat="57.994403" lon="38.8712"><ele>121.0</ele><time>2021-10-10T10:59:57Z</time><extensions><gpxtpx:TrackPointExtension><gpxtpx:hr>118</gpxtpx:hr></gpxtpx:TrackPointExtension></extensions></trkpt><trkpt lat="57.9944" lon="38.8712"><ele>121.0</ele><time>2021-10-10T10:59:58Z</time><extensions><gpxtpx:TrackPointExtension><gpxtpx:hr>118</gpxtpx:hr></gpxtpx:TrackPointExtension></extensions></trkpt><trkpt lat="57.994392" lon="38.8712"><ele>121.0</ele><time>2021-10-10T10:59:59Z</time><extensions><gpxtpx:TrackPointExtension><gpxtpx:hr>118</gpxtpx:hr></gpxtpx:TrackPointExtension></extensions></trkpt><trkpt lat="57.994385" lon="38.8712"><ele>121.0</ele><time>2021-10-10T11:00:00Z</time><extensions><gpxtpx:TrackPointExtension><gpxtpx:hr>118</gpxtpx:hr></gpxtpx:TrackPointExtension></extensions></trkpt><trkpt lat="57.994377" lon="38.8712"><ele>121.0</ele><time>2021-10-10T11:00:01Z</time><extensions><gpxtpx:TrackPointExtension><gpxtpx:hr>118</gpxtpx:hr></gpxtpx:TrackPointExtension></extensions></trkpt><trkpt lat="57.994372" lon="38.8712"><ele>121.0</ele><time>2021-10-10T11:00:02Z</time><extensions><gpxtpx:TrackPointExtension><gpxtpx:hr>118</gpxtpx:hr></gpxtpx:TrackPointExtension></extensions></trkpt><trkpt lat="57.99436" lon="38.8712"><ele>121.0</ele><time>2021-10-10T11:00:03Z</time><extensions><gpxtpx:TrackPointExtension><gpxtpx:hr>118</gpxtpx:hr></gpxtpx:TrackPointExtension></extensions></trkpt><trkpt lat="57.994353" lon="38.871197"><ele>121.0</ele><time>2021-10-10T11:00:04Z</time><extensions><gpxtpx:TrackPointExtension><gpxtpx:hr>118</gpxtpx:hr></gpxtpx:TrackPointExtension></extensions></trkpt><trkpt lat="57.994347" lon="38.871197"><ele>121.0</ele><time>2021-10-10T11:00:05Z</time><extensions><gpxtpx:TrackPointExtension><gpxtpx:hr>118</gpxtpx:hr></gpxtpx:TrackPointExtension></extensions></trkpt><trkpt lat="57.99434" lon="38.871197"><ele>121.0</ele><time>2021-10-10T11:00:06Z</time><extensions><gpxtpx:TrackPointExtension><gpxtpx:hr>118</gpxtpx:hr></gpxtpx:TrackPointExtension></extensions></trkpt><trkpt lat="57.99433" lon="38.871197"><ele>121.0</ele><time>2021-10-10T11:00:07Z</time><extensions><gpxtpx:TrackPointExtension><gpxtpx:hr>118</gpxtpx:hr></gpxtpx:TrackPointExtension></extensions></trkpt><trkpt lat="57.994323" lon="38.8712"><ele>121.0</ele><time>2021-10-10T11:00:08Z</time><extensions><gpxtpx:TrackPointExtension><gpxtpx:hr>118</gpxtpx:hr></gpxtpx:TrackPointExtension></extensions></trkpt><trkpt lat="57.99432" lon="38.871203"><ele>121.0</ele><time>2021-10-10T11:00:09Z</time><extensions><gpxtpx:TrackPointExtension><gpxtpx:hr>118</gpxtpx:hr></gpxtpx:TrackPointExtension></extensions></trkpt><trkpt lat="57.99432" lon="38.871203"><ele>121.0</ele><time>2021-10-10T11:00:10Z</time><extensions><gpxtpx:TrackPointExtension><gpxtpx:hr>118</gpxtpx:hr></gpxtpx:TrackPointExtension></extensions></trkpt><trkpt lat="57.994315" lon="38.871203"><ele>121.0</ele><time>2021-10-10T11:00:11Z</time><extensions><gpxtpx:TrackPointExtension><gpxtpx:hr>118</gpxtpx:hr></gpxtpx:TrackPointExtension></extensions></trkpt><trkpt lat="57.99431" lon="38.871212"><ele>121.0</ele><time>2021-10-10T11:00:12Z</time><extensions><gpxtpx:TrackPointExtension><gpxtpx:hr>118</gpxtpx:hr></gpxtpx:TrackPointExtension></extensions></trkpt><trkpt lat="57.9943" lon="38.871222"><ele>121.0</ele><time>2021-10-10T11:00:13Z</time><extensions><gpxtpx:TrackPointExtension><gpxtpx:hr>118</gpxtpx:hr></gpxtpx:TrackPointExtension></extensions></trkpt><trkpt lat="57.994292" lon="38.87124"><ele>121.0</ele><time>2021-10-10T11:00:14Z</time><extensions><gpxtpx:TrackPointExtension><gpxtpx:hr>118</gpxtpx:hr></gpxtpx:TrackPointExtension></extensions></trkpt><trkpt lat="57.994285" lon="38.87126"><ele>121.0</ele><time>2021-10-10T11:00:15Z</time><extensions><gpxtpx:TrackPointExtension><gpxtpx:hr>118</gpxtpx:hr></gpxtpx:TrackPointExtension></extensions></trkpt><trkpt lat="57.994273" lon="38.871283"><ele>121.0</ele><time>2021-10-10T11:00:16Z</time><extensions><gpxtpx:TrackPointExtension><gpxtpx:hr>118</gpxtpx:hr></gpxtpx:TrackPointExtension></extensions></trkpt><trkpt lat="57.994262" lon="38.87131"><ele>121.0</ele><time>2021-10-10T11:00:17Z</time><extensions><gpxtpx:TrackPointExtension><gpxtpx:hr>118</gpxtpx:hr></gpxtpx:TrackPointExtension></extensions></trkpt><trkpt lat="57.994255" lon="38.871337"><ele>121.0</ele><time>2021-10-10T11:00:18Z</time><extensions><gpxtpx:TrackPointExtension><gpxtpx:hr>118</gpxtpx:hr></gpxtpx:TrackPointExtension></extensions></trkpt><trkpt lat="57.994247" lon="38.87136"><ele>121.0</ele><time>2021-10-10T11:00:19Z</time><extensions><gpxtpx:TrackPointExtension><gpxtpx:hr>118</gpxtpx:hr></gpxtpx:TrackPointExtension></extensions></trkpt><trkpt lat="57.99424" lon="38.871387"><ele>121.0</ele><time>2021-10-10T11:00:20Z</time><extensions><gpxtpx:TrackPointExtension><gpxtpx:hr>118</gpxtpx:hr></gpxtpx:TrackPointExtension></extensions></trkpt><trkpt lat="57.994235" lon="38.87141"><ele>121.0</ele><time>2021-10-10T11:00:21Z</time><extensions><gpxtpx:TrackPointExtension><gpxtpx:hr>118</gpxtpx:hr></gpxtpx:TrackPointExtension></extensions></trkpt><trkpt lat="57.99423" lon="38.871432"><ele>121.0</ele><time>2021-10-10T11:00:22Z</time><extensions><gpxtpx:TrackPointExtension><gpxtpx:hr>118</gpxtpx:hr></gpxtpx:TrackPointExtension></extensions></trkpt><trkpt lat="57.99422" lon="38.871455"><ele>121.0</ele><time>2021-10-10T11:00:23Z</time><extensions><gpxtpx:TrackPointExtension><gpxtpx:hr>118</gpxtpx:hr></gpxtpx:TrackPointExtension></extensions></trkpt><trkpt lat="57.994217" lon="38.871473"><ele>121.0</ele><time>2021-10-10T11:00:24Z</time><extensions><gpxtpx:TrackPointExtension><gpxtpx:hr>118</gpxtpx:hr></gpxtpx:TrackPointExtension></extensions></trkpt><trkpt lat="57.99421" lon="38.871493"><ele>121.0</ele><time>2021-10-10T11:00:25Z</time><extensions><gpxtpx:TrackPointExtension><gpxtpx:hr>118</gpxtpx:hr></gpxtpx:TrackPointExtension></extensions></trkpt><trkpt lat="57.994197" lon="38.871512"><ele>121.0</ele><time>2021-10-10T11:00:26Z</time><extensions><gpxtpx:TrackPointExtension><gpxtpx:hr>118</gpxtpx:hr></gpxtpx:TrackPointExtension></extensions></trkpt><trkpt lat="57.994197" lon="38.871517"><ele>121.0</ele><time>2021-10-10T11:00:27Z</time><extensions><gpxtpx:TrackPointExtension><gpxtpx:hr>118</gpxtpx:hr></gpxtpx:TrackPointExtension></extensions></trkpt><trkpt lat="57.9942" lon="38.871512"><ele>121.0</ele><time>2021-10-10T11:00:28Z</time><extensions><gpxtpx:TrackPointExtension><gpxtpx:hr>118</gpxtpx:hr></gpxtpx:TrackPointExtension></extensions></trkpt><trkpt lat="57.9942" lon="38.87151"><ele>121.0</ele><time>2021-10-10T11:00:29Z</time><extensions><gpxtpx:TrackPointExtension><gpxtpx:hr>118</gpxtpx:hr></gpxtpx:TrackPointExtension></extensions></trkpt><trkpt lat="57.994205" lon="38.87151"><ele>121.0</ele><time>2021-10-10T11:00:30Z</time><extensions><gpxtpx:TrackPointExtension><gpxtpx:hr>118</gpxtpx:hr></gpxtpx:TrackPointExtension></extensions></trkpt><trkpt lat="57.994205" lon="38.871512"><ele>121.0</ele><time>2021-10-10T11:00:31Z</time><extensions><gpxtpx:TrackPointExtension><gpxtpx:hr>118</gpxtpx:hr></gpxtpx:TrackPointExtension></extensions></trkpt><trkpt lat="57.994212" lon="38.871525"><ele>121.0</ele><time>2021-10-10T11:00:33Z</time><extensions><gpxtpx:TrackPointExtension><gpxtpx:hr>118</gpxtpx:hr></gpxtpx:TrackPointExtension></extensions></trkpt><trkpt lat="57.994212" lon="38.871525"><ele>121.0</ele><time>2021-10-10T11:00:34Z</time><extensions><gpxtpx:TrackPointExtension><gpxtpx:hr>118</gpxtpx:hr></gpxtpx:TrackPointExtension></extensions></trkpt><trkpt lat="57.994217" lon="38.871525"><ele>121.0</ele><time>2021-10-10T11:00:35Z</time><extensions><gpxtpx:TrackPointExtension><gpxtpx:hr>118</gpxtpx:hr></gpxtpx:TrackPointExtension></extensions></trkpt><trkpt lat="57.994225" lon="38.87153"><ele>121.0</ele><time>2021-10-10T11:00:36Z</time><extensions><gpxtpx:TrackPointExtension><gpxtpx:hr>118</gpxtpx:hr></gpxtpx:TrackPointExtension></extensions></trkpt><trkpt lat="57.99423" lon="38.871532"><ele>121.0</ele><time>2021-10-10T11:00:37Z</time><extensions><gpxtpx:TrackPointExtension><gpxtpx:hr>118</gpxtpx:hr></gpxtpx:TrackPointExtension></extensions></trkpt><trkpt lat="57.994235" lon="38.87154"><ele>121.0</ele><time>2021-10-10T11:00:38Z</time><extensions><gpxtpx:TrackPointExtension><gpxtpx:hr>118</gpxtpx:hr></gpxtpx:TrackPointExtension></extensions></trkpt><trkpt lat="57.994247" lon="38.87155"><ele>121.0</ele><time>2021-10-10T11:00:39Z</time><extensions><gpxtpx:TrackPointExtension><gpxtpx:hr>118</gpxtpx:hr></gpxtpx:TrackPointExtension></extensions></trkpt><trkpt lat="57.994255" lon="38.871567"><ele>121.0</ele><time>2021-10-10T11:00:40Z</time><extensions><gpxtpx:TrackPointExtension><gpxtpx:hr>118</gpxtpx:hr></gpxtpx:TrackPointExtension></extensions></trkpt><trkpt lat="57.994262" lon="38.871582"><ele>121.0</ele><time>2021-10-10T11:00:41Z</time><extensions><gpxtpx:TrackPointExtension><gpxtpx:hr>118</gpxtpx:hr></gpxtpx:TrackPointExtension></extensions></trkpt><trkpt lat="57.99427" lon="38.871597"><ele>121.0</ele><time>2021-10-10T11:00:42Z</time><extensions><gpxtpx:TrackPointExtension><gpxtpx:hr>118</gpxtpx:hr></gpxtpx:TrackPointExtension></extensions></trkpt><trkpt lat="57.994277" lon="38.871615"><ele>121.0</ele><time>2021-10-10T11:00:43Z</time><extensions><gpxtpx:TrackPointExtension><gpxtpx:hr>118</gpxtpx:hr></gpxtpx:TrackPointExtension></extensions></trkpt><trkpt lat="57.99429" lon="38.871627"><ele>121.0</ele><time>2021-10-10T11:00:44Z</time><extensions><gpxtpx:TrackPointExtension><gpxtpx:hr>118</gpxtpx:hr></gpxtpx:TrackPointExtension></extensions></trkpt><trkpt lat="57.994297" lon="38.87164"><ele>121.0</ele><time>2021-10-10T11:00:45Z</time><extensions><gpxtpx:TrackPointExtension><gpxtpx:hr>118</gpxtpx:hr></gpxtpx:TrackPointExtension></extensions></trkpt><trkpt lat="57.994303" lon="38.87165"><ele>121.0</ele><time>2021-10-10T11:00:46Z</time><extensions><gpxtpx:TrackPointExtension><gpxtpx:hr>118</gpxtpx:hr></gpxtpx:TrackPointExtension></extensions></trkpt><trkpt lat="57.994315" lon="38.87166"><ele>121.0</ele><time>2021-10-10T11:00:47Z</time><extensions><gpxtpx:TrackPointExtension><gpxtpx:hr>118</gpxtpx:hr></gpxtpx:TrackPointExtension></extensions></trkpt><trkpt lat="57.994323" lon="38.871665"><ele>121.0</ele><time>2021-10-10T11:00:48Z</time><extensions><gpxtpx:TrackPointExtension><gpxtpx:hr>118</gpxtpx:hr></gpxtpx:TrackPointExtension></extensions></trkpt><trkpt lat="57.994335" lon="38.871673"><ele>121.0</ele><time>2021-10-10T11:00:49Z</time><extensions><gpxtpx:TrackPointExtension><gpxtpx:hr>118</gpxtpx:hr></gpxtpx:TrackPointExtension></extensions></trkpt><trkpt lat="57.994342" lon="38.871685"><ele>121.0</ele><time>2021-10-10T11:00:50Z</time><extensions><gpxtpx:TrackPointExtension><gpxtpx:hr>118</gpxtpx:hr></gpxtpx:TrackPointExtension></extensions></trkpt><trkpt lat="57.99435" lon="38.871695"><ele>121.0</ele><time>2021-10-10T11:00:51Z</time><extensions><gpxtpx:TrackPointExtension><gpxtpx:hr>118</gpxtpx:hr></gpxtpx:TrackPointExtension></extensions></trkpt><trkpt lat="57.994377" lon="38.871722"><ele>121.0</ele><time>2021-10-10T11:00:58Z</time><extensions><gpxtpx:TrackPointExtension><gpxtpx:hr>118</gpxtpx:hr></gpxtpx:TrackPointExtension></extensions></trkpt><trkpt lat="57.994377" lon="38.871727"><ele>121.0</ele><time>2021-10-10T11:00:59Z</time><extensions><gpxtpx:TrackPointExtension><gpxtpx:hr>118</gpxtpx:hr></gpxtpx:TrackPointExtension></extensions></trkpt><trkpt lat="57.99438" lon="38.871727"><ele>121.0</ele><time>2021-10-10T11:01:00Z</time><extensions><gpxtpx:TrackPointExtension><gpxtpx:hr>118</gpxtpx:hr></gpxtpx:TrackPointExtension></extensions></trkpt><trkpt lat="57.99439" lon="38.87173"><ele>121.0</ele><time>2021-10-10T11:01:01Z</time><extensions><gpxtpx:TrackPointExtension><gpxtpx:hr>118</gpxtpx:hr></gpxtpx:TrackPointExtension></extensions></trkpt><trkpt lat="57.994395" lon="38.87174"><ele>121.0</ele><time>2021-10-10T11:01:02Z</time><extensions><gpxtpx:TrackPointExtension><gpxtpx:hr>118</gpxtpx:hr></gpxtpx:TrackPointExtension></extensions></trkpt><trkpt lat="57.9944" lon="38.871742"><ele>121.0</ele><time>2021-10-10T11:01:03Z</time><extensions><gpxtpx:TrackPointExtension><gpxtpx:hr>118</gpxtpx:hr></gpxtpx:TrackPointExtension></extensions></trkpt><trkpt lat="57.994403" lon="38.871757"><ele>121.0</ele><time>2021-10-10T11:01:04Z</time><extensions><gpxtpx:TrackPointExtension><gpxtpx:hr>118</gpxtpx:hr></gpxtpx:TrackPointExtension></extensions></trkpt><trkpt lat="57.994403" lon="38.871777"><ele>121.0</ele><time>2021-10-10T11:01:05Z</time><extensions><gpxtpx:TrackPointExtension><gpxtpx:hr>118</gpxtpx:hr></gpxtpx:TrackPointExtension></extensions></trkpt><trkpt lat="57.9944" lon="38.871795"><ele>121.0</ele><time>2021-10-10T11:01:06Z</time><extensions><gpxtpx:TrackPointExtension><gpxtpx:hr>118</gpxtpx:hr></gpxtpx:TrackPointExtension></extensions></trkpt><trkpt lat="57.9944" lon="38.871807"><ele>121.0</ele><time>2021-10-10T11:01:07Z</time><extensions><gpxtpx:TrackPointExtension><gpxtpx:hr>118</gpxtpx:hr></gpxtpx:TrackPointExtension></extensions></trkpt><trkpt lat="57.994395" lon="38.87181"><ele>121.0</ele><time>2021-10-10T11:01:08Z</time><extensions><gpxtpx:TrackPointExtension><gpxtpx:hr>118</gpxtpx:hr></gpxtpx:TrackPointExtension></extensions></trkpt><trkpt lat="57.994395" lon="38.87184"><ele>121.0</ele><time>2021-10-10T11:01:13Z</time><extensions><gpxtpx:TrackPointExtension><gpxtpx:hr>118</gpxtpx:hr></gpxtpx:TrackPointExtension></extensions></trkpt><trkpt lat="57.9944" lon="38.871845"><ele>121.0</ele><time>2021-10-10T11:01:14Z</time><extensions><gpxtpx:TrackPointExtension><gpxtpx:hr>118</gpxtpx:hr></gpxtpx:TrackPointExtension></extensions></trkpt><trkpt lat="57.994403" lon="38.87186"><ele>121.0</ele><time>2021-10-10T11:01:15Z</time><extensions><gpxtpx:TrackPointExtension><gpxtpx:hr>118</gpxtpx:hr></gpxtpx:TrackPointExtension></extensions></trkpt><trkpt lat="57.994407" lon="38.871875"><ele>121.0</ele><time>2021-10-10T11:01:16Z</time><extensions><gpxtpx:TrackPointExtension><gpxtpx:hr>118</gpxtpx:hr></gpxtpx:TrackPointExtension></extensions></trkpt><trkpt lat="57.99441" lon="38.871895"><ele>121.0</ele><time>2021-10-10T11:01:17Z</time><extensions><gpxtpx:TrackPointExtension><gpxtpx:hr>118</gpxtpx:hr></gpxtpx:TrackPointExtension></extensions></trkpt><trkpt lat="57.994415" lon="38.871913"><ele>121.0</ele><time>2021-10-10T11:01:18Z</time><extensions><gpxtpx:TrackPointExtension><gpxtpx:hr>118</gpxtpx:hr></gpxtpx:TrackPointExtension></extensions></trkpt><trkpt lat="57.99442" lon="38.87194"><ele>121.0</ele><time>2021-10-10T11:01:19Z</time><extensions><gpxtpx:TrackPointExtension><gpxtpx:hr>118</gpxtpx:hr></gpxtpx:TrackPointExtension></extensions></trkpt><trkpt lat="57.994427" lon="38.871963"><ele>121.0</ele><time>2021-10-10T11:01:20Z</time><extensions><gpxtpx:TrackPointExtension><gpxtpx:hr>118</gpxtpx:hr></gpxtpx:TrackPointExtension></extensions></trkpt><trkpt lat="57.99443" lon="38.87199"><ele>121.0</ele><time>2021-10-10T11:01:21Z</time><extensions><gpxtpx:TrackPointExtension><gpxtpx:hr>118</gpxtpx:hr></gpxtpx:TrackPointExtension></extensions></trkpt><trkpt lat="57.99443" lon="38.872"><ele>121.0</ele><time>2021-10-10T11:01:22Z</time><extensions><gpxtpx:TrackPointExtension><gpxtpx:hr>118</gpxtpx:hr></gpxtpx:TrackPointExtension></extensions></trkpt><trkpt lat="57.99443" lon="38.87204"><ele>121.0</ele><time>2021-10-10T11:01:23Z</time><extensions><gpxtpx:TrackPointExtension><gpxtpx:hr>118</gpxtpx:hr></gpxtpx:TrackPointExtension></extensions></trkpt><trkpt lat="57.995093" lon="38.872462"><ele>121.0</ele><time>2021-10-10T11:01:27Z</time><extensions><gpxtpx:TrackPointExtension><gpxtpx:hr>118</gpxtpx:hr></gpxtpx:TrackPointExtension></extensions></trkpt><trkpt lat="57.995102" lon="38.87247"><ele>121.0</ele><time>2021-10-10T11:01:28Z</time><extensions><gpxtpx:TrackPointExtension><gpxtpx:hr>118</gpxtpx:hr></gpxtpx:TrackPointExtension></extensions></trkpt><trkpt lat="57.995112" lon="38.872482"><ele>121.0</ele><time>2021-10-10T11:01:29Z</time><extensions><gpxtpx:TrackPointExtension><gpxtpx:hr>118</gpxtpx:hr></gpxtpx:TrackPointExtension></extensions></trkpt><trkpt lat="57.99513" lon="38.872505"><ele>121.0</ele><time>2021-10-10T11:01:30Z</time><extensions><gpxtpx:TrackPointExtension><gpxtpx:hr>118</gpxtpx:hr></gpxtpx:TrackPointExtension></extensions></trkpt><trkpt lat="57.995147" lon="38.872528"><ele>121.0</ele><time>2021-10-10T11:01:31Z</time><extensions><gpxtpx:TrackPointExtension><gpxtpx:hr>118</gpxtpx:hr></gpxtpx:TrackPointExtension></extensions></trkpt><trkpt lat="57.995167" lon="38.872562"><ele>121.0</ele><time>2021-10-10T11:01:32Z</time><extensions><gpxtpx:TrackPointExtension><gpxtpx:hr>118</gpxtpx:hr></gpxtpx:TrackPointExtension></extensions></trkpt><trkpt lat="57.99519" lon="38.87259"><ele>121.0</ele><time>2021-10-10T11:01:33Z</time><extensions><gpxtpx:TrackPointExtension><gpxtpx:hr>118</gpxtpx:hr></gpxtpx:TrackPointExtension></extensions></trkpt><trkpt lat="57.995215" lon="38.87262"><ele>121.0</ele><time>2021-10-10T11:01:34Z</time><extensions><gpxtpx:TrackPointExtension><gpxtpx:hr>118</gpxtpx:hr></gpxtpx:TrackPointExtension></extensions></trkpt><trkpt lat="57.995415" lon="38.872887"><ele>121.0</ele><time>2021-10-10T11:01:34Z</time><extensions><gpxtpx:TrackPointExtension><gpxtpx:hr>118</gpxtpx:hr></gpxtpx:TrackPointExtension></extensions></trkpt><trkpt lat="57.995415" lon="38.87289"><ele>121.0</ele><time>2021-10-10T11:01:35Z</time><extensions><gpxtpx:TrackPointExtension><gpxtpx:hr>118</gpxtpx:hr></gpxtpx:TrackPointExtension></extensions></trkpt><trkpt lat="57.995422" lon="38.8729"><ele>121.0</ele><time>2021-10-10T11:01:36Z</time><extensions><gpxtpx:TrackPointExtension><gpxtpx:hr>118</gpxtpx:hr></gpxtpx:TrackPointExtension></extensions></trkpt><trkpt lat="57.99543" lon="38.872905"><ele>121.0</ele><time>2021-10-10T11:01:37Z</time><extensions><gpxtpx:TrackPointExtension><gpxtpx:hr>118</gpxtpx:hr></gpxtpx:TrackPointExtension></extensions></trkpt><trkpt lat="57.99544" lon="38.872925"><ele>121.0</ele><time>2021-10-10T11:01:38Z</time><extensions><gpxtpx:TrackPointExtension><gpxtpx:hr>118</gpxtpx:hr></gpxtpx:TrackPointExtension></extensions></trkpt><trkpt lat="57.995457" lon="38.872947"><ele>121.0</ele><time>2021-10-10T11:01:39Z</time><extensions><gpxtpx:TrackPointExtension><gpxtpx:hr>118</gpxtpx:hr></gpxtpx:TrackPointExtension></extensions></trkpt><trkpt lat="57.995475" lon="38.872973"><ele>121.0</ele><time>2021-10-10T11:01:40Z</time><extensions><gpxtpx:TrackPointExtension><gpxtpx:hr>118</gpxtpx:hr></gpxtpx:TrackPointExtension></extensions></trkpt><trkpt lat="57.99549" lon="38.873"><ele>121.0</ele><time>2021-10-10T11:01:41Z</time><extensions><gpxtpx:TrackPointExtension><gpxtpx:hr>118</gpxtpx:hr></gpxtpx:TrackPointExtension></extensions></trkpt><trkpt lat="57.995505" lon="38.87303"><ele>121.0</ele><time>2021-10-10T11:01:42Z</time><extensions><gpxtpx:TrackPointExtension><gpxtpx:hr>118</gpxtpx:hr></gpxtpx:TrackPointExtension></extensions></trkpt><trkpt lat="57.995525" lon="38.87306"><ele>121.0</ele><time>2021-10-10T11:01:43Z</time><extensions><gpxtpx:TrackPointExtension><gpxtpx:hr>118</gpxtpx:hr></gpxtpx:TrackPointExtension></extensions></trkpt><trkpt lat="57.995543" lon="38.873085"><ele>121.0</ele><time>2021-10-10T11:01:44Z</time><extensions><gpxtpx:TrackPointExtension><gpxtpx:hr>118</gpxtpx:hr></gpxtpx:TrackPointExtension></extensions></trkpt><trkpt lat="57.995567" lon="38.873115"><ele>121.0</ele><time>2021-10-10T11:01:45Z</time><extensions><gpxtpx:TrackPointExtension><gpxtpx:hr>118</gpxtpx:hr></gpxtpx:TrackPointExtension></extensions></trkpt><trkpt lat="57.99559" lon="38.873142"><ele>121.0</ele><time>2021-10-10T11:01:46Z</time><extensions><gpxtpx:TrackPointExtension><gpxtpx:hr>118</gpxtpx:hr></gpxtpx:TrackPointExtension></extensions></trkpt><trkpt lat="57.995612" lon="38.873165"><ele>121.0</ele><time>2021-10-10T11:01:47Z</time><extensions><gpxtpx:TrackPointExtension><gpxtpx:hr>118</gpxtpx:hr></gpxtpx:TrackPointExtension></extensions></trkpt><trkpt lat="57.995635" lon="38.873187"><ele>121.0</ele><time>2021-10-10T11:01:48Z</time><extensions><gpxtpx:TrackPointExtension><gpxtpx:hr>118</gpxtpx:hr></gpxtpx:TrackPointExtension></extensions></trkpt><trkpt lat="57.995655" lon="38.873207"><ele>121.0</ele><time>2021-10-10T11:01:49Z</time><extensions><gpxtpx:TrackPointExtension><gpxtpx:hr>118</gpxtpx:hr></gpxtpx:TrackPointExtension></extensions></trkpt><trkpt lat="57.995677" lon="38.873225"><ele>121.0</ele><time>2021-10-10T11:01:50Z</time><extensions><gpxtpx:TrackPointExtension><gpxtpx:hr>118</gpxtpx:hr></gpxtpx:TrackPointExtension></extensions></trkpt><trkpt lat="57.995697" lon="38.873245"><ele>121.0</ele><time>2021-10-10T11:01:51Z</time><extensions><gpxtpx:TrackPointExtension><gpxtpx:hr>118</gpxtpx:hr></gpxtpx:TrackPointExtension></extensions></trkpt><trkpt lat="57.995715" lon="38.873263"><ele>121.0</ele><time>2021-10-10T11:01:52Z</time><extensions><gpxtpx:TrackPointExtension><gpxtpx:hr>118</gpxtpx:hr></gpxtpx:TrackPointExtension></extensions></trkpt><trkpt lat="57.995735" lon="38.873287"><ele>121.0</ele><time>2021-10-10T11:01:53Z</time><extensions><gpxtpx:TrackPointExtension><gpxtpx:hr>118</gpxtpx:hr></gpxtpx:TrackPointExtension></extensions></trkpt><trkpt lat="57.99575" lon="38.87331"><ele>121.0</ele><time>2021-10-10T11:01:54Z</time><extensions><gpxtpx:TrackPointExtension><gpxtpx:hr>118</gpxtpx:hr></gpxtpx:TrackPointExtension></extensions></trkpt><trkpt lat="57.995765" lon="38.87333"><ele>121.0</ele><time>2021-10-10T11:01:55Z</time><extensions><gpxtpx:TrackPointExtension><gpxtpx:hr>118</gpxtpx:hr></gpxtpx:TrackPointExtension></extensions></trkpt><trkpt lat="57.995785" lon="38.873352"><ele>121.0</ele><time>2021-10-10T11:01:56Z</time><extensions><gpxtpx:TrackPointExtension><gpxtpx:hr>118</gpxtpx:hr></gpxtpx:TrackPointExtension></extensions></trkpt><trkpt lat="57.9958" lon="38.87337"><ele>121.0</ele><time>2021-10-10T11:01:57Z</time><extensions><gpxtpx:TrackPointExtension><gpxtpx:hr>118</gpxtpx:hr></gpxtpx:TrackPointExtension></extensions></trkpt><trkpt lat="57.995815" lon="38.873385"><ele>121.0</ele><time>2021-10-10T11:01:58Z</time><extensions><gpxtpx:TrackPointExtension><gpxtpx:hr>118</gpxtpx:hr></gpxtpx:TrackPointExtension></extensions></trkpt><trkpt lat="57.995827" lon="38.873397"><ele>121.0</ele><time>2021-10-10T11:01:59Z</time><extensions><gpxtpx:TrackPointExtension><gpxtpx:hr>118</gpxtpx:hr></gpxtpx:TrackPointExtension></extensions></trkpt><trkpt lat="57.995842" lon="38.873412"><ele>121.0</ele><time>2021-10-10T11:01:59Z</time><extensions><gpxtpx:TrackPointExtension><gpxtpx:hr>118</gpxtpx:hr></gpxtpx:TrackPointExtension></extensions></trkpt><trkpt lat="57.995857" lon="38.873425"><ele>121.0</ele><time>2021-10-10T11:02:00Z</time><extensions><gpxtpx:TrackPointExtension><gpxtpx:hr>118</gpxtpx:hr></gpxtpx:TrackPointExtension></extensions></trkpt><trkpt lat="57.995872" lon="38.87344"><ele>121.0</ele><time>2021-10-10T11:02:01Z</time><extensions><gpxtpx:TrackPointExtension><gpxtpx:hr>118</gpxtpx:hr></gpxtpx:TrackPointExtension></extensions></trkpt><trkpt lat="57.995883" lon="38.87346"><ele>121.0</ele><time>2021-10-10T11:02:02Z</time><extensions><gpxtpx:TrackPointExtension><gpxtpx:hr>118</gpxtpx:hr></gpxtpx:TrackPointExtension></extensions></trkpt><trkpt lat="57.995893" lon="38.873477"><ele>121.0</ele><time>2021-10-10T11:02:03Z</time><extensions><gpxtpx:TrackPointExtension><gpxtpx:hr>118</gpxtpx:hr></gpxtpx:TrackPointExtension></extensions></trkpt><trkpt lat="57.995907" lon="38.8735"><ele>121.0</ele><time>2021-10-10T11:02:04Z</time><extensions><gpxtpx:TrackPointExtension><gpxtpx:hr>118</gpxtpx:hr></gpxtpx:TrackPointExtension></extensions></trkpt><trkpt lat="57.99592" lon="38.873523"><ele>121.0</ele><time>2021-10-10T11:02:05Z</time><extensions><gpxtpx:TrackPointExtension><gpxtpx:hr>118</gpxtpx:hr></gpxtpx:TrackPointExtension></extensions></trkpt><trkpt lat="57.99593" lon="38.873542"><ele>121.0</ele><time>2021-10-10T11:02:06Z</time><extensions><gpxtpx:TrackPointExtension><gpxtpx:hr>118</gpxtpx:hr></gpxtpx:TrackPointExtension></extensions></trkpt><trkpt lat="57.995937" lon="38.87356"><ele>121.0</ele><time>2021-10-10T11:02:07Z</time><extensions><gpxtpx:TrackPointExtension><gpxtpx:hr>118</gpxtpx:hr></gpxtpx:TrackPointExtension></extensions></trkpt><trkpt lat="57.99595" lon="38.87358"><ele>121.0</ele><time>2021-10-10T11:02:08Z</time><extensions><gpxtpx:TrackPointExtension><gpxtpx:hr>118</gpxtpx:hr></gpxtpx:TrackPointExtension></extensions></trkpt><trkpt lat="57.99596" lon="38.873595"><ele>121.0</ele><time>2021-10-10T11:02:09Z</time><extensions><gpxtpx:TrackPointExtension><gpxtpx:hr>118</gpxtpx:hr></gpxtpx:TrackPointExtension></extensions></trkpt><trkpt lat="57.995967" lon="38.87361"><ele>121.0</ele><time>2021-10-10T11:02:10Z</time><extensions><gpxtpx:TrackPointExtension><gpxtpx:hr>118</gpxtpx:hr></gpxtpx:TrackPointExtension></extensions></trkpt><trkpt lat="57.995975" lon="38.873622"><ele>121.0</ele><time>2021-10-10T11:02:11Z</time><extensions><gpxtpx:TrackPointExtension><gpxtpx:hr>118</gpxtpx:hr></gpxtpx:TrackPointExtension></extensions></trkpt><trkpt lat="57.995982" lon="38.87364"><ele>121.0</ele><time>2021-10-10T11:02:12Z</time><extensions><gpxtpx:TrackPointExtension><gpxtpx:hr>118</gpxtpx:hr></gpxtpx:TrackPointExtension></extensions></trkpt><trkpt lat="57.99599" lon="38.87365"><ele>121.0</ele><time>2021-10-10T11:02:13Z</time><extensions><gpxtpx:TrackPointExtension><gpxtpx:hr>118</gpxtpx:hr></gpxtpx:TrackPointExtension></extensions></trkpt><trkpt lat="57.996002" lon="38.873657"><ele>121.0</ele><time>2021-10-10T11:02:14Z</time><extensions><gpxtpx:TrackPointExtension><gpxtpx:hr>117</gpxtpx:hr></gpxtpx:TrackPointExtension></extensions></trkpt><trkpt lat="57.99604" lon="38.87365"><ele>121.0</ele><time>2021-10-10T11:02:16Z</time><extensions><gpxtpx:TrackPointExtension><gpxtpx:hr>118</gpxtpx:hr></gpxtpx:TrackPointExtension></extensions></trkpt><trkpt lat="57.99604" lon="38.873645"><ele>121.0</ele><time>2021-10-10T11:02:17Z</time><extensions><gpxtpx:TrackPointExtension><gpxtpx:hr>118</gpxtpx:hr></gpxtpx:TrackPointExtension></extensions></trkpt><trkpt lat="57.996047" lon="38.87364"><ele>121.0</ele><time>2021-10-10T11:02:18Z</time><extensions><gpxtpx:TrackPointExtension><gpxtpx:hr>119</gpxtpx:hr></gpxtpx:TrackPointExtension></extensions></trkpt><trkpt lat="57.99606" lon="38.87363"><ele>121.0</ele><time>2021-10-10T11:02:19Z</time><extensions><gpxtpx:TrackPointExtension><gpxtpx:hr>120</gpxtpx:hr></gpxtpx:TrackPointExtension></extensions></trkpt><trkpt lat="57.996067" lon="38.873615"><ele>121.0</ele><time>2021-10-10T11:02:20Z</time><extensions><gpxtpx:TrackPointExtension><gpxtpx:hr>120</gpxtpx:hr></gpxtpx:TrackPointExtension></extensions></trkpt><trkpt lat="57.996075" lon="38.873592"><ele>121.0</ele><time>2021-10-10T11:02:21Z</time><extensions><gpxtpx:TrackPointExtension><gpxtpx:hr>119</gpxtpx:hr></gpxtpx:TrackPointExtension></extensions></trkpt><trkpt lat="57.996082" lon="38.873572"><ele>121.0</ele><time>2021-10-10T11:02:22Z</time><extensions><gpxtpx:TrackPointExtension><gpxtpx:hr>119</gpxtpx:hr></gpxtpx:TrackPointExtension></extensions></trkpt><trkpt lat="57.99609" lon="38.873547"><ele>121.0</ele><time>2021-10-10T11:02:23Z</time><extensions><gpxtpx:TrackPointExtension><gpxtpx:hr>119</gpxtpx:hr></gpxtpx:TrackPointExtension></extensions></trkpt><trkpt lat="57.996093" lon="38.873523"><ele>121.0</ele><time>2021-10-10T11:02:24Z</time><extensions><gpxtpx:TrackPointExtension><gpxtpx:hr>119</gpxtpx:hr></gpxtpx:TrackPointExtension></extensions></trkpt><trkpt lat="57.996093" lon="38.8735"><ele>121.0</ele><time>2021-10-10T11:02:25Z</time><extensions><gpxtpx:TrackPointExtension><gpxtpx:hr>119</gpxtpx:hr></gpxtpx:TrackPointExtension></extensions></trkpt><trkpt lat="57.996093" lon="38.873477"><ele>121.0</ele><time>2021-10-10T11:02:26Z</time><extensions><gpxtpx:TrackPointExtension><gpxtpx:hr>119</gpxtpx:hr></gpxtpx:TrackPointExtension></extensions></trkpt><trkpt lat="57.996093" lon="38.87346"><ele>121.0</ele><time>2021-10-10T11:02:27Z</time><extensions><gpxtpx:TrackPointExtension><gpxtpx:hr>111</gpxtpx:hr></gpxtpx:TrackPointExtension></extensions></trkpt><trkpt lat="57.99609" lon="38.87344"><ele>121.0</ele><time>2021-10-10T11:02:28Z</time><extensions><gpxtpx:TrackPointExtension><gpxtpx:hr>111</gpxtpx:hr></gpxtpx:TrackPointExtension></extensions></trkpt><trkpt lat="57.996085" lon="38.873417"><ele>121.0</ele><time>2021-10-10T11:02:29Z</time><extensions><gpxtpx:TrackPointExtension><gpxtpx:hr>111</gpxtpx:hr></gpxtpx:TrackPointExtension></extensions></trkpt><trkpt lat="57.996082" lon="38.873393"><ele>121.0</ele><time>2021-10-10T11:02:30Z</time><extensions><gpxtpx:TrackPointExtension><gpxtpx:hr>111</gpxtpx:hr></gpxtpx:TrackPointExtension></extensions></trkpt><trkpt lat="57.996082" lon="38.87337"><ele>121.0</ele><time>2021-10-10T11:02:31Z</time><extensions><gpxtpx:TrackPointExtension><gpxtpx:hr>111</gpxtpx:hr></gpxtpx:TrackPointExtension></extensions></trkpt><trkpt lat="57.996082" lon="38.87335"><ele>121.0</ele><time>2021-10-10T11:02:32Z</time><extensions><gpxtpx:TrackPointExtension><gpxtpx:hr>111</gpxtpx:hr></gpxtpx:TrackPointExtension></extensions></trkpt><trkpt lat="57.996082" lon="38.87332"><ele>121.0</ele><time>2021-10-10T11:02:33Z</time><extensions><gpxtpx:TrackPointExtension><gpxtpx:hr>111</gpxtpx:hr></gpxtpx:TrackPointExtension></extensions></trkpt><trkpt lat="57.996082" lon="38.8733"><ele>121.0</ele><time>2021-10-10T11:02:34Z</time><extensions><gpxtpx:TrackPointExtension><gpxtpx:hr>111</gpxtpx:hr></gpxtpx:TrackPointExtension></extensions></trkpt><trkpt lat="57.996085" lon="38.873275"><ele>121.0</ele><time>2021-10-10T11:02:35Z</time><extensions><gpxtpx:TrackPointExtension><gpxtpx:hr>111</gpxtpx:hr></gpxtpx:TrackPointExtension></extensions></trkpt><trkpt lat="57.99609" lon="38.873257"><ele>121.0</ele><time>2021-10-10T11:02:36Z</time><extensions><gpxtpx:TrackPointExtension><gpxtpx:hr>111</gpxtpx:hr></gpxtpx:TrackPointExtension></extensions></trkpt><trkpt lat="57.996093" lon="38.873237"><ele>121.0</ele><time>2021-10-10T11:02:37Z</time><extensions><gpxtpx:TrackPointExtension><gpxtpx:hr>111</gpxtpx:hr></gpxtpx:TrackPointExtension></extensions></trkpt><trkpt lat="57.9961" lon="38.873222"><ele>121.0</ele><time>2021-10-10T11:02:38Z</time><extensions><gpxtpx:TrackPointExtension><gpxtpx:hr>111</gpxtpx:hr></gpxtpx:TrackPointExtension></extensions></trkpt><trkpt lat="57.996112" lon="38.873207"><ele>121.0</ele><time>2021-10-10T11:02:39Z</time><extensions><gpxtpx:TrackPointExtension><gpxtpx:hr>111</gpxtpx:hr></gpxtpx:TrackPointExtension></extensions></trkpt><trkpt lat="57.996118" lon="38.87319"><ele>121.0</ele><time>2021-10-10T11:02:40Z</time><extensions><gpxtpx:TrackPointExtension><gpxtpx:hr>111</gpxtpx:hr></gpxtpx:TrackPointExtension></extensions></trkpt><trkpt lat="57.996127" lon="38.873177"><ele>121.0</ele><time>2021-10-10T11:02:41Z</time><extensions><gpxtpx:TrackPointExtension><gpxtpx:hr>111</gpxtpx:hr></gpxtpx:TrackPointExtension></extensions></trkpt><trkpt lat="57.996135" lon="38.87316"><ele>121.0</ele><time>2021-10-10T11:02:42Z</time><extensions><gpxtpx:TrackPointExtension><gpxtpx:hr>111</gpxtpx:hr></gpxtpx:TrackPointExtension></extensions></trkpt><trkpt lat="57.996147" lon="38.873145"><ele>121.0</ele><time>2021-10-10T11:02:43Z</time><extensions><gpxtpx:TrackPointExtension><gpxtpx:hr>111</gpxtpx:hr></gpxtpx:TrackPointExtension></extensions></trkpt><trkpt lat="57.99616" lon="38.87313"><ele>121.0</ele><time>2021-10-10T11:02:44Z</time><extensions><gpxtpx:TrackPointExtension><gpxtpx:hr>111</gpxtpx:hr></gpxtpx:TrackPointExtension></extensions></trkpt><trkpt lat="57.99617" lon="38.873122"><ele>121.0</ele><time>2021-10-10T11:02:45Z</time><extensions><gpxtpx:TrackPointExtension><gpxtpx:hr>111</gpxtpx:hr></gpxtpx:TrackPointExtension></extensions></trkpt><trkpt lat="57.99618" lon="38.873122"><ele>121.0</ele><time>2021-10-10T11:02:46Z</time><extensions><gpxtpx:TrackPointExtension><gpxtpx:hr>111</gpxtpx:hr></gpxtpx:TrackPointExtension></extensions></trkpt><trkpt lat="57.996192" lon="38.87312"><ele>121.0</ele><time>2021-10-10T11:02:47Z</time><extensions><gpxtpx:TrackPointExtension><gpxtpx:hr>111</gpxtpx:hr></gpxtpx:TrackPointExtension></extensions></trkpt><trkpt lat="57.9962" lon="38.873122"><ele>121.0</ele><time>2021-10-10T11:02:48Z</time><extensions><gpxtpx:TrackPointExtension><gpxtpx:hr>111</gpxtpx:hr></gpxtpx:TrackPointExtension></extensions></trkpt><trkpt lat="57.99621" lon="38.87314"><ele>121.0</ele><time>2021-10-10T11:02:49Z</time><extensions><gpxtpx:TrackPointExtension><gpxtpx:hr>111</gpxtpx:hr></gpxtpx:TrackPointExtension></extensions></trkpt><trkpt lat="57.996215" lon="38.873153"><ele>121.0</ele><time>2021-10-10T11:02:50Z</time><extensions><gpxtpx:TrackPointExtension><gpxtpx:hr>111</gpxtpx:hr></gpxtpx:TrackPointExtension></extensions></trkpt><trkpt lat="57.99622" lon="38.87317"><ele>121.0</ele><time>2021-10-10T11:02:51Z</time><extensions><gpxtpx:TrackPointExtension><gpxtpx:hr>111</gpxtpx:hr></gpxtpx:TrackPointExtension></extensions></trkpt><trkpt lat="57.996222" lon="38.873187"><ele>121.0</ele><time>2021-10-10T11:02:52Z</time><extensions><gpxtpx:TrackPointExtension><gpxtpx:hr>111</gpxtpx:hr></gpxtpx:TrackPointExtension></extensions></trkpt><trkpt lat="57.996227" lon="38.873207"><ele>121.0</ele><time>2021-10-10T11:02:53Z</time><extensions><gpxtpx:TrackPointExtension><gpxtpx:hr>111</gpxtpx:hr></gpxtpx:TrackPointExtension></extensions></trkpt><trkpt lat="57.99623" lon="38.873222"><ele>121.0</ele><time>2021-10-10T11:02:54Z</time><extensions><gpxtpx:TrackPointExtension><gpxtpx:hr>111</gpxtpx:hr></gpxtpx:TrackPointExtension></extensions></trkpt><trkpt lat="57.996235" lon="38.87324"><ele>121.0</ele><time>2021-10-10T11:02:55Z</time><extensions><gpxtpx:TrackPointExtension><gpxtpx:hr>111</gpxtpx:hr></gpxtpx:TrackPointExtension></extensions></trkpt><trkpt lat="57.99624" lon="38.873257"><ele>121.0</ele><time>2021-10-10T11:02:56Z</time><extensions><gpxtpx:TrackPointExtension><gpxtpx:hr>111</gpxtpx:hr></gpxtpx:TrackPointExtension></extensions></trkpt><trkpt lat="57.996242" lon="38.873272"><ele>121.0</ele><time>2021-10-10T11:02:57Z</time><extensions><gpxtpx:TrackPointExtension><gpxtpx:hr>111</gpxtpx:hr></gpxtpx:TrackPointExtension></extensions></trkpt><trkpt lat="57.996245" lon="38.873288"><ele>121.0</ele><time>2021-10-10T11:02:58Z</time><extensions><gpxtpx:TrackPointExtension><gpxtpx:hr>109</gpxtpx:hr></gpxtpx:TrackPointExtension></extensions></trkpt><trkpt lat="57.996245" lon="38.87331"><ele>121.0</ele><time>2021-10-10T11:02:59Z</time><extensions><gpxtpx:TrackPointExtension><gpxtpx:hr>109</gpxtpx:hr></gpxtpx:TrackPointExtension></extensions></trkpt><trkpt lat="57.996242" lon="38.87332"><ele>121.0</ele><time>2021-10-10T11:03:00Z</time><extensions><gpxtpx:TrackPointExtension><gpxtpx:hr>107</gpxtpx:hr></gpxtpx:TrackPointExtension></extensions></trkpt><trkpt lat="57.996242" lon="38.873332"><ele>121.0</ele><time>2021-10-10T11:03:01Z</time><extensions><gpxtpx:TrackPointExtension><gpxtpx:hr>107</gpxtpx:hr></gpxtpx:TrackPointExtension></extensions></trkpt><trkpt lat="57.99624" lon="38.873343"><ele>121.0</ele><time>2021-10-10T11:03:02Z</time><extensions><gpxtpx:TrackPointExtension><gpxtpx:hr>106</gpxtpx:hr></gpxtpx:TrackPointExtension></extensions></trkpt><trkpt lat="57.99624" lon="38.873355"><ele>121.0</ele><time>2021-10-10T11:03:03Z</time><extensions><gpxtpx:TrackPointExtension><gpxtpx:hr>106</gpxtpx:hr></gpxtpx:TrackPointExtension></extensions></trkpt><trkpt lat="57.99624" lon="38.873367"><ele>121.0</ele><time>2021-10-10T11:03:04Z</time><extensions><gpxtpx:TrackPointExtension><gpxtpx:hr>106</gpxtpx:hr></gpxtpx:TrackPointExtension></extensions></trkpt><trkpt lat="57.996235" lon="38.873385"><ele>121.0</ele><time>2021-10-10T11:03:05Z</time><extensions><gpxtpx:TrackPointExtension><gpxtpx:hr>106</gpxtpx:hr></gpxtpx:TrackPointExtension></extensions></trkpt><trkpt lat="57.996235" lon="38.8734"><ele>121.0</ele><time>2021-10-10T11:03:06Z</time><extensions><gpxtpx:TrackPointExtension><gpxtpx:hr>106</gpxtpx:hr></gpxtpx:TrackPointExtension></extensions></trkpt><trkpt lat="57.996235" lon="38.87342"><ele>121.0</ele><time>2021-10-10T11:03:07Z</time><extensions><gpxtpx:TrackPointExtension><gpxtpx:hr>106</gpxtpx:hr></gpxtpx:TrackPointExtension></extensions></trkpt><trkpt lat="57.99623" lon="38.87344"><ele>121.0</ele><time>2021-10-10T11:03:08Z</time><extensions><gpxtpx:TrackPointExtension><gpxtpx:hr>105</gpxtpx:hr></gpxtpx:TrackPointExtension></extensions></trkpt><trkpt lat="57.99623" lon="38.87346"><ele>121.0</ele><time>2021-10-10T11:03:09Z</time><extensions><gpxtpx:TrackPointExtension><gpxtpx:hr>105</gpxtpx:hr></gpxtpx:TrackPointExtension></extensions></trkpt><trkpt lat="57.99623" lon="38.87348"><ele>121.0</ele><time>2021-10-10T11:03:10Z</time><extensions><gpxtpx:TrackPointExtension><gpxtpx:hr>104</gpxtpx:hr></gpxtpx:TrackPointExtension></extensions></trkpt><trkpt lat="57.996227" lon="38.873492"><ele>121.0</ele><time>2021-10-10T11:03:11Z</time><extensions><gpxtpx:TrackPointExtension><gpxtpx:hr>104</gpxtpx:hr></gpxtpx:TrackPointExtension></extensions></trkpt><trkpt lat="57.996222" lon="38.873527"><ele>121.0</ele><time>2021-10-10T11:03:13Z</time><extensions><gpxtpx:TrackPointExtension><gpxtpx:hr>103</gpxtpx:hr></gpxtpx:TrackPointExtension></extensions></trkpt><trkpt lat="57.996222" lon="38.87354"><ele>121.0</ele><time>2021-10-10T11:03:15Z</time><extensions><gpxtpx:TrackPointExtension><gpxtpx:hr>103</gpxtpx:hr></gpxtpx:TrackPointExtension></extensions></trkpt><trkpt lat="57.996222" lon="38.873542"><ele>121.0</ele><time>2021-10-10T11:03:16Z</time><extensions><gpxtpx:TrackPointExtension><gpxtpx:hr>103</gpxtpx:hr></gpxtpx:TrackPointExtension></extensions></trkpt><trkpt lat="57.996222" lon="38.873553"><ele>121.0</ele><time>2021-10-10T11:03:17Z</time><extensions><gpxtpx:TrackPointExtension><gpxtpx:hr>103</gpxtpx:hr></gpxtpx:TrackPointExtension></extensions></trkpt><trkpt lat="57.996215" lon="38.873565"><ele>121.0</ele><time>2021-10-10T11:03:18Z</time><extensions><gpxtpx:TrackPointExtension><gpxtpx:hr>103</gpxtpx:hr></gpxtpx:TrackPointExtension></extensions></trkpt><trkpt lat="57.996212" lon="38.873577"><ele>121.0</ele><time>2021-10-10T11:03:19Z</time><extensions><gpxtpx:TrackPointExtension><gpxtpx:hr>104</gpxtpx:hr></gpxtpx:TrackPointExtension></extensions></trkpt><trkpt lat="57.99621" lon="38.873592"><ele>121.0</ele><time>2021-10-10T11:03:20Z</time><extensions><gpxtpx:TrackPointExtension><gpxtpx:hr>103</gpxtpx:hr></gpxtpx:TrackPointExtension></extensions></trkpt><trkpt lat="57.99621" lon="38.873603"><ele>121.0</ele><time>2021-10-10T11:03:21Z</time><extensions><gpxtpx:TrackPointExtension><gpxtpx:hr>101</gpxtpx:hr></gpxtpx:TrackPointExtension></extensions></trkpt><trkpt lat="57.99621" lon="38.87362"><ele>121.0</ele><time>2021-10-10T11:03:22Z</time><extensions><gpxtpx:TrackPointExtension><gpxtpx:hr>101</gpxtpx:hr></gpxtpx:TrackPointExtension></extensions></trkpt><trkpt lat="57.996212" lon="38.873633"><ele>121.0</ele><time>2021-10-10T11:03:23Z</time><extensions><gpxtpx:TrackPointExtension><gpxtpx:hr>101</gpxtpx:hr></gpxtpx:TrackPointExtension></extensions></trkpt><trkpt lat="57.996215" lon="38.873652"><ele>121.0</ele><time>2021-10-10T11:03:24Z</time><extensions><gpxtpx:TrackPointExtension><gpxtpx:hr>101</gpxtpx:hr></gpxtpx:TrackPointExtension></extensions></trkpt><trkpt lat="57.996215" lon="38.873668"><ele>121.0</ele><time>2021-10-10T11:03:25Z</time><extensions><gpxtpx:TrackPointExtension><gpxtpx:hr>101</gpxtpx:hr></gpxtpx:TrackPointExtension></extensions></trkpt><trkpt lat="57.99622" lon="38.873687"><ele>121.0</ele><time>2021-10-10T11:03:26Z</time><extensions><gpxtpx:TrackPointExtension><gpxtpx:hr>101</gpxtpx:hr></gpxtpx:TrackPointExtension></extensions></trkpt><trkpt lat="57.99622" lon="38.873707"><ele>121.0</ele><time>2021-10-10T11:03:27Z</time><extensions><gpxtpx:TrackPointExtension><gpxtpx:hr>104</gpxtpx:hr></gpxtpx:TrackPointExtension></extensions></trkpt><trkpt lat="57.99622" lon="38.873722"><ele>121.0</ele><time>2021-10-10T11:03:28Z</time><extensions><gpxtpx:TrackPointExtension><gpxtpx:hr>106</gpxtpx:hr></gpxtpx:TrackPointExtension></extensions></trkpt><trkpt lat="57.99622" lon="38.873738"><ele>121.0</ele><time>2021-10-10T11:03:29Z</time><extensions><gpxtpx:TrackPointExtension><gpxtpx:hr>106</gpxtpx:hr></gpxtpx:TrackPointExtension></extensions></trkpt><trkpt lat="57.996215" lon="38.87376"><ele>121.0</ele><time>2021-10-10T11:03:30Z</time><extensions><gpxtpx:TrackPointExtension><gpxtpx:hr>108</gpxtpx:hr></gpxtpx:TrackPointExtension></extensions></trkpt><trkpt lat="57.996215" lon="38.873782"><ele>121.0</ele><time>2021-10-10T11:03:31Z</time><extensions><gpxtpx:TrackPointExtension><gpxtpx:hr>109</gpxtpx:hr></gpxtpx:TrackPointExtension></extensions></trkpt><trkpt lat="57.996215" lon="38.873805"><ele>121.0</ele><time>2021-10-10T11:03:32Z</time><extensions><gpxtpx:TrackPointExtension><gpxtpx:hr>109</gpxtpx:hr></gpxtpx:TrackPointExtension></extensions></trkpt><trkpt lat="57.996215" lon="38.873823"><ele>121.0</ele><time>2021-10-10T11:03:33Z</time><extensions><gpxtpx:TrackPointExtension><gpxtpx:hr>111</gpxtpx:hr></gpxtpx:TrackPointExtension></extensions></trkpt><trkpt lat="57.996215" lon="38.873847"><ele>121.0</ele><time>2021-10-10T11:03:34Z</time><extensions><gpxtpx:TrackPointExtension><gpxtpx:hr>113</gpxtpx:hr></gpxtpx:TrackPointExtension></extensions></trkpt><trkpt lat="57.996215" lon="38.873867"><ele>121.0</ele><time>2021-10-10T11:03:35Z</time><extensions><gpxtpx:TrackPointExtension><gpxtpx:hr>113</gpxtpx:hr></gpxtpx:TrackPointExtension></extensions></trkpt><trkpt lat="57.99622" lon="38.873885"><ele>121.0</ele><time>2021-10-10T11:03:36Z</time><extensions><gpxtpx:TrackPointExtension><gpxtpx:hr>108</gpxtpx:hr></gpxtpx:TrackPointExtension></extensions></trkpt><trkpt lat="57.996222" lon="38.873905"><ele>121.0</ele><time>2021-10-10T11:03:37Z</time><extensions><gpxtpx:TrackPointExtension><gpxtpx:hr>108</gpxtpx:hr></gpxtpx:TrackPointExtension></extensions></trkpt><trkpt lat="57.99623" lon="38.873923"><ele>121.0</ele><time>2021-10-10T11:03:38Z</time><extensions><gpxtpx:TrackPointExtension><gpxtpx:hr>111</gpxtpx:hr></gpxtpx:TrackPointExtension></extensions></trkpt><trkpt lat="57.99624" lon="38.873942"><ele>121.0</ele><time>2021-10-10T11:03:39Z</time><extensions><gpxtpx:TrackPointExtension><gpxtpx:hr>109</gpxtpx:hr></gpxtpx:TrackPointExtension></extensions></trkpt><trkpt lat="57.996245" lon="38.873962"><ele>121.0</ele><time>2021-10-10T11:03:40Z</time><extensions><gpxtpx:TrackPointExtension><gpxtpx:hr>107</gpxtpx:hr></gpxtpx:TrackPointExtension></extensions></trkpt><trkpt lat="57.996253" lon="38.87398"><ele>121.0</ele><time>2021-10-10T11:03:41Z</time><extensions><gpxtpx:TrackPointExtension><gpxtpx:hr>107</gpxtpx:hr></gpxtpx:TrackPointExtension></extensions></trkpt><trkpt lat="57.996265" lon="38.873997"><ele>121.0</ele><time>2021-10-10T11:03:42Z</time><extensions><gpxtpx:TrackPointExtension><gpxtpx:hr>108</gpxtpx:hr></gpxtpx:TrackPointExtension></extensions></trkpt><trkpt lat="57.996272" lon="38.874015"><ele>121.0</ele><time>2021-10-10T11:03:43Z</time><extensions><gpxtpx:TrackPointExtension><gpxtpx:hr>108</gpxtpx:hr></gpxtpx:TrackPointExtension></extensions></trkpt><trkpt lat="57.99628" lon="38.87403"><ele>121.0</ele><time>2021-10-10T11:03:44Z</time><extensions><gpxtpx:TrackPointExtension><gpxtpx:hr>108</gpxtpx:hr></gpxtpx:TrackPointExtension></extensions></trkpt><trkpt lat="57.996292" lon="38.874045"><ele>121.0</ele><time>2021-10-10T11:03:45Z</time><extensions><gpxtpx:TrackPointExtension><gpxtpx:hr>108</gpxtpx:hr></gpxtpx:TrackPointExtension></extensions></trkpt><trkpt lat="57.9963" lon="38.874065"><ele>121.0</ele><time>2021-10-10T11:03:46Z</time><extensions><gpxtpx:TrackPointExtension><gpxtpx:hr>110</gpxtpx:hr></gpxtpx:TrackPointExtension></extensions></trkpt><trkpt lat="57.99631" lon="38.87408"><ele>121.0</ele><time>2021-10-10T11:03:47Z</time><extensions><gpxtpx:TrackPointExtension><gpxtpx:hr>110</gpxtpx:hr></gpxtpx:TrackPointExtension></extensions></trkpt><trkpt lat="57.996325" lon="38.8741"><ele>121.0</ele><time>2021-10-10T11:03:48Z</time><extensions><gpxtpx:TrackPointExtension><gpxtpx:hr>112</gpxtpx:hr></gpxtpx:TrackPointExtension></extensions></trkpt><trkpt lat="57.99634" lon="38.874118"><ele>121.0</ele><time>2021-10-10T11:03:49Z</time><extensions><gpxtpx:TrackPointExtension><gpxtpx:hr>113</gpxtpx:hr></gpxtpx:TrackPointExtension></extensions></trkpt><trkpt lat="57.996357" lon="38.87414"><ele>121.0</ele><time>2021-10-10T11:03:50Z</time><extensions><gpxtpx:TrackPointExtension><gpxtpx:hr>113</gpxtpx:hr></gpxtpx:TrackPointExtension></extensions></trkpt><trkpt lat="57.996375" lon="38.87417"><ele>121.0</ele><time>2021-10-10T11:03:51Z</time><extensions><gpxtpx:TrackPointExtension><gpxtpx:hr>114</gpxtpx:hr></gpxtpx:TrackPointExtension></extensions></trkpt><trkpt lat="57.9964" lon="38.874202"><ele>121.0</ele><time>2021-10-10T11:03:52Z</time><extensions><gpxtpx:TrackPointExtension><gpxtpx:hr>114</gpxtpx:hr></gpxtpx:TrackPointExtension></extensions></trkpt><trkpt lat="57.996417" lon="38.87424"><ele>121.0</ele><time>2021-10-10T11:03:53Z</time><extensions><gpxtpx:TrackPointExtension><gpxtpx:hr>114</gpxtpx:hr></gpxtpx:TrackPointExtension></extensions></trkpt><trkpt lat="57.996437" lon="38.87427"><ele>121.0</ele><time>2021-10-10T11:03:54Z</time><extensions><gpxtpx:TrackPointExtension><gpxtpx:hr>114</gpxtpx:hr></gpxtpx:TrackPointExtension></extensions></trkpt><trkpt lat="57.996455" lon="38.874305"><ele>121.0</ele><time>2021-10-10T11:03:55Z</time><extensions><gpxtpx:TrackPointExtension><gpxtpx:hr>115</gpxtpx:hr></gpxtpx:TrackPointExtension></extensions></trkpt><trkpt lat="57.99648" lon="38.874335"><ele>121.0</ele><time>2021-10-10T11:03:56Z</time><extensions><gpxtpx:TrackPointExtension><gpxtpx:hr>115</gpxtpx:hr></gpxtpx:TrackPointExtension></extensions></trkpt><trkpt lat="57.996498" lon="38.874362"><ele>121.0</ele><time>2021-10-10T11:03:57Z</time><extensions><gpxtpx:TrackPointExtension><gpxtpx:hr>116</gpxtpx:hr></gpxtpx:TrackPointExtension></extensions></trkpt><trkpt lat="57.99652" lon="38.87439"><ele>121.0</ele><time>2021-10-10T11:03:58Z</time><extensions><gpxtpx:TrackPointExtension><gpxtpx:hr>117</gpxtpx:hr></gpxtpx:TrackPointExtension></extensions></trkpt><trkpt lat="57.996547" lon="38.874415"><ele>121.0</ele><time>2021-10-10T11:03:59Z</time><extensions><gpxtpx:TrackPointExtension><gpxtpx:hr>117</gpxtpx:hr></gpxtpx:TrackPointExtension></extensions></trkpt><trkpt lat="57.996573" lon="38.874442"><ele>121.0</ele><time>2021-10-10T11:04:00Z</time><extensions><gpxtpx:TrackPointExtension><gpxtpx:hr>116</gpxtpx:hr></gpxtpx:TrackPointExtension></extensions></trkpt><trkpt lat="57.996605" lon="38.874462"><ele>121.0</ele><time>2021-10-10T11:04:01Z</time><extensions><gpxtpx:TrackPointExtension><gpxtpx:hr>116</gpxtpx:hr></gpxtpx:TrackPointExtension></extensions></trkpt><trkpt lat="57.99663" lon="38.874477"><ele>121.0</ele><time>2021-10-10T11:04:02Z</time><extensions><gpxtpx:TrackPointExtension><gpxtpx:hr>115</gpxtpx:hr></gpxtpx:TrackPointExtension></extensions></trkpt><trkpt lat="57.99666" lon="38.874492"><ele>121.0</ele><time>2021-10-10T11:04:03Z</time><extensions><gpxtpx:TrackPointExtension><gpxtpx:hr>114</gpxtpx:hr></gpxtpx:TrackPointExtension></extensions></trkpt><trkpt lat="57.99668" lon="38.874507"><ele>121.0</ele><time>2021-10-10T11:04:04Z</time><extensions><gpxtpx:TrackPointExtension><gpxtpx:hr>114</gpxtpx:hr></gpxtpx:TrackPointExtension></extensions></trkpt><trkpt lat="57.996703" lon="38.874527"><ele>121.0</ele><time>2021-10-10T11:04:05Z</time><extensions><gpxtpx:TrackPointExtension><gpxtpx:hr>113</gpxtpx:hr></gpxtpx:TrackPointExtension></extensions></trkpt><trkpt lat="57.99673" lon="38.874545"><ele>121.0</ele><time>2021-10-10T11:04:06Z</time><extensions><gpxtpx:TrackPointExtension><gpxtpx:hr>113</gpxtpx:hr></gpxtpx:TrackPointExtension></extensions></trkpt><trkpt lat="57.996757" lon="38.874565"><ele>121.0</ele><time>2021-10-10T11:04:07Z</time><extensions><gpxtpx:TrackPointExtension><gpxtpx:hr>113</gpxtpx:hr></gpxtpx:TrackPointExtension></extensions></trkpt><trkpt lat="57.996783" lon="38.874587"><ele>121.0</ele><time>2021-10-10T11:04:08Z</time><extensions><gpxtpx:TrackPointExtension><gpxtpx:hr>76</gpxtpx:hr></gpxtpx:TrackPointExtension></extensions></trkpt><trkpt lat="57.99681" lon="38.874607"><ele>121.0</ele><time>2021-10-10T11:04:09Z</time><extensions><gpxtpx:TrackPointExtension><gpxtpx:hr>76</gpxtpx:hr></gpxtpx:TrackPointExtension></extensions></trkpt><trkpt lat="57.996837" lon="38.87463"><ele>121.0</ele><time>2021-10-10T11:04:10Z</time><extensions><gpxtpx:TrackPointExtension><gpxtpx:hr>76</gpxtpx:hr></gpxtpx:TrackPointExtension></extensions></trkpt><trkpt lat="57.99687" lon="38.874645"><ele>121.0</ele><time>2021-10-10T11:04:11Z</time><extensions><gpxtpx:TrackPointExtension><gpxtpx:hr>76</gpxtpx:hr></gpxtpx:TrackPointExtension></extensions></trkpt><trkpt lat="57.996895" lon="38.87466"><ele>121.0</ele><time>2021-10-10T11:04:12Z</time><extensions><gpxtpx:TrackPointExtension><gpxtpx:hr>76</gpxtpx:hr></gpxtpx:TrackPointExtension></extensions></trkpt><trkpt lat="57.996913" lon="38.874672"><ele>121.0</ele><time>2021-10-10T11:04:13Z</time><extensions><gpxtpx:TrackPointExtension><gpxtpx:hr>76</gpxtpx:hr></gpxtpx:TrackPointExtension></extensions></trkpt><trkpt lat="57.996932" lon="38.874682"><ele>121.0</ele><time>2021-10-10T11:04:14Z</time><extensions><gpxtpx:TrackPointExtension><gpxtpx:hr>76</gpxtpx:hr></gpxtpx:TrackPointExtension></extensions></trkpt><trkpt lat="57.996948" lon="38.8747"><ele>121.0</ele><time>2021-10-10T11:04:15Z</time><extensions><gpxtpx:TrackPointExtension><gpxtpx:hr>76</gpxtpx:hr></gpxtpx:TrackPointExtension></extensions></trkpt><trkpt lat="57.996955" lon="38.87471"><ele>121.0</ele><time>2021-10-10T11:04:16Z</time><extensions><gpxtpx:TrackPointExtension><gpxtpx:hr>76</gpxtpx:hr></gpxtpx:TrackPointExtension></extensions></trkpt><trkpt lat="57.996963" lon="38.874732"><ele>121.0</ele><time>2021-10-10T11:04:17Z</time><extensions><gpxtpx:TrackPointExtension><gpxtpx:hr>76</gpxtpx:hr></gpxtpx:TrackPointExtension></extensions></trkpt><trkpt lat="57.996967" lon="38.874755"><ele>121.0</ele><time>2021-10-10T11:04:18Z</time><extensions><gpxtpx:TrackPointExtension><gpxtpx:hr>76</gpxtpx:hr></gpxtpx:TrackPointExtension></extensions></trkpt><trkpt lat="57.996975" lon="38.874775"><ele>121.0</ele><time>2021-10-10T11:04:19Z</time><extensions><gpxtpx:TrackPointExtension><gpxtpx:hr>76</gpxtpx:hr></gpxtpx:TrackPointExtension></extensions></trkpt><trkpt lat="57.99698" lon="38.874793"><ele>121.0</ele><time>2021-10-10T11:04:20Z</time><extensions><gpxtpx:TrackPointExtension><gpxtpx:hr>76</gpxtpx:hr></gpxtpx:TrackPointExtension></extensions></trkpt><trkpt lat="57.99698" lon="38.874817"><ele>121.0</ele><time>2021-10-10T11:04:21Z</time><extensions><gpxtpx:TrackPointExtension><gpxtpx:hr>76</gpxtpx:hr></gpxtpx:TrackPointExtension></extensions></trkpt><trkpt lat="57.996982" lon="38.874843"><ele>121.0</ele><time>2021-10-10T11:04:22Z</time><extensions><gpxtpx:TrackPointExtension><gpxtpx:hr>76</gpxtpx:hr></gpxtpx:TrackPointExtension></extensions></trkpt><trkpt lat="57.99699" lon="38.874873"><ele>121.0</ele><time>2021-10-10T11:04:23Z</time><extensions><gpxtpx:TrackPointExtension><gpxtpx:hr>76</gpxtpx:hr></gpxtpx:TrackPointExtension></extensions></trkpt><trkpt lat="57.99699" lon="38.874905"><ele>121.0</ele><time>2021-10-10T11:04:24Z</time><extensions><gpxtpx:TrackPointExtension><gpxtpx:hr>76</gpxtpx:hr></gpxtpx:TrackPointExtension></extensions></trkpt><trkpt lat="57.996993" lon="38.874935"><ele>121.0</ele><time>2021-10-10T11:04:25Z</time><extensions><gpxtpx:TrackPointExtension><gpxtpx:hr>76</gpxtpx:hr></gpxtpx:TrackPointExtension></extensions></trkpt><trkpt lat="57.996993" lon="38.87497"><ele>121.0</ele><time>2021-10-10T11:04:26Z</time><extensions><gpxtpx:TrackPointExtension><gpxtpx:hr>76</gpxtpx:hr></gpxtpx:TrackPointExtension></extensions></trkpt><trkpt lat="57.99699" lon="38.875"><ele>121.0</ele><time>2021-10-10T11:04:27Z</time><extensions><gpxtpx:TrackPointExtension><gpxtpx:hr>76</gpxtpx:hr></gpxtpx:TrackPointExtension></extensions></trkpt><trkpt lat="57.99699" lon="38.87503"><ele>121.0</ele><time>2021-10-10T11:04:28Z</time><extensions><gpxtpx:TrackPointExtension><gpxtpx:hr>76</gpxtpx:hr></gpxtpx:TrackPointExtension></extensions></trkpt><trkpt lat="57.99699" lon="38.87506"><ele>121.0</ele><time>2021-10-10T11:04:29Z</time><extensions><gpxtpx:TrackPointExtension><gpxtpx:hr>76</gpxtpx:hr></gpxtpx:TrackPointExtension></extensions></trkpt><trkpt lat="57.996985" lon="38.875087"><ele>121.0</ele><time>2021-10-10T11:04:30Z</time><extensions><gpxtpx:TrackPointExtension><gpxtpx:hr>76</gpxtpx:hr></gpxtpx:TrackPointExtension></extensions></trkpt><trkpt lat="57.996985" lon="38.87512"><ele>121.0</ele><time>2021-10-10T11:04:31Z</time><extensions><gpxtpx:TrackPointExtension><gpxtpx:hr>76</gpxtpx:hr></gpxtpx:TrackPointExtension></extensions></trkpt><trkpt lat="57.996985" lon="38.875145"><ele>121.0</ele><time>2021-10-10T11:04:32Z</time><extensions><gpxtpx:TrackPointExtension><gpxtpx:hr>76</gpxtpx:hr></gpxtpx:TrackPointExtension></extensions></trkpt><trkpt lat="57.99699" lon="38.87517"><ele>121.0</ele><time>2021-10-10T11:04:33Z</time><extensions><gpxtpx:TrackPointExtension><gpxtpx:hr>76</gpxtpx:hr></gpxtpx:TrackPointExtension></extensions></trkpt><trkpt lat="57.99699" lon="38.875195"><ele>121.0</ele><time>2021-10-10T11:04:34Z</time><extensions><gpxtpx:TrackPointExtension><gpxtpx:hr>76</gpxtpx:hr></gpxtpx:TrackPointExtension></extensions></trkpt><trkpt lat="57.996993" lon="38.875217"><ele>121.0</ele><time>2021-10-10T11:04:35Z</time><extensions><gpxtpx:TrackPointExtension><gpxtpx:hr>76</gpxtpx:hr></gpxtpx:TrackPointExtension></extensions></trkpt><trkpt lat="57.996997" lon="38.87524"><ele>121.0</ele><time>2021-10-10T11:04:36Z</time><extensions><gpxtpx:TrackPointExtension><gpxtpx:hr>76</gpxtpx:hr></gpxtpx:TrackPointExtension></extensions></trkpt><trkpt lat="57.996997" lon="38.875258"><ele>121.0</ele><time>2021-10-10T11:04:37Z</time><extensions><gpxtpx:TrackPointExtension><gpxtpx:hr>76</gpxtpx:hr></gpxtpx:TrackPointExtension></extensions></trkpt><trkpt lat="57.996997" lon="38.87527"><ele>121.0</ele><time>2021-10-10T11:04:38Z</time><extensions><gpxtpx:TrackPointExtension><gpxtpx:hr>76</gpxtpx:hr></gpxtpx:TrackPointExtension></extensions></trkpt><trkpt lat="57.997" lon="38.875323"><ele>121.0</ele><time>2021-10-10T11:04:41Z</time><extensions><gpxtpx:TrackPointExtension><gpxtpx:hr>76</gpxtpx:hr></gpxtpx:TrackPointExtension></extensions></trkpt><trkpt lat="57.997" lon="38.875328"><ele>121.0</ele><time>2021-10-10T11:04:42Z</time><extensions><gpxtpx:TrackPointExtension><gpxtpx:hr>76</gpxtpx:hr></gpxtpx:TrackPointExtension></extensions></trkpt><trkpt lat="57.997005" lon="38.875347"><ele>121.0</ele><time>2021-10-10T11:04:43Z</time><extensions><gpxtpx:TrackPointExtension><gpxtpx:hr>76</gpxtpx:hr></gpxtpx:TrackPointExtension></extensions></trkpt><trkpt lat="57.99701" lon="38.87537"><ele>121.0</ele><time>2021-10-10T11:04:44Z</time><extensions><gpxtpx:TrackPointExtension><gpxtpx:hr>76</gpxtpx:hr></gpxtpx:TrackPointExtension></extensions></trkpt><trkpt lat="57.997012" lon="38.875392"><ele>121.0</ele><time>2021-10-10T11:04:45Z</time><extensions><gpxtpx:TrackPointExtension><gpxtpx:hr>76</gpxtpx:hr></gpxtpx:TrackPointExtension></extensions></trkpt><trkpt lat="57.99702" lon="38.875415"><ele>121.0</ele><time>2021-10-10T11:04:46Z</time><extensions><gpxtpx:TrackPointExtension><gpxtpx:hr>76</gpxtpx:hr></gpxtpx:TrackPointExtension></extensions></trkpt><trkpt lat="57.99703" lon="38.87544"><ele>121.0</ele><time>2021-10-10T11:04:47Z</time><extensions><gpxtpx:TrackPointExtension><gpxtpx:hr>76</gpxtpx:hr></gpxtpx:TrackPointExtension></extensions></trkpt><trkpt lat="57.99704" lon="38.875465"><ele>121.0</ele><time>2021-10-10T11:04:48Z</time><extensions><gpxtpx:TrackPointExtension><gpxtpx:hr>76</gpxtpx:hr></gpxtpx:TrackPointExtension></extensions></trkpt><trkpt lat="57.997047" lon="38.87549"><ele>121.0</ele><time>2021-10-10T11:04:49Z</time><extensions><gpxtpx:TrackPointExtension><gpxtpx:hr>76</gpxtpx:hr></gpxtpx:TrackPointExtension></extensions></trkpt><trkpt lat="57.99706" lon="38.875507"><ele>121.0</ele><time>2021-10-10T11:04:50Z</time><extensions><gpxtpx:TrackPointExtension><gpxtpx:hr>76</gpxtpx:hr></gpxtpx:TrackPointExtension></extensions></trkpt><trkpt lat="57.997065" lon="38.875525"><ele>121.0</ele><time>2021-10-10T11:04:51Z</time><extensions><gpxtpx:TrackPointExtension><gpxtpx:hr>76</gpxtpx:hr></gpxtpx:TrackPointExtension></extensions></trkpt><trkpt lat="57.997077" lon="38.875545"><ele>121.0</ele><time>2021-10-10T11:04:52Z</time><extensions><gpxtpx:TrackPointExtension><gpxtpx:hr>76</gpxtpx:hr></gpxtpx:TrackPointExtension></extensions></trkpt><trkpt lat="57.997085" lon="38.87556"><ele>121.0</ele><time>2021-10-10T11:04:53Z</time><extensions><gpxtpx:TrackPointExtension><gpxtpx:hr>76</gpxtpx:hr></gpxtpx:TrackPointExtension></extensions></trkpt><trkpt lat="57.997092" lon="38.875575"><ele>121.0</ele><time>2021-10-10T11:04:54Z</time><extensions><gpxtpx:TrackPointExtension><gpxtpx:hr>76</gpxtpx:hr></gpxtpx:TrackPointExtension></extensions></trkpt><trkpt lat="57.9971" lon="38.875595"><ele>121.0</ele><time>2021-10-10T11:04:55Z</time><extensions><gpxtpx:TrackPointExtension><gpxtpx:hr>76</gpxtpx:hr></gpxtpx:TrackPointExtension></extensions></trkpt><trkpt lat="57.99711" lon="38.875613"><ele>121.0</ele><time>2021-10-10T11:04:56Z</time><extensions><gpxtpx:TrackPointExtension><gpxtpx:hr>76</gpxtpx:hr></gpxtpx:TrackPointExtension></extensions></trkpt><trkpt lat="57.997115" lon="38.87563"><ele>121.0</ele><time>2021-10-10T11:04:57Z</time><extensions><gpxtpx:TrackPointExtension><gpxtpx:hr>76</gpxtpx:hr></gpxtpx:TrackPointExtension></extensions></trkpt><trkpt lat="57.997123" lon="38.875638"><ele>121.0</ele><time>2021-10-10T11:04:58Z</time><extensions><gpxtpx:TrackPointExtension><gpxtpx:hr>76</gpxtpx:hr></gpxtpx:TrackPointExtension></extensions></trkpt><trkpt lat="57.997127" lon="38.87566"><ele>121.0</ele><time>2021-10-10T11:04:59Z</time><extensions><gpxtpx:TrackPointExtension><gpxtpx:hr>76</gpxtpx:hr></gpxtpx:TrackPointExtension></extensions></trkpt><trkpt lat="57.997123" lon="38.87567"><ele>121.0</ele><time>2021-10-10T11:05:00Z</time><extensions><gpxtpx:TrackPointExtension><gpxtpx:hr>76</gpxtpx:hr></gpxtpx:TrackPointExtension></extensions></trkpt><trkpt lat="57.99712" lon="38.875682"><ele>121.0</ele><time>2021-10-10T11:05:01Z</time><extensions><gpxtpx:TrackPointExtension><gpxtpx:hr>76</gpxtpx:hr></gpxtpx:TrackPointExtension></extensions></trkpt><trkpt lat="57.99712" lon="38.875693"><ele>121.0</ele><time>2021-10-10T11:05:02Z</time><extensions><gpxtpx:TrackPointExtension><gpxtpx:hr>76</gpxtpx:hr></gpxtpx:TrackPointExtension></extensions></trkpt><trkpt lat="57.99712" lon="38.875705"><ele>121.0</ele><time>2021-10-10T11:05:03Z</time><extensions><gpxtpx:TrackPointExtension><gpxtpx:hr>76</gpxtpx:hr></gpxtpx:TrackPointExtension></extensions></trkpt><trkpt lat="57.997123" lon="38.875717"><ele>121.0</ele><time>2021-10-10T11:05:04Z</time><extensions><gpxtpx:TrackPointExtension><gpxtpx:hr>76</gpxtpx:hr></gpxtpx:TrackPointExtension></extensions></trkpt><trkpt lat="57.997127" lon="38.875732"><ele>121.0</ele><time>2021-10-10T11:05:05Z</time><extensions><gpxtpx:TrackPointExtension><gpxtpx:hr>76</gpxtpx:hr></gpxtpx:TrackPointExtension></extensions></trkpt><trkpt lat="57.99714" lon="38.875743"><ele>121.0</ele><time>2021-10-10T11:05:06Z</time><extensions><gpxtpx:TrackPointExtension><gpxtpx:hr>76</gpxtpx:hr></gpxtpx:TrackPointExtension></extensions></trkpt><trkpt lat="57.997147" lon="38.875755"><ele>121.0</ele><time>2021-10-10T11:05:07Z</time><extensions><gpxtpx:TrackPointExtension><gpxtpx:hr>76</gpxtpx:hr></gpxtpx:TrackPointExtension></extensions></trkpt><trkpt lat="57.997157" lon="38.875767"><ele>121.0</ele><time>2021-10-10T11:05:08Z</time><extensions><gpxtpx:TrackPointExtension><gpxtpx:hr>75</gpxtpx:hr></gpxtpx:TrackPointExtension></extensions></trkpt><trkpt lat="57.99717" lon="38.875773"><ele>121.0</ele><time>2021-10-10T11:05:09Z</time><extensions><gpxtpx:TrackPointExtension><gpxtpx:hr>75</gpxtpx:hr></gpxtpx:TrackPointExtension></extensions></trkpt><trkpt lat="57.99718" lon="38.875782"><ele>121.0</ele><time>2021-10-10T11:05:10Z</time><extensions><gpxtpx:TrackPointExtension><gpxtpx:hr>75</gpxtpx:hr></gpxtpx:TrackPointExtension></extensions></trkpt><trkpt lat="57.997192" lon="38.875792"><ele>121.0</ele><time>2021-10-10T11:05:11Z</time><extensions><gpxtpx:TrackPointExtension><gpxtpx:hr>75</gpxtpx:hr></gpxtpx:TrackPointExtension></extensions></trkpt><trkpt lat="57.997203" lon="38.8758"><ele>121.0</ele><time>2021-10-10T11:05:12Z</time><extensions><gpxtpx:TrackPointExtension><gpxtpx:hr>75</gpxtpx:hr></gpxtpx:TrackPointExtension></extensions></trkpt><trkpt lat="57.997215" lon="38.87581"><ele>121.0</ele><time>2021-10-10T11:05:13Z</time><extensions><gpxtpx:TrackPointExtension><gpxtpx:hr>75</gpxtpx:hr></gpxtpx:TrackPointExtension></extensions></trkpt><trkpt lat="57.997227" lon="38.87582"><ele>121.0</ele><time>2021-10-10T11:05:14Z</time><extensions><gpxtpx:TrackPointExtension><gpxtpx:hr>75</gpxtpx:hr></gpxtpx:TrackPointExtension></extensions></trkpt><trkpt lat="57.997245" lon="38.87583"><ele>121.0</ele><time>2021-10-10T11:05:15Z</time><extensions><gpxtpx:TrackPointExtension><gpxtpx:hr>75</gpxtpx:hr></gpxtpx:TrackPointExtension></extensions></trkpt><trkpt lat="57.997258" lon="38.875835"><ele>121.0</ele><time>2021-10-10T11:05:16Z</time><extensions><gpxtpx:TrackPointExtension><gpxtpx:hr>75</gpxtpx:hr></gpxtpx:TrackPointExtension></extensions></trkpt><trkpt lat="57.99728" lon="38.875842"><ele>121.0</ele><time>2021-10-10T11:05:17Z</time><extensions><gpxtpx:TrackPointExtension><gpxtpx:hr>75</gpxtpx:hr></gpxtpx:TrackPointExtension></extensions></trkpt><trkpt lat="57.99729" lon="38.875847"><ele>121.0</ele><time>2021-10-10T11:05:18Z</time><extensions><gpxtpx:TrackPointExtension><gpxtpx:hr>75</gpxtpx:hr></gpxtpx:TrackPointExtension></extensions></trkpt><trkpt lat="57.997307" lon="38.875853"><ele>121.0</ele><time>2021-10-10T11:05:19Z</time><extensions><gpxtpx:TrackPointExtension><gpxtpx:hr>74</gpxtpx:hr></gpxtpx:TrackPointExtension></extensions></trkpt><trkpt lat="57.99732" lon="38.875862"><ele>121.0</ele><time>2021-10-10T11:05:20Z</time><extensions><gpxtpx:TrackPointExtension><gpxtpx:hr>74</gpxtpx:hr></gpxtpx:TrackPointExtension></extensions></trkpt><trkpt lat="57.997328" lon="38.87588"><ele>121.0</ele><time>2021-10-10T11:05:21Z</time><extensions><gpxtpx:TrackPointExtension><gpxtpx:hr>73</gpxtpx:hr></gpxtpx:TrackPointExtension></extensions></trkpt><trkpt lat="57.997337" lon="38.875907"><ele>121.0</ele><time>2021-10-10T11:05:22Z</time><extensions><gpxtpx:TrackPointExtension><gpxtpx:hr>73</gpxtpx:hr></gpxtpx:TrackPointExtension></extensions></trkpt><trkpt lat="57.99734" lon="38.87593"><ele>121.0</ele><time>2021-10-10T11:05:23Z</time><extensions><gpxtpx:TrackPointExtension><gpxtpx:hr>73</gpxtpx:hr></gpxtpx:TrackPointExtension></extensions></trkpt><trkpt lat="57.99734" lon="38.87595"><ele>121.0</ele><time>2021-10-10T11:05:24Z</time><extensions><gpxtpx:TrackPointExtension><gpxtpx:hr>73</gpxtpx:hr></gpxtpx:TrackPointExtension></extensions></trkpt><trkpt lat="57.997355" lon="38.876"><ele>121.0</ele><time>2021-10-10T11:05:27Z</time><extensions><gpxtpx:TrackPointExtension><gpxtpx:hr>73</gpxtpx:hr></gpxtpx:TrackPointExtension></extensions></trkpt><trkpt lat="57.99736" lon="38.876"><ele>121.0</ele><time>2021-10-10T11:05:28Z</time><extensions><gpxtpx:TrackPointExtension><gpxtpx:hr>72</gpxtpx:hr></gpxtpx:TrackPointExtension></extensions></trkpt><trkpt lat="57.997367" lon="38.876002"><ele>121.0</ele><time>2021-10-10T11:05:29Z</time><extensions><gpxtpx:TrackPointExtension><gpxtpx:hr>72</gpxtpx:hr></gpxtpx:TrackPointExtension></extensions></trkpt><trkpt lat="57.997375" lon="38.87601"><ele>121.0</ele><time>2021-10-10T11:05:30Z</time><extensions><gpxtpx:TrackPointExtension><gpxtpx:hr>73</gpxtpx:hr></gpxtpx:TrackPointExtension></extensions></trkpt><trkpt lat="57.997387" lon="38.876025"><ele>121.0</ele><time>2021-10-10T11:05:31Z</time><extensions><gpxtpx:TrackPointExtension><gpxtpx:hr>73</gpxtpx:hr></gpxtpx:TrackPointExtension></extensions></trkpt><trkpt lat="57.9974" lon="38.876045"><ele>121.0</ele><time>2021-10-10T11:05:32Z</time><extensions><gpxtpx:TrackPointExtension><gpxtpx:hr>73</gpxtpx:hr></gpxtpx:TrackPointExtension></extensions></trkpt><trkpt lat="57.99741" lon="38.876063"><ele>121.0</ele><time>2021-10-10T11:05:33Z</time><extensions><gpxtpx:TrackPointExtension><gpxtpx:hr>73</gpxtpx:hr></gpxtpx:TrackPointExtension></extensions></trkpt><trkpt lat="57.997417" lon="38.876088"><ele>121.0</ele><time>2021-10-10T11:05:34Z</time><extensions><gpxtpx:TrackPointExtension><gpxtpx:hr>73</gpxtpx:hr></gpxtpx:TrackPointExtension></extensions></trkpt><trkpt lat="57.997425" lon="38.876117"><ele>121.0</ele><time>2021-10-10T11:05:35Z</time><extensions><gpxtpx:TrackPointExtension><gpxtpx:hr>73</gpxtpx:hr></gpxtpx:TrackPointExtension></extensions></trkpt><trkpt lat="57.997432" lon="38.87615"><ele>121.0</ele><time>2021-10-10T11:05:36Z</time><extensions><gpxtpx:TrackPointExtension><gpxtpx:hr>73</gpxtpx:hr></gpxtpx:TrackPointExtension></extensions></trkpt><trkpt lat="57.997443" lon="38.87618"><ele>121.0</ele><time>2021-10-10T11:05:37Z</time><extensions><gpxtpx:TrackPointExtension><gpxtpx:hr>73</gpxtpx:hr></gpxtpx:TrackPointExtension></extensions></trkpt><trkpt lat="57.99745" lon="38.876212"><ele>121.0</ele><time>2021-10-10T11:05:38Z</time><extensions><gpxtpx:TrackPointExtension><gpxtpx:hr>74</gpxtpx:hr></gpxtpx:TrackPointExtension></extensions></trkpt><trkpt lat="57.99746" lon="38.876247"><ele>121.0</ele><time>2021-10-10T11:05:39Z</time><extensions><gpxtpx:TrackPointExtension><gpxtpx:hr>75</gpxtpx:hr></gpxtpx:TrackPointExtension></extensions></trkpt><trkpt lat="57.997462" lon="38.87628"><ele>121.0</ele><time>2021-10-10T11:05:40Z</time><extensions><gpxtpx:TrackPointExtension><gpxtpx:hr>75</gpxtpx:hr></gpxtpx:TrackPointExtension></extensions></trkpt><trkpt lat="57.99747" lon="38.876315"><ele>121.0</ele><time>2021-10-10T11:05:41Z</time><extensions><gpxtpx:TrackPointExtension><gpxtpx:hr>74</gpxtpx:hr></gpxtpx:TrackPointExtension></extensions></trkpt><trkpt lat="57.997482" lon="38.876353"><ele>121.0</ele><time>2021-10-10T11:05:42Z</time><extensions><gpxtpx:TrackPointExtension><gpxtpx:hr>74</gpxtpx:hr></gpxtpx:TrackPointExtension></extensions></trkpt><trkpt lat="57.99749" lon="38.87639"><ele>121.0</ele><time>2021-10-10T11:05:43Z</time><extensions><gpxtpx:TrackPointExtension><gpxtpx:hr>74</gpxtpx:hr></gpxtpx:TrackPointExtension></extensions></trkpt><trkpt lat="57.997497" lon="38.876422"><ele>121.0</ele><time>2021-10-10T11:05:44Z</time><extensions><gpxtpx:TrackPointExtension><gpxtpx:hr>74</gpxtpx:hr></gpxtpx:TrackPointExtension></extensions></trkpt><trkpt lat="57.997505" lon="38.876457"><ele>121.0</ele><time>2021-10-10T11:05:45Z</time><extensions><gpxtpx:TrackPointExtension><gpxtpx:hr>74</gpxtpx:hr></gpxtpx:TrackPointExtension></extensions></trkpt><trkpt lat="57.997517" lon="38.876483"><ele>121.0</ele><time>2021-10-10T11:05:46Z</time><extensions><gpxtpx:TrackPointExtension><gpxtpx:hr>74</gpxtpx:hr></gpxtpx:TrackPointExtension></extensions></trkpt><trkpt lat="57.997523" lon="38.876513"><ele>121.0</ele><time>2021-10-10T11:05:47Z</time><extensions><gpxtpx:TrackPointExtension><gpxtpx:hr>74</gpxtpx:hr></gpxtpx:TrackPointExtension></extensions></trkpt><trkpt lat="57.997535" lon="38.87654"><ele>121.0</ele><time>2021-10-10T11:05:48Z</time><extensions><gpxtpx:TrackPointExtension><gpxtpx:hr>74</gpxtpx:hr></gpxtpx:TrackPointExtension></extensions></trkpt><trkpt lat="57.997542" lon="38.876563"><ele>121.0</ele><time>2021-10-10T11:05:49Z</time><extensions><gpxtpx:TrackPointExtension><gpxtpx:hr>75</gpxtpx:hr></gpxtpx:TrackPointExtension></extensions></trkpt><trkpt lat="57.99755" lon="38.876587"><ele>121.0</ele><time>2021-10-10T11:05:50Z</time><extensions><gpxtpx:TrackPointExtension><gpxtpx:hr>76</gpxtpx:hr></gpxtpx:TrackPointExtension></extensions></trkpt><trkpt lat="57.99756" lon="38.876613"><ele>121.0</ele><time>2021-10-10T11:05:51Z</time><extensions><gpxtpx:TrackPointExtension><gpxtpx:hr>77</gpxtpx:hr></gpxtpx:TrackPointExtension></extensions></trkpt><trkpt lat="57.99757" lon="38.876637"><ele>121.0</ele><time>2021-10-10T11:05:52Z</time><extensions><gpxtpx:TrackPointExtension><gpxtpx:hr>77</gpxtpx:hr></gpxtpx:TrackPointExtension></extensions></trkpt><trkpt lat="57.997577" lon="38.87666"><ele>121.0</ele><time>2021-10-10T11:05:53Z</time><extensions><gpxtpx:TrackPointExtension><gpxtpx:hr>78</gpxtpx:hr></gpxtpx:TrackPointExtension></extensions></trkpt><trkpt lat="57.997585" lon="38.876675"><ele>121.0</ele><time>2021-10-10T11:05:54Z</time><extensions><gpxtpx:TrackPointExtension><gpxtpx:hr>78</gpxtpx:hr></gpxtpx:TrackPointExtension></extensions></trkpt><trkpt lat="57.997592" lon="38.87669"><ele>121.0</ele><time>2021-10-10T11:05:55Z</time><extensions><gpxtpx:TrackPointExtension><gpxtpx:hr>78</gpxtpx:hr></gpxtpx:TrackPointExtension></extensions></trkpt><trkpt lat="57.997603" lon="38.876693"><ele>121.0</ele><time>2021-10-10T11:05:56Z</time><extensions><gpxtpx:TrackPointExtension><gpxtpx:hr>78</gpxtpx:hr></gpxtpx:TrackPointExtension></extensions></trkpt><trkpt lat="57.997612" lon="38.876685"><ele>121.0</ele><time>2021-10-10T11:05:57Z</time><extensions><gpxtpx:TrackPointExtension><gpxtpx:hr>78</gpxtpx:hr></gpxtpx:TrackPointExtension></extensions></trkpt><trkpt lat="57.997603" lon="38.876685"><ele>121.0</ele><time>2021-10-10T11:05:58Z</time><extensions><gpxtpx:TrackPointExtension><gpxtpx:hr>77</gpxtpx:hr></gpxtpx:TrackPointExtension></extensions></trkpt><trkpt lat="57.997597" lon="38.876717"><ele>121.0</ele><time>2021-10-10T11:05:59Z</time><extensions><gpxtpx:TrackPointExtension><gpxtpx:hr>77</gpxtpx:hr></gpxtpx:TrackPointExtension></extensions></trkpt><trkpt lat="57.99759" lon="38.87676"><ele>121.0</ele><time>2021-10-10T11:06:00Z</time><extensions><gpxtpx:TrackPointExtension><gpxtpx:hr>76</gpxtpx:hr></gpxtpx:TrackPointExtension></extensions></trkpt><trkpt lat="57.99757" lon="38.876765"><ele>121.0</ele><time>2021-10-10T11:06:01Z</time><extensions><gpxtpx:TrackPointExtension><gpxtpx:hr>76</gpxtpx:hr></gpxtpx:TrackPointExtension></extensions></trkpt><trkpt lat="57.997553" lon="38.87676"><ele>121.0</ele><time>2021-10-10T11:06:02Z</time><extensions><gpxtpx:TrackPointExtension><gpxtpx:hr>76</gpxtpx:hr></gpxtpx:TrackPointExtension></extensions></trkpt><trkpt lat="57.997547" lon="38.876742"><ele>121.0</ele><time>2021-10-10T11:06:03Z</time><extensions><gpxtpx:TrackPointExtension><gpxtpx:hr>76</gpxtpx:hr></gpxtpx:TrackPointExtension></extensions></trkpt><trkpt lat="57.997535" lon="38.876742"><ele>121.0</ele><time>2021-10-10T11:06:04Z</time><extensions><gpxtpx:TrackPointExtension><gpxtpx:hr>75</gpxtpx:hr></gpxtpx:TrackPointExtension></extensions></trkpt><trkpt lat="57.997527" lon="38.87675"><ele>121.0</ele><time>2021-10-10T11:06:05Z</time><extensions><gpxtpx:TrackPointExtension><gpxtpx:hr>75</gpxtpx:hr></gpxtpx:TrackPointExtension></extensions></trkpt><trkpt lat="57.997527" lon="38.876762"><ele>121.0</ele><time>2021-10-10T11:06:06Z</time><extensions><gpxtpx:TrackPointExtension><gpxtpx:hr>76</gpxtpx:hr></gpxtpx:TrackPointExtension></extensions></trkpt><trkpt lat="57.997523" lon="38.876777"><ele>121.0</ele><time>2021-10-10T11:06:07Z</time><extensions><gpxtpx:TrackPointExtension><gpxtpx:hr>76</gpxtpx:hr></gpxtpx:TrackPointExtension></extensions></trkpt><trkpt lat="57.997523" lon="38.876792"><ele>121.0</ele><time>2021-10-10T11:06:08Z</time><extensions><gpxtpx:TrackPointExtension><gpxtpx:hr>76</gpxtpx:hr></gpxtpx:TrackPointExtension></extensions></trkpt><trkpt lat="57.997523" lon="38.876815"><ele>121.0</ele><time>2021-10-10T11:06:09Z</time><extensions><gpxtpx:TrackPointExtension><gpxtpx:hr>77</gpxtpx:hr></gpxtpx:TrackPointExtension></extensions></trkpt><trkpt lat="57.99752" lon="38.87684"><ele>121.0</ele><time>2021-10-10T11:06:10Z</time><extensions><gpxtpx:TrackPointExtension><gpxtpx:hr>77</gpxtpx:hr></gpxtpx:TrackPointExtension></extensions></trkpt><trkpt lat="57.997517" lon="38.87686"><ele>121.0</ele><time>2021-10-10T11:06:11Z</time><extensions><gpxtpx:TrackPointExtension><gpxtpx:hr>77</gpxtpx:hr></gpxtpx:TrackPointExtension></extensions></trkpt><trkpt lat="57.997505" lon="38.876877"><ele>121.0</ele><time>2021-10-10T11:06:12Z</time><extensions><gpxtpx:TrackPointExtension><gpxtpx:hr>77</gpxtpx:hr></gpxtpx:TrackPointExtension></extensions></trkpt><trkpt lat="57.997493" lon="38.87689"><ele>121.0</ele><time>2021-10-10T11:06:13Z</time><extensions><gpxtpx:TrackPointExtension><gpxtpx:hr>77</gpxtpx:hr></gpxtpx:TrackPointExtension></extensions></trkpt><trkpt lat="57.997482" lon="38.876903"><ele>121.0</ele><time>2021-10-10T11:06:14Z</time><extensions><gpxtpx:TrackPointExtension><gpxtpx:hr>77</gpxtpx:hr></gpxtpx:TrackPointExtension></extensions></trkpt><trkpt lat="57.997467" lon="38.876915"><ele>121.0</ele><time>2021-10-10T11:06:14Z</time><extensions><gpxtpx:TrackPointExtension><gpxtpx:hr>77</gpxtpx:hr></gpxtpx:TrackPointExtension></extensions></trkpt><trkpt lat="57.99745" lon="38.876918"><ele>121.0</ele><time>2021-10-10T11:06:15Z</time><extensions><gpxtpx:TrackPointExtension><gpxtpx:hr>77</gpxtpx:hr></gpxtpx:TrackPointExtension></extensions></trkpt><trkpt lat="57.99744" lon="38.876918"><ele>121.0</ele><time>2021-10-10T11:06:16Z</time><extensions><gpxtpx:TrackPointExtension><gpxtpx:hr>78</gpxtpx:hr></gpxtpx:TrackPointExtension></extensions></trkpt><trkpt lat="57.99743" lon="38.87691"><ele>121.0</ele><time>2021-10-10T11:06:17Z</time><extensions><gpxtpx:TrackPointExtension><gpxtpx:hr>78</gpxtpx:hr></gpxtpx:TrackPointExtension></extensions></trkpt><trkpt lat="57.99742" lon="38.876895"><ele>121.0</ele><time>2021-10-10T11:06:18Z</time><extensions><gpxtpx:TrackPointExtension><gpxtpx:hr>78</gpxtpx:hr></gpxtpx:TrackPointExtension></extensions></trkpt><trkpt lat="57.99741" lon="38.87688"><ele>121.0</ele><time>2021-10-10T11:06:19Z</time><extensions><gpxtpx:TrackPointExtension><gpxtpx:hr>78</gpxtpx:hr></gpxtpx:TrackPointExtension></extensions></trkpt><trkpt lat="57.997395" lon="38.876865"><ele>121.0</ele><time>2021-10-10T11:06:20Z</time><extensions><gpxtpx:TrackPointExtension><gpxtpx:hr>78</gpxtpx:hr></gpxtpx:TrackPointExtension></extensions></trkpt><trkpt lat="57.99738" lon="38.876857"><ele>121.0</ele><time>2021-10-10T11:06:21Z</time><extensions><gpxtpx:TrackPointExtension><gpxtpx:hr>79</gpxtpx:hr></gpxtpx:TrackPointExtension></extensions></trkpt><trkpt lat="57.99736" lon="38.876848"><ele>121.0</ele><time>2021-10-10T11:06:22Z</time><extensions><gpxtpx:TrackPointExtension><gpxtpx:hr>79</gpxtpx:hr></gpxtpx:TrackPointExtension></extensions></trkpt><trkpt lat="57.997345" lon="38.876845"><ele>121.0</ele><time>2021-10-10T11:06:23Z</time><extensions><gpxtpx:TrackPointExtension><gpxtpx:hr>79</gpxtpx:hr></gpxtpx:TrackPointExtension></extensions></trkpt><trkpt lat="57.997325" lon="38.876842"><ele>121.0</ele><time>2021-10-10T11:06:24Z</time><extensions><gpxtpx:TrackPointExtension><gpxtpx:hr>79</gpxtpx:hr></gpxtpx:TrackPointExtension></extensions></trkpt><trkpt lat="57.997307" lon="38.87684"><ele>121.0</ele><time>2021-10-10T11:06:25Z</time><extensions><gpxtpx:TrackPointExtension><gpxtpx:hr>81</gpxtpx:hr></gpxtpx:TrackPointExtension></extensions></trkpt><trkpt lat="57.997287" lon="38.87684"><ele>121.0</ele><time>2021-10-10T11:06:26Z</time><extensions><gpxtpx:TrackPointExtension><gpxtpx:hr>82</gpxtpx:hr></gpxtpx:TrackPointExtension></extensions></trkpt><trkpt lat="57.99727" lon="38.876835"><ele>121.0</ele><time>2021-10-10T11:06:27Z</time><extensions><gpxtpx:TrackPointExtension><gpxtpx:hr>83</gpxtpx:hr></gpxtpx:TrackPointExtension></extensions></trkpt><trkpt lat="57.997245" lon="38.87683"><ele>121.0</ele><time>2021-10-10T11:06:28Z</time><extensions><gpxtpx:TrackPointExtension><gpxtpx:hr>83</gpxtpx:hr></gpxtpx:TrackPointExtension></extensions></trkpt><trkpt lat="57.997227" lon="38.876835"><ele>121.0</ele><time>2021-10-10T11:06:29Z</time><extensions><gpxtpx:TrackPointExtension><gpxtpx:hr>84</gpxtpx:hr></gpxtpx:TrackPointExtension></extensions></trkpt><trkpt lat="57.997207" lon="38.876835"><ele>121.0</ele><time>2021-10-10T11:06:30Z</time><extensions><gpxtpx:TrackPointExtension><gpxtpx:hr>84</gpxtpx:hr></gpxtpx:TrackPointExtension></extensions></trkpt><trkpt lat="57.997185" lon="38.876835"><ele>121.0</ele><time>2021-10-10T11:06:31Z</time><extensions><gpxtpx:TrackPointExtension><gpxtpx:hr>84</gpxtpx:hr></gpxtpx:TrackPointExtension></extensions></trkpt><trkpt lat="57.99716" lon="38.876842"><ele>121.0</ele><time>2021-10-10T11:06:32Z</time><extensions><gpxtpx:TrackPointExtension><gpxtpx:hr>84</gpxtpx:hr></gpxtpx:TrackPointExtension></extensions></trkpt><trkpt lat="57.997142" lon="38.876853"><ele>121.0</ele><time>2021-10-10T11:06:33Z</time><extensions><gpxtpx:TrackPointExtension><gpxtpx:hr>85</gpxtpx:hr></gpxtpx:TrackPointExtension></extensions></trkpt><trkpt lat="57.997123" lon="38.87687"><ele>121.0</ele><time>2021-10-10T11:06:34Z</time><extensions><gpxtpx:TrackPointExtension><gpxtpx:hr>85</gpxtpx:hr></gpxtpx:TrackPointExtension></extensions></trkpt><trkpt lat="57.997112" lon="38.876883"><ele>121.0</ele><time>2021-10-10T11:06:35Z</time><extensions><gpxtpx:TrackPointExtension><gpxtpx:hr>85</gpxtpx:hr></gpxtpx:TrackPointExtension></extensions></trkpt><trkpt lat="57.997097" lon="38.876895"><ele>121.0</ele><time>2021-10-10T11:06:36Z</time><extensions><gpxtpx:TrackPointExtension><gpxtpx:hr>85</gpxtpx:hr></gpxtpx:TrackPointExtension></extensions></trkpt><trkpt lat="57.997077" lon="38.876903"><ele>121.0</ele><time>2021-10-10T11:06:37Z</time><extensions><gpxtpx:TrackPointExtension><gpxtpx:hr>86</gpxtpx:hr></gpxtpx:TrackPointExtension></extensions></trkpt><trkpt lat="57.997055" lon="38.876903"><ele>121.0</ele><time>2021-10-10T11:06:38Z</time><extensions><gpxtpx:TrackPointExtension><gpxtpx:hr>86</gpxtpx:hr></gpxtpx:TrackPointExtension></extensions></trkpt><trkpt lat="57.99703" lon="38.876907"><ele>121.0</ele><time>2021-10-10T11:06:39Z</time><extensions><gpxtpx:TrackPointExtension><gpxtpx:hr>86</gpxtpx:hr></gpxtpx:TrackPointExtension></extensions></trkpt><trkpt lat="57.997" lon="38.876907"><ele>121.0</ele><time>2021-10-10T11:06:40Z</time><extensions><gpxtpx:TrackPointExtension><gpxtpx:hr>86</gpxtpx:hr></gpxtpx:TrackPointExtension></extensions></trkpt><trkpt lat="57.996967" lon="38.87691"><ele>121.0</ele><time>2021-10-10T11:06:41Z</time><extensions><gpxtpx:TrackPointExtension><gpxtpx:hr>86</gpxtpx:hr></gpxtpx:TrackPointExtension></extensions></trkpt><trkpt lat="57.996932" lon="38.876918"><ele>121.0</ele><time>2021-10-10T11:06:42Z</time><extensions><gpxtpx:TrackPointExtension><gpxtpx:hr>86</gpxtpx:hr></gpxtpx:TrackPointExtension></extensions></trkpt><trkpt lat="57.9969" lon="38.87693"><ele>121.0</ele><time>2021-10-10T11:06:43Z</time><extensions><gpxtpx:TrackPointExtension><gpxtpx:hr>88</gpxtpx:hr></gpxtpx:TrackPointExtension></extensions></trkpt><trkpt lat="57.996863" lon="38.87695"><ele>121.0</ele><time>2021-10-10T11:06:44Z</time><extensions><gpxtpx:TrackPointExtension><gpxtpx:hr>88</gpxtpx:hr></gpxtpx:TrackPointExtension></extensions></trkpt><trkpt lat="57.99683" lon="38.87697"><ele>121.0</ele><time>2021-10-10T11:06:45Z</time><extensions><gpxtpx:TrackPointExtension><gpxtpx:hr>89</gpxtpx:hr></gpxtpx:TrackPointExtension></extensions></trkpt><trkpt lat="57.9968" lon="38.876983"><ele>121.0</ele><time>2021-10-10T11:06:46Z</time><extensions><gpxtpx:TrackPointExtension><gpxtpx:hr>89</gpxtpx:hr></gpxtpx:TrackPointExtension></extensions></trkpt><trkpt lat="57.99677" lon="38.877002"><ele>121.0</ele><time>2021-10-10T11:06:47Z</time><extensions><gpxtpx:TrackPointExtension><gpxtpx:hr>89</gpxtpx:hr></gpxtpx:TrackPointExtension></extensions></trkpt><trkpt lat="57.996735" lon="38.87702"><ele>121.0</ele><time>2021-10-10T11:06:48Z</time><extensions><gpxtpx:TrackPointExtension><gpxtpx:hr>90</gpxtpx:hr></gpxtpx:TrackPointExtension></extensions></trkpt><trkpt lat="57.996703" lon="38.877045"><ele>121.0</ele><time>2021-10-10T11:06:49Z</time><extensions><gpxtpx:TrackPointExtension><gpxtpx:hr>89</gpxtpx:hr></gpxtpx:TrackPointExtension></extensions></trkpt><trkpt lat="57.996673" lon="38.87706"><ele>121.0</ele><time>2021-10-10T11:06:50Z</time><extensions><gpxtpx:TrackPointExtension><gpxtpx:hr>88</gpxtpx:hr></gpxtpx:TrackPointExtension></extensions></trkpt><trkpt lat="57.996642" lon="38.877073"><ele>121.0</ele><time>2021-10-10T11:06:51Z</time><extensions><gpxtpx:TrackPointExtension><gpxtpx:hr>88</gpxtpx:hr></gpxtpx:TrackPointExtension></extensions></trkpt><trkpt lat="57.996612" lon="38.877082"><ele>121.0</ele><time>2021-10-10T11:06:52Z</time><extensions><gpxtpx:TrackPointExtension><gpxtpx:hr>89</gpxtpx:hr></gpxtpx:TrackPointExtension></extensions></trkpt><trkpt lat="57.996582" lon="38.87709"><ele>121.0</ele><time>2021-10-10T11:06:53Z</time><extensions><gpxtpx:TrackPointExtension><gpxtpx:hr>89</gpxtpx:hr></gpxtpx:TrackPointExtension></extensions></trkpt><trkpt lat="57.996555" lon="38.8771"><ele>121.0</ele><time>2021-10-10T11:06:54Z</time><extensions><gpxtpx:TrackPointExtension><gpxtpx:hr>90</gpxtpx:hr></gpxtpx:TrackPointExtension></extensions></trkpt><trkpt lat="57.99653" lon="38.877117"><ele>121.0</ele><time>2021-10-10T11:06:55Z</time><extensions><gpxtpx:TrackPointExtension><gpxtpx:hr>90</gpxtpx:hr></gpxtpx:TrackPointExtension></extensions></trkpt><trkpt lat="57.996498" lon="38.87713"><ele>121.0</ele><time>2021-10-10T11:06:56Z</time><extensions><gpxtpx:TrackPointExtension><gpxtpx:hr>91</gpxtpx:hr></gpxtpx:TrackPointExtension></extensions></trkpt><trkpt lat="57.99647" lon="38.877135"><ele>121.0</ele><time>2021-10-10T11:06:57Z</time><extensions><gpxtpx:TrackPointExtension><gpxtpx:hr>91</gpxtpx:hr></gpxtpx:TrackPointExtension></extensions></trkpt><trkpt lat="57.996445" lon="38.87714"><ele>121.0</ele><time>2021-10-10T11:06:58Z</time><extensions><gpxtpx:TrackPointExtension><gpxtpx:hr>91</gpxtpx:hr></gpxtpx:TrackPointExtension></extensions></trkpt><trkpt lat="57.996417" lon="38.87714"><ele>121.0</ele><time>2021-10-10T11:06:59Z</time><extensions><gpxtpx:TrackPointExtension><gpxtpx:hr>91</gpxtpx:hr></gpxtpx:TrackPointExtension></extensions></trkpt><trkpt lat="57.99639" lon="38.877135"><ele>121.0</ele><time>2021-10-10T11:07:00Z</time><extensions><gpxtpx:TrackPointExtension><gpxtpx:hr>92</gpxtpx:hr></gpxtpx:TrackPointExtension></extensions></trkpt><trkpt lat="57.996365" lon="38.877125"><ele>121.0</ele><time>2021-10-10T11:07:01Z</time><extensions><gpxtpx:TrackPointExtension><gpxtpx:hr>92</gpxtpx:hr></gpxtpx:TrackPointExtension></extensions></trkpt><trkpt lat="57.996333" lon="38.877112"><ele>121.0</ele><time>2021-10-10T11:07:02Z</time><extensions><gpxtpx:TrackPointExtension><gpxtpx:hr>93</gpxtpx:hr></gpxtpx:TrackPointExtension></extensions></trkpt><trkpt lat="57.996303" lon="38.877105"><ele>121.0</ele><time>2021-10-10T11:07:03Z</time><extensions><gpxtpx:TrackPointExtension><gpxtpx:hr>93</gpxtpx:hr></gpxtpx:TrackPointExtension></extensions></trkpt><trkpt lat="57.996277" lon="38.8771"><ele>121.0</ele><time>2021-10-10T11:07:04Z</time><extensions><gpxtpx:TrackPointExtension><gpxtpx:hr>93</gpxtpx:hr></gpxtpx:TrackPointExtension></extensions></trkpt><trkpt lat="57.99625" lon="38.877093"><ele>121.0</ele><time>2021-10-10T11:07:05Z</time><extensions><gpxtpx:TrackPointExtension><gpxtpx:hr>94</gpxtpx:hr></gpxtpx:TrackPointExtension></extensions></trkpt><trkpt lat="57.99622" lon="38.87709"><ele>121.0</ele><time>2021-10-10T11:07:06Z</time><extensions><gpxtpx:TrackPointExtension><gpxtpx:hr>94</gpxtpx:hr></gpxtpx:TrackPointExtension></extensions></trkpt><trkpt lat="57.996192" lon="38.877082"><ele>121.0</ele><time>2021-10-10T11:07:07Z</time><extensions><gpxtpx:TrackPointExtension><gpxtpx:hr>94</gpxtpx:hr></gpxtpx:TrackPointExtension></extensions></trkpt><trkpt lat="57.996165" lon="38.87708"><ele>121.0</ele><time>2021-10-10T11:07:08Z</time><extensions><gpxtpx:TrackPointExtension><gpxtpx:hr>95</gpxtpx:hr></gpxtpx:TrackPointExtension></extensions></trkpt><trkpt lat="57.99614" lon="38.877082"><ele>121.0</ele><time>2021-10-10T11:07:09Z</time><extensions><gpxtpx:TrackPointExtension><gpxtpx:hr>95</gpxtpx:hr></gpxtpx:TrackPointExtension></extensions></trkpt><trkpt lat="57.996117" lon="38.877082"><ele>121.0</ele><time>2021-10-10T11:07:10Z</time><extensions><gpxtpx:TrackPointExtension><gpxtpx:hr>95</gpxtpx:hr></gpxtpx:TrackPointExtension></extensions></trkpt><trkpt lat="57.996085" lon="38.87709"><ele>121.0</ele><time>2021-10-10T11:07:11Z</time><extensions><gpxtpx:TrackPointExtension><gpxtpx:hr>96</gpxtpx:hr></gpxtpx:TrackPointExtension></extensions></trkpt><trkpt lat="57.996055" lon="38.877097"><ele>121.0</ele><time>2021-10-10T11:07:12Z</time><extensions><gpxtpx:TrackPointExtension><gpxtpx:hr>96</gpxtpx:hr></gpxtpx:TrackPointExtension></extensions></trkpt><trkpt lat="57.996025" lon="38.8771"><ele>121.0</ele><time>2021-10-10T11:07:13Z</time><extensions><gpxtpx:TrackPointExtension><gpxtpx:hr>97</gpxtpx:hr></gpxtpx:TrackPointExtension></extensions></trkpt><trkpt lat="57.995995" lon="38.877105"><ele>121.0</ele><time>2021-10-10T11:07:14Z</time><extensions><gpxtpx:TrackPointExtension><gpxtpx:hr>97</gpxtpx:hr></gpxtpx:TrackPointExtension></extensions></trkpt><trkpt lat="57.995963" lon="38.87711"><ele>121.0</ele><time>2021-10-10T11:07:15Z</time><extensions><gpxtpx:TrackPointExtension><gpxtpx:hr>98</gpxtpx:hr></gpxtpx:TrackPointExtension></extensions></trkpt><trkpt lat="57.995937" lon="38.87711"><ele>121.0</ele><time>2021-10-10T11:07:16Z</time><extensions><gpxtpx:TrackPointExtension><gpxtpx:hr>98</gpxtpx:hr></gpxtpx:TrackPointExtension></extensions></trkpt><trkpt lat="57.995907" lon="38.877112"><ele>121.0</ele><time>2021-10-10T11:07:17Z</time><extensions><gpxtpx:TrackPointExtension><gpxtpx:hr>99</gpxtpx:hr></gpxtpx:TrackPointExtension></extensions></trkpt><trkpt lat="57.99588" lon="38.877117"><ele>121.0</ele><time>2021-10-10T11:07:18Z</time><extensions><gpxtpx:TrackPointExtension><gpxtpx:hr>101</gpxtpx:hr></gpxtpx:TrackPointExtension></extensions></trkpt><trkpt lat="57.995845" lon="38.87713"><ele>121.0</ele><time>2021-10-10T11:07:19Z</time><extensions><gpxtpx:TrackPointExtension><gpxtpx:hr>100</gpxtpx:hr></gpxtpx:TrackPointExtension></extensions></trkpt><trkpt lat="57.99582" lon="38.877132"><ele>121.0</ele><time>2021-10-10T11:07:20Z</time><extensions><gpxtpx:TrackPointExtension><gpxtpx:hr>100</gpxtpx:hr></gpxtpx:TrackPointExtension></extensions></trkpt><trkpt lat="57.995795" lon="38.877132"><ele>121.0</ele><time>2021-10-10T11:07:21Z</time><extensions><gpxtpx:TrackPointExtension><gpxtpx:hr>101</gpxtpx:hr></gpxtpx:TrackPointExtension></extensions></trkpt><trkpt lat="57.995777" lon="38.87713"><ele>121.0</ele><time>2021-10-10T11:07:22Z</time><extensions><gpxtpx:TrackPointExtension><gpxtpx:hr>101</gpxtpx:hr></gpxtpx:TrackPointExtension></extensions></trkpt><trkpt lat="57.995757" lon="38.877117"><ele>121.0</ele><time>2021-10-10T11:07:23Z</time><extensions><gpxtpx:TrackPointExtension><gpxtpx:hr>101</gpxtpx:hr></gpxtpx:TrackPointExtension></extensions></trkpt><trkpt lat="57.995738" lon="38.8771"><ele>121.0</ele><time>2021-10-10T11:07:24Z</time><extensions><gpxtpx:TrackPointExtension><gpxtpx:hr>101</gpxtpx:hr></gpxtpx:TrackPointExtension></extensions></trkpt><trkpt lat="57.99572" lon="38.877093"><ele>121.0</ele><time>2021-10-10T11:07:25Z</time><extensions><gpxtpx:TrackPointExtension><gpxtpx:hr>102</gpxtpx:hr></gpxtpx:TrackPointExtension></extensions></trkpt><trkpt lat="57.9957" lon="38.877087"><ele>121.0</ele><time>2021-10-10T11:07:26Z</time><extensions><gpxtpx:TrackPointExtension><gpxtpx:hr>103</gpxtpx:hr></gpxtpx:TrackPointExtension></extensions></trkpt><trkpt lat="57.995677" lon="38.877087"><ele>121.0</ele><time>2021-10-10T11:07:27Z</time><extensions><gpxtpx:TrackPointExtension><gpxtpx:hr>103</gpxtpx:hr></gpxtpx:TrackPointExtension></extensions></trkpt><trkpt lat="57.995655" lon="38.87709"><ele>121.0</ele><time>2021-10-10T11:07:28Z</time><extensions><gpxtpx:TrackPointExtension><gpxtpx:hr>102</gpxtpx:hr></gpxtpx:TrackPointExtension></extensions></trkpt><trkpt lat="57.99563" lon="38.8771"><ele>121.0</ele><time>2021-10-10T11:07:29Z</time><extensions><gpxtpx:TrackPointExtension><gpxtpx:hr>102</gpxtpx:hr></gpxtpx:TrackPointExtension></extensions></trkpt><trkpt lat="57.9956" lon="38.87712"><ele>121.0</ele><time>2021-10-10T11:07:30Z</time><extensions><gpxtpx:TrackPointExtension><gpxtpx:hr>103</gpxtpx:hr></gpxtpx:TrackPointExtension></extensions></trkpt><trkpt lat="57.99558" lon="38.877143"><ele>121.0</ele><time>2021-10-10T11:07:31Z</time><extensions><gpxtpx:TrackPointExtension><gpxtpx:hr>103</gpxtpx:hr></gpxtpx:TrackPointExtension></extensions></trkpt><trkpt lat="57.99556" lon="38.877167"><ele>121.0</ele><time>2021-10-10T11:07:32Z</time><extensions><gpxtpx:TrackPointExtension><gpxtpx:hr>104</gpxtpx:hr></gpxtpx:TrackPointExtension></extensions></trkpt><trkpt lat="57.995537" lon="38.877192"><ele>121.0</ele><time>2021-10-10T11:07:33Z</time><extensions><gpxtpx:TrackPointExtension><gpxtpx:hr>104</gpxtpx:hr></gpxtpx:TrackPointExtension></extensions></trkpt><trkpt lat="57.99552" lon="38.877223"><ele>121.0</ele><time>2021-10-10T11:07:34Z</time><extensions><gpxtpx:TrackPointExtension><gpxtpx:hr>104</gpxtpx:hr></gpxtpx:TrackPointExtension></extensions></trkpt><trkpt lat="57.995505" lon="38.877253"><ele>121.0</ele><time>2021-10-10T11:07:35Z</time><extensions><gpxtpx:TrackPointExtension><gpxtpx:hr>105</gpxtpx:hr></gpxtpx:TrackPointExtension></extensions></trkpt><trkpt lat="57.99549" lon="38.877285"><ele>121.0</ele><time>2021-10-10T11:07:36Z</time><extensions><gpxtpx:TrackPointExtension><gpxtpx:hr>105</gpxtpx:hr></gpxtpx:TrackPointExtension></extensions></trkpt><trkpt lat="57.995472" lon="38.87731"><ele>121.0</ele><time>2021-10-10T11:07:37Z</time><extensions><gpxtpx:TrackPointExtension><gpxtpx:hr>104</gpxtpx:hr></gpxtpx:TrackPointExtension></extensions></trkpt><trkpt lat="57.995457" lon="38.877335"><ele>121.0</ele><time>2021-10-10T11:07:38Z</time><extensions><gpxtpx:TrackPointExtension><gpxtpx:hr>104</gpxtpx:hr></gpxtpx:TrackPointExtension></extensions></trkpt><trkpt lat="57.995437" lon="38.87735"><ele>121.0</ele><time>2021-10-10T11:07:39Z</time><extensions><gpxtpx:TrackPointExtension><gpxtpx:hr>103</gpxtpx:hr></gpxtpx:TrackPointExtension></extensions></trkpt><trkpt lat="57.995425" lon="38.877365"><ele>121.0</ele><time>2021-10-10T11:07:40Z</time><extensions><gpxtpx:TrackPointExtension><gpxtpx:hr>103</gpxtpx:hr></gpxtpx:TrackPointExtension></extensions></trkpt><trkpt lat="57.99541" lon="38.877387"><ele>121.0</ele><time>2021-10-10T11:07:41Z</time><extensions><gpxtpx:TrackPointExtension><gpxtpx:hr>102</gpxtpx:hr></gpxtpx:TrackPointExtension></extensions></trkpt><trkpt lat="57.9954" lon="38.87741"><ele>121.0</ele><time>2021-10-10T11:07:42Z</time><extensions><gpxtpx:TrackPointExtension><gpxtpx:hr>102</gpxtpx:hr></gpxtpx:TrackPointExtension></extensions></trkpt><trkpt lat="57.995387" lon="38.87744"><ele>121.0</ele><time>2021-10-10T11:07:43Z</time><extensions><gpxtpx:TrackPointExtension><gpxtpx:hr>101</gpxtpx:hr></gpxtpx:TrackPointExtension></extensions></trkpt><trkpt lat="57.995377" lon="38.877472"><ele>121.0</ele><time>2021-10-10T11:07:44Z</time><extensions><gpxtpx:TrackPointExtension><gpxtpx:hr>101</gpxtpx:hr></gpxtpx:TrackPointExtension></extensions></trkpt><trkpt lat="57.995358" lon="38.8775"><ele>121.0</ele><time>2021-10-10T11:07:45Z</time><extensions><gpxtpx:TrackPointExtension><gpxtpx:hr>101</gpxtpx:hr></gpxtpx:TrackPointExtension></extensions></trkpt><trkpt lat="57.995342" lon="38.877525"><ele>121.0</ele><time>2021-10-10T11:07:46Z</time><extensions><gpxtpx:TrackPointExtension><gpxtpx:hr>101</gpxtpx:hr></gpxtpx:TrackPointExtension></extensions></trkpt><trkpt lat="57.995315" lon="38.877552"><ele>121.0</ele><time>2021-10-10T11:07:47Z</time><extensions><gpxtpx:TrackPointExtension><gpxtpx:hr>101</gpxtpx:hr></gpxtpx:TrackPointExtension></extensions></trkpt><trkpt lat="57.995292" lon="38.87758"><ele>121.0</ele><time>2021-10-10T11:07:48Z</time><extensions><gpxtpx:TrackPointExtension><gpxtpx:hr>101</gpxtpx:hr></gpxtpx:TrackPointExtension></extensions></trkpt><trkpt lat="57.995262" lon="38.8776"><ele>121.0</ele><time>2021-10-10T11:07:49Z</time><extensions><gpxtpx:TrackPointExtension><gpxtpx:hr>101</gpxtpx:hr></gpxtpx:TrackPointExtension></extensions></trkpt><trkpt lat="57.995235" lon="38.877625"><ele>121.0</ele><time>2021-10-10T11:07:50Z</time><extensions><gpxtpx:TrackPointExtension><gpxtpx:hr>101</gpxtpx:hr></gpxtpx:TrackPointExtension></extensions></trkpt><trkpt lat="57.99521" lon="38.87765"><ele>121.0</ele><time>2021-10-10T11:07:51Z</time><extensions><gpxtpx:TrackPointExtension><gpxtpx:hr>101</gpxtpx:hr></gpxtpx:TrackPointExtension></extensions></trkpt><trkpt lat="57.995185" lon="38.877673"><ele>121.0</ele><time>2021-10-10T11:07:52Z</time><extensions><gpxtpx:TrackPointExtension><gpxtpx:hr>101</gpxtpx:hr></gpxtpx:TrackPointExtension></extensions></trkpt><trkpt lat="57.995167" lon="38.877697"><ele>121.0</ele><time>2021-10-10T11:07:53Z</time><extensions><gpxtpx:TrackPointExtension><gpxtpx:hr>101</gpxtpx:hr></gpxtpx:TrackPointExtension></extensions></trkpt><trkpt lat="57.995155" lon="38.87772"><ele>121.0</ele><time>2021-10-10T11:07:54Z</time><extensions><gpxtpx:TrackPointExtension><gpxtpx:hr>101</gpxtpx:hr></gpxtpx:TrackPointExtension></extensions></trkpt><trkpt lat="57.995143" lon="38.877742"><ele>121.0</ele><time>2021-10-10T11:07:55Z</time><extensions><gpxtpx:TrackPointExtension><gpxtpx:hr>101</gpxtpx:hr></gpxtpx:TrackPointExtension></extensions></trkpt><trkpt lat="57.995135" lon="38.87777"><ele>121.0</ele><time>2021-10-10T11:07:56Z</time><extensions><gpxtpx:TrackPointExtension><gpxtpx:hr>101</gpxtpx:hr></gpxtpx:TrackPointExtension></extensions></trkpt><trkpt lat="57.995125" lon="38.8778"><ele>121.0</ele><time>2021-10-10T11:07:57Z</time><extensions><gpxtpx:TrackPointExtension><gpxtpx:hr>101</gpxtpx:hr></gpxtpx:TrackPointExtension></extensions></trkpt><trkpt lat="57.995112" lon="38.877827"><ele>121.0</ele><time>2021-10-10T11:07:58Z</time><extensions><gpxtpx:TrackPointExtension><gpxtpx:hr>101</gpxtpx:hr></gpxtpx:TrackPointExtension></extensions></trkpt><trkpt lat="57.995102" lon="38.877852"><ele>121.0</ele><time>2021-10-10T11:07:59Z</time><extensions><gpxtpx:TrackPointExtension><gpxtpx:hr>101</gpxtpx:hr></gpxtpx:TrackPointExtension></extensions></trkpt><trkpt lat="57.99509" lon="38.877875"><ele>121.0</ele><time>2021-10-10T11:08:00Z</time><extensions><gpxtpx:TrackPointExtension><gpxtpx:hr>101</gpxtpx:hr></gpxtpx:TrackPointExtension></extensions></trkpt><trkpt lat="57.99508" lon="38.877895"><ele>121.0</ele><time>2021-10-10T11:08:01Z</time><extensions><gpxtpx:TrackPointExtension><gpxtpx:hr>101</gpxtpx:hr></gpxtpx:TrackPointExtension></extensions></trkpt><trkpt lat="57.995067" lon="38.87791"><ele>121.0</ele><time>2021-10-10T11:08:02Z</time><extensions><gpxtpx:TrackPointExtension><gpxtpx:hr>101</gpxtpx:hr></gpxtpx:TrackPointExtension></extensions></trkpt><trkpt lat="57.995055" lon="38.877922"><ele>121.0</ele><time>2021-10-10T11:08:03Z</time><extensions><gpxtpx:TrackPointExtension><gpxtpx:hr>101</gpxtpx:hr></gpxtpx:TrackPointExtension></extensions></trkpt><trkpt lat="57.99505" lon="38.877937"><ele>121.0</ele><time>2021-10-10T11:08:04Z</time><extensions><gpxtpx:TrackPointExtension><gpxtpx:hr>101</gpxtpx:hr></gpxtpx:TrackPointExtension></extensions></trkpt><trkpt lat="57.99504" lon="38.877955"><ele>121.0</ele><time>2021-10-10T11:08:05Z</time><extensions><gpxtpx:TrackPointExtension><gpxtpx:hr>101</gpxtpx:hr></gpxtpx:TrackPointExtension></extensions></trkpt><trkpt lat="57.99504" lon="38.877982"><ele>121.0</ele><time>2021-10-10T11:08:06Z</time><extensions><gpxtpx:TrackPointExtension><gpxtpx:hr>101</gpxtpx:hr></gpxtpx:TrackPointExtension></extensions></trkpt><trkpt lat="57.99504" lon="38.87801"><ele>121.0</ele><time>2021-10-10T11:08:08Z</time><extensions><gpxtpx:TrackPointExtension><gpxtpx:hr>101</gpxtpx:hr></gpxtpx:TrackPointExtension></extensions></trkpt><trkpt lat="57.99504" lon="38.878035"><ele>121.0</ele><time>2021-10-10T11:08:08Z</time><extensions><gpxtpx:TrackPointExtension><gpxtpx:hr>101</gpxtpx:hr></gpxtpx:TrackPointExtension></extensions></trkpt><trkpt lat="57.995045" lon="38.87807"><ele>121.0</ele><time>2021-10-10T11:08:09Z</time><extensions><gpxtpx:TrackPointExtension><gpxtpx:hr>101</gpxtpx:hr></gpxtpx:TrackPointExtension></extensions></trkpt><trkpt lat="57.99504" lon="38.878112"><ele>121.0</ele><time>2021-10-10T11:08:10Z</time><extensions><gpxtpx:TrackPointExtension><gpxtpx:hr>101</gpxtpx:hr></gpxtpx:TrackPointExtension></extensions></trkpt><trkpt lat="57.995037" lon="38.878162"><ele>121.0</ele><time>2021-10-10T11:08:11Z</time><extensions><gpxtpx:TrackPointExtension><gpxtpx:hr>101</gpxtpx:hr></gpxtpx:TrackPointExtension></extensions></trkpt><trkpt lat="57.995032" lon="38.878215"><ele>121.0</ele><time>2021-10-10T11:08:12Z</time><extensions><gpxtpx:TrackPointExtension><gpxtpx:hr>101</gpxtpx:hr></gpxtpx:TrackPointExtension></extensions></trkpt><trkpt lat="57.99503" lon="38.87827"><ele>121.0</ele><time>2021-10-10T11:08:13Z</time><extensions><gpxtpx:TrackPointExtension><gpxtpx:hr>101</gpxtpx:hr></gpxtpx:TrackPointExtension></extensions></trkpt><trkpt lat="57.995025" lon="38.87832"><ele>121.0</ele><time>2021-10-10T11:08:14Z</time><extensions><gpxtpx:TrackPointExtension><gpxtpx:hr>101</gpxtpx:hr></gpxtpx:TrackPointExtension></extensions></trkpt><trkpt lat="57.99502" lon="38.878375"><ele>121.0</ele><time>2021-10-10T11:08:15Z</time><extensions><gpxtpx:TrackPointExtension><gpxtpx:hr>101</gpxtpx:hr></gpxtpx:TrackPointExtension></extensions></trkpt><trkpt lat="57.995017" lon="38.87842"><ele>121.0</ele><time>2021-10-10T11:08:16Z</time><extensions><gpxtpx:TrackPointExtension><gpxtpx:hr>101</gpxtpx:hr></gpxtpx:TrackPointExtension></extensions></trkpt><trkpt lat="57.995013" lon="38.87847"><ele>121.0</ele><time>2021-10-10T11:08:17Z</time><extensions><gpxtpx:TrackPointExtension><gpxtpx:hr>101</gpxtpx:hr></gpxtpx:TrackPointExtension></extensions></trkpt><trkpt lat="57.99501" lon="38.87852"><ele>121.0</ele><time>2021-10-10T11:08:18Z</time><extensions><gpxtpx:TrackPointExtension><gpxtpx:hr>101</gpxtpx:hr></gpxtpx:TrackPointExtension></extensions></trkpt><trkpt lat="57.995" lon="38.878567"><ele>121.0</ele><time>2021-10-10T11:08:19Z</time><extensions><gpxtpx:TrackPointExtension><gpxtpx:hr>101</gpxtpx:hr></gpxtpx:TrackPointExtension></extensions></trkpt><trkpt lat="57.994987" lon="38.878615"><ele>121.0</ele><time>2021-10-10T11:08:20Z</time><extensions><gpxtpx:TrackPointExtension><gpxtpx:hr>101</gpxtpx:hr></gpxtpx:TrackPointExtension></extensions></trkpt><trkpt lat="57.994978" lon="38.878662"><ele>121.0</ele><time>2021-10-10T11:08:21Z</time><extensions><gpxtpx:TrackPointExtension><gpxtpx:hr>101</gpxtpx:hr></gpxtpx:TrackPointExtension></extensions></trkpt><trkpt lat="57.994975" lon="38.87871"><ele>121.0</ele><time>2021-10-10T11:08:22Z</time><extensions><gpxtpx:TrackPointExtension><gpxtpx:hr>101</gpxtpx:hr></gpxtpx:TrackPointExtension></extensions></trkpt><trkpt lat="57.994972" lon="38.87876"><ele>121.0</ele><time>2021-10-10T11:08:23Z</time><extensions><gpxtpx:TrackPointExtension><gpxtpx:hr>101</gpxtpx:hr></gpxtpx:TrackPointExtension></extensions></trkpt><trkpt lat="57.994972" lon="38.87881"><ele>121.0</ele><time>2021-10-10T11:08:24Z</time><extensions><gpxtpx:TrackPointExtension><gpxtpx:hr>101</gpxtpx:hr></gpxtpx:TrackPointExtension></extensions></trkpt><trkpt lat="57.994972" lon="38.87886"><ele>121.0</ele><time>2021-10-10T11:08:25Z</time><extensions><gpxtpx:TrackPointExtension><gpxtpx:hr>101</gpxtpx:hr></gpxtpx:TrackPointExtension></extensions></trkpt><trkpt lat="57.99497" lon="38.878913"><ele>121.0</ele><time>2021-10-10T11:08:26Z</time><extensions><gpxtpx:TrackPointExtension><gpxtpx:hr>101</gpxtpx:hr></gpxtpx:TrackPointExtension></extensions></trkpt><trkpt lat="57.994965" lon="38.878962"><ele>121.0</ele><time>2021-10-10T11:08:27Z</time><extensions><gpxtpx:TrackPointExtension><gpxtpx:hr>101</gpxtpx:hr></gpxtpx:TrackPointExtension></extensions></trkpt><trkpt lat="57.99496" lon="38.879012"><ele>121.0</ele><time>2021-10-10T11:08:28Z</time><extensions><gpxtpx:TrackPointExtension><gpxtpx:hr>101</gpxtpx:hr></gpxtpx:TrackPointExtension></extensions></trkpt><trkpt lat="57.994957" lon="38.879062"><ele>121.0</ele><time>2021-10-10T11:08:29Z</time><extensions><gpxtpx:TrackPointExtension><gpxtpx:hr>101</gpxtpx:hr></gpxtpx:TrackPointExtension></extensions></trkpt><trkpt lat="57.99495" lon="38.879115"><ele>121.0</ele><time>2021-10-10T11:08:30Z</time><extensions><gpxtpx:TrackPointExtension><gpxtpx:hr>101</gpxtpx:hr></gpxtpx:TrackPointExtension></extensions></trkpt><trkpt lat="57.994945" lon="38.87916"><ele>121.0</ele><time>2021-10-10T11:08:31Z</time><extensions><gpxtpx:TrackPointExtension><gpxtpx:hr>101</gpxtpx:hr></gpxtpx:TrackPointExtension></extensions></trkpt><trkpt lat="57.994937" lon="38.87921"><ele>121.0</ele><time>2021-10-10T11:08:32Z</time><extensions><gpxtpx:TrackPointExtension><gpxtpx:hr>101</gpxtpx:hr></gpxtpx:TrackPointExtension></extensions></trkpt><trkpt lat="57.99493" lon="38.87926"><ele>121.0</ele><time>2021-10-10T11:08:33Z</time><extensions><gpxtpx:TrackPointExtension><gpxtpx:hr>101</gpxtpx:hr></gpxtpx:TrackPointExtension></extensions></trkpt><trkpt lat="57.99492" lon="38.879307"><ele>121.0</ele><time>2021-10-10T11:08:34Z</time><extensions><gpxtpx:TrackPointExtension><gpxtpx:hr>101</gpxtpx:hr></gpxtpx:TrackPointExtension></extensions></trkpt><trkpt lat="57.994908" lon="38.879352"><ele>121.0</ele><time>2021-10-10T11:08:35Z</time><extensions><gpxtpx:TrackPointExtension><gpxtpx:hr>101</gpxtpx:hr></gpxtpx:TrackPointExtension></extensions></trkpt><trkpt lat="57.994908" lon="38.8794"><ele>121.0</ele><time>2021-10-10T11:08:36Z</time><extensions><gpxtpx:TrackPointExtension><gpxtpx:hr>101</gpxtpx:hr></gpxtpx:TrackPointExtension></extensions></trkpt><trkpt lat="57.994908" lon="38.879443"><ele>121.0</ele><time>2021-10-10T11:08:37Z</time><extensions><gpxtpx:TrackPointExtension><gpxtpx:hr>101</gpxtpx:hr></gpxtpx:TrackPointExtension></extensions></trkpt><trkpt lat="57.994908" lon="38.879493"><ele>121.0</ele><time>2021-10-10T11:08:38Z</time><extensions><gpxtpx:TrackPointExtension><gpxtpx:hr>101</gpxtpx:hr></gpxtpx:TrackPointExtension></extensions></trkpt><trkpt lat="57.994908" lon="38.879542"><ele>121.0</ele><time>2021-10-10T11:08:39Z</time><extensions><gpxtpx:TrackPointExtension><gpxtpx:hr>101</gpxtpx:hr></gpxtpx:TrackPointExtension></extensions></trkpt><trkpt lat="57.994907" lon="38.87959"><ele>121.0</ele><time>2021-10-10T11:08:40Z</time><extensions><gpxtpx:TrackPointExtension><gpxtpx:hr>101</gpxtpx:hr></gpxtpx:TrackPointExtension></extensions></trkpt><trkpt lat="57.9949" lon="38.879635"><ele>121.0</ele><time>2021-10-10T11:08:41Z</time><extensions><gpxtpx:TrackPointExtension><gpxtpx:hr>101</gpxtpx:hr></gpxtpx:TrackPointExtension></extensions></trkpt><trkpt lat="57.994892" lon="38.87968"><ele>121.0</ele><time>2021-10-10T11:08:42Z</time><extensions><gpxtpx:TrackPointExtension><gpxtpx:hr>101</gpxtpx:hr></gpxtpx:TrackPointExtension></extensions></trkpt><trkpt lat="57.99489" lon="38.879725"><ele>121.0</ele><time>2021-10-10T11:08:43Z</time><extensions><gpxtpx:TrackPointExtension><gpxtpx:hr>101</gpxtpx:hr></gpxtpx:TrackPointExtension></extensions></trkpt><trkpt lat="57.99488" lon="38.87977"><ele>121.0</ele><time>2021-10-10T11:08:44Z</time><extensions><gpxtpx:TrackPointExtension><gpxtpx:hr>101</gpxtpx:hr></gpxtpx:TrackPointExtension></extensions></trkpt><trkpt lat="57.994872" lon="38.879802"><ele>121.0</ele><time>2021-10-10T11:08:45Z</time><extensions><gpxtpx:TrackPointExtension><gpxtpx:hr>101</gpxtpx:hr></gpxtpx:TrackPointExtension></extensions></trkpt><trkpt lat="57.99486" lon="38.87983"><ele>121.0</ele><time>2021-10-10T11:08:46Z</time><extensions><gpxtpx:TrackPointExtension><gpxtpx:hr>101</gpxtpx:hr></gpxtpx:TrackPointExtension></extensions></trkpt><trkpt lat="57.994845" lon="38.879852"><ele>121.0</ele><time>2021-10-10T11:08:47Z</time><extensions><gpxtpx:TrackPointExtension><gpxtpx:hr>101</gpxtpx:hr></gpxtpx:TrackPointExtension></extensions></trkpt><trkpt lat="57.994827" lon="38.879873"><ele>121.0</ele><time>2021-10-10T11:08:48Z</time><extensions><gpxtpx:TrackPointExtension><gpxtpx:hr>101</gpxtpx:hr></gpxtpx:TrackPointExtension></extensions></trkpt><trkpt lat="57.99481" lon="38.879893"><ele>121.0</ele><time>2021-10-10T11:08:49Z</time><extensions><gpxtpx:TrackPointExtension><gpxtpx:hr>101</gpxtpx:hr></gpxtpx:TrackPointExtension></extensions></trkpt><trkpt lat="57.994785" lon="38.87991"><ele>121.0</ele><time>2021-10-10T11:08:50Z</time><extensions><gpxtpx:TrackPointExtension><gpxtpx:hr>101</gpxtpx:hr></gpxtpx:TrackPointExtension></extensions></trkpt><trkpt lat="57.99476" lon="38.87992"><ele>121.0</ele><time>2021-10-10T11:08:51Z</time><extensions><gpxtpx:TrackPointExtension><gpxtpx:hr>101</gpxtpx:hr></gpxtpx:TrackPointExtension></extensions></trkpt><trkpt lat="57.99473" lon="38.879935"><ele>121.0</ele><time>2021-10-10T11:08:52Z</time><extensions><gpxtpx:TrackPointExtension><gpxtpx:hr>101</gpxtpx:hr></gpxtpx:TrackPointExtension></extensions></trkpt><trkpt lat="57.994705" lon="38.879943"><ele>121.0</ele><time>2021-10-10T11:08:53Z</time><extensions><gpxtpx:TrackPointExtension><gpxtpx:hr>101</gpxtpx:hr></gpxtpx:TrackPointExtension></extensions></trkpt><trkpt lat="57.994675" lon="38.879947"><ele>121.0</ele><time>2021-10-10T11:08:54Z</time><extensions><gpxtpx:TrackPointExtension><gpxtpx:hr>101</gpxtpx:hr></gpxtpx:TrackPointExtension></extensions></trkpt><trkpt lat="57.994643" lon="38.879947"><ele>121.0</ele><time>2021-10-10T11:08:55Z</time><extensions><gpxtpx:TrackPointExtension><gpxtpx:hr>101</gpxtpx:hr></gpxtpx:TrackPointExtension></extensions></trkpt><trkpt lat="57.994617" lon="38.879947"><ele>121.0</ele><time>2021-10-10T11:08:56Z</time><extensions><gpxtpx:TrackPointExtension><gpxtpx:hr>101</gpxtpx:hr></gpxtpx:TrackPointExtension></extensions></trkpt><trkpt lat="57.99459" lon="38.879943"><ele>121.0</ele><time>2021-10-10T11:08:57Z</time><extensions><gpxtpx:TrackPointExtension><gpxtpx:hr>101</gpxtpx:hr></gpxtpx:TrackPointExtension></extensions></trkpt><trkpt lat="57.994563" lon="38.879943"><ele>121.0</ele><time>2021-10-10T11:08:58Z</time><extensions><gpxtpx:TrackPointExtension><gpxtpx:hr>101</gpxtpx:hr></gpxtpx:TrackPointExtension></extensions></trkpt><trkpt lat="57.994533" lon="38.879947"><ele>121.0</ele><time>2021-10-10T11:08:59Z</time><extensions><gpxtpx:TrackPointExtension><gpxtpx:hr>101</gpxtpx:hr></gpxtpx:TrackPointExtension></extensions></trkpt><trkpt lat="57.994502" lon="38.87995"><ele>121.0</ele><time>2021-10-10T11:09:00Z</time><extensions><gpxtpx:TrackPointExtension><gpxtpx:hr>101</gpxtpx:hr></gpxtpx:TrackPointExtension></extensions></trkpt><trkpt lat="57.994472" lon="38.879955"><ele>121.0</ele><time>2021-10-10T11:09:01Z</time><extensions><gpxtpx:TrackPointExtension><gpxtpx:hr>101</gpxtpx:hr></gpxtpx:TrackPointExtension></extensions></trkpt><trkpt lat="57.994442" lon="38.879958"><ele>121.0</ele><time>2021-10-10T11:09:02Z</time><extensions><gpxtpx:TrackPointExtension><gpxtpx:hr>101</gpxtpx:hr></gpxtpx:TrackPointExtension></extensions></trkpt><trkpt lat="57.99441" lon="38.879962"><ele>121.0</ele><time>2021-10-10T11:09:03Z</time><extensions><gpxtpx:TrackPointExtension><gpxtpx:hr>101</gpxtpx:hr></gpxtpx:TrackPointExtension></extensions></trkpt><trkpt lat="57.994385" lon="38.879958"><ele>121.0</ele><time>2021-10-10T11:09:04Z</time><extensions><gpxtpx:TrackPointExtension><gpxtpx:hr>101</gpxtpx:hr></gpxtpx:TrackPointExtension></extensions></trkpt><trkpt lat="57.99435" lon="38.87995"><ele>121.0</ele><time>2021-10-10T11:09:05Z</time><extensions><gpxtpx:TrackPointExtension><gpxtpx:hr>101</gpxtpx:hr></gpxtpx:TrackPointExtension></extensions></trkpt><trkpt lat="57.99432" lon="38.87994"><ele>121.0</ele><time>2021-10-10T11:09:06Z</time><extensions><gpxtpx:TrackPointExtension><gpxtpx:hr>101</gpxtpx:hr></gpxtpx:TrackPointExtension></extensions></trkpt><trkpt lat="57.994285" lon="38.87993"><ele>121.0</ele><time>2021-10-10T11:09:07Z</time><extensions><gpxtpx:TrackPointExtension><gpxtpx:hr>101</gpxtpx:hr></gpxtpx:TrackPointExtension></extensions></trkpt><trkpt lat="57.994247" lon="38.879917"><ele>121.0</ele><time>2021-10-10T11:09:08Z</time><extensions><gpxtpx:TrackPointExtension><gpxtpx:hr>101</gpxtpx:hr></gpxtpx:TrackPointExtension></extensions></trkpt><trkpt lat="57.994212" lon="38.879905"><ele>121.0</ele><time>2021-10-10T11:09:09Z</time><extensions><gpxtpx:TrackPointExtension><gpxtpx:hr>101</gpxtpx:hr></gpxtpx:TrackPointExtension></extensions></trkpt><trkpt lat="57.994182" lon="38.879897"><ele>121.0</ele><time>2021-10-10T11:09:10Z</time><extensions><gpxtpx:TrackPointExtension><gpxtpx:hr>101</gpxtpx:hr></gpxtpx:TrackPointExtension></extensions></trkpt><trkpt lat="57.994152" lon="38.879887"><ele>121.0</ele><time>2021-10-10T11:09:11Z</time><extensions><gpxtpx:TrackPointExtension><gpxtpx:hr>101</gpxtpx:hr></gpxtpx:TrackPointExtension></extensions></trkpt><trkpt lat="57.994117" lon="38.87988"><ele>121.0</ele><time>2021-10-10T11:09:12Z</time><extensions><gpxtpx:TrackPointExtension><gpxtpx:hr>101</gpxtpx:hr></gpxtpx:TrackPointExtension></extensions></trkpt><trkpt lat="57.99409" lon="38.879873"><ele>121.0</ele><time>2021-10-10T11:09:13Z</time><extensions><gpxtpx:TrackPointExtension><gpxtpx:hr>101</gpxtpx:hr></gpxtpx:TrackPointExtension></extensions></trkpt><trkpt lat="57.99406" lon="38.87988"><ele>121.0</ele><time>2021-10-10T11:09:14Z</time><extensions><gpxtpx:TrackPointExtension><gpxtpx:hr>101</gpxtpx:hr></gpxtpx:TrackPointExtension></extensions></trkpt><trkpt lat="57.994037" lon="38.87989"><ele>121.0</ele><time>2021-10-10T11:09:15Z</time><extensions><gpxtpx:TrackPointExtension><gpxtpx:hr>101</gpxtpx:hr></gpxtpx:TrackPointExtension></extensions></trkpt><trkpt lat="57.99401" lon="38.879905"><ele>121.0</ele><time>2021-10-10T11:09:16Z</time><extensions><gpxtpx:TrackPointExtension><gpxtpx:hr>101</gpxtpx:hr></gpxtpx:TrackPointExtension></extensions></trkpt><trkpt lat="57.993983" lon="38.879917"><ele>121.0</ele><time>2021-10-10T11:09:17Z</time><extensions><gpxtpx:TrackPointExtension><gpxtpx:hr>101</gpxtpx:hr></gpxtpx:TrackPointExtension></extensions></trkpt><trkpt lat="57.993957" lon="38.879925"><ele>121.0</ele><time>2021-10-10T11:09:18Z</time><extensions><gpxtpx:TrackPointExtension><gpxtpx:hr>101</gpxtpx:hr></gpxtpx:TrackPointExtension></extensions></trkpt><trkpt lat="57.99393" lon="38.879925"><ele>121.0</ele><time>2021-10-10T11:09:19Z</time><extensions><gpxtpx:TrackPointExtension><gpxtpx:hr>101</gpxtpx:hr></gpxtpx:TrackPointExtension></extensions></trkpt><trkpt lat="57.9939" lon="38.879925"><ele>121.0</ele><time>2021-10-10T11:09:20Z</time><extensions><gpxtpx:TrackPointExtension><gpxtpx:hr>101</gpxtpx:hr></gpxtpx:TrackPointExtension></extensions></trkpt><trkpt lat="57.99387" lon="38.87993"><ele>121.0</ele><time>2021-10-10T11:09:21Z</time><extensions><gpxtpx:TrackPointExtension><gpxtpx:hr>101</gpxtpx:hr></gpxtpx:TrackPointExtension></extensions></trkpt><trkpt lat="57.993847" lon="38.879935"><ele>121.0</ele><time>2021-10-10T11:09:22Z</time><extensions><gpxtpx:TrackPointExtension><gpxtpx:hr>101</gpxtpx:hr></gpxtpx:TrackPointExtension></extensions></trkpt><trkpt lat="57.993827" lon="38.879955"><ele>121.0</ele><time>2021-10-10T11:09:23Z</time><extensions><gpxtpx:TrackPointExtension><gpxtpx:hr>101</gpxtpx:hr></gpxtpx:TrackPointExtension></extensions></trkpt><trkpt lat="57.993815" lon="38.879973"><ele>121.0</ele><time>2021-10-10T11:09:24Z</time><extensions><gpxtpx:TrackPointExtension><gpxtpx:hr>101</gpxtpx:hr></gpxtpx:TrackPointExtension></extensions></trkpt><trkpt lat="57.993805" lon="38.87999"><ele>121.0</ele><time>2021-10-10T11:09:25Z</time><extensions><gpxtpx:TrackPointExtension><gpxtpx:hr>101</gpxtpx:hr></gpxtpx:TrackPointExtension></extensions></trkpt><trkpt lat="57.99379" lon="38.87999"><ele>121.0</ele><time>2021-10-10T11:09:26Z</time><extensions><gpxtpx:TrackPointExtension><gpxtpx:hr>101</gpxtpx:hr></gpxtpx:TrackPointExtension></extensions></trkpt><trkpt lat="57.99378" lon="38.879973"><ele>121.0</ele><time>2021-10-10T11:09:27Z</time><extensions><gpxtpx:TrackPointExtension><gpxtpx:hr>101</gpxtpx:hr></gpxtpx:TrackPointExtension></extensions></trkpt><trkpt lat="57.993767" lon="38.879943"><ele>121.0</ele><time>2021-10-10T11:09:28Z</time><extensions><gpxtpx:TrackPointExtension><gpxtpx:hr>101</gpxtpx:hr></gpxtpx:TrackPointExtension></extensions></trkpt><trkpt lat="57.993755" lon="38.879905"><ele>121.0</ele><time>2021-10-10T11:09:29Z</time><extensions><gpxtpx:TrackPointExtension><gpxtpx:hr>101</gpxtpx:hr></gpxtpx:TrackPointExtension></extensions></trkpt><trkpt lat="57.993735" lon="38.879863"><ele>121.0</ele><time>2021-10-10T11:09:30Z</time><extensions><gpxtpx:TrackPointExtension><gpxtpx:hr>101</gpxtpx:hr></gpxtpx:TrackPointExtension></extensions></trkpt><trkpt lat="57.99372" lon="38.87982"><ele>121.0</ele><time>2021-10-10T11:09:31Z</time><extensions><gpxtpx:TrackPointExtension><gpxtpx:hr>101</gpxtpx:hr></gpxtpx:TrackPointExtension></extensions></trkpt><trkpt lat="57.993705" lon="38.879772"><ele>121.0</ele><time>2021-10-10T11:09:32Z</time><extensions><gpxtpx:TrackPointExtension><gpxtpx:hr>101</gpxtpx:hr></gpxtpx:TrackPointExtension></extensions></trkpt><trkpt lat="57.993687" lon="38.879722"><ele>121.0</ele><time>2021-10-10T11:09:33Z</time><extensions><gpxtpx:TrackPointExtension><gpxtpx:hr>101</gpxtpx:hr></gpxtpx:TrackPointExtension></extensions></trkpt><trkpt lat="57.993667" lon="38.87967"><ele>121.0</ele><time>2021-10-10T11:09:34Z</time><extensions><gpxtpx:TrackPointExtension><gpxtpx:hr>101</gpxtpx:hr></gpxtpx:TrackPointExtension></extensions></trkpt><trkpt lat="57.993645" lon="38.87962"><ele>121.0</ele><time>2021-10-10T11:09:35Z</time><extensions><gpxtpx:TrackPointExtension><gpxtpx:hr>101</gpxtpx:hr></gpxtpx:TrackPointExtension></extensions></trkpt><trkpt lat="57.993625" lon="38.879565"><ele>121.0</ele><time>2021-10-10T11:09:36Z</time><extensions><gpxtpx:TrackPointExtension><gpxtpx:hr>101</gpxtpx:hr></gpxtpx:TrackPointExtension></extensions></trkpt><trkpt lat="57.993602" lon="38.879512"><ele>121.0</ele><time>2021-10-10T11:09:37Z</time><extensions><gpxtpx:TrackPointExtension><gpxtpx:hr>101</gpxtpx:hr></gpxtpx:TrackPointExtension></extensions></trkpt><trkpt lat="57.99358" lon="38.879462"><ele>121.0</ele><time>2021-10-10T11:09:38Z</time><extensions><gpxtpx:TrackPointExtension><gpxtpx:hr>101</gpxtpx:hr></gpxtpx:TrackPointExtension></extensions></trkpt><trkpt lat="57.993557" lon="38.87941"><ele>121.0</ele><time>2021-10-10T11:09:39Z</time><extensions><gpxtpx:TrackPointExtension><gpxtpx:hr>101</gpxtpx:hr></gpxtpx:TrackPointExtension></extensions></trkpt><trkpt lat="57.993533" lon="38.879355"><ele>121.0</ele><time>2021-10-10T11:09:40Z</time><extensions><gpxtpx:TrackPointExtension><gpxtpx:hr>101</gpxtpx:hr></gpxtpx:TrackPointExtension></extensions></trkpt><trkpt lat="57.99351" lon="38.879307"><ele>121.0</ele><time>2021-10-10T11:09:41Z</time><extensions><gpxtpx:TrackPointExtension><gpxtpx:hr>101</gpxtpx:hr></gpxtpx:TrackPointExtension></extensions></trkpt><trkpt lat="57.99349" lon="38.87926"><ele>121.0</ele><time>2021-10-10T11:09:42Z</time><extensions><gpxtpx:TrackPointExtension><gpxtpx:hr>101</gpxtpx:hr></gpxtpx:TrackPointExtension></extensions></trkpt><trkpt lat="57.99346" lon="38.87921"><ele>121.0</ele><time>2021-10-10T11:09:43Z</time><extensions><gpxtpx:TrackPointExtension><gpxtpx:hr>101</gpxtpx:hr></gpxtpx:TrackPointExtension></extensions></trkpt><trkpt lat="57.993442" lon="38.87916"><ele>121.0</ele><time>2021-10-10T11:09:44Z</time><extensions><gpxtpx:TrackPointExtension><gpxtpx:hr>101</gpxtpx:hr></gpxtpx:TrackPointExtension></extensions></trkpt><trkpt lat="57.99342" lon="38.87912"><ele>121.0</ele><time>2021-10-10T11:09:45Z</time><extensions><gpxtpx:TrackPointExtension><gpxtpx:hr>101</gpxtpx:hr></gpxtpx:TrackPointExtension></extensions></trkpt><trkpt lat="57.993397" lon="38.879077"><ele>121.0</ele><time>2021-10-10T11:09:46Z</time><extensions><gpxtpx:TrackPointExtension><gpxtpx:hr>101</gpxtpx:hr></gpxtpx:TrackPointExtension></extensions></trkpt><trkpt lat="57.993377" lon="38.879043"><ele>121.0</ele><time>2021-10-10T11:09:47Z</time><extensions><gpxtpx:TrackPointExtension><gpxtpx:hr>101</gpxtpx:hr></gpxtpx:TrackPointExtension></extensions></trkpt><trkpt lat="57.993365" lon="38.879017"><ele>121.0</ele><time>2021-10-10T11:09:48Z</time><extensions><gpxtpx:TrackPointExtension><gpxtpx:hr>101</gpxtpx:hr></gpxtpx:TrackPointExtension></extensions></trkpt><trkpt lat="57.993355" lon="38.878997"><ele>121.0</ele><time>2021-10-10T11:09:49Z</time><extensions><gpxtpx:TrackPointExtension><gpxtpx:hr>101</gpxtpx:hr></gpxtpx:TrackPointExtension></extensions></trkpt><trkpt lat="57.993347" lon="38.87899"><ele>121.0</ele><time>2021-10-10T11:09:50Z</time><extensions><gpxtpx:TrackPointExtension><gpxtpx:hr>101</gpxtpx:hr></gpxtpx:TrackPointExtension></extensions></trkpt><trkpt lat="57.993342" lon="38.878985"><ele>121.0</ele><time>2021-10-10T11:09:51Z</time><extensions><gpxtpx:TrackPointExtension><gpxtpx:hr>101</gpxtpx:hr></gpxtpx:TrackPointExtension></extensions></trkpt><trkpt lat="57.99334" lon="38.878985"><ele>121.0</ele><time>2021-10-10T11:09:52Z</time><extensions><gpxtpx:TrackPointExtension><gpxtpx:hr>101</gpxtpx:hr></gpxtpx:TrackPointExtension></extensions></trkpt><trkpt lat="57.993332" lon="38.878982"><ele>121.0</ele><time>2021-10-10T11:09:54Z</time><extensions><gpxtpx:TrackPointExtension><gpxtpx:hr>101</gpxtpx:hr></gpxtpx:TrackPointExtension></extensions></trkpt><trkpt lat="57.99333" lon="38.87899"><ele>121.0</ele><time>2021-10-10T11:10:04Z</time><extensions><gpxtpx:TrackPointExtension><gpxtpx:hr>101</gpxtpx:hr></gpxtpx:TrackPointExtension></extensions></trkpt><trkpt lat="57.993323" lon="38.878993"><ele>121.0</ele><time>2021-10-10T11:10:19Z</time><extensions><gpxtpx:TrackPointExtension><gpxtpx:hr>101</gpxtpx:hr></gpxtpx:TrackPointExtension></extensions></trkpt></trkseg></trk></gpx>