<?xml version="1.0" encoding="UTF-8" standalone="no"?><gpx xmlns="http://www.topografix.com/GPX/1/1" xmlns:gpxtpx="http://www.garmin.com/xmlschemas/TrackPointExtension/v1" xmlns:xsi="http://www.w3.org/2001/XMLSchema-instance" creator="Sports Tracker" version="1.1" xsi:schemaLocation="http://www.topografix.com/GPX/1/1 http://www.topografix.com/GPX/1/1/gpx.xsd http://www.garmin.com/xmlschemas/TrackPointExtension/v1 http://www.garmin.com/xmlschemas/TrackPointExtensionv1.xsd"><metadata><name>05.02.2025 19:48</name><desc/><author><name>Александр</name></author></metadata><trk><name>05.02.2025 19:48</name><trkseg><trkpt lat="58.035985" lon="39.113415"><ele>105.7</ele><time>2025-02-05T16:48:32Z</time></trkpt><trkpt lat="58.03597" lon="39.11349"><ele>102.5</ele><time>2025-02-05T16:48:33Z</time></trkpt><trkpt lat="58.035947" lon="39.113645"><ele>98.6</ele><time>2025-02-05T16:48:37Z</time></trkpt><trkpt lat="58.035902" lon="39.113772"><ele>98.9</ele><time>2025-02-05T16:48:40Z</time></trkpt><trkpt lat="58.035855" lon="39.1139"><ele>98.8</ele><time>2025-02-05T16:48:43Z</time></trkpt><trkpt lat="58.035815" lon="39.11404"><ele>98.8</ele><time>2025-02-05T16:48:46Z</time></trkpt><trkpt lat="58.03576" lon="39.11417"><ele>98.9</ele><time>2025-02-05T16:48:49Z</time></trkpt><trkpt lat="58.03571" lon="39.114313"><ele>99.2</ele><time>2025-02-05T16:48:52Z</time></trkpt><trkpt lat="58.035653" lon="39.11444"><ele>99.5</ele><time>2025-02-05T16:48:55Z</time></trkpt><trkpt lat="58.035583" lon="39.11456"><ele>99.5</ele><time>2025-02-05T16:48:58Z</time></trkpt><trkpt lat="58.03552" lon="39.114665"><ele>99.6</ele><time>2025-02-05T16:49:01Z</time></trkpt><trkpt lat="58.035465" lon="39.114763"><ele>99.6</ele><time>2025-02-05T16:49:04Z</time></trkpt><trkpt lat="58.035395" lon="39.1149"><ele>100.5</ele><time>2025-02-05T16:49:08Z</time></trkpt><trkpt lat="58.035342" lon="39.115015"><ele>100.6</ele><time>2025-02-05T16:49:11Z</time></trkpt><trkpt lat="58.035285" lon="39.11514"><ele>101.0</ele><time>2025-02-05T16:49:14Z</time></trkpt><trkpt lat="58.035225" lon="39.11525"><ele>101.5</ele><time>2025-02-05T16:49:17Z</time></trkpt><trkpt lat="58.035175" lon="39.115355"><ele>101.7</ele><time>2025-02-05T16:49:20Z</time></trkpt><trkpt lat="58.035125" lon="39.11546"><ele>102.8</ele><time>2025-02-05T16:49:23Z</time></trkpt><trkpt lat="58.03507" lon="39.11557"><ele>103.2</ele><time>2025-02-05T16:49:26Z</time></trkpt><trkpt lat="58.035015" lon="39.115667"><ele>103.6</ele><time>2025-02-05T16:49:29Z</time></trkpt><trkpt lat="58.03497" lon="39.11578"><ele>103.4</ele><time>2025-02-05T16:49:32Z</time></trkpt><trkpt lat="58.034902" lon="39.115925"><ele>103.0</ele><time>2025-02-05T16:49:35Z</time></trkpt><trkpt lat="58.034842" lon="39.116055"><ele>103.6</ele><time>2025-02-05T16:49:38Z</time></trkpt><trkpt lat="58.03478" lon="39.11618"><ele>104.8</ele><time>2025-02-05T16:49:41Z</time></trkpt><trkpt lat="58.034712" lon="39.11631"><ele>105.1</ele><time>2025-02-05T16:49:44Z</time></trkpt><trkpt lat="58.03463" lon="39.116415"><ele>105.4</ele><time>2025-02-05T16:49:47Z</time></trkpt><trkpt lat="58.03455" lon="39.116465"><ele>104.1</ele><time>2025-02-05T16:49:50Z</time></trkpt><trkpt lat="58.03446" lon="39.116485"><ele>104.1</ele><time>2025-02-05T16:49:53Z</time></trkpt><trkpt lat="58.034365" lon="39.116505"><ele>103.0</ele><time>2025-02-05T16:49:56Z</time></trkpt><trkpt lat="58.03427" lon="39.116515"><ele>102.8</ele><time>2025-02-05T16:49:59Z</time></trkpt><trkpt lat="58.03418" lon="39.116545"><ele>103.0</ele><time>2025-02-05T16:50:02Z</time></trkpt><trkpt lat="58.034097" lon="39.116592"><ele>103.1</ele><time>2025-02-05T16:50:05Z</time></trkpt><trkpt lat="58.03402" lon="39.116675"><ele>103.3</ele><time>2025-02-05T16:50:08Z</time></trkpt><trkpt lat="58.033942" lon="39.11679"><ele>103.0</ele><time>2025-02-05T16:50:11Z</time></trkpt><trkpt lat="58.03388" lon="39.11691"><ele>102.4</ele><time>2025-02-05T16:50:13Z</time></trkpt><trkpt lat="58.0338" lon="39.117057"><ele>100.4</ele><time>2025-02-05T16:50:15Z</time></trkpt><trkpt lat="58.033715" lon="39.117215"><ele>100.0</ele><time>2025-02-05T16:50:17Z</time></trkpt><trkpt lat="58.033625" lon="39.11736"><ele>100.3</ele><time>2025-02-05T16:50:19Z</time></trkpt><trkpt lat="58.033542" lon="39.117493"><ele>100.8</ele><time>2025-02-05T16:50:21Z</time></trkpt><trkpt lat="58.03348" lon="39.11761"><ele>101.3</ele><time>2025-02-05T16:50:23Z</time></trkpt><trkpt lat="58.033415" lon="39.117755"><ele>102.0</ele><time>2025-02-05T16:50:26Z</time></trkpt><trkpt lat="58.03336" lon="39.117915"><ele>102.5</ele><time>2025-02-05T16:50:29Z</time></trkpt><trkpt lat="58.03336" lon="39.118107"><ele>102.3</ele><time>2025-02-05T16:50:32Z</time></trkpt><trkpt lat="58.03341" lon="39.11823"><ele>102.9</ele><time>2025-02-05T16:50:34Z</time></trkpt><trkpt lat="58.033465" lon="39.118347"><ele>102.7</ele><time>2025-02-05T16:50:36Z</time></trkpt><trkpt lat="58.033525" lon="39.118482"><ele>102.5</ele><time>2025-02-05T16:50:38Z</time></trkpt><trkpt lat="58.03358" lon="39.118595"><ele>101.9</ele><time>2025-02-05T16:50:40Z</time></trkpt><trkpt lat="58.03367" lon="39.118695"><ele>101.9</ele><time>2025-02-05T16:50:43Z</time></trkpt><trkpt lat="58.033755" lon="39.118782"><ele>101.1</ele><time>2025-02-05T16:50:46Z</time></trkpt><trkpt lat="58.033835" lon="39.118845"><ele>101.3</ele><time>2025-02-05T16:50:49Z</time></trkpt><trkpt lat="58.033912" lon="39.118907"><ele>101.3</ele><time>2025-02-05T16:50:53Z</time></trkpt><trkpt lat="58.033988" lon="39.11891"><ele>102.3</ele><time>2025-02-05T16:50:57Z</time></trkpt><trkpt lat="58.034" lon="39.118803"><ele>102.6</ele><time>2025-02-05T16:51:04Z</time></trkpt><trkpt lat="58.033997" lon="39.118795"><ele>102.5</ele><time>2025-02-05T16:51:11Z</time></trkpt><trkpt lat="58.03405" lon="39.11889"><ele>100.2</ele><time>2025-02-05T16:52:00Z</time></trkpt><trkpt lat="58.0341" lon="39.11902"><ele>99.3</ele><time>2025-02-05T16:52:05Z</time></trkpt><trkpt lat="58.03416" lon="39.11912"><ele>97.5</ele><time>2025-02-05T16:52:09Z</time></trkpt><trkpt lat="58.03423" lon="39.119235"><ele>96.6</ele><time>2025-02-05T16:52:13Z</time></trkpt><trkpt lat="58.034295" lon="39.119315"><ele>94.6</ele><time>2025-02-05T16:52:15Z</time></trkpt><trkpt lat="58.034365" lon="39.119402"><ele>96.8</ele><time>2025-02-05T16:52:17Z</time></trkpt><trkpt lat="58.034425" lon="39.119485"><ele>97.4</ele><time>2025-02-05T16:52:19Z</time></trkpt><trkpt lat="58.03449" lon="39.119562"><ele>99.5</ele><time>2025-02-05T16:52:21Z</time></trkpt><trkpt lat="58.03458" lon="39.119645"><ele>101.4</ele><time>2025-02-05T16:52:24Z</time></trkpt><trkpt lat="58.034655" lon="39.119715"><ele>104.1</ele><time>2025-02-05T16:52:27Z</time></trkpt><trkpt lat="58.03473" lon="39.119815"><ele>106.0</ele><time>2025-02-05T16:52:30Z</time></trkpt><trkpt lat="58.03478" lon="39.11992"><ele>108.1</ele><time>2025-02-05T16:52:33Z</time></trkpt><trkpt lat="58.034767" lon="39.12008"><ele>109.2</ele><time>2025-02-05T16:52:38Z</time></trkpt><trkpt lat="58.034667" lon="39.120007"><ele>109.7</ele><time>2025-02-05T16:52:43Z</time></trkpt><trkpt lat="58.034575" lon="39.1199"><ele>109.3</ele><time>2025-02-05T16:52:45Z</time></trkpt><trkpt lat="58.03447" lon="39.119767"><ele>108.8</ele><time>2025-02-05T16:52:47Z</time></trkpt><trkpt lat="58.034365" lon="39.119632"><ele>107.2</ele><time>2025-02-05T16:52:49Z</time></trkpt><trkpt lat="58.03426" lon="39.11949"><ele>106.4</ele><time>2025-02-05T16:52:51Z</time></trkpt><trkpt lat="58.034157" lon="39.119365"><ele>105.8</ele><time>2025-02-05T16:52:53Z</time></trkpt><trkpt lat="58.034045" lon="39.119237"><ele>105.9</ele><time>2025-02-05T16:52:55Z</time></trkpt><trkpt lat="58.033945" lon="39.119115"><ele>106.1</ele><time>2025-02-05T16:52:57Z</time></trkpt><trkpt lat="58.033847" lon="39.119008"><ele>105.2</ele><time>2025-02-05T16:52:59Z</time></trkpt><trkpt lat="58.03375" lon="39.118885"><ele>105.8</ele><time>2025-02-05T16:53:01Z</time></trkpt><trkpt lat="58.033655" lon="39.118765"><ele>105.5</ele><time>2025-02-05T16:53:03Z</time></trkpt><trkpt lat="58.033575" lon="39.118645"><ele>105.9</ele><time>2025-02-05T16:53:05Z</time></trkpt><trkpt lat="58.03349" lon="39.11855"><ele>106.1</ele><time>2025-02-05T16:53:07Z</time></trkpt><trkpt lat="58.033407" lon="39.118495"><ele>105.7</ele><time>2025-02-05T16:53:09Z</time></trkpt><trkpt lat="58.03333" lon="39.118465"><ele>105.7</ele><time>2025-02-05T16:53:11Z</time></trkpt><trkpt lat="58.033247" lon="39.118475"><ele>105.8</ele><time>2025-02-05T16:53:13Z</time></trkpt><trkpt lat="58.03317" lon="39.11855"><ele>105.0</ele><time>2025-02-05T16:53:15Z</time></trkpt><trkpt lat="58.033135" lon="39.118702"><ele>105.0</ele><time>2025-02-05T16:53:18Z</time></trkpt><trkpt lat="58.033163" lon="39.11884"><ele>105.0</ele><time>2025-02-05T16:53:21Z</time></trkpt><trkpt lat="58.03324" lon="39.11891"><ele>105.0</ele><time>2025-02-05T16:53:24Z</time></trkpt><trkpt lat="58.033337" lon="39.118943"><ele>105.2</ele><time>2025-02-05T16:53:27Z</time></trkpt><trkpt lat="58.033407" lon="39.118995"><ele>106.2</ele><time>2025-02-05T16:53:29Z</time></trkpt><trkpt lat="58.033472" lon="39.119055"><ele>105.9</ele><time>2025-02-05T16:53:31Z</time></trkpt><trkpt lat="58.03354" lon="39.11912"><ele>105.9</ele><time>2025-02-05T16:53:33Z</time></trkpt><trkpt lat="58.033635" lon="39.1192"><ele>106.3</ele><time>2025-02-05T16:53:36Z</time></trkpt><trkpt lat="58.03371" lon="39.11931"><ele>105.6</ele><time>2025-02-05T16:53:39Z</time></trkpt><trkpt lat="58.033795" lon="39.11942"><ele>106.9</ele><time>2025-02-05T16:53:42Z</time></trkpt><trkpt lat="58.033855" lon="39.1195"><ele>107.2</ele><time>2025-02-05T16:53:44Z</time></trkpt><trkpt lat="58.03394" lon="39.119612"><ele>107.2</ele><time>2025-02-05T16:53:47Z</time></trkpt><trkpt lat="58.034" lon="39.1197"><ele>108.1</ele><time>2025-02-05T16:53:49Z</time></trkpt><trkpt lat="58.034085" lon="39.119815"><ele>107.8</ele><time>2025-02-05T16:53:52Z</time></trkpt><trkpt lat="58.034157" lon="39.119925"><ele>108.8</ele><time>2025-02-05T16:53:55Z</time></trkpt><trkpt lat="58.034225" lon="39.120022"><ele>108.6</ele><time>2025-02-05T16:53:58Z</time></trkpt><trkpt lat="58.034295" lon="39.120095"><ele>109.1</ele><time>2025-02-05T16:54:01Z</time></trkpt><trkpt lat="58.03436" lon="39.120165"><ele>109.7</ele><time>2025-02-05T16:54:04Z</time></trkpt><trkpt lat="58.034435" lon="39.120247"><ele>111.0</ele><time>2025-02-05T16:54:08Z</time></trkpt><trkpt lat="58.03451" lon="39.120325"><ele>112.4</ele><time>2025-02-05T16:54:12Z</time></trkpt><trkpt lat="58.03458" lon="39.120385"><ele>112.5</ele><time>2025-02-05T16:54:15Z</time></trkpt><trkpt lat="58.034665" lon="39.120427"><ele>113.3</ele><time>2025-02-05T16:54:19Z</time></trkpt><trkpt lat="58.034747" lon="39.120425"><ele>113.6</ele><time>2025-02-05T16:54:23Z</time></trkpt><trkpt lat="58.034822" lon="39.120303"><ele>112.4</ele><time>2025-02-05T16:54:27Z</time></trkpt><trkpt lat="58.034872" lon="39.12013"><ele>111.5</ele><time>2025-02-05T16:54:30Z</time></trkpt><trkpt lat="58.034865" lon="39.119912"><ele>111.4</ele><time>2025-02-05T16:54:33Z</time></trkpt><trkpt lat="58.034795" lon="39.119742"><ele>110.0</ele><time>2025-02-05T16:54:35Z</time></trkpt><trkpt lat="58.034695" lon="39.119582"><ele>108.3</ele><time>2025-02-05T16:54:37Z</time></trkpt><trkpt lat="58.034632" lon="39.119462"><ele>107.7</ele><time>2025-02-05T16:54:38Z</time></trkpt><trkpt lat="58.034535" lon="39.11931"><ele>106.6</ele><time>2025-02-05T16:54:40Z</time></trkpt><trkpt lat="58.03442" lon="39.119157"><ele>105.4</ele><time>2025-02-05T16:54:42Z</time></trkpt><trkpt lat="58.034302" lon="39.119035"><ele>105.3</ele><time>2025-02-05T16:54:44Z</time></trkpt><trkpt lat="58.0342" lon="39.118935"><ele>105.5</ele><time>2025-02-05T16:54:46Z</time></trkpt><trkpt lat="58.03412" lon="39.11885"><ele>105.9</ele><time>2025-02-05T16:54:48Z</time></trkpt><trkpt lat="58.03405" lon="39.118772"><ele>106.0</ele><time>2025-02-05T16:54:50Z</time></trkpt><trkpt lat="58.033977" lon="39.1187"><ele>105.8</ele><time>2025-02-05T16:54:52Z</time></trkpt><trkpt lat="58.033915" lon="39.11862"><ele>106.0</ele><time>2025-02-05T16:54:54Z</time></trkpt><trkpt lat="58.033842" lon="39.1185"><ele>106.8</ele><time>2025-02-05T16:54:57Z</time></trkpt><trkpt lat="58.0338" lon="39.11839"><ele>107.1</ele><time>2025-02-05T16:55:00Z</time></trkpt><trkpt lat="58.033772" lon="39.11824"><ele>106.4</ele><time>2025-02-05T16:55:03Z</time></trkpt><trkpt lat="58.03376" lon="39.11805"><ele>105.7</ele><time>2025-02-05T16:55:06Z</time></trkpt><trkpt lat="58.033768" lon="39.117895"><ele>105.4</ele><time>2025-02-05T16:55:08Z</time></trkpt><trkpt lat="58.033805" lon="39.117732"><ele>105.4</ele><time>2025-02-05T16:55:10Z</time></trkpt><trkpt lat="58.033853" lon="39.117577"><ele>104.8</ele><time>2025-02-05T16:55:12Z</time></trkpt><trkpt lat="58.033917" lon="39.117445"><ele>104.4</ele><time>2025-02-05T16:55:14Z</time></trkpt><trkpt lat="58.033985" lon="39.117265"><ele>104.3</ele><time>2025-02-05T16:55:16Z</time></trkpt><trkpt lat="58.03408" lon="39.11713"><ele>104.7</ele><time>2025-02-05T16:55:18Z</time></trkpt><trkpt lat="58.034185" lon="39.117055"><ele>104.4</ele><time>2025-02-05T16:55:20Z</time></trkpt><trkpt lat="58.034265" lon="39.117038"><ele>104.8</ele><time>2025-02-05T16:55:22Z</time></trkpt><trkpt lat="58.03434" lon="39.117037"><ele>105.2</ele><time>2025-02-05T16:55:24Z</time></trkpt><trkpt lat="58.034435" lon="39.11705"><ele>105.3</ele><time>2025-02-05T16:55:27Z</time></trkpt><trkpt lat="58.03452" lon="39.117075"><ele>105.0</ele><time>2025-02-05T16:55:30Z</time></trkpt><trkpt lat="58.034592" lon="39.11711"><ele>105.7</ele><time>2025-02-05T16:55:32Z</time></trkpt><trkpt lat="58.034667" lon="39.117145"><ele>104.7</ele><time>2025-02-05T16:55:34Z</time></trkpt><trkpt lat="58.034752" lon="39.11719"><ele>104.6</ele><time>2025-02-05T16:55:36Z</time></trkpt><trkpt lat="58.034855" lon="39.117268"><ele>104.8</ele><time>2025-02-05T16:55:38Z</time></trkpt><trkpt lat="58.034982" lon="39.117405"><ele>102.4</ele><time>2025-02-05T16:55:40Z</time></trkpt><trkpt lat="58.035048" lon="39.11749"><ele>102.0</ele><time>2025-02-05T16:55:41Z</time></trkpt><trkpt lat="58.03512" lon="39.117577"><ele>101.7</ele><time>2025-02-05T16:55:42Z</time></trkpt><trkpt lat="58.03519" lon="39.117675"><ele>102.2</ele><time>2025-02-05T16:55:43Z</time></trkpt><trkpt lat="58.03525" lon="39.11776"><ele>101.0</ele><time>2025-02-05T16:55:44Z</time></trkpt><trkpt lat="58.03531" lon="39.117842"><ele>100.9</ele><time>2025-02-05T16:55:45Z</time></trkpt><trkpt lat="58.035415" lon="39.117995"><ele>100.8</ele><time>2025-02-05T16:55:47Z</time></trkpt><trkpt lat="58.035495" lon="39.118115"><ele>99.6</ele><time>2025-02-05T16:55:49Z</time></trkpt><trkpt lat="58.03557" lon="39.11822"><ele>100.2</ele><time>2025-02-05T16:55:51Z</time></trkpt><trkpt lat="58.03565" lon="39.118307"><ele>99.6</ele><time>2025-02-05T16:55:53Z</time></trkpt><trkpt lat="58.03572" lon="39.118395"><ele>100.6</ele><time>2025-02-05T16:55:55Z</time></trkpt><trkpt lat="58.03579" lon="39.118477"><ele>100.8</ele><time>2025-02-05T16:55:57Z</time></trkpt><trkpt lat="58.03586" lon="39.118555"><ele>100.8</ele><time>2025-02-05T16:55:59Z</time></trkpt><trkpt lat="58.03592" lon="39.118632"><ele>100.9</ele><time>2025-02-05T16:56:01Z</time></trkpt><trkpt lat="58.035985" lon="39.11871"><ele>101.5</ele><time>2025-02-05T16:56:03Z</time></trkpt><trkpt lat="58.036047" lon="39.118795"><ele>101.4</ele><time>2025-02-05T16:56:05Z</time></trkpt><trkpt lat="58.03611" lon="39.118877"><ele>101.0</ele><time>2025-02-05T16:56:07Z</time></trkpt><trkpt lat="58.03618" lon="39.11896"><ele>101.6</ele><time>2025-02-05T16:56:09Z</time></trkpt><trkpt lat="58.03625" lon="39.11904"><ele>102.2</ele><time>2025-02-05T16:56:11Z</time></trkpt><trkpt lat="58.03633" lon="39.11914"><ele>101.8</ele><time>2025-02-05T16:56:14Z</time></trkpt><trkpt lat="58.03641" lon="39.11921"><ele>102.3</ele><time>2025-02-05T16:56:17Z</time></trkpt><trkpt lat="58.036493" lon="39.119255"><ele>102.8</ele><time>2025-02-05T16:56:20Z</time></trkpt><trkpt lat="58.036567" lon="39.11927"><ele>103.0</ele><time>2025-02-05T16:56:23Z</time></trkpt><trkpt lat="58.036652" lon="39.119262"><ele>102.7</ele><time>2025-02-05T16:56:27Z</time></trkpt><trkpt lat="58.03674" lon="39.11923"><ele>103.5</ele><time>2025-02-05T16:56:31Z</time></trkpt><trkpt lat="58.036827" lon="39.119187"><ele>104.0</ele><time>2025-02-05T16:56:35Z</time></trkpt><trkpt lat="58.036907" lon="39.11915"><ele>104.8</ele><time>2025-02-05T16:56:38Z</time></trkpt><trkpt lat="58.036997" lon="39.119115"><ele>104.7</ele><time>2025-02-05T16:56:42Z</time></trkpt><trkpt lat="58.03708" lon="39.119087"><ele>103.5</ele><time>2025-02-05T16:56:46Z</time></trkpt><trkpt lat="58.037155" lon="39.119005"><ele>103.3</ele><time>2025-02-05T16:56:49Z</time></trkpt><trkpt lat="58.037225" lon="39.118885"><ele>103.0</ele><time>2025-02-05T16:56:54Z</time></trkpt><trkpt lat="58.037345" lon="39.118535"><ele>104.3</ele><time>2025-02-05T16:56:56Z</time></trkpt><trkpt lat="58.037398" lon="39.11838"><ele>103.8</ele><time>2025-02-05T16:56:58Z</time></trkpt><trkpt lat="58.03745" lon="39.11824"><ele>103.4</ele><time>2025-02-05T16:57:00Z</time></trkpt><trkpt lat="58.037505" lon="39.11806"><ele>102.7</ele><time>2025-02-05T16:57:02Z</time></trkpt><trkpt lat="58.03756" lon="39.117895"><ele>102.3</ele><time>2025-02-05T16:57:04Z</time></trkpt><trkpt lat="58.03762" lon="39.117727"><ele>102.6</ele><time>2025-02-05T16:57:06Z</time></trkpt><trkpt lat="58.03768" lon="39.11762"><ele>102.7</ele><time>2025-02-05T16:57:08Z</time></trkpt><trkpt lat="58.03774" lon="39.11754"><ele>102.7</ele><time>2025-02-05T16:57:10Z</time></trkpt><trkpt lat="58.0378" lon="39.117465"><ele>102.1</ele><time>2025-02-05T16:57:12Z</time></trkpt><trkpt lat="58.037877" lon="39.117375"><ele>101.9</ele><time>2025-02-05T16:57:15Z</time></trkpt><trkpt lat="58.037957" lon="39.117275"><ele>102.2</ele><time>2025-02-05T16:57:18Z</time></trkpt><trkpt lat="58.038035" lon="39.11718"><ele>102.0</ele><time>2025-02-05T16:57:21Z</time></trkpt><trkpt lat="58.03811" lon="39.11708"><ele>102.2</ele><time>2025-02-05T16:57:24Z</time></trkpt><trkpt lat="58.03818" lon="39.117007"><ele>101.5</ele><time>2025-02-05T16:57:27Z</time></trkpt><trkpt lat="58.038255" lon="39.116895"><ele>101.5</ele><time>2025-02-05T16:57:30Z</time></trkpt><trkpt lat="58.038313" lon="39.116815"><ele>101.2</ele><time>2025-02-05T16:57:32Z</time></trkpt><trkpt lat="58.03837" lon="39.116725"><ele>101.2</ele><time>2025-02-05T16:57:34Z</time></trkpt><trkpt lat="58.038432" lon="39.116625"><ele>101.3</ele><time>2025-02-05T16:57:36Z</time></trkpt><trkpt lat="58.038485" lon="39.11652"><ele>101.5</ele><time>2025-02-05T16:57:38Z</time></trkpt><trkpt lat="58.038532" lon="39.11641"><ele>101.5</ele><time>2025-02-05T16:57:40Z</time></trkpt><trkpt lat="58.03858" lon="39.116237"><ele>101.5</ele><time>2025-02-05T16:57:43Z</time></trkpt><trkpt lat="58.038595" lon="39.1161"><ele>101.9</ele><time>2025-02-05T16:57:45Z</time></trkpt><trkpt lat="58.038607" lon="39.11596"><ele>101.6</ele><time>2025-02-05T16:57:47Z</time></trkpt><trkpt lat="58.03863" lon="39.11582"><ele>101.6</ele><time>2025-02-05T16:57:49Z</time></trkpt><trkpt lat="58.03865" lon="39.11563"><ele>101.6</ele><time>2025-02-05T16:57:52Z</time></trkpt><trkpt lat="58.038665" lon="39.11545"><ele>101.7</ele><time>2025-02-05T16:57:55Z</time></trkpt><trkpt lat="58.038687" lon="39.115267"><ele>102.1</ele><time>2025-02-05T16:57:58Z</time></trkpt><trkpt lat="58.038715" lon="39.115072"><ele>102.1</ele><time>2025-02-05T16:58:01Z</time></trkpt><trkpt lat="58.038735" lon="39.114925"><ele>102.0</ele><time>2025-02-05T16:58:03Z</time></trkpt><trkpt lat="58.03875" lon="39.114775"><ele>101.4</ele><time>2025-02-05T16:58:05Z</time></trkpt><trkpt lat="58.03877" lon="39.114607"><ele>101.2</ele><time>2025-02-05T16:58:07Z</time></trkpt><trkpt lat="58.03879" lon="39.114437"><ele>101.1</ele><time>2025-02-05T16:58:09Z</time></trkpt><trkpt lat="58.03881" lon="39.114255"><ele>100.7</ele><time>2025-02-05T16:58:11Z</time></trkpt><trkpt lat="58.038835" lon="39.11406"><ele>100.5</ele><time>2025-02-05T16:58:13Z</time></trkpt><trkpt lat="58.038855" lon="39.113863"><ele>100.4</ele><time>2025-02-05T16:58:15Z</time></trkpt><trkpt lat="58.03887" lon="39.11367"><ele>100.2</ele><time>2025-02-05T16:58:17Z</time></trkpt><trkpt lat="58.038895" lon="39.11349"><ele>100.2</ele><time>2025-02-05T16:58:19Z</time></trkpt><trkpt lat="58.038915" lon="39.113312"><ele>99.5</ele><time>2025-02-05T16:58:21Z</time></trkpt><trkpt lat="58.038925" lon="39.113145"><ele>99.2</ele><time>2025-02-05T16:58:23Z</time></trkpt><trkpt lat="58.038925" lon="39.112975"><ele>99.0</ele><time>2025-02-05T16:58:25Z</time></trkpt><trkpt lat="58.0389" lon="39.112802"><ele>98.7</ele><time>2025-02-05T16:58:27Z</time></trkpt><trkpt lat="58.038852" lon="39.11264"><ele>98.2</ele><time>2025-02-05T16:58:29Z</time></trkpt><trkpt lat="58.038795" lon="39.11249"><ele>97.8</ele><time>2025-02-05T16:58:31Z</time></trkpt><trkpt lat="58.03872" lon="39.112367"><ele>97.7</ele><time>2025-02-05T16:58:33Z</time></trkpt><trkpt lat="58.038635" lon="39.112272"><ele>98.1</ele><time>2025-02-05T16:58:35Z</time></trkpt><trkpt lat="58.038557" lon="39.112225"><ele>97.6</ele><time>2025-02-05T16:58:37Z</time></trkpt><trkpt lat="58.038477" lon="39.112222"><ele>98.1</ele><time>2025-02-05T16:58:39Z</time></trkpt><trkpt lat="58.038405" lon="39.112245"><ele>98.2</ele><time>2025-02-05T16:58:41Z</time></trkpt><trkpt lat="58.038335" lon="39.112295"><ele>98.9</ele><time>2025-02-05T16:58:43Z</time></trkpt><trkpt lat="58.038257" lon="39.112428"><ele>99.3</ele><time>2025-02-05T16:58:46Z</time></trkpt><trkpt lat="58.03822" lon="39.112595"><ele>100.1</ele><time>2025-02-05T16:58:49Z</time></trkpt><trkpt lat="58.038237" lon="39.112757"><ele>101.1</ele><time>2025-02-05T16:58:52Z</time></trkpt><trkpt lat="58.038272" lon="39.112902"><ele>101.5</ele><time>2025-02-05T16:58:55Z</time></trkpt><trkpt lat="58.038292" lon="39.11307"><ele>102.0</ele><time>2025-02-05T16:58:58Z</time></trkpt><trkpt lat="58.038322" lon="39.113247"><ele>102.5</ele><time>2025-02-05T16:59:01Z</time></trkpt><trkpt lat="58.038347" lon="39.113435"><ele>102.4</ele><time>2025-02-05T16:59:04Z</time></trkpt><trkpt lat="58.038375" lon="39.113622"><ele>102.8</ele><time>2025-02-05T16:59:07Z</time></trkpt><trkpt lat="58.038383" lon="39.113815"><ele>102.6</ele><time>2025-02-05T16:59:10Z</time></trkpt><trkpt lat="58.03838" lon="39.11401"><ele>103.4</ele><time>2025-02-05T16:59:13Z</time></trkpt><trkpt lat="58.03835" lon="39.11417"><ele>103.4</ele><time>2025-02-05T16:59:16Z</time></trkpt><trkpt lat="58.03832" lon="39.11432"><ele>103.3</ele><time>2025-02-05T16:59:19Z</time></trkpt><trkpt lat="58.03828" lon="39.1145"><ele>103.9</ele><time>2025-02-05T16:59:22Z</time></trkpt><trkpt lat="58.038237" lon="39.11466"><ele>104.0</ele><time>2025-02-05T16:59:25Z</time></trkpt><trkpt lat="58.038195" lon="39.11482"><ele>104.4</ele><time>2025-02-05T16:59:28Z</time></trkpt><trkpt lat="58.038155" lon="39.114972"><ele>104.6</ele><time>2025-02-05T16:59:31Z</time></trkpt><trkpt lat="58.038122" lon="39.115125"><ele>104.2</ele><time>2025-02-05T16:59:34Z</time></trkpt><trkpt lat="58.038088" lon="39.115285"><ele>104.9</ele><time>2025-02-05T16:59:37Z</time></trkpt><trkpt lat="58.038055" lon="39.115445"><ele>105.2</ele><time>2025-02-05T16:59:40Z</time></trkpt><trkpt lat="58.037982" lon="39.115522"><ele>105.4</ele><time>2025-02-05T16:59:44Z</time></trkpt><trkpt lat="58.037905" lon="39.115465"><ele>105.7</ele><time>2025-02-05T16:59:48Z</time></trkpt><trkpt lat="58.03784" lon="39.115377"><ele>105.8</ele><time>2025-02-05T16:59:51Z</time></trkpt><trkpt lat="58.037765" lon="39.115297"><ele>105.4</ele><time>2025-02-05T16:59:54Z</time></trkpt><trkpt lat="58.03768" lon="39.11521"><ele>105.6</ele><time>2025-02-05T16:59:57Z</time></trkpt><trkpt lat="58.037587" lon="39.11512"><ele>105.6</ele><time>2025-02-05T17:00:00Z</time></trkpt><trkpt lat="58.037495" lon="39.11503"><ele>103.9</ele><time>2025-02-05T17:00:03Z</time></trkpt><trkpt lat="58.037398" lon="39.11494"><ele>102.9</ele><time>2025-02-05T17:00:05Z</time></trkpt><trkpt lat="58.037315" lon="39.114855"><ele>101.8</ele><time>2025-02-05T17:00:07Z</time></trkpt><trkpt lat="58.03723" lon="39.11476"><ele>101.9</ele><time>2025-02-05T17:00:09Z</time></trkpt><trkpt lat="58.03714" lon="39.11468"><ele>102.1</ele><time>2025-02-05T17:00:11Z</time></trkpt><trkpt lat="58.037045" lon="39.114595"><ele>102.5</ele><time>2025-02-05T17:00:13Z</time></trkpt><trkpt lat="58.03697" lon="39.11452"><ele>102.6</ele><time>2025-02-05T17:00:15Z</time></trkpt><trkpt lat="58.036897" lon="39.114465"><ele>103.1</ele><time>2025-02-05T17:00:17Z</time></trkpt><trkpt lat="58.036835" lon="39.114405"><ele>102.3</ele><time>2025-02-05T17:00:19Z</time></trkpt><trkpt lat="58.036755" lon="39.11434"><ele>102.5</ele><time>2025-02-05T17:00:21Z</time></trkpt><trkpt lat="58.03668" lon="39.11428"><ele>102.2</ele><time>2025-02-05T17:00:23Z</time></trkpt><trkpt lat="58.036605" lon="39.11421"><ele>102.7</ele><time>2025-02-05T17:00:25Z</time></trkpt><trkpt lat="58.036527" lon="39.11415"><ele>102.5</ele><time>2025-02-05T17:00:27Z</time></trkpt><trkpt lat="58.036457" lon="39.114083"><ele>102.0</ele><time>2025-02-05T17:00:29Z</time></trkpt><trkpt lat="58.036387" lon="39.114022"><ele>102.0</ele><time>2025-02-05T17:00:31Z</time></trkpt><trkpt lat="58.03632" lon="39.11397"><ele>101.9</ele><time>2025-02-05T17:00:33Z</time></trkpt><trkpt lat="58.03625" lon="39.113925"><ele>102.3</ele><time>2025-02-05T17:00:35Z</time></trkpt><trkpt lat="58.036145" lon="39.11388"><ele>103.0</ele><time>2025-02-05T17:00:38Z</time></trkpt><trkpt lat="58.03607" lon="39.11389"><ele>103.2</ele><time>2025-02-05T17:00:40Z</time></trkpt><trkpt lat="58.035975" lon="39.11397"><ele>103.0</ele><time>2025-02-05T17:00:43Z</time></trkpt><trkpt lat="58.035905" lon="39.114017"><ele>102.5</ele><time>2025-02-05T17:00:45Z</time></trkpt><trkpt lat="58.035817" lon="39.114115"><ele>102.1</ele><time>2025-02-05T17:00:48Z</time></trkpt><trkpt lat="58.03575" lon="39.114225"><ele>102.4</ele><time>2025-02-05T17:00:51Z</time></trkpt><trkpt lat="58.035685" lon="39.114337"><ele>102.0</ele><time>2025-02-05T17:00:54Z</time></trkpt><trkpt lat="58.035625" lon="39.114455"><ele>102.1</ele><time>2025-02-05T17:00:57Z</time></trkpt><trkpt lat="58.035552" lon="39.114572"><ele>102.2</ele><time>2025-02-05T17:01:00Z</time></trkpt><trkpt lat="58.03549" lon="39.1147"><ele>102.4</ele><time>2025-02-05T17:01:03Z</time></trkpt><trkpt lat="58.035427" lon="39.11482"><ele>103.1</ele><time>2025-02-05T17:01:06Z</time></trkpt><trkpt lat="58.035382" lon="39.114927"><ele>103.7</ele><time>2025-02-05T17:01:09Z</time></trkpt><trkpt lat="58.035325" lon="39.11504"><ele>103.9</ele><time>2025-02-05T17:01:12Z</time></trkpt><trkpt lat="58.035265" lon="39.115155"><ele>104.2</ele><time>2025-02-05T17:01:15Z</time></trkpt><trkpt lat="58.0352" lon="39.115305"><ele>104.2</ele><time>2025-02-05T17:01:18Z</time></trkpt><trkpt lat="58.035133" lon="39.115445"><ele>104.5</ele><time>2025-02-05T17:01:21Z</time></trkpt><trkpt lat="58.035065" lon="39.11558"><ele>104.5</ele><time>2025-02-05T17:01:24Z</time></trkpt><trkpt lat="58.035" lon="39.115715"><ele>104.9</ele><time>2025-02-05T17:01:27Z</time></trkpt><trkpt lat="58.034935" lon="39.11585"><ele>105.0</ele><time>2025-02-05T17:01:30Z</time></trkpt><trkpt lat="58.034872" lon="39.115977"><ele>105.3</ele><time>2025-02-05T17:01:33Z</time></trkpt><trkpt lat="58.03482" lon="39.11607"><ele>105.6</ele><time>2025-02-05T17:01:36Z</time></trkpt><trkpt lat="58.034767" lon="39.116165"><ele>106.0</ele><time>2025-02-05T17:01:39Z</time></trkpt><trkpt lat="58.034695" lon="39.116275"><ele>106.6</ele><time>2025-02-05T17:01:43Z</time></trkpt><trkpt lat="58.034625" lon="39.11636"><ele>107.2</ele><time>2025-02-05T17:01:47Z</time></trkpt><trkpt lat="58.034552" lon="39.116437"><ele>107.3</ele><time>2025-02-05T17:01:51Z</time></trkpt><trkpt lat="58.034485" lon="39.11649"><ele>107.6</ele><time>2025-02-05T17:01:54Z</time></trkpt><trkpt lat="58.0344" lon="39.116535"><ele>107.2</ele><time>2025-02-05T17:01:57Z</time></trkpt><trkpt lat="58.034302" lon="39.116555"><ele>107.7</ele><time>2025-02-05T17:02:00Z</time></trkpt><trkpt lat="58.034225" lon="39.116575"><ele>107.4</ele><time>2025-02-05T17:02:02Z</time></trkpt><trkpt lat="58.034145" lon="39.1166"><ele>107.4</ele><time>2025-02-05T17:02:04Z</time></trkpt><trkpt lat="58.034072" lon="39.116645"><ele>107.2</ele><time>2025-02-05T17:02:06Z</time></trkpt><trkpt lat="58.03398" lon="39.11673"><ele>107.0</ele><time>2025-02-05T17:02:09Z</time></trkpt><trkpt lat="58.033915" lon="39.116817"><ele>107.0</ele><time>2025-02-05T17:02:11Z</time></trkpt><trkpt lat="58.033847" lon="39.11692"><ele>106.0</ele><time>2025-02-05T17:02:13Z</time></trkpt><trkpt lat="58.03378" lon="39.117047"><ele>106.1</ele><time>2025-02-05T17:02:15Z</time></trkpt><trkpt lat="58.033705" lon="39.11718"><ele>105.6</ele><time>2025-02-05T17:02:17Z</time></trkpt><trkpt lat="58.033627" lon="39.11731"><ele>105.6</ele><time>2025-02-05T17:02:19Z</time></trkpt><trkpt lat="58.033555" lon="39.117437"><ele>105.5</ele><time>2025-02-05T17:02:21Z</time></trkpt><trkpt lat="58.033495" lon="39.117545"><ele>105.6</ele><time>2025-02-05T17:02:23Z</time></trkpt><trkpt lat="58.03343" lon="39.11767"><ele>105.8</ele><time>2025-02-05T17:02:26Z</time></trkpt><trkpt lat="58.033385" lon="39.11778"><ele>106.7</ele><time>2025-02-05T17:02:29Z</time></trkpt><trkpt lat="58.03337" lon="39.117925"><ele>107.2</ele><time>2025-02-05T17:02:32Z</time></trkpt><trkpt lat="58.033395" lon="39.11809"><ele>106.6</ele><time>2025-02-05T17:02:35Z</time></trkpt><trkpt lat="58.033445" lon="39.118245"><ele>107.1</ele><time>2025-02-05T17:02:38Z</time></trkpt><trkpt lat="58.033492" lon="39.118355"><ele>107.2</ele><time>2025-02-05T17:02:40Z</time></trkpt><trkpt lat="58.033562" lon="39.11849"><ele>107.0</ele><time>2025-02-05T17:02:43Z</time></trkpt><trkpt lat="58.033627" lon="39.118595"><ele>106.3</ele><time>2025-02-05T17:02:46Z</time></trkpt><trkpt lat="58.033695" lon="39.118695"><ele>106.5</ele><time>2025-02-05T17:02:49Z</time></trkpt><trkpt lat="58.03378" lon="39.11878"><ele>106.8</ele><time>2025-02-05T17:02:52Z</time></trkpt><trkpt lat="58.033875" lon="39.118865"><ele>107.5</ele><time>2025-02-05T17:02:55Z</time></trkpt><trkpt lat="58.033955" lon="39.118925"><ele>108.0</ele><time>2025-02-05T17:02:58Z</time></trkpt><trkpt lat="58.034035" lon="39.11899"><ele>108.1</ele><time>2025-02-05T17:03:01Z</time></trkpt><trkpt lat="58.034107" lon="39.119055"><ele>108.0</ele><time>2025-02-05T17:03:04Z</time></trkpt><trkpt lat="58.03419" lon="39.119125"><ele>108.1</ele><time>2025-02-05T17:03:07Z</time></trkpt><trkpt lat="58.034275" lon="39.11921"><ele>108.1</ele><time>2025-02-05T17:03:10Z</time></trkpt><trkpt lat="58.03436" lon="39.11929"><ele>108.9</ele><time>2025-02-05T17:03:13Z</time></trkpt><trkpt lat="58.03443" lon="39.119365"><ele>109.8</ele><time>2025-02-05T17:03:16Z</time></trkpt><trkpt lat="58.0345" lon="39.119445"><ele>110.0</ele><time>2025-02-05T17:03:19Z</time></trkpt><trkpt lat="58.03457" lon="39.1195"><ele>109.9</ele><time>2025-02-05T17:03:22Z</time></trkpt><trkpt lat="58.034652" lon="39.119585"><ele>110.2</ele><time>2025-02-05T17:03:26Z</time></trkpt><trkpt lat="58.034722" lon="39.11968"><ele>111.2</ele><time>2025-02-05T17:03:30Z</time></trkpt><trkpt lat="58.03479" lon="39.11977"><ele>112.1</ele><time>2025-02-05T17:03:34Z</time></trkpt><trkpt lat="58.034855" lon="39.11987"><ele>112.4</ele><time>2025-02-05T17:03:38Z</time></trkpt><trkpt lat="58.034875" lon="39.120025"><ele>113.0</ele><time>2025-02-05T17:03:43Z</time></trkpt><trkpt lat="58.034815" lon="39.120145"><ele>113.5</ele><time>2025-02-05T17:03:48Z</time></trkpt><trkpt lat="58.034705" lon="39.120082"><ele>111.5</ele><time>2025-02-05T17:03:51Z</time></trkpt><trkpt lat="58.034605" lon="39.119982"><ele>109.5</ele><time>2025-02-05T17:03:53Z</time></trkpt><trkpt lat="58.034487" lon="39.11986"><ele>108.4</ele><time>2025-02-05T17:03:55Z</time></trkpt><trkpt lat="58.03437" lon="39.11971"><ele>107.1</ele><time>2025-02-05T17:03:57Z</time></trkpt><trkpt lat="58.034298" lon="39.119605"><ele>106.6</ele><time>2025-02-05T17:03:58Z</time></trkpt><trkpt lat="58.034185" lon="39.11945"><ele>105.7</ele><time>2025-02-05T17:04:00Z</time></trkpt><trkpt lat="58.03408" lon="39.1193"><ele>105.3</ele><time>2025-02-05T17:04:02Z</time></trkpt><trkpt lat="58.033975" lon="39.119163"><ele>104.4</ele><time>2025-02-05T17:04:04Z</time></trkpt><trkpt lat="58.033875" lon="39.119035"><ele>103.7</ele><time>2025-02-05T17:04:06Z</time></trkpt><trkpt lat="58.033767" lon="39.118905"><ele>102.8</ele><time>2025-02-05T17:04:08Z</time></trkpt><trkpt lat="58.033665" lon="39.11878"><ele>103.1</ele><time>2025-02-05T17:04:10Z</time></trkpt><trkpt lat="58.033575" lon="39.118655"><ele>103.0</ele><time>2025-02-05T17:04:12Z</time></trkpt><trkpt lat="58.033495" lon="39.118555"><ele>103.3</ele><time>2025-02-05T17:04:13Z</time></trkpt><trkpt lat="58.033412" lon="39.118485"><ele>104.0</ele><time>2025-02-05T17:04:16Z</time></trkpt><trkpt lat="58.033322" lon="39.11846"><ele>104.5</ele><time>2025-02-05T17:04:17Z</time></trkpt><trkpt lat="58.03324" lon="39.118475"><ele>103.8</ele><time>2025-02-05T17:04:20Z</time></trkpt><trkpt lat="58.033163" lon="39.118532"><ele>103.7</ele><time>2025-02-05T17:04:22Z</time></trkpt><trkpt lat="58.033125" lon="39.118702"><ele>104.2</ele><time>2025-02-05T17:04:24Z</time></trkpt><trkpt lat="58.033157" lon="39.11884"><ele>104.8</ele><time>2025-02-05T17:04:27Z</time></trkpt><trkpt lat="58.033247" lon="39.118907"><ele>105.9</ele><time>2025-02-05T17:04:31Z</time></trkpt><trkpt lat="58.03333" lon="39.118952"><ele>105.5</ele><time>2025-02-05T17:04:34Z</time></trkpt><trkpt lat="58.03342" lon="39.119"><ele>106.8</ele><time>2025-02-05T17:04:37Z</time></trkpt><trkpt lat="58.0335" lon="39.119065"><ele>105.9</ele><time>2025-02-05T17:04:40Z</time></trkpt><trkpt lat="58.033585" lon="39.119147"><ele>105.2</ele><time>2025-02-05T17:04:43Z</time></trkpt><trkpt lat="58.033665" lon="39.11926"><ele>105.8</ele><time>2025-02-05T17:04:47Z</time></trkpt><trkpt lat="58.033747" lon="39.119385"><ele>105.4</ele><time>2025-02-05T17:04:50Z</time></trkpt><trkpt lat="58.033825" lon="39.119495"><ele>105.3</ele><time>2025-02-05T17:04:52Z</time></trkpt><trkpt lat="58.033895" lon="39.119595"><ele>105.7</ele><time>2025-02-05T17:04:55Z</time></trkpt><trkpt lat="58.033955" lon="39.119692"><ele>106.8</ele><time>2025-02-05T17:04:58Z</time></trkpt><trkpt lat="58.03402" lon="39.119787"><ele>108.2</ele><time>2025-02-05T17:05:01Z</time></trkpt><trkpt lat="58.03408" lon="39.119858"><ele>107.3</ele><time>2025-02-05T17:05:04Z</time></trkpt><trkpt lat="58.034155" lon="39.119965"><ele>107.6</ele><time>2025-02-05T17:05:09Z</time></trkpt><trkpt lat="58.034218" lon="39.12003"><ele>108.2</ele><time>2025-02-05T17:05:12Z</time></trkpt><trkpt lat="58.034303" lon="39.120115"><ele>109.6</ele><time>2025-02-05T17:05:15Z</time></trkpt><trkpt lat="58.03438" lon="39.120195"><ele>110.5</ele><time>2025-02-05T17:05:20Z</time></trkpt><trkpt lat="58.034467" lon="39.120255"><ele>112.0</ele><time>2025-02-05T17:05:24Z</time></trkpt><trkpt lat="58.034555" lon="39.120305"><ele>112.5</ele><time>2025-02-05T17:05:28Z</time></trkpt><trkpt lat="58.03463" lon="39.120365"><ele>114.2</ele><time>2025-02-05T17:05:32Z</time></trkpt><trkpt lat="58.034715" lon="39.120427"><ele>115.4</ele><time>2025-02-05T17:05:37Z</time></trkpt><trkpt lat="58.0348" lon="39.120405"><ele>116.0</ele><time>2025-02-05T17:05:42Z</time></trkpt><trkpt lat="58.03486" lon="39.12032"><ele>113.9</ele><time>2025-02-05T17:05:45Z</time></trkpt><trkpt lat="58.034895" lon="39.120177"><ele>113.6</ele><time>2025-02-05T17:05:48Z</time></trkpt><trkpt lat="58.034915" lon="39.12003"><ele>110.5</ele><time>2025-02-05T17:05:51Z</time></trkpt><trkpt lat="58.03488" lon="39.11988"><ele>109.3</ele><time>2025-02-05T17:05:53Z</time></trkpt><trkpt lat="58.034805" lon="39.11972"><ele>108.5</ele><time>2025-02-05T17:05:55Z</time></trkpt><trkpt lat="58.03472" lon="39.11964"><ele>107.3</ele><time>2025-02-05T17:05:58Z</time></trkpt><trkpt lat="58.034632" lon="39.1195"><ele>106.2</ele><time>2025-02-05T17:05:59Z</time></trkpt><trkpt lat="58.034575" lon="39.11942"><ele>105.8</ele><time>2025-02-05T17:06:01Z</time></trkpt><trkpt lat="58.034385" lon="39.11913"><ele>106.7</ele><time>2025-02-05T17:06:02Z</time></trkpt><trkpt lat="58.034275" lon="39.119025"><ele>105.5</ele><time>2025-02-05T17:06:04Z</time></trkpt><trkpt lat="58.03419" lon="39.118935"><ele>105.7</ele><time>2025-02-05T17:06:06Z</time></trkpt><trkpt lat="58.03412" lon="39.118842"><ele>106.4</ele><time>2025-02-05T17:06:08Z</time></trkpt><trkpt lat="58.03405" lon="39.118775"><ele>106.0</ele><time>2025-02-05T17:06:11Z</time></trkpt><trkpt lat="58.033987" lon="39.118703"><ele>105.9</ele><time>2025-02-05T17:06:12Z</time></trkpt><trkpt lat="58.033927" lon="39.118627"><ele>106.2</ele><time>2025-02-05T17:06:15Z</time></trkpt><trkpt lat="58.033855" lon="39.11851"><ele>106.6</ele><time>2025-02-05T17:06:18Z</time></trkpt><trkpt lat="58.03381" lon="39.118408"><ele>107.0</ele><time>2025-02-05T17:06:21Z</time></trkpt><trkpt lat="58.033775" lon="39.118262"><ele>107.2</ele><time>2025-02-05T17:06:25Z</time></trkpt><trkpt lat="58.033763" lon="39.118112"><ele>107.2</ele><time>2025-02-05T17:06:28Z</time></trkpt><trkpt lat="58.033775" lon="39.117925"><ele>106.9</ele><time>2025-02-05T17:06:31Z</time></trkpt><trkpt lat="58.033795" lon="39.11779"><ele>107.1</ele><time>2025-02-05T17:06:33Z</time></trkpt><trkpt lat="58.033825" lon="39.117655"><ele>107.1</ele><time>2025-02-05T17:06:35Z</time></trkpt><trkpt lat="58.03387" lon="39.11752"><ele>106.2</ele><time>2025-02-05T17:06:37Z</time></trkpt><trkpt lat="58.033935" lon="39.117365"><ele>105.5</ele><time>2025-02-05T17:06:39Z</time></trkpt><trkpt lat="58.03402" lon="39.117197"><ele>104.7</ele><time>2025-02-05T17:06:41Z</time></trkpt><trkpt lat="58.03412" lon="39.117092"><ele>104.7</ele><time>2025-02-05T17:06:43Z</time></trkpt><trkpt lat="58.03421" lon="39.11705"><ele>105.5</ele><time>2025-02-05T17:06:45Z</time></trkpt><trkpt lat="58.03431" lon="39.117043"><ele>104.7</ele><time>2025-02-05T17:06:48Z</time></trkpt><trkpt lat="58.0344" lon="39.117057"><ele>104.7</ele><time>2025-02-05T17:06:51Z</time></trkpt><trkpt lat="58.034487" lon="39.117067"><ele>105.4</ele><time>2025-02-05T17:06:54Z</time></trkpt><trkpt lat="58.034557" lon="39.1171"><ele>105.6</ele><time>2025-02-05T17:06:56Z</time></trkpt><trkpt lat="58.034632" lon="39.117145"><ele>106.2</ele><time>2025-02-05T17:06:58Z</time></trkpt><trkpt lat="58.03472" lon="39.117182"><ele>106.0</ele><time>2025-02-05T17:07:00Z</time></trkpt><trkpt lat="58.034837" lon="39.117257"><ele>105.5</ele><time>2025-02-05T17:07:02Z</time></trkpt><trkpt lat="58.03495" lon="39.11736"><ele>104.5</ele><time>2025-02-05T17:07:04Z</time></trkpt><trkpt lat="58.035025" lon="39.11745"><ele>103.3</ele><time>2025-02-05T17:07:05Z</time></trkpt><trkpt lat="58.035085" lon="39.11753"><ele>102.2</ele><time>2025-02-05T17:07:06Z</time></trkpt><trkpt lat="58.035155" lon="39.11761"><ele>102.0</ele><time>2025-02-05T17:07:07Z</time></trkpt><trkpt lat="58.035215" lon="39.1177"><ele>101.8</ele><time>2025-02-05T17:07:08Z</time></trkpt><trkpt lat="58.035277" lon="39.117775"><ele>101.1</ele><time>2025-02-05T17:07:09Z</time></trkpt><trkpt lat="58.035342" lon="39.117842"><ele>101.1</ele><time>2025-02-05T17:07:10Z</time></trkpt><trkpt lat="58.035443" lon="39.117965"><ele>99.5</ele><time>2025-02-05T17:07:12Z</time></trkpt><trkpt lat="58.035525" lon="39.118095"><ele>100.8</ele><time>2025-02-05T17:07:14Z</time></trkpt><trkpt lat="58.0356" lon="39.118197"><ele>101.2</ele><time>2025-02-05T17:07:16Z</time></trkpt><trkpt lat="58.035668" lon="39.118295"><ele>101.0</ele><time>2025-02-05T17:07:18Z</time></trkpt><trkpt lat="58.03573" lon="39.118395"><ele>101.5</ele><time>2025-02-05T17:07:20Z</time></trkpt><trkpt lat="58.035795" lon="39.11849"><ele>101.3</ele><time>2025-02-05T17:07:22Z</time></trkpt><trkpt lat="58.035862" lon="39.11858"><ele>100.3</ele><time>2025-02-05T17:07:24Z</time></trkpt><trkpt lat="58.035925" lon="39.118665"><ele>100.2</ele><time>2025-02-05T17:07:26Z</time></trkpt><trkpt lat="58.036007" lon="39.118772"><ele>100.0</ele><time>2025-02-05T17:07:29Z</time></trkpt><trkpt lat="58.03609" lon="39.11887"><ele>100.7</ele><time>2025-02-05T17:07:32Z</time></trkpt><trkpt lat="58.03616" lon="39.118965"><ele>100.3</ele><time>2025-02-05T17:07:35Z</time></trkpt><trkpt lat="58.03624" lon="39.11904"><ele>101.4</ele><time>2025-02-05T17:07:38Z</time></trkpt><trkpt lat="58.036312" lon="39.119135"><ele>101.6</ele><time>2025-02-05T17:07:41Z</time></trkpt><trkpt lat="58.03638" lon="39.1192"><ele>102.6</ele><time>2025-02-05T17:07:44Z</time></trkpt><trkpt lat="58.036455" lon="39.119235"><ele>103.3</ele><time>2025-02-05T17:07:47Z</time></trkpt><trkpt lat="58.036527" lon="39.11926"><ele>104.1</ele><time>2025-02-05T17:07:50Z</time></trkpt><trkpt lat="58.036605" lon="39.11926"><ele>106.4</ele><time>2025-02-05T17:07:53Z</time></trkpt><trkpt lat="58.03668" lon="39.119235"><ele>107.2</ele><time>2025-02-05T17:07:56Z</time></trkpt><trkpt lat="58.036765" lon="39.119195"><ele>108.0</ele><time>2025-02-05T17:07:59Z</time></trkpt><trkpt lat="58.036837" lon="39.119135"><ele>109.1</ele><time>2025-02-05T17:08:03Z</time></trkpt><trkpt lat="58.03691" lon="39.11911"><ele>108.6</ele><time>2025-02-05T17:08:07Z</time></trkpt><trkpt lat="58.03698" lon="39.11907"><ele>108.5</ele><time>2025-02-05T17:08:11Z</time></trkpt><trkpt lat="58.03706" lon="39.119047"><ele>108.6</ele><time>2025-02-05T17:08:16Z</time></trkpt><trkpt lat="58.037135" lon="39.119005"><ele>109.6</ele><time>2025-02-05T17:08:20Z</time></trkpt><trkpt lat="58.037212" lon="39.118935"><ele>107.4</ele><time>2025-02-05T17:08:24Z</time></trkpt><trkpt lat="58.03727" lon="39.11881"><ele>106.3</ele><time>2025-02-05T17:08:27Z</time></trkpt><trkpt lat="58.037317" lon="39.11869"><ele>105.3</ele><time>2025-02-05T17:08:30Z</time></trkpt><trkpt lat="58.03737" lon="39.118505"><ele>104.2</ele><time>2025-02-05T17:08:31Z</time></trkpt><trkpt lat="58.037413" lon="39.118332"><ele>104.6</ele><time>2025-02-05T17:08:33Z</time></trkpt><trkpt lat="58.037455" lon="39.11816"><ele>103.4</ele><time>2025-02-05T17:08:35Z</time></trkpt><trkpt lat="58.037495" lon="39.118"><ele>102.5</ele><time>2025-02-05T17:08:37Z</time></trkpt><trkpt lat="58.03754" lon="39.117855"><ele>102.1</ele><time>2025-02-05T17:08:39Z</time></trkpt><trkpt lat="58.037585" lon="39.117745"><ele>102.0</ele><time>2025-02-05T17:08:41Z</time></trkpt><trkpt lat="58.037637" lon="39.117647"><ele>101.9</ele><time>2025-02-05T17:08:43Z</time></trkpt><trkpt lat="58.03772" lon="39.117535"><ele>102.1</ele><time>2025-02-05T17:08:46Z</time></trkpt><trkpt lat="58.0378" lon="39.11742"><ele>102.3</ele><time>2025-02-05T17:08:49Z</time></trkpt><trkpt lat="58.03788" lon="39.11734"><ele>102.4</ele><time>2025-02-05T17:08:52Z</time></trkpt><trkpt lat="58.03796" lon="39.11725"><ele>102.5</ele><time>2025-02-05T17:08:55Z</time></trkpt><trkpt lat="58.038035" lon="39.11717"><ele>102.2</ele><time>2025-02-05T17:08:58Z</time></trkpt><trkpt lat="58.0381" lon="39.11709"><ele>102.3</ele><time>2025-02-05T17:09:01Z</time></trkpt><trkpt lat="58.03817" lon="39.11701"><ele>101.5</ele><time>2025-02-05T17:09:04Z</time></trkpt><trkpt lat="58.038242" lon="39.116915"><ele>102.0</ele><time>2025-02-05T17:09:07Z</time></trkpt><trkpt lat="58.03832" lon="39.11679"><ele>100.9</ele><time>2025-02-05T17:09:11Z</time></trkpt><trkpt lat="58.03837" lon="39.116685"><ele>101.3</ele><time>2025-02-05T17:09:15Z</time></trkpt><trkpt lat="58.03844" lon="39.116565"><ele>101.0</ele><time>2025-02-05T17:09:18Z</time></trkpt><trkpt lat="58.038485" lon="39.11641"><ele>100.5</ele><time>2025-02-05T17:09:21Z</time></trkpt><trkpt lat="58.038515" lon="39.11624"><ele>100.7</ele><time>2025-02-05T17:09:24Z</time></trkpt><trkpt lat="58.03856" lon="39.116058"><ele>100.4</ele><time>2025-02-05T17:09:27Z</time></trkpt><trkpt lat="58.038595" lon="39.115935"><ele>100.6</ele><time>2025-02-05T17:09:29Z</time></trkpt><trkpt lat="58.038615" lon="39.115745"><ele>100.8</ele><time>2025-02-05T17:09:32Z</time></trkpt><trkpt lat="58.038635" lon="39.115575"><ele>100.9</ele><time>2025-02-05T17:09:35Z</time></trkpt><trkpt lat="58.038655" lon="39.11541"><ele>100.6</ele><time>2025-02-05T17:09:38Z</time></trkpt><trkpt lat="58.038675" lon="39.115225"><ele>100.8</ele><time>2025-02-05T17:09:41Z</time></trkpt><trkpt lat="58.0387" lon="39.115035"><ele>100.8</ele><time>2025-02-05T17:09:44Z</time></trkpt><trkpt lat="58.03871" lon="39.114897"><ele>100.9</ele><time>2025-02-05T17:09:46Z</time></trkpt><trkpt lat="58.038725" lon="39.114755"><ele>101.0</ele><time>2025-02-05T17:09:48Z</time></trkpt><trkpt lat="58.038747" lon="39.114615"><ele>100.4</ele><time>2025-02-05T17:09:50Z</time></trkpt><trkpt lat="58.038763" lon="39.114472"><ele>100.1</ele><time>2025-02-05T17:09:52Z</time></trkpt><trkpt lat="58.03878" lon="39.114327"><ele>100.3</ele><time>2025-02-05T17:09:54Z</time></trkpt><trkpt lat="58.0388" lon="39.114185"><ele>100.4</ele><time>2025-02-05T17:09:56Z</time></trkpt><trkpt lat="58.038815" lon="39.114045"><ele>100.1</ele><time>2025-02-05T17:09:58Z</time></trkpt><trkpt lat="58.038832" lon="39.1139"><ele>99.8</ele><time>2025-02-05T17:10:00Z</time></trkpt><trkpt lat="58.038847" lon="39.113745"><ele>99.8</ele><time>2025-02-05T17:10:02Z</time></trkpt><trkpt lat="58.03886" lon="39.11359"><ele>99.4</ele><time>2025-02-05T17:10:04Z</time></trkpt><trkpt lat="58.03888" lon="39.113445"><ele>99.2</ele><time>2025-02-05T17:10:06Z</time></trkpt><trkpt lat="58.038895" lon="39.11331"><ele>98.9</ele><time>2025-02-05T17:10:08Z</time></trkpt><trkpt lat="58.038907" lon="39.113167"><ele>98.8</ele><time>2025-02-05T17:10:10Z</time></trkpt><trkpt lat="58.038915" lon="39.11302"><ele>98.6</ele><time>2025-02-05T17:10:12Z</time></trkpt><trkpt lat="58.038902" lon="39.11286"><ele>98.4</ele><time>2025-02-05T17:10:14Z</time></trkpt><trkpt lat="58.03887" lon="39.11271"><ele>98.1</ele><time>2025-02-05T17:10:16Z</time></trkpt><trkpt lat="58.038825" lon="39.112567"><ele>97.6</ele><time>2025-02-05T17:10:18Z</time></trkpt><trkpt lat="58.038772" lon="39.112445"><ele>97.5</ele><time>2025-02-05T17:10:20Z</time></trkpt><trkpt lat="58.03871" lon="39.112342"><ele>97.3</ele><time>2025-02-05T17:10:22Z</time></trkpt><trkpt lat="58.038645" lon="39.112268"><ele>97.1</ele><time>2025-02-05T17:10:24Z</time></trkpt><trkpt lat="58.038545" lon="39.11221"><ele>96.8</ele><time>2025-02-05T17:10:27Z</time></trkpt><trkpt lat="58.038455" lon="39.11222"><ele>96.9</ele><time>2025-02-05T17:10:30Z</time></trkpt><trkpt lat="58.03837" lon="39.11226"><ele>96.9</ele><time>2025-02-05T17:10:33Z</time></trkpt><trkpt lat="58.0383" lon="39.112338"><ele>97.4</ele><time>2025-02-05T17:10:36Z</time></trkpt><trkpt lat="58.038243" lon="39.112455"><ele>97.8</ele><time>2025-02-05T17:10:39Z</time></trkpt><trkpt lat="58.038243" lon="39.11261"><ele>97.4</ele><time>2025-02-05T17:10:42Z</time></trkpt><trkpt lat="58.038255" lon="39.112755"><ele>98.7</ele><time>2025-02-05T17:10:45Z</time></trkpt><trkpt lat="58.03828" lon="39.1129"><ele>99.5</ele><time>2025-02-05T17:10:48Z</time></trkpt><trkpt lat="58.038305" lon="39.113055"><ele>100.2</ele><time>2025-02-05T17:10:51Z</time></trkpt><trkpt lat="58.03833" lon="39.113205"><ele>100.5</ele><time>2025-02-05T17:10:54Z</time></trkpt><trkpt lat="58.038355" lon="39.113375"><ele>100.7</ele><time>2025-02-05T17:10:57Z</time></trkpt><trkpt lat="58.038383" lon="39.113557"><ele>101.2</ele><time>2025-02-05T17:11:00Z</time></trkpt><trkpt lat="58.038405" lon="39.113735"><ele>102.1</ele><time>2025-02-05T17:11:03Z</time></trkpt><trkpt lat="58.038405" lon="39.113905"><ele>102.3</ele><time>2025-02-05T17:11:06Z</time></trkpt><trkpt lat="58.038393" lon="39.11406"><ele>102.3</ele><time>2025-02-05T17:11:09Z</time></trkpt><trkpt lat="58.03837" lon="39.11421"><ele>102.2</ele><time>2025-02-05T17:11:12Z</time></trkpt><trkpt lat="58.038335" lon="39.11437"><ele>102.0</ele><time>2025-02-05T17:11:15Z</time></trkpt><trkpt lat="58.03829" lon="39.114535"><ele>101.7</ele><time>2025-02-05T17:11:18Z</time></trkpt><trkpt lat="58.038243" lon="39.114677"><ele>102.1</ele><time>2025-02-05T17:11:21Z</time></trkpt><trkpt lat="58.038202" lon="39.11481"><ele>101.9</ele><time>2025-02-05T17:11:24Z</time></trkpt><trkpt lat="58.038165" lon="39.114945"><ele>101.6</ele><time>2025-02-05T17:11:27Z</time></trkpt><trkpt lat="58.038135" lon="39.115085"><ele>101.5</ele><time>2025-02-05T17:11:30Z</time></trkpt><trkpt lat="58.038103" lon="39.11522"><ele>101.2</ele><time>2025-02-05T17:11:33Z</time></trkpt><trkpt lat="58.038077" lon="39.115362"><ele>101.5</ele><time>2025-02-05T17:11:36Z</time></trkpt><trkpt lat="58.038037" lon="39.11548"><ele>101.7</ele><time>2025-02-05T17:11:39Z</time></trkpt><trkpt lat="58.037955" lon="39.115495"><ele>102.6</ele><time>2025-02-05T17:11:43Z</time></trkpt><trkpt lat="58.03789" lon="39.115425"><ele>103.0</ele><time>2025-02-05T17:11:46Z</time></trkpt><trkpt lat="58.037822" lon="39.115335"><ele>102.7</ele><time>2025-02-05T17:11:49Z</time></trkpt><trkpt lat="58.037735" lon="39.115225"><ele>102.5</ele><time>2025-02-05T17:11:52Z</time></trkpt><trkpt lat="58.03765" lon="39.11513"><ele>101.7</ele><time>2025-02-05T17:11:55Z</time></trkpt><trkpt lat="58.03756" lon="39.115035"><ele>101.4</ele><time>2025-02-05T17:11:58Z</time></trkpt><trkpt lat="58.037477" lon="39.11496"><ele>101.1</ele><time>2025-02-05T17:12:00Z</time></trkpt><trkpt lat="58.037385" lon="39.11487"><ele>100.2</ele><time>2025-02-05T17:12:02Z</time></trkpt><trkpt lat="58.037285" lon="39.11479"><ele>100.6</ele><time>2025-02-05T17:12:04Z</time></trkpt><trkpt lat="58.037185" lon="39.114688"><ele>99.7</ele><time>2025-02-05T17:12:06Z</time></trkpt><trkpt lat="58.037075" lon="39.11459"><ele>101.6</ele><time>2025-02-05T17:12:08Z</time></trkpt><trkpt lat="58.036985" lon="39.114507"><ele>101.5</ele><time>2025-02-05T17:12:10Z</time></trkpt><trkpt lat="58.036892" lon="39.114422"><ele>101.9</ele><time>2025-02-05T17:12:12Z</time></trkpt><trkpt lat="58.036815" lon="39.11436"><ele>101.9</ele><time>2025-02-05T17:12:14Z</time></trkpt><trkpt lat="58.036735" lon="39.114305"><ele>102.0</ele><time>2025-02-05T17:12:16Z</time></trkpt><trkpt lat="58.036665" lon="39.114242"><ele>102.8</ele><time>2025-02-05T17:12:18Z</time></trkpt><trkpt lat="58.036572" lon="39.114155"><ele>102.5</ele><time>2025-02-05T17:12:21Z</time></trkpt><trkpt lat="58.036482" lon="39.11407"><ele>102.6</ele><time>2025-02-05T17:12:24Z</time></trkpt><trkpt lat="58.036387" lon="39.113995"><ele>104.4</ele><time>2025-02-05T17:12:27Z</time></trkpt><trkpt lat="58.036305" lon="39.11391"><ele>102.8</ele><time>2025-02-05T17:12:30Z</time></trkpt><trkpt lat="58.036215" lon="39.113858"><ele>102.5</ele><time>2025-02-05T17:12:33Z</time></trkpt><trkpt lat="58.036135" lon="39.11385"><ele>101.7</ele><time>2025-02-05T17:12:36Z</time></trkpt><trkpt lat="58.036052" lon="39.113862"><ele>101.3</ele><time>2025-02-05T17:12:39Z</time></trkpt><trkpt lat="58.035975" lon="39.11393"><ele>101.4</ele><time>2025-02-05T17:12:42Z</time></trkpt><trkpt lat="58.03589" lon="39.114"><ele>101.5</ele><time>2025-02-05T17:12:45Z</time></trkpt><trkpt lat="58.035823" lon="39.114102"><ele>101.2</ele><time>2025-02-05T17:12:48Z</time></trkpt><trkpt lat="58.03577" lon="39.114215"><ele>101.1</ele><time>2025-02-05T17:12:51Z</time></trkpt><trkpt lat="58.035715" lon="39.114317"><ele>101.2</ele><time>2025-02-05T17:12:54Z</time></trkpt><trkpt lat="58.035665" lon="39.11442"><ele>101.5</ele><time>2025-02-05T17:12:57Z</time></trkpt><trkpt lat="58.035595" lon="39.11453"><ele>101.4</ele><time>2025-02-05T17:13:01Z</time></trkpt><trkpt lat="58.035545" lon="39.114635"><ele>101.7</ele><time>2025-02-05T17:13:04Z</time></trkpt><trkpt lat="58.03549" lon="39.114735"><ele>102.2</ele><time>2025-02-05T17:13:07Z</time></trkpt><trkpt lat="58.035427" lon="39.114855"><ele>102.9</ele><time>2025-02-05T17:13:11Z</time></trkpt><trkpt lat="58.035372" lon="39.114952"><ele>102.8</ele><time>2025-02-05T17:13:15Z</time></trkpt><trkpt lat="58.03531" lon="39.115072"><ele>103.2</ele><time>2025-02-05T17:13:20Z</time></trkpt><trkpt lat="58.03525" lon="39.115205"><ele>103.8</ele><time>2025-02-05T17:13:24Z</time></trkpt><trkpt lat="58.035197" lon="39.11532"><ele>103.5</ele><time>2025-02-05T17:13:27Z</time></trkpt><trkpt lat="58.03514" lon="39.11544"><ele>102.8</ele><time>2025-02-05T17:13:30Z</time></trkpt><trkpt lat="58.03508" lon="39.11556"><ele>103.4</ele><time>2025-02-05T17:13:33Z</time></trkpt><trkpt lat="58.035012" lon="39.115677"><ele>104.0</ele><time>2025-02-05T17:13:36Z</time></trkpt><trkpt lat="58.03496" lon="39.11578"><ele>104.2</ele><time>2025-02-05T17:13:39Z</time></trkpt><trkpt lat="58.0349" lon="39.115882"><ele>104.1</ele><time>2025-02-05T17:13:43Z</time></trkpt><trkpt lat="58.034847" lon="39.116"><ele>104.7</ele><time>2025-02-05T17:13:47Z</time></trkpt><trkpt lat="58.034787" lon="39.116122"><ele>106.3</ele><time>2025-02-05T17:13:51Z</time></trkpt><trkpt lat="58.034722" lon="39.116235"><ele>106.8</ele><time>2025-02-05T17:13:55Z</time></trkpt><trkpt lat="58.034647" lon="39.116327"><ele>106.7</ele><time>2025-02-05T17:13:59Z</time></trkpt><trkpt lat="58.03458" lon="39.116405"><ele>107.5</ele><time>2025-02-05T17:14:02Z</time></trkpt><trkpt lat="58.034512" lon="39.116465"><ele>107.4</ele><time>2025-02-05T17:14:05Z</time></trkpt><trkpt lat="58.03442" lon="39.11652"><ele>107.7</ele><time>2025-02-05T17:14:09Z</time></trkpt><trkpt lat="58.03434" lon="39.116545"><ele>107.0</ele><time>2025-02-05T17:14:12Z</time></trkpt><trkpt lat="58.034245" lon="39.11655"><ele>106.3</ele><time>2025-02-05T17:14:15Z</time></trkpt><trkpt lat="58.034143" lon="39.1166"><ele>106.1</ele><time>2025-02-05T17:14:18Z</time></trkpt><trkpt lat="58.03407" lon="39.116657"><ele>105.8</ele><time>2025-02-05T17:14:20Z</time></trkpt><trkpt lat="58.033975" lon="39.11674"><ele>105.5</ele><time>2025-02-05T17:14:23Z</time></trkpt><trkpt lat="58.033917" lon="39.116845"><ele>105.7</ele><time>2025-02-05T17:14:25Z</time></trkpt><trkpt lat="58.03386" lon="39.116945"><ele>105.3</ele><time>2025-02-05T17:14:27Z</time></trkpt><trkpt lat="58.033795" lon="39.117057"><ele>105.0</ele><time>2025-02-05T17:14:29Z</time></trkpt><trkpt lat="58.03372" lon="39.117175"><ele>104.6</ele><time>2025-02-05T17:14:31Z</time></trkpt><trkpt lat="58.03365" lon="39.11729"><ele>104.5</ele><time>2025-02-05T17:14:33Z</time></trkpt><trkpt lat="58.033585" lon="39.11741"><ele>104.2</ele><time>2025-02-05T17:14:35Z</time></trkpt><trkpt lat="58.03353" lon="39.1175"><ele>104.1</ele><time>2025-02-05T17:14:37Z</time></trkpt><trkpt lat="58.033472" lon="39.117615"><ele>105.3</ele><time>2025-02-05T17:14:40Z</time></trkpt><trkpt lat="58.03341" lon="39.117725"><ele>105.4</ele><time>2025-02-05T17:14:44Z</time></trkpt><trkpt lat="58.033375" lon="39.11787"><ele>105.5</ele><time>2025-02-05T17:14:48Z</time></trkpt><trkpt lat="58.033385" lon="39.118025"><ele>105.2</ele><time>2025-02-05T17:14:51Z</time></trkpt><trkpt lat="58.03343" lon="39.11819"><ele>105.6</ele><time>2025-02-05T17:14:54Z</time></trkpt><trkpt lat="58.033485" lon="39.118325"><ele>105.6</ele><time>2025-02-05T17:14:57Z</time></trkpt><trkpt lat="58.033555" lon="39.118445"><ele>105.8</ele><time>2025-02-05T17:15:00Z</time></trkpt><trkpt lat="58.033622" lon="39.118558"><ele>106.2</ele><time>2025-02-05T17:15:03Z</time></trkpt><trkpt lat="58.033687" lon="39.11867"><ele>106.4</ele><time>2025-02-05T17:15:06Z</time></trkpt><trkpt lat="58.033745" lon="39.118755"><ele>106.4</ele><time>2025-02-05T17:15:09Z</time></trkpt><trkpt lat="58.03381" lon="39.11883"><ele>106.6</ele><time>2025-02-05T17:15:12Z</time></trkpt><trkpt lat="58.03388" lon="39.118873"><ele>106.5</ele><time>2025-02-05T17:15:15Z</time></trkpt><trkpt lat="58.033955" lon="39.118925"><ele>107.2</ele><time>2025-02-05T17:15:19Z</time></trkpt><trkpt lat="58.03404" lon="39.118975"><ele>107.8</ele><time>2025-02-05T17:15:23Z</time></trkpt><trkpt lat="58.03412" lon="39.11905"><ele>107.4</ele><time>2025-02-05T17:15:27Z</time></trkpt><trkpt lat="58.034205" lon="39.119132"><ele>107.3</ele><time>2025-02-05T17:15:31Z</time></trkpt><trkpt lat="58.03428" lon="39.119205"><ele>107.6</ele><time>2025-02-05T17:15:34Z</time></trkpt><trkpt lat="58.03435" lon="39.11928"><ele>108.4</ele><time>2025-02-05T17:15:37Z</time></trkpt><trkpt lat="58.034427" lon="39.119357"><ele>109.4</ele><time>2025-02-05T17:15:41Z</time></trkpt><trkpt lat="58.034505" lon="39.119435"><ele>110.1</ele><time>2025-02-05T17:15:45Z</time></trkpt><trkpt lat="58.034565" lon="39.119515"><ele>110.3</ele><time>2025-02-05T17:15:49Z</time></trkpt><trkpt lat="58.03463" lon="39.11958"><ele>110.6</ele><time>2025-02-05T17:15:53Z</time></trkpt><trkpt lat="58.034705" lon="39.119645"><ele>111.3</ele><time>2025-02-05T17:15:57Z</time></trkpt><trkpt lat="58.034765" lon="39.119715"><ele>111.6</ele><time>2025-02-05T17:16:01Z</time></trkpt><trkpt lat="58.034823" lon="39.1198"><ele>111.7</ele><time>2025-02-05T17:16:05Z</time></trkpt><trkpt lat="58.034865" lon="39.119922"><ele>112.8</ele><time>2025-02-05T17:16:09Z</time></trkpt><trkpt lat="58.03486" lon="39.120077"><ele>113.3</ele><time>2025-02-05T17:16:14Z</time></trkpt><trkpt lat="58.034785" lon="39.12013"><ele>113.2</ele><time>2025-02-05T17:16:18Z</time></trkpt><trkpt lat="58.03471" lon="39.120095"><ele>112.8</ele><time>2025-02-05T17:16:20Z</time></trkpt><trkpt lat="58.034625" lon="39.120017"><ele>111.9</ele><time>2025-02-05T17:16:22Z</time></trkpt><trkpt lat="58.034527" lon="39.119892"><ele>111.5</ele><time>2025-02-05T17:16:24Z</time></trkpt><trkpt lat="58.03442" lon="39.119745"><ele>110.0</ele><time>2025-02-05T17:16:26Z</time></trkpt><trkpt lat="58.034357" lon="39.119657"><ele>109.7</ele><time>2025-02-05T17:16:27Z</time></trkpt><trkpt lat="58.0343" lon="39.11957"><ele>109.5</ele><time>2025-02-05T17:16:28Z</time></trkpt><trkpt lat="58.034195" lon="39.119427"><ele>108.3</ele><time>2025-02-05T17:16:30Z</time></trkpt><trkpt lat="58.034087" lon="39.11929"><ele>107.4</ele><time>2025-02-05T17:16:32Z</time></trkpt><trkpt lat="58.033987" lon="39.119167"><ele>106.7</ele><time>2025-02-05T17:16:34Z</time></trkpt><trkpt lat="58.033885" lon="39.119057"><ele>106.9</ele><time>2025-02-05T17:16:36Z</time></trkpt><trkpt lat="58.033787" lon="39.118942"><ele>106.0</ele><time>2025-02-05T17:16:38Z</time></trkpt><trkpt lat="58.033697" lon="39.118835"><ele>105.4</ele><time>2025-02-05T17:16:40Z</time></trkpt><trkpt lat="58.033613" lon="39.11873"><ele>105.0</ele><time>2025-02-05T17:16:42Z</time></trkpt><trkpt lat="58.033535" lon="39.118632"><ele>104.8</ele><time>2025-02-05T17:16:44Z</time></trkpt><trkpt lat="58.033467" lon="39.118535"><ele>104.6</ele><time>2025-02-05T17:16:46Z</time></trkpt><trkpt lat="58.033375" lon="39.118457"><ele>103.9</ele><time>2025-02-05T17:16:49Z</time></trkpt><trkpt lat="58.033287" lon="39.118435"><ele>103.7</ele><time>2025-02-05T17:16:52Z</time></trkpt><trkpt lat="58.0332" lon="39.118475"><ele>103.6</ele><time>2025-02-05T17:16:55Z</time></trkpt><trkpt lat="58.03313" lon="39.11859"><ele>103.7</ele><time>2025-02-05T17:16:58Z</time></trkpt><trkpt lat="58.03312" lon="39.11873"><ele>104.1</ele><time>2025-02-05T17:17:01Z</time></trkpt><trkpt lat="58.033167" lon="39.118857"><ele>104.7</ele><time>2025-02-05T17:17:05Z</time></trkpt><trkpt lat="58.03325" lon="39.118885"><ele>105.3</ele><time>2025-02-05T17:17:09Z</time></trkpt><trkpt lat="58.033335" lon="39.118915"><ele>105.0</ele><time>2025-02-05T17:17:12Z</time></trkpt><trkpt lat="58.033415" lon="39.118952"><ele>105.0</ele><time>2025-02-05T17:17:15Z</time></trkpt><trkpt lat="58.033495" lon="39.119005"><ele>105.9</ele><time>2025-02-05T17:17:18Z</time></trkpt><trkpt lat="58.033555" lon="39.119075"><ele>106.4</ele><time>2025-02-05T17:17:21Z</time></trkpt><trkpt lat="58.033625" lon="39.11914"><ele>107.7</ele><time>2025-02-05T17:17:24Z</time></trkpt><trkpt lat="58.033692" lon="39.11922"><ele>108.3</ele><time>2025-02-05T17:17:27Z</time></trkpt><trkpt lat="58.03376" lon="39.1193"><ele>108.2</ele><time>2025-02-05T17:17:30Z</time></trkpt><trkpt lat="58.03382" lon="39.119388"><ele>108.4</ele><time>2025-02-05T17:17:33Z</time></trkpt><trkpt lat="58.033875" lon="39.119475"><ele>108.9</ele><time>2025-02-05T17:17:36Z</time></trkpt><trkpt lat="58.033932" lon="39.11956"><ele>108.7</ele><time>2025-02-05T17:17:39Z</time></trkpt><trkpt lat="58.034005" lon="39.119665"><ele>108.6</ele><time>2025-02-05T17:17:43Z</time></trkpt><trkpt lat="58.034075" lon="39.119755"><ele>109.9</ele><time>2025-02-05T17:17:47Z</time></trkpt><trkpt lat="58.034137" lon="39.119847"><ele>111.4</ele><time>2025-02-05T17:17:51Z</time></trkpt><trkpt lat="58.0342" lon="39.119932"><ele>112.0</ele><time>2025-02-05T17:17:55Z</time></trkpt><trkpt lat="58.03426" lon="39.120015"><ele>111.4</ele><time>2025-02-05T17:17:59Z</time></trkpt><trkpt lat="58.034335" lon="39.12009"><ele>112.7</ele><time>2025-02-05T17:18:03Z</time></trkpt><trkpt lat="58.034415" lon="39.12014"><ele>113.4</ele><time>2025-02-05T17:18:07Z</time></trkpt><trkpt lat="58.034495" lon="39.120195"><ele>114.4</ele><time>2025-02-05T17:18:11Z</time></trkpt><trkpt lat="58.034565" lon="39.12027"><ele>114.8</ele><time>2025-02-05T17:18:16Z</time></trkpt><trkpt lat="58.03463" lon="39.120335"><ele>113.8</ele><time>2025-02-05T17:18:21Z</time></trkpt><trkpt lat="58.0347" lon="39.120392"><ele>115.0</ele><time>2025-02-05T17:18:26Z</time></trkpt><trkpt lat="58.034775" lon="39.12039"><ele>115.1</ele><time>2025-02-05T17:18:31Z</time></trkpt><trkpt lat="58.034833" lon="39.120275"><ele>114.5</ele><time>2025-02-05T17:18:35Z</time></trkpt><trkpt lat="58.034885" lon="39.120125"><ele>113.0</ele><time>2025-02-05T17:18:39Z</time></trkpt><trkpt lat="58.03492" lon="39.119965"><ele>112.3</ele><time>2025-02-05T17:18:42Z</time></trkpt><trkpt lat="58.0349" lon="39.11983"><ele>111.8</ele><time>2025-02-05T17:18:44Z</time></trkpt><trkpt lat="58.034835" lon="39.1197"><ele>109.6</ele><time>2025-02-05T17:18:47Z</time></trkpt><trkpt lat="58.034735" lon="39.11956"><ele>108.3</ele><time>2025-02-05T17:18:49Z</time></trkpt><trkpt lat="58.03462" lon="39.11942"><ele>106.6</ele><time>2025-02-05T17:18:51Z</time></trkpt><trkpt lat="58.03444" lon="39.1192"><ele>105.9</ele><time>2025-02-05T17:18:53Z</time></trkpt><trkpt lat="58.03433" lon="39.11909"><ele>105.1</ele><time>2025-02-05T17:18:55Z</time></trkpt><trkpt lat="58.034225" lon="39.118975"><ele>104.0</ele><time>2025-02-05T17:18:57Z</time></trkpt><trkpt lat="58.034125" lon="39.118865"><ele>103.7</ele><time>2025-02-05T17:18:59Z</time></trkpt><trkpt lat="58.03404" lon="39.118765"><ele>103.9</ele><time>2025-02-05T17:19:01Z</time></trkpt><trkpt lat="58.033965" lon="39.11868"><ele>103.8</ele><time>2025-02-05T17:19:03Z</time></trkpt><trkpt lat="58.033905" lon="39.1186"><ele>104.3</ele><time>2025-02-05T17:19:05Z</time></trkpt><trkpt lat="58.033845" lon="39.1185"><ele>106.2</ele><time>2025-02-05T17:19:08Z</time></trkpt><trkpt lat="58.033802" lon="39.118385"><ele>105.7</ele><time>2025-02-05T17:19:12Z</time></trkpt><trkpt lat="58.033772" lon="39.118245"><ele>106.1</ele><time>2025-02-05T17:19:16Z</time></trkpt><trkpt lat="58.033757" lon="39.118098"><ele>105.9</ele><time>2025-02-05T17:19:19Z</time></trkpt><trkpt lat="58.03376" lon="39.11793"><ele>105.9</ele><time>2025-02-05T17:19:22Z</time></trkpt><trkpt lat="58.03379" lon="39.117755"><ele>105.2</ele><time>2025-02-05T17:19:25Z</time></trkpt><trkpt lat="58.03382" lon="39.117625"><ele>105.3</ele><time>2025-02-05T17:19:27Z</time></trkpt><trkpt lat="58.03387" lon="39.11749"><ele>104.8</ele><time>2025-02-05T17:19:29Z</time></trkpt><trkpt lat="58.03393" lon="39.117345"><ele>104.2</ele><time>2025-02-05T17:19:31Z</time></trkpt><trkpt lat="58.034015" lon="39.117205"><ele>103.5</ele><time>2025-02-05T17:19:33Z</time></trkpt><trkpt lat="58.034115" lon="39.117085"><ele>103.0</ele><time>2025-02-05T17:19:35Z</time></trkpt><trkpt lat="58.0342" lon="39.11703"><ele>103.2</ele><time>2025-02-05T17:19:37Z</time></trkpt><trkpt lat="58.034282" lon="39.11702"><ele>103.8</ele><time>2025-02-05T17:19:39Z</time></trkpt><trkpt lat="58.03438" lon="39.117042"><ele>104.7</ele><time>2025-02-05T17:19:42Z</time></trkpt><trkpt lat="58.034462" lon="39.117067"><ele>104.1</ele><time>2025-02-05T17:19:45Z</time></trkpt><trkpt lat="58.03455" lon="39.11711"><ele>105.5</ele><time>2025-02-05T17:19:48Z</time></trkpt><trkpt lat="58.03465" lon="39.117155"><ele>105.5</ele><time>2025-02-05T17:19:51Z</time></trkpt><trkpt lat="58.034735" lon="39.117198"><ele>104.4</ele><time>2025-02-05T17:19:53Z</time></trkpt><trkpt lat="58.034832" lon="39.117265"><ele>104.0</ele><time>2025-02-05T17:19:55Z</time></trkpt><trkpt lat="58.034945" lon="39.11737"><ele>101.2</ele><time>2025-02-05T17:19:57Z</time></trkpt><trkpt lat="58.035015" lon="39.117437"><ele>101.1</ele><time>2025-02-05T17:19:58Z</time></trkpt><trkpt lat="58.035147" lon="39.117585"><ele>101.8</ele><time>2025-02-05T17:20:00Z</time></trkpt><trkpt lat="58.03521" lon="39.11767"><ele>100.6</ele><time>2025-02-05T17:20:01Z</time></trkpt><trkpt lat="58.03532" lon="39.11784"><ele>101.2</ele><time>2025-02-05T17:20:03Z</time></trkpt><trkpt lat="58.035425" lon="39.117965"><ele>101.3</ele><time>2025-02-05T17:20:04Z</time></trkpt><trkpt lat="58.035495" lon="39.11808"><ele>101.5</ele><time>2025-02-05T17:20:07Z</time></trkpt><trkpt lat="58.03556" lon="39.1182"><ele>101.3</ele><time>2025-02-05T17:20:09Z</time></trkpt><trkpt lat="58.03563" lon="39.118272"><ele>101.3</ele><time>2025-02-05T17:20:11Z</time></trkpt><trkpt lat="58.0357" lon="39.118385"><ele>100.9</ele><time>2025-02-05T17:20:14Z</time></trkpt><trkpt lat="58.035772" lon="39.11847"><ele>101.3</ele><time>2025-02-05T17:20:17Z</time></trkpt><trkpt lat="58.035847" lon="39.118552"><ele>101.6</ele><time>2025-02-05T17:20:20Z</time></trkpt><trkpt lat="58.03592" lon="39.11864"><ele>100.9</ele><time>2025-02-05T17:20:23Z</time></trkpt><trkpt lat="58.03598" lon="39.118722"><ele>101.2</ele><time>2025-02-05T17:20:26Z</time></trkpt><trkpt lat="58.036045" lon="39.118815"><ele>101.2</ele><time>2025-02-05T17:20:29Z</time></trkpt><trkpt lat="58.036118" lon="39.118895"><ele>101.8</ele><time>2025-02-05T17:20:32Z</time></trkpt><trkpt lat="58.036188" lon="39.11899"><ele>101.3</ele><time>2025-02-05T17:20:36Z</time></trkpt><trkpt lat="58.03626" lon="39.11908"><ele>102.8</ele><time>2025-02-05T17:20:40Z</time></trkpt><trkpt lat="58.03633" lon="39.11915"><ele>103.6</ele><time>2025-02-05T17:20:44Z</time></trkpt><trkpt lat="58.036395" lon="39.11921"><ele>103.7</ele><time>2025-02-05T17:20:48Z</time></trkpt><trkpt lat="58.036465" lon="39.11926"><ele>105.0</ele><time>2025-02-05T17:20:52Z</time></trkpt><trkpt lat="58.03654" lon="39.119265"><ele>105.3</ele><time>2025-02-05T17:20:57Z</time></trkpt><trkpt lat="58.03663" lon="39.119237"><ele>105.9</ele><time>2025-02-05T17:21:02Z</time></trkpt><trkpt lat="58.036705" lon="39.11921"><ele>105.9</ele><time>2025-02-05T17:21:06Z</time></trkpt><trkpt lat="58.036792" lon="39.11919"><ele>106.0</ele><time>2025-02-05T17:21:11Z</time></trkpt><trkpt lat="58.036865" lon="39.119165"><ele>106.2</ele><time>2025-02-05T17:21:15Z</time></trkpt><trkpt lat="58.036935" lon="39.119132"><ele>107.3</ele><time>2025-02-05T17:21:18Z</time></trkpt><trkpt lat="58.037007" lon="39.119095"><ele>107.0</ele><time>2025-02-05T17:21:22Z</time></trkpt><trkpt lat="58.037087" lon="39.11905"><ele>107.4</ele><time>2025-02-05T17:21:27Z</time></trkpt><trkpt lat="58.037168" lon="39.11896"><ele>107.1</ele><time>2025-02-05T17:21:32Z</time></trkpt><trkpt lat="58.037237" lon="39.118842"><ele>107.1</ele><time>2025-02-05T17:21:35Z</time></trkpt><trkpt lat="58.037305" lon="39.11869"><ele>107.5</ele><time>2025-02-05T17:21:38Z</time></trkpt><trkpt lat="58.037342" lon="39.11857"><ele>106.0</ele><time>2025-02-05T17:21:40Z</time></trkpt><trkpt lat="58.03738" lon="39.118422"><ele>105.5</ele><time>2025-02-05T17:21:42Z</time></trkpt><trkpt lat="58.037402" lon="39.118235"><ele>104.5</ele><time>2025-02-05T17:21:44Z</time></trkpt><trkpt lat="58.037465" lon="39.11808"><ele>103.5</ele><time>2025-02-05T17:21:46Z</time></trkpt><trkpt lat="58.037537" lon="39.11792"><ele>104.1</ele><time>2025-02-05T17:21:48Z</time></trkpt><trkpt lat="58.037585" lon="39.117785"><ele>103.8</ele><time>2025-02-05T17:21:50Z</time></trkpt><trkpt lat="58.037642" lon="39.117663"><ele>103.4</ele><time>2025-02-05T17:21:52Z</time></trkpt><trkpt lat="58.037727" lon="39.117567"><ele>103.3</ele><time>2025-02-05T17:21:55Z</time></trkpt><trkpt lat="58.03779" lon="39.11747"><ele>102.0</ele><time>2025-02-05T17:21:58Z</time></trkpt><trkpt lat="58.03785" lon="39.117375"><ele>101.2</ele><time>2025-02-05T17:22:01Z</time></trkpt><trkpt lat="58.037925" lon="39.11729"><ele>100.9</ele><time>2025-02-05T17:22:05Z</time></trkpt><trkpt lat="58.038002" lon="39.117197"><ele>100.9</ele><time>2025-02-05T17:22:08Z</time></trkpt><trkpt lat="58.038087" lon="39.11712"><ele>101.3</ele><time>2025-02-05T17:22:13Z</time></trkpt><trkpt lat="58.03815" lon="39.117043"><ele>101.1</ele><time>2025-02-05T17:22:16Z</time></trkpt><trkpt lat="58.03821" lon="39.116945"><ele>101.0</ele><time>2025-02-05T17:22:19Z</time></trkpt><trkpt lat="58.03828" lon="39.11684"><ele>101.2</ele><time>2025-02-05T17:22:22Z</time></trkpt><trkpt lat="58.03835" lon="39.116745"><ele>101.2</ele><time>2025-02-05T17:22:25Z</time></trkpt><trkpt lat="58.038422" lon="39.116635"><ele>101.6</ele><time>2025-02-05T17:22:28Z</time></trkpt><trkpt lat="58.038482" lon="39.11654"><ele>101.4</ele><time>2025-02-05T17:22:31Z</time></trkpt><trkpt lat="58.038537" lon="39.1164"><ele>101.7</ele><time>2025-02-05T17:22:35Z</time></trkpt><trkpt lat="58.03856" lon="39.116235"><ele>101.6</ele><time>2025-02-05T17:22:39Z</time></trkpt><trkpt lat="58.03858" lon="39.116085"><ele>101.4</ele><time>2025-02-05T17:22:42Z</time></trkpt><trkpt lat="58.038607" lon="39.11591"><ele>101.2</ele><time>2025-02-05T17:22:45Z</time></trkpt><trkpt lat="58.03863" lon="39.115747"><ele>101.4</ele><time>2025-02-05T17:22:48Z</time></trkpt><trkpt lat="58.038645" lon="39.115603"><ele>101.6</ele><time>2025-02-05T17:22:51Z</time></trkpt><trkpt lat="58.038665" lon="39.115435"><ele>101.6</ele><time>2025-02-05T17:22:54Z</time></trkpt><trkpt lat="58.038685" lon="39.115245"><ele>101.5</ele><time>2025-02-05T17:22:56Z</time></trkpt><trkpt lat="58.038708" lon="39.11505"><ele>101.3</ele><time>2025-02-05T17:23:00Z</time></trkpt><trkpt lat="58.038725" lon="39.114905"><ele>101.0</ele><time>2025-02-05T17:23:02Z</time></trkpt><trkpt lat="58.03874" lon="39.114762"><ele>101.0</ele><time>2025-02-05T17:23:04Z</time></trkpt><trkpt lat="58.038755" lon="39.114617"><ele>101.0</ele><time>2025-02-05T17:23:06Z</time></trkpt><trkpt lat="58.038773" lon="39.114467"><ele>100.8</ele><time>2025-02-05T17:23:08Z</time></trkpt><trkpt lat="58.038795" lon="39.11432"><ele>100.6</ele><time>2025-02-05T17:23:10Z</time></trkpt><trkpt lat="58.038812" lon="39.114175"><ele>100.6</ele><time>2025-02-05T17:23:12Z</time></trkpt><trkpt lat="58.03883" lon="39.114022"><ele>100.6</ele><time>2025-02-05T17:23:14Z</time></trkpt><trkpt lat="58.038847" lon="39.113875"><ele>100.4</ele><time>2025-02-05T17:23:16Z</time></trkpt><trkpt lat="58.03886" lon="39.11373"><ele>100.6</ele><time>2025-02-05T17:23:18Z</time></trkpt><trkpt lat="58.038875" lon="39.113585"><ele>100.5</ele><time>2025-02-05T17:23:20Z</time></trkpt><trkpt lat="58.03889" lon="39.113435"><ele>100.1</ele><time>2025-02-05T17:23:22Z</time></trkpt><trkpt lat="58.038905" lon="39.113285"><ele>100.2</ele><time>2025-02-05T17:23:24Z</time></trkpt><trkpt lat="58.038912" lon="39.11315"><ele>100.2</ele><time>2025-02-05T17:23:26Z</time></trkpt><trkpt lat="58.03891" lon="39.11301"><ele>100.3</ele><time>2025-02-05T17:23:28Z</time></trkpt><trkpt lat="58.0389" lon="39.112875"><ele>99.9</ele><time>2025-02-05T17:23:30Z</time></trkpt><trkpt lat="58.03887" lon="39.112745"><ele>99.4</ele><time>2025-02-05T17:23:32Z</time></trkpt><trkpt lat="58.03883" lon="39.112602"><ele>98.8</ele><time>2025-02-05T17:23:34Z</time></trkpt><trkpt lat="58.03879" lon="39.112475"><ele>98.8</ele><time>2025-02-05T17:23:36Z</time></trkpt><trkpt lat="58.038735" lon="39.112382"><ele>98.9</ele><time>2025-02-05T17:23:38Z</time></trkpt><trkpt lat="58.03865" lon="39.112295"><ele>99.1</ele><time>2025-02-05T17:23:41Z</time></trkpt><trkpt lat="58.038565" lon="39.112235"><ele>99.5</ele><time>2025-02-05T17:23:44Z</time></trkpt><trkpt lat="58.038482" lon="39.112215"><ele>99.4</ele><time>2025-02-05T17:23:47Z</time></trkpt><trkpt lat="58.038405" lon="39.112245"><ele>99.9</ele><time>2025-02-05T17:23:50Z</time></trkpt><trkpt lat="58.038335" lon="39.112297"><ele>99.8</ele><time>2025-02-05T17:23:53Z</time></trkpt><trkpt lat="58.038265" lon="39.1124"><ele>100.1</ele><time>2025-02-05T17:23:56Z</time></trkpt><trkpt lat="58.038222" lon="39.112545"><ele>100.7</ele><time>2025-02-05T17:23:59Z</time></trkpt><trkpt lat="58.03823" lon="39.112718"><ele>101.4</ele><time>2025-02-05T17:24:02Z</time></trkpt><trkpt lat="58.038257" lon="39.112892"><ele>102.2</ele><time>2025-02-05T17:24:05Z</time></trkpt><trkpt lat="58.03829" lon="39.113065"><ele>102.4</ele><time>2025-02-05T17:24:08Z</time></trkpt><trkpt lat="58.038325" lon="39.11325"><ele>102.6</ele><time>2025-02-05T17:24:11Z</time></trkpt><trkpt lat="58.03835" lon="39.11338"><ele>102.9</ele><time>2025-02-05T17:24:13Z</time></trkpt><trkpt lat="58.038372" lon="39.113515"><ele>103.0</ele><time>2025-02-05T17:24:15Z</time></trkpt><trkpt lat="58.038395" lon="39.113715"><ele>103.1</ele><time>2025-02-05T17:24:18Z</time></trkpt><trkpt lat="58.038402" lon="39.1139"><ele>103.3</ele><time>2025-02-05T17:24:21Z</time></trkpt><trkpt lat="58.038383" lon="39.114055"><ele>103.5</ele><time>2025-02-05T17:24:24Z</time></trkpt><trkpt lat="58.038355" lon="39.114205"><ele>103.7</ele><time>2025-02-05T17:24:27Z</time></trkpt><trkpt lat="58.038322" lon="39.114355"><ele>103.9</ele><time>2025-02-05T17:24:30Z</time></trkpt><trkpt lat="58.03828" lon="39.1145"><ele>103.9</ele><time>2025-02-05T17:24:33Z</time></trkpt><trkpt lat="58.038237" lon="39.114655"><ele>104.2</ele><time>2025-02-05T17:24:36Z</time></trkpt><trkpt lat="58.038195" lon="39.11479"><ele>104.1</ele><time>2025-02-05T17:24:39Z</time></trkpt><trkpt lat="58.038155" lon="39.114925"><ele>103.9</ele><time>2025-02-05T17:24:42Z</time></trkpt><trkpt lat="58.038125" lon="39.11506"><ele>104.2</ele><time>2025-02-05T17:24:45Z</time></trkpt><trkpt lat="58.038095" lon="39.115205"><ele>104.2</ele><time>2025-02-05T17:24:48Z</time></trkpt><trkpt lat="58.03808" lon="39.11535"><ele>104.1</ele><time>2025-02-05T17:24:51Z</time></trkpt><trkpt lat="58.038045" lon="39.115487"><ele>104.5</ele><time>2025-02-05T17:24:54Z</time></trkpt><trkpt lat="58.037975" lon="39.115523"><ele>104.8</ele><time>2025-02-05T17:24:58Z</time></trkpt><trkpt lat="58.037902" lon="39.115447"><ele>105.6</ele><time>2025-02-05T17:25:02Z</time></trkpt><trkpt lat="58.037842" lon="39.11537"><ele>105.9</ele><time>2025-02-05T17:25:05Z</time></trkpt><trkpt lat="58.037762" lon="39.115285"><ele>106.3</ele><time>2025-02-05T17:25:08Z</time></trkpt><trkpt lat="58.03768" lon="39.115205"><ele>105.8</ele><time>2025-02-05T17:25:11Z</time></trkpt><trkpt lat="58.03759" lon="39.115117"><ele>105.7</ele><time>2025-02-05T17:25:14Z</time></trkpt><trkpt lat="58.037522" lon="39.115052"><ele>105.1</ele><time>2025-02-05T17:25:16Z</time></trkpt><trkpt lat="58.037445" lon="39.11496"><ele>104.7</ele><time>2025-02-05T17:25:18Z</time></trkpt><trkpt lat="58.03737" lon="39.11487"><ele>103.5</ele><time>2025-02-05T17:25:20Z</time></trkpt><trkpt lat="58.037282" lon="39.114777"><ele>103.8</ele><time>2025-02-05T17:25:22Z</time></trkpt><trkpt lat="58.037205" lon="39.114705"><ele>103.1</ele><time>2025-02-05T17:25:24Z</time></trkpt><trkpt lat="58.037125" lon="39.114655"><ele>102.9</ele><time>2025-02-05T17:25:26Z</time></trkpt><trkpt lat="58.03705" lon="39.114585"><ele>102.6</ele><time>2025-02-05T17:25:28Z</time></trkpt><trkpt lat="58.03697" lon="39.114517"><ele>102.5</ele><time>2025-02-05T17:25:30Z</time></trkpt><trkpt lat="58.036895" lon="39.114452"><ele>102.4</ele><time>2025-02-05T17:25:32Z</time></trkpt><trkpt lat="58.036825" lon="39.114405"><ele>102.6</ele><time>2025-02-05T17:25:34Z</time></trkpt><trkpt lat="58.036757" lon="39.11434"><ele>102.7</ele><time>2025-02-05T17:25:36Z</time></trkpt><trkpt lat="58.03669" lon="39.114285"><ele>102.6</ele><time>2025-02-05T17:25:38Z</time></trkpt><trkpt lat="58.036625" lon="39.114225"><ele>102.7</ele><time>2025-02-05T17:25:40Z</time></trkpt><trkpt lat="58.03656" lon="39.114165"><ele>102.5</ele><time>2025-02-05T17:25:42Z</time></trkpt><trkpt lat="58.036457" lon="39.114082"><ele>102.2</ele><time>2025-02-05T17:25:45Z</time></trkpt><trkpt lat="58.036365" lon="39.113997"><ele>102.0</ele><time>2025-02-05T17:25:48Z</time></trkpt><trkpt lat="58.036265" lon="39.11392"><ele>101.7</ele><time>2025-02-05T17:25:51Z</time></trkpt><trkpt lat="58.036195" lon="39.11388"><ele>102.1</ele><time>2025-02-05T17:25:53Z</time></trkpt><trkpt lat="58.036097" lon="39.11387"><ele>102.1</ele><time>2025-02-05T17:25:56Z</time></trkpt><trkpt lat="58.036005" lon="39.113915"><ele>102.1</ele><time>2025-02-05T17:25:59Z</time></trkpt><trkpt lat="58.03592" lon="39.11398"><ele>102.1</ele><time>2025-02-05T17:26:02Z</time></trkpt><trkpt lat="58.035845" lon="39.11407"><ele>101.9</ele><time>2025-02-05T17:26:05Z</time></trkpt><trkpt lat="58.03579" lon="39.114157"><ele>101.6</ele><time>2025-02-05T17:26:08Z</time></trkpt><trkpt lat="58.035732" lon="39.114265"><ele>101.7</ele><time>2025-02-05T17:26:11Z</time></trkpt><trkpt lat="58.035675" lon="39.114375"><ele>101.9</ele><time>2025-02-05T17:26:14Z</time></trkpt><trkpt lat="58.035615" lon="39.1145"><ele>102.3</ele><time>2025-02-05T17:26:17Z</time></trkpt><trkpt lat="58.03556" lon="39.11461"><ele>102.5</ele><time>2025-02-05T17:26:20Z</time></trkpt><trkpt lat="58.035505" lon="39.114705"><ele>102.9</ele><time>2025-02-05T17:26:23Z</time></trkpt><trkpt lat="58.035452" lon="39.11481"><ele>102.8</ele><time>2025-02-05T17:26:26Z</time></trkpt><trkpt lat="58.035395" lon="39.114915"><ele>103.8</ele><time>2025-02-05T17:26:29Z</time></trkpt><trkpt lat="58.03534" lon="39.115025"><ele>104.0</ele><time>2025-02-05T17:26:32Z</time></trkpt><trkpt lat="58.035282" lon="39.115142"><ele>103.9</ele><time>2025-02-05T17:26:35Z</time></trkpt><trkpt lat="58.035225" lon="39.115282"><ele>104.4</ele><time>2025-02-05T17:26:38Z</time></trkpt><trkpt lat="58.03516" lon="39.115425"><ele>104.4</ele><time>2025-02-05T17:26:41Z</time></trkpt><trkpt lat="58.035095" lon="39.115565"><ele>103.9</ele><time>2025-02-05T17:26:44Z</time></trkpt><trkpt lat="58.035025" lon="39.11571"><ele>104.0</ele><time>2025-02-05T17:26:47Z</time></trkpt><trkpt lat="58.03496" lon="39.11583"><ele>104.3</ele><time>2025-02-05T17:26:50Z</time></trkpt><trkpt lat="58.034902" lon="39.11593"><ele>104.4</ele><time>2025-02-05T17:26:53Z</time></trkpt><trkpt lat="58.034837" lon="39.11603"><ele>104.8</ele><time>2025-02-05T17:26:57Z</time></trkpt><trkpt lat="58.034775" lon="39.11614"><ele>105.5</ele><time>2025-02-05T17:27:01Z</time></trkpt><trkpt lat="58.0347" lon="39.11624"><ele>106.1</ele><time>2025-02-05T17:27:05Z</time></trkpt><trkpt lat="58.03464" lon="39.116315"><ele>106.0</ele><time>2025-02-05T17:27:08Z</time></trkpt><trkpt lat="58.034555" lon="39.116405"><ele>105.9</ele><time>2025-02-05T17:27:12Z</time></trkpt><trkpt lat="58.03448" lon="39.116452"><ele>105.8</ele><time>2025-02-05T17:27:15Z</time></trkpt><trkpt lat="58.034395" lon="39.1165"><ele>105.9</ele><time>2025-02-05T17:27:18Z</time></trkpt><trkpt lat="58.034305" lon="39.11654"><ele>106.1</ele><time>2025-02-05T17:27:21Z</time></trkpt><trkpt lat="58.03421" lon="39.116585"><ele>105.8</ele><time>2025-02-05T17:27:24Z</time></trkpt><trkpt lat="58.034115" lon="39.116635"><ele>105.8</ele><time>2025-02-05T17:27:27Z</time></trkpt><trkpt lat="58.034032" lon="39.11668"><ele>106.1</ele><time>2025-02-05T17:27:30Z</time></trkpt><trkpt lat="58.033955" lon="39.116782"><ele>105.9</ele><time>2025-02-05T17:27:33Z</time></trkpt><trkpt lat="58.0339" lon="39.116875"><ele>105.4</ele><time>2025-02-05T17:27:35Z</time></trkpt><trkpt lat="58.033842" lon="39.11698"><ele>104.8</ele><time>2025-02-05T17:27:37Z</time></trkpt><trkpt lat="58.033775" lon="39.117095"><ele>104.3</ele><time>2025-02-05T17:27:39Z</time></trkpt><trkpt lat="58.033702" lon="39.11721"><ele>103.9</ele><time>2025-02-05T17:27:41Z</time></trkpt><trkpt lat="58.03363" lon="39.117335"><ele>104.3</ele><time>2025-02-05T17:27:43Z</time></trkpt><trkpt lat="58.033572" lon="39.11745"><ele>104.1</ele><time>2025-02-05T17:27:45Z</time></trkpt><trkpt lat="58.033505" lon="39.11757"><ele>105.5</ele><time>2025-02-05T17:27:48Z</time></trkpt><trkpt lat="58.033447" lon="39.117665"><ele>105.7</ele><time>2025-02-05T17:27:51Z</time></trkpt><trkpt lat="58.033387" lon="39.117802"><ele>106.3</ele><time>2025-02-05T17:27:55Z</time></trkpt><trkpt lat="58.033387" lon="39.11794"><ele>107.2</ele><time>2025-02-05T17:27:58Z</time></trkpt><trkpt lat="58.033415" lon="39.118105"><ele>107.2</ele><time>2025-02-05T17:28:01Z</time></trkpt><trkpt lat="58.03348" lon="39.118267"><ele>107.3</ele><time>2025-02-05T17:28:04Z</time></trkpt><trkpt lat="58.033543" lon="39.11842"><ele>107.3</ele><time>2025-02-05T17:28:07Z</time></trkpt><trkpt lat="58.03361" lon="39.118535"><ele>107.5</ele><time>2025-02-05T17:28:10Z</time></trkpt><trkpt lat="58.03368" lon="39.118642"><ele>107.7</ele><time>2025-02-05T17:28:13Z</time></trkpt><trkpt lat="58.033755" lon="39.118745"><ele>107.8</ele><time>2025-02-05T17:28:16Z</time></trkpt><trkpt lat="58.033837" lon="39.118835"><ele>108.7</ele><time>2025-02-05T17:28:19Z</time></trkpt><trkpt lat="58.033918" lon="39.1189"><ele>108.8</ele><time>2025-02-05T17:28:21Z</time></trkpt><trkpt lat="58.03399" lon="39.118942"><ele>110.1</ele><time>2025-02-05T17:28:25Z</time></trkpt><trkpt lat="58.034078" lon="39.119"><ele>110.4</ele><time>2025-02-05T17:28:29Z</time></trkpt><trkpt lat="58.034157" lon="39.119055"><ele>110.5</ele><time>2025-02-05T17:28:32Z</time></trkpt><trkpt lat="58.03424" lon="39.11913"><ele>110.6</ele><time>2025-02-05T17:28:35Z</time></trkpt><trkpt lat="58.034315" lon="39.11921"><ele>110.8</ele><time>2025-02-05T17:28:38Z</time></trkpt><trkpt lat="58.034395" lon="39.1193"><ele>111.6</ele><time>2025-02-05T17:28:42Z</time></trkpt><trkpt lat="58.03448" lon="39.11939"><ele>112.5</ele><time>2025-02-05T17:28:46Z</time></trkpt><trkpt lat="58.034555" lon="39.119475"><ele>112.9</ele><time>2025-02-05T17:28:50Z</time></trkpt><trkpt lat="58.03464" lon="39.119557"><ele>113.6</ele><time>2025-02-05T17:28:54Z</time></trkpt><trkpt lat="58.03471" lon="39.119637"><ele>114.8</ele><time>2025-02-05T17:28:58Z</time></trkpt><trkpt lat="58.034767" lon="39.119715"><ele>115.9</ele><time>2025-02-05T17:29:02Z</time></trkpt><trkpt lat="58.034832" lon="39.119792"><ele>115.8</ele><time>2025-02-05T17:29:06Z</time></trkpt><trkpt lat="58.034892" lon="39.119915"><ele>116.9</ele><time>2025-02-05T17:29:11Z</time></trkpt><trkpt lat="58.03489" lon="39.12006"><ele>117.5</ele><time>2025-02-05T17:29:16Z</time></trkpt><trkpt lat="58.03483" lon="39.120165"><ele>117.1</ele><time>2025-02-05T17:29:22Z</time></trkpt><trkpt lat="58.034747" lon="39.12015"><ele>116.1</ele><time>2025-02-05T17:29:26Z</time></trkpt><trkpt lat="58.034637" lon="39.12002"><ele>114.4</ele><time>2025-02-05T17:29:28Z</time></trkpt><trkpt lat="58.03454" lon="39.119905"><ele>112.3</ele><time>2025-02-05T17:29:30Z</time></trkpt><trkpt lat="58.03444" lon="39.119767"><ele>111.1</ele><time>2025-02-05T17:29:33Z</time></trkpt><trkpt lat="58.034332" lon="39.119618"><ele>108.9</ele><time>2025-02-05T17:29:35Z</time></trkpt><trkpt lat="58.034225" lon="39.119507"><ele>108.0</ele><time>2025-02-05T17:29:37Z</time></trkpt><trkpt lat="58.03412" lon="39.119377"><ele>107.0</ele><time>2025-02-05T17:29:39Z</time></trkpt><trkpt lat="58.03402" lon="39.11925"><ele>106.0</ele><time>2025-02-05T17:29:41Z</time></trkpt><trkpt lat="58.03393" lon="39.119135"><ele>105.3</ele><time>2025-02-05T17:29:43Z</time></trkpt><trkpt lat="58.033837" lon="39.11902"><ele>104.8</ele><time>2025-02-05T17:29:45Z</time></trkpt><trkpt lat="58.03374" lon="39.118897"><ele>104.9</ele><time>2025-02-05T17:29:47Z</time></trkpt><trkpt lat="58.033665" lon="39.118792"><ele>104.5</ele><time>2025-02-05T17:29:49Z</time></trkpt><trkpt lat="58.0336" lon="39.118707"><ele>103.8</ele><time>2025-02-05T17:29:51Z</time></trkpt><trkpt lat="58.03353" lon="39.118625"><ele>104.2</ele><time>2025-02-05T17:29:53Z</time></trkpt><trkpt lat="58.03347" lon="39.118545"><ele>103.7</ele><time>2025-02-05T17:29:55Z</time></trkpt><trkpt lat="58.033405" lon="39.118475"><ele>103.6</ele><time>2025-02-05T17:29:57Z</time></trkpt><trkpt lat="58.033305" lon="39.11843"><ele>103.3</ele><time>2025-02-05T17:30:00Z</time></trkpt><trkpt lat="58.0332" lon="39.118477"><ele>102.7</ele><time>2025-02-05T17:30:03Z</time></trkpt><trkpt lat="58.033125" lon="39.118605"><ele>103.2</ele><time>2025-02-05T17:30:06Z</time></trkpt><trkpt lat="58.03313" lon="39.118745"><ele>104.3</ele><time>2025-02-05T17:30:09Z</time></trkpt><trkpt lat="58.033177" lon="39.118855"><ele>106.2</ele><time>2025-02-05T17:30:13Z</time></trkpt><trkpt lat="58.03326" lon="39.11892"><ele>106.7</ele><time>2025-02-05T17:30:17Z</time></trkpt><trkpt lat="58.033342" lon="39.11896"><ele>107.8</ele><time>2025-02-05T17:30:20Z</time></trkpt><trkpt lat="58.033425" lon="39.119012"><ele>107.6</ele><time>2025-02-05T17:30:23Z</time></trkpt><trkpt lat="58.0335" lon="39.119065"><ele>108.1</ele><time>2025-02-05T17:30:26Z</time></trkpt><trkpt lat="58.033572" lon="39.119125"><ele>108.0</ele><time>2025-02-05T17:30:29Z</time></trkpt><trkpt lat="58.03364" lon="39.11921"><ele>108.1</ele><time>2025-02-05T17:30:32Z</time></trkpt><trkpt lat="58.033715" lon="39.1193"><ele>108.4</ele><time>2025-02-05T17:30:34Z</time></trkpt><trkpt lat="58.033782" lon="39.119392"><ele>108.8</ele><time>2025-02-05T17:30:38Z</time></trkpt><trkpt lat="58.033852" lon="39.119495"><ele>109.6</ele><time>2025-02-05T17:30:41Z</time></trkpt><trkpt lat="58.033925" lon="39.11959"><ele>110.7</ele><time>2025-02-05T17:30:44Z</time></trkpt><trkpt lat="58.033992" lon="39.119692"><ele>112.2</ele><time>2025-02-05T17:30:47Z</time></trkpt><trkpt lat="58.034063" lon="39.119785"><ele>113.4</ele><time>2025-02-05T17:30:50Z</time></trkpt><trkpt lat="58.034142" lon="39.119875"><ele>114.0</ele><time>2025-02-05T17:30:53Z</time></trkpt><trkpt lat="58.0342" lon="39.11996"><ele>113.4</ele><time>2025-02-05T17:30:56Z</time></trkpt><trkpt lat="58.034265" lon="39.120032"><ele>114.1</ele><time>2025-02-05T17:30:59Z</time></trkpt><trkpt lat="58.03435" lon="39.120105"><ele>113.9</ele><time>2025-02-05T17:31:03Z</time></trkpt><trkpt lat="58.034425" lon="39.12018"><ele>114.1</ele><time>2025-02-05T17:31:08Z</time></trkpt><trkpt lat="58.03451" lon="39.120232"><ele>116.6</ele><time>2025-02-05T17:31:13Z</time></trkpt><trkpt lat="58.034575" lon="39.120295"><ele>117.9</ele><time>2025-02-05T17:31:17Z</time></trkpt><trkpt lat="58.034647" lon="39.12036"><ele>119.4</ele><time>2025-02-05T17:31:22Z</time></trkpt><trkpt lat="58.034715" lon="39.120425"><ele>119.5</ele><time>2025-02-05T17:31:27Z</time></trkpt><trkpt lat="58.03479" lon="39.120412"><ele>119.4</ele><time>2025-02-05T17:31:33Z</time></trkpt><trkpt lat="58.034855" lon="39.120308"><ele>115.7</ele><time>2025-02-05T17:31:39Z</time></trkpt><trkpt lat="58.034892" lon="39.120185"><ele>107.4</ele><time>2025-02-05T17:31:44Z</time></trkpt><trkpt lat="58.0348" lon="39.120075"><ele>97.3</ele><time>2025-02-05T17:31:47Z</time></trkpt><trkpt lat="58.034695" lon="39.119922"><ele>96.9</ele><time>2025-02-05T17:31:49Z</time></trkpt><trkpt lat="58.03454" lon="39.119323"><ele>109.7</ele><time>2025-02-05T17:31:52Z</time></trkpt><trkpt lat="58.03443" lon="39.119175"><ele>108.7</ele><time>2025-02-05T17:31:53Z</time></trkpt><trkpt lat="58.034315" lon="39.11905"><ele>108.0</ele><time>2025-02-05T17:31:56Z</time></trkpt><trkpt lat="58.034197" lon="39.118915"><ele>108.1</ele><time>2025-02-05T17:31:58Z</time></trkpt><trkpt lat="58.0341" lon="39.118815"><ele>107.2</ele><time>2025-02-05T17:31:59Z</time></trkpt><trkpt lat="58.034017" lon="39.11871"><ele>106.6</ele><time>2025-02-05T17:32:01Z</time></trkpt><trkpt lat="58.033937" lon="39.11864"><ele>106.4</ele><time>2025-02-05T17:32:04Z</time></trkpt><trkpt lat="58.033865" lon="39.118535"><ele>106.3</ele><time>2025-02-05T17:32:07Z</time></trkpt><trkpt lat="58.03381" lon="39.118408"><ele>107.1</ele><time>2025-02-05T17:32:11Z</time></trkpt><trkpt lat="58.033775" lon="39.118275"><ele>108.4</ele><time>2025-02-05T17:32:15Z</time></trkpt><trkpt lat="58.03376" lon="39.118135"><ele>108.7</ele><time>2025-02-05T17:32:17Z</time></trkpt><trkpt lat="58.033755" lon="39.117975"><ele>108.1</ele><time>2025-02-05T17:32:21Z</time></trkpt><trkpt lat="58.033775" lon="39.117803"><ele>108.1</ele><time>2025-02-05T17:32:24Z</time></trkpt><trkpt lat="58.033795" lon="39.117675"><ele>108.3</ele><time>2025-02-05T17:32:26Z</time></trkpt><trkpt lat="58.03383" lon="39.11755"><ele>108.2</ele><time>2025-02-05T17:32:28Z</time></trkpt><trkpt lat="58.033875" lon="39.117423"><ele>107.4</ele><time>2025-02-05T17:32:30Z</time></trkpt><trkpt lat="58.033935" lon="39.117305"><ele>106.7</ele><time>2025-02-05T17:32:32Z</time></trkpt><trkpt lat="58.03401" lon="39.117175"><ele>105.2</ele><time>2025-02-05T17:32:33Z</time></trkpt><trkpt lat="58.034102" lon="39.117052"><ele>104.6</ele><time>2025-02-05T17:32:35Z</time></trkpt><trkpt lat="58.0342" lon="39.117015"><ele>105.4</ele><time>2025-02-05T17:32:38Z</time></trkpt><trkpt lat="58.034295" lon="39.117022"><ele>107.5</ele><time>2025-02-05T17:32:41Z</time></trkpt><trkpt lat="58.034388" lon="39.11705"><ele>107.6</ele><time>2025-02-05T17:32:45Z</time></trkpt><trkpt lat="58.034485" lon="39.117095"><ele>107.5</ele><time>2025-02-05T17:32:49Z</time></trkpt><trkpt lat="58.03457" lon="39.117127"><ele>107.5</ele><time>2025-02-05T17:32:52Z</time></trkpt><trkpt lat="58.034682" lon="39.117177"><ele>107.3</ele><time>2025-02-05T17:32:55Z</time></trkpt><trkpt lat="58.034777" lon="39.11722"><ele>106.4</ele><time>2025-02-05T17:32:57Z</time></trkpt><trkpt lat="58.03488" lon="39.1173"><ele>105.1</ele><time>2025-02-05T17:32:59Z</time></trkpt><trkpt lat="58.03495" lon="39.11737"><ele>105.0</ele><time>2025-02-05T17:33:00Z</time></trkpt><trkpt lat="58.03503" lon="39.117447"><ele>103.4</ele><time>2025-02-05T17:33:01Z</time></trkpt><trkpt lat="58.035105" lon="39.117515"><ele>103.1</ele><time>2025-02-05T17:33:02Z</time></trkpt><trkpt lat="58.035162" lon="39.117612"><ele>102.3</ele><time>2025-02-05T17:33:03Z</time></trkpt><trkpt lat="58.035225" lon="39.1177"><ele>102.2</ele><time>2025-02-05T17:33:04Z</time></trkpt><trkpt lat="58.035285" lon="39.117792"><ele>103.2</ele><time>2025-02-05T17:33:05Z</time></trkpt><trkpt lat="58.035342" lon="39.117885"><ele>102.7</ele><time>2025-02-05T17:33:06Z</time></trkpt><trkpt lat="58.035435" lon="39.118027"><ele>102.8</ele><time>2025-02-05T17:33:08Z</time></trkpt><trkpt lat="58.03552" lon="39.11814"><ele>102.8</ele><time>2025-02-05T17:33:10Z</time></trkpt><trkpt lat="58.0356" lon="39.11825"><ele>101.9</ele><time>2025-02-05T17:33:11Z</time></trkpt><trkpt lat="58.035662" lon="39.118338"><ele>102.7</ele><time>2025-02-05T17:33:14Z</time></trkpt><trkpt lat="58.035737" lon="39.118422"><ele>101.8</ele><time>2025-02-05T17:33:17Z</time></trkpt><trkpt lat="58.035807" lon="39.118505"><ele>101.3</ele><time>2025-02-05T17:33:20Z</time></trkpt><trkpt lat="58.035885" lon="39.118605"><ele>102.0</ele><time>2025-02-05T17:33:23Z</time></trkpt><trkpt lat="58.035955" lon="39.118695"><ele>102.6</ele><time>2025-02-05T17:33:26Z</time></trkpt><trkpt lat="58.036032" lon="39.118787"><ele>101.8</ele><time>2025-02-05T17:33:30Z</time></trkpt><trkpt lat="58.036102" lon="39.11889"><ele>101.5</ele><time>2025-02-05T17:33:34Z</time></trkpt><trkpt lat="58.03617" lon="39.118965"><ele>101.6</ele><time>2025-02-05T17:33:38Z</time></trkpt><trkpt lat="58.036245" lon="39.11905"><ele>103.7</ele><time>2025-02-05T17:33:42Z</time></trkpt><trkpt lat="58.036315" lon="39.11914"><ele>105.7</ele><time>2025-02-05T17:33:46Z</time></trkpt><trkpt lat="58.036385" lon="39.119205"><ele>106.0</ele><time>2025-02-05T17:33:50Z</time></trkpt><trkpt lat="58.036455" lon="39.119247"><ele>105.9</ele><time>2025-02-05T17:33:54Z</time></trkpt><trkpt lat="58.036527" lon="39.11928"><ele>105.9</ele><time>2025-02-05T17:33:58Z</time></trkpt><trkpt lat="58.03661" lon="39.11928"><ele>106.6</ele><time>2025-02-05T17:34:03Z</time></trkpt><trkpt lat="58.036695" lon="39.119242"><ele>107.4</ele><time>2025-02-05T17:34:07Z</time></trkpt><trkpt lat="58.036765" lon="39.119197"><ele>108.0</ele><time>2025-02-05T17:34:11Z</time></trkpt><trkpt lat="58.036855" lon="39.119165"><ele>107.5</ele><time>2025-02-05T17:34:17Z</time></trkpt><trkpt lat="58.03694" lon="39.11912"><ele>107.0</ele><time>2025-02-05T17:34:22Z</time></trkpt><trkpt lat="58.037017" lon="39.11909"><ele>106.6</ele><time>2025-02-05T17:34:26Z</time></trkpt><trkpt lat="58.037092" lon="39.119035"><ele>106.9</ele><time>2025-02-05T17:34:31Z</time></trkpt><trkpt lat="58.03716" lon="39.11897"><ele>107.0</ele><time>2025-02-05T17:34:35Z</time></trkpt><trkpt lat="58.037235" lon="39.11883"><ele>107.4</ele><time>2025-02-05T17:34:38Z</time></trkpt><trkpt lat="58.037275" lon="39.118715"><ele>106.5</ele><time>2025-02-05T17:34:40Z</time></trkpt><trkpt lat="58.037323" lon="39.11859"><ele>104.5</ele><time>2025-02-05T17:34:43Z</time></trkpt><trkpt lat="58.037402" lon="39.118235"><ele>104.0</ele><time>2025-02-05T17:34:46Z</time></trkpt><trkpt lat="58.037445" lon="39.118065"><ele>104.3</ele><time>2025-02-05T17:34:48Z</time></trkpt><trkpt lat="58.037515" lon="39.117907"><ele>103.5</ele><time>2025-02-05T17:34:50Z</time></trkpt><trkpt lat="58.03756" lon="39.117745"><ele>103.9</ele><time>2025-02-05T17:34:52Z</time></trkpt><trkpt lat="58.03761" lon="39.117615"><ele>104.7</ele><time>2025-02-05T17:34:54Z</time></trkpt><trkpt lat="58.03768" lon="39.11747"><ele>104.7</ele><time>2025-02-05T17:34:57Z</time></trkpt><trkpt lat="58.03775" lon="39.117382"><ele>104.5</ele><time>2025-02-05T17:35:00Z</time></trkpt><trkpt lat="58.03783" lon="39.117345"><ele>103.9</ele><time>2025-02-05T17:35:04Z</time></trkpt><trkpt lat="58.03791" lon="39.11729"><ele>103.0</ele><time>2025-02-05T17:35:08Z</time></trkpt><trkpt lat="58.037982" lon="39.117205"><ele>103.2</ele><time>2025-02-05T17:35:12Z</time></trkpt><trkpt lat="58.03805" lon="39.117128"><ele>104.2</ele><time>2025-02-05T17:35:15Z</time></trkpt><trkpt lat="58.038115" lon="39.11705"><ele>104.9</ele><time>2025-02-05T17:35:18Z</time></trkpt><trkpt lat="58.038182" lon="39.116965"><ele>105.3</ele><time>2025-02-05T17:35:21Z</time></trkpt><trkpt lat="58.038255" lon="39.116875"><ele>104.9</ele><time>2025-02-05T17:35:24Z</time></trkpt><trkpt lat="58.038325" lon="39.116785"><ele>105.0</ele><time>2025-02-05T17:35:27Z</time></trkpt><trkpt lat="58.038392" lon="39.116685"><ele>104.1</ele><time>2025-02-05T17:35:30Z</time></trkpt><trkpt lat="58.038455" lon="39.11657"><ele>103.6</ele><time>2025-02-05T17:35:33Z</time></trkpt><trkpt lat="58.03851" lon="39.116455"><ele>103.7</ele><time>2025-02-05T17:35:36Z</time></trkpt><trkpt lat="58.038535" lon="39.11633"><ele>103.6</ele><time>2025-02-05T17:35:39Z</time></trkpt><trkpt lat="58.03855" lon="39.116192"><ele>103.4</ele><time>2025-02-05T17:35:42Z</time></trkpt><trkpt lat="58.03858" lon="39.11603"><ele>103.3</ele><time>2025-02-05T17:35:44Z</time></trkpt><trkpt lat="58.038605" lon="39.115865"><ele>104.0</ele><time>2025-02-05T17:35:48Z</time></trkpt><trkpt lat="58.038625" lon="39.11572"><ele>103.8</ele><time>2025-02-05T17:35:51Z</time></trkpt><trkpt lat="58.03864" lon="39.115565"><ele>103.4</ele><time>2025-02-05T17:35:55Z</time></trkpt><trkpt lat="58.038645" lon="39.115392"><ele>103.7</ele><time>2025-02-05T17:35:59Z</time></trkpt><trkpt lat="58.03866" lon="39.11525"><ele>103.7</ele><time>2025-02-05T17:36:02Z</time></trkpt><trkpt lat="58.03868" lon="39.1151"><ele>103.5</ele><time>2025-02-05T17:36:05Z</time></trkpt><trkpt lat="58.038693" lon="39.114942"><ele>103.8</ele><time>2025-02-05T17:36:08Z</time></trkpt><trkpt lat="58.038715" lon="39.114805"><ele>103.6</ele><time>2025-02-05T17:36:10Z</time></trkpt><trkpt lat="58.038735" lon="39.114662"><ele>103.1</ele><time>2025-02-05T17:36:12Z</time></trkpt><trkpt lat="58.038752" lon="39.114495"><ele>103.5</ele><time>2025-02-05T17:36:14Z</time></trkpt><trkpt lat="58.038772" lon="39.11434"><ele>102.7</ele><time>2025-02-05T17:36:16Z</time></trkpt><trkpt lat="58.038795" lon="39.1142"><ele>101.9</ele><time>2025-02-05T17:36:18Z</time></trkpt><trkpt lat="58.038812" lon="39.114055"><ele>101.5</ele><time>2025-02-05T17:36:20Z</time></trkpt><trkpt lat="58.03883" lon="39.11392"><ele>101.2</ele><time>2025-02-05T17:36:22Z</time></trkpt><trkpt lat="58.038845" lon="39.113777"><ele>101.4</ele><time>2025-02-05T17:36:24Z</time></trkpt><trkpt lat="58.03887" lon="39.11359"><ele>101.0</ele><time>2025-02-05T17:36:27Z</time></trkpt><trkpt lat="58.03889" lon="39.113412"><ele>100.7</ele><time>2025-02-05T17:36:30Z</time></trkpt><trkpt lat="58.038905" lon="39.113237"><ele>100.6</ele><time>2025-02-05T17:36:33Z</time></trkpt><trkpt lat="58.038907" lon="39.113065"><ele>101.1</ele><time>2025-02-05T17:36:36Z</time></trkpt><trkpt lat="58.038902" lon="39.112895"><ele>100.6</ele><time>2025-02-05T17:36:39Z</time></trkpt><trkpt lat="58.03887" lon="39.112717"><ele>100.3</ele><time>2025-02-05T17:36:42Z</time></trkpt><trkpt lat="58.038835" lon="39.112595"><ele>99.5</ele><time>2025-02-05T17:36:44Z</time></trkpt><trkpt lat="58.03879" lon="39.112475"><ele>98.8</ele><time>2025-02-05T17:36:46Z</time></trkpt><trkpt lat="58.038735" lon="39.112375"><ele>98.4</ele><time>2025-02-05T17:36:48Z</time></trkpt><trkpt lat="58.038652" lon="39.112272"><ele>98.1</ele><time>2025-02-05T17:36:51Z</time></trkpt><trkpt lat="58.03857" lon="39.112215"><ele>98.2</ele><time>2025-02-05T17:36:54Z</time></trkpt><trkpt lat="58.03849" lon="39.112187"><ele>99.0</ele><time>2025-02-05T17:36:57Z</time></trkpt><trkpt lat="58.03842" lon="39.112205"><ele>99.3</ele><time>2025-02-05T17:37:00Z</time></trkpt><trkpt lat="58.03835" lon="39.11226"><ele>99.6</ele><time>2025-02-05T17:37:03Z</time></trkpt><trkpt lat="58.038285" lon="39.112337"><ele>99.9</ele><time>2025-02-05T17:37:06Z</time></trkpt><trkpt lat="58.038238" lon="39.112455"><ele>99.7</ele><time>2025-02-05T17:37:09Z</time></trkpt><trkpt lat="58.03825" lon="39.112595"><ele>99.7</ele><time>2025-02-05T17:37:12Z</time></trkpt><trkpt lat="58.038275" lon="39.11276"><ele>100.8</ele><time>2025-02-05T17:37:15Z</time></trkpt><trkpt lat="58.038275" lon="39.1129"><ele>100.4</ele><time>2025-02-05T17:37:19Z</time></trkpt><trkpt lat="58.038295" lon="39.113028"><ele>101.0</ele><time>2025-02-05T17:37:22Z</time></trkpt><trkpt lat="58.03832" lon="39.113167"><ele>101.8</ele><time>2025-02-05T17:37:25Z</time></trkpt><trkpt lat="58.03835" lon="39.113325"><ele>102.1</ele><time>2025-02-05T17:37:28Z</time></trkpt><trkpt lat="58.03838" lon="39.113495"><ele>103.2</ele><time>2025-02-05T17:37:31Z</time></trkpt><trkpt lat="58.038397" lon="39.11368"><ele>103.4</ele><time>2025-02-05T17:37:34Z</time></trkpt><trkpt lat="58.0384" lon="39.11385"><ele>103.6</ele><time>2025-02-05T17:37:37Z</time></trkpt><trkpt lat="58.03839" lon="39.114007"><ele>104.3</ele><time>2025-02-05T17:37:40Z</time></trkpt><trkpt lat="58.03837" lon="39.114157"><ele>104.2</ele><time>2025-02-05T17:37:43Z</time></trkpt><trkpt lat="58.038335" lon="39.11432"><ele>103.8</ele><time>2025-02-05T17:37:46Z</time></trkpt><trkpt lat="58.038297" lon="39.11448"><ele>104.0</ele><time>2025-02-05T17:37:49Z</time></trkpt><trkpt lat="58.038255" lon="39.114635"><ele>103.6</ele><time>2025-02-05T17:37:52Z</time></trkpt><trkpt lat="58.038215" lon="39.114777"><ele>103.1</ele><time>2025-02-05T17:37:55Z</time></trkpt><trkpt lat="58.038177" lon="39.114917"><ele>103.4</ele><time>2025-02-05T17:37:58Z</time></trkpt><trkpt lat="58.03814" lon="39.11505"><ele>104.2</ele><time>2025-02-05T17:38:01Z</time></trkpt><trkpt lat="58.038115" lon="39.115185"><ele>104.2</ele><time>2025-02-05T17:38:04Z</time></trkpt><trkpt lat="58.038095" lon="39.115325"><ele>104.1</ele><time>2025-02-05T17:38:07Z</time></trkpt><trkpt lat="58.03807" lon="39.115462"><ele>104.7</ele><time>2025-02-05T17:38:10Z</time></trkpt><trkpt lat="58.037985" lon="39.115515"><ele>104.4</ele><time>2025-02-05T17:38:14Z</time></trkpt><trkpt lat="58.037915" lon="39.115448"><ele>104.6</ele><time>2025-02-05T17:38:18Z</time></trkpt><trkpt lat="58.037835" lon="39.115355"><ele>103.2</ele><time>2025-02-05T17:38:21Z</time></trkpt><trkpt lat="58.037765" lon="39.115285"><ele>102.8</ele><time>2025-02-05T17:38:23Z</time></trkpt><trkpt lat="58.037687" lon="39.1152"><ele>102.9</ele><time>2025-02-05T17:38:25Z</time></trkpt><trkpt lat="58.03761" lon="39.11512"><ele>103.0</ele><time>2025-02-05T17:38:27Z</time></trkpt><trkpt lat="58.03753" lon="39.115035"><ele>102.8</ele><time>2025-02-05T17:38:29Z</time></trkpt><trkpt lat="58.03744" lon="39.114925"><ele>102.4</ele><time>2025-02-05T17:38:31Z</time></trkpt><trkpt lat="58.037342" lon="39.114815"><ele>102.6</ele><time>2025-02-05T17:38:33Z</time></trkpt><trkpt lat="58.037245" lon="39.114712"><ele>101.6</ele><time>2025-02-05T17:38:35Z</time></trkpt><trkpt lat="58.037145" lon="39.11461"><ele>101.1</ele><time>2025-02-05T17:38:37Z</time></trkpt><trkpt lat="58.037045" lon="39.114505"><ele>100.1</ele><time>2025-02-05T17:38:39Z</time></trkpt><trkpt lat="58.036967" lon="39.114435"><ele>99.6</ele><time>2025-02-05T17:38:41Z</time></trkpt><trkpt lat="58.036895" lon="39.114375"><ele>99.8</ele><time>2025-02-05T17:38:43Z</time></trkpt><trkpt lat="58.036792" lon="39.114325"><ele>100.3</ele><time>2025-02-05T17:38:46Z</time></trkpt><trkpt lat="58.036702" lon="39.11428"><ele>100.5</ele><time>2025-02-05T17:38:49Z</time></trkpt><trkpt lat="58.036625" lon="39.11423"><ele>100.8</ele><time>2025-02-05T17:38:52Z</time></trkpt><trkpt lat="58.03655" lon="39.114152"><ele>101.3</ele><time>2025-02-05T17:38:55Z</time></trkpt><trkpt lat="58.036462" lon="39.114075"><ele>101.7</ele><time>2025-02-05T17:38:58Z</time></trkpt><trkpt lat="58.03638" lon="39.113995"><ele>101.3</ele><time>2025-02-05T17:39:01Z</time></trkpt><trkpt lat="58.036297" lon="39.113925"><ele>101.0</ele><time>2025-02-05T17:39:04Z</time></trkpt><trkpt lat="58.036212" lon="39.113862"><ele>100.4</ele><time>2025-02-05T17:39:07Z</time></trkpt><trkpt lat="58.03613" lon="39.113855"><ele>100.9</ele><time>2025-02-05T17:39:10Z</time></trkpt><trkpt lat="58.036042" lon="39.113875"><ele>100.7</ele><time>2025-02-05T17:39:13Z</time></trkpt><trkpt lat="58.035955" lon="39.11394"><ele>100.9</ele><time>2025-02-05T17:39:16Z</time></trkpt><trkpt lat="58.035877" lon="39.11404"><ele>101.4</ele><time>2025-02-05T17:39:19Z</time></trkpt><trkpt lat="58.035808" lon="39.114152"><ele>101.8</ele><time>2025-02-05T17:39:22Z</time></trkpt><trkpt lat="58.035747" lon="39.114272"><ele>102.7</ele><time>2025-02-05T17:39:25Z</time></trkpt><trkpt lat="58.035687" lon="39.11439"><ele>102.5</ele><time>2025-02-05T17:39:28Z</time></trkpt><trkpt lat="58.035625" lon="39.1145"><ele>103.3</ele><time>2025-02-05T17:39:31Z</time></trkpt><trkpt lat="58.035572" lon="39.114605"><ele>104.2</ele><time>2025-02-05T17:39:34Z</time></trkpt><trkpt lat="58.035507" lon="39.114725"><ele>104.8</ele><time>2025-02-05T17:39:38Z</time></trkpt><trkpt lat="58.035447" lon="39.11484"><ele>106.0</ele><time>2025-02-05T17:39:42Z</time></trkpt><trkpt lat="58.035392" lon="39.114937"><ele>107.0</ele><time>2025-02-05T17:39:46Z</time></trkpt><trkpt lat="58.035345" lon="39.11504"><ele>108.0</ele><time>2025-02-05T17:39:49Z</time></trkpt><trkpt lat="58.035292" lon="39.115147"><ele>108.4</ele><time>2025-02-05T17:39:52Z</time></trkpt><trkpt lat="58.03524" lon="39.11525"><ele>108.3</ele><time>2025-02-05T17:39:55Z</time></trkpt><trkpt lat="58.03518" lon="39.11537"><ele>108.0</ele><time>2025-02-05T17:39:57Z</time></trkpt><trkpt lat="58.03513" lon="39.11548"><ele>107.8</ele><time>2025-02-05T17:40:01Z</time></trkpt><trkpt lat="58.03508" lon="39.11559"><ele>107.0</ele><time>2025-02-05T17:40:04Z</time></trkpt><trkpt lat="58.03503" lon="39.115702"><ele>106.8</ele><time>2025-02-05T17:40:07Z</time></trkpt><trkpt lat="58.034977" lon="39.115805"><ele>107.1</ele><time>2025-02-05T17:40:10Z</time></trkpt><trkpt lat="58.03492" lon="39.11592"><ele>107.4</ele><time>2025-02-05T17:40:14Z</time></trkpt><trkpt lat="58.034865" lon="39.116035"><ele>108.2</ele><time>2025-02-05T17:40:18Z</time></trkpt><trkpt lat="58.03481" lon="39.11614"><ele>109.4</ele><time>2025-02-05T17:40:22Z</time></trkpt><trkpt lat="58.034747" lon="39.11626"><ele>110.0</ele><time>2025-02-05T17:40:26Z</time></trkpt><trkpt lat="58.034682" lon="39.11635"><ele>110.1</ele><time>2025-02-05T17:40:30Z</time></trkpt><trkpt lat="58.034602" lon="39.116415"><ele>109.1</ele><time>2025-02-05T17:40:35Z</time></trkpt><trkpt lat="58.03452" lon="39.11649"><ele>109.3</ele><time>2025-02-05T17:40:39Z</time></trkpt><trkpt lat="58.03445" lon="39.116525"><ele>108.7</ele><time>2025-02-05T17:40:42Z</time></trkpt><trkpt lat="58.034367" lon="39.11653"><ele>108.7</ele><time>2025-02-05T17:40:45Z</time></trkpt><trkpt lat="58.034287" lon="39.11653"><ele>108.7</ele><time>2025-02-05T17:40:48Z</time></trkpt><trkpt lat="58.0342" lon="39.116565"><ele>108.6</ele><time>2025-02-05T17:40:51Z</time></trkpt><trkpt lat="58.034125" lon="39.116615"><ele>109.1</ele><time>2025-02-05T17:40:54Z</time></trkpt><trkpt lat="58.03404" lon="39.116675"><ele>110.1</ele><time>2025-02-05T17:40:57Z</time></trkpt><trkpt lat="58.03396" lon="39.116785"><ele>110.0</ele><time>2025-02-05T17:41:00Z</time></trkpt><trkpt lat="58.033907" lon="39.116885"><ele>109.8</ele><time>2025-02-05T17:41:02Z</time></trkpt><trkpt lat="58.033845" lon="39.116995"><ele>109.3</ele><time>2025-02-05T17:41:04Z</time></trkpt><trkpt lat="58.033777" lon="39.1171"><ele>109.0</ele><time>2025-02-05T17:41:06Z</time></trkpt><trkpt lat="58.03371" lon="39.117225"><ele>108.4</ele><time>2025-02-05T17:41:08Z</time></trkpt><trkpt lat="58.03365" lon="39.117322"><ele>108.2</ele><time>2025-02-05T17:41:10Z</time></trkpt><trkpt lat="58.033585" lon="39.117422"><ele>108.0</ele><time>2025-02-05T17:41:12Z</time></trkpt><trkpt lat="58.03353" lon="39.117525"><ele>108.8</ele><time>2025-02-05T17:41:14Z</time></trkpt><trkpt lat="58.03347" lon="39.117635"><ele>109.3</ele><time>2025-02-05T17:41:17Z</time></trkpt><trkpt lat="58.033412" lon="39.117755"><ele>110.5</ele><time>2025-02-05T17:41:21Z</time></trkpt><trkpt lat="58.03338" lon="39.117905"><ele>110.2</ele><time>2025-02-05T17:41:25Z</time></trkpt><trkpt lat="58.03341" lon="39.11806"><ele>110.0</ele><time>2025-02-05T17:41:28Z</time></trkpt><trkpt lat="58.033457" lon="39.118217"><ele>110.3</ele><time>2025-02-05T17:41:31Z</time></trkpt><trkpt lat="58.03352" lon="39.118365"><ele>110.4</ele><time>2025-02-05T17:41:34Z</time></trkpt><trkpt lat="58.033585" lon="39.11849"><ele>110.6</ele><time>2025-02-05T17:41:37Z</time></trkpt><trkpt lat="58.033645" lon="39.118595"><ele>111.7</ele><time>2025-02-05T17:41:40Z</time></trkpt><trkpt lat="58.0337" lon="39.118695"><ele>111.4</ele><time>2025-02-05T17:41:43Z</time></trkpt><trkpt lat="58.033775" lon="39.118775"><ele>111.4</ele><time>2025-02-05T17:41:46Z</time></trkpt><trkpt lat="58.033845" lon="39.11884"><ele>111.3</ele><time>2025-02-05T17:41:49Z</time></trkpt><trkpt lat="58.033918" lon="39.118902"><ele>110.6</ele><time>2025-02-05T17:41:53Z</time></trkpt><trkpt lat="58.033992" lon="39.11896"><ele>111.3</ele><time>2025-02-05T17:41:57Z</time></trkpt><trkpt lat="58.034063" lon="39.119002"><ele>110.9</ele><time>2025-02-05T17:42:01Z</time></trkpt><trkpt lat="58.034148" lon="39.11907"><ele>110.9</ele><time>2025-02-05T17:42:05Z</time></trkpt><trkpt lat="58.034225" lon="39.11913"><ele>111.5</ele><time>2025-02-05T17:42:08Z</time></trkpt><trkpt lat="58.034292" lon="39.119195"><ele>112.0</ele><time>2025-02-05T17:42:11Z</time></trkpt><trkpt lat="58.03436" lon="39.11926"><ele>112.5</ele><time>2025-02-05T17:42:14Z</time></trkpt><trkpt lat="58.03444" lon="39.119323"><ele>112.6</ele><time>2025-02-05T17:42:18Z</time></trkpt><trkpt lat="58.034505" lon="39.1194"><ele>112.7</ele><time>2025-02-05T17:42:22Z</time></trkpt><trkpt lat="58.03457" lon="39.119463"><ele>113.2</ele><time>2025-02-05T17:42:26Z</time></trkpt><trkpt lat="58.03463" lon="39.119545"><ele>114.2</ele><time>2025-02-05T17:42:30Z</time></trkpt><trkpt lat="58.03471" lon="39.11964"><ele>115.5</ele><time>2025-02-05T17:42:34Z</time></trkpt><trkpt lat="58.03477" lon="39.119712"><ele>115.6</ele><time>2025-02-05T17:42:38Z</time></trkpt><trkpt lat="58.034832" lon="39.119805"><ele>116.4</ele><time>2025-02-05T17:42:42Z</time></trkpt><trkpt lat="58.034885" lon="39.1199"><ele>117.7</ele><time>2025-02-05T17:42:47Z</time></trkpt><trkpt lat="58.03489" lon="39.120055"><ele>117.8</ele><time>2025-02-05T17:42:54Z</time></trkpt><trkpt lat="58.03481" lon="39.12013"><ele>118.0</ele><time>2025-02-05T17:42:59Z</time></trkpt><trkpt lat="58.03474" lon="39.120095"><ele>116.0</ele><time>2025-02-05T17:43:01Z</time></trkpt><trkpt lat="58.034655" lon="39.120017"><ele>113.8</ele><time>2025-02-05T17:43:03Z</time></trkpt><trkpt lat="58.034555" lon="39.11992"><ele>112.3</ele><time>2025-02-05T17:43:05Z</time></trkpt><trkpt lat="58.034442" lon="39.11979"><ele>110.4</ele><time>2025-02-05T17:43:07Z</time></trkpt><trkpt lat="58.034342" lon="39.119645"><ele>109.9</ele><time>2025-02-05T17:43:09Z</time></trkpt><trkpt lat="58.03429" lon="39.119555"><ele>110.2</ele><time>2025-02-05T17:43:10Z</time></trkpt><trkpt lat="58.03417" lon="39.119397"><ele>109.0</ele><time>2025-02-05T17:43:12Z</time></trkpt><trkpt lat="58.034055" lon="39.11925"><ele>108.6</ele><time>2025-02-05T17:43:14Z</time></trkpt><trkpt lat="58.033945" lon="39.119105"><ele>107.2</ele><time>2025-02-05T17:43:16Z</time></trkpt><trkpt lat="58.033845" lon="39.11899"><ele>107.0</ele><time>2025-02-05T17:43:18Z</time></trkpt><trkpt lat="58.03374" lon="39.118865"><ele>106.7</ele><time>2025-02-05T17:43:20Z</time></trkpt><trkpt lat="58.03365" lon="39.11874"><ele>107.2</ele><time>2025-02-05T17:43:22Z</time></trkpt><trkpt lat="58.033565" lon="39.118625"><ele>107.2</ele><time>2025-02-05T17:43:24Z</time></trkpt><trkpt lat="58.033475" lon="39.118515"><ele>106.8</ele><time>2025-02-05T17:43:26Z</time></trkpt><trkpt lat="58.033387" lon="39.11846"><ele>105.7</ele><time>2025-02-05T17:43:28Z</time></trkpt><trkpt lat="58.033317" lon="39.118425"><ele>105.4</ele><time>2025-02-05T17:43:30Z</time></trkpt><trkpt lat="58.03322" lon="39.11844"><ele>105.7</ele><time>2025-02-05T17:43:33Z</time></trkpt><trkpt lat="58.033135" lon="39.118545"><ele>105.4</ele><time>2025-02-05T17:43:36Z</time></trkpt><trkpt lat="58.033115" lon="39.118695"><ele>106.0</ele><time>2025-02-05T17:43:39Z</time></trkpt><trkpt lat="58.03317" lon="39.11883"><ele>107.4</ele><time>2025-02-05T17:43:43Z</time></trkpt><trkpt lat="58.03326" lon="39.1189"><ele>109.1</ele><time>2025-02-05T17:43:47Z</time></trkpt><trkpt lat="58.03335" lon="39.118938"><ele>110.0</ele><time>2025-02-05T17:43:50Z</time></trkpt><trkpt lat="58.033427" lon="39.118997"><ele>109.6</ele><time>2025-02-05T17:43:53Z</time></trkpt><trkpt lat="58.0335" lon="39.119055"><ele>110.9</ele><time>2025-02-05T17:43:56Z</time></trkpt><trkpt lat="58.03358" lon="39.119125"><ele>111.4</ele><time>2025-02-05T17:43:59Z</time></trkpt><trkpt lat="58.033645" lon="39.119215"><ele>111.0</ele><time>2025-02-05T17:44:01Z</time></trkpt><trkpt lat="58.03371" lon="39.119292"><ele>111.1</ele><time>2025-02-05T17:44:05Z</time></trkpt><trkpt lat="58.033775" lon="39.119365"><ele>111.2</ele><time>2025-02-05T17:44:08Z</time></trkpt><trkpt lat="58.033838" lon="39.119455"><ele>111.4</ele><time>2025-02-05T17:44:11Z</time></trkpt><trkpt lat="58.033895" lon="39.119545"><ele>111.8</ele><time>2025-02-05T17:44:14Z</time></trkpt><trkpt lat="58.03396" lon="39.119645"><ele>111.7</ele><time>2025-02-05T17:44:18Z</time></trkpt><trkpt lat="58.03403" lon="39.119735"><ele>111.5</ele><time>2025-02-05T17:44:22Z</time></trkpt><trkpt lat="58.034095" lon="39.119835"><ele>112.3</ele><time>2025-02-05T17:44:26Z</time></trkpt><trkpt lat="58.034163" lon="39.119917"><ele>112.5</ele><time>2025-02-05T17:44:30Z</time></trkpt><trkpt lat="58.03423" lon="39.119995"><ele>112.7</ele><time>2025-02-05T17:44:34Z</time></trkpt><trkpt lat="58.034302" lon="39.120065"><ele>112.4</ele><time>2025-02-05T17:44:38Z</time></trkpt><trkpt lat="58.034388" lon="39.120147"><ele>111.2</ele><time>2025-02-05T17:44:42Z</time></trkpt><trkpt lat="58.03447" lon="39.120212"><ele>112.5</ele><time>2025-02-05T17:44:45Z</time></trkpt><trkpt lat="58.034537" lon="39.120275"><ele>112.3</ele><time>2025-02-05T17:44:48Z</time></trkpt><trkpt lat="58.034605" lon="39.12034"><ele>112.4</ele><time>2025-02-05T17:44:52Z</time></trkpt><trkpt lat="58.034677" lon="39.120405"><ele>113.4</ele><time>2025-02-05T17:44:56Z</time></trkpt><trkpt lat="58.034753" lon="39.1204"><ele>114.7</ele><time>2025-02-05T17:45:00Z</time></trkpt><trkpt lat="58.03481" lon="39.1203"><ele>113.1</ele><time>2025-02-05T17:45:04Z</time></trkpt><trkpt lat="58.03486" lon="39.12017"><ele>113.6</ele><time>2025-02-05T17:45:07Z</time></trkpt><trkpt lat="58.034865" lon="39.12002"><ele>112.6</ele><time>2025-02-05T17:45:09Z</time></trkpt><trkpt lat="58.03482" lon="39.119858"><ele>112.1</ele><time>2025-02-05T17:45:11Z</time></trkpt><trkpt lat="58.03473" lon="39.1197"><ele>110.5</ele><time>2025-02-05T17:45:13Z</time></trkpt><trkpt lat="58.034625" lon="39.119543"><ele>108.9</ele><time>2025-02-05T17:45:15Z</time></trkpt><trkpt lat="58.034557" lon="39.1194"><ele>109.5</ele><time>2025-02-05T17:45:16Z</time></trkpt><trkpt lat="58.03444" lon="39.11925"><ele>108.9</ele><time>2025-02-05T17:45:18Z</time></trkpt><trkpt lat="58.03432" lon="39.11912"><ele>108.6</ele><time>2025-02-05T17:45:20Z</time></trkpt><trkpt lat="58.034212" lon="39.118997"><ele>107.8</ele><time>2025-02-05T17:45:22Z</time></trkpt><trkpt lat="58.034115" lon="39.118875"><ele>107.6</ele><time>2025-02-05T17:45:24Z</time></trkpt><trkpt lat="58.03402" lon="39.118765"><ele>107.6</ele><time>2025-02-05T17:45:26Z</time></trkpt><trkpt lat="58.033937" lon="39.11867"><ele>107.0</ele><time>2025-02-05T17:45:28Z</time></trkpt><trkpt lat="58.033875" lon="39.118557"><ele>107.6</ele><time>2025-02-05T17:45:30Z</time></trkpt><trkpt lat="58.03382" lon="39.11844"><ele>108.2</ele><time>2025-02-05T17:45:33Z</time></trkpt><trkpt lat="58.033775" lon="39.118307"><ele>109.2</ele><time>2025-02-05T17:45:38Z</time></trkpt><trkpt lat="58.033755" lon="39.118137"><ele>109.1</ele><time>2025-02-05T17:45:42Z</time></trkpt><trkpt lat="58.03375" lon="39.117965"><ele>109.5</ele><time>2025-02-05T17:45:45Z</time></trkpt><trkpt lat="58.033768" lon="39.11777"><ele>110.4</ele><time>2025-02-05T17:45:48Z</time></trkpt><trkpt lat="58.033805" lon="39.11762"><ele>110.5</ele><time>2025-02-05T17:45:50Z</time></trkpt><trkpt lat="58.033845" lon="39.11747"><ele>110.8</ele><time>2025-02-05T17:45:52Z</time></trkpt><trkpt lat="58.033915" lon="39.117345"><ele>109.3</ele><time>2025-02-05T17:45:54Z</time></trkpt><trkpt lat="58.034" lon="39.117198"><ele>107.7</ele><time>2025-02-05T17:45:56Z</time></trkpt><trkpt lat="58.034095" lon="39.11711"><ele>108.2</ele><time>2025-02-05T17:45:58Z</time></trkpt><trkpt lat="58.034195" lon="39.11708"><ele>108.2</ele><time>2025-02-05T17:46:00Z</time></trkpt><trkpt lat="58.03427" lon="39.11706"><ele>108.1</ele><time>2025-02-05T17:46:02Z</time></trkpt><trkpt lat="58.034355" lon="39.117043"><ele>107.4</ele><time>2025-02-05T17:46:05Z</time></trkpt><trkpt lat="58.034442" lon="39.117085"><ele>106.6</ele><time>2025-02-05T17:46:09Z</time></trkpt><trkpt lat="58.03452" lon="39.11709"><ele>107.2</ele><time>2025-02-05T17:46:12Z</time></trkpt><trkpt lat="58.034607" lon="39.117128"><ele>105.3</ele><time>2025-02-05T17:46:15Z</time></trkpt><trkpt lat="58.034677" lon="39.11717"><ele>104.4</ele><time>2025-02-05T17:46:17Z</time></trkpt><trkpt lat="58.03477" lon="39.117225"><ele>104.0</ele><time>2025-02-05T17:46:19Z</time></trkpt><trkpt lat="58.03486" lon="39.1173"><ele>102.0</ele><time>2025-02-05T17:46:21Z</time></trkpt><trkpt lat="58.034992" lon="39.11742"><ele>101.7</ele><time>2025-02-05T17:46:23Z</time></trkpt><trkpt lat="58.035055" lon="39.117492"><ele>101.2</ele><time>2025-02-05T17:46:24Z</time></trkpt><trkpt lat="58.03512" lon="39.117572"><ele>100.8</ele><time>2025-02-05T17:46:25Z</time></trkpt><trkpt lat="58.035235" lon="39.11773"><ele>100.8</ele><time>2025-02-05T17:46:27Z</time></trkpt><trkpt lat="58.035337" lon="39.11788"><ele>101.0</ele><time>2025-02-05T17:46:29Z</time></trkpt><trkpt lat="58.035417" lon="39.118"><ele>100.7</ele><time>2025-02-05T17:46:31Z</time></trkpt><trkpt lat="58.03549" lon="39.118098"><ele>101.0</ele><time>2025-02-05T17:46:33Z</time></trkpt><trkpt lat="58.03556" lon="39.118182"><ele>101.3</ele><time>2025-02-05T17:46:35Z</time></trkpt><trkpt lat="58.035625" lon="39.118252"><ele>100.2</ele><time>2025-02-05T17:46:37Z</time></trkpt><trkpt lat="58.035695" lon="39.11835"><ele>100.4</ele><time>2025-02-05T17:46:40Z</time></trkpt><trkpt lat="58.03577" lon="39.11844"><ele>101.1</ele><time>2025-02-05T17:46:43Z</time></trkpt><trkpt lat="58.035842" lon="39.11853"><ele>101.8</ele><time>2025-02-05T17:46:46Z</time></trkpt><trkpt lat="58.035907" lon="39.11863"><ele>102.4</ele><time>2025-02-05T17:46:49Z</time></trkpt><trkpt lat="58.035977" lon="39.118715"><ele>102.9</ele><time>2025-02-05T17:46:52Z</time></trkpt><trkpt lat="58.036055" lon="39.11881"><ele>102.9</ele><time>2025-02-05T17:46:55Z</time></trkpt><trkpt lat="58.036117" lon="39.118892"><ele>103.3</ele><time>2025-02-05T17:46:57Z</time></trkpt><trkpt lat="58.03618" lon="39.118965"><ele>103.4</ele><time>2025-02-05T17:46:59Z</time></trkpt><trkpt lat="58.036255" lon="39.119075"><ele>102.5</ele><time>2025-02-05T17:47:02Z</time></trkpt><trkpt lat="58.03633" lon="39.11918"><ele>101.6</ele><time>2025-02-05T17:47:05Z</time></trkpt><trkpt lat="58.03639" lon="39.119253"><ele>99.9</ele><time>2025-02-05T17:47:08Z</time></trkpt><trkpt lat="58.036475" lon="39.119287"><ele>99.6</ele><time>2025-02-05T17:47:12Z</time></trkpt><trkpt lat="58.03656" lon="39.119295"><ele>100.6</ele><time>2025-02-05T17:47:16Z</time></trkpt><trkpt lat="58.036645" lon="39.11926"><ele>101.1</ele><time>2025-02-05T17:47:20Z</time></trkpt><trkpt lat="58.036735" lon="39.119245"><ele>102.8</ele><time>2025-02-05T17:47:24Z</time></trkpt><trkpt lat="58.036815" lon="39.119195"><ele>103.5</ele><time>2025-02-05T17:47:29Z</time></trkpt><trkpt lat="58.03689" lon="39.119152"><ele>103.9</ele><time>2025-02-05T17:47:33Z</time></trkpt><trkpt lat="58.03697" lon="39.119105"><ele>103.3</ele><time>2025-02-05T17:47:38Z</time></trkpt><trkpt lat="58.037045" lon="39.119065"><ele>104.1</ele><time>2025-02-05T17:47:42Z</time></trkpt><trkpt lat="58.037118" lon="39.119002"><ele>105.4</ele><time>2025-02-05T17:47:46Z</time></trkpt><trkpt lat="58.0372" lon="39.118882"><ele>104.2</ele><time>2025-02-05T17:47:50Z</time></trkpt><trkpt lat="58.03727" lon="39.118747"><ele>103.6</ele><time>2025-02-05T17:47:53Z</time></trkpt><trkpt lat="58.037335" lon="39.11867"><ele>99.4</ele><time>2025-02-05T17:47:59Z</time></trkpt><trkpt lat="58.037377" lon="39.118555"><ele>98.9</ele><time>2025-02-05T17:48:01Z</time></trkpt><trkpt lat="58.03742" lon="39.118365"><ele>98.5</ele><time>2025-02-05T17:48:03Z</time></trkpt><trkpt lat="58.03745" lon="39.118242"><ele>99.1</ele><time>2025-02-05T17:48:04Z</time></trkpt><trkpt lat="58.037575" lon="39.11774"><ele>102.9</ele><time>2025-02-05T17:48:06Z</time></trkpt><trkpt lat="58.037637" lon="39.1176"><ele>103.4</ele><time>2025-02-05T17:48:08Z</time></trkpt><trkpt lat="58.03769" lon="39.117505"><ele>103.7</ele><time>2025-02-05T17:48:10Z</time></trkpt><trkpt lat="58.03776" lon="39.11741"><ele>100.7</ele><time>2025-02-05T17:48:13Z</time></trkpt><trkpt lat="58.03784" lon="39.117325"><ele>101.2</ele><time>2025-02-05T17:48:16Z</time></trkpt><trkpt lat="58.03792" lon="39.11725"><ele>101.9</ele><time>2025-02-05T17:48:19Z</time></trkpt><trkpt lat="58.03799" lon="39.117195"><ele>101.6</ele><time>2025-02-05T17:48:22Z</time></trkpt><trkpt lat="58.038067" lon="39.11711"><ele>100.2</ele><time>2025-02-05T17:48:26Z</time></trkpt><trkpt lat="58.03814" lon="39.117002"><ele>98.7</ele><time>2025-02-05T17:48:30Z</time></trkpt><trkpt lat="58.038205" lon="39.11691"><ele>99.4</ele><time>2025-02-05T17:48:33Z</time></trkpt><trkpt lat="58.038275" lon="39.116818"><ele>99.4</ele><time>2025-02-05T17:48:36Z</time></trkpt><trkpt lat="58.03834" lon="39.11673"><ele>99.0</ele><time>2025-02-05T17:48:39Z</time></trkpt><trkpt lat="58.03841" lon="39.116615"><ele>99.0</ele><time>2025-02-05T17:48:42Z</time></trkpt><trkpt lat="58.038475" lon="39.116505"><ele>99.8</ele><time>2025-02-05T17:48:45Z</time></trkpt><trkpt lat="58.038517" lon="39.116362"><ele>100.2</ele><time>2025-02-05T17:48:48Z</time></trkpt><trkpt lat="58.038547" lon="39.116195"><ele>100.8</ele><time>2025-02-05T17:48:51Z</time></trkpt><trkpt lat="58.03858" lon="39.116017"><ele>101.2</ele><time>2025-02-05T17:48:54Z</time></trkpt><trkpt lat="58.038605" lon="39.115828"><ele>101.9</ele><time>2025-02-05T17:48:57Z</time></trkpt><trkpt lat="58.038618" lon="39.11567"><ele>102.6</ele><time>2025-02-05T17:49:00Z</time></trkpt><trkpt lat="58.038635" lon="39.115522"><ele>102.5</ele><time>2025-02-05T17:49:03Z</time></trkpt><trkpt lat="58.03865" lon="39.11536"><ele>102.8</ele><time>2025-02-05T17:49:06Z</time></trkpt><trkpt lat="58.03867" lon="39.115197"><ele>103.2</ele><time>2025-02-05T17:49:09Z</time></trkpt><trkpt lat="58.0387" lon="39.115025"><ele>102.8</ele><time>2025-02-05T17:49:12Z</time></trkpt><trkpt lat="58.03872" lon="39.11482"><ele>102.7</ele><time>2025-02-05T17:49:14Z</time></trkpt><trkpt lat="58.038735" lon="39.114665"><ele>102.5</ele><time>2025-02-05T17:49:17Z</time></trkpt><trkpt lat="58.038755" lon="39.114505"><ele>102.0</ele><time>2025-02-05T17:49:19Z</time></trkpt><trkpt lat="58.03877" lon="39.11434"><ele>101.8</ele><time>2025-02-05T17:49:21Z</time></trkpt><trkpt lat="58.03879" lon="39.114177"><ele>101.5</ele><time>2025-02-05T17:49:23Z</time></trkpt><trkpt lat="58.038815" lon="39.114022"><ele>100.2</ele><time>2025-02-05T17:49:25Z</time></trkpt><trkpt lat="58.038835" lon="39.113862"><ele>100.5</ele><time>2025-02-05T17:49:27Z</time></trkpt><trkpt lat="58.038855" lon="39.113712"><ele>99.9</ele><time>2025-02-05T17:49:29Z</time></trkpt><trkpt lat="58.038875" lon="39.113575"><ele>99.3</ele><time>2025-02-05T17:49:31Z</time></trkpt><trkpt lat="58.038887" lon="39.11344"><ele>99.5</ele><time>2025-02-05T17:49:33Z</time></trkpt><trkpt lat="58.0389" lon="39.113295"><ele>100.0</ele><time>2025-02-05T17:49:35Z</time></trkpt><trkpt lat="58.038905" lon="39.113155"><ele>100.4</ele><time>2025-02-05T17:49:37Z</time></trkpt><trkpt lat="58.038905" lon="39.11297"><ele>99.6</ele><time>2025-02-05T17:49:40Z</time></trkpt><trkpt lat="58.03888" lon="39.11282"><ele>99.5</ele><time>2025-02-05T17:49:42Z</time></trkpt><trkpt lat="58.038847" lon="39.112685"><ele>98.8</ele><time>2025-02-05T17:49:44Z</time></trkpt><trkpt lat="58.038807" lon="39.112545"><ele>98.8</ele><time>2025-02-05T17:49:46Z</time></trkpt><trkpt lat="58.038752" lon="39.11244"><ele>98.2</ele><time>2025-02-05T17:49:48Z</time></trkpt><trkpt lat="58.0387" lon="39.112338"><ele>98.4</ele><time>2025-02-05T17:49:50Z</time></trkpt><trkpt lat="58.038608" lon="39.11223"><ele>98.4</ele><time>2025-02-05T17:49:52Z</time></trkpt><trkpt lat="58.03853" lon="39.112195"><ele>98.5</ele><time>2025-02-05T17:49:56Z</time></trkpt><trkpt lat="58.03843" lon="39.112205"><ele>98.8</ele><time>2025-02-05T17:50:00Z</time></trkpt><trkpt lat="58.038355" lon="39.11225"><ele>98.9</ele><time>2025-02-05T17:50:03Z</time></trkpt><trkpt lat="58.038285" lon="39.11234"><ele>100.0</ele><time>2025-02-05T17:50:06Z</time></trkpt><trkpt lat="58.038235" lon="39.112495"><ele>101.6</ele><time>2025-02-05T17:50:09Z</time></trkpt><trkpt lat="58.038225" lon="39.11267"><ele>102.9</ele><time>2025-02-05T17:50:12Z</time></trkpt><trkpt lat="58.03825" lon="39.11283"><ele>103.3</ele><time>2025-02-05T17:50:15Z</time></trkpt><trkpt lat="58.038285" lon="39.112985"><ele>104.1</ele><time>2025-02-05T17:50:18Z</time></trkpt><trkpt lat="58.03831" lon="39.11314"><ele>104.5</ele><time>2025-02-05T17:50:21Z</time></trkpt><trkpt lat="58.03834" lon="39.113295"><ele>104.6</ele><time>2025-02-05T17:50:24Z</time></trkpt><trkpt lat="58.03837" lon="39.113477"><ele>104.7</ele><time>2025-02-05T17:50:27Z</time></trkpt><trkpt lat="58.038393" lon="39.113665"><ele>104.6</ele><time>2025-02-05T17:50:30Z</time></trkpt><trkpt lat="58.038405" lon="39.11384"><ele>105.0</ele><time>2025-02-05T17:50:33Z</time></trkpt><trkpt lat="58.038397" lon="39.11399"><ele>105.7</ele><time>2025-02-05T17:50:36Z</time></trkpt><trkpt lat="58.038375" lon="39.114158"><ele>105.6</ele><time>2025-02-05T17:50:40Z</time></trkpt><trkpt lat="58.038337" lon="39.114308"><ele>104.9</ele><time>2025-02-05T17:50:43Z</time></trkpt><trkpt lat="58.0383" lon="39.11446"><ele>104.8</ele><time>2025-02-05T17:50:46Z</time></trkpt><trkpt lat="58.03826" lon="39.1146"><ele>104.9</ele><time>2025-02-05T17:50:49Z</time></trkpt><trkpt lat="58.038222" lon="39.114747"><ele>105.1</ele><time>2025-02-05T17:50:52Z</time></trkpt><trkpt lat="58.03818" lon="39.11489"><ele>105.3</ele><time>2025-02-05T17:50:55Z</time></trkpt><trkpt lat="58.038142" lon="39.115037"><ele>105.1</ele><time>2025-02-05T17:50:58Z</time></trkpt><trkpt lat="58.03811" lon="39.115185"><ele>105.4</ele><time>2025-02-05T17:51:01Z</time></trkpt><trkpt lat="58.038085" lon="39.115335"><ele>105.6</ele><time>2025-02-05T17:51:04Z</time></trkpt><trkpt lat="58.038057" lon="39.115467"><ele>105.8</ele><time>2025-02-05T17:51:07Z</time></trkpt><trkpt lat="58.03798" lon="39.11553"><ele>106.1</ele><time>2025-02-05T17:51:11Z</time></trkpt><trkpt lat="58.037905" lon="39.115445"><ele>105.1</ele><time>2025-02-05T17:51:15Z</time></trkpt><trkpt lat="58.03784" lon="39.115355"><ele>104.4</ele><time>2025-02-05T17:51:18Z</time></trkpt><trkpt lat="58.037775" lon="39.115275"><ele>104.3</ele><time>2025-02-05T17:51:20Z</time></trkpt><trkpt lat="58.0377" lon="39.115185"><ele>104.0</ele><time>2025-02-05T17:51:22Z</time></trkpt><trkpt lat="58.037615" lon="39.115107"><ele>104.1</ele><time>2025-02-05T17:51:24Z</time></trkpt><trkpt lat="58.03753" lon="39.11502"><ele>103.7</ele><time>2025-02-05T17:51:26Z</time></trkpt><trkpt lat="58.037435" lon="39.11491"><ele>102.3</ele><time>2025-02-05T17:51:28Z</time></trkpt><trkpt lat="58.037335" lon="39.114815"><ele>101.6</ele><time>2025-02-05T17:51:30Z</time></trkpt><trkpt lat="58.037227" lon="39.11472"><ele>100.9</ele><time>2025-02-05T17:51:32Z</time></trkpt><trkpt lat="58.037127" lon="39.114617"><ele>100.9</ele><time>2025-02-05T17:51:34Z</time></trkpt><trkpt lat="58.037037" lon="39.114545"><ele>100.7</ele><time>2025-02-05T17:51:36Z</time></trkpt><trkpt lat="58.036952" lon="39.11448"><ele>99.8</ele><time>2025-02-05T17:51:38Z</time></trkpt><trkpt lat="58.036885" lon="39.114425"><ele>99.5</ele><time>2025-02-05T17:51:40Z</time></trkpt><trkpt lat="58.03682" lon="39.11437"><ele>99.4</ele><time>2025-02-05T17:51:41Z</time></trkpt><trkpt lat="58.03675" lon="39.11431"><ele>99.6</ele><time>2025-02-05T17:51:44Z</time></trkpt><trkpt lat="58.036655" lon="39.114205"><ele>99.7</ele><time>2025-02-05T17:51:47Z</time></trkpt><trkpt lat="58.03659" lon="39.114135"><ele>99.3</ele><time>2025-02-05T17:51:49Z</time></trkpt><trkpt lat="58.036527" lon="39.114065"><ele>99.5</ele><time>2025-02-05T17:51:51Z</time></trkpt><trkpt lat="58.036437" lon="39.11397"><ele>100.0</ele><time>2025-02-05T17:51:54Z</time></trkpt><trkpt lat="58.03635" lon="39.113895"><ele>100.4</ele><time>2025-02-05T17:51:57Z</time></trkpt><trkpt lat="58.036272" lon="39.11384"><ele>100.2</ele><time>2025-02-05T17:52:00Z</time></trkpt><trkpt lat="58.036187" lon="39.113822"><ele>100.1</ele><time>2025-02-05T17:52:03Z</time></trkpt><trkpt lat="58.036105" lon="39.11384"><ele>100.6</ele><time>2025-02-05T17:52:06Z</time></trkpt><trkpt lat="58.03603" lon="39.113867"><ele>101.9</ele><time>2025-02-05T17:52:09Z</time></trkpt><trkpt lat="58.03595" lon="39.113933"><ele>101.5</ele><time>2025-02-05T17:52:13Z</time></trkpt><trkpt lat="58.035882" lon="39.114017"><ele>101.6</ele><time>2025-02-05T17:52:18Z</time></trkpt><trkpt lat="58.035812" lon="39.114115"><ele>101.8</ele><time>2025-02-05T17:52:22Z</time></trkpt><trkpt lat="58.03575" lon="39.114237"><ele>101.8</ele><time>2025-02-05T17:52:25Z</time></trkpt><trkpt lat="58.035685" lon="39.11438"><ele>101.5</ele><time>2025-02-05T17:52:28Z</time></trkpt><trkpt lat="58.035617" lon="39.11451"><ele>101.3</ele><time>2025-02-05T17:52:31Z</time></trkpt><trkpt lat="58.035545" lon="39.11463"><ele>101.7</ele><time>2025-02-05T17:52:34Z</time></trkpt><trkpt lat="58.035485" lon="39.11475"><ele>102.4</ele><time>2025-02-05T17:52:37Z</time></trkpt><trkpt lat="58.035438" lon="39.114855"><ele>103.1</ele><time>2025-02-05T17:52:40Z</time></trkpt><trkpt lat="58.03539" lon="39.11496"><ele>103.4</ele><time>2025-02-05T17:52:43Z</time></trkpt><trkpt lat="58.03533" lon="39.115067"><ele>104.0</ele><time>2025-02-05T17:52:46Z</time></trkpt><trkpt lat="58.03527" lon="39.115195"><ele>104.1</ele><time>2025-02-05T17:52:49Z</time></trkpt><trkpt lat="58.035202" lon="39.115335"><ele>104.2</ele><time>2025-02-05T17:52:52Z</time></trkpt><trkpt lat="58.03515" lon="39.11544"><ele>104.6</ele><time>2025-02-05T17:52:54Z</time></trkpt><trkpt lat="58.0351" lon="39.11555"><ele>104.6</ele><time>2025-02-05T17:52:56Z</time></trkpt><trkpt lat="58.035047" lon="39.11567"><ele>104.9</ele><time>2025-02-05T17:52:58Z</time></trkpt><trkpt lat="58.035" lon="39.11577"><ele>105.0</ele><time>2025-02-05T17:53:00Z</time></trkpt><trkpt lat="58.034935" lon="39.11589"><ele>104.7</ele><time>2025-02-05T17:53:03Z</time></trkpt><trkpt lat="58.034885" lon="39.115995"><ele>105.3</ele><time>2025-02-05T17:53:06Z</time></trkpt><trkpt lat="58.034832" lon="39.116115"><ele>106.0</ele><time>2025-02-05T17:53:10Z</time></trkpt><trkpt lat="58.03477" lon="39.116212"><ele>106.4</ele><time>2025-02-05T17:53:14Z</time></trkpt><trkpt lat="58.03471" lon="39.11632"><ele>106.6</ele><time>2025-02-05T17:53:18Z</time></trkpt><trkpt lat="58.03465" lon="39.11641"><ele>107.1</ele><time>2025-02-05T17:53:22Z</time></trkpt><trkpt lat="58.034577" lon="39.1165"><ele>107.5</ele><time>2025-02-05T17:53:26Z</time></trkpt><trkpt lat="58.034485" lon="39.116565"><ele>106.9</ele><time>2025-02-05T17:53:30Z</time></trkpt><trkpt lat="58.0344" lon="39.116587"><ele>106.6</ele><time>2025-02-05T17:53:33Z</time></trkpt><trkpt lat="58.03431" lon="39.116575"><ele>105.7</ele><time>2025-02-05T17:53:37Z</time></trkpt><trkpt lat="58.034218" lon="39.116575"><ele>105.0</ele><time>2025-02-05T17:53:42Z</time></trkpt><trkpt lat="58.034145" lon="39.116612"><ele>104.8</ele><time>2025-02-05T17:53:45Z</time></trkpt><trkpt lat="58.03406" lon="39.116672"><ele>105.0</ele><time>2025-02-05T17:53:48Z</time></trkpt><trkpt lat="58.033985" lon="39.11678"><ele>104.6</ele><time>2025-02-05T17:53:51Z</time></trkpt><trkpt lat="58.033922" lon="39.116888"><ele>104.3</ele><time>2025-02-05T17:53:53Z</time></trkpt><trkpt lat="58.03386" lon="39.117015"><ele>103.8</ele><time>2025-02-05T17:53:55Z</time></trkpt><trkpt lat="58.033783" lon="39.11714"><ele>103.1</ele><time>2025-02-05T17:53:57Z</time></trkpt><trkpt lat="58.03371" lon="39.11726"><ele>103.1</ele><time>2025-02-05T17:53:59Z</time></trkpt><trkpt lat="58.03364" lon="39.117382"><ele>103.2</ele><time>2025-02-05T17:54:01Z</time></trkpt><trkpt lat="58.033575" lon="39.117497"><ele>103.2</ele><time>2025-02-05T17:54:02Z</time></trkpt><trkpt lat="58.033515" lon="39.11759"><ele>103.8</ele><time>2025-02-05T17:54:05Z</time></trkpt><trkpt lat="58.033445" lon="39.11771"><ele>103.8</ele><time>2025-02-05T17:54:08Z</time></trkpt><trkpt lat="58.0334" lon="39.117855"><ele>104.7</ele><time>2025-02-05T17:54:11Z</time></trkpt><trkpt lat="58.03341" lon="39.118045"><ele>104.9</ele><time>2025-02-05T17:54:14Z</time></trkpt><trkpt lat="58.033442" lon="39.118177"><ele>105.8</ele><time>2025-02-05T17:54:16Z</time></trkpt><trkpt lat="58.03349" lon="39.1183"><ele>106.2</ele><time>2025-02-05T17:54:18Z</time></trkpt><trkpt lat="58.033542" lon="39.11842"><ele>106.6</ele><time>2025-02-05T17:54:20Z</time></trkpt><trkpt lat="58.03359" lon="39.118532"><ele>107.3</ele><time>2025-02-05T17:54:22Z</time></trkpt><trkpt lat="58.033645" lon="39.11863"><ele>107.0</ele><time>2025-02-05T17:54:24Z</time></trkpt><trkpt lat="58.03373" lon="39.118745"><ele>108.3</ele><time>2025-02-05T17:54:27Z</time></trkpt><trkpt lat="58.033815" lon="39.118835"><ele>109.0</ele><time>2025-02-05T17:54:30Z</time></trkpt><trkpt lat="58.0339" lon="39.118912"><ele>109.7</ele><time>2025-02-05T17:54:33Z</time></trkpt><trkpt lat="58.033977" lon="39.11897"><ele>110.4</ele><time>2025-02-05T17:54:36Z</time></trkpt><trkpt lat="58.03405" lon="39.119022"><ele>111.3</ele><time>2025-02-05T17:54:39Z</time></trkpt><trkpt lat="58.03414" lon="39.11909"><ele>111.7</ele><time>2025-02-05T17:54:42Z</time></trkpt><trkpt lat="58.03423" lon="39.119163"><ele>112.1</ele><time>2025-02-05T17:54:45Z</time></trkpt><trkpt lat="58.034322" lon="39.119252"><ele>112.4</ele><time>2025-02-05T17:54:48Z</time></trkpt><trkpt lat="58.034387" lon="39.11931"><ele>113.1</ele><time>2025-02-05T17:54:50Z</time></trkpt><trkpt lat="58.034453" lon="39.119372"><ele>113.6</ele><time>2025-02-05T17:54:52Z</time></trkpt><trkpt lat="58.03454" lon="39.119462"><ele>113.7</ele><time>2025-02-05T17:54:55Z</time></trkpt><trkpt lat="58.03462" lon="39.119535"><ele>114.5</ele><time>2025-02-05T17:54:58Z</time></trkpt><trkpt lat="58.034683" lon="39.119613"><ele>115.3</ele><time>2025-02-05T17:55:01Z</time></trkpt><trkpt lat="58.034747" lon="39.11968"><ele>116.2</ele><time>2025-02-05T17:55:04Z</time></trkpt><trkpt lat="58.03482" lon="39.119767"><ele>117.1</ele><time>2025-02-05T17:55:08Z</time></trkpt><trkpt lat="58.03488" lon="39.119865"><ele>118.6</ele><time>2025-02-05T17:55:12Z</time></trkpt><trkpt lat="58.03489" lon="39.12003"><ele>119.6</ele><time>2025-02-05T17:55:16Z</time></trkpt><trkpt lat="58.034835" lon="39.12013"><ele>119.9</ele><time>2025-02-05T17:55:21Z</time></trkpt><trkpt lat="58.03474" lon="39.120092"><ele>117.4</ele><time>2025-02-05T17:55:24Z</time></trkpt><trkpt lat="58.03465" lon="39.12001"><ele>116.8</ele><time>2025-02-05T17:55:26Z</time></trkpt><trkpt lat="58.03454" lon="39.11991"><ele>115.3</ele><time>2025-02-05T17:55:28Z</time></trkpt><trkpt lat="58.034432" lon="39.11976"><ele>114.8</ele><time>2025-02-05T17:55:30Z</time></trkpt><trkpt lat="58.03431" lon="39.11961"><ele>113.2</ele><time>2025-02-05T17:55:32Z</time></trkpt><trkpt lat="58.03424" lon="39.119517"><ele>110.7</ele><time>2025-02-05T17:55:33Z</time></trkpt><trkpt lat="58.034125" lon="39.119382"><ele>108.7</ele><time>2025-02-05T17:55:35Z</time></trkpt><trkpt lat="58.03406" lon="39.11931"><ele>107.7</ele><time>2025-02-05T17:55:36Z</time></trkpt><trkpt lat="58.03396" lon="39.11918"><ele>107.4</ele><time>2025-02-05T17:55:38Z</time></trkpt><trkpt lat="58.03387" lon="39.119087"><ele>105.2</ele><time>2025-02-05T17:55:40Z</time></trkpt><trkpt lat="58.033775" lon="39.118955"><ele>104.1</ele><time>2025-02-05T17:55:42Z</time></trkpt><trkpt lat="58.03369" lon="39.118842"><ele>104.0</ele><time>2025-02-05T17:55:44Z</time></trkpt><trkpt lat="58.033608" lon="39.118735"><ele>104.1</ele><time>2025-02-05T17:55:46Z</time></trkpt><trkpt lat="58.033537" lon="39.11865"><ele>104.1</ele><time>2025-02-05T17:55:48Z</time></trkpt><trkpt lat="58.033482" lon="39.118562"><ele>104.8</ele><time>2025-02-05T17:55:50Z</time></trkpt><trkpt lat="58.033395" lon="39.11846"><ele>105.0</ele><time>2025-02-05T17:55:53Z</time></trkpt><trkpt lat="58.0333" lon="39.118407"><ele>104.7</ele><time>2025-02-05T17:55:56Z</time></trkpt><trkpt lat="58.03321" lon="39.11846"><ele>103.6</ele><time>2025-02-05T17:55:59Z</time></trkpt><trkpt lat="58.03314" lon="39.11858"><ele>104.1</ele><time>2025-02-05T17:56:02Z</time></trkpt><trkpt lat="58.03313" lon="39.118725"><ele>105.2</ele><time>2025-02-05T17:56:05Z</time></trkpt><trkpt lat="58.033185" lon="39.11885"><ele>106.7</ele><time>2025-02-05T17:56:09Z</time></trkpt><trkpt lat="58.03328" lon="39.118885"><ele>107.9</ele><time>2025-02-05T17:56:13Z</time></trkpt><trkpt lat="58.033357" lon="39.118925"><ele>108.6</ele><time>2025-02-05T17:56:16Z</time></trkpt><trkpt lat="58.033435" lon="39.11897"><ele>108.9</ele><time>2025-02-05T17:56:19Z</time></trkpt><trkpt lat="58.033505" lon="39.119027"><ele>109.4</ele><time>2025-02-05T17:56:22Z</time></trkpt><trkpt lat="58.03359" lon="39.119115"><ele>110.5</ele><time>2025-02-05T17:56:25Z</time></trkpt><trkpt lat="58.033675" lon="39.11921"><ele>110.6</ele><time>2025-02-05T17:56:28Z</time></trkpt><trkpt lat="58.033757" lon="39.119315"><ele>110.2</ele><time>2025-02-05T17:56:31Z</time></trkpt><trkpt lat="58.033835" lon="39.119417"><ele>110.0</ele><time>2025-02-05T17:56:34Z</time></trkpt><trkpt lat="58.033905" lon="39.119537"><ele>110.5</ele><time>2025-02-05T17:56:37Z</time></trkpt><trkpt lat="58.033975" lon="39.119655"><ele>109.6</ele><time>2025-02-05T17:56:40Z</time></trkpt><trkpt lat="58.03403" lon="39.119745"><ele>110.5</ele><time>2025-02-05T17:56:42Z</time></trkpt><trkpt lat="58.0341" lon="39.11985"><ele>111.1</ele><time>2025-02-05T17:56:45Z</time></trkpt><trkpt lat="58.034177" lon="39.11995"><ele>112.0</ele><time>2025-02-05T17:56:48Z</time></trkpt><trkpt lat="58.034242" lon="39.120052"><ele>112.3</ele><time>2025-02-05T17:56:51Z</time></trkpt><trkpt lat="58.034315" lon="39.120125"><ele>113.3</ele><time>2025-02-05T17:56:54Z</time></trkpt><trkpt lat="58.03438" lon="39.120195"><ele>114.1</ele><time>2025-02-05T17:56:57Z</time></trkpt><trkpt lat="58.034442" lon="39.120255"><ele>114.8</ele><time>2025-02-05T17:57:00Z</time></trkpt><trkpt lat="58.03451" lon="39.120315"><ele>115.4</ele><time>2025-02-05T17:57:03Z</time></trkpt><trkpt lat="58.034595" lon="39.120365"><ele>116.6</ele><time>2025-02-05T17:57:07Z</time></trkpt><trkpt lat="58.034677" lon="39.12041"><ele>116.6</ele><time>2025-02-05T17:57:11Z</time></trkpt><trkpt lat="58.03476" lon="39.12041"><ele>117.9</ele><time>2025-02-05T17:57:15Z</time></trkpt><trkpt lat="58.03483" lon="39.120335"><ele>118.7</ele><time>2025-02-05T17:57:19Z</time></trkpt><trkpt lat="58.034877" lon="39.12022"><ele>117.3</ele><time>2025-02-05T17:57:22Z</time></trkpt><trkpt lat="58.0349" lon="39.120082"><ele>112.6</ele><time>2025-02-05T17:57:25Z</time></trkpt><trkpt lat="58.03487" lon="39.11995"><ele>104.8</ele><time>2025-02-05T17:57:28Z</time></trkpt><trkpt lat="58.034765" lon="39.119795"><ele>101.2</ele><time>2025-02-05T17:57:31Z</time></trkpt><trkpt lat="58.034707" lon="39.119712"><ele>100.2</ele><time>2025-02-05T17:57:32Z</time></trkpt><trkpt lat="58.034645" lon="39.119637"><ele>100.3</ele><time>2025-02-05T17:57:33Z</time></trkpt><trkpt lat="58.03446" lon="39.119225"><ele>108.8</ele><time>2025-02-05T17:57:35Z</time></trkpt><trkpt lat="58.03434" lon="39.1191"><ele>107.4</ele><time>2025-02-05T17:57:37Z</time></trkpt><trkpt lat="58.034275" lon="39.119012"><ele>106.1</ele><time>2025-02-05T17:57:38Z</time></trkpt><trkpt lat="58.03417" lon="39.118905"><ele>105.6</ele><time>2025-02-05T17:57:40Z</time></trkpt><trkpt lat="58.034077" lon="39.118797"><ele>105.2</ele><time>2025-02-05T17:57:42Z</time></trkpt><trkpt lat="58.033992" lon="39.118718"><ele>101.9</ele><time>2025-02-05T17:57:44Z</time></trkpt><trkpt lat="58.033922" lon="39.11861"><ele>103.1</ele><time>2025-02-05T17:57:46Z</time></trkpt><trkpt lat="58.033848" lon="39.11849"><ele>104.0</ele><time>2025-02-05T17:57:49Z</time></trkpt><trkpt lat="58.0338" lon="39.11835"><ele>104.4</ele><time>2025-02-05T17:57:53Z</time></trkpt><trkpt lat="58.033765" lon="39.118205"><ele>105.0</ele><time>2025-02-05T17:57:56Z</time></trkpt><trkpt lat="58.033755" lon="39.118025"><ele>106.1</ele><time>2025-02-05T17:57:59Z</time></trkpt><trkpt lat="58.03376" lon="39.117885"><ele>106.6</ele><time>2025-02-05T17:58:01Z</time></trkpt><trkpt lat="58.03378" lon="39.117732"><ele>106.5</ele><time>2025-02-05T17:58:03Z</time></trkpt><trkpt lat="58.033815" lon="39.117577"><ele>106.1</ele><time>2025-02-05T17:58:05Z</time></trkpt><trkpt lat="58.033875" lon="39.117412"><ele>106.8</ele><time>2025-02-05T17:58:07Z</time></trkpt><trkpt lat="58.03395" lon="39.117275"><ele>105.8</ele><time>2025-02-05T17:58:09Z</time></trkpt><trkpt lat="58.034045" lon="39.117137"><ele>105.1</ele><time>2025-02-05T17:58:11Z</time></trkpt><trkpt lat="58.034143" lon="39.117037"><ele>105.1</ele><time>2025-02-05T17:58:13Z</time></trkpt><trkpt lat="58.034217" lon="39.11704"><ele>105.2</ele><time>2025-02-05T17:58:15Z</time></trkpt><trkpt lat="58.034315" lon="39.117038"><ele>105.5</ele><time>2025-02-05T17:58:18Z</time></trkpt><trkpt lat="58.034412" lon="39.117043"><ele>108.4</ele><time>2025-02-05T17:58:21Z</time></trkpt><trkpt lat="58.0345" lon="39.117062"><ele>109.6</ele><time>2025-02-05T17:58:24Z</time></trkpt><trkpt lat="58.03457" lon="39.117087"><ele>109.7</ele><time>2025-02-05T17:58:26Z</time></trkpt><trkpt lat="58.034655" lon="39.11712"><ele>109.6</ele><time>2025-02-05T17:58:28Z</time></trkpt><trkpt lat="58.034745" lon="39.11719"><ele>108.9</ele><time>2025-02-05T17:58:30Z</time></trkpt><trkpt lat="58.034865" lon="39.117265"><ele>108.3</ele><time>2025-02-05T17:58:32Z</time></trkpt><trkpt lat="58.034942" lon="39.11732"><ele>108.2</ele><time>2025-02-05T17:58:33Z</time></trkpt><trkpt lat="58.035048" lon="39.117467"><ele>106.7</ele><time>2025-02-05T17:58:35Z</time></trkpt><trkpt lat="58.03512" lon="39.117542"><ele>105.6</ele><time>2025-02-05T17:58:36Z</time></trkpt><trkpt lat="58.035187" lon="39.117635"><ele>104.8</ele><time>2025-02-05T17:58:36Z</time></trkpt><trkpt lat="58.03525" lon="39.11773"><ele>105.3</ele><time>2025-02-05T17:58:38Z</time></trkpt><trkpt lat="58.03531" lon="39.117802"><ele>104.9</ele><time>2025-02-05T17:58:39Z</time></trkpt><trkpt lat="58.035415" lon="39.117975"><ele>106.0</ele><time>2025-02-05T17:58:41Z</time></trkpt><trkpt lat="58.035508" lon="39.118107"><ele>105.5</ele><time>2025-02-05T17:58:43Z</time></trkpt><trkpt lat="58.035577" lon="39.11822"><ele>106.3</ele><time>2025-02-05T17:58:45Z</time></trkpt><trkpt lat="58.035652" lon="39.118305"><ele>106.7</ele><time>2025-02-05T17:58:47Z</time></trkpt><trkpt lat="58.035715" lon="39.118385"><ele>105.8</ele><time>2025-02-05T17:58:49Z</time></trkpt><trkpt lat="58.035795" lon="39.11849"><ele>106.0</ele><time>2025-02-05T17:58:52Z</time></trkpt><trkpt lat="58.03587" lon="39.118575"><ele>106.5</ele><time>2025-02-05T17:58:55Z</time></trkpt><trkpt lat="58.035935" lon="39.118655"><ele>106.8</ele><time>2025-02-05T17:58:58Z</time></trkpt><trkpt lat="58.03601" lon="39.11873"><ele>105.8</ele><time>2025-02-05T17:59:01Z</time></trkpt><trkpt lat="58.03609" lon="39.118835"><ele>106.6</ele><time>2025-02-05T17:59:04Z</time></trkpt><trkpt lat="58.03617" lon="39.118937"><ele>106.6</ele><time>2025-02-05T17:59:07Z</time></trkpt><trkpt lat="58.036255" lon="39.11904"><ele>107.0</ele><time>2025-02-05T17:59:10Z</time></trkpt><trkpt lat="58.036337" lon="39.11914"><ele>108.9</ele><time>2025-02-05T17:59:13Z</time></trkpt><trkpt lat="58.03642" lon="39.119225"><ele>108.5</ele><time>2025-02-05T17:59:16Z</time></trkpt><trkpt lat="58.03651" lon="39.11927"><ele>107.4</ele><time>2025-02-05T17:59:20Z</time></trkpt><trkpt lat="58.036595" lon="39.11928"><ele>107.0</ele><time>2025-02-05T17:59:24Z</time></trkpt><trkpt lat="58.036685" lon="39.119238"><ele>107.2</ele><time>2025-02-05T17:59:28Z</time></trkpt><trkpt lat="58.03677" lon="39.11921"><ele>107.0</ele><time>2025-02-05T17:59:32Z</time></trkpt><trkpt lat="58.03685" lon="39.119163"><ele>107.7</ele><time>2025-02-05T17:59:36Z</time></trkpt><trkpt lat="58.03694" lon="39.119115"><ele>108.0</ele><time>2025-02-05T17:59:40Z</time></trkpt><trkpt lat="58.037007" lon="39.11907"><ele>108.8</ele><time>2025-02-05T17:59:43Z</time></trkpt><trkpt lat="58.03708" lon="39.119035"><ele>109.0</ele><time>2025-02-05T17:59:46Z</time></trkpt><trkpt lat="58.037155" lon="39.11896"><ele>108.5</ele><time>2025-02-05T17:59:49Z</time></trkpt><trkpt lat="58.037215" lon="39.118865"><ele>108.0</ele><time>2025-02-05T17:59:51Z</time></trkpt><trkpt lat="58.037265" lon="39.11873"><ele>107.1</ele><time>2025-02-05T17:59:53Z</time></trkpt><trkpt lat="58.037315" lon="39.118562"><ele>106.5</ele><time>2025-02-05T17:59:55Z</time></trkpt><trkpt lat="58.03738" lon="39.118355"><ele>106.8</ele><time>2025-02-05T17:59:57Z</time></trkpt><trkpt lat="58.037435" lon="39.118155"><ele>106.9</ele><time>2025-02-05T17:59:59Z</time></trkpt><trkpt lat="58.037478" lon="39.117947"><ele>106.7</ele><time>2025-02-05T18:00:01Z</time></trkpt><trkpt lat="58.03759" lon="39.11776"><ele>104.3</ele><time>2025-02-05T18:00:03Z</time></trkpt><trkpt lat="58.03765" lon="39.11762"><ele>104.0</ele><time>2025-02-05T18:00:05Z</time></trkpt><trkpt lat="58.037708" lon="39.117525"><ele>103.7</ele><time>2025-02-05T18:00:07Z</time></trkpt><trkpt lat="58.03777" lon="39.11745"><ele>104.0</ele><time>2025-02-05T18:00:09Z</time></trkpt><trkpt lat="58.037847" lon="39.117372"><ele>104.2</ele><time>2025-02-05T18:00:12Z</time></trkpt><trkpt lat="58.037915" lon="39.117292"><ele>104.7</ele><time>2025-02-05T18:00:15Z</time></trkpt><trkpt lat="58.037985" lon="39.117205"><ele>105.0</ele><time>2025-02-05T18:00:18Z</time></trkpt><trkpt lat="58.03805" lon="39.117135"><ele>104.2</ele><time>2025-02-05T18:00:21Z</time></trkpt><trkpt lat="58.038125" lon="39.117035"><ele>104.6</ele><time>2025-02-05T18:00:25Z</time></trkpt><trkpt lat="58.038195" lon="39.116955"><ele>104.3</ele><time>2025-02-05T18:00:28Z</time></trkpt><trkpt lat="58.03827" lon="39.116855"><ele>104.8</ele><time>2025-02-05T18:00:31Z</time></trkpt><trkpt lat="58.038337" lon="39.116775"><ele>104.3</ele><time>2025-02-05T18:00:34Z</time></trkpt><trkpt lat="58.038405" lon="39.116695"><ele>104.2</ele><time>2025-02-05T18:00:37Z</time></trkpt><trkpt lat="58.038468" lon="39.116582"><ele>104.6</ele><time>2025-02-05T18:00:40Z</time></trkpt><trkpt lat="58.03853" lon="39.116453"><ele>105.0</ele><time>2025-02-05T18:00:43Z</time></trkpt><trkpt lat="58.038562" lon="39.116295"><ele>103.7</ele><time>2025-02-05T18:00:46Z</time></trkpt><trkpt lat="58.038582" lon="39.116135"><ele>102.9</ele><time>2025-02-05T18:00:49Z</time></trkpt><trkpt lat="58.038605" lon="39.11595"><ele>102.8</ele><time>2025-02-05T18:00:52Z</time></trkpt><trkpt lat="58.038622" lon="39.11577"><ele>103.0</ele><time>2025-02-05T18:00:54Z</time></trkpt><trkpt lat="58.038635" lon="39.11562"><ele>103.7</ele><time>2025-02-05T18:00:58Z</time></trkpt><trkpt lat="58.03865" lon="39.11546"><ele>103.8</ele><time>2025-02-05T18:01:02Z</time></trkpt><trkpt lat="58.03866" lon="39.11531"><ele>103.7</ele><time>2025-02-05T18:01:05Z</time></trkpt><trkpt lat="58.038685" lon="39.115115"><ele>102.7</ele><time>2025-02-05T18:01:08Z</time></trkpt><trkpt lat="58.038705" lon="39.114975"><ele>102.4</ele><time>2025-02-05T18:01:10Z</time></trkpt><trkpt lat="58.038725" lon="39.114812"><ele>102.7</ele><time>2025-02-05T18:01:12Z</time></trkpt><trkpt lat="58.038745" lon="39.11464"><ele>101.6</ele><time>2025-02-05T18:01:14Z</time></trkpt><trkpt lat="58.038763" lon="39.11448"><ele>100.5</ele><time>2025-02-05T18:01:16Z</time></trkpt><trkpt lat="58.03879" lon="39.114327"><ele>99.8</ele><time>2025-02-05T18:01:18Z</time></trkpt><trkpt lat="58.03881" lon="39.11418"><ele>99.9</ele><time>2025-02-05T18:01:20Z</time></trkpt><trkpt lat="58.03883" lon="39.114037"><ele>99.2</ele><time>2025-02-05T18:01:22Z</time></trkpt><trkpt lat="58.03884" lon="39.11389"><ele>99.1</ele><time>2025-02-05T18:01:24Z</time></trkpt><trkpt lat="58.038855" lon="39.11375"><ele>99.6</ele><time>2025-02-05T18:01:26Z</time></trkpt><trkpt lat="58.03887" lon="39.11361"><ele>99.7</ele><time>2025-02-05T18:01:28Z</time></trkpt><trkpt lat="58.038885" lon="39.11347"><ele>99.6</ele><time>2025-02-05T18:01:30Z</time></trkpt><trkpt lat="58.0389" lon="39.113323"><ele>99.8</ele><time>2025-02-05T18:01:32Z</time></trkpt><trkpt lat="58.038905" lon="39.11318"><ele>99.7</ele><time>2025-02-05T18:01:34Z</time></trkpt><trkpt lat="58.038907" lon="39.11304"><ele>99.2</ele><time>2025-02-05T18:01:36Z</time></trkpt><trkpt lat="58.038895" lon="39.112885"><ele>99.6</ele><time>2025-02-05T18:01:38Z</time></trkpt><trkpt lat="58.03886" lon="39.112742"><ele>99.3</ele><time>2025-02-05T18:01:40Z</time></trkpt><trkpt lat="58.03883" lon="39.1126"><ele>99.2</ele><time>2025-02-05T18:01:42Z</time></trkpt><trkpt lat="58.038785" lon="39.11247"><ele>99.0</ele><time>2025-02-05T18:01:44Z</time></trkpt><trkpt lat="58.03872" lon="39.112365"><ele>98.7</ele><time>2025-02-05T18:01:46Z</time></trkpt><trkpt lat="58.038655" lon="39.112273"><ele>99.0</ele><time>2025-02-05T18:01:48Z</time></trkpt><trkpt lat="58.038582" lon="39.112215"><ele>99.0</ele><time>2025-02-05T18:01:50Z</time></trkpt><trkpt lat="58.03849" lon="39.112187"><ele>99.2</ele><time>2025-02-05T18:01:53Z</time></trkpt><trkpt lat="58.0384" lon="39.112222"><ele>99.3</ele><time>2025-02-05T18:01:56Z</time></trkpt><trkpt lat="58.038307" lon="39.1123"><ele>99.9</ele><time>2025-02-05T18:01:59Z</time></trkpt><trkpt lat="58.038235" lon="39.112447"><ele>99.9</ele><time>2025-02-05T18:02:02Z</time></trkpt><trkpt lat="58.038215" lon="39.11259"><ele>100.4</ele><time>2025-02-05T18:02:04Z</time></trkpt><trkpt lat="58.038225" lon="39.112745"><ele>101.0</ele><time>2025-02-05T18:02:06Z</time></trkpt><trkpt lat="58.038252" lon="39.112885"><ele>101.0</ele><time>2025-02-05T18:02:08Z</time></trkpt><trkpt lat="58.03828" lon="39.113027"><ele>101.0</ele><time>2025-02-05T18:02:10Z</time></trkpt><trkpt lat="58.03831" lon="39.113177"><ele>101.5</ele><time>2025-02-05T18:02:12Z</time></trkpt><trkpt lat="58.03834" lon="39.113327"><ele>101.8</ele><time>2025-02-05T18:02:14Z</time></trkpt><trkpt lat="58.038367" lon="39.113478"><ele>102.3</ele><time>2025-02-05T18:02:16Z</time></trkpt><trkpt lat="58.038383" lon="39.113625"><ele>102.5</ele><time>2025-02-05T18:02:18Z</time></trkpt><trkpt lat="58.038395" lon="39.113765"><ele>102.7</ele><time>2025-02-05T18:02:20Z</time></trkpt><trkpt lat="58.038397" lon="39.113955"><ele>103.2</ele><time>2025-02-05T18:02:23Z</time></trkpt><trkpt lat="58.038382" lon="39.11414"><ele>103.5</ele><time>2025-02-05T18:02:26Z</time></trkpt><trkpt lat="58.038355" lon="39.114265"><ele>103.5</ele><time>2025-02-05T18:02:28Z</time></trkpt><trkpt lat="58.038325" lon="39.1144"><ele>103.9</ele><time>2025-02-05T18:02:30Z</time></trkpt><trkpt lat="58.03829" lon="39.114535"><ele>104.0</ele><time>2025-02-05T18:02:32Z</time></trkpt><trkpt lat="58.038257" lon="39.11467"><ele>104.0</ele><time>2025-02-05T18:02:34Z</time></trkpt><trkpt lat="58.038225" lon="39.11479"><ele>104.3</ele><time>2025-02-05T18:02:36Z</time></trkpt><trkpt lat="58.038175" lon="39.11495"><ele>104.2</ele><time>2025-02-05T18:02:39Z</time></trkpt><trkpt lat="58.038142" lon="39.115095"><ele>104.1</ele><time>2025-02-05T18:02:42Z</time></trkpt><trkpt lat="58.03811" lon="39.115262"><ele>104.6</ele><time>2025-02-05T18:02:45Z</time></trkpt><trkpt lat="58.03808" lon="39.115425"><ele>105.0</ele><time>2025-02-05T18:02:48Z</time></trkpt><trkpt lat="58.038035" lon="39.115535"><ele>104.7</ele><time>2025-02-05T18:02:51Z</time></trkpt><trkpt lat="58.037955" lon="39.1155"><ele>104.7</ele><time>2025-02-05T18:02:55Z</time></trkpt><trkpt lat="58.037885" lon="39.115415"><ele>104.3</ele><time>2025-02-05T18:02:59Z</time></trkpt><trkpt lat="58.0378" lon="39.11534"><ele>104.1</ele><time>2025-02-05T18:03:03Z</time></trkpt><trkpt lat="58.037735" lon="39.11526"><ele>104.4</ele><time>2025-02-05T18:03:06Z</time></trkpt><trkpt lat="58.037662" lon="39.115185"><ele>103.7</ele><time>2025-02-05T18:03:09Z</time></trkpt><trkpt lat="58.037577" lon="39.1151"><ele>102.6</ele><time>2025-02-05T18:03:12Z</time></trkpt><trkpt lat="58.037495" lon="39.115002"><ele>101.3</ele><time>2025-02-05T18:03:14Z</time></trkpt><trkpt lat="58.037395" lon="39.1149"><ele>100.0</ele><time>2025-02-05T18:03:16Z</time></trkpt><trkpt lat="58.037305" lon="39.114805"><ele>99.6</ele><time>2025-02-05T18:03:18Z</time></trkpt><trkpt lat="58.037215" lon="39.114717"><ele>99.0</ele><time>2025-02-05T18:03:20Z</time></trkpt><trkpt lat="58.03711" lon="39.11463"><ele>100.1</ele><time>2025-02-05T18:03:22Z</time></trkpt><trkpt lat="58.037015" lon="39.114527"><ele>100.1</ele><time>2025-02-05T18:03:24Z</time></trkpt><trkpt lat="58.036942" lon="39.114437"><ele>98.9</ele><time>2025-02-05T18:03:26Z</time></trkpt><trkpt lat="58.03686" lon="39.114365"><ele>99.8</ele><time>2025-02-05T18:03:28Z</time></trkpt><trkpt lat="58.036775" lon="39.1143"><ele>99.7</ele><time>2025-02-05T18:03:29Z</time></trkpt><trkpt lat="58.036705" lon="39.114243"><ele>100.3</ele><time>2025-02-05T18:03:31Z</time></trkpt><trkpt lat="58.036632" lon="39.11419"><ele>101.0</ele><time>2025-02-05T18:03:34Z</time></trkpt><trkpt lat="58.036567" lon="39.114115"><ele>101.9</ele><time>2025-02-05T18:03:36Z</time></trkpt><trkpt lat="58.036475" lon="39.114017"><ele>101.5</ele><time>2025-02-05T18:03:39Z</time></trkpt><trkpt lat="58.036395" lon="39.113925"><ele>99.4</ele><time>2025-02-05T18:03:42Z</time></trkpt><trkpt lat="58.036315" lon="39.113815"><ele>99.2</ele><time>2025-02-05T18:03:45Z</time></trkpt><trkpt lat="58.03624" lon="39.113695"><ele>99.3</ele><time>2025-02-05T18:03:48Z</time></trkpt><trkpt lat="58.03618" lon="39.11355"><ele>100.0</ele><time>2025-02-05T18:03:51Z</time></trkpt><trkpt lat="58.036117" lon="39.113407"><ele>99.5</ele><time>2025-02-05T18:03:54Z</time></trkpt><trkpt lat="58.03604" lon="39.11328"><ele>100.0</ele><time>2025-02-05T18:03:57Z</time></trkpt><trkpt lat="58.03596" lon="39.113195"><ele>99.7</ele><time>2025-02-05T18:04:00Z</time></trkpt><trkpt lat="58.03594" lon="39.113245"><ele>101.3</ele><time>2025-02-05T18:04:07Z</time></trkpt></trkseg></trk></gpx>