<?xml version="1.0" encoding="UTF-8" standalone="no"?><gpx xmlns="http://www.topografix.com/GPX/1/1" xmlns:gpxtpx="http://www.garmin.com/xmlschemas/TrackPointExtension/v1" xmlns:xsi="http://www.w3.org/2001/XMLSchema-instance" creator="Suunto app" version="1.1" xsi:schemaLocation="http://www.topografix.com/GPX/1/1 http://www.topografix.com/GPX/1/1/gpx.xsd http://www.garmin.com/xmlschemas/TrackPointExtension/v1 http://www.garmin.com/xmlschemas/TrackPointExtensionv1.xsd"><metadata><name>suuntoapp-Other1-2026-07-27T13-11-59Z</name><desc/><author><name>Александр</name></author></metadata><trk><name>suuntoapp-Other1-2026-07-27T13-11-59Z</name><trkseg><trkpt lat="58.105983" lon="38.32867"><ele>121.8</ele><time>2026-07-27T13:11:59Z</time></trkpt><trkpt lat="58.105983" lon="38.32867"><ele>121.8</ele><time>2026-07-27T13:12:00Z</time></trkpt><trkpt lat="58.106015" lon="38.32866"><ele>115.2</ele><time>2026-07-27T13:12:07Z</time></trkpt><trkpt lat="58.10601" lon="38.328662"><ele>115.4</ele><time>2026-07-27T13:12:11Z</time></trkpt><trkpt lat="58.106005" lon="38.328665"><ele>115.6</ele><time>2026-07-27T13:12:22Z</time></trkpt><trkpt lat="58.106005" lon="38.32867"><ele>115.9</ele><time>2026-07-27T13:12:23Z</time></trkpt><trkpt lat="58.106037" lon="38.328665"><ele>116.8</ele><time>2026-07-27T13:12:35Z</time></trkpt><trkpt lat="58.10604" lon="38.328665"><ele>116.9</ele><time>2026-07-27T13:12:37Z</time></trkpt><trkpt lat="58.106045" lon="38.328662"><ele>117.0</ele><time>2026-07-27T13:12:48Z</time></trkpt><trkpt lat="58.106045" lon="38.328662"><ele>117.0</ele><time>2026-07-27T13:12:49Z</time></trkpt><trkpt lat="58.10603" lon="38.328697"><ele>117.6</ele><time>2026-07-27T13:13:03Z</time></trkpt><trkpt lat="58.106025" lon="38.328755"><ele>117.9</ele><time>2026-07-27T13:13:10Z</time></trkpt><trkpt lat="58.106025" lon="38.328762"><ele>118.1</ele><time>2026-07-27T13:13:11Z</time></trkpt><trkpt lat="58.105995" lon="38.328795"><ele>115.6</ele><time>2026-07-27T13:13:19Z</time></trkpt><trkpt lat="58.10599" lon="38.328795"><ele>115.2</ele><time>2026-07-27T13:13:20Z</time></trkpt><trkpt lat="58.105965" lon="38.328787"><ele>114.0</ele><time>2026-07-27T13:13:28Z</time></trkpt><trkpt lat="58.10593" lon="38.328778"><ele>113.3</ele><time>2026-07-27T13:13:35Z</time></trkpt><trkpt lat="58.105897" lon="38.32879"><ele>112.3</ele><time>2026-07-27T13:13:42Z</time></trkpt><trkpt lat="58.105895" lon="38.32879"><ele>112.1</ele><time>2026-07-27T13:13:43Z</time></trkpt><trkpt lat="58.105875" lon="38.328815"><ele>111.9</ele><time>2026-07-27T13:13:51Z</time></trkpt><trkpt lat="58.105875" lon="38.32882"><ele>111.9</ele><time>2026-07-27T13:13:52Z</time></trkpt><trkpt lat="58.105865" lon="38.32885"><ele>111.5</ele><time>2026-07-27T13:14:00Z</time></trkpt><trkpt lat="58.105862" lon="38.328855"><ele>111.6</ele><time>2026-07-27T13:14:01Z</time></trkpt><trkpt lat="58.10586" lon="38.32888"><ele>112.2</ele><time>2026-07-27T13:14:10Z</time></trkpt><trkpt lat="58.10586" lon="38.328882"><ele>112.4</ele><time>2026-07-27T13:14:11Z</time></trkpt><trkpt lat="58.10586" lon="38.3289"><ele>113.3</ele><time>2026-07-27T13:14:21Z</time></trkpt><trkpt lat="58.10586" lon="38.3289"><ele>113.3</ele><time>2026-07-27T13:14:22Z</time></trkpt><trkpt lat="58.105862" lon="38.32891"><ele>113.6</ele><time>2026-07-27T13:14:39Z</time></trkpt><trkpt lat="58.105862" lon="38.32891"><ele>113.6</ele><time>2026-07-27T13:14:40Z</time></trkpt><trkpt lat="58.105872" lon="38.328912"><ele>113.7</ele><time>2026-07-27T13:15:21Z</time></trkpt><trkpt lat="58.105905" lon="38.328925"><ele>114.2</ele><time>2026-07-27T13:15:28Z</time></trkpt><trkpt lat="58.105912" lon="38.328927"><ele>114.8</ele><time>2026-07-27T13:15:31Z</time></trkpt><trkpt lat="58.10592" lon="38.32893"><ele>115.0</ele><time>2026-07-27T13:15:42Z</time></trkpt><trkpt lat="58.10592" lon="38.32893"><ele>114.9</ele><time>2026-07-27T13:15:43Z</time></trkpt><trkpt lat="58.105913" lon="38.328965"><ele>115.8</ele><time>2026-07-27T13:17:07Z</time></trkpt><trkpt lat="58.105912" lon="38.32897"><ele>115.6</ele><time>2026-07-27T13:17:08Z</time></trkpt><trkpt lat="58.10592" lon="38.329015"><ele>116.2</ele><time>2026-07-27T13:17:18Z</time></trkpt><trkpt lat="58.105925" lon="38.329022"><ele>115.9</ele><time>2026-07-27T13:17:19Z</time></trkpt><trkpt lat="58.105945" lon="38.329097"><ele>115.3</ele><time>2026-07-27T13:17:27Z</time></trkpt><trkpt lat="58.10593" lon="38.329143"><ele>114.8</ele><time>2026-07-27T13:17:34Z</time></trkpt><trkpt lat="58.10593" lon="38.32915"><ele>114.6</ele><time>2026-07-27T13:17:36Z</time></trkpt><trkpt lat="58.105922" lon="38.329165"><ele>114.1</ele><time>2026-07-27T13:17:46Z</time></trkpt><trkpt lat="58.105922" lon="38.329165"><ele>114.1</ele><time>2026-07-27T13:17:47Z</time></trkpt><trkpt lat="58.105862" lon="38.329135"><ele>113.9</ele><time>2026-07-27T13:17:59Z</time></trkpt><trkpt lat="58.105835" lon="38.329095"><ele>114.5</ele><time>2026-07-27T13:18:06Z</time></trkpt><trkpt lat="58.105832" lon="38.329085"><ele>114.7</ele><time>2026-07-27T13:18:08Z</time></trkpt><trkpt lat="58.105815" lon="38.329057"><ele>114.9</ele><time>2026-07-27T13:18:16Z</time></trkpt><trkpt lat="58.105815" lon="38.329055"><ele>115.1</ele><time>2026-07-27T13:18:17Z</time></trkpt><trkpt lat="58.105795" lon="38.329035"><ele>115.5</ele><time>2026-07-27T13:18:26Z</time></trkpt><trkpt lat="58.105795" lon="38.329035"><ele>115.2</ele><time>2026-07-27T13:18:27Z</time></trkpt><trkpt lat="58.105785" lon="38.329035"><ele>114.0</ele><time>2026-07-27T13:18:36Z</time></trkpt><trkpt lat="58.105787" lon="38.329035"><ele>114.1</ele><time>2026-07-27T13:18:37Z</time></trkpt><trkpt lat="58.105787" lon="38.32905"><ele>113.8</ele><time>2026-07-27T13:18:48Z</time></trkpt><trkpt lat="58.105787" lon="38.32905"><ele>113.7</ele><time>2026-07-27T13:18:49Z</time></trkpt><trkpt lat="58.105785" lon="38.329058"><ele>114.8</ele><time>2026-07-27T13:19:09Z</time></trkpt><trkpt lat="58.105785" lon="38.329058"><ele>114.8</ele><time>2026-07-27T13:19:10Z</time></trkpt><trkpt lat="58.10579" lon="38.329095"><ele>114.7</ele><time>2026-07-27T13:19:21Z</time></trkpt><trkpt lat="58.10579" lon="38.329097"><ele>114.8</ele><time>2026-07-27T13:19:22Z</time></trkpt><trkpt lat="58.1058" lon="38.329157"><ele>114.9</ele><time>2026-07-27T13:19:31Z</time></trkpt><trkpt lat="58.105787" lon="38.329285"><ele>115.1</ele><time>2026-07-27T13:19:38Z</time></trkpt><trkpt lat="58.10575" lon="38.32941"><ele>115.7</ele><time>2026-07-27T13:19:44Z</time></trkpt><trkpt lat="58.105765" lon="38.329495"><ele>115.6</ele><time>2026-07-27T13:19:51Z</time></trkpt><trkpt lat="58.1058" lon="38.32951"><ele>115.5</ele><time>2026-07-27T13:19:58Z</time></trkpt><trkpt lat="58.105842" lon="38.329495"><ele>115.6</ele><time>2026-07-27T13:20:05Z</time></trkpt><trkpt lat="58.105892" lon="38.329475"><ele>116.0</ele><time>2026-07-27T13:20:12Z</time></trkpt><trkpt lat="58.105945" lon="38.329442"><ele>115.9</ele><time>2026-07-27T13:20:19Z</time></trkpt><trkpt lat="58.105983" lon="38.32941"><ele>116.3</ele><time>2026-07-27T13:20:26Z</time></trkpt><trkpt lat="58.106022" lon="38.329383"><ele>115.9</ele><time>2026-07-27T13:20:33Z</time></trkpt><trkpt lat="58.106032" lon="38.32934"><ele>116.0</ele><time>2026-07-27T13:20:39Z</time></trkpt><trkpt lat="58.10604" lon="38.329292"><ele>116.2</ele><time>2026-07-27T13:20:47Z</time></trkpt><trkpt lat="58.10604" lon="38.32929"><ele>116.3</ele><time>2026-07-27T13:20:48Z</time></trkpt><trkpt lat="58.106045" lon="38.32925"><ele>115.3</ele><time>2026-07-27T13:20:56Z</time></trkpt><trkpt lat="58.106045" lon="38.329245"><ele>115.1</ele><time>2026-07-27T13:20:57Z</time></trkpt><trkpt lat="58.106045" lon="38.329225"><ele>115.3</ele><time>2026-07-27T13:21:06Z</time></trkpt><trkpt lat="58.106045" lon="38.329222"><ele>115.4</ele><time>2026-07-27T13:21:07Z</time></trkpt><trkpt lat="58.106025" lon="38.32923"><ele>115.9</ele><time>2026-07-27T13:21:20Z</time></trkpt><trkpt lat="58.106025" lon="38.329232"><ele>115.8</ele><time>2026-07-27T13:21:21Z</time></trkpt><trkpt lat="58.105998" lon="38.329265"><ele>115.4</ele><time>2026-07-27T13:21:30Z</time></trkpt><trkpt lat="58.105995" lon="38.32927"><ele>115.6</ele><time>2026-07-27T13:21:31Z</time></trkpt><trkpt lat="58.105982" lon="38.32929"><ele>116.0</ele><time>2026-07-27T13:21:39Z</time></trkpt><trkpt lat="58.105982" lon="38.32929"><ele>116.1</ele><time>2026-07-27T13:21:40Z</time></trkpt><trkpt lat="58.10597" lon="38.3293"><ele>115.2</ele><time>2026-07-27T13:21:53Z</time></trkpt><trkpt lat="58.105965" lon="38.3293"><ele>115.3</ele><time>2026-07-27T13:21:54Z</time></trkpt><trkpt lat="58.10596" lon="38.32932"><ele>114.7</ele><time>2026-07-27T13:22:08Z</time></trkpt><trkpt lat="58.10596" lon="38.32932"><ele>114.8</ele><time>2026-07-27T13:22:09Z</time></trkpt><trkpt lat="58.105965" lon="38.329355"><ele>114.4</ele><time>2026-07-27T13:22:26Z</time></trkpt><trkpt lat="58.105967" lon="38.32936"><ele>114.1</ele><time>2026-07-27T13:22:27Z</time></trkpt><trkpt lat="58.10597" lon="38.329385"><ele>115.1</ele><time>2026-07-27T13:22:36Z</time></trkpt><trkpt lat="58.105972" lon="38.329385"><ele>115.3</ele><time>2026-07-27T13:22:37Z</time></trkpt><trkpt lat="58.105982" lon="38.329412"><ele>114.7</ele><time>2026-07-27T13:22:46Z</time></trkpt><trkpt lat="58.105983" lon="38.329415"><ele>115.0</ele><time>2026-07-27T13:22:47Z</time></trkpt><trkpt lat="58.105995" lon="38.329415"><ele>114.2</ele><time>2026-07-27T13:22:56Z</time></trkpt><trkpt lat="58.105995" lon="38.329415"><ele>114.3</ele><time>2026-07-27T13:22:57Z</time></trkpt><trkpt lat="58.106" lon="38.329422"><ele>113.9</ele><time>2026-07-27T13:23:21Z</time></trkpt><trkpt lat="58.106002" lon="38.329425"><ele>114.0</ele><time>2026-07-27T13:23:22Z</time></trkpt><trkpt lat="58.106015" lon="38.32945"><ele>114.0</ele><time>2026-07-27T13:23:32Z</time></trkpt><trkpt lat="58.106015" lon="38.32945"><ele>114.2</ele><time>2026-07-27T13:23:33Z</time></trkpt><trkpt lat="58.10602" lon="38.32946"><ele>114.5</ele><time>2026-07-27T13:23:45Z</time></trkpt><trkpt lat="58.10602" lon="38.32946"><ele>114.5</ele><time>2026-07-27T13:23:46Z</time></trkpt><trkpt lat="58.106025" lon="38.329485"><ele>115.3</ele><time>2026-07-27T13:24:05Z</time></trkpt><trkpt lat="58.10603" lon="38.32949"><ele>115.3</ele><time>2026-07-27T13:24:06Z</time></trkpt><trkpt lat="58.106032" lon="38.329522"><ele>116.1</ele><time>2026-07-27T13:24:20Z</time></trkpt><trkpt lat="58.106032" lon="38.329523"><ele>116.2</ele><time>2026-07-27T13:24:21Z</time></trkpt><trkpt lat="58.106042" lon="38.32955"><ele>116.4</ele><time>2026-07-27T13:24:45Z</time></trkpt><trkpt lat="58.106045" lon="38.32955"><ele>116.3</ele><time>2026-07-27T13:24:46Z</time></trkpt><trkpt lat="58.106053" lon="38.329585"><ele>116.7</ele><time>2026-07-27T13:24:55Z</time></trkpt><trkpt lat="58.106053" lon="38.329587"><ele>116.9</ele><time>2026-07-27T13:24:56Z</time></trkpt><trkpt lat="58.106068" lon="38.329607"><ele>116.6</ele><time>2026-07-27T13:25:04Z</time></trkpt><trkpt lat="58.10607" lon="38.32961"><ele>116.6</ele><time>2026-07-27T13:25:05Z</time></trkpt><trkpt lat="58.106087" lon="38.32963"><ele>117.0</ele><time>2026-07-27T13:25:14Z</time></trkpt><trkpt lat="58.10609" lon="38.32963"><ele>117.0</ele><time>2026-07-27T13:25:15Z</time></trkpt><trkpt lat="58.1061" lon="38.329635"><ele>116.4</ele><time>2026-07-27T13:25:34Z</time></trkpt><trkpt lat="58.1061" lon="38.32964"><ele>116.5</ele><time>2026-07-27T13:25:35Z</time></trkpt><trkpt lat="58.10612" lon="38.32968"><ele>115.3</ele><time>2026-07-27T13:26:19Z</time></trkpt><trkpt lat="58.106125" lon="38.32969"><ele>115.7</ele><time>2026-07-27T13:26:24Z</time></trkpt><trkpt lat="58.106145" lon="38.329712"><ele>115.8</ele><time>2026-07-27T13:26:39Z</time></trkpt><trkpt lat="58.106147" lon="38.329715"><ele>116.0</ele><time>2026-07-27T13:26:40Z</time></trkpt><trkpt lat="58.10617" lon="38.32973"><ele>115.5</ele><time>2026-07-27T13:26:48Z</time></trkpt><trkpt lat="58.106172" lon="38.32973"><ele>115.8</ele><time>2026-07-27T13:26:49Z</time></trkpt><trkpt lat="58.106195" lon="38.329747"><ele>116.3</ele><time>2026-07-27T13:26:57Z</time></trkpt><trkpt lat="58.106195" lon="38.329748"><ele>116.2</ele><time>2026-07-27T13:26:58Z</time></trkpt><trkpt lat="58.106212" lon="38.329765"><ele>116.6</ele><time>2026-07-27T13:27:06Z</time></trkpt><trkpt lat="58.106215" lon="38.32977"><ele>116.7</ele><time>2026-07-27T13:27:07Z</time></trkpt><trkpt lat="58.10623" lon="38.329775"><ele>117.5</ele><time>2026-07-27T13:27:16Z</time></trkpt><trkpt lat="58.10623" lon="38.329775"><ele>117.7</ele><time>2026-07-27T13:27:17Z</time></trkpt><trkpt lat="58.10625" lon="38.329785"><ele>117.1</ele><time>2026-07-27T13:27:30Z</time></trkpt><trkpt lat="58.10625" lon="38.329785"><ele>116.7</ele><time>2026-07-27T13:27:31Z</time></trkpt><trkpt lat="58.106265" lon="38.3298"><ele>117.3</ele><time>2026-07-27T13:27:40Z</time></trkpt><trkpt lat="58.106265" lon="38.329805"><ele>117.2</ele><time>2026-07-27T13:27:41Z</time></trkpt><trkpt lat="58.106267" lon="38.32985"><ele>117.3</ele><time>2026-07-27T13:27:50Z</time></trkpt><trkpt lat="58.106265" lon="38.329855"><ele>117.3</ele><time>2026-07-27T13:27:51Z</time></trkpt><trkpt lat="58.106252" lon="38.329903"><ele>116.6</ele><time>2026-07-27T13:27:59Z</time></trkpt><trkpt lat="58.10625" lon="38.329915"><ele>116.7</ele><time>2026-07-27T13:28:00Z</time></trkpt><trkpt lat="58.106235" lon="38.329962"><ele>117.2</ele><time>2026-07-27T13:28:08Z</time></trkpt><trkpt lat="58.106235" lon="38.329965"><ele>117.5</ele><time>2026-07-27T13:28:09Z</time></trkpt><trkpt lat="58.106208" lon="38.33"><ele>117.8</ele><time>2026-07-27T13:28:17Z</time></trkpt><trkpt lat="58.10619" lon="38.330025"><ele>117.6</ele><time>2026-07-27T13:28:24Z</time></trkpt><trkpt lat="58.10618" lon="38.330043"><ele>118.0</ele><time>2026-07-27T13:28:32Z</time></trkpt><trkpt lat="58.10618" lon="38.330043"><ele>117.6</ele><time>2026-07-27T13:28:33Z</time></trkpt><trkpt lat="58.106185" lon="38.330065"><ele>117.2</ele><time>2026-07-27T13:28:53Z</time></trkpt><trkpt lat="58.106185" lon="38.330065"><ele>116.2</ele><time>2026-07-27T13:28:54Z</time></trkpt><trkpt lat="58.106185" lon="38.3301"><ele>114.5</ele><time>2026-07-27T13:29:04Z</time></trkpt><trkpt lat="58.106185" lon="38.330105"><ele>114.7</ele><time>2026-07-27T13:29:05Z</time></trkpt><trkpt lat="58.106195" lon="38.330135"><ele>114.4</ele><time>2026-07-27T13:29:14Z</time></trkpt><trkpt lat="58.106195" lon="38.330135"><ele>114.3</ele><time>2026-07-27T13:29:15Z</time></trkpt><trkpt lat="58.106207" lon="38.330155"><ele>113.8</ele><time>2026-07-27T13:29:24Z</time></trkpt><trkpt lat="58.106208" lon="38.33016"><ele>113.7</ele><time>2026-07-27T13:29:25Z</time></trkpt><trkpt lat="58.10622" lon="38.33018"><ele>113.9</ele><time>2026-07-27T13:29:33Z</time></trkpt><trkpt lat="58.10622" lon="38.33018"><ele>114.2</ele><time>2026-07-27T13:29:34Z</time></trkpt><trkpt lat="58.106225" lon="38.330205"><ele>115.2</ele><time>2026-07-27T13:29:44Z</time></trkpt><trkpt lat="58.106227" lon="38.330207"><ele>115.4</ele><time>2026-07-27T13:29:45Z</time></trkpt><trkpt lat="58.106235" lon="38.33023"><ele>116.0</ele><time>2026-07-27T13:29:56Z</time></trkpt><trkpt lat="58.106235" lon="38.330232"><ele>115.9</ele><time>2026-07-27T13:29:57Z</time></trkpt><trkpt lat="58.106245" lon="38.330245"><ele>115.4</ele><time>2026-07-27T13:30:06Z</time></trkpt><trkpt lat="58.106245" lon="38.330247"><ele>115.3</ele><time>2026-07-27T13:30:07Z</time></trkpt><trkpt lat="58.106255" lon="38.330262"><ele>114.9</ele><time>2026-07-27T13:30:17Z</time></trkpt><trkpt lat="58.106255" lon="38.330265"><ele>115.0</ele><time>2026-07-27T13:30:18Z</time></trkpt><trkpt lat="58.10627" lon="38.330295"><ele>114.5</ele><time>2026-07-27T13:30:26Z</time></trkpt><trkpt lat="58.10627" lon="38.330302"><ele>114.7</ele><time>2026-07-27T13:30:28Z</time></trkpt><trkpt lat="58.10627" lon="38.33033"><ele>115.0</ele><time>2026-07-27T13:30:36Z</time></trkpt><trkpt lat="58.10627" lon="38.33033"><ele>115.2</ele><time>2026-07-27T13:30:37Z</time></trkpt><trkpt lat="58.106305" lon="38.330315"><ele>114.4</ele><time>2026-07-27T13:30:46Z</time></trkpt><trkpt lat="58.106288" lon="38.330365"><ele>116.0</ele><time>2026-07-27T13:30:53Z</time></trkpt><trkpt lat="58.106285" lon="38.330375"><ele>115.4</ele><time>2026-07-27T13:30:57Z</time></trkpt><trkpt lat="58.106295" lon="38.330415"><ele>115.9</ele><time>2026-07-27T13:31:06Z</time></trkpt><trkpt lat="58.1063" lon="38.330417"><ele>115.9</ele><time>2026-07-27T13:31:07Z</time></trkpt><trkpt lat="58.106312" lon="38.330455"><ele>116.1</ele><time>2026-07-27T13:31:15Z</time></trkpt><trkpt lat="58.106315" lon="38.33046"><ele>116.2</ele><time>2026-07-27T13:31:16Z</time></trkpt><trkpt lat="58.106325" lon="38.330497"><ele>116.2</ele><time>2026-07-27T13:31:24Z</time></trkpt><trkpt lat="58.106325" lon="38.3305"><ele>116.1</ele><time>2026-07-27T13:31:25Z</time></trkpt><trkpt lat="58.106335" lon="38.330535"><ele>116.2</ele><time>2026-07-27T13:31:33Z</time></trkpt><trkpt lat="58.106335" lon="38.33054"><ele>116.5</ele><time>2026-07-27T13:31:34Z</time></trkpt><trkpt lat="58.106345" lon="38.330572"><ele>117.0</ele><time>2026-07-27T13:31:43Z</time></trkpt><trkpt lat="58.10635" lon="38.330575"><ele>117.1</ele><time>2026-07-27T13:31:44Z</time></trkpt><trkpt lat="58.106357" lon="38.33061"><ele>117.1</ele><time>2026-07-27T13:31:53Z</time></trkpt><trkpt lat="58.106357" lon="38.330615"><ele>117.1</ele><time>2026-07-27T13:31:54Z</time></trkpt><trkpt lat="58.106363" lon="38.330645"><ele>117.2</ele><time>2026-07-27T13:32:03Z</time></trkpt><trkpt lat="58.106363" lon="38.33065"><ele>117.0</ele><time>2026-07-27T13:32:04Z</time></trkpt><trkpt lat="58.106375" lon="38.33068"><ele>117.0</ele><time>2026-07-27T13:32:12Z</time></trkpt><trkpt lat="58.106377" lon="38.330685"><ele>116.9</ele><time>2026-07-27T13:32:13Z</time></trkpt><trkpt lat="58.106395" lon="38.330715"><ele>116.9</ele><time>2026-07-27T13:32:22Z</time></trkpt><trkpt lat="58.106395" lon="38.330717"><ele>116.8</ele><time>2026-07-27T13:32:23Z</time></trkpt><trkpt lat="58.106405" lon="38.33075"><ele>116.3</ele><time>2026-07-27T13:32:32Z</time></trkpt><trkpt lat="58.106405" lon="38.330755"><ele>116.3</ele><time>2026-07-27T13:32:33Z</time></trkpt><trkpt lat="58.10642" lon="38.330792"><ele>115.5</ele><time>2026-07-27T13:32:41Z</time></trkpt><trkpt lat="58.10642" lon="38.330797"><ele>115.2</ele><time>2026-07-27T13:32:42Z</time></trkpt><trkpt lat="58.106427" lon="38.33084"><ele>116.5</ele><time>2026-07-27T13:32:50Z</time></trkpt><trkpt lat="58.106427" lon="38.330845"><ele>116.5</ele><time>2026-07-27T13:32:51Z</time></trkpt><trkpt lat="58.106433" lon="38.330882"><ele>116.8</ele><time>2026-07-27T13:32:59Z</time></trkpt><trkpt lat="58.106437" lon="38.330887"><ele>117.2</ele><time>2026-07-27T13:33:00Z</time></trkpt><trkpt lat="58.106445" lon="38.330922"><ele>117.0</ele><time>2026-07-27T13:33:08Z</time></trkpt><trkpt lat="58.106445" lon="38.330925"><ele>116.9</ele><time>2026-07-27T13:33:09Z</time></trkpt><trkpt lat="58.106455" lon="38.330958"><ele>117.1</ele><time>2026-07-27T13:33:17Z</time></trkpt><trkpt lat="58.106455" lon="38.330965"><ele>117.3</ele><time>2026-07-27T13:33:18Z</time></trkpt><trkpt lat="58.10646" lon="38.331"><ele>116.8</ele><time>2026-07-27T13:33:26Z</time></trkpt><trkpt lat="58.10646" lon="38.331005"><ele>116.6</ele><time>2026-07-27T13:33:27Z</time></trkpt><trkpt lat="58.10647" lon="38.331037"><ele>116.2</ele><time>2026-07-27T13:33:35Z</time></trkpt><trkpt lat="58.10647" lon="38.331035"><ele>116.2</ele><time>2026-07-27T13:33:36Z</time></trkpt><trkpt lat="58.106485" lon="38.331075"><ele>115.8</ele><time>2026-07-27T13:33:44Z</time></trkpt><trkpt lat="58.106485" lon="38.33108"><ele>115.4</ele><time>2026-07-27T13:33:45Z</time></trkpt><trkpt lat="58.10649" lon="38.33113"><ele>115.2</ele><time>2026-07-27T13:33:53Z</time></trkpt><trkpt lat="58.10649" lon="38.331135"><ele>115.3</ele><time>2026-07-27T13:33:54Z</time></trkpt><trkpt lat="58.1065" lon="38.331177"><ele>114.3</ele><time>2026-07-27T13:34:02Z</time></trkpt><trkpt lat="58.1065" lon="38.331182"><ele>114.5</ele><time>2026-07-27T13:34:03Z</time></trkpt><trkpt lat="58.106452" lon="38.331305"><ele>114.1</ele><time>2026-07-27T13:34:11Z</time></trkpt><trkpt lat="58.106455" lon="38.331465"><ele>114.0</ele><time>2026-07-27T13:34:16Z</time></trkpt><trkpt lat="58.10651" lon="38.331557"><ele>114.3</ele><time>2026-07-27T13:34:21Z</time></trkpt><trkpt lat="58.106565" lon="38.33153"><ele>114.7</ele><time>2026-07-27T13:34:28Z</time></trkpt><trkpt lat="58.106635" lon="38.331535"><ele>115.2</ele><time>2026-07-27T13:34:34Z</time></trkpt><trkpt lat="58.106712" lon="38.331555"><ele>115.3</ele><time>2026-07-27T13:34:40Z</time></trkpt><trkpt lat="58.10678" lon="38.331645"><ele>115.6</ele><time>2026-07-27T13:34:46Z</time></trkpt><trkpt lat="58.106808" lon="38.331775"><ele>115.3</ele><time>2026-07-27T13:34:51Z</time></trkpt><trkpt lat="58.106865" lon="38.331882"><ele>115.1</ele><time>2026-07-27T13:34:55Z</time></trkpt><trkpt lat="58.106935" lon="38.33198"><ele>114.8</ele><time>2026-07-27T13:34:59Z</time></trkpt><trkpt lat="58.10701" lon="38.332065"><ele>114.6</ele><time>2026-07-27T13:35:03Z</time></trkpt><trkpt lat="58.10708" lon="38.332155"><ele>115.0</ele><time>2026-07-27T13:35:07Z</time></trkpt><trkpt lat="58.107145" lon="38.33225"><ele>114.9</ele><time>2026-07-27T13:35:11Z</time></trkpt><trkpt lat="58.10722" lon="38.332335"><ele>115.2</ele><time>2026-07-27T13:35:15Z</time></trkpt><trkpt lat="58.107295" lon="38.332415"><ele>115.4</ele><time>2026-07-27T13:35:19Z</time></trkpt><trkpt lat="58.10737" lon="38.33251"><ele>115.3</ele><time>2026-07-27T13:35:23Z</time></trkpt><trkpt lat="58.107445" lon="38.3326"><ele>115.3</ele><time>2026-07-27T13:35:27Z</time></trkpt><trkpt lat="58.107517" lon="38.332697"><ele>115.7</ele><time>2026-07-27T13:35:31Z</time></trkpt><trkpt lat="58.10759" lon="38.3328"><ele>115.6</ele><time>2026-07-27T13:35:35Z</time></trkpt><trkpt lat="58.107662" lon="38.332915"><ele>115.9</ele><time>2026-07-27T13:35:39Z</time></trkpt><trkpt lat="58.107732" lon="38.33304"><ele>115.9</ele><time>2026-07-27T13:35:43Z</time></trkpt><trkpt lat="58.107797" lon="38.333167"><ele>115.6</ele><time>2026-07-27T13:35:47Z</time></trkpt><trkpt lat="58.10786" lon="38.333302"><ele>115.5</ele><time>2026-07-27T13:35:51Z</time></trkpt><trkpt lat="58.107905" lon="38.33341"><ele>115.7</ele><time>2026-07-27T13:35:54Z</time></trkpt><trkpt lat="58.107965" lon="38.333547"><ele>115.7</ele><time>2026-07-27T13:35:58Z</time></trkpt><trkpt lat="58.108022" lon="38.333695"><ele>115.7</ele><time>2026-07-27T13:36:02Z</time></trkpt><trkpt lat="58.108065" lon="38.333805"><ele>115.7</ele><time>2026-07-27T13:36:05Z</time></trkpt><trkpt lat="58.108125" lon="38.333945"><ele>116.0</ele><time>2026-07-27T13:36:09Z</time></trkpt><trkpt lat="58.108185" lon="38.334085"><ele>116.2</ele><time>2026-07-27T13:36:13Z</time></trkpt><trkpt lat="58.108242" lon="38.334225"><ele>116.2</ele><time>2026-07-27T13:36:17Z</time></trkpt><trkpt lat="58.108297" lon="38.334363"><ele>115.7</ele><time>2026-07-27T13:36:21Z</time></trkpt><trkpt lat="58.108355" lon="38.3345"><ele>115.7</ele><time>2026-07-27T13:36:25Z</time></trkpt><trkpt lat="58.108418" lon="38.334625"><ele>115.9</ele><time>2026-07-27T13:36:29Z</time></trkpt><trkpt lat="58.108475" lon="38.33476"><ele>115.8</ele><time>2026-07-27T13:36:33Z</time></trkpt><trkpt lat="58.108525" lon="38.334898"><ele>115.9</ele><time>2026-07-27T13:36:37Z</time></trkpt><trkpt lat="58.10858" lon="38.335035"><ele>115.8</ele><time>2026-07-27T13:36:41Z</time></trkpt><trkpt lat="58.108643" lon="38.33516"><ele>115.8</ele><time>2026-07-27T13:36:45Z</time></trkpt><trkpt lat="58.108712" lon="38.335265"><ele>115.9</ele><time>2026-07-27T13:36:49Z</time></trkpt><trkpt lat="58.108783" lon="38.335355"><ele>116.1</ele><time>2026-07-27T13:36:53Z</time></trkpt><trkpt lat="58.10886" lon="38.335427"><ele>116.1</ele><time>2026-07-27T13:36:57Z</time></trkpt><trkpt lat="58.10892" lon="38.335518"><ele>116.1</ele><time>2026-07-27T13:37:01Z</time></trkpt><trkpt lat="58.10897" lon="38.335658"><ele>115.8</ele><time>2026-07-27T13:37:06Z</time></trkpt><trkpt lat="58.109002" lon="38.3358"><ele>115.7</ele><time>2026-07-27T13:37:10Z</time></trkpt><trkpt lat="58.109055" lon="38.335895"><ele>115.7</ele><time>2026-07-27T13:37:14Z</time></trkpt><trkpt lat="58.109125" lon="38.335965"><ele>115.6</ele><time>2026-07-27T13:37:18Z</time></trkpt><trkpt lat="58.109197" lon="38.33602"><ele>115.5</ele><time>2026-07-27T13:37:22Z</time></trkpt><trkpt lat="58.10927" lon="38.336075"><ele>115.4</ele><time>2026-07-27T13:37:26Z</time></trkpt><trkpt lat="58.109327" lon="38.336157"><ele>115.5</ele><time>2026-07-27T13:37:30Z</time></trkpt><trkpt lat="58.109382" lon="38.336262"><ele>115.2</ele><time>2026-07-27T13:37:34Z</time></trkpt><trkpt lat="58.109467" lon="38.336315"><ele>115.4</ele><time>2026-07-27T13:37:39Z</time></trkpt><trkpt lat="58.10954" lon="38.33631"><ele>115.5</ele><time>2026-07-27T13:37:43Z</time></trkpt><trkpt lat="58.109612" lon="38.33638"><ele>115.4</ele><time>2026-07-27T13:37:48Z</time></trkpt><trkpt lat="58.109645" lon="38.336535"><ele>115.4</ele><time>2026-07-27T13:37:53Z</time></trkpt><trkpt lat="58.109685" lon="38.336655"><ele>115.4</ele><time>2026-07-27T13:37:57Z</time></trkpt><trkpt lat="58.109747" lon="38.33674"><ele>115.4</ele><time>2026-07-27T13:38:01Z</time></trkpt><trkpt lat="58.109805" lon="38.336845"><ele>115.6</ele><time>2026-07-27T13:38:05Z</time></trkpt><trkpt lat="58.109855" lon="38.336952"><ele>115.5</ele><time>2026-07-27T13:38:09Z</time></trkpt><trkpt lat="58.10992" lon="38.337035"><ele>115.5</ele><time>2026-07-27T13:38:13Z</time></trkpt><trkpt lat="58.109993" lon="38.337112"><ele>115.4</ele><time>2026-07-27T13:38:17Z</time></trkpt><trkpt lat="58.11005" lon="38.337215"><ele>115.3</ele><time>2026-07-27T13:38:21Z</time></trkpt><trkpt lat="58.11011" lon="38.337318"><ele>115.4</ele><time>2026-07-27T13:38:25Z</time></trkpt><trkpt lat="58.11019" lon="38.337395"><ele>115.3</ele><time>2026-07-27T13:38:29Z</time></trkpt><trkpt lat="58.11027" lon="38.33747"><ele>115.3</ele><time>2026-07-27T13:38:33Z</time></trkpt><trkpt lat="58.110345" lon="38.33758"><ele>115.5</ele><time>2026-07-27T13:38:37Z</time></trkpt><trkpt lat="58.1104" lon="38.337665"><ele>115.5</ele><time>2026-07-27T13:38:40Z</time></trkpt><trkpt lat="58.110455" lon="38.33776"><ele>115.4</ele><time>2026-07-27T13:38:43Z</time></trkpt><trkpt lat="58.110507" lon="38.337853"><ele>115.2</ele><time>2026-07-27T13:38:46Z</time></trkpt><trkpt lat="58.110575" lon="38.33798"><ele>114.9</ele><time>2026-07-27T13:38:50Z</time></trkpt><trkpt lat="58.110625" lon="38.338078"><ele>114.9</ele><time>2026-07-27T13:38:53Z</time></trkpt><trkpt lat="58.110675" lon="38.338175"><ele>114.9</ele><time>2026-07-27T13:38:56Z</time></trkpt><trkpt lat="58.110745" lon="38.338302"><ele>115.1</ele><time>2026-07-27T13:39:00Z</time></trkpt><trkpt lat="58.110795" lon="38.3384"><ele>115.2</ele><time>2026-07-27T13:39:03Z</time></trkpt><trkpt lat="58.11084" lon="38.33851"><ele>115.3</ele><time>2026-07-27T13:39:06Z</time></trkpt><trkpt lat="58.110885" lon="38.33867"><ele>115.3</ele><time>2026-07-27T13:39:10Z</time></trkpt><trkpt lat="58.11092" lon="38.33879"><ele>115.3</ele><time>2026-07-27T13:39:13Z</time></trkpt><trkpt lat="58.11096" lon="38.338908"><ele>115.4</ele><time>2026-07-27T13:39:16Z</time></trkpt><trkpt lat="58.111005" lon="38.33902"><ele>115.2</ele><time>2026-07-27T13:39:19Z</time></trkpt><trkpt lat="58.111045" lon="38.33914"><ele>115.5</ele><time>2026-07-27T13:39:22Z</time></trkpt><trkpt lat="58.111105" lon="38.339282"><ele>114.9</ele><time>2026-07-27T13:39:26Z</time></trkpt><trkpt lat="58.111148" lon="38.33939"><ele>114.9</ele><time>2026-07-27T13:39:29Z</time></trkpt><trkpt lat="58.11121" lon="38.339527"><ele>114.9</ele><time>2026-07-27T13:39:33Z</time></trkpt><trkpt lat="58.11127" lon="38.339613"><ele>114.8</ele><time>2026-07-27T13:39:36Z</time></trkpt><trkpt lat="58.11133" lon="38.33969"><ele>115.0</ele><time>2026-07-27T13:39:39Z</time></trkpt><trkpt lat="58.11139" lon="38.339775"><ele>114.9</ele><time>2026-07-27T13:39:42Z</time></trkpt><trkpt lat="58.11145" lon="38.339867"><ele>115.0</ele><time>2026-07-27T13:39:45Z</time></trkpt><trkpt lat="58.111508" lon="38.340002"><ele>114.8</ele><time>2026-07-27T13:39:49Z</time></trkpt><trkpt lat="58.111555" lon="38.340125"><ele>114.5</ele><time>2026-07-27T13:39:52Z</time></trkpt><trkpt lat="58.111593" lon="38.34024"><ele>114.3</ele><time>2026-07-27T13:39:55Z</time></trkpt><trkpt lat="58.111635" lon="38.340355"><ele>114.3</ele><time>2026-07-27T13:39:58Z</time></trkpt><trkpt lat="58.11168" lon="38.340475"><ele>114.0</ele><time>2026-07-27T13:40:01Z</time></trkpt><trkpt lat="58.11173" lon="38.340582"><ele>114.2</ele><time>2026-07-27T13:40:04Z</time></trkpt><trkpt lat="58.111805" lon="38.3407"><ele>114.2</ele><time>2026-07-27T13:40:08Z</time></trkpt><trkpt lat="58.111865" lon="38.34078"><ele>114.0</ele><time>2026-07-27T13:40:11Z</time></trkpt><trkpt lat="58.111935" lon="38.340905"><ele>113.7</ele><time>2026-07-27T13:40:15Z</time></trkpt><trkpt lat="58.111973" lon="38.34104"><ele>113.7</ele><time>2026-07-27T13:40:19Z</time></trkpt><trkpt lat="58.111975" lon="38.341187"><ele>113.7</ele><time>2026-07-27T13:40:23Z</time></trkpt><trkpt lat="58.111935" lon="38.341325"><ele>113.7</ele><time>2026-07-27T13:40:28Z</time></trkpt><trkpt lat="58.111882" lon="38.34145"><ele>114.0</ele><time>2026-07-27T13:40:33Z</time></trkpt><trkpt lat="58.111855" lon="38.341583"><ele>114.4</ele><time>2026-07-27T13:40:37Z</time></trkpt><trkpt lat="58.111865" lon="38.341723"><ele>114.2</ele><time>2026-07-27T13:40:41Z</time></trkpt><trkpt lat="58.111892" lon="38.34186"><ele>114.6</ele><time>2026-07-27T13:40:45Z</time></trkpt><trkpt lat="58.111915" lon="38.342017"><ele>114.4</ele><time>2026-07-27T13:40:50Z</time></trkpt><trkpt lat="58.111893" lon="38.342152"><ele>114.5</ele><time>2026-07-27T13:40:54Z</time></trkpt><trkpt lat="58.111893" lon="38.342315"><ele>114.4</ele><time>2026-07-27T13:40:59Z</time></trkpt><trkpt lat="58.11194" lon="38.342425"><ele>113.9</ele><time>2026-07-27T13:41:04Z</time></trkpt><trkpt lat="58.111995" lon="38.34254"><ele>113.9</ele><time>2026-07-27T13:41:09Z</time></trkpt><trkpt lat="58.112012" lon="38.342675"><ele>114.2</ele><time>2026-07-27T13:41:13Z</time></trkpt><trkpt lat="58.11204" lon="38.342805"><ele>114.2</ele><time>2026-07-27T13:41:17Z</time></trkpt><trkpt lat="58.11211" lon="38.342905"><ele>113.9</ele><time>2026-07-27T13:41:22Z</time></trkpt><trkpt lat="58.112185" lon="38.342957"><ele>114.1</ele><time>2026-07-27T13:41:26Z</time></trkpt><trkpt lat="58.11226" lon="38.343035"><ele>113.9</ele><time>2026-07-27T13:41:31Z</time></trkpt><trkpt lat="58.112315" lon="38.343135"><ele>113.5</ele><time>2026-07-27T13:41:35Z</time></trkpt><trkpt lat="58.11236" lon="38.343277"><ele>113.6</ele><time>2026-07-27T13:41:40Z</time></trkpt><trkpt lat="58.11241" lon="38.34338"><ele>113.3</ele><time>2026-07-27T13:41:44Z</time></trkpt><trkpt lat="58.11248" lon="38.343435"><ele>113.6</ele><time>2026-07-27T13:41:49Z</time></trkpt><trkpt lat="58.112507" lon="38.34337"><ele>114.5</ele><time>2026-07-27T13:41:56Z</time></trkpt><trkpt lat="58.112555" lon="38.34335"><ele>114.4</ele><time>2026-07-27T13:42:03Z</time></trkpt><trkpt lat="58.112625" lon="38.34344"><ele>114.7</ele><time>2026-07-27T13:42:10Z</time></trkpt><trkpt lat="58.112675" lon="38.343552"><ele>114.8</ele><time>2026-07-27T13:42:15Z</time></trkpt><trkpt lat="58.11273" lon="38.343665"><ele>114.7</ele><time>2026-07-27T13:42:20Z</time></trkpt><trkpt lat="58.112793" lon="38.343762"><ele>114.8</ele><time>2026-07-27T13:42:25Z</time></trkpt><trkpt lat="58.112867" lon="38.343857"><ele>114.4</ele><time>2026-07-27T13:42:30Z</time></trkpt><trkpt lat="58.112915" lon="38.343985"><ele>114.0</ele><time>2026-07-27T13:42:35Z</time></trkpt><trkpt lat="58.11293" lon="38.344132"><ele>114.4</ele><time>2026-07-27T13:42:40Z</time></trkpt><trkpt lat="58.112955" lon="38.34428"><ele>114.3</ele><time>2026-07-27T13:42:45Z</time></trkpt><trkpt lat="58.11301" lon="38.344407"><ele>114.5</ele><time>2026-07-27T13:42:50Z</time></trkpt><trkpt lat="58.113085" lon="38.344495"><ele>114.6</ele><time>2026-07-27T13:42:55Z</time></trkpt><trkpt lat="58.11315" lon="38.344565"><ele>114.5</ele><time>2026-07-27T13:42:59Z</time></trkpt><trkpt lat="58.1132" lon="38.34469"><ele>114.5</ele><time>2026-07-27T13:43:04Z</time></trkpt><trkpt lat="58.113257" lon="38.3448"><ele>114.4</ele><time>2026-07-27T13:43:09Z</time></trkpt><trkpt lat="58.113332" lon="38.34482"><ele>114.2</ele><time>2026-07-27T13:43:14Z</time></trkpt><trkpt lat="58.113412" lon="38.344805"><ele>113.4</ele><time>2026-07-27T13:43:19Z</time></trkpt><trkpt lat="58.113475" lon="38.34486"><ele>113.6</ele><time>2026-07-27T13:43:26Z</time></trkpt><trkpt lat="58.11349" lon="38.34498"><ele>113.2</ele><time>2026-07-27T13:43:33Z</time></trkpt><trkpt lat="58.11351" lon="38.345122"><ele>114.3</ele><time>2026-07-27T13:43:40Z</time></trkpt><trkpt lat="58.113535" lon="38.345245"><ele>114.9</ele><time>2026-07-27T13:43:47Z</time></trkpt><trkpt lat="58.113562" lon="38.345362"><ele>114.7</ele><time>2026-07-27T13:43:54Z</time></trkpt><trkpt lat="58.11357" lon="38.345495"><ele>114.5</ele><time>2026-07-27T13:44:01Z</time></trkpt><trkpt lat="58.113565" lon="38.34563"><ele>114.6</ele><time>2026-07-27T13:44:08Z</time></trkpt><trkpt lat="58.113575" lon="38.345767"><ele>115.0</ele><time>2026-07-27T13:44:15Z</time></trkpt><trkpt lat="58.113592" lon="38.3459"><ele>115.1</ele><time>2026-07-27T13:44:22Z</time></trkpt><trkpt lat="58.113605" lon="38.34603"><ele>114.8</ele><time>2026-07-27T13:44:29Z</time></trkpt><trkpt lat="58.113605" lon="38.34617"><ele>114.8</ele><time>2026-07-27T13:44:36Z</time></trkpt><trkpt lat="58.11361" lon="38.34631"><ele>114.9</ele><time>2026-07-27T13:44:43Z</time></trkpt><trkpt lat="58.113637" lon="38.34643"><ele>114.7</ele><time>2026-07-27T13:44:50Z</time></trkpt><trkpt lat="58.11368" lon="38.346532"><ele>114.7</ele><time>2026-07-27T13:44:57Z</time></trkpt><trkpt lat="58.113725" lon="38.34663"><ele>114.6</ele><time>2026-07-27T13:45:04Z</time></trkpt><trkpt lat="58.113762" lon="38.346745"><ele>114.8</ele><time>2026-07-27T13:45:11Z</time></trkpt><trkpt lat="58.113785" lon="38.346885"><ele>115.0</ele><time>2026-07-27T13:45:17Z</time></trkpt><trkpt lat="58.11383" lon="38.346995"><ele>114.9</ele><time>2026-07-27T13:45:22Z</time></trkpt><trkpt lat="58.11388" lon="38.347105"><ele>114.7</ele><time>2026-07-27T13:45:27Z</time></trkpt><trkpt lat="58.11391" lon="38.347235"><ele>115.5</ele><time>2026-07-27T13:45:32Z</time></trkpt><trkpt lat="58.11393" lon="38.347395"><ele>115.0</ele><time>2026-07-27T13:45:37Z</time></trkpt><trkpt lat="58.113995" lon="38.347515"><ele>115.0</ele><time>2026-07-27T13:45:42Z</time></trkpt><trkpt lat="58.114075" lon="38.347595"><ele>115.5</ele><time>2026-07-27T13:45:47Z</time></trkpt><trkpt lat="58.114142" lon="38.347655"><ele>115.3</ele><time>2026-07-27T13:45:51Z</time></trkpt><trkpt lat="58.114215" lon="38.34776"><ele>115.0</ele><time>2026-07-27T13:45:56Z</time></trkpt><trkpt lat="58.114252" lon="38.347892"><ele>114.4</ele><time>2026-07-27T13:46:01Z</time></trkpt><trkpt lat="58.114305" lon="38.348"><ele>114.5</ele><time>2026-07-27T13:46:06Z</time></trkpt><trkpt lat="58.11438" lon="38.347995"><ele>114.6</ele><time>2026-07-27T13:46:11Z</time></trkpt><trkpt lat="58.114452" lon="38.347945"><ele>113.9</ele><time>2026-07-27T13:46:16Z</time></trkpt><trkpt lat="58.11453" lon="38.34794"><ele>114.2</ele><time>2026-07-27T13:46:20Z</time></trkpt><trkpt lat="58.114618" lon="38.347972"><ele>114.5</ele><time>2026-07-27T13:46:25Z</time></trkpt><trkpt lat="58.114685" lon="38.348045"><ele>114.5</ele><time>2026-07-27T13:46:29Z</time></trkpt><trkpt lat="58.11475" lon="38.348127"><ele>114.4</ele><time>2026-07-27T13:46:33Z</time></trkpt><trkpt lat="58.11482" lon="38.348195"><ele>114.1</ele><time>2026-07-27T13:46:37Z</time></trkpt><trkpt lat="58.11489" lon="38.34823"><ele>114.7</ele><time>2026-07-27T13:46:41Z</time></trkpt><trkpt lat="58.114965" lon="38.348305"><ele>114.2</ele><time>2026-07-27T13:46:45Z</time></trkpt><trkpt lat="58.114995" lon="38.348463"><ele>114.7</ele><time>2026-07-27T13:46:50Z</time></trkpt><trkpt lat="58.115012" lon="38.34864"><ele>114.5</ele><time>2026-07-27T13:46:54Z</time></trkpt><trkpt lat="58.11506" lon="38.348785"><ele>114.2</ele><time>2026-07-27T13:46:58Z</time></trkpt><trkpt lat="58.115125" lon="38.348877"><ele>114.8</ele><time>2026-07-27T13:47:03Z</time></trkpt><trkpt lat="58.11519" lon="38.348975"><ele>114.6</ele><time>2026-07-27T13:47:07Z</time></trkpt><trkpt lat="58.115247" lon="38.349105"><ele>114.7</ele><time>2026-07-27T13:47:11Z</time></trkpt><trkpt lat="58.115307" lon="38.34921"><ele>114.7</ele><time>2026-07-27T13:47:15Z</time></trkpt><trkpt lat="58.11537" lon="38.349342"><ele>114.7</ele><time>2026-07-27T13:47:19Z</time></trkpt><trkpt lat="58.11544" lon="38.349462"><ele>115.3</ele><time>2026-07-27T13:47:23Z</time></trkpt><trkpt lat="58.115495" lon="38.34959"><ele>115.3</ele><time>2026-07-27T13:47:27Z</time></trkpt><trkpt lat="58.115535" lon="38.34973"><ele>115.3</ele><time>2026-07-27T13:47:31Z</time></trkpt><trkpt lat="58.1156" lon="38.349837"><ele>115.2</ele><time>2026-07-27T13:47:35Z</time></trkpt><trkpt lat="58.115687" lon="38.349865"><ele>115.2</ele><time>2026-07-27T13:47:40Z</time></trkpt><trkpt lat="58.115757" lon="38.34992"><ele>115.2</ele><time>2026-07-27T13:47:44Z</time></trkpt><trkpt lat="58.115805" lon="38.350035"><ele>115.2</ele><time>2026-07-27T13:47:48Z</time></trkpt><trkpt lat="58.115848" lon="38.350185"><ele>115.2</ele><time>2026-07-27T13:47:52Z</time></trkpt><trkpt lat="58.11592" lon="38.350272"><ele>115.0</ele><time>2026-07-27T13:47:57Z</time></trkpt><trkpt lat="58.11601" lon="38.35032"><ele>115.3</ele><time>2026-07-27T13:48:01Z</time></trkpt><trkpt lat="58.11607" lon="38.35039"><ele>114.7</ele><time>2026-07-27T13:48:04Z</time></trkpt><trkpt lat="58.116125" lon="38.35049"><ele>114.7</ele><time>2026-07-27T13:48:07Z</time></trkpt><trkpt lat="58.11619" lon="38.35058"><ele>114.7</ele><time>2026-07-27T13:48:10Z</time></trkpt><trkpt lat="58.11625" lon="38.350652"><ele>114.7</ele><time>2026-07-27T13:48:13Z</time></trkpt><trkpt lat="58.116305" lon="38.350747"><ele>114.8</ele><time>2026-07-27T13:48:16Z</time></trkpt><trkpt lat="58.116347" lon="38.350865"><ele>114.6</ele><time>2026-07-27T13:48:19Z</time></trkpt><trkpt lat="58.116395" lon="38.350972"><ele>114.8</ele><time>2026-07-27T13:48:22Z</time></trkpt><trkpt lat="58.11645" lon="38.35106"><ele>114.9</ele><time>2026-07-27T13:48:25Z</time></trkpt><trkpt lat="58.11653" lon="38.351162"><ele>114.6</ele><time>2026-07-27T13:48:29Z</time></trkpt><trkpt lat="58.116585" lon="38.351285"><ele>114.4</ele><time>2026-07-27T13:48:33Z</time></trkpt><trkpt lat="58.116615" lon="38.35141"><ele>114.6</ele><time>2026-07-27T13:48:37Z</time></trkpt><trkpt lat="58.11665" lon="38.351572"><ele>114.6</ele><time>2026-07-27T13:48:41Z</time></trkpt><trkpt lat="58.116712" lon="38.3517"><ele>114.5</ele><time>2026-07-27T13:48:45Z</time></trkpt><trkpt lat="58.11678" lon="38.35176"><ele>114.4</ele><time>2026-07-27T13:48:49Z</time></trkpt><trkpt lat="58.11686" lon="38.35179"><ele>114.0</ele><time>2026-07-27T13:48:53Z</time></trkpt><trkpt lat="58.11693" lon="38.351805"><ele>114.2</ele><time>2026-07-27T13:48:56Z</time></trkpt><trkpt lat="58.117" lon="38.351845"><ele>114.3</ele><time>2026-07-27T13:48:59Z</time></trkpt><trkpt lat="58.117065" lon="38.35191"><ele>114.9</ele><time>2026-07-27T13:49:02Z</time></trkpt><trkpt lat="58.117125" lon="38.351995"><ele>114.8</ele><time>2026-07-27T13:49:05Z</time></trkpt><trkpt lat="58.117205" lon="38.35209"><ele>114.4</ele><time>2026-07-27T13:49:09Z</time></trkpt><trkpt lat="58.117267" lon="38.352165"><ele>114.6</ele><time>2026-07-27T13:49:12Z</time></trkpt><trkpt lat="58.117315" lon="38.35227"><ele>114.6</ele><time>2026-07-27T13:49:15Z</time></trkpt><trkpt lat="58.117355" lon="38.352435"><ele>114.3</ele><time>2026-07-27T13:49:19Z</time></trkpt><trkpt lat="58.117382" lon="38.35257"><ele>114.9</ele><time>2026-07-27T13:49:22Z</time></trkpt><trkpt lat="58.11741" lon="38.352737"><ele>114.9</ele><time>2026-07-27T13:49:26Z</time></trkpt><trkpt lat="58.117435" lon="38.352885"><ele>114.5</ele><time>2026-07-27T13:49:29Z</time></trkpt><trkpt lat="58.117467" lon="38.353015"><ele>114.4</ele><time>2026-07-27T13:49:32Z</time></trkpt><trkpt lat="58.117507" lon="38.353135"><ele>114.8</ele><time>2026-07-27T13:49:35Z</time></trkpt><trkpt lat="58.117557" lon="38.353247"><ele>115.1</ele><time>2026-07-27T13:49:38Z</time></trkpt><trkpt lat="58.11763" lon="38.353345"><ele>114.9</ele><time>2026-07-27T13:49:42Z</time></trkpt><trkpt lat="58.117705" lon="38.35337"><ele>115.5</ele><time>2026-07-27T13:49:46Z</time></trkpt><trkpt lat="58.117785" lon="38.353387"><ele>115.6</ele><time>2026-07-27T13:49:50Z</time></trkpt><trkpt lat="58.11785" lon="38.353473"><ele>115.7</ele><time>2026-07-27T13:49:54Z</time></trkpt><trkpt lat="58.117905" lon="38.353612"><ele>115.7</ele><time>2026-07-27T13:49:58Z</time></trkpt><trkpt lat="58.117955" lon="38.353767"><ele>115.6</ele><time>2026-07-27T13:50:02Z</time></trkpt><trkpt lat="58.117997" lon="38.353885"><ele>115.5</ele><time>2026-07-27T13:50:05Z</time></trkpt><trkpt lat="58.118047" lon="38.353992"><ele>115.4</ele><time>2026-07-27T13:50:08Z</time></trkpt><trkpt lat="58.118105" lon="38.354085"><ele>115.3</ele><time>2026-07-27T13:50:11Z</time></trkpt><trkpt lat="58.11817" lon="38.354148"><ele>114.9</ele><time>2026-07-27T13:50:14Z</time></trkpt><trkpt lat="58.118242" lon="38.35421"><ele>115.1</ele><time>2026-07-27T13:50:17Z</time></trkpt><trkpt lat="58.118315" lon="38.354275"><ele>115.2</ele><time>2026-07-27T13:50:20Z</time></trkpt><trkpt lat="58.118375" lon="38.35436"><ele>114.9</ele><time>2026-07-27T13:50:23Z</time></trkpt><trkpt lat="58.118423" lon="38.354475"><ele>115.1</ele><time>2026-07-27T13:50:26Z</time></trkpt><trkpt lat="58.11846" lon="38.354595"><ele>114.6</ele><time>2026-07-27T13:50:29Z</time></trkpt><trkpt lat="58.118505" lon="38.35471"><ele>115.0</ele><time>2026-07-27T13:50:32Z</time></trkpt><trkpt lat="58.118555" lon="38.354815"><ele>114.9</ele><time>2026-07-27T13:50:35Z</time></trkpt><trkpt lat="58.118625" lon="38.35495"><ele>114.7</ele><time>2026-07-27T13:50:39Z</time></trkpt><trkpt lat="58.11868" lon="38.35507"><ele>115.0</ele><time>2026-07-27T13:50:42Z</time></trkpt><trkpt lat="58.11874" lon="38.355175"><ele>115.1</ele><time>2026-07-27T13:50:45Z</time></trkpt><trkpt lat="58.1188" lon="38.355265"><ele>115.1</ele><time>2026-07-27T13:50:48Z</time></trkpt><trkpt lat="58.11887" lon="38.355345"><ele>115.4</ele><time>2026-07-27T13:50:51Z</time></trkpt><trkpt lat="58.11895" lon="38.355447"><ele>115.2</ele><time>2026-07-27T13:50:55Z</time></trkpt><trkpt lat="58.118985" lon="38.355565"><ele>115.2</ele><time>2026-07-27T13:50:58Z</time></trkpt><trkpt lat="58.119012" lon="38.355737"><ele>114.9</ele><time>2026-07-27T13:51:02Z</time></trkpt><trkpt lat="58.119025" lon="38.35588"><ele>115.0</ele><time>2026-07-27T13:51:05Z</time></trkpt><trkpt lat="58.11904" lon="38.356027"><ele>114.8</ele><time>2026-07-27T13:51:08Z</time></trkpt><trkpt lat="58.119065" lon="38.356165"><ele>114.8</ele><time>2026-07-27T13:51:11Z</time></trkpt><trkpt lat="58.119097" lon="38.356285"><ele>115.0</ele><time>2026-07-27T13:51:14Z</time></trkpt><trkpt lat="58.119145" lon="38.356407"><ele>115.0</ele><time>2026-07-27T13:51:17Z</time></trkpt><trkpt lat="58.1192" lon="38.356497"><ele>115.0</ele><time>2026-07-27T13:51:20Z</time></trkpt><trkpt lat="58.11926" lon="38.356567"><ele>114.9</ele><time>2026-07-27T13:51:23Z</time></trkpt><trkpt lat="58.119327" lon="38.35663"><ele>115.0</ele><time>2026-07-27T13:51:26Z</time></trkpt><trkpt lat="58.11939" lon="38.356707"><ele>115.2</ele><time>2026-07-27T13:51:29Z</time></trkpt><trkpt lat="58.119442" lon="38.356807"><ele>115.0</ele><time>2026-07-27T13:51:32Z</time></trkpt><trkpt lat="58.11949" lon="38.35696"><ele>115.3</ele><time>2026-07-27T13:51:36Z</time></trkpt><trkpt lat="58.119515" lon="38.357092"><ele>115.5</ele><time>2026-07-27T13:51:39Z</time></trkpt><trkpt lat="58.11954" lon="38.357235"><ele>115.7</ele><time>2026-07-27T13:51:42Z</time></trkpt><trkpt lat="58.11956" lon="38.35738"><ele>115.8</ele><time>2026-07-27T13:51:45Z</time></trkpt><trkpt lat="58.119585" lon="38.35753"><ele>115.5</ele><time>2026-07-27T13:51:48Z</time></trkpt><trkpt lat="58.119607" lon="38.357677"><ele>115.4</ele><time>2026-07-27T13:51:51Z</time></trkpt><trkpt lat="58.119632" lon="38.357817"><ele>114.7</ele><time>2026-07-27T13:51:54Z</time></trkpt><trkpt lat="58.119665" lon="38.357952"><ele>114.6</ele><time>2026-07-27T13:51:57Z</time></trkpt><trkpt lat="58.119715" lon="38.35807"><ele>115.0</ele><time>2026-07-27T13:52:00Z</time></trkpt><trkpt lat="58.119795" lon="38.358165"><ele>114.8</ele><time>2026-07-27T13:52:04Z</time></trkpt><trkpt lat="58.119865" lon="38.358215"><ele>114.8</ele><time>2026-07-27T13:52:07Z</time></trkpt><trkpt lat="58.11994" lon="38.358255"><ele>115.0</ele><time>2026-07-27T13:52:10Z</time></trkpt><trkpt lat="58.12001" lon="38.358302"><ele>115.3</ele><time>2026-07-27T13:52:13Z</time></trkpt><trkpt lat="58.120078" lon="38.358425"><ele>115.1</ele><time>2026-07-27T13:52:17Z</time></trkpt><trkpt lat="58.120135" lon="38.358555"><ele>115.0</ele><time>2026-07-27T13:52:20Z</time></trkpt><trkpt lat="58.120195" lon="38.358665"><ele>115.0</ele><time>2026-07-27T13:52:23Z</time></trkpt><trkpt lat="58.12025" lon="38.358755"><ele>114.9</ele><time>2026-07-27T13:52:26Z</time></trkpt><trkpt lat="58.120295" lon="38.358865"><ele>115.2</ele><time>2026-07-27T13:52:29Z</time></trkpt><trkpt lat="58.12032" lon="38.35899"><ele>115.1</ele><time>2026-07-27T13:52:32Z</time></trkpt><trkpt lat="58.12035" lon="38.35914"><ele>115.2</ele><time>2026-07-27T13:52:35Z</time></trkpt><trkpt lat="58.120378" lon="38.359282"><ele>115.2</ele><time>2026-07-27T13:52:38Z</time></trkpt><trkpt lat="58.12041" lon="38.359422"><ele>115.1</ele><time>2026-07-27T13:52:41Z</time></trkpt><trkpt lat="58.120445" lon="38.359545"><ele>115.2</ele><time>2026-07-27T13:52:44Z</time></trkpt><trkpt lat="58.120497" lon="38.359667"><ele>115.4</ele><time>2026-07-27T13:52:47Z</time></trkpt><trkpt lat="58.12056" lon="38.359775"><ele>115.4</ele><time>2026-07-27T13:52:50Z</time></trkpt><trkpt lat="58.12064" lon="38.359855"><ele>115.7</ele><time>2026-07-27T13:52:54Z</time></trkpt><trkpt lat="58.120715" lon="38.35988"><ele>116.0</ele><time>2026-07-27T13:52:58Z</time></trkpt><trkpt lat="58.1208" lon="38.359885"><ele>116.3</ele><time>2026-07-27T13:53:02Z</time></trkpt><trkpt lat="58.120865" lon="38.359955"><ele>116.1</ele><time>2026-07-27T13:53:06Z</time></trkpt><trkpt lat="58.12089" lon="38.36009"><ele>116.1</ele><time>2026-07-27T13:53:10Z</time></trkpt><trkpt lat="58.120892" lon="38.36026"><ele>116.1</ele><time>2026-07-27T13:53:14Z</time></trkpt><trkpt lat="58.12091" lon="38.360433"><ele>115.9</ele><time>2026-07-27T13:53:18Z</time></trkpt><trkpt lat="58.12096" lon="38.360575"><ele>116.1</ele><time>2026-07-27T13:53:22Z</time></trkpt><trkpt lat="58.121035" lon="38.360663"><ele>115.9</ele><time>2026-07-27T13:53:26Z</time></trkpt><trkpt lat="58.121115" lon="38.36076"><ele>115.6</ele><time>2026-07-27T13:53:30Z</time></trkpt><trkpt lat="58.121175" lon="38.360875"><ele>115.8</ele><time>2026-07-27T13:53:34Z</time></trkpt><trkpt lat="58.121175" lon="38.361015"><ele>115.9</ele><time>2026-07-27T13:53:38Z</time></trkpt><trkpt lat="58.12115" lon="38.361155"><ele>115.7</ele><time>2026-07-27T13:53:42Z</time></trkpt><trkpt lat="58.12116" lon="38.361295"><ele>115.6</ele><time>2026-07-27T13:53:46Z</time></trkpt><trkpt lat="58.121205" lon="38.361405"><ele>115.6</ele><time>2026-07-27T13:53:50Z</time></trkpt><trkpt lat="58.12126" lon="38.361535"><ele>115.2</ele><time>2026-07-27T13:53:54Z</time></trkpt><trkpt lat="58.121305" lon="38.36168"><ele>115.0</ele><time>2026-07-27T13:53:58Z</time></trkpt><trkpt lat="58.121347" lon="38.36183"><ele>115.1</ele><time>2026-07-27T13:54:02Z</time></trkpt><trkpt lat="58.121405" lon="38.361935"><ele>115.0</ele><time>2026-07-27T13:54:06Z</time></trkpt><trkpt lat="58.12149" lon="38.361975"><ele>115.1</ele><time>2026-07-27T13:54:11Z</time></trkpt><trkpt lat="58.12157" lon="38.36197"><ele>115.0</ele><time>2026-07-27T13:54:15Z</time></trkpt><trkpt lat="58.121645" lon="38.362017"><ele>115.5</ele><time>2026-07-27T13:54:19Z</time></trkpt><trkpt lat="58.121695" lon="38.36214"><ele>115.4</ele><time>2026-07-27T13:54:24Z</time></trkpt><trkpt lat="58.121725" lon="38.36229"><ele>115.5</ele><time>2026-07-27T13:54:28Z</time></trkpt><trkpt lat="58.121765" lon="38.362435"><ele>115.7</ele><time>2026-07-27T13:54:32Z</time></trkpt><trkpt lat="58.121822" lon="38.362562"><ele>115.9</ele><time>2026-07-27T13:54:36Z</time></trkpt><trkpt lat="58.121855" lon="38.362685"><ele>116.0</ele><time>2026-07-27T13:54:40Z</time></trkpt><trkpt lat="58.12187" lon="38.362835"><ele>115.8</ele><time>2026-07-27T13:54:44Z</time></trkpt><trkpt lat="58.121897" lon="38.362965"><ele>115.3</ele><time>2026-07-27T13:54:48Z</time></trkpt><trkpt lat="58.12195" lon="38.363092"><ele>115.1</ele><time>2026-07-27T13:54:52Z</time></trkpt><trkpt lat="58.12198" lon="38.363225"><ele>115.1</ele><time>2026-07-27T13:54:56Z</time></trkpt><trkpt lat="58.121985" lon="38.36336"><ele>115.2</ele><time>2026-07-27T13:55:00Z</time></trkpt><trkpt lat="58.122" lon="38.363525"><ele>115.4</ele><time>2026-07-27T13:55:04Z</time></trkpt><trkpt lat="58.122065" lon="38.363633"><ele>115.7</ele><time>2026-07-27T13:55:09Z</time></trkpt><trkpt lat="58.12214" lon="38.36367"><ele>115.2</ele><time>2026-07-27T13:55:13Z</time></trkpt><trkpt lat="58.122212" lon="38.363712"><ele>115.1</ele><time>2026-07-27T13:55:17Z</time></trkpt><trkpt lat="58.122255" lon="38.36384"><ele>115.2</ele><time>2026-07-27T13:55:22Z</time></trkpt><trkpt lat="58.12225" lon="38.363985"><ele>115.5</ele><time>2026-07-27T13:55:26Z</time></trkpt><trkpt lat="58.12225" lon="38.36414"><ele>115.3</ele><time>2026-07-27T13:55:30Z</time></trkpt><trkpt lat="58.12229" lon="38.364255"><ele>115.2</ele><time>2026-07-27T13:55:34Z</time></trkpt><trkpt lat="58.122355" lon="38.364345"><ele>114.9</ele><time>2026-07-27T13:55:38Z</time></trkpt><trkpt lat="58.122405" lon="38.364445"><ele>114.7</ele><time>2026-07-27T13:55:42Z</time></trkpt><trkpt lat="58.122415" lon="38.364602"><ele>115.0</ele><time>2026-07-27T13:55:47Z</time></trkpt><trkpt lat="58.122422" lon="38.364755"><ele>114.9</ele><time>2026-07-27T13:55:51Z</time></trkpt><trkpt lat="58.122475" lon="38.364875"><ele>115.0</ele><time>2026-07-27T13:55:56Z</time></trkpt><trkpt lat="58.12256" lon="38.364895"><ele>115.2</ele><time>2026-07-27T13:56:01Z</time></trkpt><trkpt lat="58.12265" lon="38.364855"><ele>115.4</ele><time>2026-07-27T13:56:06Z</time></trkpt><trkpt lat="58.122725" lon="38.364915"><ele>115.3</ele><time>2026-07-27T13:56:11Z</time></trkpt><trkpt lat="58.122775" lon="38.365035"><ele>115.3</ele><time>2026-07-27T13:56:15Z</time></trkpt><trkpt lat="58.122815" lon="38.36518"><ele>115.2</ele><time>2026-07-27T13:56:19Z</time></trkpt><trkpt lat="58.12287" lon="38.36529"><ele>115.5</ele><time>2026-07-27T13:56:23Z</time></trkpt><trkpt lat="58.122947" lon="38.36535"><ele>115.6</ele><time>2026-07-27T13:56:28Z</time></trkpt><trkpt lat="58.12301" lon="38.365445"><ele>115.5</ele><time>2026-07-27T13:56:33Z</time></trkpt><trkpt lat="58.123005" lon="38.365587"><ele>115.8</ele><time>2026-07-27T13:56:38Z</time></trkpt><trkpt lat="58.122965" lon="38.365715"><ele>115.5</ele><time>2026-07-27T13:56:42Z</time></trkpt><trkpt lat="58.122945" lon="38.365855"><ele>115.7</ele><time>2026-07-27T13:56:46Z</time></trkpt><trkpt lat="58.122977" lon="38.365977"><ele>115.9</ele><time>2026-07-27T13:56:50Z</time></trkpt><trkpt lat="58.123023" lon="38.3661"><ele>115.9</ele><time>2026-07-27T13:56:54Z</time></trkpt><trkpt lat="58.123045" lon="38.36624"><ele>115.9</ele><time>2026-07-27T13:56:58Z</time></trkpt><trkpt lat="58.12305" lon="38.366385"><ele>116.0</ele><time>2026-07-27T13:57:02Z</time></trkpt><trkpt lat="58.12308" lon="38.366527"><ele>116.2</ele><time>2026-07-27T13:57:06Z</time></trkpt><trkpt lat="58.12315" lon="38.36659"><ele>116.3</ele><time>2026-07-27T13:57:11Z</time></trkpt><trkpt lat="58.123225" lon="38.366595"><ele>116.6</ele><time>2026-07-27T13:57:15Z</time></trkpt><trkpt lat="58.1233" lon="38.36664"><ele>116.5</ele><time>2026-07-27T13:57:19Z</time></trkpt><trkpt lat="58.123332" lon="38.36677"><ele>116.2</ele><time>2026-07-27T13:57:24Z</time></trkpt><trkpt lat="58.12334" lon="38.366915"><ele>116.4</ele><time>2026-07-27T13:57:28Z</time></trkpt><trkpt lat="58.123375" lon="38.367035"><ele>116.5</ele><time>2026-07-27T13:57:32Z</time></trkpt><trkpt lat="58.12345" lon="38.367075"><ele>116.8</ele><time>2026-07-27T13:57:37Z</time></trkpt><trkpt lat="58.12352" lon="38.36712"><ele>116.6</ele><time>2026-07-27T13:57:41Z</time></trkpt><trkpt lat="58.123592" lon="38.36721"><ele>116.5</ele><time>2026-07-27T13:57:45Z</time></trkpt><trkpt lat="58.123675" lon="38.367287"><ele>116.5</ele><time>2026-07-27T13:57:49Z</time></trkpt><trkpt lat="58.123745" lon="38.36733"><ele>116.2</ele><time>2026-07-27T13:57:52Z</time></trkpt><trkpt lat="58.123822" lon="38.367425"><ele>116.3</ele><time>2026-07-27T13:57:56Z</time></trkpt><trkpt lat="58.123902" lon="38.3675"><ele>116.4</ele><time>2026-07-27T13:58:00Z</time></trkpt><trkpt lat="58.123985" lon="38.36755"><ele>116.6</ele><time>2026-07-27T13:58:04Z</time></trkpt><trkpt lat="58.124045" lon="38.367672"><ele>116.4</ele><time>2026-07-27T13:58:09Z</time></trkpt><trkpt lat="58.12408" lon="38.36784"><ele>116.7</ele><time>2026-07-27T13:58:13Z</time></trkpt><trkpt lat="58.124125" lon="38.367985"><ele>116.3</ele><time>2026-07-27T13:58:17Z</time></trkpt><trkpt lat="58.124195" lon="38.368075"><ele>116.5</ele><time>2026-07-27T13:58:21Z</time></trkpt><trkpt lat="58.124277" lon="38.368107"><ele>116.8</ele><time>2026-07-27T13:58:25Z</time></trkpt><trkpt lat="58.12436" lon="38.36815"><ele>116.7</ele><time>2026-07-27T13:58:29Z</time></trkpt><trkpt lat="58.124412" lon="38.368265"><ele>116.8</ele><time>2026-07-27T13:58:34Z</time></trkpt><trkpt lat="58.124435" lon="38.3684"><ele>116.9</ele><time>2026-07-27T13:58:38Z</time></trkpt><trkpt lat="58.124485" lon="38.368512"><ele>116.5</ele><time>2026-07-27T13:58:42Z</time></trkpt><trkpt lat="58.12455" lon="38.36858"><ele>116.9</ele><time>2026-07-27T13:58:46Z</time></trkpt><trkpt lat="58.124632" lon="38.368607"><ele>117.2</ele><time>2026-07-27T13:58:50Z</time></trkpt><trkpt lat="58.124697" lon="38.36868"><ele>116.8</ele><time>2026-07-27T13:58:54Z</time></trkpt><trkpt lat="58.124735" lon="38.368835"><ele>116.8</ele><time>2026-07-27T13:58:59Z</time></trkpt><trkpt lat="58.124767" lon="38.368975"><ele>116.6</ele><time>2026-07-27T13:59:03Z</time></trkpt><trkpt lat="58.124825" lon="38.369065"><ele>116.6</ele><time>2026-07-27T13:59:07Z</time></trkpt><trkpt lat="58.124905" lon="38.36913"><ele>116.6</ele><time>2026-07-27T13:59:11Z</time></trkpt><trkpt lat="58.124975" lon="38.3692"><ele>116.6</ele><time>2026-07-27T13:59:15Z</time></trkpt><trkpt lat="58.125025" lon="38.369315"><ele>116.7</ele><time>2026-07-27T13:59:19Z</time></trkpt><trkpt lat="58.125082" lon="38.36943"><ele>116.8</ele><time>2026-07-27T13:59:23Z</time></trkpt><trkpt lat="58.12514" lon="38.369545"><ele>116.6</ele><time>2026-07-27T13:59:27Z</time></trkpt><trkpt lat="58.12519" lon="38.369687"><ele>116.5</ele><time>2026-07-27T13:59:31Z</time></trkpt><trkpt lat="58.125235" lon="38.369817"><ele>116.7</ele><time>2026-07-27T13:59:35Z</time></trkpt><trkpt lat="58.125298" lon="38.369907"><ele>116.5</ele><time>2026-07-27T13:59:39Z</time></trkpt><trkpt lat="58.125382" lon="38.369927"><ele>116.9</ele><time>2026-07-27T13:59:44Z</time></trkpt><trkpt lat="58.125452" lon="38.369905"><ele>116.7</ele><time>2026-07-27T13:59:49Z</time></trkpt><trkpt lat="58.125535" lon="38.36992"><ele>116.8</ele><time>2026-07-27T13:59:54Z</time></trkpt><trkpt lat="58.125575" lon="38.370035"><ele>116.1</ele><time>2026-07-27T13:59:59Z</time></trkpt><trkpt lat="58.125585" lon="38.37017"><ele>116.3</ele><time>2026-07-27T14:00:03Z</time></trkpt><trkpt lat="58.125592" lon="38.370335"><ele>116.4</ele><time>2026-07-27T14:00:08Z</time></trkpt><trkpt lat="58.125625" lon="38.370475"><ele>116.6</ele><time>2026-07-27T14:00:12Z</time></trkpt><trkpt lat="58.125662" lon="38.370602"><ele>116.7</ele><time>2026-07-27T14:00:16Z</time></trkpt><trkpt lat="58.125665" lon="38.37076"><ele>116.7</ele><time>2026-07-27T14:00:21Z</time></trkpt><trkpt lat="58.125683" lon="38.37092"><ele>116.6</ele><time>2026-07-27T14:00:26Z</time></trkpt><trkpt lat="58.12575" lon="38.37102"><ele>116.6</ele><time>2026-07-27T14:00:30Z</time></trkpt><trkpt lat="58.12582" lon="38.371062"><ele>116.6</ele><time>2026-07-27T14:00:34Z</time></trkpt><trkpt lat="58.125885" lon="38.371132"><ele>116.5</ele><time>2026-07-27T14:00:38Z</time></trkpt><trkpt lat="58.125935" lon="38.37127"><ele>116.1</ele><time>2026-07-27T14:00:43Z</time></trkpt><trkpt lat="58.125985" lon="38.371395"><ele>116.1</ele><time>2026-07-27T14:00:47Z</time></trkpt><trkpt lat="58.126057" lon="38.371465"><ele>116.3</ele><time>2026-07-27T14:00:51Z</time></trkpt><trkpt lat="58.126133" lon="38.371495"><ele>116.3</ele><time>2026-07-27T14:00:55Z</time></trkpt><trkpt lat="58.12622" lon="38.37154"><ele>116.3</ele><time>2026-07-27T14:00:59Z</time></trkpt><trkpt lat="58.126282" lon="38.371652"><ele>115.9</ele><time>2026-07-27T14:01:03Z</time></trkpt><trkpt lat="58.12632" lon="38.37177"><ele>115.7</ele><time>2026-07-27T14:01:07Z</time></trkpt><trkpt lat="58.12635" lon="38.371905"><ele>115.7</ele><time>2026-07-27T14:01:11Z</time></trkpt><trkpt lat="58.126405" lon="38.372032"><ele>115.9</ele><time>2026-07-27T14:01:15Z</time></trkpt><trkpt lat="58.126462" lon="38.372122"><ele>115.9</ele><time>2026-07-27T14:01:18Z</time></trkpt><trkpt lat="58.12652" lon="38.372247"><ele>114.9</ele><time>2026-07-27T14:01:22Z</time></trkpt><trkpt lat="58.12657" lon="38.3724"><ele>114.3</ele><time>2026-07-27T14:01:26Z</time></trkpt><trkpt lat="58.12662" lon="38.372535"><ele>114.2</ele><time>2026-07-27T14:01:30Z</time></trkpt><trkpt lat="58.126682" lon="38.372662"><ele>114.2</ele><time>2026-07-27T14:01:34Z</time></trkpt><trkpt lat="58.126747" lon="38.372765"><ele>113.9</ele><time>2026-07-27T14:01:38Z</time></trkpt><trkpt lat="58.12682" lon="38.372882"><ele>114.1</ele><time>2026-07-27T14:01:42Z</time></trkpt><trkpt lat="58.126885" lon="38.373005"><ele>114.2</ele><time>2026-07-27T14:01:46Z</time></trkpt><trkpt lat="58.126962" lon="38.373102"><ele>114.3</ele><time>2026-07-27T14:01:50Z</time></trkpt><trkpt lat="58.12703" lon="38.373182"><ele>114.4</ele><time>2026-07-27T14:01:53Z</time></trkpt><trkpt lat="58.127095" lon="38.373295"><ele>114.3</ele><time>2026-07-27T14:01:57Z</time></trkpt><trkpt lat="58.127122" lon="38.37343"><ele>114.4</ele><time>2026-07-27T14:02:01Z</time></trkpt><trkpt lat="58.12711" lon="38.373585"><ele>114.2</ele><time>2026-07-27T14:02:06Z</time></trkpt><trkpt lat="58.127125" lon="38.373735"><ele>114.3</ele><time>2026-07-27T14:02:10Z</time></trkpt><trkpt lat="58.12717" lon="38.373863"><ele>114.4</ele><time>2026-07-27T14:02:14Z</time></trkpt><trkpt lat="58.127203" lon="38.373997"><ele>114.2</ele><time>2026-07-27T14:02:18Z</time></trkpt><trkpt lat="58.127207" lon="38.374165"><ele>114.3</ele><time>2026-07-27T14:02:23Z</time></trkpt><trkpt lat="58.12722" lon="38.374298"><ele>115.4</ele><time>2026-07-27T14:02:27Z</time></trkpt><trkpt lat="58.127288" lon="38.374395"><ele>115.5</ele><time>2026-07-27T14:02:32Z</time></trkpt><trkpt lat="58.12736" lon="38.37448"><ele>115.8</ele><time>2026-07-27T14:02:36Z</time></trkpt><trkpt lat="58.127405" lon="38.374602"><ele>115.7</ele><time>2026-07-27T14:02:40Z</time></trkpt><trkpt lat="58.127455" lon="38.37473"><ele>115.6</ele><time>2026-07-27T14:02:44Z</time></trkpt><trkpt lat="58.12751" lon="38.374833"><ele>115.8</ele><time>2026-07-27T14:02:47Z</time></trkpt><trkpt lat="58.12756" lon="38.374935"><ele>115.8</ele><time>2026-07-27T14:02:50Z</time></trkpt><trkpt lat="58.12762" lon="38.375062"><ele>115.5</ele><time>2026-07-27T14:02:54Z</time></trkpt><trkpt lat="58.127675" lon="38.375155"><ele>115.1</ele><time>2026-07-27T14:02:57Z</time></trkpt><trkpt lat="58.127745" lon="38.375265"><ele>114.9</ele><time>2026-07-27T14:03:01Z</time></trkpt><trkpt lat="58.12782" lon="38.375355"><ele>114.7</ele><time>2026-07-27T14:03:05Z</time></trkpt><trkpt lat="58.127892" lon="38.375415"><ele>114.9</ele><time>2026-07-27T14:03:08Z</time></trkpt><trkpt lat="58.127962" lon="38.37547"><ele>115.1</ele><time>2026-07-27T14:03:11Z</time></trkpt><trkpt lat="58.128032" lon="38.375522"><ele>115.2</ele><time>2026-07-27T14:03:14Z</time></trkpt><trkpt lat="58.1281" lon="38.375585"><ele>115.1</ele><time>2026-07-27T14:03:17Z</time></trkpt><trkpt lat="58.12817" lon="38.37569"><ele>114.9</ele><time>2026-07-27T14:03:21Z</time></trkpt><trkpt lat="58.128212" lon="38.37583"><ele>115.3</ele><time>2026-07-27T14:03:25Z</time></trkpt><trkpt lat="58.12821" lon="38.375992"><ele>115.5</ele><time>2026-07-27T14:03:30Z</time></trkpt><trkpt lat="58.1282" lon="38.376147"><ele>115.5</ele><time>2026-07-27T14:03:34Z</time></trkpt><trkpt lat="58.128225" lon="38.37629"><ele>115.5</ele><time>2026-07-27T14:03:38Z</time></trkpt><trkpt lat="58.128277" lon="38.376417"><ele>115.3</ele><time>2026-07-27T14:03:42Z</time></trkpt><trkpt lat="58.128328" lon="38.376545"><ele>115.7</ele><time>2026-07-27T14:03:46Z</time></trkpt><trkpt lat="58.128385" lon="38.37666"><ele>115.7</ele><time>2026-07-27T14:03:50Z</time></trkpt><trkpt lat="58.128447" lon="38.376757"><ele>115.9</ele><time>2026-07-27T14:03:54Z</time></trkpt><trkpt lat="58.128525" lon="38.376827"><ele>115.4</ele><time>2026-07-27T14:03:58Z</time></trkpt><trkpt lat="58.1286" lon="38.376905"><ele>115.1</ele><time>2026-07-27T14:04:02Z</time></trkpt><trkpt lat="58.12866" lon="38.377"><ele>115.1</ele><time>2026-07-27T14:04:06Z</time></trkpt><trkpt lat="58.128725" lon="38.377082"><ele>114.8</ele><time>2026-07-27T14:04:10Z</time></trkpt><trkpt lat="58.128805" lon="38.377115"><ele>115.3</ele><time>2026-07-27T14:04:14Z</time></trkpt><trkpt lat="58.128885" lon="38.377155"><ele>115.7</ele><time>2026-07-27T14:04:18Z</time></trkpt><trkpt lat="58.12895" lon="38.37723"><ele>115.9</ele><time>2026-07-27T14:04:22Z</time></trkpt><trkpt lat="58.129005" lon="38.377335"><ele>116.0</ele><time>2026-07-27T14:04:26Z</time></trkpt><trkpt lat="58.129057" lon="38.377462"><ele>116.0</ele><time>2026-07-27T14:04:30Z</time></trkpt><trkpt lat="58.129115" lon="38.377605"><ele>115.9</ele><time>2026-07-27T14:04:34Z</time></trkpt><trkpt lat="58.129173" lon="38.377718"><ele>116.0</ele><time>2026-07-27T14:04:38Z</time></trkpt><trkpt lat="58.129232" lon="38.377815"><ele>116.3</ele><time>2026-07-27T14:04:41Z</time></trkpt><trkpt lat="58.129302" lon="38.377935"><ele>116.6</ele><time>2026-07-27T14:04:45Z</time></trkpt><trkpt lat="58.12936" lon="38.378045"><ele>116.1</ele><time>2026-07-27T14:04:48Z</time></trkpt><trkpt lat="58.129432" lon="38.378102"><ele>115.7</ele><time>2026-07-27T14:04:52Z</time></trkpt><trkpt lat="58.129505" lon="38.378152"><ele>115.4</ele><time>2026-07-27T14:04:56Z</time></trkpt><trkpt lat="58.129555" lon="38.37825"><ele>115.3</ele><time>2026-07-27T14:05:00Z</time></trkpt><trkpt lat="58.1296" lon="38.378385"><ele>114.4</ele><time>2026-07-27T14:05:04Z</time></trkpt><trkpt lat="58.129645" lon="38.37849"><ele>114.8</ele><time>2026-07-27T14:05:07Z</time></trkpt><trkpt lat="58.129702" lon="38.378585"><ele>114.5</ele><time>2026-07-27T14:05:10Z</time></trkpt><trkpt lat="58.12977" lon="38.37869"><ele>113.6</ele><time>2026-07-27T14:05:14Z</time></trkpt><trkpt lat="58.12983" lon="38.37883"><ele>113.4</ele><time>2026-07-27T14:05:18Z</time></trkpt><trkpt lat="58.12988" lon="38.37894"><ele>113.8</ele><time>2026-07-27T14:05:21Z</time></trkpt><trkpt lat="58.12994" lon="38.37902"><ele>113.9</ele><time>2026-07-27T14:05:24Z</time></trkpt><trkpt lat="58.130007" lon="38.37907"><ele>114.5</ele><time>2026-07-27T14:05:27Z</time></trkpt><trkpt lat="58.1301" lon="38.37913"><ele>114.5</ele><time>2026-07-27T14:05:31Z</time></trkpt><trkpt lat="58.13017" lon="38.3792"><ele>114.4</ele><time>2026-07-27T14:05:34Z</time></trkpt><trkpt lat="58.130227" lon="38.379305"><ele>114.5</ele><time>2026-07-27T14:05:38Z</time></trkpt><trkpt lat="58.13025" lon="38.37944"><ele>114.4</ele><time>2026-07-27T14:05:42Z</time></trkpt><trkpt lat="58.130243" lon="38.379607"><ele>114.3</ele><time>2026-07-27T14:05:47Z</time></trkpt><trkpt lat="58.130255" lon="38.379747"><ele>114.1</ele><time>2026-07-27T14:05:51Z</time></trkpt><trkpt lat="58.130325" lon="38.379828"><ele>114.0</ele><time>2026-07-27T14:05:56Z</time></trkpt><trkpt lat="58.130383" lon="38.379925"><ele>114.2</ele><time>2026-07-27T14:06:00Z</time></trkpt><trkpt lat="58.13042" lon="38.380055"><ele>114.4</ele><time>2026-07-27T14:06:04Z</time></trkpt><trkpt lat="58.130463" lon="38.3802"><ele>114.0</ele><time>2026-07-27T14:06:08Z</time></trkpt><trkpt lat="58.130532" lon="38.380302"><ele>113.7</ele><time>2026-07-27T14:06:12Z</time></trkpt><trkpt lat="58.130603" lon="38.3804"><ele>114.4</ele><time>2026-07-27T14:06:16Z</time></trkpt><trkpt lat="58.130665" lon="38.380482"><ele>114.3</ele><time>2026-07-27T14:06:19Z</time></trkpt><trkpt lat="58.13073" lon="38.38056"><ele>114.7</ele><time>2026-07-27T14:06:22Z</time></trkpt><trkpt lat="58.130805" lon="38.380615"><ele>114.5</ele><time>2026-07-27T14:06:25Z</time></trkpt><trkpt lat="58.130875" lon="38.38065"><ele>114.5</ele><time>2026-07-27T14:06:28Z</time></trkpt><trkpt lat="58.130945" lon="38.380705"><ele>114.4</ele><time>2026-07-27T14:06:31Z</time></trkpt><trkpt lat="58.131012" lon="38.380785"><ele>114.6</ele><time>2026-07-27T14:06:34Z</time></trkpt><trkpt lat="58.131072" lon="38.380875"><ele>114.8</ele><time>2026-07-27T14:06:37Z</time></trkpt><trkpt lat="58.131135" lon="38.380975"><ele>114.7</ele><time>2026-07-27T14:06:40Z</time></trkpt><trkpt lat="58.131192" lon="38.381075"><ele>115.0</ele><time>2026-07-27T14:06:43Z</time></trkpt><trkpt lat="58.131265" lon="38.381177"><ele>115.2</ele><time>2026-07-27T14:06:46Z</time></trkpt><trkpt lat="58.131335" lon="38.38125"><ele>114.9</ele><time>2026-07-27T14:06:49Z</time></trkpt><trkpt lat="58.131405" lon="38.38133"><ele>114.8</ele><time>2026-07-27T14:06:52Z</time></trkpt><trkpt lat="58.131465" lon="38.381425"><ele>115.1</ele><time>2026-07-27T14:06:55Z</time></trkpt><trkpt lat="58.13151" lon="38.381535"><ele>115.1</ele><time>2026-07-27T14:06:58Z</time></trkpt><trkpt lat="58.13156" lon="38.38165"><ele>114.9</ele><time>2026-07-27T14:07:01Z</time></trkpt><trkpt lat="58.13162" lon="38.38179"><ele>114.8</ele><time>2026-07-27T14:07:05Z</time></trkpt><trkpt lat="58.13168" lon="38.381887"><ele>114.8</ele><time>2026-07-27T14:07:08Z</time></trkpt><trkpt lat="58.131745" lon="38.381975"><ele>114.9</ele><time>2026-07-27T14:07:11Z</time></trkpt><trkpt lat="58.131805" lon="38.382065"><ele>114.8</ele><time>2026-07-27T14:07:14Z</time></trkpt><trkpt lat="58.131867" lon="38.382197"><ele>114.7</ele><time>2026-07-27T14:07:18Z</time></trkpt><trkpt lat="58.13193" lon="38.3823"><ele>115.0</ele><time>2026-07-27T14:07:21Z</time></trkpt><trkpt lat="58.13199" lon="38.382372"><ele>114.7</ele><time>2026-07-27T14:07:24Z</time></trkpt><trkpt lat="58.13206" lon="38.382442"><ele>114.5</ele><time>2026-07-27T14:07:27Z</time></trkpt><trkpt lat="58.132128" lon="38.38251"><ele>114.7</ele><time>2026-07-27T14:07:30Z</time></trkpt><trkpt lat="58.132197" lon="38.382585"><ele>114.6</ele><time>2026-07-27T14:07:33Z</time></trkpt><trkpt lat="58.132262" lon="38.382672"><ele>114.5</ele><time>2026-07-27T14:07:36Z</time></trkpt><trkpt lat="58.132335" lon="38.38275"><ele>114.7</ele><time>2026-07-27T14:07:39Z</time></trkpt><trkpt lat="58.132407" lon="38.382795"><ele>114.2</ele><time>2026-07-27T14:07:42Z</time></trkpt><trkpt lat="58.13248" lon="38.38285"><ele>114.1</ele><time>2026-07-27T14:07:45Z</time></trkpt><trkpt lat="58.13256" lon="38.38291"><ele>114.2</ele><time>2026-07-27T14:07:48Z</time></trkpt><trkpt lat="58.132635" lon="38.382942"><ele>114.4</ele><time>2026-07-27T14:07:51Z</time></trkpt><trkpt lat="58.132717" lon="38.38299"><ele>114.4</ele><time>2026-07-27T14:07:54Z</time></trkpt><trkpt lat="58.1328" lon="38.38307"><ele>114.4</ele><time>2026-07-27T14:07:57Z</time></trkpt><trkpt lat="58.132873" lon="38.383137"><ele>114.1</ele><time>2026-07-27T14:08:00Z</time></trkpt><trkpt lat="58.132945" lon="38.38319"><ele>114.1</ele><time>2026-07-27T14:08:03Z</time></trkpt><trkpt lat="58.13301" lon="38.383265"><ele>114.2</ele><time>2026-07-27T14:08:06Z</time></trkpt><trkpt lat="58.133065" lon="38.383362"><ele>114.1</ele><time>2026-07-27T14:08:09Z</time></trkpt><trkpt lat="58.13312" lon="38.38348"><ele>114.1</ele><time>2026-07-27T14:08:12Z</time></trkpt><trkpt lat="58.133177" lon="38.383587"><ele>113.8</ele><time>2026-07-27T14:08:15Z</time></trkpt><trkpt lat="58.133235" lon="38.383685"><ele>113.9</ele><time>2026-07-27T14:08:18Z</time></trkpt><trkpt lat="58.1333" lon="38.383815"><ele>113.3</ele><time>2026-07-27T14:08:22Z</time></trkpt><trkpt lat="58.133352" lon="38.383937"><ele>113.4</ele><time>2026-07-27T14:08:25Z</time></trkpt><trkpt lat="58.133417" lon="38.384035"><ele>113.6</ele><time>2026-07-27T14:08:28Z</time></trkpt><trkpt lat="58.133487" lon="38.384092"><ele>114.0</ele><time>2026-07-27T14:08:31Z</time></trkpt><trkpt lat="58.133557" lon="38.38412"><ele>114.0</ele><time>2026-07-27T14:08:34Z</time></trkpt><trkpt lat="58.13364" lon="38.384157"><ele>114.1</ele><time>2026-07-27T14:08:37Z</time></trkpt><trkpt lat="58.133712" lon="38.38419"><ele>114.5</ele><time>2026-07-27T14:08:40Z</time></trkpt><trkpt lat="58.133785" lon="38.38423"><ele>114.4</ele><time>2026-07-27T14:08:43Z</time></trkpt><trkpt lat="58.133862" lon="38.384265"><ele>114.5</ele><time>2026-07-27T14:08:46Z</time></trkpt><trkpt lat="58.133937" lon="38.3843"><ele>114.7</ele><time>2026-07-27T14:08:49Z</time></trkpt><trkpt lat="58.13401" lon="38.384345"><ele>114.8</ele><time>2026-07-27T14:08:52Z</time></trkpt><trkpt lat="58.134085" lon="38.384435"><ele>114.6</ele><time>2026-07-27T14:08:56Z</time></trkpt><trkpt lat="58.13412" lon="38.38457"><ele>114.4</ele><time>2026-07-27T14:09:00Z</time></trkpt><trkpt lat="58.13412" lon="38.38471"><ele>114.0</ele><time>2026-07-27T14:09:04Z</time></trkpt><trkpt lat="58.13413" lon="38.384865"><ele>114.1</ele><time>2026-07-27T14:09:08Z</time></trkpt><trkpt lat="58.134177" lon="38.384997"><ele>113.7</ele><time>2026-07-27T14:09:12Z</time></trkpt><trkpt lat="58.13425" lon="38.385077"><ele>113.6</ele><time>2026-07-27T14:09:16Z</time></trkpt><trkpt lat="58.134323" lon="38.385148"><ele>113.8</ele><time>2026-07-27T14:09:20Z</time></trkpt><trkpt lat="58.13437" lon="38.385287"><ele>113.3</ele><time>2026-07-27T14:09:25Z</time></trkpt><trkpt lat="58.134382" lon="38.385437"><ele>113.3</ele><time>2026-07-27T14:09:29Z</time></trkpt><trkpt lat="58.134427" lon="38.385575"><ele>113.3</ele><time>2026-07-27T14:09:33Z</time></trkpt><trkpt lat="58.13449" lon="38.38565"><ele>113.3</ele><time>2026-07-27T14:09:37Z</time></trkpt><trkpt lat="58.134562" lon="38.385725"><ele>113.1</ele><time>2026-07-27T14:09:41Z</time></trkpt><trkpt lat="58.134617" lon="38.385815"><ele>112.9</ele><time>2026-07-27T14:09:44Z</time></trkpt><trkpt lat="58.134685" lon="38.38594"><ele>112.8</ele><time>2026-07-27T14:09:48Z</time></trkpt><trkpt lat="58.13475" lon="38.386017"><ele>113.0</ele><time>2026-07-27T14:09:51Z</time></trkpt><trkpt lat="58.134815" lon="38.386065"><ele>113.2</ele><time>2026-07-27T14:09:54Z</time></trkpt><trkpt lat="58.134895" lon="38.38611"><ele>113.0</ele><time>2026-07-27T14:09:57Z</time></trkpt><trkpt lat="58.134965" lon="38.38615"><ele>113.0</ele><time>2026-07-27T14:10:00Z</time></trkpt><trkpt lat="58.135035" lon="38.386195"><ele>113.1</ele><time>2026-07-27T14:10:03Z</time></trkpt><trkpt lat="58.1351" lon="38.386267"><ele>113.1</ele><time>2026-07-27T14:10:06Z</time></trkpt><trkpt lat="58.135165" lon="38.38635"><ele>113.3</ele><time>2026-07-27T14:10:09Z</time></trkpt><trkpt lat="58.135237" lon="38.38645"><ele>113.0</ele><time>2026-07-27T14:10:13Z</time></trkpt><trkpt lat="58.1353" lon="38.386535"><ele>113.0</ele><time>2026-07-27T14:10:16Z</time></trkpt><trkpt lat="58.135365" lon="38.386615"><ele>113.0</ele><time>2026-07-27T14:10:19Z</time></trkpt><trkpt lat="58.135427" lon="38.3867"><ele>112.8</ele><time>2026-07-27T14:10:22Z</time></trkpt><trkpt lat="58.135487" lon="38.386795"><ele>113.1</ele><time>2026-07-27T14:10:25Z</time></trkpt><trkpt lat="58.135545" lon="38.386915"><ele>113.1</ele><time>2026-07-27T14:10:29Z</time></trkpt><trkpt lat="58.135595" lon="38.387025"><ele>113.3</ele><time>2026-07-27T14:10:32Z</time></trkpt><trkpt lat="58.135645" lon="38.38713"><ele>113.3</ele><time>2026-07-27T14:10:35Z</time></trkpt><trkpt lat="58.135703" lon="38.387262"><ele>112.9</ele><time>2026-07-27T14:10:39Z</time></trkpt><trkpt lat="58.13575" lon="38.387377"><ele>113.0</ele><time>2026-07-27T14:10:42Z</time></trkpt><trkpt lat="58.135805" lon="38.387505"><ele>112.4</ele><time>2026-07-27T14:10:46Z</time></trkpt><trkpt lat="58.135862" lon="38.387635"><ele>112.3</ele><time>2026-07-27T14:10:50Z</time></trkpt><trkpt lat="58.135937" lon="38.387735"><ele>112.6</ele><time>2026-07-27T14:10:54Z</time></trkpt><trkpt lat="58.13601" lon="38.387812"><ele>112.6</ele><time>2026-07-27T14:10:58Z</time></trkpt><trkpt lat="58.136075" lon="38.38789"><ele>112.7</ele><time>2026-07-27T14:11:01Z</time></trkpt><trkpt lat="58.13615" lon="38.387948"><ele>112.5</ele><time>2026-07-27T14:11:05Z</time></trkpt><trkpt lat="58.136217" lon="38.388"><ele>112.5</ele><time>2026-07-27T14:11:08Z</time></trkpt><trkpt lat="58.1363" lon="38.388032"><ele>113.0</ele><time>2026-07-27T14:11:12Z</time></trkpt><trkpt lat="58.136377" lon="38.388072"><ele>113.1</ele><time>2026-07-27T14:11:16Z</time></trkpt><trkpt lat="58.136437" lon="38.38815"><ele>113.3</ele><time>2026-07-27T14:11:20Z</time></trkpt><trkpt lat="58.136455" lon="38.38829"><ele>112.8</ele><time>2026-07-27T14:11:24Z</time></trkpt><trkpt lat="58.136452" lon="38.38845"><ele>112.5</ele><time>2026-07-27T14:11:28Z</time></trkpt><trkpt lat="58.136447" lon="38.38861"><ele>112.3</ele><time>2026-07-27T14:11:32Z</time></trkpt><trkpt lat="58.136475" lon="38.38876"><ele>112.2</ele><time>2026-07-27T14:11:36Z</time></trkpt><trkpt lat="58.13654" lon="38.38886"><ele>111.9</ele><time>2026-07-27T14:11:40Z</time></trkpt><trkpt lat="58.136598" lon="38.38895"><ele>111.7</ele><time>2026-07-27T14:11:43Z</time></trkpt><trkpt lat="58.136665" lon="38.389067"><ele>111.7</ele><time>2026-07-27T14:11:47Z</time></trkpt><trkpt lat="58.136715" lon="38.3892"><ele>112.0</ele><time>2026-07-27T14:11:51Z</time></trkpt><trkpt lat="58.13675" lon="38.389355"><ele>112.3</ele><time>2026-07-27T14:11:55Z</time></trkpt><trkpt lat="58.136805" lon="38.389485"><ele>112.6</ele><time>2026-07-27T14:11:59Z</time></trkpt><trkpt lat="58.136857" lon="38.38959"><ele>112.6</ele><time>2026-07-27T14:12:02Z</time></trkpt><trkpt lat="58.13692" lon="38.389725"><ele>112.6</ele><time>2026-07-27T14:12:06Z</time></trkpt><trkpt lat="58.136982" lon="38.389815"><ele>112.5</ele><time>2026-07-27T14:12:09Z</time></trkpt><trkpt lat="58.137053" lon="38.389872"><ele>112.7</ele><time>2026-07-27T14:12:12Z</time></trkpt><trkpt lat="58.137145" lon="38.38994"><ele>112.7</ele><time>2026-07-27T14:12:16Z</time></trkpt><trkpt lat="58.137215" lon="38.390035"><ele>112.8</ele><time>2026-07-27T14:12:20Z</time></trkpt><trkpt lat="58.137275" lon="38.390143"><ele>112.8</ele><time>2026-07-27T14:12:24Z</time></trkpt><trkpt lat="58.137355" lon="38.390225"><ele>112.7</ele><time>2026-07-27T14:12:28Z</time></trkpt><trkpt lat="58.137437" lon="38.390297"><ele>112.7</ele><time>2026-07-27T14:12:32Z</time></trkpt><trkpt lat="58.137492" lon="38.390407"><ele>112.6</ele><time>2026-07-27T14:12:36Z</time></trkpt><trkpt lat="58.1375" lon="38.39056"><ele>112.7</ele><time>2026-07-27T14:12:41Z</time></trkpt><trkpt lat="58.137495" lon="38.390715"><ele>112.8</ele><time>2026-07-27T14:12:45Z</time></trkpt><trkpt lat="58.13752" lon="38.39087"><ele>113.0</ele><time>2026-07-27T14:12:49Z</time></trkpt><trkpt lat="58.137565" lon="38.39101"><ele>113.5</ele><time>2026-07-27T14:12:53Z</time></trkpt><trkpt lat="58.13762" lon="38.391137"><ele>113.5</ele><time>2026-07-27T14:12:57Z</time></trkpt><trkpt lat="58.137672" lon="38.391232"><ele>113.5</ele><time>2026-07-27T14:13:00Z</time></trkpt><trkpt lat="58.137735" lon="38.391315"><ele>113.6</ele><time>2026-07-27T14:13:03Z</time></trkpt><trkpt lat="58.137812" lon="38.391387"><ele>113.1</ele><time>2026-07-27T14:13:07Z</time></trkpt><trkpt lat="58.137877" lon="38.39148"><ele>112.9</ele><time>2026-07-27T14:13:11Z</time></trkpt><trkpt lat="58.137925" lon="38.391605"><ele>112.7</ele><time>2026-07-27T14:13:15Z</time></trkpt><trkpt lat="58.13798" lon="38.39172"><ele>112.7</ele><time>2026-07-27T14:13:19Z</time></trkpt><trkpt lat="58.13805" lon="38.391837"><ele>112.7</ele><time>2026-07-27T14:13:23Z</time></trkpt><trkpt lat="58.13813" lon="38.391945"><ele>112.7</ele><time>2026-07-27T14:13:27Z</time></trkpt><trkpt lat="58.138202" lon="38.392045"><ele>112.5</ele><time>2026-07-27T14:13:31Z</time></trkpt><trkpt lat="58.138258" lon="38.39218"><ele>112.6</ele><time>2026-07-27T14:13:35Z</time></trkpt><trkpt lat="58.13831" lon="38.392305"><ele>112.7</ele><time>2026-07-27T14:13:38Z</time></trkpt><trkpt lat="58.138355" lon="38.39245"><ele>112.8</ele><time>2026-07-27T14:13:42Z</time></trkpt><trkpt lat="58.13839" lon="38.392595"><ele>112.7</ele><time>2026-07-27T14:13:46Z</time></trkpt><trkpt lat="58.138425" lon="38.392715"><ele>112.6</ele><time>2026-07-27T14:13:49Z</time></trkpt><trkpt lat="58.138472" lon="38.392855"><ele>112.4</ele><time>2026-07-27T14:13:53Z</time></trkpt><trkpt lat="58.138535" lon="38.392977"><ele>112.6</ele><time>2026-07-27T14:13:57Z</time></trkpt><trkpt lat="58.138585" lon="38.39308"><ele>112.3</ele><time>2026-07-27T14:14:00Z</time></trkpt><trkpt lat="58.138642" lon="38.393215"><ele>112.4</ele><time>2026-07-27T14:14:04Z</time></trkpt><trkpt lat="58.138685" lon="38.393355"><ele>112.2</ele><time>2026-07-27T14:14:08Z</time></trkpt><trkpt lat="58.138725" lon="38.3935"><ele>111.8</ele><time>2026-07-27T14:14:12Z</time></trkpt><trkpt lat="58.138775" lon="38.393617"><ele>112.1</ele><time>2026-07-27T14:14:16Z</time></trkpt><trkpt lat="58.138845" lon="38.393697"><ele>112.2</ele><time>2026-07-27T14:14:20Z</time></trkpt><trkpt lat="58.13893" lon="38.393712"><ele>112.6</ele><time>2026-07-27T14:14:25Z</time></trkpt><trkpt lat="58.139017" lon="38.393698"><ele>113.4</ele><time>2026-07-27T14:14:30Z</time></trkpt><trkpt lat="58.1391" lon="38.39376"><ele>113.2</ele><time>2026-07-27T14:14:35Z</time></trkpt><trkpt lat="58.139172" lon="38.393852"><ele>113.0</ele><time>2026-07-27T14:14:39Z</time></trkpt><trkpt lat="58.139245" lon="38.39396"><ele>112.5</ele><time>2026-07-27T14:14:43Z</time></trkpt><trkpt lat="58.13931" lon="38.39403"><ele>112.0</ele><time>2026-07-27T14:14:46Z</time></trkpt><trkpt lat="58.139375" lon="38.394092"><ele>111.5</ele><time>2026-07-27T14:14:49Z</time></trkpt><trkpt lat="58.13944" lon="38.39416"><ele>111.1</ele><time>2026-07-27T14:14:52Z</time></trkpt><trkpt lat="58.139505" lon="38.39423"><ele>112.0</ele><time>2026-07-27T14:14:55Z</time></trkpt><trkpt lat="58.139565" lon="38.39432"><ele>112.5</ele><time>2026-07-27T14:14:58Z</time></trkpt><trkpt lat="58.139615" lon="38.39442"><ele>113.2</ele><time>2026-07-27T14:15:01Z</time></trkpt><trkpt lat="58.139665" lon="38.39457"><ele>113.3</ele><time>2026-07-27T14:15:05Z</time></trkpt><trkpt lat="58.139705" lon="38.39468"><ele>113.1</ele><time>2026-07-27T14:15:08Z</time></trkpt><trkpt lat="58.139765" lon="38.394815"><ele>113.3</ele><time>2026-07-27T14:15:12Z</time></trkpt><trkpt lat="58.139815" lon="38.394932"><ele>113.6</ele><time>2026-07-27T14:15:15Z</time></trkpt><trkpt lat="58.139875" lon="38.395065"><ele>113.3</ele><time>2026-07-27T14:15:18Z</time></trkpt><trkpt lat="58.139927" lon="38.39517"><ele>113.2</ele><time>2026-07-27T14:15:21Z</time></trkpt><trkpt lat="58.139975" lon="38.395307"><ele>113.5</ele><time>2026-07-27T14:15:25Z</time></trkpt><trkpt lat="58.140015" lon="38.39546"><ele>113.9</ele><time>2026-07-27T14:15:29Z</time></trkpt><trkpt lat="58.14005" lon="38.395607"><ele>113.8</ele><time>2026-07-27T14:15:33Z</time></trkpt><trkpt lat="58.14009" lon="38.395722"><ele>113.4</ele><time>2026-07-27T14:15:36Z</time></trkpt><trkpt lat="58.14014" lon="38.39586"><ele>112.8</ele><time>2026-07-27T14:15:39Z</time></trkpt><trkpt lat="58.140165" lon="38.39602"><ele>113.6</ele><time>2026-07-27T14:15:44Z</time></trkpt><trkpt lat="58.140165" lon="38.39619"><ele>113.6</ele><time>2026-07-27T14:15:49Z</time></trkpt><trkpt lat="58.140195" lon="38.396367"><ele>114.2</ele><time>2026-07-27T14:15:54Z</time></trkpt><trkpt lat="58.140205" lon="38.39652"><ele>114.4</ele><time>2026-07-27T14:15:57Z</time></trkpt><trkpt lat="58.140225" lon="38.396665"><ele>114.0</ele><time>2026-07-27T14:16:00Z</time></trkpt><trkpt lat="58.140265" lon="38.396805"><ele>116.1</ele><time>2026-07-27T14:16:03Z</time></trkpt><trkpt lat="58.140302" lon="38.39696"><ele>116.5</ele><time>2026-07-27T14:16:07Z</time></trkpt><trkpt lat="58.14036" lon="38.39707"><ele>114.2</ele><time>2026-07-27T14:16:11Z</time></trkpt><trkpt lat="58.14041" lon="38.39717"><ele>113.6</ele><time>2026-07-27T14:16:15Z</time></trkpt><trkpt lat="58.14047" lon="38.397285"><ele>115.2</ele><time>2026-07-27T14:16:19Z</time></trkpt><trkpt lat="58.140527" lon="38.397415"><ele>113.6</ele><time>2026-07-27T14:16:23Z</time></trkpt><trkpt lat="58.140565" lon="38.39757"><ele>115.5</ele><time>2026-07-27T14:16:27Z</time></trkpt><trkpt lat="58.14058" lon="38.39771"><ele>115.1</ele><time>2026-07-27T14:16:30Z</time></trkpt><trkpt lat="58.140608" lon="38.397837"><ele>114.9</ele><time>2026-07-27T14:16:33Z</time></trkpt><trkpt lat="58.140655" lon="38.39795"><ele>115.4</ele><time>2026-07-27T14:16:36Z</time></trkpt><trkpt lat="58.140697" lon="38.39807"><ele>115.3</ele><time>2026-07-27T14:16:39Z</time></trkpt><trkpt lat="58.14074" lon="38.39819"><ele>115.2</ele><time>2026-07-27T14:16:42Z</time></trkpt><trkpt lat="58.14078" lon="38.39833"><ele>115.0</ele><time>2026-07-27T14:16:45Z</time></trkpt><trkpt lat="58.140825" lon="38.398465"><ele>114.8</ele><time>2026-07-27T14:16:48Z</time></trkpt><trkpt lat="58.140835" lon="38.398635"><ele>114.4</ele><time>2026-07-27T14:16:53Z</time></trkpt><trkpt lat="58.140835" lon="38.398783"><ele>114.4</ele><time>2026-07-27T14:16:57Z</time></trkpt><trkpt lat="58.14087" lon="38.398942"><ele>114.0</ele><time>2026-07-27T14:17:01Z</time></trkpt><trkpt lat="58.14094" lon="38.399003"><ele>114.7</ele><time>2026-07-27T14:17:06Z</time></trkpt><trkpt lat="58.141015" lon="38.399077"><ele>113.1</ele><time>2026-07-27T14:17:11Z</time></trkpt><trkpt lat="58.141052" lon="38.399212"><ele>113.1</ele><time>2026-07-27T14:17:15Z</time></trkpt><trkpt lat="58.14107" lon="38.399345"><ele>113.4</ele><time>2026-07-27T14:17:19Z</time></trkpt><trkpt lat="58.141085" lon="38.3995"><ele>113.5</ele><time>2026-07-27T14:17:23Z</time></trkpt><trkpt lat="58.14112" lon="38.399665"><ele>113.9</ele><time>2026-07-27T14:17:27Z</time></trkpt><trkpt lat="58.141157" lon="38.399795"><ele>114.2</ele><time>2026-07-27T14:17:30Z</time></trkpt><trkpt lat="58.141195" lon="38.399935"><ele>114.0</ele><time>2026-07-27T14:17:33Z</time></trkpt><trkpt lat="58.14121" lon="38.400078"><ele>114.5</ele><time>2026-07-27T14:17:37Z</time></trkpt><trkpt lat="58.14118" lon="38.400205"><ele>114.0</ele><time>2026-07-27T14:17:41Z</time></trkpt><trkpt lat="58.141147" lon="38.40036"><ele>115.5</ele><time>2026-07-27T14:17:45Z</time></trkpt><trkpt lat="58.141157" lon="38.400525"><ele>113.7</ele><time>2026-07-27T14:17:50Z</time></trkpt><trkpt lat="58.141175" lon="38.400668"><ele>114.0</ele><time>2026-07-27T14:17:54Z</time></trkpt><trkpt lat="58.141195" lon="38.400817"><ele>114.4</ele><time>2026-07-27T14:17:58Z</time></trkpt><trkpt lat="58.141215" lon="38.40095"><ele>112.9</ele><time>2026-07-27T14:18:02Z</time></trkpt><trkpt lat="58.141245" lon="38.401087"><ele>112.5</ele><time>2026-07-27T14:18:06Z</time></trkpt><trkpt lat="58.141282" lon="38.40123"><ele>112.7</ele><time>2026-07-27T14:18:10Z</time></trkpt><trkpt lat="58.141345" lon="38.401335"><ele>112.5</ele><time>2026-07-27T14:18:14Z</time></trkpt><trkpt lat="58.14143" lon="38.401428"><ele>113.0</ele><time>2026-07-27T14:18:18Z</time></trkpt><trkpt lat="58.141497" lon="38.4015"><ele>113.2</ele><time>2026-07-27T14:18:21Z</time></trkpt><trkpt lat="58.141567" lon="38.401567"><ele>113.1</ele><time>2026-07-27T14:18:24Z</time></trkpt><trkpt lat="58.141645" lon="38.401675"><ele>113.4</ele><time>2026-07-27T14:18:27Z</time></trkpt><trkpt lat="58.14172" lon="38.401767"><ele>113.9</ele><time>2026-07-27T14:18:30Z</time></trkpt><trkpt lat="58.141795" lon="38.401787"><ele>114.5</ele><time>2026-07-27T14:18:34Z</time></trkpt><trkpt lat="58.141875" lon="38.401735"><ele>114.7</ele><time>2026-07-27T14:18:39Z</time></trkpt><trkpt lat="58.14195" lon="38.40177"><ele>114.7</ele><time>2026-07-27T14:18:44Z</time></trkpt><trkpt lat="58.141978" lon="38.40191"><ele>113.5</ele><time>2026-07-27T14:18:48Z</time></trkpt><trkpt lat="58.142007" lon="38.40207"><ele>113.2</ele><time>2026-07-27T14:18:52Z</time></trkpt><trkpt lat="58.14203" lon="38.40221"><ele>111.9</ele><time>2026-07-27T14:18:56Z</time></trkpt><trkpt lat="58.142065" lon="38.402357"><ele>111.6</ele><time>2026-07-27T14:19:00Z</time></trkpt><trkpt lat="58.14211" lon="38.402505"><ele>110.8</ele><time>2026-07-27T14:19:04Z</time></trkpt><trkpt lat="58.142142" lon="38.402632"><ele>112.0</ele><time>2026-07-27T14:19:07Z</time></trkpt><trkpt lat="58.142165" lon="38.4028"><ele>111.3</ele><time>2026-07-27T14:19:11Z</time></trkpt><trkpt lat="58.14219" lon="38.40296"><ele>112.0</ele><time>2026-07-27T14:19:15Z</time></trkpt><trkpt lat="58.14222" lon="38.403125"><ele>111.6</ele><time>2026-07-27T14:19:19Z</time></trkpt><trkpt lat="58.142245" lon="38.40327"><ele>111.2</ele><time>2026-07-27T14:19:23Z</time></trkpt><trkpt lat="58.14227" lon="38.40341"><ele>112.2</ele><time>2026-07-27T14:19:27Z</time></trkpt><trkpt lat="58.14231" lon="38.40356"><ele>112.4</ele><time>2026-07-27T14:19:31Z</time></trkpt><trkpt lat="58.142358" lon="38.40369"><ele>111.8</ele><time>2026-07-27T14:19:35Z</time></trkpt><trkpt lat="58.142395" lon="38.403822"><ele>113.3</ele><time>2026-07-27T14:19:39Z</time></trkpt><trkpt lat="58.14241" lon="38.403995"><ele>113.4</ele><time>2026-07-27T14:19:44Z</time></trkpt><trkpt lat="58.14244" lon="38.40415"><ele>112.3</ele><time>2026-07-27T14:19:48Z</time></trkpt><trkpt lat="58.142495" lon="38.404295"><ele>111.9</ele><time>2026-07-27T14:19:52Z</time></trkpt><trkpt lat="58.142542" lon="38.404445"><ele>111.7</ele><time>2026-07-27T14:19:56Z</time></trkpt><trkpt lat="58.142575" lon="38.404577"><ele>112.3</ele><time>2026-07-27T14:19:59Z</time></trkpt><trkpt lat="58.142625" lon="38.404732"><ele>112.5</ele><time>2026-07-27T14:20:03Z</time></trkpt><trkpt lat="58.142675" lon="38.40487"><ele>112.2</ele><time>2026-07-27T14:20:06Z</time></trkpt><trkpt lat="58.142705" lon="38.40501"><ele>111.8</ele><time>2026-07-27T14:20:09Z</time></trkpt><trkpt lat="58.14271" lon="38.405165"><ele>111.9</ele><time>2026-07-27T14:20:13Z</time></trkpt><trkpt lat="58.142715" lon="38.405347"><ele>112.2</ele><time>2026-07-27T14:20:17Z</time></trkpt><trkpt lat="58.142725" lon="38.405487"><ele>112.6</ele><time>2026-07-27T14:20:20Z</time></trkpt><trkpt lat="58.14275" lon="38.405637"><ele>112.0</ele><time>2026-07-27T14:20:24Z</time></trkpt><trkpt lat="58.142775" lon="38.405763"><ele>111.9</ele><time>2026-07-27T14:20:27Z</time></trkpt><trkpt lat="58.142807" lon="38.405935"><ele>111.8</ele><time>2026-07-27T14:20:31Z</time></trkpt><trkpt lat="58.142855" lon="38.406067"><ele>111.9</ele><time>2026-07-27T14:20:34Z</time></trkpt><trkpt lat="58.142905" lon="38.406177"><ele>112.0</ele><time>2026-07-27T14:20:37Z</time></trkpt><trkpt lat="58.14296" lon="38.406332"><ele>110.8</ele><time>2026-07-27T14:20:41Z</time></trkpt><trkpt lat="58.14299" lon="38.406487"><ele>110.8</ele><time>2026-07-27T14:20:44Z</time></trkpt><trkpt lat="58.143" lon="38.406662"><ele>111.6</ele><time>2026-07-27T14:20:48Z</time></trkpt><trkpt lat="58.142997" lon="38.406818"><ele>110.8</ele><time>2026-07-27T14:20:52Z</time></trkpt><trkpt lat="58.14301" lon="38.406955"><ele>110.8</ele><time>2026-07-27T14:20:55Z</time></trkpt><trkpt lat="58.14302" lon="38.407113"><ele>110.7</ele><time>2026-07-27T14:20:59Z</time></trkpt><trkpt lat="58.143015" lon="38.40729"><ele>110.2</ele><time>2026-07-27T14:21:03Z</time></trkpt><trkpt lat="58.143025" lon="38.40744"><ele>109.8</ele><time>2026-07-27T14:21:07Z</time></trkpt><trkpt lat="58.14306" lon="38.407578"><ele>110.3</ele><time>2026-07-27T14:21:11Z</time></trkpt><trkpt lat="58.143085" lon="38.407715"><ele>110.8</ele><time>2026-07-27T14:21:15Z</time></trkpt><trkpt lat="58.143067" lon="38.407865"><ele>111.1</ele><time>2026-07-27T14:21:20Z</time></trkpt><trkpt lat="58.143027" lon="38.408"><ele>111.3</ele><time>2026-07-27T14:21:24Z</time></trkpt><trkpt lat="58.143017" lon="38.408145"><ele>111.7</ele><time>2026-07-27T14:21:28Z</time></trkpt><trkpt lat="58.143015" lon="38.408295"><ele>111.6</ele><time>2026-07-27T14:21:32Z</time></trkpt><trkpt lat="58.14297" lon="38.408425"><ele>111.7</ele><time>2026-07-27T14:21:37Z</time></trkpt><trkpt lat="58.14293" lon="38.408552"><ele>111.4</ele><time>2026-07-27T14:21:41Z</time></trkpt><trkpt lat="58.142945" lon="38.40872"><ele>110.8</ele><time>2026-07-27T14:21:46Z</time></trkpt><trkpt lat="58.14295" lon="38.408865"><ele>110.9</ele><time>2026-07-27T14:21:50Z</time></trkpt><trkpt lat="58.1429" lon="38.408995"><ele>110.1</ele><time>2026-07-27T14:21:55Z</time></trkpt><trkpt lat="58.142855" lon="38.40912"><ele>110.4</ele><time>2026-07-27T14:21:59Z</time></trkpt><trkpt lat="58.14286" lon="38.409285"><ele>110.3</ele><time>2026-07-27T14:22:04Z</time></trkpt><trkpt lat="58.142885" lon="38.409435"><ele>110.5</ele><time>2026-07-27T14:22:08Z</time></trkpt><trkpt lat="58.142892" lon="38.409575"><ele>109.9</ele><time>2026-07-27T14:22:12Z</time></trkpt><trkpt lat="58.14287" lon="38.40971"><ele>110.3</ele><time>2026-07-27T14:22:16Z</time></trkpt><trkpt lat="58.142845" lon="38.40985"><ele>110.4</ele><time>2026-07-27T14:22:20Z</time></trkpt><trkpt lat="58.142847" lon="38.41001"><ele>111.0</ele><time>2026-07-27T14:22:24Z</time></trkpt><trkpt lat="58.142855" lon="38.41018"><ele>111.4</ele><time>2026-07-27T14:22:28Z</time></trkpt><trkpt lat="58.142855" lon="38.410365"><ele>112.6</ele><time>2026-07-27T14:22:32Z</time></trkpt><trkpt lat="58.142855" lon="38.410525"><ele>112.9</ele><time>2026-07-27T14:22:35Z</time></trkpt><trkpt lat="58.142835" lon="38.410673"><ele>112.6</ele><time>2026-07-27T14:22:39Z</time></trkpt><trkpt lat="58.142785" lon="38.410812"><ele>113.2</ele><time>2026-07-27T14:22:44Z</time></trkpt><trkpt lat="58.142755" lon="38.410955"><ele>112.7</ele><time>2026-07-27T14:22:48Z</time></trkpt><trkpt lat="58.142772" lon="38.411115"><ele>112.5</ele><time>2026-07-27T14:22:53Z</time></trkpt><trkpt lat="58.142815" lon="38.41126"><ele>112.3</ele><time>2026-07-27T14:22:58Z</time></trkpt><trkpt lat="58.142825" lon="38.41141"><ele>112.9</ele><time>2026-07-27T14:23:02Z</time></trkpt><trkpt lat="58.142825" lon="38.411572"><ele>113.2</ele><time>2026-07-27T14:23:06Z</time></trkpt><trkpt lat="58.14284" lon="38.41173"><ele>113.1</ele><time>2026-07-27T14:23:10Z</time></trkpt><trkpt lat="58.14287" lon="38.41187"><ele>112.8</ele><time>2026-07-27T14:23:14Z</time></trkpt><trkpt lat="58.142887" lon="38.412038"><ele>112.9</ele><time>2026-07-27T14:23:18Z</time></trkpt><trkpt lat="58.142892" lon="38.412193"><ele>112.3</ele><time>2026-07-27T14:23:22Z</time></trkpt><trkpt lat="58.1429" lon="38.41233"><ele>112.0</ele><time>2026-07-27T14:23:25Z</time></trkpt><trkpt lat="58.142905" lon="38.412495"><ele>111.8</ele><time>2026-07-27T14:23:29Z</time></trkpt><trkpt lat="58.142902" lon="38.41266"><ele>111.6</ele><time>2026-07-27T14:23:33Z</time></trkpt><trkpt lat="58.142885" lon="38.412795"><ele>111.3</ele><time>2026-07-27T14:23:37Z</time></trkpt><trkpt lat="58.142825" lon="38.41289"><ele>111.0</ele><time>2026-07-27T14:23:44Z</time></trkpt><trkpt lat="58.142755" lon="38.412925"><ele>111.6</ele><time>2026-07-27T14:23:51Z</time></trkpt><trkpt lat="58.142687" lon="38.413015"><ele>111.8</ele><time>2026-07-27T14:23:57Z</time></trkpt><trkpt lat="58.142653" lon="38.413155"><ele>112.0</ele><time>2026-07-27T14:24:02Z</time></trkpt><trkpt lat="58.142652" lon="38.41332"><ele>112.0</ele><time>2026-07-27T14:24:06Z</time></trkpt><trkpt lat="58.142657" lon="38.413457"><ele>111.4</ele><time>2026-07-27T14:24:09Z</time></trkpt><trkpt lat="58.142668" lon="38.413622"><ele>111.8</ele><time>2026-07-27T14:24:13Z</time></trkpt><trkpt lat="58.14269" lon="38.41379"><ele>111.7</ele><time>2026-07-27T14:24:17Z</time></trkpt><trkpt lat="58.14272" lon="38.41393"><ele>111.9</ele><time>2026-07-27T14:24:21Z</time></trkpt><trkpt lat="58.142745" lon="38.414085"><ele>112.5</ele><time>2026-07-27T14:24:25Z</time></trkpt><trkpt lat="58.142777" lon="38.414225"><ele>111.9</ele><time>2026-07-27T14:24:29Z</time></trkpt><trkpt lat="58.1428" lon="38.41436"><ele>112.4</ele><time>2026-07-27T14:24:33Z</time></trkpt><trkpt lat="58.142823" lon="38.414525"><ele>112.2</ele><time>2026-07-27T14:24:37Z</time></trkpt><trkpt lat="58.142855" lon="38.414685"><ele>112.8</ele><time>2026-07-27T14:24:41Z</time></trkpt><trkpt lat="58.142887" lon="38.41485"><ele>112.6</ele><time>2026-07-27T14:24:45Z</time></trkpt><trkpt lat="58.14291" lon="38.414985"><ele>112.5</ele><time>2026-07-27T14:24:48Z</time></trkpt><trkpt lat="58.14295" lon="38.415142"><ele>112.1</ele><time>2026-07-27T14:24:52Z</time></trkpt><trkpt lat="58.143005" lon="38.41529"><ele>112.8</ele><time>2026-07-27T14:24:56Z</time></trkpt><trkpt lat="58.143045" lon="38.415442"><ele>112.2</ele><time>2026-07-27T14:25:00Z</time></trkpt><trkpt lat="58.143085" lon="38.415587"><ele>111.7</ele><time>2026-07-27T14:25:04Z</time></trkpt><trkpt lat="58.143155" lon="38.41568"><ele>111.5</ele><time>2026-07-27T14:25:08Z</time></trkpt><trkpt lat="58.14323" lon="38.415735"><ele>111.9</ele><time>2026-07-27T14:25:12Z</time></trkpt><trkpt lat="58.143295" lon="38.415805"><ele>112.3</ele><time>2026-07-27T14:25:16Z</time></trkpt><trkpt lat="58.14334" lon="38.415925"><ele>113.0</ele><time>2026-07-27T14:25:20Z</time></trkpt><trkpt lat="58.143395" lon="38.41604"><ele>113.0</ele><time>2026-07-27T14:25:24Z</time></trkpt><trkpt lat="58.143455" lon="38.416165"><ele>113.2</ele><time>2026-07-27T14:25:28Z</time></trkpt><trkpt lat="58.143507" lon="38.416295"><ele>113.2</ele><time>2026-07-27T14:25:32Z</time></trkpt><trkpt lat="58.14356" lon="38.416445"><ele>112.4</ele><time>2026-07-27T14:25:36Z</time></trkpt><trkpt lat="58.143615" lon="38.416565"><ele>113.1</ele><time>2026-07-27T14:25:40Z</time></trkpt><trkpt lat="58.143695" lon="38.41662"><ele>113.1</ele><time>2026-07-27T14:25:46Z</time></trkpt><trkpt lat="58.143765" lon="38.416685"><ele>112.9</ele><time>2026-07-27T14:25:53Z</time></trkpt><trkpt lat="58.14378" lon="38.416772"><ele>112.8</ele><time>2026-07-27T14:26:00Z</time></trkpt><trkpt lat="58.143785" lon="38.416808"><ele>113.7</ele><time>2026-07-27T14:26:06Z</time></trkpt><trkpt lat="58.14379" lon="38.41684"><ele>113.8</ele><time>2026-07-27T14:26:16Z</time></trkpt><trkpt lat="58.14379" lon="38.41684"><ele>113.8</ele><time>2026-07-27T14:26:17Z</time></trkpt><trkpt lat="58.14381" lon="38.416875"><ele>113.7</ele><time>2026-07-27T14:26:26Z</time></trkpt><trkpt lat="58.143815" lon="38.41688"><ele>113.8</ele><time>2026-07-27T14:26:27Z</time></trkpt><trkpt lat="58.143837" lon="38.416915"><ele>114.8</ele><time>2026-07-27T14:26:35Z</time></trkpt><trkpt lat="58.143845" lon="38.416925"><ele>114.7</ele><time>2026-07-27T14:26:37Z</time></trkpt><trkpt lat="58.143862" lon="38.41696"><ele>114.7</ele><time>2026-07-27T14:26:45Z</time></trkpt><trkpt lat="58.143867" lon="38.416967"><ele>114.6</ele><time>2026-07-27T14:26:46Z</time></trkpt><trkpt lat="58.143887" lon="38.417"><ele>114.6</ele><time>2026-07-27T14:26:54Z</time></trkpt><trkpt lat="58.14389" lon="38.417005"><ele>114.6</ele><time>2026-07-27T14:26:55Z</time></trkpt><trkpt lat="58.143915" lon="38.41704"><ele>114.6</ele><time>2026-07-27T14:27:03Z</time></trkpt><trkpt lat="58.143917" lon="38.41704"><ele>114.7</ele><time>2026-07-27T14:27:04Z</time></trkpt><trkpt lat="58.143942" lon="38.41707"><ele>114.3</ele><time>2026-07-27T14:27:12Z</time></trkpt><trkpt lat="58.143945" lon="38.417075"><ele>115.1</ele><time>2026-07-27T14:27:13Z</time></trkpt><trkpt lat="58.14397" lon="38.417107"><ele>115.0</ele><time>2026-07-27T14:27:21Z</time></trkpt><trkpt lat="58.143975" lon="38.417112"><ele>115.3</ele><time>2026-07-27T14:27:22Z</time></trkpt><trkpt lat="58.144" lon="38.41718"><ele>115.2</ele><time>2026-07-27T14:27:30Z</time></trkpt><trkpt lat="58.144" lon="38.41728"><ele>114.7</ele><time>2026-07-27T14:27:37Z</time></trkpt><trkpt lat="58.14397" lon="38.41742"><ele>114.6</ele><time>2026-07-27T14:27:43Z</time></trkpt><trkpt lat="58.14394" lon="38.417545"><ele>114.5</ele><time>2026-07-27T14:27:47Z</time></trkpt><trkpt lat="58.143915" lon="38.417685"><ele>114.5</ele><time>2026-07-27T14:27:51Z</time></trkpt><trkpt lat="58.143917" lon="38.417847"><ele>114.8</ele><time>2026-07-27T14:27:56Z</time></trkpt><trkpt lat="58.14391" lon="38.418"><ele>114.8</ele><time>2026-07-27T14:28:00Z</time></trkpt><trkpt lat="58.14389" lon="38.41815"><ele>114.6</ele><time>2026-07-27T14:28:05Z</time></trkpt><trkpt lat="58.14387" lon="38.418305"><ele>114.8</ele><time>2026-07-27T14:28:10Z</time></trkpt><trkpt lat="58.14384" lon="38.41846"><ele>114.4</ele><time>2026-07-27T14:28:15Z</time></trkpt><trkpt lat="58.143805" lon="38.4186"><ele>114.6</ele><time>2026-07-27T14:28:20Z</time></trkpt><trkpt lat="58.14379" lon="38.41875"><ele>114.6</ele><time>2026-07-27T14:28:25Z</time></trkpt><trkpt lat="58.143787" lon="38.418895"><ele>114.7</ele><time>2026-07-27T14:28:29Z</time></trkpt><trkpt lat="58.143792" lon="38.41905"><ele>114.6</ele><time>2026-07-27T14:28:33Z</time></trkpt><trkpt lat="58.143785" lon="38.419215"><ele>114.5</ele><time>2026-07-27T14:28:38Z</time></trkpt><trkpt lat="58.143775" lon="38.419355"><ele>114.6</ele><time>2026-07-27T14:28:42Z</time></trkpt><trkpt lat="58.143775" lon="38.419505"><ele>114.7</ele><time>2026-07-27T14:28:46Z</time></trkpt><trkpt lat="58.143755" lon="38.419675"><ele>114.2</ele><time>2026-07-27T14:28:51Z</time></trkpt><trkpt lat="58.143737" lon="38.41982"><ele>114.5</ele><time>2026-07-27T14:28:55Z</time></trkpt><trkpt lat="58.143752" lon="38.419972"><ele>114.6</ele><time>2026-07-27T14:28:59Z</time></trkpt><trkpt lat="58.143762" lon="38.42011"><ele>114.8</ele><time>2026-07-27T14:29:03Z</time></trkpt><trkpt lat="58.14375" lon="38.42026"><ele>114.4</ele><time>2026-07-27T14:29:07Z</time></trkpt><trkpt lat="58.14374" lon="38.420425"><ele>114.1</ele><time>2026-07-27T14:29:11Z</time></trkpt><trkpt lat="58.14375" lon="38.420585"><ele>114.1</ele><time>2026-07-27T14:29:15Z</time></trkpt><trkpt lat="58.14375" lon="38.420725"><ele>115.1</ele><time>2026-07-27T14:29:19Z</time></trkpt><trkpt lat="58.143715" lon="38.42088"><ele>115.0</ele><time>2026-07-27T14:29:24Z</time></trkpt><trkpt lat="58.14369" lon="38.421015"><ele>114.7</ele><time>2026-07-27T14:29:28Z</time></trkpt><trkpt lat="58.143665" lon="38.421142"><ele>115.0</ele><time>2026-07-27T14:29:32Z</time></trkpt><trkpt lat="58.143635" lon="38.421275"><ele>114.8</ele><time>2026-07-27T14:29:36Z</time></trkpt><trkpt lat="58.143615" lon="38.42141"><ele>114.4</ele><time>2026-07-27T14:29:40Z</time></trkpt><trkpt lat="58.14363" lon="38.421555"><ele>114.4</ele><time>2026-07-27T14:29:44Z</time></trkpt><trkpt lat="58.143625" lon="38.42171"><ele>114.9</ele><time>2026-07-27T14:29:49Z</time></trkpt><trkpt lat="58.143567" lon="38.42181"><ele>115.4</ele><time>2026-07-27T14:29:54Z</time></trkpt><trkpt lat="58.143493" lon="38.421857"><ele>115.7</ele><time>2026-07-27T14:29:58Z</time></trkpt><trkpt lat="58.14343" lon="38.421935"><ele>116.2</ele><time>2026-07-27T14:30:02Z</time></trkpt><trkpt lat="58.143412" lon="38.422067"><ele>116.2</ele><time>2026-07-27T14:30:06Z</time></trkpt><trkpt lat="58.143407" lon="38.42221"><ele>116.1</ele><time>2026-07-27T14:30:10Z</time></trkpt><trkpt lat="58.143365" lon="38.422325"><ele>116.6</ele><time>2026-07-27T14:30:15Z</time></trkpt><trkpt lat="58.143305" lon="38.42241"><ele>115.7</ele><time>2026-07-27T14:30:19Z</time></trkpt><trkpt lat="58.143262" lon="38.422545"><ele>115.5</ele><time>2026-07-27T14:30:23Z</time></trkpt><trkpt lat="58.143255" lon="38.422685"><ele>115.5</ele><time>2026-07-27T14:30:27Z</time></trkpt><trkpt lat="58.14325" lon="38.422827"><ele>115.4</ele><time>2026-07-27T14:30:31Z</time></trkpt><trkpt lat="58.143215" lon="38.422952"><ele>115.4</ele><time>2026-07-27T14:30:35Z</time></trkpt><trkpt lat="58.14317" lon="38.423085"><ele>115.2</ele><time>2026-07-27T14:30:39Z</time></trkpt><trkpt lat="58.143157" lon="38.423225"><ele>115.5</ele><time>2026-07-27T14:30:43Z</time></trkpt><trkpt lat="58.143165" lon="38.42339"><ele>115.4</ele><time>2026-07-27T14:30:47Z</time></trkpt><trkpt lat="58.14314" lon="38.423545"><ele>115.6</ele><time>2026-07-27T14:30:52Z</time></trkpt><trkpt lat="58.143087" lon="38.423648"><ele>115.8</ele><time>2026-07-27T14:30:56Z</time></trkpt><trkpt lat="58.143032" lon="38.42375"><ele>115.6</ele><time>2026-07-27T14:31:00Z</time></trkpt><trkpt lat="58.14299" lon="38.423885"><ele>115.6</ele><time>2026-07-27T14:31:04Z</time></trkpt><trkpt lat="58.142972" lon="38.424028"><ele>115.7</ele><time>2026-07-27T14:31:08Z</time></trkpt><trkpt lat="58.142947" lon="38.424167"><ele>115.6</ele><time>2026-07-27T14:31:12Z</time></trkpt><trkpt lat="58.142905" lon="38.424287"><ele>115.3</ele><time>2026-07-27T14:31:16Z</time></trkpt><trkpt lat="58.142875" lon="38.42442"><ele>115.1</ele><time>2026-07-27T14:31:20Z</time></trkpt><trkpt lat="58.142885" lon="38.42456"><ele>115.2</ele><time>2026-07-27T14:31:24Z</time></trkpt><trkpt lat="58.142893" lon="38.424702"><ele>115.4</ele><time>2026-07-27T14:31:28Z</time></trkpt><trkpt lat="58.142878" lon="38.424838"><ele>115.3</ele><time>2026-07-27T14:31:32Z</time></trkpt><trkpt lat="58.142865" lon="38.42499"><ele>114.9</ele><time>2026-07-27T14:31:36Z</time></trkpt><trkpt lat="58.142865" lon="38.42515"><ele>114.9</ele><time>2026-07-27T14:31:40Z</time></trkpt><trkpt lat="58.142875" lon="38.425317"><ele>115.0</ele><time>2026-07-27T14:31:44Z</time></trkpt><trkpt lat="58.142885" lon="38.425475"><ele>115.1</ele><time>2026-07-27T14:31:48Z</time></trkpt><trkpt lat="58.14291" lon="38.425635"><ele>115.1</ele><time>2026-07-27T14:31:52Z</time></trkpt><trkpt lat="58.142962" lon="38.425745"><ele>115.3</ele><time>2026-07-27T14:31:57Z</time></trkpt><trkpt lat="58.143033" lon="38.42577"><ele>114.8</ele><time>2026-07-27T14:32:02Z</time></trkpt><trkpt lat="58.143113" lon="38.425758"><ele>114.5</ele><time>2026-07-27T14:32:06Z</time></trkpt><trkpt lat="58.143195" lon="38.42579"><ele>114.2</ele><time>2026-07-27T14:32:11Z</time></trkpt><trkpt lat="58.143245" lon="38.42589"><ele>113.8</ele><time>2026-07-27T14:32:15Z</time></trkpt><trkpt lat="58.143305" lon="38.426005"><ele>113.1</ele><time>2026-07-27T14:32:19Z</time></trkpt><trkpt lat="58.143375" lon="38.4261"><ele>113.3</ele><time>2026-07-27T14:32:23Z</time></trkpt><trkpt lat="58.143422" lon="38.426235"><ele>113.4</ele><time>2026-07-27T14:32:28Z</time></trkpt><trkpt lat="58.14346" lon="38.426377"><ele>113.3</ele><time>2026-07-27T14:32:32Z</time></trkpt><trkpt lat="58.143487" lon="38.426525"><ele>113.1</ele><time>2026-07-27T14:32:36Z</time></trkpt><trkpt lat="58.14349" lon="38.426695"><ele>113.0</ele><time>2026-07-27T14:32:41Z</time></trkpt><trkpt lat="58.143492" lon="38.42685"><ele>113.1</ele><time>2026-07-27T14:32:45Z</time></trkpt><trkpt lat="58.143522" lon="38.426995"><ele>113.3</ele><time>2026-07-27T14:32:49Z</time></trkpt><trkpt lat="58.143563" lon="38.42714"><ele>113.2</ele><time>2026-07-27T14:32:53Z</time></trkpt><trkpt lat="58.143597" lon="38.42729"><ele>113.3</ele><time>2026-07-27T14:32:57Z</time></trkpt><trkpt lat="58.14361" lon="38.427432"><ele>113.4</ele><time>2026-07-27T14:33:01Z</time></trkpt><trkpt lat="58.143592" lon="38.4276"><ele>113.6</ele><time>2026-07-27T14:33:06Z</time></trkpt><trkpt lat="58.143575" lon="38.427745"><ele>113.7</ele><time>2026-07-27T14:33:10Z</time></trkpt><trkpt lat="58.143585" lon="38.427905"><ele>114.1</ele><time>2026-07-27T14:33:15Z</time></trkpt><trkpt lat="58.143615" lon="38.428062"><ele>114.5</ele><time>2026-07-27T14:33:19Z</time></trkpt><trkpt lat="58.14362" lon="38.4282"><ele>114.6</ele><time>2026-07-27T14:33:23Z</time></trkpt><trkpt lat="58.143617" lon="38.428345"><ele>114.9</ele><time>2026-07-27T14:33:27Z</time></trkpt><trkpt lat="58.14363" lon="38.428492"><ele>114.7</ele><time>2026-07-27T14:33:31Z</time></trkpt><trkpt lat="58.143647" lon="38.42867"><ele>114.7</ele><time>2026-07-27T14:33:35Z</time></trkpt><trkpt lat="58.143662" lon="38.42884"><ele>114.6</ele><time>2026-07-27T14:33:39Z</time></trkpt><trkpt lat="58.143675" lon="38.429008"><ele>114.6</ele><time>2026-07-27T14:33:43Z</time></trkpt><trkpt lat="58.1437" lon="38.429158"><ele>114.6</ele><time>2026-07-27T14:33:47Z</time></trkpt><trkpt lat="58.143722" lon="38.429318"><ele>114.6</ele><time>2026-07-27T14:33:51Z</time></trkpt><trkpt lat="58.143745" lon="38.42949"><ele>114.5</ele><time>2026-07-27T14:33:55Z</time></trkpt><trkpt lat="58.143755" lon="38.429625"><ele>114.5</ele><time>2026-07-27T14:33:59Z</time></trkpt><trkpt lat="58.14375" lon="38.4298"><ele>114.5</ele><time>2026-07-27T14:34:04Z</time></trkpt><trkpt lat="58.14376" lon="38.429967"><ele>114.3</ele><time>2026-07-27T14:34:08Z</time></trkpt><trkpt lat="58.14377" lon="38.430105"><ele>114.6</ele><time>2026-07-27T14:34:12Z</time></trkpt><trkpt lat="58.143765" lon="38.430262"><ele>114.8</ele><time>2026-07-27T14:34:17Z</time></trkpt><trkpt lat="58.143777" lon="38.43042"><ele>114.8</ele><time>2026-07-27T14:34:21Z</time></trkpt><trkpt lat="58.143785" lon="38.43057"><ele>114.9</ele><time>2026-07-27T14:34:25Z</time></trkpt><trkpt lat="58.143765" lon="38.43073"><ele>115.3</ele><time>2026-07-27T14:34:30Z</time></trkpt><trkpt lat="58.14378" lon="38.43087"><ele>115.3</ele><time>2026-07-27T14:34:34Z</time></trkpt><trkpt lat="58.14381" lon="38.431015"><ele>115.6</ele><time>2026-07-27T14:34:38Z</time></trkpt><trkpt lat="58.14384" lon="38.431175"><ele>115.7</ele><time>2026-07-27T14:34:42Z</time></trkpt><trkpt lat="58.143872" lon="38.43134"><ele>115.9</ele><time>2026-07-27T14:34:46Z</time></trkpt><trkpt lat="58.143895" lon="38.431475"><ele>115.9</ele><time>2026-07-27T14:34:49Z</time></trkpt><trkpt lat="58.14392" lon="38.431615"><ele>116.0</ele><time>2026-07-27T14:34:52Z</time></trkpt><trkpt lat="58.143952" lon="38.431785"><ele>116.0</ele><time>2026-07-27T14:34:56Z</time></trkpt><trkpt lat="58.143977" lon="38.431935"><ele>115.9</ele><time>2026-07-27T14:34:59Z</time></trkpt><trkpt lat="58.144" lon="38.432067"><ele>116.0</ele><time>2026-07-27T14:35:02Z</time></trkpt><trkpt lat="58.144025" lon="38.432205"><ele>115.8</ele><time>2026-07-27T14:35:05Z</time></trkpt><trkpt lat="58.144055" lon="38.43234"><ele>115.7</ele><time>2026-07-27T14:35:08Z</time></trkpt><trkpt lat="58.144082" lon="38.432505"><ele>116.1</ele><time>2026-07-27T14:35:12Z</time></trkpt><trkpt lat="58.14407" lon="38.43266"><ele>114.3</ele><time>2026-07-27T14:35:17Z</time></trkpt><trkpt lat="58.14404" lon="38.43279"><ele>114.0</ele><time>2026-07-27T14:35:22Z</time></trkpt><trkpt lat="58.144045" lon="38.43294"><ele>114.6</ele><time>2026-07-27T14:35:27Z</time></trkpt><trkpt lat="58.144055" lon="38.43309"><ele>114.7</ele><time>2026-07-27T14:35:31Z</time></trkpt><trkpt lat="58.144072" lon="38.433257"><ele>114.9</ele><time>2026-07-27T14:35:35Z</time></trkpt><trkpt lat="58.144085" lon="38.433425"><ele>114.7</ele><time>2026-07-27T14:35:40Z</time></trkpt><trkpt lat="58.144102" lon="38.433565"><ele>114.7</ele><time>2026-07-27T14:35:44Z</time></trkpt><trkpt lat="58.144115" lon="38.4337"><ele>114.6</ele><time>2026-07-27T14:35:48Z</time></trkpt><trkpt lat="58.144135" lon="38.433855"><ele>114.7</ele><time>2026-07-27T14:35:52Z</time></trkpt><trkpt lat="58.144142" lon="38.434015"><ele>114.6</ele><time>2026-07-27T14:35:57Z</time></trkpt><trkpt lat="58.144155" lon="38.434182"><ele>114.7</ele><time>2026-07-27T14:36:02Z</time></trkpt><trkpt lat="58.144185" lon="38.434312"><ele>115.0</ele><time>2026-07-27T14:36:06Z</time></trkpt><trkpt lat="58.144205" lon="38.434465"><ele>115.3</ele><time>2026-07-27T14:36:10Z</time></trkpt><trkpt lat="58.1442" lon="38.434618"><ele>114.7</ele><time>2026-07-27T14:36:15Z</time></trkpt><trkpt lat="58.144173" lon="38.434775"><ele>114.5</ele><time>2026-07-27T14:36:21Z</time></trkpt><trkpt lat="58.1442" lon="38.434917"><ele>114.5</ele><time>2026-07-27T14:36:25Z</time></trkpt><trkpt lat="58.144243" lon="38.435067"><ele>115.1</ele><time>2026-07-27T14:36:29Z</time></trkpt><trkpt lat="58.144285" lon="38.435185"><ele>114.8</ele><time>2026-07-27T14:36:32Z</time></trkpt><trkpt lat="58.144325" lon="38.435298"><ele>115.4</ele><time>2026-07-27T14:36:35Z</time></trkpt><trkpt lat="58.14437" lon="38.435422"><ele>115.5</ele><time>2026-07-27T14:36:38Z</time></trkpt><trkpt lat="58.144415" lon="38.43557"><ele>115.0</ele><time>2026-07-27T14:36:42Z</time></trkpt><trkpt lat="58.144425" lon="38.435735"><ele>115.3</ele><time>2026-07-27T14:36:47Z</time></trkpt><trkpt lat="58.144415" lon="38.4359"><ele>115.3</ele><time>2026-07-27T14:36:52Z</time></trkpt><trkpt lat="58.144442" lon="38.43604"><ele>115.4</ele><time>2026-07-27T14:36:56Z</time></trkpt><trkpt lat="58.144475" lon="38.43617"><ele>115.2</ele><time>2026-07-27T14:37:00Z</time></trkpt><trkpt lat="58.14448" lon="38.436337"><ele>115.1</ele><time>2026-07-27T14:37:05Z</time></trkpt><trkpt lat="58.144475" lon="38.436505"><ele>115.2</ele><time>2026-07-27T14:37:09Z</time></trkpt><trkpt lat="58.144468" lon="38.436663"><ele>115.2</ele><time>2026-07-27T14:37:13Z</time></trkpt><trkpt lat="58.14445" lon="38.436837"><ele>115.1</ele><time>2026-07-27T14:37:18Z</time></trkpt><trkpt lat="58.144437" lon="38.437002"><ele>115.1</ele><time>2026-07-27T14:37:22Z</time></trkpt><trkpt lat="58.14444" lon="38.437165"><ele>116.2</ele><time>2026-07-27T14:37:26Z</time></trkpt><trkpt lat="58.144445" lon="38.437325"><ele>116.5</ele><time>2026-07-27T14:37:30Z</time></trkpt><trkpt lat="58.14446" lon="38.437492"><ele>116.4</ele><time>2026-07-27T14:37:34Z</time></trkpt><trkpt lat="58.144478" lon="38.43763"><ele>116.2</ele><time>2026-07-27T14:37:37Z</time></trkpt><trkpt lat="58.144505" lon="38.4378"><ele>116.3</ele><time>2026-07-27T14:37:41Z</time></trkpt><trkpt lat="58.14453" lon="38.437945"><ele>116.1</ele><time>2026-07-27T14:37:44Z</time></trkpt><trkpt lat="58.144552" lon="38.43808"><ele>116.2</ele><time>2026-07-27T14:37:47Z</time></trkpt><trkpt lat="58.144575" lon="38.43821"><ele>115.9</ele><time>2026-07-27T14:37:50Z</time></trkpt><trkpt lat="58.144595" lon="38.438355"><ele>115.6</ele><time>2026-07-27T14:37:53Z</time></trkpt><trkpt lat="58.14461" lon="38.438505"><ele>115.3</ele><time>2026-07-27T14:37:56Z</time></trkpt><trkpt lat="58.144622" lon="38.43864"><ele>115.4</ele><time>2026-07-27T14:37:59Z</time></trkpt><trkpt lat="58.144642" lon="38.438782"><ele>115.4</ele><time>2026-07-27T14:38:02Z</time></trkpt><trkpt lat="58.14466" lon="38.43896"><ele>115.0</ele><time>2026-07-27T14:38:06Z</time></trkpt><trkpt lat="58.144675" lon="38.439095"><ele>115.0</ele><time>2026-07-27T14:38:09Z</time></trkpt><trkpt lat="58.144692" lon="38.439238"><ele>114.9</ele><time>2026-07-27T14:38:12Z</time></trkpt><trkpt lat="58.144717" lon="38.43938"><ele>114.9</ele><time>2026-07-27T14:38:15Z</time></trkpt><trkpt lat="58.144745" lon="38.439548"><ele>114.9</ele><time>2026-07-27T14:38:19Z</time></trkpt><trkpt lat="58.144762" lon="38.439685"><ele>114.7</ele><time>2026-07-27T14:38:22Z</time></trkpt><trkpt lat="58.144782" lon="38.439815"><ele>114.9</ele><time>2026-07-27T14:38:25Z</time></trkpt><trkpt lat="58.14481" lon="38.43995"><ele>114.7</ele><time>2026-07-27T14:38:28Z</time></trkpt><trkpt lat="58.144832" lon="38.440125"><ele>114.5</ele><time>2026-07-27T14:38:32Z</time></trkpt><trkpt lat="58.144855" lon="38.44027"><ele>114.6</ele><time>2026-07-27T14:38:35Z</time></trkpt><trkpt lat="58.144885" lon="38.440405"><ele>114.7</ele><time>2026-07-27T14:38:38Z</time></trkpt><trkpt lat="58.144915" lon="38.44057"><ele>114.8</ele><time>2026-07-27T14:38:42Z</time></trkpt><trkpt lat="58.144932" lon="38.44071"><ele>114.5</ele><time>2026-07-27T14:38:45Z</time></trkpt><trkpt lat="58.144955" lon="38.44085"><ele>114.4</ele><time>2026-07-27T14:38:48Z</time></trkpt><trkpt lat="58.144975" lon="38.440982"><ele>114.4</ele><time>2026-07-27T14:38:51Z</time></trkpt><trkpt lat="58.144992" lon="38.44113"><ele>114.8</ele><time>2026-07-27T14:38:54Z</time></trkpt><trkpt lat="58.145007" lon="38.44127"><ele>115.6</ele><time>2026-07-27T14:38:57Z</time></trkpt><trkpt lat="58.145025" lon="38.441405"><ele>115.4</ele><time>2026-07-27T14:39:00Z</time></trkpt><trkpt lat="58.145045" lon="38.441552"><ele>115.6</ele><time>2026-07-27T14:39:03Z</time></trkpt><trkpt lat="58.14505" lon="38.44172"><ele>114.8</ele><time>2026-07-27T14:39:07Z</time></trkpt><trkpt lat="58.145065" lon="38.441895"><ele>115.2</ele><time>2026-07-27T14:39:11Z</time></trkpt><trkpt lat="58.145085" lon="38.442065"><ele>115.4</ele><time>2026-07-27T14:39:15Z</time></trkpt><trkpt lat="58.14512" lon="38.442235"><ele>115.7</ele><time>2026-07-27T14:39:19Z</time></trkpt><trkpt lat="58.145145" lon="38.44237"><ele>115.8</ele><time>2026-07-27T14:39:22Z</time></trkpt><trkpt lat="58.14517" lon="38.442535"><ele>116.2</ele><time>2026-07-27T14:39:26Z</time></trkpt><trkpt lat="58.145172" lon="38.4427"><ele>116.1</ele><time>2026-07-27T14:39:30Z</time></trkpt><trkpt lat="58.145167" lon="38.442842"><ele>116.2</ele><time>2026-07-27T14:39:34Z</time></trkpt><trkpt lat="58.145172" lon="38.443015"><ele>115.8</ele><time>2026-07-27T14:39:38Z</time></trkpt><trkpt lat="58.145185" lon="38.443178"><ele>115.8</ele><time>2026-07-27T14:39:42Z</time></trkpt><trkpt lat="58.1452" lon="38.44332"><ele>115.7</ele><time>2026-07-27T14:39:45Z</time></trkpt><trkpt lat="58.145207" lon="38.443488"><ele>115.8</ele><time>2026-07-27T14:39:49Z</time></trkpt><trkpt lat="58.14522" lon="38.443635"><ele>115.6</ele><time>2026-07-27T14:39:52Z</time></trkpt><trkpt lat="58.145235" lon="38.44378"><ele>115.7</ele><time>2026-07-27T14:39:55Z</time></trkpt><trkpt lat="58.145255" lon="38.44391"><ele>116.0</ele><time>2026-07-27T14:39:58Z</time></trkpt><trkpt lat="58.145275" lon="38.444045"><ele>116.1</ele><time>2026-07-27T14:40:01Z</time></trkpt><trkpt lat="58.145295" lon="38.444195"><ele>115.9</ele><time>2026-07-27T14:40:04Z</time></trkpt><trkpt lat="58.145317" lon="38.44434"><ele>115.6</ele><time>2026-07-27T14:40:07Z</time></trkpt><trkpt lat="58.145335" lon="38.444505"><ele>115.8</ele><time>2026-07-27T14:40:11Z</time></trkpt><trkpt lat="58.14536" lon="38.444675"><ele>116.0</ele><time>2026-07-27T14:40:15Z</time></trkpt><trkpt lat="58.145375" lon="38.444825"><ele>115.8</ele><time>2026-07-27T14:40:19Z</time></trkpt><trkpt lat="58.14537" lon="38.445"><ele>115.0</ele><time>2026-07-27T14:40:24Z</time></trkpt><trkpt lat="58.145377" lon="38.445175"><ele>114.9</ele><time>2026-07-27T14:40:28Z</time></trkpt><trkpt lat="58.145397" lon="38.44531"><ele>114.7</ele><time>2026-07-27T14:40:31Z</time></trkpt><trkpt lat="58.14541" lon="38.445445"><ele>114.6</ele><time>2026-07-27T14:40:34Z</time></trkpt><trkpt lat="58.145425" lon="38.44558"><ele>114.6</ele><time>2026-07-27T14:40:37Z</time></trkpt><trkpt lat="58.145425" lon="38.44576"><ele>114.6</ele><time>2026-07-27T14:40:41Z</time></trkpt><trkpt lat="58.14544" lon="38.44593"><ele>114.7</ele><time>2026-07-27T14:40:45Z</time></trkpt><trkpt lat="58.145462" lon="38.446082"><ele>114.2</ele><time>2026-07-27T14:40:49Z</time></trkpt><trkpt lat="58.145467" lon="38.446257"><ele>114.2</ele><time>2026-07-27T14:40:54Z</time></trkpt><trkpt lat="58.14547" lon="38.446435"><ele>114.0</ele><time>2026-07-27T14:40:58Z</time></trkpt><trkpt lat="58.145485" lon="38.446615"><ele>114.2</ele><time>2026-07-27T14:41:02Z</time></trkpt><trkpt lat="58.145502" lon="38.446765"><ele>113.8</ele><time>2026-07-27T14:41:05Z</time></trkpt><trkpt lat="58.145522" lon="38.446902"><ele>113.7</ele><time>2026-07-27T14:41:08Z</time></trkpt><trkpt lat="58.145533" lon="38.447075"><ele>114.1</ele><time>2026-07-27T14:41:12Z</time></trkpt><trkpt lat="58.145552" lon="38.447215"><ele>113.8</ele><time>2026-07-27T14:41:15Z</time></trkpt><trkpt lat="58.14557" lon="38.447385"><ele>113.7</ele><time>2026-07-27T14:41:19Z</time></trkpt><trkpt lat="58.145587" lon="38.447525"><ele>114.0</ele><time>2026-07-27T14:41:22Z</time></trkpt><trkpt lat="58.1456" lon="38.447675"><ele>114.0</ele><time>2026-07-27T14:41:25Z</time></trkpt><trkpt lat="58.145607" lon="38.44782"><ele>113.9</ele><time>2026-07-27T14:41:28Z</time></trkpt><trkpt lat="58.145615" lon="38.447967"><ele>113.8</ele><time>2026-07-27T14:41:31Z</time></trkpt><trkpt lat="58.145618" lon="38.448115"><ele>113.5</ele><time>2026-07-27T14:41:34Z</time></trkpt><trkpt lat="58.14563" lon="38.448258"><ele>113.6</ele><time>2026-07-27T14:41:37Z</time></trkpt><trkpt lat="58.145645" lon="38.448407"><ele>113.8</ele><time>2026-07-27T14:41:40Z</time></trkpt><trkpt lat="58.145655" lon="38.44856"><ele>113.6</ele><time>2026-07-27T14:41:43Z</time></trkpt><trkpt lat="58.145662" lon="38.448715"><ele>113.9</ele><time>2026-07-27T14:41:46Z</time></trkpt><trkpt lat="58.145662" lon="38.44886"><ele>113.8</ele><time>2026-07-27T14:41:49Z</time></trkpt><trkpt lat="58.145665" lon="38.44901"><ele>113.7</ele><time>2026-07-27T14:41:52Z</time></trkpt><trkpt lat="58.145672" lon="38.449165"><ele>113.9</ele><time>2026-07-27T14:41:55Z</time></trkpt><trkpt lat="58.14567" lon="38.449315"><ele>114.0</ele><time>2026-07-27T14:41:58Z</time></trkpt><trkpt lat="58.145672" lon="38.449462"><ele>114.0</ele><time>2026-07-27T14:42:01Z</time></trkpt><trkpt lat="58.14568" lon="38.44961"><ele>113.9</ele><time>2026-07-27T14:42:04Z</time></trkpt><trkpt lat="58.14569" lon="38.449755"><ele>114.2</ele><time>2026-07-27T14:42:07Z</time></trkpt><trkpt lat="58.14569" lon="38.4499"><ele>114.0</ele><time>2026-07-27T14:42:10Z</time></trkpt><trkpt lat="58.145682" lon="38.450042"><ele>113.7</ele><time>2026-07-27T14:42:13Z</time></trkpt><trkpt lat="58.145675" lon="38.45019"><ele>114.0</ele><time>2026-07-27T14:42:16Z</time></trkpt><trkpt lat="58.145682" lon="38.450335"><ele>114.0</ele><time>2026-07-27T14:42:19Z</time></trkpt><trkpt lat="58.145695" lon="38.45048"><ele>113.9</ele><time>2026-07-27T14:42:22Z</time></trkpt><trkpt lat="58.145705" lon="38.45063"><ele>113.7</ele><time>2026-07-27T14:42:25Z</time></trkpt><trkpt lat="58.14572" lon="38.45078"><ele>113.9</ele><time>2026-07-27T14:42:28Z</time></trkpt><trkpt lat="58.14572" lon="38.450955"><ele>113.9</ele><time>2026-07-27T14:42:32Z</time></trkpt><trkpt lat="58.145707" lon="38.45111"><ele>113.7</ele><time>2026-07-27T14:42:36Z</time></trkpt><trkpt lat="58.145715" lon="38.45128"><ele>113.5</ele><time>2026-07-27T14:42:40Z</time></trkpt><trkpt lat="58.14573" lon="38.451415"><ele>113.7</ele><time>2026-07-27T14:42:43Z</time></trkpt><trkpt lat="58.145752" lon="38.451555"><ele>113.8</ele><time>2026-07-27T14:42:46Z</time></trkpt><trkpt lat="58.14577" lon="38.451695"><ele>114.0</ele><time>2026-07-27T14:42:49Z</time></trkpt><trkpt lat="58.145775" lon="38.451835"><ele>113.9</ele><time>2026-07-27T14:42:52Z</time></trkpt><trkpt lat="58.145777" lon="38.451985"><ele>113.9</ele><time>2026-07-27T14:42:55Z</time></trkpt><trkpt lat="58.145785" lon="38.45214"><ele>114.0</ele><time>2026-07-27T14:42:58Z</time></trkpt><trkpt lat="58.145795" lon="38.452295"><ele>114.0</ele><time>2026-07-27T14:43:01Z</time></trkpt><trkpt lat="58.145797" lon="38.452435"><ele>114.3</ele><time>2026-07-27T14:43:04Z</time></trkpt><trkpt lat="58.145805" lon="38.452577"><ele>114.1</ele><time>2026-07-27T14:43:07Z</time></trkpt><trkpt lat="58.145812" lon="38.452725"><ele>113.8</ele><time>2026-07-27T14:43:10Z</time></trkpt><trkpt lat="58.145815" lon="38.45287"><ele>113.7</ele><time>2026-07-27T14:43:13Z</time></trkpt><trkpt lat="58.1458" lon="38.453005"><ele>113.8</ele><time>2026-07-27T14:43:16Z</time></trkpt><trkpt lat="58.145775" lon="38.45315"><ele>113.6</ele><time>2026-07-27T14:43:19Z</time></trkpt><trkpt lat="58.145762" lon="38.4533"><ele>113.5</ele><time>2026-07-27T14:43:22Z</time></trkpt><trkpt lat="58.145772" lon="38.453435"><ele>113.4</ele><time>2026-07-27T14:43:25Z</time></trkpt><trkpt lat="58.14579" lon="38.45359"><ele>113.6</ele><time>2026-07-27T14:43:28Z</time></trkpt><trkpt lat="58.1458" lon="38.45373"><ele>113.6</ele><time>2026-07-27T14:43:31Z</time></trkpt><trkpt lat="58.14581" lon="38.45388"><ele>113.7</ele><time>2026-07-27T14:43:34Z</time></trkpt><trkpt lat="58.145833" lon="38.454025"><ele>113.9</ele><time>2026-07-27T14:43:37Z</time></trkpt><trkpt lat="58.14587" lon="38.45416"><ele>113.6</ele><time>2026-07-27T14:43:40Z</time></trkpt><trkpt lat="58.145897" lon="38.4543"><ele>113.8</ele><time>2026-07-27T14:43:43Z</time></trkpt><trkpt lat="58.14593" lon="38.454435"><ele>113.7</ele><time>2026-07-27T14:43:46Z</time></trkpt><trkpt lat="58.145952" lon="38.454575"><ele>113.6</ele><time>2026-07-27T14:43:49Z</time></trkpt><trkpt lat="58.14596" lon="38.454715"><ele>113.1</ele><time>2026-07-27T14:43:52Z</time></trkpt><trkpt lat="58.145965" lon="38.454862"><ele>113.9</ele><time>2026-07-27T14:43:55Z</time></trkpt><trkpt lat="58.145977" lon="38.455015"><ele>113.8</ele><time>2026-07-27T14:43:58Z</time></trkpt><trkpt lat="58.145997" lon="38.455165"><ele>113.9</ele><time>2026-07-27T14:44:01Z</time></trkpt><trkpt lat="58.14601" lon="38.455307"><ele>113.9</ele><time>2026-07-27T14:44:04Z</time></trkpt><trkpt lat="58.146005" lon="38.455475"><ele>113.7</ele><time>2026-07-27T14:44:08Z</time></trkpt><trkpt lat="58.14601" lon="38.45565"><ele>113.7</ele><time>2026-07-27T14:44:12Z</time></trkpt><trkpt lat="58.146055" lon="38.455785"><ele>112.0</ele><time>2026-07-27T14:44:17Z</time></trkpt><trkpt lat="58.14613" lon="38.45587"><ele>112.5</ele><time>2026-07-27T14:44:22Z</time></trkpt><trkpt lat="58.14617" lon="38.45599"><ele>112.8</ele><time>2026-07-27T14:44:26Z</time></trkpt><trkpt lat="58.14619" lon="38.456138"><ele>112.8</ele><time>2026-07-27T14:44:30Z</time></trkpt><trkpt lat="58.146207" lon="38.456315"><ele>112.8</ele><time>2026-07-27T14:44:34Z</time></trkpt><trkpt lat="58.146205" lon="38.456462"><ele>112.9</ele><time>2026-07-27T14:44:38Z</time></trkpt><trkpt lat="58.146185" lon="38.456595"><ele>113.1</ele><time>2026-07-27T14:44:42Z</time></trkpt><trkpt lat="58.146167" lon="38.45674"><ele>113.3</ele><time>2026-07-27T14:44:46Z</time></trkpt><trkpt lat="58.14612" lon="38.45689"><ele>112.8</ele><time>2026-07-27T14:44:51Z</time></trkpt><trkpt lat="58.146085" lon="38.457053"><ele>113.0</ele><time>2026-07-27T14:44:55Z</time></trkpt><trkpt lat="58.146067" lon="38.457197"><ele>113.4</ele><time>2026-07-27T14:44:58Z</time></trkpt><trkpt lat="58.14605" lon="38.457335"><ele>113.6</ele><time>2026-07-27T14:45:01Z</time></trkpt><trkpt lat="58.14603" lon="38.45748"><ele>113.3</ele><time>2026-07-27T14:45:04Z</time></trkpt><trkpt lat="58.146003" lon="38.457612"><ele>113.4</ele><time>2026-07-27T14:45:07Z</time></trkpt><trkpt lat="58.145982" lon="38.45775"><ele>113.4</ele><time>2026-07-27T14:45:10Z</time></trkpt><trkpt lat="58.145965" lon="38.457882"><ele>113.5</ele><time>2026-07-27T14:45:13Z</time></trkpt><trkpt lat="58.14595" lon="38.458025"><ele>113.7</ele><time>2026-07-27T14:45:16Z</time></trkpt><trkpt lat="58.145933" lon="38.458162"><ele>113.9</ele><time>2026-07-27T14:45:19Z</time></trkpt><trkpt lat="58.145913" lon="38.458295"><ele>114.3</ele><time>2026-07-27T14:45:22Z</time></trkpt><trkpt lat="58.145895" lon="38.458435"><ele>114.4</ele><time>2026-07-27T14:45:25Z</time></trkpt><trkpt lat="58.145875" lon="38.458575"><ele>114.5</ele><time>2026-07-27T14:45:28Z</time></trkpt><trkpt lat="58.145848" lon="38.45872"><ele>114.5</ele><time>2026-07-27T14:45:31Z</time></trkpt><trkpt lat="58.145833" lon="38.45886"><ele>114.6</ele><time>2026-07-27T14:45:34Z</time></trkpt><trkpt lat="58.145825" lon="38.459005"><ele>114.5</ele><time>2026-07-27T14:45:37Z</time></trkpt><trkpt lat="58.145797" lon="38.45918"><ele>113.8</ele><time>2026-07-27T14:45:41Z</time></trkpt><trkpt lat="58.145775" lon="38.459317"><ele>113.9</ele><time>2026-07-27T14:45:44Z</time></trkpt><trkpt lat="58.14575" lon="38.45946"><ele>113.9</ele><time>2026-07-27T14:45:47Z</time></trkpt><trkpt lat="58.14572" lon="38.45959"><ele>113.8</ele><time>2026-07-27T14:45:50Z</time></trkpt><trkpt lat="58.145697" lon="38.45973"><ele>113.8</ele><time>2026-07-27T14:45:53Z</time></trkpt><trkpt lat="58.145688" lon="38.459885"><ele>113.5</ele><time>2026-07-27T14:45:56Z</time></trkpt><trkpt lat="58.14568" lon="38.460035"><ele>113.9</ele><time>2026-07-27T14:45:59Z</time></trkpt><trkpt lat="58.14565" lon="38.460197"><ele>114.0</ele><time>2026-07-27T14:46:03Z</time></trkpt><trkpt lat="58.145622" lon="38.460352"><ele>113.9</ele><time>2026-07-27T14:46:07Z</time></trkpt><trkpt lat="58.145602" lon="38.460495"><ele>113.6</ele><time>2026-07-27T14:46:10Z</time></trkpt><trkpt lat="58.14559" lon="38.46064"><ele>113.5</ele><time>2026-07-27T14:46:13Z</time></trkpt><trkpt lat="58.14558" lon="38.46078"><ele>113.6</ele><time>2026-07-27T14:46:16Z</time></trkpt><trkpt lat="58.145562" lon="38.460923"><ele>113.5</ele><time>2026-07-27T14:46:19Z</time></trkpt><trkpt lat="58.145547" lon="38.461072"><ele>113.5</ele><time>2026-07-27T14:46:22Z</time></trkpt><trkpt lat="58.14553" lon="38.461225"><ele>113.4</ele><time>2026-07-27T14:46:25Z</time></trkpt><trkpt lat="58.145507" lon="38.461365"><ele>113.4</ele><time>2026-07-27T14:46:28Z</time></trkpt><trkpt lat="58.14548" lon="38.461535"><ele>113.4</ele><time>2026-07-27T14:46:32Z</time></trkpt><trkpt lat="58.145472" lon="38.461685"><ele>113.6</ele><time>2026-07-27T14:46:35Z</time></trkpt><trkpt lat="58.14546" lon="38.461835"><ele>114.8</ele><time>2026-07-27T14:46:38Z</time></trkpt><trkpt lat="58.145435" lon="38.46197"><ele>114.9</ele><time>2026-07-27T14:46:41Z</time></trkpt><trkpt lat="58.14542" lon="38.46212"><ele>114.6</ele><time>2026-07-27T14:46:44Z</time></trkpt><trkpt lat="58.145395" lon="38.462265"><ele>114.3</ele><time>2026-07-27T14:46:47Z</time></trkpt><trkpt lat="58.145372" lon="38.4624"><ele>114.3</ele><time>2026-07-27T14:46:50Z</time></trkpt><trkpt lat="58.14535" lon="38.462545"><ele>114.2</ele><time>2026-07-27T14:46:53Z</time></trkpt><trkpt lat="58.145325" lon="38.462685"><ele>114.1</ele><time>2026-07-27T14:46:56Z</time></trkpt><trkpt lat="58.145295" lon="38.462832"><ele>113.9</ele><time>2026-07-27T14:46:59Z</time></trkpt><trkpt lat="58.145272" lon="38.46298"><ele>113.9</ele><time>2026-07-27T14:47:02Z</time></trkpt><trkpt lat="58.145247" lon="38.46312"><ele>114.0</ele><time>2026-07-27T14:47:05Z</time></trkpt><trkpt lat="58.145227" lon="38.463265"><ele>113.8</ele><time>2026-07-27T14:47:08Z</time></trkpt><trkpt lat="58.145215" lon="38.463445"><ele>113.5</ele><time>2026-07-27T14:47:12Z</time></trkpt><trkpt lat="58.145195" lon="38.463595"><ele>113.7</ele><time>2026-07-27T14:47:15Z</time></trkpt><trkpt lat="58.145173" lon="38.463747"><ele>113.8</ele><time>2026-07-27T14:47:18Z</time></trkpt><trkpt lat="58.145153" lon="38.4639"><ele>113.7</ele><time>2026-07-27T14:47:21Z</time></trkpt><trkpt lat="58.14514" lon="38.464045"><ele>113.9</ele><time>2026-07-27T14:47:24Z</time></trkpt><trkpt lat="58.145125" lon="38.464195"><ele>113.9</ele><time>2026-07-27T14:47:27Z</time></trkpt><trkpt lat="58.145112" lon="38.464337"><ele>113.8</ele><time>2026-07-27T14:47:30Z</time></trkpt><trkpt lat="58.14509" lon="38.46448"><ele>113.5</ele><time>2026-07-27T14:47:33Z</time></trkpt><trkpt lat="58.14508" lon="38.46463"><ele>113.0</ele><time>2026-07-27T14:47:36Z</time></trkpt><trkpt lat="58.145082" lon="38.464773"><ele>112.6</ele><time>2026-07-27T14:47:39Z</time></trkpt><trkpt lat="58.145087" lon="38.464925"><ele>112.4</ele><time>2026-07-27T14:47:42Z</time></trkpt><trkpt lat="58.14509" lon="38.465075"><ele>111.9</ele><time>2026-07-27T14:47:45Z</time></trkpt><trkpt lat="58.145087" lon="38.46522"><ele>112.0</ele><time>2026-07-27T14:47:48Z</time></trkpt><trkpt lat="58.145072" lon="38.465378"><ele>112.0</ele><time>2026-07-27T14:47:51Z</time></trkpt><trkpt lat="58.145042" lon="38.465522"><ele>112.2</ele><time>2026-07-27T14:47:55Z</time></trkpt><trkpt lat="58.14501" lon="38.46567"><ele>112.3</ele><time>2026-07-27T14:47:59Z</time></trkpt><trkpt lat="58.145003" lon="38.465815"><ele>112.5</ele><time>2026-07-27T14:48:03Z</time></trkpt><trkpt lat="58.145007" lon="38.465985"><ele>112.9</ele><time>2026-07-27T14:48:07Z</time></trkpt><trkpt lat="58.145002" lon="38.466132"><ele>113.3</ele><time>2026-07-27T14:48:10Z</time></trkpt><trkpt lat="58.144995" lon="38.46628"><ele>113.3</ele><time>2026-07-27T14:48:13Z</time></trkpt><trkpt lat="58.14498" lon="38.46643"><ele>113.1</ele><time>2026-07-27T14:48:16Z</time></trkpt><trkpt lat="58.14497" lon="38.46659"><ele>112.8</ele><time>2026-07-27T14:48:19Z</time></trkpt><trkpt lat="58.14496" lon="38.466745"><ele>112.7</ele><time>2026-07-27T14:48:22Z</time></trkpt><trkpt lat="58.14495" lon="38.4669"><ele>112.8</ele><time>2026-07-27T14:48:25Z</time></trkpt><trkpt lat="58.14494" lon="38.467055"><ele>113.0</ele><time>2026-07-27T14:48:28Z</time></trkpt><trkpt lat="58.144925" lon="38.467212"><ele>113.0</ele><time>2026-07-27T14:48:31Z</time></trkpt><trkpt lat="58.144917" lon="38.467365"><ele>112.8</ele><time>2026-07-27T14:48:34Z</time></trkpt><trkpt lat="58.14491" lon="38.46752"><ele>112.8</ele><time>2026-07-27T14:48:37Z</time></trkpt><trkpt lat="58.144905" lon="38.46767"><ele>113.0</ele><time>2026-07-27T14:48:40Z</time></trkpt><trkpt lat="58.144897" lon="38.467825"><ele>113.0</ele><time>2026-07-27T14:48:43Z</time></trkpt><trkpt lat="58.144885" lon="38.46797"><ele>113.1</ele><time>2026-07-27T14:48:46Z</time></trkpt><trkpt lat="58.144875" lon="38.46812"><ele>112.7</ele><time>2026-07-27T14:48:49Z</time></trkpt><trkpt lat="58.144863" lon="38.468275"><ele>112.7</ele><time>2026-07-27T14:48:52Z</time></trkpt><trkpt lat="58.144852" lon="38.468422"><ele>112.9</ele><time>2026-07-27T14:48:55Z</time></trkpt><trkpt lat="58.144837" lon="38.468575"><ele>113.2</ele><time>2026-07-27T14:48:58Z</time></trkpt><trkpt lat="58.14482" lon="38.468717"><ele>113.2</ele><time>2026-07-27T14:49:01Z</time></trkpt><trkpt lat="58.144805" lon="38.46886"><ele>113.3</ele><time>2026-07-27T14:49:04Z</time></trkpt><trkpt lat="58.14479" lon="38.469015"><ele>113.9</ele><time>2026-07-27T14:49:07Z</time></trkpt><trkpt lat="58.144793" lon="38.469165"><ele>112.4</ele><time>2026-07-27T14:49:10Z</time></trkpt><trkpt lat="58.144805" lon="38.469307"><ele>112.3</ele><time>2026-07-27T14:49:13Z</time></trkpt><trkpt lat="58.14481" lon="38.469455"><ele>112.4</ele><time>2026-07-27T14:49:16Z</time></trkpt><trkpt lat="58.144805" lon="38.469615"><ele>112.9</ele><time>2026-07-27T14:49:19Z</time></trkpt><trkpt lat="58.1448" lon="38.46977"><ele>113.2</ele><time>2026-07-27T14:49:22Z</time></trkpt><trkpt lat="58.144792" lon="38.46991"><ele>113.0</ele><time>2026-07-27T14:49:25Z</time></trkpt><trkpt lat="58.14479" lon="38.47006"><ele>113.2</ele><time>2026-07-27T14:49:28Z</time></trkpt><trkpt lat="58.14479" lon="38.470215"><ele>113.0</ele><time>2026-07-27T14:49:31Z</time></trkpt><trkpt lat="58.14477" lon="38.47039"><ele>113.8</ele><time>2026-07-27T14:49:35Z</time></trkpt><trkpt lat="58.144755" lon="38.470545"><ele>113.8</ele><time>2026-07-27T14:49:38Z</time></trkpt><trkpt lat="58.14474" lon="38.470697"><ele>113.8</ele><time>2026-07-27T14:49:41Z</time></trkpt><trkpt lat="58.144722" lon="38.470838"><ele>114.1</ele><time>2026-07-27T14:49:44Z</time></trkpt><trkpt lat="58.144707" lon="38.470975"><ele>114.3</ele><time>2026-07-27T14:49:47Z</time></trkpt><trkpt lat="58.1447" lon="38.471125"><ele>114.2</ele><time>2026-07-27T14:49:50Z</time></trkpt><trkpt lat="58.144685" lon="38.47127"><ele>114.2</ele><time>2026-07-27T14:49:53Z</time></trkpt><trkpt lat="58.144665" lon="38.471407"><ele>114.2</ele><time>2026-07-27T14:49:56Z</time></trkpt><trkpt lat="58.14466" lon="38.471557"><ele>112.4</ele><time>2026-07-27T14:49:59Z</time></trkpt><trkpt lat="58.14466" lon="38.47171"><ele>113.0</ele><time>2026-07-27T14:50:02Z</time></trkpt><trkpt lat="58.14466" lon="38.471862"><ele>113.1</ele><time>2026-07-27T14:50:05Z</time></trkpt><trkpt lat="58.14465" lon="38.47202"><ele>113.0</ele><time>2026-07-27T14:50:08Z</time></trkpt><trkpt lat="58.144632" lon="38.472157"><ele>113.1</ele><time>2026-07-27T14:50:11Z</time></trkpt><trkpt lat="58.144605" lon="38.4723"><ele>113.1</ele><time>2026-07-27T14:50:14Z</time></trkpt><trkpt lat="58.14458" lon="38.47246"><ele>113.5</ele><time>2026-07-27T14:50:17Z</time></trkpt><trkpt lat="58.144567" lon="38.47263"><ele>113.1</ele><time>2026-07-27T14:50:20Z</time></trkpt><trkpt lat="58.144565" lon="38.472785"><ele>112.8</ele><time>2026-07-27T14:50:23Z</time></trkpt><trkpt lat="58.144553" lon="38.472935"><ele>111.9</ele><time>2026-07-27T14:50:26Z</time></trkpt><trkpt lat="58.14455" lon="38.47309"><ele>112.2</ele><time>2026-07-27T14:50:29Z</time></trkpt><trkpt lat="58.144537" lon="38.473242"><ele>112.6</ele><time>2026-07-27T14:50:32Z</time></trkpt><trkpt lat="58.144507" lon="38.47338"><ele>112.3</ele><time>2026-07-27T14:50:36Z</time></trkpt><trkpt lat="58.14446" lon="38.473485"><ele>112.4</ele><time>2026-07-27T14:50:40Z</time></trkpt><trkpt lat="58.14443" lon="38.473612"><ele>112.9</ele><time>2026-07-27T14:50:43Z</time></trkpt><trkpt lat="58.14441" lon="38.473765"><ele>112.9</ele><time>2026-07-27T14:50:46Z</time></trkpt><trkpt lat="58.144395" lon="38.47391"><ele>113.1</ele><time>2026-07-27T14:50:49Z</time></trkpt><trkpt lat="58.14438" lon="38.474055"><ele>113.2</ele><time>2026-07-27T14:50:52Z</time></trkpt><trkpt lat="58.14436" lon="38.474197"><ele>113.3</ele><time>2026-07-27T14:50:55Z</time></trkpt><trkpt lat="58.14434" lon="38.474345"><ele>113.6</ele><time>2026-07-27T14:50:58Z</time></trkpt><trkpt lat="58.144327" lon="38.474495"><ele>112.6</ele><time>2026-07-27T14:51:01Z</time></trkpt><trkpt lat="58.144317" lon="38.474635"><ele>111.8</ele><time>2026-07-27T14:51:04Z</time></trkpt><trkpt lat="58.1443" lon="38.474775"><ele>111.8</ele><time>2026-07-27T14:51:07Z</time></trkpt><trkpt lat="58.14428" lon="38.474922"><ele>111.6</ele><time>2026-07-27T14:51:10Z</time></trkpt><trkpt lat="58.144275" lon="38.475075"><ele>112.0</ele><time>2026-07-27T14:51:13Z</time></trkpt><trkpt lat="58.14428" lon="38.475225"><ele>112.8</ele><time>2026-07-27T14:51:16Z</time></trkpt><trkpt lat="58.144275" lon="38.475367"><ele>112.4</ele><time>2026-07-27T14:51:19Z</time></trkpt><trkpt lat="58.144262" lon="38.475515"><ele>112.7</ele><time>2026-07-27T14:51:22Z</time></trkpt><trkpt lat="58.144255" lon="38.475675"><ele>113.1</ele><time>2026-07-27T14:51:25Z</time></trkpt><trkpt lat="58.144252" lon="38.475825"><ele>113.6</ele><time>2026-07-27T14:51:28Z</time></trkpt><trkpt lat="58.144243" lon="38.475975"><ele>113.6</ele><time>2026-07-27T14:51:31Z</time></trkpt><trkpt lat="58.144235" lon="38.476125"><ele>113.8</ele><time>2026-07-27T14:51:34Z</time></trkpt><trkpt lat="58.144215" lon="38.476257"><ele>113.9</ele><time>2026-07-27T14:51:37Z</time></trkpt><trkpt lat="58.144205" lon="38.47641"><ele>113.9</ele><time>2026-07-27T14:51:40Z</time></trkpt><trkpt lat="58.1442" lon="38.476565"><ele>114.1</ele><time>2026-07-27T14:51:43Z</time></trkpt><trkpt lat="58.144195" lon="38.476707"><ele>114.2</ele><time>2026-07-27T14:51:46Z</time></trkpt><trkpt lat="58.144172" lon="38.476842"><ele>114.2</ele><time>2026-07-27T14:51:49Z</time></trkpt><trkpt lat="58.144155" lon="38.476982"><ele>114.1</ele><time>2026-07-27T14:51:52Z</time></trkpt><trkpt lat="58.144135" lon="38.477133"><ele>114.0</ele><time>2026-07-27T14:51:55Z</time></trkpt><trkpt lat="58.144122" lon="38.477287"><ele>114.0</ele><time>2026-07-27T14:51:58Z</time></trkpt><trkpt lat="58.14411" lon="38.477442"><ele>113.8</ele><time>2026-07-27T14:52:01Z</time></trkpt><trkpt lat="58.144088" lon="38.477583"><ele>114.1</ele><time>2026-07-27T14:52:04Z</time></trkpt><trkpt lat="58.14408" lon="38.477725"><ele>114.1</ele><time>2026-07-27T14:52:07Z</time></trkpt><trkpt lat="58.14407" lon="38.47788"><ele>114.6</ele><time>2026-07-27T14:52:10Z</time></trkpt><trkpt lat="58.144062" lon="38.47803"><ele>114.1</ele><time>2026-07-27T14:52:13Z</time></trkpt><trkpt lat="58.14405" lon="38.478172"><ele>113.6</ele><time>2026-07-27T14:52:16Z</time></trkpt><trkpt lat="58.144033" lon="38.478325"><ele>113.9</ele><time>2026-07-27T14:52:19Z</time></trkpt><trkpt lat="58.144017" lon="38.478462"><ele>114.5</ele><time>2026-07-27T14:52:22Z</time></trkpt><trkpt lat="58.144" lon="38.478595"><ele>114.0</ele><time>2026-07-27T14:52:25Z</time></trkpt><trkpt lat="58.143995" lon="38.47874"><ele>113.7</ele><time>2026-07-27T14:52:28Z</time></trkpt><trkpt lat="58.144005" lon="38.478895"><ele>113.2</ele><time>2026-07-27T14:52:31Z</time></trkpt><trkpt lat="58.144025" lon="38.479045"><ele>113.6</ele><time>2026-07-27T14:52:34Z</time></trkpt><trkpt lat="58.14404" lon="38.479185"><ele>113.5</ele><time>2026-07-27T14:52:37Z</time></trkpt><trkpt lat="58.144045" lon="38.479337"><ele>113.3</ele><time>2026-07-27T14:52:40Z</time></trkpt><trkpt lat="58.144045" lon="38.479482"><ele>113.4</ele><time>2026-07-27T14:52:43Z</time></trkpt><trkpt lat="58.144032" lon="38.479632"><ele>113.2</ele><time>2026-07-27T14:52:46Z</time></trkpt><trkpt lat="58.14403" lon="38.479778"><ele>113.4</ele><time>2026-07-27T14:52:49Z</time></trkpt><trkpt lat="58.144025" lon="38.479925"><ele>113.7</ele><time>2026-07-27T14:52:52Z</time></trkpt><trkpt lat="58.144015" lon="38.48008"><ele>114.0</ele><time>2026-07-27T14:52:55Z</time></trkpt><trkpt lat="58.144012" lon="38.480242"><ele>114.6</ele><time>2026-07-27T14:52:58Z</time></trkpt><trkpt lat="58.144005" lon="38.480395"><ele>114.5</ele><time>2026-07-27T14:53:01Z</time></trkpt><trkpt lat="58.143985" lon="38.480545"><ele>114.5</ele><time>2026-07-27T14:53:04Z</time></trkpt><trkpt lat="58.14397" lon="38.480688"><ele>115.1</ele><time>2026-07-27T14:53:07Z</time></trkpt><trkpt lat="58.143962" lon="38.480835"><ele>115.2</ele><time>2026-07-27T14:53:10Z</time></trkpt><trkpt lat="58.14396" lon="38.480988"><ele>115.5</ele><time>2026-07-27T14:53:13Z</time></trkpt><trkpt lat="58.143952" lon="38.481147"><ele>115.2</ele><time>2026-07-27T14:53:16Z</time></trkpt><trkpt lat="58.14394" lon="38.481297"><ele>115.2</ele><time>2026-07-27T14:53:19Z</time></trkpt><trkpt lat="58.143925" lon="38.48144"><ele>115.2</ele><time>2026-07-27T14:53:22Z</time></trkpt><trkpt lat="58.14391" lon="38.48159"><ele>114.7</ele><time>2026-07-27T14:53:25Z</time></trkpt><trkpt lat="58.14389" lon="38.481735"><ele>114.5</ele><time>2026-07-27T14:53:28Z</time></trkpt><trkpt lat="58.143863" lon="38.481882"><ele>114.2</ele><time>2026-07-27T14:53:31Z</time></trkpt><trkpt lat="58.143857" lon="38.482027"><ele>114.0</ele><time>2026-07-27T14:53:34Z</time></trkpt><trkpt lat="58.14386" lon="38.482175"><ele>113.7</ele><time>2026-07-27T14:53:37Z</time></trkpt><trkpt lat="58.143862" lon="38.482335"><ele>113.5</ele><time>2026-07-27T14:53:40Z</time></trkpt><trkpt lat="58.143852" lon="38.48249"><ele>113.4</ele><time>2026-07-27T14:53:43Z</time></trkpt><trkpt lat="58.143825" lon="38.482625"><ele>113.1</ele><time>2026-07-27T14:53:46Z</time></trkpt><trkpt lat="58.143807" lon="38.482765"><ele>113.2</ele><time>2026-07-27T14:53:49Z</time></trkpt><trkpt lat="58.143807" lon="38.482925"><ele>113.1</ele><time>2026-07-27T14:53:52Z</time></trkpt><trkpt lat="58.14382" lon="38.483075"><ele>112.9</ele><time>2026-07-27T14:53:55Z</time></trkpt><trkpt lat="58.14383" lon="38.483215"><ele>112.8</ele><time>2026-07-27T14:53:58Z</time></trkpt><trkpt lat="58.14382" lon="38.483355"><ele>112.5</ele><time>2026-07-27T14:54:01Z</time></trkpt><trkpt lat="58.1438" lon="38.483497"><ele>112.5</ele><time>2026-07-27T14:54:04Z</time></trkpt><trkpt lat="58.143775" lon="38.483645"><ele>113.1</ele><time>2026-07-27T14:54:07Z</time></trkpt><trkpt lat="58.143755" lon="38.483795"><ele>112.4</ele><time>2026-07-27T14:54:10Z</time></trkpt><trkpt lat="58.14373" lon="38.483942"><ele>112.6</ele><time>2026-07-27T14:54:13Z</time></trkpt><trkpt lat="58.14372" lon="38.484085"><ele>113.4</ele><time>2026-07-27T14:54:16Z</time></trkpt><trkpt lat="58.14371" lon="38.48423"><ele>113.6</ele><time>2026-07-27T14:54:19Z</time></trkpt><trkpt lat="58.1437" lon="38.484377"><ele>113.7</ele><time>2026-07-27T14:54:22Z</time></trkpt><trkpt lat="58.143687" lon="38.484525"><ele>113.1</ele><time>2026-07-27T14:54:25Z</time></trkpt><trkpt lat="58.143672" lon="38.484677"><ele>113.4</ele><time>2026-07-27T14:54:28Z</time></trkpt><trkpt lat="58.143652" lon="38.48482"><ele>113.1</ele><time>2026-07-27T14:54:31Z</time></trkpt><trkpt lat="58.1436" lon="38.48496"><ele>112.7</ele><time>2026-07-27T14:54:35Z</time></trkpt><trkpt lat="58.143525" lon="38.485013"><ele>113.0</ele><time>2026-07-27T14:54:39Z</time></trkpt><trkpt lat="58.143435" lon="38.48503"><ele>112.4</ele><time>2026-07-27T14:54:44Z</time></trkpt><trkpt lat="58.143385" lon="38.48514"><ele>113.0</ele><time>2026-07-27T14:54:48Z</time></trkpt><trkpt lat="58.14338" lon="38.485295"><ele>112.5</ele><time>2026-07-27T14:54:52Z</time></trkpt><trkpt lat="58.14337" lon="38.48545"><ele>112.2</ele><time>2026-07-27T14:54:56Z</time></trkpt><trkpt lat="58.143343" lon="38.48559"><ele>111.9</ele><time>2026-07-27T14:55:00Z</time></trkpt><trkpt lat="58.143315" lon="38.485745"><ele>111.7</ele><time>2026-07-27T14:55:04Z</time></trkpt><trkpt lat="58.143315" lon="38.485895"><ele>112.0</ele><time>2026-07-27T14:55:08Z</time></trkpt><trkpt lat="58.14333" lon="38.48605"><ele>112.1</ele><time>2026-07-27T14:55:12Z</time></trkpt><trkpt lat="58.143335" lon="38.486215"><ele>111.3</ele><time>2026-07-27T14:55:17Z</time></trkpt><trkpt lat="58.143335" lon="38.486382"><ele>112.1</ele><time>2026-07-27T14:55:21Z</time></trkpt><trkpt lat="58.143367" lon="38.48654"><ele>111.8</ele><time>2026-07-27T14:55:25Z</time></trkpt><trkpt lat="58.143405" lon="38.48667"><ele>112.1</ele><time>2026-07-27T14:55:29Z</time></trkpt><trkpt lat="58.143445" lon="38.4868"><ele>112.0</ele><time>2026-07-27T14:55:33Z</time></trkpt><trkpt lat="58.143455" lon="38.486955"><ele>111.9</ele><time>2026-07-27T14:55:38Z</time></trkpt><trkpt lat="58.14346" lon="38.487105"><ele>112.6</ele><time>2026-07-27T14:55:42Z</time></trkpt><trkpt lat="58.143472" lon="38.48724"><ele>112.2</ele><time>2026-07-27T14:55:46Z</time></trkpt><trkpt lat="58.143475" lon="38.487395"><ele>111.7</ele><time>2026-07-27T14:55:50Z</time></trkpt><trkpt lat="58.143483" lon="38.487545"><ele>111.6</ele><time>2026-07-27T14:55:54Z</time></trkpt><trkpt lat="58.1435" lon="38.487705"><ele>111.6</ele><time>2026-07-27T14:55:58Z</time></trkpt><trkpt lat="58.143515" lon="38.487855"><ele>112.2</ele><time>2026-07-27T14:56:02Z</time></trkpt><trkpt lat="58.143483" lon="38.487995"><ele>112.2</ele><time>2026-07-27T14:56:07Z</time></trkpt><trkpt lat="58.14344" lon="38.488105"><ele>111.3</ele><time>2026-07-27T14:56:12Z</time></trkpt><trkpt lat="58.143407" lon="38.488255"><ele>111.0</ele><time>2026-07-27T14:56:17Z</time></trkpt><trkpt lat="58.143412" lon="38.488405"><ele>111.9</ele><time>2026-07-27T14:56:21Z</time></trkpt><trkpt lat="58.143445" lon="38.488562"><ele>111.0</ele><time>2026-07-27T14:56:25Z</time></trkpt><trkpt lat="58.14348" lon="38.4887"><ele>111.1</ele><time>2026-07-27T14:56:29Z</time></trkpt><trkpt lat="58.143517" lon="38.488832"><ele>110.8</ele><time>2026-07-27T14:56:33Z</time></trkpt><trkpt lat="58.143555" lon="38.488967"><ele>111.5</ele><time>2026-07-27T14:56:37Z</time></trkpt><trkpt lat="58.143565" lon="38.489115"><ele>111.8</ele><time>2026-07-27T14:56:42Z</time></trkpt><trkpt lat="58.14356" lon="38.48926"><ele>111.4</ele><time>2026-07-27T14:56:47Z</time></trkpt><trkpt lat="58.143602" lon="38.4894"><ele>112.4</ele><time>2026-07-27T14:56:52Z</time></trkpt><trkpt lat="58.143665" lon="38.4895"><ele>112.4</ele><time>2026-07-27T14:56:56Z</time></trkpt><trkpt lat="58.143692" lon="38.489655"><ele>112.4</ele><time>2026-07-27T14:57:01Z</time></trkpt><trkpt lat="58.14371" lon="38.489792"><ele>112.1</ele><time>2026-07-27T14:57:05Z</time></trkpt><trkpt lat="58.143723" lon="38.48993"><ele>111.9</ele><time>2026-07-27T14:57:09Z</time></trkpt><trkpt lat="58.143747" lon="38.49006"><ele>112.1</ele><time>2026-07-27T14:57:13Z</time></trkpt><trkpt lat="58.143785" lon="38.490195"><ele>111.6</ele><time>2026-07-27T14:57:17Z</time></trkpt><trkpt lat="58.14382" lon="38.490325"><ele>111.3</ele><time>2026-07-27T14:57:21Z</time></trkpt><trkpt lat="58.14384" lon="38.490473"><ele>111.0</ele><time>2026-07-27T14:57:25Z</time></trkpt><trkpt lat="58.14385" lon="38.490625"><ele>110.6</ele><time>2026-07-27T14:57:29Z</time></trkpt><trkpt lat="58.143867" lon="38.49076"><ele>110.6</ele><time>2026-07-27T14:57:33Z</time></trkpt><trkpt lat="58.143885" lon="38.4909"><ele>111.2</ele><time>2026-07-27T14:57:37Z</time></trkpt><trkpt lat="58.143905" lon="38.49104"><ele>111.6</ele><time>2026-07-27T14:57:41Z</time></trkpt><trkpt lat="58.143925" lon="38.49119"><ele>112.3</ele><time>2026-07-27T14:57:45Z</time></trkpt><trkpt lat="58.14392" lon="38.491355"><ele>112.2</ele><time>2026-07-27T14:57:50Z</time></trkpt><trkpt lat="58.143897" lon="38.491515"><ele>111.9</ele><time>2026-07-27T14:57:54Z</time></trkpt><trkpt lat="58.14389" lon="38.491675"><ele>111.9</ele><time>2026-07-27T14:57:58Z</time></trkpt><trkpt lat="58.14388" lon="38.49184"><ele>111.5</ele><time>2026-07-27T14:58:03Z</time></trkpt><trkpt lat="58.143867" lon="38.492"><ele>111.7</ele><time>2026-07-27T14:58:07Z</time></trkpt><trkpt lat="58.14389" lon="38.492133"><ele>111.9</ele><time>2026-07-27T14:58:11Z</time></trkpt><trkpt lat="58.143937" lon="38.49228"><ele>111.4</ele><time>2026-07-27T14:58:15Z</time></trkpt><trkpt lat="58.143947" lon="38.492442"><ele>111.3</ele><time>2026-07-27T14:58:20Z</time></trkpt><trkpt lat="58.143932" lon="38.492583"><ele>110.5</ele><time>2026-07-27T14:58:24Z</time></trkpt><trkpt lat="58.14391" lon="38.492715"><ele>109.6</ele><time>2026-07-27T14:58:28Z</time></trkpt><trkpt lat="58.143897" lon="38.492865"><ele>109.7</ele><time>2026-07-27T14:58:32Z</time></trkpt><trkpt lat="58.143947" lon="38.492995"><ele>110.1</ele><time>2026-07-27T14:58:37Z</time></trkpt><trkpt lat="58.144002" lon="38.49309"><ele>109.9</ele><time>2026-07-27T14:58:41Z</time></trkpt><trkpt lat="58.144027" lon="38.493245"><ele>110.3</ele><time>2026-07-27T14:58:46Z</time></trkpt><trkpt lat="58.143987" lon="38.493392"><ele>109.3</ele><time>2026-07-27T14:58:51Z</time></trkpt><trkpt lat="58.14396" lon="38.493542"><ele>109.7</ele><time>2026-07-27T14:58:56Z</time></trkpt><trkpt lat="58.143972" lon="38.493715"><ele>109.7</ele><time>2026-07-27T14:59:01Z</time></trkpt><trkpt lat="58.14399" lon="38.493855"><ele>109.9</ele><time>2026-07-27T14:59:05Z</time></trkpt><trkpt lat="58.143975" lon="38.493985"><ele>110.7</ele><time>2026-07-27T14:59:10Z</time></trkpt><trkpt lat="58.14394" lon="38.49413"><ele>110.9</ele><time>2026-07-27T14:59:15Z</time></trkpt><trkpt lat="58.14393" lon="38.49427"><ele>110.9</ele><time>2026-07-27T14:59:19Z</time></trkpt><trkpt lat="58.143905" lon="38.494432"><ele>111.8</ele><time>2026-07-27T14:59:24Z</time></trkpt><trkpt lat="58.14389" lon="38.494572"><ele>111.8</ele><time>2026-07-27T14:59:28Z</time></trkpt><trkpt lat="58.14393" lon="38.494712"><ele>111.0</ele><time>2026-07-27T14:59:33Z</time></trkpt><trkpt lat="58.14399" lon="38.494835"><ele>111.2</ele><time>2026-07-27T14:59:38Z</time></trkpt><trkpt lat="58.144045" lon="38.494925"><ele>111.4</ele><time>2026-07-27T14:59:42Z</time></trkpt><trkpt lat="58.144075" lon="38.49506"><ele>111.7</ele><time>2026-07-27T14:59:47Z</time></trkpt><trkpt lat="58.144072" lon="38.49521"><ele>112.7</ele><time>2026-07-27T14:59:52Z</time></trkpt><trkpt lat="58.144065" lon="38.49537"><ele>112.2</ele><time>2026-07-27T14:59:57Z</time></trkpt><trkpt lat="58.14408" lon="38.495537"><ele>112.7</ele><time>2026-07-27T15:00:02Z</time></trkpt><trkpt lat="58.14408" lon="38.495708"><ele>113.1</ele><time>2026-07-27T15:00:07Z</time></trkpt><trkpt lat="58.14407" lon="38.495852"><ele>113.0</ele><time>2026-07-27T15:00:11Z</time></trkpt><trkpt lat="58.14407" lon="38.495992"><ele>113.2</ele><time>2026-07-27T15:00:15Z</time></trkpt><trkpt lat="58.14407" lon="38.496135"><ele>113.3</ele><time>2026-07-27T15:00:19Z</time></trkpt><trkpt lat="58.14407" lon="38.496282"><ele>113.6</ele><time>2026-07-27T15:00:23Z</time></trkpt><trkpt lat="58.144067" lon="38.49645"><ele>113.5</ele><time>2026-07-27T15:00:28Z</time></trkpt><trkpt lat="58.144065" lon="38.496592"><ele>114.4</ele><time>2026-07-27T15:00:32Z</time></trkpt><trkpt lat="58.14406" lon="38.496735"><ele>113.9</ele><time>2026-07-27T15:00:36Z</time></trkpt><trkpt lat="58.14405" lon="38.496875"><ele>113.7</ele><time>2026-07-27T15:00:40Z</time></trkpt><trkpt lat="58.14403" lon="38.49702"><ele>113.3</ele><time>2026-07-27T15:00:44Z</time></trkpt><trkpt lat="58.14401" lon="38.497155"><ele>112.6</ele><time>2026-07-27T15:00:48Z</time></trkpt><trkpt lat="58.143997" lon="38.49729"><ele>112.8</ele><time>2026-07-27T15:00:52Z</time></trkpt><trkpt lat="58.14399" lon="38.497445"><ele>112.7</ele><time>2026-07-27T15:00:56Z</time></trkpt><trkpt lat="58.144" lon="38.497615"><ele>112.8</ele><time>2026-07-27T15:01:01Z</time></trkpt><trkpt lat="58.144" lon="38.497775"><ele>112.9</ele><time>2026-07-27T15:01:06Z</time></trkpt><trkpt lat="58.143952" lon="38.497915"><ele>112.9</ele><time>2026-07-27T15:01:11Z</time></trkpt><trkpt lat="58.143905" lon="38.498035"><ele>112.9</ele><time>2026-07-27T15:01:15Z</time></trkpt><trkpt lat="58.14388" lon="38.498192"><ele>112.6</ele><time>2026-07-27T15:01:20Z</time></trkpt><trkpt lat="58.14389" lon="38.498345"><ele>112.7</ele><time>2026-07-27T15:01:24Z</time></trkpt><trkpt lat="58.14391" lon="38.498515"><ele>113.4</ele><time>2026-07-27T15:01:29Z</time></trkpt><trkpt lat="58.143925" lon="38.498652"><ele>113.1</ele><time>2026-07-27T15:01:33Z</time></trkpt><trkpt lat="58.143935" lon="38.49881"><ele>113.0</ele><time>2026-07-27T15:01:37Z</time></trkpt><trkpt lat="58.143965" lon="38.498935"><ele>113.2</ele><time>2026-07-27T15:01:41Z</time></trkpt><trkpt lat="58.144015" lon="38.499042"><ele>113.3</ele><time>2026-07-27T15:01:45Z</time></trkpt><trkpt lat="58.14404" lon="38.499192"><ele>113.0</ele><time>2026-07-27T15:01:50Z</time></trkpt><trkpt lat="58.14403" lon="38.499342"><ele>113.4</ele><time>2026-07-27T15:01:55Z</time></trkpt><trkpt lat="58.144045" lon="38.499502"><ele>113.4</ele><time>2026-07-27T15:02:00Z</time></trkpt><trkpt lat="58.144045" lon="38.499672"><ele>113.6</ele><time>2026-07-27T15:02:05Z</time></trkpt><trkpt lat="58.14404" lon="38.49981"><ele>113.4</ele><time>2026-07-27T15:02:09Z</time></trkpt><trkpt lat="58.144037" lon="38.499957"><ele>113.2</ele><time>2026-07-27T15:02:13Z</time></trkpt><trkpt lat="58.14403" lon="38.500095"><ele>113.1</ele><time>2026-07-27T15:02:17Z</time></trkpt><trkpt lat="58.144017" lon="38.500237"><ele>113.3</ele><time>2026-07-27T15:02:21Z</time></trkpt><trkpt lat="58.14401" lon="38.500385"><ele>113.3</ele><time>2026-07-27T15:02:25Z</time></trkpt><trkpt lat="58.144" lon="38.500525"><ele>113.7</ele><time>2026-07-27T15:02:29Z</time></trkpt><trkpt lat="58.143975" lon="38.500675"><ele>113.9</ele><time>2026-07-27T15:02:33Z</time></trkpt><trkpt lat="58.143948" lon="38.50081"><ele>114.0</ele><time>2026-07-27T15:02:37Z</time></trkpt><trkpt lat="58.143935" lon="38.50095"><ele>114.0</ele><time>2026-07-27T15:02:41Z</time></trkpt><trkpt lat="58.14391" lon="38.50108"><ele>113.9</ele><time>2026-07-27T15:02:45Z</time></trkpt><trkpt lat="58.143877" lon="38.501205"><ele>113.9</ele><time>2026-07-27T15:02:49Z</time></trkpt><trkpt lat="58.143845" lon="38.50133"><ele>114.0</ele><time>2026-07-27T15:02:53Z</time></trkpt><trkpt lat="58.14384" lon="38.501485"><ele>113.9</ele><time>2026-07-27T15:02:57Z</time></trkpt><trkpt lat="58.143845" lon="38.50163"><ele>114.0</ele><time>2026-07-27T15:03:01Z</time></trkpt><trkpt lat="58.143842" lon="38.50178"><ele>113.8</ele><time>2026-07-27T15:03:05Z</time></trkpt><trkpt lat="58.143808" lon="38.501907"><ele>113.4</ele><time>2026-07-27T15:03:10Z</time></trkpt><trkpt lat="58.143772" lon="38.50205"><ele>113.3</ele><time>2026-07-27T15:03:15Z</time></trkpt><trkpt lat="58.143735" lon="38.502172"><ele>113.1</ele><time>2026-07-27T15:03:19Z</time></trkpt><trkpt lat="58.143715" lon="38.50231"><ele>113.3</ele><time>2026-07-27T15:03:23Z</time></trkpt><trkpt lat="58.14371" lon="38.502457"><ele>113.6</ele><time>2026-07-27T15:03:27Z</time></trkpt><trkpt lat="58.1437" lon="38.5026"><ele>114.0</ele><time>2026-07-27T15:03:31Z</time></trkpt><trkpt lat="58.1437" lon="38.50275"><ele>115.4</ele><time>2026-07-27T15:03:35Z</time></trkpt><trkpt lat="58.14375" lon="38.502865"><ele>115.4</ele><time>2026-07-27T15:03:39Z</time></trkpt><trkpt lat="58.143812" lon="38.502975"><ele>115.5</ele><time>2026-07-27T15:03:43Z</time></trkpt><trkpt lat="58.143842" lon="38.503123"><ele>115.2</ele><time>2026-07-27T15:03:48Z</time></trkpt><trkpt lat="58.14386" lon="38.50329"><ele>114.9</ele><time>2026-07-27T15:03:52Z</time></trkpt><trkpt lat="58.143902" lon="38.503432"><ele>115.0</ele><time>2026-07-27T15:03:56Z</time></trkpt><trkpt lat="58.14394" lon="38.5036"><ele>115.5</ele><time>2026-07-27T15:04:00Z</time></trkpt><trkpt lat="58.143945" lon="38.503735"><ele>115.3</ele><time>2026-07-27T15:04:03Z</time></trkpt><trkpt lat="58.143947" lon="38.50392"><ele>115.7</ele><time>2026-07-27T15:04:07Z</time></trkpt><trkpt lat="58.143962" lon="38.504067"><ele>116.0</ele><time>2026-07-27T15:04:10Z</time></trkpt><trkpt lat="58.143985" lon="38.5042"><ele>115.7</ele><time>2026-07-27T15:04:13Z</time></trkpt><trkpt lat="58.144012" lon="38.50434"><ele>115.6</ele><time>2026-07-27T15:04:16Z</time></trkpt><trkpt lat="58.144042" lon="38.50447"><ele>115.4</ele><time>2026-07-27T15:04:19Z</time></trkpt><trkpt lat="58.144065" lon="38.5046"><ele>115.0</ele><time>2026-07-27T15:04:22Z</time></trkpt><trkpt lat="58.14407" lon="38.50478"><ele>115.1</ele><time>2026-07-27T15:04:26Z</time></trkpt><trkpt lat="58.14405" lon="38.504925"><ele>115.6</ele><time>2026-07-27T15:04:30Z</time></trkpt><trkpt lat="58.14401" lon="38.50505"><ele>115.8</ele><time>2026-07-27T15:04:34Z</time></trkpt><trkpt lat="58.143975" lon="38.50519"><ele>115.7</ele><time>2026-07-27T15:04:38Z</time></trkpt><trkpt lat="58.14398" lon="38.505345"><ele>115.4</ele><time>2026-07-27T15:04:42Z</time></trkpt><trkpt lat="58.143995" lon="38.5055"><ele>115.4</ele><time>2026-07-27T15:04:46Z</time></trkpt><trkpt lat="58.143985" lon="38.50567"><ele>115.3</ele><time>2026-07-27T15:04:51Z</time></trkpt><trkpt lat="58.143977" lon="38.50584"><ele>114.9</ele><time>2026-07-27T15:04:55Z</time></trkpt><trkpt lat="58.143995" lon="38.506007"><ele>114.8</ele><time>2026-07-27T15:04:59Z</time></trkpt><trkpt lat="58.14399" lon="38.506162"><ele>115.4</ele><time>2026-07-27T15:05:03Z</time></trkpt><trkpt lat="58.143967" lon="38.506315"><ele>115.4</ele><time>2026-07-27T15:05:08Z</time></trkpt><trkpt lat="58.14397" lon="38.506462"><ele>114.8</ele><time>2026-07-27T15:05:12Z</time></trkpt><trkpt lat="58.144007" lon="38.5066"><ele>114.5</ele><time>2026-07-27T15:05:16Z</time></trkpt><trkpt lat="58.144025" lon="38.506765"><ele>114.4</ele><time>2026-07-27T15:05:21Z</time></trkpt><trkpt lat="58.144025" lon="38.506925"><ele>113.5</ele><time>2026-07-27T15:05:25Z</time></trkpt><trkpt lat="58.144037" lon="38.507062"><ele>112.4</ele><time>2026-07-27T15:05:29Z</time></trkpt><trkpt lat="58.144032" lon="38.507202"><ele>111.6</ele><time>2026-07-27T15:05:32Z</time></trkpt><trkpt lat="58.144045" lon="38.50738"><ele>113.3</ele><time>2026-07-27T15:05:35Z</time></trkpt><trkpt lat="58.14404" lon="38.507525"><ele>113.5</ele><time>2026-07-27T15:05:38Z</time></trkpt><trkpt lat="58.14403" lon="38.50766"><ele>111.9</ele><time>2026-07-27T15:05:41Z</time></trkpt><trkpt lat="58.144018" lon="38.507832"><ele>112.9</ele><time>2026-07-27T15:05:45Z</time></trkpt><trkpt lat="58.144033" lon="38.507977"><ele>111.9</ele><time>2026-07-27T15:05:49Z</time></trkpt><trkpt lat="58.14408" lon="38.508105"><ele>112.0</ele><time>2026-07-27T15:05:53Z</time></trkpt><trkpt lat="58.1441" lon="38.508237"><ele>111.9</ele><time>2026-07-27T15:05:57Z</time></trkpt><trkpt lat="58.144065" lon="38.508395"><ele>111.3</ele><time>2026-07-27T15:06:02Z</time></trkpt><trkpt lat="58.14403" lon="38.508532"><ele>111.6</ele><time>2026-07-27T15:06:06Z</time></trkpt><trkpt lat="58.144015" lon="38.50868"><ele>111.5</ele><time>2026-07-27T15:06:10Z</time></trkpt><trkpt lat="58.143997" lon="38.50885"><ele>111.7</ele><time>2026-07-27T15:06:14Z</time></trkpt><trkpt lat="58.14397" lon="38.509002"><ele>112.4</ele><time>2026-07-27T15:06:18Z</time></trkpt><trkpt lat="58.143947" lon="38.50914"><ele>112.1</ele><time>2026-07-27T15:06:22Z</time></trkpt><trkpt lat="58.143942" lon="38.509305"><ele>111.1</ele><time>2026-07-27T15:06:26Z</time></trkpt><trkpt lat="58.14397" lon="38.509455"><ele>111.4</ele><time>2026-07-27T15:06:30Z</time></trkpt><trkpt lat="58.14399" lon="38.50961"><ele>111.3</ele><time>2026-07-27T15:06:34Z</time></trkpt><trkpt lat="58.14397" lon="38.509765"><ele>111.8</ele><time>2026-07-27T15:06:39Z</time></trkpt><trkpt lat="58.14393" lon="38.509905"><ele>111.9</ele><time>2026-07-27T15:06:43Z</time></trkpt><trkpt lat="58.14392" lon="38.51006"><ele>112.4</ele><time>2026-07-27T15:06:47Z</time></trkpt><trkpt lat="58.14392" lon="38.510212"><ele>112.3</ele><time>2026-07-27T15:06:51Z</time></trkpt><trkpt lat="58.143895" lon="38.510362"><ele>112.6</ele><time>2026-07-27T15:06:56Z</time></trkpt><trkpt lat="58.143877" lon="38.510515"><ele>112.6</ele><time>2026-07-27T15:07:00Z</time></trkpt><trkpt lat="58.143915" lon="38.510635"><ele>112.8</ele><time>2026-07-27T15:07:04Z</time></trkpt><trkpt lat="58.143985" lon="38.51074"><ele>113.2</ele><time>2026-07-27T15:07:08Z</time></trkpt><trkpt lat="58.144022" lon="38.510867"><ele>113.3</ele><time>2026-07-27T15:07:12Z</time></trkpt><trkpt lat="58.14403" lon="38.511022"><ele>113.3</ele><time>2026-07-27T15:07:16Z</time></trkpt><trkpt lat="58.14405" lon="38.511195"><ele>113.4</ele><time>2026-07-27T15:07:20Z</time></trkpt><trkpt lat="58.144065" lon="38.51137"><ele>113.3</ele><time>2026-07-27T15:07:24Z</time></trkpt><trkpt lat="58.144065" lon="38.51151"><ele>113.2</ele><time>2026-07-27T15:07:27Z</time></trkpt><trkpt lat="58.14407" lon="38.511655"><ele>113.2</ele><time>2026-07-27T15:07:30Z</time></trkpt><trkpt lat="58.14407" lon="38.511805"><ele>113.3</ele><time>2026-07-27T15:07:33Z</time></trkpt><trkpt lat="58.144062" lon="38.51194"><ele>113.2</ele><time>2026-07-27T15:07:36Z</time></trkpt><trkpt lat="58.14406" lon="38.51209"><ele>113.5</ele><time>2026-07-27T15:07:39Z</time></trkpt><trkpt lat="58.14406" lon="38.512232"><ele>113.3</ele><time>2026-07-27T15:07:42Z</time></trkpt><trkpt lat="58.14405" lon="38.512375"><ele>113.3</ele><time>2026-07-27T15:07:45Z</time></trkpt><trkpt lat="58.14403" lon="38.512517"><ele>113.3</ele><time>2026-07-27T15:07:48Z</time></trkpt><trkpt lat="58.144007" lon="38.512645"><ele>113.5</ele><time>2026-07-27T15:07:51Z</time></trkpt><trkpt lat="58.14399" lon="38.51279"><ele>113.2</ele><time>2026-07-27T15:07:54Z</time></trkpt><trkpt lat="58.143985" lon="38.512945"><ele>113.3</ele><time>2026-07-27T15:07:57Z</time></trkpt><trkpt lat="58.143985" lon="38.513085"><ele>113.2</ele><time>2026-07-27T15:08:00Z</time></trkpt><trkpt lat="58.143975" lon="38.51323"><ele>113.3</ele><time>2026-07-27T15:08:03Z</time></trkpt><trkpt lat="58.143975" lon="38.513385"><ele>113.4</ele><time>2026-07-27T15:08:06Z</time></trkpt><trkpt lat="58.14399" lon="38.51352"><ele>113.7</ele><time>2026-07-27T15:08:09Z</time></trkpt><trkpt lat="58.144035" lon="38.51364"><ele>113.3</ele><time>2026-07-27T15:08:13Z</time></trkpt><trkpt lat="58.144102" lon="38.513722"><ele>113.9</ele><time>2026-07-27T15:08:17Z</time></trkpt><trkpt lat="58.144132" lon="38.513855"><ele>114.5</ele><time>2026-07-27T15:08:22Z</time></trkpt><trkpt lat="58.144142" lon="38.514005"><ele>115.0</ele><time>2026-07-27T15:08:26Z</time></trkpt><trkpt lat="58.14417" lon="38.514155"><ele>114.6</ele><time>2026-07-27T15:08:30Z</time></trkpt><trkpt lat="58.144185" lon="38.51429"><ele>114.6</ele><time>2026-07-27T15:08:34Z</time></trkpt><trkpt lat="58.144185" lon="38.51445"><ele>114.4</ele><time>2026-07-27T15:08:38Z</time></trkpt><trkpt lat="58.1442" lon="38.51461"><ele>114.5</ele><time>2026-07-27T15:08:42Z</time></trkpt><trkpt lat="58.1442" lon="38.514752"><ele>114.6</ele><time>2026-07-27T15:08:46Z</time></trkpt><trkpt lat="58.144197" lon="38.514925"><ele>115.1</ele><time>2026-07-27T15:08:50Z</time></trkpt><trkpt lat="58.14422" lon="38.515095"><ele>115.2</ele><time>2026-07-27T15:08:54Z</time></trkpt><trkpt lat="58.144255" lon="38.515225"><ele>114.9</ele><time>2026-07-27T15:08:57Z</time></trkpt><trkpt lat="58.144297" lon="38.515345"><ele>115.1</ele><time>2026-07-27T15:09:00Z</time></trkpt><trkpt lat="58.144328" lon="38.515477"><ele>115.1</ele><time>2026-07-27T15:09:03Z</time></trkpt><trkpt lat="58.144345" lon="38.515625"><ele>114.9</ele><time>2026-07-27T15:09:06Z</time></trkpt><trkpt lat="58.144347" lon="38.515765"><ele>115.0</ele><time>2026-07-27T15:09:09Z</time></trkpt><trkpt lat="58.144342" lon="38.51591"><ele>115.3</ele><time>2026-07-27T15:09:12Z</time></trkpt><trkpt lat="58.144347" lon="38.51607"><ele>115.3</ele><time>2026-07-27T15:09:15Z</time></trkpt><trkpt lat="58.144342" lon="38.51621"><ele>115.1</ele><time>2026-07-27T15:09:18Z</time></trkpt><trkpt lat="58.144322" lon="38.516377"><ele>115.3</ele><time>2026-07-27T15:09:22Z</time></trkpt><trkpt lat="58.1443" lon="38.51651"><ele>115.5</ele><time>2026-07-27T15:09:25Z</time></trkpt><trkpt lat="58.14428" lon="38.516645"><ele>115.2</ele><time>2026-07-27T15:09:28Z</time></trkpt><trkpt lat="58.14427" lon="38.516795"><ele>115.2</ele><time>2026-07-27T15:09:31Z</time></trkpt><trkpt lat="58.14427" lon="38.516945"><ele>115.2</ele><time>2026-07-27T15:09:34Z</time></trkpt><trkpt lat="58.14427" lon="38.517095"><ele>114.8</ele><time>2026-07-27T15:09:37Z</time></trkpt><trkpt lat="58.14427" lon="38.51725"><ele>115.0</ele><time>2026-07-27T15:09:40Z</time></trkpt><trkpt lat="58.144265" lon="38.5174"><ele>114.7</ele><time>2026-07-27T15:09:43Z</time></trkpt><trkpt lat="58.144247" lon="38.517545"><ele>114.6</ele><time>2026-07-27T15:09:47Z</time></trkpt><trkpt lat="58.14422" lon="38.517705"><ele>114.9</ele><time>2026-07-27T15:09:51Z</time></trkpt><trkpt lat="58.144197" lon="38.51788"><ele>115.0</ele><time>2026-07-27T15:09:55Z</time></trkpt><trkpt lat="58.144182" lon="38.518015"><ele>114.9</ele><time>2026-07-27T15:09:58Z</time></trkpt><trkpt lat="58.14416" lon="38.518155"><ele>115.2</ele><time>2026-07-27T15:10:01Z</time></trkpt><trkpt lat="58.14414" lon="38.518285"><ele>115.5</ele><time>2026-07-27T15:10:04Z</time></trkpt><trkpt lat="58.144115" lon="38.51842"><ele>115.9</ele><time>2026-07-27T15:10:07Z</time></trkpt><trkpt lat="58.144095" lon="38.51856"><ele>115.9</ele><time>2026-07-27T15:10:10Z</time></trkpt><trkpt lat="58.144075" lon="38.518695"><ele>115.9</ele><time>2026-07-27T15:10:13Z</time></trkpt><trkpt lat="58.144045" lon="38.518835"><ele>115.9</ele><time>2026-07-27T15:10:16Z</time></trkpt><trkpt lat="58.144015" lon="38.518972"><ele>115.9</ele><time>2026-07-27T15:10:19Z</time></trkpt><trkpt lat="58.14399" lon="38.519115"><ele>115.6</ele><time>2026-07-27T15:10:22Z</time></trkpt><trkpt lat="58.143967" lon="38.519255"><ele>115.3</ele><time>2026-07-27T15:10:25Z</time></trkpt><trkpt lat="58.14394" lon="38.519385"><ele>115.1</ele><time>2026-07-27T15:10:28Z</time></trkpt><trkpt lat="58.1439" lon="38.51954"><ele>114.9</ele><time>2026-07-27T15:10:32Z</time></trkpt><trkpt lat="58.143875" lon="38.519713"><ele>114.9</ele><time>2026-07-27T15:10:36Z</time></trkpt><trkpt lat="58.14386" lon="38.51985"><ele>115.0</ele><time>2026-07-27T15:10:39Z</time></trkpt><trkpt lat="58.143845" lon="38.519985"><ele>114.7</ele><time>2026-07-27T15:10:42Z</time></trkpt><trkpt lat="58.14383" lon="38.52013"><ele>114.7</ele><time>2026-07-27T15:10:45Z</time></trkpt><trkpt lat="58.143815" lon="38.520275"><ele>114.7</ele><time>2026-07-27T15:10:48Z</time></trkpt><trkpt lat="58.1438" lon="38.520422"><ele>114.4</ele><time>2026-07-27T15:10:51Z</time></trkpt><trkpt lat="58.14378" lon="38.520555"><ele>114.4</ele><time>2026-07-27T15:10:54Z</time></trkpt><trkpt lat="58.143742" lon="38.520715"><ele>114.0</ele><time>2026-07-27T15:10:58Z</time></trkpt><trkpt lat="58.143722" lon="38.520847"><ele>113.5</ele><time>2026-07-27T15:11:01Z</time></trkpt><trkpt lat="58.143717" lon="38.520995"><ele>113.7</ele><time>2026-07-27T15:11:04Z</time></trkpt><trkpt lat="58.143717" lon="38.52114"><ele>113.8</ele><time>2026-07-27T15:11:07Z</time></trkpt><trkpt lat="58.14371" lon="38.52129"><ele>113.6</ele><time>2026-07-27T15:11:10Z</time></trkpt><trkpt lat="58.143695" lon="38.52143"><ele>113.7</ele><time>2026-07-27T15:11:13Z</time></trkpt><trkpt lat="58.14367" lon="38.52156"><ele>113.7</ele><time>2026-07-27T15:11:16Z</time></trkpt><trkpt lat="58.143637" lon="38.521697"><ele>114.0</ele><time>2026-07-27T15:11:19Z</time></trkpt><trkpt lat="58.14361" lon="38.52183"><ele>114.4</ele><time>2026-07-27T15:11:22Z</time></trkpt><trkpt lat="58.143595" lon="38.521965"><ele>114.2</ele><time>2026-07-27T15:11:25Z</time></trkpt><trkpt lat="58.143587" lon="38.52212"><ele>114.3</ele><time>2026-07-27T15:11:28Z</time></trkpt><trkpt lat="58.143585" lon="38.52227"><ele>114.3</ele><time>2026-07-27T15:11:31Z</time></trkpt><trkpt lat="58.143575" lon="38.522415"><ele>114.1</ele><time>2026-07-27T15:11:34Z</time></trkpt><trkpt lat="58.14355" lon="38.522552"><ele>114.3</ele><time>2026-07-27T15:11:37Z</time></trkpt><trkpt lat="58.14353" lon="38.5227"><ele>114.2</ele><time>2026-07-27T15:11:40Z</time></trkpt><trkpt lat="58.14351" lon="38.52283"><ele>114.6</ele><time>2026-07-27T15:11:43Z</time></trkpt><trkpt lat="58.14349" lon="38.52297"><ele>114.6</ele><time>2026-07-27T15:11:46Z</time></trkpt><trkpt lat="58.143477" lon="38.523115"><ele>114.5</ele><time>2026-07-27T15:11:49Z</time></trkpt><trkpt lat="58.143475" lon="38.523273"><ele>114.4</ele><time>2026-07-27T15:11:52Z</time></trkpt><trkpt lat="58.143457" lon="38.523442"><ele>114.5</ele><time>2026-07-27T15:11:56Z</time></trkpt><trkpt lat="58.14343" lon="38.523575"><ele>114.9</ele><time>2026-07-27T15:12:00Z</time></trkpt><trkpt lat="58.143402" lon="38.52371"><ele>114.9</ele><time>2026-07-27T15:12:04Z</time></trkpt><trkpt lat="58.143412" lon="38.523855"><ele>114.8</ele><time>2026-07-27T15:12:08Z</time></trkpt><trkpt lat="58.14346" lon="38.524"><ele>114.8</ele><time>2026-07-27T15:12:12Z</time></trkpt><trkpt lat="58.143492" lon="38.524165"><ele>114.8</ele><time>2026-07-27T15:12:16Z</time></trkpt><trkpt lat="58.143495" lon="38.5243"><ele>114.8</ele><time>2026-07-27T15:12:19Z</time></trkpt><trkpt lat="58.143477" lon="38.52446"><ele>114.8</ele><time>2026-07-27T15:12:23Z</time></trkpt><trkpt lat="58.14346" lon="38.524595"><ele>114.5</ele><time>2026-07-27T15:12:27Z</time></trkpt><trkpt lat="58.143455" lon="38.52476"><ele>114.5</ele><time>2026-07-27T15:12:31Z</time></trkpt><trkpt lat="58.143482" lon="38.524925"><ele>114.8</ele><time>2026-07-27T15:12:35Z</time></trkpt><trkpt lat="58.143515" lon="38.525055"><ele>114.8</ele><time>2026-07-27T15:12:38Z</time></trkpt><trkpt lat="58.143545" lon="38.525197"><ele>114.8</ele><time>2026-07-27T15:12:41Z</time></trkpt><trkpt lat="58.14356" lon="38.525332"><ele>114.9</ele><time>2026-07-27T15:12:44Z</time></trkpt><trkpt lat="58.143555" lon="38.525475"><ele>114.8</ele><time>2026-07-27T15:12:47Z</time></trkpt><trkpt lat="58.14354" lon="38.525617"><ele>114.7</ele><time>2026-07-27T15:12:50Z</time></trkpt><trkpt lat="58.14352" lon="38.525755"><ele>114.9</ele><time>2026-07-27T15:12:53Z</time></trkpt><trkpt lat="58.143507" lon="38.525895"><ele>114.9</ele><time>2026-07-27T15:12:56Z</time></trkpt><trkpt lat="58.143505" lon="38.526045"><ele>114.7</ele><time>2026-07-27T15:12:59Z</time></trkpt><trkpt lat="58.14351" lon="38.52619"><ele>114.5</ele><time>2026-07-27T15:13:02Z</time></trkpt><trkpt lat="58.143522" lon="38.526332"><ele>114.7</ele><time>2026-07-27T15:13:05Z</time></trkpt><trkpt lat="58.143535" lon="38.526487"><ele>114.7</ele><time>2026-07-27T15:13:08Z</time></trkpt><trkpt lat="58.143545" lon="38.526632"><ele>114.8</ele><time>2026-07-27T15:13:11Z</time></trkpt><trkpt lat="58.14353" lon="38.526785"><ele>114.9</ele><time>2026-07-27T15:13:15Z</time></trkpt><trkpt lat="58.14347" lon="38.526915"><ele>114.8</ele><time>2026-07-27T15:13:20Z</time></trkpt><trkpt lat="58.143405" lon="38.52704"><ele>114.9</ele><time>2026-07-27T15:13:24Z</time></trkpt><trkpt lat="58.14338" lon="38.527185"><ele>115.3</ele><time>2026-07-27T15:13:28Z</time></trkpt><trkpt lat="58.14339" lon="38.527335"><ele>115.6</ele><time>2026-07-27T15:13:32Z</time></trkpt><trkpt lat="58.1434" lon="38.527505"><ele>115.8</ele><time>2026-07-27T15:13:36Z</time></trkpt><trkpt lat="58.143385" lon="38.52765"><ele>115.9</ele><time>2026-07-27T15:13:40Z</time></trkpt><trkpt lat="58.14335" lon="38.52777"><ele>115.9</ele><time>2026-07-27T15:13:44Z</time></trkpt><trkpt lat="58.143315" lon="38.527935"><ele>115.9</ele><time>2026-07-27T15:13:48Z</time></trkpt><trkpt lat="58.143295" lon="38.52811"><ele>115.7</ele><time>2026-07-27T15:13:52Z</time></trkpt><trkpt lat="58.143272" lon="38.528255"><ele>115.8</ele><time>2026-07-27T15:13:55Z</time></trkpt><trkpt lat="58.143237" lon="38.528377"><ele>115.9</ele><time>2026-07-27T15:13:58Z</time></trkpt><trkpt lat="58.14318" lon="38.528497"><ele>115.8</ele><time>2026-07-27T15:14:02Z</time></trkpt><trkpt lat="58.143102" lon="38.528595"><ele>115.5</ele><time>2026-07-27T15:14:07Z</time></trkpt><trkpt lat="58.143037" lon="38.528695"><ele>115.4</ele><time>2026-07-27T15:14:11Z</time></trkpt><trkpt lat="58.14301" lon="38.52885"><ele>115.6</ele><time>2026-07-27T15:14:15Z</time></trkpt><trkpt lat="58.14302" lon="38.529"><ele>115.4</ele><time>2026-07-27T15:14:19Z</time></trkpt><trkpt lat="58.14305" lon="38.529167"><ele>114.6</ele><time>2026-07-27T15:14:23Z</time></trkpt><trkpt lat="58.143065" lon="38.5293"><ele>114.5</ele><time>2026-07-27T15:14:26Z</time></trkpt><trkpt lat="58.143057" lon="38.52944"><ele>114.9</ele><time>2026-07-27T15:14:29Z</time></trkpt><trkpt lat="58.14302" lon="38.529578"><ele>115.2</ele><time>2026-07-27T15:14:33Z</time></trkpt><trkpt lat="58.142963" lon="38.529705"><ele>115.5</ele><time>2026-07-27T15:14:38Z</time></trkpt><trkpt lat="58.142915" lon="38.52982"><ele>115.6</ele><time>2026-07-27T15:14:42Z</time></trkpt><trkpt lat="58.142905" lon="38.52997"><ele>115.5</ele><time>2026-07-27T15:14:46Z</time></trkpt><trkpt lat="58.142915" lon="38.53013"><ele>115.3</ele><time>2026-07-27T15:14:50Z</time></trkpt><trkpt lat="58.142905" lon="38.53027"><ele>115.4</ele><time>2026-07-27T15:14:54Z</time></trkpt><trkpt lat="58.14286" lon="38.530385"><ele>115.4</ele><time>2026-07-27T15:14:58Z</time></trkpt><trkpt lat="58.142808" lon="38.53052"><ele>115.5</ele><time>2026-07-27T15:15:02Z</time></trkpt><trkpt lat="58.14279" lon="38.530655"><ele>115.8</ele><time>2026-07-27T15:15:05Z</time></trkpt><trkpt lat="58.14278" lon="38.530795"><ele>116.2</ele><time>2026-07-27T15:15:08Z</time></trkpt><trkpt lat="58.14278" lon="38.530935"><ele>116.1</ele><time>2026-07-27T15:15:11Z</time></trkpt><trkpt lat="58.14278" lon="38.531083"><ele>115.4</ele><time>2026-07-27T15:15:14Z</time></trkpt><trkpt lat="58.142775" lon="38.531237"><ele>114.7</ele><time>2026-07-27T15:15:17Z</time></trkpt><trkpt lat="58.14277" lon="38.531393"><ele>114.5</ele><time>2026-07-27T15:15:20Z</time></trkpt><trkpt lat="58.14277" lon="38.531545"><ele>114.4</ele><time>2026-07-27T15:15:23Z</time></trkpt><trkpt lat="58.14275" lon="38.531682"><ele>115.3</ele><time>2026-07-27T15:15:26Z</time></trkpt><trkpt lat="58.142695" lon="38.53182"><ele>115.4</ele><time>2026-07-27T15:15:30Z</time></trkpt><trkpt lat="58.142635" lon="38.53193"><ele>116.2</ele><time>2026-07-27T15:15:34Z</time></trkpt><trkpt lat="58.142572" lon="38.532045"><ele>116.5</ele><time>2026-07-27T15:15:38Z</time></trkpt><trkpt lat="58.142525" lon="38.532195"><ele>115.9</ele><time>2026-07-27T15:15:42Z</time></trkpt><trkpt lat="58.142498" lon="38.532335"><ele>115.8</ele><time>2026-07-27T15:15:45Z</time></trkpt><trkpt lat="58.142475" lon="38.53247"><ele>116.0</ele><time>2026-07-27T15:15:48Z</time></trkpt><trkpt lat="58.14244" lon="38.532585"><ele>116.0</ele><time>2026-07-27T15:15:51Z</time></trkpt><trkpt lat="58.142395" lon="38.532707"><ele>115.8</ele><time>2026-07-27T15:15:54Z</time></trkpt><trkpt lat="58.142362" lon="38.532835"><ele>115.3</ele><time>2026-07-27T15:15:57Z</time></trkpt><trkpt lat="58.142335" lon="38.532972"><ele>115.8</ele><time>2026-07-27T15:16:00Z</time></trkpt><trkpt lat="58.142305" lon="38.53311"><ele>115.9</ele><time>2026-07-27T15:16:03Z</time></trkpt><trkpt lat="58.142272" lon="38.533235"><ele>115.7</ele><time>2026-07-27T15:16:06Z</time></trkpt><trkpt lat="58.142242" lon="38.533375"><ele>115.6</ele><time>2026-07-27T15:16:09Z</time></trkpt><trkpt lat="58.142215" lon="38.5335"><ele>115.9</ele><time>2026-07-27T15:16:12Z</time></trkpt><trkpt lat="58.14217" lon="38.533665"><ele>115.5</ele><time>2026-07-27T15:16:16Z</time></trkpt><trkpt lat="58.142133" lon="38.533795"><ele>115.7</ele><time>2026-07-27T15:16:19Z</time></trkpt><trkpt lat="58.142105" lon="38.53392"><ele>116.0</ele><time>2026-07-27T15:16:22Z</time></trkpt><trkpt lat="58.142075" lon="38.534065"><ele>116.4</ele><time>2026-07-27T15:16:25Z</time></trkpt><trkpt lat="58.142047" lon="38.534207"><ele>116.4</ele><time>2026-07-27T15:16:28Z</time></trkpt><trkpt lat="58.142015" lon="38.534325"><ele>116.4</ele><time>2026-07-27T15:16:31Z</time></trkpt><trkpt lat="58.14197" lon="38.53448"><ele>116.3</ele><time>2026-07-27T15:16:35Z</time></trkpt><trkpt lat="58.141942" lon="38.53465"><ele>116.2</ele><time>2026-07-27T15:16:39Z</time></trkpt><trkpt lat="58.141932" lon="38.53482"><ele>115.8</ele><time>2026-07-27T15:16:43Z</time></trkpt><trkpt lat="58.141912" lon="38.534995"><ele>115.7</ele><time>2026-07-27T15:16:47Z</time></trkpt><trkpt lat="58.141887" lon="38.535127"><ele>115.8</ele><time>2026-07-27T15:16:50Z</time></trkpt><trkpt lat="58.141847" lon="38.53529"><ele>116.0</ele><time>2026-07-27T15:16:54Z</time></trkpt><trkpt lat="58.141817" lon="38.535417"><ele>115.8</ele><time>2026-07-27T15:16:57Z</time></trkpt><trkpt lat="58.141792" lon="38.535562"><ele>116.1</ele><time>2026-07-27T15:17:00Z</time></trkpt><trkpt lat="58.141775" lon="38.535695"><ele>116.2</ele><time>2026-07-27T15:17:03Z</time></trkpt><trkpt lat="58.141752" lon="38.53583"><ele>116.0</ele><time>2026-07-27T15:17:06Z</time></trkpt><trkpt lat="58.141742" lon="38.535972"><ele>116.1</ele><time>2026-07-27T15:17:09Z</time></trkpt><trkpt lat="58.141742" lon="38.536125"><ele>116.3</ele><time>2026-07-27T15:17:12Z</time></trkpt><trkpt lat="58.141745" lon="38.536285"><ele>116.8</ele><time>2026-07-27T15:17:15Z</time></trkpt><trkpt lat="58.14173" lon="38.536435"><ele>116.4</ele><time>2026-07-27T15:17:19Z</time></trkpt><trkpt lat="58.141677" lon="38.53658"><ele>116.1</ele><time>2026-07-27T15:17:24Z</time></trkpt><trkpt lat="58.141645" lon="38.536727"><ele>116.3</ele><time>2026-07-27T15:17:28Z</time></trkpt><trkpt lat="58.141663" lon="38.536877"><ele>116.1</ele><time>2026-07-27T15:17:32Z</time></trkpt><trkpt lat="58.141715" lon="38.537007"><ele>116.2</ele><time>2026-07-27T15:17:36Z</time></trkpt><trkpt lat="58.14179" lon="38.537105"><ele>115.6</ele><time>2026-07-27T15:17:41Z</time></trkpt><trkpt lat="58.141817" lon="38.537265"><ele>115.5</ele><time>2026-07-27T15:17:46Z</time></trkpt><trkpt lat="58.141818" lon="38.53744"><ele>115.6</ele><time>2026-07-27T15:17:50Z</time></trkpt><trkpt lat="58.141823" lon="38.537585"><ele>115.3</ele><time>2026-07-27T15:17:53Z</time></trkpt><trkpt lat="58.141827" lon="38.53774"><ele>115.4</ele><time>2026-07-27T15:17:56Z</time></trkpt><trkpt lat="58.141807" lon="38.537912"><ele>115.6</ele><time>2026-07-27T15:18:00Z</time></trkpt><trkpt lat="58.14179" lon="38.538048"><ele>115.7</ele><time>2026-07-27T15:18:03Z</time></trkpt><trkpt lat="58.141777" lon="38.538195"><ele>115.8</ele><time>2026-07-27T15:18:06Z</time></trkpt><trkpt lat="58.141775" lon="38.538342"><ele>115.8</ele><time>2026-07-27T15:18:09Z</time></trkpt><trkpt lat="58.141775" lon="38.5385"><ele>116.1</ele><time>2026-07-27T15:18:12Z</time></trkpt><trkpt lat="58.141765" lon="38.538637"><ele>116.0</ele><time>2026-07-27T15:18:15Z</time></trkpt><trkpt lat="58.141735" lon="38.53877"><ele>116.0</ele><time>2026-07-27T15:18:18Z</time></trkpt><trkpt lat="58.141695" lon="38.538892"><ele>115.9</ele><time>2026-07-27T15:18:21Z</time></trkpt><trkpt lat="58.14166" lon="38.53903"><ele>116.0</ele><time>2026-07-27T15:18:24Z</time></trkpt><trkpt lat="58.141625" lon="38.539155"><ele>116.0</ele><time>2026-07-27T15:18:27Z</time></trkpt><trkpt lat="58.141595" lon="38.53928"><ele>115.9</ele><time>2026-07-27T15:18:30Z</time></trkpt><trkpt lat="58.141585" lon="38.53942"><ele>116.2</ele><time>2026-07-27T15:18:33Z</time></trkpt><trkpt lat="58.141595" lon="38.539563"><ele>116.2</ele><time>2026-07-27T15:18:36Z</time></trkpt><trkpt lat="58.141605" lon="38.539702"><ele>116.5</ele><time>2026-07-27T15:18:39Z</time></trkpt><trkpt lat="58.141593" lon="38.539875"><ele>116.4</ele><time>2026-07-27T15:18:43Z</time></trkpt><trkpt lat="58.141575" lon="38.540022"><ele>115.7</ele><time>2026-07-27T15:18:46Z</time></trkpt><trkpt lat="58.14156" lon="38.54016"><ele>115.9</ele><time>2026-07-27T15:18:49Z</time></trkpt><trkpt lat="58.14154" lon="38.540295"><ele>115.3</ele><time>2026-07-27T15:18:52Z</time></trkpt><trkpt lat="58.14152" lon="38.540445"><ele>114.8</ele><time>2026-07-27T15:18:55Z</time></trkpt><trkpt lat="58.141485" lon="38.540595"><ele>115.5</ele><time>2026-07-27T15:18:59Z</time></trkpt><trkpt lat="58.141422" lon="38.540708"><ele>114.9</ele><time>2026-07-27T15:19:04Z</time></trkpt><trkpt lat="58.141365" lon="38.54083"><ele>115.0</ele><time>2026-07-27T15:19:08Z</time></trkpt><trkpt lat="58.14133" lon="38.54098"><ele>114.8</ele><time>2026-07-27T15:19:12Z</time></trkpt><trkpt lat="58.141288" lon="38.54113"><ele>115.1</ele><time>2026-07-27T15:19:16Z</time></trkpt><trkpt lat="58.141255" lon="38.541255"><ele>114.3</ele><time>2026-07-27T15:19:20Z</time></trkpt><trkpt lat="58.141225" lon="38.5414"><ele>114.4</ele><time>2026-07-27T15:19:24Z</time></trkpt><trkpt lat="58.141205" lon="38.54158"><ele>114.3</ele><time>2026-07-27T15:19:28Z</time></trkpt><trkpt lat="58.14118" lon="38.54175"><ele>114.6</ele><time>2026-07-27T15:19:32Z</time></trkpt><trkpt lat="58.141155" lon="38.5419"><ele>114.7</ele><time>2026-07-27T15:19:35Z</time></trkpt><trkpt lat="58.14114" lon="38.54205"><ele>115.0</ele><time>2026-07-27T15:19:38Z</time></trkpt><trkpt lat="58.141125" lon="38.542205"><ele>114.7</ele><time>2026-07-27T15:19:41Z</time></trkpt><trkpt lat="58.141115" lon="38.54234"><ele>115.5</ele><time>2026-07-27T15:19:44Z</time></trkpt><trkpt lat="58.1411" lon="38.542492"><ele>115.3</ele><time>2026-07-27T15:19:47Z</time></trkpt><trkpt lat="58.141087" lon="38.54263"><ele>114.9</ele><time>2026-07-27T15:19:50Z</time></trkpt><trkpt lat="58.141067" lon="38.542767"><ele>115.4</ele><time>2026-07-27T15:19:53Z</time></trkpt><trkpt lat="58.14104" lon="38.5429"><ele>116.0</ele><time>2026-07-27T15:19:56Z</time></trkpt><trkpt lat="58.141" lon="38.54305"><ele>115.6</ele><time>2026-07-27T15:20:00Z</time></trkpt><trkpt lat="58.140965" lon="38.543197"><ele>115.1</ele><time>2026-07-27T15:20:04Z</time></trkpt><trkpt lat="58.14093" lon="38.543337"><ele>115.1</ele><time>2026-07-27T15:20:08Z</time></trkpt><trkpt lat="58.140897" lon="38.54346"><ele>115.4</ele><time>2026-07-27T15:20:12Z</time></trkpt><trkpt lat="58.14085" lon="38.543575"><ele>115.1</ele><time>2026-07-27T15:20:16Z</time></trkpt><trkpt lat="58.14081" lon="38.543715"><ele>115.0</ele><time>2026-07-27T15:20:20Z</time></trkpt><trkpt lat="58.14082" lon="38.54388"><ele>114.3</ele><time>2026-07-27T15:20:25Z</time></trkpt><trkpt lat="58.140835" lon="38.544025"><ele>114.5</ele><time>2026-07-27T15:20:29Z</time></trkpt><trkpt lat="58.140825" lon="38.54418"><ele>115.1</ele><time>2026-07-27T15:20:34Z</time></trkpt><trkpt lat="58.14078" lon="38.54432"><ele>113.7</ele><time>2026-07-27T15:20:39Z</time></trkpt><trkpt lat="58.140763" lon="38.54446"><ele>114.2</ele><time>2026-07-27T15:20:43Z</time></trkpt><trkpt lat="58.14076" lon="38.54462"><ele>114.4</ele><time>2026-07-27T15:20:47Z</time></trkpt><trkpt lat="58.140737" lon="38.544762"><ele>115.1</ele><time>2026-07-27T15:20:51Z</time></trkpt><trkpt lat="58.140683" lon="38.544872"><ele>114.5</ele><time>2026-07-27T15:20:56Z</time></trkpt><trkpt lat="58.140625" lon="38.54499"><ele>113.9</ele><time>2026-07-27T15:21:01Z</time></trkpt><trkpt lat="58.140608" lon="38.545135"><ele>113.7</ele><time>2026-07-27T15:21:05Z</time></trkpt><trkpt lat="58.140597" lon="38.545275"><ele>113.9</ele><time>2026-07-27T15:21:09Z</time></trkpt><trkpt lat="58.14055" lon="38.545392"><ele>114.7</ele><time>2026-07-27T15:21:14Z</time></trkpt><trkpt lat="58.140485" lon="38.545502"><ele>113.6</ele><time>2026-07-27T15:21:19Z</time></trkpt><trkpt lat="58.140435" lon="38.54562"><ele>114.1</ele><time>2026-07-27T15:21:23Z</time></trkpt><trkpt lat="58.14037" lon="38.545735"><ele>114.2</ele><time>2026-07-27T15:21:28Z</time></trkpt><trkpt lat="58.140285" lon="38.54576"><ele>114.1</ele><time>2026-07-27T15:21:33Z</time></trkpt><trkpt lat="58.14021" lon="38.54576"><ele>114.6</ele><time>2026-07-27T15:21:37Z</time></trkpt><trkpt lat="58.14013" lon="38.545825"><ele>115.1</ele><time>2026-07-27T15:21:42Z</time></trkpt><trkpt lat="58.140073" lon="38.545935"><ele>114.8</ele><time>2026-07-27T15:21:46Z</time></trkpt><trkpt lat="58.139997" lon="38.54599"><ele>114.2</ele><time>2026-07-27T15:21:52Z</time></trkpt><trkpt lat="58.13991" lon="38.546032"><ele>114.3</ele><time>2026-07-27T15:21:57Z</time></trkpt><trkpt lat="58.13984" lon="38.546075"><ele>114.9</ele><time>2026-07-27T15:22:01Z</time></trkpt><trkpt lat="58.139755" lon="38.54604"><ele>114.3</ele><time>2026-07-27T15:22:06Z</time></trkpt><trkpt lat="58.13968" lon="38.545972"><ele>113.7</ele><time>2026-07-27T15:22:11Z</time></trkpt><trkpt lat="58.139595" lon="38.545965"><ele>113.3</ele><time>2026-07-27T15:22:16Z</time></trkpt><trkpt lat="58.139515" lon="38.54599"><ele>113.2</ele><time>2026-07-27T15:22:21Z</time></trkpt><trkpt lat="58.139435" lon="38.54597"><ele>113.2</ele><time>2026-07-27T15:22:28Z</time></trkpt><trkpt lat="58.139355" lon="38.546012"><ele>113.8</ele><time>2026-07-27T15:22:34Z</time></trkpt><trkpt lat="58.139285" lon="38.546055"><ele>113.6</ele><time>2026-07-27T15:22:41Z</time></trkpt><trkpt lat="58.139225" lon="38.54602"><ele>113.7</ele><time>2026-07-27T15:22:48Z</time></trkpt><trkpt lat="58.13914" lon="38.54599"><ele>113.8</ele><time>2026-07-27T15:22:53Z</time></trkpt><trkpt lat="58.139062" lon="38.545947"><ele>114.1</ele><time>2026-07-27T15:22:59Z</time></trkpt><trkpt lat="58.138987" lon="38.545925"><ele>114.4</ele><time>2026-07-27T15:23:06Z</time></trkpt><trkpt lat="58.13893" lon="38.54591"><ele>114.2</ele><time>2026-07-27T15:23:13Z</time></trkpt><trkpt lat="58.138863" lon="38.546012"><ele>114.6</ele><time>2026-07-27T15:23:19Z</time></trkpt><trkpt lat="58.138805" lon="38.546105"><ele>114.2</ele><time>2026-07-27T15:23:24Z</time></trkpt><trkpt lat="58.138785" lon="38.546253"><ele>113.9</ele><time>2026-07-27T15:23:29Z</time></trkpt><trkpt lat="58.13876" lon="38.54641"><ele>114.3</ele><time>2026-07-27T15:23:34Z</time></trkpt><trkpt lat="58.138725" lon="38.546542"><ele>115.0</ele><time>2026-07-27T15:23:38Z</time></trkpt><trkpt lat="58.1387" lon="38.546688"><ele>115.3</ele><time>2026-07-27T15:23:42Z</time></trkpt><trkpt lat="58.13868" lon="38.546822"><ele>115.4</ele><time>2026-07-27T15:23:46Z</time></trkpt><trkpt lat="58.138655" lon="38.546955"><ele>115.5</ele><time>2026-07-27T15:23:50Z</time></trkpt><trkpt lat="58.138637" lon="38.547105"><ele>115.3</ele><time>2026-07-27T15:23:54Z</time></trkpt><trkpt lat="58.13864" lon="38.54726"><ele>115.7</ele><time>2026-07-27T15:23:58Z</time></trkpt><trkpt lat="58.13865" lon="38.5474"><ele>116.0</ele><time>2026-07-27T15:24:02Z</time></trkpt><trkpt lat="58.138635" lon="38.547535"><ele>116.4</ele><time>2026-07-27T15:24:06Z</time></trkpt><trkpt lat="58.138632" lon="38.547685"><ele>117.1</ele><time>2026-07-27T15:24:10Z</time></trkpt><trkpt lat="58.138642" lon="38.547822"><ele>116.7</ele><time>2026-07-27T15:24:14Z</time></trkpt><trkpt lat="58.13865" lon="38.54797"><ele>116.0</ele><time>2026-07-27T15:24:18Z</time></trkpt><trkpt lat="58.138675" lon="38.54812"><ele>116.1</ele><time>2026-07-27T15:24:22Z</time></trkpt><trkpt lat="58.13873" lon="38.548223"><ele>115.9</ele><time>2026-07-27T15:24:27Z</time></trkpt><trkpt lat="58.138785" lon="38.548335"><ele>115.5</ele><time>2026-07-27T15:24:34Z</time></trkpt><trkpt lat="58.13881" lon="38.548475"><ele>116.5</ele><time>2026-07-27T15:24:40Z</time></trkpt><trkpt lat="58.138872" lon="38.54858"><ele>115.9</ele><time>2026-07-27T15:24:44Z</time></trkpt><trkpt lat="58.138915" lon="38.54869"><ele>115.0</ele><time>2026-07-27T15:24:48Z</time></trkpt><trkpt lat="58.13892" lon="38.54884"><ele>115.0</ele><time>2026-07-27T15:24:53Z</time></trkpt><trkpt lat="58.1389" lon="38.54902"><ele>115.4</ele><time>2026-07-27T15:24:57Z</time></trkpt><trkpt lat="58.13889" lon="38.549187"><ele>115.1</ele><time>2026-07-27T15:25:01Z</time></trkpt><trkpt lat="58.138847" lon="38.549327"><ele>115.1</ele><time>2026-07-27T15:25:06Z</time></trkpt><trkpt lat="58.138792" lon="38.549452"><ele>115.1</ele><time>2026-07-27T15:25:10Z</time></trkpt><trkpt lat="58.13874" lon="38.54959"><ele>114.3</ele><time>2026-07-27T15:25:14Z</time></trkpt><trkpt lat="58.138713" lon="38.549742"><ele>114.1</ele><time>2026-07-27T15:25:18Z</time></trkpt><trkpt lat="58.13872" lon="38.549915"><ele>113.2</ele><time>2026-07-27T15:25:22Z</time></trkpt><trkpt lat="58.138737" lon="38.55009"><ele>112.8</ele><time>2026-07-27T15:25:26Z</time></trkpt><trkpt lat="58.13875" lon="38.550235"><ele>112.6</ele><time>2026-07-27T15:25:29Z</time></trkpt><trkpt lat="58.138765" lon="38.550375"><ele>112.9</ele><time>2026-07-27T15:25:32Z</time></trkpt><trkpt lat="58.13877" lon="38.550515"><ele>113.5</ele><time>2026-07-27T15:25:35Z</time></trkpt><trkpt lat="58.138765" lon="38.550652"><ele>114.6</ele><time>2026-07-27T15:25:38Z</time></trkpt><trkpt lat="58.13876" lon="38.55079"><ele>114.4</ele><time>2026-07-27T15:25:41Z</time></trkpt><trkpt lat="58.138755" lon="38.55093"><ele>114.9</ele><time>2026-07-27T15:25:44Z</time></trkpt><trkpt lat="58.13874" lon="38.5511"><ele>115.3</ele><time>2026-07-27T15:25:48Z</time></trkpt><trkpt lat="58.138725" lon="38.551232"><ele>115.3</ele><time>2026-07-27T15:25:51Z</time></trkpt><trkpt lat="58.1387" lon="38.551405"><ele>115.6</ele><time>2026-07-27T15:25:55Z</time></trkpt><trkpt lat="58.13867" lon="38.551562"><ele>116.0</ele><time>2026-07-27T15:25:59Z</time></trkpt><trkpt lat="58.138615" lon="38.55169"><ele>114.8</ele><time>2026-07-27T15:26:04Z</time></trkpt><trkpt lat="58.138585" lon="38.55182"><ele>115.1</ele><time>2026-07-27T15:26:08Z</time></trkpt><trkpt lat="58.13859" lon="38.55197"><ele>115.5</ele><time>2026-07-27T15:26:12Z</time></trkpt><trkpt lat="58.138585" lon="38.552127"><ele>116.6</ele><time>2026-07-27T15:26:17Z</time></trkpt><trkpt lat="58.138565" lon="38.552275"><ele>116.3</ele><time>2026-07-27T15:26:21Z</time></trkpt><trkpt lat="58.138575" lon="38.55244"><ele>115.3</ele><time>2026-07-27T15:26:25Z</time></trkpt><trkpt lat="58.13861" lon="38.552598"><ele>115.1</ele><time>2026-07-27T15:26:29Z</time></trkpt><trkpt lat="58.13863" lon="38.552775"><ele>114.8</ele><time>2026-07-27T15:26:33Z</time></trkpt><trkpt lat="58.138625" lon="38.552927"><ele>114.7</ele><time>2026-07-27T15:26:37Z</time></trkpt><trkpt lat="58.13861" lon="38.55307"><ele>115.6</ele><time>2026-07-27T15:26:41Z</time></trkpt><trkpt lat="58.138605" lon="38.553242"><ele>115.6</ele><time>2026-07-27T15:26:45Z</time></trkpt><trkpt lat="58.138615" lon="38.553377"><ele>115.2</ele><time>2026-07-27T15:26:48Z</time></trkpt><trkpt lat="58.138635" lon="38.553513"><ele>115.4</ele><time>2026-07-27T15:26:51Z</time></trkpt><trkpt lat="58.138655" lon="38.553662"><ele>115.8</ele><time>2026-07-27T15:26:54Z</time></trkpt><trkpt lat="58.138665" lon="38.553802"><ele>116.0</ele><time>2026-07-27T15:26:57Z</time></trkpt><trkpt lat="58.138655" lon="38.55394"><ele>115.4</ele><time>2026-07-27T15:27:00Z</time></trkpt><trkpt lat="58.13863" lon="38.55407"><ele>117.0</ele><time>2026-07-27T15:27:03Z</time></trkpt><trkpt lat="58.1386" lon="38.554192"><ele>116.9</ele><time>2026-07-27T15:27:06Z</time></trkpt><trkpt lat="58.138567" lon="38.554335"><ele>117.2</ele><time>2026-07-27T15:27:09Z</time></trkpt><trkpt lat="58.138535" lon="38.55447"><ele>117.3</ele><time>2026-07-27T15:27:12Z</time></trkpt><trkpt lat="58.138485" lon="38.55462"><ele>117.4</ele><time>2026-07-27T15:27:16Z</time></trkpt><trkpt lat="58.13844" lon="38.554735"><ele>117.5</ele><time>2026-07-27T15:27:19Z</time></trkpt><trkpt lat="58.13841" lon="38.554872"><ele>117.8</ele><time>2026-07-27T15:27:22Z</time></trkpt><trkpt lat="58.13838" lon="38.55501"><ele>117.2</ele><time>2026-07-27T15:27:25Z</time></trkpt><trkpt lat="58.138345" lon="38.555135"><ele>117.3</ele><time>2026-07-27T15:27:28Z</time></trkpt><trkpt lat="58.1383" lon="38.555255"><ele>116.9</ele><time>2026-07-27T15:27:31Z</time></trkpt><trkpt lat="58.13825" lon="38.555367"><ele>117.2</ele><time>2026-07-27T15:27:34Z</time></trkpt><trkpt lat="58.1382" lon="38.55547"><ele>116.8</ele><time>2026-07-27T15:27:37Z</time></trkpt><trkpt lat="58.13815" lon="38.55558"><ele>116.5</ele><time>2026-07-27T15:27:40Z</time></trkpt><trkpt lat="58.138115" lon="38.555707"><ele>116.3</ele><time>2026-07-27T15:27:43Z</time></trkpt><trkpt lat="58.13809" lon="38.555845"><ele>115.8</ele><time>2026-07-27T15:27:46Z</time></trkpt><trkpt lat="58.13807" lon="38.555985"><ele>115.6</ele><time>2026-07-27T15:27:49Z</time></trkpt><trkpt lat="58.138037" lon="38.556115"><ele>116.0</ele><time>2026-07-27T15:27:52Z</time></trkpt><trkpt lat="58.13801" lon="38.556247"><ele>116.3</ele><time>2026-07-27T15:27:55Z</time></trkpt><trkpt lat="58.137987" lon="38.556385"><ele>116.4</ele><time>2026-07-27T15:27:58Z</time></trkpt><trkpt lat="58.137967" lon="38.556525"><ele>117.6</ele><time>2026-07-27T15:28:01Z</time></trkpt><trkpt lat="58.13794" lon="38.556665"><ele>117.8</ele><time>2026-07-27T15:28:04Z</time></trkpt><trkpt lat="58.137897" lon="38.55681"><ele>117.6</ele><time>2026-07-27T15:28:08Z</time></trkpt><trkpt lat="58.13786" lon="38.55693"><ele>117.8</ele><time>2026-07-27T15:28:11Z</time></trkpt><trkpt lat="58.13783" lon="38.557062"><ele>118.1</ele><time>2026-07-27T15:28:14Z</time></trkpt><trkpt lat="58.137808" lon="38.557205"><ele>117.9</ele><time>2026-07-27T15:28:17Z</time></trkpt><trkpt lat="58.13779" lon="38.557345"><ele>118.4</ele><time>2026-07-27T15:28:20Z</time></trkpt><trkpt lat="58.137765" lon="38.557485"><ele>118.2</ele><time>2026-07-27T15:28:23Z</time></trkpt><trkpt lat="58.137735" lon="38.55762"><ele>118.5</ele><time>2026-07-27T15:28:26Z</time></trkpt><trkpt lat="58.137695" lon="38.557735"><ele>118.1</ele><time>2026-07-27T15:28:29Z</time></trkpt><trkpt lat="58.13765" lon="38.557855"><ele>117.9</ele><time>2026-07-27T15:28:32Z</time></trkpt><trkpt lat="58.1376" lon="38.557967"><ele>118.1</ele><time>2026-07-27T15:28:35Z</time></trkpt><trkpt lat="58.137545" lon="38.558065"><ele>118.1</ele><time>2026-07-27T15:28:38Z</time></trkpt><trkpt lat="58.13749" lon="38.558165"><ele>117.7</ele><time>2026-07-27T15:28:41Z</time></trkpt><trkpt lat="58.137435" lon="38.558265"><ele>117.1</ele><time>2026-07-27T15:28:44Z</time></trkpt><trkpt lat="58.13738" lon="38.55836"><ele>116.8</ele><time>2026-07-27T15:28:47Z</time></trkpt><trkpt lat="58.137315" lon="38.55849"><ele>116.8</ele><time>2026-07-27T15:28:51Z</time></trkpt><trkpt lat="58.13726" lon="38.5586"><ele>116.9</ele><time>2026-07-27T15:28:54Z</time></trkpt><trkpt lat="58.137215" lon="38.55872"><ele>117.3</ele><time>2026-07-27T15:28:57Z</time></trkpt><trkpt lat="58.13717" lon="38.558875"><ele>116.8</ele><time>2026-07-27T15:29:01Z</time></trkpt><trkpt lat="58.13714" lon="38.55901"><ele>117.0</ele><time>2026-07-27T15:29:04Z</time></trkpt><trkpt lat="58.13711" lon="38.559155"><ele>117.1</ele><time>2026-07-27T15:29:07Z</time></trkpt><trkpt lat="58.137082" lon="38.559287"><ele>117.5</ele><time>2026-07-27T15:29:10Z</time></trkpt><trkpt lat="58.137047" lon="38.559418"><ele>117.4</ele><time>2026-07-27T15:29:13Z</time></trkpt><trkpt lat="58.13701" lon="38.559535"><ele>117.3</ele><time>2026-07-27T15:29:16Z</time></trkpt><trkpt lat="58.13695" lon="38.55968"><ele>117.7</ele><time>2026-07-27T15:29:20Z</time></trkpt><trkpt lat="58.136912" lon="38.559803"><ele>118.3</ele><time>2026-07-27T15:29:23Z</time></trkpt><trkpt lat="58.136875" lon="38.559935"><ele>118.3</ele><time>2026-07-27T15:29:26Z</time></trkpt><trkpt lat="58.136828" lon="38.560052"><ele>118.1</ele><time>2026-07-27T15:29:29Z</time></trkpt><trkpt lat="58.13678" lon="38.560162"><ele>117.6</ele><time>2026-07-27T15:29:32Z</time></trkpt><trkpt lat="58.136725" lon="38.560265"><ele>118.2</ele><time>2026-07-27T15:29:35Z</time></trkpt><trkpt lat="58.136655" lon="38.560387"><ele>118.3</ele><time>2026-07-27T15:29:39Z</time></trkpt><trkpt lat="58.13661" lon="38.560505"><ele>118.1</ele><time>2026-07-27T15:29:42Z</time></trkpt><trkpt lat="58.136577" lon="38.56066"><ele>117.2</ele><time>2026-07-27T15:29:46Z</time></trkpt><trkpt lat="58.13655" lon="38.5608"><ele>118.3</ele><time>2026-07-27T15:29:49Z</time></trkpt><trkpt lat="58.136525" lon="38.56095"><ele>118.7</ele><time>2026-07-27T15:29:52Z</time></trkpt><trkpt lat="58.136495" lon="38.56109"><ele>118.5</ele><time>2026-07-27T15:29:55Z</time></trkpt><trkpt lat="58.136448" lon="38.561245"><ele>118.3</ele><time>2026-07-27T15:29:59Z</time></trkpt><trkpt lat="58.1364" lon="38.561355"><ele>118.1</ele><time>2026-07-27T15:30:02Z</time></trkpt><trkpt lat="58.13634" lon="38.561495"><ele>117.6</ele><time>2026-07-27T15:30:06Z</time></trkpt><trkpt lat="58.136293" lon="38.561625"><ele>118.3</ele><time>2026-07-27T15:30:09Z</time></trkpt><trkpt lat="58.136265" lon="38.561755"><ele>118.2</ele><time>2026-07-27T15:30:12Z</time></trkpt><trkpt lat="58.13625" lon="38.5619"><ele>117.8</ele><time>2026-07-27T15:30:15Z</time></trkpt><trkpt lat="58.13624" lon="38.562037"><ele>117.5</ele><time>2026-07-27T15:30:18Z</time></trkpt><trkpt lat="58.136222" lon="38.56218"><ele>116.9</ele><time>2026-07-27T15:30:21Z</time></trkpt><trkpt lat="58.136185" lon="38.562342"><ele>116.2</ele><time>2026-07-27T15:30:25Z</time></trkpt><trkpt lat="58.136145" lon="38.56246"><ele>115.9</ele><time>2026-07-27T15:30:28Z</time></trkpt><trkpt lat="58.1361" lon="38.56257"><ele>116.2</ele><time>2026-07-27T15:30:31Z</time></trkpt><trkpt lat="58.13606" lon="38.562695"><ele>115.6</ele><time>2026-07-27T15:30:34Z</time></trkpt><trkpt lat="58.136025" lon="38.562865"><ele>115.9</ele><time>2026-07-27T15:30:38Z</time></trkpt><trkpt lat="58.13599" lon="38.563035"><ele>116.0</ele><time>2026-07-27T15:30:42Z</time></trkpt><trkpt lat="58.135965" lon="38.56318"><ele>115.7</ele><time>2026-07-27T15:30:45Z</time></trkpt><trkpt lat="58.13595" lon="38.563325"><ele>115.4</ele><time>2026-07-27T15:30:48Z</time></trkpt><trkpt lat="58.135935" lon="38.563475"><ele>115.3</ele><time>2026-07-27T15:30:51Z</time></trkpt><trkpt lat="58.13592" lon="38.563605"><ele>115.5</ele><time>2026-07-27T15:30:54Z</time></trkpt><trkpt lat="58.13589" lon="38.563735"><ele>115.2</ele><time>2026-07-27T15:30:57Z</time></trkpt><trkpt lat="58.13584" lon="38.563875"><ele>115.3</ele><time>2026-07-27T15:31:01Z</time></trkpt><trkpt lat="58.135795" lon="38.56398"><ele>115.5</ele><time>2026-07-27T15:31:04Z</time></trkpt><trkpt lat="58.13575" lon="38.56409"><ele>115.7</ele><time>2026-07-27T15:31:07Z</time></trkpt><trkpt lat="58.135692" lon="38.564225"><ele>116.0</ele><time>2026-07-27T15:31:11Z</time></trkpt><trkpt lat="58.13564" lon="38.56434"><ele>115.9</ele><time>2026-07-27T15:31:14Z</time></trkpt><trkpt lat="58.1356" lon="38.564492"><ele>115.8</ele><time>2026-07-27T15:31:18Z</time></trkpt><trkpt lat="58.13557" lon="38.56464"><ele>115.8</ele><time>2026-07-27T15:31:21Z</time></trkpt><trkpt lat="58.135555" lon="38.564775"><ele>116.5</ele><time>2026-07-27T15:31:24Z</time></trkpt><trkpt lat="58.135542" lon="38.564915"><ele>116.8</ele><time>2026-07-27T15:31:27Z</time></trkpt><trkpt lat="58.135528" lon="38.56506"><ele>116.0</ele><time>2026-07-27T15:31:30Z</time></trkpt><trkpt lat="58.13551" lon="38.565195"><ele>116.0</ele><time>2026-07-27T15:31:33Z</time></trkpt><trkpt lat="58.13549" lon="38.56533"><ele>115.9</ele><time>2026-07-27T15:31:36Z</time></trkpt><trkpt lat="58.13547" lon="38.565472"><ele>116.1</ele><time>2026-07-27T15:31:39Z</time></trkpt><trkpt lat="58.13547" lon="38.56561"><ele>116.1</ele><time>2026-07-27T15:31:42Z</time></trkpt><trkpt lat="58.13547" lon="38.56576"><ele>116.2</ele><time>2026-07-27T15:31:45Z</time></trkpt><trkpt lat="58.135457" lon="38.565915"><ele>115.4</ele><time>2026-07-27T15:31:49Z</time></trkpt><trkpt lat="58.135415" lon="38.566042"><ele>115.5</ele><time>2026-07-27T15:31:54Z</time></trkpt><trkpt lat="58.13536" lon="38.56615"><ele>115.3</ele><time>2026-07-27T15:31:58Z</time></trkpt><trkpt lat="58.135335" lon="38.566285"><ele>115.5</ele><time>2026-07-27T15:32:02Z</time></trkpt><trkpt lat="58.135345" lon="38.566445"><ele>114.8</ele><time>2026-07-27T15:32:07Z</time></trkpt><trkpt lat="58.13536" lon="38.56659"><ele>114.6</ele><time>2026-07-27T15:32:14Z</time></trkpt><trkpt lat="58.135357" lon="38.56665"><ele>114.9</ele><time>2026-07-27T15:32:21Z</time></trkpt><trkpt lat="58.135357" lon="38.56666"><ele>114.6</ele><time>2026-07-27T15:32:23Z</time></trkpt><trkpt lat="58.135365" lon="38.56668"><ele>115.5</ele><time>2026-07-27T15:32:32Z</time></trkpt><trkpt lat="58.135365" lon="38.566685"><ele>115.6</ele><time>2026-07-27T15:32:33Z</time></trkpt><trkpt lat="58.135392" lon="38.566695"><ele>115.9</ele><time>2026-07-27T15:32:42Z</time></trkpt><trkpt lat="58.135395" lon="38.566695"><ele>115.9</ele><time>2026-07-27T15:32:43Z</time></trkpt><trkpt lat="58.13543" lon="38.56672"><ele>115.6</ele><time>2026-07-27T15:32:51Z</time></trkpt><trkpt lat="58.13545" lon="38.56673"><ele>115.8</ele><time>2026-07-27T15:32:56Z</time></trkpt><trkpt lat="58.135475" lon="38.566745"><ele>115.9</ele><time>2026-07-27T15:33:04Z</time></trkpt><trkpt lat="58.135477" lon="38.566745"><ele>115.9</ele><time>2026-07-27T15:33:05Z</time></trkpt><trkpt lat="58.13551" lon="38.566768"><ele>115.6</ele><time>2026-07-27T15:33:13Z</time></trkpt><trkpt lat="58.135512" lon="38.566772"><ele>115.5</ele><time>2026-07-27T15:33:14Z</time></trkpt><trkpt lat="58.135542" lon="38.56679"><ele>115.4</ele><time>2026-07-27T15:33:22Z</time></trkpt><trkpt lat="58.135545" lon="38.566792"><ele>115.3</ele><time>2026-07-27T15:33:23Z</time></trkpt><trkpt lat="58.135577" lon="38.566812"><ele>115.0</ele><time>2026-07-27T15:33:31Z</time></trkpt><trkpt lat="58.13558" lon="38.566815"><ele>115.1</ele><time>2026-07-27T15:33:32Z</time></trkpt><trkpt lat="58.135612" lon="38.566835"><ele>115.4</ele><time>2026-07-27T15:33:40Z</time></trkpt><trkpt lat="58.13564" lon="38.566852"><ele>115.7</ele><time>2026-07-27T15:33:47Z</time></trkpt><trkpt lat="58.135645" lon="38.566857"><ele>115.7</ele><time>2026-07-27T15:33:48Z</time></trkpt><trkpt lat="58.135685" lon="38.566875"><ele>115.5</ele><time>2026-07-27T15:33:56Z</time></trkpt><trkpt lat="58.13571" lon="38.56689"><ele>116.7</ele><time>2026-07-27T15:34:03Z</time></trkpt><trkpt lat="58.13571" lon="38.566895"><ele>116.7</ele><time>2026-07-27T15:34:04Z</time></trkpt><trkpt lat="58.135735" lon="38.56695"><ele>116.5</ele><time>2026-07-27T15:34:12Z</time></trkpt><trkpt lat="58.135765" lon="38.56697"><ele>116.3</ele><time>2026-07-27T15:34:19Z</time></trkpt><trkpt lat="58.135767" lon="38.56697"><ele>116.0</ele><time>2026-07-27T15:34:20Z</time></trkpt><trkpt lat="58.135795" lon="38.566985"><ele>116.1</ele><time>2026-07-27T15:34:28Z</time></trkpt><trkpt lat="58.1358" lon="38.56699"><ele>116.1</ele><time>2026-07-27T15:34:29Z</time></trkpt><trkpt lat="58.135827" lon="38.567005"><ele>115.2</ele><time>2026-07-27T15:34:37Z</time></trkpt><trkpt lat="58.13583" lon="38.567007"><ele>115.6</ele><time>2026-07-27T15:34:38Z</time></trkpt><trkpt lat="58.135857" lon="38.56705"><ele>115.0</ele><time>2026-07-27T15:34:46Z</time></trkpt><trkpt lat="58.135837" lon="38.567163"><ele>114.7</ele><time>2026-07-27T15:34:53Z</time></trkpt><trkpt lat="58.135795" lon="38.56722"><ele>113.4</ele><time>2026-07-27T15:35:00Z</time></trkpt><trkpt lat="58.135722" lon="38.567245"><ele>112.6</ele><time>2026-07-27T15:35:06Z</time></trkpt><trkpt lat="58.13566" lon="38.567325"><ele>112.4</ele><time>2026-07-27T15:35:11Z</time></trkpt><trkpt lat="58.13562" lon="38.567458"><ele>112.9</ele><time>2026-07-27T15:35:16Z</time></trkpt><trkpt lat="58.13558" lon="38.567602"><ele>113.9</ele><time>2026-07-27T15:35:21Z</time></trkpt><trkpt lat="58.135517" lon="38.567683"><ele>113.2</ele><time>2026-07-27T15:35:26Z</time></trkpt><trkpt lat="58.13544" lon="38.567752"><ele>113.8</ele><time>2026-07-27T15:35:31Z</time></trkpt><trkpt lat="58.13543" lon="38.56792"><ele>113.7</ele><time>2026-07-27T15:35:36Z</time></trkpt><trkpt lat="58.13545" lon="38.568063"><ele>114.0</ele><time>2026-07-27T15:35:40Z</time></trkpt><trkpt lat="58.135445" lon="38.56823"><ele>114.1</ele><time>2026-07-27T15:35:45Z</time></trkpt><trkpt lat="58.13541" lon="38.568352"><ele>113.5</ele><time>2026-07-27T15:35:49Z</time></trkpt><trkpt lat="58.135388" lon="38.568512"><ele>113.0</ele><time>2026-07-27T15:35:53Z</time></trkpt><trkpt lat="58.135415" lon="38.568682"><ele>113.9</ele><time>2026-07-27T15:35:57Z</time></trkpt><trkpt lat="58.13547" lon="38.568822"><ele>114.7</ele><time>2026-07-27T15:36:01Z</time></trkpt><trkpt lat="58.135515" lon="38.568972"><ele>114.9</ele><time>2026-07-27T15:36:05Z</time></trkpt><trkpt lat="58.135528" lon="38.569132"><ele>115.2</ele><time>2026-07-27T15:36:09Z</time></trkpt><trkpt lat="58.135517" lon="38.56927"><ele>114.8</ele><time>2026-07-27T15:36:13Z</time></trkpt><trkpt lat="58.13549" lon="38.56941"><ele>114.6</ele><time>2026-07-27T15:36:17Z</time></trkpt><trkpt lat="58.135462" lon="38.569565"><ele>114.6</ele><time>2026-07-27T15:36:21Z</time></trkpt><trkpt lat="58.135445" lon="38.569705"><ele>113.9</ele><time>2026-07-27T15:36:24Z</time></trkpt><trkpt lat="58.135457" lon="38.569878"><ele>113.9</ele><time>2026-07-27T15:36:28Z</time></trkpt><trkpt lat="58.135485" lon="38.570015"><ele>114.5</ele><time>2026-07-27T15:36:31Z</time></trkpt><trkpt lat="58.135515" lon="38.570152"><ele>114.4</ele><time>2026-07-27T15:36:34Z</time></trkpt><trkpt lat="58.135555" lon="38.570277"><ele>114.3</ele><time>2026-07-27T15:36:37Z</time></trkpt><trkpt lat="58.135592" lon="38.570405"><ele>114.6</ele><time>2026-07-27T15:36:40Z</time></trkpt><trkpt lat="58.135603" lon="38.570545"><ele>114.0</ele><time>2026-07-27T15:36:43Z</time></trkpt><trkpt lat="58.135595" lon="38.570682"><ele>114.2</ele><time>2026-07-27T15:36:46Z</time></trkpt><trkpt lat="58.135557" lon="38.57084"><ele>114.1</ele><time>2026-07-27T15:36:50Z</time></trkpt><trkpt lat="58.1355" lon="38.57097"><ele>113.3</ele><time>2026-07-27T15:36:54Z</time></trkpt><trkpt lat="58.13544" lon="38.571045"><ele>114.1</ele><time>2026-07-27T15:36:58Z</time></trkpt><trkpt lat="58.13536" lon="38.571062"><ele>114.4</ele><time>2026-07-27T15:37:03Z</time></trkpt><trkpt lat="58.13528" lon="38.57112"><ele>114.4</ele><time>2026-07-27T15:37:08Z</time></trkpt><trkpt lat="58.13525" lon="38.57125"><ele>113.3</ele><time>2026-07-27T15:37:12Z</time></trkpt><trkpt lat="58.13523" lon="38.571398"><ele>112.5</ele><time>2026-07-27T15:37:16Z</time></trkpt><trkpt lat="58.135172" lon="38.57152"><ele>112.2</ele><time>2026-07-27T15:37:21Z</time></trkpt><trkpt lat="58.135112" lon="38.57163"><ele>112.3</ele><time>2026-07-27T15:37:25Z</time></trkpt><trkpt lat="58.135075" lon="38.571778"><ele>112.4</ele><time>2026-07-27T15:37:29Z</time></trkpt><trkpt lat="58.135047" lon="38.57192"><ele>113.3</ele><time>2026-07-27T15:37:32Z</time></trkpt><trkpt lat="58.135012" lon="38.57205"><ele>113.1</ele><time>2026-07-27T15:37:35Z</time></trkpt><trkpt lat="58.134955" lon="38.572182"><ele>112.7</ele><time>2026-07-27T15:37:39Z</time></trkpt><trkpt lat="58.1349" lon="38.572275"><ele>113.2</ele><time>2026-07-27T15:37:42Z</time></trkpt><trkpt lat="58.13485" lon="38.572378"><ele>112.9</ele><time>2026-07-27T15:37:45Z</time></trkpt><trkpt lat="58.134812" lon="38.5725"><ele>112.8</ele><time>2026-07-27T15:37:48Z</time></trkpt><trkpt lat="58.134785" lon="38.572635"><ele>112.2</ele><time>2026-07-27T15:37:51Z</time></trkpt><trkpt lat="58.134765" lon="38.572785"><ele>112.2</ele><time>2026-07-27T15:37:54Z</time></trkpt><trkpt lat="58.134735" lon="38.572955"><ele>112.4</ele><time>2026-07-27T15:37:58Z</time></trkpt><trkpt lat="58.134702" lon="38.57309"><ele>111.9</ele><time>2026-07-27T15:38:01Z</time></trkpt><trkpt lat="58.13467" lon="38.573257"><ele>113.1</ele><time>2026-07-27T15:38:05Z</time></trkpt><trkpt lat="58.13465" lon="38.573402"><ele>113.4</ele><time>2026-07-27T15:38:08Z</time></trkpt><trkpt lat="58.13464" lon="38.573545"><ele>114.1</ele><time>2026-07-27T15:38:11Z</time></trkpt><trkpt lat="58.134637" lon="38.57369"><ele>114.4</ele><time>2026-07-27T15:38:14Z</time></trkpt><trkpt lat="58.13464" lon="38.573837"><ele>114.6</ele><time>2026-07-27T15:38:17Z</time></trkpt><trkpt lat="58.134655" lon="38.573982"><ele>115.1</ele><time>2026-07-27T15:38:20Z</time></trkpt><trkpt lat="58.13467" lon="38.574125"><ele>115.4</ele><time>2026-07-27T15:38:23Z</time></trkpt><trkpt lat="58.134675" lon="38.574267"><ele>115.0</ele><time>2026-07-27T15:38:26Z</time></trkpt><trkpt lat="58.134655" lon="38.574402"><ele>114.3</ele><time>2026-07-27T15:38:29Z</time></trkpt><trkpt lat="58.134602" lon="38.574545"><ele>112.5</ele><time>2026-07-27T15:38:33Z</time></trkpt><trkpt lat="58.134548" lon="38.574662"><ele>112.5</ele><time>2026-07-27T15:38:36Z</time></trkpt><trkpt lat="58.134505" lon="38.57477"><ele>112.6</ele><time>2026-07-27T15:38:39Z</time></trkpt><trkpt lat="58.134455" lon="38.57492"><ele>113.1</ele><time>2026-07-27T15:38:43Z</time></trkpt><trkpt lat="58.134425" lon="38.57505"><ele>113.5</ele><time>2026-07-27T15:38:46Z</time></trkpt><trkpt lat="58.134397" lon="38.57522"><ele>113.2</ele><time>2026-07-27T15:38:50Z</time></trkpt><trkpt lat="58.134375" lon="38.575362"><ele>113.3</ele><time>2026-07-27T15:38:53Z</time></trkpt><trkpt lat="58.134347" lon="38.575505"><ele>113.3</ele><time>2026-07-27T15:38:56Z</time></trkpt><trkpt lat="58.134317" lon="38.57563"><ele>113.1</ele><time>2026-07-27T15:38:59Z</time></trkpt><trkpt lat="58.13429" lon="38.575765"><ele>113.6</ele><time>2026-07-27T15:39:02Z</time></trkpt><trkpt lat="58.13428" lon="38.57592"><ele>113.4</ele><time>2026-07-27T15:39:05Z</time></trkpt><trkpt lat="58.13427" lon="38.576065"><ele>113.1</ele><time>2026-07-27T15:39:08Z</time></trkpt><trkpt lat="58.13425" lon="38.5762"><ele>113.0</ele><time>2026-07-27T15:39:11Z</time></trkpt><trkpt lat="58.13423" lon="38.57635"><ele>113.5</ele><time>2026-07-27T15:39:14Z</time></trkpt><trkpt lat="58.13421" lon="38.5765"><ele>113.5</ele><time>2026-07-27T15:39:17Z</time></trkpt><trkpt lat="58.134195" lon="38.57664"><ele>113.4</ele><time>2026-07-27T15:39:20Z</time></trkpt><trkpt lat="58.134162" lon="38.57677"><ele>114.0</ele><time>2026-07-27T15:39:23Z</time></trkpt><trkpt lat="58.134125" lon="38.576887"><ele>113.1</ele><time>2026-07-27T15:39:26Z</time></trkpt><trkpt lat="58.134092" lon="38.57702"><ele>113.3</ele><time>2026-07-27T15:39:29Z</time></trkpt><trkpt lat="58.134065" lon="38.577153"><ele>113.5</ele><time>2026-07-27T15:39:32Z</time></trkpt><trkpt lat="58.13404" lon="38.577303"><ele>113.7</ele><time>2026-07-27T15:39:35Z</time></trkpt><trkpt lat="58.134007" lon="38.577463"><ele>113.9</ele><time>2026-07-27T15:39:39Z</time></trkpt><trkpt lat="58.13397" lon="38.577597"><ele>113.9</ele><time>2026-07-27T15:39:42Z</time></trkpt><trkpt lat="58.133935" lon="38.577725"><ele>114.5</ele><time>2026-07-27T15:39:45Z</time></trkpt><trkpt lat="58.1339" lon="38.57786"><ele>114.0</ele><time>2026-07-27T15:39:48Z</time></trkpt><trkpt lat="58.13388" lon="38.578"><ele>113.3</ele><time>2026-07-27T15:39:51Z</time></trkpt><trkpt lat="58.133882" lon="38.578155"><ele>113.3</ele><time>2026-07-27T15:39:54Z</time></trkpt><trkpt lat="58.133895" lon="38.578305"><ele>112.9</ele><time>2026-07-27T15:39:57Z</time></trkpt><trkpt lat="58.1339" lon="38.578447"><ele>113.0</ele><time>2026-07-27T15:40:00Z</time></trkpt><trkpt lat="58.1339" lon="38.578595"><ele>113.0</ele><time>2026-07-27T15:40:03Z</time></trkpt><trkpt lat="58.133887" lon="38.578743"><ele>113.3</ele><time>2026-07-27T15:40:06Z</time></trkpt><trkpt lat="58.13388" lon="38.578885"><ele>113.6</ele><time>2026-07-27T15:40:09Z</time></trkpt><trkpt lat="58.133865" lon="38.57903"><ele>114.4</ele><time>2026-07-27T15:40:12Z</time></trkpt><trkpt lat="58.13385" lon="38.57917"><ele>114.0</ele><time>2026-07-27T15:40:15Z</time></trkpt><trkpt lat="58.13384" lon="38.579325"><ele>113.7</ele><time>2026-07-27T15:40:18Z</time></trkpt><trkpt lat="58.13383" lon="38.579465"><ele>113.4</ele><time>2026-07-27T15:40:21Z</time></trkpt><trkpt lat="58.13381" lon="38.57962"><ele>113.1</ele><time>2026-07-27T15:40:24Z</time></trkpt><trkpt lat="58.133775" lon="38.579782"><ele>113.8</ele><time>2026-07-27T15:40:28Z</time></trkpt><trkpt lat="58.133755" lon="38.57993"><ele>114.0</ele><time>2026-07-27T15:40:31Z</time></trkpt><trkpt lat="58.133742" lon="38.580075"><ele>113.8</ele><time>2026-07-27T15:40:34Z</time></trkpt><trkpt lat="58.133725" lon="38.58022"><ele>114.0</ele><time>2026-07-27T15:40:37Z</time></trkpt><trkpt lat="58.133695" lon="38.580355"><ele>114.1</ele><time>2026-07-27T15:40:40Z</time></trkpt><trkpt lat="58.133675" lon="38.580535"><ele>114.0</ele><time>2026-07-27T15:40:44Z</time></trkpt><trkpt lat="58.133665" lon="38.58068"><ele>113.5</ele><time>2026-07-27T15:40:47Z</time></trkpt><trkpt lat="58.133627" lon="38.580847"><ele>114.0</ele><time>2026-07-27T15:40:51Z</time></trkpt><trkpt lat="58.13359" lon="38.580965"><ele>113.7</ele><time>2026-07-27T15:40:54Z</time></trkpt><trkpt lat="58.13355" lon="38.581092"><ele>113.5</ele><time>2026-07-27T15:40:57Z</time></trkpt><trkpt lat="58.133525" lon="38.581225"><ele>114.1</ele><time>2026-07-27T15:41:00Z</time></trkpt><trkpt lat="58.1335" lon="38.58137"><ele>114.8</ele><time>2026-07-27T15:41:03Z</time></trkpt><trkpt lat="58.13347" lon="38.581535"><ele>115.2</ele><time>2026-07-27T15:41:07Z</time></trkpt><trkpt lat="58.133435" lon="38.581685"><ele>114.7</ele><time>2026-07-27T15:41:10Z</time></trkpt><trkpt lat="58.133395" lon="38.581802"><ele>114.1</ele><time>2026-07-27T15:41:13Z</time></trkpt><trkpt lat="58.133355" lon="38.58192"><ele>114.3</ele><time>2026-07-27T15:41:16Z</time></trkpt><trkpt lat="58.133327" lon="38.58207"><ele>114.5</ele><time>2026-07-27T15:41:19Z</time></trkpt><trkpt lat="58.133307" lon="38.582215"><ele>114.4</ele><time>2026-07-27T15:41:22Z</time></trkpt><trkpt lat="58.133275" lon="38.582347"><ele>114.2</ele><time>2026-07-27T15:41:25Z</time></trkpt><trkpt lat="58.13323" lon="38.582465"><ele>114.0</ele><time>2026-07-27T15:41:28Z</time></trkpt><trkpt lat="58.133183" lon="38.582575"><ele>113.7</ele><time>2026-07-27T15:41:31Z</time></trkpt><trkpt lat="58.133145" lon="38.5827"><ele>113.7</ele><time>2026-07-27T15:41:34Z</time></trkpt><trkpt lat="58.13311" lon="38.582837"><ele>113.4</ele><time>2026-07-27T15:41:37Z</time></trkpt><trkpt lat="58.133085" lon="38.58297"><ele>113.1</ele><time>2026-07-27T15:41:40Z</time></trkpt><trkpt lat="58.13306" lon="38.583125"><ele>112.8</ele><time>2026-07-27T15:41:43Z</time></trkpt><trkpt lat="58.133027" lon="38.583265"><ele>112.9</ele><time>2026-07-27T15:41:46Z</time></trkpt><trkpt lat="58.132975" lon="38.583402"><ele>112.5</ele><time>2026-07-27T15:41:50Z</time></trkpt><trkpt lat="58.13293" lon="38.583512"><ele>112.7</ele><time>2026-07-27T15:41:53Z</time></trkpt><trkpt lat="58.1329" lon="38.58364"><ele>113.5</ele><time>2026-07-27T15:41:56Z</time></trkpt><trkpt lat="58.13287" lon="38.583775"><ele>113.3</ele><time>2026-07-27T15:41:59Z</time></trkpt><trkpt lat="58.13284" lon="38.58392"><ele>113.9</ele><time>2026-07-27T15:42:02Z</time></trkpt><trkpt lat="58.13279" lon="38.584045"><ele>113.3</ele><time>2026-07-27T15:42:06Z</time></trkpt><trkpt lat="58.13273" lon="38.584132"><ele>113.9</ele><time>2026-07-27T15:42:10Z</time></trkpt><trkpt lat="58.132663" lon="38.584235"><ele>113.7</ele><time>2026-07-27T15:42:14Z</time></trkpt><trkpt lat="58.13264" lon="38.584375"><ele>113.9</ele><time>2026-07-27T15:42:18Z</time></trkpt><trkpt lat="58.132655" lon="38.58453"><ele>114.0</ele><time>2026-07-27T15:42:22Z</time></trkpt><trkpt lat="58.13269" lon="38.58467"><ele>114.7</ele><time>2026-07-27T15:42:26Z</time></trkpt><trkpt lat="58.132685" lon="38.584835"><ele>115.8</ele><time>2026-07-27T15:42:31Z</time></trkpt><trkpt lat="58.132642" lon="38.58499"><ele>115.4</ele><time>2026-07-27T15:42:35Z</time></trkpt><trkpt lat="58.1326" lon="38.585117"><ele>114.9</ele><time>2026-07-27T15:42:38Z</time></trkpt><trkpt lat="58.13256" lon="38.58525"><ele>114.0</ele><time>2026-07-27T15:42:41Z</time></trkpt><trkpt lat="58.132515" lon="38.585408"><ele>113.2</ele><time>2026-07-27T15:42:45Z</time></trkpt><trkpt lat="58.13247" lon="38.585555"><ele>113.6</ele><time>2026-07-27T15:42:48Z</time></trkpt><trkpt lat="58.13244" lon="38.5857"><ele>113.6</ele><time>2026-07-27T15:42:51Z</time></trkpt><trkpt lat="58.13241" lon="38.585832"><ele>113.9</ele><time>2026-07-27T15:42:54Z</time></trkpt><trkpt lat="58.132367" lon="38.585962"><ele>113.5</ele><time>2026-07-27T15:42:57Z</time></trkpt><trkpt lat="58.132315" lon="38.58609"><ele>113.7</ele><time>2026-07-27T15:43:00Z</time></trkpt><trkpt lat="58.132267" lon="38.586205"><ele>113.3</ele><time>2026-07-27T15:43:03Z</time></trkpt><trkpt lat="58.13223" lon="38.586327"><ele>113.5</ele><time>2026-07-27T15:43:06Z</time></trkpt><trkpt lat="58.132202" lon="38.586465"><ele>114.2</ele><time>2026-07-27T15:43:09Z</time></trkpt><trkpt lat="58.132167" lon="38.5866"><ele>114.4</ele><time>2026-07-27T15:43:12Z</time></trkpt><trkpt lat="58.132112" lon="38.586745"><ele>113.7</ele><time>2026-07-27T15:43:16Z</time></trkpt><trkpt lat="58.132075" lon="38.58688"><ele>114.1</ele><time>2026-07-27T15:43:19Z</time></trkpt><trkpt lat="58.132052" lon="38.58706"><ele>114.4</ele><time>2026-07-27T15:43:23Z</time></trkpt><trkpt lat="58.13203" lon="38.587215"><ele>114.7</ele><time>2026-07-27T15:43:26Z</time></trkpt><trkpt lat="58.132" lon="38.58738"><ele>113.7</ele><time>2026-07-27T15:43:30Z</time></trkpt><trkpt lat="58.13195" lon="38.587505"><ele>113.7</ele><time>2026-07-27T15:43:33Z</time></trkpt><trkpt lat="58.131887" lon="38.587602"><ele>114.1</ele><time>2026-07-27T15:43:37Z</time></trkpt><trkpt lat="58.131817" lon="38.58764"><ele>114.1</ele><time>2026-07-27T15:43:41Z</time></trkpt><trkpt lat="58.131735" lon="38.587577"><ele>114.9</ele><time>2026-07-27T15:43:46Z</time></trkpt><trkpt lat="58.131645" lon="38.587577"><ele>115.1</ele><time>2026-07-27T15:43:51Z</time></trkpt><trkpt lat="58.131587" lon="38.587677"><ele>114.6</ele><time>2026-07-27T15:43:55Z</time></trkpt><trkpt lat="58.131523" lon="38.587787"><ele>114.3</ele><time>2026-07-27T15:43:59Z</time></trkpt><trkpt lat="58.13146" lon="38.587918"><ele>114.9</ele><time>2026-07-27T15:44:03Z</time></trkpt><trkpt lat="58.131415" lon="38.588085"><ele>114.4</ele><time>2026-07-27T15:44:07Z</time></trkpt><trkpt lat="58.131375" lon="38.588225"><ele>114.1</ele><time>2026-07-27T15:44:10Z</time></trkpt><trkpt lat="58.13131" lon="38.58834"><ele>112.8</ele><time>2026-07-27T15:44:14Z</time></trkpt><trkpt lat="58.131227" lon="38.58842"><ele>112.4</ele><time>2026-07-27T15:44:18Z</time></trkpt><trkpt lat="58.131147" lon="38.588523"><ele>112.9</ele><time>2026-07-27T15:44:22Z</time></trkpt><trkpt lat="58.13109" lon="38.588642"><ele>112.4</ele><time>2026-07-27T15:44:25Z</time></trkpt><trkpt lat="58.13103" lon="38.58878"><ele>111.6</ele><time>2026-07-27T15:44:29Z</time></trkpt><trkpt lat="58.130977" lon="38.588887"><ele>112.1</ele><time>2026-07-27T15:44:32Z</time></trkpt><trkpt lat="58.130915" lon="38.588972"><ele>111.9</ele><time>2026-07-27T15:44:35Z</time></trkpt><trkpt lat="58.130855" lon="38.58905"><ele>112.0</ele><time>2026-07-27T15:44:38Z</time></trkpt><trkpt lat="58.130795" lon="38.589165"><ele>112.0</ele><time>2026-07-27T15:44:41Z</time></trkpt><trkpt lat="58.130747" lon="38.589265"><ele>112.8</ele><time>2026-07-27T15:44:44Z</time></trkpt><trkpt lat="58.13067" lon="38.589365"><ele>113.2</ele><time>2026-07-27T15:44:48Z</time></trkpt><trkpt lat="58.130605" lon="38.589445"><ele>113.4</ele><time>2026-07-27T15:44:51Z</time></trkpt><trkpt lat="58.130535" lon="38.589555"><ele>113.5</ele><time>2026-07-27T15:44:55Z</time></trkpt><trkpt lat="58.130485" lon="38.589675"><ele>112.8</ele><time>2026-07-27T15:44:58Z</time></trkpt><trkpt lat="58.130422" lon="38.58981"><ele>113.5</ele><time>2026-07-27T15:45:02Z</time></trkpt><trkpt lat="58.130365" lon="38.589905"><ele>113.5</ele><time>2026-07-27T15:45:05Z</time></trkpt><trkpt lat="58.130307" lon="38.59"><ele>114.0</ele><time>2026-07-27T15:45:08Z</time></trkpt><trkpt lat="58.130255" lon="38.590102"><ele>114.4</ele><time>2026-07-27T15:45:11Z</time></trkpt><trkpt lat="58.130212" lon="38.590225"><ele>114.6</ele><time>2026-07-27T15:45:14Z</time></trkpt><trkpt lat="58.130175" lon="38.59035"><ele>114.2</ele><time>2026-07-27T15:45:17Z</time></trkpt><trkpt lat="58.130135" lon="38.590465"><ele>114.5</ele><time>2026-07-27T15:45:20Z</time></trkpt><trkpt lat="58.130085" lon="38.59057"><ele>113.4</ele><time>2026-07-27T15:45:23Z</time></trkpt><trkpt lat="58.130025" lon="38.59066"><ele>113.6</ele><time>2026-07-27T15:45:26Z</time></trkpt><trkpt lat="58.129962" lon="38.590745"><ele>114.3</ele><time>2026-07-27T15:45:29Z</time></trkpt><trkpt lat="58.12991" lon="38.59085"><ele>113.8</ele><time>2026-07-27T15:45:32Z</time></trkpt><trkpt lat="58.12986" lon="38.590957"><ele>113.8</ele><time>2026-07-27T15:45:35Z</time></trkpt><trkpt lat="58.129805" lon="38.591047"><ele>114.1</ele><time>2026-07-27T15:45:38Z</time></trkpt><trkpt lat="58.12975" lon="38.591135"><ele>114.5</ele><time>2026-07-27T15:45:41Z</time></trkpt><trkpt lat="58.129685" lon="38.591205"><ele>114.6</ele><time>2026-07-27T15:45:44Z</time></trkpt><trkpt lat="58.129622" lon="38.59127"><ele>115.1</ele><time>2026-07-27T15:45:47Z</time></trkpt><trkpt lat="58.129565" lon="38.591355"><ele>115.4</ele><time>2026-07-27T15:45:50Z</time></trkpt><trkpt lat="58.129507" lon="38.591465"><ele>115.2</ele><time>2026-07-27T15:45:53Z</time></trkpt><trkpt lat="58.129462" lon="38.591585"><ele>114.7</ele><time>2026-07-27T15:45:56Z</time></trkpt><trkpt lat="58.12942" lon="38.591702"><ele>114.9</ele><time>2026-07-27T15:45:59Z</time></trkpt><trkpt lat="58.12937" lon="38.591825"><ele>115.1</ele><time>2026-07-27T15:46:02Z</time></trkpt><trkpt lat="58.129323" lon="38.591927"><ele>115.0</ele><time>2026-07-27T15:46:05Z</time></trkpt><trkpt lat="58.12927" lon="38.59202"><ele>114.5</ele><time>2026-07-27T15:46:08Z</time></trkpt><trkpt lat="58.12921" lon="38.592127"><ele>114.5</ele><time>2026-07-27T15:46:11Z</time></trkpt><trkpt lat="58.12916" lon="38.59223"><ele>115.0</ele><time>2026-07-27T15:46:14Z</time></trkpt><trkpt lat="58.129082" lon="38.592335"><ele>114.8</ele><time>2026-07-27T15:46:18Z</time></trkpt><trkpt lat="58.129013" lon="38.59243"><ele>115.3</ele><time>2026-07-27T15:46:21Z</time></trkpt><trkpt lat="58.128955" lon="38.59252"><ele>115.4</ele><time>2026-07-27T15:46:24Z</time></trkpt><trkpt lat="58.128895" lon="38.59261"><ele>115.5</ele><time>2026-07-27T15:46:27Z</time></trkpt><trkpt lat="58.128842" lon="38.592725"><ele>115.3</ele><time>2026-07-27T15:46:30Z</time></trkpt><trkpt lat="58.128792" lon="38.592842"><ele>115.6</ele><time>2026-07-27T15:46:33Z</time></trkpt><trkpt lat="58.128727" lon="38.59297"><ele>115.6</ele><time>2026-07-27T15:46:37Z</time></trkpt><trkpt lat="58.128665" lon="38.593065"><ele>115.5</ele><time>2026-07-27T15:46:40Z</time></trkpt><trkpt lat="58.1286" lon="38.593132"><ele>115.8</ele><time>2026-07-27T15:46:43Z</time></trkpt><trkpt lat="58.12853" lon="38.59316"><ele>116.0</ele><time>2026-07-27T15:46:46Z</time></trkpt><trkpt lat="58.128452" lon="38.593165"><ele>116.5</ele><time>2026-07-27T15:46:49Z</time></trkpt><trkpt lat="58.12838" lon="38.593155"><ele>116.4</ele><time>2026-07-27T15:46:52Z</time></trkpt><trkpt lat="58.128302" lon="38.59315"><ele>116.3</ele><time>2026-07-27T15:46:55Z</time></trkpt><trkpt lat="58.12821" lon="38.593185"><ele>116.0</ele><time>2026-07-27T15:46:59Z</time></trkpt><trkpt lat="58.128135" lon="38.593245"><ele>115.7</ele><time>2026-07-27T15:47:02Z</time></trkpt><trkpt lat="58.128067" lon="38.593327"><ele>115.3</ele><time>2026-07-27T15:47:05Z</time></trkpt><trkpt lat="58.128002" lon="38.593395"><ele>115.3</ele><time>2026-07-27T15:47:08Z</time></trkpt><trkpt lat="58.127935" lon="38.593475"><ele>115.1</ele><time>2026-07-27T15:47:11Z</time></trkpt><trkpt lat="58.127885" lon="38.593572"><ele>115.1</ele><time>2026-07-27T15:47:14Z</time></trkpt><trkpt lat="58.127835" lon="38.593673"><ele>115.1</ele><time>2026-07-27T15:47:17Z</time></trkpt><trkpt lat="58.127777" lon="38.59378"><ele>115.2</ele><time>2026-07-27T15:47:20Z</time></trkpt><trkpt lat="58.127715" lon="38.59386"><ele>115.2</ele><time>2026-07-27T15:47:23Z</time></trkpt><trkpt lat="58.12764" lon="38.593967"><ele>114.9</ele><time>2026-07-27T15:47:27Z</time></trkpt><trkpt lat="58.127583" lon="38.594087"><ele>115.0</ele><time>2026-07-27T15:47:30Z</time></trkpt><trkpt lat="58.12754" lon="38.594208"><ele>115.0</ele><time>2026-07-27T15:47:33Z</time></trkpt><trkpt lat="58.12751" lon="38.594335"><ele>115.0</ele><time>2026-07-27T15:47:36Z</time></trkpt><trkpt lat="58.127475" lon="38.594475"><ele>114.8</ele><time>2026-07-27T15:47:39Z</time></trkpt><trkpt lat="58.127427" lon="38.594582"><ele>114.8</ele><time>2026-07-27T15:47:42Z</time></trkpt><trkpt lat="58.12737" lon="38.594672"><ele>114.8</ele><time>2026-07-27T15:47:45Z</time></trkpt><trkpt lat="58.127307" lon="38.594765"><ele>114.6</ele><time>2026-07-27T15:47:48Z</time></trkpt><trkpt lat="58.12725" lon="38.594855"><ele>114.4</ele><time>2026-07-27T15:47:51Z</time></trkpt><trkpt lat="58.127195" lon="38.594945"><ele>114.5</ele><time>2026-07-27T15:47:54Z</time></trkpt><trkpt lat="58.127135" lon="38.59505"><ele>114.6</ele><time>2026-07-27T15:47:57Z</time></trkpt><trkpt lat="58.12708" lon="38.595165"><ele>114.4</ele><time>2026-07-27T15:48:00Z</time></trkpt><trkpt lat="58.127027" lon="38.59527"><ele>114.4</ele><time>2026-07-27T15:48:03Z</time></trkpt><trkpt lat="58.12696" lon="38.595407"><ele>114.4</ele><time>2026-07-27T15:48:07Z</time></trkpt><trkpt lat="58.12692" lon="38.595542"><ele>114.8</ele><time>2026-07-27T15:48:10Z</time></trkpt><trkpt lat="58.126887" lon="38.595685"><ele>116.1</ele><time>2026-07-27T15:48:13Z</time></trkpt><trkpt lat="58.126832" lon="38.595825"><ele>116.4</ele><time>2026-07-27T15:48:17Z</time></trkpt><trkpt lat="58.126752" lon="38.595915"><ele>115.6</ele><time>2026-07-27T15:48:21Z</time></trkpt><trkpt lat="58.126682" lon="38.595947"><ele>115.7</ele><time>2026-07-27T15:48:24Z</time></trkpt><trkpt lat="58.12661" lon="38.595975"><ele>116.3</ele><time>2026-07-27T15:48:27Z</time></trkpt><trkpt lat="58.126535" lon="38.596032"><ele>116.2</ele><time>2026-07-27T15:48:30Z</time></trkpt><trkpt lat="58.126457" lon="38.59614"><ele>116.1</ele><time>2026-07-27T15:48:34Z</time></trkpt><trkpt lat="58.126405" lon="38.596242"><ele>116.2</ele><time>2026-07-27T15:48:37Z</time></trkpt><trkpt lat="58.126342" lon="38.59632"><ele>116.3</ele><time>2026-07-27T15:48:40Z</time></trkpt><trkpt lat="58.12627" lon="38.596352"><ele>115.8</ele><time>2026-07-27T15:48:43Z</time></trkpt><trkpt lat="58.12619" lon="38.596375"><ele>115.8</ele><time>2026-07-27T15:48:46Z</time></trkpt><trkpt lat="58.126115" lon="38.596398"><ele>115.8</ele><time>2026-07-27T15:48:49Z</time></trkpt><trkpt lat="58.126042" lon="38.59645"><ele>116.1</ele><time>2026-07-27T15:48:52Z</time></trkpt><trkpt lat="58.125975" lon="38.596515"><ele>116.3</ele><time>2026-07-27T15:48:55Z</time></trkpt><trkpt lat="58.125905" lon="38.596567"><ele>116.4</ele><time>2026-07-27T15:48:58Z</time></trkpt><trkpt lat="58.125832" lon="38.596628"><ele>116.3</ele><time>2026-07-27T15:49:01Z</time></trkpt><trkpt lat="58.125763" lon="38.59667"><ele>115.7</ele><time>2026-07-27T15:49:04Z</time></trkpt><trkpt lat="58.12569" lon="38.596705"><ele>116.1</ele><time>2026-07-27T15:49:07Z</time></trkpt><trkpt lat="58.125608" lon="38.596745"><ele>116.3</ele><time>2026-07-27T15:49:10Z</time></trkpt><trkpt lat="58.12552" lon="38.5968"><ele>116.4</ele><time>2026-07-27T15:49:14Z</time></trkpt><trkpt lat="58.125445" lon="38.59686"><ele>116.6</ele><time>2026-07-27T15:49:17Z</time></trkpt><trkpt lat="58.125372" lon="38.5969"><ele>116.2</ele><time>2026-07-27T15:49:20Z</time></trkpt><trkpt lat="58.125297" lon="38.596925"><ele>116.4</ele><time>2026-07-27T15:49:23Z</time></trkpt><trkpt lat="58.125227" lon="38.596965"><ele>116.2</ele><time>2026-07-27T15:49:26Z</time></trkpt><trkpt lat="58.125157" lon="38.597023"><ele>116.4</ele><time>2026-07-27T15:49:29Z</time></trkpt><trkpt lat="58.125085" lon="38.59707"><ele>116.2</ele><time>2026-07-27T15:49:32Z</time></trkpt><trkpt lat="58.125017" lon="38.59712"><ele>116.4</ele><time>2026-07-27T15:49:35Z</time></trkpt><trkpt lat="58.124947" lon="38.597195"><ele>116.6</ele><time>2026-07-27T15:49:38Z</time></trkpt><trkpt lat="58.12486" lon="38.59727"><ele>116.6</ele><time>2026-07-27T15:49:42Z</time></trkpt><trkpt lat="58.12479" lon="38.59733"><ele>116.5</ele><time>2026-07-27T15:49:45Z</time></trkpt><trkpt lat="58.12472" lon="38.597402"><ele>116.7</ele><time>2026-07-27T15:49:48Z</time></trkpt><trkpt lat="58.124657" lon="38.597473"><ele>116.4</ele><time>2026-07-27T15:49:51Z</time></trkpt><trkpt lat="58.124595" lon="38.597565"><ele>116.2</ele><time>2026-07-27T15:49:54Z</time></trkpt><trkpt lat="58.124538" lon="38.597675"><ele>116.1</ele><time>2026-07-27T15:49:57Z</time></trkpt><trkpt lat="58.124485" lon="38.597775"><ele>116.0</ele><time>2026-07-27T15:50:00Z</time></trkpt><trkpt lat="58.12441" lon="38.59786"><ele>116.0</ele><time>2026-07-27T15:50:04Z</time></trkpt><trkpt lat="58.124342" lon="38.597922"><ele>116.4</ele><time>2026-07-27T15:50:07Z</time></trkpt><trkpt lat="58.124272" lon="38.597975"><ele>116.6</ele><time>2026-07-27T15:50:10Z</time></trkpt><trkpt lat="58.124182" lon="38.598015"><ele>116.5</ele><time>2026-07-27T15:50:14Z</time></trkpt><trkpt lat="58.124105" lon="38.59805"><ele>116.0</ele><time>2026-07-27T15:50:17Z</time></trkpt><trkpt lat="58.124032" lon="38.59808"><ele>115.9</ele><time>2026-07-27T15:50:20Z</time></trkpt><trkpt lat="58.123965" lon="38.598125"><ele>115.8</ele><time>2026-07-27T15:50:23Z</time></trkpt><trkpt lat="58.123895" lon="38.598175"><ele>115.5</ele><time>2026-07-27T15:50:26Z</time></trkpt><trkpt lat="58.123825" lon="38.59821"><ele>115.4</ele><time>2026-07-27T15:50:29Z</time></trkpt><trkpt lat="58.123752" lon="38.598232"><ele>115.5</ele><time>2026-07-27T15:50:32Z</time></trkpt><trkpt lat="58.123655" lon="38.598245"><ele>115.4</ele><time>2026-07-27T15:50:36Z</time></trkpt><trkpt lat="58.123582" lon="38.598262"><ele>115.4</ele><time>2026-07-27T15:50:39Z</time></trkpt><trkpt lat="58.12351" lon="38.598295"><ele>115.5</ele><time>2026-07-27T15:50:42Z</time></trkpt><trkpt lat="58.12344" lon="38.59834"><ele>115.4</ele><time>2026-07-27T15:50:45Z</time></trkpt><trkpt lat="58.12337" lon="38.59838"><ele>115.5</ele><time>2026-07-27T15:50:48Z</time></trkpt><trkpt lat="58.123297" lon="38.59841"><ele>115.8</ele><time>2026-07-27T15:50:51Z</time></trkpt><trkpt lat="58.123225" lon="38.598455"><ele>116.3</ele><time>2026-07-27T15:50:54Z</time></trkpt><trkpt lat="58.12313" lon="38.598505"><ele>116.3</ele><time>2026-07-27T15:50:58Z</time></trkpt><trkpt lat="58.12306" lon="38.59856"><ele>116.3</ele><time>2026-07-27T15:51:01Z</time></trkpt><trkpt lat="58.122995" lon="38.598612"><ele>116.4</ele><time>2026-07-27T15:51:04Z</time></trkpt><trkpt lat="58.122925" lon="38.59866"><ele>116.8</ele><time>2026-07-27T15:51:07Z</time></trkpt><trkpt lat="58.122855" lon="38.59871"><ele>116.8</ele><time>2026-07-27T15:51:10Z</time></trkpt><trkpt lat="58.122785" lon="38.598765"><ele>116.8</ele><time>2026-07-27T15:51:13Z</time></trkpt><trkpt lat="58.12271" lon="38.598802"><ele>117.0</ele><time>2026-07-27T15:51:16Z</time></trkpt><trkpt lat="58.122615" lon="38.59881"><ele>117.0</ele><time>2026-07-27T15:51:20Z</time></trkpt><trkpt lat="58.12254" lon="38.598815"><ele>116.8</ele><time>2026-07-27T15:51:23Z</time></trkpt><trkpt lat="58.12247" lon="38.598835"><ele>116.6</ele><time>2026-07-27T15:51:26Z</time></trkpt><trkpt lat="58.122397" lon="38.598875"><ele>116.4</ele><time>2026-07-27T15:51:29Z</time></trkpt><trkpt lat="58.12233" lon="38.598925"><ele>116.0</ele><time>2026-07-27T15:51:32Z</time></trkpt><trkpt lat="58.122265" lon="38.598985"><ele>116.1</ele><time>2026-07-27T15:51:35Z</time></trkpt><trkpt lat="58.1222" lon="38.599055"><ele>116.1</ele><time>2026-07-27T15:51:38Z</time></trkpt><trkpt lat="58.122132" lon="38.599122"><ele>115.9</ele><time>2026-07-27T15:51:41Z</time></trkpt><trkpt lat="58.122065" lon="38.59917"><ele>115.9</ele><time>2026-07-27T15:51:44Z</time></trkpt><trkpt lat="58.12199" lon="38.599195"><ele>115.7</ele><time>2026-07-27T15:51:47Z</time></trkpt><trkpt lat="58.12192" lon="38.59924"><ele>115.8</ele><time>2026-07-27T15:51:50Z</time></trkpt><trkpt lat="58.121845" lon="38.599353"><ele>115.5</ele><time>2026-07-27T15:51:54Z</time></trkpt><trkpt lat="58.121795" lon="38.599455"><ele>115.4</ele><time>2026-07-27T15:51:57Z</time></trkpt><trkpt lat="58.121715" lon="38.599555"><ele>115.5</ele><time>2026-07-27T15:52:01Z</time></trkpt><trkpt lat="58.121655" lon="38.59965"><ele>115.5</ele><time>2026-07-27T15:52:04Z</time></trkpt><trkpt lat="58.12161" lon="38.599755"><ele>115.5</ele><time>2026-07-27T15:52:07Z</time></trkpt><trkpt lat="58.12157" lon="38.599875"><ele>115.2</ele><time>2026-07-27T15:52:10Z</time></trkpt><trkpt lat="58.121537" lon="38.60001"><ele>115.1</ele><time>2026-07-27T15:52:13Z</time></trkpt><trkpt lat="58.12151" lon="38.600155"><ele>115.1</ele><time>2026-07-27T15:52:16Z</time></trkpt><trkpt lat="58.12148" lon="38.60029"><ele>115.0</ele><time>2026-07-27T15:52:19Z</time></trkpt><trkpt lat="58.121447" lon="38.60042"><ele>114.9</ele><time>2026-07-27T15:52:22Z</time></trkpt><trkpt lat="58.12143" lon="38.600557"><ele>114.8</ele><time>2026-07-27T15:52:25Z</time></trkpt><trkpt lat="58.121432" lon="38.600705"><ele>114.8</ele><time>2026-07-27T15:52:28Z</time></trkpt><trkpt lat="58.121445" lon="38.60085"><ele>114.6</ele><time>2026-07-27T15:52:31Z</time></trkpt><trkpt lat="58.12146" lon="38.600995"><ele>114.7</ele><time>2026-07-27T15:52:34Z</time></trkpt><trkpt lat="58.121475" lon="38.601135"><ele>114.7</ele><time>2026-07-27T15:52:37Z</time></trkpt><trkpt lat="58.121495" lon="38.60128"><ele>114.8</ele><time>2026-07-27T15:52:40Z</time></trkpt><trkpt lat="58.121518" lon="38.601417"><ele>114.6</ele><time>2026-07-27T15:52:43Z</time></trkpt><trkpt lat="58.12155" lon="38.601552"><ele>114.5</ele><time>2026-07-27T15:52:46Z</time></trkpt><trkpt lat="58.121583" lon="38.60169"><ele>114.5</ele><time>2026-07-27T15:52:49Z</time></trkpt><trkpt lat="58.121612" lon="38.60182"><ele>114.2</ele><time>2026-07-27T15:52:52Z</time></trkpt><trkpt lat="58.121637" lon="38.60196"><ele>114.5</ele><time>2026-07-27T15:52:55Z</time></trkpt><trkpt lat="58.12166" lon="38.6021"><ele>114.1</ele><time>2026-07-27T15:52:58Z</time></trkpt><trkpt lat="58.121677" lon="38.602235"><ele>114.1</ele><time>2026-07-27T15:53:01Z</time></trkpt><trkpt lat="58.121695" lon="38.602382"><ele>114.1</ele><time>2026-07-27T15:53:04Z</time></trkpt><trkpt lat="58.12172" lon="38.60252"><ele>114.4</ele><time>2026-07-27T15:53:07Z</time></trkpt><trkpt lat="58.121747" lon="38.602655"><ele>114.2</ele><time>2026-07-27T15:53:10Z</time></trkpt><trkpt lat="58.12177" lon="38.602797"><ele>114.4</ele><time>2026-07-27T15:53:13Z</time></trkpt><trkpt lat="58.12179" lon="38.60294"><ele>114.5</ele><time>2026-07-27T15:53:16Z</time></trkpt><trkpt lat="58.12181" lon="38.603073"><ele>114.5</ele><time>2026-07-27T15:53:19Z</time></trkpt><trkpt lat="58.121823" lon="38.60322"><ele>114.9</ele><time>2026-07-27T15:53:22Z</time></trkpt><trkpt lat="58.121835" lon="38.603367"><ele>114.6</ele><time>2026-07-27T15:53:25Z</time></trkpt><trkpt lat="58.121845" lon="38.603515"><ele>114.6</ele><time>2026-07-27T15:53:28Z</time></trkpt><trkpt lat="58.121855" lon="38.603655"><ele>114.6</ele><time>2026-07-27T15:53:31Z</time></trkpt><trkpt lat="58.121875" lon="38.603795"><ele>115.0</ele><time>2026-07-27T15:53:34Z</time></trkpt><trkpt lat="58.121897" lon="38.60393"><ele>114.9</ele><time>2026-07-27T15:53:37Z</time></trkpt><trkpt lat="58.12192" lon="38.60407"><ele>115.2</ele><time>2026-07-27T15:53:40Z</time></trkpt><trkpt lat="58.12194" lon="38.60421"><ele>115.3</ele><time>2026-07-27T15:53:43Z</time></trkpt><trkpt lat="58.12195" lon="38.60435"><ele>115.5</ele><time>2026-07-27T15:53:46Z</time></trkpt><trkpt lat="58.12196" lon="38.604492"><ele>115.3</ele><time>2026-07-27T15:53:49Z</time></trkpt><trkpt lat="58.121967" lon="38.60464"><ele>115.5</ele><time>2026-07-27T15:53:52Z</time></trkpt><trkpt lat="58.121975" lon="38.604782"><ele>115.6</ele><time>2026-07-27T15:53:55Z</time></trkpt><trkpt lat="58.121977" lon="38.604925"><ele>115.5</ele><time>2026-07-27T15:53:58Z</time></trkpt><trkpt lat="58.121977" lon="38.60508"><ele>116.2</ele><time>2026-07-27T15:54:01Z</time></trkpt><trkpt lat="58.121975" lon="38.605222"><ele>115.7</ele><time>2026-07-27T15:54:04Z</time></trkpt><trkpt lat="58.121975" lon="38.605365"><ele>115.4</ele><time>2026-07-27T15:54:07Z</time></trkpt><trkpt lat="58.121977" lon="38.605515"><ele>115.2</ele><time>2026-07-27T15:54:10Z</time></trkpt><trkpt lat="58.121987" lon="38.60566"><ele>114.9</ele><time>2026-07-27T15:54:13Z</time></trkpt><trkpt lat="58.121995" lon="38.6058"><ele>113.5</ele><time>2026-07-27T15:54:16Z</time></trkpt><trkpt lat="58.122" lon="38.605942"><ele>114.3</ele><time>2026-07-27T15:54:19Z</time></trkpt><trkpt lat="58.122" lon="38.606085"><ele>114.7</ele><time>2026-07-27T15:54:22Z</time></trkpt><trkpt lat="58.122" lon="38.60623"><ele>115.1</ele><time>2026-07-27T15:54:25Z</time></trkpt><trkpt lat="58.12199" lon="38.60637"><ele>115.2</ele><time>2026-07-27T15:54:28Z</time></trkpt><trkpt lat="58.121982" lon="38.606515"><ele>115.3</ele><time>2026-07-27T15:54:31Z</time></trkpt><trkpt lat="58.121977" lon="38.606665"><ele>115.1</ele><time>2026-07-27T15:54:34Z</time></trkpt><trkpt lat="58.121972" lon="38.606845"><ele>115.9</ele><time>2026-07-27T15:54:38Z</time></trkpt><trkpt lat="58.121967" lon="38.606985"><ele>116.2</ele><time>2026-07-27T15:54:41Z</time></trkpt><trkpt lat="58.121965" lon="38.607127"><ele>116.0</ele><time>2026-07-27T15:54:44Z</time></trkpt><trkpt lat="58.12196" lon="38.60727"><ele>116.2</ele><time>2026-07-27T15:54:47Z</time></trkpt><trkpt lat="58.121952" lon="38.607415"><ele>115.9</ele><time>2026-07-27T15:54:50Z</time></trkpt><trkpt lat="58.12194" lon="38.607555"><ele>115.3</ele><time>2026-07-27T15:54:53Z</time></trkpt><trkpt lat="58.121935" lon="38.607697"><ele>115.3</ele><time>2026-07-27T15:54:56Z</time></trkpt><trkpt lat="58.121925" lon="38.60784"><ele>115.3</ele><time>2026-07-27T15:54:59Z</time></trkpt><trkpt lat="58.12191" lon="38.60798"><ele>115.0</ele><time>2026-07-27T15:55:02Z</time></trkpt><trkpt lat="58.121898" lon="38.60812"><ele>115.1</ele><time>2026-07-27T15:55:05Z</time></trkpt><trkpt lat="58.121897" lon="38.60826"><ele>115.2</ele><time>2026-07-27T15:55:08Z</time></trkpt><trkpt lat="58.121892" lon="38.608395"><ele>114.9</ele><time>2026-07-27T15:55:11Z</time></trkpt><trkpt lat="58.121885" lon="38.60854"><ele>114.5</ele><time>2026-07-27T15:55:14Z</time></trkpt><trkpt lat="58.121875" lon="38.608677"><ele>114.6</ele><time>2026-07-27T15:55:17Z</time></trkpt><trkpt lat="58.121865" lon="38.60882"><ele>114.6</ele><time>2026-07-27T15:55:20Z</time></trkpt><trkpt lat="58.121855" lon="38.608965"><ele>114.4</ele><time>2026-07-27T15:55:23Z</time></trkpt><trkpt lat="58.121845" lon="38.609107"><ele>114.6</ele><time>2026-07-27T15:55:26Z</time></trkpt><trkpt lat="58.12184" lon="38.60925"><ele>114.6</ele><time>2026-07-27T15:55:29Z</time></trkpt><trkpt lat="58.12184" lon="38.609392"><ele>114.4</ele><time>2026-07-27T15:55:32Z</time></trkpt><trkpt lat="58.12184" lon="38.609535"><ele>114.5</ele><time>2026-07-27T15:55:35Z</time></trkpt><trkpt lat="58.121835" lon="38.60968"><ele>115.0</ele><time>2026-07-27T15:55:38Z</time></trkpt><trkpt lat="58.12182" lon="38.60982"><ele>114.9</ele><time>2026-07-27T15:55:41Z</time></trkpt><trkpt lat="58.1218" lon="38.60996"><ele>114.9</ele><time>2026-07-27T15:55:44Z</time></trkpt><trkpt lat="58.121777" lon="38.610095"><ele>115.0</ele><time>2026-07-27T15:55:47Z</time></trkpt><trkpt lat="58.121755" lon="38.610232"><ele>115.1</ele><time>2026-07-27T15:55:50Z</time></trkpt><trkpt lat="58.121732" lon="38.610375"><ele>115.2</ele><time>2026-07-27T15:55:53Z</time></trkpt><trkpt lat="58.121715" lon="38.610515"><ele>115.0</ele><time>2026-07-27T15:55:56Z</time></trkpt><trkpt lat="58.1217" lon="38.610695"><ele>115.8</ele><time>2026-07-27T15:56:00Z</time></trkpt><trkpt lat="58.121672" lon="38.610867"><ele>115.9</ele><time>2026-07-27T15:56:04Z</time></trkpt><trkpt lat="58.121642" lon="38.610995"><ele>116.5</ele><time>2026-07-27T15:56:07Z</time></trkpt><trkpt lat="58.12161" lon="38.611125"><ele>116.7</ele><time>2026-07-27T15:56:10Z</time></trkpt><trkpt lat="58.121582" lon="38.61126"><ele>116.7</ele><time>2026-07-27T15:56:13Z</time></trkpt><trkpt lat="58.121567" lon="38.6114"><ele>116.7</ele><time>2026-07-27T15:56:16Z</time></trkpt><trkpt lat="58.12155" lon="38.611537"><ele>116.7</ele><time>2026-07-27T15:56:19Z</time></trkpt><trkpt lat="58.121518" lon="38.611675"><ele>116.4</ele><time>2026-07-27T15:56:22Z</time></trkpt><trkpt lat="58.1215" lon="38.61181"><ele>116.2</ele><time>2026-07-27T15:56:25Z</time></trkpt><trkpt lat="58.12148" lon="38.611955"><ele>116.3</ele><time>2026-07-27T15:56:28Z</time></trkpt><trkpt lat="58.12146" lon="38.612088"><ele>116.3</ele><time>2026-07-27T15:56:31Z</time></trkpt><trkpt lat="58.121432" lon="38.61222"><ele>116.3</ele><time>2026-07-27T15:56:34Z</time></trkpt><trkpt lat="58.1214" lon="38.61235"><ele>116.0</ele><time>2026-07-27T15:56:37Z</time></trkpt><trkpt lat="58.12137" lon="38.612477"><ele>116.4</ele><time>2026-07-27T15:56:40Z</time></trkpt><trkpt lat="58.12134" lon="38.612605"><ele>116.4</ele><time>2026-07-27T15:56:43Z</time></trkpt><trkpt lat="58.121305" lon="38.612727"><ele>116.5</ele><time>2026-07-27T15:56:46Z</time></trkpt><trkpt lat="58.12126" lon="38.612835"><ele>116.1</ele><time>2026-07-27T15:56:49Z</time></trkpt><trkpt lat="58.121208" lon="38.612937"><ele>116.0</ele><time>2026-07-27T15:56:52Z</time></trkpt><trkpt lat="58.121157" lon="38.613042"><ele>115.5</ele><time>2026-07-27T15:56:55Z</time></trkpt><trkpt lat="58.12111" lon="38.613155"><ele>115.1</ele><time>2026-07-27T15:56:58Z</time></trkpt><trkpt lat="58.121057" lon="38.61326"><ele>115.6</ele><time>2026-07-27T15:57:01Z</time></trkpt><trkpt lat="58.120997" lon="38.613352"><ele>116.1</ele><time>2026-07-27T15:57:04Z</time></trkpt><trkpt lat="58.12094" lon="38.61345"><ele>116.1</ele><time>2026-07-27T15:57:07Z</time></trkpt><trkpt lat="58.120885" lon="38.61355"><ele>116.2</ele><time>2026-07-27T15:57:10Z</time></trkpt><trkpt lat="58.120825" lon="38.613642"><ele>116.3</ele><time>2026-07-27T15:57:13Z</time></trkpt><trkpt lat="58.120765" lon="38.613735"><ele>116.3</ele><time>2026-07-27T15:57:16Z</time></trkpt><trkpt lat="58.120705" lon="38.61382"><ele>116.3</ele><time>2026-07-27T15:57:19Z</time></trkpt><trkpt lat="58.120645" lon="38.6139"><ele>116.2</ele><time>2026-07-27T15:57:22Z</time></trkpt><trkpt lat="58.120582" lon="38.61399"><ele>116.4</ele><time>2026-07-27T15:57:25Z</time></trkpt><trkpt lat="58.120525" lon="38.61408"><ele>116.7</ele><time>2026-07-27T15:57:28Z</time></trkpt><trkpt lat="58.120465" lon="38.614177"><ele>116.4</ele><time>2026-07-27T15:57:31Z</time></trkpt><trkpt lat="58.12041" lon="38.61427"><ele>116.4</ele><time>2026-07-27T15:57:34Z</time></trkpt><trkpt lat="58.12035" lon="38.614357"><ele>117.1</ele><time>2026-07-27T15:57:37Z</time></trkpt><trkpt lat="58.12028" lon="38.614467"><ele>116.5</ele><time>2026-07-27T15:57:41Z</time></trkpt><trkpt lat="58.120222" lon="38.61456"><ele>116.4</ele><time>2026-07-27T15:57:45Z</time></trkpt><trkpt lat="58.12015" lon="38.61464"><ele>116.4</ele><time>2026-07-27T15:57:50Z</time></trkpt><trkpt lat="58.120085" lon="38.614735"><ele>116.8</ele><time>2026-07-27T15:57:55Z</time></trkpt><trkpt lat="58.12002" lon="38.614835"><ele>116.1</ele><time>2026-07-27T15:58:00Z</time></trkpt><trkpt lat="58.11995" lon="38.614907"><ele>116.5</ele><time>2026-07-27T15:58:06Z</time></trkpt><trkpt lat="58.119905" lon="38.614975"><ele>115.8</ele><time>2026-07-27T15:58:13Z</time></trkpt><trkpt lat="58.119907" lon="38.614975"><ele>115.8</ele><time>2026-07-27T15:58:19Z</time></trkpt><trkpt lat="58.119885" lon="38.61502"><ele>115.3</ele><time>2026-07-27T15:58:33Z</time></trkpt><trkpt lat="58.119875" lon="38.615042"><ele>117.0</ele><time>2026-07-27T15:58:40Z</time></trkpt><trkpt lat="58.119857" lon="38.615075"><ele>117.3</ele><time>2026-07-27T15:58:47Z</time></trkpt></trkseg></trk></gpx>